time[s],drone0_posx[m],drone0_posy[m],drone0_posz[m],drone0_velx[m/s],drone0_vely[m/s],drone0_velz[m/s],drone1_posx[m],drone1_posy[m],drone1_posz[m],drone1_velx[m/s],drone1_vely[m/s],drone1_velz[m/s],drone2_posx[m],drone2_posy[m],drone2_posz[m],drone2_velx[m/s],drone2_vely[m/s],drone2_velz[m/s],drone3_posx[m],drone3_posy[m],drone3_posz[m],drone3_velx[m/s],drone3_vely[m/s],drone3_velz[m/s],drone4_posx[m],drone4_posy[m],drone4_posz[m],drone4_velx[m/s],drone4_vely[m/s],drone4_velz[m/s]
0.000000,0.034705,-0.002077,0.996640,-0.101874,0.101501,0.056738,0.738048,0.341140,0.991113,-0.257961,0.056345,0.047315,0.700608,-0.385783,0.998079,0.009539,0.255506,0.055195,-0.709401,0.396584,1.003443,0.048135,-0.306393,0.010305,-0.757576,-0.349417,0.989732,0.363244,-0.039258,0.044049
0.020000,0.032667,-0.000047,0.997775,-0.101957,0.101504,0.056750,0.732888,0.342267,0.992059,-0.258036,0.056365,0.047331,0.700799,-0.380672,0.999183,0.009548,0.255586,0.055208,-0.708439,0.390456,1.003649,0.048154,-0.306484,0.010307,-0.750310,-0.350202,0.990613,0.363351,-0.039259,0.044065
0.040000,0.030625,0.001983,0.998910,-0.102204,0.101513,0.056785,0.727725,0.343395,0.993006,-0.258263,0.056427,0.047380,0.700990,-0.375558,1.000288,0.009575,0.255826,0.055247,-0.707475,0.384324,1.003855,0.048209,-0.306759,0.010311,-0.743040,-0.350987,0.991495,0.363675,-0.039263,0.044113
0.060000,0.028577,0.004014,1.000047,-0.102617,0.101528,0.056845,0.722557,0.344525,0.993955,-0.258641,0.056530,0.047462,0.701182,-0.370438,1.001393,0.009620,0.256226,0.055313,-0.706510,0.378184,1.004061,0.048301,-0.307217,0.010319,-0.735762,-0.351773,0.992378,0.364213,-0.039270,0.044193
0.080000,0.026520,0.006044,1.001184,-0.103195,0.101549,0.056928,0.717379,0.345657,0.994905,-0.259170,0.056674,0.047576,0.701375,-0.365308,1.002500,0.009683,0.256785,0.055404,-0.705543,0.372034,1.004268,0.048431,-0.307858,0.010330,-0.728470,-0.352558,0.993262,0.364968,-0.039278,0.044306
0.100000,0.024449,0.008076,1.002324,-0.103939,0.101575,0.057035,0.712189,0.346792,0.995858,-0.259850,0.056860,0.047723,0.701569,-0.360165,1.003610,0.009764,0.257504,0.055522,-0.704572,0.365869,1.004475,0.048597,-0.308681,0.010344,-0.721161,-0.353344,0.994150,0.365938,-0.039290,0.044450
0.120000,0.022360,0.010107,1.003466,-0.104915,0.101591,0.057169,0.706983,0.347931,0.996814,-0.260715,0.057094,0.047912,0.701766,-0.355007,1.004721,0.009860,0.258418,0.055672,-0.703598,0.359685,1.004682,0.048815,-0.309730,0.010364,-0.713831,-0.354130,0.995041,0.367182,-0.039307,0.044635
0.140000,0.020250,0.012139,1.004611,-0.106190,0.101578,0.057334,0.701759,0.349076,0.997775,-0.261800,0.057385,0.048153,0.701964,-0.349827,1.005837,0.009966,0.259560,0.055862,-0.702619,0.353478,1.004889,0.049097,-0.311043,0.010393,-0.706472,-0.354916,0.995936,0.368758,-0.039336,0.044867
0.160000,0.018111,0.014170,1.005759,-0.107765,0.101537,0.057529,0.696510,0.350227,0.998741,-0.263105,0.057734,0.048446,0.702164,-0.344623,1.006956,0.010083,0.260932,0.056091,-0.701634,0.347242,1.005097,0.049445,-0.312622,0.010431,-0.699078,-0.355703,0.996836,0.370666,-0.039375,0.045145
0.180000,0.015937,0.016200,1.006912,-0.109639,0.101468,0.057755,0.691233,0.351386,0.999713,-0.264629,0.058139,0.048790,0.702367,-0.339388,1.008081,0.010211,0.262533,0.056360,-0.700641,0.340971,1.005306,0.049857,-0.314467,0.010478,-0.691643,-0.356491,0.997742,0.372907,-0.039424,0.045472
0.200000,0.013723,0.018229,1.008070,-0.111813,0.101370,0.058011,0.685923,0.352553,1.000693,-0.266373,0.058602,0.049186,0.702573,-0.334120,1.009211,0.010350,0.264363,0.056668,-0.699639,0.334661,1.005517,0.050335,-0.316577,0.010534,-0.684160,-0.357280,0.998655,0.375480,-0.039484,0.045845
0.220000,0.011463,0.020255,1.009233,-0.114329,0.101224,0.058295,0.680577,0.353730,1.001681,-0.268340,0.059127,0.049636,0.702781,-0.328812,1.010348,0.010483,0.266412,0.057016,-0.698627,0.328306,1.005728,0.050890,-0.318949,0.010605,-0.676622,-0.358071,0.999576,0.378395,-0.039555,0.046267
0.240000,0.009148,0.022277,1.010402,-0.117229,0.101013,0.058607,0.675188,0.354919,1.002679,-0.270535,0.059719,0.050142,0.702992,-0.323462,1.011492,0.010593,0.268669,0.057403,-0.697603,0.321901,1.005941,0.051537,-0.321579,0.010700,-0.669022,-0.358862,1.000506,0.381658,-0.039637,0.046738
0.260000,0.006771,0.024295,1.011577,-0.120512,0.100735,0.058945,0.669754,0.356119,1.003687,-0.272958,0.060378,0.050705,0.703205,-0.318064,1.012644,0.010682,0.271134,0.057829,-0.696565,0.315441,1.006156,0.052274,-0.324467,0.010818,-0.661353,-0.359656,1.001446,0.385272,-0.039731,0.047257
0.280000,0.004325,0.026306,1.012760,-0.124179,0.100392,0.059311,0.664268,0.357334,1.004707,-0.275608,0.061105,0.051325,0.703419,-0.312615,1.013805,0.010748,0.273808,0.058294,-0.695512,0.308921,1.006374,0.053103,-0.327613,0.010958,-0.653608,-0.360452,1.002397,0.389235,-0.039837,0.047827
0.300000,0.001801,0.028310,1.013950,-0.128229,0.099982,0.059703,0.658728,0.358564,1.005740,-0.278487,0.061900,0.052002,0.703635,-0.307110,1.014976,0.010791,0.276690,0.058799,-0.694441,0.302335,1.006595,0.054022,-0.331017,0.011122,-0.645781,-0.361250,1.003359,0.393547,-0.039954,0.048445
0.320000,-0.000807,0.030305,1.015148,-0.132666,0.099499,0.060117,0.653128,0.359811,1.006788,-0.281578,0.062768,0.052733,0.703851,-0.301546,1.016157,0.010802,0.279756,0.059340,-0.693350,0.295679,1.006819,0.055047,-0.334657,0.011317,-0.637864,-0.362050,1.004335,0.398184,-0.040081,0.049109
0.340000,-0.003508,0.032290,1.016355,-0.137492,0.098936,0.060550,0.647463,0.361075,1.007850,-0.284868,0.063713,0.053516,0.704066,-0.295919,1.017350,0.010769,0.282982,0.059914,-0.692238,0.288947,1.007048,0.056189,-0.338512,0.011553,-0.629852,-0.362853,1.005324,0.403120,-0.040217,0.049815
0.360000,-0.006309,0.034262,1.017570,-0.142706,0.098293,0.061001,0.641732,0.362360,1.008929,-0.288356,0.064737,0.054352,0.704281,-0.290226,1.018554,0.010692,0.286368,0.060521,-0.691102,0.282137,1.007281,0.057449,-0.342583,0.011829,-0.621738,-0.363659,1.006327,0.408356,-0.040361,0.050564
0.380000,-0.009219,0.036221,1.018795,-0.148308,0.097570,0.061470,0.635928,0.363665,1.010024,-0.292043,0.065840,0.055241,0.704494,-0.284463,1.019771,0.010572,0.289914,0.061162,-0.689939,0.275243,1.007521,0.058828,-0.346869,0.012146,-0.613516,-0.364467,1.007347,0.413890,-0.040514,0.051354
0.400000,-0.012244,0.038164,1.020029,-0.154300,0.096767,0.061957,0.630049,0.364994,1.011139,-0.295928,0.067021,0.056181,0.704704,-0.278628,1.021001,0.010408,0.293619,0.061835,-0.688748,0.268261,1.007767,0.060324,-0.351369,0.012503,-0.605180,-0.365279,1.008382,0.419724,-0.040675,0.052188
0.420000,-0.015393,0.040091,1.021273,-0.160657,0.095884,0.062458,0.624090,0.366347,1.012272,-0.299988,0.068284,0.057170,0.704910,-0.272718,1.022245,0.010195,0.297454,0.062538,-0.687525,0.261187,1.008021,0.061946,-0.356055,0.012912,-0.596725,-0.366094,1.009434,0.425816,-0.040842,0.053058
0.440000,-0.018673,0.041999,1.022527,-0.167358,0.094920,0.062967,0.618048,0.367726,1.013426,-0.304200,0.069634,0.058200,0.705111,-0.266730,1.023502,0.009929,0.301387,0.063265,-0.686269,0.254017,1.008284,0.063700,-0.360896,0.013382,-0.588146,-0.366913,1.010504,0.432124,-0.041011,0.053960
0.460000,-0.022090,0.043887,1.023792,-0.174403,0.093875,0.063484,0.611921,0.369133,1.014600,-0.308562,0.071071,0.059273,0.705306,-0.260662,1.024775,0.009610,0.305417,0.064017,-0.684976,0.246750,1.008557,0.065588,-0.365891,0.013913,-0.579439,-0.367735,1.011593,0.438649,-0.041184,0.054893
0.480000,-0.025651,0.045754,1.025067,-0.181792,0.092750,0.064009,0.605704,0.370569,1.015797,-0.313076,0.072595,0.060389,0.705495,-0.254512,1.026063,0.009238,0.309546,0.064793,-0.683645,0.239381,1.008841,0.067608,-0.371042,0.014507,-0.570599,-0.368560,1.012700,0.445391,-0.041359,0.055857
0.500000,-0.029364,0.047597,1.026352,-0.189524,0.091544,0.064543,0.599397,0.372037,1.017016,-0.317741,0.074205,0.061547,0.705676,-0.248279,1.027367,0.008812,0.313772,0.065593,-0.682271,0.231907,1.009138,0.069761,-0.376348,0.015162,-0.561622,-0.369389,1.013827,0.452349,-0.041536,0.056853
0.520000,-0.033234,0.049415,1.027649,-0.197561,0.090261,0.065081,0.592994,0.373538,1.018259,-0.322529,0.075909,0.062740,0.705847,-0.241961,1.028687,0.008331,0.318063,0.066414,-0.680853,0.224326,1.009448,0.072053,-0.381776,0.015886,-0.552504,-0.370222,1.014975,0.459473,-0.041717,0.057874
0.540000,-0.037268,0.051207,1.028956,-0.205863,0.088902,0.065619,0.586495,0.375074,1.019526,-0.327411,0.077715,0.063960,0.706008,-0.235556,1.030024,0.007792,0.322388,0.067250,-0.679388,0.216635,1.009774,0.074489,-0.387294,0.016685,-0.543242,-0.371058,1.016143,0.466715,-0.041901,0.058912
0.560000,-0.041471,0.052970,1.030273,-0.214430,0.087469,0.066157,0.579897,0.376647,1.020818,-0.332386,0.079621,0.065208,0.706158,-0.229065,1.031377,0.007197,0.326745,0.068102,-0.677873,0.208834,1.010116,0.077071,-0.392903,0.017560,-0.533834,-0.371898,1.017331,0.474073,-0.042088,0.059968
0.580000,-0.045847,0.054705,1.031602,-0.223261,0.085961,0.066694,0.573199,0.378260,1.022134,-0.337456,0.081628,0.066482,0.706296,-0.222486,1.032748,0.006544,0.331136,0.068968,-0.676304,0.200919,1.010477,0.079797,-0.398602,0.018511,-0.524278,-0.372742,1.018541,0.481549,-0.042278,0.061042
0.600000,-0.050403,0.056408,1.032941,-0.232358,0.084379,0.067232,0.566398,0.379913,1.023477,-0.342620,0.083737,0.067783,0.706420,-0.215820,1.034136,0.005834,0.335560,0.069850,-0.674680,0.192889,1.010857,0.082669,-0.404392,0.019537,-0.514571,-0.373589,1.019773,0.489141,-0.042472,0.062134
0.620000,-0.055143,0.058079,1.034291,-0.241668,0.082723,0.067766,0.559493,0.381610,1.024846,-0.347846,0.085945,0.069103,0.706529,-0.209064,1.035542,0.005067,0.339989,0.070745,-0.672997,0.184743,1.011259,0.085687,-0.410235,0.020641,-0.504712,-0.374440,1.021027,0.496802,-0.042664,0.063237
0.640000,-0.060071,0.059717,1.035652,-0.251138,0.080996,0.068294,0.552484,0.383351,1.026241,-0.353103,0.088252,0.070432,0.706622,-0.202220,1.036966,0.004243,0.344393,0.071647,-0.671251,0.176479,1.011683,0.088856,-0.416096,0.021826,-0.494699,-0.375296,1.022303,0.504481,-0.042850,0.064345
0.660000,-0.065189,0.061319,1.037023,-0.260768,0.079196,0.068816,0.545369,0.385140,1.027663,-0.358390,0.090658,0.071770,0.706698,-0.195288,1.038408,0.003362,0.348775,0.072558,-0.669441,0.168099,1.012132,0.092175,-0.421975,0.023092,-0.484533,-0.376154,1.023601,0.512179,-0.043030,0.065459
0.680000,-0.070502,0.062884,1.038404,-0.270560,0.077325,0.069331,0.538148,0.386978,1.029112,-0.363709,0.093163,0.073119,0.706756,-0.188269,1.039868,0.002423,0.353132,0.073478,-0.667563,0.159600,1.012607,0.095644,-0.427870,0.024438,-0.474212,-0.377017,1.024921,0.519896,-0.043204,0.066577
0.700000,-0.076013,0.064411,1.039796,-0.280511,0.075383,0.069841,0.530821,0.388868,1.030588,-0.369058,0.095767,0.074476,0.706795,-0.181163,1.041347,0.001427,0.357466,0.074406,-0.665615,0.150984,1.013110,0.099263,-0.433784,0.025865,-0.463737,-0.377882,1.026264,0.527631,-0.043373,0.067701
0.720000,-0.081724,0.065899,1.041198,-0.290564,0.073364,0.070343,0.523386,0.390810,1.032091,-0.374411,0.098458,0.075834,0.706813,-0.173971,1.042845,0.000374,0.361755,0.075340,-0.663592,0.142249,1.013643,0.103032,-0.439674,0.027372,-0.453107,-0.378752,1.027629,0.535337,-0.043529,0.068824
0.740000,-0.087636,0.067345,1.042610,-0.300658,0.071265,0.070836,0.515844,0.392806,1.033621,-0.379743,0.101224,0.077182,0.706809,-0.166694,1.044361,-0.000736,0.365976,0.076277,-0.661492,0.133397,1.014206,0.106953,-0.445503,0.028957,-0.442324,-0.379624,1.029017,0.542963,-0.043666,0.069940
0.760000,-0.093750,0.068749,1.044031,-0.310794,0.069086,0.071321,0.508196,0.394859,1.035178,-0.385053,0.104064,0.078520,0.706783,-0.159332,1.045896,-0.001903,0.370131,0.077216,-0.659313,0.124429,1.014801,0.111026,-0.451270,0.030620,-0.431389,-0.380498,1.030427,0.550510,-0.043785,0.071049
0.780000,-0.100068,0.070108,1.045463,-0.320970,0.066827,0.071797,0.500442,0.396969,1.036762,-0.390342,0.106979,0.079849,0.706733,-0.151889,1.047449,-0.003127,0.374218,0.078159,-0.657050,0.115347,1.015431,0.115249,-0.456974,0.032361,-0.420304,-0.381375,1.031859,0.557978,-0.043885,0.072150
0.800000,-0.106589,0.071422,1.046903,-0.331188,0.064488,0.072264,0.492583,0.399139,1.038372,-0.395609,0.109968,0.081168,0.706658,-0.144364,1.049022,-0.004409,0.378239,0.079105,-0.654702,0.106151,1.016096,0.119624,-0.462617,0.034181,-0.409070,-0.382253,1.033313,0.565367,-0.043966,0.073244
0.820000,-0.113315,0.072687,1.048353,-0.341365,0.062064,0.072723,0.484618,0.401368,1.040009,-0.400826,0.113002,0.082469,0.706556,-0.136760,1.050614,-0.005756,0.382167,0.080049,-0.652264,0.096843,1.016799,0.124143,-0.468168,0.036077,-0.397690,-0.383133,1.034788,0.572631,-0.044015,0.074326
0.840000,-0.120243,0.073904,1.049812,-0.351417,0.059551,0.073173,0.476550,0.403659,1.041671,-0.405965,0.116050,0.083743,0.706427,-0.129078,1.052224,-0.007176,0.385975,0.080987,-0.649735,0.087425,1.017540,0.128801,-0.473601,0.038047,-0.386166,-0.384014,1.036285,0.579723,-0.044016,0.075391
0.860000,-0.127371,0.075069,1.051280,-0.361345,0.056949,0.073616,0.468380,0.406011,1.043358,-0.411025,0.119113,0.084991,0.706269,-0.121322,1.053853,-0.008669,0.389664,0.081919,-0.647111,0.077899,1.018321,0.133596,-0.478915,0.040091,-0.374502,-0.384894,1.037804,0.586644,-0.043971,0.076439
0.880000,-0.134696,0.076181,1.052757,-0.371148,0.054258,0.074050,0.460110,0.408424,1.045070,-0.416007,0.122190,0.086212,0.706080,-0.113492,1.055501,-0.010235,0.393235,0.082844,-0.644390,0.068269,1.019144,0.138529,-0.484111,0.042210,-0.362702,-0.385772,1.039343,0.593394,-0.043878,0.077470
0.900000,-0.142216,0.077238,1.054242,-0.380827,0.051477,0.074475,0.451740,0.410898,1.046807,-0.420911,0.125282,0.087407,0.705859,-0.105593,1.057167,-0.011875,0.396686,0.083764,-0.641569,0.058536,1.020010,0.143600,-0.489187,0.044403,-0.350768,-0.386648,1.040903,0.599972,-0.043738,0.078484
0.920000,-0.149928,0.078239,1.055736,-0.390293,0.048596,0.074895,0.443274,0.413435,1.048566,-0.425720,0.128360,0.088566,0.705604,-0.097626,1.058851,-0.013595,0.400001,0.084673,-0.638646,0.048703,1.020921,0.148799,-0.494113,0.046662,-0.338704,-0.387521,1.042482,0.606346,-0.043538,0.079477
0.940000,-0.157826,0.079182,1.057238,-0.399458,0.045601,0.075311,0.434712,0.416032,1.050349,-0.430418,0.131396,0.089681,0.705314,-0.089594,1.060554,-0.015400,0.403163,0.085568,-0.635617,0.038773,1.021877,0.154118,-0.498858,0.048979,-0.326515,-0.388389,1.044081,0.612480,-0.043266,0.080446
0.960000,-0.165904,0.080063,1.058748,-0.408323,0.042492,0.075724,0.426058,0.418690,1.052153,-0.435005,0.134390,0.090753,0.704988,-0.081500,1.062274,-0.017291,0.406171,0.086449,-0.632480,0.028749,1.022880,0.159554,-0.503420,0.051354,-0.314206,-0.389251,1.045700,0.618375,-0.042921,0.081389
0.980000,-0.174157,0.080880,1.060267,-0.416886,0.039270,0.076134,0.417313,0.421408,1.053979,-0.439481,0.137343,0.091780,0.704622,-0.073348,1.064011,-0.019268,0.409027,0.087315,-0.629234,0.018637,1.023931,0.165110,-0.507802,0.053787,-0.301782,-0.390106,1.047337,0.624031,-0.042503,0.082309
1.000000,-0.182577,0.081633,1.061793,-0.425148,0.035934,0.076541,0.408479,0.424184,1.055824,-0.443845,0.140255,0.092763,0.704216,-0.065140,1.065766,-0.021331,0.411729,0.088168,-0.625875,0.008439,1.025032,0.170784,-0.512001,0.056279,-0.289247,-0.390951,1.048992,0.629448,-0.042013,0.083203
1.020000,-0.191160,0.082317,1.063328,-0.433024,0.032466,0.076947,0.399560,0.427017,1.057689,-0.448095,0.143102,0.093694,0.703768,-0.056880,1.067538,-0.023494,0.414254,0.089001,-0.622402,-0.001842,1.026183,0.176562,-0.515980,0.058811,-0.276606,-0.391786,1.050665,0.634598,-0.041432,0.084072
1.040000,-0.199895,0.082930,1.064871,-0.440427,0.028848,0.077358,0.390556,0.429907,1.059572,-0.452228,0.145862,0.094563,0.703276,-0.048572,1.069326,-0.025770,0.416578,0.089810,-0.618812,-0.012199,1.027385,0.182427,-0.519699,0.061369,-0.263865,-0.392608,1.052355,0.639451,-0.040741,0.084913
1.060000,-0.208774,0.083470,1.066423,-0.447359,0.025078,0.077773,0.381472,0.432851,1.061471,-0.456243,0.148536,0.095371,0.702737,-0.040218,1.071130,-0.028160,0.418701,0.090595,-0.615104,-0.022628,1.028638,0.188381,-0.523159,0.063952,-0.251030,-0.393415,1.054061,0.644008,-0.039941,0.085727
1.080000,-0.217786,0.083932,1.067982,-0.453819,0.021157,0.078192,0.372307,0.435848,1.063386,-0.460140,0.151123,0.096119,0.702149,-0.031825,1.072950,-0.030664,0.420624,0.091355,-0.611276,-0.033124,1.029943,0.194422,-0.526360,0.066559,-0.238106,-0.394205,1.055784,0.648268,-0.039032,0.086514
1.100000,-0.226923,0.084315,1.069550,-0.459806,0.017086,0.078614,0.363067,0.438896,1.065315,-0.463920,0.153624,0.096805,0.701509,-0.023395,1.074784,-0.033282,0.422346,0.092091,-0.607326,-0.043681,1.031300,0.200551,-0.529301,0.069192,-0.225101,-0.394975,1.057522,0.652233,-0.038013,0.087273
1.120000,-0.236175,0.084615,1.071127,-0.465251,0.012855,0.079045,0.353751,0.441992,1.067258,-0.467580,0.156013,0.097426,0.700817,-0.014932,1.076633,-0.036021,0.423856,0.092798,-0.603253,-0.054294,1.032711,0.206751,-0.531956,0.071832,-0.212019,-0.395724,1.059274,0.655888,-0.036866,0.088005
1.140000,-0.245529,0.084828,1.072712,-0.470080,0.008456,0.079486,0.344364,0.445135,1.069212,-0.471121,0.158264,0.097979,0.700068,-0.006442,1.078496,-0.038891,0.425142,0.093471,-0.599056,-0.064957,1.034174,0.213005,-0.534301,0.074464,-0.198868,-0.396449,1.061042,0.659223,-0.035572,0.088711
1.160000,-0.254974,0.084952,1.074306,-0.474296,0.003890,0.079939,0.334907,0.448322,1.071176,-0.474541,0.160379,0.098464,0.699260,0.002072,1.080372,-0.041891,0.426204,0.094110,-0.594733,-0.075664,1.035689,0.219315,-0.536334,0.077087,-0.185652,-0.397146,1.062823,0.662237,-0.034132,0.089390
1.180000,-0.264497,0.084983,1.075910,-0.477897,-0.000845,0.080402,0.325383,0.451550,1.073150,-0.477842,0.162358,0.098881,0.698391,0.010605,1.082260,-0.045022,0.427043,0.094715,-0.590283,-0.086408,1.037257,0.225678,-0.538057,0.079702,-0.172380,-0.397813,1.064617,0.664931,-0.032544,0.090043
1.200000,-0.274086,0.084917,1.077522,-0.480884,-0.005747,0.080877,0.315795,0.454815,1.075131,-0.481022,0.164199,0.099229,0.697458,0.019152,1.084160,-0.048282,0.427659,0.095287,-0.585705,-0.097184,1.038877,0.232096,-0.539468,0.082308,-0.159057,-0.398447,1.066424,0.667303,-0.030809,0.090670
1.220000,-0.283728,0.084752,1.079145,-0.483217,-0.010810,0.081363,0.306143,0.458116,1.077119,-0.484083,0.165872,0.099510,0.696459,0.027709,1.086071,-0.051678,0.428044,0.095819,-0.580999,-0.107985,1.040549,0.238549,-0.540555,0.084889,-0.145690,-0.399044,1.068244,0.669350,-0.028911,0.091272
1.240000,-0.293410,0.084484,1.080777,-0.484856,-0.016026,0.081859,0.296432,0.461449,1.079111,-0.487025,0.167344,0.099723,0.695390,0.036272,1.087993,-0.055215,0.428194,0.096307,-0.576163,-0.118804,1.042272,0.245014,-0.541303,0.087428,-0.132286,-0.399602,1.070075,0.671066,-0.026832,0.091855
1.260000,-0.303118,0.084110,1.082419,-0.485803,-0.021396,0.082366,0.286663,0.464809,1.081107,-0.489847,0.168617,0.099869,0.694249,0.044836,1.089923,-0.058893,0.428107,0.096750,-0.571198,-0.129634,1.044046,0.251494,-0.541713,0.089926,-0.118850,-0.400116,1.071918,0.672452,-0.024573,0.092416
1.280000,-0.312838,0.083627,1.084072,-0.486056,-0.026920,0.082883,0.276839,0.468192,1.083106,-0.492549,0.169690,0.099948,0.693034,0.053395,1.091863,-0.062712,0.427784,0.097149,-0.566104,-0.140470,1.045869,0.257986,-0.541785,0.092382,-0.105390,-0.400584,1.073771,0.673508,-0.022133,0.092957
1.300000,-0.322555,0.083032,1.085735,-0.485617,-0.032597,0.083411,0.266962,0.471595,1.085105,-0.495133,0.170563,0.099960,0.691740,0.061945,1.093809,-0.066672,0.427224,0.097503,-0.560879,-0.151304,1.047741,0.264493,-0.541518,0.094797,-0.091912,-0.401001,1.075636,0.674234,-0.019513,0.093477
1.320000,-0.332258,0.082322,1.087408,-0.484483,-0.038411,0.083944,0.257034,0.475013,1.087104,-0.497597,0.171207,0.099908,0.690366,0.070482,1.095762,-0.070770,0.426439,0.097808,-0.555524,-0.162128,1.049661,0.270996,-0.540906,0.097157,-0.078423,-0.401363,1.077510,0.674626,-0.016706,0.093981
1.340000,-0.341930,0.081495,1.089092,-0.482655,-0.044344,0.084480,0.247059,0.478442,1.089101,-0.499942,0.171591,0.099798,0.688908,0.079002,1.097721,-0.075002,0.425439,0.098058,-0.550039,-0.172937,1.051627,0.277478,-0.539941,0.099447,-0.064929,-0.401668,1.079395,0.674679,-0.013704,0.094473
1.360000,-0.351559,0.080547,1.090787,-0.480132,-0.050397,0.085017,0.237038,0.481875,1.091095,-0.502169,0.171715,0.099630,0.687365,0.087499,1.099684,-0.079369,0.424224,0.098255,-0.544425,-0.183724,1.053638,0.283940,-0.538624,0.101668,-0.051438,-0.401910,1.081289,0.674393,-0.010509,0.094953
1.380000,-0.361131,0.079478,1.092493,-0.476914,-0.056568,0.085555,0.226973,0.485309,1.093085,-0.504277,0.171580,0.099403,0.685733,0.095969,1.101651,-0.083870,0.422793,0.098397,-0.538682,-0.194480,1.055693,0.290382,-0.536953,0.103820,-0.037955,-0.402087,1.083193,0.673769,-0.007120,0.095422
1.400000,-0.370631,0.078284,1.094210,-0.473002,-0.062859,0.086095,0.216867,0.488737,1.095071,-0.506266,0.171185,0.099118,0.684009,0.104409,1.103620,-0.088507,0.421148,0.098485,-0.532810,-0.205199,1.057790,0.296802,-0.534930,0.105902,-0.024489,-0.402194,1.085106,0.672806,-0.003538,0.095878
1.420000,-0.380046,0.076963,1.095937,-0.468433,-0.069237,0.086630,0.206723,0.492154,1.097050,-0.508125,0.170504,0.098784,0.682191,0.112814,1.105590,-0.093279,0.419293,0.098516,-0.526810,-0.215875,1.059929,0.303191,-0.532553,0.107904,-0.011046,-0.402227,1.087028,0.671497,0.000236,0.096324
1.440000,-0.389364,0.075514,1.097675,-0.463249,-0.075669,0.087153,0.196543,0.495555,1.099022,-0.509843,0.169510,0.098414,0.680277,0.121179,1.107560,-0.098186,0.417233,0.098489,-0.520682,-0.226499,1.062106,0.309535,-0.529821,0.109817,0.002368,-0.402183,1.088959,0.669832,0.004198,0.096764
1.460000,-0.398572,0.073936,1.099423,-0.457447,-0.082155,0.087666,0.186330,0.498932,1.100986,-0.511421,0.168202,0.098006,0.678263,0.129502,1.109529,-0.103230,0.414969,0.098403,-0.514429,-0.237065,1.064321,0.315835,-0.526733,0.111640,0.015745,-0.402058,1.090899,0.667812,0.008347,0.097196
1.480000,-0.407658,0.072227,1.101181,-0.451028,-0.088694,0.088167,0.176087,0.502281,1.102942,-0.512857,0.166580,0.097561,0.676147,0.137777,1.111496,-0.108410,0.412500,0.098258,-0.508049,-0.247566,1.066571,0.322090,-0.523290,0.113372,0.029078,-0.401848,1.092847,0.665436,0.012685,0.097621
1.500000,-0.416609,0.070388,1.102950,-0.443993,-0.095288,0.088657,0.165817,0.505594,1.104888,-0.514152,0.164645,0.097078,0.673926,0.146000,1.113459,-0.113726,0.409827,0.098055,-0.501545,-0.257995,1.068855,0.328301,-0.519492,0.115015,0.042360,-0.401549,1.094803,0.662705,0.017211,0.098039
1.520000,-0.425414,0.068416,1.104727,-0.436400,-0.101894,0.089129,0.155522,0.508864,1.106825,-0.515291,0.162384,0.096569,0.671597,0.154168,1.115418,-0.119171,0.406970,0.097793,-0.494918,-0.268343,1.071171,0.334462,-0.515343,0.116562,0.055584,-0.401158,1.096768,0.659615,0.021917,0.098448
1.540000,-0.434062,0.066312,1.106515,-0.428308,-0.108470,0.089578,0.145207,0.512087,1.108751,-0.516260,0.159783,0.096041,0.669158,0.162278,1.117370,-0.124741,0.403953,0.097472,-0.488167,-0.278606,1.073517,0.340567,-0.510847,0.118006,0.068743,-0.400671,1.098741,0.656163,0.026795,0.098847
1.560000,-0.442543,0.064077,1.108310,-0.419718,-0.115015,0.090003,0.134873,0.515253,1.110666,-0.517059,0.156843,0.095496,0.666607,0.170325,1.119316,-0.130433,0.400774,0.097093,-0.481295,-0.288775,1.075891,0.346616,-0.506006,0.119348,0.081828,-0.400085,1.100722,0.652349,0.031846,0.099236
1.580000,-0.450847,0.061712,1.110115,-0.410629,-0.121530,0.090404,0.124525,0.518358,1.112571,-0.517687,0.153563,0.094933,0.663940,0.178308,1.121254,-0.136249,0.397433,0.096654,-0.474303,-0.298844,1.078290,0.352608,-0.500818,0.120588,0.094834,-0.399396,1.102711,0.648172,0.037069,0.099614
1.600000,-0.458965,0.059216,1.111926,-0.401042,-0.128015,0.090781,0.114167,0.521394,1.114464,-0.518144,0.149943,0.094352,0.661156,0.186222,1.123182,-0.142188,0.393932,0.096158,-0.467191,-0.308806,1.080713,0.358545,-0.495285,0.121725,0.107753,-0.398601,1.104707,0.643634,0.042464,0.099983
1.620000,-0.466886,0.056592,1.113746,-0.391022,-0.134429,0.091129,0.103801,0.524354,1.116345,-0.518418,0.145985,0.093759,0.658252,0.194064,1.125100,-0.148241,0.390296,0.095605,-0.459962,-0.318653,1.083158,0.364418,-0.489406,0.122757,0.120577,-0.397697,1.106710,0.638739,0.048017,0.100335
1.640000,-0.474603,0.053840,1.115571,-0.380634,-0.140733,0.091442,0.093431,0.527231,1.118214,-0.518495,0.141691,0.093160,0.655225,0.201833,1.127006,-0.154398,0.386552,0.094999,-0.452615,-0.328379,1.085623,0.370220,-0.483184,0.123678,0.133300,-0.396680,1.108720,0.633494,0.053710,0.100664
1.660000,-0.482109,0.050963,1.117403,-0.369880,-0.146925,0.091721,0.083062,0.530019,1.120071,-0.518375,0.137059,0.092555,0.652075,0.209526,1.128899,-0.160659,0.382700,0.094339,-0.445153,-0.337978,1.088105,0.375951,-0.476617,0.124490,0.145915,-0.395547,1.110736,0.627899,0.059546,0.100971
1.680000,-0.489396,0.047964,1.119240,-0.358758,-0.153006,0.091964,0.072698,0.532711,1.121916,-0.518059,0.132091,0.091943,0.648798,0.217140,1.130779,-0.167025,0.378741,0.093626,-0.437577,-0.347442,1.090602,0.381611,-0.469707,0.125191,0.158414,-0.394297,1.112759,0.621954,0.065523,0.101256
1.700000,-0.496457,0.044844,1.121081,-0.347269,-0.158977,0.092173,0.062341,0.535300,1.123749,-0.517547,0.126786,0.091325,0.645393,0.224674,1.132644,-0.173494,0.374674,0.092860,-0.429889,-0.356764,1.093112,0.387199,-0.462453,0.125783,0.170790,-0.392925,1.114786,0.615658,0.071641,0.101517
1.720000,-0.503285,0.041605,1.122927,-0.335475,-0.164806,0.092342,0.051997,0.537780,1.125569,-0.516831,0.121156,0.090702,0.641858,0.232126,1.134493,-0.180061,0.370519,0.092045,-0.422090,-0.365938,1.095632,0.392715,-0.454869,0.126264,0.183038,-0.391430,1.116819,0.609033,0.077878,0.101747
1.740000,-0.509874,0.038252,1.124775,-0.323440,-0.170464,0.092467,0.041669,0.540144,1.127377,-0.515903,0.115215,0.090076,0.638190,0.239495,1.136325,-0.186719,0.366295,0.091186,-0.414181,-0.374957,1.098161,0.398157,-0.446968,0.126635,0.195150,-0.389810,1.118856,0.602095,0.084210,0.101936
1.760000,-0.516221,0.034788,1.126625,-0.311163,-0.175951,0.092549,0.031362,0.542387,1.129172,-0.514764,0.108962,0.089447,0.634389,0.246778,1.138140,-0.193468,0.362003,0.090282,-0.406164,-0.383814,1.100697,0.403525,-0.438749,0.126895,0.207120,-0.388061,1.120896,0.594847,0.090637,0.102083
1.780000,-0.522319,0.031216,1.128476,-0.298645,-0.181266,0.092586,0.021080,0.544501,1.130955,-0.513414,0.102397,0.088815,0.630451,0.253974,1.139936,-0.200307,0.357643,0.089335,-0.398041,-0.392505,1.103237,0.408820,-0.430214,0.127044,0.218941,-0.386184,1.122939,0.587287,0.097159,0.102189
1.800000,-0.528165,0.027538,1.130328,-0.285884,-0.186410,0.092580,0.010827,0.546481,1.132725,-0.511853,0.095520,0.088180,0.626376,0.261083,1.141713,-0.207236,0.353215,0.088343,-0.389812,-0.401021,1.105778,0.414041,-0.421362,0.127082,0.230609,-0.384174,1.124983,0.579416,0.103776,0.102254
1.820000,-0.533753,0.023760,1.132179,-0.272938,-0.191365,0.092528,0.000608,0.548320,1.134482,-0.510080,0.088352,0.087540,0.622161,0.268103,1.143470,-0.214252,0.348730,0.087313,-0.381479,-0.409357,1.108319,0.419193,-0.412217,0.127011,0.242116,-0.382032,1.127029,0.571250,0.110463,0.102270
1.840000,-0.539082,0.019885,1.134029,-0.259862,-0.196116,0.092425,-0.009575,0.550013,1.136226,-0.508094,0.080913,0.086895,0.617805,0.275032,1.145205,-0.221348,0.344202,0.086249,-0.373045,-0.417508,1.110858,0.424282,-0.402803,0.126834,0.253457,-0.379756,1.129074,0.562803,0.117197,0.102230
1.860000,-0.544147,0.015917,1.135876,-0.246656,-0.200660,0.092274,-0.019715,0.551554,1.137958,-0.505895,0.073205,0.086244,0.613307,0.281870,1.146920,-0.228525,0.339631,0.085152,-0.364509,-0.425467,1.113392,0.429308,-0.393122,0.126549,0.264626,-0.377344,1.131118,0.554076,0.123977,0.102135
1.880000,-0.548947,0.011860,1.137719,-0.233319,-0.204999,0.092073,-0.029809,0.552939,1.139676,-0.503484,0.065226,0.085587,0.608664,0.288617,1.148611,-0.235783,0.335017,0.084022,-0.355873,-0.433231,1.115919,0.434271,-0.383171,0.126158,0.275618,-0.374796,1.133159,0.545069,0.130803,0.101984
1.900000,-0.553479,0.007719,1.139559,-0.219853,-0.209133,0.091822,-0.039853,0.554162,1.141381,-0.500861,0.056977,0.084925,0.603875,0.295271,1.150280,-0.243121,0.330358,0.082859,-0.347138,-0.440792,1.118437,0.439170,-0.372952,0.125660,0.286427,-0.372111,1.135197,0.535781,0.137676,0.101778
1.920000,-0.557740,0.003496,1.141392,-0.206294,-0.213050,0.091523,-0.049842,0.555217,1.143073,-0.498031,0.048486,0.084254,0.598938,0.301831,1.151926,-0.250536,0.325661,0.081668,-0.338306,-0.448147,1.120945,0.444009,-0.362484,0.125060,0.297048,-0.369289,1.137230,0.526228,0.144571,0.101513
1.940000,-0.561730,-0.000802,1.143219,-0.192682,-0.216740,0.091176,-0.059773,0.556100,1.144751,-0.495004,0.039780,0.083573,0.593853,0.308297,1.153547,-0.258024,0.320930,0.080455,-0.329378,-0.455290,1.123439,0.448791,-0.351786,0.124364,0.307475,-0.366329,1.139257,0.516422,0.151466,0.101185
1.960000,-0.565447,-0.005172,1.145039,-0.179016,-0.220201,0.090780,-0.069641,0.556806,1.146416,-0.491777,0.030860,0.082881,0.588617,0.314668,1.155144,-0.265584,0.316164,0.079219,-0.320355,-0.462217,1.125919,0.453515,-0.340857,0.123571,0.317703,-0.363230,1.141277,0.506364,0.158359,0.100796
1.980000,-0.568891,-0.009609,1.146850,-0.165297,-0.223435,0.090337,-0.079442,0.557333,1.148066,-0.488353,0.021726,0.082178,0.583229,0.320943,1.156715,-0.273216,0.311364,0.077962,-0.311238,-0.468923,1.128381,0.458181,-0.329699,0.122681,0.327728,-0.359994,1.143288,0.496054,0.165251,0.100344
2.000000,-0.572059,-0.014108,1.148652,-0.151523,-0.226442,0.089845,-0.089174,0.557674,1.149703,-0.484730,0.012377,0.081464,0.577688,0.327122,1.158262,-0.280921,0.306529,0.076682,-0.302028,-0.475404,1.130825,0.462790,-0.318310,0.121695,0.337543,-0.356620,1.145290,0.485491,0.172142,0.099830
2.020000,-0.574951,-0.018665,1.150444,-0.137718,-0.229211,0.089307,-0.098830,0.557827,1.151325,-0.480917,0.002844,0.080736,0.571992,0.333204,1.159783,-0.288694,0.301655,0.075385,-0.292727,-0.481654,1.133248,0.467338,-0.306706,0.120619,0.347146,-0.353109,1.147281,0.474691,0.179009,0.099254
2.040000,-0.577568,-0.023274,1.152224,-0.123902,-0.231735,0.088726,-0.108409,0.557787,1.152932,-0.476925,-0.006847,0.079990,0.566139,0.339188,1.161277,-0.296531,0.296738,0.074074,-0.283335,-0.487670,1.135649,0.471823,-0.294902,0.119461,0.356530,-0.349460,1.149260,0.463667,0.185830,0.098617
2.060000,-0.579907,-0.027932,1.153992,-0.110075,-0.234014,0.088102,-0.117906,0.557552,1.154524,-0.472752,-0.016694,0.079227,0.560130,0.345074,1.162745,-0.304432,0.291777,0.072751,-0.273854,-0.493449,1.138026,0.476245,-0.282899,0.118221,0.365691,-0.345676,1.151225,0.452419,0.192605,0.097917
2.080000,-0.581970,-0.032633,1.155748,-0.096238,-0.236046,0.087434,-0.127318,0.557118,1.156101,-0.468400,-0.026697,0.078445,0.553962,0.350859,1.164187,-0.312396,0.286774,0.071415,-0.264286,-0.498985,1.140378,0.480603,-0.270696,0.116899,0.374625,-0.341756,1.153176,0.440948,0.199333,0.097156
2.100000,-0.583757,-0.037373,1.157489,-0.082391,-0.237833,0.086723,-0.136641,0.556483,1.157662,-0.463868,-0.036856,0.077646,0.547634,0.356544,1.165602,-0.320423,0.281727,0.070066,-0.254631,-0.504275,1.142702,0.484898,-0.258293,0.115495,0.383327,-0.337703,1.155111,0.429252,0.206015,0.096332
2.120000,-0.585266,-0.042145,1.159216,-0.068539,-0.239366,0.085970,-0.145872,0.555643,1.159207,-0.459173,-0.047140,0.076825,0.541144,0.362128,1.166990,-0.328512,0.276619,0.068705,-0.244890,-0.509316,1.144997,0.489117,-0.245702,0.114016,0.391794,-0.333516,1.157029,0.417346,0.212629,0.095449
2.140000,-0.586498,-0.046945,1.160928,-0.054689,-0.240634,0.085178,-0.155007,0.554597,1.160735,-0.454331,-0.057517,0.075979,0.534493,0.367608,1.168350,-0.336660,0.271436,0.067333,-0.235066,-0.514102,1.147262,0.493248,-0.232934,0.112472,0.400020,-0.329198,1.158929,0.405241,0.219157,0.094508
2.160000,-0.587454,-0.051769,1.162623,-0.040842,-0.241640,0.084347,-0.164044,0.553342,1.162246,-0.449344,-0.067987,0.075108,0.527678,0.372985,1.169683,-0.344866,0.266175,0.065951,-0.225161,-0.518632,1.149495,0.497289,-0.219990,0.110861,0.408002,-0.324751,1.160809,0.392938,0.225596,0.093509
2.180000,-0.588132,-0.056609,1.164301,-0.026996,-0.242381,0.083476,-0.172980,0.551876,1.163739,-0.444210,-0.078550,0.074213,0.520698,0.378255,1.170988,-0.353130,0.260839,0.064559,-0.215175,-0.522901,1.151696,0.501242,-0.206869,0.109184,0.415736,-0.320175,1.162669,0.380436,0.231948,0.092452
2.200000,-0.588534,-0.061462,1.165962,-0.013153,-0.242859,0.082566,-0.181811,0.550199,1.165214,-0.438931,-0.089206,0.073293,0.513552,0.383418,1.172265,-0.361453,0.255425,0.063156,-0.205112,-0.526905,1.153862,0.505107,-0.193572,0.107442,0.423218,-0.315473,1.164506,0.367736,0.238212,0.091337
2.220000,-0.588658,-0.066322,1.167604,0.000674,-0.243073,0.081620,-0.190536,0.548308,1.166670,-0.433524,-0.099918,0.072347,0.506239,0.388471,1.173514,-0.369826,0.249930,0.061745,-0.194972,-0.530643,1.155993,0.508870,-0.180127,0.105642,0.430444,-0.310647,1.166322,0.354863,0.244373,0.090170
2.240000,-0.588507,-0.071183,1.169227,0.014469,-0.243022,0.080641,-0.199152,0.546202,1.168108,-0.428011,-0.110651,0.071376,0.498759,0.393414,1.174735,-0.378241,0.244347,0.060327,-0.184758,-0.534110,1.158088,0.512521,-0.166565,0.103796,0.437412,-0.305699,1.168113,0.341842,0.250412,0.088955
2.260000,-0.588080,-0.076041,1.170829,0.028232,-0.242705,0.079629,-0.207656,0.543882,1.169525,-0.422389,-0.121405,0.070380,0.491109,0.398245,1.175927,-0.386697,0.238677,0.058903,-0.174472,-0.537304,1.160145,0.516059,-0.152885,0.101903,0.444117,-0.300631,1.169880,0.328672,0.256330,0.087693
2.280000,-0.587378,-0.080890,1.172411,0.041964,-0.242122,0.078585,-0.216046,0.541346,1.170923,-0.416661,-0.132179,0.069358,0.483291,0.402961,1.177091,-0.395194,0.232920,0.057473,-0.164116,-0.540224,1.162164,0.519483,-0.139087,0.099963,0.450557,-0.295447,1.171620,0.315354,0.262128,0.086383
2.300000,-0.586401,-0.085724,1.173972,0.055664,-0.241275,0.077508,-0.224321,0.538594,1.172299,-0.410824,-0.142974,0.068311,0.475301,0.407561,1.178226,-0.403733,0.227075,0.056036,-0.153693,-0.542867,1.164143,0.522795,-0.125172,0.097976,0.456730,-0.290147,1.173335,0.301887,0.267804,0.085026
2.320000,-0.585152,-0.090539,1.175512,0.069305,-0.240173,0.076403,-0.232479,0.535627,1.173655,-0.404908,-0.153754,0.067240,0.467141,0.412043,1.179332,-0.412306,0.221149,0.054596,-0.143205,-0.545231,1.166082,0.525984,-0.111180,0.095953,0.462632,-0.284735,1.175021,0.288315,0.273346,0.083627
2.340000,-0.583630,-0.095329,1.177028,0.082862,-0.238827,0.075274,-0.240517,0.532445,1.174989,-0.398937,-0.164481,0.066148,0.458809,0.416406,1.180410,-0.420906,0.215148,0.053156,-0.132655,-0.547314,1.167981,0.529037,-0.097152,0.093903,0.468262,-0.279214,1.176679,0.274678,0.278740,0.082193
2.360000,-0.581838,-0.100090,1.178522,0.096333,-0.237238,0.074121,-0.248436,0.529048,1.176301,-0.392913,-0.175156,0.065034,0.450305,0.420649,1.181459,-0.429534,0.209071,0.051715,-0.122045,-0.549116,1.169838,0.531957,-0.083089,0.091827,0.473619,-0.273587,1.178309,0.260978,0.283986,0.080723
2.380000,-0.579777,-0.104817,1.179993,0.109720,-0.235405,0.072944,-0.256234,0.525439,1.177590,-0.386835,-0.185779,0.063898,0.441627,0.424769,1.182479,-0.438189,0.202919,0.050273,-0.111377,-0.550637,1.171654,0.534741,-0.068990,0.089724,0.478701,-0.267856,1.179908,0.247213,0.289083,0.079217
2.400000,-0.577449,-0.109505,1.181440,0.123021,-0.233328,0.071743,-0.263909,0.521617,1.178857,-0.380703,-0.196350,0.062740,0.432777,0.428765,1.183470,-0.446871,0.196691,0.048831,-0.100656,-0.551876,1.173427,0.537391,-0.054855,0.087595,0.483507,-0.262024,1.181477,0.233385,0.294032,0.077675
2.420000,-0.574857,-0.114149,1.182863,0.136211,-0.231041,0.070522,-0.271461,0.517585,1.180100,-0.374529,-0.206854,0.061564,0.423752,0.432636,1.184432,-0.455580,0.190396,0.047391,-0.089883,-0.552832,1.175158,0.539899,-0.040726,0.085449,0.488036,-0.256096,1.183015,0.219539,0.298829,0.076103
2.440000,-0.572002,-0.118745,1.184261,0.149264,-0.228575,0.069282,-0.278890,0.513344,1.181319,-0.368322,-0.217278,0.060372,0.414554,0.436380,1.185365,-0.464316,0.184041,0.045955,-0.079061,-0.553505,1.176845,0.542255,-0.026643,0.083295,0.492289,-0.250072,1.184521,0.205724,0.303469,0.074506
2.460000,-0.568887,-0.123291,1.185634,0.162180,-0.225932,0.068024,-0.286194,0.508895,1.182514,-0.362084,-0.227621,0.059165,0.405180,0.439997,1.186270,-0.473079,0.177626,0.044524,-0.068194,-0.553898,1.178489,0.544460,-0.012608,0.081133,0.496265,-0.243958,1.185995,0.191939,0.307951,0.072884
2.480000,-0.565516,-0.127782,1.186982,0.174958,-0.223111,0.066747,-0.293373,0.504239,1.183686,-0.355813,-0.237883,0.057943,0.395630,0.443485,1.187146,-0.481869,0.171152,0.043096,-0.057284,-0.554010,1.180090,0.546514,0.001382,0.078964,0.499967,-0.237755,1.187436,0.178184,0.312276,0.071238
2.500000,-0.561890,-0.132214,1.188304,0.187599,-0.220113,0.065453,-0.300426,0.499380,1.184832,-0.349511,-0.248064,0.056706,0.385905,0.446843,1.187994,-0.490687,0.164617,0.041674,-0.046334,-0.553843,1.181648,0.548416,0.015324,0.076786,0.503393,-0.231468,1.188844,0.164458,0.316445,0.069568
2.520000,-0.558013,-0.136585,1.189600,0.200077,-0.216988,0.064140,-0.307353,0.494317,1.185954,-0.343191,-0.258157,0.055455,0.376003,0.450069,1.188813,-0.499523,0.158029,0.040258,-0.035348,-0.553397,1.183162,0.550162,0.029183,0.074609,0.506545,-0.225099,1.190219,0.150802,0.320471,0.067879
2.540000,-0.553888,-0.140893,1.190869,0.212363,-0.213789,0.062810,-0.314154,0.489054,1.187050,-0.336868,-0.268153,0.054195,0.365924,0.453164,1.189604,-0.508371,0.151391,0.038852,-0.024329,-0.552676,1.184632,0.551748,0.042920,0.072440,0.509426,-0.218650,1.191559,0.137252,0.324371,0.066179
2.560000,-0.549519,-0.145136,1.192112,0.224459,-0.210517,0.061463,-0.320828,0.483592,1.188121,-0.330542,-0.278053,0.052925,0.355668,0.456125,1.190367,-0.517230,0.144705,0.037457,-0.013279,-0.551681,1.186059,0.553172,0.056537,0.070278,0.512036,-0.212125,1.192866,0.123810,0.328144,0.064468
2.580000,-0.544911,-0.149313,1.193328,0.236363,-0.207170,0.060098,-0.327376,0.477933,1.189167,-0.324214,-0.287856,0.051645,0.345234,0.458952,1.191103,-0.526101,0.137971,0.036071,-0.002203,-0.550415,1.187443,0.554436,0.070032,0.068124,0.514379,-0.205525,1.194138,0.110475,0.331791,0.062745
2.600000,-0.540066,-0.153423,1.194516,0.248077,-0.203749,0.058716,-0.333797,0.472078,1.190187,-0.317883,-0.297563,0.050355,0.334624,0.461643,1.191810,-0.534983,0.131187,0.034695,0.008897,-0.548881,1.188784,0.555539,0.083407,0.065978,0.516456,-0.198854,1.195376,0.097248,0.335311,0.061011
2.620000,-0.534989,-0.157463,1.195676,0.259572,-0.200307,0.057320,-0.340091,0.466031,1.191181,-0.311564,-0.307177,0.049059,0.323835,0.464199,1.192491,-0.543874,0.124364,0.033330,0.020018,-0.547080,1.190083,0.556478,0.096628,0.063846,0.518270,-0.192113,1.196578,0.084154,0.338720,0.059270
2.640000,-0.529685,-0.161435,1.196808,0.270823,-0.196897,0.055911,-0.346259,0.459792,1.192150,-0.305272,-0.316702,0.047762,0.312869,0.466618,1.193144,-0.552773,0.117511,0.031977,0.031155,-0.545017,1.191338,0.557251,0.109666,0.061735,0.519823,-0.185306,1.197746,0.071220,0.342035,0.057527
2.660000,-0.524158,-0.165339,1.197912,0.281828,-0.193518,0.054490,-0.352302,0.453363,1.193092,-0.299008,-0.326137,0.046463,0.301724,0.468899,1.193770,-0.561678,0.110629,0.030637,0.042307,-0.542695,1.192552,0.557859,0.122521,0.059644,0.521119,-0.178432,1.198879,0.058448,0.345255,0.055782
2.680000,-0.518413,-0.169176,1.198988,0.292588,-0.190171,0.053057,-0.358220,0.446747,1.194008,-0.292771,-0.335482,0.045163,0.290401,0.471043,1.194369,-0.570591,0.103717,0.029309,0.053469,-0.540117,1.193724,0.558300,0.135191,0.057573,0.522162,-0.171496,1.199978,0.045836,0.348380,0.054035
2.700000,-0.512456,-0.172946,1.200035,0.303103,-0.186856,0.051611,-0.364013,0.439945,1.194898,-0.286561,-0.344737,0.043861,0.278900,0.473047,1.194942,-0.579511,0.096775,0.027994,0.064638,-0.537288,1.194855,0.558576,0.147678,0.055522,0.522954,-0.164498,1.201041,0.033384,0.351410,0.052286
2.720000,-0.506291,-0.176651,1.201052,0.313356,-0.183622,0.050156,-0.369683,0.432958,1.195763,-0.280391,-0.353909,0.042562,0.267221,0.474913,1.195489,-0.588422,0.089820,0.026693,0.075810,-0.534212,1.195945,0.558686,0.159957,0.053496,0.523499,-0.157440,1.202069,0.021108,0.354377,0.050539
2.740000,-0.499924,-0.180292,1.202041,0.323331,-0.180518,0.048693,-0.375229,0.425789,1.196601,-0.274277,-0.363004,0.041267,0.255364,0.476640,1.196010,-0.597311,0.082872,0.025409,0.086984,-0.530892,1.196995,0.558629,0.172005,0.051500,0.523800,-0.150323,1.203062,0.009022,0.357312,0.048801
2.760000,-0.493360,-0.183872,1.203000,0.333027,-0.177544,0.047223,-0.380654,0.418438,1.197413,-0.268218,-0.372021,0.039978,0.243329,0.478228,1.196506,-0.606175,0.075930,0.024142,0.098155,-0.527333,1.198006,0.558407,0.183821,0.049534,0.523861,-0.143148,1.204021,-0.002875,0.360215,0.047069
2.780000,-0.486605,-0.187395,1.203930,0.342445,-0.174700,0.045746,-0.385958,0.410908,1.198200,-0.262213,-0.380961,0.038695,0.231117,0.479678,1.196976,-0.615017,0.068993,0.022891,0.109319,-0.523540,1.198977,0.558018,0.195405,0.047596,0.523686,-0.135915,1.204945,-0.014582,0.363086,0.045346
2.800000,-0.479664,-0.190861,1.204830,0.351584,-0.171987,0.044262,-0.391143,0.403200,1.198961,-0.256264,-0.389823,0.037416,0.218728,0.480988,1.197421,-0.623835,0.062063,0.021657,0.120474,-0.519518,1.199910,0.557463,0.206757,0.045688,0.523279,-0.128625,1.205835,-0.026099,0.365924,0.043630
2.820000,-0.472543,-0.194275,1.205700,0.360440,-0.169447,0.042773,-0.396209,0.395316,1.199697,-0.250378,-0.398614,0.036146,0.206164,0.482160,1.197842,-0.632599,0.055164,0.020442,0.131617,-0.515272,1.200805,0.556744,0.217862,0.043813,0.522643,-0.121278,1.206691,-0.037416,0.368756,0.041925
2.840000,-0.465248,-0.197641,1.206541,0.369006,-0.167124,0.041283,-0.401159,0.387256,1.200407,-0.244566,-0.407340,0.034887,0.193425,0.483195,1.198239,-0.641280,0.048325,0.019249,0.142743,-0.510806,1.201662,0.555861,0.228703,0.041973,0.521783,-0.113874,1.207512,-0.048522,0.371607,0.040235
2.860000,-0.457785,-0.200962,1.207351,0.377282,-0.165017,0.039793,-0.405992,0.379023,1.201092,-0.238828,-0.416000,0.033638,0.180513,0.484094,1.198612,-0.649878,0.041545,0.018078,0.153850,-0.506125,1.202484,0.554815,0.239280,0.040169,0.520704,-0.106413,1.208300,-0.059416,0.374475,0.038559
2.880000,-0.450159,-0.204243,1.208132,0.385269,-0.163128,0.038302,-0.410712,0.370617,1.201753,-0.233162,-0.424594,0.032400,0.167430,0.484857,1.198962,-0.658392,0.034825,0.016930,0.164934,-0.501236,1.203269,0.553606,0.249594,0.038400,0.519408,-0.098895,1.209055,-0.070100,0.377361,0.036897
2.900000,-0.442376,-0.207488,1.208883,0.392966,-0.161455,0.036810,-0.415319,0.362039,1.202388,-0.227571,-0.433124,0.031172,0.154178,0.485487,1.199290,-0.666823,0.028163,0.015804,0.175993,-0.496143,1.204020,0.552234,0.259645,0.036666,0.517901,-0.091319,1.209776,-0.080573,0.380266,0.035250
2.920000,-0.434442,-0.210703,1.209605,0.400378,-0.160026,0.035320,-0.419816,0.353292,1.203000,-0.222058,-0.441578,0.029957,0.140758,0.485984,1.199595,-0.675126,0.021592,0.014704,0.187023,-0.490852,1.204736,0.550701,0.269424,0.034969,0.516187,-0.083684,1.210465,-0.090838,0.383208,0.033619
2.940000,-0.426363,-0.213891,1.210296,0.407511,-0.158870,0.033836,-0.424202,0.344377,1.203587,-0.216632,-0.449946,0.028755,0.127174,0.486352,1.199878,-0.683257,0.015141,0.013633,0.198020,-0.485368,1.205419,0.549010,0.278925,0.033311,0.514269,-0.075990,1.211121,-0.100898,0.386208,0.032009
2.960000,-0.418143,-0.217059,1.210958,0.414364,-0.157985,0.032357,-0.428481,0.335295,1.204150,-0.211291,-0.458229,0.027566,0.113429,0.486591,1.200140,-0.691216,0.008811,0.012592,0.208982,-0.479697,1.206069,0.547160,0.288148,0.031692,0.512152,-0.068235,1.211745,-0.110753,0.389265,0.030419
2.980000,-0.409790,-0.220212,1.211591,0.420938,-0.157373,0.030884,-0.432655,0.326048,1.204689,-0.206037,-0.466427,0.026391,0.099527,0.486705,1.200382,-0.699004,0.002601,0.011581,0.219905,-0.473844,1.206687,0.545153,0.297092,0.030110,0.509840,-0.060419,1.212338,-0.120403,0.392380,0.028850
3.000000,-0.401308,-0.223356,1.212194,0.427232,-0.157032,0.029416,-0.436723,0.316639,1.205206,-0.200868,-0.474539,0.025229,0.085470,0.486696,1.200604,-0.706620,-0.003487,0.010599,0.230787,-0.467815,1.207274,0.542987,0.305758,0.028568,0.507337,-0.052540,1.212899,-0.129849,0.395553,0.027300
3.020000,-0.392702,-0.226495,1.212767,0.433262,-0.156976,0.027958,-0.440690,0.307067,1.205699,-0.195793,-0.482550,0.024081,0.071263,0.486566,1.200806,-0.714006,-0.009432,0.009649,0.241624,-0.461616,1.207830,0.540662,0.314145,0.027064,0.504648,-0.044597,1.213430,-0.139090,0.398785,0.025773
3.040000,-0.383979,-0.229637,1.213312,0.439042,-0.157216,0.026512,-0.444556,0.297337,1.206169,-0.190821,-0.490446,0.022948,0.056912,0.486320,1.200990,-0.721104,-0.015210,0.008733,0.252412,-0.455251,1.208356,0.538180,0.322253,0.025600,0.501775,-0.036588,1.213930,-0.148127,0.402077,0.024269
3.060000,-0.375142,-0.232786,1.213828,0.444574,-0.157753,0.025078,-0.448323,0.287450,1.206617,-0.185952,-0.498225,0.021830,0.042421,0.485959,1.201156,-0.727915,-0.020821,0.007851,0.263150,-0.448727,1.208854,0.535539,0.330081,0.024175,0.498724,-0.028513,1.214401,-0.156958,0.405429,0.022790
3.080000,-0.366198,-0.235949,1.214315,0.449856,-0.158588,0.023658,-0.451995,0.277409,1.207042,-0.181186,-0.505889,0.020726,0.027797,0.485488,1.201304,-0.734438,-0.026265,0.007002,0.273833,-0.442050,1.209324,0.532741,0.337631,0.022789,0.495498,-0.020370,1.214842,-0.165586,0.408842,0.021334
3.100000,-0.357150,-0.239132,1.214774,0.454889,-0.159719,0.022250,-0.455572,0.267216,1.207446,-0.176522,-0.513436,0.019638,0.013045,0.484909,1.201436,-0.740673,-0.031542,0.006188,0.284458,-0.435224,1.209766,0.529784,0.344901,0.021443,0.492102,-0.012159,1.215254,-0.174008,0.412316,0.019902
3.120000,-0.348004,-0.242340,1.215205,0.459697,-0.161138,0.020858,-0.459056,0.256873,1.207828,-0.171957,-0.520836,0.018565,-0.001828,0.484227,1.201552,-0.746558,-0.036645,0.005408,0.295023,-0.428256,1.210182,0.526668,0.351899,0.020135,0.488539,-0.003877,1.215638,-0.182237,0.415844,0.018496
3.140000,-0.338763,-0.245579,1.215609,0.464304,-0.162837,0.019487,-0.462450,0.246383,1.208188,-0.167488,-0.528058,0.017507,-0.016814,0.483445,1.201652,-0.752028,-0.041565,0.004665,0.305524,-0.421150,1.210572,0.523392,0.358632,0.018865,0.484814,0.004475,1.215995,-0.190284,0.419422,0.017117
3.160000,-0.329433,-0.248855,1.215985,0.468711,-0.164815,0.018135,-0.465756,0.235751,1.208528,-0.163114,-0.535100,0.016465,-0.031906,0.482566,1.201739,-0.757084,-0.046302,0.003957,0.315958,-0.413912,1.210936,0.519956,0.365099,0.017633,0.480929,0.012900,1.216323,-0.198147,0.423048,0.015766
3.180000,-0.320016,-0.252173,1.216334,0.472918,-0.167073,0.016803,-0.468976,0.224981,1.208847,-0.158835,-0.541964,0.015439,-0.047095,0.481594,1.201811,-0.761725,-0.050856,0.003286,0.326321,-0.406548,1.211277,0.516360,0.371300,0.016439,0.476889,0.021397,1.216625,-0.205827,0.426724,0.014441
3.200000,-0.310517,-0.255540,1.216657,0.476924,-0.169611,0.015492,-0.472110,0.214074,1.209146,-0.154651,-0.548649,0.014429,-0.062372,0.480533,1.201870,-0.765953,-0.055228,0.002652,0.336611,-0.399062,1.211594,0.512604,0.377236,0.015283,0.472697,0.029969,1.216901,-0.213325,0.430448,0.013143
3.220000,-0.300940,-0.258960,1.216954,0.480756,-0.172400,0.014204,-0.475162,0.203036,1.209424,-0.150559,-0.555126,0.013435,-0.077730,0.479386,1.201917,-0.769712,-0.059430,0.002052,0.346824,-0.391460,1.211889,0.508690,0.382921,0.014164,0.468357,0.038615,1.217151,-0.220642,0.434196,0.011874
3.240000,-0.291288,-0.262437,1.217226,0.484441,-0.175412,0.012943,-0.478133,0.191871,1.209683,-0.146553,-0.561366,0.012457,-0.093157,0.478157,1.201953,-0.772950,-0.063473,0.001488,0.356958,-0.383747,1.212161,0.504618,0.388370,0.013079,0.463873,0.047337,1.217376,-0.227781,0.437940,0.010635
3.260000,-0.281564,-0.265978,1.217472,0.487978,-0.178647,0.011708,-0.481025,0.180583,1.209923,-0.142635,-0.567368,0.011496,-0.108644,0.476848,1.201977,-0.775665,-0.067358,0.000959,0.367008,-0.375927,1.212412,0.500390,0.393581,0.012030,0.459247,0.056133,1.217577,-0.234740,0.441682,0.009426
3.280000,-0.271770,-0.269585,1.217694,0.491368,-0.182105,0.010500,-0.483839,0.169178,1.210143,-0.138803,-0.573132,0.010552,-0.124180,0.475464,1.201991,-0.777859,-0.071084,0.000465,0.376972,-0.368005,1.212642,0.496004,0.398555,0.011015,0.454484,0.065004,1.217754,-0.241522,0.445421,0.008246
3.300000,-0.261910,-0.273263,1.217892,0.494610,-0.185786,0.009318,-0.486578,0.157659,1.210345,-0.135059,-0.578659,0.009624,-0.139755,0.474006,1.201996,-0.779530,-0.074653,0.000006,0.386847,-0.359986,1.212853,0.491462,0.403293,0.010035,0.449587,0.073950,1.217907,-0.248125,0.449156,0.007096
3.320000,-0.251986,-0.277017,1.218067,0.497730,-0.189652,0.008166,-0.489242,0.146033,1.210528,-0.131384,-0.583932,0.008713,-0.155358,0.472478,1.201992,-0.780630,-0.078093,-0.000420,0.396630,-0.351875,1.213044,0.486769,0.407816,0.009088,0.444560,0.082970,1.218038,-0.254550,0.452853,0.005977
3.340000,-0.242001,-0.280850,1.218219,0.500753,-0.193665,0.007046,-0.491833,0.134304,1.210694,-0.127759,-0.588932,0.007821,-0.170976,0.470883,1.201979,-0.781107,-0.081435,-0.000815,0.406317,-0.343675,1.213217,0.481934,0.412146,0.008170,0.439407,0.092063,1.218146,-0.260799,0.456477,0.004890
3.360000,-0.231957,-0.284765,1.218349,0.503680,-0.197826,0.005958,-0.494353,0.122477,1.210841,-0.124184,-0.593659,0.006946,-0.186598,0.469222,1.201959,-0.780962,-0.084680,-0.001180,0.415906,-0.335390,1.213371,0.476956,0.416283,0.007282,0.434130,0.101229,1.218233,-0.266872,0.460027,0.003833
3.380000,-0.221855,-0.288764,1.218458,0.506509,-0.202134,0.004902,-0.496801,0.110559,1.210972,-0.120661,-0.598115,0.006089,-0.202210,0.467496,1.201932,-0.780195,-0.087826,-0.001515,0.425394,-0.327025,1.213508,0.471836,0.420228,0.006425,0.428733,0.110464,1.218300,-0.272769,0.463503,0.002808
3.400000,-0.211697,-0.292851,1.218545,0.509241,-0.206589,0.003878,-0.499180,0.098555,1.211085,-0.117188,-0.602298,0.005250,-0.217801,0.465709,1.201899,-0.778806,-0.090875,-0.001819,0.434779,-0.318582,1.213628,0.466573,0.423980,0.005597,0.423220,0.119768,1.218346,-0.278490,0.466905,0.001815
3.420000,-0.201486,-0.297029,1.218613,0.511909,-0.211141,0.002886,-0.501489,0.086469,1.211182,-0.113734,-0.606205,0.004430,-0.233358,0.463862,1.201860,-0.776767,-0.093861,-0.002093,0.444056,-0.310067,1.213732,0.461162,0.427555,0.004796,0.417595,0.129139,1.218373,-0.284032,0.470184,0.000853
3.440000,-0.191221,-0.301297,1.218661,0.514545,-0.215740,0.001926,-0.503729,0.074308,1.211262,-0.110269,-0.609833,0.003629,-0.248868,0.461955,1.201815,-0.774050,-0.096819,-0.002337,0.453224,-0.301481,1.213820,0.455597,0.430968,0.004021,0.411860,0.138574,1.218380,-0.289393,0.473292,-0.000077
3.460000,-0.180904,-0.305658,1.218690,0.517149,-0.220384,0.000998,-0.505899,0.062078,1.211327,-0.106793,-0.613182,0.002849,-0.264316,0.459989,1.201767,-0.770655,-0.099750,-0.002552,0.462279,-0.292829,1.213893,0.449877,0.434218,0.003270,0.406020,0.148070,1.218370,-0.294574,0.476228,-0.000976
3.480000,-0.170535,-0.310113,1.218701,0.519721,-0.225075,0.000103,-0.508000,0.049783,1.211376,-0.103305,-0.616252,0.002088,-0.279689,0.457965,1.201714,-0.766582,-0.102653,-0.002736,0.471218,-0.284114,1.213951,0.444003,0.437306,0.002545,0.400078,0.157622,1.218341,-0.299573,0.478992,-0.001844
3.500000,-0.160115,-0.314662,1.218695,0.522261,-0.229812,-0.000761,-0.510032,0.037429,1.211411,-0.099806,-0.619042,0.001348,-0.294975,0.455883,1.201657,-0.761831,-0.105528,-0.002892,0.480038,-0.275338,1.213995,0.437975,0.440232,0.001844,0.394038,0.167229,1.218296,-0.304392,0.481585,-0.002680
3.520000,-0.149645,-0.319305,1.218671,0.524775,-0.234531,-0.001594,-0.511992,0.025023,1.211430,-0.096255,-0.621546,0.000628,-0.310158,0.453744,1.201598,-0.756420,-0.108406,-0.003018,0.488736,-0.266505,1.214025,0.431796,0.443014,0.001165,0.387904,0.176884,1.218234,-0.309036,0.483952,-0.003486
3.540000,-0.139125,-0.324042,1.218631,0.527270,-0.239170,-0.002398,-0.513881,0.012570,1.211436,-0.092613,-0.623753,-0.000071,-0.325227,0.451547,1.201537,-0.750366,-0.111316,-0.003118,0.497309,-0.257618,1.214042,0.425473,0.445671,0.000506,0.381678,0.186585,1.218157,-0.313509,0.486041,-0.004262
3.560000,-0.128554,-0.328872,1.218575,0.529745,-0.243728,-0.003174,-0.515696,0.000075,1.211428,-0.088879,-0.625666,-0.000748,-0.340169,0.449291,1.201474,-0.743669,-0.114258,-0.003191,0.505754,-0.248679,1.214046,0.419003,0.448204,-0.000133,0.375364,0.196324,1.218064,-0.317813,0.487853,-0.005007
3.580000,-0.117935,-0.333791,1.218504,0.532201,-0.248206,-0.003921,-0.517436,-0.012455,1.211406,-0.085054,-0.627283,-0.001404,-0.354970,0.446976,1.201409,-0.736329,-0.117233,-0.003236,0.514068,-0.239691,1.214037,0.412389,0.450611,-0.000753,0.368967,0.206097,1.217957,-0.321947,0.489386,-0.005723
3.600000,-0.107266,-0.338799,1.218419,0.534637,-0.252602,-0.004639,-0.519098,-0.025014,1.211372,-0.081137,-0.628604,-0.002039,-0.369617,0.444602,1.201344,-0.728346,-0.120240,-0.003255,0.522249,-0.230656,1.214016,0.405629,0.452894,-0.001354,0.362488,0.215898,1.217835,-0.325912,0.490640,-0.006409
3.620000,-0.096550,-0.343894,1.218319,0.537047,-0.256850,-0.005331,-0.520680,-0.037597,1.211325,-0.077098,-0.629618,-0.002652,-0.384099,0.442166,1.201279,-0.719769,-0.123297,-0.003249,0.530292,-0.221576,1.213983,0.398728,0.455070,-0.001937,0.355931,0.225721,1.217701,-0.329720,0.491578,-0.007066
3.640000,-0.085785,-0.349072,1.218206,0.539422,-0.260882,-0.005998,-0.522181,-0.050197,1.211266,-0.072908,-0.630314,-0.003243,-0.398405,0.439669,1.201215,-0.710647,-0.126420,-0.003220,0.538197,-0.212453,1.213938,0.391693,0.457160,-0.002504,0.349300,0.235558,1.217553,-0.333386,0.492160,-0.007696
3.660000,-0.074973,-0.354328,1.218079,0.541764,-0.264696,-0.006639,-0.523596,-0.062808,1.211195,-0.068565,-0.630692,-0.003812,-0.412522,0.437109,1.201151,-0.700979,-0.129610,-0.003169,0.545959,-0.203290,1.213883,0.384522,0.459163,-0.003054,0.342597,0.245405,1.217393,-0.336909,0.492385,-0.008297
3.680000,-0.064115,-0.359658,1.217940,0.544071,-0.268294,-0.007256,-0.524922,-0.075423,1.211113,-0.064071,-0.630752,-0.004359,-0.426440,0.434484,1.201088,-0.690766,-0.132866,-0.003096,0.553577,-0.194087,1.213816,0.377217,0.461079,-0.003589,0.335824,0.255252,1.217221,-0.340291,0.492255,-0.008870
3.700000,-0.053210,-0.365058,1.217789,0.546344,-0.271676,-0.007847,-0.526158,-0.088036,1.211021,-0.059425,-0.630494,-0.004884,-0.440149,0.431794,1.201027,-0.680007,-0.136189,-0.003000,0.561047,-0.184847,1.213739,0.369776,0.462908,-0.004108,0.328986,0.265092,1.217038,-0.343530,0.491768,-0.009415
3.720000,-0.042261,-0.370523,1.217626,0.548571,-0.274780,-0.008415,-0.527298,-0.100640,1.210918,-0.054609,-0.629908,-0.005387,-0.453637,0.429036,1.200968,-0.668770,-0.139582,-0.002885,0.568367,-0.175572,1.213652,0.362201,0.464663,-0.004612,0.322084,0.274920,1.216845,-0.346646,0.490906,-0.009934
3.740000,-0.031268,-0.376047,1.217453,0.550740,-0.277549,-0.008961,-0.528341,-0.113230,1.210806,-0.049605,-0.628986,-0.005867,-0.466897,0.426210,1.200912,-0.657122,-0.143050,-0.002753,0.575534,-0.166261,1.213555,0.354493,0.466357,-0.005101,0.315121,0.284726,1.216641,-0.349658,0.489650,-0.010426
3.760000,-0.020232,-0.381623,1.217268,0.552850,-0.279982,-0.009485,-0.529281,-0.125797,1.210684,-0.044415,-0.627727,-0.006325,-0.479919,0.423314,1.200858,-0.645062,-0.146592,-0.002605,0.582546,-0.156918,1.213448,0.346651,0.467989,-0.005575,0.308098,0.294503,1.216428,-0.352567,0.488001,-0.010892
3.780000,-0.009154,-0.387244,1.217073,0.554902,-0.282078,-0.009987,-0.530116,-0.138337,1.210553,-0.039037,-0.626132,-0.006761,-0.492696,0.420346,1.200808,-0.632590,-0.150208,-0.002440,0.589399,-0.147542,1.213332,0.338674,0.469559,-0.006035,0.301019,0.304243,1.216206,-0.355372,0.485957,-0.011332
3.800000,0.001964,-0.392904,1.216869,0.556896,-0.283838,-0.010468,-0.530841,-0.150840,1.210413,-0.033471,-0.624200,-0.007175,-0.505220,0.417305,1.200761,-0.619707,-0.153899,-0.002259,0.596092,-0.138136,1.213207,0.330565,0.471068,-0.006481,0.293884,0.313939,1.215975,-0.358073,0.483520,-0.011746
3.820000,0.013121,-0.398595,1.216655,0.558802,-0.285227,-0.010926,-0.531454,-0.163302,1.210266,-0.027717,-0.621928,-0.007567,-0.517482,0.414190,1.200717,-0.606478,-0.157658,-0.002064,0.602621,-0.128700,1.213073,0.322319,0.472519,-0.006911,0.286696,0.323582,1.215736,-0.360691,0.480691,-0.012134
3.840000,0.024315,-0.404310,1.216432,0.560591,-0.286211,-0.011363,-0.531949,-0.175715,1.210111,-0.021770,-0.619313,-0.007936,-0.529477,0.410998,1.200678,-0.592970,-0.161482,-0.001859,0.608984,-0.119235,1.212930,0.313934,0.473916,-0.007327,0.279457,0.333164,1.215490,-0.363248,0.477472,-0.012499
3.860000,0.035544,-0.410041,1.216200,0.562263,-0.286788,-0.011777,-0.532323,-0.188072,1.209949,-0.015632,-0.616355,-0.008283,-0.541199,0.407730,1.200643,-0.579183,-0.165369,-0.001643,0.615177,-0.109744,1.212780,0.305411,0.475260,-0.007727,0.272167,0.342678,1.215236,-0.365742,0.473863,-0.012839
3.880000,0.046805,-0.415779,1.215961,0.563818,-0.286959,-0.012170,-0.532573,-0.200367,1.209780,-0.009301,-0.613054,-0.008608,-0.552643,0.404383,1.200612,-0.565117,-0.169321,-0.001417,0.621199,-0.100225,1.212621,0.296750,0.476550,-0.008113,0.264828,0.352116,1.214976,-0.368174,0.469864,-0.013155
3.900000,0.058096,-0.421517,1.215714,0.565256,-0.286724,-0.012541,-0.532694,-0.212592,1.209604,-0.002780,-0.609410,-0.008911,-0.563802,0.400957,1.200586,-0.550771,-0.173336,-0.001181,0.627047,-0.090682,1.212455,0.287950,0.477786,-0.008483,0.257440,0.361470,1.214710,-0.370545,0.465476,-0.013446
3.920000,0.069414,-0.427245,1.215459,0.566552,-0.286073,-0.012890,-0.532683,-0.224741,1.209423,0.003924,-0.605422,-0.009191,-0.574672,0.397449,1.200565,-0.536203,-0.177404,-0.000937,0.632716,-0.081114,1.212282,0.279001,0.478959,-0.008838,0.250006,0.370732,1.214439,-0.372872,0.460719,-0.013715
3.940000,0.080757,-0.432957,1.215198,0.567679,-0.284995,-0.013216,-0.532536,-0.236807,1.209237,0.010800,-0.601090,-0.009450,-0.585249,0.393860,1.200549,-0.521468,-0.181514,-0.000690,0.638206,-0.071524,1.212102,0.269896,0.480061,-0.009175,0.242526,0.379896,1.214162,-0.375173,0.455614,-0.013961
3.960000,0.092120,-0.438642,1.214931,0.568638,-0.283491,-0.013520,-0.532250,-0.248783,1.209046,0.017848,-0.596413,-0.009687,-0.595530,0.390188,1.200538,-0.506567,-0.185665,-0.000439,0.643511,-0.061912,1.211915,0.260633,0.481091,-0.009496,0.234999,0.388955,1.213880,-0.377450,0.450163,-0.014185
3.980000,0.103501,-0.444294,1.214658,0.569429,-0.281559,-0.013802,-0.531821,-0.260661,1.208850,0.025068,-0.591392,-0.009903,-0.605511,0.386433,1.200531,-0.491499,-0.189859,-0.000184,0.648630,-0.052281,1.211722,0.251212,0.482048,-0.009799,0.227428,0.397900,1.213595,-0.379702,0.444364,-0.014386
4.000000,0.114896,-0.449902,1.214379,0.570051,-0.279201,-0.014062,-0.531246,-0.272436,1.208650,0.032460,-0.586026,-0.010096,-0.615189,0.382594,1.200530,-0.476264,-0.194094,0.000075,0.653559,-0.042631,1.211523,0.241634,0.482934,-0.010085,0.219812,0.406727,1.213305,-0.381929,0.438218,-0.014566
4.020000,0.126302,-0.455459,1.214095,0.570486,-0.276428,-0.014299,-0.530521,-0.284100,1.208446,0.040005,-0.580318,-0.010269,-0.624561,0.378669,1.200534,-0.460908,-0.198352,0.000335,0.658294,-0.032964,1.211319,0.231888,0.483730,-0.010353,0.212151,0.415427,1.213012,-0.384143,0.431761,-0.014724
4.040000,0.137714,-0.460956,1.213807,0.570715,-0.273250,-0.014514,-0.529645,-0.295646,1.208239,0.047683,-0.574270,-0.010420,-0.633624,0.374660,1.200544,-0.445476,-0.202613,0.000594,0.662833,-0.023282,1.211109,0.221964,0.484418,-0.010602,0.204446,0.423995,1.212716,-0.386358,0.425030,-0.014863
4.060000,0.149129,-0.466386,1.213515,0.570736,-0.269669,-0.014707,-0.528613,-0.307068,1.208029,0.055494,-0.567882,-0.010552,-0.642379,0.370565,1.200558,-0.429968,-0.206879,0.000852,0.667171,-0.013588,1.210895,0.211862,0.484999,-0.010830,0.196697,0.432426,1.212418,-0.388573,0.418024,-0.014983
4.080000,0.160542,-0.471740,1.213219,0.570552,-0.265683,-0.014878,-0.527424,-0.318359,1.207817,0.063439,-0.561154,-0.010662,-0.650823,0.366385,1.200578,-0.414383,-0.211149,0.001108,0.671306,-0.003883,1.210676,0.201581,0.485471,-0.011039,0.188903,0.440715,1.212117,-0.390789,0.410745,-0.015083
4.100000,0.171950,-0.477011,1.212920,0.570160,-0.261293,-0.015027,-0.526075,-0.329512,1.207603,0.071516,-0.554086,-0.010751,-0.658954,0.362119,1.200602,-0.398723,-0.215422,0.001363,0.675233,0.005830,1.210454,0.191122,0.485836,-0.011228,0.181065,0.448854,1.211814,-0.393005,0.403192,-0.015163
4.120000,0.183347,-0.482190,1.212618,0.569554,-0.256528,-0.015155,-0.524563,-0.340521,1.207387,0.079703,-0.546687,-0.010821,-0.666771,0.357768,1.200632,-0.383024,-0.219680,0.001615,0.678950,0.015549,1.210227,0.180473,0.486077,-0.011396,0.173183,0.456841,1.211511,-0.395230,0.395409,-0.015225
4.140000,0.194731,-0.487270,1.212314,0.568727,-0.251419,-0.015261,-0.522886,-0.351378,1.207170,0.087974,-0.538966,-0.010872,-0.674275,0.353332,1.200667,-0.367323,-0.223904,0.001861,0.682451,0.025272,1.209998,0.169623,0.486176,-0.011542,0.165256,0.464670,1.211206,-0.397474,0.387443,-0.015272
4.160000,0.206095,-0.492244,1.212008,0.567677,-0.245964,-0.015345,-0.521043,-0.362077,1.206952,0.096329,-0.530923,-0.010904,-0.681464,0.348812,1.200707,-0.351620,-0.228093,0.002100,0.685733,0.034996,1.209766,0.158571,0.486134,-0.011667,0.157284,0.472337,1.210900,-0.399735,0.379294,-0.015301
4.180000,0.217436,-0.497106,1.211700,0.566406,-0.240165,-0.015408,-0.519032,-0.372612,1.206734,0.104768,-0.522558,-0.010917,-0.688340,0.344208,1.200751,-0.335916,-0.232249,0.002334,0.688793,0.044717,1.209531,0.147317,0.485951,-0.011770,0.149266,0.479840,1.210594,-0.402015,0.370960,-0.015315
4.200000,0.228750,-0.501848,1.211392,0.564912,-0.234020,-0.015450,-0.516852,-0.382977,1.206516,0.113292,-0.513872,-0.010912,-0.694901,0.339522,1.200800,-0.320210,-0.236370,0.002561,0.691625,0.054433,1.209295,0.135862,0.485627,-0.011852,0.141203,0.487174,1.210287,-0.404313,0.362444,-0.015312
4.220000,0.240031,-0.506465,1.211082,0.563197,-0.227570,-0.015472,-0.514500,-0.393165,1.206298,0.121874,-0.504883,-0.010888,-0.701148,0.334754,1.200853,-0.304534,-0.240440,0.002780,0.694226,0.064141,1.209057,0.124199,0.485145,-0.011912,0.133093,0.494337,1.209981,-0.406623,0.353771,-0.015295
4.240000,0.251276,-0.510949,1.210773,0.561259,-0.220854,-0.015474,-0.511977,-0.403171,1.206080,0.130489,-0.495613,-0.010847,-0.707083,0.329905,1.200911,-0.288921,-0.244443,0.002987,0.696591,0.073837,1.208819,0.112320,0.484486,-0.011949,0.124938,0.501324,1.209676,-0.408939,0.344970,-0.015263
4.260000,0.262480,-0.515297,1.210464,0.559099,-0.213872,-0.015458,-0.509280,-0.412988,1.205864,0.139136,-0.486060,-0.010790,-0.712705,0.324977,1.200973,-0.273371,-0.248378,0.003184,0.698717,0.083519,1.208580,0.100226,0.483651,-0.011964,0.116736,0.508135,1.209371,-0.411262,0.336041,-0.015216
4.280000,0.273639,-0.519502,1.210155,0.556716,-0.206624,-0.015422,-0.506411,-0.422611,1.205649,0.147817,-0.476226,-0.010716,-0.718018,0.319970,1.201038,-0.257883,-0.252247,0.003369,0.700599,0.093182,1.208340,0.087917,0.482640,-0.011957,0.108487,0.514765,1.209067,-0.413592,0.326984,-0.015156
4.300000,0.284747,-0.523560,1.209847,0.554111,-0.199109,-0.015367,-0.503368,-0.432035,1.205435,0.156530,-0.466109,-0.010625,-0.723021,0.314887,1.201107,-0.242457,-0.256048,0.003542,0.702232,0.102823,1.208101,0.075393,0.481452,-0.011928,0.100192,0.521213,1.208765,-0.415928,0.317799,-0.015082
4.320000,0.295802,-0.527465,1.209540,0.551275,-0.191348,-0.015294,-0.500150,-0.441254,1.205224,0.165252,-0.455742,-0.010518,-0.727717,0.309729,1.201180,-0.227127,-0.259771,0.003701,0.703613,0.112439,1.207863,0.062661,0.480079,-0.011878,0.091850,0.527476,1.208464,-0.418264,0.308494,-0.014994
4.340000,0.306797,-0.531213,1.209235,0.548200,-0.183358,-0.015204,-0.496758,-0.450263,1.205015,0.173960,-0.445155,-0.010397,-0.732107,0.304497,1.201255,-0.211923,-0.263403,0.003843,0.704737,0.122025,1.207626,0.049729,0.478512,-0.011807,0.083462,0.533552,1.208165,-0.420591,0.299075,-0.014894
4.360000,0.317728,-0.534798,1.208932,0.544885,-0.175141,-0.015097,-0.493191,-0.459059,1.204808,0.182653,-0.434349,-0.010260,-0.736195,0.299193,1.201334,-0.196846,-0.266944,0.003967,0.705601,0.131578,1.207391,0.036597,0.476749,-0.011715,0.075027,0.539439,1.207868,-0.422911,0.289542,-0.014782
4.380000,0.328590,-0.538217,1.208631,0.541330,-0.166695,-0.014973,-0.489452,-0.467636,1.204605,0.191332,-0.423322,-0.010109,-0.739982,0.293820,1.201414,-0.181895,-0.270394,0.004073,0.706200,0.141094,1.207158,0.023263,0.474792,-0.011603,0.066545,0.545133,1.207574,-0.425224,0.279896,-0.014657
4.400000,0.339380,-0.541464,1.208333,0.537536,-0.158021,-0.014832,-0.485538,-0.475990,1.204404,0.199997,-0.412076,-0.009943,-0.743471,0.288378,1.201496,-0.167072,-0.273754,0.004162,0.706530,0.150569,1.206927,0.009730,0.472640,-0.011470,0.058018,0.550634,1.207282,-0.427528,0.270137,-0.014520
4.420000,0.350090,-0.544536,1.208038,0.533483,-0.149123,-0.014675,-0.481452,-0.484117,1.204207,0.208635,-0.400629,-0.009764,-0.746666,0.282870,1.201580,-0.152389,-0.277024,0.004228,0.706588,0.159998,1.206699,-0.003977,0.470289,-0.011319,0.049444,0.555938,1.206993,-0.429803,0.260240,-0.014370
4.440000,0.360717,-0.547428,1.207746,0.529148,-0.140005,-0.014503,-0.477193,-0.492014,1.204014,0.217233,-0.388999,-0.009574,-0.749568,0.277298,1.201665,-0.137860,-0.280203,0.004266,0.706370,0.169379,1.206475,-0.017830,0.467734,-0.011149,0.040826,0.561042,1.206707,-0.432027,0.250179,-0.014210
4.460000,0.371254,-0.550135,1.207458,0.524533,-0.130668,-0.014317,-0.472763,-0.499676,1.203824,0.225791,-0.377187,-0.009373,-0.752181,0.271663,1.201751,-0.123487,-0.283292,0.004276,0.705874,0.178706,1.206253,-0.031829,0.464976,-0.010963,0.032164,0.565944,1.206425,-0.434199,0.239955,-0.014039
4.480000,0.381696,-0.552653,1.207174,0.519637,-0.121111,-0.014115,-0.468162,-0.507100,1.203639,0.234310,-0.365191,-0.009162,-0.754508,0.265967,1.201836,-0.109267,-0.286290,0.004258,0.705096,0.187976,1.206036,-0.045975,0.462015,-0.010759,0.023458,0.570639,1.206146,-0.436319,0.229569,-0.013857
4.500000,0.392038,-0.554978,1.206894,0.514460,-0.111335,-0.013899,-0.463391,-0.514283,1.203458,0.242789,-0.353013,-0.008939,-0.756553,0.260212,1.201921,-0.095203,-0.289198,0.004212,0.704034,0.197185,1.205823,-0.060266,0.458851,-0.010537,0.014711,0.575125,1.205871,-0.438389,0.219019,-0.013663
4.520000,0.402273,-0.557105,1.206618,0.508991,-0.101341,-0.013669,-0.458450,-0.521220,1.203281,0.251218,-0.340683,-0.008707,-0.758318,0.254399,1.202004,-0.081304,-0.292016,0.004140,0.702685,0.206329,1.205615,-0.074663,0.455489,-0.010301,0.005923,0.579399,1.205599,-0.440382,0.208285,-0.013460
4.540000,0.412395,-0.559030,1.206347,0.503218,-0.091131,-0.013428,-0.453342,-0.527909,1.203109,0.259585,-0.328233,-0.008468,-0.759806,0.248532,1.202086,-0.067581,-0.294743,0.004043,0.701047,0.215404,1.205411,-0.089124,0.451935,-0.010052,-0.002903,0.583456,1.205332,-0.442275,0.197347,-0.013246
4.560000,0.422400,-0.560749,1.206081,0.497140,-0.080705,-0.013175,-0.448067,-0.534348,1.202942,0.267891,-0.315663,-0.008221,-0.761022,0.242610,1.202166,-0.054034,-0.297380,0.003921,0.699119,0.224405,1.205213,-0.103648,0.448189,-0.009790,-0.011767,0.587291,1.205069,-0.444067,0.186203,-0.013023
4.580000,0.432279,-0.562257,1.205820,0.490758,-0.070063,-0.012910,-0.442627,-0.540535,1.202781,0.276134,-0.302973,-0.007966,-0.761969,0.236637,1.202243,-0.040664,-0.299926,0.003773,0.696901,0.233330,1.205020,-0.118237,0.444251,-0.009516,-0.020665,0.590902,1.204811,-0.445759,0.174855,-0.012791
4.600000,0.442028,-0.563550,1.205565,0.484072,-0.059205,-0.012633,-0.437023,-0.546466,1.202624,0.284317,-0.290162,-0.007703,-0.762650,0.230614,1.202317,-0.027470,-0.302381,0.003600,0.694389,0.242174,1.204832,-0.132889,0.440122,-0.009229,-0.029597,0.594284,1.204558,-0.447350,0.163302,-0.012549
4.620000,0.451640,-0.564623,1.205315,0.477080,-0.048131,-0.012347,-0.431255,-0.552141,1.202473,0.292433,-0.277261,-0.007435,-0.763069,0.224542,1.202387,-0.014448,-0.304748,0.003409,0.691585,0.250934,1.204651,-0.147559,0.435811,-0.008934,-0.038559,0.597433,1.204309,-0.448813,0.151527,-0.012299
4.640000,0.461109,-0.565474,1.205071,0.469780,-0.036841,-0.012053,-0.425326,-0.557557,1.202327,0.300479,-0.264302,-0.007164,-0.763229,0.218425,1.202453,-0.001596,-0.307030,0.003208,0.688487,0.259605,1.204475,-0.162199,0.431329,-0.008635,-0.047548,0.600344,1.204066,-0.450120,0.139516,-0.012042
4.660000,0.470429,-0.566096,1.204833,0.462173,-0.025336,-0.011752,-0.419236,-0.562713,1.202186,0.308456,-0.251284,-0.006889,-0.763134,0.212262,1.202515,0.011088,-0.309226,0.002996,0.685097,0.268186,1.204305,-0.176810,0.426676,-0.008331,-0.056562,0.603012,1.203828,-0.451270,0.127266,-0.011777
4.680000,0.479594,-0.566486,1.204601,0.454259,-0.013615,-0.011443,-0.412988,-0.567608,1.202051,0.316362,-0.238208,-0.006611,-0.762786,0.206056,1.202573,0.023603,-0.311337,0.002773,0.681415,0.276671,1.204142,-0.191391,0.421851,-0.008023,-0.065598,0.605433,1.203595,-0.452265,0.114780,-0.011505
4.700000,0.488597,-0.566639,1.204375,0.446037,-0.001678,-0.011127,-0.406582,-0.572240,1.201922,0.324199,-0.225072,-0.006329,-0.762191,0.199809,1.202626,0.035949,-0.313362,0.002540,0.677442,0.285059,1.203984,-0.205943,0.416856,-0.007710,-0.074652,0.607602,1.203368,-0.453104,0.102056,-0.011226
4.720000,0.497433,-0.566551,1.204156,0.437520,0.010470,-0.010805,-0.400020,-0.576610,1.201798,0.331967,-0.211905,-0.006046,-0.761350,0.193522,1.202674,0.048131,-0.315314,0.002302,0.673178,0.293344,1.203833,-0.220417,0.411700,-0.007398,-0.083721,0.609513,1.203146,-0.453767,0.089091,-0.010941
4.740000,0.506096,-0.566219,1.203943,0.428722,0.022824,-0.010479,-0.393304,-0.580717,1.201680,0.339668,-0.198731,-0.005761,-0.760266,0.187197,1.202718,0.060152,-0.317208,0.002064,0.668626,0.301526,1.203688,-0.234769,0.406396,-0.007093,-0.092801,0.611164,1.202930,-0.454235,0.075882,-0.010652
4.760000,0.514580,-0.565637,1.203737,0.419643,0.035385,-0.010150,-0.386434,-0.584559,1.201567,0.347302,-0.185552,-0.005475,-0.758945,0.180834,1.202757,0.072013,-0.319041,0.001828,0.663788,0.309599,1.203549,-0.248996,0.400944,-0.006795,-0.101889,0.612547,1.202720,-0.454507,0.062429,-0.010357
4.780000,0.522880,-0.564802,1.203537,0.410282,0.048152,-0.009817,-0.379412,-0.588139,1.201461,0.354870,-0.172366,-0.005188,-0.757387,0.174436,1.202791,0.083714,-0.320816,0.001592,0.658667,0.317562,1.203417,-0.263101,0.395343,-0.006504,-0.110980,0.613659,1.202516,-0.454583,0.048732,-0.010058
4.800000,0.530990,-0.563709,1.203344,0.400639,0.061125,-0.009480,-0.372240,-0.591454,1.201360,0.362370,-0.159174,-0.004901,-0.755597,0.168002,1.202821,0.095255,-0.322530,0.001357,0.653265,0.325412,1.203289,-0.277081,0.389594,-0.006219,-0.120071,0.614495,1.202318,-0.454464,0.034790,-0.009754
4.820000,0.538904,-0.562356,1.203158,0.390736,0.074294,-0.009141,-0.364918,-0.594506,1.201265,0.369808,-0.146009,-0.004613,-0.753578,0.161535,1.202845,0.106638,-0.324206,0.001127,0.647585,0.333145,1.203168,-0.290902,0.383711,-0.005942,-0.129157,0.615049,1.202126,-0.454140,0.020616,-0.009447
4.840000,0.546618,-0.560736,1.202978,0.380594,0.087650,-0.008801,-0.357448,-0.597295,1.201175,0.377187,-0.132901,-0.004328,-0.751333,0.155034,1.202866,0.117866,-0.325862,0.000906,0.641630,0.340760,1.203052,-0.304526,0.377709,-0.005673,-0.138235,0.615318,1.201940,-0.453600,0.006219,-0.009137
4.860000,0.554126,-0.558848,1.202806,0.370212,0.101192,-0.008461,-0.349831,-0.599822,1.201092,0.384507,-0.119851,-0.004044,-0.748864,0.148500,1.202882,0.128938,-0.327499,0.000693,0.635405,0.348253,1.202941,-0.317953,0.371589,-0.005413,-0.147300,0.615296,1.201760,-0.452845,-0.008400,-0.008826
4.880000,0.561425,-0.556688,1.202640,0.359591,0.114920,-0.008121,-0.342068,-0.602089,1.201014,0.391769,-0.106858,-0.003762,-0.746176,0.141934,1.202894,0.139855,-0.329117,0.000490,0.628913,0.355622,1.202835,-0.331184,0.365349,-0.005161,-0.156348,0.614980,1.201587,-0.451875,-0.023241,-0.008512
4.900000,0.568508,-0.554250,1.202481,0.348730,0.128834,-0.007779,-0.334160,-0.604097,1.200941,0.398972,-0.093923,-0.003482,-0.743271,0.135336,1.202901,0.150617,-0.330716,0.000295,0.622159,0.362866,1.202734,-0.344219,0.358990,-0.004918,-0.165374,0.614365,1.201420,-0.450690,-0.038305,-0.008196
4.920000,0.575372,-0.551533,1.202329,0.337656,0.142916,-0.007438,-0.326109,-0.605847,1.200874,0.406114,-0.081080,-0.003206,-0.740152,0.128705,1.202905,0.161223,-0.332316,0.000111,0.615146,0.369981,1.202638,-0.357034,0.352532,-0.004684,-0.174374,0.613447,1.201259,-0.449290,-0.053565,-0.007880
4.940000,0.582013,-0.548533,1.202183,0.326395,0.157148,-0.007099,-0.317916,-0.607341,1.200813,0.413193,-0.068364,-0.002935,-0.736823,0.122043,1.202906,0.171673,-0.333938,-0.000060,0.607879,0.376967,1.202547,-0.369609,0.345990,-0.004459,-0.183344,0.612222,1.201104,-0.447676,-0.068997,-0.007565
4.960000,0.588427,-0.545246,1.202045,0.314947,0.171530,-0.006761,-0.309582,-0.608582,1.200757,0.420210,-0.055774,-0.002670,-0.733287,0.115348,1.202903,0.181967,-0.335582,-0.000217,0.600363,0.383820,1.202460,-0.381942,0.339367,-0.004244,-0.192279,0.610686,1.200956,-0.445848,-0.084601,-0.007250
4.980000,0.594610,-0.541670,1.201913,0.303311,0.186063,-0.006424,-0.301108,-0.609573,1.200706,0.427165,-0.043311,-0.002410,-0.729546,0.108619,1.202897,0.192105,-0.337248,-0.000362,0.592603,0.390541,1.202377,-0.394035,0.332662,-0.004038,-0.201176,0.608836,1.200814,-0.443806,-0.100376,-0.006936
5.000000,0.600558,-0.537803,1.201788,0.291489,0.200745,-0.006089,-0.292496,-0.610315,1.200660,0.434057,-0.030974,-0.002156,-0.725603,0.101858,1.202889,0.202086,-0.338937,-0.000494,0.584603,0.397126,1.202298,-0.405886,0.325875,-0.003842,-0.210030,0.606670,1.200679,-0.441551,-0.116323,-0.006623
5.020000,0.606268,-0.533640,1.201669,0.279510,0.215548,-0.005755,-0.283746,-0.610813,1.200620,0.440900,-0.018796,-0.001908,-0.721463,0.095062,1.202878,0.211906,-0.340662,-0.000613,0.576369,0.403575,1.202223,-0.417483,0.319032,-0.003656,-0.218837,0.604183,1.200550,-0.439093,-0.132402,-0.006313
5.040000,0.611738,-0.529180,1.201558,0.267406,0.230443,-0.005425,-0.274860,-0.611069,1.200584,0.447707,-0.006810,-0.001668,-0.717128,0.088231,1.202864,0.221556,-0.342438,-0.000719,0.567906,0.409887,1.202152,-0.428813,0.312161,-0.003481,-0.227593,0.601373,1.200426,-0.436444,-0.148576,-0.006006
5.060000,0.616964,-0.524422,1.201452,0.255178,0.245430,-0.005096,-0.265838,-0.611086,1.200553,0.454479,0.004985,-0.001434,-0.712602,0.081364,1.202849,0.231038,-0.344265,-0.000811,0.559218,0.416062,1.202084,-0.439877,0.305262,-0.003316,-0.236293,0.598239,1.200309,-0.433605,-0.164844,-0.005703
5.080000,0.621944,-0.519362,1.201354,0.242825,0.260509,-0.004770,-0.256681,-0.610870,1.200527,0.461216,0.016589,-0.001207,-0.707888,0.074460,1.202832,0.240351,-0.346143,-0.000891,0.550312,0.422098,1.202019,-0.450673,0.298333,-0.003162,-0.244936,0.594779,1.200198,-0.430575,-0.181206,-0.005403
5.100000,0.626676,-0.514001,1.201262,0.230347,0.275680,-0.004447,-0.247390,-0.610424,1.200505,0.467917,0.028001,-0.000987,-0.702989,0.067518,1.202813,0.249496,-0.348072,-0.000958,0.541193,0.427995,1.201957,-0.461202,0.291376,-0.003018,-0.253515,0.590990,1.200093,-0.427354,-0.197661,-0.005107
5.120000,0.631157,-0.508335,1.201176,0.217779,0.290904,-0.004126,-0.237965,-0.609752,1.200487,0.474590,0.039202,-0.000774,-0.697909,0.060537,1.202794,0.258457,-0.350053,-0.001014,0.531866,0.433753,1.201898,-0.471463,0.284425,-0.002886,-0.262029,0.586872,1.199994,-0.423966,-0.214161,-0.004817
5.140000,0.635387,-0.502364,1.201096,0.205158,0.306141,-0.003807,-0.228406,-0.608858,1.200474,0.481241,0.050174,-0.000569,-0.692652,0.053515,1.202773,0.267222,-0.352088,-0.001060,0.522337,0.439372,1.201842,-0.481456,0.277515,-0.002765,-0.270473,0.582424,1.199900,-0.420438,-0.230654,-0.004533
5.160000,0.639363,-0.496089,1.201024,0.192484,0.321391,-0.003491,-0.218715,-0.607746,1.200464,0.487871,0.060916,-0.000371,-0.687222,0.046453,1.202751,0.275788,-0.354176,-0.001098,0.512610,0.444854,1.201788,-0.491179,0.270645,-0.002656,-0.278845,0.577646,1.199813,-0.416767,-0.247141,-0.004255
5.180000,0.643086,-0.489509,1.200957,0.179756,0.336654,-0.003178,-0.208892,-0.606422,1.200459,0.494479,0.071429,-0.000181,-0.681622,0.039348,1.202729,0.284158,-0.356318,-0.001126,0.502691,0.450198,1.201736,-0.500634,0.263816,-0.002558,-0.287143,0.572538,1.199730,-0.412955,-0.263622,-0.003984
5.200000,0.646553,-0.482623,1.200896,0.166974,0.351930,-0.002868,-0.198936,-0.604891,1.200457,0.501066,0.081712,0.000002,-0.675857,0.032200,1.202706,0.292330,-0.358513,-0.001144,0.492586,0.455407,1.201685,-0.509819,0.257028,-0.002472,-0.295362,0.567101,1.199653,-0.409001,-0.280096,-0.003719
5.220000,0.649764,-0.475432,1.200842,0.154177,0.367174,-0.002559,-0.188849,-0.603156,1.200459,0.507629,0.091756,0.000177,-0.669930,0.025007,1.202683,0.300299,-0.360757,-0.001155,0.482300,0.460480,1.201637,-0.518745,0.250318,-0.002398,-0.303502,0.561335,1.199581,-0.404944,-0.296507,-0.003462
5.240000,0.652720,-0.467936,1.200794,0.141405,0.382338,-0.002253,-0.178631,-0.601222,1.200464,0.514169,0.101551,0.000344,-0.663846,0.017769,1.202660,0.308059,-0.363042,-0.001161,0.471838,0.465420,1.201589,-0.527418,0.243727,-0.002336,-0.311560,0.555241,1.199515,-0.400822,-0.312800,-0.003214
5.260000,0.655421,-0.460139,1.200752,0.128658,0.397423,-0.001949,-0.168283,-0.599095,1.200473,0.520685,0.111099,0.000504,-0.657609,0.010485,1.202637,0.315610,-0.365371,-0.001161,0.461205,0.470230,1.201543,-0.535840,0.237254,-0.002287,-0.319534,0.548823,1.199453,-0.396634,-0.328974,-0.002975
5.280000,0.657867,-0.452040,1.200716,0.115935,0.412429,-0.001646,-0.157804,-0.596780,1.200484,0.527177,0.120398,0.000656,-0.651223,0.003154,1.202614,0.322953,-0.367741,-0.001155,0.450406,0.474911,1.201498,-0.544010,0.230899,-0.002250,-0.327425,0.542083,1.199396,-0.392381,-0.345028,-0.002744
5.300000,0.660058,-0.443642,1.200686,0.103237,0.427356,-0.001346,-0.147196,-0.594281,1.200499,0.533645,0.129448,0.000800,-0.644692,-0.004225,1.202591,0.330087,-0.370154,-0.001143,0.439446,0.479467,1.201453,-0.551928,0.224662,-0.002226,-0.335229,0.535023,1.199343,-0.388063,-0.360964,-0.002523
5.320000,0.661997,-0.434947,1.200662,0.090610,0.442145,-0.001049,-0.136458,-0.591604,1.200516,0.540079,0.138249,0.000937,-0.638021,-0.011652,1.202568,0.337013,-0.372597,-0.001127,0.428331,0.483899,1.201409,-0.559607,0.218573,-0.002213,-0.342947,0.527646,1.199295,-0.383711,-0.376726,-0.002312
5.340000,0.663684,-0.425957,1.200644,0.078099,0.456737,-0.000759,-0.125593,-0.588753,1.200536,0.546470,0.146799,0.001067,-0.631213,-0.019129,1.202546,0.343730,-0.375055,-0.001109,0.417064,0.488211,1.201364,-0.567056,0.212662,-0.002213,-0.350578,0.519956,1.199250,-0.379355,-0.392262,-0.002111
5.360000,0.665121,-0.416678,1.200632,0.065705,0.471132,-0.000474,-0.114600,-0.585733,1.200559,0.552818,0.155098,0.001189,-0.624273,-0.026655,1.202524,0.350239,-0.377530,-0.001088,0.405650,0.492406,1.201320,-0.574277,0.206929,-0.002226,-0.358121,0.511957,1.199210,-0.374996,-0.407571,-0.001920
5.380000,0.666313,-0.407113,1.200625,0.053427,0.485331,-0.000196,-0.103480,-0.582550,1.200584,0.559122,0.163145,0.001304,-0.617205,-0.034230,1.202502,0.356539,-0.380022,-0.001065,0.394094,0.496489,1.201275,-0.581269,0.201374,-0.002250,-0.365577,0.503654,1.199173,-0.370634,-0.422652,-0.001740
5.400000,0.667259,-0.397267,1.200624,0.041266,0.499332,0.000076,-0.092235,-0.579209,1.200611,0.565383,0.170942,0.001412,-0.610013,-0.041856,1.202481,0.362632,-0.382529,-0.001039,0.382401,0.500462,1.201230,-0.588033,0.195998,-0.002287,-0.372946,0.495052,1.199140,-0.366268,-0.437507,-0.001571
5.420000,0.667964,-0.387142,1.200628,0.029258,0.513075,0.000341,-0.080866,-0.575714,1.200640,0.571584,0.178493,0.001513,-0.602701,-0.049531,1.202461,0.368521,-0.385033,-0.001013,0.370574,0.504330,1.201184,-0.594577,0.190813,-0.002335,-0.380228,0.486156,1.199111,-0.361924,-0.452087,-0.001412
5.440000,0.668431,-0.376746,1.200637,0.017441,0.526499,0.000595,-0.069372,-0.572071,1.200671,0.577708,0.185804,0.001606,-0.595274,-0.057257,1.202441,0.374212,-0.387514,-0.000986,0.358619,0.508096,1.201136,-0.600910,0.185832,-0.002394,-0.387424,0.476971,1.199084,-0.357627,-0.466345,-0.001265
5.460000,0.668663,-0.366084,1.200652,0.005814,0.539602,0.000839,-0.057758,-0.568284,1.200704,0.583756,0.192875,0.001693,-0.587734,-0.065032,1.202421,0.379706,-0.389970,-0.000961,0.346539,0.511765,1.201088,-0.607032,0.181056,-0.002465,-0.394534,0.467504,1.199060,-0.353377,-0.480281,-0.001129
5.480000,0.668665,-0.355164,1.200671,-0.005622,0.552386,0.001072,-0.046023,-0.564358,1.200739,0.589726,0.199706,0.001773,-0.580087,-0.072855,1.202402,0.385002,-0.392404,-0.000935,0.334339,0.515340,1.201038,-0.612942,0.176484,-0.002547,-0.401559,0.457762,1.199039,-0.349173,-0.493895,-0.001004
5.500000,0.668440,-0.343991,1.200695,-0.016868,0.564850,0.001296,-0.034169,-0.560297,1.200775,0.595619,0.206297,0.001846,-0.572335,-0.080728,1.202384,0.390101,-0.394813,-0.000910,0.322023,0.518826,1.200986,-0.618642,0.172117,-0.002640,-0.408501,0.447751,1.199020,-0.345016,-0.507186,-0.000890
5.520000,0.667991,-0.332572,1.200723,-0.027896,0.576939,0.001507,-0.022199,-0.556107,1.200813,0.601413,0.212660,0.001912,-0.564484,-0.088648,1.202366,0.395012,-0.397175,-0.000887,0.309595,0.522226,1.200932,-0.624139,0.167949,-0.002743,-0.415360,0.437477,1.199003,-0.340922,-0.520117,-0.000788
5.540000,0.667325,-0.320916,1.200755,-0.038677,0.588599,0.001705,-0.010114,-0.551792,1.200852,0.607086,0.218808,0.001972,-0.556536,-0.096614,1.202348,0.399747,-0.399462,-0.000866,0.297059,0.525545,1.200876,-0.629444,0.163976,-0.002855,-0.422138,0.426948,1.198988,-0.336907,-0.532650,-0.000697
5.560000,0.666446,-0.309031,1.200791,-0.049211,0.599831,0.001888,0.002084,-0.547356,1.200892,0.612637,0.224739,0.002025,-0.548495,-0.104626,1.202331,0.404306,-0.401676,-0.000849,0.284418,0.528786,1.200818,-0.634557,0.160197,-0.002977,-0.428837,0.416173,1.198975,-0.332970,-0.544785,-0.000617
5.580000,0.665359,-0.296926,1.200830,-0.059498,0.610633,0.002057,0.014391,-0.542804,1.200933,0.618068,0.230454,0.002072,-0.540365,-0.112681,1.202314,0.408687,-0.403816,-0.000835,0.271678,0.531954,1.200757,-0.639477,0.156614,-0.003107,-0.435458,0.405160,1.198963,-0.329112,-0.556521,-0.000548
5.600000,0.664068,-0.284609,1.200873,-0.069538,0.621006,0.002213,0.026806,-0.538140,1.200974,0.623377,0.235954,0.002112,-0.532149,-0.120778,1.202298,0.412893,-0.405882,-0.000823,0.258840,0.535052,1.200694,-0.644204,0.153224,-0.003247,-0.442002,0.393915,1.198953,-0.325333,-0.567859,-0.000491
5.620000,0.662579,-0.272089,1.200919,-0.079312,0.630904,0.002353,0.039325,-0.533367,1.201017,0.628539,0.241254,0.002146,-0.523850,-0.128915,1.202281,0.416938,-0.407850,-0.000816,0.245911,0.538084,1.200627,-0.648745,0.150003,-0.003394,-0.448472,0.382448,1.198944,-0.321642,-0.578772,-0.000445
5.640000,0.660897,-0.259376,1.200967,-0.088801,0.640283,0.002475,0.051946,-0.528491,1.201060,0.633527,0.246373,0.002174,-0.515472,-0.137091,1.202265,0.420841,-0.409694,-0.000814,0.232892,0.541053,1.200558,-0.653104,0.146923,-0.003546,-0.454868,0.370767,1.198935,-0.318049,-0.589235,-0.000409
5.660000,0.659029,-0.246481,1.201018,-0.098004,0.649141,0.002580,0.064665,-0.523514,1.201104,0.638341,0.251309,0.002195,-0.507018,-0.145302,1.202249,0.424600,-0.411415,-0.000817,0.219788,0.543962,1.200485,-0.657281,0.143984,-0.003705,-0.461194,0.358882,1.198927,-0.314554,-0.599247,-0.000383
5.680000,0.656979,-0.233414,1.201070,-0.106922,0.657479,0.002667,0.077479,-0.518440,1.201148,0.642981,0.256062,0.002211,-0.498489,-0.153547,1.202232,0.428217,-0.413013,-0.000826,0.206602,0.546813,1.200409,-0.661277,0.141186,-0.003868,-0.467451,0.346801,1.198920,-0.311157,-0.608809,-0.000367
5.700000,0.654754,-0.220185,1.201124,-0.115554,0.665298,0.002737,0.090383,-0.513272,1.201192,0.647447,0.260633,0.002220,-0.489890,-0.161822,1.202216,0.431690,-0.414488,-0.000839,0.193338,0.549610,1.200330,-0.665092,0.138530,-0.004038,-0.473641,0.334532,1.198912,-0.307858,-0.617921,-0.000362
5.720000,0.652359,-0.206806,1.201179,-0.123891,0.672563,0.002789,0.103375,-0.508015,1.201237,0.651710,0.265042,0.002223,-0.481222,-0.170125,1.202199,0.435041,-0.415819,-0.000858,0.179999,0.552355,1.200248,-0.668732,0.135988,-0.004211,-0.479766,0.322087,1.198905,-0.304657,-0.626567,-0.000365
5.740000,0.649800,-0.193287,1.201236,-0.131920,0.679242,0.002820,0.116450,-0.502672,1.201281,0.655741,0.269307,0.002220,-0.472489,-0.178454,1.202181,0.438287,-0.416988,-0.000883,0.166590,0.555050,1.200162,-0.672207,0.133537,-0.004385,-0.485828,0.309473,1.198898,-0.301555,-0.634730,-0.000377
5.760000,0.647084,-0.179640,1.201292,-0.139643,0.685336,0.002831,0.129603,-0.497244,1.201326,0.659541,0.273428,0.002213,-0.463692,-0.186804,1.202163,0.441430,-0.417993,-0.000915,0.153112,0.557697,1.200073,-0.675514,0.131174,-0.004559,-0.491829,0.296701,1.198890,-0.298551,-0.642413,-0.000395
5.780000,0.644216,-0.165877,1.201349,-0.147059,0.690844,0.002823,0.142830,-0.491735,1.201370,0.663109,0.277405,0.002199,-0.454832,-0.195172,1.202145,0.444470,-0.418835,-0.000953,0.139570,0.560298,1.199980,-0.678656,0.128901,-0.004735,-0.497771,0.283780,1.198882,-0.295647,-0.649613,-0.000422
5.800000,0.641204,-0.152010,1.201405,-0.154168,0.695766,0.002795,0.156126,-0.486149,1.201413,0.666446,0.281239,0.002180,-0.445913,-0.203556,1.202125,0.447405,-0.419514,-0.000997,0.125967,0.562854,1.199883,-0.681630,0.126717,-0.004912,-0.503656,0.270719,1.198873,-0.292841,-0.656332,-0.000455
5.820000,0.638052,-0.138050,1.201460,-0.160968,0.700087,0.002746,0.169486,-0.480487,1.201457,0.669516,0.284951,0.002156,-0.436937,-0.211952,1.202105,0.450250,-0.420014,-0.001047,0.112306,0.565367,1.199783,-0.684431,0.124599,-0.005088,-0.509485,0.257530,1.198864,-0.290127,-0.662564,-0.000494
5.840000,0.634767,-0.124011,1.201515,-0.167456,0.703792,0.002676,0.182905,-0.474751,1.201500,0.672284,0.288562,0.002128,-0.427904,-0.220355,1.202083,0.453016,-0.420316,-0.001105,0.098591,0.567838,1.199680,-0.687048,0.122523,-0.005264,-0.515261,0.244220,1.198853,-0.287497,-0.668305,-0.000535
5.860000,0.631356,-0.109903,1.201567,-0.173631,0.706882,0.002586,0.196376,-0.468945,1.201542,0.674750,0.292071,0.002096,-0.418817,-0.228763,1.202061,0.455705,-0.420421,-0.001170,0.084825,0.570268,1.199573,-0.689484,0.120489,-0.005438,-0.520986,0.230801,1.198842,-0.284951,-0.673554,-0.000579
5.880000,0.627824,-0.095739,1.201618,-0.179494,0.709355,0.002476,0.209893,-0.463069,1.201584,0.676915,0.295480,0.002060,-0.409676,-0.237171,1.202036,0.458315,-0.420330,-0.001242,0.071013,0.572658,1.199462,-0.691736,0.118498,-0.005612,-0.526660,0.217281,1.198830,-0.282489,-0.678312,-0.000625
5.900000,0.624178,-0.081533,1.201666,-0.185045,0.711213,0.002344,0.223450,-0.457126,1.201624,0.678778,0.298787,0.002019,-0.400485,-0.245575,1.202011,0.460847,-0.420041,-0.001321,0.057157,0.575009,1.199348,-0.693807,0.116550,-0.005785,-0.532286,0.203672,1.198817,-0.280111,-0.682579,-0.000673
5.920000,0.620424,-0.067295,1.201712,-0.190288,0.712464,0.002193,0.237042,-0.451118,1.201664,0.680314,0.302000,0.001974,-0.391243,-0.253971,1.201984,0.463313,-0.419547,-0.001407,0.043262,0.577320,1.199231,-0.695673,0.114630,-0.005957,-0.537865,0.189981,1.198803,-0.277804,-0.686361,-0.000719
5.940000,0.616568,-0.053038,1.201754,-0.195228,0.713115,0.002022,0.250660,-0.445047,1.201703,0.681497,0.305124,0.001926,-0.381952,-0.262355,1.201954,0.465726,-0.418839,-0.001500,0.029332,0.579594,1.199110,-0.697316,0.112725,-0.006131,-0.543398,0.176220,1.198789,-0.275555,-0.689665,-0.000760
5.960000,0.612617,-0.038774,1.201792,-0.199866,0.713168,0.001832,0.264299,-0.438914,1.201741,0.682326,0.308159,0.001873,-0.372614,-0.270723,1.201924,0.468087,-0.417917,-0.001600,0.015371,0.581829,1.198985,-0.698734,0.110835,-0.006305,-0.548887,0.162398,1.198773,-0.273364,-0.692491,-0.000795
5.980000,0.608576,-0.024515,1.201827,-0.204201,0.712621,0.001623,0.277951,-0.432721,1.201778,0.682802,0.311106,0.001817,-0.363229,-0.279071,1.201890,0.470395,-0.416782,-0.001707,0.001384,0.584027,1.198858,-0.699927,0.108959,-0.006479,-0.554333,0.148524,1.198757,-0.271230,-0.694838,-0.000824
6.000000,0.604451,-0.010273,1.201857,-0.208233,0.711476,0.001395,0.291609,-0.426470,1.201814,0.682925,0.313965,0.001757,-0.353799,-0.287393,1.201855,0.472650,-0.415433,-0.001821,-0.012625,0.586188,1.198726,-0.700896,0.107099,-0.006654,-0.559737,0.134608,1.198740,-0.269153,-0.696708,-0.000846
6.020000,0.600248,0.003940,1.201883,-0.211974,0.709767,0.001150,0.305266,-0.420163,1.201848,0.682685,0.316726,0.001693,-0.344324,-0.295686,1.201818,0.474861,-0.413870,-0.001941,-0.026650,0.588311,1.198591,-0.701633,0.105233,-0.006829,-0.565099,0.120659,1.198723,-0.267107,-0.698108,-0.000862
6.040000,0.595974,0.018114,1.201903,-0.215437,0.707532,0.000889,0.318914,-0.413802,1.201882,0.682071,0.319380,0.001625,-0.334805,-0.303946,1.201778,0.477036,-0.412090,-0.002067,-0.040688,0.590397,1.198453,-0.702130,0.103342,-0.007001,-0.570421,0.106686,1.198706,-0.265061,-0.699045,-0.000869
6.060000,0.591633,0.032238,1.201918,-0.218622,0.704769,0.000613,0.332546,-0.407389,1.201913,0.681083,0.321928,0.001553,-0.325242,-0.312169,1.201735,0.479175,-0.410095,-0.002198,-0.054734,0.592445,1.198311,-0.702387,0.101427,-0.007170,-0.575702,0.092700,1.198688,-0.263017,-0.699520,-0.000867
6.080000,0.587231,0.046301,1.201927,-0.221529,0.701480,0.000322,0.346155,-0.400926,1.201944,0.679721,0.324369,0.001476,-0.315638,-0.320349,1.201690,0.481278,-0.407885,-0.002336,-0.068782,0.594454,1.198166,-0.702405,0.099486,-0.007337,-0.580942,0.078709,1.198671,-0.260975,-0.699533,-0.000856
6.100000,0.582773,0.060293,1.201931,-0.224158,0.697663,0.000016,0.359732,-0.394415,1.201972,0.677986,0.326704,0.001395,-0.305991,-0.328483,1.201641,0.483345,-0.405459,-0.002479,-0.082829,0.596424,1.198018,-0.702182,0.097520,-0.007501,-0.586141,0.064722,1.198654,-0.258934,-0.699084,-0.000836
6.120000,0.578266,0.074204,1.201928,-0.226528,0.693372,-0.000303,0.373272,-0.387858,1.201999,0.675887,0.328913,0.001309,-0.296304,-0.336566,1.201590,0.485376,-0.402821,-0.002627,-0.096868,0.598354,1.197866,-0.701731,0.095502,-0.007659,-0.591299,0.050748,1.198638,-0.256864,-0.698193,-0.000805
6.140000,0.573714,0.088025,1.201919,-0.228660,0.688655,-0.000630,0.386766,-0.381259,1.202025,0.673434,0.330979,0.001219,-0.286577,-0.344594,1.201536,0.487369,-0.399974,-0.002779,-0.110896,0.600244,1.197712,-0.701063,0.093405,-0.007804,-0.596415,0.036797,1.198622,-0.254734,-0.696879,-0.000759
6.160000,0.569121,0.101748,1.201903,-0.230555,0.683515,-0.000965,0.400207,-0.374620,1.202048,0.670627,0.332900,0.001123,-0.276810,-0.352563,1.201479,0.489324,-0.396918,-0.002935,-0.124909,0.602090,1.197554,-0.700177,0.091227,-0.007938,-0.601488,0.022876,1.198607,-0.252543,-0.695144,-0.000699
6.180000,0.564493,0.115363,1.201880,-0.232212,0.677950,-0.001310,0.413588,-0.367944,1.202070,0.667465,0.334677,0.001021,-0.267004,-0.360469,1.201419,0.491242,-0.393654,-0.003094,-0.138902,0.603892,1.197394,-0.699075,0.088970,-0.008059,-0.606516,0.008994,1.198594,-0.250293,-0.692986,-0.000624
6.200000,0.559834,0.128863,1.201850,-0.233631,0.671961,-0.001663,0.426903,-0.361234,1.202089,0.663950,0.336309,0.000915,-0.257160,-0.368308,1.201355,0.493123,-0.390181,-0.003258,-0.152871,0.605648,1.197232,-0.697755,0.086633,-0.008169,-0.611499,-0.004841,1.198583,-0.247983,-0.690406,-0.000535
6.220000,0.555149,0.142239,1.201813,-0.234841,0.665610,-0.002021,0.440144,-0.354493,1.202106,0.660092,0.337787,0.000804,-0.247279,-0.376075,1.201289,0.494958,-0.386507,-0.003424,-0.166811,0.607357,1.197068,-0.696223,0.084195,-0.008264,-0.616435,-0.018620,1.198573,-0.245584,-0.687418,-0.000431
6.240000,0.550442,0.155485,1.201769,-0.235869,0.658959,-0.002379,0.453304,-0.347724,1.202121,0.655901,0.339098,0.000688,-0.237362,-0.383767,1.201218,0.496738,-0.382640,-0.003592,-0.180718,0.609015,1.196902,-0.694482,0.081638,-0.008341,-0.621322,-0.032335,1.198565,-0.243069,-0.684033,-0.000314
6.260000,0.545716,0.168596,1.201718,-0.236716,0.652007,-0.002737,0.466378,-0.340930,1.202134,0.651377,0.340244,0.000569,-0.227410,-0.391380,1.201145,0.498465,-0.378579,-0.003760,-0.194589,0.610621,1.196734,-0.692534,0.078960,-0.008399,-0.626157,-0.045978,1.198560,-0.240438,-0.680251,-0.000183
6.280000,0.540975,0.181564,1.201660,-0.237381,0.644755,-0.003095,0.479357,-0.334115,1.202144,0.646520,0.341224,0.000445,-0.217424,-0.398909,1.201068,0.500137,-0.374325,-0.003930,-0.208418,0.612173,1.196566,-0.690378,0.076163,-0.008439,-0.630939,-0.059542,1.198558,-0.237691,-0.676073,-0.000039
6.300000,0.536222,0.194384,1.201594,-0.237864,0.637203,-0.003453,0.492236,-0.327282,1.202151,0.641331,0.342037,0.000318,-0.207405,-0.406351,1.200988,0.501755,-0.369877,-0.004102,-0.222202,0.613667,1.196397,-0.688014,0.073245,-0.008461,-0.635664,-0.073019,1.198559,-0.234828,-0.671499,0.000118
6.320000,0.531461,0.207050,1.201522,-0.238202,0.629402,-0.003807,0.505008,-0.320435,1.202157,0.635823,0.342688,0.000188,-0.197354,-0.413703,1.200904,0.503306,-0.365248,-0.004272,-0.235937,0.615102,1.196227,-0.685440,0.070193,-0.008464,-0.640331,-0.086400,1.198563,-0.231825,-0.666548,0.000290
6.340000,0.526695,0.219558,1.201442,-0.238430,0.621403,-0.004151,0.517667,-0.313576,1.202159,0.630011,0.343179,0.000056,-0.187273,-0.420960,1.200817,0.504778,-0.360450,-0.004441,-0.249619,0.616474,1.196058,-0.682657,0.066996,-0.008446,-0.644936,-0.099678,1.198571,-0.228660,-0.661239,0.000477
6.360000,0.521925,0.231905,1.201356,-0.238548,0.613206,-0.004485,0.530207,-0.306708,1.202159,0.623896,0.343510,-0.000076,-0.177164,-0.428120,1.200726,0.506172,-0.355483,-0.004607,-0.263242,0.617781,1.195890,-0.679663,0.063652,-0.008408,-0.649476,-0.112847,1.198582,-0.225332,-0.655572,0.000678
6.380000,0.517153,0.244085,1.201263,-0.238556,0.604811,-0.004809,0.542621,-0.299836,1.202156,0.617476,0.343681,-0.000210,-0.167027,-0.435178,1.200632,0.507486,-0.350347,-0.004771,-0.276804,0.619019,1.195722,-0.676460,0.060163,-0.008349,-0.653948,-0.125899,1.198598,-0.221843,-0.649546,0.000894
6.400000,0.512383,0.256096,1.201164,-0.238453,0.596217,-0.005124,0.554904,-0.292962,1.202150,0.610752,0.343692,-0.000344,-0.156865,-0.442132,1.200535,0.508721,-0.345042,-0.004933,-0.290299,0.620186,1.195556,-0.673046,0.056527,-0.008271,-0.658349,-0.138826,1.198618,-0.218191,-0.643163,0.001124
6.420000,0.507616,0.267933,1.201058,-0.238281,0.587458,-0.005424,0.567049,-0.286090,1.202142,0.603737,0.343556,-0.000478,-0.146679,-0.448979,1.200435,0.509861,-0.339584,-0.005090,-0.303724,0.621279,1.195391,-0.669420,0.052740,-0.008172,-0.662675,-0.151623,1.198643,-0.214356,-0.636443,0.001371
6.440000,0.502852,0.279593,1.200947,-0.238078,0.578565,-0.005705,0.579051,-0.279221,1.202131,0.596441,0.343288,-0.000609,-0.136471,-0.455715,1.200332,0.510890,-0.333988,-0.005241,-0.317075,0.622295,1.195229,-0.665579,0.048798,-0.008056,-0.666922,-0.164282,1.198673,-0.210319,-0.629406,0.001635
6.460000,0.498093,0.291075,1.200830,-0.237845,0.569538,-0.005967,0.590905,-0.272359,1.202118,0.588866,0.342888,-0.000736,-0.126244,-0.462338,1.200226,0.511808,-0.328255,-0.005385,-0.330346,0.623230,1.195069,-0.661523,0.044702,-0.007920,-0.671086,-0.176797,1.198708,-0.206079,-0.622053,0.001917
6.480000,0.493338,0.302374,1.200708,-0.237581,0.560378,-0.006208,0.602604,-0.265506,1.202102,0.581010,0.342355,-0.000860,-0.116000,-0.468844,1.200117,0.512615,-0.322384,-0.005523,-0.343534,0.624082,1.194912,-0.657252,0.040450,-0.007767,-0.675163,-0.189162,1.198750,-0.201637,-0.614383,0.002216
6.500000,0.488590,0.313489,1.200582,-0.237287,0.551085,-0.006431,0.614144,-0.258666,1.202083,0.572875,0.341689,-0.000982,-0.105740,-0.475232,1.200005,0.513311,-0.316375,-0.005653,-0.356635,0.624847,1.194759,-0.652766,0.036043,-0.007594,-0.679150,-0.201370,1.198797,-0.196993,-0.606397,0.002533
6.520000,0.483847,0.324417,1.200451,-0.236997,0.541692,-0.006628,0.625517,-0.251840,1.202063,0.564469,0.340909,-0.001098,-0.095468,-0.481498,1.199890,0.513878,-0.310248,-0.005775,-0.369643,0.625522,1.194609,-0.648067,0.031483,-0.007406,-0.683042,-0.213416,1.198851,-0.192133,-0.598122,0.002871
6.540000,0.479110,0.335156,1.200317,-0.236742,0.532233,-0.006795,0.636721,-0.245030,1.202040,0.555801,0.340034,-0.001206,-0.085186,-0.487641,1.199774,0.514300,-0.304024,-0.005885,-0.382556,0.626105,1.194463,-0.643158,0.026775,-0.007203,-0.686834,-0.225293,1.198912,-0.187046,-0.589583,0.003230
6.560000,0.474377,0.345706,1.200179,-0.236525,0.522709,-0.006932,0.647748,-0.238239,1.202014,0.546871,0.339063,-0.001307,-0.074897,-0.493659,1.199655,0.514576,-0.297702,-0.005983,-0.395368,0.626592,1.194321,-0.638038,0.021918,-0.006987,-0.690522,-0.236997,1.198980,-0.181732,-0.580781,0.003612
6.580000,0.469648,0.356064,1.200040,-0.236343,0.513120,-0.007039,0.658594,-0.231468,1.201987,0.537680,0.337997,-0.001401,-0.064604,-0.499549,1.199535,0.514706,-0.291281,-0.006069,-0.408076,0.626981,1.194183,-0.632708,0.016912,-0.006756,-0.694102,-0.248523,1.199057,-0.176189,-0.571717,0.004015
6.600000,0.464923,0.366230,1.199898,-0.236198,0.503465,-0.007115,0.669253,-0.224720,1.201958,0.528227,0.336836,-0.001487,-0.054310,-0.505309,1.199412,0.514691,-0.284763,-0.006143,-0.420675,0.627268,1.194051,-0.627166,0.011756,-0.006511,-0.697568,-0.259864,1.199141,-0.170419,-0.562390,0.004442
6.620000,0.460200,0.376202,1.199755,-0.236110,0.493765,-0.007159,0.679721,-0.217995,1.201928,0.518531,0.335603,-0.001564,-0.044017,-0.510939,1.199289,0.514513,-0.278171,-0.006203,-0.433161,0.627450,1.193923,-0.621429,0.006461,-0.006255,-0.700917,-0.271017,1.199235,-0.164419,-0.552835,0.004892
6.640000,0.455478,0.385980,1.199612,-0.236097,0.484040,-0.007165,0.689993,-0.211296,1.201896,0.508611,0.334320,-0.001629,-0.033730,-0.516436,1.199164,0.514156,-0.271532,-0.006245,-0.445531,0.627526,1.193800,-0.615510,0.001034,-0.005990,-0.704143,-0.281976,1.199337,-0.158186,-0.543088,0.005370
6.660000,0.450756,0.395564,1.199469,-0.236160,0.474289,-0.007136,0.700064,-0.204623,1.201863,0.498468,0.332990,-0.001683,-0.023452,-0.521800,1.199039,0.513620,-0.264844,-0.006269,-0.457781,0.627491,1.193683,-0.609410,-0.004523,-0.005716,-0.707243,-0.292739,1.199450,-0.151721,-0.533148,0.005874
6.680000,0.446031,0.404952,1.199327,-0.236299,0.464512,-0.007070,0.709930,-0.197977,1.201829,0.488100,0.331610,-0.001725,-0.013187,-0.527029,1.198914,0.512905,-0.258108,-0.006276,-0.469906,0.627344,1.193572,-0.603127,-0.010211,-0.005433,-0.710211,-0.303301,1.199572,-0.145023,-0.523016,0.006406
6.700000,0.441303,0.414144,1.199186,-0.236514,0.454710,-0.006968,0.719587,-0.191359,1.201794,0.477508,0.330182,-0.001756,-0.002937,-0.532124,1.198788,0.512012,-0.251323,-0.006264,-0.481904,0.627082,1.193466,-0.596663,-0.016031,-0.005141,-0.713042,-0.313658,1.199706,-0.138092,-0.512691,0.006964
6.720000,0.436570,0.423140,1.199048,-0.236813,0.444891,-0.006829,0.729029,-0.184769,1.201759,0.466723,0.328729,-0.001774,0.007292,-0.537082,1.198663,0.510924,-0.244525,-0.006232,-0.493772,0.626702,1.193366,-0.590040,-0.021969,-0.004842,-0.715733,-0.323808,1.199851,-0.130951,-0.502220,0.007551
6.740000,0.431830,0.431940,1.198913,-0.237205,0.435064,-0.006651,0.738254,-0.178209,1.201723,0.455774,0.327274,-0.001777,0.017498,-0.541905,1.198539,0.509629,-0.237748,-0.006175,-0.505505,0.626202,1.193272,-0.583282,-0.028015,-0.004539,-0.718279,-0.333747,1.200008,-0.123618,-0.491646,0.008168
6.760000,0.427081,0.440543,1.198783,-0.237690,0.425227,-0.006434,0.747259,-0.171678,1.201688,0.444660,0.325817,-0.001766,0.027676,-0.546592,1.198417,0.508126,-0.230992,-0.006094,-0.517102,0.625580,1.193185,-0.576389,-0.034169,-0.004232,-0.720676,-0.343473,1.200178,-0.116096,-0.480969,0.008814
6.780000,0.422322,0.448949,1.198656,-0.238268,0.415382,-0.006179,0.756040,-0.165177,1.201653,0.433382,0.324359,-0.001739,0.037822,-0.551145,1.198296,0.506415,-0.224257,-0.005989,-0.528560,0.624835,1.193103,-0.569360,-0.040429,-0.003920,-0.722921,-0.352985,1.200361,-0.108383,-0.470190,0.009490
6.800000,0.417550,0.457158,1.198536,-0.238939,0.405528,-0.005886,0.764593,-0.158704,1.201618,0.421941,0.322899,-0.001698,0.047931,-0.555563,1.198177,0.504496,-0.217543,-0.005859,-0.539876,0.623963,1.193028,-0.562196,-0.046797,-0.003604,-0.725010,-0.362280,1.200558,-0.100480,-0.459309,0.010196
6.820000,0.412764,0.465170,1.198421,-0.239700,0.395678,-0.005555,0.772917,-0.152261,1.201585,0.410379,0.321463,-0.001640,0.058000,-0.559847,1.198061,0.502372,-0.210880,-0.005702,-0.551047,0.622962,1.192959,-0.554927,-0.053258,-0.003286,-0.726940,-0.371357,1.200769,-0.092428,-0.448382,0.010932
6.840000,0.407961,0.472985,1.198314,-0.240552,0.385845,-0.005187,0.781008,-0.145845,1.201553,0.398739,0.320075,-0.001565,0.068025,-0.563998,1.197949,0.500044,-0.204298,-0.005518,-0.562072,0.621832,1.192897,-0.547586,-0.059797,-0.002967,-0.728707,-0.380215,1.200995,-0.084271,-0.437465,0.011696
6.860000,0.403141,0.480604,1.198214,-0.241493,0.376029,-0.004781,0.788866,-0.139457,1.201522,0.387023,0.318734,-0.001472,0.078001,-0.568019,1.197841,0.497514,-0.197799,-0.005305,-0.572950,0.620570,1.192840,-0.540171,-0.066414,-0.002648,-0.730310,-0.388855,1.201237,-0.076009,-0.426558,0.012490
6.880000,0.398301,0.488026,1.198123,-0.242524,0.366230,-0.004339,0.796488,-0.133096,1.201494,0.375229,0.317442,-0.001361,0.087924,-0.571911,1.197737,0.494780,-0.191381,-0.005064,-0.583679,0.619175,1.192791,-0.532683,-0.073109,-0.002328,-0.731746,-0.397278,1.201495,-0.067641,-0.415661,0.013312
6.900000,0.393440,0.495253,1.198041,-0.243645,0.356448,-0.003859,0.803874,-0.126759,1.201468,0.363359,0.316198,-0.001232,0.097791,-0.575675,1.197639,0.491844,-0.185044,-0.004795,-0.594257,0.617645,1.192747,-0.525122,-0.079882,-0.002009,-0.733015,-0.405482,1.201770,-0.059168,-0.404774,0.014163
6.920000,0.388555,0.502285,1.197969,-0.244843,0.346702,-0.003346,0.811022,-0.120447,1.201445,0.351455,0.315021,-0.001086,0.107597,-0.579313,1.197546,0.488727,-0.178809,-0.004498,-0.604683,0.615979,1.192710,-0.517523,-0.086713,-0.001690,-0.734113,-0.413469,1.202062,-0.050633,-0.393942,0.015041
6.940000,0.383645,0.509122,1.197907,-0.246107,0.337011,-0.002800,0.817933,-0.114158,1.201425,0.339563,0.313928,-0.000920,0.117339,-0.582828,1.197459,0.485453,-0.172695,-0.004172,-0.614958,0.614176,1.192680,-0.509919,-0.093582,-0.001376,-0.735040,-0.421240,1.202372,-0.042080,-0.383210,0.015941
6.960000,0.378710,0.515765,1.197857,-0.247438,0.327376,-0.002224,0.824605,-0.107889,1.201408,0.327683,0.312921,-0.000737,0.127014,-0.586222,1.197379,0.482022,-0.166701,-0.003818,-0.625080,0.612235,1.192655,-0.502312,-0.100488,-0.001065,-0.735796,-0.428798,1.202700,-0.033511,-0.372578,0.016865
6.980000,0.373747,0.522217,1.197818,-0.248835,0.317796,-0.001616,0.831040,-0.101640,1.201395,0.315815,0.311999,-0.000534,0.136619,-0.589497,1.197306,0.478433,-0.160828,-0.003434,-0.635050,0.610156,1.192637,-0.494700,-0.107431,-0.000757,-0.736380,-0.436144,1.203046,-0.024924,-0.362046,0.017811
7.000000,0.368756,0.528478,1.197792,-0.250297,0.308271,-0.000977,0.837238,-0.095409,1.201387,0.303958,0.311162,-0.000313,0.146150,-0.592656,1.197242,0.474686,-0.155077,-0.003023,-0.644868,0.607938,1.192625,-0.487084,-0.114411,-0.000453,-0.736793,-0.443280,1.203412,-0.016320,-0.351613,0.018781
7.020000,0.363735,0.534548,1.197779,-0.251819,0.298832,-0.000308,0.843199,-0.089193,1.201383,0.292151,0.310419,-0.000074,0.155605,-0.595701,1.197186,0.470818,-0.149442,-0.002584,-0.654534,0.605580,1.192619,-0.479483,-0.121402,-0.000156,-0.737033,-0.450209,1.203798,-0.007737,-0.341309,0.019767
7.040000,0.358683,0.540432,1.197780,-0.253391,0.289509,0.000388,0.848924,-0.082992,1.201384,0.280430,0.309781,0.000182,0.164982,-0.598634,1.197138,0.466864,-0.143922,-0.002121,-0.664047,0.603082,1.192619,-0.471915,-0.128375,0.000131,-0.737103,-0.456934,1.204203,0.000784,-0.331165,0.020762
7.060000,0.353599,0.546130,1.197795,-0.255015,0.280302,0.001110,0.854416,-0.076801,1.201390,0.268795,0.309246,0.000456,0.174279,-0.601458,1.197101,0.462824,-0.138515,-0.001633,-0.673410,0.600445,1.192624,-0.464380,-0.135331,0.000409,-0.737002,-0.463457,1.204628,0.009244,-0.321180,0.021768
7.080000,0.348482,0.551644,1.197825,-0.256690,0.271211,0.001860,0.859677,-0.070621,1.201402,0.257248,0.308816,0.000747,0.183495,-0.604176,1.197073,0.458699,-0.133223,-0.001121,-0.682623,0.597669,1.192635,-0.456877,-0.142269,0.000676,-0.736733,-0.469782,1.205074,0.017644,-0.311353,0.022783
7.100000,0.343331,0.556979,1.197870,-0.258417,0.262236,0.002638,0.864707,-0.064448,1.201420,0.245786,0.308491,0.001056,0.192627,-0.606788,1.197056,0.454487,-0.128044,-0.000584,-0.691686,0.594754,1.192651,-0.449408,-0.149190,0.000933,-0.736297,-0.475912,1.205540,0.025982,-0.301686,0.023808
7.120000,0.338145,0.562135,1.197930,-0.260192,0.253403,0.003441,0.869509,-0.058281,1.201445,0.234448,0.308276,0.001382,0.201674,-0.609298,1.197050,0.450219,-0.122968,-0.000024,-0.700599,0.591702,1.192672,-0.441979,-0.156071,0.001179,-0.735695,-0.481851,1.206026,0.034219,-0.292202,0.024832
7.140000,0.332923,0.567116,1.198008,-0.262012,0.244738,0.004268,0.874086,-0.052116,1.201476,0.223269,0.308182,0.001722,0.210635,-0.611707,1.197055,0.445924,-0.117984,0.000556,-0.709365,0.588512,1.192698,-0.434598,-0.162889,0.001412,-0.734929,-0.487602,1.206533,0.042317,-0.282928,0.025843
7.160000,0.327664,0.571926,1.198101,-0.263878,0.236241,0.005120,0.878441,-0.045953,1.201514,0.212250,0.308206,0.002077,0.219510,-0.614018,1.197073,0.441602,-0.113092,0.001157,-0.717984,0.585186,1.192728,-0.427264,-0.169644,0.001631,-0.734003,-0.493169,1.207060,0.050275,-0.273861,0.026843
7.180000,0.322368,0.576567,1.198212,-0.265790,0.227911,0.005997,0.882577,-0.039787,1.201559,0.201389,0.308350,0.002447,0.228299,-0.616232,1.197102,0.437252,-0.108293,0.001779,-0.726456,0.581726,1.192763,-0.419978,-0.176335,0.001836,-0.732919,-0.498558,1.207606,0.058093,-0.265004,0.027831
7.200000,0.317032,0.581043,1.198341,-0.267747,0.219750,0.006898,0.886497,-0.033618,1.201612,0.190689,0.308613,0.002833,0.237000,-0.618350,1.197144,0.432876,-0.103585,0.002421,-0.734783,0.578133,1.192802,-0.412739,-0.182963,0.002028,-0.731680,-0.503771,1.208173,0.065772,-0.256355,0.028807
7.220000,0.311658,0.585358,1.198489,-0.269743,0.211767,0.007820,0.890206,-0.027442,1.201672,0.180179,0.308998,0.003233,0.245614,-0.620376,1.197199,0.428499,-0.098960,0.003083,-0.742966,0.574408,1.192844,-0.405552,-0.189509,0.002207,-0.730289,-0.508813,1.208758,0.073287,-0.247929,0.029763
7.240000,0.306243,0.589515,1.198654,-0.271769,0.203975,0.008761,0.893706,-0.021257,1.201741,0.169890,0.309505,0.003648,0.254141,-0.622309,1.197267,0.424149,-0.094411,0.003762,-0.751006,0.570554,1.192890,-0.398420,-0.195954,0.002373,-0.728750,-0.513690,1.209363,0.080617,-0.239738,0.030693
7.260000,0.300787,0.593518,1.198839,-0.273825,0.196372,0.009721,0.897003,-0.015061,1.201818,0.159824,0.310137,0.004077,0.262580,-0.624153,1.197349,0.419824,-0.089936,0.004458,-0.758903,0.566571,1.192939,-0.391344,-0.202297,0.002527,-0.727066,-0.518404,1.209986,0.087761,-0.231784,0.031598
7.280000,0.295289,0.597371,1.199043,-0.275911,0.188960,0.010699,0.900100,-0.008851,1.201904,0.149979,0.310892,0.004521,0.270934,-0.625907,1.197446,0.415526,-0.085536,0.005173,-0.766660,0.562462,1.192991,-0.384324,-0.208539,0.002667,-0.725241,-0.522962,1.210627,0.094719,-0.224067,0.032475
7.300000,0.289750,0.601078,1.199267,-0.278028,0.181739,0.011696,0.903003,-0.002624,1.201999,0.140356,0.311770,0.004981,0.279201,-0.627575,1.197556,0.411254,-0.081212,0.005904,-0.774276,0.558230,1.193046,-0.377359,-0.214680,0.002795,-0.723278,-0.527369,1.211285,0.101491,-0.216585,0.033327
7.320000,0.284168,0.604642,1.199511,-0.280162,0.174711,0.012707,0.905716,0.003621,1.202104,0.130970,0.312758,0.005455,0.287384,-0.629156,1.197682,0.407031,-0.076959,0.006653,-0.781754,0.553876,1.193103,-0.370451,-0.220709,0.002912,-0.721182,-0.531627,1.211960,0.108073,-0.209342,0.034149
7.340000,0.278543,0.608068,1.199776,-0.282302,0.167882,0.013725,0.908244,0.009887,1.202217,0.121833,0.313843,0.005944,0.295483,-0.630653,1.197823,0.402878,-0.072775,0.007416,-0.789095,0.549403,1.193162,-0.363601,-0.226614,0.003020,-0.718957,-0.535744,1.212651,0.114460,-0.202337,0.034936
7.360000,0.272876,0.611359,1.200060,-0.284448,0.161251,0.014753,0.910591,0.016175,1.202341,0.112948,0.315025,0.006448,0.303500,-0.632068,1.197979,0.398797,-0.068661,0.008194,-0.796299,0.544812,1.193223,-0.356810,-0.232396,0.003121,-0.716605,-0.539723,1.213357,0.120652,-0.195571,0.035689
7.380000,0.267166,0.614519,1.200366,-0.286599,0.154819,0.015789,0.912763,0.022488,1.202476,0.104313,0.316303,0.006968,0.311435,-0.633400,1.198151,0.394787,-0.064615,0.008987,-0.803368,0.540108,1.193287,-0.350078,-0.238054,0.003214,-0.714132,-0.543568,1.214078,0.126649,-0.189045,0.036409
7.400000,0.261412,0.617553,1.200692,-0.288756,0.148585,0.016834,0.914765,0.028828,1.202620,0.095929,0.317678,0.007503,0.319292,-0.634653,1.198338,0.390847,-0.060638,0.009796,-0.810302,0.535291,1.193352,-0.343404,-0.243589,0.003299,-0.711541,-0.547286,1.214813,0.132450,-0.182757,0.037094
7.420000,0.255615,0.620464,1.201039,-0.290901,0.142550,0.017879,0.916602,0.035196,1.202776,0.087794,0.319124,0.008054,0.327070,-0.635826,1.198542,0.386985,-0.056724,0.010616,-0.817104,0.530365,1.193419,-0.336787,-0.248992,0.003377,-0.708835,-0.550880,1.215561,0.138060,-0.176705,0.037742
7.440000,0.249776,0.623256,1.201407,-0.293017,0.136717,0.018915,0.918279,0.041593,1.202942,0.079907,0.320615,0.008619,0.334772,-0.636922,1.198763,0.383205,-0.052864,0.011447,-0.823774,0.525332,1.193487,-0.330226,-0.254254,0.003451,-0.706019,-0.554356,1.216322,0.143482,-0.170881,0.038350
7.460000,0.243895,0.625934,1.201796,-0.295105,0.131084,0.019943,0.919800,0.048021,1.203121,0.072267,0.322151,0.009200,0.342399,-0.637941,1.199000,0.379509,-0.049059,0.012287,-0.830314,0.520196,1.193557,-0.323721,-0.259374,0.003521,-0.703097,-0.557717,1.217095,0.148717,-0.165288,0.038918
7.480000,0.237972,0.628501,1.202205,-0.297164,0.125652,0.020963,0.921171,0.054480,1.203311,0.064875,0.323732,0.009797,0.349953,-0.638885,1.199255,0.375896,-0.045310,0.013138,-0.836723,0.514958,1.193628,-0.317272,-0.264352,0.003587,-0.700072,-0.560969,1.217879,0.153763,-0.159924,0.039445
7.500000,0.232009,0.630961,1.202634,-0.299194,0.120421,0.021975,0.922397,0.060970,1.203513,0.057730,0.325358,0.010408,0.357435,-0.639754,1.199526,0.372366,-0.041615,0.013998,-0.843005,0.509623,1.193700,-0.310879,-0.269190,0.003649,-0.696948,-0.564115,1.218673,0.158621,-0.154791,0.039933
7.520000,0.226005,0.633319,1.203084,-0.301187,0.115390,0.022965,0.923482,0.067494,1.203727,0.050815,0.326997,0.011034,0.364848,-0.640550,1.199815,0.368914,-0.037967,0.014863,-0.849159,0.504192,1.193774,-0.304538,-0.273880,0.003708,-0.693728,-0.567162,1.219476,0.163304,-0.149871,0.040381
7.540000,0.219961,0.635578,1.203552,-0.303133,0.110556,0.023920,0.924431,0.074050,1.203954,0.044110,0.328614,0.011672,0.372192,-0.641273,1.200120,0.365537,-0.034356,0.015730,-0.855187,0.498668,1.193849,-0.298244,-0.278418,0.003764,-0.690417,-0.570112,1.220288,0.167822,-0.145150,0.040789
7.560000,0.213880,0.637743,1.204040,-0.305034,0.105919,0.024841,0.925248,0.080638,1.204194,0.037616,0.330209,0.012323,0.379470,-0.641924,1.200444,0.362233,-0.030782,0.016598,-0.861089,0.493056,1.193924,-0.291997,-0.282803,0.003819,-0.687016,-0.572969,1.221107,0.172176,-0.140627,0.041158
7.580000,0.207760,0.639816,1.204546,-0.306888,0.101480,0.025726,0.925937,0.087258,1.204447,0.031332,0.331783,0.012986,0.386682,-0.642504,1.200784,0.359003,-0.027246,0.017467,-0.866867,0.487357,1.194001,-0.285797,-0.287036,0.003871,-0.683531,-0.575738,1.221934,0.176366,-0.136302,0.041487
7.600000,0.201604,0.641803,1.205069,-0.308696,0.097239,0.026576,0.926502,0.093910,1.204713,0.025259,0.333336,0.013662,0.393830,-0.643014,1.201142,0.355847,-0.023747,0.018337,-0.872521,0.481575,1.194079,-0.279645,-0.291116,0.003921,-0.679963,-0.578422,1.222766,0.180392,-0.132176,0.041776
7.620000,0.195413,0.643707,1.205609,-0.310462,0.093194,0.027386,0.926949,0.100591,1.204994,0.019373,0.334834,0.014343,0.400916,-0.643454,1.201518,0.352757,-0.020275,0.019202,-0.878053,0.475714,1.194158,-0.273533,-0.295042,0.003969,-0.676316,-0.581026,1.223605,0.184267,-0.128229,0.042028
7.640000,0.189186,0.645532,1.206164,-0.312189,0.089343,0.028149,0.927278,0.107302,1.205287,0.013649,0.336242,0.015024,0.407941,-0.643825,1.201910,0.349723,-0.016822,0.020054,-0.883463,0.469775,1.194238,-0.267454,-0.298812,0.004016,-0.672593,-0.583553,1.224447,0.188003,-0.124442,0.042245
7.660000,0.182925,0.647282,1.206734,-0.313878,0.085685,0.028865,0.927496,0.114041,1.205594,0.008086,0.337560,0.015703,0.414906,-0.644127,1.202320,0.346746,-0.013386,0.020893,-0.888751,0.463762,1.194319,-0.261409,-0.302425,0.004060,-0.668797,-0.586005,1.225294,0.191602,-0.120814,0.042426
7.680000,0.176631,0.648961,1.207318,-0.315528,0.082221,0.029534,0.927603,0.120804,1.205915,0.002686,0.338788,0.016381,0.421811,-0.644361,1.202746,0.343826,-0.009969,0.021719,-0.893919,0.457679,1.194400,-0.255397,-0.305881,0.004103,-0.664930,-0.588386,1.226144,0.195063,-0.117347,0.042571
7.700000,0.170305,0.650572,1.207915,-0.317139,0.078951,0.030156,0.927604,0.127591,1.206250,-0.002552,0.339926,0.017058,0.428659,-0.644526,1.203189,0.340962,-0.006570,0.022533,-0.898967,0.451528,1.194483,-0.249419,-0.309180,0.004143,-0.660995,-0.590700,1.226997,0.198385,-0.114040,0.042681
7.720000,0.163946,0.652120,1.208524,-0.318712,0.075863,0.030733,0.927502,0.134400,1.206598,-0.007640,0.340962,0.017721,0.435450,-0.644624,1.203647,0.338150,-0.003181,0.023325,-0.903896,0.445313,1.194566,-0.243466,-0.312325,0.004181,-0.656995,-0.592949,1.227851,0.201581,-0.110876,0.042757
7.740000,0.157556,0.653608,1.209144,-0.320247,0.072945,0.031266,0.927299,0.141229,1.206958,-0.012588,0.341884,0.018357,0.442185,-0.644653,1.204121,0.335383,0.000205,0.024083,-0.908706,0.439036,1.194650,-0.237533,-0.315317,0.004217,-0.652933,-0.595136,1.228707,0.204662,-0.107841,0.042802
7.760000,0.151136,0.655039,1.209775,-0.321744,0.070197,0.031755,0.926999,0.148075,1.207332,-0.017396,0.342692,0.018966,0.448866,-0.644616,1.204610,0.332661,0.003587,0.024808,-0.913398,0.432701,1.194735,-0.231617,-0.318156,0.004250,-0.648810,-0.597263,1.229563,0.207627,-0.104935,0.042816
7.780000,0.144687,0.656417,1.210414,-0.323203,0.067619,0.032200,0.926604,0.154936,1.207717,-0.022065,0.343385,0.019548,0.455492,-0.644510,1.205113,0.329984,0.006966,0.025500,-0.917971,0.426311,1.194820,-0.225720,-0.320842,0.004280,-0.644629,-0.599334,1.230419,0.210476,-0.102156,0.042798
7.800000,0.138209,0.657745,1.211062,-0.324624,0.065211,0.032601,0.926118,0.161810,1.208113,-0.026593,0.343964,0.020104,0.462065,-0.644337,1.205630,0.327353,0.010342,0.026158,-0.922427,0.419868,1.194906,-0.219842,-0.323376,0.004307,-0.640391,-0.601350,1.231275,0.213210,-0.099506,0.042750
7.820000,0.131702,0.659026,1.211718,-0.326013,0.062967,0.032950,0.925542,0.168694,1.208521,-0.030992,0.344428,0.020626,0.468586,-0.644096,1.206160,0.324766,0.013714,0.026780,-0.926765,0.413377,1.194992,-0.213978,-0.325762,0.004331,-0.636101,-0.603315,1.232129,0.215838,-0.096972,0.042671
7.840000,0.125168,0.660265,1.212380,-0.327376,0.060880,0.033240,0.924879,0.175586,1.208938,-0.035269,0.344774,0.021111,0.475056,-0.643788,1.206701,0.322223,0.017079,0.027360,-0.930986,0.406839,1.195079,-0.208125,-0.328010,0.004352,-0.631759,-0.605230,1.232981,0.218367,-0.094543,0.042564
7.860000,0.118607,0.661463,1.213047,-0.328711,0.058951,0.033471,0.924132,0.182484,1.209365,-0.039425,0.345003,0.021558,0.481476,-0.643413,1.207254,0.319724,0.020438,0.027898,-0.935090,0.400257,1.195166,-0.202283,-0.330117,0.004369,-0.627367,-0.607098,1.233831,0.220798,-0.092218,0.042427
7.880000,0.112020,0.662624,1.213718,-0.330020,0.057180,0.033642,0.923303,0.189385,1.209800,-0.043459,0.345115,0.021966,0.487845,-0.642971,1.207817,0.317268,0.023791,0.028394,-0.939077,0.393635,1.195254,-0.196451,-0.332085,0.004383,-0.622927,-0.608919,1.234678,0.223131,-0.089997,0.042262
7.900000,0.105407,0.663751,1.214392,-0.331301,0.055567,0.033753,0.922394,0.196288,1.210243,-0.047372,0.345110,0.022336,0.494167,-0.642462,1.208389,0.314857,0.027138,0.028849,-0.942948,0.386975,1.195342,-0.190630,-0.333914,0.004393,-0.618442,-0.610698,1.235522,0.225366,-0.087880,0.042068
7.920000,0.098768,0.664847,1.215068,-0.332559,0.054096,0.033803,0.921409,0.203189,1.210693,-0.051170,0.344994,0.022666,0.500440,-0.641885,1.208970,0.312491,0.030471,0.029260,-0.946702,0.380279,1.195430,-0.184821,-0.335612,0.004399,-0.613913,-0.612435,1.236361,0.227510,-0.085861,0.041845
7.940000,0.092105,0.665916,1.215744,-0.333794,0.052753,0.033790,0.920348,0.210087,1.211150,-0.054859,0.344775,0.022955,0.506667,-0.641243,1.209559,0.310174,0.033780,0.029627,-0.950341,0.373551,1.195518,-0.179024,-0.337189,0.004401,-0.609342,-0.614133,1.237195,0.229570,-0.083933,0.041592
7.960000,0.085416,0.666958,1.216419,-0.335008,0.051538,0.033713,0.919215,0.216979,1.211611,-0.058439,0.344452,0.023202,0.512847,-0.640534,1.210155,0.307905,0.037066,0.029949,-0.953863,0.366793,1.195606,-0.173238,-0.338644,0.004398,-0.604731,-0.615793,1.238024,0.231546,-0.082096,0.041310
7.980000,0.078704,0.667978,1.217092,-0.336199,0.050451,0.033573,0.918011,0.223864,1.212077,-0.061910,0.344025,0.023407,0.518983,-0.639760,1.210757,0.305684,0.040329,0.030226,-0.957270,0.360006,1.195693,-0.167464,-0.339979,0.004392,-0.600081,-0.617418,1.238847,0.233437,-0.080349,0.040999
8.000000,0.071969,0.668977,1.217762,-0.337368,0.049492,0.033370,0.916739,0.230740,1.212547,-0.065273,0.343494,0.023570,0.525075,-0.638921,1.211364,0.303512,0.043568,0.030459,-0.960562,0.353194,1.195781,-0.161702,-0.341192,0.004381,-0.595394,-0.619008,1.239664,0.235245,-0.078694,0.040658
8.020000,0.065210,0.669958,1.218427,-0.338511,0.048640,0.033105,0.915401,0.237603,1.213020,-0.068532,0.342870,0.023693,0.531124,-0.638018,1.211975,0.301391,0.046773,0.030647,-0.963739,0.346359,1.195869,-0.155961,-0.342292,0.004366,-0.590672,-0.620566,1.240474,0.236974,-0.077124,0.040287
8.040000,0.058428,0.670923,1.219086,-0.339625,0.047874,0.032782,0.913999,0.244454,1.213495,-0.071691,0.342162,0.023774,0.537131,-0.637051,1.212589,0.299324,0.049934,0.030789,-0.966801,0.339503,1.195956,-0.150248,-0.343285,0.004345,-0.585916,-0.622093,1.241275,0.238631,-0.075635,0.039883
8.060000,0.051625,0.671874,1.219737,-0.340710,0.047194,0.032401,0.912534,0.251289,1.213971,-0.074751,0.341370,0.023814,0.543097,-0.636021,1.213206,0.297311,0.053050,0.030886,-0.969749,0.332629,1.196042,-0.144563,-0.344172,0.004319,-0.581127,-0.623592,1.242069,0.240216,-0.074227,0.039448
8.080000,0.044800,0.672812,1.220381,-0.341765,0.046599,0.031962,0.911009,0.258108,1.214447,-0.077711,0.340494,0.023813,0.549024,-0.634929,1.213825,0.295353,0.056122,0.030939,-0.972583,0.325737,1.196128,-0.138907,-0.344952,0.004288,-0.576307,-0.625063,1.242853,0.241729,-0.072900,0.038980
8.100000,0.037955,0.673738,1.221016,-0.342791,0.046091,0.031464,0.909426,0.264909,1.214923,-0.080571,0.339534,0.023772,0.554912,-0.633776,1.214443,0.293449,0.059148,0.030945,-0.975305,0.318831,1.196214,-0.133280,-0.345626,0.004252,-0.571458,-0.626508,1.243628,0.243170,-0.071653,0.038481
8.120000,0.031089,0.674656,1.221639,-0.343791,0.045650,0.030908,0.907787,0.271689,1.215398,-0.083338,0.338499,0.023691,0.560762,-0.632564,1.215062,0.291599,0.062123,0.030908,-0.977915,0.311913,1.196299,-0.127699,-0.346191,0.004209,-0.566581,-0.627930,1.244392,0.244545,-0.070483,0.037949
8.140000,0.024203,0.675565,1.222252,-0.344767,0.045259,0.030297,0.906093,0.278448,1.215870,-0.086016,0.337396,0.023575,0.566576,-0.631292,1.215679,0.289803,0.065040,0.030826,-0.980414,0.304984,1.196382,-0.122186,-0.346642,0.004160,-0.561677,-0.629328,1.245145,0.245859,-0.069382,0.037384
8.160000,0.017298,0.676467,1.222851,-0.345719,0.044918,0.029631,0.904347,0.285184,1.216340,-0.088606,0.336225,0.023422,0.572355,-0.629962,1.216295,0.288061,0.067898,0.030700,-0.982803,0.298048,1.196465,-0.116738,-0.346981,0.004103,-0.556747,-0.630705,1.245887,0.247113,-0.068352,0.036787
8.180000,0.010374,0.677362,1.223436,-0.346648,0.044627,0.028908,0.902550,0.291897,1.216807,-0.091108,0.334987,0.023234,0.578099,-0.628576,1.216907,0.286372,0.070697,0.030531,-0.985084,0.291106,1.196546,-0.111358,-0.347207,0.004040,-0.551793,-0.632063,1.246617,0.248306,-0.067392,0.036158
8.200000,0.003432,0.678252,1.224007,-0.347553,0.044386,0.028130,0.900703,0.298583,1.217269,-0.093522,0.333682,0.023009,0.583810,-0.627135,1.217516,0.284738,0.073438,0.030317,-0.987257,0.284160,1.196626,-0.106043,-0.347321,0.003969,-0.546815,-0.633401,1.247333,0.249439,-0.066502,0.035495
8.220000,-0.003527,0.679138,1.224561,-0.348435,0.044178,0.027298,0.898809,0.305243,1.217727,-0.095857,0.332309,0.022753,0.589489,-0.625639,1.218120,0.283149,0.076122,0.030061,-0.989326,0.277214,1.196705,-0.100807,-0.347324,0.003891,-0.541816,-0.634723,1.248036,0.250517,-0.065672,0.034804
8.240000,-0.010505,0.680019,1.225098,-0.349296,0.043984,0.026415,0.896869,0.311875,1.218179,-0.098122,0.330868,0.022472,0.595136,-0.624090,1.218718,0.281598,0.078753,0.029766,-0.991290,0.270268,1.196782,-0.095663,-0.347218,0.003807,-0.536795,-0.636029,1.248725,0.251544,-0.064892,0.034087
8.260000,-0.017499,0.680897,1.225618,-0.350134,0.043805,0.025481,0.894885,0.318478,1.218626,-0.100318,0.329360,0.022165,0.600753,-0.622489,1.219310,0.280085,0.081329,0.029432,-0.993153,0.263326,1.196857,-0.090610,-0.347005,0.003715,-0.531754,-0.637319,1.249400,0.252521,-0.064162,0.033345
8.280000,-0.024510,0.681771,1.226117,-0.350950,0.043641,0.024495,0.892857,0.325049,1.219066,-0.102445,0.327784,0.021832,0.606340,-0.620837,1.219895,0.278610,0.083852,0.029058,-0.994915,0.256389,1.196931,-0.085648,-0.346684,0.003617,-0.526694,-0.638595,1.250059,0.253447,-0.063482,0.032578
8.300000,-0.031537,0.682643,1.226597,-0.351745,0.043492,0.023458,0.890788,0.331589,1.219499,-0.104502,0.326140,0.021474,0.611898,-0.619136,1.220472,0.277172,0.086320,0.028645,-0.996580,0.249459,1.197002,-0.080778,-0.346254,0.003512,-0.521617,-0.639859,1.250703,0.254323,-0.062853,0.031786
8.320000,-0.038580,0.683511,1.227055,-0.352516,0.043341,0.022373,0.888677,0.338094,1.219925,-0.106500,0.324424,0.021098,0.617427,-0.617385,1.221040,0.275760,0.088743,0.028195,-0.998147,0.242539,1.197071,-0.076020,-0.345724,0.003401,-0.516522,-0.641110,1.251330,0.255153,-0.062261,0.030975
8.340000,-0.045638,0.684376,1.227492,-0.353265,0.043175,0.021242,0.886528,0.344565,1.220343,-0.108450,0.322631,0.020712,0.622928,-0.615586,1.221600,0.274362,0.091127,0.027712,-0.999621,0.235631,1.197138,-0.071396,-0.345101,0.003285,-0.511411,-0.642349,1.251942,0.255939,-0.061696,0.030153
8.360000,-0.052710,0.685238,1.227905,-0.353991,0.042991,0.020067,0.884340,0.350999,1.220753,-0.110350,0.320759,0.020315,0.628401,-0.613740,1.222149,0.272976,0.093473,0.027197,-1.001004,0.228736,1.197202,-0.066906,-0.344386,0.003166,-0.506285,-0.643578,1.252536,0.256681,-0.061158,0.029320
8.380000,-0.059797,0.686096,1.228294,-0.354695,0.042792,0.018847,0.882114,0.357395,1.221155,-0.112202,0.318810,0.019908,0.633847,-0.611848,1.222687,0.271604,0.095781,0.026648,-1.002298,0.221856,1.197264,-0.062550,-0.343577,0.003043,-0.501144,-0.644796,1.253114,0.257381,-0.060646,0.028475
8.400000,-0.066898,0.686950,1.228658,-0.355375,0.042575,0.017581,0.879852,0.363751,1.221549,-0.114005,0.316784,0.019491,0.639266,-0.609909,1.223214,0.270245,0.098050,0.026067,-1.003507,0.214993,1.197324,-0.058328,-0.342676,0.002915,-0.495990,-0.646004,1.253675,0.258037,-0.060160,0.027620
8.420000,-0.074012,0.687799,1.228997,-0.356031,0.042330,0.016275,0.877554,0.370066,1.221935,-0.115768,0.314673,0.019072,0.644657,-0.607926,1.223730,0.268886,0.100292,0.025457,-1.004632,0.208149,1.197381,-0.054251,-0.341693,0.002785,-0.490823,-0.647202,1.254219,0.258657,-0.059693,0.026755
8.440000,-0.081139,0.688642,1.229309,-0.356663,0.042043,0.014932,0.875222,0.376337,1.222312,-0.117499,0.312472,0.018663,0.650021,-0.605898,1.224233,0.267514,0.102516,0.024821,-1.005678,0.201326,1.197435,-0.050328,-0.340641,0.002654,-0.485644,-0.648392,1.254745,0.259249,-0.059236,0.025883
8.460000,-0.088278,0.689480,1.229594,-0.357270,0.041714,0.013553,0.872854,0.382564,1.222682,-0.119199,0.310180,0.018262,0.655357,-0.603825,1.224722,0.266129,0.104723,0.024161,-1.006647,0.194524,1.197487,-0.046560,-0.339520,0.002523,-0.480453,-0.649572,1.255254,0.259813,-0.058789,0.025003
8.480000,-0.095430,0.690311,1.229851,-0.357853,0.041344,0.012137,0.870454,0.388744,1.223043,-0.120866,0.307797,0.017870,0.660666,-0.601709,1.225199,0.264730,0.106912,0.023475,-1.007541,0.187746,1.197536,-0.042947,-0.338328,0.002391,-0.475251,-0.650743,1.255745,0.260349,-0.058352,0.024116
8.500000,-0.102592,0.691134,1.230079,-0.358411,0.040932,0.010685,0.868020,0.394875,1.223396,-0.122502,0.305323,0.017487,0.665947,-0.599549,1.225661,0.263318,0.109083,0.022765,-1.008366,0.180992,1.197583,-0.039489,-0.337068,0.002259,-0.470039,-0.651906,1.256219,0.260857,-0.057925,0.023221
8.520000,-0.109766,0.691948,1.230278,-0.358944,0.040471,0.009202,0.865554,0.400956,1.223742,-0.124124,0.302758,0.017114,0.671199,-0.597346,1.226109,0.261882,0.111246,0.022033,-1.009122,0.174263,1.197627,-0.036196,-0.335754,0.002129,-0.464817,-0.653060,1.256674,0.261340,-0.057501,0.022324
8.540000,-0.116950,0.692752,1.230447,-0.359451,0.039951,0.007693,0.863055,0.406985,1.224081,-0.125750,0.300103,0.016754,0.676422,-0.595099,1.226542,0.260409,0.113411,0.021285,-1.009815,0.167562,1.197668,-0.033078,-0.334403,0.002002,-0.459586,-0.654206,1.257112,0.261804,-0.057070,0.021429
8.560000,-0.124144,0.693545,1.230586,-0.359931,0.039373,0.006158,0.860524,0.412960,1.224413,-0.127379,0.297358,0.016407,0.681615,-0.592809,1.226961,0.258900,0.115577,0.020519,-1.010446,0.160887,1.197707,-0.030135,-0.333015,0.001879,-0.454345,-0.655343,1.257531,0.262248,-0.056633,0.020537
8.580000,-0.131347,0.694327,1.230693,-0.360386,0.038737,0.004599,0.857960,0.418879,1.224737,-0.129013,0.294522,0.016072,0.686777,-0.590476,1.227363,0.257354,0.117746,0.019737,-1.011021,0.154241,1.197743,-0.027367,-0.331591,0.001759,-0.449096,-0.656471,1.257933,0.262673,-0.056191,0.019647
8.600000,-0.138559,0.695094,1.230769,-0.360814,0.038043,0.003013,0.855363,0.424740,1.225056,-0.130650,0.291595,0.015751,0.691909,-0.588099,1.227750,0.255773,0.119916,0.018938,-1.011542,0.147624,1.197777,-0.024774,-0.330130,0.001644,-0.443838,-0.657591,1.258317,0.263078,-0.055742,0.018760
8.620000,-0.145779,0.695848,1.230814,-0.361216,0.037287,0.001409,0.852734,0.430542,1.225367,-0.132304,0.288581,0.015437,0.697008,-0.585679,1.228121,0.254147,0.122094,0.018125,-1.012013,0.141036,1.197809,-0.022351,-0.328650,0.001534,-0.438573,-0.658701,1.258684,0.263472,-0.055283,0.017874
8.640000,-0.153007,0.696585,1.230826,-0.361591,0.036467,-0.000206,0.850071,0.436283,1.225673,-0.133988,0.285483,0.015125,0.702074,-0.583215,1.228475,0.252469,0.124288,0.017303,-1.012437,0.134478,1.197839,-0.020091,-0.327170,0.001431,-0.433299,-0.659802,1.259032,0.263865,-0.054811,0.016986
8.660000,-0.160243,0.697306,1.230805,-0.361939,0.035581,-0.001833,0.847374,0.441961,1.225972,-0.135702,0.282300,0.014815,0.707106,-0.580708,1.228813,0.250739,0.126498,0.016472,-1.012818,0.127949,1.197866,-0.017996,-0.325690,0.001336,-0.428018,-0.660893,1.259363,0.264256,-0.054326,0.016097
8.680000,-0.167485,0.698008,1.230752,-0.362260,0.034631,-0.003471,0.844643,0.447574,1.226266,-0.137445,0.279033,0.014508,0.712103,-0.578155,1.229134,0.248957,0.128723,0.015632,-1.013158,0.121450,1.197892,-0.016065,-0.324209,0.001247,-0.422729,-0.661975,1.259676,0.264646,-0.053828,0.015207
8.700000,-0.174733,0.698691,1.230666,-0.362555,0.033617,-0.005120,0.841876,0.453121,1.226553,-0.139218,0.275681,0.014202,0.717064,-0.575559,1.229438,0.247124,0.130964,0.014783,-1.013462,0.114981,1.197916,-0.014297,-0.322728,0.001167,-0.417432,-0.663046,1.259971,0.265034,-0.053316,0.014316
8.720000,-0.181987,0.699353,1.230548,-0.362821,0.032539,-0.006772,0.839074,0.458601,1.226834,-0.141024,0.272249,0.013897,0.721988,-0.572917,1.229725,0.245235,0.133223,0.013927,-1.013731,0.108541,1.197939,-0.012681,-0.321272,0.001094,-0.412128,-0.664107,1.260249,0.265426,-0.052787,0.013425
8.740000,-0.189246,0.699992,1.230396,-0.363061,0.031400,-0.008417,0.836235,0.464011,1.227109,-0.142868,0.268740,0.013589,0.726873,-0.570229,1.229995,0.243289,0.135503,0.013069,-1.013970,0.102130,1.197960,-0.011201,-0.319864,0.001031,-0.406815,-0.665158,1.260508,0.265826,-0.052238,0.012536
8.760000,-0.196509,0.700608,1.230211,-0.363272,0.030200,-0.010055,0.833359,0.469350,1.227377,-0.144751,0.265155,0.013280,0.731719,-0.567496,1.230248,0.241285,0.137804,0.012209,-1.014180,0.095746,1.197980,-0.009858,-0.318504,0.000977,-0.401495,-0.666197,1.260750,0.266233,-0.051670,0.011648
8.780000,-0.203776,0.701200,1.229993,-0.363455,0.028939,-0.011685,0.830445,0.474617,1.227640,-0.146671,0.261494,0.012969,0.736524,-0.564717,1.230483,0.239224,0.140126,0.011346,-1.014365,0.089389,1.197999,-0.008653,-0.317193,0.000933,-0.396166,-0.667224,1.260974,0.266648,-0.051081,0.010762
8.800000,-0.211047,0.701765,1.229744,-0.363611,0.027617,-0.013309,0.827492,0.479809,1.227896,-0.148629,0.257756,0.012655,0.741288,-0.561891,1.230701,0.237105,0.142469,0.010480,-1.014527,0.083058,1.198018,-0.007584,-0.315931,0.000899,-0.390829,-0.668240,1.261181,0.267071,-0.050473,0.009878
8.820000,-0.218321,0.702304,1.229461,-0.363738,0.026240,-0.014914,0.824499,0.484926,1.228146,-0.150624,0.253948,0.012339,0.746008,-0.559018,1.230902,0.234931,0.144831,0.009614,-1.014669,0.076752,1.198035,-0.006624,-0.314732,0.000875,-0.385483,-0.669243,1.261369,0.267514,-0.049845,0.008988
8.840000,-0.225596,0.702815,1.229147,-0.363835,0.024814,-0.016489,0.821466,0.489967,1.228390,-0.152655,0.250074,0.012020,0.750685,-0.556098,1.231086,0.232705,0.147211,0.008751,-1.014793,0.070468,1.198053,-0.005744,-0.313609,0.000862,-0.380128,-0.670234,1.261540,0.267988,-0.049199,0.008086
8.860000,-0.232874,0.703296,1.228802,-0.363903,0.023341,-0.018032,0.818393,0.494929,1.228627,-0.154723,0.246136,0.011697,0.755316,-0.553130,1.231252,0.230427,0.149607,0.007891,-1.014899,0.064207,1.198070,-0.004943,-0.312563,0.000860,-0.374763,-0.671211,1.261693,0.268494,-0.048534,0.007171
8.880000,-0.240152,0.703748,1.228426,-0.363941,0.021819,-0.019545,0.815277,0.499812,1.228858,-0.156827,0.242133,0.011371,0.759901,-0.550114,1.231402,0.228096,0.152021,0.007033,-1.014991,0.057965,1.198087,-0.004223,-0.311594,0.000869,-0.369388,-0.672175,1.261827,0.269031,-0.047851,0.006244
8.900000,-0.247431,0.704169,1.228020,-0.363950,0.020249,-0.021028,0.812119,0.504614,1.229082,-0.158967,0.238064,0.011041,0.764440,-0.547049,1.231534,0.225714,0.154451,0.006178,-1.015069,0.051743,1.198105,-0.003582,-0.310702,0.000889,-0.364002,-0.673125,1.261942,0.269599,-0.047149,0.005303
8.920000,-0.254710,0.704558,1.227585,-0.363927,0.018642,-0.022465,0.808918,0.509334,1.229299,-0.161137,0.233943,0.010708,0.768930,-0.543935,1.231649,0.223288,0.156893,0.005328,-1.015134,0.045537,1.198123,-0.002983,-0.309891,0.000922,-0.358604,-0.674061,1.262039,0.270205,-0.046430,0.004347
8.940000,-0.261988,0.704914,1.227122,-0.363869,0.017006,-0.023841,0.805674,0.513971,1.229510,-0.163332,0.229782,0.010370,0.773371,-0.540773,1.231747,0.220826,0.159341,0.004483,-1.015188,0.039346,1.198142,-0.002389,-0.309166,0.000967,-0.353193,-0.674982,1.262116,0.270855,-0.045694,0.003372
8.960000,-0.269265,0.705238,1.226632,-0.363778,0.015343,-0.025155,0.802385,0.518525,1.229714,-0.165553,0.225580,0.010026,0.777762,-0.537562,1.231828,0.218328,0.161793,0.003645,-1.015230,0.033170,1.198161,-0.001799,-0.308527,0.001026,-0.347769,-0.675888,1.262174,0.271550,-0.044941,0.002376
8.980000,-0.276539,0.705528,1.226116,-0.363653,0.013652,-0.026409,0.799051,0.522994,1.229911,-0.167798,0.221338,0.009679,0.782104,-0.534301,1.231893,0.215795,0.164252,0.002813,-1.015260,0.027005,1.198183,-0.001214,-0.307973,0.001097,-0.342331,-0.676779,1.262211,0.272288,-0.044172,0.001362
9.000000,-0.283810,0.705784,1.225576,-0.363493,0.011934,-0.027602,0.795673,0.527378,1.230101,-0.170068,0.217056,0.009326,0.786394,-0.530992,1.231941,0.213225,0.166715,0.001987,-1.015279,0.020850,1.198205,-0.000633,-0.307506,0.001182,-0.336877,-0.677655,1.262228,0.273071,-0.043387,0.000328
9.020000,-0.291078,0.706005,1.225013,-0.363296,0.010201,-0.028715,0.792249,0.531676,1.230284,-0.172354,0.212750,0.008968,0.790633,-0.527633,1.231972,0.210633,0.169177,0.001169,-1.015285,0.014704,1.198230,-0.000031,-0.307119,0.001280,-0.331408,-0.678515,1.262224,0.273903,-0.042587,-0.000726
9.040000,-0.298342,0.706192,1.224428,-0.363055,0.008466,-0.029728,0.788779,0.535888,1.230460,-0.174646,0.208437,0.008601,0.794819,-0.524225,1.231988,0.208031,0.171628,0.000358,-1.015280,0.008565,1.198257,0.000616,-0.306809,0.001391,-0.325921,-0.679358,1.262199,0.274786,-0.041774,-0.001801
9.060000,-0.305600,0.706344,1.223824,-0.362771,0.006730,-0.030642,0.785263,0.540014,1.230628,-0.176945,0.204117,0.008227,0.798954,-0.520768,1.231987,0.205419,0.174071,-0.000444,-1.015260,0.002431,1.198286,0.001310,-0.306574,0.001516,-0.320416,-0.680186,1.262152,0.275721,-0.040948,-0.002897
9.080000,-0.312853,0.706461,1.223203,-0.362444,0.004991,-0.031457,0.781701,0.544053,1.230789,-0.179250,0.199789,0.007845,0.803036,-0.517262,1.231970,0.202796,0.176503,-0.001238,-1.015227,-0.003699,1.198317,0.002049,-0.306416,0.001654,-0.314892,-0.680996,1.262083,0.276708,-0.040110,-0.004013
9.100000,-0.320098,0.706543,1.222567,-0.362074,0.003251,-0.032171,0.778093,0.548005,1.230942,-0.181561,0.195455,0.007456,0.807065,-0.513708,1.231937,0.200163,0.178926,-0.002023,-1.015178,-0.009826,1.198352,0.002834,-0.306334,0.001805,-0.309347,-0.681790,1.261991,0.277747,-0.039258,-0.005150
9.120000,-0.327335,0.706591,1.221917,-0.361657,0.001514,-0.032772,0.774438,0.551871,1.231087,-0.183868,0.191135,0.007057,0.811042,-0.510105,1.231889,0.197535,0.181334,-0.002799,-1.015113,-0.015953,1.198390,0.003677,-0.306322,0.001970,-0.303782,-0.682567,1.261877,0.278841,-0.038397,-0.006306
9.140000,-0.334564,0.706604,1.221257,-0.361188,-0.000213,-0.033245,0.770738,0.555651,1.231224,-0.186160,0.186851,0.006645,0.814967,-0.506454,1.231825,0.194928,0.183722,-0.003565,-1.015031,-0.022079,1.198431,0.004588,-0.306375,0.002147,-0.298193,-0.683326,1.261739,0.279991,-0.037529,-0.007477
9.160000,-0.341782,0.706582,1.220588,-0.360666,-0.001933,-0.033589,0.766992,0.559345,1.231353,-0.188438,0.182602,0.006220,0.818840,-0.502756,1.231747,0.192341,0.186090,-0.004321,-1.014929,-0.028208,1.198476,0.005569,-0.306493,0.002336,-0.292582,-0.684068,1.261578,0.281199,-0.036655,-0.008663
9.180000,-0.348990,0.706527,1.219914,-0.360093,-0.003643,-0.033805,0.763201,0.562955,1.231473,-0.190700,0.178388,0.005784,0.822661,-0.499011,1.231653,0.189776,0.188437,-0.005066,-1.014807,-0.034340,1.198524,0.006618,-0.306676,0.002537,-0.286945,-0.684792,1.261392,0.282464,-0.035774,-0.009864
9.200000,-0.356186,0.706437,1.219237,-0.359468,-0.005345,-0.033892,0.759364,0.566481,1.231584,-0.192948,0.174211,0.005335,0.826431,-0.495219,1.231544,0.187231,0.190765,-0.005801,-1.014664,-0.040475,1.198577,0.007736,-0.306924,0.002751,-0.281283,-0.685499,1.261183,0.283785,-0.034886,-0.011081
9.220000,-0.363368,0.706313,1.218559,-0.358780,-0.007041,-0.033845,0.755483,0.569924,1.231686,-0.195173,0.170088,0.004871,0.830150,-0.491380,1.231421,0.184722,0.193074,-0.006524,-1.014497,-0.046617,1.198635,0.008920,-0.307232,0.002976,-0.275593,-0.686187,1.260949,0.285165,-0.033995,-0.012306
9.240000,-0.370536,0.706155,1.217884,-0.358016,-0.008733,-0.033658,0.751557,0.573285,1.231779,-0.197366,0.166042,0.004390,0.833820,-0.487496,1.231283,0.182266,0.195366,-0.007231,-1.014307,-0.052765,1.198696,0.010167,-0.307595,0.003211,-0.269876,-0.686858,1.260691,0.286605,-0.033107,-0.013529
9.260000,-0.377688,0.705964,1.217214,-0.357176,-0.010420,-0.033330,0.747588,0.576566,1.231861,-0.199528,0.162072,0.003892,0.837441,-0.483566,1.231132,0.179862,0.197642,-0.007923,-1.014090,-0.058921,1.198763,0.011476,-0.308015,0.003456,-0.264129,-0.687512,1.260408,0.288105,-0.032219,-0.014751
9.280000,-0.384823,0.705738,1.216552,-0.356262,-0.012104,-0.032862,0.743577,0.579769,1.231934,-0.201658,0.158177,0.003377,0.841015,-0.479590,1.230966,0.177511,0.199901,-0.008600,-1.013847,-0.065086,1.198835,0.012847,-0.308491,0.003711,-0.258351,-0.688147,1.260101,0.289664,-0.031333,-0.015972
9.300000,-0.391938,0.705479,1.215900,-0.355272,-0.013784,-0.032254,0.739522,0.582894,1.231996,-0.203756,0.154359,0.002845,0.844542,-0.475570,1.230788,0.175212,0.202144,-0.009263,-1.013576,-0.071261,1.198912,0.014281,-0.309022,0.003975,-0.252542,-0.688765,1.259769,0.291284,-0.030449,-0.017192
9.320000,-0.399033,0.705187,1.215262,-0.354207,-0.015475,-0.031516,0.735427,0.585943,1.232048,-0.205820,0.150631,0.002295,0.848024,-0.471505,1.230596,0.172977,0.204385,-0.009903,-1.013276,-0.077447,1.198994,0.015778,-0.309604,0.004249,-0.246699,-0.689365,1.259413,0.292962,-0.029571,-0.018393
9.340000,-0.406106,0.704860,1.214640,-0.353068,-0.017193,-0.030658,0.731290,0.588920,1.232088,-0.207847,0.147010,0.001728,0.851462,-0.467394,1.230392,0.170822,0.206638,-0.010517,-1.012945,-0.083646,1.199082,0.017338,-0.310231,0.004531,-0.240823,-0.689948,1.259034,0.294698,-0.028704,-0.019558
9.360000,-0.413156,0.704499,1.214037,-0.351855,-0.018938,-0.029680,0.727113,0.591825,1.232117,-0.209837,0.143496,0.001142,0.854857,-0.463239,1.230175,0.168744,0.208902,-0.011102,-1.012582,-0.089857,1.199175,0.018961,-0.310905,0.004821,-0.234911,-0.690513,1.258631,0.296491,-0.027849,-0.020685
9.380000,-0.420180,0.704102,1.213454,-0.350567,-0.020710,-0.028582,0.722897,0.594660,1.232134,-0.211790,0.140087,0.000539,0.858212,-0.459038,1.229948,0.166745,0.211179,-0.011660,-1.012186,-0.096082,1.199274,0.020648,-0.311624,0.005118,-0.228963,-0.691062,1.258206,0.298342,-0.027005,-0.021776
9.400000,-0.427178,0.703670,1.212894,-0.349206,-0.022508,-0.027365,0.718642,0.597429,1.232138,-0.213705,0.136785,-0.000082,0.861528,-0.454792,1.229709,0.164824,0.213468,-0.012191,-1.011755,-0.102322,1.199380,0.022398,-0.312388,0.005424,-0.222977,-0.691594,1.257760,0.300251,-0.026172,-0.022830
9.420000,-0.434148,0.703202,1.212360,-0.347780,-0.024349,-0.026053,0.714349,0.600132,1.232130,-0.215588,0.133593,-0.000717,0.864805,-0.450499,1.229460,0.162982,0.215790,-0.012691,-1.011289,-0.108578,1.199491,0.024218,-0.313193,0.005737,-0.216952,-0.692109,1.257293,0.302223,-0.025353,-0.023836
9.440000,-0.441089,0.702696,1.211853,-0.346301,-0.026247,-0.024669,0.710018,0.602773,1.232110,-0.217445,0.130515,-0.001362,0.868047,-0.446160,1.229202,0.161221,0.218164,-0.013156,-1.010786,-0.114850,1.199609,0.026113,-0.314033,0.006057,-0.210888,-0.692608,1.256807,0.304262,-0.024551,-0.024782
9.460000,-0.447999,0.702152,1.211374,-0.344768,-0.028203,-0.023215,0.705651,0.605354,1.232076,-0.219275,0.127550,-0.002016,0.871255,-0.441772,1.228934,0.159540,0.220591,-0.013588,-1.010244,-0.121139,1.199734,0.028083,-0.314909,0.006383,-0.204781,-0.693091,1.256303,0.306369,-0.023764,-0.025670
9.480000,-0.454879,0.701568,1.210925,-0.343181,-0.030217,-0.021690,0.701247,0.607876,1.232029,-0.221079,0.124700,-0.002680,0.874430,-0.437336,1.228659,0.157939,0.223071,-0.013985,-1.009662,-0.127447,1.199865,0.030129,-0.315819,0.006715,-0.198632,-0.693559,1.255781,0.308543,-0.022995,-0.026497
9.500000,-0.461726,0.700943,1.210507,-0.341541,-0.032288,-0.020094,0.696808,0.610342,1.231969,-0.222855,0.121963,-0.003353,0.877573,-0.432849,1.228375,0.156419,0.225604,-0.014347,-1.009039,-0.133772,1.200002,0.032251,-0.316765,0.007054,-0.192439,-0.694011,1.255243,0.310785,-0.022241,-0.027266
9.520000,-0.468540,0.700276,1.210121,-0.339868,-0.034420,-0.018462,0.692333,0.612755,1.231895,-0.224619,0.119338,-0.004028,0.880687,-0.428311,1.228085,0.154969,0.228210,-0.014674,-1.008372,-0.140117,1.200147,0.034458,-0.317740,0.007399,-0.186200,-0.694448,1.254691,0.313100,-0.021508,-0.027968
9.540000,-0.475321,0.699565,1.209768,-0.338184,-0.036615,-0.016826,0.687823,0.615117,1.231807,-0.226383,0.116823,-0.004696,0.883772,-0.423720,1.227788,0.153578,0.230910,-0.014963,-1.007660,-0.146482,1.200298,0.036761,-0.318739,0.007748,-0.179915,-0.694871,1.254125,0.315492,-0.020798,-0.028598
9.560000,-0.482068,0.698811,1.209448,-0.336489,-0.038872,-0.015188,0.683278,0.617429,1.231707,-0.228148,0.114417,-0.005358,0.886830,-0.419074,1.227487,0.152247,0.233703,-0.015215,-1.006901,-0.152867,1.200457,0.039161,-0.319761,0.008103,-0.173580,-0.695280,1.253547,0.317962,-0.020112,-0.029155
9.580000,-0.488780,0.698010,1.209161,-0.334782,-0.041193,-0.013547,0.678697,0.619694,1.231593,-0.229913,0.112121,-0.006013,0.889862,-0.414371,1.227180,0.150976,0.236590,-0.015428,-1.006093,-0.159273,1.200623,0.041657,-0.320806,0.008462,-0.167196,-0.695676,1.252959,0.320509,-0.019449,-0.029640
9.600000,-0.495459,0.697162,1.208906,-0.333064,-0.043577,-0.011904,0.674081,0.621915,1.231466,-0.231679,0.109935,-0.006661,0.892870,-0.409610,1.226870,0.149765,0.239571,-0.015604,-1.005234,-0.165700,1.200795,0.044249,-0.321875,0.008827,-0.160759,-0.696059,1.252362,0.323134,-0.018809,-0.030051
9.620000,-0.502103,0.696267,1.208684,-0.331339,-0.046026,-0.010274,0.669430,0.624092,1.231327,-0.233467,0.107854,-0.007291,0.895853,-0.404788,1.226556,0.148595,0.242656,-0.015741,-1.004322,-0.172148,1.200976,0.046946,-0.322955,0.009196,-0.154270,-0.696429,1.251758,0.325834,-0.018196,-0.030387
9.640000,-0.508712,0.695321,1.208495,-0.329610,-0.048544,-0.008677,0.664742,0.626229,1.231175,-0.235299,0.105873,-0.007892,0.898814,-0.399903,1.226240,0.147449,0.245855,-0.015837,-1.003355,-0.178618,1.201163,0.049757,-0.324035,0.009570,-0.147726,-0.696787,1.251147,0.328607,-0.017612,-0.030644
9.660000,-0.515287,0.694324,1.208337,-0.327879,-0.051130,-0.007111,0.660018,0.628328,1.231011,-0.237176,0.103991,-0.008463,0.901751,-0.394953,1.225923,0.146327,0.249169,-0.015892,-1.002331,-0.185109,1.201358,0.052682,-0.325115,0.009947,-0.141125,-0.697133,1.250532,0.331452,-0.017057,-0.030822
9.680000,-0.521828,0.693275,1.208210,-0.326145,-0.053785,-0.005576,0.655255,0.630390,1.230837,-0.239098,0.102210,-0.009004,0.904667,-0.389935,1.225605,0.145229,0.252597,-0.015907,-1.001247,-0.191622,1.201561,0.055721,-0.326195,0.010330,-0.134467,-0.697469,1.249915,0.334369,-0.016531,-0.030920
9.700000,-0.528333,0.692172,1.208114,-0.324409,-0.056507,-0.004074,0.650453,0.632417,1.230651,-0.241064,0.100528,-0.009516,0.907561,-0.384848,1.225287,0.144155,0.256140,-0.015882,-1.000101,-0.198157,1.201772,0.058874,-0.327275,0.010716,-0.127750,-0.697795,1.249296,0.337359,-0.016033,-0.030939
9.720000,-0.534804,0.691015,1.208047,-0.322675,-0.059297,-0.002610,0.645612,0.634411,1.230456,-0.243097,0.098935,-0.009990,0.910433,-0.379689,1.224970,0.143084,0.259792,-0.015814,-0.998891,-0.204713,1.201990,0.062140,-0.328338,0.011108,-0.120972,-0.698111,1.248678,0.340410,-0.015566,-0.030879
9.740000,-0.541240,0.689800,1.208009,-0.320950,-0.062153,-0.001194,0.640729,0.636375,1.230252,-0.245219,0.097423,-0.010417,0.913284,-0.374456,1.224655,0.141998,0.263551,-0.015704,-0.997615,-0.211290,1.202216,0.065521,-0.329368,0.011504,-0.114133,-0.698418,1.248061,0.343511,-0.015130,-0.030740
9.760000,-0.547642,0.688528,1.207999,-0.319235,-0.065073,0.000175,0.635803,0.638309,1.230040,-0.247430,0.095989,-0.010797,0.916113,-0.369146,1.224342,0.140894,0.267416,-0.015551,-0.996270,-0.217888,1.202450,0.069015,-0.330365,0.011905,-0.107231,-0.698716,1.247449,0.346662,-0.014725,-0.030523
9.780000,-0.554010,0.687197,1.208016,-0.317529,-0.068059,0.001497,0.630831,0.640215,1.229821,-0.249730,0.094635,-0.011131,0.918920,-0.363759,1.224033,0.139775,0.271387,-0.015356,-0.994854,-0.224505,1.202692,0.072622,-0.331328,0.012311,-0.100266,-0.699007,1.246841,0.349863,-0.014351,-0.030227
9.800000,-0.560343,0.685805,1.208059,-0.315832,-0.071111,0.002771,0.625813,0.642095,1.229595,-0.252119,0.093361,-0.011418,0.921704,-0.358290,1.223728,0.138640,0.275464,-0.015117,-0.993364,-0.231141,1.202943,0.076343,-0.332258,0.012721,-0.093237,-0.699290,1.246240,0.353114,-0.014008,-0.029852
9.820000,-0.566643,0.684352,1.208126,-0.314153,-0.074224,0.003996,0.620746,0.643950,1.229364,-0.254608,0.092153,-0.011652,0.924465,-0.352739,1.223429,0.137471,0.279631,-0.014835,-0.991799,-0.237795,1.203201,0.080165,-0.333134,0.013137,-0.086142,-0.699567,1.245647,0.356394,-0.013696,-0.029402
9.840000,-0.572909,0.682836,1.208218,-0.312499,-0.077394,0.005167,0.615628,0.645781,1.229129,-0.257208,0.090997,-0.011829,0.927202,-0.347104,1.223135,0.136255,0.283870,-0.014510,-0.990157,-0.244465,1.203468,0.084076,-0.333934,0.013559,-0.078981,-0.699838,1.245064,0.359684,-0.013415,-0.028882
9.860000,-0.579143,0.681256,1.208333,-0.310871,-0.080623,0.006285,0.610457,0.647590,1.228891,-0.259918,0.089894,-0.011948,0.929915,-0.341384,1.222848,0.134989,0.288181,-0.014142,-0.988436,-0.251152,1.203744,0.088075,-0.334660,0.013987,-0.071754,-0.700104,1.244493,0.362983,-0.013164,-0.028291
9.880000,-0.585345,0.679611,1.208469,-0.309269,-0.083908,0.007351,0.605230,0.649377,1.228652,-0.262739,0.088844,-0.012008,0.932602,-0.335577,1.222570,0.133674,0.292564,-0.013730,-0.986633,-0.257851,1.204028,0.092163,-0.335311,0.014421,-0.064461,-0.700365,1.243933,0.366290,-0.012944,-0.027630
9.900000,-0.591514,0.677899,1.208626,-0.307693,-0.087252,0.008363,0.599946,0.651144,1.228411,-0.265671,0.087847,-0.012011,0.935261,-0.329681,1.222299,0.132310,0.297020,-0.013275,-0.984748,-0.264563,1.204320,0.096339,-0.335887,0.014860,-0.057102,-0.700622,1.243388,0.369606,-0.012754,-0.026898
9.920000,-0.597652,0.676120,1.208803,-0.306152,-0.090646,0.009321,0.594603,0.652891,1.228172,-0.268711,0.086892,-0.011954,0.937894,-0.323696,1.222039,0.130889,0.301517,-0.012778,-0.982779,-0.271286,1.204622,0.100580,-0.336368,0.015305,-0.049677,-0.700875,1.242858,0.372902,-0.012589,-0.026107
9.940000,-0.603760,0.674273,1.208999,-0.304658,-0.094085,0.010224,0.589197,0.654620,1.227934,-0.271854,0.085972,-0.011837,0.940497,-0.317620,1.221789,0.129400,0.306023,-0.012240,-0.980725,-0.278017,1.204933,0.104861,-0.336733,0.015756,-0.042187,-0.701126,1.242344,0.376147,-0.012444,-0.025266
9.960000,-0.609839,0.672356,1.209212,-0.303209,-0.097568,0.011070,0.583728,0.656331,1.227699,-0.275102,0.085085,-0.011660,0.943069,-0.311455,1.221550,0.127845,0.310538,-0.011661,-0.978585,-0.284755,1.205252,0.109182,-0.336982,0.016212,-0.034632,-0.701373,1.241847,0.379341,-0.012319,-0.024375
9.980000,-0.615889,0.670370,1.209441,-0.301807,-0.101096,0.011862,0.578192,0.658024,1.227468,-0.278454,0.084231,-0.011423,0.945610,-0.305199,1.221322,0.126223,0.315063,-0.011041,-0.976357,-0.291496,1.205581,0.113543,-0.337115,0.016674,-0.027013,-0.701619,1.241369,0.382484,-0.012214,-0.023434
10.000000,-0.621912,0.668312,1.209686,-0.300451,-0.104668,0.012597,0.572589,0.659700,1.227242,-0.281909,0.083412,-0.011125,0.948118,-0.298852,1.221108,0.124533,0.319598,-0.010381,-0.974043,-0.298239,1.205919,0.117945,-0.337133,0.017142,-0.019333,-0.701862,1.240910,0.385577,-0.012129,-0.022444
10.020000,-0.627908,0.666183,1.209945,-0.299141,-0.108276,0.013279,0.566916,0.661360,1.227023,-0.285447,0.082618,-0.010771,0.950591,-0.292415,1.220907,0.122777,0.324101,-0.009683,-0.971640,-0.304980,1.206267,0.122358,-0.337029,0.017611,-0.011591,-0.702104,1.240472,0.388601,-0.012054,-0.021424
10.040000,-0.633878,0.663981,1.210217,-0.297877,-0.111911,0.013910,0.561171,0.663005,1.226812,-0.289046,0.081843,-0.010365,0.953028,-0.285889,1.220721,0.120953,0.328532,-0.008953,-0.969148,-0.311719,1.206624,0.126754,-0.336797,0.018076,-0.003789,-0.702344,1.240054,0.391537,-0.011978,-0.020392
10.060000,-0.639823,0.661706,1.210501,-0.296658,-0.115574,0.014489,0.555353,0.664634,1.226609,-0.292706,0.081086,-0.009906,0.955428,-0.279274,1.220550,0.119061,0.332891,-0.008190,-0.966570,-0.318451,1.206990,0.131132,-0.336438,0.018539,0.004070,-0.702583,1.239656,0.394385,-0.011902,-0.019348
10.080000,-0.645744,0.659358,1.210796,-0.295486,-0.119264,0.015016,0.549462,0.666248,1.226416,-0.296427,0.080348,-0.009395,0.957790,-0.272573,1.220394,0.117102,0.337178,-0.007394,-0.963903,-0.325176,1.207365,0.135493,-0.335950,0.019000,0.011986,-0.702820,1.239280,0.397145,-0.011825,-0.018294
10.100000,-0.651643,0.656936,1.211101,-0.294360,-0.122981,0.015492,0.543496,0.667848,1.226233,-0.300209,0.079629,-0.008832,0.960112,-0.265788,1.220254,0.115076,0.341393,-0.006565,-0.961150,-0.331889,1.207750,0.139836,-0.335335,0.019457,0.019955,-0.703056,1.238924,0.399817,-0.011749,-0.017227
10.120000,-0.657519,0.654439,1.211415,-0.293273,-0.126713,0.015920,0.537454,0.669434,1.226063,-0.304012,0.078919,-0.008227,0.962393,-0.258918,1.220131,0.112992,0.345507,-0.005713,-0.958310,-0.338588,1.208143,0.144134,-0.334603,0.019902,0.027978,-0.703290,1.238591,0.402386,-0.011668,-0.016162
10.140000,-0.663374,0.651867,1.211738,-0.292215,-0.130446,0.016304,0.531335,0.671005,1.225904,-0.307794,0.078211,-0.007589,0.964632,-0.251968,1.220026,0.110862,0.349490,-0.004849,-0.955385,-0.345272,1.208546,0.148357,-0.333763,0.020325,0.036050,-0.703523,1.238278,0.404835,-0.011579,-0.015110
10.160000,-0.669208,0.649221,1.212067,-0.291188,-0.134181,0.016644,0.525142,0.672562,1.225759,-0.311555,0.077504,-0.006918,0.966827,-0.244940,1.219937,0.108685,0.353344,-0.003973,-0.952376,-0.351938,1.208956,0.152505,-0.332815,0.020728,0.044170,-0.703753,1.237986,0.407166,-0.011482,-0.014071
10.180000,-0.675021,0.646500,1.212403,-0.290190,-0.137918,0.016940,0.518873,0.674105,1.225628,-0.315297,0.076800,-0.006215,0.968979,-0.237835,1.219867,0.106462,0.357067,-0.003085,-0.949285,-0.358584,1.209375,0.156579,-0.331760,0.021108,0.052336,-0.703982,1.237715,0.409376,-0.011376,-0.013045
10.200000,-0.680816,0.643704,1.212744,-0.289223,-0.141656,0.017192,0.512530,0.675634,1.225511,-0.319017,0.076096,-0.005480,0.971085,-0.230658,1.219814,0.104192,0.360660,-0.002185,-0.946114,-0.365208,1.209801,0.160578,-0.330597,0.021468,0.060544,-0.704208,1.237464,0.411468,-0.011262,-0.012033
10.220000,-0.686590,0.640834,1.213090,-0.288270,-0.145379,0.017404,0.506113,0.677149,1.225409,-0.322682,0.075386,-0.004731,0.973146,-0.223410,1.219779,0.101891,0.364107,-0.001289,-0.942863,-0.371807,1.210233,0.164484,-0.329328,0.021801,0.068794,-0.704432,1.237234,0.413425,-0.011139,-0.011043
10.240000,-0.692346,0.637889,1.213440,-0.287315,-0.149069,0.017581,0.499624,0.678649,1.225322,-0.326252,0.074658,-0.003985,0.975161,-0.216095,1.219762,0.099576,0.367390,-0.000415,-0.939535,-0.378380,1.210672,0.168278,-0.327952,0.022104,0.077080,-0.704654,1.237022,0.415230,-0.011007,-0.010084
10.260000,-0.698083,0.634871,1.213793,-0.286358,-0.152726,0.017723,0.493064,0.680135,1.225249,-0.329730,0.073914,-0.003244,0.977129,-0.208715,1.219763,0.097247,0.370510,0.000438,-0.936132,-0.384924,1.211117,0.171960,-0.326471,0.022376,0.085402,-0.704872,1.236830,0.416885,-0.010864,-0.009155
10.280000,-0.703801,0.631780,1.214149,-0.285400,-0.156350,0.017830,0.486435,0.681606,1.225192,-0.333114,0.073154,-0.002507,0.979051,-0.201275,1.219780,0.094902,0.373466,0.001269,-0.932657,-0.391438,1.211567,0.175530,-0.324884,0.022618,0.093755,-0.705088,1.236656,0.418389,-0.010711,-0.008257
10.300000,-0.709499,0.628617,1.214506,-0.284439,-0.159941,0.017903,0.479740,0.683061,1.225149,-0.336404,0.072377,-0.001775,0.980925,-0.193778,1.219813,0.092544,0.376259,0.002078,-0.929112,-0.397919,1.212022,0.178988,-0.323190,0.022829,0.102136,-0.705301,1.236499,0.419742,-0.010549,-0.007390
10.320000,-0.715178,0.625383,1.214865,-0.283438,-0.163470,0.017953,0.472980,0.684501,1.225121,-0.339565,0.071570,-0.001057,0.982752,-0.186226,1.219863,0.090175,0.378867,0.002856,-0.925499,-0.404365,1.212480,0.182322,-0.321382,0.023008,0.110543,-0.705510,1.236360,0.420923,-0.010375,-0.006559
10.340000,-0.720836,0.622079,1.215224,-0.282358,-0.166907,0.017996,0.466158,0.685924,1.225107,-0.342560,0.070723,-0.000368,0.984532,-0.178624,1.219927,0.087802,0.381269,0.003592,-0.921820,-0.410774,1.212942,0.185520,-0.319448,0.023152,0.118972,-0.705716,1.236237,0.421911,-0.010188,-0.005772
10.360000,-0.726472,0.618707,1.215585,-0.281201,-0.170252,0.018030,0.459278,0.687329,1.225106,-0.345389,0.069833,0.000294,0.986264,-0.170977,1.220006,0.085424,0.383464,0.004288,-0.918079,-0.417142,1.213406,0.188583,-0.317389,0.023262,0.127419,-0.705918,1.236129,0.422705,-0.009989,-0.005027
10.380000,-0.732084,0.615270,1.215946,-0.279964,-0.173504,0.018056,0.452344,0.688717,1.225118,-0.348052,0.068902,0.000929,0.987949,-0.163287,1.220098,0.083041,0.385452,0.004942,-0.914278,-0.423468,1.213872,0.191509,-0.315205,0.023336,0.135879,-0.706115,1.236035,0.423306,-0.009776,-0.004325
10.400000,-0.737670,0.611768,1.216307,-0.278650,-0.176665,0.018074,0.445357,0.690085,1.225143,-0.350548,0.067929,0.001536,0.989586,-0.155560,1.220203,0.080653,0.387233,0.005555,-0.910419,-0.429750,1.214339,0.194299,-0.312897,0.023376,0.144349,-0.706309,1.235956,0.423713,-0.009551,-0.003666
10.420000,-0.743229,0.608204,1.216669,-0.277217,-0.179700,0.018087,0.438323,0.691434,1.225179,-0.352840,0.066896,0.002110,0.991175,-0.147800,1.220320,0.078253,0.388780,0.006123,-0.906507,-0.435983,1.214807,0.196943,-0.310439,0.023381,0.152826,-0.706497,1.235889,0.423895,-0.009311,-0.003053
10.440000,-0.748757,0.604581,1.217030,-0.275627,-0.182575,0.018099,0.431245,0.692760,1.225227,-0.354887,0.065786,0.002644,0.992716,-0.140011,1.220448,0.075835,0.390064,0.006641,-0.902543,-0.442166,1.215274,0.199433,-0.307809,0.023351,0.161304,-0.706681,1.235833,0.423818,-0.009055,-0.002488
10.460000,-0.754253,0.600902,1.217393,-0.273879,-0.185291,0.018108,0.424129,0.694064,1.225285,-0.356690,0.064598,0.003137,0.994208,-0.132199,1.220586,0.073398,0.391085,0.007109,-0.898530,-0.448294,1.215741,0.201769,-0.305006,0.023285,0.169777,-0.706859,1.235789,0.423483,-0.008784,-0.001972
10.480000,-0.759712,0.597170,1.217755,-0.271975,-0.187847,0.018116,0.416980,0.695344,1.225352,-0.358249,0.063332,0.003591,0.995652,-0.124369,1.220732,0.070943,0.391842,0.007527,-0.894473,-0.454365,1.216205,0.203950,-0.302031,0.023183,0.178241,-0.707032,1.235754,0.422890,-0.008496,-0.001505
10.500000,-0.765131,0.593389,1.218117,-0.269912,-0.190243,0.018122,0.409801,0.696597,1.225428,-0.359563,0.061990,0.004005,0.997046,-0.116527,1.220886,0.068469,0.392337,0.007895,-0.890373,-0.460374,1.216668,0.205976,-0.298883,0.023046,0.186691,-0.707199,1.235728,0.422039,-0.008192,-0.001087
10.520000,-0.770507,0.589562,1.218480,-0.267651,-0.192460,0.018120,0.402599,0.697823,1.225512,-0.360587,0.060546,0.004378,0.998390,-0.108678,1.221048,0.065957,0.392531,0.008215,-0.886235,-0.466319,1.217127,0.207838,-0.295520,0.022876,0.195121,-0.707360,1.235710,0.420880,-0.007871,-0.000715
10.540000,-0.775835,0.585692,1.218842,-0.265147,-0.194479,0.018102,0.395380,0.699018,1.225603,-0.361275,0.058977,0.004710,0.999684,-0.100828,1.221215,0.063388,0.392385,0.008486,-0.882061,-0.472194,1.217583,0.209527,-0.291898,0.022673,0.203524,-0.707514,1.235699,0.419366,-0.007530,-0.000387
10.560000,-0.781111,0.581784,1.219204,-0.262402,-0.196298,0.018070,0.388150,0.700181,1.225700,-0.361627,0.057284,0.005001,1.000925,-0.092984,1.221387,0.060762,0.391899,0.008710,-0.877855,-0.477993,1.218034,0.211041,-0.288019,0.022439,0.211893,-0.707661,1.235694,0.417496,-0.007171,-0.000105
10.580000,-0.786330,0.577841,1.219565,-0.259416,-0.197919,0.018022,0.380917,0.701309,1.225803,-0.361642,0.055467,0.005251,1.002114,-0.085154,1.221563,0.058079,0.391073,0.008886,-0.873621,-0.483713,1.218480,0.212382,-0.283881,0.022172,0.220221,-0.707800,1.235695,0.415271,-0.006791,0.000133
10.600000,-0.791486,0.573868,1.219924,-0.256188,-0.199341,0.017959,0.373687,0.702399,1.225910,-0.361321,0.053525,0.005460,1.003248,-0.077344,1.221742,0.055339,0.389908,0.009014,-0.869361,-0.489347,1.218920,0.213549,-0.279485,0.021874,0.228501,-0.707932,1.235699,0.412689,-0.006393,0.000327
10.620000,-0.796575,0.569869,1.220283,-0.252662,-0.200544,0.017878,0.366467,0.703449,1.226021,-0.360611,0.051430,0.005631,1.004327,-0.069560,1.221923,0.052513,0.388356,0.009100,-0.865080,-0.494890,1.219355,0.214532,-0.274774,0.021547,0.236726,-0.708056,1.235708,0.409690,-0.005973,0.000481
10.640000,-0.801590,0.565848,1.220639,-0.248782,-0.201510,0.017775,0.359265,0.704455,1.226135,-0.359460,0.049155,0.005768,1.005348,-0.061812,1.222106,0.049573,0.386370,0.009147,-0.860781,-0.500335,1.219782,0.215320,-0.269692,0.021195,0.244886,-0.708171,1.235718,0.406210,-0.005530,0.000602
10.660000,-0.806524,0.561810,1.220994,-0.244547,-0.202238,0.017652,0.352091,0.705414,1.226252,-0.357866,0.046699,0.005871,1.006309,-0.054108,1.222289,0.046518,0.383950,0.009157,-0.856468,-0.505675,1.220202,0.215914,-0.264238,0.020817,0.252971,-0.708277,1.235731,0.402250,-0.005065,0.000689
10.680000,-0.811370,0.557760,1.221345,-0.239959,-0.202727,0.017507,0.344954,0.706322,1.226370,-0.355831,0.044062,0.005941,1.007208,-0.046457,1.222472,0.043349,0.381097,0.009129,-0.852146,-0.510902,1.220615,0.216312,-0.258413,0.020413,0.260973,-0.708373,1.235746,0.397810,-0.004577,0.000743
10.700000,-0.816120,0.553703,1.221694,-0.235016,-0.202979,0.017341,0.337861,0.707175,1.226489,-0.353354,0.041245,0.005977,1.008042,-0.038867,1.222654,0.040066,0.377809,0.009063,-0.847817,-0.516009,1.221019,0.216516,-0.252217,0.019984,0.268880,-0.708460,1.235761,0.392890,-0.004066,0.000763
10.720000,-0.820767,0.549643,1.222039,-0.229653,-0.202974,0.017153,0.330823,0.707970,1.226609,-0.350378,0.038216,0.005985,1.008809,-0.031348,1.222834,0.036633,0.374036,0.008967,-0.843486,-0.520988,1.221414,0.216513,-0.245585,0.019533,0.276684,-0.708536,1.235776,0.387418,-0.003530,0.000758
10.740000,-0.825303,0.545586,1.222380,-0.223803,-0.202693,0.016943,0.323850,0.708702,1.226728,-0.346845,0.034946,0.005972,1.009506,-0.023910,1.223012,0.033015,0.369723,0.008848,-0.839158,-0.525829,1.221800,0.216294,-0.238452,0.019064,0.284373,-0.708601,1.235791,0.381323,-0.002968,0.000734
10.760000,-0.829716,0.541537,1.222716,-0.217467,-0.202136,0.016711,0.316953,0.709366,1.226847,-0.342756,0.031434,0.005939,1.010129,-0.016563,1.223188,0.029213,0.364872,0.008707,-0.834836,-0.530523,1.222176,0.215856,-0.230819,0.018577,0.291933,-0.708655,1.235805,0.374606,-0.002380,0.000691
10.780000,-0.833998,0.537502,1.223048,-0.210645,-0.201303,0.016457,0.310143,0.709958,1.226966,-0.338110,0.027680,0.005884,1.010673,-0.009318,1.223360,0.025226,0.359482,0.008543,-0.830525,-0.535059,1.222543,0.215202,-0.222685,0.018073,0.299353,-0.708696,1.235819,0.367266,-0.001765,0.000630
10.800000,-0.838139,0.533487,1.223374,-0.203337,-0.200194,0.016180,0.303432,0.710472,1.227083,-0.332908,0.023684,0.005809,1.011137,-0.002187,1.223529,0.021054,0.353553,0.008357,-0.826230,-0.539427,1.222899,0.214330,-0.214051,0.017550,0.306620,-0.708725,1.235830,0.359303,-0.001123,0.000551
10.820000,-0.842128,0.529496,1.223695,-0.195473,-0.198791,0.015883,0.296831,0.710903,1.227198,-0.327103,0.019412,0.005711,1.011514,0.004820,1.223694,0.016652,0.347043,0.008149,-0.821954,-0.543617,1.223245,0.213229,-0.204851,0.017013,0.313721,-0.708741,1.235841,0.350650,-0.000448,0.000453
10.840000,-0.845954,0.525537,1.224010,-0.186983,-0.197077,0.015565,0.290352,0.711246,1.227311,-0.320648,0.014829,0.005591,1.011801,0.011690,1.223855,0.011972,0.339906,0.007919,-0.817702,-0.547617,1.223580,0.211888,-0.195020,0.016465,0.320641,-0.708743,1.235848,0.341238,0.000269,0.000336
10.860000,-0.849603,0.521615,1.224318,-0.177866,-0.195051,0.015226,0.284009,0.711494,1.227421,-0.313545,0.009935,0.005449,1.011991,0.018412,1.224011,0.007015,0.332145,0.007668,-0.813480,-0.551413,1.223903,0.210307,-0.184558,0.015908,0.327365,-0.708730,1.235854,0.331069,0.001027,0.000200
10.880000,-0.853064,0.517737,1.224619,-0.168124,-0.192713,0.014868,0.277815,0.711642,1.227529,-0.305791,0.004731,0.005285,1.012080,0.024972,1.224162,0.001781,0.323758,0.007396,-0.809291,-0.554995,1.224216,0.208487,-0.173465,0.015339,0.333878,-0.708701,1.235856,0.320141,0.001826,0.000045
10.900000,-0.856324,0.513909,1.224912,-0.157756,-0.190064,0.014488,0.271782,0.711682,1.227633,-0.297388,-0.000785,0.005098,1.012061,0.031358,1.224307,-0.003730,0.314745,0.007102,-0.805142,-0.558348,1.224517,0.206426,-0.161741,0.014761,0.340166,-0.708656,1.235856,0.308455,0.002666,-0.000130
10.920000,-0.859370,0.510137,1.225198,-0.146697,-0.187089,0.014090,0.265924,0.711608,1.227732,-0.288289,-0.006641,0.004890,1.011928,0.037557,1.224446,-0.009562,0.305064,0.006791,-0.801036,-0.561460,1.224806,0.204116,-0.149328,0.014176,0.346211,-0.708594,1.235851,0.295943,0.003551,-0.000322
10.940000,-0.862187,0.506428,1.225476,-0.134880,-0.183773,0.013675,0.260255,0.711413,1.227828,-0.278446,-0.012868,0.004664,1.011676,0.043556,1.224578,-0.015757,0.294673,0.006464,-0.796979,-0.564316,1.225084,0.201547,-0.136167,0.013587,0.351997,-0.708514,1.235843,0.282540,0.004482,-0.000530
10.960000,-0.864760,0.502788,1.225745,-0.122306,-0.180118,0.013242,0.254791,0.711091,1.227919,-0.267859,-0.019467,0.004419,1.011296,0.049340,1.224704,-0.022316,0.283570,0.006124,-0.792976,-0.566902,1.225350,0.198719,-0.122259,0.012994,0.357507,-0.708415,1.235830,0.268244,0.005461,-0.000755
10.980000,-0.867074,0.499225,1.226005,-0.108974,-0.176122,0.012791,0.249546,0.710632,1.228005,-0.256528,-0.026437,0.004156,1.010781,0.054894,1.224823,-0.029239,0.271757,0.005768,-0.789032,-0.569201,1.225604,0.195633,-0.107602,0.012399,0.362721,-0.708295,1.235812,0.253057,0.006486,-0.000995
11.000000,-0.869114,0.495746,1.226256,-0.094886,-0.171785,0.012323,0.244535,0.710031,1.228085,-0.244454,-0.033779,0.003875,1.010124,0.060205,1.224935,-0.036525,0.259232,0.005398,-0.785152,-0.571201,1.225846,0.192287,-0.092198,0.011800,0.367623,-0.708155,1.235790,0.236977,0.007557,-0.001252
11.020000,-0.870864,0.492356,1.226498,-0.079989,-0.167102,0.011838,0.239773,0.709279,1.228160,-0.231598,-0.041513,0.003578,1.009317,0.065258,1.225039,-0.044211,0.245966,0.005019,-0.781342,-0.572884,1.226076,0.188676,-0.076007,0.011200,0.372194,-0.707993,1.235762,0.219952,0.008677,-0.001523
11.040000,-0.872308,0.489064,1.226730,-0.064232,-0.162065,0.011338,0.235276,0.708367,1.228228,-0.217925,-0.049660,0.003270,1.008352,0.070039,1.225135,-0.052333,0.231927,0.004635,-0.777607,-0.574235,1.226294,0.184796,-0.058988,0.010602,0.376414,-0.707808,1.235729,0.201930,0.009845,-0.001806
11.060000,-0.873428,0.485876,1.226951,-0.047616,-0.156674,0.010822,0.231061,0.707289,1.228290,-0.203435,-0.058221,0.002949,1.007221,0.074530,1.225224,-0.060890,0.217116,0.004246,-0.773952,-0.575238,1.226500,0.180646,-0.041142,0.010007,0.380265,-0.707599,1.235690,0.182910,0.011062,-0.002101
11.080000,-0.874207,0.482799,1.227163,-0.030140,-0.150929,0.010291,0.227144,0.706036,1.228346,-0.188126,-0.067195,0.002617,1.005914,0.078718,1.225305,-0.069883,0.201531,0.003853,-0.770383,-0.575876,1.226694,0.176226,-0.022469,0.009413,0.383724,-0.707365,1.235645,0.162892,0.012328,-0.002408
11.100000,-0.874628,0.479841,1.227363,-0.011805,-0.144830,0.009744,0.223542,0.704599,1.228395,-0.172000,-0.076583,0.002273,1.004422,0.082586,1.225378,-0.079312,0.185174,0.003455,-0.766905,-0.576131,1.226876,0.171536,-0.002969,0.008822,0.386774,-0.707105,1.235593,0.141877,0.013643,-0.002727
11.120000,-0.874673,0.477008,1.227552,0.007414,-0.138382,0.009183,0.220270,0.702970,1.228437,-0.155043,-0.086391,0.001922,1.002738,0.086120,1.225443,-0.089199,0.168038,0.003059,-0.763523,-0.575989,1.227047,0.166577,0.017370,0.008236,0.389392,-0.706819,1.235535,0.119841,0.015005,-0.003056
11.140000,-0.874325,0.474308,1.227730,0.027540,-0.131591,0.008607,0.217346,0.701140,1.228472,-0.137239,-0.096626,0.001566,1.000851,0.089303,1.225501,-0.099567,0.150116,0.002670,-0.760243,-0.575431,1.227206,0.161351,0.038557,0.007656,0.391560,-0.706505,1.235471,0.096763,0.016413,-0.003393
11.160000,-0.873565,0.471747,1.227896,0.048571,-0.124456,0.008016,0.214786,0.699102,1.228499,-0.118590,-0.107288,0.001207,0.998752,0.092119,1.225550,-0.110415,0.131409,0.002288,-0.757071,-0.574441,1.227353,0.155858,0.060594,0.007083,0.393256,-0.706162,1.235400,0.072642,0.017866,-0.003739
11.180000,-0.872376,0.469332,1.228051,0.070510,-0.116977,0.007412,0.212608,0.696846,1.228520,-0.099095,-0.118377,0.000844,0.996431,0.094554,1.225592,-0.121744,0.111916,0.001914,-0.754011,-0.573001,1.227489,0.150097,0.083479,0.006516,0.394459,-0.705790,1.235321,0.047478,0.019366,-0.004092
11.200000,-0.870739,0.467070,1.228193,0.093355,-0.109154,0.006792,0.210828,0.694364,1.228533,-0.078754,-0.129894,0.000477,0.993879,0.096591,1.225627,-0.133554,0.091638,0.001548,-0.751069,-0.571096,1.227614,0.144070,0.107214,0.005957,0.395148,-0.705387,1.235236,0.021271,0.020910,-0.004453
11.220000,-0.868636,0.464968,1.228322,0.117086,-0.101009,0.006159,0.209463,0.691647,1.228539,-0.057605,-0.141825,0.000100,0.991086,0.098214,1.225654,-0.145853,0.070618,0.001186,-0.748250,-0.568708,1.227727,0.137786,0.131759,0.005406,0.395303,-0.704953,1.235143,-0.005952,0.022495,-0.004821
11.240000,-0.866050,0.463032,1.228439,0.141681,-0.092563,0.005511,0.208529,0.688688,1.228537,-0.035682,-0.154160,-0.000291,0.988042,0.099411,1.225674,-0.158652,0.048899,0.000824,-0.745559,-0.565820,1.227830,0.131258,0.157078,0.004866,0.394904,-0.704487,1.235043,-0.034164,0.024115,-0.005194
11.260000,-0.862963,0.461268,1.228543,0.167141,-0.083817,0.004850,0.208041,0.685478,1.228527,-0.012988,-0.166898,-0.000698,0.984737,0.100166,1.225687,-0.171951,0.026481,0.000463,-0.743001,-0.562419,1.227922,0.124484,0.183169,0.004337,0.393930,-0.703988,1.234935,-0.063365,0.025769,-0.005571
11.280000,-0.859358,0.459681,1.228633,0.193465,-0.074771,0.004175,0.208014,0.682010,1.228509,0.010479,-0.180040,-0.001121,0.981160,0.100465,1.225693,-0.185749,0.003364,0.000103,-0.740581,-0.558489,1.228004,0.117466,0.210033,0.003818,0.392362,-0.703456,1.234820,-0.093555,0.027459,-0.005953
11.300000,-0.855219,0.458279,1.228710,0.220654,-0.065424,0.003485,0.208465,0.678274,1.228482,0.034718,-0.193585,-0.001559,0.977303,0.100296,1.225691,-0.200046,-0.020451,-0.000257,-0.738304,-0.554013,1.228075,0.110203,0.237671,0.003311,0.390181,-0.702890,1.234697,-0.124734,0.029183,-0.006339
11.320000,-0.850527,0.457066,1.228772,0.248621,-0.055820,0.002783,0.209408,0.674264,1.228447,0.059642,-0.207484,-0.002015,0.973155,0.099643,1.225683,-0.214815,-0.044870,-0.000616,-0.736175,-0.548977,1.228136,0.102719,0.265980,0.002818,0.387367,-0.702288,1.234567,-0.156804,0.030931,-0.006728
11.340000,-0.845269,0.456047,1.228821,0.277281,-0.046000,0.002069,0.210855,0.669973,1.228402,0.085164,-0.221689,-0.002492,0.968708,0.098497,1.225667,-0.230029,-0.069796,-0.000975,-0.734197,-0.543370,1.228188,0.095037,0.294861,0.002341,0.383904,-0.701652,1.234428,-0.189665,0.032692,-0.007117
11.360000,-0.839431,0.455227,1.228855,0.306634,-0.035966,0.001343,0.212818,0.665394,1.228347,0.111284,-0.236200,-0.002990,0.963951,0.096848,1.225644,-0.245688,-0.095231,-0.001333,-0.732375,-0.537179,1.228230,0.087157,0.324312,0.001882,0.379775,-0.700981,1.234282,-0.223317,0.034466,-0.007507
11.380000,-0.832999,0.454610,1.228874,0.336679,-0.025717,0.000606,0.215310,0.660523,1.228282,0.138001,-0.251016,-0.003510,0.958877,0.094685,1.225613,-0.261791,-0.121174,-0.001692,-0.730712,-0.530393,1.228263,0.079080,0.354334,0.001439,0.374966,-0.700273,1.234128,-0.257762,0.036254,-0.007897
11.400000,-0.825959,0.454200,1.228879,0.367417,-0.015254,-0.000144,0.218342,0.655352,1.228206,0.165316,-0.266138,-0.004050,0.953477,0.091998,1.225576,-0.278339,-0.147626,-0.002050,-0.729213,-0.523002,1.228288,0.070806,0.384927,0.001012,0.369459,-0.699530,1.233966,-0.292998,0.038054,-0.008287
11.420000,-0.818299,0.454001,1.228869,0.398673,-0.004643,-0.000902,0.221926,0.649876,1.228120,0.193071,-0.281468,-0.004611,0.947741,0.088778,1.225531,-0.295253,-0.174419,-0.002404,-0.727881,-0.514994,1.228304,0.062371,0.415899,0.000609,0.363242,-0.698751,1.233796,-0.328830,0.039850,-0.008673
11.440000,-0.810010,0.454015,1.228843,0.430272,0.006046,-0.001664,0.226067,0.644092,1.228022,0.221108,-0.296908,-0.005191,0.941665,0.085020,1.225480,-0.312455,-0.201387,-0.002750,-0.726719,-0.506365,1.228312,0.053815,0.447060,0.000233,0.356304,-0.697937,1.233619,-0.365064,0.041624,-0.009051
11.460000,-0.801086,0.454243,1.228802,0.462215,0.016814,-0.002430,0.230772,0.637999,1.227912,0.249427,-0.312459,-0.005791,0.935241,0.080721,1.225421,-0.329944,-0.228532,-0.003088,-0.725729,-0.497110,1.228313,0.045137,0.478408,-0.000115,0.348637,-0.697087,1.233434,-0.401698,0.043376,-0.009421
11.480000,-0.791519,0.454688,1.228746,0.494501,0.027660,-0.003201,0.236046,0.631593,1.227790,0.278029,-0.328120,-0.006411,0.928465,0.075877,1.225356,-0.347721,-0.255852,-0.003419,-0.724914,-0.487227,1.228308,0.036337,0.509943,-0.000435,0.340233,-0.696202,1.233242,-0.438733,0.045106,-0.009782
11.500000,-0.781303,0.455350,1.228674,0.527130,0.038585,-0.003975,0.241895,0.624873,1.227655,0.306912,-0.343891,-0.007050,0.921330,0.070486,1.225285,-0.365785,-0.283347,-0.003742,-0.724276,-0.476711,1.228296,0.027415,0.541667,-0.000727,0.331085,-0.695282,1.233043,-0.476170,0.046814,-0.010134
11.520000,-0.770434,0.456231,1.228587,0.559813,0.049493,-0.004744,0.248323,0.617838,1.227508,0.335831,-0.359612,-0.007701,0.913833,0.064544,1.225207,-0.383990,-0.310764,-0.004048,-0.723818,-0.465561,1.228279,0.018424,0.573278,-0.000980,0.321186,-0.694329,1.232837,-0.513689,0.048472,-0.010469
11.540000,-0.758913,0.457329,1.228484,0.592258,0.060288,-0.005497,0.255327,0.610490,1.227347,0.364539,-0.375123,-0.008357,0.905971,0.058057,1.225123,-0.402186,-0.337847,-0.004326,-0.723539,-0.453783,1.228257,0.009414,0.604476,-0.001182,0.310539,-0.693344,1.232625,-0.550974,0.050055,-0.010775
11.560000,-0.746745,0.458642,1.228367,0.624468,0.070969,-0.006234,0.262903,0.602834,1.227174,0.393035,-0.390421,-0.009019,0.897745,0.051032,1.225034,-0.420374,-0.364596,-0.004576,-0.723441,-0.441385,1.228232,0.000387,0.635260,-0.001333,0.299148,-0.692328,1.232406,-0.588024,0.051562,-0.011053
11.580000,-0.733935,0.460167,1.228235,0.656440,0.081538,-0.006956,0.271047,0.594875,1.226986,0.421321,-0.405509,-0.009686,0.889156,0.043476,1.224940,-0.438554,-0.391013,-0.004799,-0.723524,-0.428375,1.228204,-0.008658,0.665631,-0.001433,0.287019,-0.691282,1.232183,-0.624840,0.052992,-0.011303
11.600000,-0.720489,0.461903,1.228089,0.688176,0.091993,-0.007661,0.279754,0.586615,1.226786,0.449395,-0.420386,-0.010358,0.880203,0.035394,1.224842,-0.456725,-0.417096,-0.004994,-0.723788,-0.414762,1.228175,-0.017721,0.695588,-0.001483,0.274156,-0.690209,1.231954,-0.661420,0.054347,-0.011524
11.620000,-0.706413,0.463845,1.227929,0.719242,0.102210,-0.008330,0.289019,0.578062,1.226572,0.476905,-0.434813,-0.011018,0.870889,0.026796,1.224741,-0.474652,-0.442487,-0.005142,-0.724232,-0.400557,1.228145,-0.026736,0.724695,-0.001461,0.260567,-0.689109,1.231722,-0.697299,0.055589,-0.011698
11.640000,-0.691727,0.465989,1.227756,0.749205,0.112064,-0.008942,0.298824,0.569227,1.226346,0.503497,-0.448550,-0.011648,0.861220,0.017702,1.224637,-0.492095,-0.466828,-0.005223,-0.724856,-0.385783,1.228117,-0.035638,0.752515,-0.001346,0.246272,-0.687986,1.231487,-0.732010,0.056678,-0.011805
11.660000,-0.676452,0.468326,1.227572,0.778065,0.121553,-0.009498,0.309152,0.560125,1.226107,0.529173,-0.461598,-0.012250,0.851208,0.008130,1.224532,-0.509055,-0.490118,-0.005238,-0.725657,-0.370465,1.228092,-0.044428,0.779048,-0.001139,0.231294,-0.686843,1.231250,-0.765552,0.057616,-0.011844
11.680000,-0.660611,0.470849,1.227377,0.805823,0.130678,-0.009996,0.319985,0.550768,1.225856,0.553931,-0.473957,-0.012823,0.840861,-0.001896,1.224428,-0.525532,-0.512358,-0.005186,-0.726633,-0.354630,1.228072,-0.053105,0.804294,-0.000838,0.215658,-0.685682,1.231014,-0.797926,0.058402,-0.011816
11.700000,-0.644226,0.473550,1.227172,0.832477,0.139440,-0.010438,0.331304,0.541171,1.225594,0.577772,-0.485626,-0.013366,0.830190,-0.012357,1.224325,-0.541525,-0.533548,-0.005068,-0.727781,-0.338302,1.228059,-0.061669,0.828252,-0.000445,0.199385,-0.684508,1.230778,-0.829131,0.059036,-0.011720
11.720000,-0.627321,0.476423,1.226960,0.857794,0.147767,-0.010809,0.343088,0.531348,1.225321,0.600497,-0.496492,-0.013870,0.819204,-0.023230,1.224226,-0.556906,-0.553494,-0.004872,-0.729098,-0.321510,1.228055,-0.070076,0.850691,0.000052,0.182502,-0.683322,1.230545,-0.858886,0.059501,-0.011546
11.740000,-0.609925,0.479458,1.226740,0.881539,0.155587,-0.011098,0.355315,0.521318,1.225039,0.621909,-0.506438,-0.014325,0.807919,-0.034487,1.224131,-0.571541,-0.572003,-0.004586,-0.730582,-0.304286,1.228062,-0.078282,0.871380,0.000665,0.165041,-0.682129,1.230317,-0.886907,0.059777,-0.011283
11.760000,-0.592070,0.482643,1.226516,0.903712,0.162902,-0.011305,0.367956,0.511097,1.224749,0.642008,-0.515465,-0.014730,0.796348,-0.046100,1.224043,-0.585433,-0.589075,-0.004211,-0.732228,-0.286666,1.228082,-0.086286,0.890319,0.001394,0.147037,-0.680932,1.230095,-0.913194,0.059866,-0.010932
11.780000,-0.573787,0.485970,1.226289,0.924312,0.169710,-0.011429,0.380986,0.500705,1.224450,0.660793,-0.523572,-0.015086,0.784506,-0.058041,1.223963,-0.598580,-0.604709,-0.003746,-0.734032,-0.268685,1.228119,-0.094088,0.907506,0.002238,0.128525,-0.679736,1.229880,-0.937749,0.059766,-0.010491
11.800000,-0.555108,0.489428,1.226060,0.943340,0.176012,-0.011470,0.394379,0.490160,1.224146,0.678265,-0.530761,-0.015392,0.772410,-0.070279,1.223894,-0.610983,-0.618907,-0.003192,-0.735991,-0.250378,1.228173,-0.101689,0.922944,0.003198,0.109539,-0.678543,1.229676,-0.960570,0.059478,-0.009961
11.820000,-0.536064,0.493007,1.225830,0.960730,0.181786,-0.011423,0.408108,0.479481,1.223835,0.694346,-0.537009,-0.015646,0.760072,-0.082787,1.223836,-0.622580,-0.631598,-0.002545,-0.738099,-0.231779,1.228247,-0.109060,0.936562,0.004276,0.090114,-0.677358,1.229482,-0.981569,0.059004,-0.009341
11.840000,-0.516690,0.496696,1.225603,0.976416,0.187010,-0.011284,0.422143,0.468686,1.223520,0.708958,-0.542296,-0.015843,0.747512,-0.095533,1.223792,-0.633308,-0.642715,-0.001802,-0.740351,-0.212928,1.228345,-0.116173,0.948293,0.005471,0.070289,-0.676184,1.229303,-1.000658,0.058347,-0.008628
11.860000,-0.497019,0.500484,1.225380,0.990398,0.191683,-0.011051,0.436456,0.457796,1.223202,0.722103,-0.546621,-0.015983,0.734746,-0.108485,1.223765,-0.643169,-0.652258,-0.000963,-0.742744,-0.193860,1.228467,-0.123027,0.958137,0.006784,0.050101,-0.675025,1.229138,-1.017838,0.057506,-0.007822
11.880000,-0.477086,0.504360,1.225162,1.002677,0.195807,-0.010725,0.451017,0.446828,1.222881,0.733779,-0.549985,-0.016066,0.721791,-0.121612,1.223755,-0.652163,-0.660226,-0.000027,-0.745271,-0.174615,1.228617,-0.129622,0.966094,0.008216,0.029588,-0.673885,1.228990,-1.033107,0.056482,-0.006924
11.900000,-0.456923,0.508313,1.224951,1.013252,0.199381,-0.010306,0.465797,0.435803,1.222560,0.743987,-0.552387,-0.016092,0.708665,-0.134884,1.223764,-0.660288,-0.666620,0.001004,-0.747927,-0.155229,1.228796,-0.135959,0.972163,0.009766,0.008789,-0.672767,1.228862,-1.046467,0.055274,-0.005933
11.920000,-0.436566,0.512331,1.224750,1.022187,0.202424,-0.009795,0.480767,0.424738,1.222238,0.752746,-0.553880,-0.016064,0.695386,-0.148267,1.223795,-0.667533,-0.671483,0.002127,-0.750707,-0.135741,1.229008,-0.142022,0.976407,0.011425,-0.012258,-0.671675,1.228754,-1.057977,0.053901,-0.004855
11.940000,-0.416047,0.516406,1.224560,1.029543,0.204955,-0.009195,0.495898,0.413653,1.221917,0.760078,-0.554514,-0.015982,0.681970,-0.161733,1.223850,-0.673884,-0.674860,0.003336,-0.753606,-0.116185,1.229254,-0.147795,0.978884,0.013184,-0.033518,-0.670612,1.228668,-1.067700,0.052384,-0.003697
11.960000,-0.395395,0.520526,1.224383,1.035321,0.206975,-0.008506,0.511161,0.402564,1.221599,0.765981,-0.554291,-0.015846,0.668436,-0.175252,1.223929,-0.679343,-0.676751,0.004631,-0.756617,-0.096597,1.229536,-0.153277,0.979596,0.015043,-0.054954,-0.669581,1.228606,-1.075636,0.050721,-0.002460
11.980000,-0.374644,0.524682,1.224221,1.039521,0.208483,-0.007726,0.526528,0.391487,1.221284,0.770455,-0.553210,-0.015657,0.654802,-0.188793,1.224036,-0.683909,-0.677155,0.006013,-0.759735,-0.077013,1.229856,-0.158468,0.978541,0.017002,-0.076531,-0.668584,1.228570,-1.081784,0.048914,-0.001142
12.000000,-0.353825,0.528862,1.224075,1.042144,0.209479,-0.006858,0.541969,0.380441,1.220973,0.773501,-0.551270,-0.015414,0.641086,-0.202328,1.224170,-0.687581,-0.676072,0.007481,-0.762954,-0.057467,1.230217,-0.163370,0.975721,0.019061,-0.098214,-0.667625,1.228561,-1.086144,0.046961,0.000256
12.020000,-0.332968,0.533058,1.223947,1.043312,0.210007,-0.005908,0.557459,0.369441,1.220668,0.775204,-0.548567,-0.015126,0.627305,-0.215827,1.224335,-0.690382,-0.673631,0.009022,-0.766268,-0.037995,1.230619,-0.167972,0.971263,0.021199,-0.119966,-0.666706,1.228581,-1.088855,0.044892,0.001719
12.040000,-0.312101,0.537260,1.223839,1.043148,0.210108,-0.004887,0.572969,0.358503,1.220368,0.775649,-0.545196,-0.014798,0.613476,-0.229265,1.224532,-0.692332,-0.669960,0.010621,-0.769671,-0.018627,1.231065,-0.172267,0.965294,0.023395,-0.141758,-0.665830,1.228630,-1.090056,0.042734,0.003233
12.060000,-0.291251,0.541459,1.223752,1.041652,0.209783,-0.003795,0.588476,0.347638,1.220076,0.774836,-0.541155,-0.014432,0.599617,-0.242617,1.224761,-0.693431,-0.665058,0.012280,-0.773156,0.000607,1.231556,-0.176254,0.957815,0.025649,-0.163558,-0.664998,1.228710,-1.089746,0.040489,0.004797
12.080000,-0.270444,0.545648,1.223687,1.038825,0.209032,-0.002632,0.603954,0.336861,1.219791,0.772764,-0.536445,-0.014028,0.585745,-0.255859,1.225023,-0.693680,-0.658926,0.013997,-0.776719,0.019676,1.232092,-0.179932,0.948825,0.027962,-0.185338,-0.664211,1.228822,-1.087927,0.038155,0.006412
12.100000,-0.249707,0.549818,1.223647,1.034667,0.207854,-0.001397,0.619378,0.326185,1.219515,0.769434,-0.531066,-0.013585,0.571876,-0.268966,1.225321,-0.693078,-0.651564,0.015772,-0.780352,0.038550,1.232674,-0.183303,0.938325,0.030332,-0.207065,-0.663472,1.228967,-1.084597,0.035733,0.008077
12.120000,-0.229065,0.553960,1.223632,1.029319,0.206305,-0.000105,0.634724,0.315622,1.219248,0.764970,-0.525128,-0.013115,0.558027,-0.281914,1.225654,-0.691666,-0.643140,0.017587,-0.784049,0.057200,1.233305,-0.186362,0.926482,0.032732,-0.228712,-0.662782,1.229146,-1.079917,0.033254,0.009773
12.140000,-0.208541,0.558068,1.223643,1.022925,0.204437,0.001228,0.649970,0.305183,1.218991,0.759496,-0.518741,-0.012629,0.544214,-0.294686,1.226024,-0.689485,-0.633824,0.019421,-0.787804,0.075601,1.233984,-0.189103,0.913462,0.035133,-0.250254,-0.662142,1.229358,-1.074048,0.030747,0.011480
12.160000,-0.188155,0.562135,1.223681,1.015486,0.202251,0.002603,0.665097,0.294875,1.218743,0.753011,-0.511903,-0.012129,0.530453,-0.307261,1.226431,-0.686534,-0.623617,0.021273,-0.791611,0.093731,1.234710,-0.191527,0.899266,0.037534,-0.271666,-0.661552,1.229605,-1.066988,0.028214,0.013197
12.180000,-0.167929,0.566156,1.223747,1.006999,0.199747,0.004021,0.680084,0.284709,1.218505,0.745516,-0.504617,-0.011614,0.516758,-0.319624,1.226876,-0.682814,-0.612517,0.023145,-0.795463,0.111564,1.235485,-0.193634,0.883894,0.039937,-0.292926,-0.661014,1.229886,-1.058740,0.025654,0.014924
12.200000,-0.147882,0.570123,1.223842,0.997467,0.196925,0.005480,0.694911,0.274694,1.218279,0.737010,-0.496880,-0.011083,0.503145,-0.331756,1.227357,-0.678325,-0.600525,0.025037,-0.799354,0.129078,1.236308,-0.195424,0.867345,0.042340,-0.314008,-0.660526,1.230202,-1.049301,0.023067,0.016662
12.220000,-0.128036,0.574031,1.223967,0.987021,0.193840,0.006965,0.709559,0.264837,1.218062,0.727645,-0.488796,-0.010549,0.489630,-0.343640,1.227877,-0.673122,-0.587812,0.026926,-0.803278,0.146251,1.237179,-0.196896,0.849804,0.044716,-0.334891,-0.660091,1.230553,-1.038830,0.020478,0.018394
12.240000,-0.108407,0.577875,1.224121,0.975794,0.190547,0.008461,0.724012,0.255143,1.217856,0.717573,-0.480467,-0.010024,0.476225,-0.355265,1.228434,-0.667262,-0.574548,0.028792,-0.807228,0.163065,1.238096,-0.198052,0.831456,0.047037,-0.355555,-0.659707,1.230938,-1.027481,0.017915,0.020101
12.260000,-0.089010,0.581651,1.224305,0.963786,0.187046,0.009968,0.738257,0.245619,1.217661,0.706793,-0.471894,-0.009507,0.462943,-0.366619,1.229029,-0.660745,-0.560735,0.030636,-0.811198,0.179504,1.239060,-0.198890,0.812300,0.049303,-0.375984,-0.659374,1.231356,-1.015255,0.015376,0.021784
12.280000,-0.069861,0.585356,1.224520,0.950997,0.183337,0.011485,0.752279,0.236269,1.217476,0.695305,-0.463075,-0.008999,0.449799,-0.377691,1.229659,-0.653570,-0.546371,0.032458,-0.815181,0.195552,1.240068,-0.199411,0.792337,0.051514,-0.396160,-0.659092,1.231809,-1.002153,0.012861,0.023444
12.300000,-0.050975,0.588984,1.224765,0.937426,0.179421,0.013012,0.766064,0.227098,1.217301,0.683109,-0.454012,-0.008500,0.436805,-0.388470,1.230327,-0.645738,-0.531457,0.034256,-0.819172,0.211192,1.241120,-0.199615,0.771567,0.053670,-0.416064,-0.658860,1.232294,-0.988173,0.010372,0.025079
12.320000,-0.032368,0.592531,1.225040,0.923188,0.175348,0.014538,0.779600,0.218110,1.217136,0.670358,-0.444785,-0.008017,0.423974,-0.398946,1.231029,-0.637310,-0.516151,0.036015,-0.823164,0.226410,1.242214,-0.199513,0.750176,0.055747,-0.435682,-0.658677,1.232812,-0.973459,0.007923,0.026681
12.340000,-0.014051,0.595997,1.225346,0.908394,0.171172,0.016050,0.792876,0.209307,1.216980,0.657202,-0.435474,-0.007559,0.411316,-0.409114,1.231767,-0.628347,-0.500612,0.037718,-0.827151,0.241196,1.243349,-0.199114,0.728351,0.057721,-0.454999,-0.658542,1.233361,-0.958151,0.005532,0.028242
12.360000,0.003964,0.599378,1.225682,0.893044,0.166893,0.017548,0.805885,0.200692,1.216834,0.643643,-0.426080,-0.007125,0.398843,-0.418969,1.232538,-0.618849,-0.484838,0.039365,-0.831126,0.255542,1.244522,-0.198418,0.706092,0.059594,-0.474004,-0.658455,1.233941,-0.942249,0.003197,0.029760
12.380000,0.021667,0.602672,1.226048,0.877139,0.162510,0.019032,0.818619,0.192265,1.216695,0.629681,-0.416603,-0.006717,0.386566,-0.428506,1.233341,-0.608817,-0.468831,0.040956,-0.835085,0.269437,1.245732,-0.197426,0.683401,0.061364,-0.492685,-0.658414,1.234551,-0.925754,0.000920,0.031236
12.400000,0.039046,0.605877,1.226443,0.860678,0.158023,0.020503,0.831070,0.184028,1.216565,0.615314,-0.407042,-0.006333,0.374494,-0.437721,1.234176,-0.598250,-0.452590,0.042491,-0.839021,0.282875,1.246976,-0.196137,0.660275,0.063033,-0.511030,-0.658418,1.235190,-0.908666,-0.001300,0.032671
12.420000,0.056091,0.608992,1.226868,0.843756,0.153470,0.021948,0.843230,0.175983,1.216442,0.600667,-0.397444,-0.005976,0.362639,-0.446609,1.235040,-0.587216,-0.436236,0.043952,-0.842929,0.295846,1.248253,-0.194564,0.636878,0.064581,-0.529028,-0.658466,1.235858,-0.891094,-0.003454,0.034057
12.440000,0.072794,0.612016,1.227321,0.826466,0.148887,0.023354,0.855095,0.168130,1.216325,0.585863,-0.387852,-0.005649,0.351008,-0.455170,1.235933,-0.575783,-0.419889,0.045323,-0.846802,0.308349,1.249559,-0.192721,0.613373,0.065990,-0.546671,-0.658556,1.236552,-0.873148,-0.005532,0.035388
12.460000,0.089147,0.614948,1.227802,0.808809,0.144273,0.024721,0.866663,0.160469,1.216215,0.570902,-0.378267,-0.005351,0.339610,-0.463405,1.236853,-0.563952,-0.403550,0.046603,-0.850636,0.320381,1.250891,-0.190607,0.589759,0.067262,-0.563952,-0.658686,1.237273,-0.854829,-0.007534,0.036664
12.480000,0.105144,0.617787,1.228310,0.790785,0.139629,0.026050,0.877930,0.152999,1.216111,0.555784,-0.368689,-0.005083,0.328453,-0.471313,1.237797,-0.551723,-0.387217,0.047792,-0.854425,0.331939,1.252248,-0.188222,0.566036,0.068396,-0.580862,-0.658856,1.238018,-0.836137,-0.009461,0.037886
12.500000,0.120776,0.620532,1.228844,0.772394,0.134955,0.027341,0.888894,0.145721,1.216012,0.540509,-0.359119,-0.004845,0.317544,-0.478894,1.238764,-0.539095,-0.370892,0.048890,-0.858163,0.343021,1.253626,-0.185566,0.542204,0.069391,-0.597395,-0.659064,1.238788,-0.817072,-0.011313,0.039053
12.520000,0.136038,0.623185,1.229403,0.753715,0.130275,0.028578,0.899550,0.138634,1.215917,0.525169,-0.349582,-0.004635,0.306891,-0.486149,1.239752,-0.526140,-0.354659,0.049891,-0.861846,0.353627,1.255023,-0.182665,0.518397,0.070244,-0.613543,-0.659308,1.239580,-0.797719,-0.013085,0.040160
12.540000,0.150923,0.625744,1.229986,0.734826,0.125615,0.029749,0.909901,0.131738,1.215826,0.509856,-0.340105,-0.004453,0.296500,-0.493081,1.240759,-0.512930,-0.338602,0.050786,-0.865468,0.363758,1.256435,-0.179544,0.494745,0.070949,-0.629302,-0.659587,1.240394,-0.778167,-0.014774,0.041203
12.560000,0.165429,0.628209,1.230592,0.715728,0.120973,0.030852,0.919945,0.125030,1.215739,0.494572,-0.330689,-0.004298,0.286376,-0.499694,1.241782,-0.499465,-0.322720,0.051576,-0.869026,0.373418,1.257860,-0.176203,0.471250,0.071508,-0.644668,-0.659899,1.241228,-0.758415,-0.016379,0.042182
12.580000,0.179551,0.630583,1.231220,0.696420,0.116350,0.031889,0.929684,0.118510,1.215654,0.479315,-0.321333,-0.004172,0.276523,-0.505991,1.242821,-0.485744,-0.307015,0.052260,-0.872515,0.382609,1.259294,-0.172642,0.447912,0.071919,-0.659637,-0.660242,1.242081,-0.738463,-0.017902,0.043095
12.600000,0.193285,0.632864,1.231868,0.676903,0.111747,0.032858,0.939118,0.112176,1.215572,0.464085,-0.312037,-0.004073,0.266948,-0.511976,1.243872,-0.471768,-0.291486,0.052839,-0.875930,0.391335,1.260736,-0.168861,0.424729,0.072184,-0.674206,-0.660614,1.242951,-0.718312,-0.019341,0.043945
12.620000,0.206626,0.635053,1.232534,0.657246,0.107179,0.033753,0.948248,0.106028,1.215491,0.448941,-0.302813,-0.003998,0.257654,-0.517652,1.244934,-0.457608,-0.276188,0.053313,-0.879268,0.399600,1.262181,-0.164898,0.401804,0.072308,-0.688369,-0.661015,1.243838,-0.698027,-0.020696,0.044723
12.640000,0.219574,0.637151,1.233217,0.637518,0.102662,0.034568,0.957076,0.100063,1.215412,0.433938,-0.293672,-0.003945,0.248644,-0.523025,1.246004,-0.443337,-0.261174,0.053684,-0.882525,0.407410,1.263627,-0.160787,0.379235,0.072300,-0.702126,-0.661442,1.244740,-0.677678,-0.021967,0.045426
12.660000,0.232126,0.639160,1.233916,0.617718,0.098197,0.035301,0.965606,0.094280,1.215333,0.419078,-0.284614,-0.003914,0.239921,-0.528101,1.247080,-0.428955,-0.246444,0.053952,-0.885699,0.414772,1.265072,-0.156530,0.357023,0.072160,-0.715476,-0.661893,1.245655,-0.657262,-0.023154,0.046052
12.680000,0.244282,0.641079,1.234629,0.597848,0.093783,0.035954,0.973840,0.088678,1.215255,0.404361,-0.275638,-0.003904,0.231487,-0.532885,1.248161,-0.414461,-0.231999,0.054117,-0.888785,0.421693,1.266513,-0.152125,0.335168,0.071887,-0.728416,-0.662367,1.246581,-0.636782,-0.024256,0.046602
12.700000,0.256040,0.642911,1.235354,0.577906,0.089421,0.036526,0.981781,0.083254,1.215177,0.389785,-0.266746,-0.003915,0.223343,-0.537383,1.249244,-0.399856,-0.217839,0.054178,-0.891783,0.428181,1.267946,-0.147575,0.313671,0.071481,-0.740947,-0.662863,1.247518,-0.616236,-0.025275,0.047075
12.720000,0.267398,0.644657,1.236089,0.557955,0.085120,0.037017,0.989433,0.078008,1.215098,0.375383,-0.257940,-0.003944,0.215493,-0.541601,1.250328,-0.385212,-0.203996,0.054144,-0.894688,0.434243,1.269371,-0.142911,0.292589,0.070954,-0.753066,-0.663378,1.248464,-0.595686,-0.026213,0.047476
12.740000,0.278358,0.646317,1.236834,0.538057,0.080892,0.037425,0.996798,0.072936,1.215019,0.361185,-0.249224,-0.003984,0.207935,-0.545545,1.251410,-0.370600,-0.190503,0.054023,-0.897498,0.439888,1.270784,-0.138170,0.271983,0.070319,-0.764774,-0.663911,1.249417,-0.575193,-0.027076,0.047809
12.760000,0.288921,0.647893,1.237586,0.518213,0.076735,0.037751,1.003882,0.068038,1.214939,0.347192,-0.240599,-0.004036,0.200668,-0.549223,1.252488,-0.356022,-0.177361,0.053814,-0.900214,0.445125,1.272183,-0.133351,0.251852,0.069575,-0.776074,-0.664460,1.250376,-0.554758,-0.027863,0.048073
12.780000,0.299087,0.649386,1.238343,0.498422,0.072650,0.037995,1.010687,0.063311,1.214858,0.333403,-0.232064,-0.004100,0.193693,-0.552642,1.253562,-0.341478,-0.164568,0.053517,-0.902832,0.449965,1.273566,-0.128453,0.232197,0.068723,-0.786965,-0.665025,1.251339,-0.534381,-0.028576,0.048270
12.800000,0.308858,0.650799,1.239105,0.478684,0.068637,0.038157,1.017219,0.058755,1.214775,0.319819,-0.223620,-0.004176,0.187009,-0.555808,1.254628,-0.326966,-0.152126,0.053133,-0.905351,0.454416,1.274931,-0.123478,0.213016,0.067762,-0.797449,-0.665603,1.252306,-0.514061,-0.029212,0.048398
12.820000,0.318235,0.652132,1.239869,0.459058,0.064702,0.038241,1.023481,0.054366,1.214690,0.306450,-0.215265,-0.004259,0.180614,-0.558729,1.255686,-0.312539,-0.140045,0.052672,-0.907771,0.458489,1.276276,-0.118457,0.194342,0.066707,-0.807528,-0.666193,1.253275,-0.493850,-0.029778,0.048457
12.840000,0.327222,0.653388,1.240634,0.439602,0.060851,0.038251,1.029479,0.050144,1.214604,0.293309,-0.207000,-0.004342,0.174507,-0.561412,1.256735,-0.298248,-0.128335,0.052144,-0.910090,0.462194,1.277599,-0.113422,0.176204,0.065573,-0.817204,-0.666793,1.254244,-0.473800,-0.030278,0.048445
12.860000,0.335821,0.654567,1.241398,0.420316,0.057085,0.038189,1.035215,0.046086,1.214517,0.280395,-0.198824,-0.004428,0.168683,-0.563865,1.257772,-0.284093,-0.116996,0.051550,-0.912308,0.465541,1.278898,-0.108373,0.158602,0.064361,-0.826481,-0.667403,1.255212,-0.453911,-0.030710,0.048363
12.880000,0.344035,0.655672,1.242161,0.401201,0.053403,0.038052,1.040696,0.042190,1.214427,0.267709,-0.190738,-0.004514,0.163142,-0.566095,1.258796,-0.270074,-0.106028,0.050888,-0.914424,0.468541,1.280173,-0.103310,0.141536,0.063070,-0.835362,-0.668021,1.256178,-0.434183,-0.031076,0.048211
12.900000,0.351870,0.656704,1.242920,0.382256,0.049806,0.037843,1.045925,0.038455,1.214336,0.255249,-0.182740,-0.004602,0.157880,-0.568109,1.259807,-0.256191,-0.095432,0.050160,-0.916440,0.471206,1.281421,-0.098233,0.125007,0.061700,-0.843850,-0.668646,1.257140,-0.414616,-0.031376,0.047988
12.920000,0.359327,0.657665,1.243674,0.363540,0.046297,0.037568,1.050907,0.034880,1.214243,0.243016,-0.174830,-0.004687,0.152893,-0.569914,1.260802,-0.242478,-0.085202,0.049376,-0.918354,0.473545,1.282640,-0.093172,0.109026,0.060269,-0.851948,-0.669276,1.258097,-0.395265,-0.031615,0.047700
12.940000,0.366413,0.658556,1.244422,0.345110,0.042881,0.037235,1.055647,0.031462,1.214149,0.231008,-0.167004,-0.004763,0.148179,-0.571519,1.261782,-0.228972,-0.075337,0.048548,-0.920167,0.475571,1.283831,-0.088158,0.093608,0.058791,-0.859662,-0.669910,1.259047,-0.376187,-0.031800,0.047351
12.960000,0.373134,0.659380,1.245163,0.326967,0.039559,0.036846,1.060149,0.028199,1.214053,0.219225,-0.159262,-0.004830,0.143733,-0.572930,1.262744,-0.215671,-0.065834,0.047676,-0.921881,0.477293,1.284992,-0.083189,0.078751,0.057269,-0.866997,-0.670548,1.259991,-0.357381,-0.031932,0.046942
12.980000,0.379494,0.660139,1.245896,0.309112,0.036330,0.036399,1.064418,0.025091,1.213956,0.207666,-0.151604,-0.004889,0.139551,-0.574155,1.263688,-0.202576,-0.056695,0.046760,-0.923495,0.478724,1.286122,-0.078266,0.064457,0.055700,-0.873959,-0.671187,1.260925,-0.338847,-0.032010,0.046472
13.000000,0.385500,0.660834,1.246619,0.291543,0.033193,0.035895,1.068457,0.022134,1.213857,0.196332,-0.144031,-0.004940,0.135629,-0.575201,1.264614,-0.189687,-0.047919,0.045799,-0.925011,0.479875,1.287219,-0.073390,0.050725,0.054086,-0.880553,-0.671828,1.261849,-0.320586,-0.032034,0.045941
13.020000,0.391158,0.661468,1.247331,0.274297,0.030151,0.035343,1.072272,0.019329,1.213758,0.185215,-0.136540,-0.004980,0.131962,-0.576074,1.265520,-0.177026,-0.039494,0.044806,-0.926431,0.480757,1.288285,-0.068579,0.037544,0.052441,-0.886785,-0.672468,1.262762,-0.302633,-0.032012,0.045358
13.040000,0.396474,0.662041,1.248032,0.257410,0.027202,0.034752,1.075867,0.016672,1.213658,0.174308,-0.129129,-0.005004,0.128546,-0.576783,1.266406,-0.164616,-0.031408,0.043792,-0.927755,0.481381,1.289317,-0.063854,0.024905,0.050779,-0.892661,-0.673108,1.263663,-0.285025,-0.031949,0.044728
13.060000,0.401457,0.662556,1.248721,0.240883,0.024349,0.034121,1.079246,0.014163,1.213558,0.163611,-0.121798,-0.005013,0.125376,-0.577333,1.267272,-0.152456,-0.023661,0.042756,-0.928986,0.481757,1.290316,-0.059215,0.012807,0.049099,-0.898188,-0.673746,1.264551,-0.267762,-0.031847,0.044053
13.080000,0.406112,0.663016,1.249397,0.224715,0.021590,0.033450,1.082413,0.011800,1.213458,0.153123,-0.114547,-0.005006,0.122446,-0.577731,1.268116,-0.140546,-0.016252,0.041699,-0.930124,0.481897,1.291281,-0.054661,0.001251,0.047402,-0.903373,-0.674382,1.265425,-0.250844,-0.031704,0.043332
13.100000,0.410448,0.663421,1.250059,0.208906,0.018925,0.032741,1.085372,0.009581,1.213358,0.142845,-0.107376,-0.004985,0.119752,-0.577985,1.268939,-0.128887,-0.009182,0.040620,-0.931173,0.481811,1.292212,-0.050193,-0.009763,0.045688,-0.908224,-0.675014,1.266284,-0.234271,-0.031522,0.042565
13.120000,0.414471,0.663773,1.250706,0.193475,0.016354,0.032001,1.088128,0.007504,1.213259,0.132769,-0.100285,-0.004947,0.117289,-0.578101,1.269741,-0.117493,-0.002434,0.039530,-0.932133,0.481510,1.293108,-0.045822,-0.020261,0.043968,-0.912747,-0.675642,1.267127,-0.218064,-0.031306,0.041760
13.140000,0.418189,0.664075,1.251339,0.178441,0.013873,0.031239,1.090685,0.005569,1.213160,0.122888,-0.093276,-0.004892,0.115050,-0.578084,1.270521,-0.106377,0.004008,0.038440,-0.933006,0.481003,1.293971,-0.041561,-0.030265,0.042253,-0.916949,-0.676266,1.267954,-0.202243,-0.031063,0.040926
13.160000,0.421611,0.664329,1.251956,0.163803,0.011484,0.030455,1.093045,0.003773,1.213063,0.113201,-0.086347,-0.004820,0.113032,-0.577942,1.271278,-0.095539,0.010144,0.037349,-0.933796,0.480302,1.294799,-0.037410,-0.039775,0.040545,-0.920839,-0.676885,1.268764,-0.186808,-0.030794,0.040062
13.180000,0.424744,0.664535,1.252557,0.149562,0.009186,0.029650,1.095214,0.002114,1.212967,0.103708,-0.079499,-0.004730,0.111227,-0.577681,1.272015,-0.084979,0.015974,0.036257,-0.934503,0.479416,1.295592,-0.033368,-0.048792,0.038843,-0.924424,-0.677497,1.269556,-0.171759,-0.030498,0.039170
13.200000,0.427596,0.664697,1.253142,0.135717,0.006980,0.028822,1.097195,0.000592,1.212874,0.094410,-0.072732,-0.004623,0.109631,-0.577305,1.272729,-0.074697,0.021498,0.035165,-0.935131,0.478354,1.296352,-0.029435,-0.057315,0.037146,-0.927712,-0.678104,1.270331,-0.157097,-0.030175,0.038248
13.220000,0.430175,0.664815,1.253710,0.122273,0.004861,0.027981,1.098992,-0.000796,1.212783,0.085304,-0.066051,-0.004500,0.108237,-0.576823,1.273421,-0.064702,0.026733,0.034081,-0.935682,0.477126,1.297078,-0.025617,-0.065376,0.035464,-0.930711,-0.678704,1.271086,-0.142829,-0.029831,0.037304
13.240000,0.432490,0.664892,1.254261,0.109235,0.002828,0.027134,1.100608,-0.002051,1.212694,0.076388,-0.059464,-0.004364,0.107041,-0.576238,1.274092,-0.055003,0.031696,0.033014,-0.936157,0.475742,1.297771,-0.021920,-0.073006,0.033805,-0.933428,-0.679297,1.271823,-0.128962,-0.029473,0.036347
13.260000,0.434547,0.664929,1.254795,0.096602,0.000879,0.026280,1.102048,-0.003175,1.212608,0.067663,-0.052969,-0.004215,0.106035,-0.575557,1.274742,-0.045600,0.036388,0.031964,-0.936559,0.474209,1.298431,-0.018344,-0.080205,0.032170,-0.935872,-0.679883,1.272540,-0.115496,-0.029099,0.035377
13.280000,0.436357,0.664927,1.255312,0.084375,-0.000985,0.025420,1.103316,-0.004170,1.212525,0.059129,-0.046568,-0.004052,0.105215,-0.574784,1.275371,-0.036492,0.040808,0.030930,-0.936891,0.472536,1.299058,-0.014889,-0.086973,0.030558,-0.938050,-0.680461,1.273238,-0.102432,-0.028710,0.034394
13.300000,0.437925,0.664890,1.255812,0.072553,-0.002764,0.024554,1.104415,-0.005038,1.212446,0.050784,-0.040259,-0.003875,0.104574,-0.573926,1.275979,-0.027679,0.044956,0.029914,-0.937156,0.470733,1.299653,-0.011555,-0.093309,0.028970,-0.939972,-0.681031,1.273916,-0.089769,-0.028306,0.033397
13.320000,0.439261,0.664817,1.256294,0.061131,-0.004463,0.023688,1.105349,-0.005781,1.212371,0.042639,-0.034058,-0.003690,0.104106,-0.572988,1.276567,-0.019169,0.048849,0.028921,-0.937354,0.468807,1.300217,-0.008342,-0.099248,0.027411,-0.941644,-0.681593,1.274574,-0.077503,-0.027892,0.032393
13.340000,0.440373,0.664712,1.256759,0.050100,-0.006085,0.022828,1.106122,-0.006401,1.212299,0.034702,-0.027979,-0.003504,0.103805,-0.571974,1.277136,-0.010968,0.052503,0.027958,-0.937490,0.466765,1.300750,-0.005252,-0.104824,0.025888,-0.943074,-0.682147,1.275211,-0.065632,-0.027472,0.031390
13.360000,0.441268,0.664575,1.257207,0.039462,-0.007631,0.021975,1.106738,-0.006901,1.212230,0.026974,-0.022024,-0.003316,0.103665,-0.570889,1.277686,-0.003076,0.055918,0.027025,-0.937565,0.464616,1.301253,-0.002284,-0.110037,0.024401,-0.944272,-0.682692,1.275829,-0.054155,-0.027046,0.030386
13.380000,0.441954,0.664407,1.257638,0.029215,-0.009100,0.021127,1.107202,-0.007283,1.212166,0.019454,-0.016191,-0.003125,0.103680,-0.569739,1.278217,0.004507,0.059094,0.026122,-0.937582,0.462366,1.301726,0.000562,-0.114887,0.022949,-0.945243,-0.683229,1.276427,-0.043071,-0.026615,0.029383
13.400000,0.442439,0.664211,1.258052,0.019361,-0.010494,0.020286,1.107518,-0.007549,1.212105,0.012142,-0.010481,-0.002933,0.103843,-0.568527,1.278731,0.011781,0.062030,0.025249,-0.937544,0.460023,1.302171,0.003285,-0.119373,0.021533,-0.945997,-0.683757,1.277004,-0.032382,-0.026178,0.028380
13.420000,0.442731,0.663988,1.258450,0.009884,-0.011816,0.019455,1.107689,-0.007703,1.212049,0.005044,-0.004905,-0.002741,0.104149,-0.567259,1.279228,0.018750,0.064746,0.024410,-0.937452,0.457594,1.302588,0.005888,-0.123530,0.020156,-0.946541,-0.684276,1.277562,-0.022074,-0.025740,0.027381
13.440000,0.442837,0.663739,1.258831,0.000769,-0.013072,0.018638,1.107721,-0.007747,1.211996,-0.001833,0.000525,-0.002552,0.104591,-0.565939,1.279708,0.025419,0.067259,0.023608,-0.937309,0.455084,1.302977,0.008375,-0.127391,0.018822,-0.946883,-0.684786,1.278100,-0.012134,-0.025302,0.026392
13.460000,0.442764,0.663465,1.259195,-0.007984,-0.014262,0.017836,1.107617,-0.007683,1.211947,-0.008490,0.005808,-0.002367,0.105164,-0.564570,1.280172,0.031788,0.069569,0.022843,-0.937118,0.452500,1.303341,0.010745,-0.130958,0.017530,-0.947029,-0.685288,1.278618,-0.002563,-0.024866,0.025412
13.480000,0.442520,0.663169,1.259544,-0.016375,-0.015385,0.017049,1.107383,-0.007515,1.211901,-0.014927,0.010945,-0.002184,0.105860,-0.563157,1.280622,0.037857,0.071677,0.022116,-0.936880,0.449847,1.303679,0.012999,-0.134229,0.016280,-0.946987,-0.685781,1.279116,0.006641,-0.024431,0.024442
13.500000,0.442112,0.662850,1.259878,-0.024405,-0.016443,0.016276,1.107022,-0.007246,1.211859,-0.021144,0.015937,-0.002004,0.106676,-0.561704,1.281057,0.043626,0.073582,0.021426,-0.936598,0.447133,1.303992,0.015136,-0.137205,0.015073,-0.946766,-0.686265,1.279595,0.015476,-0.023997,0.023482
13.520000,0.441546,0.662512,1.260195,-0.032094,-0.017439,0.015519,1.106538,-0.006879,1.211821,-0.027149,0.020785,-0.001827,0.107604,-0.560215,1.281479,0.049106,0.075303,0.020774,-0.936275,0.444361,1.304282,0.017162,-0.139917,0.013910,-0.946371,-0.686741,1.280056,0.023963,-0.023566,0.022534
13.540000,0.440830,0.662153,1.260498,-0.039464,-0.018381,0.014782,1.105937,-0.006416,1.211786,-0.032951,0.025492,-0.001651,0.108638,-0.558693,1.281888,0.054309,0.076859,0.020161,-0.935913,0.441537,1.304549,0.019083,-0.142399,0.012791,-0.945809,-0.687208,1.280497,0.032122,-0.023142,0.021600
13.560000,0.439970,0.661777,1.260787,-0.046515,-0.019267,0.014063,1.105222,-0.005860,1.211755,-0.038549,0.030058,-0.001478,0.109774,-0.557142,1.282286,0.059234,0.078251,0.019585,-0.935513,0.438667,1.304794,0.020899,-0.144651,0.011717,-0.945088,-0.687667,1.280920,0.039953,-0.022723,0.020681
13.580000,0.438971,0.661383,1.261061,-0.053247,-0.020099,0.013363,1.104397,-0.005214,1.211727,-0.043944,0.034483,-0.001307,0.111006,-0.555564,1.282672,0.063883,0.079477,0.019049,-0.935077,0.435753,1.305018,0.022610,-0.146672,0.010687,-0.944213,-0.688117,1.281324,0.047457,-0.022309,0.019776
13.600000,0.437842,0.660973,1.261321,-0.059659,-0.020875,0.012681,1.103465,-0.004482,1.211702,-0.049136,0.038767,-0.001138,0.112328,-0.553964,1.283048,0.068254,0.080539,0.018550,-0.934609,0.432801,1.305222,0.024215,-0.148462,0.009702,-0.943192,-0.688559,1.281711,0.054632,-0.021901,0.018886
13.620000,0.436587,0.660548,1.261568,-0.065778,-0.021602,0.012019,1.102432,-0.003665,1.211681,-0.054135,0.042916,-0.000969,0.113734,-0.552344,1.283414,0.072364,0.081456,0.018087,-0.934109,0.429816,1.305406,0.025723,-0.150051,0.008760,-0.942030,-0.688993,1.282080,0.061505,-0.021500,0.018011
13.640000,0.435213,0.660109,1.261802,-0.071628,-0.022286,0.011375,1.101301,-0.002766,1.211664,-0.058951,0.046936,-0.000798,0.115221,-0.550706,1.283772,0.076228,0.082246,0.017657,-0.933581,0.426800,1.305572,0.027141,-0.151469,0.007860,-0.940734,-0.689419,1.282431,0.068101,-0.021106,0.017152
13.660000,0.433724,0.659657,1.262024,-0.077209,-0.022926,0.010749,1.100076,-0.001788,1.211650,-0.063584,0.050827,-0.000625,0.116782,-0.549055,1.284121,0.079846,0.082909,0.017260,-0.933024,0.423758,1.305721,0.028469,-0.152716,0.007002,-0.939308,-0.689837,1.282766,0.074420,-0.020720,0.016307
13.680000,0.432126,0.659193,1.262232,-0.082521,-0.023522,0.010143,1.098759,-0.000734,1.211639,-0.068035,0.054588,-0.000451,0.118413,-0.547391,1.284462,0.083217,0.083447,0.016896,-0.932442,0.420693,1.305853,0.029707,-0.153792,0.006186,-0.937759,-0.690248,1.283084,0.080461,-0.020342,0.015477
13.700000,0.430425,0.658717,1.262429,-0.087565,-0.024076,0.009556,1.097355,0.000395,1.211631,-0.072302,0.058221,-0.000275,0.120109,-0.545718,1.284797,0.086343,0.083857,0.016565,-0.931837,0.417608,1.305969,0.030856,-0.154696,0.005412,-0.936091,-0.690651,1.283385,0.086225,-0.019971,0.014663
13.720000,0.428625,0.658230,1.262615,-0.092367,-0.024591,0.008985,1.095868,0.001594,1.211628,-0.076398,0.061731,-0.000095,0.121865,-0.544037,1.285125,0.089240,0.084161,0.016261,-0.931209,0.414506,1.306070,0.031923,-0.155456,0.004678,-0.934311,-0.691047,1.283670,0.091740,-0.019608,0.013861
13.740000,0.426731,0.657733,1.262789,-0.096954,-0.025075,0.008430,1.094301,0.002863,1.211628,-0.080332,0.065128,0.000093,0.123677,-0.542352,1.285447,0.091925,0.084376,0.015978,-0.930560,0.411390,1.306156,0.032918,-0.156098,0.003979,-0.932423,-0.691435,1.283940,0.097035,-0.019252,0.013072
13.760000,0.424748,0.657227,1.262952,-0.101327,-0.025528,0.007891,1.092656,0.004199,1.211632,-0.084104,0.068411,0.000289,0.125540,-0.540663,1.285764,0.094397,0.084503,0.015716,-0.929892,0.408263,1.306229,0.033840,-0.156622,0.003318,-0.930431,-0.691817,1.284193,0.102109,-0.018904,0.012294
13.780000,0.422680,0.656712,1.263105,-0.105485,-0.025948,0.007367,1.090937,0.005599,1.211639,-0.087715,0.071580,0.000492,0.127451,-0.538972,1.286076,0.096658,0.084541,0.015474,-0.929207,0.405126,1.306289,0.034690,-0.157027,0.002692,-0.928340,-0.692192,1.284432,0.106962,-0.018563,0.011528
13.800000,0.420530,0.656189,1.263247,-0.109428,-0.026337,0.006858,1.089148,0.007061,1.211651,-0.091165,0.074636,0.000702,0.129405,-0.537282,1.286383,0.098708,0.084492,0.015254,-0.928505,0.401983,1.306337,0.035468,-0.157315,0.002103,-0.926154,-0.692560,1.284655,0.111594,-0.018230,0.010774
13.820000,0.418304,0.655659,1.263379,-0.113183,-0.026700,0.006362,1.087292,0.008584,1.211667,-0.094462,0.077583,0.000914,0.131398,-0.535593,1.286686,0.100569,0.084375,0.015049,-0.927789,0.398834,1.306373,0.036183,-0.157508,0.001545,-0.923878,-0.692921,1.284863,0.116035,-0.017904,0.010029
13.840000,0.416004,0.655121,1.263501,-0.116776,-0.027043,0.005876,1.085371,0.010164,1.211688,-0.097616,0.080426,0.001124,0.133427,-0.533907,1.286985,0.102269,0.084210,0.014852,-0.927058,0.395683,1.306399,0.036844,-0.157629,0.001016,-0.921514,-0.693276,1.285056,0.120313,-0.017584,0.009288
13.860000,0.413634,0.654577,1.263614,-0.120209,-0.027365,0.005399,1.083388,0.011800,1.211712,-0.100628,0.083165,0.001329,0.135488,-0.532225,1.287281,0.103806,0.083997,0.014665,-0.926315,0.392530,1.306414,0.037452,-0.157678,0.000515,-0.919066,-0.693624,1.285234,0.124429,-0.017270,0.008553
13.880000,0.411197,0.654027,1.263717,-0.123479,-0.027667,0.004931,1.081347,0.013490,1.211741,-0.103497,0.085801,0.001532,0.137578,-0.530548,1.287572,0.105181,0.083736,0.014487,-0.925561,0.389376,1.306420,0.038006,-0.157655,0.000041,-0.916538,-0.693967,1.285398,0.128381,-0.016962,0.007823
13.900000,0.408696,0.653471,1.263811,-0.126589,-0.027949,0.004473,1.079249,0.015231,1.211774,-0.106223,0.088333,0.001731,0.139694,-0.528876,1.287860,0.106394,0.083428,0.014318,-0.924795,0.386224,1.306416,0.038506,-0.157560,-0.000404,-0.913932,-0.694303,1.285547,0.132171,-0.016660,0.007099
13.920000,0.406134,0.652909,1.263896,-0.129561,-0.028216,0.004021,1.077099,0.017022,1.211810,-0.108820,0.090770,0.001922,0.141833,-0.527211,1.288145,0.107473,0.083093,0.014152,-0.924021,0.383074,1.306404,0.038961,-0.157413,-0.000827,-0.911252,-0.694633,1.285682,0.135826,-0.016363,0.006376
13.940000,0.403514,0.652342,1.263972,-0.132421,-0.028473,0.003571,1.074897,0.018861,1.211850,-0.111305,0.093120,0.002101,0.143992,-0.525552,1.288426,0.108449,0.082751,0.013985,-0.923237,0.379928,1.306383,0.039382,-0.157232,-0.001231,-0.908500,-0.694957,1.285802,0.139372,-0.016069,0.005649
13.960000,0.400838,0.651770,1.264039,-0.135169,-0.028719,0.003123,1.072647,0.020747,1.211894,-0.113675,0.095383,0.002268,0.146170,-0.523901,1.288704,0.109320,0.082402,0.013817,-0.922446,0.376785,1.306355,0.039766,-0.157019,-0.001618,-0.905678,-0.695276,1.285908,0.142811,-0.015779,0.004920
13.980000,0.398108,0.651193,1.264097,-0.137805,-0.028956,0.002677,1.070351,0.022676,1.211941,-0.115933,0.097559,0.002423,0.148365,-0.522256,1.288979,0.110088,0.082046,0.013646,-0.921647,0.373647,1.306318,0.040115,-0.156772,-0.001986,-0.902788,-0.695589,1.285999,0.146141,-0.015492,0.004188
14.000000,0.395327,0.650612,1.264146,-0.140328,-0.029183,0.002232,1.068011,0.024648,1.211991,-0.118077,0.099648,0.002565,0.150573,-0.520619,1.289250,0.110752,0.081684,0.013474,-0.920841,0.370514,1.306275,0.040429,-0.156492,-0.002336,-0.899833,-0.695896,1.286075,0.149363,-0.015208,0.003453
14.020000,0.392496,0.650026,1.264187,-0.142760,-0.029405,0.001786,1.065628,0.026662,1.212044,-0.120124,0.101661,0.002692,0.152794,-0.518989,1.289518,0.111344,0.081335,0.013296,-0.920030,0.367387,1.306225,0.040715,-0.156195,-0.002673,-0.896814,-0.696197,1.286137,0.152501,-0.014927,0.002711
14.040000,0.389617,0.649436,1.264218,-0.145121,-0.029626,0.001334,1.063206,0.028714,1.212098,-0.122092,0.103608,0.002799,0.155027,-0.517365,1.289782,0.111895,0.081019,0.013108,-0.919213,0.364267,1.306168,0.040982,-0.155894,-0.003002,-0.893733,-0.696493,1.286184,0.155578,-0.014646,0.001957
14.060000,0.386691,0.648841,1.264240,-0.147411,-0.029845,0.000875,1.060745,0.030806,1.212155,-0.123980,0.105489,0.002887,0.157270,-0.515748,1.290042,0.112405,0.080736,0.012911,-0.918391,0.361152,1.306105,0.041231,-0.155592,-0.003323,-0.890591,-0.696783,1.286215,0.158595,-0.014365,0.001192
14.080000,0.383721,0.648242,1.264253,-0.149630,-0.030064,0.000411,1.058248,0.032934,1.212214,-0.125789,0.107305,0.002955,0.159523,-0.514136,1.290298,0.112875,0.080487,0.012703,-0.917564,0.358043,1.306035,0.041461,-0.155287,-0.003636,-0.887390,-0.697067,1.286231,0.161551,-0.014085,0.000415
14.100000,0.380707,0.647639,1.264256,-0.151779,-0.030282,-0.000060,1.055714,0.035097,1.212273,-0.127518,0.109054,0.003004,0.161784,-0.512528,1.290550,0.113303,0.080271,0.012485,-0.916732,0.354940,1.305960,0.041671,-0.154979,-0.003941,-0.884130,-0.697346,1.286232,0.164446,-0.013805,-0.000374
14.120000,0.377650,0.647031,1.264250,-0.153873,-0.030502,-0.000541,1.053147,0.037295,1.212334,-0.129184,0.110747,0.003030,0.164055,-0.510924,1.290797,0.113700,0.080092,0.012250,-0.915897,0.351844,1.305878,0.041870,-0.154680,-0.004243,-0.880812,-0.697619,1.286216,0.167299,-0.013524,-0.001178
14.140000,0.374552,0.646418,1.264235,-0.155928,-0.030728,-0.001035,1.050547,0.039527,1.212394,-0.130804,0.112397,0.003032,0.166332,-0.509324,1.291040,0.114074,0.079955,0.011992,-0.915058,0.348753,1.305790,0.042065,-0.154402,-0.004547,-0.877438,-0.697887,1.286184,0.170127,-0.013241,-0.002002
14.160000,0.371413,0.645802,1.264209,-0.157944,-0.030960,-0.001543,1.047915,0.041791,1.212455,-0.132378,0.114002,0.003009,0.168617,-0.507726,1.291277,0.114425,0.079858,0.011711,-0.914214,0.345667,1.305696,0.042254,-0.154143,-0.004852,-0.874007,-0.698149,1.286136,0.172932,-0.012955,-0.002845
14.180000,0.368234,0.645180,1.264173,-0.159922,-0.031197,-0.002065,1.045252,0.044087,1.212515,-0.133906,0.115563,0.002961,0.170909,-0.506129,1.291508,0.114754,0.079803,0.011406,-0.913367,0.342587,1.305596,0.042439,-0.153904,-0.005159,-0.870521,-0.698405,1.286071,0.175713,-0.012667,-0.003707
14.200000,0.365016,0.644554,1.264126,-0.161860,-0.031441,-0.002600,1.042559,0.046413,1.212573,-0.135387,0.117079,0.002887,0.173207,-0.504534,1.291733,0.115060,0.079788,0.011077,-0.912517,0.339511,1.305490,0.042619,-0.153685,-0.005467,-0.866979,-0.698656,1.285988,0.178469,-0.012376,-0.004589
14.220000,0.361760,0.643922,1.264069,-0.163770,-0.031693,-0.003153,1.039837,0.048770,1.212630,-0.136838,0.118560,0.002788,0.175511,-0.502938,1.291951,0.115351,0.079818,0.010720,-0.911663,0.336439,1.305377,0.042800,-0.153493,-0.005782,-0.863382,-0.698900,1.285887,0.181214,-0.012081,-0.005494
14.240000,0.358466,0.643286,1.264000,-0.165663,-0.031956,-0.003725,1.037086,0.051155,1.212685,-0.138271,0.120017,0.002659,0.177821,-0.501341,1.292162,0.115638,0.079893,0.010331,-0.910805,0.333371,1.305258,0.042986,-0.153335,-0.006106,-0.859731,-0.699139,1.285768,0.183958,-0.011781,-0.006424
14.260000,0.355134,0.642644,1.263919,-0.167537,-0.032229,-0.004319,1.034306,0.053570,1.212736,-0.139687,0.121449,0.002502,0.180137,-0.499742,1.292364,0.115919,0.080015,0.009910,-0.909943,0.330306,1.305133,0.043180,-0.153211,-0.006441,-0.856024,-0.699371,1.285630,0.186702,-0.011477,-0.007379
14.280000,0.351764,0.641997,1.263827,-0.169394,-0.032513,-0.004932,1.031499,0.056013,1.212784,-0.141086,0.122855,0.002316,0.182458,-0.498140,1.292558,0.116194,0.080183,0.009456,-0.909078,0.327243,1.305001,0.043379,-0.153121,-0.006785,-0.852262,-0.699598,1.285472,0.189446,-0.011167,-0.008360
14.300000,0.348358,0.641343,1.263722,-0.171232,-0.032808,-0.005566,1.028663,0.058484,1.212829,-0.142469,0.124237,0.002102,0.184785,-0.496534,1.292742,0.116464,0.080397,0.008970,-0.908208,0.324181,1.304861,0.043584,-0.153065,-0.007140,-0.848446,-0.699818,1.285295,0.192190,-0.010853,-0.009367
14.320000,0.344915,0.640684,1.263604,-0.173058,-0.033114,-0.006222,1.025800,0.060983,1.212868,-0.143845,0.125598,0.001856,0.187117,-0.494924,1.292916,0.116736,0.080658,0.008450,-0.907334,0.321120,1.304715,0.043800,-0.153047,-0.007508,-0.844575,-0.700032,1.285098,0.194938,-0.010532,-0.010400
14.340000,0.341436,0.640019,1.263473,-0.174877,-0.033434,-0.006904,1.022909,0.063508,1.212903,-0.145226,0.126946,0.001575,0.189454,-0.493307,1.293080,0.117016,0.080966,0.007895,-0.906456,0.318059,1.304561,0.044029,-0.153068,-0.007893,-0.840649,-0.700239,1.284879,0.197697,-0.010205,-0.011463
14.360000,0.337920,0.639347,1.263328,-0.176687,-0.033768,-0.007612,1.019991,0.066060,1.212931,-0.146612,0.128280,0.001260,0.191797,-0.491685,1.293232,0.117304,0.081321,0.007305,-0.905573,0.314997,1.304399,0.044272,-0.153130,-0.008295,-0.836667,-0.700440,1.284639,0.200466,-0.009872,-0.012555
14.380000,0.334368,0.638668,1.263168,-0.178491,-0.034115,-0.008345,1.017045,0.068639,1.212953,-0.148002,0.129599,0.000911,0.194146,-0.490054,1.293372,0.117601,0.081724,0.006679,-0.904685,0.311933,1.304229,0.044529,-0.153231,-0.008715,-0.832630,-0.700634,1.284377,0.203245,-0.009532,-0.013675
14.400000,0.330781,0.637982,1.262994,-0.180287,-0.034475,-0.009103,1.014071,0.071244,1.212967,-0.149397,0.130904,0.000527,0.196501,-0.488415,1.293499,0.117907,0.082173,0.006019,-0.903792,0.308867,1.304050,0.044800,-0.153373,-0.009151,-0.828537,-0.700821,1.284092,0.206034,-0.009185,-0.014825
14.420000,0.327157,0.637289,1.262804,-0.182076,-0.034849,-0.009889,1.011069,0.073875,1.212974,-0.150804,0.132198,0.000106,0.198863,-0.486767,1.293612,0.118225,0.082668,0.005326,-0.902893,0.305798,1.303863,0.045087,-0.153555,-0.009607,-0.824388,-0.701002,1.283783,0.208832,-0.008831,-0.016003
14.440000,0.323498,0.636588,1.262598,-0.183859,-0.035238,-0.010704,1.008039,0.076532,1.212971,-0.152229,0.133484,-0.000352,0.201231,-0.485108,1.293712,0.118561,0.083204,0.004602,-0.901988,0.302725,1.303666,0.045391,-0.153777,-0.010085,-0.820184,-0.701175,1.283451,0.211638,-0.008470,-0.017212
14.460000,0.319803,0.635879,1.262376,-0.185637,-0.035641,-0.011548,1.004980,0.079214,1.212959,-0.153672,0.134761,-0.000848,0.203605,-0.483439,1.293796,0.118915,0.083783,0.003848,-0.901077,0.299647,1.303459,0.045714,-0.154037,-0.010586,-0.815923,-0.701340,1.283095,0.214452,-0.008102,-0.018449
14.480000,0.316072,0.635162,1.262136,-0.187409,-0.036059,-0.012422,1.001892,0.081922,1.212937,-0.155134,0.136029,-0.001383,0.205987,-0.481757,1.293865,0.119286,0.084405,0.003064,-0.900159,0.296563,1.303242,0.046056,-0.154338,-0.011109,-0.811606,-0.701499,1.282713,0.217274,-0.007727,-0.019717
14.500000,0.312306,0.634437,1.261879,-0.189175,-0.036491,-0.013325,0.998774,0.084656,1.212904,-0.156614,0.137290,-0.001956,0.208377,-0.480062,1.293919,0.119675,0.085068,0.002249,-0.899235,0.293473,1.303015,0.046415,-0.154678,-0.011655,-0.807232,-0.701649,1.282306,0.220104,-0.007344,-0.021013
14.520000,0.308505,0.633703,1.261603,-0.190934,-0.036938,-0.014259,0.995627,0.087414,1.212859,-0.158115,0.138541,-0.002567,0.210774,-0.478354,1.293955,0.120083,0.085769,0.001411,-0.898303,0.290376,1.302776,0.046794,-0.155054,-0.012226,-0.802801,-0.701792,1.281872,0.222937,-0.006955,-0.022339
14.540000,0.304669,0.632959,1.261308,-0.192683,-0.037400,-0.015226,0.992449,0.090197,1.212801,-0.159640,0.139785,-0.003218,0.213180,-0.476631,1.293975,0.120512,0.086500,0.000555,-0.897363,0.287270,1.302526,0.047193,-0.155465,-0.012824,-0.798314,-0.701927,1.281412,0.225765,-0.006558,-0.023691
14.560000,0.300798,0.632206,1.260994,-0.194423,-0.037877,-0.016225,0.989241,0.093005,1.212730,-0.161188,0.141020,-0.003908,0.215595,-0.474894,1.293977,0.120962,0.087262,-0.000318,-0.896415,0.284157,1.302263,0.047613,-0.155910,-0.013448,-0.793771,-0.702055,1.280925,0.228590,-0.006155,-0.025071
14.580000,0.296892,0.631444,1.260659,-0.196154,-0.038369,-0.017257,0.986002,0.095838,1.212644,-0.162760,0.142246,-0.004638,0.218019,-0.473140,1.293962,0.121433,0.088054,-0.001208,-0.895458,0.281034,1.301987,0.048053,-0.156388,-0.014100,-0.789171,-0.702174,1.280409,0.231412,-0.005745,-0.026478
14.600000,0.292952,0.630672,1.260303,-0.197875,-0.038876,-0.018321,0.982731,0.098695,1.212544,-0.164356,0.143464,-0.005407,0.220452,-0.471371,1.293929,0.121925,0.088878,-0.002115,-0.894493,0.277901,1.301699,0.048513,-0.156901,-0.014779,-0.784514,-0.702284,1.279865,0.234230,-0.005328,-0.027913
14.620000,0.288977,0.629889,1.259926,-0.199585,-0.039399,-0.019420,0.979427,0.101576,1.212428,-0.165975,0.144672,-0.006215,0.222896,-0.469585,1.293877,0.122437,0.089727,-0.003036,-0.893517,0.274758,1.301396,0.048994,-0.157443,-0.015487,-0.779802,-0.702387,1.279292,0.237036,-0.004906,-0.029372
14.640000,0.284969,0.629096,1.259526,-0.201283,-0.039938,-0.020555,0.976091,0.104482,1.212295,-0.167617,0.145865,-0.007061,0.225350,-0.467782,1.293807,0.122967,0.090596,-0.003966,-0.892533,0.271603,1.301079,0.049497,-0.158012,-0.016227,-0.775033,-0.702481,1.278690,0.239823,-0.004477,-0.030855
14.660000,0.280926,0.628291,1.259103,-0.202967,-0.040493,-0.021726,0.972722,0.107411,1.212145,-0.169280,0.147046,-0.007946,0.227815,-0.465961,1.293719,0.123518,0.091486,-0.004906,-0.891537,0.268437,1.300747,0.050021,-0.158607,-0.016999,-0.770209,-0.702566,1.278058,0.242589,-0.004044,-0.032361
14.680000,0.276850,0.627476,1.258657,-0.204639,-0.041064,-0.022933,0.969320,0.110364,1.211977,-0.170966,0.148213,-0.008870,0.230291,-0.464122,1.293611,0.124087,0.092396,-0.005855,-0.890532,0.265259,1.300399,0.050567,-0.159228,-0.017802,-0.765330,-0.702642,1.277396,0.245335,-0.003605,-0.033889
14.700000,0.272741,0.626649,1.258186,-0.206298,-0.041652,-0.024177,0.965884,0.113339,1.211790,-0.172674,0.149367,-0.009832,0.232778,-0.462265,1.293484,0.124675,0.093327,-0.006813,-0.889515,0.262068,1.300034,0.051135,-0.159876,-0.018637,-0.760396,-0.702710,1.276702,0.248061,-0.003160,-0.035441
14.720000,0.268598,0.625810,1.257689,-0.207941,-0.042255,-0.025456,0.962413,0.116338,1.211583,-0.174401,0.150503,-0.010832,0.235278,-0.460389,1.293339,0.125280,0.094274,-0.007780,-0.888486,0.258863,1.299653,0.051725,-0.160546,-0.019506,-0.755407,-0.702769,1.275978,0.250758,-0.002712,-0.037013
14.740000,0.264423,0.624958,1.257167,-0.209568,-0.042873,-0.026770,0.958907,0.119359,1.211356,-0.176145,0.151618,-0.011867,0.237790,-0.458494,1.293173,0.125900,0.095234,-0.008754,-0.887445,0.255646,1.299254,0.052338,-0.161235,-0.020413,-0.750366,-0.702818,1.275222,0.253421,-0.002260,-0.038602
14.760000,0.260216,0.624095,1.256618,-0.211177,-0.043506,-0.028119,0.955367,0.122403,1.211108,-0.177904,0.152710,-0.012938,0.240314,-0.456580,1.292988,0.126534,0.096207,-0.009735,-0.886392,0.252414,1.298836,0.052976,-0.161945,-0.021357,-0.745271,-0.702859,1.274434,0.256047,-0.001805,-0.040208
14.780000,0.255976,0.623218,1.256042,-0.212769,-0.044155,-0.029503,0.951791,0.125468,1.210839,-0.179680,0.153781,-0.014045,0.242851,-0.454646,1.292784,0.127184,0.097193,-0.010723,-0.885326,0.249168,1.298399,0.053636,-0.162673,-0.022339,-0.740124,-0.702891,1.273613,0.258637,-0.001347,-0.041832
14.800000,0.251705,0.622328,1.255438,-0.214345,-0.044818,-0.030922,0.948180,0.128554,1.210546,-0.181471,0.154831,-0.015187,0.245402,-0.452692,1.292559,0.127848,0.098191,-0.011719,-0.884247,0.245907,1.297943,0.054320,-0.163422,-0.023358,-0.734926,-0.702913,1.272760,0.261192,-0.000886,-0.043473
14.820000,0.247402,0.621425,1.254805,-0.215902,-0.045496,-0.032373,0.944532,0.131661,1.210231,-0.183275,0.155853,-0.016363,0.247965,-0.450718,1.292315,0.128525,0.099202,-0.012725,-0.883153,0.242631,1.297465,0.055030,-0.164189,-0.024418,-0.729677,-0.702926,1.271874,0.263706,-0.000423,-0.045127
14.840000,0.243069,0.620508,1.254143,-0.217441,-0.046186,-0.033854,0.940849,0.134788,1.209892,-0.185087,0.156844,-0.017571,0.250543,-0.448724,1.292050,0.129213,0.100223,-0.013743,-0.882045,0.239339,1.296966,0.055769,-0.164974,-0.025524,-0.724378,-0.702930,1.270955,0.266176,0.000041,-0.046793
14.860000,0.238705,0.619578,1.253451,-0.218961,-0.046889,-0.035364,0.937129,0.137934,1.209528,-0.186907,0.157804,-0.018809,0.253134,-0.446709,1.291765,0.129912,0.101255,-0.014772,-0.880922,0.236032,1.296444,0.056535,-0.165777,-0.026676,-0.719030,-0.702924,1.270003,0.268602,0.000505,-0.048470
14.880000,0.234311,0.618633,1.252728,-0.220463,-0.047605,-0.036904,0.933372,0.141100,1.209139,-0.188735,0.158732,-0.020079,0.255739,-0.444674,1.291459,0.130622,0.102297,-0.015814,-0.879784,0.232708,1.295898,0.057330,-0.166598,-0.027874,-0.713634,-0.702910,1.269016,0.270983,0.000969,-0.050157
14.900000,0.229886,0.617673,1.251974,-0.221947,-0.048333,-0.038473,0.929579,0.144283,1.208725,-0.190571,0.159628,-0.021380,0.258359,-0.442617,1.291133,0.131343,0.103350,-0.016867,-0.878629,0.229368,1.295328,0.058153,-0.167437,-0.029117,-0.708191,-0.702886,1.267996,0.273319,0.001434,-0.051855
14.920000,0.225433,0.616699,1.251189,-0.223415,-0.049073,-0.040067,0.925749,0.147485,1.208284,-0.192412,0.160489,-0.022710,0.260993,-0.440539,1.290785,0.132075,0.104417,-0.017939,-0.877457,0.226010,1.294733,0.059009,-0.168297,-0.030412,-0.702701,-0.702852,1.266942,0.275614,0.001897,-0.053562
14.940000,0.220950,0.615710,1.250372,-0.224871,-0.049822,-0.041681,0.921883,0.150703,1.207816,-0.194255,0.161310,-0.024065,0.263642,-0.438440,1.290415,0.132818,0.105499,-0.019036,-0.876268,0.222636,1.294111,0.059902,-0.169183,-0.031764,-0.697166,-0.702810,1.265854,0.277870,0.002358,-0.055273
14.960000,0.216438,0.614706,1.249522,-0.226313,-0.050582,-0.043316,0.917979,0.153937,1.207321,-0.196099,0.162092,-0.025444,0.266306,-0.436319,1.290023,0.133571,0.106597,-0.020158,-0.875061,0.219243,1.293462,0.060833,-0.170094,-0.033174,-0.691587,-0.702758,1.264731,0.280086,0.002817,-0.056989
14.980000,0.211897,0.613687,1.248639,-0.227743,-0.051351,-0.044970,0.914039,0.157186,1.206798,-0.197945,0.162833,-0.026849,0.268985,-0.434176,1.289608,0.134335,0.107712,-0.021305,-0.873835,0.215832,1.292784,0.061802,-0.171031,-0.034642,-0.685963,-0.702697,1.263574,0.282263,0.003272,-0.058710
15.000000,0.207328,0.612652,1.247723,-0.229160,-0.052129,-0.046645,0.910062,0.160450,1.206247,-0.199792,0.163534,-0.028280,0.271679,-0.432011,1.289171,0.135110,0.108842,-0.022476,-0.872589,0.212401,1.292076,0.062809,-0.171993,-0.036167,-0.680297,-0.702627,1.262383,0.284401,0.003725,-0.060435
15.020000,0.202731,0.611602,1.246773,-0.230573,-0.052917,-0.048333,0.906047,0.163727,1.205667,-0.201640,0.164194,-0.029731,0.274389,-0.429822,1.288709,0.135898,0.109996,-0.023683,-0.871322,0.208952,1.291337,0.063853,-0.172982,-0.037749,-0.674587,-0.702548,1.261157,0.286512,0.004174,-0.062163
15.040000,0.198105,0.610535,1.245789,-0.231989,-0.053711,-0.050027,0.901996,0.167017,1.205057,-0.203488,0.164810,-0.031200,0.277115,-0.427611,1.288223,0.136704,0.111181,-0.024937,-0.870034,0.205482,1.290566,0.064936,-0.173999,-0.039386,-0.668836,-0.702460,1.259896,0.288609,0.004617,-0.063891
15.060000,0.193452,0.609453,1.244772,-0.233409,-0.054512,-0.051728,0.897908,0.170319,1.204419,-0.205335,0.165381,-0.032686,0.279858,-0.425375,1.287711,0.137525,0.112397,-0.026237,-0.868725,0.201992,1.289761,0.066056,-0.175043,-0.041078,-0.663043,-0.702363,1.258601,0.290691,0.005054,-0.065618
15.080000,0.188769,0.608355,1.243720,-0.234832,-0.055320,-0.053435,0.893782,0.173632,1.203750,-0.207183,0.165909,-0.034189,0.282616,-0.423115,1.287173,0.138364,0.113644,-0.027585,-0.867392,0.198480,1.288922,0.067214,-0.176116,-0.042826,-0.657209,-0.702258,1.257271,0.292760,0.005486,-0.067345
15.100000,0.184058,0.607240,1.242634,-0.236259,-0.056136,-0.055148,0.889620,0.176955,1.203051,-0.209030,0.166393,-0.035709,0.285392,-0.420829,1.286608,0.139219,0.114922,-0.028978,-0.866036,0.194947,1.288048,0.068411,-0.177217,-0.044629,-0.651333,-0.702144,1.255907,0.294814,0.005911,-0.069071
15.120000,0.179319,0.606109,1.241514,-0.237705,-0.056957,-0.056858,0.885421,0.180288,1.202321,-0.210879,0.166834,-0.037242,0.288185,-0.418518,1.286014,0.140093,0.116237,-0.030425,-0.864655,0.191391,1.287137,0.069641,-0.178345,-0.046480,-0.645416,-0.702022,1.254509,0.296862,0.006331,-0.070796
15.140000,0.174550,0.604962,1.240360,-0.239185,-0.057783,-0.058557,0.881185,0.183628,1.201561,-0.212734,0.167234,-0.038781,0.290996,-0.416179,1.285390,0.140989,0.117594,-0.031930,-0.863250,0.187813,1.286188,0.070900,-0.179502,-0.048369,-0.639458,-0.701891,1.253075,0.298913,0.006744,-0.072522
15.160000,0.169751,0.603798,1.239172,-0.240700,-0.058615,-0.060243,0.876912,0.186977,1.200770,-0.214594,0.167593,-0.040328,0.293825,-0.413813,1.284736,0.141907,0.118992,-0.033495,-0.861819,0.184211,1.285202,0.072190,-0.180686,-0.050296,-0.633460,-0.701752,1.251608,0.300967,0.007150,-0.074246
15.180000,0.164922,0.602617,1.237951,-0.242249,-0.059451,-0.061918,0.872601,0.190332,1.199948,-0.216460,0.167911,-0.041882,0.296672,-0.411419,1.284050,0.142847,0.120432,-0.035117,-0.860362,0.180585,1.284176,0.073509,-0.181899,-0.052263,-0.627420,-0.701605,1.250106,0.303024,0.007550,-0.075970
15.200000,0.160061,0.601420,1.236696,-0.243833,-0.060292,-0.063580,0.868253,0.193693,1.199095,-0.218330,0.168189,-0.043443,0.299539,-0.408996,1.283331,0.143809,0.121914,-0.036799,-0.858878,0.176935,1.283111,0.074858,-0.183139,-0.054268,-0.621339,-0.701450,1.248569,0.305083,0.007943,-0.077693
15.220000,0.155168,0.600206,1.235407,-0.245462,-0.061138,-0.065224,0.863868,0.197059,1.198210,-0.220214,0.168432,-0.045004,0.302425,-0.406542,1.282578,0.144795,0.123441,-0.038541,-0.857368,0.173259,1.282005,0.076237,-0.184417,-0.056306,-0.615216,-0.701287,1.246998,0.307156,0.008327,-0.079410
15.240000,0.150242,0.598975,1.234087,-0.247149,-0.061986,-0.066844,0.859445,0.200430,1.197295,-0.222118,0.168646,-0.046559,0.305331,-0.404058,1.281789,0.145809,0.125016,-0.040344,-0.855829,0.169558,1.280859,0.077647,-0.185744,-0.058372,-0.609052,-0.701117,1.245393,0.309253,0.008700,-0.081116
15.260000,0.145282,0.597726,1.232734,-0.248893,-0.062838,-0.068439,0.854983,0.203805,1.196348,-0.224043,0.168833,-0.048109,0.308258,-0.401541,1.280963,0.146850,0.126640,-0.042207,-0.854261,0.165829,1.279670,0.079088,-0.187119,-0.060465,-0.602846,-0.700939,1.243753,0.311374,0.009061,-0.082811
15.280000,0.140286,0.596461,1.231349,-0.250694,-0.063693,-0.070009,0.850483,0.207183,1.195370,-0.225989,0.168992,-0.049652,0.311205,-0.398992,1.280100,0.147919,0.128312,-0.044132,-0.852665,0.162073,1.278440,0.080560,-0.188541,-0.062585,-0.596597,-0.700755,1.242080,0.313520,0.009410,-0.084495
15.300000,0.135254,0.595179,1.229934,-0.252552,-0.064550,-0.071555,0.845944,0.210564,1.194362,-0.227955,0.169124,-0.051189,0.314174,-0.396409,1.279198,0.149015,0.130033,-0.046118,-0.851039,0.158287,1.277167,0.082063,-0.190012,-0.064733,-0.590305,-0.700563,1.240374,0.315690,0.009748,-0.086167
15.320000,0.130183,0.593879,1.228487,-0.254474,-0.065409,-0.073072,0.841365,0.213948,1.193323,-0.229943,0.169237,-0.052716,0.317166,-0.393790,1.278255,0.150141,0.131804,-0.048160,-0.849382,0.154472,1.275850,0.083592,-0.191542,-0.066894,-0.583969,-0.700365,1.238634,0.317889,0.010072,-0.087824
15.340000,0.125074,0.592562,1.227011,-0.256463,-0.066268,-0.074556,0.836746,0.217334,1.192253,-0.231955,0.169344,-0.054230,0.320180,-0.391136,1.277271,0.151302,0.133627,-0.050255,-0.847695,0.150625,1.274491,0.085144,-0.193139,-0.069052,-0.577589,-0.700160,1.236861,0.320124,0.010380,-0.089461
15.360000,0.119924,0.591228,1.225505,-0.258521,-0.067125,-0.076005,0.832086,0.220722,1.191154,-0.233990,0.169444,-0.055730,0.323218,-0.388445,1.276245,0.152498,0.135502,-0.052402,-0.845976,0.146746,1.273088,0.086718,-0.194804,-0.071209,-0.571164,-0.699950,1.235055,0.322393,0.010672,-0.091077
15.380000,0.114733,0.589877,1.223971,-0.260647,-0.067982,-0.077422,0.827386,0.224111,1.190024,-0.236049,0.169537,-0.057216,0.326281,-0.385716,1.275175,0.153728,0.137429,-0.054601,-0.844226,0.142833,1.271643,0.088314,-0.196538,-0.073363,-0.564693,-0.699733,1.233218,0.324697,0.010949,-0.092673
15.400000,0.109498,0.588509,1.222409,-0.262842,-0.068837,-0.078804,0.822644,0.227503,1.188865,-0.238132,0.169623,-0.058688,0.329368,-0.382947,1.274060,0.154992,0.139408,-0.056852,-0.842444,0.138884,1.270154,0.089933,-0.198340,-0.075516,-0.558176,-0.699512,1.231349,0.327037,0.011209,-0.094250
15.420000,0.104219,0.587124,1.220819,-0.265104,-0.069691,-0.080150,0.817860,0.230896,1.187677,-0.240241,0.169711,-0.060145,0.332480,-0.380139,1.272900,0.156289,0.141434,-0.059146,-0.840629,0.134898,1.268622,0.091570,-0.200215,-0.077657,-0.551612,-0.699285,1.229448,0.329417,0.011455,-0.095803
15.440000,0.098893,0.585721,1.219203,-0.267432,-0.070539,-0.081457,0.813034,0.234292,1.186460,-0.242379,0.169810,-0.061583,0.335619,-0.377290,1.271694,0.157621,0.143503,-0.061472,-0.838781,0.130875,1.267048,0.093223,-0.202169,-0.079776,-0.544999,-0.699054,1.227517,0.331843,0.011686,-0.097331
15.460000,0.093521,0.584302,1.217561,-0.269826,-0.071383,-0.082725,0.808165,0.237689,1.185214,-0.244545,0.169920,-0.063002,0.338785,-0.374399,1.270441,0.158986,0.145614,-0.063831,-0.836900,0.126811,1.265431,0.094891,-0.204202,-0.081873,-0.538338,-0.698818,1.225555,0.334316,0.011902,-0.098833
15.480000,0.088100,0.582866,1.215894,-0.272287,-0.072222,-0.083953,0.803252,0.241088,1.183940,-0.246739,0.170041,-0.064403,0.341979,-0.371465,1.269141,0.160384,0.147768,-0.066223,-0.834985,0.122706,1.263773,0.096575,-0.206314,-0.083949,-0.531626,-0.698578,1.223563,0.336835,0.012104,-0.100310
15.500000,0.082629,0.581413,1.214203,-0.274814,-0.073057,-0.085142,0.798295,0.244491,1.182638,-0.248962,0.170173,-0.065786,0.345201,-0.368488,1.267792,0.161816,0.149964,-0.068647,-0.833037,0.118558,1.262073,0.098274,-0.208504,-0.086004,-0.524864,-0.698334,1.221543,0.339399,0.012291,-0.101761
15.520000,0.077107,0.579944,1.212489,-0.277402,-0.073885,-0.086291,0.793294,0.247896,1.181308,-0.251207,0.170332,-0.067148,0.348452,-0.365466,1.266395,0.163276,0.152190,-0.071088,-0.831054,0.114366,1.260333,0.099984,-0.210771,-0.088030,-0.518050,-0.698086,1.219493,0.342009,0.012466,-0.103183
15.540000,0.071533,0.578458,1.210752,-0.280043,-0.074705,-0.087398,0.788247,0.251304,1.179952,-0.253468,0.170531,-0.068488,0.351732,-0.362400,1.264948,0.164760,0.154433,-0.073528,-0.829037,0.110127,1.258552,0.101700,-0.213109,-0.090021,-0.511183,-0.697835,1.217416,0.344662,0.012633,-0.104574
15.560000,0.065905,0.576956,1.208993,-0.282737,-0.075518,-0.088464,0.783155,0.254717,1.178569,-0.255744,0.170771,-0.069806,0.355042,-0.359289,1.263454,0.166266,0.156693,-0.075969,-0.826986,0.105841,1.256732,0.103423,-0.215521,-0.091977,-0.504263,-0.697581,1.215311,0.347358,0.012791,-0.105933
15.580000,0.060223,0.575437,1.207214,-0.285486,-0.076323,-0.089489,0.778017,0.258135,1.177160,-0.258036,0.171052,-0.071102,0.358383,-0.356132,1.261910,0.167796,0.158971,-0.078410,-0.824900,0.101505,1.254874,0.105152,-0.218005,-0.093898,-0.497289,-0.697324,1.213179,0.350098,0.012939,-0.107260
15.600000,0.054485,0.573903,1.205414,-0.288288,-0.077120,-0.090472,0.772833,0.261559,1.175725,-0.260344,0.171375,-0.072376,0.361754,-0.352930,1.260317,0.169349,0.161266,-0.080850,-0.822780,0.097120,1.252977,0.106887,-0.220562,-0.095784,-0.490259,-0.697063,1.211020,0.352880,0.013079,-0.108555
15.620000,0.048691,0.572353,1.203595,-0.291131,-0.077907,-0.091414,0.767603,0.264991,1.174265,-0.262658,0.171744,-0.073627,0.365157,-0.349682,1.258676,0.170907,0.163557,-0.083278,-0.820625,0.092683,1.251042,0.108624,-0.223181,-0.097631,-0.483173,-0.696801,1.208837,0.355694,0.013215,-0.109814
15.640000,0.042840,0.570787,1.201758,-0.293999,-0.078683,-0.092315,0.762327,0.268430,1.172780,-0.264967,0.172165,-0.074855,0.368591,-0.346388,1.256986,0.172455,0.165825,-0.085682,-0.818435,0.088192,1.249072,0.110355,-0.225850,-0.099435,-0.476031,-0.696535,1.206628,0.358527,0.013352,-0.111032
15.660000,0.036931,0.569205,1.199903,-0.296893,-0.079446,-0.093176,0.757005,0.271878,1.171271,-0.267273,0.172639,-0.076060,0.372055,-0.343049,1.255249,0.173990,0.168068,-0.088061,-0.816211,0.083648,1.247065,0.112081,-0.228571,-0.101196,-0.468832,-0.696266,1.204396,0.361380,0.013490,-0.112208
15.680000,0.030964,0.567609,1.198031,-0.299813,-0.080199,-0.093995,0.751636,0.275335,1.169738,-0.269574,0.173165,-0.077242,0.375550,-0.339665,1.253464,0.175515,0.170288,-0.090414,-0.813952,0.079049,1.245024,0.113802,-0.231342,-0.102914,-0.461576,-0.695995,1.202140,0.364251,0.013630,-0.113344
15.700000,0.024938,0.565997,1.196143,-0.302760,-0.080939,-0.094774,0.746222,0.278804,1.168181,-0.271870,0.173743,-0.078400,0.379076,-0.336237,1.251632,0.177028,0.172484,-0.092744,-0.811659,0.074394,1.242949,0.115519,-0.234164,-0.104589,-0.454262,-0.695721,1.199862,0.367142,0.013770,-0.114439
15.720000,0.018853,0.564371,1.194240,-0.305713,-0.081666,-0.095513,0.740761,0.282285,1.166602,-0.274145,0.174369,-0.079531,0.382631,-0.332766,1.249754,0.178513,0.174636,-0.095036,-0.809331,0.069682,1.240841,0.117221,-0.237017,-0.106218,-0.446890,-0.695444,1.197563,0.370042,0.013914,-0.115491
15.740000,0.012710,0.562731,1.192323,-0.308653,-0.082377,-0.096215,0.735256,0.285780,1.165000,-0.276378,0.175040,-0.080627,0.386216,-0.329252,1.247831,0.179955,0.176725,-0.097278,-0.806970,0.064914,1.238701,0.118902,-0.239878,-0.107801,-0.439460,-0.695165,1.195243,0.372944,0.014064,-0.116498
15.760000,0.006507,0.561076,1.190392,-0.311580,-0.083071,-0.096880,0.729707,0.289287,1.163377,-0.278571,0.175755,-0.081690,0.389829,-0.325697,1.245864,0.181354,0.178750,-0.099470,-0.804575,0.060087,1.236529,0.120560,-0.242749,-0.109336,-0.431972,-0.694882,1.192903,0.375847,0.014220,-0.117461
15.780000,0.000247,0.559408,1.188448,-0.314495,-0.083749,-0.097508,0.724114,0.292810,1.161733,-0.280723,0.176515,-0.082719,0.393470,-0.322103,1.243853,0.182710,0.180712,-0.101613,-0.802148,0.055203,1.234328,0.122196,-0.245630,-0.110823,-0.424426,-0.694596,1.190545,0.378750,0.014381,-0.118378
15.800000,-0.006072,0.557727,1.186492,-0.317396,-0.084411,-0.098099,0.718478,0.296348,1.160069,-0.282834,0.177320,-0.083714,0.397137,-0.318469,1.241799,0.184022,0.182611,-0.103705,-0.799688,0.050262,1.232097,0.123811,-0.248520,-0.112263,-0.416822,-0.694307,1.188168,0.381655,0.014547,-0.119252
15.820000,-0.012449,0.556032,1.184524,-0.320255,-0.085054,-0.098654,0.712801,0.299903,1.158385,-0.284900,0.178169,-0.084674,0.400830,-0.314799,1.239705,0.185282,0.184441,-0.105747,-0.797195,0.045263,1.229837,0.125392,-0.251387,-0.113653,-0.409160,-0.694014,1.185775,0.384536,0.014723,-0.120076
15.840000,-0.018882,0.554325,1.182546,-0.323040,-0.085677,-0.099176,0.707082,0.303475,1.156682,-0.286918,0.179064,-0.085599,0.404548,-0.311092,1.237570,0.186482,0.186194,-0.107734,-0.794672,0.040207,1.227551,0.126931,-0.254200,-0.114990,-0.401441,-0.693718,1.183366,0.387371,0.014912,-0.120849
15.860000,-0.025370,0.552605,1.180557,-0.325752,-0.086279,-0.099664,0.701324,0.307066,1.154961,-0.288886,0.180005,-0.086487,0.408289,-0.307352,1.235396,0.187622,0.187871,-0.109668,-0.792118,0.035095,1.225238,0.128427,-0.256959,-0.116274,-0.393666,-0.693417,1.180941,0.390159,0.015113,-0.121569
15.880000,-0.031912,0.550874,1.178559,-0.328391,-0.086861,-0.100118,0.695527,0.310676,1.153223,-0.290805,0.180991,-0.087340,0.412053,-0.303578,1.233184,0.188701,0.189473,-0.111548,-0.789535,0.029929,1.222900,0.129879,-0.259663,-0.117506,-0.385835,-0.693113,1.178503,0.392900,0.015328,-0.122236
15.900000,-0.038505,0.549131,1.176553,-0.330957,-0.087423,-0.100539,0.689692,0.314306,1.151468,-0.292675,0.182022,-0.088157,0.415837,-0.299773,1.230934,0.189720,0.190998,-0.113374,-0.786924,0.024709,1.220538,0.131289,-0.262312,-0.118684,-0.377950,-0.692804,1.176052,0.395594,0.015555,-0.122852
15.920000,-0.045149,0.547377,1.174538,-0.333431,-0.087965,-0.100932,0.683821,0.317957,1.149697,-0.294481,0.183088,-0.088933,0.419641,-0.295939,1.228649,0.190669,0.192439,-0.115144,-0.784284,0.019437,1.218153,0.132652,-0.264884,-0.119813,-0.370012,-0.692491,1.173589,0.398221,0.015794,-0.123416
15.940000,-0.051842,0.545612,1.172516,-0.335796,-0.088489,-0.101304,0.677914,0.321630,1.147911,-0.296208,0.184177,-0.089663,0.423463,-0.292076,1.226329,0.191540,0.193787,-0.116852,-0.781618,0.014114,1.215746,0.133966,-0.267358,-0.120893,-0.362022,-0.692172,1.171116,0.400759,0.016046,-0.123929
15.960000,-0.058580,0.543837,1.170486,-0.338049,-0.088996,-0.101654,0.671973,0.325324,1.146110,-0.297857,0.185289,-0.090346,0.427302,-0.288188,1.223975,0.192332,0.195043,-0.118500,-0.778926,0.008743,1.213318,0.135230,-0.269733,-0.121926,-0.353982,-0.691849,1.168633,0.403211,0.016310,-0.124391
15.980000,-0.065363,0.542052,1.168450,-0.340193,-0.089486,-0.101984,0.666000,0.329041,1.144297,-0.299427,0.186425,-0.090983,0.431156,-0.284275,1.221589,0.193044,0.196205,-0.120087,-0.776209,0.003326,1.210869,0.136444,-0.272010,-0.122911,-0.345894,-0.691520,1.166141,0.405574,0.016586,-0.124803
16.000000,-0.072187,0.540258,1.166407,-0.342227,-0.089957,-0.102292,0.659996,0.332781,1.142471,-0.300918,0.187585,-0.091574,0.435023,-0.280340,1.219172,0.193679,0.197274,-0.121613,-0.773468,-0.002136,1.208402,0.137608,-0.274187,-0.123848,-0.337759,-0.691185,1.163641,0.407849,0.016874,-0.125164
16.020000,-0.079051,0.538454,1.164358,-0.344131,-0.090410,-0.102579,0.653964,0.336545,1.140634,-0.302329,0.188758,-0.092116,0.438902,-0.276385,1.216725,0.194227,0.198244,-0.123074,-0.770705,-0.007641,1.205916,0.138716,-0.276246,-0.124736,-0.329581,-0.690845,1.161134,0.410001,0.017175,-0.125474
16.040000,-0.085952,0.536642,1.162304,-0.345888,-0.090843,-0.102844,0.647904,0.340332,1.138787,-0.303659,0.189934,-0.092609,0.442792,-0.272411,1.214250,0.194683,0.199106,-0.124466,-0.767920,-0.013185,1.203413,0.139764,-0.278165,-0.125572,-0.321361,-0.690498,1.158622,0.411993,0.017490,-0.125734
16.060000,-0.092886,0.534821,1.160244,-0.347497,-0.091255,-0.103088,0.641818,0.344142,1.136930,-0.304907,0.191115,-0.093052,0.446689,-0.268421,1.211747,0.195047,0.199861,-0.125791,-0.765115,-0.018767,1.200893,0.140751,-0.279946,-0.126357,-0.313102,-0.690145,1.156105,0.413825,0.017817,-0.125943
16.080000,-0.099851,0.532992,1.158180,-0.348959,-0.091647,-0.103311,0.635708,0.347976,1.135065,-0.306074,0.192300,-0.093446,0.450593,-0.264417,1.209219,0.195319,0.200508,-0.127046,-0.762291,-0.024382,1.198359,0.141676,-0.281589,-0.127091,-0.304809,-0.689785,1.153585,0.415497,0.018158,-0.126101
16.100000,-0.106843,0.531155,1.156112,-0.350272,-0.092020,-0.103512,0.629575,0.351834,1.133193,-0.307160,0.193488,-0.093790,0.454501,-0.260402,1.206666,0.195498,0.201049,-0.128233,-0.759448,-0.030029,1.195810,0.142541,-0.283092,-0.127773,-0.296483,-0.689419,1.151062,0.417009,0.018512,-0.126209
16.120000,-0.113860,0.529311,1.154040,-0.351422,-0.092368,-0.103688,0.623422,0.355716,1.131314,-0.308152,0.194660,-0.094080,0.458412,-0.256376,1.204090,0.195580,0.201476,-0.129347,-0.756589,-0.035705,1.193248,0.143338,-0.284441,-0.128400,-0.288129,-0.689045,1.148537,0.418330,0.018882,-0.126260
16.140000,-0.120899,0.527460,1.151965,-0.352393,-0.092690,-0.103832,0.617250,0.359620,1.129430,-0.309038,0.195796,-0.094310,0.462324,-0.252343,1.201492,0.195559,0.201784,-0.130383,-0.753715,-0.041406,1.190674,0.144061,-0.285621,-0.128967,-0.279752,-0.688663,1.146012,0.419428,0.019270,-0.126248
16.160000,-0.127955,0.525604,1.149887,-0.353184,-0.092984,-0.103946,0.611061,0.363547,1.127542,-0.309817,0.196896,-0.094482,0.466234,-0.248306,1.198875,0.195438,0.201972,-0.131342,-0.750827,-0.047129,1.188090,0.144709,-0.286632,-0.129473,-0.271354,-0.688274,1.143487,0.420303,0.019675,-0.126174
16.180000,-0.135025,0.523741,1.147807,-0.353796,-0.093252,-0.104030,0.604858,0.367496,1.125651,-0.310490,0.197959,-0.094595,0.470141,-0.244265,1.196239,0.195214,0.202040,-0.132223,-0.747927,-0.052870,1.185496,0.145284,-0.287473,-0.129920,-0.262941,-0.687876,1.140965,0.420956,0.020098,-0.126036
16.200000,-0.142106,0.521874,1.145726,-0.354229,-0.093493,-0.104083,0.598642,0.371465,1.123759,-0.311056,0.198986,-0.094649,0.474042,-0.240225,1.193587,0.194888,0.201990,-0.133027,-0.745017,-0.058626,1.182893,0.145785,-0.288145,-0.130306,-0.254517,-0.687470,1.138446,0.421387,0.020539,-0.125836
16.220000,-0.149193,0.520002,1.143644,-0.354469,-0.093701,-0.104097,0.592417,0.375455,1.121866,-0.311518,0.199963,-0.094643,0.477935,-0.236187,1.190919,0.194457,0.201815,-0.133748,-0.742096,-0.064395,1.180284,0.146205,-0.288637,-0.130626,-0.246087,-0.687054,1.135932,0.421577,0.020999,-0.125567
16.240000,-0.156283,0.518126,1.141562,-0.354502,-0.093873,-0.104064,0.586182,0.379464,1.119973,-0.311878,0.200878,-0.094578,0.481819,-0.232153,1.188237,0.193919,0.201510,-0.134382,-0.739169,-0.070171,1.177669,0.146536,-0.288936,-0.130873,-0.237656,-0.686630,1.133424,0.421512,0.021480,-0.125222
16.260000,-0.163372,0.516247,1.139482,-0.354329,-0.094007,-0.103984,0.579942,0.383490,1.118083,-0.312135,0.201731,-0.094452,0.485691,-0.228127,1.185544,0.193273,0.201076,-0.134929,-0.736236,-0.075951,1.175050,0.146779,-0.289043,-0.131047,-0.229228,-0.686195,1.130924,0.421190,0.021982,-0.124803
16.280000,-0.170455,0.514366,1.137403,-0.353950,-0.094104,-0.103857,0.573698,0.387532,1.116196,-0.312290,0.202521,-0.094267,0.489550,-0.224111,1.182841,0.192520,0.200513,-0.135389,-0.733298,-0.081731,1.172427,0.146933,-0.288958,-0.131148,-0.220810,-0.685750,1.128432,0.420612,0.022505,-0.124309
16.300000,-0.177528,0.512483,1.135328,-0.353364,-0.094165,-0.103684,0.567451,0.391590,1.114313,-0.312342,0.203248,-0.094021,0.493392,-0.220107,1.180129,0.191659,0.199820,-0.135761,-0.730359,-0.087508,1.169804,0.146998,-0.288681,-0.131176,-0.212405,-0.685295,1.125952,0.419778,0.023048,-0.123740
16.320000,-0.184588,0.510600,1.133256,-0.352575,-0.094187,-0.103461,0.561205,0.395662,1.112435,-0.312284,0.203894,-0.093714,0.497215,-0.216119,1.177411,0.190689,0.198995,-0.136041,-0.727419,-0.093277,1.167181,0.146968,-0.288203,-0.131123,-0.204021,-0.684828,1.123483,0.418669,0.023614,-0.123093
16.340000,-0.191630,0.508716,1.131190,-0.351585,-0.094172,-0.103186,0.554961,0.399745,1.110565,-0.312108,0.204441,-0.093342,0.501018,-0.212148,1.174688,0.189609,0.198033,-0.136224,-0.724481,-0.099035,1.164560,0.146834,-0.287517,-0.130981,-0.195661,-0.684350,1.121029,0.417266,0.024204,-0.122363
16.360000,-0.198650,0.506833,1.129129,-0.350394,-0.094118,-0.102860,0.548721,0.403839,1.108702,-0.311815,0.204888,-0.092907,0.504799,-0.208199,1.171962,0.188420,0.196934,-0.136310,-0.721546,-0.104776,1.161942,0.146596,-0.286622,-0.130750,-0.187332,-0.683860,1.118589,0.415571,0.024817,-0.121550
16.380000,-0.205644,0.504951,1.127076,-0.349002,-0.094027,-0.102483,0.542489,0.407940,1.106849,-0.311404,0.205235,-0.092408,0.508554,-0.204272,1.169236,0.187122,0.195700,-0.136298,-0.718618,-0.110498,1.159330,0.146255,-0.285520,-0.130431,-0.179040,-0.683357,1.116167,0.413582,0.025454,-0.120654
16.400000,-0.212609,0.503072,1.125030,-0.347409,-0.093898,-0.102053,0.536266,0.412047,1.105006,-0.310875,0.205483,-0.091845,0.512283,-0.200371,1.166511,0.185714,0.194329,-0.136189,-0.715697,-0.116196,1.156726,0.145811,-0.284208,-0.130023,-0.170791,-0.682842,1.113764,0.411300,0.026114,-0.119676
16.420000,-0.219539,0.501196,1.122994,-0.345615,-0.093728,-0.101567,0.530055,0.416159,1.103175,-0.310219,0.205611,-0.091220,0.515982,-0.196500,1.163789,0.184198,0.192821,-0.135978,-0.712786,-0.121865,1.154130,0.145266,-0.282697,-0.129526,-0.162590,-0.682312,1.111381,0.408729,0.026798,-0.118615
16.440000,-0.226432,0.499323,1.120968,-0.343620,-0.093515,-0.101018,0.523858,0.420271,1.101358,-0.309424,0.205599,-0.090533,0.519650,-0.192660,1.161073,0.182575,0.191174,-0.135661,-0.709887,-0.127502,1.151545,0.144625,-0.280993,-0.128939,-0.154443,-0.681770,1.109020,0.405873,0.027503,-0.117469
16.460000,-0.233283,0.497455,1.118954,-0.341424,-0.093258,-0.100406,0.517679,0.424382,1.099554,-0.308492,0.205447,-0.089785,0.523285,-0.188854,1.158364,0.180845,0.189387,-0.135239,-0.707002,-0.133103,1.148973,0.143887,-0.279096,-0.128264,-0.146357,-0.681212,1.106683,0.402733,0.028231,-0.116238
16.480000,-0.240088,0.495593,1.116952,-0.339027,-0.092957,-0.099732,0.511519,0.428488,1.097767,-0.307422,0.205155,-0.088975,0.526883,-0.185085,1.155664,0.179008,0.187462,-0.134709,-0.704132,-0.138665,1.146415,0.143053,-0.277007,-0.127499,-0.138336,-0.680640,1.104371,0.399307,0.028981,-0.114922
16.500000,-0.246843,0.493737,1.114965,-0.336429,-0.092614,-0.098995,0.505383,0.432587,1.095996,-0.306214,0.204723,-0.088104,0.530444,-0.181356,1.152976,0.177064,0.185399,-0.134074,-0.701280,-0.144183,1.143874,0.142122,-0.274726,-0.126645,-0.130386,-0.680053,1.102086,0.395597,0.029754,-0.113522
16.520000,-0.253543,0.491889,1.112993,-0.333631,-0.092223,-0.098188,0.499272,0.436676,1.094243,-0.304855,0.204132,-0.087173,0.533965,-0.177670,1.150302,0.175017,0.183198,-0.133330,-0.698448,-0.149653,1.141350,0.141096,-0.272259,-0.125701,-0.122514,-0.679450,1.099830,0.391611,0.030546,-0.112040
16.540000,-0.260186,0.490049,1.111038,-0.330633,-0.091782,-0.097305,0.493190,0.440751,1.092509,-0.303332,0.203362,-0.086184,0.537444,-0.174029,1.147643,0.172870,0.180861,-0.132474,-0.695637,-0.155072,1.138846,0.139975,-0.269614,-0.124664,-0.114724,-0.678831,1.097605,0.387360,0.031355,-0.110481
16.560000,-0.266767,0.488218,1.109101,-0.327437,-0.091291,-0.096346,0.487139,0.444809,1.090796,-0.301645,0.202412,-0.085136,0.540879,-0.170436,1.145003,0.170624,0.178389,-0.131506,-0.692849,-0.160436,1.136364,0.138761,-0.266791,-0.123535,-0.107021,-0.678196,1.095412,0.382842,0.032182,-0.108843
16.580000,-0.273283,0.486398,1.107185,-0.324041,-0.090749,-0.095311,0.481125,0.448846,1.089104,-0.299794,0.201284,-0.084031,0.544268,-0.166895,1.142384,0.168278,0.175781,-0.130427,-0.690087,-0.165742,1.133906,0.137452,-0.263790,-0.122314,-0.099412,-0.677543,1.093252,0.378059,0.033026,-0.107127
16.600000,-0.279728,0.484588,1.105289,-0.320446,-0.090157,-0.094200,0.475149,0.452859,1.087435,-0.297780,0.199976,-0.082867,0.547610,-0.163406,1.139787,0.165832,0.173038,-0.129235,-0.687352,-0.170986,1.131472,0.136049,-0.260610,-0.121001,-0.091901,-0.676874,1.091127,0.373009,0.033888,-0.105334
16.620000,-0.286099,0.482792,1.103417,-0.316657,-0.089512,-0.093006,0.469215,0.456844,1.085790,-0.295606,0.198489,-0.081650,0.550901,-0.159974,1.137215,0.163294,0.170165,-0.127931,-0.684646,-0.176165,1.129066,0.134554,-0.257260,-0.119595,-0.084493,-0.676188,1.089039,0.367715,0.034762,-0.103470
16.640000,-0.292393,0.481008,1.101570,-0.312677,-0.088812,-0.091724,0.463326,0.460798,1.084169,-0.293279,0.196825,-0.080384,0.554141,-0.156600,1.134671,0.160670,0.167167,-0.126515,-0.681970,-0.181276,1.126689,0.132969,-0.253751,-0.118096,-0.077194,-0.675484,1.086989,0.362196,0.035646,-0.101546
16.660000,-0.298605,0.479240,1.099749,-0.308508,-0.088055,-0.090353,0.457485,0.464716,1.082575,-0.290797,0.194984,-0.079069,0.557327,-0.153288,1.132155,0.157958,0.164045,-0.124986,-0.679328,-0.186314,1.124343,0.131293,-0.250082,-0.116504,-0.070007,-0.674762,1.084978,0.356453,0.036538,-0.099561
16.680000,-0.304732,0.477487,1.097956,-0.304148,-0.087242,-0.088893,0.451695,0.468596,1.081007,-0.288162,0.192965,-0.077706,0.560459,-0.150039,1.129672,0.155161,0.160799,-0.123345,-0.676719,-0.191278,1.122029,0.129527,-0.246253,-0.114818,-0.062937,-0.674022,1.083007,0.350485,0.037439,-0.097515
16.700000,-0.310770,0.475750,1.096194,-0.299598,-0.086374,-0.087345,0.445959,0.472433,1.079467,-0.285373,0.190768,-0.076293,0.563533,-0.146857,1.127222,0.152277,0.157427,-0.121592,-0.674147,-0.196163,1.119751,0.127671,-0.242264,-0.113039,-0.055989,-0.673264,1.081077,0.344293,0.038348,-0.095407
16.720000,-0.316715,0.474032,1.094463,-0.294880,-0.085454,-0.085713,0.440281,0.476225,1.077956,-0.282437,0.188402,-0.074834,0.566549,-0.143743,1.124809,0.149317,0.153942,-0.119729,-0.671613,-0.200968,1.117509,0.125729,-0.238128,-0.111169,-0.049166,-0.672488,1.079191,0.337913,0.039263,-0.093251
16.740000,-0.322564,0.472332,1.092766,-0.290017,-0.084487,-0.084002,0.434663,0.479968,1.076474,-0.279363,0.185874,-0.073330,0.569505,-0.140700,1.122434,0.146290,0.150352,-0.117761,-0.669119,-0.205688,1.115305,0.123705,-0.233860,-0.109209,-0.042473,-0.671694,1.077348,0.331382,0.040179,-0.091058
16.760000,-0.328314,0.470653,1.091103,-0.285007,-0.083473,-0.082211,0.429107,0.483659,1.075023,-0.276150,0.183185,-0.071782,0.572400,-0.137730,1.120099,0.143195,0.146658,-0.115688,-0.666665,-0.210321,1.113141,0.121600,-0.229458,-0.107161,-0.035912,-0.670881,1.075549,0.324699,0.041096,-0.088829
16.780000,-0.333963,0.468994,1.089478,-0.279852,-0.082412,-0.080342,0.423617,0.487295,1.073603,-0.272798,0.180333,-0.070189,0.575233,-0.134834,1.117807,0.140034,0.142860,-0.113509,-0.664255,-0.214865,1.111019,0.119414,-0.224924,-0.105023,-0.029486,-0.670050,1.073795,0.317865,0.042015,-0.086563
16.800000,-0.339507,0.467357,1.087890,-0.274550,-0.081304,-0.078393,0.418196,0.490872,1.072215,-0.269308,0.177320,-0.068552,0.578001,-0.132016,1.115560,0.136806,0.138958,-0.111225,-0.661889,-0.219317,1.108940,0.117147,-0.220256,-0.102796,-0.023199,-0.669201,1.072086,0.310880,0.042935,-0.084260
16.820000,-0.344944,0.465742,1.086342,-0.269127,-0.080154,-0.076371,0.412846,0.494387,1.070861,-0.265691,0.174159,-0.066871,0.580705,-0.129277,1.113359,0.133523,0.134966,-0.108843,-0.659570,-0.223675,1.106908,0.114807,-0.215475,-0.100486,-0.017052,-0.668333,1.070425,0.303773,0.043852,-0.081926
16.840000,-0.350272,0.464151,1.084836,-0.263606,-0.078967,-0.074283,0.407569,0.497837,1.069541,-0.261959,0.170863,-0.065150,0.583342,-0.126618,1.111206,0.130199,0.130902,-0.106372,-0.657297,-0.227936,1.104922,0.112403,-0.210600,-0.098099,-0.011048,-0.667447,1.068810,0.296574,0.044761,-0.079569
16.860000,-0.355488,0.462584,1.083372,-0.257987,-0.077743,-0.072127,0.402368,0.501220,1.068255,-0.258114,0.167433,-0.063387,0.585912,-0.124041,1.109105,0.126834,0.126763,-0.103812,-0.655074,-0.232098,1.102984,0.109935,-0.205630,-0.095635,-0.005190,-0.666542,1.067242,0.289284,0.045664,-0.077187
16.880000,-0.360591,0.461041,1.081951,-0.252270,-0.076482,-0.069905,0.397246,0.504533,1.067006,-0.254153,0.163869,-0.061583,0.588415,-0.121548,1.107055,0.123428,0.122551,-0.101162,-0.652900,-0.236160,1.101097,0.107403,-0.200566,-0.093094,0.000522,-0.665620,1.065722,0.281901,0.046559,-0.074781
16.900000,-0.365578,0.459524,1.080576,-0.246456,-0.075184,-0.067615,0.392203,0.507774,1.065792,-0.250078,0.160169,-0.059738,0.590849,-0.119139,1.105059,0.119981,0.118265,-0.098423,-0.650778,-0.240120,1.099261,0.104807,-0.195408,-0.090476,0.006086,-0.664680,1.064251,0.274426,0.047447,-0.072350
16.920000,-0.370448,0.458034,1.079247,-0.240571,-0.073854,-0.065268,0.387243,0.510939,1.064616,-0.245905,0.156353,-0.057854,0.593214,-0.116817,1.103118,0.116508,0.113926,-0.095607,-0.648709,-0.243976,1.097478,0.102160,-0.190180,-0.087792,0.011499,-0.663722,1.062828,0.266887,0.048323,-0.069898
16.940000,-0.375201,0.456570,1.077965,-0.234644,-0.072501,-0.062871,0.382367,0.514028,1.063478,-0.241651,0.152438,-0.055934,0.595509,-0.114583,1.101235,0.113024,0.109552,-0.092727,-0.646692,-0.247727,1.095750,0.099474,-0.184908,-0.085052,0.016761,-0.662747,1.061455,0.259309,0.049184,-0.067428
16.960000,-0.379834,0.455134,1.076732,-0.228675,-0.071124,-0.060426,0.377578,0.517036,1.062379,-0.237317,0.148423,-0.053977,0.597735,-0.112436,1.099410,0.109530,0.105145,-0.089783,-0.644730,-0.251372,1.094076,0.096750,-0.179591,-0.082256,0.021871,-0.661755,1.060131,0.251692,0.050028,-0.064940
16.980000,-0.384347,0.453726,1.075549,-0.222663,-0.069722,-0.057931,0.372875,0.519964,1.061320,-0.232900,0.144309,-0.051983,0.599891,-0.110377,1.097644,0.106025,0.100704,-0.086776,-0.642822,-0.254910,1.092460,0.093987,-0.174229,-0.079404,0.026829,-0.660746,1.058858,0.244037,0.050857,-0.062433
17.000000,-0.388740,0.452345,1.074415,-0.216609,-0.068297,-0.055387,0.368262,0.522808,1.060300,-0.228403,0.140096,-0.049953,0.601976,-0.108408,1.095939,0.102510,0.096228,-0.083704,-0.640971,-0.258341,1.090901,0.091186,-0.168823,-0.076497,0.031632,-0.659721,1.057634,0.236344,0.051670,-0.059908
17.020000,-0.393012,0.450994,1.073334,-0.210542,-0.066855,-0.052806,0.363740,0.525567,1.059322,-0.223844,0.135802,-0.047889,0.603991,-0.106528,1.094296,0.099000,0.091741,-0.080585,-0.639175,-0.261663,1.089400,0.088362,-0.163400,-0.073548,0.036282,-0.658679,1.056461,0.228635,0.052463,-0.057365
17.040000,-0.397162,0.449671,1.072303,-0.204492,-0.065404,-0.050198,0.359309,0.528240,1.058385,-0.219241,0.131445,-0.045794,0.605936,-0.104738,1.092716,0.095512,0.087264,-0.077434,-0.637436,-0.264877,1.087959,0.085530,-0.157988,-0.070572,0.040778,-0.657622,1.055340,0.220934,0.053233,-0.054806
17.060000,-0.401191,0.448378,1.071326,-0.198459,-0.063945,-0.047565,0.354970,0.530824,1.057490,-0.214594,0.127026,-0.043668,0.607812,-0.103037,1.091199,0.092047,0.082798,-0.074251,-0.635754,-0.267983,1.086577,0.082691,-0.152586,-0.067568,0.045120,-0.656550,1.054269,0.213241,0.053978,-0.052230
17.080000,-0.405100,0.447114,1.070401,-0.192443,-0.062478,-0.044906,0.350725,0.533320,1.056638,-0.209904,0.122544,-0.041510,0.609618,-0.101426,1.089746,0.088603,0.078342,-0.071037,-0.634129,-0.270980,1.085256,0.079845,-0.147196,-0.064537,0.049308,-0.655463,1.053251,0.205556,0.054699,-0.049636
17.100000,-0.408889,0.445879,1.069530,-0.186445,-0.061002,-0.042222,0.346574,0.535726,1.055830,-0.205171,0.117999,-0.039321,0.611356,-0.099904,1.088358,0.085181,0.073896,-0.067791,-0.632560,-0.273871,1.083996,0.076992,-0.141816,-0.061478,0.053342,-0.654362,1.052284,0.197878,0.055396,-0.047026
17.120000,-0.412559,0.444674,1.068712,-0.180491,-0.059525,-0.039523,0.342518,0.538040,1.055066,-0.200408,0.113404,-0.037103,0.613026,-0.098470,1.087034,0.081796,0.069481,-0.064530,-0.631049,-0.276653,1.082797,0.074146,-0.136473,-0.058407,0.057223,-0.653248,1.051370,0.190222,0.056065,-0.044396
17.140000,-0.416109,0.443498,1.067949,-0.174607,-0.058055,-0.036824,0.338558,0.540262,1.054346,-0.195632,0.108773,-0.034855,0.614628,-0.097124,1.085776,0.078460,0.065117,-0.061269,-0.629594,-0.279330,1.081660,0.071322,-0.131190,-0.055337,0.060951,-0.652120,1.050508,0.182601,0.056702,-0.041744
17.160000,-0.419543,0.442351,1.067239,-0.168795,-0.056593,-0.034123,0.334693,0.542391,1.053672,-0.190842,0.104105,-0.032579,0.616164,-0.095865,1.084584,0.075174,0.060804,-0.058010,-0.628196,-0.281901,1.080584,0.068522,-0.125969,-0.052270,0.064527,-0.650980,1.049700,0.175016,0.057307,-0.039069
17.180000,-0.422862,0.441234,1.066584,-0.163053,-0.055137,-0.031421,0.330924,0.544426,1.053043,-0.186038,0.099400,-0.030274,0.617635,-0.094692,1.083456,0.071938,0.056542,-0.054752,-0.626853,-0.284369,1.079569,0.065743,-0.120809,-0.049205,0.067952,-0.649828,1.048946,0.167467,0.057880,-0.036372
17.200000,-0.426066,0.440146,1.065982,-0.157382,-0.053688,-0.028719,0.327252,0.546366,1.052461,-0.181221,0.094658,-0.027940,0.619042,-0.093603,1.082394,0.068753,0.052330,-0.051495,-0.625566,-0.286734,1.078615,0.062987,-0.115710,-0.046141,0.071226,-0.648665,1.048245,0.159953,0.058420,-0.033653
17.220000,-0.429158,0.439086,1.065435,-0.151799,-0.052252,-0.026024,0.323676,0.548212,1.051926,-0.176405,0.089892,-0.025580,0.620386,-0.092598,1.081396,0.065626,0.048183,-0.048251,-0.624333,-0.288998,1.077723,0.060263,-0.110687,-0.043090,0.074350,-0.647491,1.047600,0.152497,0.058928,-0.030917
17.240000,-0.432139,0.438056,1.064941,-0.146320,-0.050833,-0.023348,0.320196,0.549962,1.051438,-0.171605,0.085114,-0.023198,0.621668,-0.091675,1.080463,0.062565,0.044111,-0.045032,-0.623155,-0.291162,1.076892,0.057581,-0.105758,-0.040063,0.077326,-0.646308,1.047009,0.145121,0.059400,-0.028170
17.260000,-0.435011,0.437053,1.064501,-0.140946,-0.049431,-0.020690,0.316811,0.551616,1.050998,-0.166822,0.080324,-0.020794,0.622889,-0.090833,1.079595,0.059571,0.040115,-0.041837,-0.622030,-0.293229,1.076121,0.054940,-0.100921,-0.037060,0.080156,-0.645116,1.046473,0.137826,0.059838,-0.025411
17.280000,-0.437777,0.436078,1.064114,-0.135675,-0.048047,-0.018050,0.313523,0.553175,1.050606,-0.162056,0.075521,-0.018368,0.624051,-0.090070,1.078790,0.056643,0.036196,-0.038668,-0.620957,-0.295200,1.075409,0.052340,-0.096177,-0.034079,0.082840,-0.643915,1.045992,0.130611,0.060240,-0.022640
17.300000,-0.440439,0.435131,1.063779,-0.130508,-0.046681,-0.015429,0.310329,0.554637,1.050263,-0.157306,0.070706,-0.015919,0.625155,-0.089385,1.078048,0.053782,0.032353,-0.035523,-0.619936,-0.297076,1.074757,0.049782,-0.091525,-0.031123,0.085381,-0.642706,1.045567,0.123477,0.060609,-0.019859
17.320000,-0.442998,0.434211,1.063496,-0.125455,-0.045335,-0.012833,0.307230,0.556003,1.049969,-0.152599,0.065903,-0.013462,0.626203,-0.088775,1.077369,0.050992,0.028593,-0.032412,-0.618966,-0.298861,1.074164,0.047271,-0.086975,-0.028197,0.087780,-0.641491,1.045198,0.116441,0.060945,-0.017076
17.340000,-0.445458,0.433317,1.063265,-0.120524,-0.044013,-0.010271,0.304225,0.557273,1.049725,-0.147959,0.061135,-0.011009,0.627195,-0.088240,1.076751,0.048276,0.024924,-0.029343,-0.618045,-0.300556,1.073629,0.044812,-0.082534,-0.025311,0.090039,-0.640269,1.044884,0.109524,0.061251,-0.014302
17.360000,-0.447820,0.432450,1.063085,-0.115715,-0.042715,-0.007744,0.301311,0.558449,1.049529,-0.143388,0.056401,-0.008561,0.628134,-0.087778,1.076195,0.045635,0.021345,-0.026315,-0.617173,-0.302163,1.073151,0.042405,-0.078204,-0.022463,0.092161,-0.639041,1.044626,0.102724,0.061527,-0.011538
17.380000,-0.450087,0.431609,1.062955,-0.111028,-0.041442,-0.005250,0.298489,0.559530,1.049382,-0.138885,0.051702,-0.006117,0.629021,-0.087386,1.075698,0.043068,0.017857,-0.023330,-0.616348,-0.303685,1.072730,0.040050,-0.073984,-0.019655,0.094149,-0.637808,1.044423,0.096043,0.061774,-0.008784
17.400000,-0.452262,0.430792,1.062875,-0.106463,-0.040192,-0.002790,0.295755,0.560517,1.049284,-0.134450,0.047037,-0.003677,0.629857,-0.087063,1.075261,0.040576,0.014460,-0.020387,-0.615570,-0.305123,1.072365,0.037748,-0.069873,-0.016886,0.096004,-0.636570,1.044274,0.089479,0.061991,-0.006039
17.420000,-0.454347,0.430001,1.062843,-0.102025,-0.038969,-0.000371,0.293110,0.561412,1.049235,-0.130102,0.042424,-0.001254,0.630645,-0.086807,1.074882,0.038160,0.011157,-0.017491,-0.614838,-0.306481,1.072055,0.035500,-0.065877,-0.014162,0.097729,-0.635328,1.044181,0.083052,0.062183,-0.003316
17.440000,-0.456344,0.429233,1.062860,-0.097716,-0.037774,0.002000,0.290551,0.562214,1.049234,-0.125858,0.037878,0.001143,0.631384,-0.086616,1.074561,0.035820,0.007952,-0.014651,-0.614150,-0.307759,1.071798,0.033310,-0.061998,-0.011489,0.099327,-0.634083,1.044142,0.076779,0.062353,-0.000629
17.460000,-0.458256,0.428490,1.062923,-0.093536,-0.036608,0.004322,0.288075,0.562927,1.049281,-0.121718,0.033398,0.003513,0.632078,-0.086488,1.074296,0.033557,0.004844,-0.011866,-0.613505,-0.308961,1.071595,0.031177,-0.058237,-0.008866,0.100801,-0.632834,1.044156,0.070661,0.062503,0.002022
17.480000,-0.460086,0.427769,1.063032,-0.089486,-0.035470,0.006597,0.285681,0.563551,1.049374,-0.117682,0.028986,0.005856,0.632727,-0.086422,1.074086,0.031371,0.001835,-0.009135,-0.612903,-0.310090,1.071443,0.029101,-0.054593,-0.006295,0.102155,-0.631583,1.044222,0.064698,0.062632,0.004639
17.500000,-0.461836,0.427071,1.063187,-0.085566,-0.034361,0.008822,0.283367,0.564087,1.049515,-0.113751,0.024642,0.008172,0.633333,-0.086414,1.073930,0.029261,-0.001077,-0.006459,-0.612341,-0.311146,1.071342,0.027083,-0.051067,-0.003775,0.103390,-0.630329,1.044341,0.058890,0.062739,0.007219
17.520000,-0.463510,0.426394,1.063385,-0.081776,-0.033282,0.010992,0.281130,0.564537,1.049701,-0.109938,0.020374,0.010451,0.633898,-0.086464,1.073827,0.027227,-0.003889,-0.003844,-0.611819,-0.312133,1.071292,0.025123,-0.047659,-0.001311,0.104511,-0.629073,1.044511,0.053246,0.062832,0.009753
17.540000,-0.465108,0.425739,1.063626,-0.078117,-0.032235,0.013098,0.278969,0.564903,1.049932,-0.106254,0.016193,0.012683,0.634423,-0.086569,1.073776,0.025267,-0.006601,-0.001294,-0.611336,-0.313053,1.071290,0.023223,-0.044370,0.001091,0.105521,-0.627816,1.044731,0.047777,0.062916,0.012229
17.560000,-0.466635,0.425105,1.063908,-0.074587,-0.031221,0.015141,0.276879,0.565185,1.050208,-0.102700,0.012099,0.014867,0.634909,-0.086727,1.073775,0.023381,-0.009212,0.001189,-0.610890,-0.313909,1.071335,0.021382,-0.041199,0.003431,0.106423,-0.626557,1.044999,0.042483,0.062991,0.014646
17.580000,-0.468093,0.424490,1.064231,-0.071189,-0.030239,0.017119,0.274860,0.565387,1.050527,-0.099277,0.008092,0.017005,0.635359,-0.086937,1.073823,0.021570,-0.011723,0.003606,-0.610480,-0.314702,1.071426,0.019601,-0.038147,0.005710,0.107222,-0.625296,1.045316,0.037362,0.063057,0.017005
17.600000,-0.469483,0.423895,1.064593,-0.067920,-0.029289,0.019034,0.272907,0.565510,1.050888,-0.095984,0.004171,0.019095,0.635773,-0.087196,1.073919,0.019832,-0.014133,0.005958,-0.610105,-0.315435,1.071563,0.017879,-0.035214,0.007927,0.107919,-0.624035,1.045679,0.032417,0.063114,0.019305
17.620000,-0.470810,0.423318,1.064992,-0.064780,-0.028374,0.020876,0.271019,0.565555,1.051290,-0.092831,0.000342,0.021128,0.636152,-0.087501,1.074061,0.018166,-0.016443,0.008237,-0.609764,-0.316111,1.071743,0.016218,-0.032398,0.010076,0.108520,-0.622772,1.046088,0.027650,0.063170,0.021536
17.640000,-0.472076,0.422760,1.065427,-0.061768,-0.027496,0.022636,0.269193,0.565524,1.051732,-0.089828,-0.003391,0.023092,0.636500,-0.087853,1.074248,0.016567,-0.018652,0.010437,-0.609456,-0.316732,1.071965,0.014618,-0.029698,0.012151,0.109026,-0.621508,1.046540,0.023067,0.063232,0.023685
17.660000,-0.473282,0.422218,1.065897,-0.058883,-0.026656,0.024313,0.267425,0.565420,1.052213,-0.086976,-0.007029,0.024988,0.636816,-0.088247,1.074478,0.015037,-0.020762,0.012560,-0.609179,-0.317300,1.072229,0.013078,-0.027113,0.014153,0.109443,-0.620243,1.047035,0.018667,0.063302,0.025753
17.680000,-0.474432,0.421693,1.066399,-0.056124,-0.025853,0.025908,0.265713,0.565243,1.052732,-0.084274,-0.010571,0.026816,0.637102,-0.088682,1.074750,0.013574,-0.022770,0.014604,-0.608933,-0.317817,1.072531,0.011600,-0.024644,0.016081,0.109774,-0.618976,1.047570,0.014452,0.063378,0.027740
17.700000,-0.475528,0.421184,1.066933,-0.053494,-0.025087,0.027420,0.264053,0.564997,1.053286,-0.081722,-0.014017,0.028576,0.637359,-0.089157,1.075062,0.012180,-0.024679,0.016570,-0.608715,-0.318286,1.072871,0.010183,-0.022290,0.017935,0.110023,-0.617707,1.048144,0.010420,0.063461,0.029645
17.720000,-0.476572,0.420689,1.067496,-0.050983,-0.024359,0.028846,0.262443,0.564683,1.053874,-0.079322,-0.017369,0.030263,0.637589,-0.089669,1.075412,0.010848,-0.026488,0.018450,-0.608525,-0.318710,1.073248,0.008828,-0.020049,0.019708,0.110192,-0.616437,1.048755,0.006566,0.063557,0.031464
17.740000,-0.477568,0.420209,1.068086,-0.048587,-0.023667,0.030182,0.260879,0.564303,1.054496,-0.077074,-0.020627,0.031873,0.637793,-0.090216,1.075799,0.009575,-0.028198,0.020235,-0.608361,-0.319089,1.073659,0.007538,-0.017917,0.021392,0.110286,-0.615165,1.049402,0.002885,0.063671,0.033190
17.760000,-0.478516,0.419742,1.068702,-0.046306,-0.023013,0.031428,0.259359,0.563859,1.055149,-0.074978,-0.023793,0.033405,0.637973,-0.090796,1.076221,0.008359,-0.029811,0.021927,-0.608223,-0.319427,1.074103,0.006312,-0.015895,0.022987,0.110309,-0.613890,1.050082,-0.000622,0.063804,0.034824
17.780000,-0.479421,0.419288,1.069342,-0.044138,-0.022396,0.032583,0.257879,0.563352,1.055831,-0.073035,-0.026865,0.034860,0.638128,-0.091408,1.076675,0.007202,-0.031325,0.023525,-0.608108,-0.319726,1.074578,0.005151,-0.013983,0.024492,0.110263,-0.612613,1.050794,-0.003957,0.063956,0.036365
17.800000,-0.480283,0.418846,1.070005,-0.042085,-0.021816,0.033649,0.256437,0.562785,1.056542,-0.071244,-0.029844,0.036237,0.638261,-0.092049,1.077161,0.006103,-0.032742,0.025029,-0.608016,-0.319987,1.075082,0.004054,-0.012181,0.025909,0.110152,-0.611332,1.051536,-0.007118,0.064127,0.037815
17.820000,-0.481105,0.418416,1.070688,-0.040138,-0.021271,0.034624,0.255029,0.562159,1.057280,-0.069600,-0.032735,0.037537,0.638373,-0.092717,1.077676,0.005056,-0.034063,0.026436,-0.607946,-0.320214,1.075614,0.003019,-0.010483,0.027234,0.109979,-0.610047,1.052306,-0.010117,0.064320,0.039170
17.840000,-0.481889,0.417995,1.071389,-0.038286,-0.020759,0.035509,0.253652,0.561476,1.058043,-0.068098,-0.035541,0.038759,0.638464,-0.093410,1.078218,0.004056,-0.035295,0.027744,-0.607895,-0.320407,1.076171,0.002045,-0.008883,0.028465,0.109748,-0.608759,1.053102,-0.012964,0.064541,0.040431
17.860000,-0.482637,0.417585,1.072108,-0.036531,-0.020281,0.036304,0.252304,0.560738,1.058830,-0.066739,-0.038263,0.039903,0.638535,-0.094128,1.078785,0.003102,-0.036435,0.028954,-0.607864,-0.320570,1.076752,0.001131,-0.007381,0.029602,0.109462,-0.607466,1.053923,-0.015659,0.064789,0.041596
17.880000,-0.483351,0.417184,1.072841,-0.034872,-0.019837,0.037009,0.250981,0.559946,1.059639,-0.065521,-0.040901,0.040969,0.638588,-0.094867,1.079375,0.002196,-0.037485,0.030065,-0.607850,-0.320703,1.077354,0.000279,-0.005978,0.030645,0.109123,-0.606167,1.054765,-0.018203,0.065064,0.042667
17.900000,-0.484032,0.416791,1.073587,-0.033309,-0.019426,0.037624,0.249682,0.559102,1.060468,-0.064446,-0.043455,0.041956,0.638623,-0.095627,1.079987,0.001336,-0.038445,0.031077,-0.607852,-0.320809,1.077977,-0.000514,-0.004673,0.031594,0.108734,-0.604863,1.055629,-0.020595,0.065366,0.043642
17.920000,-0.484684,0.416407,1.074345,-0.031833,-0.019047,0.038152,0.248403,0.558208,1.061317,-0.063504,-0.045931,0.042868,0.638642,-0.096404,1.080618,0.000518,-0.039319,0.031992,-0.607870,-0.320891,1.078617,-0.001249,-0.003460,0.032451,0.108300,-0.603552,1.056510,-0.022848,0.065698,0.044523
17.940000,-0.485306,0.416029,1.075113,-0.030434,-0.018696,0.038595,0.247141,0.557266,1.062183,-0.062687,-0.048336,0.043706,0.638644,-0.097199,1.081266,-0.000265,-0.040114,0.032811,-0.607902,-0.320948,1.079274,-0.001931,-0.002331,0.033217,0.107821,-0.602235,1.057409,-0.024975,0.066064,0.045311
17.960000,-0.485902,0.415659,1.075888,-0.029112,-0.018374,0.038953,0.245894,0.556275,1.063064,-0.061994,-0.050668,0.044470,0.638631,-0.098008,1.081930,-0.001013,-0.040830,0.033534,-0.607947,-0.320984,1.079946,-0.002561,-0.001286,0.033891,0.107302,-0.600910,1.058322,-0.026977,0.066462,0.046007
17.980000,-0.486471,0.415294,1.076670,-0.027867,-0.018081,0.039227,0.244660,0.555239,1.063961,-0.061425,-0.052928,0.045161,0.638604,-0.098832,1.082607,-0.001725,-0.041467,0.034160,-0.608004,-0.321000,1.080629,-0.003137,-0.000326,0.034475,0.106743,-0.599576,1.059248,-0.028853,0.066893,0.046609
18.000000,-0.487017,0.414935,1.077457,-0.026699,-0.017818,0.039416,0.243437,0.554159,1.064870,-0.060981,-0.055116,0.045778,0.638563,-0.099667,1.083295,-0.002402,-0.042025,0.034691,-0.608072,-0.320998,1.081324,-0.003661,0.000551,0.034967,0.106148,-0.598234,1.060186,-0.030604,0.067358,0.047119
18.020000,-0.487540,0.414581,1.078247,-0.025598,-0.017581,0.039525,0.242220,0.553035,1.065792,-0.060650,-0.057238,0.046326,0.638508,-0.100512,1.083994,-0.003049,-0.042511,0.035130,-0.608150,-0.320979,1.082027,-0.004137,0.001350,0.035373,0.105520,-0.596882,1.061133,-0.032242,0.067857,0.047538
18.040000,-0.488041,0.414232,1.079037,-0.024556,-0.017369,0.039559,0.241010,0.551870,1.066723,-0.060423,-0.059301,0.046806,0.638441,-0.101367,1.084700,-0.003672,-0.042931,0.035482,-0.608237,-0.320944,1.082738,-0.004569,0.002081,0.035695,0.104859,-0.595519,1.062087,-0.033780,0.068394,0.047868
18.060000,-0.488522,0.413886,1.079828,-0.023573,-0.017183,0.039517,0.239803,0.550664,1.067663,-0.060298,-0.061305,0.047220,0.638361,-0.102229,1.085412,-0.004270,-0.043287,0.035745,-0.608332,-0.320896,1.083455,-0.004958,0.002742,0.035935,0.104169,-0.594146,1.063047,-0.035219,0.068968,0.048111
18.080000,-0.488984,0.413544,1.080618,-0.022648,-0.017022,0.039400,0.238597,0.549418,1.068611,-0.060276,-0.063250,0.047568,0.638270,-0.103098,1.086129,-0.004845,-0.043579,0.035920,-0.608435,-0.320835,1.084175,-0.005303,0.003334,0.036091,0.103451,-0.592760,1.064011,-0.036559,0.069580,0.048265
18.100000,-0.489429,0.413205,1.081404,-0.021782,-0.016886,0.039208,0.237391,0.548134,1.069566,-0.060356,-0.065135,0.047850,0.638168,-0.103972,1.086849,-0.005396,-0.043805,0.036008,-0.608544,-0.320763,1.084898,-0.005605,0.003857,0.036165,0.102708,-0.591362,1.064977,-0.037799,0.070230,0.048331
18.120000,-0.489856,0.412869,1.082186,-0.020967,-0.016774,0.038946,0.236182,0.546813,1.070525,-0.060529,-0.066967,0.048068,0.638054,-0.104850,1.087569,-0.005928,-0.043975,0.036013,-0.608659,-0.320681,1.085621,-0.005868,0.004318,0.036161,0.101940,-0.589951,1.065943,-0.038951,0.070919,0.048312
18.140000,-0.490268,0.412534,1.082961,-0.020196,-0.016687,0.038620,0.234969,0.545456,1.071488,-0.060781,-0.068752,0.048229,0.637931,-0.105730,1.088289,-0.006447,-0.044097,0.035942,-0.608779,-0.320591,1.086344,-0.006096,0.004726,0.036086,0.101150,-0.588525,1.066909,-0.040028,0.071650,0.048210
18.160000,-0.490664,0.412201,1.083730,-0.019468,-0.016624,0.038230,0.233751,0.544063,1.072454,-0.061112,-0.070489,0.048330,0.637797,-0.106613,1.089006,-0.006953,-0.044172,0.035795,-0.608902,-0.320493,1.087064,-0.006291,0.005080,0.035940,0.100339,-0.587084,1.067871,-0.041029,0.072423,0.048025
18.180000,-0.491047,0.411869,1.084490,-0.018784,-0.016586,0.037776,0.232524,0.542636,1.073421,-0.061524,-0.072178,0.048373,0.637653,-0.107497,1.089720,-0.007446,-0.044200,0.035571,-0.609030,-0.320388,1.087781,-0.006451,0.005380,0.035722,0.099509,-0.585628,1.068829,-0.041954,0.073238,0.047757
18.200000,-0.491416,0.411537,1.085240,-0.018143,-0.016571,0.037258,0.231289,0.541176,1.074388,-0.062015,-0.073819,0.048358,0.637499,-0.108381,1.090428,-0.007927,-0.044180,0.035270,-0.609160,-0.320278,1.088493,-0.006577,0.005626,0.035433,0.098662,-0.584155,1.069781,-0.042803,0.074095,0.047407
18.220000,-0.491773,0.411206,1.085980,-0.017541,-0.016582,0.036683,0.230043,0.539684,1.075355,-0.062575,-0.075418,0.048287,0.637336,-0.109264,1.091130,-0.008400,-0.044122,0.034900,-0.609293,-0.320163,1.089198,-0.006672,0.005826,0.035080,0.097798,-0.582664,1.070725,-0.043585,0.074997,0.046976
18.240000,-0.492118,0.410874,1.086707,-0.016971,-0.016621,0.036058,0.228786,0.538160,1.076319,-0.063192,-0.076978,0.048165,0.637163,-0.110146,1.091824,-0.008871,-0.044039,0.034468,-0.609427,-0.320045,1.089895,-0.006741,0.005988,0.034669,0.096919,-0.581154,1.071660,-0.044311,0.075946,0.046468
18.260000,-0.492452,0.410541,1.087422,-0.016434,-0.016687,0.035381,0.227515,0.536605,1.077281,-0.063866,-0.078500,0.047991,0.636981,-0.111025,1.092509,-0.009341,-0.043928,0.033972,-0.609562,-0.319924,1.090584,-0.006782,0.006110,0.034201,0.096026,-0.579626,1.072583,-0.044980,0.076943,0.045883
18.280000,-0.492775,0.410206,1.088122,-0.015930,-0.016781,0.034655,0.226231,0.535020,1.078239,-0.064596,-0.079984,0.047766,0.636789,-0.111902,1.093183,-0.009810,-0.043791,0.033414,-0.609698,-0.319801,1.091263,-0.006797,0.006194,0.033675,0.095120,-0.578076,1.073494,-0.045591,0.077988,0.045219
18.300000,-0.493089,0.409869,1.088808,-0.015459,-0.016902,0.033877,0.224931,0.533406,1.079191,-0.065384,-0.081429,0.047489,0.636588,-0.112777,1.093845,-0.010276,-0.043627,0.032793,-0.609834,-0.319676,1.091931,-0.006784,0.006239,0.033092,0.094202,-0.576506,1.074391,-0.046146,0.079080,0.044479
18.320000,-0.493394,0.409530,1.089477,-0.015019,-0.017055,0.033057,0.223615,0.531763,1.080138,-0.066217,-0.082839,0.047163,0.636378,-0.113647,1.094494,-0.010747,-0.043448,0.032116,-0.609969,-0.319551,1.092586,-0.006746,0.006254,0.032459,0.093274,-0.574913,1.075273,-0.046650,0.080223,0.043662
18.340000,-0.493690,0.409187,1.090130,-0.014606,-0.017245,0.032200,0.222282,0.530093,1.081077,-0.067085,-0.084217,0.046790,0.636158,-0.114515,1.095129,-0.011228,-0.043268,0.031392,-0.610104,-0.319426,1.093229,-0.006686,0.006244,0.031785,0.092337,-0.573296,1.076137,-0.047110,0.081420,0.042773
18.360000,-0.493978,0.408840,1.090765,-0.014221,-0.017471,0.031308,0.220931,0.528395,1.082009,-0.067988,-0.085562,0.046371,0.635929,-0.115378,1.095749,-0.011720,-0.043087,0.030621,-0.610237,-0.319302,1.093857,-0.006602,0.006211,0.031068,0.091390,-0.571656,1.076983,-0.047526,0.082673,0.041811
18.380000,-0.494259,0.408488,1.091382,-0.013863,-0.017733,0.030380,0.219562,0.526670,1.082932,-0.068926,-0.086874,0.045905,0.635690,-0.116238,1.096354,-0.012221,-0.042904,0.029802,-0.610368,-0.319178,1.094471,-0.006496,0.006155,0.030311,0.090436,-0.569989,1.077809,-0.047898,0.083980,0.040775
18.400000,-0.494533,0.408130,1.091980,-0.013534,-0.018031,0.029417,0.218174,0.524920,1.083845,-0.069899,-0.088154,0.045393,0.635440,-0.117094,1.096941,-0.012733,-0.042719,0.028935,-0.610496,-0.319056,1.095070,-0.006366,0.006075,0.029511,0.089475,-0.568296,1.078614,-0.048226,0.085341,0.039667
18.420000,-0.494801,0.407766,1.092558,-0.013232,-0.018373,0.028426,0.216766,0.523144,1.084747,-0.070895,-0.089402,0.044835,0.635180,-0.117947,1.097511,-0.013260,-0.042548,0.028029,-0.610622,-0.318935,1.095652,-0.006213,0.005980,0.028678,0.088507,-0.566575,1.079396,-0.048512,0.086762,0.038487
18.440000,-0.495063,0.407395,1.093117,-0.012959,-0.018765,0.027416,0.215338,0.521344,1.085638,-0.071904,-0.090617,0.044233,0.634910,-0.118796,1.098062,-0.013808,-0.042403,0.027093,-0.610745,-0.318817,1.096217,-0.006036,0.005877,0.027821,0.087534,-0.564825,1.080153,-0.048759,0.088248,0.037239
18.460000,-0.495319,0.407015,1.093655,-0.012714,-0.019207,0.026386,0.213890,0.519520,1.086516,-0.072925,-0.091800,0.043587,0.634628,-0.119643,1.098594,-0.014377,-0.042287,0.026125,-0.610863,-0.318700,1.096764,-0.005834,0.005767,0.026939,0.086557,-0.563045,1.080885,-0.048968,0.089797,0.035921
18.480000,-0.495571,0.406626,1.094172,-0.012497,-0.019701,0.025338,0.212421,0.517672,1.087381,-0.073958,-0.092951,0.042896,0.634334,-0.120488,1.099107,-0.014967,-0.042198,0.025126,-0.610978,-0.318586,1.097294,-0.005608,0.005650,0.026032,0.085576,-0.561233,1.081589,-0.049137,0.091410,0.034535
18.500000,-0.495819,0.406227,1.094668,-0.012309,-0.020244,0.024270,0.210932,0.515802,1.088232,-0.075004,-0.094069,0.042161,0.634029,-0.121331,1.099599,-0.015579,-0.042136,0.024097,-0.611088,-0.318474,1.097805,-0.005358,0.005526,0.025101,0.084592,-0.559388,1.082266,-0.049267,0.093088,0.033079
18.520000,-0.496064,0.405816,1.095143,-0.012146,-0.020842,0.023186,0.209421,0.513910,1.089067,-0.076055,-0.095157,0.041383,0.633711,-0.122174,1.100070,-0.016214,-0.042109,0.023039,-0.611192,-0.318365,1.098298,-0.005082,0.005402,0.024149,0.083605,-0.557509,1.082912,-0.049362,0.094830,0.031557
18.540000,-0.496305,0.405393,1.095596,-0.012007,-0.021496,0.022089,0.207889,0.511996,1.089887,-0.077103,-0.096217,0.040563,0.633380,-0.123016,1.100520,-0.016875,-0.042121,0.021957,-0.611291,-0.318258,1.098771,-0.004778,0.005284,0.023178,0.082618,-0.555594,1.083527,-0.049424,0.096638,0.029974
18.560000,-0.496544,0.404956,1.096026,-0.011891,-0.022207,0.020978,0.206337,0.510061,1.090690,-0.078149,-0.097248,0.039700,0.633036,-0.123859,1.100949,-0.017563,-0.042173,0.020850,-0.611383,-0.318154,1.099225,-0.004447,0.005174,0.022188,0.081629,-0.553643,1.084111,-0.049455,0.098510,0.028329
18.580000,-0.496781,0.404504,1.096435,-0.011799,-0.022976,0.019854,0.204763,0.508106,1.091475,-0.079193,-0.098251,0.038795,0.632677,-0.124703,1.101354,-0.018277,-0.042265,0.019718,-0.611468,-0.318051,1.099659,-0.004088,0.005070,0.021181,0.080640,-0.551653,1.084660,-0.049453,0.100448,0.026623
18.600000,-0.497016,0.404037,1.096820,-0.011730,-0.023801,0.018717,0.203169,0.506131,1.092241,-0.080234,-0.099226,0.037848,0.632305,-0.125550,1.101737,-0.019018,-0.042396,0.018561,-0.611546,-0.317951,1.100072,-0.003701,0.004973,0.020154,0.079651,-0.549625,1.085175,-0.049419,0.102452,0.024854
18.620000,-0.497250,0.403552,1.097183,-0.011680,-0.024682,0.017565,0.201554,0.504137,1.092988,-0.081268,-0.100177,0.036859,0.631917,-0.126399,1.102096,-0.019784,-0.042565,0.017377,-0.611616,-0.317852,1.100465,-0.003283,0.004888,0.019108,0.078663,-0.547555,1.085654,-0.049358,0.104515,0.023030
18.640000,-0.497484,0.403049,1.097523,-0.011644,-0.025618,0.016397,0.199919,0.502124,1.093715,-0.082293,-0.101107,0.035830,0.631513,-0.127253,1.102432,-0.020575,-0.042770,0.016167,-0.611677,-0.317755,1.100836,-0.002832,0.004823,0.018041,0.077677,-0.545444,1.086096,-0.049274,0.106634,0.021155
18.660000,-0.497716,0.402527,1.097839,-0.011622,-0.026609,0.015212,0.198263,0.500093,1.094421,-0.083307,-0.102016,0.034760,0.631093,-0.128110,1.102743,-0.021391,-0.043009,0.014929,-0.611729,-0.317659,1.101186,-0.002349,0.004776,0.016953,0.076692,-0.543289,1.086500,-0.049167,0.108808,0.019232
18.680000,-0.497949,0.401984,1.098131,-0.011614,-0.027655,0.014012,0.196586,0.498044,1.095105,-0.084310,-0.102904,0.033650,0.630657,-0.128973,1.103029,-0.022232,-0.043284,0.013663,-0.611771,-0.317564,1.101514,-0.001832,0.004748,0.015843,0.075710,-0.541091,1.086865,-0.049037,0.111038,0.017258
18.700000,-0.498181,0.401420,1.098399,-0.011620,-0.028755,0.012795,0.194890,0.495977,1.095767,-0.085303,-0.103771,0.032500,0.630204,-0.129842,1.103289,-0.023097,-0.043594,0.012370,-0.611802,-0.317469,1.101820,-0.001281,0.004739,0.014712,0.074731,-0.538847,1.087190,-0.048884,0.113323,0.015235
18.720000,-0.498413,0.400834,1.098643,-0.011633,-0.029904,0.011558,0.193174,0.493893,1.096405,-0.086284,-0.104622,0.031311,0.629733,-0.130717,1.103524,-0.023983,-0.043929,0.011046,-0.611822,-0.317374,1.102102,-0.000695,0.004753,0.013555,0.073755,-0.536558,1.087474,-0.048714,0.115651,0.013172
18.740000,-0.498646,0.400224,1.098862,-0.011645,-0.031095,0.010295,0.191439,0.491792,1.097019,-0.087253,-0.105462,0.030083,0.629245,-0.131599,1.103731,-0.024883,-0.044277,0.009685,-0.611830,-0.317279,1.102362,-0.000069,0.004797,0.012367,0.072782,-0.534221,1.087717,-0.048531,0.118012,0.011078
18.760000,-0.498879,0.399590,1.099055,-0.011658,-0.032328,0.009008,0.189684,0.489675,1.097608,-0.088208,-0.106289,0.028818,0.628738,-0.132488,1.103911,-0.025798,-0.044638,0.008288,-0.611825,-0.317182,1.102597,0.000597,0.004869,0.011147,0.071814,-0.531837,1.087917,-0.048336,0.120405,0.008954
18.780000,-0.499113,0.398930,1.099222,-0.011670,-0.033603,0.007695,0.187911,0.487541,1.098172,-0.089150,-0.107104,0.027514,0.628213,-0.133385,1.104062,-0.026727,-0.045013,0.006855,-0.611806,-0.317084,1.102807,0.001302,0.004969,0.009897,0.070849,-0.529405,1.088075,-0.048130,0.122829,0.006800
18.800000,-0.499346,0.398245,1.099362,-0.011682,-0.034921,0.006356,0.186118,0.485391,1.098709,-0.090079,-0.107908,0.026173,0.627669,-0.134289,1.104185,-0.027672,-0.045401,0.005385,-0.611772,-0.316983,1.102993,0.002047,0.005099,0.008615,0.069889,-0.526924,1.088189,-0.047911,0.125286,0.004615
18.820000,-0.499580,0.397533,1.099476,-0.011685,-0.036268,0.004986,0.184308,0.483225,1.099218,-0.090995,-0.108704,0.024795,0.627106,-0.135201,1.104277,-0.028632,-0.045801,0.003879,-0.611723,-0.316880,1.103152,0.002835,0.005261,0.007295,0.068933,-0.524393,1.088259,-0.047686,0.127756,0.002415
18.840000,-0.499813,0.396794,1.099561,-0.011668,-0.037631,0.003578,0.182479,0.481043,1.099700,-0.091898,-0.109496,0.023383,0.626523,-0.136121,1.104340,-0.029608,-0.046211,0.002336,-0.611659,-0.316773,1.103284,0.003668,0.005460,0.005930,0.067981,-0.521813,1.088285,-0.047460,0.130217,0.000212
18.860000,-0.500046,0.396028,1.099619,-0.011633,-0.039011,0.002132,0.180632,0.478845,1.100153,-0.092789,-0.110284,0.021936,0.625921,-0.137049,1.104371,-0.030601,-0.046631,0.000755,-0.611576,-0.316661,1.103389,0.004547,0.005696,0.004518,0.067034,-0.519185,1.088268,-0.047234,0.132672,-0.001991
18.880000,-0.500279,0.395234,1.099646,-0.011578,-0.040408,0.000647,0.178767,0.476631,1.100577,-0.093666,-0.111068,0.020455,0.625299,-0.137986,1.104370,-0.031610,-0.047062,-0.000862,-0.611476,-0.316544,1.103464,0.005473,0.005969,0.003061,0.066092,-0.516507,1.088206,-0.047008,0.135118,-0.004197
18.900000,-0.500509,0.394412,1.099644,-0.011505,-0.041822,-0.000875,0.176885,0.474402,1.100971,-0.094531,-0.111849,0.018939,0.624657,-0.138932,1.104336,-0.032636,-0.047503,-0.002517,-0.611357,-0.316422,1.103511,0.006444,0.006279,0.001559,0.065154,-0.513780,1.088100,-0.046782,0.137558,-0.006404
18.920000,-0.500739,0.393561,1.099611,-0.011409,-0.043248,-0.002438,0.174986,0.472157,1.101335,-0.095384,-0.112629,0.017392,0.623993,-0.139886,1.104269,-0.033683,-0.047961,-0.004204,-0.611218,-0.316293,1.103527,0.007464,0.006629,0.000007,0.064220,-0.511005,1.087950,-0.046561,0.139961,-0.008592
18.940000,-0.500966,0.392682,1.099546,-0.011287,-0.044682,-0.004044,0.173070,0.469897,1.101667,-0.096225,-0.113410,0.015815,0.623309,-0.140850,1.104167,-0.034757,-0.048442,-0.005921,-0.611058,-0.316157,1.103511,0.008539,0.007024,-0.001598,0.063291,-0.508182,1.087756,-0.046352,0.142297,-0.010740
18.960000,-0.501190,0.391774,1.099449,-0.011141,-0.046123,-0.005692,0.171137,0.467621,1.101967,-0.097055,-0.114192,0.014210,0.622603,-0.141824,1.104032,-0.035858,-0.048947,-0.007666,-0.610876,-0.316012,1.103462,0.009667,0.007463,-0.003256,0.062366,-0.505313,1.087520,-0.046154,0.144568,-0.012849
18.980000,-0.501411,0.390837,1.099318,-0.010969,-0.047573,-0.007382,0.169188,0.465329,1.102235,-0.097873,-0.114976,0.012576,0.621875,-0.142808,1.103861,-0.036985,-0.049475,-0.009441,-0.610671,-0.315858,1.103380,0.010849,0.007947,-0.004966,0.061445,-0.502400,1.087243,-0.045969,0.146773,-0.014918
19.000000,-0.501628,0.389871,1.099154,-0.010771,-0.049031,-0.009115,0.167222,0.463022,1.102470,-0.098679,-0.115762,0.010913,0.621123,-0.143803,1.103654,-0.038140,-0.050027,-0.011244,-0.610442,-0.315694,1.103263,0.012085,0.008475,-0.006730,0.060528,-0.499443,1.086924,-0.045795,0.148912,-0.016949
19.020000,-0.501842,0.388875,1.098954,-0.010551,-0.050499,-0.010887,0.165241,0.460699,1.102671,-0.099475,-0.116550,0.009226,0.620349,-0.144810,1.103411,-0.039329,-0.050617,-0.013066,-0.610188,-0.315518,1.103111,0.013377,0.009051,-0.008545,0.059613,-0.496444,1.086565,-0.045637,0.150969,-0.018929
19.040000,-0.502050,0.387851,1.098718,-0.010313,-0.051978,-0.012696,0.163243,0.458360,1.102839,-0.100259,-0.117340,0.007518,0.619550,-0.145828,1.103131,-0.040562,-0.051257,-0.014898,-0.609907,-0.315331,1.102921,0.014731,0.009678,-0.010412,0.058702,-0.493404,1.086167,-0.045499,0.152929,-0.020849
19.060000,-0.502254,0.386796,1.098446,-0.010054,-0.053470,-0.014541,0.161230,0.456005,1.102972,-0.101032,-0.118132,0.005790,0.618726,-0.146860,1.102815,-0.041839,-0.051948,-0.016740,-0.609598,-0.315131,1.102694,0.016146,0.010355,-0.012331,0.057793,-0.490327,1.085731,-0.045381,0.154792,-0.022708
19.080000,-0.502452,0.385712,1.098136,-0.009777,-0.054974,-0.016422,0.159202,0.453635,1.103070,-0.101793,-0.118927,0.004042,0.617876,-0.147907,1.102461,-0.043158,-0.052691,-0.018593,-0.609260,-0.314917,1.102428,0.017621,0.011083,-0.014300,0.056887,-0.487213,1.085259,-0.045283,0.156558,-0.024508
19.100000,-0.502645,0.384597,1.097788,-0.009481,-0.056490,-0.018340,0.157159,0.451248,1.103134,-0.102544,-0.119724,0.002273,0.616999,-0.148968,1.102071,-0.044522,-0.053484,-0.020455,-0.608893,-0.314687,1.102121,0.019157,0.011861,-0.016321,0.055982,-0.484065,1.084751,-0.045205,0.158227,-0.026247
19.120000,-0.502832,0.383452,1.097402,-0.009174,-0.058025,-0.020285,0.155100,0.448846,1.103161,-0.103282,-0.120522,0.000490,0.616095,-0.150046,1.101643,-0.045928,-0.054332,-0.022314,-0.608494,-0.314442,1.101774,0.020755,0.012691,-0.018390,0.055078,-0.480885,1.084210,-0.045150,0.159785,-0.027917
19.140000,-0.503012,0.382276,1.096977,-0.008868,-0.059584,-0.022248,0.153028,0.446427,1.103153,-0.104008,-0.121317,-0.001300,0.615162,-0.151142,1.101178,-0.047379,-0.055238,-0.024158,-0.608062,-0.314179,1.101386,0.022415,0.013574,-0.020504,0.054176,-0.477675,1.083635,-0.045121,0.161219,-0.029510
19.160000,-0.503186,0.381069,1.096512,-0.008561,-0.061170,-0.024230,0.150940,0.443993,1.103109,-0.104720,-0.122110,-0.003098,0.614200,-0.152256,1.100677,-0.048872,-0.056201,-0.025986,-0.607597,-0.313899,1.100954,0.024136,0.014509,-0.022663,0.053273,-0.474437,1.083030,-0.045119,0.162528,-0.031026
19.180000,-0.503354,0.379829,1.096008,-0.008253,-0.062780,-0.026230,0.148839,0.441543,1.103029,-0.105419,-0.122900,-0.004903,0.613207,-0.153390,1.100139,-0.050410,-0.057222,-0.027799,-0.607096,-0.313599,1.100479,0.025920,0.015497,-0.024867,0.052371,-0.471175,1.082395,-0.045142,0.163714,-0.032465
19.200000,-0.503516,0.378557,1.095463,-0.007945,-0.064416,-0.028248,0.146724,0.439077,1.102913,-0.106106,-0.123689,-0.006716,0.612183,-0.154546,1.099565,-0.051991,-0.058302,-0.029596,-0.606559,-0.313278,1.099959,0.027765,0.016537,-0.027116,0.051467,-0.467889,1.081732,-0.045193,0.164775,-0.033826
19.220000,-0.503672,0.377252,1.094878,-0.007644,-0.066072,-0.030270,0.144595,0.436595,1.102760,-0.106777,-0.124469,-0.008528,0.611127,-0.155723,1.098956,-0.053605,-0.059431,-0.031361,-0.605985,-0.312937,1.099394,0.029668,0.017628,-0.029403,0.050563,-0.464584,1.081042,-0.045270,0.165703,-0.035104
19.240000,-0.503822,0.375914,1.094252,-0.007359,-0.067742,-0.032283,0.142453,0.434098,1.102572,-0.107430,-0.125237,-0.010329,0.610039,-0.156923,1.098311,-0.055244,-0.060603,-0.033075,-0.605372,-0.312573,1.098783,0.031625,0.018768,-0.031720,0.049656,-0.461262,1.080328,-0.045377,0.166489,-0.036293
19.260000,-0.503967,0.374543,1.093586,-0.007088,-0.069427,-0.034288,0.140298,0.431586,1.102347,-0.108065,-0.125993,-0.012121,0.608917,-0.158147,1.097633,-0.056908,-0.061817,-0.034738,-0.604720,-0.312186,1.098125,0.033635,0.019957,-0.034067,0.048747,-0.457926,1.079591,-0.045513,0.167131,-0.037392
19.280000,-0.504106,0.373137,1.092881,-0.006831,-0.071126,-0.036283,0.138130,0.429059,1.102087,-0.108682,-0.126735,-0.013901,0.607762,-0.159396,1.096922,-0.058595,-0.063073,-0.036350,-0.604027,-0.311774,1.097420,0.035699,0.021195,-0.036445,0.047836,-0.454578,1.078833,-0.045678,0.167631,-0.038402
19.300000,-0.504240,0.371697,1.092135,-0.006590,-0.072839,-0.038268,0.135951,0.426517,1.101791,-0.109282,-0.127465,-0.015672,0.606573,-0.160670,1.096179,-0.060307,-0.064372,-0.037912,-0.603291,-0.311338,1.096667,0.037817,0.022482,-0.038852,0.046920,-0.451222,1.078056,-0.045872,0.167988,-0.039323
19.320000,-0.504370,0.370223,1.091350,-0.006370,-0.074548,-0.040225,0.133759,0.423960,1.101460,-0.109860,-0.128173,-0.017420,0.605350,-0.161971,1.095406,-0.062023,-0.065693,-0.039398,-0.602514,-0.310875,1.095866,0.039977,0.023813,-0.041276,0.046001,-0.447859,1.077261,-0.046095,0.168197,-0.040150
19.340000,-0.504495,0.368716,1.090527,-0.006176,-0.076232,-0.042131,0.131556,0.421390,1.101095,-0.110412,-0.128853,-0.019134,0.604092,-0.163298,1.094604,-0.063721,-0.067016,-0.040785,-0.601692,-0.310385,1.095016,0.042170,0.025181,-0.043702,0.045076,-0.444495,1.076450,-0.046348,0.168250,-0.040879
19.360000,-0.504617,0.367174,1.089665,-0.006010,-0.077893,-0.043987,0.129343,0.418806,1.100695,-0.110938,-0.129504,-0.020814,0.602801,-0.164652,1.093775,-0.065402,-0.068342,-0.042072,-0.600827,-0.309867,1.094117,0.044395,0.026586,-0.046130,0.044146,-0.441130,1.075626,-0.046629,0.168149,-0.041509
19.380000,-0.504736,0.365600,1.088767,-0.005872,-0.079530,-0.045794,0.127119,0.416210,1.100262,-0.111439,-0.130126,-0.022460,0.601476,-0.166032,1.092922,-0.067066,-0.069670,-0.043260,-0.599916,-0.309321,1.093171,0.046652,0.028029,-0.048561,0.043211,-0.437770,1.074791,-0.046940,0.167893,-0.042042
19.400000,-0.504852,0.363993,1.087834,-0.005760,-0.081143,-0.047550,0.124885,0.413601,1.099797,-0.111914,-0.130719,-0.024071,0.600118,-0.167439,1.092045,-0.068712,-0.071001,-0.044348,-0.598960,-0.308746,1.092175,0.048942,0.029509,-0.050993,0.042269,-0.434416,1.073945,-0.047281,0.167482,-0.042476
19.420000,-0.504966,0.362355,1.086866,-0.005686,-0.082710,-0.049230,0.122643,0.410981,1.099300,-0.112358,-0.131273,-0.025633,0.598728,-0.168872,1.091149,-0.070329,-0.072317,-0.045326,-0.597958,-0.308141,1.091131,0.051246,0.031016,-0.053412,0.041319,-0.431072,1.073092,-0.047649,0.166912,-0.042808
19.440000,-0.505080,0.360685,1.085865,-0.005661,-0.084208,-0.050807,0.120391,0.408351,1.098772,-0.112767,-0.131777,-0.027130,0.597306,-0.170331,1.090233,-0.071903,-0.073604,-0.046181,-0.596910,-0.307505,1.090039,0.053546,0.032537,-0.055799,0.040362,-0.427740,1.072234,-0.048044,0.166181,-0.043036
19.460000,-0.505193,0.358987,1.084834,-0.005683,-0.085637,-0.052281,0.118132,0.405711,1.098215,-0.113139,-0.132232,-0.028562,0.595852,-0.171816,1.089302,-0.073436,-0.074861,-0.046914,-0.595817,-0.306839,1.088899,0.055843,0.034073,-0.058156,0.039397,-0.424425,1.071372,-0.048467,0.165287,-0.043159
19.480000,-0.505307,0.357260,1.083775,-0.005754,-0.086997,-0.053652,0.115866,0.403062,1.097630,-0.113475,-0.132638,-0.029928,0.594368,-0.173325,1.088358,-0.074926,-0.076087,-0.047524,-0.594677,-0.306142,1.087713,0.058137,0.035622,-0.060483,0.038424,-0.421130,1.070508,-0.048916,0.164231,-0.043177
19.500000,-0.505424,0.355507,1.082689,-0.005873,-0.088288,-0.054919,0.113593,0.400405,1.097018,-0.113775,-0.132994,-0.031230,0.592855,-0.174859,1.087402,-0.076374,-0.077284,-0.048013,-0.593491,-0.305414,1.086480,0.060427,0.037187,-0.062778,0.037441,-0.417857,1.069645,-0.049393,0.163013,-0.043090
19.520000,-0.505543,0.353729,1.081579,-0.006041,-0.089500,-0.056073,0.111315,0.397742,1.096382,-0.114033,-0.133288,-0.032448,0.591314,-0.176416,1.086438,-0.077774,-0.078442,-0.048374,-0.592260,-0.304655,1.085202,0.062688,0.038749,-0.065025,0.036448,-0.414611,1.068785,-0.049896,0.161633,-0.042895
19.540000,-0.505666,0.351928,1.080447,-0.006256,-0.090622,-0.057103,0.109032,0.395074,1.095721,-0.114243,-0.133506,-0.033564,0.589745,-0.177996,1.085468,-0.079119,-0.079551,-0.048604,-0.590984,-0.303864,1.083879,0.064895,0.040292,-0.067206,0.035445,-0.411393,1.067930,-0.050424,0.160091,-0.042592
19.560000,-0.505793,0.350105,1.079295,-0.006520,-0.091652,-0.058008,0.106746,0.392403,1.095040,-0.114404,-0.133649,-0.034577,0.588149,-0.179598,1.084495,-0.080409,-0.080612,-0.048702,-0.589664,-0.303043,1.082514,0.067048,0.041816,-0.069320,0.034431,-0.408208,1.067082,-0.050978,0.158387,-0.042179
19.580000,-0.505927,0.348262,1.078127,-0.006832,-0.092593,-0.058789,0.104457,0.389729,1.094339,-0.114518,-0.133715,-0.035489,0.586529,-0.181221,1.083521,-0.081644,-0.081624,-0.048669,-0.588302,-0.302192,1.081107,0.069147,0.043320,-0.071369,0.033405,-0.405059,1.066244,-0.051558,0.156521,-0.041658
19.600000,-0.506067,0.346402,1.076945,-0.007192,-0.093443,-0.059446,0.102165,0.387055,1.093621,-0.114583,-0.133706,-0.036298,0.584884,-0.182863,1.082549,-0.082825,-0.082589,-0.048504,-0.586899,-0.301310,1.079660,0.071191,0.044806,-0.073352,0.032368,-0.401948,1.065417,-0.052163,0.154492,-0.041027
19.620000,-0.506215,0.344525,1.075750,-0.007604,-0.094193,-0.059970,0.099874,0.384381,1.092888,-0.114593,-0.133606,-0.036983,0.583216,-0.184524,1.081581,-0.083950,-0.083501,-0.048208,-0.585455,-0.300400,1.078174,0.073151,0.046251,-0.075249,0.031319,-0.398880,1.064603,-0.052794,0.152305,-0.040286
19.640000,-0.506371,0.342635,1.074547,-0.008071,-0.094835,-0.060354,0.097582,0.381711,1.092142,-0.114543,-0.133400,-0.037523,0.581526,-0.186202,1.080621,-0.085017,-0.084357,-0.047781,-0.583974,-0.299461,1.076650,0.074996,0.047635,-0.077043,0.030256,-0.395857,1.063806,-0.053448,0.149963,-0.039435
19.660000,-0.506538,0.340733,1.073337,-0.008592,-0.095369,-0.060596,0.095292,0.379046,1.091388,-0.114431,-0.133089,-0.037916,0.579816,-0.187898,1.079671,-0.086026,-0.085158,-0.047224,-0.582456,-0.298495,1.075093,0.076726,0.048957,-0.078734,0.029181,-0.392883,1.063027,-0.054126,0.147466,-0.038473
19.680000,-0.506715,0.338821,1.072124,-0.009167,-0.095794,-0.060697,0.093005,0.376388,1.090627,-0.114258,-0.132672,-0.038163,0.578086,-0.189608,1.078733,-0.086977,-0.085902,-0.046535,-0.580905,-0.297503,1.073502,0.078341,0.050218,-0.080321,0.028091,-0.389959,1.062268,-0.054828,0.144814,-0.037400
19.700000,-0.506905,0.336902,1.070910,-0.009797,-0.096110,-0.060657,0.090722,0.373740,1.089862,-0.114025,-0.132149,-0.038264,0.576337,-0.191333,1.077810,-0.087870,-0.086590,-0.045716,-0.579323,-0.296486,1.071880,0.079841,0.051417,-0.081804,0.026987,-0.387091,1.061531,-0.055554,0.142006,-0.036217
19.720000,-0.507108,0.334977,1.069699,-0.010488,-0.096314,-0.060469,0.088445,0.371103,1.089097,-0.113732,-0.131524,-0.038219,0.574571,-0.193072,1.076905,-0.088706,-0.087222,-0.044771,-0.577713,-0.295447,1.070230,0.081195,0.052531,-0.083168,0.025869,-0.384280,1.060820,-0.056303,0.139051,-0.034925
19.740000,-0.507325,0.333050,1.068492,-0.011247,-0.096400,-0.060123,0.086173,0.368480,1.088334,-0.113383,-0.130798,-0.038028,0.572789,-0.194822,1.076020,-0.089487,-0.087799,-0.043704,-0.576077,-0.294386,1.068555,0.082373,0.053539,-0.084394,0.024735,-0.381530,1.060135,-0.057074,0.135954,-0.033524
19.760000,-0.507558,0.331122,1.067295,-0.012072,-0.096368,-0.059621,0.083910,0.365872,1.087577,-0.112977,-0.129973,-0.037690,0.570992,-0.196583,1.075158,-0.090213,-0.088319,-0.042515,-0.574419,-0.293306,1.066856,0.083373,0.054439,-0.085483,0.023586,-0.378843,1.059480,-0.057866,0.132716,-0.032014
19.780000,-0.507808,0.329196,1.066109,-0.012965,-0.096219,-0.058962,0.081655,0.363281,1.086828,-0.112515,-0.129047,-0.037207,0.569181,-0.198354,1.074321,-0.090884,-0.088784,-0.041204,-0.572743,-0.292209,1.065136,0.084198,0.055232,-0.086436,0.022420,-0.376222,1.058855,-0.058679,0.129338,-0.030397
19.800000,-0.508077,0.327274,1.064937,-0.013926,-0.095951,-0.058146,0.079410,0.360711,1.086090,-0.111995,-0.128022,-0.036577,0.567357,-0.200134,1.073511,-0.091499,-0.089192,-0.039772,-0.571052,-0.291097,1.063399,0.084845,0.055918,-0.087251,0.021238,-0.373670,1.058264,-0.059515,0.125818,-0.028671
19.820000,-0.508366,0.325359,1.063784,-0.014950,-0.095574,-0.057181,0.077175,0.358161,1.085366,-0.111423,-0.126901,-0.035806,0.565522,-0.201922,1.072730,-0.092063,-0.089547,-0.038226,-0.569350,-0.289973,1.061647,0.085304,0.056489,-0.087917,0.020039,-0.371190,1.057709,-0.060368,0.122184,-0.026848
19.840000,-0.508675,0.323452,1.062651,-0.016037,-0.095095,-0.056075,0.074953,0.355635,1.084658,-0.110800,-0.125689,-0.034898,0.563675,-0.203716,1.071982,-0.092578,-0.089852,-0.036575,-0.567641,-0.288839,1.059884,0.085564,0.056936,-0.088420,0.018823,-0.368784,1.057191,-0.061235,0.118460,-0.024939
19.860000,-0.509008,0.321556,1.061542,-0.017186,-0.094514,-0.054827,0.072744,0.353134,1.083971,-0.110127,-0.124386,-0.033854,0.561819,-0.205515,1.071268,-0.093046,-0.090107,-0.034818,-0.565929,-0.287696,1.058111,0.085624,0.057261,-0.088760,0.017590,-0.366452,1.056712,-0.062116,0.114647,-0.022943
19.880000,-0.509363,0.319672,1.060459,-0.018397,-0.093831,-0.053437,0.070548,0.350660,1.083305,-0.109404,-0.122993,-0.032674,0.559954,-0.207320,1.070590,-0.093465,-0.090312,-0.032957,-0.564218,-0.286549,1.056334,0.085485,0.057462,-0.088938,0.016339,-0.364198,1.056274,-0.063011,0.110745,-0.020861
19.900000,-0.509744,0.317803,1.059405,-0.019670,-0.093045,-0.051905,0.068368,0.348215,1.082665,-0.108631,-0.121509,-0.031357,0.558080,-0.209128,1.069951,-0.093836,-0.090466,-0.030991,-0.562511,-0.285399,1.054555,0.085146,0.057540,-0.088954,0.015069,-0.362023,1.055878,-0.063920,0.106754,-0.018693
19.920000,-0.510150,0.315951,1.058383,-0.020987,-0.092178,-0.050258,0.066203,0.345800,1.082052,-0.107813,-0.119941,-0.029913,0.556200,-0.210938,1.069351,-0.094164,-0.090574,-0.028932,-0.560813,-0.284248,1.052777,0.084605,0.057493,-0.088802,0.013782,-0.359929,1.055527,-0.064840,0.102700,-0.016452
19.940000,-0.510584,0.314116,1.057396,-0.022332,-0.091248,-0.048523,0.064056,0.343418,1.081469,-0.106955,-0.118298,-0.028353,0.554314,-0.212750,1.068794,-0.094455,-0.090642,-0.026792,-0.559128,-0.283100,1.051004,0.083859,0.057317,-0.088477,0.012476,-0.357915,1.055221,-0.065767,0.098607,-0.014150
19.960000,-0.511044,0.312301,1.056443,-0.023704,-0.090257,-0.046699,0.061925,0.341069,1.080918,-0.106056,-0.116579,-0.026675,0.552422,-0.214563,1.068280,-0.094708,-0.090670,-0.024572,-0.557460,-0.281956,1.049239,0.082907,0.057012,-0.087980,0.011151,-0.355985,1.054961,-0.066702,0.094475,-0.011787
19.980000,-0.511532,0.310506,1.055528,-0.025103,-0.089203,-0.044785,0.059814,0.338755,1.080403,-0.105117,-0.114784,-0.024881,0.550526,-0.216377,1.067812,-0.094923,-0.090657,-0.022272,-0.555813,-0.280820,1.047486,0.081750,0.056579,-0.087310,0.009808,-0.354137,1.054749,-0.067644,0.090305,-0.009363
20.000000,-0.512048,0.308733,1.054652,-0.026530,-0.088086,-0.042784,0.057721,0.336478,1.079924,-0.104137,-0.112913,-0.022970,0.548626,-0.218189,1.067390,-0.095101,-0.090603,-0.019891,-0.554192,-0.279694,1.045748,0.080388,0.056018,-0.086467,0.008445,-0.352373,1.054587,-0.068593,0.086096,-0.006879
20.020000,-0.512593,0.306983,1.053817,-0.027971,-0.086927,-0.040715,0.055648,0.334239,1.079485,-0.103126,-0.110981,-0.020958,0.546722,-0.220001,1.067016,-0.095247,-0.090514,-0.017444,-0.552599,-0.278580,1.044028,0.078834,0.055332,-0.085458,0.007064,-0.350693,1.054475,-0.069545,0.081873,-0.004348
20.040000,-0.513167,0.305257,1.053024,-0.029416,-0.085743,-0.038600,0.053596,0.332039,1.079086,-0.102090,-0.109001,-0.018861,0.544816,-0.221810,1.066692,-0.095367,-0.090397,-0.014947,-0.551039,-0.277482,1.042331,0.077099,0.054523,-0.084290,0.005664,-0.349098,1.054413,-0.070497,0.077660,-0.001785
20.060000,-0.513770,0.303554,1.052274,-0.030863,-0.084535,-0.036441,0.051565,0.329879,1.078731,-0.101030,-0.106974,-0.016680,0.542908,-0.223616,1.066419,-0.095462,-0.090251,-0.012400,-0.549516,-0.276400,1.040658,0.075185,0.053594,-0.082962,0.004244,-0.347587,1.054403,-0.071448,0.073457,0.000811
20.080000,-0.514402,0.301875,1.051567,-0.032313,-0.083302,-0.034236,0.049555,0.327761,1.078420,-0.099946,-0.104898,-0.014415,0.540998,-0.225420,1.066197,-0.095532,-0.090077,-0.009803,-0.548033,-0.275339,1.039013,0.073092,0.052542,-0.081474,0.002806,-0.346159,1.054446,-0.072399,0.069265,0.003439
20.100000,-0.515062,0.300222,1.050904,-0.033766,-0.082046,-0.031986,0.047567,0.325684,1.078155,-0.098837,-0.102775,-0.012065,0.539087,-0.227219,1.066027,-0.095576,-0.089873,-0.007155,-0.546594,-0.274299,1.037400,0.070818,0.051369,-0.079827,0.001348,-0.344816,1.054541,-0.073350,0.065082,0.006099
20.120000,-0.515752,0.298594,1.050287,-0.035214,-0.080782,-0.029707,0.045602,0.323650,1.077937,-0.097714,-0.100621,-0.009648,0.537175,-0.229014,1.065911,-0.095600,-0.089648,-0.004472,-0.545202,-0.273285,1.035821,0.068387,0.050081,-0.078034,-0.000128,-0.343556,1.054690,-0.074296,0.060931,0.008777
20.140000,-0.516471,0.296990,1.049716,-0.036649,-0.079530,-0.027417,0.043659,0.321659,1.077769,-0.096585,-0.098453,-0.007184,0.535263,-0.230805,1.065848,-0.095610,-0.089406,-0.001769,-0.543859,-0.272297,1.034280,0.065818,0.048685,-0.076108,-0.001624,-0.342378,1.054892,-0.075233,0.056832,0.011459
20.160000,-0.517218,0.295412,1.049191,-0.038071,-0.078289,-0.025116,0.041738,0.319712,1.077650,-0.095451,-0.096271,-0.004673,0.533350,-0.232591,1.065840,-0.095606,-0.089147,0.000953,-0.542570,-0.271338,1.032778,0.063112,0.047181,-0.074050,-0.003138,-0.341282,1.055148,-0.076161,0.052784,0.014145
20.180000,-0.517994,0.293859,1.048712,-0.039481,-0.077060,-0.022803,0.039841,0.317808,1.077582,-0.094311,-0.094075,-0.002113,0.531439,-0.234371,1.065887,-0.095587,-0.088872,0.003695,-0.541336,-0.270410,1.031318,0.060269,0.045570,-0.071860,-0.004670,-0.340267,1.055458,-0.077081,0.048789,0.016835
20.200000,-0.518797,0.292330,1.048279,-0.040879,-0.075841,-0.020478,0.037966,0.315949,1.077566,-0.093166,-0.091864,0.000494,0.529527,-0.236145,1.065988,-0.095554,-0.088581,0.006457,-0.540160,-0.269516,1.029904,0.057289,0.043851,-0.069537,-0.006221,-0.339330,1.055822,-0.077993,0.044845,0.019528
20.220000,-0.519629,0.290825,1.047893,-0.042260,-0.074648,-0.018152,0.036114,0.314134,1.077602,-0.092023,-0.089655,0.003134,0.527616,-0.237914,1.066145,-0.095510,-0.088279,0.009226,-0.539045,-0.268657,1.028538,0.054196,0.042034,-0.067099,-0.007790,-0.338472,1.056239,-0.078891,0.040967,0.022213
20.240000,-0.520488,0.289344,1.047553,-0.043623,-0.073491,-0.015834,0.034285,0.312363,1.077692,-0.090890,-0.087460,0.005790,0.525707,-0.239676,1.066357,-0.095458,-0.087972,0.011991,-0.537993,-0.267835,1.027221,0.051014,0.040129,-0.064564,-0.009376,-0.337691,1.056710,-0.079773,0.037167,0.024877
20.260000,-0.521373,0.287885,1.047259,-0.044967,-0.072373,-0.013525,0.032478,0.310635,1.077834,-0.089767,-0.085281,0.008462,0.523798,-0.241433,1.066624,-0.095398,-0.087658,0.014751,-0.537005,-0.267052,1.025956,0.047742,0.038134,-0.061930,-0.010980,-0.336985,1.057234,-0.080639,0.033445,0.027521
20.280000,-0.522286,0.286448,1.047012,-0.046292,-0.071293,-0.011224,0.030694,0.308951,1.078030,-0.088654,-0.083117,0.011150,0.521891,-0.243183,1.066947,-0.095330,-0.087339,0.017506,-0.536084,-0.266310,1.024744,0.044381,0.036051,-0.059198,-0.012602,-0.336353,1.057811,-0.081488,0.029801,0.030144
20.300000,-0.523225,0.285033,1.046810,-0.047598,-0.070250,-0.008932,0.028932,0.307310,1.078280,-0.087552,-0.080969,0.013856,0.519985,-0.244926,1.067325,-0.095254,-0.087014,0.020257,-0.535230,-0.265611,1.023589,0.040930,0.033880,-0.056368,-0.014240,-0.335793,1.058440,-0.082321,0.026235,0.032746
20.320000,-0.524190,0.283638,1.046654,-0.048886,-0.069252,-0.006651,0.027192,0.305712,1.078584,-0.086466,-0.078850,0.016563,0.518081,-0.246663,1.067757,-0.095171,-0.086688,0.022993,-0.534447,-0.264956,1.022490,0.037415,0.031632,-0.053460,-0.015894,-0.335303,1.059121,-0.083133,0.022755,0.035317
20.340000,-0.525180,0.282263,1.046544,-0.050155,-0.068308,-0.004387,0.025473,0.304156,1.078943,-0.085403,-0.076772,0.019260,0.516178,-0.248394,1.068244,-0.095083,-0.086366,0.025705,-0.533734,-0.264346,1.021451,0.033858,0.029322,-0.050493,-0.017565,-0.334882,1.059852,-0.083921,0.019370,0.037844
20.360000,-0.526196,0.280906,1.046479,-0.051406,-0.067417,-0.002138,0.023776,0.302641,1.079355,-0.084364,-0.074736,0.021945,0.514278,-0.250118,1.068785,-0.094990,-0.086046,0.028391,-0.533093,-0.263783,1.020471,0.030261,0.026948,-0.047467,-0.019251,-0.334527,1.060634,-0.084684,0.016078,0.040329
20.380000,-0.527236,0.279566,1.046458,-0.052639,-0.066580,0.000095,0.022099,0.301166,1.079820,-0.083348,-0.072741,0.024620,0.512379,-0.251836,1.069380,-0.094891,-0.085730,0.031053,-0.532524,-0.263269,1.019552,0.026624,0.024511,-0.044383,-0.020952,-0.334238,1.061465,-0.085424,0.012880,0.042770
20.400000,-0.528301,0.278242,1.046482,-0.053854,-0.065795,0.002312,0.020442,0.299731,1.080339,-0.082356,-0.070789,0.027283,0.510482,-0.253547,1.070027,-0.094787,-0.085417,0.033691,-0.532028,-0.262803,1.018696,0.022945,0.022012,-0.041240,-0.022668,-0.334012,1.062345,-0.086139,0.009776,0.045168
20.420000,-0.529390,0.276933,1.046551,-0.055053,-0.065065,0.004516,0.018804,0.298335,1.080912,-0.081393,-0.068891,0.029922,0.508587,-0.255252,1.070727,-0.094677,-0.085111,0.036294,-0.531606,-0.262388,1.017903,0.019249,0.019465,-0.038060,-0.024398,-0.333846,1.063271,-0.086826,0.006770,0.047511
20.440000,-0.530503,0.275639,1.046663,-0.056238,-0.064391,0.006709,0.017186,0.296975,1.081536,-0.080465,-0.067058,0.032524,0.506695,-0.256952,1.071479,-0.094563,-0.084816,0.038854,-0.531258,-0.262025,1.017174,0.015559,0.016888,-0.034864,-0.026141,-0.333740,1.064245,-0.087481,0.003868,0.049787
20.460000,-0.531640,0.274357,1.046819,-0.057411,-0.063773,0.008891,0.015585,0.295652,1.082212,-0.079573,-0.065293,0.035090,0.504805,-0.258645,1.072281,-0.094443,-0.084531,0.041371,-0.530984,-0.261713,1.016508,0.011875,0.014281,-0.031653,-0.027897,-0.333691,1.065262,-0.088104,0.001069,0.051997
20.480000,-0.532800,0.273088,1.047019,-0.058571,-0.063210,0.011062,0.014002,0.294363,1.082939,-0.078715,-0.063594,0.037618,0.502917,-0.260333,1.073133,-0.094318,-0.084258,0.043844,-0.530783,-0.261454,1.015908,0.008197,0.011644,-0.028426,-0.029665,-0.333697,1.066324,-0.088695,-0.001626,0.054140
20.500000,-0.533983,0.271829,1.047261,-0.059718,-0.062704,0.013221,0.012436,0.293108,1.083717,-0.077893,-0.061961,0.040110,0.501032,-0.262016,1.074034,-0.094188,-0.083995,0.046274,-0.530656,-0.261248,1.015372,0.004525,0.008976,-0.025183,-0.031444,-0.333755,1.067428,-0.089255,-0.004218,0.056217
20.520000,-0.535188,0.270579,1.047547,-0.060851,-0.062267,0.015358,0.010886,0.291884,1.084544,-0.077112,-0.060407,0.042552,0.499150,-0.263693,1.074984,-0.094052,-0.083746,0.048651,-0.530602,-0.261095,1.014900,0.000877,0.006288,-0.021942,-0.033235,-0.333865,1.068572,-0.089780,-0.006712,0.058222
20.540000,-0.536417,0.269337,1.047875,-0.061971,-0.061914,0.017458,0.009352,0.290691,1.085418,-0.076378,-0.058945,0.044931,0.497270,-0.265365,1.075980,-0.093908,-0.083516,0.050966,-0.530620,-0.260996,1.014494,-0.002725,0.003588,-0.018719,-0.035035,-0.334023,1.069756,-0.090266,-0.009114,0.060152
20.560000,-0.537667,0.268102,1.048245,-0.063076,-0.061645,0.019524,0.007831,0.289526,1.086340,-0.075692,-0.057575,0.047246,0.495393,-0.267034,1.077022,-0.093756,-0.083304,0.053218,-0.530711,-0.260951,1.014151,-0.006283,0.000876,-0.015516,-0.036845,-0.334229,1.070978,-0.090715,-0.011423,0.062005
20.580000,-0.538940,0.266871,1.048656,-0.064167,-0.061459,0.021554,0.006324,0.288387,1.087308,-0.075053,-0.056297,0.049499,0.493520,-0.268698,1.078108,-0.093597,-0.083110,0.055407,-0.530871,-0.260961,1.013873,-0.009796,-0.001847,-0.012330,-0.038663,-0.334479,1.072236,-0.091126,-0.013639,0.063783
20.600000,-0.540234,0.265643,1.049107,-0.065243,-0.061358,0.023549,0.004829,0.287273,1.088320,-0.074461,-0.055111,0.051689,0.491650,-0.270358,1.079238,-0.093430,-0.082934,0.057533,-0.531102,-0.261025,1.013658,-0.013265,-0.004581,-0.009164,-0.040490,-0.334774,1.073529,-0.091498,-0.015763,0.065486
20.620000,-0.541549,0.264416,1.049598,-0.066305,-0.061345,0.025499,0.003345,0.286182,1.089375,-0.073919,-0.054021,0.053809,0.489783,-0.272015,1.080409,-0.093255,-0.082778,0.059593,-0.531402,-0.261144,1.013506,-0.016676,-0.007315,-0.006029,-0.042323,-0.335109,1.074855,-0.091832,-0.017801,0.067112
20.640000,-0.542886,0.263189,1.050127,-0.067350,-0.061426,0.027397,0.001871,0.285112,1.090472,-0.073427,-0.053033,0.055852,0.487919,-0.273669,1.081621,-0.093073,-0.082643,0.061581,-0.531769,-0.261318,1.013417,-0.020018,-0.010039,-0.002939,-0.044163,-0.335485,1.076212,-0.092127,-0.019760,0.068660
20.660000,-0.544243,0.261959,1.050693,-0.068378,-0.061600,0.029241,0.000407,0.284060,1.091609,-0.072987,-0.052147,0.057818,0.486060,-0.275321,1.082872,-0.092883,-0.082528,0.063498,-0.532202,-0.261546,1.013388,-0.023290,-0.012753,0.000106,-0.046008,-0.335899,1.077601,-0.092381,-0.021640,0.070132
20.680000,-0.545621,0.260724,1.051296,-0.069390,-0.061868,0.031032,-0.001048,0.283025,1.092784,-0.072598,-0.051362,0.059708,0.484204,-0.276971,1.084161,-0.092686,-0.082434,0.065344,-0.532700,-0.261828,1.013421,-0.026493,-0.015455,0.003106,-0.047858,-0.336350,1.079017,-0.092596,-0.023441,0.071526
20.700000,-0.547019,0.259483,1.051934,-0.070385,-0.062230,0.032770,-0.002497,0.282005,1.093996,-0.072260,-0.050678,0.061521,0.482352,-0.278619,1.085485,-0.092482,-0.082362,0.067118,-0.533261,-0.262164,1.013512,-0.029626,-0.018147,0.006061,-0.049712,-0.336836,1.080461,-0.092770,-0.025163,0.072843
20.720000,-0.548436,0.258234,1.052607,-0.071361,-0.062683,0.034450,-0.003939,0.280997,1.095244,-0.071971,-0.050095,0.063255,0.480505,-0.280265,1.086845,-0.092270,-0.082309,0.068820,-0.533884,-0.262554,1.013663,-0.032682,-0.020818,0.008963,-0.051568,-0.337356,1.081930,-0.092907,-0.026813,0.074084
20.740000,-0.549873,0.256975,1.053312,-0.072317,-0.063223,0.036065,-0.005376,0.280000,1.096526,-0.071731,-0.049610,0.064907,0.478662,-0.281911,1.088238,-0.092054,-0.082277,0.070449,-0.534568,-0.262997,1.013870,-0.035657,-0.023459,0.011803,-0.053428,-0.337908,1.083424,-0.093006,-0.028395,0.075251
20.760000,-0.551329,0.255705,1.054049,-0.073252,-0.063850,0.037617,-0.006809,0.279012,1.097840,-0.071540,-0.049224,0.066478,0.476823,-0.283556,1.089662,-0.091832,-0.082264,0.072006,-0.535310,-0.263492,1.014134,-0.038548,-0.026068,0.014580,-0.055288,-0.338492,1.084940,-0.093067,-0.029912,0.076345
20.780000,-0.552803,0.254421,1.054816,-0.074166,-0.064565,0.039105,-0.008238,0.278031,1.099185,-0.071397,-0.048937,0.067967,0.474988,-0.285202,1.091117,-0.091605,-0.082272,0.073489,-0.536109,-0.264039,1.014453,-0.041358,-0.028647,0.017296,-0.057150,-0.339104,1.086477,-0.093092,-0.031362,0.077365
20.800000,-0.554295,0.253121,1.055613,-0.075059,-0.065368,0.040528,-0.009665,0.277054,1.100558,-0.071303,-0.048749,0.069375,0.473159,-0.286847,1.092601,-0.091372,-0.082299,0.074900,-0.536964,-0.264638,1.014826,-0.044084,-0.031194,0.019949,-0.059012,-0.339746,1.088034,-0.093079,-0.032745,0.078311
20.820000,-0.555805,0.251805,1.056437,-0.075928,-0.066248,0.041886,-0.011090,0.276080,1.101959,-0.071254,-0.048653,0.070702,0.471334,-0.288494,1.094113,-0.091137,-0.082344,0.076240,-0.537872,-0.265287,1.015251,-0.046728,-0.033705,0.022537,-0.060873,-0.340414,1.089609,-0.093031,-0.034068,0.079186
20.840000,-0.557332,0.250471,1.057288,-0.076772,-0.067198,0.043177,-0.012515,0.275107,1.103386,-0.071246,-0.048645,0.071949,0.469513,-0.290141,1.095651,-0.090901,-0.082406,0.077509,-0.538832,-0.265985,1.015727,-0.049287,-0.036172,0.025055,-0.062733,-0.341108,1.091201,-0.092953,-0.035333,0.079994
20.860000,-0.558876,0.249117,1.058163,-0.077589,-0.068215,0.044400,-0.013940,0.274134,1.104836,-0.071279,-0.048723,0.073116,0.467698,-0.291790,1.097213,-0.090664,-0.082485,0.078709,-0.539843,-0.266733,1.016253,-0.051761,-0.038596,0.027504,-0.064591,-0.341827,1.092808,-0.092843,-0.036542,0.080734
20.880000,-0.560435,0.247742,1.059063,-0.078381,-0.069302,0.045556,-0.015367,0.273158,1.106310,-0.071355,-0.048889,0.074203,0.465887,-0.293441,1.098798,-0.090427,-0.082580,0.079840,-0.540902,-0.267529,1.016827,-0.054152,-0.040976,0.029883,-0.066446,-0.342569,1.094430,-0.092703,-0.037695,0.081407
20.900000,-0.562011,0.246345,1.059985,-0.079147,-0.070457,0.046645,-0.016795,0.272178,1.107804,-0.071471,-0.049141,0.075210,0.464080,-0.295094,1.100406,-0.090188,-0.082691,0.080900,-0.542009,-0.268372,1.017447,-0.056458,-0.043313,0.032193,-0.068299,-0.343334,1.096064,-0.092531,-0.038791,0.082012
20.920000,-0.563601,0.244923,1.060928,-0.079884,-0.071667,0.047668,-0.018226,0.271192,1.109318,-0.071625,-0.049472,0.076140,0.462279,-0.296749,1.102034,-0.089953,-0.082817,0.081894,-0.543160,-0.269261,1.018114,-0.058683,-0.045607,0.034435,-0.070147,-0.344121,1.097710,-0.092333,-0.039834,0.082554
20.940000,-0.565206,0.243478,1.061892,-0.080591,-0.072917,0.048629,-0.019660,0.270198,1.110849,-0.071810,-0.049872,0.076995,0.460482,-0.298406,1.103681,-0.089723,-0.082954,0.082823,-0.544355,-0.270196,1.018824,-0.060833,-0.047859,0.036611,-0.071992,-0.344927,1.099366,-0.092113,-0.040828,0.083036
20.960000,-0.566825,0.242006,1.062873,-0.081268,-0.074209,0.049526,-0.021098,0.269196,1.112397,-0.072027,-0.050342,0.077776,0.458690,-0.300067,1.105346,-0.089499,-0.083103,0.083688,-0.545593,-0.271175,1.019578,-0.062905,-0.050069,0.038721,-0.073832,-0.345753,1.101031,-0.091872,-0.041773,0.083460
20.980000,-0.568456,0.240509,1.063872,-0.081915,-0.075541,0.050361,-0.022541,0.268184,1.113960,-0.072276,-0.050882,0.078483,0.456902,-0.301731,1.107028,-0.089281,-0.083264,0.084489,-0.546871,-0.272198,1.020373,-0.064902,-0.052237,0.040764,-0.075667,-0.346598,1.102704,-0.091609,-0.042669,0.083823
21.000000,-0.570101,0.238984,1.064887,-0.082531,-0.076915,0.051132,-0.023990,0.267161,1.115536,-0.072557,-0.051491,0.079115,0.455119,-0.303397,1.108726,-0.089068,-0.083437,0.085225,-0.548188,-0.273264,1.021208,-0.066822,-0.054363,0.042741,-0.077496,-0.347460,1.104384,-0.091325,-0.043516,0.084128
21.020000,-0.571757,0.237432,1.065917,-0.083118,-0.078322,0.051845,-0.025444,0.266124,1.117124,-0.072865,-0.052160,0.079677,0.453340,-0.305068,1.110437,-0.088865,-0.083619,0.085901,-0.549543,-0.274373,1.022082,-0.068674,-0.056458,0.044659,-0.079319,-0.348338,1.106069,-0.091025,-0.044316,0.084378
21.040000,-0.573425,0.235851,1.066961,-0.083677,-0.079757,0.052503,-0.026904,0.265074,1.118722,-0.073194,-0.052878,0.080173,0.451564,-0.306742,1.112161,-0.088674,-0.083808,0.086519,-0.550935,-0.275523,1.022994,-0.070466,-0.058533,0.046525,-0.081137,-0.349232,1.107758,-0.090715,-0.045074,0.084578
21.060000,-0.575104,0.234242,1.068017,-0.084207,-0.081218,0.053107,-0.028372,0.264009,1.120330,-0.073544,-0.053645,0.080604,0.449793,-0.308420,1.113897,-0.088496,-0.084003,0.087079,-0.552362,-0.276714,1.023943,-0.072199,-0.060588,0.048338,-0.082948,-0.350141,1.109452,-0.090396,-0.045788,0.084728
21.080000,-0.576794,0.232603,1.069085,-0.084710,-0.082707,0.053656,-0.029846,0.262928,1.121946,-0.073916,-0.054462,0.080969,0.448024,-0.310102,1.115644,-0.088330,-0.084206,0.087583,-0.553823,-0.277946,1.024927,-0.073871,-0.062622,0.050100,-0.084753,-0.351063,1.111147,-0.090068,-0.046459,0.084829
21.100000,-0.578493,0.230933,1.070163,-0.085185,-0.084223,0.054151,-0.031329,0.261830,1.123569,-0.074310,-0.055328,0.081268,0.446259,-0.311789,1.117400,-0.088178,-0.084415,0.088028,-0.555316,-0.279219,1.025946,-0.075484,-0.064636,0.051810,-0.086551,-0.351999,1.112844,-0.089729,-0.047087,0.084880
21.120000,-0.580201,0.229233,1.071250,-0.085634,-0.085757,0.054599,-0.032819,0.260714,1.125196,-0.074719,-0.056234,0.081507,0.444497,-0.313479,1.119165,-0.088040,-0.084630,0.088420,-0.556842,-0.280531,1.026999,-0.077039,-0.066632,0.053471,-0.088342,-0.352947,1.114542,-0.089389,-0.047675,0.084888
21.140000,-0.581918,0.227503,1.072346,-0.086061,-0.087303,0.055011,-0.034317,0.259580,1.126829,-0.075140,-0.057169,0.081691,0.442737,-0.315174,1.120937,-0.087922,-0.084847,0.088762,-0.558397,-0.281884,1.028085,-0.078539,-0.068613,0.055087,-0.090126,-0.353906,1.116240,-0.089052,-0.048226,0.084856
21.160000,-0.583643,0.225741,1.073450,-0.086465,-0.088860,0.055385,-0.035825,0.258427,1.128464,-0.075573,-0.058133,0.081821,0.440980,-0.316873,1.122715,-0.087823,-0.085066,0.089053,-0.559983,-0.283276,1.029202,-0.079985,-0.070579,0.056658,-0.091904,-0.354875,1.117936,-0.088721,-0.048741,0.084786
21.180000,-0.585376,0.223948,1.074562,-0.086847,-0.090427,0.055723,-0.037340,0.257255,1.130101,-0.076016,-0.059126,0.081896,0.439224,-0.318577,1.124498,-0.087742,-0.085288,0.089294,-0.561596,-0.284707,1.030351,-0.081375,-0.072530,0.058183,-0.093675,-0.355855,1.119631,-0.088393,-0.049218,0.084678
21.200000,-0.587117,0.222124,1.075679,-0.087207,-0.092006,0.056024,-0.038865,0.256062,1.131739,-0.076471,-0.060148,0.081917,0.437470,-0.320285,1.126286,-0.087680,-0.085513,0.089485,-0.563237,-0.286177,1.031529,-0.082711,-0.074466,0.059663,-0.095440,-0.356844,1.121323,-0.088070,-0.049659,0.084531
21.220000,-0.588864,0.220268,1.076802,-0.087552,-0.093599,0.056292,-0.040399,0.254849,1.133377,-0.076933,-0.061190,0.081889,0.435717,-0.321997,1.128078,-0.087639,-0.085740,0.089630,-0.564904,-0.287685,1.032737,-0.083995,-0.076394,0.061101,-0.097198,-0.357841,1.123012,-0.087759,-0.050068,0.084353
21.240000,-0.590619,0.218380,1.077931,-0.087893,-0.095210,0.056533,-0.041943,0.253614,1.135015,-0.077397,-0.062242,0.081821,0.433965,-0.323714,1.129871,-0.087620,-0.085965,0.089731,-0.566597,-0.289233,1.033973,-0.085234,-0.078320,0.062502,-0.098950,-0.358846,1.124697,-0.087467,-0.050448,0.084149
21.260000,-0.592380,0.216460,1.079063,-0.088228,-0.096839,0.056746,-0.043495,0.252359,1.136650,-0.077864,-0.063305,0.081711,0.432212,-0.325436,1.131667,-0.087625,-0.086191,0.089789,-0.568314,-0.290818,1.035237,-0.086426,-0.080246,0.063865,-0.100697,-0.359859,1.126378,-0.087195,-0.050800,0.083920
21.280000,-0.594148,0.214506,1.080200,-0.088558,-0.098487,0.056931,-0.045057,0.251082,1.138283,-0.078334,-0.064378,0.081559,0.430459,-0.327162,1.133463,-0.087653,-0.086417,0.089804,-0.570054,-0.292442,1.036528,-0.087572,-0.082171,0.065190,-0.102438,-0.360878,1.128054,-0.086943,-0.051124,0.083665
21.300000,-0.595922,0.212520,1.081341,-0.088883,-0.100152,0.057088,-0.046629,0.249784,1.139912,-0.078806,-0.065461,0.081367,0.428706,-0.328892,1.135258,-0.087703,-0.086642,0.089776,-0.571816,-0.294105,1.037844,-0.088672,-0.084095,0.066477,-0.104175,-0.361904,1.129724,-0.086710,-0.051420,0.083385
21.320000,-0.597703,0.210500,1.082484,-0.089206,-0.101840,0.057223,-0.048209,0.248464,1.141537,-0.079279,-0.066552,0.081131,0.426951,-0.330627,1.137053,-0.087778,-0.086866,0.089708,-0.573600,-0.295806,1.039186,-0.089729,-0.086019,0.067728,-0.105907,-0.362935,1.131389,-0.086505,-0.051693,0.083088
21.340000,-0.599491,0.208446,1.083629,-0.089530,-0.103553,0.057340,-0.049800,0.247122,1.143157,-0.079752,-0.067650,0.080850,0.425195,-0.332367,1.138846,-0.087876,-0.087089,0.089605,-0.575405,-0.297546,1.040553,-0.090748,-0.087944,0.068942,-0.107635,-0.363971,1.133048,-0.086336,-0.051950,0.082780
21.360000,-0.601284,0.206358,1.084777,-0.089857,-0.105293,0.057440,-0.051399,0.245758,1.144771,-0.080224,-0.068753,0.080525,0.423436,-0.334111,1.140637,-0.087999,-0.087310,0.089465,-0.577230,-0.299324,1.041944,-0.091728,-0.089870,0.070119,-0.109360,-0.365013,1.134700,-0.086202,-0.052191,0.082462
21.380000,-0.603085,0.204234,1.085927,-0.090185,-0.107058,0.057523,-0.053009,0.244372,1.146378,-0.080696,-0.069862,0.080154,0.421674,-0.335859,1.142425,-0.088146,-0.087529,0.089288,-0.579074,-0.301141,1.043358,-0.092670,-0.091797,0.071260,-0.111083,-0.366059,1.136346,-0.086105,-0.052416,0.082135
21.400000,-0.604892,0.202075,1.087078,-0.090515,-0.108850,0.057589,-0.054627,0.242963,1.147977,-0.081167,-0.070977,0.079739,0.419910,-0.337612,1.144209,-0.088318,-0.087747,0.089076,-0.580936,-0.302996,1.044794,-0.093573,-0.093725,0.072365,-0.112805,-0.367109,1.137985,-0.086043,-0.052624,0.081797
21.420000,-0.606706,0.199880,1.088230,-0.090851,-0.110672,0.057648,-0.056255,0.241532,1.149567,-0.081638,-0.072097,0.079278,0.418142,-0.339369,1.145988,-0.088513,-0.087964,0.088830,-0.582817,-0.304890,1.046252,-0.094442,-0.095649,0.073431,-0.114525,-0.368164,1.139618,-0.086026,-0.052824,0.081459
21.440000,-0.608526,0.197648,1.089384,-0.091197,-0.112528,0.057713,-0.057893,0.240079,1.151147,-0.082109,-0.073222,0.078772,0.416369,-0.341131,1.147762,-0.088732,-0.088179,0.088555,-0.584714,-0.306822,1.047731,-0.095281,-0.097561,0.074455,-0.116246,-0.369222,1.141244,-0.086061,-0.053024,0.081128
21.460000,-0.610353,0.195379,1.090539,-0.091553,-0.114419,0.057783,-0.059540,0.238604,1.152717,-0.082579,-0.074353,0.078221,0.414592,-0.342896,1.149530,-0.088972,-0.088393,0.088250,-0.586628,-0.308792,1.049230,-0.096091,-0.099464,0.075438,-0.117968,-0.370285,1.142863,-0.086150,-0.053223,0.080805
21.480000,-0.612188,0.193071,1.091695,-0.091920,-0.116345,0.057859,-0.061196,0.237105,1.154276,-0.083048,-0.075489,0.077624,0.412810,-0.344666,1.151291,-0.089236,-0.088605,0.087915,-0.588557,-0.310800,1.050748,-0.096871,-0.101356,0.076379,-0.119693,-0.371351,1.144476,-0.086291,-0.053422,0.080491
21.500000,-0.614030,0.190725,1.092853,-0.092296,-0.118305,0.057941,-0.062862,0.235584,1.155822,-0.083517,-0.076630,0.076981,0.411023,-0.346441,1.153046,-0.089523,-0.088816,0.087550,-0.590502,-0.312846,1.052285,-0.097621,-0.103238,0.077279,-0.121420,-0.372422,1.146083,-0.086486,-0.053621,0.080184
21.520000,-0.615880,0.188339,1.094013,-0.092682,-0.120291,0.058032,-0.064537,0.234040,1.157355,-0.083986,-0.077778,0.076295,0.409229,-0.348219,1.154793,-0.089830,-0.089027,0.087158,-0.592462,-0.314930,1.053839,-0.098349,-0.105107,0.078142,-0.123152,-0.373496,1.147683,-0.086724,-0.053817,0.079878
21.540000,-0.617738,0.185913,1.095175,-0.093076,-0.122291,0.058138,-0.066221,0.232473,1.158874,-0.084458,-0.078933,0.075565,0.407429,-0.350002,1.156532,-0.090156,-0.089238,0.086742,-0.594436,-0.317050,1.055410,-0.099063,-0.106961,0.078971,-0.124889,-0.374574,1.149278,-0.086998,-0.054008,0.079565
21.560000,-0.619603,0.183447,1.096339,-0.093477,-0.124308,0.058258,-0.067915,0.230882,1.160377,-0.084930,-0.080096,0.074793,0.405623,-0.351789,1.158263,-0.090500,-0.089449,0.086302,-0.596424,-0.319208,1.056998,-0.099762,-0.108800,0.079765,-0.126632,-0.375656,1.150866,-0.087308,-0.054194,0.079246
21.580000,-0.621477,0.180941,1.097505,-0.093886,-0.126339,0.058393,-0.069618,0.229269,1.161865,-0.085405,-0.081266,0.073979,0.403809,-0.353580,1.159984,-0.090862,-0.089660,0.085838,-0.598427,-0.321402,1.058601,-0.100447,-0.110624,0.080527,-0.128382,-0.376742,1.152448,-0.087653,-0.054373,0.078920
21.600000,-0.623359,0.178393,1.098674,-0.094304,-0.128386,0.058542,-0.071331,0.227632,1.163336,-0.085881,-0.082444,0.073122,0.401988,-0.355375,1.161696,-0.091243,-0.089872,0.085350,-0.600442,-0.323633,1.060219,-0.101117,-0.112434,0.081254,-0.130139,-0.377831,1.154023,-0.088034,-0.054548,0.078588
21.620000,-0.625249,0.175805,1.099847,-0.094727,-0.130429,0.058711,-0.073054,0.225971,1.164790,-0.086361,-0.083631,0.072225,0.400159,-0.357175,1.163398,-0.091639,-0.090086,0.084840,-0.602471,-0.325900,1.061851,-0.101775,-0.114241,0.081956,-0.131904,-0.378924,1.155591,-0.088443,-0.054718,0.078245
21.640000,-0.627148,0.173176,1.101023,-0.095155,-0.132449,0.058905,-0.074786,0.224286,1.166225,-0.086848,-0.084830,0.071293,0.398322,-0.358978,1.165089,-0.092046,-0.090304,0.084312,-0.604513,-0.328203,1.063497,-0.102422,-0.116059,0.082642,-0.133677,-0.380020,1.157152,-0.088874,-0.054884,0.077884
21.660000,-0.629055,0.170507,1.102203,-0.095588,-0.134446,0.059125,-0.076528,0.222578,1.167641,-0.087340,-0.086041,0.070325,0.396477,-0.360787,1.166770,-0.092464,-0.090526,0.083766,-0.606568,-0.330542,1.065156,-0.103058,-0.117888,0.083311,-0.135459,-0.381119,1.158706,-0.089325,-0.055047,0.077506
21.680000,-0.630971,0.167799,1.103388,-0.096025,-0.136420,0.059371,-0.078279,0.220845,1.169038,-0.087840,-0.087263,0.069321,0.394624,-0.362600,1.168440,-0.092893,-0.090752,0.083201,-0.608635,-0.332918,1.066829,-0.103684,-0.119727,0.083964,-0.137250,-0.382222,1.160253,-0.089798,-0.055206,0.077112
21.700000,-0.632896,0.165051,1.104578,-0.096468,-0.138371,0.059641,-0.080041,0.219087,1.170414,-0.088345,-0.088497,0.068281,0.392762,-0.364417,1.170098,-0.093333,-0.090982,0.082617,-0.610715,-0.335331,1.068515,-0.104298,-0.121577,0.084601,-0.139051,-0.383327,1.161791,-0.090292,-0.055360,0.076700
21.720000,-0.634830,0.162264,1.105774,-0.096911,-0.140276,0.059937,-0.081813,0.217305,1.171769,-0.088859,-0.089743,0.067210,0.390890,-0.366239,1.171745,-0.093782,-0.091216,0.082016,-0.612807,-0.337781,1.070213,-0.104911,-0.123437,0.085227,-0.140862,-0.384436,1.163320,-0.090801,-0.055511,0.076268
21.740000,-0.636773,0.159440,1.106976,-0.097351,-0.142110,0.060258,-0.083596,0.215497,1.173102,-0.089381,-0.091002,0.066114,0.389010,-0.368066,1.173379,-0.094237,-0.091454,0.081401,-0.614912,-0.340269,1.071924,-0.105528,-0.125305,0.085849,-0.142683,-0.385548,1.164841,-0.091319,-0.055656,0.075811
21.760000,-0.638724,0.156580,1.108184,-0.097788,-0.143875,0.060603,-0.085389,0.213665,1.174413,-0.089912,-0.092272,0.064992,0.387121,-0.369897,1.175000,-0.094699,-0.091695,0.080770,-0.617028,-0.342794,1.073647,-0.106150,-0.127182,0.086467,-0.144514,-0.386662,1.166353,-0.091846,-0.055797,0.075328
21.780000,-0.640684,0.153686,1.109400,-0.098222,-0.145570,0.060973,-0.087192,0.211806,1.175702,-0.090453,-0.093555,0.063844,0.385222,-0.371733,1.176609,-0.095167,-0.091940,0.080125,-0.619158,-0.345356,1.075382,-0.106777,-0.129067,0.087080,-0.146357,-0.387780,1.167854,-0.092382,-0.055932,0.074821
21.800000,-0.642653,0.150758,1.110624,-0.098652,-0.147195,0.061368,-0.089007,0.209922,1.176967,-0.091002,-0.094850,0.062671,0.383314,-0.373575,1.178205,-0.095641,-0.092189,0.079464,-0.621300,-0.347956,1.077130,-0.107410,-0.130961,0.087689,-0.148210,-0.388900,1.169345,-0.092926,-0.056061,0.074289
21.820000,-0.644630,0.147798,1.111855,-0.099075,-0.148729,0.061782,-0.090832,0.208012,1.178208,-0.091561,-0.096155,0.061479,0.381397,-0.375421,1.179788,-0.096120,-0.092441,0.078789,-0.623454,-0.350594,1.078890,-0.108041,-0.132848,0.088292,-0.150074,-0.390022,1.170826,-0.093475,-0.056184,0.073729
21.840000,-0.646616,0.144809,1.113095,-0.099483,-0.150151,0.062208,-0.092669,0.206076,1.179426,-0.092129,-0.097467,0.060277,0.379469,-0.377272,1.181357,-0.096604,-0.092692,0.078102,-0.625621,-0.353270,1.080662,-0.108664,-0.134711,0.088886,-0.151949,-0.391147,1.172294,-0.094023,-0.056296,0.073139
21.860000,-0.648609,0.141793,1.114343,-0.099877,-0.151460,0.062646,-0.094517,0.204114,1.180619,-0.092706,-0.098787,0.059064,0.377532,-0.379129,1.182912,-0.097092,-0.092944,0.077402,-0.627801,-0.355983,1.082445,-0.109279,-0.136550,0.089471,-0.153835,-0.392274,1.173751,-0.094570,-0.056398,0.072519
21.880000,-0.650611,0.138752,1.115601,-0.100257,-0.152658,0.063097,-0.096377,0.202125,1.181788,-0.093293,-0.100113,0.057839,0.375586,-0.380990,1.184453,-0.097584,-0.093195,0.076689,-0.629992,-0.358732,1.084240,-0.109885,-0.138366,0.090047,-0.155732,-0.393403,1.175195,-0.095116,-0.056491,0.071868
21.900000,-0.652620,0.135688,1.116867,-0.100624,-0.153742,0.063560,-0.098249,0.200109,1.182933,-0.093889,-0.101447,0.056605,0.373629,-0.382856,1.185979,-0.098081,-0.093448,0.075963,-0.632196,-0.361517,1.086047,-0.110484,-0.140159,0.090614,-0.157639,-0.394533,1.176625,-0.095661,-0.056573,0.071187
21.920000,-0.654636,0.132603,1.118143,-0.100968,-0.154706,0.064023,-0.100133,0.198067,1.184052,-0.094494,-0.102783,0.055369,0.371662,-0.384728,1.187491,-0.098583,-0.093697,0.075226,-0.634412,-0.364338,1.087865,-0.111076,-0.141899,0.091168,-0.159558,-0.395666,1.178042,-0.096201,-0.056642,0.070474
21.940000,-0.656658,0.129500,1.119428,-0.101282,-0.155538,0.064474,-0.102029,0.195998,1.185148,-0.095106,-0.104113,0.054144,0.369686,-0.386604,1.188988,-0.099090,-0.093940,0.074477,-0.636639,-0.367193,1.089694,-0.111661,-0.143560,0.091704,-0.161487,-0.396799,1.179444,-0.096731,-0.056693,0.069728
21.960000,-0.658687,0.126382,1.120722,-0.101567,-0.156238,0.064913,-0.103937,0.193902,1.186218,-0.095725,-0.105438,0.052930,0.367699,-0.388485,1.190470,-0.099602,-0.094177,0.073717,-0.638878,-0.370080,1.091533,-0.112242,-0.145141,0.092221,-0.163427,-0.397933,1.180831,-0.097253,-0.056726,0.068950
21.980000,-0.660721,0.123252,1.122025,-0.101822,-0.156808,0.065339,-0.105858,0.191780,1.187265,-0.096352,-0.106759,0.051725,0.365702,-0.390371,1.191937,-0.100120,-0.094408,0.072946,-0.641129,-0.372998,1.093382,-0.112816,-0.146641,0.092721,-0.165377,-0.399068,1.182202,-0.097765,-0.056741,0.068139
22.000000,-0.662759,0.120111,1.123336,-0.102047,-0.157247,0.065753,-0.107791,0.189632,1.188287,-0.096986,-0.108074,0.050531,0.363694,-0.392262,1.193388,-0.100643,-0.094632,0.072163,-0.643391,-0.375945,1.095242,-0.113384,-0.148062,0.093202,-0.167338,-0.400203,1.183556,-0.098268,-0.056739,0.067295
22.020000,-0.664802,0.116963,1.124655,-0.102233,-0.157545,0.066148,-0.109738,0.187457,1.189286,-0.097623,-0.109372,0.049355,0.361676,-0.394157,1.194823,-0.101173,-0.094847,0.071370,-0.645664,-0.378920,1.097110,-0.113941,-0.149384,0.093657,-0.169308,-0.401337,1.184894,-0.098759,-0.056713,0.066419
22.040000,-0.666848,0.113810,1.125981,-0.102370,-0.157695,0.066517,-0.111696,0.185257,1.190262,-0.098260,-0.110639,0.048204,0.359647,-0.396056,1.196243,-0.101711,-0.095047,0.070567,-0.647948,-0.381919,1.098988,-0.114480,-0.150585,0.094077,-0.171288,-0.402471,1.186213,-0.099234,-0.056660,0.065511
22.060000,-0.668897,0.110656,1.127315,-0.102460,-0.157695,0.066859,-0.113668,0.183032,1.191215,-0.098897,-0.111876,0.047079,0.357607,-0.397958,1.197646,-0.102258,-0.095234,0.069754,-0.650243,-0.384942,1.100873,-0.115002,-0.151668,0.094463,-0.173277,-0.403604,1.187514,-0.099693,-0.056580,0.064571
22.080000,-0.670946,0.107503,1.128656,-0.102501,-0.157545,0.067176,-0.115652,0.180782,1.192145,-0.099533,-0.113082,0.045979,0.355557,-0.399865,1.199033,-0.102814,-0.095406,0.068931,-0.652548,-0.387985,1.102766,-0.115505,-0.152631,0.094813,-0.175276,-0.404734,1.188796,-0.100137,-0.056471,0.063599
22.100000,-0.672996,0.104355,1.130002,-0.102495,-0.157247,0.067466,-0.117649,0.178509,1.193054,-0.100168,-0.114259,0.044905,0.353495,-0.401774,1.200403,-0.103378,-0.095563,0.068099,-0.654863,-0.391047,1.104665,-0.115992,-0.153475,0.095129,-0.177283,-0.405862,1.190058,-0.100565,-0.056336,0.062596
22.120000,-0.675046,0.101214,1.131354,-0.102431,-0.156808,0.067722,-0.119659,0.176212,1.193941,-0.100800,-0.115402,0.043855,0.351421,-0.403687,1.201757,-0.103953,-0.095703,0.067257,-0.657187,-0.394124,1.106571,-0.116447,-0.154193,0.095398,-0.179298,-0.406987,1.191299,-0.100974,-0.056167,0.061564
22.140000,-0.677093,0.098084,1.132711,-0.102303,-0.156238,0.067934,-0.121681,0.173893,1.194808,-0.101426,-0.116511,0.042828,0.349336,-0.405602,1.203093,-0.104542,-0.095819,0.066408,-0.659521,-0.397214,1.108481,-0.116858,-0.154779,0.095609,-0.181321,-0.408109,1.192520,-0.101364,-0.055961,0.060505
22.160000,-0.679137,0.094966,1.134071,-0.102109,-0.155535,0.068102,-0.123716,0.171552,1.195655,-0.102046,-0.117585,0.041824,0.347240,-0.407520,1.204413,-0.105144,-0.095913,0.065550,-0.661861,-0.400314,1.110395,-0.117224,-0.155231,0.095761,-0.183352,-0.409225,1.193719,-0.101732,-0.055717,0.059420
22.180000,-0.681177,0.091863,1.135434,-0.101850,-0.154701,0.068226,-0.125763,0.169190,1.196481,-0.102660,-0.118625,0.040844,0.345131,-0.409439,1.205715,-0.105759,-0.095984,0.064685,-0.664209,-0.403422,1.112311,-0.117547,-0.155551,0.095855,-0.185391,-0.410337,1.194897,-0.102080,-0.055436,0.058309
22.200000,-0.683211,0.088778,1.136800,-0.101526,-0.153736,0.068307,-0.127822,0.166807,1.197289,-0.103268,-0.119631,0.039886,0.343009,-0.411359,1.207000,-0.106388,-0.096032,0.063812,-0.666563,-0.406535,1.114229,-0.117825,-0.155738,0.095890,-0.187435,-0.411443,1.196051,-0.102407,-0.055117,0.057171
22.220000,-0.685238,0.085715,1.138166,-0.101126,-0.152641,0.068342,-0.129894,0.164405,1.198077,-0.103865,-0.120592,0.038950,0.340875,-0.413280,1.208268,-0.107032,-0.096054,0.062932,-0.668922,-0.409650,1.116146,-0.118052,-0.155783,0.095861,-0.189487,-0.412541,1.197183,-0.102712,-0.054756,0.056012
22.240000,-0.687256,0.082674,1.139533,-0.100641,-0.151418,0.068329,-0.131977,0.161984,1.198847,-0.104444,-0.121500,0.038033,0.338728,-0.415201,1.209518,-0.107695,-0.096046,0.062047,-0.671285,-0.412765,1.118063,-0.118223,-0.155674,0.095763,-0.191544,-0.413633,1.198292,-0.102992,-0.054351,0.054838
22.260000,-0.689263,0.079659,1.140899,-0.100069,-0.150068,0.068269,-0.134071,0.159545,1.199598,-0.105005,-0.122354,0.037135,0.336567,-0.417122,1.210750,-0.108376,-0.096006,0.061157,-0.673650,-0.415876,1.119976,-0.118336,-0.155411,0.095595,-0.193606,-0.414715,1.199377,-0.103248,-0.053900,0.053647
22.280000,-0.691258,0.076672,1.142264,-0.099412,-0.148591,0.068160,-0.136177,0.157090,1.200332,-0.105550,-0.123155,0.036256,0.334393,-0.419041,1.211964,-0.109075,-0.095937,0.060262,-0.676018,-0.418981,1.121886,-0.118392,-0.154996,0.095358,-0.195674,-0.415788,1.200438,-0.103480,-0.053403,0.052441
22.300000,-0.693239,0.073716,1.143625,-0.098668,-0.146986,0.068005,-0.138293,0.154619,1.201049,-0.106076,-0.123903,0.035396,0.332204,-0.420959,1.213160,-0.109793,-0.095837,0.059362,-0.678386,-0.422075,1.123790,-0.118392,-0.154427,0.095051,-0.197745,-0.416851,1.201474,-0.103687,-0.052862,0.051219
22.320000,-0.695204,0.070793,1.144983,-0.097843,-0.145269,0.067799,-0.140420,0.152134,1.201748,-0.106578,-0.124579,0.034561,0.330001,-0.422874,1.214338,-0.110532,-0.095704,0.058459,-0.680753,-0.425157,1.125687,-0.118336,-0.153692,0.094674,-0.199821,-0.417902,1.202486,-0.103868,-0.052273,0.049990
22.340000,-0.697152,0.067906,1.146337,-0.096940,-0.143453,0.067543,-0.142556,0.149637,1.202431,-0.107049,-0.125166,0.033754,0.327783,-0.424787,1.215498,-0.111292,-0.095535,0.057554,-0.683119,-0.428222,1.127577,-0.118226,-0.152778,0.094229,-0.201900,-0.418942,1.203474,-0.104022,-0.051636,0.048761
22.360000,-0.699081,0.065056,1.147685,-0.095961,-0.141539,0.067236,-0.144702,0.147128,1.203099,-0.107489,-0.125663,0.032978,0.325549,-0.426695,1.216640,-0.112076,-0.095330,0.056649,-0.685482,-0.431267,1.129456,-0.118063,-0.151684,0.093714,-0.203982,-0.419968,1.204437,-0.104148,-0.050952,0.047534
22.380000,-0.700990,0.062245,1.149026,-0.094904,-0.139526,0.066877,-0.146855,0.144611,1.203751,-0.107897,-0.126071,0.032230,0.323299,-0.428600,1.217764,-0.112882,-0.095089,0.055742,-0.687841,-0.434288,1.131325,-0.117846,-0.150411,0.093130,-0.206066,-0.420979,1.205375,-0.104248,-0.050218,0.046307
22.400000,-0.702877,0.059475,1.150360,-0.093769,-0.137415,0.066468,-0.149017,0.142086,1.204388,-0.108274,-0.126389,0.031512,0.321033,-0.430499,1.218870,-0.113710,-0.094812,0.054835,-0.690195,-0.437282,1.133181,-0.117576,-0.148958,0.092477,-0.208151,-0.421976,1.206289,-0.104320,-0.049437,0.045081
22.420000,-0.704740,0.056749,1.151684,-0.092556,-0.135204,0.066011,-0.151186,0.139556,1.205011,-0.108606,-0.126587,0.030830,0.318751,-0.432392,1.219958,-0.114563,-0.094498,0.053928,-0.692544,-0.440245,1.135023,-0.117260,-0.147312,0.091759,-0.210238,-0.422957,1.207178,-0.104371,-0.048607,0.043856
22.440000,-0.706578,0.054068,1.153000,-0.091263,-0.132891,0.065511,-0.153361,0.137024,1.205621,-0.108882,-0.126637,0.030190,0.316451,-0.434278,1.221027,-0.115440,-0.094146,0.053026,-0.694885,-0.443173,1.136851,-0.116909,-0.145455,0.090982,-0.212326,-0.423920,1.208043,-0.104410,-0.047726,0.042632
22.460000,-0.708390,0.051434,1.154305,-0.089889,-0.130476,0.064967,-0.155541,0.134492,1.206219,-0.109101,-0.126539,0.029593,0.314133,-0.436158,1.222079,-0.116341,-0.093755,0.052128,-0.697220,-0.446062,1.138662,-0.116521,-0.143390,0.090145,-0.214414,-0.424865,1.208884,-0.104435,-0.046795,0.041410
22.480000,-0.710173,0.048849,1.155598,-0.088436,-0.127959,0.064380,-0.157725,0.131963,1.206805,-0.109263,-0.126291,0.029038,0.311797,-0.438028,1.223112,-0.117268,-0.093326,0.051233,-0.699546,-0.448907,1.140456,-0.116096,-0.141115,0.089249,-0.216503,-0.425791,1.209700,-0.104446,-0.045814,0.040189
22.500000,-0.711927,0.046316,1.156880,-0.086902,-0.125340,0.063749,-0.159911,0.129441,1.207381,-0.109367,-0.125894,0.028526,0.309442,-0.439890,1.224128,-0.118219,-0.092859,0.050343,-0.701863,-0.451705,1.142232,-0.115636,-0.138631,0.088293,-0.218592,-0.426697,1.210491,-0.104444,-0.044783,0.038969
22.520000,-0.713649,0.043837,1.158148,-0.085303,-0.122619,0.063077,-0.162099,0.126928,1.207947,-0.109404,-0.125337,0.028055,0.307068,-0.441743,1.225126,-0.119194,-0.092355,0.049459,-0.704171,-0.454451,1.143988,-0.115154,-0.135936,0.087282,-0.220681,-0.427582,1.211258,-0.104435,-0.043702,0.037756
22.540000,-0.715339,0.041412,1.159402,-0.083652,-0.119794,0.062370,-0.164287,0.124429,1.208503,-0.109361,-0.124606,0.027624,0.304674,-0.443584,1.226107,-0.120194,-0.091814,0.048586,-0.706470,-0.457141,1.145723,-0.114665,-0.133031,0.086219,-0.222770,-0.428445,1.212002,-0.104428,-0.042572,0.036555
22.560000,-0.716995,0.039045,1.160642,-0.081951,-0.116866,0.061625,-0.166473,0.121945,1.209052,-0.109239,-0.123701,0.027233,0.302260,-0.445415,1.227070,-0.121218,-0.091236,0.047722,-0.708758,-0.459771,1.147436,-0.114169,-0.129916,0.085104,-0.224858,-0.429285,1.212721,-0.104421,-0.041393,0.035366
22.580000,-0.718616,0.036738,1.161867,-0.080198,-0.113835,0.060844,-0.168656,0.119482,1.209593,-0.109038,-0.122623,0.026882,0.299825,-0.447233,1.228016,-0.122265,-0.090622,0.046867,-0.711036,-0.462336,1.149127,-0.113667,-0.126590,0.083936,-0.226946,-0.430101,1.213416,-0.104415,-0.040163,0.034189
22.600000,-0.720202,0.034493,1.163076,-0.078394,-0.110700,0.060027,-0.170834,0.117042,1.210128,-0.108757,-0.121372,0.026571,0.297369,-0.449039,1.228944,-0.123337,-0.089971,0.046023,-0.713305,-0.464833,1.150793,-0.113158,-0.123053,0.082717,-0.229035,-0.430891,1.214088,-0.104410,-0.038885,0.033024
22.620000,-0.721752,0.032311,1.164268,-0.076550,-0.107452,0.059176,-0.173005,0.114628,1.210656,-0.108389,-0.119941,0.026300,0.294892,-0.450832,1.229857,-0.124430,-0.089287,0.045191,-0.715563,-0.467257,1.152435,-0.112651,-0.119294,0.081454,-0.231123,-0.431656,1.214737,-0.104410,-0.037557,0.031875
22.640000,-0.723264,0.030196,1.165443,-0.074676,-0.104078,0.058296,-0.175169,0.112245,1.211180,-0.107927,-0.118324,0.026066,0.292392,-0.452611,1.230752,-0.125543,-0.088572,0.044374,-0.717811,-0.469603,1.154051,-0.112154,-0.115302,0.080155,-0.233211,-0.432393,1.215364,-0.104418,-0.036180,0.030746
22.660000,-0.724739,0.028149,1.166600,-0.072773,-0.100580,0.057387,-0.177322,0.109896,1.211699,-0.107371,-0.116521,0.025871,0.289870,-0.454375,1.231632,-0.126676,-0.087827,0.043573,-0.720049,-0.471867,1.155641,-0.111667,-0.111076,0.078822,-0.235300,-0.433103,1.215967,-0.104435,-0.034754,0.029637
22.680000,-0.726175,0.026173,1.167738,-0.070840,-0.096957,0.056448,-0.179463,0.107586,1.212215,-0.106720,-0.114533,0.025714,0.287325,-0.456124,1.232495,-0.127829,-0.087052,0.042787,-0.722277,-0.474045,1.157204,-0.111190,-0.106618,0.077453,-0.237389,-0.433783,1.216549,-0.104460,-0.033279,0.028549
22.700000,-0.727572,0.024271,1.168857,-0.068877,-0.093209,0.055480,-0.181590,0.105316,1.212728,-0.105975,-0.112358,0.025595,0.284757,-0.457857,1.233343,-0.129002,-0.086246,0.042016,-0.724497,-0.476131,1.158739,-0.110723,-0.101926,0.076049,-0.239478,-0.434433,1.217109,-0.104494,-0.031754,0.027480
22.720000,-0.728930,0.022446,1.169957,-0.066895,-0.089323,0.054492,-0.183701,0.103092,1.213239,-0.105132,-0.110017,0.025504,0.282165,-0.459573,1.234176,-0.130191,-0.085416,0.041263,-0.726706,-0.478120,1.160245,-0.110267,-0.096993,0.074618,-0.241568,-0.435053,1.217648,-0.104533,-0.030182,0.026428
22.740000,-0.730248,0.020699,1.171037,-0.064903,-0.085284,0.053492,-0.185795,0.100917,1.213748,-0.104188,-0.107528,0.025431,0.279549,-0.461273,1.234994,-0.131391,-0.084567,0.040529,-0.728907,-0.480009,1.161723,-0.109820,-0.091814,0.073167,-0.243660,-0.435640,1.218167,-0.104576,-0.028563,0.025387
22.760000,-0.731526,0.019035,1.172097,-0.062901,-0.081094,0.052482,-0.187868,0.098792,1.214256,-0.103143,-0.104892,0.025375,0.276909,-0.462956,1.235797,-0.132603,-0.083699,0.039815,-0.731099,-0.481791,1.163172,-0.109382,-0.086388,0.071696,-0.245751,-0.436195,1.218664,-0.104621,-0.026898,0.024358
22.780000,-0.732764,0.017457,1.173136,-0.060889,-0.076752,0.051461,-0.189920,0.096722,1.214763,-0.101996,-0.102108,0.025338,0.274245,-0.464621,1.236587,-0.133828,-0.082812,0.039121,-0.733283,-0.483462,1.164591,-0.108954,-0.080716,0.070206,-0.247844,-0.436716,1.219141,-0.104668,-0.025187,0.023341
22.800000,-0.733961,0.015966,1.174155,-0.058868,-0.072258,0.050428,-0.191947,0.094709,1.215270,-0.100748,-0.099176,0.025318,0.271556,-0.466268,1.237362,-0.135064,-0.081906,0.038446,-0.735457,-0.485018,1.165980,-0.108536,-0.074796,0.068696,-0.249938,-0.437202,1.219598,-0.104719,-0.023429,0.022335
22.820000,-0.735119,0.014567,1.175153,-0.056841,-0.067602,0.049391,-0.193949,0.092756,1.215776,-0.099407,-0.096123,0.025310,0.268842,-0.467897,1.238125,-0.136307,-0.080986,0.037791,-0.737624,-0.486453,1.167339,-0.108137,-0.068641,0.067172,-0.252033,-0.437653,1.220035,-0.104776,-0.021626,0.021344
22.840000,-0.736235,0.013263,1.176131,-0.054812,-0.062774,0.048357,-0.195923,0.090865,1.216282,-0.097980,-0.092973,0.025307,0.266103,-0.469508,1.238874,-0.137553,-0.080058,0.037157,-0.739783,-0.487762,1.168667,-0.107768,-0.062261,0.065639,-0.254129,-0.438067,1.220452,-0.104845,-0.019779,0.020369
22.860000,-0.737311,0.012058,1.177088,-0.052782,-0.057775,0.047326,-0.197868,0.089037,1.216788,-0.096468,-0.089727,0.025309,0.263340,-0.471099,1.239611,-0.138802,-0.079122,0.036543,-0.741935,-0.488942,1.169964,-0.107430,-0.055657,0.064099,-0.256227,-0.438444,1.220849,-0.104923,-0.017889,0.019412
22.880000,-0.738346,0.010954,1.178024,-0.050751,-0.052605,0.046298,-0.199781,0.087276,1.217295,-0.094869,-0.086385,0.025315,0.260551,-0.472672,1.240336,-0.140053,-0.078176,0.035949,-0.744081,-0.489987,1.171231,-0.107121,-0.048829,0.062549,-0.258326,-0.438782,1.221228,-0.105013,-0.015954,0.018473
22.900000,-0.739341,0.009955,1.178940,-0.048718,-0.047262,0.045272,-0.201662,0.085583,1.217801,-0.093185,-0.082947,0.025327,0.257738,-0.474226,1.241049,-0.141307,-0.077223,0.035375,-0.746220,-0.490893,1.172466,-0.106843,-0.041777,0.060991,-0.260428,-0.439082,1.221588,-0.105113,-0.013975,0.017550
22.920000,-0.740295,0.009064,1.179835,-0.046680,-0.041749,0.044254,-0.203508,0.083959,1.218308,-0.091431,-0.079443,0.025339,0.254899,-0.475761,1.241751,-0.142559,-0.076265,0.034821,-0.748355,-0.491657,1.173670,-0.106609,-0.034531,0.059425,-0.262531,-0.439341,1.221930,-0.105222,-0.011957,0.016646
22.940000,-0.741208,0.008286,1.180710,-0.044635,-0.036066,0.043248,-0.205319,0.082405,1.218815,-0.089623,-0.075905,0.025344,0.252035,-0.477277,1.242442,-0.143803,-0.075308,0.034283,-0.750485,-0.492274,1.174843,-0.106433,-0.027120,0.057850,-0.264637,-0.439560,1.222254,-0.105340,-0.009902,0.015761
22.960000,-0.742080,0.007623,1.181565,-0.042583,-0.030213,0.042253,-0.207093,0.080923,1.219321,-0.087760,-0.072333,0.025345,0.249147,-0.478774,1.243122,-0.145041,-0.074353,0.033762,-0.752612,-0.492740,1.175984,-0.106315,-0.019544,0.056266,-0.266745,-0.439737,1.222561,-0.105466,-0.007812,0.014896
22.980000,-0.742911,0.007078,1.182400,-0.040523,-0.024189,0.041270,-0.208829,0.079512,1.219828,-0.085842,-0.068727,0.025340,0.246234,-0.480251,1.243793,-0.146271,-0.073398,0.033259,-0.754738,-0.493054,1.177094,-0.106256,-0.011804,0.054673,-0.268855,-0.439872,1.222850,-0.105601,-0.005686,0.014049
23.000000,-0.743701,0.006656,1.183216,-0.038455,-0.017995,0.040299,-0.210526,0.078174,1.220335,-0.083870,-0.065086,0.025329,0.243296,-0.481710,1.244453,-0.147495,-0.072444,0.032772,-0.756863,-0.493211,1.178171,-0.106255,-0.003899,0.053071,-0.270969,-0.439964,1.223123,-0.105744,-0.003525,0.013222
23.020000,-0.744450,0.006360,1.184012,-0.036390,-0.011654,0.039343,-0.212183,0.076909,1.220841,-0.081865,-0.061446,0.025307,0.240334,-0.483149,1.245104,-0.148706,-0.071495,0.032299,-0.758988,-0.493209,1.179217,-0.106320,0.004133,0.051468,-0.273085,-0.440013,1.223379,-0.105901,-0.001332,0.012422
23.040000,-0.745157,0.006191,1.184789,-0.034336,-0.005186,0.038407,-0.213801,0.075716,1.221347,-0.079847,-0.057842,0.025268,0.237348,-0.484569,1.245745,-0.149902,-0.070556,0.031837,-0.761116,-0.493046,1.180230,-0.106459,0.012254,0.049869,-0.275205,-0.440017,1.223620,-0.106076,0.000888,0.011656
23.060000,-0.745823,0.006153,1.185548,-0.032294,0.001409,0.037490,-0.215377,0.074595,1.221852,-0.077818,-0.054275,0.025213,0.234338,-0.485971,1.246377,-0.151082,-0.069625,0.031384,-0.763247,-0.492719,1.181211,-0.106671,0.020466,0.048275,-0.277328,-0.439977,1.223846,-0.106271,0.003135,0.010925
23.080000,-0.746449,0.006248,1.186289,-0.030263,0.008129,0.036592,-0.216913,0.073545,1.222356,-0.075777,-0.050744,0.025141,0.231305,-0.487354,1.247000,-0.152246,-0.068703,0.030942,-0.765384,-0.492226,1.182161,-0.106957,0.028768,0.046686,-0.279456,-0.439892,1.224057,-0.106486,0.005409,0.010228
23.100000,-0.747034,0.006479,1.187012,-0.028244,0.014976,0.035714,-0.218408,0.072565,1.222858,-0.073724,-0.047249,0.025053,0.228248,-0.488719,1.247615,-0.153395,-0.067790,0.030510,-0.767526,-0.491567,1.183079,-0.107316,0.037160,0.045102,-0.281588,-0.439760,1.224255,-0.106719,0.007710,0.009566
23.120000,-0.747579,0.006848,1.187718,-0.026251,0.021917,0.034858,-0.219862,0.071654,1.223358,-0.071672,-0.043823,0.024941,0.225169,-0.490066,1.248221,-0.154524,-0.066889,0.030085,-0.769677,-0.490740,1.183965,-0.107751,0.045590,0.043529,-0.283725,-0.439583,1.224440,-0.106974,0.010034,0.008944
23.140000,-0.748084,0.007356,1.188407,-0.024298,0.028922,0.034029,-0.221275,0.070811,1.223855,-0.069638,-0.040495,0.024798,0.222068,-0.491395,1.248818,-0.155630,-0.066001,0.029661,-0.771837,-0.489744,1.184820,-0.108262,0.054004,0.041976,-0.285867,-0.439359,1.224613,-0.107251,0.012375,0.008370
23.160000,-0.748551,0.008005,1.189079,-0.022386,0.035991,0.033226,-0.222648,0.070034,1.224349,-0.067619,-0.037267,0.024624,0.218944,-0.492706,1.249407,-0.156715,-0.065128,0.029240,-0.774008,-0.488580,1.185644,-0.108851,0.062404,0.040441,-0.288015,-0.439088,1.224775,-0.107552,0.014735,0.007842
23.180000,-0.748980,0.008796,1.189736,-0.020514,0.043123,0.032449,-0.223980,0.069320,1.224840,-0.065617,-0.034137,0.024418,0.215799,-0.494000,1.249988,-0.157777,-0.064268,0.028822,-0.776191,-0.487248,1.186438,-0.109516,0.070788,0.038926,-0.290169,-0.438769,1.224927,-0.107877,0.017113,0.007362
23.200000,-0.749372,0.009730,1.190377,-0.018681,0.050318,0.031698,-0.225273,0.068668,1.225326,-0.063632,-0.031107,0.024182,0.212633,-0.495277,1.250560,-0.158817,-0.063423,0.028406,-0.778389,-0.485748,1.187201,-0.110259,0.079158,0.037430,-0.292330,-0.438403,1.225070,-0.108224,0.019509,0.006929
23.220000,-0.749727,0.010809,1.191004,-0.016898,0.057537,0.030974,-0.226526,0.068075,1.225807,-0.061680,-0.028201,0.023908,0.209447,-0.496537,1.251124,-0.159834,-0.062591,0.027990,-0.780602,-0.484082,1.187935,-0.111075,0.087470,0.035959,-0.294498,-0.437989,1.225205,-0.108590,0.021915,0.006541
23.240000,-0.750048,0.012032,1.191617,-0.015173,0.064741,0.030281,-0.227740,0.067539,1.226282,-0.059778,-0.025445,0.023590,0.206240,-0.497781,1.251680,-0.160825,-0.061772,0.027572,-0.782832,-0.482250,1.188640,-0.111962,0.095684,0.034519,-0.296674,-0.437527,1.225332,-0.108969,0.024324,0.006196
23.260000,-0.750335,0.013398,1.192215,-0.013504,0.071928,0.029616,-0.228917,0.067056,1.226750,-0.057927,-0.022839,0.023228,0.203014,-0.499008,1.252227,-0.161792,-0.060967,0.027153,-0.785081,-0.480255,1.189316,-0.112920,0.103798,0.033109,-0.298857,-0.437016,1.225453,-0.109361,0.026736,0.005896
23.280000,-0.750589,0.014909,1.192801,-0.011893,0.079099,0.028980,-0.230058,0.066624,1.227211,-0.056127,-0.020383,0.022822,0.199768,-0.500220,1.252766,-0.162733,-0.060174,0.026731,-0.787350,-0.478099,1.189965,-0.113948,0.111814,0.031730,-0.301048,-0.436457,1.225568,-0.109767,0.029150,0.005639
23.300000,-0.750811,0.016562,1.193375,-0.010340,0.086254,0.028374,-0.231163,0.066240,1.227663,-0.054377,-0.018077,0.022371,0.196505,-0.501415,1.253296,-0.163650,-0.059395,0.026308,-0.789639,-0.475783,1.190586,-0.115047,0.119730,0.030381,-0.303248,-0.435850,1.225679,-0.110185,0.031566,0.005425
23.320000,-0.751003,0.018359,1.193937,-0.008844,0.093355,0.027796,-0.232233,0.065900,1.228105,-0.052684,-0.015931,0.021871,0.193223,-0.502595,1.253818,-0.164542,-0.058625,0.025886,-0.791952,-0.473311,1.191180,-0.116205,0.127505,0.029068,-0.305456,-0.435195,1.225785,-0.110614,0.033971,0.005247
23.340000,-0.751165,0.020296,1.194487,-0.007406,0.100365,0.027245,-0.233270,0.065601,1.228537,-0.051054,-0.013958,0.021316,0.189923,-0.503760,1.254332,-0.165410,-0.057859,0.025467,-0.794288,-0.470684,1.191749,-0.117409,0.135095,0.027795,-0.307673,-0.434491,1.225889,-0.111052,0.036351,0.005097
23.360000,-0.751299,0.022373,1.195027,-0.006025,0.107282,0.026721,-0.234276,0.065340,1.228957,-0.049486,-0.012156,0.020706,0.186606,-0.504910,1.254837,-0.166253,-0.057097,0.025052,-0.796649,-0.467908,1.192292,-0.118660,0.142501,0.026563,-0.309898,-0.433741,1.225990,-0.111497,0.038706,0.004976
23.380000,-0.751406,0.024587,1.195556,-0.004702,0.114107,0.026224,-0.235250,0.065114,1.229365,-0.047982,-0.010525,0.020041,0.183273,-0.506044,1.255334,-0.167072,-0.056340,0.024641,-0.799035,-0.464985,1.192811,-0.119958,0.149722,0.025372,-0.312132,-0.432943,1.226088,-0.111951,0.041035,0.004882
23.400000,-0.751488,0.026936,1.196076,-0.003436,0.120841,0.025754,-0.236195,0.064918,1.229759,-0.046540,-0.009067,0.019320,0.179924,-0.507163,1.255823,-0.167867,-0.055587,0.024234,-0.801447,-0.461920,1.193307,-0.121303,0.156759,0.024220,-0.314376,-0.432099,1.226185,-0.112413,0.043339,0.004817
23.420000,-0.751544,0.029419,1.196586,-0.002223,0.127454,0.025307,-0.237112,0.064750,1.230137,-0.045163,-0.007778,0.018547,0.176559,-0.508268,1.256303,-0.168638,-0.054828,0.023829,-0.803887,-0.458716,1.193781,-0.122675,0.163589,0.023113,-0.316629,-0.431210,1.226281,-0.112884,0.045614,0.004776
23.440000,-0.751577,0.032033,1.197088,-0.001059,0.133918,0.024880,-0.238002,0.064606,1.230500,-0.043851,-0.006654,0.017722,0.173178,-0.509356,1.256776,-0.169387,-0.054052,0.023424,-0.806354,-0.455378,1.194232,-0.124055,0.170190,0.022051,-0.318892,-0.430275,1.226376,-0.113363,0.047858,0.004757
23.460000,-0.751587,0.034775,1.197582,0.000055,0.140232,0.024473,-0.238867,0.064483,1.230846,-0.042605,-0.005697,0.016846,0.169783,-0.510430,1.257240,-0.170114,-0.053260,0.023021,-0.808849,-0.451910,1.194663,-0.125442,0.176563,0.021036,-0.321164,-0.429296,1.226471,-0.113851,0.050070,0.004759
23.480000,-0.751575,0.037642,1.198067,0.001121,0.146397,0.024086,-0.239707,0.064377,1.231174,-0.041424,-0.004906,0.015918,0.166374,-0.511487,1.257697,-0.170819,-0.052451,0.022618,-0.811372,-0.448317,1.195074,-0.126837,0.182706,0.020068,-0.323446,-0.428273,1.226567,-0.114347,0.052251,0.004783
23.500000,-0.751542,0.040630,1.198545,0.002138,0.152412,0.023719,-0.240524,0.064285,1.231482,-0.040309,-0.004282,0.014939,0.162951,-0.512528,1.258145,-0.171500,-0.051625,0.022215,-0.813923,-0.444604,1.195466,-0.128240,0.188621,0.019145,-0.325738,-0.427206,1.226663,-0.114852,0.054400,0.004828
23.520000,-0.751490,0.043737,1.199016,0.003110,0.158263,0.023372,-0.241320,0.064205,1.231771,-0.039249,-0.003808,0.013917,0.159514,-0.513552,1.258585,-0.172162,-0.050778,0.021815,-0.816501,-0.440774,1.195840,-0.129623,0.194293,0.018271,-0.328040,-0.426097,1.226760,-0.115362,0.056528,0.004901
23.540000,-0.751418,0.046959,1.199480,0.004043,0.163932,0.023045,-0.242094,0.064132,1.232039,-0.038234,-0.003471,0.012858,0.156064,-0.514559,1.259018,-0.172806,-0.049906,0.021418,-0.819107,-0.436834,1.196197,-0.130957,0.199710,0.017446,-0.330352,-0.424945,1.226859,-0.115874,0.058644,0.005008
23.560000,-0.751328,0.050293,1.199938,0.004936,0.169421,0.022738,-0.242849,0.064065,1.232285,-0.037263,-0.003271,0.011764,0.152602,-0.515548,1.259442,-0.173431,-0.049009,0.021025,-0.821739,-0.432787,1.196538,-0.132242,0.204870,0.016670,-0.332675,-0.423751,1.226961,-0.116387,0.060750,0.005149
23.580000,-0.751221,0.053735,1.200390,0.005789,0.174729,0.022452,-0.243585,0.064000,1.232509,-0.036337,-0.003208,0.010634,0.149127,-0.516519,1.259859,-0.174039,-0.048086,0.020635,-0.824397,-0.428641,1.196864,-0.133479,0.209775,0.015944,-0.335008,-0.422515,1.227065,-0.116903,0.062845,0.005325
23.600000,-0.751097,0.057281,1.200836,0.006602,0.179856,0.022186,-0.244303,0.063936,1.232710,-0.035456,-0.003281,0.009468,0.145640,-0.517471,1.260267,-0.174628,-0.047138,0.020248,-0.827078,-0.424398,1.197176,-0.134668,0.214423,0.015266,-0.337351,-0.421237,1.227174,-0.117420,0.064929,0.005534
23.620000,-0.750957,0.060928,1.201277,0.007385,0.184802,0.021938,-0.245004,0.063868,1.232888,-0.034614,-0.003471,0.008280,0.142142,-0.518404,1.260668,-0.175202,-0.046164,0.019866,-0.829783,-0.420065,1.197475,-0.135775,0.218823,0.014638,-0.339704,-0.419918,1.227287,-0.117933,0.067000,0.005775
23.640000,-0.750802,0.064672,1.201714,0.008145,0.189564,0.021704,-0.245688,0.063796,1.233041,-0.033805,-0.003761,0.007084,0.138632,-0.519317,1.261062,-0.175761,-0.045167,0.019493,-0.832509,-0.415647,1.197762,-0.136769,0.222981,0.014058,-0.342068,-0.418557,1.227405,-0.118436,0.069059,0.006045
23.660000,-0.750631,0.068509,1.202146,0.008883,0.194145,0.021487,-0.246356,0.063717,1.233171,-0.033029,-0.004148,0.005880,0.135112,-0.520211,1.261448,-0.176307,-0.044145,0.019128,-0.835253,-0.411148,1.198038,-0.137648,0.226897,0.013527,-0.344442,-0.417156,1.227529,-0.118929,0.071105,0.006346
23.680000,-0.750447,0.072437,1.202573,0.009599,0.198542,0.021284,-0.247009,0.063630,1.233276,-0.032287,-0.004635,0.004667,0.131580,-0.521083,1.261827,-0.176839,-0.043099,0.018771,-0.838014,-0.406573,1.198304,-0.138413,0.230571,0.013044,-0.346825,-0.415713,1.227659,-0.119411,0.073138,0.006676
23.700000,-0.750248,0.076450,1.202997,0.010293,0.202757,0.021097,-0.247648,0.063531,1.233358,-0.031577,-0.005219,0.003447,0.128038,-0.521934,1.262199,-0.177356,-0.042028,0.018422,-0.840789,-0.401926,1.198560,-0.139064,0.234003,0.012610,-0.349218,-0.414230,1.227796,-0.119882,0.075158,0.007036
23.720000,-0.750035,0.080546,1.203417,0.010980,0.206785,0.020927,-0.248272,0.063420,1.233414,-0.030884,-0.005873,0.002237,0.124486,-0.522764,1.262564,-0.177862,-0.040938,0.018083,-0.843575,-0.397214,1.198808,-0.139574,0.237210,0.012222,-0.351620,-0.412707,1.227941,-0.120340,0.077170,0.007426
23.740000,-0.749808,0.084720,1.203834,0.011677,0.210625,0.020776,-0.248883,0.063296,1.233447,-0.030194,-0.006568,0.001056,0.120924,-0.523572,1.262923,-0.178358,-0.039832,0.017756,-0.846370,-0.392439,1.199049,-0.139914,0.240207,0.011878,-0.354032,-0.411143,1.228093,-0.120780,0.079180,0.007845
23.760000,-0.749568,0.088969,1.204248,0.012383,0.214275,0.020645,-0.249480,0.063157,1.233457,-0.029504,-0.007302,-0.000094,0.117352,-0.524357,1.263274,-0.178843,-0.038711,0.017441,-0.849171,-0.387607,1.199284,-0.140084,0.242994,0.011579,-0.356451,-0.409540,1.228255,-0.121202,0.081187,0.008295
23.780000,-0.749313,0.093290,1.204660,0.013098,0.217735,0.020533,-0.250063,0.063004,1.233444,-0.028816,-0.008076,-0.001215,0.113770,-0.525120,1.263620,-0.179319,-0.037574,0.017139,-0.851973,-0.382721,1.199513,-0.140085,0.245571,0.011324,-0.358880,-0.407896,1.228425,-0.121606,0.083191,0.008774
23.800000,-0.749044,0.097677,1.205070,0.013823,0.221006,0.020440,-0.250633,0.062834,1.233408,-0.028130,-0.008891,-0.002307,0.110179,-0.525860,1.263960,-0.179784,-0.036423,0.016848,-0.854773,-0.377786,1.199737,-0.139917,0.247939,0.011114,-0.361316,-0.406212,1.228606,-0.121992,0.085194,0.009283
23.820000,-0.748760,0.102129,1.205478,0.014576,0.224093,0.020366,-0.251188,0.062648,1.233352,-0.027423,-0.009715,-0.003349,0.106579,-0.526577,1.264294,-0.180241,-0.035263,0.016571,-0.857568,-0.372805,1.199957,-0.139563,0.250123,0.010944,-0.363759,-0.404488,1.228797,-0.122363,0.087181,0.009810
23.840000,-0.748460,0.106640,1.205885,0.015376,0.227002,0.020309,-0.251729,0.062446,1.233275,-0.026674,-0.010517,-0.004325,0.102970,-0.527271,1.264623,-0.180692,-0.034105,0.016307,-0.860354,-0.367782,1.200175,-0.139010,0.252149,0.010812,-0.366210,-0.402725,1.228998,-0.122720,0.089143,0.010344
23.860000,-0.748144,0.111208,1.206290,0.016224,0.229732,0.020271,-0.252255,0.062227,1.233179,-0.025883,-0.011299,-0.005233,0.099351,-0.527941,1.264947,-0.181136,-0.032946,0.016057,-0.863127,-0.362720,1.200390,-0.138257,0.254017,0.010717,-0.368668,-0.400923,1.229210,-0.123064,0.091078,0.010885
23.880000,-0.747811,0.115828,1.206696,0.017119,0.232284,0.020250,-0.252765,0.061994,1.233066,-0.025050,-0.012060,-0.006073,0.095724,-0.528588,1.265265,-0.181574,-0.031787,0.015821,-0.865883,-0.357622,1.200604,-0.137305,0.255727,0.010660,-0.371132,-0.399082,1.229434,-0.123395,0.092987,0.011433
23.900000,-0.747459,0.120498,1.207101,0.018062,0.234658,0.020247,-0.253257,0.061745,1.232937,-0.024175,-0.012799,-0.006846,0.092088,-0.529213,1.265580,-0.182006,-0.030629,0.015598,-0.868618,-0.352492,1.200817,-0.136152,0.257279,0.010640,-0.373604,-0.397203,1.229668,-0.123712,0.094870,0.011987
23.920000,-0.747088,0.125213,1.207506,0.019065,0.236864,0.020265,-0.253731,0.061482,1.232793,-0.023251,-0.013485,-0.007545,0.088444,-0.529814,1.265889,-0.182434,-0.029481,0.015388,-0.871328,-0.347332,1.201030,-0.134798,0.258703,0.010653,-0.376081,-0.395288,1.229913,-0.124018,0.096720,0.012538
23.940000,-0.746696,0.129971,1.207911,0.020140,0.238915,0.020308,-0.254186,0.061206,1.232636,-0.022269,-0.014086,-0.008164,0.084791,-0.530392,1.266195,-0.182859,-0.028352,0.015188,-0.874009,-0.342144,1.201243,-0.133238,0.260027,0.010693,-0.378564,-0.393335,1.230169,-0.124313,0.098530,0.013074
23.960000,-0.746282,0.134769,1.208318,0.021288,0.240808,0.020374,-0.254622,0.060919,1.232467,-0.021231,-0.014602,-0.008703,0.081130,-0.530948,1.266497,-0.183283,-0.027244,0.015000,-0.876656,-0.336931,1.201458,-0.131473,0.261252,0.010760,-0.381053,-0.391347,1.230436,-0.124600,0.100300,0.013595
23.980000,-0.745844,0.139603,1.208726,0.022508,0.242546,0.020466,-0.255035,0.060623,1.232288,-0.020136,-0.015032,-0.009162,0.077460,-0.531482,1.266795,-0.183704,-0.026155,0.014823,-0.879266,-0.331695,1.201674,-0.129504,0.262377,0.010855,-0.383548,-0.389323,1.230713,-0.124876,0.102029,0.014102
24.000000,-0.745381,0.144470,1.209137,0.023802,0.244127,0.020582,-0.255427,0.060319,1.232101,-0.018984,-0.015377,-0.009540,0.073781,-0.531994,1.267090,-0.184124,-0.025085,0.014657,-0.881835,-0.326437,1.201892,-0.127329,0.263402,0.010977,-0.386048,-0.387266,1.231000,-0.125143,0.103719,0.014594
24.020000,-0.744892,0.149367,1.209550,0.025173,0.245565,0.020718,-0.255794,0.060009,1.231907,-0.017786,-0.015608,-0.009840,0.070095,-0.532485,1.267382,-0.184537,-0.024033,0.014499,-0.884358,-0.321159,1.202113,-0.124961,0.264359,0.011118,-0.388554,-0.385175,1.231297,-0.125405,0.105365,0.015069
24.040000,-0.744374,0.154291,1.209966,0.026626,0.246875,0.020872,-0.256138,0.059695,1.231708,-0.016551,-0.015698,-0.010061,0.066400,-0.532956,1.267670,-0.184939,-0.022995,0.014347,-0.886832,-0.315863,1.202337,-0.122409,0.265281,0.011266,-0.391064,-0.383051,1.231603,-0.125666,0.106963,0.015524
24.060000,-0.743826,0.159241,1.210385,0.028162,0.248055,0.021043,-0.256456,0.059382,1.231505,-0.015280,-0.015646,-0.010205,0.062697,-0.533405,1.267956,-0.185330,-0.021970,0.014200,-0.889253,-0.310548,1.202564,-0.119675,0.266166,0.011423,-0.393580,-0.380897,1.231917,-0.125927,0.108513,0.015960
24.080000,-0.743247,0.164213,1.210808,0.029780,0.249106,0.021231,-0.256749,0.059070,1.231300,-0.013972,-0.015453,-0.010272,0.058987,-0.533834,1.268238,-0.185710,-0.020960,0.014058,-0.891618,-0.305216,1.202794,-0.116758,0.267016,0.011588,-0.396102,-0.378711,1.232241,-0.126187,0.110015,0.016376
24.100000,-0.742634,0.169204,1.211234,0.031480,0.250027,0.021437,-0.257015,0.058764,1.231095,-0.012628,-0.015118,-0.010261,0.055269,-0.534244,1.268518,-0.186079,-0.019963,0.013921,-0.893922,-0.299868,1.203027,-0.113657,0.267830,0.011761,-0.398628,-0.376496,1.232572,-0.126447,0.111469,0.016772
24.120000,-0.741987,0.174213,1.211665,0.033257,0.250832,0.021650,-0.257254,0.058467,1.230890,-0.011267,-0.014618,-0.010178,0.051544,-0.534633,1.268795,-0.186435,-0.018980,0.013787,-0.896163,-0.294503,1.203264,-0.110403,0.268622,0.011934,-0.401159,-0.374253,1.232912,-0.126709,0.112871,0.017143
24.140000,-0.741304,0.179237,1.212100,0.035104,0.251531,0.021860,-0.257466,0.058181,1.230688,-0.009909,-0.013928,-0.010029,0.047812,-0.535003,1.269069,-0.186776,-0.018008,0.013652,-0.898338,-0.289123,1.203504,-0.107022,0.269405,0.012098,-0.403696,-0.371982,1.233258,-0.126974,0.114219,0.017485
24.160000,-0.740583,0.184273,1.212539,0.037021,0.252125,0.022066,-0.257650,0.057911,1.230489,-0.008554,-0.013049,-0.009814,0.044073,-0.535354,1.269341,-0.187101,-0.017048,0.013516,-0.900443,-0.283727,1.203748,-0.103515,0.270179,0.012252,-0.406238,-0.369684,1.233611,-0.127242,0.115512,0.017797
24.180000,-0.739822,0.189321,1.212983,0.039008,0.252613,0.022271,-0.257808,0.057660,1.230296,-0.007202,-0.011982,-0.009533,0.040328,-0.535685,1.269610,-0.187410,-0.016101,0.013380,-0.902477,-0.278316,1.203994,-0.099882,0.270945,0.012398,-0.408786,-0.367362,1.233970,-0.127514,0.116750,0.018079
24.200000,-0.739022,0.194377,1.213430,0.041066,0.252996,0.022472,-0.257938,0.057433,1.230108,-0.005852,-0.010724,-0.009187,0.036577,-0.535998,1.269876,-0.187703,-0.015165,0.013243,-0.904438,-0.272890,1.204244,-0.096123,0.271702,0.012534,-0.411339,-0.365015,1.234334,-0.127790,0.117933,0.018331
24.220000,-0.738179,0.199440,1.213882,0.043175,0.253287,0.022661,-0.258042,0.057233,1.229929,-0.004524,-0.009282,-0.008786,0.032820,-0.536292,1.270140,-0.187977,-0.014238,0.013105,-0.906322,-0.267448,1.204496,-0.092285,0.272455,0.012659,-0.413898,-0.362645,1.234703,-0.128069,0.119061,0.018555
24.240000,-0.737294,0.204508,1.214337,0.045320,0.253498,0.022828,-0.258120,0.057063,1.229757,-0.003236,-0.007660,-0.008341,0.029058,-0.536567,1.270400,-0.188228,-0.013314,0.012968,-0.908129,-0.261991,1.204750,-0.088415,0.273207,0.012768,-0.416462,-0.360253,1.235076,-0.128354,0.120134,0.018754
24.260000,-0.736366,0.209580,1.214795,0.047500,0.253629,0.022973,-0.258172,0.056927,1.229595,-0.001988,-0.005856,-0.007853,0.025291,-0.536824,1.270658,-0.188456,-0.012396,0.012830,-0.909858,-0.256520,1.205006,-0.084512,0.273959,0.012862,-0.419032,-0.357840,1.235453,-0.128644,0.121153,0.018928
24.280000,-0.735394,0.214653,1.215255,0.049715,0.253680,0.023096,-0.258199,0.056830,1.229443,-0.000780,-0.003871,-0.007321,0.021520,-0.537063,1.270914,-0.188661,-0.011481,0.012692,-0.911509,-0.251033,1.205264,-0.080578,0.274710,0.012940,-0.421608,-0.355407,1.235833,-0.128939,0.122117,0.019076
24.300000,-0.734377,0.219726,1.215718,0.051965,0.253651,0.023197,-0.258203,0.056774,1.229303,0.000388,-0.001706,-0.006745,0.017745,-0.537284,1.271166,-0.188842,-0.010571,0.012554,-0.913081,-0.245531,1.205524,-0.076610,0.275461,0.013004,-0.424189,-0.352955,1.236215,-0.129239,0.123026,0.019198
24.320000,-0.733315,0.224798,1.216183,0.054236,0.253560,0.023271,-0.258184,0.056763,1.229174,0.001510,0.000617,-0.006130,0.013966,-0.537486,1.271416,-0.189002,-0.009662,0.012413,-0.914574,-0.240015,1.205784,-0.072651,0.276209,0.013049,-0.426777,-0.350486,1.236600,-0.129534,0.123886,0.019298
24.340000,-0.732208,0.229868,1.216649,0.056513,0.253422,0.023312,-0.258143,0.056799,1.229058,0.002581,0.003075,-0.005479,0.010185,-0.537670,1.271663,-0.189143,-0.008751,0.012267,-0.915987,-0.234483,1.206046,-0.068740,0.276953,0.013072,-0.429371,-0.348000,1.236987,-0.129815,0.124703,0.019378
24.360000,-0.731055,0.234935,1.217115,0.058796,0.253238,0.023320,-0.258081,0.056886,1.228955,0.003600,0.005668,-0.004792,0.006400,-0.537836,1.271906,-0.189263,-0.007838,0.012116,-0.917323,-0.228936,1.206307,-0.064877,0.277692,0.013073,-0.431970,-0.345498,1.237375,-0.130082,0.125477,0.019438
24.380000,-0.729856,0.239998,1.217581,0.061086,0.253008,0.023295,-0.257999,0.057027,1.228866,0.004567,0.008395,-0.004070,0.002614,-0.537984,1.272147,-0.189363,-0.006924,0.011961,-0.918583,-0.223375,1.206568,-0.061061,0.278427,0.013051,-0.434574,-0.342981,1.237765,-0.130336,0.126207,0.019479
24.400000,-0.728611,0.245055,1.218047,0.063381,0.252732,0.023238,-0.257899,0.057223,1.228792,0.005483,0.011258,-0.003312,-0.001174,-0.538113,1.272385,-0.189444,-0.006007,0.011800,-0.919766,-0.217799,1.206829,-0.057294,0.279157,0.013008,-0.437183,-0.340450,1.238154,-0.130575,0.126894,0.019499
24.420000,-0.727321,0.250107,1.218511,0.065679,0.252415,0.023149,-0.257780,0.057478,1.228734,0.006358,0.014208,-0.002520,-0.004963,-0.538224,1.272619,-0.189512,-0.005088,0.011628,-0.920875,-0.212209,1.207089,-0.053604,0.279883,0.012942,-0.439797,-0.337906,1.238544,-0.130789,0.127546,0.019499
24.440000,-0.725984,0.255151,1.218973,0.067976,0.252061,0.023030,-0.257645,0.057792,1.228692,0.007203,0.017198,-0.001694,-0.008754,-0.538316,1.272850,-0.189574,-0.004165,0.011440,-0.921911,-0.206604,1.207347,-0.050021,0.280607,0.012853,-0.442414,-0.335349,1.238934,-0.130966,0.128170,0.019478
24.460000,-0.724602,0.260189,1.219432,0.070270,0.251670,0.022882,-0.257492,0.058166,1.228666,0.008018,0.020229,-0.000835,-0.012546,-0.538390,1.273077,-0.189631,-0.003239,0.011235,-0.922877,-0.200985,1.207603,-0.046544,0.281327,0.012741,-0.445035,-0.332779,1.239323,-0.131108,0.128766,0.019437
24.480000,-0.723174,0.265218,1.219888,0.072562,0.251243,0.022705,-0.257324,0.058601,1.228659,0.008802,0.023301,0.000058,-0.016340,-0.538446,1.273299,-0.189682,-0.002309,0.011014,-0.923774,-0.195351,1.207856,-0.043175,0.282044,0.012605,-0.447658,-0.330198,1.239712,-0.131213,0.129334,0.019375
24.500000,-0.721699,0.270238,1.220340,0.074853,0.250780,0.022498,-0.257141,0.059098,1.228669,0.009555,0.026413,0.000984,-0.020134,-0.538483,1.273517,-0.189727,-0.001375,0.010775,-0.924604,-0.189703,1.208107,-0.039912,0.282758,0.012446,-0.450283,-0.327606,1.240098,-0.131283,0.129875,0.019292
24.520000,-0.720179,0.275249,1.220787,0.077139,0.250284,0.022262,-0.256942,0.059658,1.228698,0.010289,0.029525,0.001941,-0.023929,-0.538501,1.273730,-0.189769,-0.000433,0.010520,-0.925371,-0.184041,1.208354,-0.036774,0.283476,0.012262,-0.452909,-0.325003,1.240483,-0.131306,0.130397,0.019194
24.540000,-0.718614,0.280249,1.221230,0.079418,0.249760,0.022001,-0.256729,0.060279,1.228747,0.011013,0.032596,0.002927,-0.027724,-0.538500,1.273938,-0.189810,0.000522,0.010246,-0.926076,-0.178364,1.208597,-0.033777,0.284205,0.012048,-0.455535,-0.322390,1.240866,-0.131276,0.130908,0.019088
24.560000,-0.717003,0.285239,1.221667,0.081691,0.249208,0.021712,-0.256502,0.060961,1.228816,0.011726,0.035627,0.003940,-0.031521,-0.538480,1.274140,-0.189851,0.001491,0.009955,-0.926723,-0.172672,1.208835,-0.030922,0.284946,0.011806,-0.458160,-0.319767,1.241247,-0.131191,0.131409,0.018973
24.580000,-0.715346,0.290218,1.222098,0.083957,0.248628,0.021397,-0.256260,0.061704,1.228905,0.012430,0.038616,0.004981,-0.035318,-0.538440,1.274336,-0.189892,0.002472,0.009645,-0.927314,-0.166966,1.209069,-0.028209,0.285698,0.011536,-0.460783,-0.317134,1.241625,-0.131051,0.131901,0.018849
24.600000,-0.713645,0.295184,1.222523,0.086216,0.248020,0.021055,-0.256005,0.062506,1.229015,0.013123,0.041565,0.006051,-0.039117,-0.538381,1.274525,-0.189931,0.003466,0.009318,-0.927852,-0.161244,1.209297,-0.025638,0.286462,0.011236,-0.463402,-0.314491,1.242001,-0.130857,0.132382,0.018716
24.620000,-0.711898,0.300138,1.222940,0.088465,0.247394,0.020682,-0.255735,0.063366,1.229147,0.013818,0.044443,0.007148,-0.042916,-0.538301,1.274708,-0.189971,0.004479,0.008976,-0.928340,-0.155508,1.209518,-0.023206,0.287232,0.010916,-0.466016,-0.311839,1.242373,-0.130603,0.132859,0.018575
24.640000,-0.710106,0.305080,1.223350,0.090699,0.246763,0.020275,-0.255452,0.064283,1.229301,0.014525,0.047220,0.008270,-0.046715,-0.538202,1.274884,-0.190009,0.005517,0.008620,-0.928781,-0.149755,1.209733,-0.020911,0.288004,0.010581,-0.468625,-0.309177,1.242743,-0.130282,0.133341,0.018425
24.660000,-0.708270,0.310009,1.223751,0.092919,0.246126,0.019834,-0.255154,0.065254,1.229478,0.015244,0.049897,0.009417,-0.050516,-0.538081,1.275053,-0.190048,0.006579,0.008252,-0.929178,-0.143987,1.209941,-0.018753,0.288776,0.010233,-0.471227,-0.306505,1.243110,-0.129896,0.133826,0.018267
24.680000,-0.706389,0.314925,1.224143,0.095124,0.245483,0.019358,-0.254842,0.066278,1.229678,0.015975,0.052474,0.010590,-0.054317,-0.537938,1.275214,-0.190087,0.007666,0.007871,-0.929532,-0.138204,1.210142,-0.016731,0.289549,0.009871,-0.473821,-0.303824,1.243474,-0.129444,0.134314,0.018100
24.700000,-0.704465,0.319828,1.224525,0.097314,0.244834,0.018848,-0.254515,0.067352,1.229902,0.016719,0.054950,0.011789,-0.058120,-0.537774,1.275368,-0.190125,0.008777,0.007477,-0.929848,-0.132405,1.210336,-0.014847,0.290324,0.009495,-0.476405,-0.301133,1.243834,-0.128926,0.134807,0.017925
24.720000,-0.702497,0.324718,1.224897,0.099491,0.244177,0.018308,-0.254173,0.068475,1.230150,0.017472,0.057318,0.013001,-0.061922,-0.537587,1.275513,-0.190162,0.009918,0.007074,-0.930127,-0.126591,1.210522,-0.013084,0.291105,0.009108,-0.478977,-0.298431,1.244191,-0.128340,0.135309,0.017747
24.740000,-0.700485,0.329595,1.225257,0.101656,0.243509,0.017746,-0.253816,0.069644,1.230422,0.018232,0.059572,0.014217,-0.065726,-0.537377,1.275651,-0.190196,0.011092,0.006667,-0.930372,-0.120761,1.210700,-0.011424,0.291901,0.008713,-0.481538,-0.295720,1.244544,-0.127682,0.135827,0.017570
24.760000,-0.698431,0.334458,1.225607,0.103808,0.242831,0.017161,-0.253444,0.070857,1.230718,0.018997,0.061712,0.015436,-0.069530,-0.537143,1.275780,-0.190229,0.012299,0.006255,-0.930585,-0.114915,1.210871,-0.009869,0.292709,0.008310,-0.484084,-0.292998,1.244894,-0.126953,0.136361,0.017395
24.780000,-0.696333,0.339308,1.225944,0.105947,0.242143,0.016553,-0.253056,0.072112,1.231039,0.019769,0.063736,0.016657,-0.073335,-0.536885,1.275901,-0.190259,0.013540,0.005838,-0.930767,-0.109053,1.211033,-0.008417,0.293531,0.007899,-0.486615,-0.290266,1.245240,-0.126153,0.136911,0.017220
24.800000,-0.694193,0.344144,1.226269,0.108074,0.241444,0.015921,-0.252653,0.073406,1.231385,0.020547,0.065647,0.017882,-0.077141,-0.536601,1.276013,-0.190287,0.014814,0.005416,-0.930922,-0.103174,1.211187,-0.007070,0.294367,0.007481,-0.489130,-0.287522,1.245583,-0.125282,0.137476,0.017048
24.820000,-0.692010,0.348966,1.226581,0.110190,0.240723,0.015280,-0.252234,0.074737,1.231754,0.021327,0.067447,0.019100,-0.080947,-0.536292,1.276118,-0.190312,0.016123,0.004994,-0.931051,-0.097278,1.211332,-0.005809,0.295215,0.007063,-0.491626,-0.284766,1.245922,-0.124345,0.138060,0.016872
24.840000,-0.689785,0.353773,1.226880,0.112297,0.239970,0.014641,-0.251800,0.076103,1.232148,0.022104,0.069141,0.020305,-0.084753,-0.535956,1.276213,-0.190332,0.017469,0.004576,-0.931155,-0.091365,1.211469,-0.004615,0.296074,0.006653,-0.494103,-0.281999,1.246258,-0.123346,0.138663,0.016688
24.860000,-0.687518,0.358564,1.227166,0.114395,0.239183,0.014004,-0.251350,0.077502,1.232566,0.022878,0.070730,0.021495,-0.088560,-0.535593,1.276301,-0.190347,0.018851,0.004162,-0.931236,-0.085435,1.211598,-0.003490,0.296944,0.006253,-0.496560,-0.279220,1.246589,-0.122286,0.139285,0.016497
24.880000,-0.685210,0.363340,1.227440,0.116485,0.238364,0.013369,-0.250885,0.078932,1.233008,0.023650,0.072213,0.022670,-0.092367,-0.535202,1.276380,-0.190357,0.020270,0.003752,-0.931295,-0.079487,1.211719,-0.002433,0.297825,0.005861,-0.498994,-0.276428,1.246917,-0.121165,0.139927,0.016299
24.900000,-0.682859,0.368099,1.227701,0.118566,0.237512,0.012736,-0.250404,0.080390,1.233473,0.024420,0.073591,0.023832,-0.096174,-0.534782,1.276451,-0.190363,0.021726,0.003346,-0.931334,-0.073522,1.211833,-0.001444,0.298718,0.005479,-0.501406,-0.273623,1.247241,-0.119983,0.140588,0.016093
24.920000,-0.680467,0.372840,1.227949,0.120640,0.236630,0.012108,-0.249908,0.081875,1.233961,0.025184,0.074869,0.024969,-0.099981,-0.534332,1.276514,-0.190363,0.023216,0.002947,-0.931353,-0.067538,1.211939,-0.000502,0.299620,0.005108,-0.503793,-0.270804,1.247561,-0.118747,0.141270,0.015879
24.940000,-0.678034,0.377564,1.228185,0.122708,0.235720,0.011483,-0.249397,0.083384,1.234472,0.025940,0.076058,0.026072,-0.103789,-0.533853,1.276569,-0.190356,0.024738,0.002560,-0.931354,-0.061537,1.212037,0.000413,0.300531,0.004753,-0.506155,-0.267972,1.247876,-0.117464,0.141975,0.015656
24.960000,-0.675559,0.382269,1.228409,0.124770,0.234783,0.010863,-0.248871,0.084916,1.235004,0.026687,0.077155,0.027141,-0.107596,-0.533343,1.276616,-0.190341,0.026293,0.002183,-0.931337,-0.055517,1.212129,0.001302,0.301451,0.004414,-0.508491,-0.265125,1.248187,-0.116134,0.142703,0.015425
24.980000,-0.673043,0.386955,1.228620,0.126826,0.233819,0.010247,-0.248329,0.086470,1.235557,0.027426,0.078161,0.028176,-0.111402,-0.532801,1.276656,-0.190319,0.027881,0.001819,-0.931302,-0.049479,1.212214,0.002164,0.302380,0.004090,-0.510800,-0.262263,1.248493,-0.114757,0.143453,0.015185
25.000000,-0.670486,0.391621,1.228819,0.128877,0.232827,0.009636,-0.247774,0.088042,1.236131,0.028157,0.079076,0.029177,-0.115208,-0.532227,1.276689,-0.190290,0.029501,0.001465,-0.931250,-0.043422,1.212292,0.002999,0.303318,0.003782,-0.513081,-0.259387,1.248795,-0.113333,0.144226,0.014937
25.020000,-0.667888,0.396268,1.229005,0.130918,0.231795,0.009040,-0.247203,0.089632,1.236724,0.028878,0.079910,0.030139,-0.119014,-0.531621,1.276715,-0.190252,0.031147,0.001125,-0.931182,-0.037346,1.212365,0.003827,0.304264,0.003488,-0.515333,-0.256494,1.249091,-0.111870,0.145021,0.014682
25.040000,-0.665249,0.400893,1.229180,0.132947,0.230708,0.008471,-0.246619,0.091238,1.237336,0.029586,0.080675,0.031056,-0.122818,-0.530981,1.276734,-0.190204,0.032815,0.000802,-0.931097,-0.031251,1.212432,0.004666,0.305218,0.003207,-0.517556,-0.253586,1.249382,-0.110378,0.145839,0.014422
25.060000,-0.662570,0.405496,1.229344,0.134964,0.229569,0.007929,-0.246020,0.092859,1.237966,0.030282,0.081369,0.031929,-0.126622,-0.530308,1.276747,-0.190146,0.034504,0.000496,-0.930995,-0.025137,1.212494,0.005516,0.306179,0.002938,-0.519748,-0.250660,1.249668,-0.108857,0.146679,0.014158
25.080000,-0.659851,0.410075,1.229498,0.136969,0.228375,0.007412,-0.245407,0.094492,1.238613,0.030965,0.081994,0.032757,-0.130424,-0.529601,1.276754,-0.190078,0.036215,0.000206,-0.930877,-0.019004,1.212550,0.006378,0.307147,0.002683,-0.521910,-0.247718,1.249948,-0.107306,0.147542,0.013890
25.100000,-0.657091,0.414630,1.229641,0.138961,0.227128,0.006923,-0.244781,0.096138,1.239276,0.031637,0.082548,0.033540,-0.134225,-0.528859,1.276755,-0.190000,0.037947,-0.000067,-0.930740,-0.012851,1.212601,0.007250,0.308124,0.002440,-0.524040,-0.244759,1.250223,-0.105725,0.148428,0.013617
25.120000,-0.654292,0.419160,1.229775,0.140944,0.225829,0.006458,-0.244142,0.097794,1.239954,0.032294,0.083039,0.034275,-0.138024,-0.528083,1.276751,-0.189910,0.039692,-0.000322,-0.930586,-0.006679,1.212647,0.008148,0.309112,0.002211,-0.526139,-0.241781,1.250493,-0.104129,0.149335,0.013327
25.140000,-0.651454,0.423663,1.229899,0.142917,0.224482,0.006016,-0.243490,0.099459,1.240647,0.032935,0.083474,0.034959,-0.141821,-0.527272,1.276743,-0.189804,0.041442,-0.000555,-0.930414,-0.000487,1.212689,0.009084,0.310117,0.001996,-0.528206,-0.238785,1.250756,-0.102532,0.150260,0.013011
25.160000,-0.648576,0.428139,1.230016,0.144883,0.223087,0.005598,-0.242825,0.101133,1.241352,0.033561,0.083853,0.035591,-0.145616,-0.526425,1.276729,-0.189684,0.043196,-0.000766,-0.930223,0.005726,1.212727,0.010061,0.311138,0.001795,-0.530240,-0.235770,1.251013,-0.100935,0.151205,0.012667
25.180000,-0.645658,0.432586,1.230124,0.146841,0.221642,0.005203,-0.242147,0.102813,1.242070,0.034170,0.084176,0.036171,-0.149408,-0.525544,1.276712,-0.189549,0.044956,-0.000957,-0.930011,0.011959,1.212761,0.011076,0.312175,0.001608,-0.532243,-0.232737,1.251263,-0.099338,0.152169,0.012295
25.200000,-0.642702,0.437004,1.230224,0.148790,0.220149,0.004831,-0.241458,0.104499,1.242799,0.034764,0.084442,0.036699,-0.153198,-0.524627,1.276691,-0.189399,0.046720,-0.001126,-0.929779,0.018213,1.212792,0.012131,0.313229,0.001436,-0.534214,-0.229684,1.251505,-0.097740,0.153153,0.011896
25.220000,-0.639707,0.441392,1.230317,0.150733,0.218611,0.004483,-0.240757,0.106190,1.243537,0.035340,0.084664,0.037173,-0.156984,-0.523675,1.276667,-0.189229,0.048480,-0.001270,-0.929526,0.024488,1.212819,0.013234,0.314305,0.001275,-0.536153,-0.226611,1.251738,-0.096153,0.154155,0.011463
25.240000,-0.636673,0.445748,1.230403,0.152671,0.217030,0.004157,-0.240045,0.107886,1.244285,0.035895,0.084852,0.037589,-0.160767,-0.522688,1.276641,-0.189033,0.050225,-0.001384,-0.929250,0.030785,1.212843,0.014391,0.315408,0.001121,-0.538060,-0.223517,1.251963,-0.094589,0.155177,0.010991
25.260000,-0.633600,0.450073,1.230483,0.154605,0.215406,0.003854,-0.239321,0.109584,1.245041,0.036430,0.085006,0.037947,-0.164545,-0.521666,1.276612,-0.188813,0.051957,-0.001469,-0.928950,0.037105,1.212864,0.015603,0.316538,0.000974,-0.539936,-0.220403,1.252178,-0.093048,0.156217,0.010479
25.280000,-0.630489,0.454364,1.230558,0.156535,0.213740,0.003573,-0.238587,0.111286,1.245803,0.036944,0.085126,0.038248,-0.168319,-0.520610,1.276582,-0.188567,0.053674,-0.001524,-0.928625,0.043447,1.212882,0.016870,0.317694,0.000834,-0.541782,-0.217268,1.252382,-0.091529,0.157277,0.009928
25.300000,-0.627339,0.458622,1.230626,0.158460,0.212031,0.003316,-0.237844,0.112989,1.246570,0.037439,0.085213,0.038492,-0.172088,-0.519519,1.276551,-0.188296,0.055377,-0.001550,-0.928275,0.049813,1.212897,0.018192,0.318878,0.000702,-0.543598,-0.214112,1.252574,-0.090034,0.158356,0.009337
25.320000,-0.624150,0.462846,1.230690,0.160387,0.210300,0.003071,-0.237090,0.114694,1.247342,0.037910,0.085272,0.038677,-0.175851,-0.518395,1.276520,-0.188002,0.057060,-0.001550,-0.927897,0.056202,1.212910,0.019574,0.320093,0.000570,-0.545384,-0.210934,1.252755,-0.088567,0.159454,0.008708
25.340000,-0.620923,0.467034,1.230749,0.162325,0.208565,0.002829,-0.236327,0.116400,1.248117,0.038355,0.085307,0.038802,-0.179608,-0.517237,1.276489,-0.187687,0.058718,-0.001528,-0.927491,0.062617,1.212920,0.021023,0.321344,0.000431,-0.547141,-0.207734,1.252922,-0.087136,0.160571,0.008041
25.360000,-0.617657,0.471188,1.230804,0.164272,0.206828,0.002590,-0.235556,0.118106,1.248894,0.038775,0.085320,0.038869,-0.183358,-0.516046,1.276459,-0.187350,0.060350,-0.001483,-0.927056,0.069056,1.212927,0.022539,0.322631,0.000287,-0.548869,-0.204511,1.253076,-0.085740,0.161709,0.007337
25.380000,-0.614352,0.475307,1.230853,0.166229,0.205088,0.002355,-0.234777,0.119812,1.249671,0.039169,0.085309,0.038875,-0.187102,-0.514823,1.276430,-0.186992,0.061956,-0.001415,-0.926589,0.075522,1.212931,0.024121,0.323954,0.000136,-0.550570,-0.201265,1.253216,-0.084381,0.162865,0.006595
25.400000,-0.611008,0.479392,1.230898,0.168196,0.203345,0.002122,-0.233989,0.121518,1.250448,0.039538,0.085275,0.038823,-0.190838,-0.513568,1.276403,-0.186612,0.063536,-0.001324,-0.926090,0.082015,1.212932,0.025770,0.325312,-0.000022,-0.552245,-0.197996,1.253340,-0.083057,0.164042,0.005816
25.420000,-0.607624,0.483441,1.230938,0.170183,0.201611,0.001889,-0.233195,0.123223,1.251224,0.039880,0.085222,0.038713,-0.194566,-0.512282,1.276377,-0.186215,0.065091,-0.001215,-0.925558,0.088535,1.212930,0.027492,0.326709,-0.000189,-0.553893,-0.194704,1.253448,-0.081765,0.165235,0.005001
25.440000,-0.604200,0.487456,1.230973,0.172200,0.199897,0.001650,-0.232394,0.124927,1.251996,0.040196,0.085155,0.038550,-0.198286,-0.510965,1.276354,-0.185803,0.066619,-0.001091,-0.924990,0.095083,1.212925,0.029294,0.328148,-0.000370,-0.555516,-0.191387,1.253540,-0.080503,0.166443,0.004153
25.460000,-0.600736,0.491437,1.231004,0.174247,0.198203,0.001407,-0.231588,0.126629,1.252765,0.040485,0.085073,0.038332,-0.201998,-0.509617,1.276334,-0.185377,0.068120,-0.000953,-0.924386,0.101661,1.212915,0.031176,0.329628,-0.000564,-0.557113,-0.188046,1.253614,-0.079269,0.167665,0.003272
25.480000,-0.597230,0.495384,1.231029,0.176324,0.196530,0.001158,-0.230775,0.128330,1.253529,0.040747,0.084976,0.038060,-0.205701,-0.508240,1.276316,-0.184937,0.069596,-0.000801,-0.923743,0.108269,1.212902,0.033138,0.331150,-0.000772,-0.558687,-0.184680,1.253670,-0.078066,0.168901,0.002358
25.500000,-0.593683,0.499299,1.231050,0.178431,0.194877,0.000905,-0.229958,0.130028,1.254287,0.040982,0.084865,0.037734,-0.209395,-0.506834,1.276302,-0.184483,0.071045,-0.000633,-0.923060,0.114907,1.212885,0.035180,0.332713,-0.000993,-0.560236,-0.181290,1.253708,-0.076891,0.170152,0.001410
25.520000,-0.590093,0.503180,1.231066,0.180579,0.193245,0.000644,-0.229136,0.131724,1.255038,0.041191,0.084735,0.037359,-0.213081,-0.505398,1.276291,-0.184021,0.072472,-0.000457,-0.922335,0.121578,1.212862,0.037319,0.334313,-0.001227,-0.561762,-0.177874,1.253727,-0.075738,0.171418,0.000441
25.540000,-0.586459,0.507028,1.231076,0.182779,0.191637,0.000372,-0.228310,0.133418,1.255781,0.041373,0.084582,0.036942,-0.216756,-0.503935,1.276284,-0.183558,0.073881,-0.000279,-0.921566,0.128280,1.212835,0.039568,0.335944,-0.001471,-0.563266,-0.174433,1.253726,-0.074599,0.172698,-0.000538
25.560000,-0.582781,0.510845,1.231080,0.185031,0.190051,0.000089,-0.227481,0.135107,1.256516,0.041528,0.084404,0.036481,-0.220423,-0.502443,1.276280,-0.183094,0.075274,-0.000097,-0.920751,0.135016,1.212803,0.041929,0.337607,-0.001727,-0.564746,-0.170966,1.253705,-0.073474,0.173993,-0.001528
25.580000,-0.579058,0.514631,1.231079,0.187336,0.188488,-0.000205,-0.226649,0.136794,1.257240,0.041656,0.084204,0.035978,-0.224080,-0.500924,1.276280,-0.182630,0.076648,0.000087,-0.919888,0.141785,1.212766,0.044401,0.339301,-0.001993,-0.566205,-0.167473,1.253664,-0.072363,0.175302,-0.002527
25.600000,-0.575287,0.518385,1.231072,0.189693,0.186948,-0.000509,-0.225815,0.138475,1.257955,0.041758,0.083979,0.035431,-0.227728,-0.499377,1.276283,-0.182164,0.078006,0.000274,-0.918975,0.148588,1.212724,0.046985,0.341027,-0.002270,-0.567641,-0.163954,1.253604,-0.071266,0.176627,-0.003538
25.620000,-0.571469,0.522109,1.231059,0.192111,0.185418,-0.000815,-0.224979,0.140153,1.258657,0.041835,0.083730,0.034848,-0.231367,-0.497804,1.276291,-0.181707,0.079355,0.000454,-0.918008,0.155426,1.212675,0.049696,0.342770,-0.002556,-0.569055,-0.160408,1.253523,-0.070173,0.177967,-0.004539
25.640000,-0.567602,0.525802,1.231040,0.194599,0.183882,-0.001114,-0.224142,0.141824,1.259348,0.041888,0.083456,0.034232,-0.234996,-0.496203,1.276301,-0.181272,0.080704,0.000617,-0.916986,0.162299,1.212621,0.052553,0.344517,-0.002851,-0.570448,-0.156835,1.253422,-0.069073,0.179326,-0.005511
25.660000,-0.563685,0.529464,1.231014,0.197157,0.182342,-0.001406,-0.223304,0.143491,1.260026,0.041919,0.083156,0.033585,-0.238618,-0.494576,1.276315,-0.180857,0.082053,0.000765,-0.915905,0.169206,1.212561,0.055556,0.346267,-0.003154,-0.571818,-0.153235,1.253303,-0.067966,0.180703,-0.006455
25.680000,-0.559716,0.533095,1.230983,0.199784,0.180797,-0.001691,-0.222465,0.145151,1.260691,0.041928,0.082832,0.032906,-0.242231,-0.492921,1.276332,-0.180462,0.083402,0.000896,-0.914763,0.176149,1.212495,0.058703,0.348022,-0.003465,-0.573166,-0.149607,1.253164,-0.066852,0.182099,-0.007370
25.700000,-0.555693,0.536696,1.230947,0.202481,0.179247,-0.001969,-0.221627,0.146804,1.261342,0.041913,0.082483,0.032195,-0.245836,-0.491240,1.276351,-0.180088,0.084752,0.001010,-0.913556,0.183127,1.212423,0.061996,0.349780,-0.003784,-0.574492,-0.145951,1.253008,-0.065732,0.183512,-0.008257
25.720000,-0.551616,0.540265,1.230905,0.205260,0.177690,-0.002235,-0.220789,0.148450,1.261979,0.041876,0.082102,0.031459,-0.249435,-0.489531,1.276372,-0.179739,0.086107,0.001105,-0.912282,0.190140,1.212344,0.065447,0.351517,-0.004110,-0.575796,-0.142266,1.252834,-0.064603,0.184940,-0.009104
25.740000,-0.547482,0.543803,1.230857,0.208132,0.176122,-0.002487,-0.219952,0.150088,1.262601,0.041818,0.081685,0.030704,-0.253026,-0.487795,1.276395,-0.179416,0.087474,0.001178,-0.910937,0.197188,1.212258,0.069070,0.353210,-0.004440,-0.577076,-0.138553,1.252644,-0.063464,0.186378,-0.009901
25.760000,-0.543290,0.547310,1.230805,0.211098,0.174544,-0.002724,-0.219116,0.151717,1.263207,0.041738,0.081232,0.029931,-0.256611,-0.486032,1.276419,-0.179122,0.088854,0.001228,-0.909518,0.204268,1.212166,0.072864,0.354859,-0.004776,-0.578334,-0.134811,1.252439,-0.062315,0.187826,-0.010647
25.780000,-0.539038,0.550785,1.230749,0.214157,0.172956,-0.002946,-0.218283,0.153337,1.263798,0.041636,0.080741,0.029140,-0.260191,-0.484241,1.276444,-0.178855,0.090245,0.001256,-0.908021,0.211382,1.212067,0.076830,0.356463,-0.005115,-0.579569,-0.131040,1.252219,-0.061156,0.189284,-0.011344
25.800000,-0.534723,0.554228,1.230688,0.217310,0.171356,-0.003153,-0.217451,0.154946,1.264373,0.041513,0.080214,0.028331,-0.263766,-0.482422,1.276469,-0.178616,0.091648,0.001261,-0.906443,0.218527,1.211961,0.080967,0.358023,-0.005460,-0.580780,-0.127240,1.251985,-0.059986,0.190752,-0.011990
25.820000,-0.530345,0.557639,1.230623,0.220556,0.169758,-0.003350,-0.216622,0.156545,1.264931,0.041372,0.079652,0.027507,-0.267336,-0.480575,1.276494,-0.178404,0.093067,0.001244,-0.904781,0.225702,1.211849,0.085283,0.359516,-0.005808,-0.581968,-0.123410,1.251740,-0.058798,0.192222,-0.012573
25.840000,-0.525900,0.561019,1.230554,0.223894,0.168173,-0.003539,-0.215796,0.158132,1.265473,0.041219,0.079055,0.026673,-0.270902,-0.478699,1.276519,-0.178219,0.094504,0.001206,-0.903031,0.232907,1.211729,0.089784,0.360920,-0.006158,-0.583132,-0.119551,1.251483,-0.057584,0.193688,-0.013082
25.860000,-0.521388,0.564366,1.230481,0.227324,0.166600,-0.003721,-0.214974,0.159707,1.265998,0.041052,0.078425,0.025828,-0.274465,-0.476795,1.276542,-0.178061,0.095961,0.001146,-0.901189,0.240138,1.211602,0.094469,0.362235,-0.006510,-0.584271,-0.115662,1.251217,-0.056344,0.195150,-0.013516
25.880000,-0.516807,0.567683,1.230405,0.230846,0.165040,-0.003895,-0.214154,0.161269,1.266506,0.040872,0.077761,0.024974,-0.278025,-0.474861,1.276565,-0.177930,0.097437,0.001065,-0.899251,0.247396,1.211469,0.099340,0.363462,-0.006864,-0.585386,-0.111745,1.250943,-0.055079,0.196606,-0.013875
25.900000,-0.512154,0.570968,1.230325,0.234460,0.163492,-0.004063,-0.213339,0.162817,1.266997,0.040679,0.077063,0.024109,-0.281582,-0.472897,1.276585,-0.177827,0.098933,0.000962,-0.897214,0.254676,1.211328,0.104396,0.364600,-0.007220,-0.586474,-0.107798,1.250662,-0.053787,0.198058,-0.014159
25.920000,-0.507428,0.574222,1.230242,0.238157,0.161953,-0.004222,-0.212527,0.164351,1.267470,0.040476,0.076330,0.023237,-0.285138,-0.470903,1.276603,-0.177748,0.100448,0.000840,-0.895074,0.261979,1.211180,0.109621,0.365632,-0.007575,-0.587537,-0.103822,1.250377,-0.052474,0.199498,-0.014369
25.940000,-0.502627,0.577446,1.230156,0.241926,0.160419,-0.004372,-0.211720,0.165870,1.267926,0.040264,0.075561,0.022363,-0.288692,-0.468879,1.276618,-0.177692,0.101985,0.000699,-0.892828,0.269301,1.211025,0.114999,0.366539,-0.007926,-0.588573,-0.099818,1.250088,-0.051144,0.200921,-0.014505
25.960000,-0.497750,0.580639,1.230068,0.245767,0.158890,-0.004511,-0.210917,0.167373,1.268365,0.040045,0.074756,0.021486,-0.292246,-0.466824,1.276631,-0.177659,0.103543,0.000542,-0.890473,0.276640,1.210863,0.120529,0.367323,-0.008273,-0.589583,-0.095786,1.249797,-0.049796,0.202324,-0.014567
25.980000,-0.492796,0.583802,1.229976,0.249681,0.157367,-0.004641,-0.210118,0.168860,1.268786,0.039818,0.073914,0.020606,-0.295799,-0.464737,1.276640,-0.177648,0.105122,0.000366,-0.888006,0.283993,1.210694,0.126212,0.367983,-0.008616,-0.590565,-0.091725,1.249506,-0.048431,0.203710,-0.014556
26.000000,-0.487763,0.586934,1.229882,0.253668,0.155849,-0.004761,-0.209324,0.170330,1.269189,0.039583,0.073037,0.019723,-0.299352,-0.462619,1.276645,-0.177661,0.106723,0.000173,-0.885423,0.291358,1.210518,0.132048,0.368519,-0.008955,-0.591520,-0.087637,1.249216,-0.047049,0.205077,-0.014470
26.020000,-0.482649,0.590036,1.229786,0.257702,0.154342,-0.004878,-0.208535,0.171781,1.269574,0.039348,0.072131,0.018837,-0.302905,-0.460468,1.276647,-0.177692,0.108343,-0.000036,-0.882723,0.298733,1.210336,0.138001,0.368924,-0.009290,-0.592447,-0.083522,1.248928,-0.045649,0.206414,-0.014310
26.040000,-0.477454,0.593108,1.229687,0.261759,0.152854,-0.005000,-0.207750,0.173215,1.269942,0.039122,0.071203,0.017948,-0.306460,-0.458285,1.276644,-0.177740,0.109979,-0.000258,-0.879903,0.306114,1.210147,0.144036,0.369193,-0.009618,-0.593346,-0.079381,1.248644,-0.044233,0.207707,-0.014073
26.060000,-0.472178,0.596150,1.229586,0.265839,0.151383,-0.005126,-0.206970,0.174629,1.270292,0.038905,0.070255,0.017056,-0.310015,-0.456069,1.276636,-0.177803,0.111633,-0.000494,-0.876961,0.313500,1.209951,0.150154,0.369325,-0.009940,-0.594216,-0.075214,1.248365,-0.042800,0.208957,-0.013759
26.080000,-0.466821,0.599163,1.229482,0.269943,0.149930,-0.005257,-0.206194,0.176025,1.270625,0.038697,0.069285,0.016161,-0.313572,-0.453820,1.276624,-0.177882,0.113304,-0.000744,-0.873896,0.320886,1.209749,0.156355,0.369320,-0.010255,-0.595058,-0.071023,1.248094,-0.041351,0.210163,-0.013370
26.100000,-0.461380,0.602147,1.229375,0.274069,0.148495,-0.005392,-0.205422,0.177401,1.270939,0.038498,0.068295,0.015263,-0.317130,-0.451537,1.276606,-0.177976,0.114991,-0.001007,-0.870706,0.328271,1.209541,0.162638,0.369179,-0.010565,-0.595870,-0.066808,1.247831,-0.039885,0.211326,-0.012904
26.120000,-0.455858,0.605103,1.229266,0.278177,0.147074,-0.005534,-0.204654,0.178756,1.271235,0.038314,0.067291,0.014360,-0.320691,-0.449220,1.276584,-0.178081,0.116689,-0.001282,-0.867390,0.335653,1.209327,0.168951,0.368906,-0.010867,-0.596653,-0.062570,1.247578,-0.038411,0.212445,-0.012376
26.140000,-0.450254,0.608030,1.229154,0.282227,0.145665,-0.005687,-0.203889,0.180092,1.271513,0.038152,0.066280,0.013453,-0.324254,-0.446869,1.276555,-0.178191,0.118390,-0.001567,-0.863948,0.343027,1.209106,0.175240,0.368506,-0.011161,-0.597406,-0.058311,1.247336,-0.036940,0.213521,-0.011802
26.160000,-0.444569,0.610930,1.229039,0.286219,0.144266,-0.005849,-0.203128,0.181408,1.271773,0.038011,0.065262,0.012540,-0.327819,-0.444484,1.276521,-0.178305,0.120096,-0.001863,-0.860381,0.350392,1.208880,0.181506,0.367980,-0.011447,-0.598131,-0.054030,1.247106,-0.035471,0.214554,-0.011182
26.180000,-0.438805,0.613801,1.228920,0.290151,0.142879,-0.006021,-0.202369,0.182703,1.272015,0.037892,0.064237,0.011622,-0.331386,-0.442065,1.276481,-0.178424,0.121805,-0.002169,-0.856688,0.357745,1.208648,0.187748,0.367327,-0.011724,-0.598825,-0.049729,1.246889,-0.034003,0.215544,-0.010516
26.200000,-0.432964,0.616645,1.228798,0.294025,0.141503,-0.006203,-0.201612,0.183977,1.272238,0.037795,0.063206,0.010700,-0.334956,-0.439612,1.276434,-0.178548,0.123518,-0.002485,-0.852871,0.365084,1.208411,0.193968,0.366548,-0.011993,-0.599491,-0.045408,1.246686,-0.032538,0.216490,-0.009804
26.220000,-0.427045,0.619461,1.228672,0.297783,0.140127,-0.006386,-0.200857,0.185231,1.272443,0.037733,0.062183,0.009769,-0.338528,-0.437124,1.276381,-0.178667,0.125223,-0.002810,-0.848930,0.372406,1.208169,0.200103,0.365655,-0.012252,-0.600127,-0.041070,1.246497,-0.031083,0.217382,-0.009058
26.240000,-0.421053,0.622250,1.228542,0.301366,0.138740,-0.006558,-0.200102,0.186465,1.272629,0.037720,0.061183,0.008826,-0.342102,-0.434603,1.276322,-0.178773,0.126908,-0.003141,-0.844868,0.379710,1.207921,0.206092,0.364658,-0.012500,-0.600734,-0.036714,1.246324,-0.029644,0.218210,-0.008293
26.260000,-0.414992,0.625011,1.228409,0.304776,0.137343,-0.006722,-0.199347,0.187678,1.272796,0.037756,0.060206,0.007873,-0.345679,-0.432048,1.276255,-0.178866,0.128571,-0.003479,-0.840687,0.386992,1.207669,0.211937,0.363560,-0.012737,-0.601313,-0.032342,1.246166,-0.028223,0.218974,-0.007508
26.280000,-0.408864,0.627744,1.228273,0.308011,0.135935,-0.006875,-0.198592,0.188873,1.272943,0.037841,0.059253,0.006907,-0.349257,-0.429460,1.276182,-0.178945,0.130215,-0.003823,-0.836392,0.394251,1.207412,0.217636,0.362358,-0.012963,-0.601863,-0.027955,1.246024,-0.026819,0.219672,-0.006703
26.300000,-0.402672,0.630448,1.228134,0.311072,0.134516,-0.007019,-0.197834,0.190049,1.273072,0.037975,0.058323,0.005931,-0.352836,-0.426840,1.276102,-0.179010,0.131838,-0.004173,-0.831983,0.401486,1.207150,0.223189,0.361055,-0.013177,-0.602386,-0.023555,1.245898,-0.025432,0.220306,-0.005879
26.320000,-0.396422,0.633124,1.227993,0.313902,0.133082,-0.007154,-0.197072,0.191206,1.273181,0.038177,0.057437,0.004940,-0.356417,-0.424187,1.276015,-0.179046,0.133421,-0.004526,-0.827465,0.408693,1.206885,0.228537,0.359642,-0.013376,-0.602881,-0.019143,1.245788,-0.024064,0.220873,-0.005047
26.340000,-0.390118,0.635771,1.227848,0.316442,0.131629,-0.007281,-0.196306,0.192347,1.273269,0.038467,0.056613,0.003934,-0.359998,-0.421503,1.275921,-0.179038,0.134947,-0.004875,-0.822843,0.415871,1.206616,0.233619,0.358113,-0.013551,-0.603348,-0.014721,1.245696,-0.022717,0.221370,-0.004221
26.360000,-0.383766,0.638389,1.227702,0.318692,0.130155,-0.007399,-0.195533,0.193471,1.273338,0.038845,0.055853,0.002911,-0.363578,-0.418790,1.275820,-0.178984,0.136413,-0.005223,-0.818122,0.423017,1.206343,0.238435,0.356467,-0.013705,-0.603789,-0.010289,1.245620,-0.021391,0.221797,-0.003399
26.380000,-0.377373,0.640977,1.227552,0.320654,0.128663,-0.007509,-0.194751,0.194581,1.273386,0.039311,0.055156,0.001873,-0.367157,-0.416047,1.275713,-0.178887,0.137821,-0.005567,-0.813308,0.430128,1.206067,0.242985,0.354706,-0.013837,-0.604204,-0.005849,1.245560,-0.020087,0.222154,-0.002581
26.400000,-0.370942,0.643535,1.227401,0.322325,0.127150,-0.007611,-0.193960,0.195678,1.273413,0.039864,0.054522,0.000819,-0.370733,-0.413277,1.275598,-0.178744,0.139171,-0.005910,-0.808405,0.437204,1.205790,0.247269,0.352828,-0.013946,-0.604593,-0.001403,1.245516,-0.018804,0.222441,-0.001769
26.420000,-0.364482,0.646063,1.227248,0.323672,0.125615,-0.007704,-0.193156,0.196762,1.273418,0.040517,0.053960,-0.000254,-0.374306,-0.410481,1.275476,-0.178541,0.140448,-0.006252,-0.803419,0.444241,1.205510,0.251237,0.350811,-0.014030,-0.604956,0.003048,1.245489,-0.017544,0.222641,-0.000972
26.440000,-0.357998,0.648560,1.227093,0.324656,0.124054,-0.007790,-0.192338,0.197837,1.273402,0.041281,0.053478,-0.001350,-0.377875,-0.407660,1.275348,-0.178262,0.141639,-0.006596,-0.798358,0.451235,1.205229,0.254838,0.348631,-0.014086,-0.605295,0.007502,1.245477,-0.016307,0.222734,-0.000200
26.460000,-0.351498,0.651025,1.226937,0.325278,0.122468,-0.007867,-0.191504,0.198902,1.273364,0.042156,0.053078,-0.002467,-0.381436,-0.404816,1.275212,-0.177906,0.142744,-0.006943,-0.793228,0.458185,1.204947,0.258074,0.346287,-0.014115,-0.605609,0.011956,1.245481,-0.015095,0.222721,0.000546
26.480000,-0.344989,0.653458,1.226779,0.325539,0.120856,-0.007936,-0.190651,0.199960,1.273303,0.043142,0.052757,-0.003605,-0.384990,-0.401951,1.275070,-0.177473,0.143762,-0.007293,-0.788037,0.465086,1.204664,0.260944,0.343780,-0.014115,-0.605899,0.016410,1.245499,-0.013906,0.222601,0.001267
26.500000,-0.338479,0.655859,1.226619,0.325438,0.119219,-0.007997,-0.189778,0.201013,1.273220,0.044239,0.052517,-0.004766,-0.388535,-0.399066,1.274921,-0.176964,0.144693,-0.007644,-0.782793,0.471935,1.204382,0.263447,0.341109,-0.014087,-0.606165,0.020860,1.245531,-0.012742,0.222376,0.001963
26.520000,-0.331974,0.658227,1.226459,0.324962,0.117546,-0.008048,-0.188881,0.202062,1.273113,0.045450,0.052356,-0.005951,-0.392068,-0.396164,1.274764,-0.176356,0.145527,-0.008001,-0.777502,0.478729,1.204101,0.265556,0.338242,-0.014028,-0.606409,0.025304,1.245577,-0.011593,0.222029,0.002627
26.540000,-0.325483,0.660561,1.226297,0.324100,0.115828,-0.008088,-0.187959,0.203108,1.272982,0.046779,0.052272,-0.007163,-0.395588,-0.393246,1.274600,-0.175628,0.146252,-0.008364,-0.772173,0.485463,1.203821,0.267241,0.335145,-0.013934,-0.606629,0.029740,1.245636,-0.010453,0.221543,0.003254
26.560000,-0.319013,0.662860,1.226135,0.322851,0.114066,-0.008117,-0.187009,0.204153,1.272826,0.048225,0.052264,-0.008403,-0.399092,-0.390314,1.274430,-0.174779,0.146868,-0.008734,-0.766815,0.492133,1.203544,0.268503,0.331819,-0.013804,-0.606827,0.034165,1.245707,-0.009321,0.220920,0.003842
26.580000,-0.312571,0.665123,1.225973,0.321216,0.112258,-0.008134,-0.186029,0.205199,1.272645,0.049788,0.052332,-0.009669,-0.402579,-0.387372,1.274251,-0.173809,0.147375,-0.009111,-0.761436,0.498734,1.203269,0.269341,0.328264,-0.013639,-0.607002,0.038576,1.245790,-0.008198,0.220158,0.004393
26.600000,-0.306167,0.667350,1.225810,0.319194,0.110406,-0.008140,-0.185017,0.206247,1.272439,0.051469,0.052478,-0.010962,-0.406044,-0.384420,1.274065,-0.172718,0.147773,-0.009495,-0.756044,0.505262,1.202998,0.269756,0.324479,-0.013439,-0.607155,0.042970,1.245883,-0.007082,0.219259,0.004906
26.620000,-0.299806,0.669539,1.225647,0.316807,0.108493,-0.008137,-0.183970,0.207298,1.272207,0.053262,0.052687,-0.012283,-0.409486,-0.381462,1.273871,-0.171479,0.148053,-0.009888,-0.750648,0.511712,1.202732,0.269751,0.320427,-0.013206,-0.607285,0.047345,1.245986,-0.005966,0.218189,0.005378
26.640000,-0.293497,0.671689,1.225485,0.314078,0.106506,-0.008125,-0.182886,0.208355,1.271948,0.055159,0.052948,-0.013633,-0.412902,-0.378499,1.273669,-0.170065,0.148207,-0.010293,-0.745257,0.518077,1.202470,0.269332,0.316069,-0.012942,-0.607393,0.051696,1.246097,-0.004838,0.216916,0.005806
26.660000,-0.287245,0.673799,1.225322,0.311005,0.104444,-0.008104,-0.181763,0.209417,1.271661,0.057161,0.053261,-0.015012,-0.416288,-0.375534,1.273459,-0.168475,0.148233,-0.010710,-0.739878,0.524352,1.202215,0.268499,0.311407,-0.012647,-0.607479,0.056020,1.246217,-0.003699,0.215441,0.006190
26.680000,-0.281059,0.675866,1.225161,0.307589,0.102307,-0.008074,-0.180599,0.210485,1.271347,0.059269,0.053625,-0.016420,-0.419640,-0.372570,1.273241,-0.166710,0.148132,-0.011139,-0.734520,0.530531,1.201965,0.267252,0.306441,-0.012322,-0.607541,0.060313,1.246345,-0.002550,0.213763,0.006530
26.700000,-0.274944,0.677890,1.224999,0.303831,0.100095,-0.008036,-0.179391,0.211562,1.271004,0.061481,0.054042,-0.017857,-0.422955,-0.369610,1.273014,-0.164770,0.147904,-0.011579,-0.729191,0.536608,1.201722,0.265590,0.301169,-0.011965,-0.607581,0.064570,1.246478,-0.001390,0.211882,0.006825
26.720000,-0.268908,0.679870,1.224839,0.299754,0.097791,-0.007994,-0.178139,0.212647,1.270632,0.063780,0.054486,-0.019321,-0.426229,-0.366655,1.272778,-0.162624,0.147542,-0.012036,-0.723899,0.542576,1.201486,0.263540,0.295553,-0.011582,-0.607597,0.068786,1.246618,-0.000208,0.209758,0.007083
26.740000,-0.262956,0.681801,1.224680,0.295382,0.095376,-0.007954,-0.176840,0.213741,1.270231,0.066150,0.054937,-0.020811,-0.429458,-0.363709,1.272532,-0.160240,0.147039,-0.012512,-0.718651,0.548428,1.201259,0.261129,0.289555,-0.011175,-0.607589,0.072958,1.246761,0.001007,0.207352,0.007310
26.760000,-0.257094,0.683684,1.224521,0.290716,0.092852,-0.007914,-0.175492,0.214845,1.269800,0.068589,0.055393,-0.022326,-0.432637,-0.360774,1.272277,-0.157620,0.146394,-0.013009,-0.713456,0.554156,1.201040,0.258358,0.283174,-0.010745,-0.607556,0.077079,1.246910,0.002255,0.204663,0.007505
26.780000,-0.251329,0.685515,1.224363,0.285755,0.090217,-0.007876,-0.174096,0.215957,1.269338,0.071099,0.055854,-0.023866,-0.435762,-0.357854,1.272012,-0.154763,0.145609,-0.013525,-0.708320,0.559752,1.200829,0.255225,0.276410,-0.010292,-0.607498,0.081143,1.247061,0.003535,0.201692,0.007670
26.800000,-0.245666,0.687292,1.224206,0.280500,0.087473,-0.007839,-0.172648,0.217079,1.268845,0.073678,0.056322,-0.025431,-0.438826,-0.354951,1.271736,-0.151669,0.144681,-0.014060,-0.703249,0.565209,1.200628,0.251732,0.269264,-0.009815,-0.607415,0.085144,1.247216,0.004848,0.198439,0.007803
26.820000,-0.240111,0.689013,1.224049,0.274963,0.084595,-0.007811,-0.171148,0.218210,1.268321,0.076296,0.056760,-0.027015,-0.441827,-0.352068,1.271449,-0.148306,0.143608,-0.014622,-0.698252,0.570520,1.200437,0.247920,0.261700,-0.009318,-0.607304,0.089078,1.247373,0.006206,0.194856,0.007910
26.840000,-0.234669,0.690675,1.223893,0.269156,0.081559,-0.007797,-0.169596,0.219349,1.267764,0.078922,0.057136,-0.028612,-0.444756,-0.349208,1.271151,-0.144642,0.142383,-0.015217,-0.693334,0.575674,1.200255,0.243834,0.253686,-0.008803,-0.607166,0.092936,1.247533,0.007623,0.190896,0.007997
26.860000,-0.229346,0.692274,1.223737,0.263080,0.078366,-0.007798,-0.167991,0.220495,1.267176,0.081556,0.057449,-0.030222,-0.447610,-0.346373,1.270840,-0.140677,0.141007,-0.015844,-0.688501,0.580664,1.200085,0.239473,0.245220,-0.008271,-0.606999,0.096711,1.247693,0.009098,0.186560,0.008063
26.880000,-0.224148,0.693808,1.223581,0.256735,0.075016,-0.007815,-0.166334,0.221646,1.266555,0.084198,0.057700,-0.031845,-0.450382,-0.343568,1.270517,-0.136411,0.139480,-0.016504,-0.683757,0.585480,1.199925,0.234837,0.236303,-0.007720,-0.606802,0.100396,1.247855,0.010631,0.181848,0.008110
26.900000,-0.219079,0.695274,1.223425,0.250121,0.071508,-0.007846,-0.164623,0.222802,1.265902,0.086848,0.057888,-0.033481,-0.453065,-0.340795,1.270180,-0.131844,0.137801,-0.017197,-0.679109,0.590113,1.199776,0.229926,0.226935,-0.007152,-0.606573,0.103983,1.248017,0.012223,0.176759,0.008135
26.920000,-0.214145,0.696667,1.223267,0.243227,0.067812,-0.007892,-0.162860,0.223961,1.265216,0.089459,0.057967,-0.035118,-0.455653,-0.338057,1.269829,-0.126937,0.135953,-0.017919,-0.674562,0.594554,1.199639,0.224773,0.217090,-0.006573,-0.606312,0.107464,1.248180,0.013895,0.171264,0.008134
26.940000,-0.209352,0.697985,1.223109,0.236044,0.063898,-0.007953,-0.161045,0.225120,1.264497,0.091983,0.057893,-0.036743,-0.458140,-0.335358,1.269463,-0.121653,0.133918,-0.018667,-0.670120,0.598794,1.199513,0.219411,0.206743,-0.005989,-0.606017,0.110830,1.248343,0.015672,0.165331,0.008098
26.960000,-0.204705,0.699222,1.222949,0.228571,0.059767,-0.008028,-0.159181,0.226276,1.263746,0.094421,0.057665,-0.038357,-0.460517,-0.332702,1.269082,-0.115990,0.131696,-0.019441,-0.665787,0.602821,1.199399,0.213840,0.195893,-0.005401,-0.605685,0.114074,1.248504,0.017553,0.158961,0.008029
26.980000,-0.200211,0.700374,1.222788,0.220808,0.055417,-0.008118,-0.157269,0.227426,1.262963,0.096773,0.057284,-0.039960,-0.462777,-0.330092,1.268685,-0.109949,0.129287,-0.020242,-0.661567,0.606626,1.199297,0.208059,0.184541,-0.004808,-0.605314,0.117186,1.248663,0.019539,0.152154,0.007925
27.000000,-0.195875,0.701437,1.222624,0.212756,0.050849,-0.008223,-0.155311,0.228566,1.262148,0.099039,0.056748,-0.041551,-0.464912,-0.327532,1.268272,-0.103531,0.126691,-0.021068,-0.657466,0.610199,1.199207,0.202070,0.172686,-0.004210,-0.604902,0.120157,1.248821,0.021629,0.144911,0.007787
27.020000,-0.191703,0.702406,1.222459,0.204394,0.046029,-0.008337,-0.153309,0.229694,1.261301,0.101153,0.056002,-0.043112,-0.466915,-0.325026,1.267842,-0.096696,0.123882,-0.021911,-0.653486,0.613530,1.199129,0.195886,0.160293,-0.003612,-0.604448,0.122979,1.248975,0.023844,0.137199,0.007606
27.040000,-0.187701,0.703276,1.222291,0.195703,0.040922,-0.008455,-0.151266,0.230805,1.260424,0.103049,0.054987,-0.044622,-0.468777,-0.322578,1.267396,-0.089407,0.120835,-0.022757,-0.649632,0.616607,1.199062,0.189525,0.147326,-0.003018,-0.603948,0.125642,1.249125,0.026206,0.128990,0.007376
27.060000,-0.183877,0.704041,1.222120,0.186683,0.035529,-0.008577,-0.149188,0.231892,1.259517,0.104728,0.053705,-0.046082,-0.470488,-0.320194,1.266932,-0.081664,0.117551,-0.023609,-0.645906,0.619419,1.199008,0.182986,0.133785,-0.002428,-0.603399,0.128135,1.249269,0.028713,0.120282,0.007096
27.080000,-0.180236,0.704695,1.221948,0.177333,0.029848,-0.008703,-0.147079,0.232951,1.258581,0.106189,0.052155,-0.047492,-0.472040,-0.317878,1.266451,-0.073465,0.114029,-0.024465,-0.642313,0.621955,1.198965,0.176269,0.119670,-0.001842,-0.602798,0.130450,1.249408,0.031367,0.111076,0.006765
27.100000,-0.176786,0.705233,1.221772,0.167654,0.023881,-0.008832,-0.144942,0.233976,1.257617,0.107432,0.050337,-0.048851,-0.473424,-0.315634,1.265953,-0.064813,0.110269,-0.025326,-0.638857,0.624202,1.198934,0.169373,0.104981,-0.001260,-0.602143,0.132575,1.249540,0.034168,0.101373,0.006385
27.120000,-0.173532,0.705649,1.221594,0.157616,0.017600,-0.008965,-0.142783,0.234962,1.256627,0.108405,0.048207,-0.050146,-0.474630,-0.313469,1.265438,-0.055673,0.106240,-0.026182,-0.635540,0.626150,1.198915,0.162305,0.089685,-0.000688,-0.601430,0.134501,1.249663,0.037129,0.091150,0.005954
27.140000,-0.170483,0.705935,1.221414,0.147187,0.010974,-0.009101,-0.140608,0.235902,1.255612,0.109053,0.045721,-0.051363,-0.475647,-0.311387,1.264906,-0.046014,0.101913,-0.027023,-0.632366,0.627785,1.198907,0.155069,0.073748,-0.000131,-0.600657,0.136218,1.249777,0.040266,0.080387,0.005473
27.160000,-0.167647,0.706085,1.221230,0.136368,0.004005,-0.009241,-0.138423,0.236789,1.254573,0.109378,0.042880,-0.052503,-0.476467,-0.309394,1.264357,-0.035835,0.097288,-0.027851,-0.629338,0.629095,1.198909,0.147666,0.057171,0.000411,-0.599818,0.137713,1.249882,0.043578,0.069084,0.004941
27.180000,-0.165031,0.706093,1.221044,0.125160,-0.003307,-0.009384,-0.136235,0.237615,1.253513,0.109378,0.039684,-0.053566,-0.477077,-0.307497,1.263792,-0.025137,0.092363,-0.028663,-0.626460,0.630068,1.198923,0.140095,0.039953,0.000937,-0.598912,0.138977,1.249975,0.047066,0.057241,0.004359
27.200000,-0.162643,0.705951,1.220855,0.113561,-0.010962,-0.009531,-0.134050,0.238374,1.252431,0.109054,0.036132,-0.054551,-0.477469,-0.305702,1.263211,-0.013920,0.087140,-0.029462,-0.623735,0.630689,1.198947,0.132356,0.022094,0.001448,-0.597935,0.139999,1.250056,0.050730,0.044858,0.003726
27.220000,-0.160492,0.705652,1.220663,0.101544,-0.018982,-0.009684,-0.131875,0.239058,1.251331,0.108356,0.032205,-0.055452,-0.477631,-0.304014,1.262614,-0.002169,0.081609,-0.030244,-0.621167,0.630947,1.198981,0.124437,0.003587,0.001939,-0.596882,0.140768,1.250123,0.054578,0.031927,0.003039
27.240000,-0.158585,0.705189,1.220467,0.089078,-0.027384,-0.009847,-0.129719,0.239659,1.250214,0.107235,0.027886,-0.056262,-0.477552,-0.302439,1.262001,0.010127,0.075761,-0.031006,-0.618759,0.630828,1.199024,0.116322,-0.015574,0.002407,-0.595750,0.141273,1.250177,0.058620,0.018442,0.002294
27.260000,-0.156932,0.704554,1.220269,0.076164,-0.036171,-0.010021,-0.127589,0.240171,1.249081,0.105690,0.023174,-0.056982,-0.477222,-0.300985,1.261374,0.022969,0.069594,-0.031749,-0.616515,0.630320,1.199077,0.108014,-0.035389,0.002851,-0.594536,0.141502,1.250215,0.062856,0.004403,0.001492
27.280000,-0.155541,0.703739,1.220067,0.062803,-0.045340,-0.010204,-0.125494,0.240584,1.247935,0.103722,0.018069,-0.057611,-0.476630,-0.299658,1.260732,0.036357,0.063111,-0.032472,-0.614440,0.629408,1.199138,0.099510,-0.055859,0.003272,-0.593235,0.141445,1.250236,0.067285,-0.010191,0.000632
27.300000,-0.154422,0.702738,1.219861,0.048993,-0.054894,-0.010398,-0.123443,0.240891,1.246777,0.101331,0.012571,-0.058150,-0.475764,-0.298463,1.260075,0.050290,0.056309,-0.033176,-0.612536,0.628081,1.199208,0.090813,-0.076983,0.003669,-0.591843,0.141091,1.250240,0.071909,-0.025338,-0.000286
27.320000,-0.153584,0.701541,1.219651,0.034728,-0.064837,-0.010599,-0.121444,0.241084,1.245610,0.098503,0.006691,-0.058599,-0.474614,-0.297407,1.259405,0.064755,0.049196,-0.033860,-0.610809,0.626325,1.199285,0.081919,-0.098723,0.004034,-0.590357,0.140428,1.250224,0.076721,-0.041024,-0.001258
27.340000,-0.153036,0.700142,1.219437,0.020001,-0.075177,-0.010805,-0.119506,0.241156,1.244434,0.095226,0.000440,-0.058957,-0.473170,-0.296497,1.258721,0.079734,0.041777,-0.034523,-0.609261,0.624128,1.199369,0.072827,-0.121041,0.004361,-0.588773,0.139446,1.250189,0.081719,-0.057231,-0.002280
27.360000,-0.152788,0.698531,1.219218,0.004812,-0.085914,-0.011015,-0.117638,0.241099,1.243252,0.091499,-0.006182,-0.059224,-0.471422,-0.295738,1.258024,0.095229,0.034053,-0.035166,-0.607897,0.621480,1.199459,0.063538,-0.143937,0.004650,-0.587087,0.138135,1.250133,0.086902,-0.073959,-0.003353
27.380000,-0.152847,0.696702,1.218996,-0.010839,-0.097047,-0.011231,-0.115849,0.240906,1.242066,0.087322,-0.013176,-0.059402,-0.469358,-0.295137,1.257314,0.111239,0.026022,-0.035787,-0.606721,0.618367,1.199554,0.054051,-0.167411,0.004899,-0.585296,0.136484,1.250055,0.092269,-0.091208,-0.004476
27.400000,-0.153224,0.694647,1.218769,-0.026952,-0.108577,-0.011451,-0.114148,0.240570,1.240877,0.082696,-0.020540,-0.059489,-0.466969,-0.294699,1.256592,0.127765,0.017686,-0.036389,-0.605736,0.614779,1.199655,0.044367,-0.191463,0.005110,-0.583395,0.134483,1.249953,0.097822,-0.108979,-0.005650
27.420000,-0.153928,0.692357,1.218538,-0.043498,-0.120490,-0.011665,-0.112544,0.240082,1.239687,0.077636,-0.028231,-0.059482,-0.464244,-0.294431,1.255859,0.144751,0.009071,-0.036969,-0.604947,0.610705,1.199759,0.034514,-0.216017,0.005284,-0.581382,0.132122,1.249828,0.103537,-0.127216,-0.006862
27.440000,-0.154967,0.689825,1.218303,-0.060448,-0.132775,-0.011864,-0.111045,0.239439,1.238498,0.072158,-0.036206,-0.059376,-0.461176,-0.294338,1.255114,0.162142,0.000203,-0.037530,-0.604356,0.606136,1.199866,0.024522,-0.240995,0.005424,-0.579253,0.129392,1.249679,0.109391,-0.145867,-0.008102
27.460000,-0.156349,0.687043,1.218063,-0.077803,-0.145431,-0.012046,-0.109660,0.238632,1.237312,0.066262,-0.044463,-0.059171,-0.457756,-0.294425,1.254358,0.179940,-0.008919,-0.038071,-0.603967,0.601063,1.199975,0.014391,-0.266398,0.005528,-0.577005,0.126285,1.249504,0.115385,-0.164931,-0.009368
27.480000,-0.158082,0.684005,1.217821,-0.095562,-0.158458,-0.012214,-0.108397,0.237658,1.236132,0.059947,-0.053002,-0.058868,-0.453976,-0.294697,1.253591,0.198144,-0.018293,-0.038591,-0.603782,0.595477,1.200087,0.004120,-0.292227,0.005599,-0.574636,0.122792,1.249304,0.121518,-0.184409,-0.010661
27.500000,-0.160174,0.680703,1.217575,-0.113726,-0.171856,-0.012365,-0.107265,0.236510,1.234958,0.053214,-0.061825,-0.058466,-0.449827,-0.295158,1.252814,0.216753,-0.027920,-0.039092,-0.603803,0.589371,1.200199,-0.006289,-0.318479,0.005634,-0.572143,0.118906,1.249078,0.127791,-0.204300,-0.011981
27.520000,-0.162633,0.677129,1.217326,-0.132212,-0.185588,-0.012498,-0.106271,0.235184,1.233794,0.046100,-0.070857,-0.057963,-0.445303,-0.295815,1.252028,0.235663,-0.037751,-0.039569,-0.604034,0.582736,1.200312,-0.016777,-0.345026,0.005645,-0.569524,0.114618,1.248825,0.134155,-0.224495,-0.013304
27.540000,-0.165464,0.673277,1.217075,-0.150941,-0.199619,-0.012610,-0.105423,0.233675,1.232641,0.038641,-0.080026,-0.057356,-0.440399,-0.296669,1.251232,0.254765,-0.047734,-0.040020,-0.604474,0.575568,1.200425,-0.027283,-0.371736,0.005639,-0.566777,0.109924,1.248546,0.140562,-0.244887,-0.014606
27.560000,-0.168672,0.669142,1.216822,-0.169912,-0.213947,-0.012700,-0.104728,0.231982,1.231500,0.030838,-0.089331,-0.056645,-0.435112,-0.297725,1.250427,0.274059,-0.057872,-0.040445,-0.605125,0.567865,1.200537,-0.037809,-0.398609,0.005618,-0.563901,0.104821,1.248241,0.147013,-0.265476,-0.015886
27.580000,-0.172262,0.664717,1.216567,-0.189125,-0.228573,-0.012770,-0.104192,0.230101,1.230375,0.022689,-0.098773,-0.055830,-0.429436,-0.298985,1.249614,0.293547,-0.068162,-0.040845,-0.605987,0.559623,1.200649,-0.048352,-0.425644,0.005582,-0.560896,0.099304,1.247910,0.153506,-0.286260,-0.017145
27.600000,-0.176239,0.659997,1.216311,-0.208580,-0.243497,-0.012818,-0.103823,0.228030,1.229268,0.014196,-0.108352,-0.054912,-0.423368,-0.300453,1.248793,0.313228,-0.078606,-0.041218,-0.607060,0.550838,1.200760,-0.058914,-0.452842,0.005529,-0.557761,0.093369,1.247555,0.160043,-0.307241,-0.018383
27.620000,-0.180606,0.654976,1.216055,-0.228102,-0.258646,-0.012844,-0.103626,0.225767,1.228180,0.005416,-0.117964,-0.053893,-0.416906,-0.302130,1.247966,0.332930,-0.089126,-0.041552,-0.608343,0.541510,1.200870,-0.069386,-0.479997,0.005481,-0.554495,0.087014,1.247175,0.166552,-0.328227,-0.019580
27.640000,-0.185362,0.649650,1.215798,-0.247519,-0.273945,-0.012848,-0.103608,0.223312,1.227113,-0.003590,-0.127506,-0.052775,-0.410052,-0.304018,1.247132,0.352480,-0.099648,-0.041837,-0.609834,0.531640,1.200980,-0.079659,-0.506902,0.005457,-0.551099,0.080242,1.246772,0.172965,-0.349028,-0.020718
27.660000,-0.190506,0.644017,1.215541,-0.266828,-0.289395,-0.012828,-0.103771,0.220667,1.226069,-0.012823,-0.136979,-0.051560,-0.402808,-0.306116,1.246292,0.371878,-0.110170,-0.042072,-0.611528,0.521235,1.201089,-0.089732,-0.533557,0.005457,-0.547577,0.073055,1.246347,0.179280,-0.369644,-0.021796
27.680000,-0.196034,0.638073,1.215285,-0.286032,-0.304996,-0.012785,-0.104122,0.217833,1.225051,-0.022283,-0.146381,-0.050247,-0.395178,-0.308425,1.245449,0.391124,-0.120694,-0.042257,-0.613422,0.510300,1.201198,-0.099606,-0.559963,0.005482,-0.543929,0.065457,1.245901,0.185497,-0.390075,-0.022815
27.700000,-0.201946,0.631816,1.215030,-0.305129,-0.320747,-0.012719,-0.104664,0.214812,1.224060,-0.031970,-0.155713,-0.048835,-0.387164,-0.310944,1.244603,0.410218,-0.131217,-0.042391,-0.615511,0.498838,1.201308,-0.109281,-0.586118,0.005530,-0.540157,0.057453,1.245435,0.191617,-0.410320,-0.023775
27.720000,-0.208238,0.625242,1.214776,-0.324015,-0.336677,-0.012634,-0.105402,0.211606,1.223098,-0.041797,-0.164839,-0.047341,-0.378771,-0.313673,1.243754,0.428998,-0.141663,-0.042469,-0.617791,0.486857,1.201420,-0.118649,-0.611942,0.005625,-0.536265,0.049047,1.244950,0.197580,-0.430198,-0.024662
27.740000,-0.214905,0.618348,1.214525,-0.342586,-0.352812,-0.012535,-0.106337,0.208221,1.222167,-0.051676,-0.173625,-0.045778,-0.370008,-0.316609,1.242904,0.447299,-0.151951,-0.042486,-0.620254,0.474363,1.201534,-0.127605,-0.637352,0.005789,-0.532256,0.040249,1.244449,0.203325,-0.449527,-0.025464
27.760000,-0.221939,0.611128,1.214275,-0.360842,-0.369153,-0.012420,-0.107469,0.204663,1.221267,-0.061609,-0.182068,-0.044146,-0.360883,-0.319750,1.242055,0.465122,-0.162081,-0.042440,-0.622892,0.461366,1.201652,-0.136147,-0.662350,0.006022,-0.528134,0.031069,1.243932,0.208854,-0.468307,-0.026181
27.780000,-0.229336,0.603580,1.214028,-0.378783,-0.385698,-0.012291,-0.108801,0.200940,1.220401,-0.071594,-0.190170,-0.042446,-0.351406,-0.323091,1.241207,0.482467,-0.172053,-0.042332,-0.625697,0.447872,1.201775,-0.144276,-0.686934,0.006325,-0.523903,0.021520,1.243402,0.214164,-0.486538,-0.026813
27.800000,-0.237089,0.595699,1.213783,-0.396408,-0.402450,-0.012147,-0.110333,0.197059,1.219570,-0.081632,-0.197931,-0.040678,-0.341587,-0.326631,1.240362,0.499333,-0.181868,-0.042163,-0.628661,0.433891,1.201905,-0.151991,-0.711106,0.006696,-0.519568,0.011611,1.242860,0.219258,-0.504220,-0.027360
27.820000,-0.245191,0.587481,1.213542,-0.413770,-0.419329,-0.011994,-0.112066,0.193026,1.218775,-0.091589,-0.205279,-0.038864,-0.331437,-0.330365,1.239521,0.515580,-0.191451,-0.041929,-0.631774,0.419433,1.202044,-0.159262,-0.734529,0.007154,-0.515134,0.001356,1.242308,0.224087,-0.521194,-0.027815
27.840000,-0.253638,0.578925,1.213304,-0.430918,-0.436261,-0.011839,-0.113996,0.188851,1.218016,-0.101333,-0.212143,-0.037029,-0.320969,-0.334287,1.238685,0.531066,-0.200727,-0.041632,-0.635028,0.404517,1.202192,-0.166057,-0.756870,0.007715,-0.510607,-0.009231,1.241748,0.228604,-0.537304,-0.028172
27.860000,-0.262426,0.570031,1.213069,-0.447854,-0.453245,-0.011681,-0.116118,0.184543,1.217294,-0.110862,-0.218522,-0.035172,-0.310199,-0.338392,1.237856,0.545793,-0.209696,-0.041269,-0.638413,0.389165,1.202353,-0.172375,-0.778128,0.008379,-0.505992,-0.020131,1.241182,0.232811,-0.552547,-0.028429
27.880000,-0.271551,0.560795,1.212836,-0.464576,-0.470281,-0.011520,-0.118429,0.180113,1.216609,-0.120177,-0.224418,-0.033293,-0.299142,-0.342673,1.237035,0.559759,-0.218359,-0.040842,-0.641920,0.373399,1.202528,-0.178217,-0.798303,0.009146,-0.501297,-0.031327,1.240612,0.236705,-0.566926,-0.028588
27.900000,-0.281008,0.551219,1.212608,-0.481085,-0.487369,-0.011357,-0.120923,0.175570,1.215962,-0.129277,-0.229829,-0.031393,-0.287814,-0.347124,1.236223,0.572966,-0.226716,-0.040351,-0.645538,0.357241,1.202719,-0.183583,-0.817395,0.010017,-0.496526,-0.042802,1.240039,0.240288,-0.580438,-0.028649
27.920000,-0.290792,0.541302,1.212382,-0.497203,-0.504258,-0.011208,-0.123597,0.170924,1.215353,-0.138052,-0.234714,-0.029495,-0.276230,-0.351739,1.235421,0.585311,-0.234707,-0.039796,-0.649260,0.340712,1.202929,-0.188475,-0.835244,0.011006,-0.491687,-0.054538,1.239466,0.243529,-0.592971,-0.028609
27.940000,-0.300892,0.531052,1.212159,-0.512750,-0.520698,-0.011089,-0.126443,0.166185,1.214782,-0.146390,-0.239030,-0.027624,-0.264408,-0.356509,1.234631,0.596695,-0.242274,-0.039181,-0.653074,0.323840,1.203161,-0.192896,-0.851689,0.012128,-0.486788,-0.066513,1.238895,0.246395,-0.604411,-0.028469
27.960000,-0.311298,0.520477,1.211938,-0.527726,-0.536690,-0.011001,-0.129450,0.161366,1.214248,-0.154290,-0.242776,-0.025780,-0.252368,-0.361427,1.233854,0.607118,-0.249417,-0.038506,-0.656972,0.306654,1.203415,-0.196844,-0.866730,0.013383,-0.481834,-0.078707,1.238328,0.248888,-0.614758,-0.028227
27.980000,-0.321997,0.509587,1.211719,-0.542132,-0.552233,-0.010943,-0.132611,0.156478,1.213751,-0.161752,-0.245953,-0.023963,-0.240130,-0.366483,1.233092,0.616579,-0.256135,-0.037770,-0.660945,0.289180,1.203697,-0.200321,-0.880367,0.014772,-0.476835,-0.091096,1.237767,0.251006,-0.624010,-0.027885
28.000000,-0.332979,0.498391,1.211500,-0.555968,-0.567326,-0.010916,-0.135917,0.151532,1.213289,-0.168776,-0.248561,-0.022173,-0.227711,-0.371670,1.232344,0.625079,-0.262428,-0.036973,-0.664982,0.271448,1.204007,-0.203325,-0.892600,0.016294,-0.471796,-0.103660,1.237214,0.252750,-0.632170,-0.027441
28.020000,-0.344232,0.486898,1.211282,-0.569140,-0.581842,-0.010935,-0.139359,0.146539,1.212863,-0.175297,-0.250598,-0.020429,-0.215133,-0.376977,1.231613,0.632572,-0.268264,-0.036120,-0.669075,0.253486,1.204350,-0.205876,-0.903397,0.017960,-0.466727,-0.116376,1.236670,0.254109,-0.639187,-0.026901
28.040000,-0.355740,0.475122,1.211063,-0.581556,-0.595650,-0.011016,-0.142925,0.141512,1.212472,-0.181245,-0.252063,-0.018749,-0.202416,-0.382397,1.230900,0.639014,-0.273606,-0.035215,-0.673214,0.235322,1.204727,-0.207991,-0.912726,0.019782,-0.461635,-0.129219,1.236138,0.255070,-0.645011,-0.026271
28.060000,-0.367489,0.463077,1.210841,-0.593216,-0.608750,-0.011159,-0.146605,0.136461,1.212113,-0.186622,-0.252955,-0.017135,-0.189580,-0.387918,1.230205,0.644405,-0.278456,-0.034258,-0.677392,0.216987,1.205142,-0.209670,-0.920589,0.021758,-0.456527,-0.142168,1.235620,0.255633,-0.649642,-0.025551
28.080000,-0.379463,0.450776,1.210616,-0.604120,-0.621143,-0.011363,-0.150386,0.131397,1.211786,-0.191427,-0.253275,-0.015585,-0.176646,-0.393532,1.229530,0.648744,-0.282813,-0.033248,-0.681598,0.198508,1.205598,-0.210913,-0.926983,0.023890,-0.451412,-0.155197,1.235117,0.255798,-0.653081,-0.024739
28.100000,-0.391649,0.438236,1.210386,-0.614268,-0.632829,-0.011630,-0.154258,0.126333,1.211489,-0.195661,-0.253023,-0.014099,-0.163637,-0.399228,1.228875,0.652032,-0.286678,-0.032185,-0.685825,0.179917,1.206098,-0.211721,-0.931911,0.026177,-0.446298,-0.168283,1.234631,0.255566,-0.655328,-0.023838
28.120000,-0.404029,0.425468,1.210150,-0.623631,-0.643771,-0.011973,-0.158209,0.121280,1.211221,-0.199307,-0.252234,-0.012695,-0.150572,-0.404996,1.228242,0.654289,-0.290044,-0.031080,-0.690064,0.161241,1.206646,-0.212114,-0.935415,0.028620,-0.441192,-0.181403,1.234164,0.254949,-0.656402,-0.022859
28.140000,-0.416588,0.412490,1.209906,-0.632181,-0.653935,-0.012408,-0.162227,0.116247,1.210981,-0.202350,-0.250945,-0.011386,-0.137472,-0.410826,1.227632,0.655533,-0.292908,-0.029940,-0.694307,0.142510,1.207244,-0.212116,-0.937543,0.031223,-0.436102,-0.194532,1.233717,0.253962,-0.656325,-0.021817
28.160000,-0.429311,0.399316,1.209653,-0.639918,-0.663320,-0.012935,-0.166299,0.111245,1.210765,-0.204788,-0.249157,-0.010174,-0.124357,-0.416709,1.227045,0.655765,-0.295268,-0.028765,-0.698546,0.123749,1.207896,-0.211727,-0.938293,0.033985,-0.431036,-0.207648,1.233292,0.252605,-0.655096,-0.020711
28.180000,-0.442180,0.385962,1.209388,-0.646841,-0.671926,-0.013553,-0.170414,0.106284,1.210573,-0.206623,-0.246868,-0.009057,-0.111248,-0.422633,1.226482,0.654984,-0.297125,-0.027555,-0.702774,0.104987,1.208605,-0.210946,-0.937667,0.036906,-0.426000,-0.220728,1.232889,0.250877,-0.652715,-0.019542
28.200000,-0.455179,0.372444,1.209110,-0.652952,-0.679754,-0.014262,-0.174560,0.101374,1.210402,-0.207854,-0.244080,-0.008037,-0.098165,-0.428590,1.225943,0.653192,-0.298478,-0.026311,-0.706982,0.086251,1.209373,-0.209774,-0.935662,0.039986,-0.421003,-0.233749,1.232510,0.248778,-0.649183,-0.018310
28.220000,-0.468292,0.358777,1.208817,-0.658254,-0.686818,-0.015077,-0.178724,0.096524,1.210251,-0.208507,-0.240857,-0.007126,-0.085127,-0.434569,1.225430,0.650464,-0.299349,-0.025045,-0.711162,0.067569,1.210205,-0.208233,-0.932381,0.043217,-0.416052,-0.246688,1.232157,0.246344,-0.644581,-0.017032
28.240000,-0.481504,0.344976,1.208507,-0.662755,-0.693133,-0.016011,-0.182896,0.091742,1.210117,-0.208606,-0.237264,-0.006336,-0.072152,-0.440561,1.224941,0.646876,-0.299755,-0.023772,-0.715309,0.048964,1.211103,-0.206349,-0.927924,0.046591,-0.411152,-0.259525,1.231829,0.243612,-0.638992,-0.015728
28.260000,-0.494797,0.331057,1.208176,-0.666452,-0.698698,-0.017063,-0.187065,0.087036,1.209997,-0.208152,-0.233303,-0.005668,-0.059257,-0.446556,1.224479,0.642430,-0.299698,-0.022492,-0.719414,0.030460,1.212070,-0.204121,-0.922290,0.050107,-0.406309,-0.272241,1.231528,0.240582,-0.632415,-0.014396
28.280000,-0.508156,0.317034,1.207823,-0.669347,-0.703515,-0.018233,-0.191219,0.082413,1.209889,-0.207145,-0.228973,-0.005122,-0.046460,-0.452546,1.224042,0.637123,-0.299177,-0.021203,-0.723471,0.012080,1.213108,-0.201548,-0.915479,0.053766,-0.401530,-0.284816,1.231253,0.237252,-0.624852,-0.013037
28.300000,-0.521566,0.302921,1.207446,-0.671439,-0.707583,-0.019523,-0.195347,0.077879,1.209791,-0.205584,-0.224274,-0.004697,-0.033778,-0.458520,1.223631,0.630958,-0.298192,-0.019907,-0.727474,-0.006151,1.214221,-0.198632,-0.907492,0.057568,-0.396821,-0.297229,1.231007,0.233624,-0.616301,-0.011651
28.320000,-0.535009,0.288735,1.207042,-0.672750,-0.710940,-0.020940,-0.199439,0.073444,1.209700,-0.203523,-0.219288,-0.004402,-0.021227,-0.464471,1.223245,0.624046,-0.296781,-0.018618,-0.731414,-0.024213,1.215412,-0.195397,-0.898466,0.061495,-0.392187,-0.309462,1.230787,0.229746,-0.606886,-0.010258
28.340000,-0.548471,0.274488,1.206607,-0.673302,-0.713624,-0.022495,-0.203485,0.069109,1.209614,-0.201015,-0.214096,-0.004245,-0.008821,-0.470389,1.222886,0.616502,-0.294982,-0.017352,-0.735287,-0.042084,1.216682,-0.191870,-0.888539,0.065529,-0.387632,-0.321499,1.230596,0.225668,-0.596733,-0.008877
28.360000,-0.561936,0.260194,1.206141,-0.673096,-0.715636,-0.024188,-0.207476,0.064881,1.209530,-0.198059,-0.208698,-0.004227,0.003429,-0.476267,1.222551,0.608326,-0.292793,-0.016108,-0.739087,-0.059748,1.218034,-0.188050,-0.877709,0.069671,-0.383162,-0.333326,1.230432,0.221389,-0.585840,-0.007507
28.380000,-0.575389,0.245867,1.205639,-0.672130,-0.716975,-0.026019,-0.211404,0.060763,1.209444,-0.194655,-0.203094,-0.004347,0.015508,-0.482098,1.222241,0.599517,-0.290216,-0.014887,-0.742807,-0.077186,1.219470,-0.183937,-0.865978,0.073920,-0.378778,-0.344928,1.230296,0.216910,-0.574207,-0.006150
28.400000,-0.588816,0.231520,1.205099,-0.670406,-0.717642,-0.027987,-0.215260,0.056759,1.209355,-0.190804,-0.197285,-0.004606,0.027405,-0.487873,1.221956,0.590076,-0.287251,-0.013688,-0.746443,-0.094381,1.220991,-0.179531,-0.853345,0.078277,-0.374486,-0.356290,1.230186,0.212230,-0.561835,-0.004804
28.420000,-0.602201,0.217166,1.204519,-0.667942,-0.717676,-0.030094,-0.219034,0.052872,1.209259,-0.186555,-0.191336,-0.005002,0.039108,-0.493586,1.221693,0.580113,-0.283938,-0.012526,-0.749987,-0.111315,1.222601,-0.174865,-0.839955,0.082717,-0.370290,-0.367397,1.230103,0.207407,-0.548865,-0.003486
28.440000,-0.615529,0.202817,1.203894,-0.664759,-0.717119,-0.032341,-0.222720,0.049106,1.209154,-0.181957,-0.185312,-0.005534,0.050607,-0.499229,1.221454,0.569738,-0.280321,-0.011412,-0.753436,-0.127975,1.224300,-0.169971,-0.825952,0.087213,-0.366191,-0.378241,1.230047,0.202497,-0.535438,-0.002211
28.460000,-0.628786,0.188485,1.203224,-0.660856,-0.715970,-0.034728,-0.226310,0.045460,1.209037,-0.177010,-0.179213,-0.006202,0.061895,-0.504797,1.221237,0.558952,-0.276398,-0.010348,-0.756784,-0.144349,1.226090,-0.164848,-0.811336,0.091767,-0.362191,-0.388812,1.230015,0.197501,-0.521553,-0.000979
28.480000,-0.641958,0.174182,1.202504,-0.656234,-0.714229,-0.037255,-0.229798,0.041938,1.208905,-0.171715,-0.173040,-0.007007,0.072962,-0.510283,1.221040,0.547754,-0.272171,-0.009333,-0.760028,-0.160425,1.227971,-0.159498,-0.796108,0.096379,-0.358291,-0.399100,1.230007,0.192419,-0.507212,0.000210
28.500000,-0.655031,0.159920,1.201733,-0.650893,-0.711897,-0.039922,-0.233176,0.038539,1.208755,-0.166071,-0.166792,-0.007947,0.083802,-0.515681,1.220863,0.536144,-0.267640,-0.008367,-0.763163,-0.176189,1.229946,-0.153919,-0.780266,0.101048,-0.354494,-0.409097,1.230023,0.187250,-0.492414,0.001356
28.520000,-0.667989,0.145710,1.200907,-0.644863,-0.709004,-0.042722,-0.236438,0.035266,1.208586,-0.160127,-0.160522,-0.009016,0.094406,-0.520987,1.220705,0.524229,-0.262849,-0.007464,-0.766184,-0.191632,1.232014,-0.148158,-0.763954,0.105743,-0.350802,-0.418794,1.230061,0.182041,-0.477281,0.002448
28.540000,-0.680821,0.131563,1.200023,-0.638175,-0.705582,-0.045649,-0.239580,0.032118,1.208394,-0.153934,-0.154285,-0.010205,0.104770,-0.526194,1.220564,0.512117,-0.257848,-0.006637,-0.769088,-0.206745,1.234175,-0.142263,-0.747312,0.110434,-0.347213,-0.428187,1.230120,0.176838,-0.461936,0.003479
28.560000,-0.693512,0.117490,1.199080,-0.630830,-0.701630,-0.048703,-0.242594,0.029095,1.208177,-0.147492,-0.148079,-0.011515,0.114889,-0.531299,1.220439,0.499807,-0.252635,-0.005887,-0.771873,-0.221522,1.236431,-0.136233,-0.730340,0.115121,-0.343728,-0.437271,1.230200,0.171641,-0.446379,0.004447
28.580000,-0.706050,0.103501,1.198074,-0.622827,-0.697149,-0.051883,-0.245478,0.026195,1.207933,-0.140800,-0.141906,-0.012945,0.124761,-0.536298,1.220328,0.487299,-0.247210,-0.005212,-0.774537,-0.235957,1.238780,-0.130067,-0.713038,0.119803,-0.340347,-0.446041,1.230298,0.166449,-0.430611,0.005352
28.600000,-0.718421,0.089608,1.197004,-0.614167,-0.692138,-0.055190,-0.248225,0.023418,1.207658,-0.133858,-0.135764,-0.014494,0.134380,-0.541186,1.220230,0.474594,-0.241573,-0.004615,-0.777075,-0.250042,1.241223,-0.123767,-0.695407,0.124481,-0.337070,-0.454494,1.230413,0.161264,-0.414630,0.006195
28.620000,-0.730612,0.075819,1.195866,-0.604879,-0.686620,-0.058612,-0.250830,0.020764,1.207352,-0.126711,-0.129679,-0.016149,0.143744,-0.545960,1.220143,0.461772,-0.235760,-0.004105,-0.779487,-0.263772,1.243759,-0.117379,-0.677574,0.129131,-0.333896,-0.462625,1.230545,0.156121,-0.398543,0.006971
28.640000,-0.742612,0.062146,1.194659,-0.594995,-0.680618,-0.062134,-0.253292,0.018230,1.207012,-0.119403,-0.123678,-0.017890,0.152851,-0.550616,1.220065,0.448914,-0.229806,-0.003697,-0.781770,-0.277144,1.246388,-0.110952,-0.659665,0.133728,-0.330825,-0.470435,1.230692,0.151060,-0.382457,0.007675
28.660000,-0.754408,0.048598,1.193380,-0.584514,-0.674131,-0.065758,-0.255606,0.015816,1.206636,-0.111934,-0.117760,-0.019720,0.161700,-0.555151,1.219994,0.436020,-0.223710,-0.003389,-0.783924,-0.290158,1.249108,-0.104484,-0.641681,0.138274,-0.327853,-0.477924,1.230852,0.146079,-0.366372,0.008309
28.680000,-0.765988,0.035184,1.192028,-0.573436,-0.667161,-0.069483,-0.257768,0.013519,1.206223,-0.104304,-0.111926,-0.021638,0.170291,-0.559563,1.219929,0.423091,-0.217473,-0.003182,-0.785949,-0.302811,1.251918,-0.097977,-0.623622,0.142768,-0.324981,-0.485090,1.231024,0.141179,-0.350288,0.008872
28.700000,-0.777341,0.021915,1.190600,-0.561761,-0.659706,-0.073309,-0.259777,0.011339,1.205770,-0.096513,-0.106174,-0.023644,0.178623,-0.563849,1.219866,0.410125,-0.211094,-0.003076,-0.787843,-0.315102,1.254818,-0.091429,-0.605487,0.147209,-0.322206,-0.491935,1.231206,0.136360,-0.334204,0.009364
28.720000,-0.788455,0.008799,1.189095,-0.549520,-0.651802,-0.077214,-0.261628,0.009272,1.205276,-0.088604,-0.100515,-0.025712,0.186696,-0.568006,1.219805,0.397187,-0.204601,-0.003076,-0.789606,-0.327031,1.257806,-0.084881,-0.587369,0.151582,-0.319526,-0.498459,1.231398,0.131648,-0.318200,0.009784
28.740000,-0.799319,-0.004155,1.187511,-0.536746,-0.643485,-0.081175,-0.263320,0.007317,1.204741,-0.080617,-0.094956,-0.027816,0.194512,-0.572032,1.219743,0.384342,-0.198019,-0.003188,-0.791239,-0.338598,1.260881,-0.078370,-0.569358,0.155870,-0.316939,-0.504664,1.231597,0.127065,-0.302356,0.010133
28.760000,-0.809921,-0.016938,1.185847,-0.523439,-0.634754,-0.085193,-0.264852,0.005473,1.204163,-0.072552,-0.089496,-0.029956,0.202071,-0.575926,1.219677,0.371589,-0.191350,-0.003412,-0.792741,-0.349806,1.264041,-0.071897,-0.551454,0.160072,-0.314442,-0.510554,1.231803,0.122614,-0.286670,0.010410
28.780000,-0.820253,-0.029542,1.184103,-0.509597,-0.625611,-0.089266,-0.266222,0.003737,1.203543,-0.064410,-0.084138,-0.032132,0.209376,-0.579686,1.219605,0.358927,-0.184593,-0.003747,-0.794115,-0.360656,1.267283,-0.065461,-0.533657,0.164189,-0.312033,-0.516132,1.232013,0.118294,-0.271145,0.010615
28.800000,-0.830302,-0.041960,1.182276,-0.495223,-0.616055,-0.093396,-0.267428,0.002107,1.202878,-0.056191,-0.078879,-0.034344,0.216428,-0.583309,1.219526,0.346358,-0.177748,-0.004194,-0.795360,-0.371153,1.270608,-0.059063,-0.515968,0.168221,-0.309710,-0.521401,1.232227,0.114104,-0.255778,0.010748
28.820000,-0.840058,-0.054182,1.180367,-0.480364,-0.606134,-0.097556,-0.268469,0.000581,1.202169,-0.047930,-0.073719,-0.036559,0.223231,-0.586795,1.219437,0.333930,-0.170833,-0.004757,-0.796478,-0.381296,1.274012,-0.052744,-0.498430,0.172158,-0.307468,-0.526365,1.232442,0.110057,-0.240625,0.010813
28.840000,-0.849513,-0.066203,1.178374,-0.465070,-0.595896,-0.101720,-0.269345,-0.000843,1.201416,-0.039661,-0.068653,-0.038742,0.229787,-0.590142,1.219335,0.321693,-0.163866,-0.005442,-0.797471,-0.391091,1.277493,-0.046542,-0.481085,0.175990,-0.305306,-0.531028,1.232659,0.106162,-0.225739,0.010811
28.860000,-0.858658,-0.078016,1.176298,-0.449342,-0.585343,-0.105890,-0.270056,-0.002166,1.200619,-0.031384,-0.063684,-0.040895,0.236100,-0.593350,1.219218,0.309648,-0.156846,-0.006249,-0.798340,-0.400541,1.281050,-0.040460,-0.463933,0.179718,-0.303221,-0.535396,1.232874,0.102421,-0.211121,0.010743
28.880000,-0.867484,-0.089614,1.174138,-0.433179,-0.574473,-0.110064,-0.270600,-0.003391,1.199780,-0.023101,-0.058809,-0.043016,0.242174,-0.596416,1.219084,0.297793,-0.149773,-0.007177,-0.799090,-0.409650,1.284681,-0.034496,-0.446975,0.183341,-0.301209,-0.539474,1.233088,0.098833,-0.196771,0.010610
28.900000,-0.875983,-0.100992,1.171895,-0.416581,-0.563288,-0.114243,-0.270980,-0.004519,1.198899,-0.014809,-0.054030,-0.045106,0.248013,-0.599340,1.218930,0.286129,-0.142648,-0.008226,-0.799721,-0.418421,1.288383,-0.028651,-0.430211,0.186860,-0.299266,-0.543269,1.233298,0.095398,-0.182688,0.010410
28.920000,-0.884145,-0.112144,1.169569,-0.399599,-0.551828,-0.118401,-0.271193,-0.005552,1.197976,-0.006544,-0.049339,-0.047131,0.253621,-0.602122,1.218754,0.274677,-0.135477,-0.009403,-0.800237,-0.426860,1.292155,-0.022944,-0.413689,0.190267,-0.297392,-0.546784,1.233504,0.092119,-0.168897,0.010151
28.940000,-0.891964,-0.123064,1.167160,-0.382283,-0.540135,-0.122513,-0.271242,-0.006493,1.197014,0.001663,-0.044731,-0.049055,0.259002,-0.604759,1.218553,0.263460,-0.128266,-0.010713,-0.800640,-0.434971,1.295993,-0.017396,-0.397458,0.193554,-0.295581,-0.550027,1.233704,0.088998,-0.155423,0.009841
28.960000,-0.899434,-0.133748,1.164669,-0.364633,-0.528211,-0.126580,-0.271127,-0.007342,1.196015,0.009812,-0.040205,-0.050878,0.264161,-0.607252,1.218325,0.252478,-0.121015,-0.012157,-0.800934,-0.442760,1.299896,-0.012008,-0.381520,0.196721,-0.293831,-0.553003,1.233897,0.086034,-0.142266,0.009479
28.980000,-0.906547,-0.144191,1.162097,-0.346650,-0.516054,-0.130600,-0.270850,-0.008102,1.194980,0.017902,-0.035761,-0.052601,0.269102,-0.609599,1.218066,0.241731,-0.113724,-0.013734,-0.801121,-0.450233,1.303861,-0.006778,-0.365872,0.199768,-0.292138,-0.555719,1.234083,0.083228,-0.129426,0.009066
29.000000,-0.913298,-0.154388,1.159445,-0.328332,-0.503665,-0.134575,-0.270411,-0.008773,1.193912,0.025933,-0.031399,-0.054223,0.273831,-0.611801,1.217775,0.231218,-0.106394,-0.015445,-0.801206,-0.457397,1.307886,-0.001707,-0.350516,0.202696,-0.290500,-0.558182,1.234260,0.080581,-0.116902,0.008600
29.020000,-0.919679,-0.164336,1.156714,-0.309734,-0.491081,-0.138485,-0.269813,-0.009358,1.192812,0.033881,-0.027106,-0.055721,0.278353,-0.613855,1.217448,0.220949,-0.099024,-0.017294,-0.801191,-0.464256,1.311968,0.003199,-0.335488,0.205494,-0.288914,-0.560398,1.234427,0.078079,-0.104717,0.008089
29.040000,-0.925686,-0.174031,1.153906,-0.290911,-0.478340,-0.142312,-0.269057,-0.009858,1.191684,0.041721,-0.022866,-0.057072,0.282671,-0.615761,1.217082,0.210937,-0.091614,-0.019288,-0.801079,-0.470819,1.316105,0.007933,-0.320824,0.208152,-0.287376,-0.562373,1.234583,0.075713,-0.092890,0.007538
29.060000,-0.931314,-0.183469,1.151022,-0.271863,-0.465442,-0.146055,-0.268145,-0.010273,1.190530,0.049454,-0.018680,-0.058275,0.286792,-0.617519,1.216675,0.201179,-0.084164,-0.021427,-0.800874,-0.477092,1.320293,0.012496,-0.306524,0.210671,-0.285885,-0.564116,1.234728,0.073481,-0.081422,0.006947
29.080000,-0.936559,-0.192647,1.148064,-0.252589,-0.452387,-0.149715,-0.267079,-0.010605,1.189354,0.057078,-0.014548,-0.059330,0.290720,-0.619128,1.216224,0.191677,-0.076675,-0.023709,-0.800580,-0.483082,1.324531,0.016888,-0.292588,0.213050,-0.284436,-0.565632,1.234860,0.071384,-0.070313,0.006316
29.100000,-0.941416,-0.201563,1.145034,-0.233089,-0.439175,-0.153292,-0.265862,-0.010855,1.188158,0.064594,-0.010470,-0.060238,0.294461,-0.620586,1.215726,0.182430,-0.069147,-0.026137,-0.800200,-0.488798,1.328815,0.021108,-0.279015,0.215289,-0.283028,-0.566931,1.234980,0.069422,-0.059562,0.005644
29.120000,-0.945881,-0.210213,1.141933,-0.213420,-0.425841,-0.156783,-0.264496,-0.011024,1.186945,0.071987,-0.006435,-0.060977,0.298019,-0.621893,1.215177,0.173435,-0.061574,-0.028706,-0.799737,-0.494245,1.333141,0.025177,-0.265830,0.217381,-0.281658,-0.568017,1.235086,0.067587,-0.049174,0.004939
29.140000,-0.949952,-0.218596,1.138763,-0.193637,-0.412420,-0.160184,-0.262984,-0.011113,1.185720,0.079243,-0.002431,-0.061529,0.301400,-0.623049,1.214576,0.164688,-0.053953,-0.031416,-0.799194,-0.499434,1.337509,0.029115,-0.253056,0.219314,-0.280324,-0.568900,1.235178,0.065869,-0.039153,0.004208
29.160000,-0.953626,-0.226710,1.135527,-0.173740,-0.398913,-0.163497,-0.261327,-0.011122,1.184485,0.086362,0.001541,-0.061891,0.304608,-0.624051,1.213920,0.156187,-0.046284,-0.034266,-0.798573,-0.504370,1.341913,0.032922,-0.240691,0.221091,-0.279023,-0.569586,1.235254,0.064270,-0.029499,0.003449
29.180000,-0.956901,-0.234552,1.132224,-0.153730,-0.385320,-0.166720,-0.259530,-0.011052,1.183246,0.093344,0.005482,-0.062065,0.307649,-0.624900,1.213205,0.147935,-0.038567,-0.037257,-0.797878,-0.509064,1.346351,0.036598,-0.228738,0.222709,-0.277752,-0.570082,1.235315,0.062788,-0.020211,0.002664
29.200000,-0.959774,-0.242122,1.128858,-0.133605,-0.371639,-0.169854,-0.257595,-0.010903,1.182004,0.100189,0.009392,-0.062050,0.310527,-0.625593,1.212429,0.139930,-0.030802,-0.040388,-0.797110,-0.513523,1.350820,0.040143,-0.217194,0.224171,-0.276511,-0.570397,1.235361,0.061425,-0.011291,0.001852
29.220000,-0.962244,-0.249417,1.125431,-0.113417,-0.357907,-0.172904,-0.255523,-0.010676,1.180765,0.106900,0.013287,-0.061839,0.313248,-0.626131,1.211589,0.132159,-0.022982,-0.043652,-0.796273,-0.517754,1.355317,0.043582,-0.206058,0.225475,-0.275295,-0.570536,1.235389,0.060173,-0.002728,0.001020
29.240000,-0.964311,-0.256438,1.121943,-0.093213,-0.344158,-0.175874,-0.253319,-0.010371,1.179532,0.113482,0.017186,-0.061423,0.315815,-0.626512,1.210682,0.124608,-0.015100,-0.047042,-0.795367,-0.521768,1.359838,0.046941,-0.195326,0.226621,-0.274103,-0.570508,1.235401,0.059028,0.005485,0.000173
29.260000,-0.965973,-0.263184,1.118396,-0.072994,-0.330391,-0.178765,-0.250985,-0.009989,1.178309,0.119935,0.021089,-0.060803,0.318233,-0.626735,1.209706,0.117277,-0.007156,-0.050558,-0.794396,-0.525570,1.364381,0.050219,-0.185000,0.227609,-0.272933,-0.570319,1.235396,0.057990,0.013348,-0.000688
29.280000,-0.967230,-0.269654,1.114793,-0.052760,-0.316607,-0.181575,-0.248523,-0.009528,1.177101,0.126258,0.024995,-0.059978,0.320507,-0.626798,1.208659,0.110166,0.000850,-0.054200,-0.793359,-0.529170,1.368942,0.053417,-0.175078,0.228440,-0.271783,-0.569977,1.235374,0.057057,0.020861,-0.001563
29.300000,-0.968083,-0.275848,1.111134,-0.032511,-0.302806,-0.184307,-0.245936,-0.008989,1.175912,0.132453,0.028905,-0.058948,0.322642,-0.626701,1.207537,0.103275,0.008918,-0.057969,-0.792259,-0.532576,1.373517,0.056535,-0.165560,0.229113,-0.270650,-0.569487,1.235334,0.056232,0.028025,-0.002453
29.320000,-0.968531,-0.281766,1.107421,-0.012284,-0.289011,-0.186968,-0.243226,-0.008371,1.174745,0.138535,0.032838,-0.057718,0.324640,-0.626441,1.206339,0.096587,0.017052,-0.061853,-0.791098,-0.535795,1.378105,0.059589,-0.156427,0.229637,-0.269533,-0.568858,1.235276,0.055509,0.034857,-0.003347
29.340000,-0.968575,-0.287408,1.103655,0.007882,-0.275245,-0.189570,-0.240395,-0.007675,1.173604,0.144521,0.036814,-0.056292,0.326506,-0.626018,1.205062,0.090085,0.025256,-0.065845,-0.789876,-0.538835,1.382702,0.062594,-0.147657,0.230021,-0.268429,-0.568095,1.235200,0.054886,0.041375,-0.004237
29.360000,-0.968216,-0.292776,1.099838,0.027987,-0.261508,-0.192112,-0.237445,-0.006898,1.172494,0.150411,0.040831,-0.054670,0.328244,-0.625430,1.203705,0.083770,0.033530,-0.069943,-0.788595,-0.541704,1.387305,0.065551,-0.139250,0.230265,-0.267337,-0.567205,1.235106,0.054362,0.047578,-0.005122
29.380000,-0.967456,-0.297869,1.095971,0.048032,-0.247801,-0.194594,-0.234379,-0.006041,1.171419,0.156205,0.044891,-0.052852,0.329858,-0.624676,1.202264,0.077640,0.041875,-0.074148,-0.787255,-0.544408,1.391912,0.068459,-0.131207,0.230369,-0.266254,-0.566194,1.234995,0.053938,0.053468,-0.006003
29.400000,-0.966295,-0.302688,1.092055,0.068016,-0.234123,-0.197015,-0.231198,-0.005103,1.170381,0.161903,0.048992,-0.050838,0.331351,-0.623755,1.200738,0.071697,0.050290,-0.078459,-0.785857,-0.546955,1.396519,0.071318,-0.123526,0.230334,-0.265178,-0.565068,1.234866,0.053614,0.059043,-0.006879
29.420000,-0.964736,-0.307234,1.088091,0.087906,-0.220506,-0.199392,-0.227903,-0.004081,1.169386,0.167519,0.053150,-0.048626,0.332727,-0.622664,1.199125,0.065929,0.058771,-0.082880,-0.784402,-0.549351,1.401124,0.074120,-0.116160,0.230151,-0.264109,-0.563834,1.234720,0.053383,0.064325,-0.007735
29.440000,-0.962780,-0.311509,1.084080,0.107669,-0.206981,-0.201739,-0.224498,-0.002976,1.168438,0.173066,0.057376,-0.046215,0.333990,-0.621403,1.197422,0.060326,0.067317,-0.087410,-0.782892,-0.551603,1.405724,0.076855,-0.109060,0.229815,-0.263042,-0.562497,1.234557,0.053241,0.069335,-0.008556
29.460000,-0.960430,-0.315514,1.080022,0.127303,-0.193549,-0.204056,-0.220981,-0.001786,1.167539,0.178544,0.061672,-0.043604,0.335141,-0.619971,1.195628,0.054887,0.075927,-0.092051,-0.781328,-0.553715,1.410316,0.079523,-0.102225,0.229326,-0.261978,-0.561063,1.234378,0.053187,0.074073,-0.009341
29.480000,-0.957689,-0.319252,1.075918,0.146810,-0.180208,-0.206343,-0.217356,-0.000509,1.166695,0.183952,0.066037,-0.040794,0.336186,-0.618366,1.193739,0.049613,0.084600,-0.096803,-0.779712,-0.555694,1.414896,0.082124,-0.095656,0.228683,-0.260914,-0.559536,1.234183,0.053222,0.078539,-0.010092
29.500000,-0.954558,-0.322723,1.071768,0.166188,-0.166960,-0.208600,-0.213624,0.000856,1.165909,0.189292,0.070471,-0.037784,0.337127,-0.616587,1.191755,0.044504,0.093337,-0.101665,-0.778044,-0.557543,1.419462,0.084658,-0.089353,0.227887,-0.259849,-0.557923,1.233974,0.053345,0.082733,-0.010808
29.520000,-0.951042,-0.325931,1.067574,0.185412,-0.153850,-0.210846,-0.209785,0.002311,1.165185,0.194566,0.074976,-0.034569,0.337967,-0.614632,1.189672,0.039539,0.102135,-0.106646,-0.776326,-0.559269,1.424010,0.087112,-0.083276,0.226937,-0.258780,-0.556228,1.233751,0.053548,0.086687,-0.011473
29.540000,-0.947143,-0.328878,1.063334,0.204455,-0.140926,-0.213097,-0.205841,0.003856,1.164527,0.199779,0.079554,-0.031142,0.338709,-0.612501,1.187488,0.034696,0.110988,-0.111758,-0.774560,-0.560876,1.428538,0.089472,-0.077388,0.225832,-0.257706,-0.554457,1.233516,0.053822,0.090429,-0.012072
29.560000,-0.942865,-0.331569,1.059050,0.223316,-0.128186,-0.215355,-0.201794,0.005493,1.163941,0.204931,0.084206,-0.027504,0.339356,-0.610192,1.185201,0.029975,0.119898,-0.116999,-0.772748,-0.562366,1.433043,0.091739,-0.071688,0.224573,-0.256627,-0.552613,1.233269,0.054167,0.093961,-0.012605
29.580000,-0.938212,-0.334007,1.054720,0.241996,-0.115632,-0.217620,-0.197645,0.007224,1.163429,0.210021,0.088932,-0.023654,0.339909,-0.607705,1.182807,0.025377,0.128864,-0.122370,-0.770891,-0.563744,1.437520,0.093913,-0.066177,0.223160,-0.255539,-0.550700,1.233012,0.054584,0.097282,-0.013072
29.600000,-0.933186,-0.336196,1.050345,0.260494,-0.103263,-0.219890,-0.193394,0.009051,1.162996,0.215050,0.093731,-0.019592,0.340372,-0.605037,1.180305,0.020902,0.137886,-0.127870,-0.768992,-0.565014,1.441968,0.095993,-0.060855,0.221592,-0.254443,-0.548723,1.232747,0.055072,0.100392,-0.013473
29.620000,-0.927793,-0.338139,1.045924,0.278766,-0.091126,-0.222183,-0.189043,0.010974,1.162646,0.220017,0.098594,-0.015317,0.340746,-0.602189,1.177691,0.016520,0.146961,-0.133516,-0.767052,-0.566180,1.446383,0.097954,-0.055688,0.219870,-0.253336,-0.546685,1.232474,0.055627,0.103321,-0.013791
29.640000,-0.922038,-0.339843,1.041457,0.296764,-0.079268,-0.224511,-0.184594,0.012995,1.162385,0.224921,0.103510,-0.010824,0.341033,-0.599158,1.174963,0.012203,0.156088,-0.139323,-0.765075,-0.567243,1.450762,0.099773,-0.050644,0.217997,-0.252217,-0.544591,1.232196,0.056244,0.106096,-0.014009
29.660000,-0.915925,-0.341312,1.036943,0.314489,-0.067688,-0.226877,-0.180047,0.015115,1.162215,0.229761,0.108481,-0.006114,0.341235,-0.595945,1.172117,0.007951,0.165265,-0.145292,-0.763062,-0.568206,1.455102,0.101448,-0.045724,0.215971,-0.251086,-0.542442,1.231914,0.056923,0.108718,-0.014127
29.680000,-0.909460,-0.342552,1.032382,0.331942,-0.056387,-0.229279,-0.175404,0.017335,1.162141,0.234539,0.113505,-0.001188,0.341352,-0.592548,1.169151,0.003763,0.174493,-0.151423,-0.761018,-0.569072,1.459400,0.102980,-0.040928,0.213793,-0.249940,-0.540243,1.231631,0.057664,0.111186,-0.014144
29.700000,-0.902649,-0.343569,1.027772,0.349121,-0.045365,-0.231717,-0.170666,0.019655,1.162169,0.239253,0.118583,0.003955,0.341386,-0.588965,1.166059,-0.000360,0.183772,-0.157714,-0.758944,-0.569844,1.463652,0.104369,-0.036254,0.211462,-0.248779,-0.537996,1.231349,0.058468,0.113501,-0.014061
29.720000,-0.895497,-0.344369,1.023113,0.365959,-0.034661,-0.234200,-0.165834,0.022078,1.162301,0.243900,0.123697,0.009306,0.341337,-0.585196,1.162841,-0.004438,0.193092,-0.164179,-0.756844,-0.570523,1.467857,0.105597,-0.031673,0.208988,-0.247601,-0.535704,1.231070,0.059332,0.115687,-0.013859
29.740000,-0.888013,-0.344958,1.018404,0.382388,-0.024314,-0.236736,-0.160910,0.024603,1.162542,0.248475,0.128826,0.014857,0.341208,-0.581241,1.159491,-0.008493,0.202441,-0.170829,-0.754721,-0.571111,1.472011,0.106648,-0.027155,0.206380,-0.246405,-0.533369,1.230796,0.060254,0.117769,-0.013519
29.760000,-0.880205,-0.345344,1.013643,0.398407,-0.014323,-0.239324,-0.155895,0.027231,1.162897,0.252979,0.133971,0.020607,0.340998,-0.577099,1.156006,-0.012524,0.211821,-0.177663,-0.752579,-0.571610,1.476111,0.107522,-0.022698,0.203637,-0.245190,-0.530994,1.230530,0.061234,0.119746,-0.013042
29.780000,-0.872080,-0.345533,1.008830,0.414016,-0.004690,-0.241965,-0.150791,0.029962,1.163368,0.257412,0.139132,0.026557,0.340707,-0.572768,1.152383,-0.016532,0.221230,-0.184682,-0.750422,-0.572020,1.480156,0.108218,-0.018303,0.200759,-0.243955,-0.528580,1.230275,0.062273,0.121618,-0.012428
29.800000,-0.863647,-0.345534,1.003964,0.429215,0.004587,-0.244659,-0.145599,0.032797,1.163960,0.261773,0.144310,0.032705,0.340337,-0.568249,1.148618,-0.020516,0.230669,-0.191886,-0.748252,-0.572342,1.484141,0.108737,-0.013971,0.197747,-0.242699,-0.526130,1.230033,0.063370,0.123386,-0.011676
29.820000,-0.854914,-0.345352,0.999044,0.443931,0.013482,-0.247393,-0.140321,0.035735,1.164677,0.266048,0.149469,0.039027,0.339887,-0.563541,1.144707,-0.024484,0.240111,-0.199268,-0.746073,-0.572579,1.488065,0.109063,-0.009675,0.194615,-0.241420,-0.523645,1.229809,0.064526,0.125069,-0.010768
29.840000,-0.845893,-0.344997,0.994068,0.458090,0.021969,-0.250154,-0.134958,0.038775,1.165522,0.270223,0.154575,0.045496,0.339358,-0.558645,1.140646,-0.028442,0.249528,-0.206824,-0.743891,-0.572729,1.491925,0.109178,-0.005392,0.191375,-0.240118,-0.521128,1.229604,0.065739,0.126688,-0.009687
29.860000,-0.836594,-0.344476,0.989037,0.471692,0.030050,-0.252944,-0.129513,0.041917,1.166498,0.274299,0.159627,0.052112,0.338749,-0.553560,1.136433,-0.032392,0.258920,-0.214554,-0.741708,-0.572795,1.495719,0.109084,-0.001120,0.188028,-0.238790,-0.518578,1.229422,0.067011,0.128242,-0.008433
29.880000,-0.827029,-0.343798,0.983950,0.484736,0.037722,-0.255761,-0.123987,0.045160,1.167608,0.278275,0.164627,0.058875,0.338062,-0.548288,1.132063,-0.036333,0.268289,-0.222457,-0.739529,-0.572774,1.499445,0.108780,0.003139,0.184575,-0.237437,-0.515998,1.229268,0.068341,0.129731,-0.007004
29.900000,-0.817209,-0.342970,0.978807,0.497223,0.044988,-0.258607,-0.118382,0.048502,1.168854,0.282151,0.169573,0.065785,0.337296,-0.542829,1.127533,-0.040265,0.277632,-0.230533,-0.737358,-0.572669,1.503101,0.108267,0.007386,0.181014,-0.236056,-0.513389,1.229143,0.069730,0.131156,-0.005403
29.920000,-0.807144,-0.342001,0.973606,0.509108,0.051827,-0.261445,-0.112702,0.051942,1.170240,0.285907,0.174417,0.072798,0.336451,-0.537183,1.122841,-0.044185,0.286907,-0.238749,-0.735199,-0.572479,1.506685,0.107532,0.011633,0.177363,-0.234647,-0.510752,1.229053,0.071177,0.132528,-0.003618
29.940000,-0.796849,-0.340900,0.968349,0.520344,0.058221,-0.264241,-0.106947,0.055478,1.171766,0.289525,0.179110,0.079870,0.335529,-0.531353,1.117982,-0.048094,0.296070,-0.247072,-0.733058,-0.572204,1.510195,0.106565,0.015893,0.173638,-0.233209,-0.508088,1.229000,0.072685,0.133858,-0.001639
29.960000,-0.786335,-0.339675,0.963037,0.530932,0.064170,-0.266996,-0.101121,0.059106,1.173435,0.293004,0.183653,0.087001,0.334528,-0.525341,1.112957,-0.051989,0.305119,-0.255502,-0.730938,-0.571843,1.513630,0.105366,0.020165,0.169838,-0.231739,-0.505398,1.228989,0.074253,0.135147,0.000532
29.980000,-0.775616,-0.338336,0.957670,0.540872,0.069674,-0.269708,-0.095228,0.062823,1.175247,0.296345,0.188044,0.094191,0.333449,-0.519149,1.107762,-0.055872,0.314056,-0.264039,-0.728845,-0.571397,1.516988,0.103935,0.024449,0.165964,-0.230238,-0.502683,1.229023,0.075881,0.136394,0.002897
30.000000,-0.764704,-0.336891,0.952249,0.550164,0.074732,-0.272379,-0.089269,0.066626,1.177203,0.299546,0.192285,0.101441,0.332293,-0.512780,1.102395,-0.059742,0.322880,-0.272682,-0.726783,-0.570865,1.520268,0.102273,0.028746,0.162015,-0.228704,-0.499943,1.229106,0.077568,0.137600,0.005454
30.020000,-0.753614,-0.335350,0.946775,0.558798,0.079335,-0.274962,-0.083247,0.070513,1.179305,0.302594,0.196330,0.108702,0.331059,-0.506235,1.096854,-0.063598,0.331540,-0.281366,-0.724756,-0.570247,1.523468,0.100369,0.033062,0.158011,-0.227135,-0.497179,1.229242,0.079315,0.138767,0.008205
30.040000,-0.742357,-0.333721,0.941251,0.566767,0.083474,-0.277413,-0.077166,0.074478,1.181551,0.305473,0.200136,0.115927,0.329749,-0.499520,1.091140,-0.067439,0.339984,-0.290023,-0.722769,-0.569542,1.526588,0.098216,0.037403,0.153970,-0.225531,-0.494392,1.229435,0.081118,0.139894,0.011150
30.060000,-0.730947,-0.332014,0.935680,0.574069,0.087149,-0.279732,-0.071029,0.078517,1.183941,0.308183,0.203701,0.123114,0.328362,-0.492637,1.085253,-0.071264,0.348212,-0.298653,-0.720829,-0.568751,1.529627,0.095813,0.041769,0.149891,-0.223890,-0.491584,1.229689,0.082979,0.140983,0.014288
30.080000,-0.719398,-0.330238,0.930063,0.580705,0.090359,-0.281918,-0.064840,0.082624,1.186475,0.310724,0.207026,0.130266,0.326899,-0.485593,1.079194,-0.075075,0.356225,-0.307257,-0.718939,-0.567872,1.532584,0.093161,0.046159,0.145776,-0.222211,-0.488753,1.230008,0.084896,0.142034,0.017620
30.100000,-0.707724,-0.328403,0.924404,0.586675,0.093104,-0.283972,-0.058601,0.086796,1.189152,0.313097,0.210111,0.137381,0.325359,-0.478390,1.072963,-0.078869,0.364021,-0.315833,-0.717104,-0.566904,1.535458,0.090260,0.050575,0.141624,-0.220494,-0.485903,1.230395,0.086871,0.143046,0.021145
30.120000,-0.695936,-0.326517,0.918705,0.592012,0.095391,-0.285839,-0.052317,0.091027,1.191970,0.315295,0.212925,0.144414,0.323744,-0.471033,1.066562,-0.082653,0.371559,-0.324294,-0.715330,-0.565848,1.538249,0.087106,0.055017,0.137448,-0.218736,-0.483032,1.230855,0.088897,0.144016,0.024855
30.140000,-0.684047,-0.324590,0.912972,0.596746,0.097225,-0.287467,-0.045991,0.095311,1.194928,0.317315,0.215435,0.151323,0.322053,-0.463529,1.059993,-0.086429,0.378798,-0.332548,-0.713621,-0.564703,1.540956,0.083697,0.059485,0.133264,-0.216938,-0.480142,1.231391,0.090968,0.144942,0.028742
30.160000,-0.672070,-0.322631,0.907208,0.600879,0.098605,-0.288856,-0.039626,0.099642,1.198022,0.319156,0.217643,0.158106,0.320287,-0.455884,1.053261,-0.090197,0.385738,-0.340596,-0.711984,-0.563469,1.543579,0.080033,0.063979,0.129069,-0.215097,-0.477234,1.232006,0.093085,0.145824,0.032805
30.180000,-0.660016,-0.320649,0.901419,0.604410,0.099532,-0.290005,-0.033226,0.104015,1.201251,0.320818,0.219547,0.164764,0.318445,-0.448102,1.046370,-0.093959,0.392377,-0.348438,-0.710422,-0.562144,1.546118,0.076114,0.068500,0.124866,-0.213214,-0.474310,1.232704,0.095248,0.146661,0.037044
30.200000,-0.647897,-0.318653,0.895609,0.607339,0.100005,-0.290915,-0.026794,0.108422,1.204612,0.322301,0.221148,0.171296,0.316529,-0.440190,1.039325,-0.097712,0.398717,-0.356073,-0.708941,-0.560729,1.548574,0.071939,0.073047,0.120653,-0.211287,-0.471368,1.233489,0.097456,0.147454,0.041459
30.220000,-0.635726,-0.316651,0.889784,0.609733,0.100052,-0.291539,-0.020335,0.112859,1.208102,0.323610,0.222434,0.177677,0.314537,-0.432155,1.032130,-0.101469,0.404734,-0.363403,-0.707546,-0.559222,1.550945,0.067517,0.077618,0.116441,-0.209315,-0.468412,1.234364,0.099696,0.148191,0.046029
30.240000,-0.623511,-0.314653,0.883950,0.611657,0.099701,-0.291833,-0.013851,0.117317,1.211718,0.324749,0.223396,0.183882,0.312470,-0.424003,1.024792,-0.105237,0.410408,-0.370327,-0.706242,-0.557624,1.553231,0.062855,0.082210,0.112238,-0.207299,-0.465441,1.235331,0.101954,0.148860,0.050730
30.260000,-0.611263,-0.312666,0.878113,0.613112,0.098951,-0.291795,-0.007346,0.121792,1.215456,0.325719,0.224031,0.189909,0.310327,-0.415741,1.017319,-0.109018,0.415737,-0.376846,-0.705033,-0.555933,1.555434,0.057953,0.086822,0.108045,-0.205237,-0.462458,1.236394,0.104231,0.149461,0.055562
30.280000,-0.598990,-0.310698,0.872280,0.614097,0.097802,-0.291427,-0.000823,0.126277,1.219313,0.326520,0.224342,0.195759,0.308109,-0.407376,1.009720,-0.112812,0.420722,-0.382958,-0.703925,-0.554151,1.557553,0.052812,0.091454,0.103861,-0.203130,-0.459463,1.237554,0.106526,0.149995,0.060525
30.300000,-0.586702,-0.308757,0.866458,0.614612,0.096255,-0.290728,0.005714,0.130764,1.223285,0.327151,0.224326,0.201432,0.305815,-0.398915,1.002004,-0.116617,0.425362,-0.388665,-0.702922,-0.552275,1.559589,0.047431,0.096108,0.099686,-0.200976,-0.456458,1.238815,0.108839,0.150461,0.065620
30.320000,-0.574408,-0.306850,0.860654,0.614746,0.094348,-0.289665,0.012262,0.135247,1.227369,0.327625,0.223991,0.206917,0.303444,-0.390364,0.994177,-0.120449,0.429655,-0.393879,-0.702029,-0.550306,1.561541,0.041830,0.100777,0.095520,-0.198776,-0.453445,1.240180,0.111149,0.150842,0.070810
30.340000,-0.562114,-0.304985,0.854874,0.614586,0.092121,-0.288206,0.018818,0.139721,1.231560,0.327953,0.223343,0.212205,0.300996,-0.381731,0.986252,-0.124319,0.433599,-0.398513,-0.701251,-0.548244,1.563409,0.036027,0.105458,0.091360,-0.196530,-0.450425,1.241648,0.113430,0.151121,0.076056
30.360000,-0.549826,-0.303167,0.849128,0.614133,0.089574,-0.286351,0.025379,0.144179,1.235856,0.328135,0.222381,0.217295,0.298471,-0.373022,0.978240,-0.128228,0.437194,-0.402568,-0.700590,-0.546088,1.565195,0.030023,0.110150,0.087207,-0.194239,-0.447401,1.243222,0.115684,0.151297,0.081359
30.380000,-0.537551,-0.301404,0.843423,0.613387,0.086706,-0.284101,0.031942,0.148614,1.240251,0.328171,0.221106,0.222187,0.295867,-0.364245,0.970153,-0.132176,0.440439,-0.406042,-0.700051,-0.543838,1.566898,0.023818,0.114854,0.083061,-0.191903,-0.444374,1.244903,0.117911,0.151371,0.086719
30.400000,-0.525293,-0.299701,0.837767,0.612348,0.083519,-0.281454,0.038505,0.153021,1.244742,0.328061,0.219517,0.226881,0.293184,-0.355407,0.962003,-0.136164,0.443335,-0.408936,-0.699638,-0.541494,1.568518,0.017412,0.119570,0.078921,-0.189523,-0.441347,1.246691,0.120110,0.151343,0.092136
30.420000,-0.513058,-0.298065,0.832168,0.611110,0.080064,-0.278408,0.045064,0.157393,1.249325,0.327821,0.217629,0.231371,0.290420,-0.346514,0.953800,-0.140200,0.445888,-0.411192,-0.699356,-0.539055,1.570055,0.010849,0.124286,0.074788,-0.187099,-0.438321,1.248588,0.122250,0.151194,0.097562
30.440000,-0.500849,-0.296500,0.826633,0.609769,0.076395,-0.274960,0.051617,0.161724,1.253995,0.327467,0.215454,0.235651,0.287575,-0.337574,0.945560,-0.144295,0.448105,-0.412751,-0.699205,-0.536522,1.571509,0.004175,0.128991,0.070661,-0.184633,-0.435300,1.250594,0.124299,0.150905,0.102947
30.460000,-0.488668,-0.295011,0.821172,0.608325,0.072511,-0.271109,0.058162,0.166009,1.258749,0.326998,0.212995,0.239722,0.284648,-0.328592,0.937295,-0.148450,0.449986,-0.413613,-0.699189,-0.533896,1.572881,-0.002610,0.133684,0.066542,-0.182128,-0.432286,1.252706,0.126257,0.150478,0.108292
30.480000,-0.476517,-0.293601,0.815791,0.606778,0.068413,-0.266855,0.064696,0.170242,1.263583,0.326415,0.210249,0.243582,0.281637,-0.319577,0.929020,-0.152663,0.451532,-0.413778,-0.699310,-0.531175,1.574171,-0.009508,0.138367,0.062429,-0.179584,-0.429282,1.254925,0.128123,0.149911,0.113596
30.500000,-0.464398,-0.292276,0.810500,0.605127,0.064101,-0.262199,0.071218,0.174417,1.268491,0.325718,0.207218,0.247233,0.278541,-0.310533,0.920748,-0.156936,0.452742,-0.413246,-0.699570,-0.528361,1.575378,-0.016517,0.143038,0.058323,-0.177003,-0.426291,1.257250,0.129899,0.149206,0.118861
30.520000,-0.452312,-0.291038,0.805306,0.603449,0.059630,-0.257161,0.077724,0.178529,1.273471,0.324923,0.203916,0.250665,0.275359,-0.301469,0.912495,-0.161273,0.453627,-0.411993,-0.699971,-0.525454,1.576504,-0.023570,0.147682,0.054222,-0.174389,-0.423315,1.259679,0.131547,0.148345,0.124033
30.540000,-0.440259,-0.289891,0.800216,0.601816,0.055054,-0.251763,0.084214,0.182572,1.278516,0.324045,0.200358,0.253873,0.272090,-0.292390,0.904274,-0.165678,0.454200,-0.409995,-0.700513,-0.522454,1.577547,-0.030600,0.152284,0.050126,-0.171743,-0.420358,1.262210,0.133032,0.147312,0.129063
30.560000,-0.428239,-0.288837,0.795238,0.600228,0.050375,-0.246004,0.090685,0.186542,1.283624,0.323085,0.196545,0.256856,0.268731,-0.283303,0.896100,-0.170152,0.454460,-0.407250,-0.701195,-0.519363,1.578509,-0.037607,0.156842,0.046035,-0.169068,-0.417423,1.264840,0.134354,0.146109,0.133951
30.580000,-0.416250,-0.287877,0.790379,0.598687,0.045591,-0.239885,0.097137,0.190433,1.288789,0.322042,0.192477,0.259613,0.265283,-0.274214,0.887989,-0.174694,0.454408,-0.403759,-0.702017,-0.516181,1.579389,-0.044591,0.161358,0.041948,-0.166370,-0.414515,1.267567,0.135512,0.144734,0.138696
30.600000,-0.404291,-0.287014,0.785645,0.597192,0.040703,-0.233405,0.103566,0.194239,1.294007,0.320917,0.188153,0.262146,0.261743,-0.265129,0.879955,-0.179304,0.454042,-0.399523,-0.702979,-0.512909,1.580187,-0.051552,0.165831,0.037867,-0.163649,-0.411635,1.270387,0.136506,0.143187,0.143298
30.620000,-0.392362,-0.286249,0.781044,0.595790,0.035761,-0.226602,0.109973,0.197957,1.299273,0.319721,0.183590,0.264448,0.258110,-0.256054,0.872013,-0.183981,0.453379,-0.394550,-0.704079,-0.509548,1.580903,-0.058424,0.170246,0.033792,-0.160911,-0.408788,1.273298,0.137309,0.141460,0.147721
30.640000,-0.380459,-0.285583,0.776583,0.594530,0.030814,-0.219510,0.116355,0.201581,1.304583,0.318466,0.178806,0.266513,0.254384,-0.246996,0.864177,-0.188723,0.452431,-0.388850,-0.705314,-0.506099,1.581539,-0.065138,0.174589,0.029727,-0.158158,-0.405978,1.276295,0.137891,0.139543,0.151929
30.660000,-0.368580,-0.285017,0.772266,0.593411,0.025864,-0.212130,0.122711,0.205108,1.309932,0.317152,0.173800,0.268342,0.250561,-0.237959,0.856463,-0.193530,0.451200,-0.382422,-0.706683,-0.502565,1.582093,-0.071697,0.178859,0.025673,-0.155396,-0.403208,1.279374,0.138254,0.137437,0.155923
30.680000,-0.356721,-0.284549,0.768100,0.592433,0.020910,-0.204462,0.129041,0.208532,1.315315,0.315779,0.168573,0.269934,0.246642,-0.228950,0.848885,-0.198402,0.449685,-0.375267,-0.708181,-0.498945,1.582566,-0.078098,0.183058,0.021628,-0.152630,-0.400482,1.282530,0.138396,0.135140,0.159701
30.700000,-0.344881,-0.284180,0.764089,0.591597,0.015951,-0.196506,0.135342,0.211849,1.320728,0.314346,0.163124,0.271291,0.242625,-0.219973,0.841458,-0.203339,0.447886,-0.367384,-0.709806,-0.495243,1.582958,-0.084343,0.187184,0.017593,-0.149862,-0.397804,1.285760,0.138318,0.132654,0.163265
30.720000,-0.333056,-0.283911,0.760241,0.590921,0.011031,-0.188305,0.141614,0.215056,1.326166,0.312860,0.157479,0.272408,0.238508,-0.211036,0.834194,-0.208331,0.445832,-0.358831,-0.711554,-0.491459,1.583269,-0.090367,0.191221,0.013574,-0.147098,-0.395177,1.289059,0.137997,0.129977,0.166601
30.740000,-0.321243,-0.283738,0.756559,0.590424,0.006193,-0.179904,0.147856,0.218147,1.331623,0.311325,0.151661,0.273285,0.234291,-0.202142,0.827108,-0.213367,0.443553,-0.349663,-0.713419,-0.487595,1.583501,-0.096105,0.195152,0.009578,-0.144344,-0.392606,1.292423,0.137411,0.127108,0.169699
30.760000,-0.309438,-0.283662,0.753046,0.590105,0.001438,-0.171300,0.154067,0.221121,1.337095,0.309741,0.145671,0.273922,0.229973,-0.193295,0.820212,-0.218449,0.441047,-0.339880,-0.715396,-0.483653,1.583653,-0.101557,0.198977,0.005603,-0.141604,-0.390094,1.295846,0.136558,0.124049,0.172557
30.780000,-0.297638,-0.283680,0.749708,0.589964,-0.003236,-0.162496,0.160245,0.223973,1.342578,0.308109,0.139509,0.274318,0.225553,-0.184501,0.813517,-0.223575,0.438315,-0.329482,-0.717479,-0.479636,1.583725,-0.106722,0.202696,0.001650,-0.138883,-0.387645,1.299323,0.135440,0.120797,0.175177
30.800000,-0.285839,-0.283791,0.746548,0.590002,-0.007828,-0.153490,0.166391,0.226700,1.348066,0.306427,0.133176,0.274473,0.221030,-0.175764,0.807037,-0.228746,0.435357,-0.318470,-0.719663,-0.475546,1.583719,-0.111601,0.206309,-0.002281,-0.136188,-0.385263,1.302851,0.134056,0.117354,0.177557
30.820000,-0.274037,-0.283993,0.743569,0.590206,-0.012303,-0.144327,0.172502,0.229299,1.353555,0.304692,0.126696,0.274387,0.216403,-0.167088,0.800782,-0.233940,0.432207,-0.306932,-0.721941,-0.471385,1.583634,-0.116149,0.209802,-0.006181,-0.133523,-0.382952,1.306424,0.132409,0.113723,0.179709
30.840000,-0.262229,-0.284282,0.740775,0.590566,-0.016625,-0.135050,0.178578,0.231767,1.359040,0.302899,0.120095,0.274059,0.211672,-0.158477,0.794762,-0.239137,0.428899,-0.294955,-0.724306,-0.467155,1.583472,-0.120319,0.213161,-0.010043,-0.130893,-0.380716,1.310038,0.130502,0.109908,0.181644
30.860000,-0.250413,-0.284657,0.738168,0.591081,-0.020794,-0.125660,0.184618,0.234102,1.364516,0.301048,0.113375,0.273489,0.206837,-0.149933,0.788987,-0.244335,0.425432,-0.282539,-0.726751,-0.462859,1.583233,-0.124112,0.216387,-0.013864,-0.128304,-0.378557,1.313688,0.128335,0.105907,0.183362
30.880000,-0.238585,-0.285113,0.735750,0.591751,-0.024811,-0.116155,0.190620,0.236301,1.369978,0.299138,0.106533,0.272677,0.201899,-0.141461,0.783464,-0.249535,0.421807,-0.269685,-0.729268,-0.458500,1.582917,-0.127528,0.219480,-0.017647,-0.125762,-0.376481,1.317371,0.125908,0.101722,0.184864
30.900000,-0.226742,-0.285648,0.733523,0.592576,-0.028675,-0.106537,0.196583,0.238363,1.375422,0.297169,0.099572,0.271623,0.196856,-0.133062,0.778202,-0.254738,0.418023,-0.256393,-0.731850,-0.454081,1.582527,-0.130566,0.222439,-0.021390,-0.123270,-0.374489,1.321082,0.123220,0.097352,0.186148
30.920000,-0.214881,-0.286259,0.731489,0.593526,-0.032361,-0.096851,0.202506,0.240284,1.380842,0.295128,0.092518,0.270326,0.191709,-0.124741,0.773210,-0.259907,0.414115,-0.242774,-0.734488,-0.449604,1.582062,-0.133196,0.225252,-0.025084,-0.120834,-0.372588,1.324816,0.120295,0.092808,0.187242
30.940000,-0.203000,-0.286941,0.729649,0.594573,-0.035846,-0.087144,0.208387,0.242063,1.386233,0.292997,0.085400,0.268782,0.186460,-0.116498,0.768493,-0.265010,0.410115,-0.228939,-0.737175,-0.445072,1.581524,-0.135387,0.227907,-0.028717,-0.118460,-0.370778,1.328570,0.117154,0.088098,0.188175
30.960000,-0.191098,-0.287691,0.728003,0.595716,-0.039129,-0.077416,0.214225,0.243699,1.391591,0.290779,0.078216,0.266991,0.181109,-0.108337,0.764054,-0.270045,0.406024,-0.214887,-0.739901,-0.440488,1.580914,-0.137140,0.230403,-0.032291,-0.116150,-0.369065,1.332342,0.113797,0.083223,0.188946
30.980000,-0.179171,-0.288505,0.726552,0.596956,-0.042210,-0.067667,0.220018,0.245191,1.396911,0.288471,0.070969,0.264955,0.175659,-0.100258,0.759899,-0.275013,0.401842,-0.200620,-0.742657,-0.435857,1.580233,-0.138454,0.232741,-0.035805,-0.113909,-0.367450,1.336127,0.110226,0.078183,0.189555
31.000000,-0.167219,-0.289378,0.725297,0.598291,-0.045089,-0.057897,0.225763,0.246537,1.402188,0.286076,0.063656,0.262672,0.170109,-0.092264,0.756031,-0.279914,0.397569,-0.186136,-0.745436,-0.431180,1.579482,-0.139330,0.234920,-0.039258,-0.111742,-0.365939,1.339923,0.106438,0.072979,0.190002
31.020000,-0.155239,-0.290307,0.724236,0.599685,-0.047752,-0.048156,0.231460,0.247737,1.407416,0.283569,0.056311,0.260140,0.164463,-0.084356,0.752454,-0.284712,0.393227,-0.171552,-0.748228,-0.426461,1.578663,-0.139761,0.236931,-0.042641,-0.109653,-0.364532,1.343726,0.102476,0.067628,0.190324
31.040000,-0.143231,-0.291287,0.723370,0.601099,-0.050186,-0.038496,0.237105,0.248790,1.412592,0.280928,0.048966,0.257356,0.158722,-0.076535,0.749169,-0.289371,0.388838,-0.156983,-0.751023,-0.421704,1.577777,-0.139743,0.238764,-0.045942,-0.107644,-0.363234,1.347535,0.098378,0.062150,0.190557
31.060000,-0.131195,-0.292313,0.722696,0.602534,-0.052391,-0.028915,0.242696,0.249696,1.417709,0.278153,0.041621,0.254319,0.152889,-0.068802,0.746175,-0.293892,0.384404,-0.142429,-0.753814,-0.416912,1.576826,-0.139274,0.240419,-0.049161,-0.105719,-0.362047,1.351348,0.094145,0.056545,0.190702
31.080000,-0.119130,-0.293381,0.722213,0.603990,-0.054366,-0.019414,0.248231,0.250455,1.422763,0.275244,0.034275,0.251029,0.146967,-0.061159,0.743471,-0.298273,0.379922,-0.127890,-0.756591,-0.412088,1.575811,-0.138355,0.241896,-0.052298,-0.103879,-0.360973,1.355163,0.089776,0.050812,0.190757
31.100000,-0.107035,-0.294486,0.721919,0.605466,-0.056113,-0.009993,0.253705,0.251067,1.427748,0.272201,0.026929,0.247487,0.140959,-0.053606,0.741059,-0.302516,0.375395,-0.113366,-0.759345,-0.407237,1.574734,-0.136986,0.243194,-0.055354,-0.102128,-0.360015,1.358978,0.085273,0.044953,0.190724
31.120000,-0.094911,-0.295624,0.721812,0.606925,-0.057627,-0.000703,0.259118,0.251532,1.432661,0.268999,0.019620,0.243690,0.134868,-0.046143,0.738936,-0.306583,0.370830,-0.098967,-0.762068,-0.402362,1.573598,-0.135187,0.244308,-0.058316,-0.100469,-0.359176,1.362791,0.080689,0.038998,0.190639
31.140000,-0.082758,-0.296790,0.721889,0.608331,-0.058907,0.008404,0.264464,0.251852,1.437494,0.265613,0.012383,0.239635,0.128697,-0.038773,0.737099,-0.310437,0.366240,-0.084803,-0.764750,-0.397466,1.572403,-0.132979,0.245232,-0.061175,-0.098901,-0.358456,1.366603,0.076081,0.032979,0.190542
31.160000,-0.070578,-0.297979,0.722147,0.609684,-0.059953,0.017329,0.269741,0.252028,1.442244,0.262043,0.005220,0.235323,0.122452,-0.031494,0.735542,-0.314080,0.361622,-0.070873,-0.767384,-0.392554,1.571151,-0.130360,0.245964,-0.063931,-0.097426,-0.357857,1.370413,0.071449,0.026896,0.190431
31.180000,-0.058371,-0.299186,0.722581,0.610983,-0.060765,0.026071,0.274944,0.252061,1.446905,0.258289,-0.001870,0.230753,0.116135,-0.024308,0.734262,-0.317510,0.356979,-0.057179,-0.769962,-0.387629,1.569846,-0.127332,0.246505,-0.066583,-0.096043,-0.357381,1.374220,0.066791,0.020748,0.190307
31.200000,-0.046139,-0.300408,0.723189,0.612228,-0.061342,0.034630,0.280071,0.251954,1.451473,0.254351,-0.008886,0.225925,0.109753,-0.017215,0.733254,-0.320729,0.352308,-0.043719,-0.772475,-0.382695,1.568489,-0.123894,0.246855,-0.069131,-0.094754,-0.357028,1.378025,0.062109,0.014537,0.190169
31.220000,-0.033883,-0.301638,0.723965,0.613393,-0.061694,0.042962,0.285117,0.251707,1.455941,0.250215,-0.015793,0.220841,0.103308,-0.010216,0.732511,-0.323701,0.347613,-0.030581,-0.774915,-0.377756,1.567081,-0.120092,0.247013,-0.071566,-0.093559,-0.356799,1.381827,0.057467,0.008309,0.190049
31.240000,-0.021604,-0.302874,0.724905,0.614449,-0.061832,0.051025,0.290078,0.251323,1.460305,0.245866,-0.022555,0.215502,0.096806,-0.003311,0.732028,-0.326395,0.342893,-0.017852,-0.777276,-0.372816,1.565627,-0.115970,0.246978,-0.073878,-0.092455,-0.356695,1.385627,0.052931,0.002109,0.189978
31.260000,-0.009306,-0.304110,0.726004,0.615396,-0.061754,0.058818,0.294950,0.250805,1.464559,0.241305,-0.029172,0.209906,0.090254,0.003500,0.731794,-0.328809,0.338150,-0.005532,-0.779552,-0.367878,1.564127,-0.111528,0.246748,-0.076067,-0.091441,-0.356715,1.389427,0.048500,-0.004060,0.189954
31.280000,0.003011,-0.305343,0.727256,0.616235,-0.061462,0.066340,0.299729,0.250157,1.468699,0.236531,-0.035644,0.204056,0.083656,0.010215,0.731804,-0.330944,0.333382,0.006380,-0.781735,-0.362947,1.562585,-0.106768,0.246325,-0.078132,-0.090514,-0.356857,1.393226,0.044174,-0.010200,0.189978
31.300000,0.015343,-0.306567,0.728656,0.616965,-0.060954,0.073593,0.304410,0.249381,1.472720,0.231545,-0.041970,0.197950,0.077018,0.016835,0.732047,-0.332800,0.328591,0.017882,-0.783821,-0.358026,1.561003,-0.101687,0.245709,-0.080074,-0.089673,-0.357122,1.397026,0.039953,-0.016311,0.190050
31.320000,0.027689,-0.307780,0.730198,0.617576,-0.060250,0.080546,0.308990,0.248479,1.476615,0.226355,-0.048124,0.191595,0.070346,0.023359,0.732516,-0.334354,0.323773,0.028919,-0.785801,-0.353120,1.559383,-0.096354,0.244903,-0.081885,-0.088915,-0.357509,1.400828,0.035904,-0.022331,0.190186
31.340000,0.040045,-0.308976,0.731876,0.618057,-0.059368,0.087171,0.313463,0.247457,1.480382,0.220969,-0.054080,0.184996,0.063646,0.029786,0.733200,-0.335582,0.318926,0.039437,-0.787673,-0.348231,1.557728,-0.090834,0.243915,-0.083559,-0.088235,-0.358015,1.404634,0.032090,-0.028200,0.190399
31.360000,0.052410,-0.310153,0.733683,0.618407,-0.058307,0.093468,0.317827,0.246317,1.484014,0.215387,-0.059838,0.178153,0.056925,0.036115,0.734090,-0.336485,0.314049,0.049435,-0.789433,-0.343364,1.556041,-0.085126,0.242743,-0.085096,-0.087630,-0.358636,1.408445,0.028513,-0.033917,0.190691
31.380000,0.064781,-0.311307,0.735612,0.618627,-0.057067,0.099438,0.322077,0.245065,1.487506,0.209609,-0.065397,0.171067,0.050189,0.042347,0.735174,-0.337063,0.309143,0.058913,-0.791077,-0.338523,1.554325,-0.079231,0.241388,-0.086494,-0.087093,-0.359370,1.412262,0.025173,-0.039483,0.191061
31.400000,0.077154,-0.312435,0.737658,0.618716,-0.055649,0.105079,0.326210,0.243703,1.490855,0.203636,-0.070758,0.163737,0.043444,0.048481,0.736443,-0.337316,0.304208,0.067872,-0.792601,-0.333710,1.552583,-0.073148,0.239850,-0.087755,-0.086621,-0.360214,1.416088,0.022068,-0.044897,0.191509
31.420000,0.089528,-0.313532,0.739813,0.618681,-0.054077,0.110384,0.330222,0.242236,1.494054,0.197501,-0.075909,0.156174,0.036698,0.054515,0.737885,-0.337239,0.299238,0.076289,-0.794002,-0.328930,1.550816,-0.066957,0.238143,-0.088878,-0.086208,-0.361165,1.419923,0.019252,-0.050093,0.192029
31.440000,0.101901,-0.314597,0.742071,0.618526,-0.052374,0.115344,0.334109,0.240668,1.497100,0.191235,-0.080837,0.148388,0.029957,0.060450,0.739491,-0.336826,0.294230,0.084143,-0.795279,-0.324185,1.549028,-0.060734,0.236284,-0.089863,-0.085849,-0.362216,1.423769,0.016776,-0.055005,0.192613
31.460000,0.114269,-0.315626,0.744425,0.618251,-0.050541,0.119960,0.337870,0.239004,1.499988,0.184841,-0.085542,0.140380,0.023227,0.066284,0.741247,-0.336079,0.289182,0.091434,-0.796432,-0.319480,1.547222,-0.054481,0.234271,-0.090710,-0.085535,-0.363363,1.427628,0.014641,-0.059631,0.193262
31.480000,0.126630,-0.316618,0.746867,0.617856,-0.048577,0.124231,0.341502,0.237248,1.502714,0.178317,-0.090025,0.132149,0.016516,0.072017,0.743144,-0.334996,0.284095,0.098162,-0.797458,-0.314816,1.545401,-0.048196,0.232106,-0.091419,-0.085261,-0.364600,1.431500,0.012845,-0.063973,0.193976
31.500000,0.138982,-0.317568,0.749391,0.617342,-0.046484,0.128158,0.345002,0.235404,1.505273,0.171663,-0.094285,0.123696,0.009830,0.077648,0.745170,-0.333577,0.278969,0.104327,-0.798359,-0.310196,1.543567,-0.041881,0.229788,-0.091990,-0.085019,-0.365920,1.435387,0.011390,-0.068030,0.194755
31.520000,0.151323,-0.318476,0.751991,0.616728,-0.044281,0.131748,0.348368,0.233478,1.507660,0.164931,-0.098323,0.115037,0.003175,0.083176,0.747314,-0.331844,0.273806,0.109944,-0.799134,-0.305625,1.541722,-0.035621,0.227340,-0.092432,-0.084803,-0.367319,1.439291,0.010301,-0.071746,0.195567
31.540000,0.163651,-0.319339,0.754659,0.616034,-0.041992,0.135010,0.351599,0.231473,1.509873,0.158170,-0.102140,0.106190,-0.003442,0.088600,0.749564,-0.329815,0.268610,0.115027,-0.799785,-0.301104,1.539870,-0.029504,0.224786,-0.092756,-0.084604,-0.368787,1.443210,0.009603,-0.075064,0.196381
31.560000,0.175964,-0.320155,0.757389,0.615259,-0.039614,0.137943,0.354695,0.229394,1.511907,0.151380,-0.105736,0.097153,-0.010015,0.093920,0.751911,-0.327490,0.263379,0.119576,-0.800315,-0.296634,1.538013,-0.023530,0.222126,-0.092961,-0.084416,-0.370318,1.447146,0.009298,-0.077983,0.197197
31.580000,0.188261,-0.320923,0.760175,0.614403,-0.037150,0.140547,0.357654,0.227245,1.513758,0.144562,-0.109111,0.087929,-0.016540,0.099135,0.754344,-0.324870,0.258115,0.123592,-0.800727,-0.292219,1.536152,-0.017698,0.219360,-0.093047,-0.084230,-0.371904,1.451098,0.009384,-0.080505,0.198015
31.600000,0.200539,-0.321641,0.763009,0.613467,-0.034598,0.142823,0.360477,0.225031,1.515423,0.137715,-0.112265,0.078515,-0.023008,0.104244,0.756851,-0.321954,0.252817,0.127074,-0.801024,-0.287861,1.534292,-0.012009,0.216488,-0.093014,-0.084038,-0.373536,1.455066,0.009862,-0.082629,0.198835
31.620000,0.212799,-0.322307,0.765886,0.612482,-0.031974,0.144788,0.363163,0.222756,1.516897,0.130895,-0.115207,0.068937,-0.029416,0.109247,0.759423,-0.318780,0.247481,0.130064,-0.801209,-0.283560,1.532433,-0.006550,0.213542,-0.092887,-0.083833,-0.375206,1.459051,0.010724,-0.084321,0.199596
31.640000,0.225038,-0.322919,0.768799,0.611477,-0.029294,0.146459,0.365713,0.220424,1.518179,0.124157,-0.117949,0.059218,-0.035758,0.114143,0.762051,-0.315387,0.242103,0.132605,-0.801288,-0.279319,1.530577,-0.001409,0.210554,-0.092690,-0.083607,-0.376906,1.463050,0.011963,-0.085550,0.200241
31.660000,0.237258,-0.323478,0.771742,0.610453,-0.026556,0.147838,0.368130,0.218039,1.519265,0.117501,-0.120489,0.049358,-0.042030,0.118931,0.764725,-0.311774,0.236683,0.134695,-0.801268,-0.275138,1.528725,0.003414,0.207524,-0.092423,-0.083352,-0.378625,1.467060,0.013578,-0.086314,0.200769
31.680000,0.249456,-0.323981,0.774710,0.609409,-0.023762,0.148924,0.370414,0.215606,1.520152,0.110927,-0.122828,0.039356,-0.048228,0.123610,0.767436,-0.307941,0.231222,0.136336,-0.801154,-0.271018,1.526880,0.007919,0.204453,-0.092087,-0.083061,-0.380355,1.471080,0.015570,-0.086614,0.201180
31.700000,0.261634,-0.324428,0.777697,0.608347,-0.020911,0.149716,0.372567,0.213127,1.520838,0.104435,-0.124965,0.029213,-0.054346,0.128180,0.770175,-0.303888,0.225719,0.137527,-0.800953,-0.266960,1.525042,0.012105,0.201339,-0.091681,-0.082727,-0.382087,1.475106,0.017938,-0.086449,0.201474
31.720000,0.273790,-0.324817,0.780697,0.607298,-0.018010,0.150239,0.374592,0.210608,1.521320,0.098074,-0.126916,0.018958,-0.060382,0.132639,0.772934,-0.299667,0.220161,0.138328,-0.800672,-0.262965,1.523213,0.015897,0.198220,-0.091253,-0.082341,-0.383810,1.479137,0.020641,-0.085807,0.201563
31.740000,0.285926,-0.325148,0.783705,0.606294,-0.015066,0.150518,0.376491,0.208052,1.521596,0.091889,-0.128697,0.008618,-0.066332,0.136986,0.775706,-0.295327,0.214536,0.138799,-0.800320,-0.259031,1.521392,0.019216,0.195132,-0.090849,-0.081899,-0.385516,1.483167,0.023637,-0.084673,0.201359
31.760000,0.298043,-0.325420,0.786716,0.605338,-0.012077,0.150552,0.378269,0.205462,1.521664,0.085880,-0.130306,-0.001807,-0.072194,0.141220,0.778484,-0.290869,0.208845,0.138940,-0.799907,-0.255159,1.519579,0.022062,0.192076,-0.090469,-0.081394,-0.387194,1.487190,0.026927,-0.083047,0.200862
31.780000,0.310140,-0.325631,0.789725,0.604427,-0.009046,0.150341,0.379928,0.202841,1.521523,0.080049,-0.131744,-0.012316,-0.077966,0.145339,0.781261,-0.286293,0.203087,0.138752,-0.799441,-0.251348,1.517773,0.024435,0.189051,-0.090114,-0.080820,-0.388834,1.491199,0.030511,-0.080930,0.200074
31.800000,0.322220,-0.325781,0.792728,0.603562,-0.005971,0.149886,0.381472,0.200193,1.521171,0.074395,-0.133011,-0.022909,-0.083645,0.149343,0.784032,-0.281599,0.197262,0.138233,-0.798932,-0.247597,1.515974,0.026336,0.186057,-0.089783,-0.080171,-0.390428,1.495190,0.034388,-0.078320,0.198992
31.820000,0.334283,-0.325869,0.795719,0.602765,-0.002849,0.149217,0.382905,0.197521,1.520607,0.068947,-0.134125,-0.033558,-0.089230,0.153229,0.786789,-0.276841,0.191353,0.137453,-0.798391,-0.243905,1.514181,0.027709,0.183132,-0.089543,-0.079443,-0.391964,1.499156,0.038490,-0.075217,0.197516
31.840000,0.346331,-0.325895,0.798695,0.602060,0.000323,0.148367,0.384231,0.194829,1.519829,0.063736,-0.135104,-0.044233,-0.094719,0.156996,0.789529,-0.272072,0.185342,0.136479,-0.797828,-0.240271,1.512391,0.028497,0.180310,-0.089460,-0.078631,-0.393433,1.503088,0.042747,-0.071615,0.195542
31.860000,0.358366,-0.325856,0.801653,0.601445,0.003546,0.147335,0.385456,0.192118,1.518837,0.058761,-0.135948,-0.054935,-0.100112,0.160642,0.792247,-0.267293,0.179231,0.135311,-0.797255,-0.236692,1.510602,0.028701,0.177593,-0.089535,-0.077732,-0.394825,1.506975,0.047159,-0.067517,0.193072
31.880000,0.370390,-0.325753,0.804588,0.600921,0.006819,0.146121,0.386583,0.189392,1.517631,0.054022,-0.136657,-0.065664,-0.105410,0.164165,0.794940,-0.262504,0.173019,0.133949,-0.796684,-0.233167,1.508809,0.028321,0.174979,-0.089767,-0.076743,-0.396130,1.510807,0.051727,-0.062922,0.190105
31.900000,0.382403,-0.325583,0.807496,0.600488,0.010142,0.144726,0.387618,0.186653,1.516210,0.049519,-0.137230,-0.076419,-0.110612,0.167562,0.797603,-0.257705,0.166706,0.132393,-0.796126,-0.229693,1.507010,0.027357,0.172470,-0.090156,-0.075662,-0.397339,1.514576,0.056450,-0.057829,0.186640
31.920000,0.394410,-0.325347,0.810376,0.600146,0.013530,0.143189,0.388566,0.183903,1.514574,0.045260,-0.137689,-0.087173,-0.115719,0.170832,0.800235,-0.252940,0.160276,0.130708,-0.795594,-0.226267,1.505201,0.025787,0.170092,-0.090775,-0.074485,-0.398440,1.518269,0.061244,-0.052243,0.182589
31.940000,0.406410,-0.325041,0.813223,0.599895,0.016994,0.141546,0.389431,0.181146,1.512724,0.041250,-0.138053,-0.097897,-0.120731,0.173972,0.802831,-0.248254,0.153714,0.128961,-0.795099,-0.222888,1.503377,0.023587,0.167873,-0.091697,-0.073212,-0.399425,1.521875,0.066027,-0.046167,0.177863
31.960000,0.418406,-0.324666,0.816037,0.599735,0.020535,0.139800,0.390218,0.178382,1.510659,0.037491,-0.138323,-0.108592,-0.125649,0.176980,0.805393,-0.243649,0.147021,0.127152,-0.794654,-0.219551,1.501531,0.020759,0.165812,-0.092921,-0.071844,-0.400284,1.525379,0.070797,-0.039600,0.172461
31.980000,0.430400,-0.324220,0.818815,0.599666,0.024153,0.137949,0.390932,0.175613,1.508380,0.033982,-0.138500,-0.119257,-0.130477,0.179852,0.807917,-0.239122,0.140196,0.125279,-0.794273,-0.216254,1.499658,0.017301,0.163911,-0.094448,-0.070380,-0.401006,1.528769,0.075556,-0.032544,0.166383
32.000000,0.442393,-0.323700,0.821554,0.599688,0.027848,0.135994,0.391578,0.172842,1.505889,0.030723,-0.138581,-0.129893,-0.135215,0.182587,0.810403,-0.234675,0.133238,0.123344,-0.793966,-0.212994,1.497751,0.013215,0.162168,-0.096278,-0.068822,-0.401582,1.532030,0.080302,-0.024998,0.159630
32.020000,0.454388,-0.323105,0.824254,0.599770,0.031641,0.133979,0.392162,0.170071,1.503185,0.027699,-0.138592,-0.140470,-0.139865,0.185181,0.812851,-0.230333,0.126141,0.121401,-0.793748,-0.209766,1.495805,0.008523,0.160589,-0.098467,-0.067169,-0.402003,1.535149,0.084953,-0.016984,0.152154
32.040000,0.466384,-0.322433,0.826913,0.599884,0.035552,0.131947,0.392688,0.167299,1.500270,0.024892,-0.138555,-0.150958,-0.144429,0.187631,0.815260,-0.226122,0.118896,0.119502,-0.793629,-0.206569,1.493810,0.003247,0.159179,-0.101073,-0.065425,-0.402258,1.538111,0.089428,-0.008521,0.143905
32.060000,0.478383,-0.321682,0.829532,0.600029,0.039583,0.129897,0.393159,0.164529,1.497147,0.022304,-0.138471,-0.161358,-0.148911,0.189936,0.817631,-0.222042,0.111503,0.117649,-0.793622,-0.203398,1.491759,-0.002611,0.157936,-0.104097,-0.063593,-0.402340,1.540900,0.093726,0.000389,0.134886
32.080000,0.490386,-0.320849,0.832109,0.600206,0.043732,0.127832,0.393581,0.161761,1.493817,0.019934,-0.138338,-0.171670,-0.153312,0.192091,0.819966,-0.218092,0.103963,0.115841,-0.793738,-0.200250,1.489643,-0.009052,0.156861,-0.107537,-0.061677,-0.402240,1.543501,0.097847,0.009747,0.125094
32.100000,0.502392,-0.319932,0.834645,0.600413,0.048000,0.125749,0.393958,0.158996,1.490281,0.017782,-0.138158,-0.181892,-0.157635,0.194093,0.822265,-0.214273,0.096274,0.114079,-0.793988,-0.197123,1.487455,-0.016077,0.155955,-0.111394,-0.059680,-0.401948,1.545899,0.101792,0.019552,0.114532
32.120000,0.514402,-0.318928,0.837139,0.600591,0.052413,0.123694,0.394294,0.156234,1.486542,0.015815,-0.137953,-0.191994,-0.161883,0.195941,0.824530,-0.210589,0.088441,0.112400,-0.794384,-0.194011,1.485185,-0.023613,0.155189,-0.115697,-0.057607,-0.401455,1.548077,0.105492,0.029750,0.103203
32.140000,0.526415,-0.317834,0.839593,0.600680,0.056995,0.121712,0.394592,0.153478,1.482602,0.014000,-0.137745,-0.201942,-0.166060,0.197630,0.826762,-0.207046,0.080464,0.110844,-0.794935,-0.190914,1.482824,-0.031591,0.154537,-0.120473,-0.055463,-0.400755,1.550022,0.108880,0.040284,0.091114
32.160000,0.538429,-0.316647,0.842008,0.600679,0.061747,0.119802,0.394855,0.150725,1.478465,0.012338,-0.137535,-0.211736,-0.170166,0.199158,0.828964,-0.203644,0.072344,0.109411,-0.795651,-0.187829,1.480363,-0.040009,0.153997,-0.125722,-0.053254,-0.399842,1.551717,0.111956,0.051154,0.078265
32.180000,0.550441,-0.315363,0.844386,0.600590,0.066669,0.117965,0.395086,0.147976,1.474134,0.010827,-0.137323,-0.221377,-0.174206,0.200523,0.831139,-0.200382,0.064082,0.108099,-0.796539,-0.184754,1.477792,-0.048868,0.153571,-0.131444,-0.050987,-0.398707,1.553147,0.114720,0.062360,0.064656
32.200000,0.562452,-0.313979,0.846727,0.600411,0.071760,0.116200,0.395289,0.145232,1.469611,0.009470,-0.137109,-0.230864,-0.178182,0.201721,0.833289,-0.197261,0.055676,0.106911,-0.797608,-0.181686,1.475102,-0.058168,0.153258,-0.137639,-0.048667,-0.397345,1.554298,0.117172,0.073903,0.050286
32.220000,0.574457,-0.312492,0.849034,0.600060,0.077046,0.114548,0.395466,0.142492,1.464900,0.008224,-0.136908,-0.240164,-0.182098,0.202749,0.835417,-0.194271,0.047142,0.105865,-0.798868,-0.178623,1.472283,-0.067796,0.153012,-0.144297,-0.046302,-0.395749,1.555154,0.119272,0.085690,0.035210
32.240000,0.586452,-0.310896,0.851310,0.599457,0.082550,0.113050,0.395619,0.139755,1.460006,0.007051,-0.136737,-0.249245,-0.185954,0.203605,0.837525,-0.191399,0.038492,0.104984,-0.800322,-0.175565,1.469327,-0.077640,0.152787,-0.151405,-0.043899,-0.393916,1.555702,0.120979,0.097628,0.019480
32.260000,0.598433,-0.309188,0.853557,0.598601,0.088273,0.111705,0.395748,0.137022,1.454932,0.005951,-0.136595,-0.258107,-0.189754,0.204288,0.839617,-0.188647,0.029727,0.104268,-0.801975,-0.172511,1.466224,-0.087698,0.152583,-0.158965,-0.041465,-0.391843,1.555929,0.122293,0.109718,0.003095
32.280000,0.610395,-0.307364,0.855779,0.597491,0.094215,0.110513,0.395857,0.134291,1.449683,0.004922,-0.136482,-0.266749,-0.193501,0.204794,0.841697,-0.186014,0.020847,0.103716,-0.803831,-0.169461,1.462965,-0.097971,0.152401,-0.166975,-0.039010,-0.389527,1.555821,0.123214,0.121959,-0.013943
32.300000,0.622331,-0.305418,0.857979,0.596129,0.100374,0.109475,0.395946,0.131563,1.444264,0.003967,-0.136398,-0.275172,-0.197196,0.205121,0.843767,-0.183501,0.011852,0.103328,-0.805895,-0.166415,1.459542,-0.108459,0.152240,-0.175436,-0.036540,-0.386964,1.555367,0.123742,0.134351,-0.031635
32.320000,0.634238,-0.303347,0.860160,0.594422,0.106769,0.108622,0.396016,0.128835,1.438678,0.003047,-0.136344,-0.283346,-0.200841,0.205267,0.845831,-0.181086,0.002766,0.103110,-0.808170,-0.163372,1.455945,-0.119027,0.152055,-0.184296,-0.034063,-0.384152,1.554552,0.123869,0.146804,-0.049878
32.340000,0.646105,-0.301146,0.862325,0.592281,0.113414,0.107986,0.396068,0.126109,1.432932,0.002127,-0.136321,-0.291241,-0.204440,0.205231,0.847892,-0.178749,-0.006386,0.103063,-0.810656,-0.160333,1.452168,-0.129537,0.151800,-0.193502,-0.031587,-0.381092,1.553369,0.123587,0.159226,-0.068566
32.360000,0.657926,-0.298809,0.864480,0.589705,0.120311,0.107566,0.396101,0.123382,1.427030,0.001208,-0.136328,-0.298856,-0.207992,0.205011,0.849955,-0.176489,-0.015604,0.103190,-0.813351,-0.157300,1.448203,-0.139991,0.151476,-0.203054,-0.029122,-0.377783,1.551807,0.122895,0.171618,-0.087701
32.380000,0.669691,-0.296332,0.866629,0.586694,0.127458,0.107363,0.396116,0.120655,1.420979,0.000288,-0.136365,-0.306192,-0.211500,0.204607,0.852021,-0.174306,-0.024888,0.103490,-0.816255,-0.154275,1.444043,-0.150389,0.151082,-0.212953,-0.026674,-0.374227,1.549858,0.121794,0.183979,-0.107281
32.400000,0.681391,-0.293709,0.868776,0.583249,0.134857,0.107376,0.396113,0.117927,1.414784,-0.000632,-0.136433,-0.313249,-0.214965,0.204015,0.854095,-0.172201,-0.034238,0.103962,-0.819366,-0.151258,1.439682,-0.160730,0.150619,-0.223198,-0.024253,-0.370424,1.547513,0.120283,0.196310,-0.127308
32.420000,0.693017,-0.290936,0.870926,0.579283,0.142509,0.107626,0.396091,0.115198,1.408451,-0.001579,-0.136519,-0.319998,-0.218388,0.203237,0.856181,-0.170142,-0.043621,0.104596,-0.822683,-0.148251,1.435113,-0.170875,0.150043,-0.233711,-0.021866,-0.366375,1.544763,0.118385,0.208558,-0.147639
32.440000,0.704558,-0.288007,0.873083,0.574712,0.150416,0.108133,0.396049,0.112466,1.401987,-0.002579,-0.136614,-0.326410,-0.221770,0.202271,0.858280,-0.168098,-0.053005,0.105381,-0.826199,-0.145257,1.430333,-0.180685,0.149309,-0.244414,-0.019520,-0.362083,1.541606,0.116122,0.220672,-0.168133
32.460000,0.716002,-0.284917,0.875253,0.569536,0.158578,0.108896,0.395987,0.109733,1.395397,-0.003631,-0.136715,-0.332486,-0.225112,0.201117,0.860397,-0.166069,-0.062389,0.106316,-0.829908,-0.142279,1.425336,-0.190160,0.148418,-0.255306,-0.017223,-0.357549,1.538037,0.113494,0.232651,-0.188789
32.480000,0.727335,-0.281662,0.877441,0.563754,0.166995,0.109916,0.395903,0.106998,1.388689,-0.004737,-0.136824,-0.338225,-0.228413,0.199775,0.862534,-0.164055,-0.071774,0.107401,-0.833803,-0.139321,1.420119,-0.199301,0.147369,-0.266387,-0.014983,-0.352778,1.534053,0.110500,0.244496,-0.209608
32.500000,0.738548,-0.278236,0.879651,0.557366,0.175668,0.111192,0.395797,0.104260,1.381870,-0.005895,-0.136940,-0.343628,-0.231674,0.198246,0.864694,-0.162055,-0.081159,0.108637,-0.837878,-0.136386,1.414679,-0.208107,0.146163,-0.277658,-0.012806,-0.347771,1.529652,0.107141,0.256206,-0.230589
32.520000,0.749626,-0.274634,0.881890,0.550308,0.184577,0.112735,0.395667,0.101520,1.374947,-0.007120,-0.137046,-0.348664,-0.234895,0.196529,0.866880,-0.160034,-0.090514,0.110001,-0.842124,-0.133476,1.409012,-0.216456,0.144756,-0.289032,-0.010699,-0.342531,1.524830,0.103459,0.267763,-0.251582
32.540000,0.760555,-0.270851,0.884163,0.542513,0.193706,0.114552,0.395512,0.098779,1.367926,-0.008422,-0.137127,-0.353306,-0.238075,0.194626,0.869095,-0.157952,-0.099806,0.111473,-0.846532,-0.130597,1.403118,-0.224225,0.143102,-0.300422,-0.008669,-0.337061,1.519589,0.099496,0.279148,-0.272436
32.560000,0.771321,-0.266884,0.886474,0.533982,0.203054,0.116645,0.395330,0.096035,1.360817,-0.009803,-0.137181,-0.357553,-0.241213,0.192537,0.871340,-0.155810,-0.109036,0.113052,-0.851090,-0.127754,1.396995,-0.231414,0.141202,-0.311828,-0.006721,-0.331366,1.513933,0.095252,0.290362,-0.293151
32.580000,0.781909,-0.262728,0.888830,0.524715,0.212621,0.119013,0.395119,0.093291,1.353627,-0.011263,-0.137210,-0.361404,-0.244307,0.190264,0.873617,-0.153608,-0.118204,0.114738,-0.855785,-0.124951,1.390644,-0.238024,0.139056,-0.323251,-0.004861,-0.325448,1.507864,0.090726,0.301405,-0.313727
32.600000,0.792305,-0.258378,0.891237,0.514711,0.222407,0.121656,0.394879,0.090547,1.346364,-0.012800,-0.137212,-0.364860,-0.247357,0.187809,0.875930,-0.151346,-0.127311,0.116531,-0.860607,-0.122193,1.384065,-0.244053,0.136664,-0.334690,-0.003094,-0.319311,1.501385,0.085920,0.312276,-0.334164
32.620000,0.802493,-0.253830,0.893698,0.503935,0.232373,0.124574,0.394607,0.087803,1.339035,-0.014418,-0.137170,-0.367897,-0.250361,0.185173,0.878279,-0.148985,-0.136328,0.118407,-0.865542,-0.119486,1.377257,-0.249406,0.133988,-0.346064,-0.001426,-0.312958,1.494499,0.080882,0.322967,-0.354329
32.640000,0.812457,-0.249082,0.896221,0.492350,0.242480,0.127767,0.394301,0.085061,1.331651,-0.016118,-0.137064,-0.370489,-0.253315,0.182357,0.880667,-0.146483,-0.145230,0.120340,-0.870578,-0.116836,1.370223,-0.253984,0.130989,-0.357293,0.000140,-0.306393,1.487214,0.075664,0.333469,-0.374090
32.660000,0.822181,-0.244130,0.898811,0.479955,0.252729,0.131235,0.393961,0.082321,1.324219,-0.017901,-0.136894,-0.372637,-0.256219,0.179364,0.883093,-0.143842,-0.154016,0.122331,-0.875697,-0.114249,1.362966,-0.257787,0.127668,-0.368376,0.001600,-0.299621,1.479538,0.070265,0.343782,-0.393447
32.680000,0.831650,-0.238972,0.901473,0.466752,0.263118,0.134979,0.393585,0.079585,1.316748,-0.019765,-0.136662,-0.374340,-0.259068,0.176197,0.885560,-0.141062,-0.162686,0.124380,-0.880884,-0.111731,1.355489,-0.260817,0.124024,-0.379314,0.002949,-0.292643,1.471479,0.064685,0.353907,-0.412400
32.700000,0.840846,-0.233604,0.904212,0.452740,0.273648,0.138998,0.393170,0.076855,1.309248,-0.021711,-0.136366,-0.375599,-0.261860,0.172858,0.888069,-0.138142,-0.171241,0.126487,-0.886124,-0.109290,1.347795,-0.263072,0.120057,-0.390105,0.004186,-0.285466,1.463045,0.058925,0.363842,-0.430950
32.720000,0.849754,-0.228025,0.907034,0.437914,0.284264,0.143283,0.392716,0.074131,1.301727,-0.023736,-0.135985,-0.376401,-0.264593,0.169348,0.890620,-0.135046,-0.179658,0.128631,-0.891401,-0.106931,1.339886,-0.264475,0.115746,-0.400682,0.005306,-0.278091,1.454245,0.053030,0.373573,-0.448997
32.740000,0.858357,-0.222234,0.909945,0.422271,0.294909,0.147825,0.392220,0.071416,1.294195,-0.025838,-0.135497,-0.376735,-0.267261,0.165672,0.893214,-0.131738,-0.187916,0.130792,-0.896697,-0.104662,1.331769,-0.264949,0.111067,-0.410976,0.006306,-0.270524,1.445089,0.047049,0.383083,-0.466447
32.760000,0.866639,-0.216229,0.912949,0.405811,0.305584,0.152624,0.391682,0.068712,1.286661,-0.028015,-0.134903,-0.376599,-0.269861,0.161833,0.895852,-0.128217,-0.196015,0.132971,-0.901993,-0.102491,1.323449,-0.264493,0.106020,-0.420986,0.007187,-0.262769,1.435591,0.040981,0.392371,-0.483298
32.780000,0.874584,-0.210010,0.916052,0.388533,0.316288,0.157680,0.391099,0.066021,1.279134,-0.030269,-0.134203,-0.375996,-0.272388,0.157833,0.898533,-0.124484,-0.203955,0.135168,-0.907271,-0.100424,1.314932,-0.263107,0.100606,-0.430712,0.007945,-0.254831,1.425761,0.034826,0.401439,-0.499550
32.800000,0.882175,-0.203577,0.919258,0.370437,0.327022,0.162994,0.390471,0.063345,1.271624,-0.032600,-0.133396,-0.374923,-0.274839,0.153676,0.901259,-0.120538,-0.211735,0.137381,-0.912511,-0.098469,1.306223,-0.260791,0.094824,-0.440155,0.008579,-0.246713,1.415613,0.028585,0.410285,-0.515204
32.820000,0.889396,-0.196929,0.922573,0.351556,0.337719,0.168548,0.389795,0.060686,1.264141,-0.035003,-0.132456,-0.373385,-0.277208,0.149365,0.904028,-0.116353,-0.219340,0.139600,-0.917696,-0.096633,1.297328,-0.257504,0.088682,-0.449257,0.009088,-0.238421,1.405158,0.022296,0.418880,-0.530204
32.840000,0.896232,-0.190069,0.926001,0.331921,0.348313,0.174326,0.389070,0.058048,1.256692,-0.037477,-0.131356,-0.371384,-0.279491,0.144903,0.906843,-0.111899,-0.226752,0.141813,-0.922804,-0.094924,1.288255,-0.253201,0.082187,-0.457962,0.009471,-0.229960,1.394409,0.015999,0.427194,-0.544494
32.860000,0.902668,-0.182997,0.929547,0.311532,0.358805,0.180329,0.388295,0.055433,1.249288,-0.040020,-0.130097,-0.368920,-0.281682,0.140296,0.909701,-0.107178,-0.233972,0.144019,-0.927817,-0.093348,1.279012,-0.247885,0.075339,-0.466268,0.009728,-0.221335,1.383382,0.009694,0.435228,-0.558075
32.880000,0.908689,-0.175717,0.933216,0.290390,0.369193,0.186555,0.387469,0.052845,1.241938,-0.042634,-0.128677,-0.365995,-0.283776,0.135546,0.912603,-0.102189,-0.240999,0.146219,-0.932713,-0.091913,1.269607,-0.241554,0.068137,-0.474177,0.009859,-0.212553,1.372091,0.003381,0.442981,-0.570947
32.900000,0.914279,-0.168230,0.937011,0.268494,0.379479,0.193005,0.386589,0.050287,1.234652,-0.045319,-0.127097,-0.362606,-0.285768,0.130657,0.915550,-0.096932,-0.247833,0.148413,-0.937472,-0.090625,1.260048,-0.234208,0.060583,-0.481688,0.009863,-0.203618,1.360549,-0.002940,0.450453,-0.583109
32.920000,0.919424,-0.160539,0.940937,0.245895,0.389596,0.199650,0.385656,0.047762,1.227437,-0.048075,-0.125329,-0.358779,-0.287652,0.125634,0.918540,-0.091391,-0.254465,0.150596,-0.942075,-0.089492,1.250342,-0.225836,0.052719,-0.488751,0.009741,-0.194537,1.348772,-0.009234,0.457605,-0.594543
32.940000,0.924110,-0.152648,0.944998,0.222646,0.399478,0.206459,0.384666,0.045275,1.220303,-0.050905,-0.123342,-0.354535,-0.289422,0.120480,0.921573,-0.085550,-0.260884,0.152765,-0.946499,-0.088518,1.240501,-0.216425,0.044592,-0.495313,0.009494,-0.185316,1.336773,-0.015465,0.464398,-0.605229
32.960000,0.928325,-0.144562,0.949197,0.198747,0.409125,0.213433,0.383619,0.042830,1.213258,-0.053808,-0.121136,-0.349876,-0.291072,0.115200,0.924650,-0.079409,-0.267091,0.154919,-0.950725,-0.087710,1.230533,-0.205976,0.036201,-0.501376,0.009123,-0.175963,1.324567,-0.021634,0.470831,-0.615167
32.980000,0.932056,-0.136285,0.953537,0.174196,0.418538,0.220572,0.382513,0.040431,1.206311,-0.056785,-0.118712,-0.344801,-0.292596,0.109798,0.927770,-0.072968,-0.273085,0.157059,-0.954731,-0.087072,1.220449,-0.194489,0.027545,-0.506939,0.008629,-0.166485,1.312171,-0.027741,0.476905,-0.624358
33.000000,0.935289,-0.127822,0.958021,0.148996,0.427715,0.227876,0.381347,0.038083,1.199469,-0.059836,-0.116070,-0.339311,-0.293989,0.104278,0.930933,-0.066227,-0.278867,0.159184,-0.958497,-0.086610,1.210259,-0.181963,0.018626,-0.512002,0.008014,-0.156889,1.299598,-0.033785,0.482620,-0.632802
33.020000,0.938012,-0.119178,0.962652,0.123223,0.436593,0.235301,0.380119,0.035790,1.192741,-0.062972,-0.113182,-0.333450,-0.295243,0.098644,0.934137,-0.059185,-0.284431,0.161295,-0.962003,-0.086328,1.199973,-0.168422,0.009512,-0.516529,0.007279,-0.147183,1.286864,-0.039737,0.487934,-0.640507
33.040000,0.940214,-0.110360,0.967433,0.096956,0.445108,0.242804,0.378827,0.033558,1.186133,-0.066202,-0.110023,-0.327264,-0.296354,0.092902,0.937384,-0.051841,-0.289772,0.163394,-0.965228,-0.086230,1.189602,-0.153890,0.000273,-0.520482,0.006425,-0.137375,1.273983,-0.045567,0.492806,-0.647481
33.060000,0.941887,-0.101376,0.972365,0.070195,0.453260,0.250385,0.377470,0.031391,1.179653,-0.069527,-0.106592,-0.320754,-0.297315,0.087055,0.940673,-0.044195,-0.294891,0.165481,-0.968152,-0.086318,1.179157,-0.138366,-0.009090,-0.523862,0.005457,-0.127474,1.260969,-0.051275,0.497236,-0.653726
33.080000,0.943019,-0.092233,0.977449,0.042940,0.461048,0.258043,0.376046,0.029296,1.173305,-0.072947,-0.102890,-0.313918,-0.298120,0.081108,0.944003,-0.036246,-0.299788,0.167555,-0.970756,-0.086595,1.168651,-0.121851,-0.018579,-0.526668,0.004375,-0.117488,1.247839,-0.056862,0.501223,-0.659240
33.100000,0.943601,-0.082937,0.982687,0.015192,0.468474,0.265779,0.374552,0.027277,1.167098,-0.076462,-0.098915,-0.306758,-0.298763,0.075065,0.947375,-0.027996,-0.304462,0.169617,-0.973019,-0.087062,1.158094,-0.104344,-0.028192,-0.528901,0.003183,-0.107428,1.234605,-0.062327,0.504769,-0.664023
33.120000,0.943624,-0.073496,0.988081,-0.012934,0.475476,0.273541,0.372987,0.025341,1.161037,-0.080088,-0.094652,-0.299339,-0.299238,0.068931,0.950788,-0.019467,-0.308910,0.171670,-0.974923,-0.087723,1.147499,-0.085907,-0.037843,-0.530546,0.001883,-0.097301,1.221282,-0.067635,0.507839,-0.668113
33.140000,0.943082,-0.063921,0.993629,-0.041320,0.481995,0.281274,0.371347,0.023493,1.155126,-0.083842,-0.090084,-0.291729,-0.299540,0.062710,0.954242,-0.010682,-0.313128,0.173716,-0.976450,-0.088575,1.136877,-0.066600,-0.047443,-0.531590,0.000479,-0.087117,1.207885,-0.072748,0.510399,-0.671542
33.160000,0.941969,-0.054220,0.999331,-0.069967,0.488032,0.288979,0.369632,0.021740,1.149369,-0.087723,-0.085210,-0.283927,-0.299663,0.056407,0.957737,-0.001643,-0.317116,0.175755,-0.977581,-0.089620,1.126239,-0.046425,-0.056993,-0.532033,-0.001025,-0.076888,1.194425,-0.077668,0.512449,-0.674313
33.180000,0.940281,-0.044403,1.005188,-0.098875,0.493586,0.296657,0.367838,0.020087,1.143770,-0.091732,-0.080031,-0.275934,-0.299604,0.050027,0.961272,0.007652,-0.320875,0.177788,-0.978301,-0.090855,1.115599,-0.025380,-0.066493,-0.531874,-0.002626,-0.066623,1.180916,-0.082394,0.513989,-0.676424
33.200000,0.938013,-0.034480,1.011197,-0.128043,0.498657,0.304306,0.365962,0.018540,1.138333,-0.095869,-0.074546,-0.267749,-0.299355,0.043574,0.964848,0.017202,-0.324403,0.179814,-0.978591,-0.092279,1.104968,-0.003466,-0.075942,-0.531114,-0.004320,-0.056332,1.167372,-0.086927,0.515020,-0.677875
33.220000,0.935159,-0.024460,1.017359,-0.157322,0.503197,0.311871,0.364002,0.017107,1.133061,-0.100153,-0.068760,-0.259454,-0.298914,0.037053,0.968465,0.026958,-0.327697,0.181836,-0.978434,-0.093892,1.094359,0.019218,-0.085249,-0.529769,-0.006102,-0.046026,1.153805,-0.091231,0.515521,-0.678728
33.240000,0.931720,-0.014356,1.023671,-0.186564,0.507159,0.319293,0.361955,0.015792,1.127955,-0.104605,-0.062676,-0.251130,-0.298276,0.030468,0.972122,0.036870,-0.330751,0.183856,-0.977817,-0.095688,1.083781,0.042575,-0.094322,-0.527855,-0.007967,-0.035715,1.140227,-0.095273,0.515475,-0.679041
33.260000,0.927697,-0.004178,1.030130,-0.215767,0.510542,0.326572,0.359817,0.014602,1.123016,-0.109225,-0.056293,-0.242776,-0.297438,0.023824,0.975819,0.046938,-0.333564,0.185874,-0.976727,-0.097663,1.073248,0.066604,-0.103161,-0.525372,-0.009911,-0.025410,1.126647,-0.099052,0.514882,-0.678816
33.280000,0.923090,0.006062,1.036733,-0.244932,0.513348,0.333709,0.357584,0.013542,1.118244,-0.114013,-0.049613,-0.234393,-0.296398,0.017127,0.979556,0.057162,-0.336137,0.187890,-0.975149,-0.099813,1.062770,0.091305,-0.111766,-0.522321,-0.011928,-0.015123,1.113078,-0.102568,0.513741,-0.678052
33.300000,0.917900,0.016352,1.043478,-0.274059,0.515575,0.340703,0.355255,0.012619,1.113640,-0.118969,-0.042635,-0.225980,-0.295151,0.010380,0.983334,0.067543,-0.338469,0.189903,-0.973070,-0.102132,1.052359,0.116678,-0.120137,-0.518701,-0.014012,-0.004864,1.099529,-0.105821,0.512052,-0.676749
33.320000,0.912129,0.026681,1.050360,-0.302988,0.517201,0.347509,0.352824,0.011839,1.109204,-0.124107,-0.035393,-0.217618,-0.293695,0.003590,0.987153,0.078017,-0.340552,0.191912,-0.970478,-0.104616,1.042026,0.142599,-0.128198,-0.514559,-0.016159,0.005355,1.086011,-0.108784,0.509817,-0.674981
33.340000,0.905782,0.037036,1.057376,-0.331557,0.518204,0.354082,0.350289,0.011205,1.104935,-0.129442,-0.027923,-0.209385,-0.292030,-0.003240,0.991011,0.088524,-0.342376,0.193914,-0.967363,-0.107257,1.031780,0.168940,-0.135874,-0.509940,-0.018361,0.015525,1.072532,-0.111426,0.507039,-0.672825
33.360000,0.898869,0.047405,1.064522,-0.359766,0.518585,0.360420,0.347645,0.010723,1.100828,-0.134973,-0.020223,-0.201283,-0.290154,-0.010104,0.994909,0.099063,-0.343941,0.195909,-0.963718,-0.110048,1.021631,0.195702,-0.143165,-0.504846,-0.020614,0.025633,1.059101,-0.113748,0.503717,-0.670280
33.380000,0.891394,0.057776,1.071792,-0.387617,0.518342,0.366524,0.344889,0.010398,1.096882,-0.140700,-0.012294,-0.193310,-0.288067,-0.016996,0.998847,0.109634,-0.345248,0.197897,-0.959533,-0.112981,1.011589,0.222885,-0.150071,-0.499275,-0.022909,0.035670,1.045724,-0.115750,0.499851,-0.667346
33.400000,0.883366,0.068135,1.079181,-0.415108,0.517476,0.372394,0.342016,0.010233,1.093095,-0.146624,-0.004136,-0.185467,-0.285768,-0.023912,1.002825,0.120237,-0.346295,0.199877,-0.954799,-0.116049,1.001663,0.250489,-0.156592,-0.493229,-0.025241,0.045624,1.032409,-0.117432,0.495441,-0.664023
33.420000,0.874793,0.078470,1.086686,-0.442092,0.515986,0.377992,0.339023,0.010233,1.089462,-0.152747,0.004186,-0.177818,-0.283258,-0.030846,1.006842,0.130807,-0.347072,0.201843,-0.949511,-0.119242,0.991863,0.278373,-0.162681,-0.486773,-0.027604,0.055484,1.019165,-0.118779,0.490510,-0.660388
33.440000,0.865687,0.088770,1.094299,-0.468419,0.513869,0.383279,0.335905,0.010401,1.085980,-0.159073,0.012608,-0.170429,-0.280537,-0.037793,1.010898,0.141279,-0.347565,0.203785,-0.943664,-0.122553,0.982195,0.306396,-0.168293,-0.479973,-0.029990,0.065241,1.005995,-0.119778,0.485078,-0.656516
33.460000,0.856061,0.099021,1.102015,-0.494091,0.511126,0.388255,0.332659,0.010738,1.082644,-0.165602,0.021129,-0.163298,-0.277607,-0.044747,1.014993,0.151653,-0.347775,0.205705,-0.937254,-0.125971,0.972666,0.334557,-0.173427,-0.472830,-0.032393,0.074884,0.992906,-0.120429,0.479146,-0.652408
33.480000,0.845928,0.109211,1.109827,-0.519107,0.507757,0.392921,0.329280,0.011247,1.079447,-0.172333,0.029750,-0.156426,-0.274471,-0.051702,1.019127,0.161929,-0.347701,0.207601,-0.930280,-0.129487,0.963284,0.362857,-0.178083,-0.465343,-0.034805,0.084403,0.979901,-0.120731,0.472714,-0.648064
33.500000,0.835301,0.119327,1.117729,-0.543467,0.503761,0.397275,0.325764,0.011929,1.076385,-0.179267,0.038471,-0.149813,-0.271131,-0.058653,1.023297,0.172107,-0.347345,0.209475,-0.922739,-0.133091,0.954055,0.391296,-0.182261,-0.457513,-0.037220,0.093789,0.966985,-0.120684,0.465781,-0.643484
33.520000,0.824194,0.129357,1.125716,-0.567054,0.499157,0.401292,0.322108,0.012786,1.073452,-0.186392,0.047206,-0.143498,-0.267588,-0.065594,1.027505,0.182129,-0.346692,0.211313,-0.914629,-0.136774,0.944985,0.419731,-0.185951,-0.449411,-0.039630,0.103031,0.954162,-0.120296,0.458387,-0.638733
33.540000,0.812625,0.139289,1.133779,-0.589751,0.493964,0.404945,0.318307,0.013817,1.070643,-0.193695,0.055870,-0.137523,-0.263847,-0.072519,1.031750,0.191935,-0.345732,0.213103,-0.905951,-0.140526,0.936080,0.448020,-0.189142,-0.441110,-0.042029,0.112122,0.941436,-0.119573,0.450568,-0.633876
33.560000,0.800610,0.149112,1.141911,-0.611558,0.488180,0.408233,0.314359,0.015020,1.067949,-0.201175,0.064463,-0.131886,-0.259912,-0.079421,1.036029,0.201525,-0.344462,0.214845,-0.896709,-0.144336,0.927342,0.476163,-0.191834,-0.432608,-0.044411,0.121051,0.928808,-0.118516,0.442324,-0.628912
33.580000,0.788168,0.158813,1.150106,-0.632474,0.481806,0.411157,0.310259,0.016395,1.065365,-0.208834,0.072985,-0.126588,-0.255788,-0.086295,1.040343,0.210900,-0.342885,0.216540,-0.886905,-0.148196,0.918777,0.504160,-0.194026,-0.423907,-0.046768,0.129812,0.916280,-0.117124,0.433657,-0.623843
33.600000,0.775317,0.168380,1.158355,-0.652501,0.474842,0.413717,0.306004,0.017939,1.062883,-0.216671,0.081436,-0.121629,-0.251478,-0.093134,1.044690,0.220060,-0.340999,0.218187,-0.876543,-0.152094,0.910387,0.532012,-0.195719,-0.415006,-0.049094,0.138395,0.903855,-0.115397,0.424565,-0.618667
33.620000,0.762075,0.177803,1.166652,-0.671564,0.467322,0.415899,0.301591,0.019651,1.060497,-0.224657,0.089723,-0.117021,-0.246987,-0.099933,1.049070,0.228958,-0.338794,0.219771,-0.865627,-0.156021,0.902177,0.559587,-0.196932,-0.405968,-0.051382,0.146792,0.891534,-0.113366,0.415099,-0.613430
33.640000,0.748461,0.187070,1.174988,-0.689590,0.459280,0.417688,0.297017,0.021526,1.058200,-0.232763,0.097754,-0.112775,-0.242321,-0.106684,1.053481,0.237551,-0.336260,0.221278,-0.854163,-0.159968,0.894149,0.586757,-0.197685,-0.396858,-0.053626,0.154997,0.879318,-0.111060,0.405310,-0.608175
33.660000,0.734498,0.196170,1.183357,-0.706580,0.450716,0.419086,0.292280,0.023560,1.055984,-0.240989,0.105529,-0.108891,-0.237487,-0.113381,1.057921,0.245838,-0.333397,0.222707,-0.842159,-0.163926,0.886304,0.613520,-0.197978,-0.387674,-0.055822,0.163002,0.867207,-0.108479,0.395196,-0.602903
33.680000,0.720205,0.205095,1.191749,-0.722532,0.441630,0.420092,0.287377,0.025746,1.053842,-0.249335,0.113047,-0.105370,-0.232490,-0.120018,1.062388,0.253818,-0.330205,0.224060,-0.829624,-0.167884,0.878643,0.639878,-0.197811,-0.378417,-0.057964,0.170802,0.855202,-0.105623,0.384759,-0.597614
33.700000,0.705604,0.213832,1.200158,-0.737448,0.432022,0.420706,0.282305,0.028080,1.051767,-0.257801,0.120310,-0.102211,-0.227336,-0.126587,1.066883,0.261493,-0.326684,0.225334,-0.816567,-0.171835,0.871167,0.665829,-0.197184,-0.369087,-0.060045,0.178390,0.843303,-0.102493,0.373998,-0.592307
33.720000,0.690714,0.222372,1.208575,-0.751302,0.421935,0.420925,0.277064,0.030556,1.049751,-0.266344,0.127229,-0.099401,-0.222032,-0.133083,1.071401,0.268833,-0.322828,0.226516,-0.802995,-0.175769,0.863879,0.691262,-0.196127,-0.359735,-0.062062,0.185760,0.831510,-0.099135,0.362971,-0.587001
33.740000,0.675559,0.230707,1.216992,-0.764066,0.411412,0.420749,0.271651,0.033166,1.047789,-0.274922,0.133716,-0.096926,-0.216585,-0.139498,1.075942,0.275811,-0.318631,0.227589,-0.788920,-0.179677,0.856778,0.716064,-0.194669,-0.350411,-0.064010,0.192908,0.819823,-0.095598,0.351735,-0.581712
33.760000,0.660159,0.238826,1.225402,-0.775742,0.400452,0.420176,0.266067,0.035902,1.045872,-0.283535,0.139773,-0.094787,-0.211002,-0.145826,1.080504,0.282427,-0.314093,0.228553,-0.774356,-0.183553,0.849863,0.740234,-0.192812,-0.341115,-0.065885,0.199828,0.808241,-0.091882,0.340291,-0.576440
33.780000,0.644536,0.246722,1.233797,-0.786329,0.389057,0.419207,0.260310,0.038754,1.043995,-0.292182,0.145398,-0.092982,-0.205291,-0.152059,1.085084,0.288680,-0.309214,0.229409,-0.759315,-0.187387,0.843133,0.763772,-0.190554,-0.331847,-0.067684,0.206518,0.796765,-0.087986,0.328638,-0.571186
33.800000,0.628713,0.254385,1.242168,-0.795827,0.377225,0.417842,0.254379,0.041715,1.042150,-0.300865,0.150593,-0.091512,-0.199458,-0.158192,1.089680,0.294571,-0.303993,0.230156,-0.743810,-0.191172,0.836589,0.786679,-0.187896,-0.322608,-0.069403,0.212972,0.785393,-0.083910,0.316777,-0.565949
33.820000,0.612711,0.261808,1.250508,-0.804253,0.365001,0.416087,0.248275,0.044774,1.040332,-0.309529,0.155286,-0.090345,-0.193510,-0.164217,1.094289,0.300087,-0.298431,0.230779,-0.727853,-0.194900,0.830228,0.808864,-0.184866,-0.313430,-0.071039,0.219188,0.774127,-0.079712,0.304765,-0.560720
33.840000,0.596550,0.268983,1.258809,-0.811624,0.352428,0.413948,0.241999,0.047922,1.038535,-0.318125,0.159406,-0.089446,-0.187457,-0.170127,1.098910,0.305219,-0.292527,0.231264,-0.711461,-0.198565,0.824051,0.830238,-0.181493,-0.304347,-0.072591,0.225162,0.762965,-0.075446,0.292658,-0.555489
33.860000,0.580253,0.275903,1.267063,-0.817938,0.339507,0.411424,0.235551,0.051147,1.036753,-0.326651,0.162955,-0.088817,-0.181304,-0.175916,1.103539,0.309966,-0.286280,0.231612,-0.694649,-0.202158,0.818054,0.850800,-0.177776,-0.295359,-0.074057,0.230894,0.751907,-0.071115,0.280457,-0.550257
33.880000,0.563839,0.282561,1.275263,-0.823197,0.326238,0.408516,0.228933,0.054437,1.034980,-0.335108,0.165931,-0.088457,-0.175061,-0.181576,1.108174,0.314328,-0.279691,0.231821,-0.677434,-0.205673,0.812236,0.870551,-0.173715,-0.286466,-0.075435,0.236380,0.740954,-0.066717,0.268162,-0.545023
33.900000,0.547332,0.288950,1.283401,-0.827400,0.312620,0.405224,0.222147,0.057780,1.033213,-0.343496,0.168335,-0.088366,-0.168734,-0.187101,1.112811,0.318305,-0.272759,0.231893,-0.659832,-0.209104,0.806594,0.889490,-0.169311,-0.277668,-0.076725,0.241620,0.730106,-0.062252,0.255773,-0.539787
33.920000,0.530750,0.295064,1.291470,-0.830597,0.298694,0.401562,0.215194,0.061166,1.031444,-0.351755,0.170122,-0.088499,-0.162331,-0.192484,1.117448,0.321901,-0.265490,0.231814,-0.641860,-0.212444,0.801128,0.907551,-0.164585,-0.268982,-0.077925,0.246611,0.719363,-0.057777,0.243336,-0.534522
33.940000,0.514114,0.300896,1.299461,-0.832836,0.284502,0.397544,0.208078,0.064581,1.029671,-0.359826,0.171245,-0.088813,-0.155860,-0.197718,1.122082,0.325118,-0.257889,0.231572,-0.623536,-0.215686,0.795834,0.924668,-0.159558,-0.260423,-0.079036,0.251353,0.708726,-0.053346,0.230899,-0.529197
33.960000,0.497443,0.306442,1.307369,-0.834119,0.270042,0.393171,0.200802,0.068011,1.027891,-0.367708,0.171706,-0.089306,-0.149329,-0.202797,1.126710,0.327957,-0.249957,0.231168,-0.604880,-0.218824,0.790710,0.940841,-0.154230,-0.251993,-0.080059,0.255847,0.698196,-0.048961,0.218460,-0.523813
33.980000,0.480756,0.311696,1.315186,-0.834445,0.255315,0.388442,0.193371,0.071445,1.026098,-0.375402,0.171504,-0.089979,-0.142744,-0.207714,1.131328,0.330417,-0.241692,0.230601,-0.585909,-0.221853,0.785754,0.956070,-0.148601,-0.243691,-0.080995,0.260091,0.687774,-0.044621,0.206021,-0.518371
34.000000,0.464072,0.316653,1.322904,-0.833813,0.240321,0.383358,0.185787,0.074867,1.024290,-0.382908,0.170639,-0.090831,-0.136114,-0.212463,1.135933,0.332499,-0.233096,0.229871,-0.566643,-0.224766,0.780962,0.970356,-0.142672,-0.235518,-0.081844,0.264087,0.677461,-0.040326,0.193582,-0.512870
34.020000,0.447409,0.321307,1.330518,-0.832293,0.225114,0.377949,0.178056,0.078266,1.022464,-0.390164,0.169083,-0.091822,-0.129447,-0.217036,1.140522,0.334218,-0.224178,0.228971,-0.547101,-0.227558,0.776332,0.983651,-0.136457,-0.227476,-0.082609,0.267835,0.667260,-0.036128,0.181168,-0.507277
34.040000,0.430785,0.325656,1.338020,-0.829954,0.209750,0.372248,0.170183,0.081626,1.020617,-0.397109,0.166809,-0.092910,-0.122748,-0.221428,1.145091,0.335588,-0.214951,0.227891,-0.527304,-0.230223,0.771862,0.995908,-0.129970,-0.219572,-0.083290,0.271335,0.657171,-0.032080,0.168807,-0.501558
34.060000,0.414217,0.329696,1.345406,-0.826794,0.194228,0.366253,0.162174,0.084933,1.018747,-0.403742,0.163817,-0.094094,-0.116026,-0.225632,1.149636,0.336610,-0.205415,0.226631,-0.507272,-0.232755,0.767548,1.007128,-0.123212,-0.211804,-0.083893,0.274588,0.647198,-0.028181,0.156498,-0.495714
34.080000,0.397719,0.333424,1.352668,-0.822814,0.178549,0.359964,0.154035,0.088174,1.016852,-0.410063,0.160105,-0.095375,-0.109286,-0.229642,1.154155,0.337284,-0.195569,0.225192,-0.487026,-0.235149,0.763389,1.017311,-0.116182,-0.204172,-0.084419,0.277595,0.637343,-0.024433,0.144243,-0.489744
34.100000,0.381310,0.336837,1.359802,-0.818015,0.162712,0.353383,0.145774,0.091333,1.014931,-0.416073,0.155676,-0.096753,-0.102537,-0.233453,1.158643,0.337610,-0.185413,0.223574,-0.466587,-0.237400,0.759381,1.026457,-0.108880,-0.196677,-0.084871,0.280358,0.627609,-0.020834,0.132039,-0.483648
34.120000,0.365004,0.339932,1.366802,-0.812473,0.146783,0.346551,0.137395,0.094396,1.012982,-0.421711,0.150531,-0.098185,-0.095784,-0.237057,1.163096,0.337613,-0.174966,0.221774,-0.445975,-0.239503,0.755521,1.034531,-0.101317,-0.189317,-0.085253,0.282877,0.617998,-0.017428,0.119897,-0.477400
34.140000,0.348815,0.342708,1.373663,-0.806266,0.130826,0.339512,0.128908,0.097349,1.011004,-0.426916,0.144677,-0.099631,-0.089034,-0.240450,1.167512,0.337318,-0.164245,0.219790,-0.425213,-0.241451,0.751807,1.041497,-0.093506,-0.182090,-0.085570,0.285154,0.608514,-0.014257,0.107823,-0.470973
34.160000,0.332757,0.345165,1.380381,-0.799393,0.114842,0.332267,0.120321,0.100178,1.008996,-0.431687,0.138111,-0.101090,-0.082293,-0.243625,1.171887,0.336726,-0.153252,0.217621,-0.404322,-0.243241,0.748236,1.047357,-0.085446,-0.174997,-0.085825,0.287190,0.599161,-0.011321,0.095818,-0.464367
34.180000,0.316844,0.347302,1.386952,-0.791855,0.098830,0.324814,0.111643,0.102869,1.006960,-0.436026,0.130835,-0.102563,-0.075567,-0.246578,1.176216,0.335837,-0.141984,0.215268,-0.383326,-0.244867,0.744806,1.052109,-0.077136,-0.168037,-0.086024,0.288987,0.589941,-0.008621,0.083881,-0.457583
34.200000,0.301088,0.349118,1.393372,-0.783652,0.082790,0.317154,0.102883,0.105407,1.004894,-0.439931,0.122849,-0.104049,-0.068862,-0.249303,1.180496,0.334651,-0.130444,0.212730,-0.362245,-0.246325,0.741514,1.055754,-0.068578,-0.161210,-0.086172,0.290546,0.580858,-0.006156,0.072012,-0.450620
34.220000,0.285502,0.350614,1.399637,-0.774870,0.066785,0.309338,0.094049,0.107778,1.002798,-0.443352,0.114199,-0.105499,-0.062183,-0.251794,1.184724,0.333203,-0.118659,0.210011,-0.341103,-0.247609,0.738357,1.058267,-0.059787,-0.154516,-0.086272,0.291868,0.571917,-0.003961,0.060214,-0.443467
34.240000,0.270096,0.351790,1.405745,-0.765595,0.050874,0.301416,0.085153,0.109971,1.000674,-0.446237,0.104934,-0.106867,-0.055535,-0.254047,1.188896,0.331531,-0.106661,0.207115,-0.319922,-0.248715,0.735333,1.059620,-0.050778,-0.147952,-0.086332,0.292955,0.563121,-0.002068,0.048487,-0.436112
34.260000,0.254881,0.352649,1.411693,-0.755827,0.035060,0.293388,0.076203,0.111972,0.998524,-0.448586,0.095054,-0.108152,-0.048923,-0.256059,1.193007,0.329633,-0.094448,0.204042,-0.298726,-0.249639,0.732438,1.059813,-0.041553,-0.141520,-0.086357,0.293808,0.554474,-0.000478,0.036832,-0.428554
34.280000,0.239866,0.353193,1.417480,-0.745566,0.019341,0.285254,0.067213,0.113769,0.996349,-0.450399,0.084559,-0.109353,-0.042351,-0.257824,1.197056,0.327511,-0.082021,0.200792,-0.277538,-0.250376,0.729671,1.058848,-0.032111,-0.135218,-0.086353,0.294429,0.545980,0.000809,0.025248,-0.420795
34.300000,0.225062,0.353424,1.423103,-0.734811,0.003718,0.277014,0.058191,0.115350,0.994151,-0.451677,0.073449,-0.110471,-0.035824,-0.259338,1.201038,0.325165,-0.069379,0.197364,-0.256380,-0.250922,0.727028,1.056723,-0.022452,-0.129048,-0.086327,0.294818,0.537644,0.001794,0.013736,-0.412833
34.320000,0.210476,0.353343,1.428560,-0.723659,-0.011755,0.268722,0.049149,0.116703,0.991931,-0.452391,0.061817,-0.111461,-0.029346,-0.260598,1.204949,0.322635,-0.056568,0.193772,-0.235276,-0.251273,0.724508,1.053432,-0.012605,-0.123010,-0.086284,0.294979,0.529468,0.002459,0.002301,-0.404672
34.340000,0.196117,0.352955,1.433852,-0.712202,-0.027024,0.260430,0.040099,0.117820,0.989693,-0.452514,0.049760,-0.112278,-0.022920,-0.261600,1.208788,0.319963,-0.043630,0.190030,-0.214250,-0.251425,0.722107,1.048967,-0.002601,-0.117108,-0.086231,0.294911,0.521458,0.002788,-0.009051,-0.396313
34.360000,0.181990,0.352263,1.438977,-0.700441,-0.042088,0.252138,0.031053,0.118691,0.987441,-0.452046,0.037276,-0.112921,-0.016548,-0.262342,1.212550,0.317150,-0.030567,0.186136,-0.193326,-0.251376,0.719823,1.043329,0.007560,-0.111342,-0.086174,0.294617,0.513617,0.002780,-0.020321,-0.387756
34.380000,0.168102,0.351273,1.443937,-0.688376,-0.056947,0.243847,0.022021,0.119308,0.985178,-0.450987,0.024365,-0.113391,-0.010234,-0.262822,1.216232,0.314195,-0.017377,0.182092,-0.172525,-0.251121,0.717653,1.036518,0.017880,-0.105711,-0.086122,0.294099,0.505949,0.002437,-0.031508,-0.379001
34.400000,0.154457,0.349987,1.448731,-0.676007,-0.071602,0.235556,0.013017,0.119663,0.982906,-0.449337,0.011029,-0.113688,-0.003981,-0.263037,1.219832,0.311098,-0.004062,0.177896,-0.151873,-0.250659,0.715594,1.028534,0.028357,-0.100215,-0.086079,0.293357,0.498458,0.001758,-0.042612,-0.370048
34.420000,0.141063,0.348410,1.453360,-0.663431,-0.086007,0.227311,0.004052,0.119747,0.980631,-0.447104,-0.002593,-0.113779,0.002209,-0.262984,1.223347,0.307900,0.009323,0.173570,-0.131391,-0.249986,0.713643,1.019401,0.038946,-0.094862,-0.086053,0.292395,0.491149,0.000749,-0.053620,-0.360911
34.440000,0.127921,0.346549,1.457824,-0.650742,-0.100117,0.219158,-0.004863,0.119558,0.978357,-0.444294,-0.016359,-0.113634,0.008334,-0.262664,1.226774,0.304639,0.022720,0.169133,-0.111104,-0.249101,0.711798,1.009147,0.049599,-0.089659,-0.086051,0.291213,0.484023,-0.000584,-0.064521,-0.351606
34.460000,0.115034,0.344408,1.462127,-0.637942,-0.113931,0.211096,-0.013716,0.119092,0.976088,-0.440908,-0.030269,-0.113252,0.014394,-0.262075,1.230112,0.301316,0.036130,0.164585,-0.091033,-0.248002,0.710056,0.997770,0.060319,-0.084605,-0.086079,0.289815,0.477085,-0.002241,-0.075314,-0.342132
34.480000,0.102404,0.341993,1.466269,-0.625030,-0.127450,0.203126,-0.022496,0.118346,0.973828,-0.436946,-0.044322,-0.112633,0.020386,-0.261218,1.233357,0.297931,0.049552,0.159925,-0.071201,-0.246688,0.708413,0.985272,0.071103,-0.079701,-0.086143,0.288201,0.470339,-0.004222,-0.085999,-0.332488
34.500000,0.090033,0.339312,1.470252,-0.612006,-0.140674,0.195248,-0.031190,0.117318,0.971584,-0.432408,-0.058520,-0.111778,0.026311,-0.260093,1.236508,0.294483,0.062987,0.155155,-0.051630,-0.245157,0.706867,0.971651,0.081953,-0.074947,-0.086250,0.286375,0.463787,-0.006527,-0.096577,-0.322676
34.520000,0.077924,0.336369,1.474080,-0.598951,-0.153566,0.187491,-0.039788,0.116005,0.969359,-0.427337,-0.072709,-0.110679,0.032166,-0.258699,1.239563,0.291006,0.076373,0.150298,-0.032342,-0.243410,0.705414,0.956972,0.092809,-0.070351,-0.086406,0.284339,0.457433,-0.009129,-0.107029,-0.312719
34.540000,0.066075,0.333171,1.477753,-0.585947,-0.166092,0.179884,-0.048280,0.114411,0.967158,-0.421778,-0.086736,-0.109329,0.037951,-0.257039,1.242519,0.287533,0.089650,0.145377,-0.013357,-0.241445,0.704051,0.941297,0.103615,-0.065924,-0.086617,0.282095,0.451279,-0.012000,-0.117337,-0.302643
34.560000,0.054486,0.329727,1.481276,-0.572995,-0.178251,0.172429,-0.056656,0.112537,0.964987,-0.415731,-0.100601,-0.107728,0.043667,-0.255114,1.245377,0.284064,0.102818,0.140392,0.005303,-0.239265,0.702776,0.924628,0.114370,-0.061665,-0.086888,0.279647,0.445328,-0.015141,-0.127501,-0.292446
34.580000,0.043155,0.326044,1.484651,-0.560093,-0.190044,0.165125,-0.064906,0.110388,0.962851,-0.409196,-0.114305,-0.105877,0.049314,-0.252927,1.248135,0.280598,0.115876,0.135344,0.023621,-0.236871,0.701584,0.906963,0.125074,-0.057575,-0.087224,0.276996,0.439582,-0.018552,-0.137522,-0.282131
34.600000,0.032082,0.322128,1.487882,-0.547242,-0.201470,0.157971,-0.073021,0.107966,0.960754,-0.402172,-0.127847,-0.103774,0.054891,-0.250480,1.250791,0.277135,0.128825,0.130232,0.041575,-0.234263,0.700472,0.888303,0.135726,-0.053652,-0.087632,0.274147,0.434044,-0.022233,-0.147399,-0.271695
34.620000,0.021264,0.317988,1.490971,-0.534504,-0.212503,0.150982,-0.080990,0.105276,0.958702,-0.394730,-0.141091,-0.101425,0.060399,-0.247775,1.253344,0.273702,0.141607,0.125082,0.059147,-0.231443,0.699436,0.868735,0.146269,-0.049906,-0.088115,0.271101,0.428715,-0.026143,-0.157114,-0.261167
34.640000,0.010700,0.313631,1.493922,-0.521939,-0.223117,0.144171,-0.088808,0.102325,0.956699,-0.386940,-0.153899,-0.098835,0.065839,-0.244817,1.255794,0.270321,0.154161,0.119918,0.076319,-0.228413,0.698474,0.848344,0.156642,-0.046343,-0.088679,0.267863,0.423597,-0.030245,-0.166647,-0.250572
34.660000,0.000386,0.309066,1.496739,-0.509548,-0.233313,0.137537,-0.096466,0.099123,0.954750,-0.378801,-0.166272,-0.096002,0.071212,-0.241610,1.258140,0.266994,0.166490,0.114741,0.093075,-0.225178,0.697581,0.827130,0.166846,-0.042963,-0.089326,0.264437,0.418692,-0.034537,-0.175999,-0.239912
34.680000,-0.009683,0.304301,1.499425,-0.497330,-0.243089,0.131081,-0.103957,0.095677,0.952860,-0.370314,-0.178209,-0.092927,0.076519,-0.238159,1.260383,0.263720,0.178592,0.109549,0.109399,-0.221740,0.696754,0.805094,0.176881,-0.039767,-0.090062,0.260825,0.414001,-0.039021,-0.185169,-0.229185
34.700000,-0.019509,0.299345,1.501984,-0.485287,-0.252447,0.124803,-0.111276,0.091997,0.951034,-0.361478,-0.189711,-0.089610,0.081762,-0.234468,1.262522,0.260499,0.190467,0.104344,0.125274,-0.218104,0.695990,0.782236,0.186746,-0.036755,-0.090888,0.257031,0.409525,-0.043695,-0.194158,-0.218393
34.720000,-0.029096,0.294206,1.504418,-0.473460,-0.261367,0.118705,-0.118415,0.088092,0.949277,-0.352370,-0.200682,-0.086057,0.086940,-0.230542,1.264557,0.257348,0.202066,0.099148,0.140684,-0.214272,0.695283,0.758672,0.196390,-0.033926,-0.091810,0.253060,0.405266,-0.048512,-0.202946,-0.207560
34.740000,-0.038449,0.288893,1.506733,-0.461893,-0.269830,0.112788,-0.125369,0.083974,0.947594,-0.343068,-0.211024,-0.082276,0.092056,-0.226387,1.266488,0.254283,0.213337,0.093984,0.155617,-0.210250,0.694631,0.734522,0.205761,-0.031284,-0.092830,0.248915,0.401223,-0.053426,-0.211515,-0.196711
34.760000,-0.047573,0.283416,1.508931,-0.450587,-0.277836,0.107054,-0.132136,0.079656,0.945988,-0.333571,-0.220737,-0.078267,0.097112,-0.222011,1.268317,0.251305,0.224281,0.088854,0.170061,-0.206043,0.694030,0.709783,0.214859,-0.028827,-0.093948,0.244601,0.397398,-0.058436,-0.219864,-0.185848
34.780000,-0.056474,0.277783,1.511016,-0.439541,-0.285385,0.101501,-0.138711,0.075149,0.944464,-0.323880,-0.229823,-0.074028,0.102109,-0.217418,1.270043,0.248412,0.234897,0.083756,0.184004,-0.201658,0.693477,0.684457,0.223685,-0.026556,-0.095168,0.240122,0.393789,-0.063541,-0.227995,-0.174969
34.800000,-0.065156,0.272003,1.512992,-0.428755,-0.292477,0.096130,-0.145090,0.070467,0.943028,-0.313993,-0.238281,-0.069562,0.107049,-0.212617,1.271667,0.245606,0.245185,0.078690,0.197435,-0.197098,0.692967,0.658544,0.232237,-0.024470,-0.096490,0.235482,0.390399,-0.068743,-0.235906,-0.164075
34.820000,-0.073626,0.266087,1.514863,-0.418255,-0.299098,0.090937,-0.151270,0.065622,0.941683,-0.303968,-0.246072,-0.064874,0.111934,-0.207613,1.273191,0.242894,0.255108,0.073677,0.210343,-0.192370,0.692497,0.632186,0.240480,-0.022559,-0.097918,0.230687,0.387226,-0.074001,-0.243584,-0.153198
34.840000,-0.081889,0.260043,1.516631,-0.408069,-0.305234,0.085918,-0.157248,0.060629,0.940435,-0.293860,-0.253158,-0.059973,0.116765,-0.202415,1.274615,0.240286,0.264626,0.068736,0.222720,-0.187481,0.692064,0.605524,0.248378,-0.020813,-0.099450,0.225740,0.384271,-0.079277,-0.251015,-0.142370
34.860000,-0.089951,0.253881,1.518301,-0.398196,-0.310885,0.081074,-0.163024,0.055501,0.939286,-0.283670,-0.259539,-0.054858,0.121546,-0.197031,1.275941,0.237781,0.273739,0.063866,0.234562,-0.182437,0.691663,0.578560,0.255929,-0.019231,-0.101089,0.220648,0.381531,-0.084570,-0.258199,-0.131590
34.880000,-0.097819,0.247611,1.519875,-0.388637,-0.316050,0.076403,-0.168594,0.050252,0.938242,-0.273397,-0.265215,-0.049529,0.126277,-0.191468,1.277170,0.235379,0.282447,0.059068,0.245861,-0.177246,0.691293,0.551294,0.263135,-0.017814,-0.102833,0.215414,0.379007,-0.089881,-0.265136,-0.120860
34.900000,-0.105498,0.241242,1.521358,-0.379391,-0.320731,0.071906,-0.173959,0.044897,0.937306,-0.263041,-0.270186,-0.043987,0.130962,-0.185736,1.278304,0.233080,0.290750,0.054342,0.256612,-0.171914,0.690950,0.523724,0.269995,-0.016561,-0.104684,0.210044,0.376696,-0.095209,-0.271825,-0.110178
34.920000,-0.112996,0.234785,1.522752,-0.370470,-0.324919,0.067577,-0.179116,0.039449,0.936484,-0.252630,-0.274468,-0.038242,0.135601,-0.179841,1.279344,0.230886,0.298624,0.049703,0.266809,-0.166449,0.690630,0.496006,0.276492,-0.015449,-0.106642,0.204543,0.374599,-0.100518,-0.278256,-0.099572
34.940000,-0.120320,0.228249,1.524062,-0.361887,-0.328608,0.063406,-0.184064,0.033922,0.935778,-0.242190,-0.278076,-0.032302,0.140198,-0.173794,1.280293,0.228798,0.306044,0.045164,0.276452,-0.160857,0.690331,0.468296,0.282610,-0.014455,-0.108705,0.198916,0.372713,-0.105771,-0.284418,-0.089072
34.960000,-0.127474,0.221644,1.525290,-0.353641,-0.331798,0.059395,-0.188803,0.028330,0.935193,-0.231721,-0.281012,-0.026169,0.144754,-0.167603,1.281151,0.226816,0.313009,0.040727,0.285541,-0.155147,0.690051,0.440592,0.288347,-0.013578,-0.110872,0.193168,0.371035,-0.110967,-0.290309,-0.078676
34.980000,-0.134467,0.214980,1.526439,-0.345733,-0.334488,0.055544,-0.193333,0.022686,0.934732,-0.221223,-0.283275,-0.019842,0.149271,-0.161276,1.281922,0.224940,0.319520,0.036391,0.294076,-0.149326,0.689787,0.412894,0.293704,-0.012818,-0.113143,0.187305,0.369565,-0.116108,-0.295930,-0.068386
35.000000,-0.141306,0.208267,1.527513,-0.338162,-0.336679,0.051852,-0.197652,0.017004,0.934400,-0.210696,-0.284864,-0.013322,0.153752,-0.154825,1.282608,0.223171,0.325576,0.032155,0.302057,-0.143401,0.689537,0.385204,0.298682,-0.012177,-0.115516,0.181333,0.368299,-0.121192,-0.301282,-0.058200
35.020000,-0.147996,0.201516,1.528514,-0.330927,-0.338373,0.048308,-0.201760,0.011296,0.934201,-0.200147,-0.285828,-0.006625,0.158199,-0.148257,1.283209,0.221502,0.331167,0.028031,0.309485,-0.137381,0.689299,0.357668,0.303280,-0.011620,-0.117990,0.175256,0.367236,-0.126188,-0.306354,-0.048145
35.040000,-0.154545,0.194736,1.529446,-0.324026,-0.339572,0.044901,-0.205658,0.005575,0.934136,-0.189579,-0.286213,0.000232,0.162613,-0.141581,1.283730,0.219931,0.336281,0.024026,0.316365,-0.131273,0.689072,0.330435,0.307500,-0.011118,-0.120563,0.169080,0.366373,-0.131063,-0.311138,-0.038246
35.060000,-0.160959,0.187937,1.530311,-0.317461,-0.340276,0.041632,-0.209343,-0.000149,0.934211,-0.178994,-0.286019,0.007248,0.166996,-0.134808,1.284171,0.218456,0.340918,0.020141,0.322704,-0.125084,0.688854,0.303504,0.311342,-0.010670,-0.123232,0.162812,0.365705,-0.135816,-0.315633,-0.028504
35.080000,-0.167246,0.181128,1.531112,-0.311230,-0.340484,0.038500,-0.212817,-0.005862,0.934427,-0.168391,-0.285247,0.014423,0.171352,-0.127948,1.284536,0.217079,0.345079,0.016375,0.328507,-0.118821,0.688645,0.276875,0.314805,-0.010276,-0.125995,0.156457,0.365231,-0.140448,-0.319840,-0.018919
35.100000,-0.173411,0.174320,1.531852,-0.305333,-0.340198,0.035505,-0.216079,-0.011555,0.934789,-0.157771,-0.283897,0.021757,0.175680,-0.121009,1.284827,0.215798,0.348763,0.012730,0.333781,-0.112494,0.688443,0.250548,0.317890,-0.009935,-0.128849,0.150020,0.364947,-0.144959,-0.323759,-0.009491
35.120000,-0.179461,0.167523,1.532533,-0.299756,-0.339432,0.032630,-0.219128,-0.017215,0.935299,-0.147129,-0.282023,0.029227,0.179984,-0.114000,1.285046,0.214604,0.351971,0.009210,0.338532,-0.106108,0.688247,0.224642,0.320610,-0.009618,-0.131792,0.143509,0.364850,-0.149325,-0.327368,-0.000242
35.140000,-0.185403,0.160746,1.533158,-0.294483,-0.338202,0.029858,-0.221964,-0.022832,0.935959,-0.136461,-0.279683,0.036809,0.184265,-0.106933,1.285196,0.213488,0.354702,0.005820,0.342770,-0.099672,0.688058,0.199275,0.322977,-0.009291,-0.134821,0.136928,0.364936,-0.153525,-0.330647,0.008802
35.160000,-0.191243,0.153998,1.533728,-0.289515,-0.336507,0.027188,-0.224586,-0.028399,0.936772,-0.125767,-0.276875,0.044503,0.188524,-0.099815,1.285280,0.212449,0.356958,0.002560,0.346507,-0.093192,0.687876,0.174448,0.324992,-0.008956,-0.137932,0.130285,0.365201,-0.157558,-0.333596,0.017643
35.180000,-0.196986,0.147289,1.534246,-0.284851,-0.334349,0.024621,-0.226994,-0.033904,0.937740,-0.115047,-0.273600,0.052310,0.192763,-0.092658,1.285300,0.211488,0.358738,-0.000569,0.349752,-0.086675,0.687700,0.150159,0.326655,-0.008611,-0.141122,0.123586,0.365641,-0.161425,-0.336214,0.026280
35.200000,-0.202639,0.140628,1.534714,-0.280492,-0.331726,0.022156,-0.229188,-0.039340,0.938865,-0.104301,-0.269858,0.060228,0.196984,-0.085469,1.285258,0.210604,0.360042,-0.003567,0.352517,-0.080128,0.687531,0.126410,0.327965,-0.008258,-0.144388,0.116839,0.366251,-0.165124,-0.338502,0.034714
35.220000,-0.208207,0.134023,1.535133,-0.276411,-0.328674,0.019773,-0.231166,-0.044696,0.940149,-0.093536,-0.265687,0.068216,0.201188,-0.078259,1.285158,0.209784,0.360878,-0.006432,0.354812,-0.073558,0.687370,0.103273,0.328942,-0.007872,-0.147726,0.110048,0.367028,-0.168644,-0.340453,0.042933
35.240000,-0.213697,0.127483,1.535505,-0.272584,-0.325226,0.017453,-0.232929,-0.049965,0.941594,-0.082755,-0.261126,0.076232,0.205376,-0.071037,1.285002,0.209014,0.361256,-0.009160,0.356652,-0.066972,0.687217,0.080820,0.329603,-0.007429,-0.151132,0.103223,0.367967,-0.171973,-0.342056,0.050928
35.260000,-0.219112,0.121016,1.535831,-0.269011,-0.321383,0.015194,-0.234476,-0.055138,0.943199,-0.071960,-0.256174,0.084276,0.209549,-0.063812,1.284792,0.208294,0.361176,-0.011751,0.358050,-0.060376,0.687073,0.059052,0.329948,-0.006929,-0.154603,0.096369,0.369064,-0.175111,-0.343314,0.058699
35.280000,-0.224459,0.114631,1.536113,-0.265692,-0.317143,0.012997,-0.235807,-0.060209,0.944965,-0.061150,-0.250833,0.092348,0.213708,-0.056593,1.284532,0.207624,0.360638,-0.014205,0.359019,-0.053776,0.686940,0.037969,0.329978,-0.006373,-0.158135,0.089493,0.370313,-0.178057,-0.344225,0.066246
35.300000,-0.229742,0.108333,1.536352,-0.262626,-0.312509,0.010863,-0.236922,-0.065169,0.946893,-0.050325,-0.245102,0.100448,0.217854,-0.049389,1.284225,0.207004,0.359641,-0.016522,0.359573,-0.047179,0.686819,0.017571,0.329692,-0.005760,-0.161724,0.082602,0.371712,-0.180812,-0.344789,0.073569
35.320000,-0.234965,0.102132,1.536548,-0.259779,-0.307538,0.008755,-0.237820,-0.070011,0.948983,-0.039499,-0.238998,0.108543,0.221988,-0.042210,1.283873,0.206418,0.358200,-0.018699,0.359726,-0.040591,0.686710,-0.002112,0.329102,-0.005085,-0.165367,0.075703,0.373255,-0.183366,-0.344998,0.080654
35.340000,-0.240134,0.096034,1.536702,-0.257116,-0.302291,0.006641,-0.238502,-0.074727,0.951234,-0.028682,-0.232541,0.116600,0.226111,-0.035064,1.283478,0.205849,0.356330,-0.020733,0.359494,-0.034017,0.686616,-0.021050,0.328220,-0.004344,-0.169058,0.068804,0.374936,-0.185708,-0.344840,0.087484
35.360000,-0.245251,0.090043,1.536813,-0.254636,-0.296767,0.004518,-0.238968,-0.079310,0.953647,-0.017877,-0.225731,0.124620,0.230223,-0.027960,1.283044,0.205298,0.354029,-0.022623,0.358889,-0.027464,0.686537,-0.039242,0.327045,-0.003537,-0.172793,0.061912,0.376752,-0.187839,-0.344318,0.094062
35.380000,-0.250321,0.084165,1.536882,-0.252340,-0.290967,0.002388,-0.239217,-0.083753,0.956219,-0.007081,-0.218567,0.132601,0.234323,-0.020906,1.282574,0.204764,0.351299,-0.024371,0.357929,-0.020937,0.686475,-0.056689,0.325577,-0.002663,-0.176570,0.055034,0.378697,-0.189758,-0.343429,0.100385
35.400000,-0.255346,0.078406,1.536909,-0.250227,-0.284891,0.000250,-0.239251,-0.088050,0.958950,0.003704,-0.211050,0.140544,0.238413,-0.013911,1.282070,0.204248,0.348140,-0.025975,0.356627,-0.014443,0.686431,-0.073391,0.323818,-0.001722,-0.180382,0.048177,0.380766,-0.191466,-0.342175,0.106456
35.420000,-0.260331,0.072771,1.536892,-0.248253,-0.278581,-0.001873,-0.239070,-0.092193,0.961840,0.014444,-0.203200,0.148404,0.242493,-0.006983,1.281536,0.203733,0.344568,-0.027446,0.354998,-0.007986,0.686406,-0.089352,0.321784,-0.000707,-0.184227,0.041350,0.382954,-0.192958,-0.340556,0.112268
35.440000,-0.265277,0.067264,1.536834,-0.246371,-0.272081,-0.003961,-0.238674,-0.096176,0.964886,0.025107,-0.195037,0.156135,0.246562,-0.000131,1.280973,0.203203,0.340603,-0.028794,0.353058,-0.001573,0.686403,-0.104575,0.319496,0.000390,-0.188099,0.034558,0.385255,-0.194231,-0.338575,0.117816
35.460000,-0.270186,0.061889,1.536734,-0.244583,-0.265390,-0.006014,-0.238066,-0.099993,0.968085,0.035690,-0.186562,0.163737,0.250621,0.006638,1.280385,0.202658,0.336244,-0.030019,0.350820,0.004792,0.686422,-0.119060,0.316953,0.001570,-0.191995,0.027809,0.387665,-0.195285,-0.336232,0.123102
35.480000,-0.275061,0.056649,1.536594,-0.242887,-0.258509,-0.008030,-0.237247,-0.103637,0.971434,0.046196,-0.177775,0.171210,0.254669,0.013316,1.279773,0.202098,0.331491,-0.031120,0.348300,0.011103,0.686466,-0.132808,0.314155,0.002832,-0.195909,0.021111,0.390177,-0.196120,-0.333525,0.128124
35.500000,-0.279902,0.051550,1.536413,-0.241284,-0.251437,-0.010011,-0.236218,-0.107102,0.974932,0.056623,-0.168675,0.178555,0.258705,0.019895,1.279141,0.201523,0.326345,-0.032098,0.345513,0.017356,0.686536,-0.145818,0.311103,0.004176,-0.199838,0.014470,0.392788,-0.196736,-0.330456,0.132883
35.520000,-0.284712,0.046593,1.536194,-0.239721,-0.244232,-0.011935,-0.234983,-0.110382,0.978575,0.066917,-0.159294,0.185737,0.262729,0.026368,1.278490,0.200920,0.320830,-0.032964,0.342472,0.023546,0.686634,-0.158119,0.307815,0.005601,-0.203777,0.007895,0.395491,-0.197143,-0.327049,0.137378
35.540000,-0.289491,0.041781,1.535936,-0.238147,-0.236949,-0.013782,-0.233543,-0.113472,0.982360,0.077022,-0.149663,0.192722,0.266741,0.032726,1.277823,0.200277,0.314974,-0.033731,0.339193,0.029668,0.686761,-0.169741,0.304312,0.007105,-0.207722,0.001390,0.398281,-0.197352,-0.323330,0.141610
35.560000,-0.294238,0.037115,1.535643,-0.236560,-0.229588,-0.015551,-0.231903,-0.116367,0.986283,0.086940,-0.139782,0.199511,0.270740,0.038964,1.277142,0.199594,0.308776,-0.034398,0.335687,0.035717,0.686919,-0.180684,0.300593,0.008688,-0.211670,-0.005036,0.401153,-0.197363,-0.319297,0.145579
35.580000,-0.298953,0.032598,1.535315,-0.234960,-0.222150,-0.017242,-0.230067,-0.119061,0.990339,0.096669,-0.129651,0.206102,0.274725,0.045075,1.276448,0.198871,0.302236,-0.034965,0.331970,0.041690,0.687109,-0.190947,0.296658,0.010350,-0.215616,-0.011379,0.404103,-0.197177,-0.314952,0.149285
35.600000,-0.303636,0.028230,1.534954,-0.233349,-0.214635,-0.018856,-0.228038,-0.121551,0.994526,0.106211,-0.119270,0.212498,0.278695,0.051052,1.275744,0.198107,0.295354,-0.035432,0.328054,0.047582,0.687333,-0.200531,0.292508,0.012091,-0.219556,-0.017632,0.407123,-0.196792,-0.310293,0.152727
35.620000,-0.308287,0.024013,1.534561,-0.231664,-0.207100,-0.020391,-0.225820,-0.123831,0.998838,0.115514,-0.108698,0.218664,0.282649,0.056887,1.275031,0.197296,0.288165,-0.035812,0.323953,0.053389,0.687593,-0.209479,0.288165,0.013905,-0.223486,-0.023789,0.410210,-0.196228,-0.305364,0.155919
35.640000,-0.312902,0.019946,1.534139,-0.229847,-0.199603,-0.021849,-0.223419,-0.125898,1.003271,0.124528,-0.097994,0.224569,0.286586,0.062576,1.274312,0.196431,0.280701,-0.036116,0.319679,0.059107,0.687890,-0.217837,0.283653,0.015787,-0.227404,-0.029845,0.413358,-0.195502,-0.300204,0.158871
35.660000,-0.317480,0.016028,1.533688,-0.227896,-0.192145,-0.023228,-0.220841,-0.127750,1.007819,0.133254,-0.087160,0.230213,0.290506,0.068113,1.273587,0.195512,0.272963,-0.036345,0.315243,0.064734,0.688225,-0.225603,0.278972,0.017737,-0.231305,-0.035796,0.416563,-0.194614,-0.294813,0.161585
35.680000,-0.322017,0.012260,1.533210,-0.225812,-0.184726,-0.024529,-0.218091,-0.129383,1.012477,0.141691,-0.076194,0.235596,0.294406,0.073493,1.272858,0.194539,0.264950,-0.036498,0.310658,0.070265,0.688600,-0.232779,0.274122,0.019754,-0.235187,-0.041636,0.419820,-0.193566,-0.289193,0.164059
35.700000,-0.326511,0.008639,1.532707,-0.223595,-0.177346,-0.025753,-0.215175,-0.130797,1.017241,0.149840,-0.065096,0.240718,0.298287,0.078710,1.272128,0.193511,0.256664,-0.036576,0.305936,0.075698,0.689016,-0.239363,0.269102,0.021839,-0.239047,-0.047362,0.423124,-0.192356,-0.283342,0.166295
35.720000,-0.330960,0.005165,1.532180,-0.221190,-0.170036,-0.026917,-0.212099,-0.131987,1.022104,0.157672,-0.053948,0.245541,0.302146,0.083758,1.271396,0.192427,0.248141,-0.036590,0.301087,0.081028,0.689474,-0.245409,0.263939,0.023982,-0.242881,-0.052969,0.426470,-0.191004,-0.277303,0.168309
35.740000,-0.335357,0.001837,1.531631,-0.218544,-0.162829,-0.028041,-0.208870,-0.132955,1.027060,0.165161,-0.042829,0.250029,0.305984,0.088634,1.270664,0.191285,0.239420,-0.036551,0.296123,0.086254,0.689975,-0.250969,0.258660,0.026173,-0.246686,-0.058453,0.429855,-0.189529,-0.271117,0.170118
35.760000,-0.339700,-0.001348,1.531059,-0.215656,-0.155725,-0.029124,-0.205495,-0.133700,1.032103,0.172306,-0.031739,0.254181,0.309797,0.093333,1.269934,0.190084,0.230500,-0.036460,0.291052,0.091374,0.690521,-0.256043,0.253264,0.028412,-0.250461,-0.063812,0.433274,-0.187932,-0.264785,0.171722
35.780000,-0.343982,-0.004393,1.530466,-0.212526,-0.148725,-0.030168,-0.201980,-0.134224,1.037225,0.179108,-0.020679,0.257999,0.313587,0.097853,1.269206,0.188826,0.221382,-0.036317,0.285884,0.096384,0.691112,-0.260631,0.247752,0.030700,-0.254202,-0.069044,0.436723,-0.186212,-0.258306,0.173121
35.800000,-0.348199,-0.007298,1.529853,-0.209155,-0.141827,-0.031171,-0.198333,-0.134528,1.042421,0.185567,-0.009648,0.261480,0.317350,0.102187,1.268482,0.187509,0.212066,-0.036121,0.280630,0.101283,0.691749,-0.264734,0.242123,0.033037,-0.257909,-0.074144,0.440197,-0.184370,-0.251681,0.174316
35.820000,-0.352347,-0.010067,1.529219,-0.205528,-0.135055,-0.032169,-0.194560,-0.134611,1.047682,0.191684,0.001277,0.264590,0.321087,0.106334,1.267762,0.186137,0.202592,-0.035883,0.275298,0.106068,0.692434,-0.268408,0.236408,0.035409,-0.261577,-0.079110,0.443694,-0.182425,-0.244950,0.175324
35.840000,-0.356419,-0.012701,1.528566,-0.201634,-0.128431,-0.033197,-0.190668,-0.134478,1.053002,0.197464,0.012018,0.267292,0.324795,0.110290,1.267047,0.184713,0.193000,-0.035614,0.269896,0.110739,0.693166,-0.271710,0.230639,0.037806,-0.265205,-0.083941,0.447209,-0.180394,-0.238154,0.176165
35.860000,-0.360410,-0.015205,1.527891,-0.197472,-0.121954,-0.034255,-0.186664,-0.134132,1.058371,0.202905,0.022576,0.269585,0.328475,0.114053,1.266337,0.183238,0.183292,-0.035314,0.264432,0.115294,0.693946,-0.274641,0.224816,0.040226,-0.268792,-0.088636,0.450739,-0.178280,-0.231294,0.176839
35.880000,-0.364316,-0.017581,1.527195,-0.193042,-0.115625,-0.035343,-0.182554,-0.133576,1.063782,0.208008,0.032950,0.271470,0.332124,0.117621,1.265634,0.181710,0.173466,-0.034982,0.258913,0.119731,0.694775,-0.277199,0.218939,0.042671,-0.272336,-0.093193,0.454282,-0.176080,-0.224368,0.177346
35.900000,-0.368130,-0.019831,1.526477,-0.188344,-0.109443,-0.036461,-0.178346,-0.132815,1.069227,0.212773,0.043141,0.272947,0.335743,0.120991,1.264938,0.180130,0.163523,-0.034619,0.253346,0.124051,0.695653,-0.279386,0.213007,0.045140,-0.275834,-0.097610,0.457832,-0.173796,-0.217378,0.177685
35.920000,-0.371848,-0.021959,1.525736,-0.183386,-0.103419,-0.037631,-0.174045,-0.131852,1.074697,0.217229,0.053098,0.274007,0.339329,0.124162,1.264250,0.178506,0.153505,-0.034236,0.247740,0.128252,0.696581,-0.281261,0.207059,0.047619,-0.279287,-0.101887,0.461388,-0.171446,-0.210362,0.177876
35.940000,-0.375464,-0.023969,1.524971,-0.178178,-0.097563,-0.038875,-0.169658,-0.130693,1.080185,0.221406,0.062771,0.274641,0.342883,0.127131,1.263569,0.176845,0.143454,-0.033843,0.242098,0.132333,0.697558,-0.282884,0.201131,0.050095,-0.282692,-0.106025,0.464946,-0.169047,-0.203356,0.177939
35.960000,-0.378973,-0.025863,1.524181,-0.172720,-0.091875,-0.040192,-0.165191,-0.129343,1.085680,0.225304,0.072160,0.274848,0.346403,0.129899,1.262896,0.175148,0.133370,-0.033440,0.236426,0.136297,0.698585,-0.284256,0.195223,0.052568,-0.286049,-0.110022,0.468505,-0.166599,-0.196361,0.177871
35.980000,-0.382371,-0.027645,1.523363,-0.167011,-0.086355,-0.041584,-0.160648,-0.127808,1.091176,0.228921,0.081264,0.274629,0.349889,0.132466,1.262231,0.173414,0.123252,-0.033029,0.230729,0.140142,0.699661,-0.285375,0.189336,0.055037,-0.289356,-0.113879,0.472060,-0.164103,-0.189377,0.177675
36.000000,-0.385652,-0.029318,1.522517,-0.161051,-0.081004,-0.043048,-0.156036,-0.126094,1.096663,0.232260,0.090085,0.273984,0.353339,0.134829,1.261575,0.171643,0.113102,-0.032607,0.225013,0.143870,0.700786,-0.286244,0.183469,0.057504,-0.292612,-0.117597,0.475611,-0.161558,-0.182405,0.177349
36.020000,-0.388811,-0.030886,1.521641,-0.154867,-0.075822,-0.044596,-0.151359,-0.124207,1.102132,0.235351,0.098597,0.272932,0.356754,0.136990,1.260927,0.169842,0.102952,-0.032180,0.219281,0.147482,0.701961,-0.286914,0.177659,0.059954,-0.295818,-0.121176,0.479154,-0.158981,-0.175479,0.176913
36.040000,-0.391845,-0.032352,1.520733,-0.148486,-0.070813,-0.046235,-0.146623,-0.122153,1.107577,0.238227,0.106773,0.271493,0.360133,0.138948,1.260288,0.168017,0.092838,-0.031750,0.213537,0.150977,0.703184,-0.287441,0.171941,0.062374,-0.298971,-0.124617,0.482687,-0.156392,-0.168637,0.176384
36.060000,-0.394750,-0.033720,1.519791,-0.141907,-0.065975,-0.047965,-0.141832,-0.119938,1.112989,0.240889,0.114613,0.269668,0.363475,0.140704,1.259657,0.166168,0.082760,-0.031318,0.207784,0.154360,0.704455,-0.287823,0.166316,0.064765,-0.302073,-0.127922,0.486208,-0.153788,-0.161877,0.175762
36.080000,-0.397520,-0.034992,1.518813,-0.135132,-0.061310,-0.049786,-0.136989,-0.117570,1.118361,0.243337,0.122119,0.267455,0.366779,0.142258,1.259035,0.164296,0.072716,-0.030883,0.202025,0.157631,0.705774,-0.288061,0.160783,0.067127,-0.305123,-0.131092,0.489717,-0.151170,-0.155201,0.175048
36.100000,-0.400153,-0.036173,1.517799,-0.128158,-0.056816,-0.051699,-0.132100,-0.115056,1.123685,0.245570,0.129289,0.264855,0.370046,0.143612,1.258422,0.162399,0.062708,-0.030446,0.196263,0.160792,0.707140,-0.288156,0.155342,0.069459,-0.308120,-0.134130,0.493210,-0.148539,-0.148607,0.174241
36.120000,-0.402646,-0.037266,1.516745,-0.121025,-0.052491,-0.053702,-0.127168,-0.112401,1.128953,0.247619,0.136124,0.261896,0.373275,0.144767,1.257817,0.160493,0.052781,-0.030017,0.190499,0.163845,0.708552,-0.288149,0.150017,0.071753,-0.311064,-0.137037,0.496686,-0.145907,-0.142122,0.173357
36.140000,-0.404994,-0.038274,1.515650,-0.113767,-0.048330,-0.055793,-0.122196,-0.109613,1.134159,0.249517,0.142623,0.258603,0.376466,0.145725,1.257221,0.158592,0.042979,-0.029606,0.184737,0.166793,0.710010,-0.288085,0.144832,0.073999,-0.313956,-0.139816,0.500143,-0.143287,-0.135769,0.172412
36.160000,-0.407195,-0.039200,1.514513,-0.106384,-0.044334,-0.057972,-0.117188,-0.106698,1.139295,0.251263,0.148787,0.254976,0.379619,0.146487,1.256633,0.156695,0.033303,-0.029213,0.178976,0.169639,0.711512,-0.287963,0.139788,0.076198,-0.316796,-0.142469,0.503582,-0.140679,-0.129550,0.171405
36.180000,-0.409248,-0.040049,1.513331,-0.098878,-0.040502,-0.060239,-0.112146,-0.103664,1.144356,0.252858,0.154614,0.251017,0.382734,0.147057,1.256052,0.154803,0.023753,-0.028838,0.173219,0.172386,0.713058,-0.287783,0.134883,0.078349,-0.319584,-0.144999,0.506999,-0.138083,-0.123463,0.170336
36.200000,-0.411150,-0.040822,1.512102,-0.091248,-0.036835,-0.062594,-0.107075,-0.100516,1.149334,0.254301,0.160107,0.246724,0.385811,0.147438,1.255479,0.152915,0.014329,-0.028481,0.167465,0.175036,0.714646,-0.287545,0.130119,0.080452,-0.322319,-0.147408,0.510395,-0.135499,-0.117510,0.169206
36.220000,-0.412898,-0.041523,1.510826,-0.083533,-0.033325,-0.065028,-0.101975,-0.097262,1.154223,0.255619,0.165277,0.242137,0.388851,0.147632,1.254913,0.151047,0.005068,-0.028150,0.161717,0.177592,0.716275,-0.287284,0.125509,0.082503,-0.325004,-0.149700,0.513767,-0.132938,-0.111707,0.168029
36.240000,-0.414491,-0.042156,1.509501,-0.075771,-0.029964,-0.067532,-0.096850,-0.093907,1.159017,0.256839,0.170137,0.237295,0.391853,0.147642,1.254353,0.149213,-0.003992,-0.027853,0.155974,0.180057,0.717945,-0.287034,0.121068,0.084495,-0.327637,-0.151878,0.517116,-0.130410,-0.106074,0.166817
36.260000,-0.415928,-0.042723,1.508125,-0.067964,-0.026754,-0.070107,-0.091702,-0.090458,1.163713,0.257962,0.174688,0.232197,0.394819,0.147473,1.253799,0.147413,-0.012851,-0.027588,0.150236,0.182435,0.719655,-0.286794,0.116795,0.086428,-0.330220,-0.153944,0.520440,-0.127916,-0.100610,0.165572
36.280000,-0.417209,-0.043227,1.506696,-0.060111,-0.023693,-0.072752,-0.086533,-0.086922,1.168303,0.258987,0.178929,0.226843,0.397750,0.147129,1.253249,0.145647,-0.021509,-0.027357,0.144502,0.184730,0.721402,-0.286565,0.112692,0.088303,-0.332754,-0.155903,0.523738,-0.125455,-0.095315,0.164294
36.300000,-0.418332,-0.043671,1.505214,-0.052212,-0.020781,-0.075468,-0.081343,-0.083303,1.172785,0.259915,0.182860,0.221234,0.400646,0.146614,1.252704,0.143916,-0.029966,-0.027158,0.138773,0.186944,0.723187,-0.286346,0.108758,0.090120,-0.335239,-0.157758,0.527011,-0.123028,-0.090189,0.162982
36.320000,-0.419297,-0.044059,1.503677,-0.044304,-0.018010,-0.078240,-0.076137,-0.079609,1.177151,0.260765,0.186504,0.215413,0.403507,0.145932,1.252163,0.142228,-0.038202,-0.026998,0.133048,0.189082,0.725007,-0.286166,0.105001,0.091876,-0.337675,-0.159512,0.530257,-0.120640,-0.085237,0.161646
36.340000,-0.420105,-0.044393,1.502084,-0.036421,-0.015370,-0.081056,-0.070913,-0.075845,1.181400,0.261559,0.189881,0.209423,0.406335,0.145088,1.251624,0.140593,-0.046197,-0.026882,0.127326,0.191146,0.726861,-0.286050,0.101428,0.093570,-0.340065,-0.161169,0.533477,-0.118296,-0.080466,0.160298
36.360000,-0.420754,-0.044675,1.500434,-0.028564,-0.012860,-0.083916,-0.065675,-0.072016,1.185527,0.262297,0.192993,0.203265,0.409131,0.144086,1.251087,0.139013,-0.053950,-0.026809,0.121606,0.193140,0.728749,-0.286000,0.098039,0.095200,-0.342407,-0.162732,0.536669,-0.115997,-0.075875,0.158936
36.380000,-0.421247,-0.044908,1.498727,-0.020733,-0.010481,-0.086819,-0.060422,-0.068127,1.189530,0.262978,0.195839,0.196939,0.411896,0.142932,1.250551,0.137486,-0.061462,-0.026780,0.115886,0.195068,0.730669,-0.286016,0.094835,0.096767,-0.344705,-0.164205,0.539834,-0.113743,-0.071465,0.157562
36.400000,-0.421584,-0.045095,1.496961,-0.012928,-0.008233,-0.089765,-0.055156,-0.064184,1.193404,0.263603,0.198419,0.190444,0.414631,0.141629,1.250016,0.136013,-0.068733,-0.026795,0.110165,0.196935,0.732619,-0.286097,0.091816,0.098271,-0.346957,-0.165592,0.542972,-0.111533,-0.067234,0.156175
36.420000,-0.421765,-0.045238,1.495136,-0.005178,-0.006105,-0.092740,-0.049878,-0.060192,1.197146,0.264188,0.200758,0.183823,0.417337,0.140184,1.249479,0.134600,-0.075756,-0.026858,0.104441,0.198742,0.734599,-0.286254,0.088976,0.099714,-0.349166,-0.166896,0.546081,-0.109371,-0.063183,0.154783
36.440000,-0.421792,-0.045340,1.493252,0.002488,-0.004086,-0.095728,-0.044588,-0.056155,1.200756,0.264751,0.202882,0.177117,0.420015,0.138601,1.248941,0.133253,-0.082527,-0.026973,0.098714,0.200495,0.736607,-0.286500,0.086310,0.101098,-0.351333,-0.168120,0.549163,-0.107261,-0.059310,0.153397
36.460000,-0.421666,-0.045402,1.491307,0.010070,-0.002177,-0.098729,-0.039288,-0.052078,1.204231,0.265292,0.204791,0.170327,0.422667,0.136884,1.248400,0.131972,-0.089044,-0.027141,0.092981,0.202196,0.738643,-0.286833,0.083819,0.102422,-0.353457,-0.169269,0.552217,-0.105203,-0.055616,0.152016
36.480000,-0.421389,-0.045428,1.489302,0.017567,-0.000378,-0.101742,-0.033977,-0.047965,1.207569,0.265810,0.206484,0.163451,0.425294,0.135041,1.247855,0.130758,-0.095308,-0.027362,0.087240,0.203849,0.740704,-0.287255,0.081503,0.103688,-0.355541,-0.170346,0.555244,-0.103197,-0.052099,0.150639
36.500000,-0.420964,-0.045418,1.487237,0.024981,0.001312,-0.104768,-0.028656,-0.043820,1.210768,0.266306,0.207963,0.156491,0.427898,0.133074,1.247305,0.129609,-0.101319,-0.027635,0.081490,0.205457,0.742790,-0.287766,0.079361,0.104893,-0.357585,-0.171354,0.558243,-0.101243,-0.048761,0.149267
36.520000,-0.420391,-0.045376,1.485112,0.032290,0.002902,-0.107792,-0.023325,-0.039648,1.213828,0.266796,0.209251,0.149482,0.430479,0.130989,1.246749,0.128526,-0.107085,-0.027959,0.075729,0.207024,0.744899,-0.288362,0.077380,0.106045,-0.359591,-0.172298,0.561215,-0.099345,-0.045599,0.147911
36.540000,-0.419673,-0.045302,1.482926,0.039474,0.004404,-0.110797,-0.017984,-0.035451,1.216747,0.267298,0.210375,0.142460,0.433039,0.128792,1.246186,0.127504,-0.112614,-0.028333,0.069955,0.208553,0.747031,-0.289041,0.075545,0.107147,-0.361560,-0.173179,0.564159,-0.097511,-0.042611,0.146579
36.560000,-0.418813,-0.045200,1.480680,0.046534,0.005818,-0.113784,-0.012633,-0.031234,1.219526,0.267812,0.211333,0.135424,0.435580,0.126486,1.245616,0.126545,-0.117906,-0.028756,0.064167,0.210047,0.749185,-0.289804,0.073858,0.108200,-0.363492,-0.174003,0.567078,-0.095738,-0.039796,0.145272
36.580000,-0.417812,-0.045070,1.478375,0.053469,0.007144,-0.116752,-0.007271,-0.026999,1.222164,0.268337,0.212126,0.128374,0.438102,0.124077,1.245036,0.125648,-0.122961,-0.029228,0.058362,0.211508,0.751359,-0.290650,0.072318,0.109204,-0.365390,-0.174772,0.569970,-0.094028,-0.037154,0.143990
36.600000,-0.416675,-0.044915,1.476010,0.060279,0.008381,-0.119702,-0.001899,-0.022750,1.224661,0.268874,0.212754,0.121311,0.440606,0.121570,1.244446,0.124814,-0.127779,-0.029750,0.052540,0.212941,0.753553,-0.291580,0.070925,0.110159,-0.367254,-0.175491,0.572838,-0.092380,-0.034686,0.142732
36.620000,-0.415402,-0.044736,1.473587,0.066950,0.009540,-0.122621,0.003484,-0.018490,1.227017,0.269438,0.213231,0.114252,0.443095,0.118968,1.243845,0.124034,-0.132376,-0.030315,0.046698,0.214346,0.755765,-0.292591,0.069665,0.111073,-0.369085,-0.176161,0.575680,-0.090798,-0.032384,0.141508
36.640000,-0.413998,-0.044534,1.471105,0.073465,0.010629,-0.125496,0.008879,-0.014221,1.229231,0.270045,0.213570,0.107212,0.445568,0.116276,1.243233,0.123301,-0.136769,-0.030914,0.040836,0.215728,0.757995,-0.293681,0.068523,0.111952,-0.370886,-0.176787,0.578498,-0.089285,-0.030242,0.140323
36.660000,-0.412465,-0.044311,1.468567,0.079826,0.011649,-0.128325,0.014286,-0.009948,1.231305,0.270695,0.213772,0.100194,0.448027,0.113498,1.242609,0.122615,-0.140958,-0.031548,0.034951,0.217088,0.760243,-0.294849,0.067499,0.112796,-0.372657,-0.177372,0.581293,-0.087841,-0.028259,0.139180
36.680000,-0.410806,-0.044068,1.465973,0.086031,0.012599,-0.131111,0.019707,-0.005671,1.233239,0.271388,0.213836,0.093195,0.450473,0.110639,1.241971,0.121976,-0.144942,-0.032217,0.029041,0.218429,0.762507,-0.296096,0.066593,0.113607,-0.374400,-0.177918,0.584066,-0.086467,-0.026436,0.138076
36.700000,-0.409024,-0.043807,1.463323,0.092082,0.013480,-0.133852,0.025142,-0.001395,1.235033,0.272123,0.213763,0.086217,0.452906,0.107702,1.241320,0.121383,-0.148722,-0.032921,0.023106,0.219753,0.764787,-0.297421,0.065806,0.114383,-0.376116,-0.178430,0.586816,-0.085162,-0.024772,0.137013
36.720000,-0.407124,-0.043530,1.460619,0.097969,0.014300,-0.136539,0.030592,0.002878,1.236688,0.272909,0.213573,0.079277,0.455328,0.104691,1.240654,0.120829,-0.152314,-0.033658,0.017144,0.221062,0.767082,-0.298811,0.065118,0.115134,-0.377807,-0.178910,0.589546,-0.083931,-0.023261,0.135999
36.740000,-0.405107,-0.043236,1.457862,0.103682,0.015066,-0.139163,0.036059,0.007147,1.238205,0.273754,0.213285,0.072394,0.457740,0.101611,1.239973,0.120303,-0.155732,-0.034428,0.011153,0.222358,0.769392,-0.300252,0.064513,0.115870,-0.379474,-0.179362,0.592257,-0.082780,-0.021896,0.135042
36.760000,-0.402977,-0.042927,1.455053,0.109223,0.015780,-0.141723,0.041543,0.011409,1.239584,0.274656,0.212900,0.065567,0.460141,0.098463,1.239277,0.119807,-0.158977,-0.035229,0.005134,0.223643,0.771717,-0.301745,0.063989,0.116592,-0.381119,-0.179787,0.594949,-0.081708,-0.020677,0.134142
36.780000,-0.400739,-0.042605,1.452193,0.114591,0.016440,-0.144220,0.047045,0.015662,1.240828,0.275617,0.212418,0.058796,0.462532,0.095253,1.238564,0.119340,-0.162048,-0.036063,-0.000917,0.224918,0.774056,-0.303288,0.063546,0.117299,-0.382743,-0.180190,0.597623,-0.080716,-0.019605,0.133299
36.800000,-0.398395,-0.042270,1.449285,0.119786,0.017047,-0.146653,0.052568,0.019905,1.241936,0.276636,0.211838,0.052082,0.464915,0.091982,1.237834,0.118901,-0.164947,-0.036929,-0.006998,0.226185,0.776409,-0.304883,0.063186,0.117991,-0.384348,-0.180572,0.600281,-0.079803,-0.018679,0.132513
36.820000,-0.395949,-0.041923,1.446328,0.124805,0.017608,-0.149021,0.058111,0.024135,1.242911,0.277713,0.211177,0.045436,0.467288,0.088656,1.237086,0.118495,-0.167694,-0.037840,-0.013112,0.227446,0.778775,-0.306515,0.062893,0.118672,-0.385936,-0.180938,0.602924,-0.078971,-0.017888,0.131788
36.840000,-0.393404,-0.041566,1.443324,0.129647,0.018129,-0.151320,0.063677,0.028352,1.243754,0.278845,0.210450,0.038873,0.469655,0.085275,1.236320,0.118122,-0.170313,-0.038810,-0.019259,0.228701,0.781155,-0.308169,0.062653,0.119345,-0.387507,-0.181289,0.605553,-0.078220,-0.017222,0.131126
36.860000,-0.390764,-0.041199,1.440275,0.134310,0.018610,-0.153551,0.069265,0.032553,1.244467,0.280033,0.209657,0.032390,0.472014,0.081844,1.235534,0.117784,-0.172802,-0.039838,-0.025439,0.229952,0.783549,-0.309846,0.062466,0.120010,-0.389065,-0.181627,0.608169,-0.077551,-0.016681,0.130528
36.880000,-0.388033,-0.040822,1.437183,0.138796,0.019051,-0.155713,0.074878,0.036738,1.245051,0.281277,0.208797,0.025990,0.474366,0.078364,1.234726,0.117480,-0.175163,-0.040924,-0.031653,0.231200,0.785956,-0.311546,0.062332,0.120668,-0.390610,-0.181957,0.610774,-0.076964,-0.016264,0.129993
36.900000,-0.385213,-0.040437,1.434047,0.143103,0.019452,-0.157806,0.080517,0.040904,1.245507,0.282577,0.207871,0.019671,0.476713,0.074838,1.233896,0.117210,-0.177394,-0.042069,-0.037901,0.232446,0.788376,-0.313269,0.062252,0.121318,-0.392144,-0.182279,0.613369,-0.076458,-0.015972,0.129522
36.920000,-0.382310,-0.040044,1.430871,0.147237,0.019818,-0.159842,0.086182,0.045052,1.245838,0.283923,0.206889,0.013442,0.479055,0.071269,1.233043,0.116973,-0.179516,-0.043279,-0.044184,0.233691,0.790808,-0.314999,0.062213,0.121959,-0.393669,-0.182596,0.615956,-0.076034,-0.015794,0.129116
36.940000,-0.379325,-0.039644,1.427654,0.151202,0.020154,-0.161832,0.091874,0.049180,1.246045,0.285305,0.205862,0.007313,0.481392,0.067658,1.232165,0.116769,-0.181546,-0.044559,-0.050501,0.234935,0.793254,-0.316720,0.062204,0.122589,-0.395186,-0.182911,0.618534,-0.075691,-0.015718,0.128776
36.960000,-0.376263,-0.039238,1.424398,0.155000,0.020460,-0.163775,0.097594,0.053286,1.246131,0.286723,0.204789,0.001282,0.483726,0.064008,1.231260,0.116596,-0.183484,-0.045908,-0.056853,0.236179,0.795712,-0.318433,0.062224,0.123210,-0.396697,-0.183226,0.621107,-0.075429,-0.015745,0.128501
36.980000,-0.373126,-0.038826,1.421103,0.158628,0.020736,-0.165672,0.103343,0.057371,1.246097,0.288177,0.203670,-0.004649,0.486056,0.060320,1.230328,0.116456,-0.185331,-0.047328,-0.063238,0.237424,0.798182,-0.320138,0.062274,0.123820,-0.398204,-0.183542,0.623675,-0.075248,-0.015874,0.128292
37.000000,-0.369919,-0.038409,1.417771,0.162088,0.020981,-0.167522,0.109121,0.061433,1.245946,0.289666,0.202505,-0.010481,0.488384,0.056595,1.229367,0.116348,-0.187087,-0.048819,-0.069658,0.238670,0.800665,-0.321835,0.062353,0.124419,-0.399707,-0.183861,0.626239,-0.075148,-0.016105,0.128148
37.020000,-0.366644,-0.037987,1.414403,0.165387,0.021200,-0.169331,0.114930,0.065471,1.245679,0.291174,0.201301,-0.016207,0.490710,0.052837,1.228375,0.116269,-0.188766,-0.050378,-0.076112,0.239918,0.803159,-0.323507,0.062452,0.125003,-0.401210,-0.184187,0.628801,-0.075129,-0.016428,0.128071
37.040000,-0.363304,-0.037561,1.410998,0.168530,0.021396,-0.171106,0.120768,0.069485,1.245298,0.292684,0.200061,-0.021822,0.493035,0.049045,1.227351,0.116216,-0.190384,-0.052006,-0.082598,0.241168,0.805665,-0.325139,0.062562,0.125567,-0.402713,-0.184519,0.631363,-0.075191,-0.016835,0.128061
37.060000,-0.359904,-0.037131,1.407559,0.171518,0.021571,-0.172846,0.126637,0.073473,1.244807,0.294197,0.198787,-0.027324,0.495359,0.045222,1.226294,0.116190,-0.191941,-0.053702,-0.089117,0.242421,0.808181,-0.326730,0.062682,0.126109,-0.404218,-0.184860,0.633924,-0.075334,-0.017325,0.128116
37.080000,-0.356445,-0.036698,1.404085,0.174350,0.021723,-0.174551,0.132536,0.077436,1.244206,0.295711,0.197479,-0.032715,0.497683,0.041368,1.225202,0.116190,-0.193437,-0.055467,-0.095667,0.243676,0.810709,-0.328281,0.062813,0.126631,-0.405727,-0.185213,0.636488,-0.075558,-0.017898,0.128239
37.100000,-0.352931,-0.036262,1.400577,0.177027,0.021852,-0.176221,0.138466,0.081372,1.243499,0.297228,0.196136,-0.037994,0.500007,0.037485,1.224075,0.116217,-0.194871,-0.057300,-0.102248,0.244933,0.813247,-0.329792,0.062954,0.127133,-0.407241,-0.185577,0.639054,-0.075863,-0.018553,0.128428
37.120000,-0.349365,-0.035824,1.397036,0.179558,0.021962,-0.177859,0.144425,0.085281,1.242687,0.298732,0.194768,-0.043152,0.502332,0.033573,1.222910,0.116266,-0.196254,-0.059193,-0.108858,0.246194,0.815794,-0.331258,0.063102,0.127607,-0.408762,-0.185955,0.641625,-0.076249,-0.019285,0.128684
37.140000,-0.345749,-0.035384,1.393463,0.181949,0.022056,-0.179467,0.150415,0.089163,1.241774,0.300209,0.193387,-0.048181,0.504658,0.029635,1.221707,0.116334,-0.197595,-0.061138,-0.115498,0.247457,0.818351,-0.332677,0.063252,0.128048,-0.410292,-0.186349,0.644202,-0.076717,-0.020084,0.129007
37.160000,-0.342087,-0.034942,1.389857,0.184201,0.022135,-0.181046,0.156433,0.093016,1.240761,0.301659,0.191993,-0.053080,0.506985,0.025670,1.220464,0.116419,-0.198895,-0.063134,-0.122165,0.248724,0.820916,-0.334049,0.063404,0.128457,-0.411831,-0.186759,0.646786,-0.077266,-0.020951,0.129399
37.180000,-0.338382,-0.034499,1.386221,0.186315,0.022197,-0.182594,0.162481,0.096842,1.239651,0.303083,0.190584,-0.057849,0.509315,0.021679,1.219181,0.116523,-0.200153,-0.065182,-0.128859,0.249993,0.823489,-0.335373,0.063558,0.128832,-0.413383,-0.187187,0.649378,-0.077897,-0.021886,0.129857
37.200000,-0.334636,-0.034054,1.382554,0.188290,0.022243,-0.184113,0.168557,0.100640,1.238448,0.304479,0.189162,-0.062489,0.511646,0.017664,1.217857,0.116645,-0.201369,-0.067282,-0.135580,0.251266,0.826069,-0.336649,0.063715,0.129174,-0.414948,-0.187635,0.651981,-0.078609,-0.022889,0.130383
37.220000,-0.330851,-0.033609,1.378857,0.190134,0.022275,-0.185601,0.174660,0.104409,1.237153,0.305835,0.187727,-0.066993,0.513980,0.013625,1.216490,0.116781,-0.202547,-0.069416,-0.142325,0.252542,0.828655,-0.337871,0.063870,0.129479,-0.416528,-0.188103,0.654594,-0.079403,-0.023954,0.130977
37.240000,-0.327031,-0.033163,1.375130,0.191855,0.022296,-0.187058,0.180790,0.108149,1.235769,0.307135,0.186278,-0.071354,0.516317,0.009562,1.215080,0.116924,-0.203689,-0.071568,-0.149094,0.253821,0.831248,-0.339032,0.064021,0.129742,-0.418124,-0.188593,0.657220,-0.080279,-0.025076,0.131638
37.260000,-0.323178,-0.032717,1.371375,0.193455,0.022306,-0.188483,0.186945,0.111860,1.234299,0.308379,0.184816,-0.075572,0.518657,0.005477,1.213627,0.117077,-0.204796,-0.073738,-0.155886,0.255103,0.833845,-0.340131,0.064166,0.129963,-0.419739,-0.189107,0.659860,-0.081236,-0.026254,0.132367
37.280000,-0.319294,-0.032271,1.367591,0.194931,0.022304,-0.189877,0.193124,0.115541,1.232747,0.309568,0.183341,-0.079648,0.521001,0.001371,1.212130,0.117237,-0.205867,-0.075925,-0.162699,0.256388,0.836446,-0.341169,0.064306,0.130143,-0.421374,-0.189644,0.662515,-0.082274,-0.027489,0.133163
37.300000,-0.315382,-0.031825,1.363780,0.196286,0.022291,-0.191240,0.199327,0.119193,1.231114,0.310702,0.181853,-0.083581,0.523347,-0.002757,1.210590,0.117406,-0.206903,-0.078130,-0.169532,0.257675,0.839050,-0.342146,0.064442,0.130280,-0.423031,-0.190207,0.665187,-0.083394,-0.028780,0.134027
37.320000,-0.311443,-0.031380,1.359942,0.197525,0.022269,-0.192568,0.205552,0.122815,1.229405,0.311774,0.180356,-0.087364,0.525697,-0.006905,1.209005,0.117578,-0.207899,-0.080326,-0.176384,0.258965,0.841657,-0.343055,0.064569,0.130374,-0.424711,-0.190796,0.667877,-0.084594,-0.030121,0.134956
37.340000,-0.307481,-0.030935,1.356077,0.198655,0.022239,-0.193857,0.211798,0.126407,1.227621,0.312779,0.178857,-0.090989,0.528050,-0.011073,1.207377,0.117747,-0.208851,-0.082487,-0.183254,0.260258,0.844265,-0.343888,0.064685,0.130422,-0.426415,-0.191412,0.670586,-0.085870,-0.031509,0.135950
37.360000,-0.303498,-0.030490,1.352188,0.199678,0.022201,-0.195107,0.218063,0.129970,1.225766,0.313717,0.177354,-0.094457,0.530407,-0.015259,1.205706,0.117913,-0.209757,-0.084612,-0.190139,0.261553,0.846873,-0.344647,0.064790,0.130424,-0.428146,-0.192056,0.673315,-0.087224,-0.032942,0.137007
37.380000,-0.299495,-0.030047,1.348273,0.200592,0.022155,-0.196319,0.224346,0.133502,1.223844,0.314587,0.175848,-0.097766,0.532767,-0.019463,1.203993,0.118075,-0.210619,-0.086702,-0.197039,0.262849,0.849482,-0.345331,0.064884,0.130381,-0.429905,-0.192730,0.676066,-0.088655,-0.034421,0.138128
37.400000,-0.295475,-0.029604,1.344335,0.201398,0.022101,-0.197492,0.230646,0.137003,1.221857,0.315391,0.174339,-0.100918,0.535130,-0.023683,1.202238,0.118235,-0.211437,-0.088756,-0.203952,0.264148,0.852088,-0.345940,0.064968,0.130291,-0.431693,-0.193433,0.678841,-0.090164,-0.035946,0.139312
37.420000,-0.291440,-0.029163,1.340374,0.202102,0.022040,-0.198621,0.236961,0.140475,1.219808,0.316126,0.172833,-0.103907,0.537496,-0.027920,1.200443,0.118389,-0.212206,-0.090756,-0.210876,0.265448,0.854693,-0.346467,0.065038,0.130155,-0.433512,-0.194168,0.681639,-0.091742,-0.037509,0.140555
37.440000,-0.287391,-0.028723,1.336391,0.202708,0.021973,-0.199699,0.243290,0.143917,1.217701,0.316791,0.171338,-0.106731,0.539865,-0.032171,1.198608,0.118533,-0.212925,-0.092684,-0.217810,0.266749,0.857294,-0.346905,0.065092,0.129973,-0.435363,-0.194934,0.684463,-0.093384,-0.039104,0.141848
37.460000,-0.283332,-0.028284,1.332386,0.203217,0.021901,-0.200726,0.249632,0.147329,1.215540,0.317387,0.169854,-0.109388,0.542237,-0.036436,1.196736,0.118669,-0.213593,-0.094540,-0.224752,0.268052,0.859892,-0.347254,0.065130,0.129744,-0.437248,-0.195732,0.687314,-0.095089,-0.040730,0.143193
37.480000,-0.279263,-0.027847,1.328362,0.203629,0.021823,-0.201703,0.255985,0.150711,1.213327,0.317912,0.168380,-0.111879,0.544612,-0.040715,1.194827,0.118796,-0.214209,-0.096323,-0.231700,0.269354,0.862484,-0.347514,0.065153,0.129468,-0.439167,-0.196563,0.690191,-0.096858,-0.042389,0.144590
37.500000,-0.275187,-0.027411,1.324318,0.203944,0.021739,-0.202630,0.262348,0.154064,1.211066,0.318368,0.166916,-0.114204,0.546989,-0.045004,1.192883,0.118914,-0.214775,-0.098034,-0.238652,0.270658,0.865070,-0.347686,0.065161,0.129146,-0.441122,-0.197428,0.693098,-0.098690,-0.044078,0.146038
37.520000,-0.271106,-0.026977,1.320257,0.204165,0.021650,-0.203498,0.268720,0.157388,1.208760,0.318749,0.165465,-0.116364,0.549368,-0.049305,1.190906,0.119019,-0.215287,-0.099662,-0.245607,0.271961,0.867649,-0.347761,0.065150,0.128777,-0.443115,-0.198327,0.696033,-0.100570,-0.045789,0.147524
37.540000,-0.267021,-0.026545,1.316179,0.204296,0.021556,-0.204300,0.275098,0.160683,1.206412,0.319050,0.164029,-0.118363,0.551750,-0.053616,1.188898,0.119108,-0.215741,-0.101196,-0.252562,0.273263,0.870221,-0.347734,0.065120,0.128364,-0.445145,-0.199260,0.698999,-0.102484,-0.047509,0.149034
37.560000,-0.262935,-0.026115,1.312085,0.204337,0.021458,-0.205037,0.281481,0.163949,1.204027,0.319272,0.162607,-0.120200,0.554133,-0.057934,1.186859,0.119180,-0.216137,-0.102638,-0.259515,0.274565,0.872783,-0.347604,0.065071,0.127905,-0.447214,-0.200227,0.701995,-0.104430,-0.049239,0.150568
37.580000,-0.258849,-0.025687,1.307978,0.204288,0.021355,-0.205709,0.287868,0.167187,1.201606,0.319414,0.161199,-0.121874,0.556517,-0.062261,1.184793,0.119235,-0.216476,-0.103985,-0.266465,0.275866,0.875337,-0.347371,0.065003,0.127401,-0.449323,-0.201229,0.705022,-0.106410,-0.050979,0.152127
37.600000,-0.254764,-0.025261,1.303858,0.204149,0.021247,-0.206314,0.294257,0.170397,1.199153,0.319476,0.159807,-0.123387,0.558902,-0.066593,1.182700,0.119275,-0.216757,-0.105239,-0.273409,0.277165,0.877879,-0.347036,0.064915,0.126852,-0.451471,-0.202266,0.708080,-0.108423,-0.052727,0.153709
37.620000,-0.250683,-0.024837,1.299726,0.203921,0.021135,-0.206846,0.300646,0.173579,1.196671,0.319441,0.158421,-0.124742,0.561288,-0.070930,1.180584,0.119288,-0.216966,-0.106393,-0.280346,0.278463,0.880410,-0.346591,0.064806,0.126259,-0.453660,-0.203338,0.711170,-0.110461,-0.054480,0.155309
37.640000,-0.246608,-0.024415,1.295584,0.203608,0.021018,-0.207294,0.307034,0.176734,1.194164,0.319290,0.157036,-0.125943,0.563673,-0.075271,1.178445,0.119268,-0.217089,-0.107439,-0.287272,0.279757,0.882929,-0.346030,0.064676,0.125624,-0.455890,-0.204445,0.714292,-0.112514,-0.056230,0.156916
37.660000,-0.242539,-0.023996,1.291435,0.203208,0.020897,-0.207661,0.313417,0.179861,1.191634,0.319023,0.155650,-0.126991,0.566058,-0.079613,1.176287,0.119212,-0.217126,-0.108377,-0.294186,0.281049,0.885435,-0.345353,0.064523,0.124946,-0.458160,-0.205588,0.717447,-0.114583,-0.057977,0.158533
37.680000,-0.238480,-0.023579,1.287278,0.202722,0.020771,-0.207944,0.319794,0.182960,1.189085,0.318639,0.154264,-0.127885,0.568441,-0.083956,1.174111,0.119123,-0.217077,-0.109208,-0.301086,0.282338,0.887927,-0.344561,0.064348,0.124227,-0.460473,-0.206764,0.720634,-0.116667,-0.059722,0.160157
37.700000,-0.234431,-0.023165,1.283117,0.202149,0.020642,-0.208146,0.326162,0.186031,1.186520,0.318140,0.152878,-0.128626,0.570823,-0.088296,1.171919,0.118998,-0.216942,-0.109930,-0.307968,0.283623,0.890404,-0.343652,0.064152,0.123465,-0.462827,-0.207976,0.723853,-0.118767,-0.061464,0.161790
37.720000,-0.230395,-0.022754,1.278953,0.201490,0.020507,-0.208255,0.332519,0.189075,1.183941,0.317520,0.151491,-0.129225,0.573201,-0.092633,1.169714,0.118834,-0.216715,-0.110547,-0.314831,0.284904,0.892865,-0.342622,0.063932,0.122663,-0.465224,-0.209223,0.727105,-0.120876,-0.063199,0.163426
37.740000,-0.226372,-0.022345,1.274788,0.200746,0.020368,-0.208265,0.338862,0.192091,1.181352,0.316773,0.150099,-0.129692,0.575576,-0.096964,1.167498,0.118626,-0.216392,-0.111060,-0.321672,0.286180,0.895310,-0.341466,0.063689,0.121823,-0.467662,-0.210504,0.730390,-0.122986,-0.064923,0.165057
37.760000,-0.222365,-0.021939,1.270623,0.199915,0.020224,-0.208175,0.345189,0.195079,1.178755,0.315899,0.148704,-0.130028,0.577946,-0.101288,1.165273,0.118372,-0.215973,-0.111469,-0.328489,0.287452,0.897738,-0.340182,0.063423,0.120944,-0.470143,-0.211820,0.733707,-0.125098,-0.066636,0.166685
37.780000,-0.218376,-0.021536,1.266462,0.198999,0.020076,-0.207985,0.351497,0.198039,1.176152,0.314899,0.147304,-0.130232,0.580310,-0.105602,1.163040,0.118074,-0.215457,-0.111773,-0.335278,0.288717,0.900148,-0.338771,0.063133,0.120028,-0.472666,-0.213170,0.737057,-0.127212,-0.068338,0.168309
37.800000,-0.214406,-0.021136,1.262305,0.197997,0.019922,-0.207695,0.357784,0.200971,1.173546,0.313773,0.145901,-0.130305,0.582669,-0.109905,1.160802,0.117731,-0.214845,-0.111973,-0.342039,0.289977,0.902539,-0.337234,0.062819,0.119074,-0.475232,-0.214553,0.740440,-0.129327,-0.070030,0.169929
37.820000,-0.210457,-0.020739,1.258154,0.196908,0.019764,-0.207296,0.364047,0.203875,1.170940,0.312517,0.144491,-0.130256,0.585019,-0.114195,1.158562,0.117341,-0.214132,-0.112071,-0.348767,0.291230,0.904910,-0.335565,0.062482,0.118084,-0.477839,-0.215971,0.743855,-0.131436,-0.071705,0.171538
37.840000,-0.206530,-0.020346,1.254013,0.195732,0.019600,-0.206781,0.370284,0.206751,1.168337,0.311129,0.143071,-0.130091,0.587362,-0.118470,1.156320,0.116901,-0.213316,-0.112066,-0.355460,0.292476,0.907262,-0.333763,0.062120,0.117061,-0.480489,-0.217421,0.747301,-0.133530,-0.073361,0.173128
37.860000,-0.202628,-0.019955,1.249884,0.194469,0.019431,-0.206149,0.376491,0.209598,1.165737,0.309609,0.141641,-0.129813,0.589695,-0.122727,1.154080,0.116410,-0.212397,-0.111960,-0.362117,0.293714,0.909593,-0.331825,0.061735,0.116005,-0.483180,-0.218905,0.750780,-0.135609,-0.074996,0.174700
37.880000,-0.198752,-0.019568,1.245768,0.193119,0.019257,-0.205401,0.382667,0.212416,1.163145,0.307958,0.140200,-0.129420,0.592018,-0.126965,1.151843,0.115869,-0.211374,-0.111752,-0.368733,0.294945,0.911902,-0.329753,0.061326,0.114916,-0.485913,-0.220421,0.754289,-0.137673,-0.076610,0.176253
37.900000,-0.194904,-0.019185,1.241669,0.191681,0.019077,-0.204535,0.388809,0.215206,1.160561,0.306174,0.138748,-0.128912,0.594329,-0.131182,1.149610,0.115279,-0.210248,-0.111443,-0.375306,0.296167,0.914189,-0.327547,0.060892,0.113794,-0.488687,-0.221969,0.757830,-0.139722,-0.078205,0.177787
37.920000,-0.191085,-0.018805,1.237588,0.190154,0.018891,-0.203546,0.394913,0.217966,1.157989,0.304258,0.137283,-0.128297,0.596629,-0.135374,1.147386,0.114637,-0.209016,-0.111033,-0.381833,0.297381,0.916453,-0.325204,0.060435,0.112642,-0.491502,-0.223549,0.761400,-0.141744,-0.079772,0.179292
37.940000,-0.187298,-0.018429,1.233528,0.188538,0.018699,-0.202426,0.400978,0.220697,1.155430,0.302209,0.135800,-0.127579,0.598915,-0.139541,1.145170,0.113943,-0.207677,-0.110523,-0.388313,0.298585,0.918694,-0.322725,0.059955,0.111463,-0.494357,-0.225160,0.765001,-0.143727,-0.081306,0.180757
37.960000,-0.183545,-0.018057,1.229492,0.186833,0.018501,-0.201175,0.407001,0.223398,1.152887,0.300027,0.134300,-0.126760,0.601186,-0.143681,1.142965,0.113198,-0.206230,-0.109913,-0.394742,0.299779,0.920912,-0.320109,0.059452,0.110257,-0.497251,-0.226801,0.768630,-0.145671,-0.082806,0.182182
37.980000,-0.179826,-0.017689,1.225482,0.185038,0.018297,-0.199792,0.412978,0.226069,1.150361,0.297712,0.132782,-0.125838,0.603442,-0.147790,1.140774,0.112400,-0.204676,-0.109204,-0.401116,0.300962,0.923105,-0.317356,0.058925,0.109023,-0.500183,-0.228472,0.772288,-0.147576,-0.084271,0.183566
38.000000,-0.176144,-0.017326,1.221501,0.183154,0.018086,-0.198279,0.418908,0.228709,1.147854,0.295264,0.131246,-0.124815,0.605682,-0.151867,1.138598,0.111550,-0.203014,-0.108395,-0.407435,0.302136,0.925272,-0.314466,0.058375,0.107763,-0.503154,-0.230172,0.775973,-0.149442,-0.085703,0.184911
38.020000,-0.172500,-0.016966,1.217551,0.181180,0.017869,-0.196630,0.424788,0.231319,1.145369,0.292685,0.129690,-0.123695,0.607904,-0.155910,1.136439,0.110648,-0.201245,-0.107489,-0.413694,0.303297,0.927415,-0.311441,0.057804,0.106480,-0.506161,-0.231900,0.779684,-0.151252,-0.087091,0.186200
38.040000,-0.168897,-0.016611,1.213636,0.179117,0.017645,-0.194839,0.430615,0.233897,1.142907,0.289978,0.128110,-0.122484,0.610107,-0.159916,1.134299,0.109695,-0.199369,-0.106486,-0.419892,0.304448,0.929531,-0.308285,0.057211,0.105176,-0.509203,-0.233655,0.783420,-0.152989,-0.088425,0.187419
38.060000,-0.165336,-0.016260,1.209759,0.176963,0.017415,-0.192908,0.436386,0.236443,1.140470,0.287143,0.126508,-0.121180,0.612291,-0.163884,1.132180,0.108691,-0.197385,-0.105386,-0.426025,0.305586,0.931622,-0.304997,0.056597,0.103853,-0.512280,-0.235436,0.787180,-0.154652,-0.089705,0.188568
38.080000,-0.161819,-0.015914,1.205921,0.174719,0.017177,-0.190836,0.442100,0.238957,1.138060,0.284180,0.124882,-0.119785,0.614455,-0.167811,1.130084,0.107636,-0.195293,-0.104191,-0.432091,0.306711,0.933685,-0.301577,0.055962,0.102509,-0.515389,-0.237243,0.790963,-0.156242,-0.090930,0.189647
38.100000,-0.158348,-0.015573,1.202126,0.172385,0.016932,-0.188623,0.447753,0.241438,1.135679,0.281088,0.123232,-0.118297,0.616596,-0.171695,1.128013,0.106530,-0.193094,-0.102899,-0.438087,0.307824,0.935722,-0.298025,0.055306,0.101146,-0.518529,-0.239073,0.794766,-0.157759,-0.092102,0.190656
38.120000,-0.154924,-0.015237,1.198377,0.169963,0.016681,-0.186268,0.453343,0.243886,1.133329,0.277876,0.121559,-0.116724,0.618716,-0.175534,1.125969,0.105375,-0.190792,-0.101515,-0.444011,0.308923,0.937731,-0.294349,0.054631,0.099766,-0.521699,-0.240926,0.798588,-0.159180,-0.093205,0.191574
38.140000,-0.151550,-0.014906,1.194676,0.167455,0.016422,-0.183769,0.458867,0.246300,1.131011,0.274550,0.119861,-0.115069,0.620811,-0.179326,1.123953,0.104173,-0.188388,-0.100042,-0.449860,0.310009,0.939713,-0.290557,0.053939,0.098376,-0.524895,-0.242801,0.802428,-0.160481,-0.094225,0.192383
38.160000,-0.148227,-0.014580,1.191027,0.164860,0.016157,-0.181127,0.464324,0.248680,1.128726,0.271109,0.118139,-0.113334,0.622882,-0.183069,1.121968,0.102925,-0.185885,-0.098480,-0.455632,0.311081,0.941666,-0.286647,0.053230,0.096973,-0.528117,-0.244695,0.806283,-0.161662,-0.095163,0.193081
38.180000,-0.144956,-0.014260,1.187432,0.162178,0.015884,-0.178341,0.469711,0.251026,1.126478,0.267555,0.116393,-0.111517,0.624928,-0.186761,1.120014,0.101630,-0.183281,-0.096829,-0.461325,0.312138,0.943591,-0.282622,0.052503,0.095559,-0.531361,-0.246607,0.810150,-0.162724,-0.096018,0.193670
38.200000,-0.141740,-0.013945,1.183895,0.159411,0.015604,-0.175411,0.475025,0.253336,1.124266,0.263887,0.114622,-0.109620,0.626947,-0.190399,1.118095,0.100289,-0.180577,-0.095089,-0.466936,0.313181,0.945488,-0.278480,0.051759,0.094134,-0.534625,-0.248535,0.814029,-0.163667,-0.096791,0.194150
38.220000,-0.138580,-0.013636,1.180417,0.156574,0.015319,-0.172358,0.480265,0.255610,1.122094,0.260119,0.112829,-0.107648,0.628939,-0.193983,1.116211,0.098906,-0.177781,-0.093267,-0.472464,0.314208,0.947357,-0.274235,0.051001,0.092702,-0.537907,-0.250478,0.817916,-0.164461,-0.097462,0.194494
38.240000,-0.135477,-0.013332,1.177001,0.153688,0.015029,-0.169202,0.485429,0.257849,1.119961,0.256264,0.111017,-0.105611,0.630903,-0.197510,1.114365,0.097485,-0.174901,-0.091371,-0.477905,0.315221,0.949196,-0.269900,0.050231,0.091269,-0.541202,-0.252433,0.821808,-0.165076,-0.098013,0.194680
38.260000,-0.132433,-0.013034,1.173649,0.150750,0.014736,-0.165943,0.490515,0.260051,1.117870,0.252322,0.109185,-0.103507,0.632838,-0.200978,1.112557,0.096026,-0.171938,-0.089400,-0.483259,0.316218,0.951008,-0.265477,0.049450,0.089833,-0.544509,-0.254398,0.825702,-0.165512,-0.098444,0.194708
38.280000,-0.129448,-0.012743,1.170364,0.147763,0.014439,-0.162581,0.495522,0.262216,1.115821,0.248293,0.107335,-0.101337,0.634744,-0.204387,1.110789,0.094530,-0.168891,-0.087355,-0.488524,0.317199,0.952790,-0.260964,0.048657,0.088397,-0.547822,-0.256370,0.829595,-0.165770,-0.098755,0.194576
38.300000,-0.126523,-0.012457,1.167147,0.144725,0.014138,-0.159116,0.500447,0.264344,1.113817,0.244178,0.105465,-0.099101,0.636619,-0.207734,1.109063,0.092996,-0.165760,-0.085235,-0.493697,0.318164,0.954543,-0.256362,0.047852,0.086959,-0.551138,-0.258347,0.833484,-0.165849,-0.098945,0.194285
38.320000,-0.123659,-0.012177,1.164000,0.141655,0.013834,-0.155572,0.505288,0.266435,1.111857,0.239995,0.103582,-0.096808,0.638463,-0.211017,1.107380,0.091431,-0.162560,-0.083051,-0.498778,0.319113,0.956268,-0.251691,0.047039,0.085525,-0.554454,-0.260327,0.837365,-0.165740,-0.099009,0.193828
38.340000,-0.120857,-0.011904,1.160924,0.138571,0.013530,-0.151971,0.510046,0.268487,1.109944,0.235766,0.101691,-0.094470,0.640276,-0.214236,1.105742,0.089841,-0.159303,-0.080816,-0.503764,0.320045,0.957964,-0.246969,0.046221,0.084100,-0.557766,-0.262306,0.841236,-0.165433,-0.098940,0.193198
38.360000,-0.118116,-0.011636,1.157921,0.135472,0.013225,-0.148313,0.514719,0.270502,1.108079,0.231489,0.099793,-0.092086,0.642057,-0.217389,1.104148,0.088226,-0.155990,-0.078528,-0.508656,0.320962,0.959632,-0.242197,0.045399,0.082685,-0.561070,-0.264283,0.845092,-0.164927,-0.098739,0.192395
38.380000,-0.115438,-0.011375,1.154992,0.132359,0.012919,-0.144599,0.519305,0.272479,1.106261,0.227165,0.097887,-0.089656,0.643805,-0.220475,1.102601,0.086587,-0.152620,-0.076189,-0.513452,0.321861,0.961272,-0.237375,0.044572,0.081280,-0.564362,-0.266255,0.848930,-0.164223,-0.098406,0.191418
38.400000,-0.112822,-0.011119,1.152138,0.129232,0.012612,-0.140828,0.523805,0.274418,1.104493,0.222794,0.095974,-0.087180,0.645520,-0.223493,1.101101,0.084923,-0.149194,-0.073798,-0.518151,0.322744,0.962884,-0.232503,0.043741,0.079884,-0.567638,-0.268219,0.852747,-0.163321,-0.097940,0.190267
38.420000,-0.110269,-0.010870,1.149359,0.126108,0.012307,-0.137024,0.528217,0.276318,1.102774,0.218401,0.094062,-0.084671,0.647202,-0.226442,1.099649,0.083242,-0.145729,-0.071369,-0.522752,0.323611,0.964467,-0.227603,0.042908,0.078504,-0.570894,-0.270172,0.856540,-0.162238,-0.097352,0.188955
38.440000,-0.107777,-0.010627,1.146657,0.123005,0.012003,-0.133212,0.532541,0.278180,1.101106,0.214008,0.092158,-0.082141,0.648850,-0.229322,1.098246,0.081552,-0.142243,-0.068919,-0.527255,0.324461,0.966024,-0.222701,0.042079,0.077145,-0.574126,-0.272112,0.860305,-0.160991,-0.096654,0.187492
38.460000,-0.105348,-0.010390,1.144031,0.119923,0.011702,-0.129392,0.536777,0.280004,1.099489,0.209616,0.090264,-0.079590,0.650464,-0.232132,1.096893,0.079852,-0.138735,-0.066448,-0.531660,0.325294,0.967553,-0.217794,0.041253,0.075806,-0.577332,-0.274037,0.864039,-0.159580,-0.095846,0.185879
38.480000,-0.102980,-0.010159,1.141481,0.116862,0.011404,-0.125563,0.540926,0.281791,1.097923,0.205226,0.088378,-0.077019,0.652044,-0.234871,1.095588,0.078143,-0.135206,-0.063955,-0.535967,0.326111,0.969056,-0.212885,0.040431,0.074488,-0.580509,-0.275945,0.867739,-0.158005,-0.094927,0.184117
38.500000,-0.100674,-0.009934,1.139008,0.113822,0.011108,-0.121726,0.544986,0.283540,1.096408,0.200836,0.086502,-0.074427,0.653590,-0.237540,1.094335,0.076425,-0.131655,-0.061440,-0.540175,0.326911,0.970533,-0.207971,0.039611,0.073190,-0.583652,-0.277834,0.871402,-0.156265,-0.093897,0.182203
38.520000,-0.098427,-0.009715,1.136612,0.110818,0.010816,-0.117903,0.548959,0.285251,1.094946,0.196472,0.084643,-0.071827,0.655101,-0.240137,1.093131,0.074705,-0.128102,-0.058920,-0.544286,0.327695,0.971984,-0.203077,0.038798,0.071918,-0.586758,-0.279701,0.875026,-0.154388,-0.092774,0.180169
38.540000,-0.096241,-0.009501,1.134292,0.107867,0.010529,-0.114118,0.552845,0.286925,1.093535,0.192155,0.082810,-0.069233,0.656578,-0.242664,1.091978,0.072991,-0.124564,-0.056413,-0.548299,0.328463,0.973410,-0.198223,0.037995,0.070676,-0.589826,-0.281544,0.878608,-0.152400,-0.091573,0.178040
38.560000,-0.094112,-0.009293,1.132047,0.104969,0.010247,-0.110370,0.556646,0.288564,1.092176,0.187886,0.081003,-0.066644,0.658021,-0.245120,1.090874,0.071282,-0.121042,-0.053919,-0.552215,0.329215,0.974811,-0.193411,0.037203,0.069463,-0.592854,-0.283363,0.882147,-0.150300,-0.090296,0.175818
38.580000,-0.092041,-0.009091,1.129877,0.102123,0.009971,-0.106659,0.560361,0.290166,1.090869,0.183665,0.079222,-0.064060,0.659429,-0.247506,1.089821,0.069579,-0.117535,-0.051437,-0.556035,0.329952,0.976189,-0.188640,0.036420,0.068279,-0.595838,-0.285155,0.885640,-0.148089,-0.088942,0.173503
38.600000,-0.090027,-0.008894,1.127781,0.099330,0.009700,-0.102987,0.563993,0.291733,1.089614,0.179493,0.077466,-0.061481,0.660804,-0.249822,1.088817,0.067882,-0.114043,-0.048968,-0.559761,0.330672,0.977543,-0.183910,0.035648,0.067125,-0.598776,-0.286920,0.889087,-0.145767,-0.087511,0.171094
38.620000,-0.088068,-0.008703,1.125757,0.096601,0.009436,-0.099368,0.567541,0.293265,1.088410,0.175384,0.075743,-0.058917,0.662145,-0.252068,1.087862,0.066196,-0.110582,-0.046526,-0.563392,0.331378,0.978874,-0.179235,0.034888,0.066002,-0.601668,-0.288655,0.892484,-0.143364,-0.086022,0.168625
38.640000,-0.086162,-0.008517,1.123805,0.093945,0.009178,-0.095821,0.571009,0.294763,1.087257,0.171354,0.074056,-0.056377,0.663452,-0.254245,1.086955,0.064525,-0.107165,-0.044128,-0.566931,0.332068,0.980183,-0.174630,0.034142,0.064912,-0.604511,-0.290361,0.895831,-0.140910,-0.084496,0.166127
38.660000,-0.084310,-0.008336,1.121924,0.091363,0.008928,-0.092344,0.574396,0.296227,1.086155,0.167404,0.072405,-0.053861,0.664726,-0.256355,1.086096,0.062872,-0.103793,-0.041772,-0.570378,0.332743,0.981470,-0.170095,0.033411,0.063855,-0.607304,-0.292035,0.899129,-0.138405,-0.082932,0.163602
38.680000,-0.082507,-0.008160,1.120111,0.088855,0.008686,-0.088939,0.577705,0.297659,1.085102,0.163533,0.070792,-0.051368,0.665967,-0.258397,1.085284,0.061234,-0.100466,-0.039460,-0.573735,0.333404,0.982737,-0.165630,0.032694,0.062831,-0.610046,-0.293678,0.902375,-0.135850,-0.081330,0.161049
38.700000,-0.080755,-0.007988,1.118366,0.086421,0.008451,-0.085605,0.580938,0.299059,1.084100,0.159741,0.069216,-0.048900,0.667175,-0.260374,1.084518,0.059613,-0.097183,-0.037191,-0.577003,0.334051,0.983984,-0.161234,0.031991,0.061840,-0.612737,-0.295288,0.905571,-0.133244,-0.079691,0.158468
38.720000,-0.079050,-0.007822,1.116686,0.084066,0.008223,-0.082354,0.584096,0.300428,1.083146,0.156042,0.067681,-0.046473,0.668351,-0.262285,1.083796,0.058009,-0.093951,-0.034975,-0.580185,0.334684,0.985211,-0.156922,0.031303,0.060877,-0.615376,-0.296865,0.908714,-0.130616,-0.078033,0.155884
38.740000,-0.077392,-0.007659,1.115071,0.081795,0.008004,-0.079200,0.587180,0.301767,1.082241,0.152452,0.066194,-0.044105,0.669496,-0.264132,1.083118,0.056424,-0.090776,-0.032820,-0.583281,0.335303,0.986419,-0.152706,0.030631,0.059939,-0.617962,-0.298409,0.911806,-0.127997,-0.076377,0.153323
38.760000,-0.075778,-0.007502,1.113518,0.079608,0.007793,-0.076142,0.590194,0.303076,1.081382,0.148970,0.064753,-0.041796,0.670608,-0.265916,1.082483,0.054858,-0.087659,-0.030727,-0.586294,0.335909,0.987609,-0.148587,0.029974,0.059024,-0.620496,-0.299920,0.914847,-0.125385,-0.074722,0.150785
38.780000,-0.074207,-0.007348,1.112025,0.077504,0.007590,-0.073181,0.593140,0.304357,1.080568,0.145595,0.063360,-0.039546,0.671690,-0.267639,1.081889,0.053311,-0.084598,-0.028696,-0.589225,0.336502,0.988780,-0.144564,0.029332,0.058134,-0.622978,-0.301398,0.917838,-0.122781,-0.073069,0.148269
38.800000,-0.072677,-0.007198,1.110590,0.075485,0.007395,-0.070316,0.596019,0.305611,1.079799,0.142328,0.062013,-0.037356,0.672741,-0.269301,1.081335,0.051783,-0.081594,-0.026727,-0.592077,0.337083,0.989934,-0.140639,0.028706,0.057268,-0.625407,-0.302843,0.920778,-0.120185,-0.071416,0.145776
38.820000,-0.071187,-0.007052,1.109211,0.073549,0.007209,-0.067552,0.598834,0.306838,1.079074,0.139174,0.060715,-0.035236,0.673762,-0.270903,1.080819,0.050274,-0.078650,-0.024828,-0.594851,0.337651,0.991071,-0.136815,0.028094,0.056420,-0.627785,-0.304255,0.923669,-0.117612,-0.069776,0.143315
38.840000,-0.069734,-0.006910,1.107887,0.071696,0.007030,-0.064894,0.601587,0.308040,1.078389,0.136138,0.059466,-0.033200,0.674752,-0.272447,1.080341,0.048783,-0.075768,-0.023005,-0.597550,0.338207,0.992191,-0.133097,0.027496,0.055585,-0.630112,-0.305634,0.926511,-0.115075,-0.068157,0.140897
38.860000,-0.068318,-0.006771,1.106615,0.069926,0.006860,-0.062344,0.604280,0.309217,1.077745,0.133220,0.058267,-0.031247,0.675713,-0.273934,1.079899,0.047309,-0.072950,-0.021258,-0.600176,0.338751,0.993295,-0.129486,0.026912,0.054762,-0.632388,-0.306981,0.929305,-0.112576,-0.066561,0.138520
38.880000,-0.066937,-0.006635,1.105393,0.068239,0.006697,-0.059900,0.606916,0.310371,1.077139,0.130420,0.057117,-0.029378,0.676645,-0.275365,1.079490,0.045853,-0.070194,-0.019589,-0.602730,0.339283,0.994382,-0.125981,0.026342,0.053952,-0.634615,-0.308297,0.932052,-0.110114,-0.064986,0.136186
38.900000,-0.065588,-0.006503,1.104218,0.066634,0.006543,-0.057562,0.609498,0.311502,1.076569,0.127738,0.056018,-0.027591,0.677547,-0.276742,1.079115,0.044416,-0.067501,-0.017996,-0.605216,0.339805,0.995453,-0.122583,0.025786,0.053154,-0.636793,-0.309581,0.934753,-0.107689,-0.063434,0.133894
38.920000,-0.064271,-0.006373,1.103089,0.065111,0.006396,-0.055335,0.612026,0.312612,1.076035,0.125171,0.054965,-0.025889,0.678421,-0.278066,1.078770,0.042997,-0.064873,-0.016480,-0.607634,0.340315,0.996508,-0.119288,0.025243,0.052366,-0.638923,-0.310834,0.937408,-0.105307,-0.061909,0.131643
38.940000,-0.062983,-0.006247,1.102004,0.063666,0.006257,-0.053221,0.614505,0.313701,1.075533,0.122715,0.053959,-0.024273,0.679267,-0.279338,1.078455,0.041601,-0.062310,-0.015038,-0.609988,0.340814,0.997548,-0.116096,0.024713,0.051585,-0.641006,-0.312058,0.940019,-0.102975,-0.060417,0.129432
38.960000,-0.061724,-0.006123,1.100960,0.062299,0.006126,-0.051221,0.616936,0.314770,1.075063,0.120371,0.052999,-0.022743,0.680085,-0.280559,1.078168,0.040225,-0.059814,-0.013672,-0.612279,0.341303,0.998571,-0.113005,0.024194,0.050811,-0.643042,-0.313251,0.942586,-0.100691,-0.058956,0.127262
38.980000,-0.060491,-0.006002,1.099954,0.061011,0.006002,-0.049334,0.619321,0.315821,1.074623,0.118137,0.052084,-0.021298,0.680876,-0.281731,1.077907,0.038871,-0.057384,-0.012382,-0.614509,0.341782,0.999580,-0.110016,0.023688,0.050043,-0.645034,-0.314416,0.945109,-0.098457,-0.057528,0.125131
39.000000,-0.059283,-0.005883,1.098986,0.059802,0.005886,-0.047561,0.621662,0.316854,1.074211,0.116016,0.051215,-0.019939,0.681640,-0.282855,1.077672,0.037538,-0.055020,-0.011166,-0.616680,0.342251,1.000573,-0.107128,0.023194,0.049282,-0.646981,-0.315553,0.947591,-0.096272,-0.056133,0.123040
39.020000,-0.058098,-0.005766,1.098051,0.058666,0.005777,-0.045897,0.623962,0.317870,1.073825,0.113998,0.050390,-0.018662,0.682378,-0.283932,1.077460,0.036232,-0.052726,-0.010022,-0.618795,0.342710,1.001551,-0.104339,0.022713,0.048527,-0.648885,-0.316662,0.950031,-0.094138,-0.054772,0.120986
39.040000,-0.056936,-0.005652,1.097149,0.057598,0.005675,-0.044336,0.626223,0.318870,1.073464,0.112079,0.049604,-0.017460,0.683090,-0.284964,1.077271,0.034957,-0.050508,-0.008944,-0.620854,0.343160,1.002514,-0.101644,0.022243,0.047780,-0.650747,-0.317744,0.952431,-0.092058,-0.053448,0.118965
39.060000,-0.055794,-0.005539,1.096277,0.056598,0.005579,-0.042879,0.628446,0.319854,1.073126,0.110258,0.048857,-0.016336,0.683777,-0.285953,1.077102,0.033714,-0.048364,-0.007933,-0.622861,0.343600,1.003463,-0.099043,0.021784,0.047040,-0.652568,-0.318800,0.954790,-0.090033,-0.052163,0.116977
39.080000,-0.054671,-0.005428,1.095433,0.055666,0.005489,-0.041525,0.630634,0.320824,1.072810,0.108536,0.048151,-0.015287,0.684439,-0.286899,1.076953,0.032502,-0.046295,-0.006989,-0.624817,0.344031,1.004396,-0.096536,0.021338,0.046306,-0.654349,-0.319831,0.957110,-0.088061,-0.050914,0.115022
39.100000,-0.053567,-0.005320,1.094615,0.054802,0.005407,-0.040276,0.632788,0.321781,1.072514,0.106911,0.047485,-0.014316,0.685077,-0.287805,1.076822,0.031322,-0.044301,-0.006111,-0.626723,0.344453,1.005315,-0.094123,0.020903,0.045579,-0.656091,-0.320837,0.959391,-0.086144,-0.049704,0.113101
39.120000,-0.052479,-0.005212,1.093822,0.053999,0.005330,-0.039121,0.634911,0.322724,1.072237,0.105377,0.046855,-0.013413,0.685692,-0.288672,1.076708,0.030183,-0.042392,-0.005295,-0.628582,0.344867,1.006219,-0.091804,0.020480,0.044862,-0.657795,-0.321819,0.961634,-0.084284,-0.048533,0.111216
39.140000,-0.051406,-0.005106,1.093050,0.053253,0.005258,-0.038052,0.637004,0.323655,1.071977,0.103927,0.046260,-0.012573,0.686284,-0.289501,1.076610,0.029094,-0.040578,-0.004535,-0.630396,0.345273,1.007109,-0.089576,0.020071,0.044158,-0.659462,-0.322778,0.963840,-0.082486,-0.047405,0.109373
39.160000,-0.050348,-0.005002,1.092299,0.052562,0.005192,-0.037070,0.639068,0.324575,1.071733,0.102561,0.045698,-0.011796,0.686856,-0.290296,1.076526,0.028055,-0.038858,-0.003833,-0.632166,0.345670,1.007986,-0.087439,0.019674,0.043466,-0.661095,-0.323715,0.966010,-0.080750,-0.046319,0.107571
39.180000,-0.049304,-0.004899,1.091567,0.051926,0.005131,-0.036173,0.641107,0.325483,1.071505,0.101279,0.045170,-0.011081,0.687407,-0.291056,1.076456,0.027066,-0.037233,-0.003188,-0.633894,0.346060,1.008848,-0.085394,0.019291,0.042787,-0.662693,-0.324631,0.968143,-0.079075,-0.045275,0.105809
39.200000,-0.048271,-0.004797,1.090851,0.051346,0.005075,-0.035362,0.643120,0.326382,1.071290,0.100081,0.044676,-0.010429,0.687939,-0.291786,1.076399,0.026128,-0.035703,-0.002599,-0.635582,0.346442,1.009697,-0.083441,0.018920,0.042121,-0.664258,-0.325527,0.970242,-0.077461,-0.044274,0.104089
39.220000,-0.047249,-0.004696,1.090152,0.050816,0.005025,-0.034628,0.645110,0.327271,1.071087,0.098961,0.044214,-0.009832,0.688452,-0.292485,1.076352,0.025244,-0.034270,-0.002062,-0.637232,0.346817,1.010533,-0.081582,0.018564,0.041473,-0.665792,-0.326403,0.972307,-0.075915,-0.043318,0.102422
39.240000,-0.046238,-0.004596,1.089466,0.050329,0.004978,-0.033960,0.647079,0.328150,1.070896,0.097912,0.043780,-0.009283,0.688949,-0.293157,1.076316,0.024417,-0.032935,-0.001571,-0.638846,0.347185,1.011356,-0.079821,0.018225,0.040848,-0.667295,-0.327260,0.974339,-0.074445,-0.042412,0.100819
39.260000,-0.045236,-0.004496,1.088793,0.049887,0.004936,-0.033359,0.649027,0.329022,1.070716,0.096935,0.043376,-0.008782,0.689430,-0.293803,1.076289,0.023648,-0.031698,-0.001125,-0.640426,0.347546,1.012167,-0.078158,0.017902,0.040247,-0.668770,-0.328099,0.976340,-0.073049,-0.041555,0.099279
39.280000,-0.044242,-0.004398,1.088131,0.049487,0.004898,-0.032825,0.650957,0.329886,1.070545,0.096030,0.043000,-0.008330,0.689895,-0.294426,1.076270,0.022936,-0.030560,-0.000724,-0.641973,0.347901,1.012966,-0.076593,0.017595,0.039669,-0.670218,-0.328922,0.978311,-0.071728,-0.040747,0.097804
39.300000,-0.043256,-0.004300,1.087479,0.049132,0.004864,-0.032356,0.652869,0.330742,1.070382,0.095196,0.042653,-0.007926,0.690347,-0.295026,1.076260,0.022281,-0.029521,-0.000370,-0.643490,0.348250,1.013754,-0.075125,0.017305,0.039116,-0.671639,-0.329730,0.980253,-0.070481,-0.039988,0.096393
39.320000,-0.042277,-0.004204,1.086836,0.048815,0.004833,-0.031946,0.654765,0.331592,1.070227,0.094428,0.042334,-0.007564,0.690787,-0.295607,1.076255,0.021683,-0.028575,-0.000055,-0.644979,0.348593,1.014531,-0.073764,0.017033,0.038593,-0.673037,-0.330522,0.982167,-0.069320,-0.039283,0.095066
39.340000,-0.041303,-0.004107,1.086201,0.048531,0.004806,-0.031583,0.656647,0.332436,1.070079,0.093723,0.042039,-0.007238,0.691215,-0.296170,1.076257,0.021140,-0.027719,0.000227,-0.646441,0.348931,1.015298,-0.072518,0.016784,0.038111,-0.674413,-0.331301,0.984056,-0.068255,-0.038637,0.093841
39.360000,-0.040335,-0.004011,1.085573,0.048280,0.004782,-0.031268,0.658514,0.333274,1.069937,0.093079,0.041770,-0.006948,0.691633,-0.296716,1.076264,0.020652,-0.026952,0.000474,-0.647880,0.349265,1.016056,-0.071387,0.016557,0.037669,-0.675768,-0.332068,0.985922,-0.067285,-0.038051,0.092719
39.380000,-0.039372,-0.003916,1.084950,0.048062,0.004761,-0.031002,0.660370,0.334107,1.069801,0.092496,0.041526,-0.006695,0.692041,-0.297248,1.076276,0.020219,-0.026275,0.000688,-0.649298,0.349594,1.016805,-0.070371,0.016351,0.037266,-0.677105,-0.332824,0.987766,-0.066410,-0.037524,0.091699
39.400000,-0.038413,-0.003821,1.084332,0.047877,0.004744,-0.030783,0.662215,0.334935,1.069669,0.091976,0.041307,-0.006477,0.692442,-0.297768,1.076292,0.019841,-0.025687,0.000868,-0.650696,0.349919,1.017547,-0.069471,0.016168,0.036903,-0.678425,-0.333569,0.989590,-0.065631,-0.037056,0.090782
39.420000,-0.037457,-0.003726,1.083719,0.047720,0.004728,-0.030603,0.664050,0.335759,1.069542,0.091512,0.041111,-0.006290,0.692835,-0.298277,1.076310,0.019512,-0.025178,0.001021,-0.652077,0.350240,1.018282,-0.068679,0.016006,0.036581,-0.679731,-0.334306,0.991398,-0.064944,-0.036644,0.089968
39.440000,-0.036504,-0.003632,1.083108,0.047586,0.004716,-0.030454,0.665876,0.336580,1.069418,0.091103,0.040938,-0.006129,0.693223,-0.298776,1.076332,0.019228,-0.024739,0.001151,-0.653444,0.350559,1.019010,-0.067992,0.015865,0.036300,-0.681024,-0.335036,0.993190,-0.064347,-0.036286,0.089258
39.460000,-0.035553,-0.003537,1.082500,0.047475,0.004705,-0.030335,0.667694,0.337397,1.069296,0.090746,0.040787,-0.005994,0.693605,-0.299267,1.076356,0.018988,-0.024369,0.001259,-0.654798,0.350875,1.019734,-0.067408,0.015745,0.036060,-0.682305,-0.335758,0.994969,-0.063838,-0.035982,0.088652
39.480000,-0.034604,-0.003443,1.081894,0.047387,0.004697,-0.030246,0.669506,0.338211,1.069178,0.090443,0.040658,-0.005885,0.693983,-0.299751,1.076382,0.018793,-0.024068,0.001346,-0.656141,0.351189,1.020453,-0.066927,0.015645,0.035860,-0.683578,-0.336475,0.996737,-0.063419,-0.035731,0.088150
39.500000,-0.033657,-0.003350,1.081290,0.047322,0.004690,-0.030187,0.671312,0.339023,1.069061,0.090193,0.040551,-0.005802,0.694357,-0.300230,1.076410,0.018642,-0.023837,0.001410,-0.657475,0.351501,1.021169,-0.066550,0.015567,0.035702,-0.684843,-0.337188,0.998495,-0.063089,-0.035535,0.087751
39.520000,-0.032712,-0.003256,1.080687,0.047273,0.004686,-0.030148,0.673114,0.339833,1.068946,0.089992,0.040465,-0.005738,0.694728,-0.300705,1.076439,0.018526,-0.023660,0.001458,-0.658803,0.351812,1.021881,-0.066258,0.015506,0.035578,-0.686102,-0.337897,1.000247,-0.062832,-0.035382,0.087439
39.540000,-0.031766,-0.003162,1.080084,0.047235,0.004682,-0.030117,0.674912,0.340642,1.068831,0.089836,0.040398,-0.005689,0.695098,-0.301176,1.076468,0.018435,-0.023522,0.001495,-0.660126,0.352121,1.022592,-0.066030,0.015459,0.035481,-0.687356,-0.338603,1.001993,-0.062632,-0.035263,0.087197
39.560000,-0.030822,-0.003068,1.079482,0.047208,0.004680,-0.030096,0.676708,0.341449,1.068718,0.089724,0.040350,-0.005654,0.695466,-0.301646,1.076498,0.018371,-0.023424,0.001522,-0.661445,0.352430,1.023301,-0.065868,0.015425,0.035412,-0.688607,-0.339308,1.003736,-0.062489,-0.035178,0.087023
39.580000,-0.029878,-0.002975,1.078880,0.047192,0.004678,-0.030083,0.678501,0.342256,1.068605,0.089657,0.040321,-0.005633,0.695833,-0.302114,1.076529,0.018332,-0.023365,0.001538,-0.662761,0.352739,1.024008,-0.065770,0.015405,0.035371,-0.689856,-0.340011,1.005475,-0.062404,-0.035127,0.086919
39.600000,-0.028934,-0.002881,1.078279,0.047187,0.004677,-0.030078,0.680294,0.343062,1.068492,0.089635,0.040311,-0.005626,0.696200,-0.302581,1.076560,0.018319,-0.023345,0.001544,-0.664076,0.353047,1.024716,-0.065738,0.015398,0.035357,-0.691104,-0.340713,1.007213,-0.062375,-0.035111,0.086885
39.620000,-0.027990,-0.002788,1.077677,0.047192,0.004678,-0.030083,0.682087,0.343869,1.068380,0.089657,0.040321,-0.005633,0.696566,-0.303048,1.076591,0.018332,-0.023365,0.001538,-0.665391,0.353355,1.025423,-0.065770,0.015405,0.035371,-0.692352,-0.341415,1.008951,-0.062404,-0.035127,0.086919
39.640000,-0.027047,-0.002694,1.077075,0.047208,0.004680,-0.030096,0.683881,0.344675,1.068267,0.089724,0.040350,-0.005654,0.696933,-0.303516,1.076621,0.018371,-0.023424,0.001522,-0.666708,0.353663,1.026131,-0.065868,0.015425,0.035412,-0.693600,-0.342118,1.010690,-0.062489,-0.035178,0.087023
39.660000,-0.026102,-0.002601,1.076473,0.047235,0.004682,-0.030117,0.685676,0.345483,1.068154,0.089836,0.040398,-0.005689,0.697301,-0.303985,1.076652,0.018435,-0.023522,0.001495,-0.668026,0.353972,1.026840,-0.066030,0.015459,0.035481,-0.694852,-0.342823,1.012432,-0.062632,-0.035263,0.087197
39.680000,-0.025157,-0.002507,1.075871,0.047273,0.004686,-0.030148,0.687474,0.346291,1.068039,0.089992,0.040465,-0.005738,0.697671,-0.304457,1.076681,0.018526,-0.023660,0.001458,-0.669349,0.354281,1.027550,-0.066258,0.015506,0.035578,-0.696106,-0.343529,1.014178,-0.062832,-0.035382,0.087439
39.700000,-0.024211,-0.002413,1.075267,0.047322,0.004690,-0.030187,0.689276,0.347101,1.067924,0.090193,0.040551,-0.005802,0.698042,-0.304932,1.076710,0.018642,-0.023837,0.001410,-0.670677,0.354592,1.028263,-0.066550,0.015567,0.035702,-0.697365,-0.344238,1.015930,-0.063089,-0.035535,0.087751
