time[s],drone0_posx[m],drone0_posy[m],drone0_posz[m],drone0_velx[m/s],drone0_vely[m/s],drone0_velz[m/s],drone1_posx[m],drone1_posy[m],drone1_posz[m],drone1_velx[m/s],drone1_vely[m/s],drone1_velz[m/s],drone2_posx[m],drone2_posy[m],drone2_posz[m],drone2_velx[m/s],drone2_vely[m/s],drone2_velz[m/s],drone3_posx[m],drone3_posy[m],drone3_posz[m],drone3_velx[m/s],drone3_vely[m/s],drone3_velz[m/s],drone4_posx[m],drone4_posy[m],drone4_posz[m],drone4_velx[m/s],drone4_vely[m/s],drone4_velz[m/s]
0.000000,0.048242,0.026208,1.004244,-0.343662,0.099805,-0.000589,0.749965,0.318321,1.003361,-0.511923,0.142994,0.004710,0.717469,-0.413000,0.996275,-0.013002,0.568774,0.005772,-0.737559,0.405344,1.000435,0.248690,-0.635054,0.001965,-0.779782,-0.356874,1.000683,0.748534,-0.004960,0.007208
0.020000,0.041368,0.028204,1.004233,-0.343750,0.099754,-0.000590,0.739725,0.321181,1.003455,-0.512038,0.143061,0.004706,0.717209,-0.401623,0.996390,-0.013039,0.568909,0.005769,-0.732584,0.392642,1.000475,0.248765,-0.635182,0.001964,-0.764811,-0.356973,1.000827,0.748689,-0.004944,0.007207
0.040000,0.034490,0.030197,1.004221,-0.344015,0.099601,-0.000592,0.729482,0.324044,1.003549,-0.512384,0.143262,0.004696,0.716947,-0.390242,0.996506,-0.013150,0.569313,0.005762,-0.727607,0.379935,1.000514,0.248992,-0.635566,0.001960,-0.749833,-0.357071,1.000972,0.749154,-0.004897,0.007203
0.060000,0.027606,0.032187,1.004209,-0.344456,0.099347,-0.000596,0.719228,0.326912,1.003643,-0.512960,0.143595,0.004678,0.716682,-0.378849,0.996621,-0.013334,0.569987,0.005750,-0.722624,0.367218,1.000553,0.249370,-0.636205,0.001953,-0.734842,-0.357168,1.001116,0.749929,-0.004817,0.007196
0.080000,0.020711,0.034171,1.004197,-0.345074,0.098991,-0.000602,0.708962,0.329789,1.003736,-0.513766,0.144063,0.004653,0.716413,-0.367440,0.996736,-0.013591,0.570930,0.005732,-0.717631,0.354485,1.000592,0.249899,-0.637100,0.001944,-0.719834,-0.357264,1.001259,0.751013,-0.004706,0.007186
0.100000,0.013802,0.036146,1.004185,-0.345869,0.098534,-0.000609,0.698676,0.332676,1.003829,-0.514802,0.144664,0.004621,0.716138,-0.356010,0.996850,-0.013922,0.572143,0.005710,-0.712627,0.341732,1.000631,0.250579,-0.638251,0.001933,-0.704800,-0.357356,1.001403,0.752408,-0.004563,0.007174
0.120000,0.006875,0.038111,1.004173,-0.346881,0.097907,-0.000618,0.688368,0.335576,1.003921,-0.516114,0.145431,0.004580,0.715856,-0.344553,0.996964,-0.014357,0.573660,0.005682,-0.707607,0.328953,1.000669,0.251440,-0.639684,0.001918,-0.689735,-0.357446,1.001546,0.754156,-0.004377,0.007157
0.140000,-0.000075,0.040061,1.004160,-0.348152,0.097045,-0.000628,0.678030,0.338494,1.004012,-0.517744,0.146397,0.004528,0.715563,-0.333061,0.997077,-0.014925,0.575517,0.005647,-0.702568,0.316143,1.000707,0.252515,-0.641426,0.001900,-0.674631,-0.357531,1.001689,0.756299,-0.004135,0.007134
0.160000,-0.007053,0.041991,1.004148,-0.349682,0.095945,-0.000639,0.667656,0.341434,1.004102,-0.519693,0.147562,0.004465,0.715258,-0.321530,0.997190,-0.015626,0.577713,0.005605,-0.697505,0.303294,1.000745,0.253801,-0.643477,0.001877,-0.659480,-0.357611,1.001832,0.758839,-0.003838,0.007106
0.180000,-0.014064,0.043897,1.004135,-0.351471,0.094610,-0.000652,0.657240,0.344398,1.004191,-0.521960,0.148927,0.004390,0.714937,-0.309951,0.997302,-0.016461,0.580248,0.005556,-0.692414,0.290401,1.000783,0.255300,-0.645837,0.001850,-0.644275,-0.357684,1.001973,0.761776,-0.003485,0.007071
0.200000,-0.021114,0.045774,1.004121,-0.353519,0.093038,-0.000666,0.646775,0.347392,1.004278,-0.524547,0.150490,0.004304,0.714598,-0.298317,0.997412,-0.017429,0.583123,0.005500,-0.687291,0.277459,1.000819,0.257011,-0.648506,0.001819,-0.629007,-0.357750,1.002114,0.765108,-0.003077,0.007030
0.220000,-0.028206,0.047617,1.004108,-0.355811,0.091186,-0.000681,0.636256,0.350419,1.004363,-0.527447,0.152252,0.004206,0.714239,-0.286624,0.997522,-0.018556,0.586298,0.005437,-0.682132,0.264459,1.000855,0.258939,-0.651442,0.001784,-0.613668,-0.357807,1.002255,0.768805,-0.002604,0.006983
0.240000,-0.035348,0.049419,1.004094,-0.358334,0.089009,-0.000696,0.625675,0.353483,1.004446,-0.530656,0.154210,0.004095,0.713855,-0.274864,0.997630,-0.019866,0.589737,0.005366,-0.676932,0.251399,1.000891,0.261089,-0.654605,0.001744,-0.598252,-0.357854,1.002394,0.772837,-0.002056,0.006927
0.260000,-0.042541,0.051175,1.004080,-0.361086,0.086507,-0.000712,0.615028,0.356589,1.004527,-0.534173,0.156366,0.003972,0.713443,-0.263032,0.997736,-0.021360,0.593439,0.005288,-0.671687,0.238274,1.000925,0.263462,-0.657994,0.001699,-0.582752,-0.357889,1.002532,0.777204,-0.001434,0.006864
0.280000,-0.049793,0.052877,1.004066,-0.364069,0.083680,-0.000728,0.604306,0.359739,1.004605,-0.537998,0.158718,0.003835,0.712999,-0.251125,0.997841,-0.023038,0.597403,0.005203,-0.666392,0.225078,1.000959,0.266056,-0.661609,0.001650,-0.567162,-0.357911,1.002668,0.781905,-0.000738,0.006792
0.300000,-0.057106,0.054520,1.004051,-0.367282,0.080528,-0.000744,0.593506,0.362939,1.004680,-0.542131,0.161268,0.003685,0.712520,-0.239135,0.997944,-0.024899,0.601631,0.005110,-0.661043,0.211808,1.000991,0.268872,-0.665451,0.001595,-0.551474,-0.357918,1.002803,0.786940,0.000032,0.006713
0.320000,-0.064485,0.056096,1.004036,-0.370689,0.077035,-0.000760,0.582619,0.366191,1.004752,-0.546541,0.163983,0.003522,0.712002,-0.227058,0.998045,-0.026964,0.606034,0.005010,-0.655636,0.198459,1.001022,0.271890,-0.669425,0.001536,-0.535682,-0.357909,1.002937,0.792237,0.000886,0.006626
0.340000,-0.071934,0.057599,1.004021,-0.374254,0.073184,-0.000776,0.571642,0.369499,1.004821,-0.551193,0.166831,0.003347,0.711440,-0.214893,0.998145,-0.029254,0.610525,0.004905,-0.650167,0.185031,1.001052,0.275090,-0.673438,0.001473,-0.519783,-0.357882,1.003068,0.797721,0.001829,0.006529
0.360000,-0.079456,0.059021,1.004005,-0.377978,0.068976,-0.000792,0.560570,0.372865,1.004886,-0.556087,0.169814,0.003159,0.710830,-0.202637,0.998242,-0.031769,0.615106,0.004793,-0.644631,0.171521,1.001081,0.278470,-0.677489,0.001407,-0.503772,-0.357835,1.003198,0.803394,0.002863,0.006424
0.380000,-0.087054,0.060355,1.003989,-0.381860,0.064410,-0.000807,0.549397,0.376292,1.004947,-0.561225,0.172929,0.002958,0.710168,-0.190288,0.998336,-0.034507,0.619775,0.004676,-0.639027,0.157931,1.001109,0.282032,-0.681579,0.001336,-0.487646,-0.357767,1.003325,0.809256,0.003988,0.006309
0.400000,-0.094732,0.061595,1.003973,-0.385900,0.059486,-0.000821,0.538119,0.379783,1.005004,-0.566606,0.176179,0.002744,0.709449,-0.177845,0.998429,-0.037470,0.624532,0.004552,-0.633349,0.144258,1.001135,0.285775,-0.685708,0.001262,-0.471401,-0.357675,1.003450,0.815305,0.005203,0.006186
0.420000,-0.102491,0.062733,1.003956,-0.390042,0.054212,-0.000835,0.526732,0.383340,1.005057,-0.572190,0.179507,0.002518,0.708668,-0.165307,0.998518,-0.040663,0.629275,0.004424,-0.627595,0.130503,1.001159,0.289677,-0.689776,0.001185,-0.455033,-0.357558,1.003573,0.821454,0.006515,0.006053
0.440000,-0.110334,0.063761,1.003939,-0.394231,0.048593,-0.000848,0.515231,0.386964,1.005105,-0.577939,0.182859,0.002281,0.707821,-0.152675,0.998605,-0.044090,0.633900,0.004292,-0.621761,0.116668,1.001182,0.293717,-0.693683,0.001106,-0.438543,-0.357413,1.003692,0.827615,0.007930,0.005911
0.460000,-0.118261,0.064674,1.003922,-0.398466,0.042629,-0.000860,0.503613,0.390655,1.005148,-0.583853,0.186236,0.002031,0.706903,-0.139951,0.998690,-0.047751,0.638408,0.004155,-0.615845,0.102757,1.001203,0.297895,-0.697429,0.001026,-0.421929,-0.357240,1.003809,0.833786,0.009447,0.005758
0.480000,-0.126273,0.065464,1.003905,-0.402747,0.036322,-0.000872,0.491875,0.394413,1.005186,-0.589931,0.189637,0.001770,0.705909,-0.127139,0.998772,-0.051647,0.642797,0.004015,-0.609844,0.088772,1.001223,0.302211,-0.701015,0.000943,-0.405191,-0.357035,1.003922,0.839969,0.011068,0.005596
0.500000,-0.134371,0.066125,1.003887,-0.407074,0.029669,-0.000882,0.480015,0.398240,1.005219,-0.596175,0.193063,0.001498,0.704835,-0.114240,0.998850,-0.055777,0.647069,0.003871,-0.603756,0.074717,1.001241,0.306664,-0.704440,0.000859,-0.388330,-0.356796,1.004033,0.846164,0.012791,0.005424
0.520000,-0.142556,0.066649,1.003870,-0.411387,0.022691,-0.000891,0.468028,0.402136,1.005246,-0.602539,0.196457,0.001215,0.703676,-0.101258,0.998926,-0.060134,0.651135,0.003724,-0.597577,0.060596,1.001257,0.311242,-0.707604,0.000774,-0.371345,-0.356523,1.004139,0.852287,0.014621,0.005241
0.540000,-0.150826,0.067030,1.003852,-0.415624,0.015406,-0.000900,0.455913,0.406098,1.005267,-0.608982,0.199766,0.000925,0.702428,-0.088197,0.998999,-0.064710,0.654907,0.003576,-0.591305,0.046415,1.001272,0.315933,-0.710408,0.000689,-0.354239,-0.356211,1.004242,0.858258,0.016560,0.005046
0.560000,-0.159180,0.067263,1.003834,-0.419787,0.007814,-0.000908,0.443668,0.410126,1.005283,-0.615504,0.202989,0.000626,0.701086,-0.075064,0.999069,-0.069505,0.658385,0.003426,-0.584939,0.032182,1.001285,0.320735,-0.712852,0.000603,-0.337016,-0.355859,1.004341,0.864077,0.018609,0.004840
0.580000,-0.167617,0.067341,1.003815,-0.423874,-0.000085,-0.000915,0.431292,0.414217,1.005292,-0.622104,0.206126,0.000319,0.699647,-0.061863,0.999136,-0.074520,0.661569,0.003275,-0.578475,0.017904,1.001296,0.325649,-0.714936,0.000519,-0.319677,-0.355466,1.004436,0.869742,0.020767,0.004622
0.600000,-0.176135,0.067257,1.003797,-0.427885,-0.008292,-0.000922,0.418783,0.418370,1.005295,-0.628783,0.209178,0.000005,0.698104,-0.048603,0.999200,-0.079753,0.664459,0.003122,-0.571912,0.003587,1.001306,0.330675,-0.716659,0.000434,-0.302227,-0.355028,1.004526,0.875256,0.023035,0.004392
0.620000,-0.184731,0.067007,1.003778,-0.431773,-0.016789,-0.000929,0.406140,0.422583,1.005292,-0.635494,0.212076,-0.000315,0.696455,-0.035287,0.999261,-0.085192,0.666993,0.002969,-0.565247,-0.010760,1.001313,0.335819,-0.717941,0.000350,-0.284669,-0.354544,1.004611,0.880543,0.025414,0.004150
0.640000,-0.193404,0.066584,1.003760,-0.435487,-0.025560,-0.000936,0.393363,0.426852,1.005283,-0.642192,0.214753,-0.000637,0.694695,-0.021926,0.999319,-0.090820,0.669110,0.002816,-0.558478,-0.025127,1.001320,0.341085,-0.718701,0.000268,-0.267007,-0.354011,1.004692,0.885532,0.027907,0.003895
0.660000,-0.202150,0.065983,1.003741,-0.439027,-0.034606,-0.000943,0.380453,0.431172,1.005267,-0.648877,0.217209,-0.000961,0.692821,-0.008526,0.999374,-0.096640,0.670808,0.002664,-0.551603,-0.039504,1.001324,0.346474,-0.718939,0.000188,-0.249249,-0.353427,1.004767,0.890223,0.030514,0.003628
0.680000,-0.210964,0.065198,1.003722,-0.442395,-0.043925,-0.000951,0.367408,0.435539,1.005244,-0.655549,0.219443,-0.001287,0.690828,0.004904,0.999426,-0.102649,0.672089,0.002514,-0.544619,-0.053881,1.001327,0.351985,-0.718654,0.000109,-0.231400,-0.352789,1.004837,0.894615,0.033234,0.003348
0.700000,-0.219844,0.064224,1.003703,-0.445589,-0.053519,-0.000960,0.354231,0.439948,1.005215,-0.662207,0.221457,-0.001616,0.688714,0.018355,0.999475,-0.108849,0.672952,0.002363,-0.537523,-0.068247,1.001329,0.357619,-0.717847,0.000033,-0.213467,-0.352097,1.004901,0.898709,0.036067,0.003056
0.720000,-0.228786,0.063056,1.003684,-0.448537,-0.063320,-0.000970,0.340921,0.444395,1.005180,-0.668806,0.223182,-0.001944,0.686473,0.031819,0.999520,-0.115224,0.673364,0.002215,-0.530313,-0.082591,1.001328,0.363361,-0.716493,-0.000041,-0.195454,-0.351346,1.004959,0.902436,0.039018,0.002751
0.740000,-0.237784,0.061690,1.003664,-0.451166,-0.073263,-0.000981,0.327479,0.448873,1.005137,-0.675298,0.224549,-0.002270,0.684104,0.045286,0.999563,-0.121756,0.673292,0.002069,-0.522988,-0.096903,1.001327,0.369196,-0.714569,-0.000111,-0.177372,-0.350535,1.005011,0.905728,0.042090,0.002434
0.760000,-0.246831,0.060124,1.003644,-0.453475,-0.083346,-0.000995,0.313909,0.453375,1.005089,-0.681683,0.225559,-0.002594,0.681602,0.058747,0.999603,-0.128447,0.672736,0.001926,-0.515545,-0.111170,1.001324,0.375123,-0.712073,-0.000176,-0.159228,-0.349661,1.005056,0.908585,0.045283,0.002105
0.780000,-0.255921,0.058355,1.003624,-0.455466,-0.093571,-0.001010,0.300213,0.457893,1.005034,-0.687961,0.226211,-0.002915,0.678965,0.072192,0.999640,-0.135296,0.671696,0.001785,-0.507982,-0.125382,1.001320,0.381143,-0.709006,-0.000238,-0.141032,-0.348723,1.005095,0.911008,0.048597,0.001764
0.800000,-0.265047,0.056381,1.003604,-0.457137,-0.103936,-0.001027,0.286392,0.462421,1.004972,-0.694132,0.226506,-0.003234,0.676189,0.085612,0.999675,-0.142303,0.670173,0.001646,-0.500298,-0.139527,1.001315,0.387256,-0.705369,-0.000295,-0.122791,-0.347717,1.005127,0.912996,0.052033,0.001410
0.820000,-0.274204,0.054197,1.003583,-0.458428,-0.114380,-0.001046,0.272448,0.466950,1.004904,-0.700156,0.226387,-0.003550,0.673272,0.098996,0.999706,-0.149455,0.668160,0.001511,-0.492491,-0.153593,1.001308,0.393447,-0.701166,-0.000347,-0.104515,-0.346641,1.005151,0.914496,0.055596,0.001045
0.840000,-0.283381,0.051805,1.003562,-0.459275,-0.124837,-0.001069,0.258387,0.471473,1.004830,-0.705991,0.225798,-0.003862,0.670210,0.112335,0.999735,-0.156738,0.665652,0.001379,-0.484560,-0.167570,1.001301,0.399702,-0.696405,-0.000393,-0.086215,-0.345492,1.005168,0.915456,0.059292,0.000671
0.860000,-0.292572,0.049204,1.003541,-0.459680,-0.135310,-0.001094,0.244210,0.475979,1.004750,-0.711637,0.224737,-0.004171,0.667001,0.125619,0.999761,-0.164152,0.662649,0.001251,-0.476503,-0.181445,1.001293,0.406020,-0.691086,-0.000432,-0.067900,-0.344268,1.005178,0.915875,0.063122,0.000287
0.880000,-0.301766,0.046393,1.003518,-0.459643,-0.145796,-0.001121,0.229922,0.480459,1.004663,-0.717094,0.223205,-0.004476,0.663643,0.138838,0.999785,-0.171696,0.659151,0.001127,-0.468319,-0.195209,1.001284,0.412401,-0.685208,-0.000464,-0.049583,-0.342966,1.005180,0.915755,0.067085,-0.000107
0.900000,-0.310954,0.043372,1.003496,-0.459162,-0.156298,-0.001152,0.215528,0.484904,1.004571,-0.722362,0.221203,-0.004777,0.660133,0.151982,0.999806,-0.179372,0.655158,0.001006,-0.460006,-0.208850,1.001274,0.418847,-0.678771,-0.000490,-0.031274,-0.341584,1.005174,0.915093,0.071181,-0.000511
0.920000,-0.320129,0.040141,1.003472,-0.458185,-0.166755,-0.001185,0.201029,0.489304,1.004472,-0.727407,0.218694,-0.005075,0.656467,0.165041,0.999825,-0.187170,0.650686,0.000888,-0.451565,-0.222357,1.001264,0.425339,-0.671797,-0.000511,-0.012983,-0.340118,1.005159,0.913871,0.075407,-0.000924
0.940000,-0.329278,0.036702,1.003448,-0.456660,-0.177111,-0.001221,0.186433,0.493648,1.004368,-0.732194,0.215642,-0.005371,0.652645,0.178006,0.999842,-0.195081,0.645751,0.000774,-0.442993,-0.235719,1.001254,0.431861,-0.664307,-0.000529,0.005277,-0.338567,1.005137,0.912065,0.079759,-0.001344
0.960000,-0.338391,0.033057,1.003423,-0.454586,-0.187365,-0.001260,0.171743,0.497926,1.004258,-0.736724,0.212048,-0.005665,0.648663,0.190868,0.999856,-0.203107,0.640353,0.000664,-0.434290,-0.248925,1.001243,0.438414,-0.656301,-0.000542,0.023496,-0.336927,1.005106,0.909676,0.084236,-0.001771
0.980000,-0.347458,0.029208,1.003398,-0.451963,-0.197516,-0.001302,0.156966,0.502127,1.004141,-0.740996,0.207911,-0.005958,0.644520,0.203617,0.999869,-0.211246,0.634492,0.000558,-0.425456,-0.261967,1.001232,0.444997,-0.647779,-0.000553,0.041660,-0.335196,1.005066,0.906705,0.088840,-0.002205
1.000000,-0.356466,0.025157,1.003371,-0.448792,-0.207566,-0.001347,0.142105,0.506239,1.004019,-0.745010,0.203231,-0.006248,0.640213,0.216244,0.999879,-0.219499,0.628168,0.000456,-0.416490,-0.274833,1.001221,0.451610,-0.638741,-0.000559,0.059760,-0.333373,1.005017,0.903151,0.093569,-0.002647
1.020000,-0.365406,0.020907,1.003344,-0.445052,-0.217473,-0.001395,0.127167,0.510252,1.003891,-0.748745,0.197982,-0.006536,0.635739,0.228741,0.999887,-0.227859,0.621411,0.000357,-0.407391,-0.287513,1.001210,0.458234,-0.629208,-0.000564,0.077782,-0.331453,1.004960,0.899014,0.098420,-0.003093
1.040000,-0.374264,0.016460,1.003316,-0.440724,-0.227196,-0.001444,0.112157,0.514154,1.003758,-0.752180,0.192136,-0.006824,0.631098,0.241098,0.999893,-0.236319,0.614251,0.000261,-0.398161,-0.299998,1.001198,0.464852,-0.619200,-0.000570,0.095717,-0.329435,1.004894,0.894295,0.103388,-0.003541
1.060000,-0.383031,0.011820,1.003286,-0.435809,-0.236734,-0.001496,0.097082,0.517933,1.003618,-0.755314,0.185693,-0.007110,0.626286,0.253308,0.999897,-0.244880,0.606686,0.000169,-0.388797,-0.312278,1.001187,0.471463,-0.608717,-0.000576,0.113550,-0.327317,1.004818,0.888994,0.108475,-0.003991
1.080000,-0.391693,0.006992,1.003256,-0.430306,-0.246088,-0.001549,0.081947,0.521578,1.003473,-0.758149,0.178652,-0.007394,0.621302,0.265363,0.999900,-0.253542,0.598719,0.000081,-0.379302,-0.324344,1.001175,0.478066,-0.597760,-0.000582,0.131272,-0.325095,1.004734,0.883112,0.113679,-0.004441
1.100000,-0.400239,0.001978,1.003224,-0.424215,-0.255257,-0.001605,0.066758,0.525076,1.003323,-0.760683,0.171015,-0.007678,0.616144,0.277254,0.999901,-0.262304,0.590347,-0.000004,-0.369675,-0.336186,1.001163,0.484663,-0.586328,-0.000588,0.148871,-0.322769,1.004641,0.876647,0.119001,-0.004894
1.120000,-0.408658,-0.003217,1.003191,-0.417532,-0.264215,-0.001661,0.051522,0.528415,1.003166,-0.762898,0.162775,-0.007961,0.610809,0.288974,0.999900,-0.271156,0.581610,-0.000086,-0.359916,-0.347794,1.001152,0.491232,-0.574449,-0.000595,0.166334,-0.320334,1.004538,0.869609,0.124441,-0.005343
1.140000,-0.416936,-0.008589,1.003158,-0.410252,-0.272930,-0.001716,0.036244,0.531583,1.003004,-0.764773,0.153928,-0.008246,0.605297,0.300516,0.999897,-0.280088,0.572544,-0.000165,-0.350026,-0.359161,1.001140,0.497752,-0.562153,-0.000606,0.183652,-0.317790,1.004427,0.862005,0.129997,-0.005786
1.160000,-0.425064,-0.014133,1.003123,-0.402376,-0.281405,-0.001771,0.020933,0.534568,1.002836,-0.766310,0.144473,-0.008531,0.599605,0.311874,0.999893,-0.289100,0.563150,-0.000241,-0.340006,-0.370277,1.001127,0.504224,-0.549439,-0.000618,0.200811,-0.315134,1.004307,0.853837,0.135671,-0.006221
1.180000,-0.433027,-0.019844,1.003087,-0.393903,-0.289639,-0.001826,0.005594,0.537357,1.002663,-0.767507,0.134410,-0.008818,0.593732,0.323040,0.999887,-0.298191,0.553427,-0.000314,-0.329857,-0.381135,1.001115,0.510646,-0.536306,-0.000633,0.217801,-0.312363,1.004178,0.845103,0.141461,-0.006649
1.200000,-0.440816,-0.025717,1.003050,-0.384832,-0.297631,-0.001880,-0.009765,0.539940,1.002484,-0.768366,0.123739,-0.009106,0.587677,0.334009,0.999880,-0.307362,0.543377,-0.000384,-0.319581,-0.391727,1.001102,0.517020,-0.522756,-0.000651,0.234611,-0.309475,1.004041,0.835804,0.147368,-0.007070
1.220000,-0.448417,-0.031747,1.003012,-0.375173,-0.305362,-0.001932,-0.025138,0.542303,1.002299,-0.768864,0.112474,-0.009396,0.581437,0.344773,0.999872,-0.316596,0.533040,-0.000451,-0.309177,-0.402043,1.001089,0.523320,-0.508819,-0.000671,0.251230,-0.306467,1.003895,0.825949,0.153398,-0.007479
1.240000,-0.455819,-0.037929,1.002973,-0.364932,-0.312811,-0.001981,-0.040517,0.544435,1.002108,-0.768980,0.100627,-0.009690,0.575013,0.355329,0.999862,-0.325877,0.522460,-0.000515,-0.298648,-0.412077,1.001075,0.529519,-0.494530,-0.000695,0.267646,-0.303338,1.003742,0.815549,0.159557,-0.007869
1.260000,-0.463010,-0.044258,1.002932,-0.354108,-0.319977,-0.002026,-0.055895,0.546324,1.001911,-0.768714,0.088199,-0.009988,0.568402,0.365670,0.999852,-0.335205,0.511637,-0.000577,-0.287997,-0.421822,1.001061,0.535618,-0.479888,-0.000721,0.283848,-0.300084,1.003581,0.804604,0.165845,-0.008241
1.280000,-0.469979,-0.050727,1.002892,-0.342703,-0.326860,-0.002067,-0.071263,0.547959,1.001708,-0.768067,0.075190,-0.010290,0.561604,0.375793,0.999839,-0.344581,0.500571,-0.000635,-0.277224,-0.431270,1.001046,0.541616,-0.464892,-0.000750,0.299826,-0.296703,1.003412,0.793112,0.172261,-0.008596
1.300000,-0.476714,-0.057330,1.002850,-0.330715,-0.333462,-0.002105,-0.086615,0.549328,1.001500,-0.767039,0.061599,-0.010597,0.554618,0.385691,0.999826,-0.354004,0.489261,-0.000691,-0.266333,-0.440415,1.001031,0.547514,-0.449543,-0.000782,0.315569,-0.293193,1.003237,0.781076,0.178807,-0.008933
1.320000,-0.483204,-0.064063,1.002807,-0.318173,-0.339766,-0.002138,-0.101942,0.550419,1.001284,-0.765603,0.047458,-0.010907,0.547444,0.395362,0.999812,-0.363454,0.477755,-0.000745,-0.255325,-0.449250,1.001015,0.553280,-0.433882,-0.000816,0.331065,-0.289550,1.003055,0.768486,0.185490,-0.009245
1.340000,-0.489438,-0.070919,1.002764,-0.305105,-0.345759,-0.002164,-0.117236,0.551223,1.001063,-0.763734,0.032797,-0.011224,0.540080,0.404801,0.999796,-0.372913,0.466100,-0.000796,-0.244203,-0.457769,1.000998,0.558884,-0.417948,-0.000851,0.346305,-0.285772,1.002867,0.755335,0.192323,-0.009528
1.360000,-0.495405,-0.077891,1.002721,-0.291510,-0.351440,-0.002183,-0.132488,0.551728,1.000835,-0.761434,0.017616,-0.011546,0.532527,0.414005,0.999780,-0.382381,0.454294,-0.000844,-0.232970,-0.465966,1.000981,0.564325,-0.401741,-0.000889,0.361275,-0.281856,1.002674,0.741624,0.199304,-0.009781
1.380000,-0.501095,-0.084974,1.002677,-0.277388,-0.356809,-0.002195,-0.147690,0.551924,1.000601,-0.758701,0.001916,-0.011873,0.524785,0.422971,0.999763,-0.391856,0.442339,-0.000889,-0.221631,-0.473837,1.000963,0.569603,-0.385261,-0.000928,0.375966,-0.277799,1.002476,0.727352,0.206433,-0.010004
1.400000,-0.506497,-0.092162,1.002633,-0.262740,-0.361867,-0.002201,-0.162834,0.551801,1.000361,-0.755535,-0.014304,-0.012207,0.516853,0.431697,0.999744,-0.401341,0.430235,-0.000932,-0.210187,-0.481375,1.000944,0.574718,-0.368508,-0.000968,0.390365,-0.273598,1.002274,0.712520,0.213711,-0.010198
1.420000,-0.511601,-0.099447,1.002589,-0.247613,-0.366616,-0.002200,-0.177909,0.551349,1.000113,-0.751919,-0.031000,-0.012544,0.508731,0.440180,0.999725,-0.410813,0.418029,-0.000973,-0.198643,-0.488575,1.000924,0.579654,-0.351528,-0.001010,0.404463,-0.269249,1.002069,0.697133,0.221143,-0.010355
1.440000,-0.516399,-0.106824,1.002545,-0.232057,-0.371061,-0.002191,-0.192907,0.550558,0.999859,-0.747832,-0.048128,-0.012886,0.500421,0.448418,0.999706,-0.420253,0.405770,-0.001011,-0.187003,-0.495435,1.000903,0.584394,-0.334365,-0.001054,0.418247,-0.264751,1.001860,0.681198,0.228733,-0.010472
1.460000,-0.520881,-0.114287,1.002501,-0.216070,-0.375201,-0.002175,-0.207819,0.549421,0.999598,-0.743275,-0.065688,-0.013231,0.491921,0.456411,0.999685,-0.429662,0.393459,-0.001047,-0.175269,-0.501949,1.000882,0.588938,-0.317019,-0.001098,0.431707,-0.260099,1.001650,0.664716,0.236481,-0.010547
1.480000,-0.525038,-0.121830,1.002458,-0.199653,-0.379036,-0.002152,-0.222635,0.547928,0.999329,-0.738248,-0.083680,-0.013580,0.483234,0.464156,0.999664,-0.439038,0.381095,-0.001080,-0.163446,-0.508114,1.000859,0.593286,-0.299491,-0.001144,0.444832,-0.255291,1.001439,0.647686,0.244387,-0.010581
1.500000,-0.528864,-0.129447,1.002415,-0.182807,-0.382566,-0.002120,-0.237346,0.546071,0.999054,-0.732750,-0.102104,-0.013933,0.474360,0.471654,0.999642,-0.448382,0.368678,-0.001112,-0.151539,-0.513927,1.000836,0.597438,-0.281780,-0.001190,0.457611,-0.250322,1.001227,0.630109,0.252452,-0.010574
1.520000,-0.532348,-0.137131,1.002373,-0.165587,-0.385810,-0.002083,-0.251942,0.543841,0.998772,-0.726782,-0.120896,-0.014285,0.465299,0.478903,0.999619,-0.457675,0.356255,-0.001141,-0.139550,-0.519384,1.000812,0.601394,-0.263934,-0.001238,0.470033,-0.245191,1.001016,0.612022,0.260672,-0.010525
1.540000,-0.535485,-0.144877,1.002332,-0.148052,-0.388785,-0.002040,-0.266414,0.541233,0.998483,-0.720343,-0.139988,-0.014635,0.456054,0.485904,0.999596,-0.466896,0.343873,-0.001168,-0.127484,-0.524484,1.000787,0.605153,-0.246001,-0.001288,0.482089,-0.239895,1.000806,0.593466,0.269044,-0.010432
1.560000,-0.538268,-0.152681,1.002292,-0.130202,-0.391493,-0.001991,-0.280752,0.538240,0.998187,-0.713434,-0.159383,-0.014981,0.446624,0.492658,0.999573,-0.476047,0.331532,-0.001193,-0.115345,-0.529224,1.000760,0.608717,-0.227981,-0.001339,0.493769,-0.234429,1.000599,0.574439,0.277569,-0.010296
1.580000,-0.540691,-0.160535,1.002253,-0.112037,-0.393933,-0.001937,-0.294948,0.534855,0.997884,-0.706054,-0.179079,-0.015324,0.437012,0.499166,0.999548,-0.485126,0.319233,-0.001217,-0.103137,-0.533603,1.000733,0.612083,-0.209875,-0.001391,0.505063,-0.228791,1.000395,0.554943,0.286245,-0.010117
1.600000,-0.542748,-0.168436,1.002214,-0.093556,-0.396104,-0.001877,-0.308991,0.531074,0.997574,-0.698203,-0.199077,-0.015663,0.427220,0.505428,0.999524,-0.494134,0.306974,-0.001239,-0.090863,-0.537618,1.000705,0.615254,-0.191682,-0.001445,0.515963,-0.222978,1.000195,0.534977,0.295074,-0.009895
1.620000,-0.544432,-0.176378,1.002178,-0.074834,-0.398031,-0.001813,-0.322873,0.526891,0.997257,-0.689890,-0.219295,-0.015993,0.417247,0.511445,0.999499,-0.503055,0.294796,-0.001259,-0.078528,-0.541270,1.000675,0.618243,-0.173444,-0.001501,0.526460,-0.216987,0.999999,0.514606,0.304047,-0.009635
1.640000,-0.545740,-0.184356,1.002142,-0.055945,-0.399737,-0.001747,-0.336584,0.522302,0.996934,-0.681126,-0.239651,-0.016309,0.407098,0.517221,0.999473,-0.511874,0.282738,-0.001279,-0.066135,-0.544556,1.000645,0.621066,-0.155204,-0.001560,0.536545,-0.210815,0.999809,0.493897,0.313155,-0.009343
1.660000,-0.546668,-0.192366,1.002108,-0.036888,-0.401223,-0.001679,-0.350115,0.517304,0.996605,-0.671908,-0.260146,-0.016610,0.396773,0.522756,0.999448,-0.520591,0.270800,-0.001298,-0.053686,-0.547478,1.000613,0.623723,-0.136960,-0.001622,0.546213,-0.204460,0.999626,0.472851,0.322399,-0.009019
1.680000,-0.547214,-0.200403,1.002075,-0.017664,-0.402488,-0.001608,-0.363457,0.511895,0.996270,-0.662239,-0.280780,-0.016897,0.386275,0.528053,0.999422,-0.529205,0.258982,-0.001315,-0.041187,-0.550034,1.000580,0.626213,-0.118714,-0.001686,0.555457,-0.197918,0.999449,0.451466,0.331779,-0.008664
1.700000,-0.547374,-0.208464,1.002043,0.001727,-0.403532,-0.001536,-0.376602,0.506072,0.995929,-0.652117,-0.301552,-0.017169,0.375606,0.533116,0.999395,-0.537717,0.247284,-0.001332,-0.028639,-0.552226,1.000545,0.628538,-0.100465,-0.001753,0.564270,-0.191188,0.999279,0.429742,0.341294,-0.008277
1.720000,-0.547145,-0.216543,1.002013,0.021211,-0.404377,-0.001463,-0.389539,0.499833,0.995583,-0.641584,-0.322368,-0.017426,0.364767,0.537946,0.999368,-0.546117,0.235731,-0.001349,-0.016046,-0.554053,1.000510,0.630716,-0.082249,-0.001824,0.572645,-0.184266,0.999118,0.407764,0.350921,-0.007867
1.740000,-0.546525,-0.224638,1.001985,0.040714,-0.405044,-0.001392,-0.402263,0.493177,0.995232,-0.630682,-0.343134,-0.017668,0.353762,0.542546,0.999341,-0.554395,0.224348,-0.001365,-0.003411,-0.555517,1.000472,0.632768,-0.064104,-0.001899,0.580579,-0.177150,0.998965,0.385615,0.360633,-0.007444
1.760000,-0.545516,-0.232744,1.001958,0.060237,-0.405534,-0.001323,-0.414764,0.486107,0.994877,-0.619411,-0.363849,-0.017894,0.342592,0.546921,0.999314,-0.562552,0.213136,-0.001382,0.009264,-0.556618,1.000434,0.634694,-0.046029,-0.001978,0.588068,-0.169840,0.998820,0.363295,0.370432,-0.007008
1.780000,-0.544116,-0.240858,1.001932,0.079779,-0.405845,-0.001255,-0.427037,0.478624,0.994517,-0.607771,-0.384514,-0.018105,0.331261,0.551073,0.999286,-0.570587,0.202094,-0.001399,0.021976,-0.557358,1.000393,0.636493,-0.028024,-0.002061,0.595110,-0.162332,0.998685,0.340804,0.380317,-0.006558
1.800000,-0.542325,-0.248977,1.001907,0.099340,-0.405978,-0.001188,-0.439073,0.470727,0.994153,-0.595762,-0.405129,-0.018299,0.319769,0.555006,0.999258,-0.578500,0.191221,-0.001415,0.034722,-0.557739,1.000351,0.638167,-0.010090,-0.002148,0.601699,-0.154627,0.998558,0.318141,0.390288,-0.006096
1.820000,-0.540142,-0.257096,1.001884,0.118862,-0.405946,-0.001125,-0.450865,0.462420,0.993785,-0.583449,-0.425599,-0.018483,0.308121,0.558723,0.999229,-0.586297,0.180529,-0.001433,0.047502,-0.557763,1.000307,0.639730,0.007736,-0.002240,0.607835,-0.146721,0.998441,0.295402,0.400304,-0.005627
1.840000,-0.537571,-0.265213,1.001862,0.138287,-0.405761,-0.001067,-0.462409,0.453705,0.993413,-0.570896,-0.445830,-0.018661,0.296318,0.562228,0.999200,-0.593980,0.170028,-0.001452,0.060311,-0.557431,1.000262,0.641199,0.025414,-0.002335,0.613516,-0.138614,0.998333,0.272680,0.410322,-0.005158
1.860000,-0.534612,-0.273325,1.001842,0.157616,-0.405424,-0.001014,-0.473699,0.444588,0.993038,-0.558104,-0.465821,-0.018831,0.284363,0.565525,0.999171,-0.601550,0.159716,-0.001473,0.073149,-0.556747,1.000214,0.642572,0.042945,-0.002435,0.618742,-0.130308,0.998235,0.249974,0.420342,-0.004691
1.880000,-0.531267,-0.281429,1.001822,0.176848,-0.404933,-0.000965,-0.484731,0.435074,0.992660,-0.545074,-0.485574,-0.018996,0.272257,0.568618,0.999141,-0.609008,0.149595,-0.001495,0.086013,-0.555714,1.000164,0.643851,0.060329,-0.002538,0.623515,-0.121801,0.998145,0.227286,0.430365,-0.004223
1.900000,-0.527538,-0.289522,1.001803,0.195983,-0.404290,-0.000921,-0.495501,0.425167,0.992278,-0.531804,-0.505088,-0.019153,0.260003,0.571510,0.999111,-0.616352,0.139664,-0.001519,0.098902,-0.554335,1.000112,0.645035,0.077566,-0.002645,0.627834,-0.113093,0.998066,0.204615,0.440390,-0.003757
1.920000,-0.523428,-0.297600,1.001785,0.214985,-0.403496,-0.000883,-0.506002,0.414872,0.991894,-0.518359,-0.524274,-0.019306,0.247604,0.574206,0.999081,-0.623588,0.129928,-0.001544,0.111814,-0.552613,1.000058,0.646137,0.094633,-0.002755,0.631700,-0.104185,0.997995,0.182053,0.450362,-0.003295
1.940000,-0.518940,-0.305661,1.001768,0.233816,-0.402553,-0.000852,-0.516234,0.404198,0.991506,-0.504804,-0.543044,-0.019455,0.235060,0.576709,0.999050,-0.630718,0.120393,-0.001571,0.124747,-0.550551,1.000002,0.647169,0.111508,-0.002868,0.635117,-0.095079,0.997934,0.159694,0.460226,-0.002842
1.960000,-0.514077,-0.313701,1.001751,0.252478,-0.401461,-0.000828,-0.526194,0.393153,0.991116,-0.491139,-0.561399,-0.019601,0.222376,0.579023,0.999018,-0.637744,0.111059,-0.001601,0.137700,-0.548154,0.999944,0.648132,0.128190,-0.002984,0.638089,-0.085777,0.997881,0.137536,0.469980,-0.002398
1.980000,-0.508842,-0.321718,1.001734,0.270969,-0.400220,-0.000810,-0.535879,0.381745,0.990722,-0.477363,-0.579337,-0.019742,0.209551,0.581152,0.998985,-0.644664,0.101926,-0.001632,0.150672,-0.545425,0.999883,0.649026,0.144679,-0.003103,0.640620,-0.076281,0.997838,0.115580,0.479626,-0.001964
2.000000,-0.503239,-0.329709,1.001718,0.289290,-0.398830,-0.000800,-0.545288,0.369983,0.990326,-0.463477,-0.596860,-0.019881,0.196590,0.583101,0.998953,-0.651479,0.092994,-0.001665,0.163661,-0.542368,0.999819,0.649851,0.160975,-0.003225,0.642714,-0.066593,0.997803,0.093826,0.489162,-0.001539
2.020000,-0.497272,-0.337670,1.001702,0.307409,-0.397289,-0.000796,-0.554418,0.357874,0.989927,-0.449546,-0.613890,-0.020013,0.183493,0.584874,0.998919,-0.658191,0.084265,-0.001700,0.176666,-0.538987,0.999754,0.650612,0.177056,-0.003347,0.644375,-0.056716,0.997776,0.072354,0.498526,-0.001124
2.040000,-0.490944,-0.345599,1.001687,0.325293,-0.395595,-0.000799,-0.563270,0.345431,0.989526,-0.435633,-0.630349,-0.020137,0.170263,0.586473,0.998885,-0.664800,0.075743,-0.001737,0.189685,-0.535287,0.999686,0.651317,0.192896,-0.003469,0.645610,-0.046653,0.997758,0.051245,0.507653,-0.000723
2.060000,-0.484262,-0.353493,1.001670,0.342942,-0.393746,-0.000808,-0.571843,0.332664,0.989122,-0.421739,-0.646239,-0.020254,0.156902,0.587905,0.998849,-0.671307,0.067427,-0.001774,0.202718,-0.531273,0.999615,0.651964,0.208497,-0.003590,0.646427,-0.036411,0.997747,0.030498,0.516543,-0.000335
2.080000,-0.477228,-0.361348,1.001654,0.360356,-0.391745,-0.000823,-0.580139,0.319585,0.988715,-0.407864,-0.661557,-0.020363,0.143411,0.589172,0.998814,-0.677712,0.059318,-0.001814,0.215763,-0.526949,0.999542,0.652554,0.223858,-0.003711,0.646833,-0.025993,0.997744,0.010114,0.525197,0.000040
2.100000,-0.469849,-0.369162,1.001638,0.377535,-0.389589,-0.000844,-0.588158,0.306206,0.988307,-0.394007,-0.676306,-0.020464,0.129794,0.590279,0.998777,-0.684014,0.051415,-0.001854,0.228820,-0.522320,0.999466,0.653087,0.238979,-0.003830,0.646834,-0.015405,0.997749,-0.009907,0.533614,0.000402
2.120000,-0.462129,-0.376931,1.001620,0.394449,-0.387277,-0.000870,-0.595900,0.292537,0.987897,-0.380235,-0.690417,-0.020550,0.116051,0.591230,0.998739,-0.690209,0.043722,-0.001895,0.241886,-0.517391,0.999389,0.653561,0.253834,-0.003946,0.646439,-0.004651,0.997760,-0.029505,0.541729,0.000750
2.140000,-0.454073,-0.384652,1.001603,0.411067,-0.384803,-0.000899,-0.603368,0.278594,0.987485,-0.366611,-0.703824,-0.020615,0.102186,0.592029,0.998701,-0.696293,0.036240,-0.001936,0.254962,-0.512169,0.999309,0.653971,0.268397,-0.004055,0.645657,0.006262,0.997779,-0.048618,0.549476,0.001086
2.160000,-0.445688,-0.392322,1.001584,0.427390,-0.382168,-0.000930,-0.610566,0.264389,0.987073,-0.353137,-0.716525,-0.020660,0.088200,0.592681,0.998662,-0.702264,0.028969,-0.001976,0.268045,-0.506657,0.999227,0.654319,0.282667,-0.004156,0.644498,0.017326,0.997803,-0.067245,0.556856,0.001408
2.180000,-0.436979,-0.399937,1.001565,0.443418,-0.379372,-0.000965,-0.617495,0.249937,0.986659,-0.339811,-0.728523,-0.020683,0.074096,0.593189,0.998622,-0.708123,0.021910,-0.002016,0.281134,-0.500864,0.999142,0.654603,0.296644,-0.004251,0.642971,0.028534,0.997835,-0.085387,0.563868,0.001716
2.200000,-0.427953,-0.407496,1.001546,0.459150,-0.376415,-0.001003,-0.624159,0.235253,0.986245,-0.326635,-0.739815,-0.020685,0.059876,0.593559,0.998581,-0.713870,0.015063,-0.002056,0.294229,-0.494794,0.999057,0.654825,0.310329,-0.004339,0.641085,0.039878,0.997872,-0.103044,0.570512,0.002011
2.220000,-0.418616,-0.414993,1.001525,0.474555,-0.373295,-0.001041,-0.630562,0.220350,0.985832,-0.313666,-0.750360,-0.020657,0.045542,0.593793,0.998540,-0.719491,0.008430,-0.002093,0.307327,-0.488453,0.998969,0.654968,0.323691,-0.004415,0.638852,0.051351,0.997915,-0.120179,0.576727,0.002293
2.240000,-0.408973,-0.422426,1.001504,0.489602,-0.370011,-0.001076,-0.636707,0.205244,0.985419,-0.300964,-0.760114,-0.020590,0.031098,0.593897,0.998498,-0.724971,0.002016,-0.002127,0.320427,-0.481848,0.998880,0.655016,0.336696,-0.004475,0.636282,0.062944,0.997964,-0.136753,0.582454,0.002564
2.260000,-0.399034,-0.429792,1.001482,0.504290,-0.366563,-0.001108,-0.642602,0.189950,0.985009,-0.288528,-0.769077,-0.020485,0.016545,0.593875,0.998455,-0.730310,-0.004180,-0.002157,0.333527,-0.474987,0.998790,0.654970,0.349347,-0.004519,0.633386,0.074646,0.998018,-0.152768,0.587690,0.002824
2.280000,-0.388804,-0.437088,1.001460,0.518621,-0.362952,-0.001138,-0.648250,0.174486,0.984600,-0.276358,-0.777250,-0.020340,0.001886,0.593732,0.998411,-0.735508,-0.010157,-0.002183,0.346625,-0.467877,0.998699,0.654828,0.361642,-0.004547,0.630175,0.086448,0.998077,-0.168222,0.592438,0.003071
2.300000,-0.378291,-0.444309,1.001437,0.532593,-0.359176,-0.001165,-0.653658,0.158866,0.984195,-0.264454,-0.784631,-0.020157,-0.012875,0.593470,0.998367,-0.740565,-0.015915,-0.002205,0.359719,-0.460524,0.998608,0.654591,0.373582,-0.004559,0.626661,0.098341,0.998140,-0.183117,0.596695,0.003308
2.320000,-0.367503,-0.451454,1.001413,0.546173,-0.355241,-0.001186,-0.658831,0.143106,0.983794,-0.252857,-0.791210,-0.019924,-0.027735,0.593096,0.998323,-0.745447,-0.021449,-0.002222,0.372808,-0.452936,0.998517,0.654229,0.385129,-0.004549,0.622854,0.110313,0.998209,-0.197442,0.600416,0.003534
2.340000,-0.356447,-0.458518,1.001389,0.559325,-0.351153,-0.001196,-0.663775,0.127223,0.983399,-0.241607,-0.796973,-0.019628,-0.042691,0.592614,0.998279,-0.750122,-0.026750,-0.002229,0.385887,-0.445122,0.998427,0.653712,0.396245,-0.004511,0.618767,0.122353,0.998282,-0.211188,0.603551,0.003751
2.360000,-0.345133,-0.465499,1.001366,0.572049,-0.346910,-0.001197,-0.668497,0.111232,0.983010,-0.230704,-0.801922,-0.019270,-0.057739,0.592028,0.998234,-0.754589,-0.031820,-0.002228,0.398955,-0.437089,0.998337,0.653038,0.406931,-0.004446,0.614410,0.134451,0.998359,-0.224355,0.606101,0.003959
2.380000,-0.333568,-0.472393,1.001342,0.584345,-0.342513,-0.001187,-0.673005,0.095151,0.982628,-0.220148,-0.806056,-0.018850,-0.072873,0.591343,0.998190,-0.758848,-0.036658,-0.002218,0.412008,-0.428847,0.998249,0.652209,0.417186,-0.004352,0.609797,0.146593,0.998440,-0.236943,0.608065,0.004158
2.400000,-0.321762,-0.479198,1.001318,0.596214,-0.337962,-0.001167,-0.677305,0.078996,0.982256,-0.209939,-0.809374,-0.018368,-0.088091,0.590563,0.998145,-0.762899,-0.041265,-0.002199,0.425042,-0.420405,0.998163,0.651224,0.427010,-0.004231,0.604937,0.158769,0.998525,-0.248952,0.609444,0.004349
2.420000,-0.309723,-0.485911,1.001295,0.607617,-0.333271,-0.001132,-0.681405,0.062782,0.981894,-0.200092,-0.811883,-0.017810,-0.103388,0.589694,0.998102,-0.766693,-0.045633,-0.002170,0.438055,-0.411770,0.998080,0.650045,0.436372,-0.004077,0.599842,0.170967,0.998614,-0.260385,0.610219,0.004531
2.440000,-0.297461,-0.492528,1.001273,0.618515,-0.328452,-0.001079,-0.685312,0.046526,0.981544,-0.190620,-0.813587,-0.017160,-0.118757,0.588739,0.998059,-0.770180,-0.049756,-0.002128,0.451043,-0.402953,0.998000,0.648635,0.445239,-0.003884,0.594525,0.183174,0.998706,-0.271242,0.610372,0.004703
2.460000,-0.284986,-0.499048,1.001252,0.628907,-0.323505,-0.001007,-0.689032,0.030243,0.981208,-0.181525,-0.814487,-0.016419,-0.134193,0.587705,0.998017,-0.773359,-0.053635,-0.002073,0.463999,-0.393964,0.997925,0.646994,0.453612,-0.003654,0.588996,0.195378,0.998802,-0.281525,0.609901,0.004867
2.480000,-0.272308,-0.505468,1.001233,0.638795,-0.318431,-0.000915,-0.692575,0.013951,0.980888,-0.172804,-0.814582,-0.015587,-0.149689,0.586596,0.997976,-0.776231,-0.057269,-0.002005,0.476921,-0.384812,0.997854,0.645122,0.461491,-0.003384,0.583268,0.207566,0.998901,-0.291234,0.608807,0.005022
2.500000,-0.259437,-0.511784,1.001216,0.648179,-0.313230,-0.000805,-0.695947,-0.002334,0.980585,-0.164460,-0.813871,-0.014664,-0.165240,0.585416,0.997937,-0.778795,-0.060658,-0.001925,0.489803,-0.375507,0.997790,0.643019,0.468874,-0.003077,0.577351,0.219726,0.999003,-0.300368,0.607091,0.005167
2.520000,-0.246384,-0.517996,1.001201,0.657016,-0.307924,-0.000673,-0.699156,-0.018598,0.980302,-0.156479,-0.812387,-0.013633,-0.180839,0.584171,0.997899,-0.780996,-0.063801,-0.001830,0.502640,-0.366060,0.997732,0.640646,0.475750,-0.002727,0.571257,0.231845,0.999107,-0.308941,0.604756,0.005301
2.540000,-0.233160,-0.524101,1.001189,0.665265,-0.302536,-0.000515,-0.702209,-0.034825,0.980041,-0.148847,-0.810157,-0.012478,-0.196477,0.582866,0.997863,-0.782777,-0.066696,-0.001721,0.515426,-0.356481,0.997681,0.637966,0.482103,-0.002330,0.564997,0.243912,0.999215,-0.316970,0.601808,0.005422
2.560000,-0.219778,-0.530097,1.001180,0.672928,-0.297066,-0.000333,-0.705112,-0.051000,0.979804,-0.141564,-0.807182,-0.011198,-0.212147,0.581505,0.997830,-0.784139,-0.069344,-0.001597,0.528156,-0.346780,0.997639,0.634978,0.487935,-0.001887,0.558582,0.255914,0.999324,-0.324453,0.598247,0.005529
2.580000,-0.206247,-0.535983,1.001176,0.680003,-0.291514,-0.000124,-0.707873,-0.067107,0.979594,-0.134631,-0.803462,-0.009793,-0.227840,0.580094,0.997800,-0.785081,-0.071743,-0.001458,0.540824,-0.336967,0.997606,0.631682,0.493245,-0.001398,0.552022,0.267838,0.999436,-0.331390,0.594073,0.005623
2.600000,-0.192581,-0.541757,1.001175,0.686491,-0.285881,0.000109,-0.710500,-0.083133,0.979413,-0.128048,-0.798997,-0.008264,-0.243547,0.578637,0.997772,-0.785604,-0.073895,-0.001304,0.553422,-0.327053,0.997583,0.628078,0.498032,-0.000861,0.545330,0.279673,0.999549,-0.337782,0.589285,0.005703
2.620000,-0.178792,-0.547418,1.001180,0.692357,-0.280187,0.000369,-0.712997,-0.099062,0.979264,-0.121778,-0.793821,-0.006592,-0.259261,0.577139,0.997748,-0.785652,-0.075805,-0.001136,0.565944,-0.317049,0.997572,0.624131,0.502307,-0.000276,0.538515,0.291405,0.999664,-0.343657,0.583900,0.005765
2.640000,-0.164891,-0.552964,1.001190,0.697567,-0.274454,0.000658,-0.715373,-0.114881,0.979150,-0.115785,-0.787968,-0.004758,-0.274970,0.575606,0.997727,-0.785169,-0.077481,-0.000952,0.578384,-0.306964,0.997572,0.619806,0.506078,0.000360,0.531587,0.303025,0.999780,-0.349041,0.577934,0.005804
2.660000,-0.150894,-0.558396,1.001207,0.702122,-0.268682,0.000974,-0.717631,-0.130577,0.979075,-0.110069,-0.781438,-0.002761,-0.290664,0.574042,0.997710,-0.784157,-0.078922,-0.000754,0.590734,-0.296809,0.997586,0.615102,0.509346,0.001048,0.524556,0.314519,0.999896,-0.353934,0.571386,0.005820
2.680000,-0.136811,-0.563711,1.001230,0.706020,-0.262871,0.001319,-0.719777,-0.146134,0.979041,-0.104631,-0.774231,-0.000603,-0.306333,0.572451,0.997697,-0.782614,-0.080128,-0.000540,0.602986,-0.286594,0.997615,0.610020,0.512110,0.001788,0.517433,0.325876,1.000012,-0.358338,0.564258,0.005813
2.700000,-0.122657,-0.568910,1.001260,0.709263,-0.257022,0.001692,-0.721818,-0.161541,0.979052,-0.099469,-0.766347,0.001717,-0.321965,0.570838,0.997688,-0.780540,-0.081099,-0.000312,0.615132,-0.276328,0.997658,0.604559,0.514370,0.002578,0.510226,0.337085,1.000128,-0.362251,0.556548,0.005783
2.720000,-0.108445,-0.573992,1.001297,0.711828,-0.251154,0.002092,-0.723758,-0.176784,0.979111,-0.094533,-0.757815,0.004219,-0.337550,0.569208,0.997684,-0.777897,-0.081852,-0.000070,0.627165,-0.266022,0.997718,0.598681,0.516149,0.003421,0.502946,0.348134,1.000243,-0.365709,0.548278,0.005723
2.740000,-0.094189,-0.578956,1.001344,0.713691,-0.245289,0.002519,-0.725600,-0.191850,0.979222,-0.089768,-0.748664,0.006923,-0.353077,0.567565,0.997685,-0.774645,-0.082404,0.000184,0.639076,-0.255685,0.997795,0.592344,0.517467,0.004317,0.495600,0.359013,1.000357,-0.368747,0.539467,0.005626
2.760000,-0.079902,-0.583804,1.001398,0.714855,-0.239425,0.002974,-0.727349,-0.206726,0.979389,-0.085175,-0.738895,0.009829,-0.368532,0.565913,0.997692,-0.770784,-0.082755,0.000450,0.650856,-0.245327,0.997891,0.585548,0.518326,0.005265,0.488199,0.369709,1.000468,-0.371364,0.530116,0.005492
2.780000,-0.065599,-0.588533,1.001463,0.715317,-0.233564,0.003455,-0.729008,-0.221401,0.979616,-0.080755,-0.728507,0.012936,-0.383904,0.564257,0.997703,-0.766314,-0.082905,0.000730,0.662495,-0.234956,0.998006,0.578295,0.518724,0.006266,0.480749,0.380214,1.000576,-0.373560,0.520225,0.005321
2.800000,-0.051294,-0.593146,1.001537,0.715079,-0.227706,0.003963,-0.730581,-0.235863,0.979908,-0.076506,-0.717501,0.016246,-0.399181,0.562599,0.997721,-0.761234,-0.082854,0.001021,0.673985,-0.224581,0.998142,0.570583,0.518663,0.007320,0.473259,0.390515,1.000681,-0.375336,0.509794,0.005114
2.820000,-0.037001,-0.597642,1.001621,0.714129,-0.221860,0.004495,-0.732069,-0.250098,0.980268,-0.072367,-0.705902,0.019777,-0.414349,0.560944,0.997744,-0.755514,-0.082626,0.001323,0.685315,-0.214212,0.998300,0.562377,0.518179,0.008426,0.465738,0.400602,1.000781,-0.376744,0.498848,0.004860
2.840000,-0.022734,-0.602021,1.001717,0.712456,-0.216036,0.005048,-0.733476,-0.264095,0.980701,-0.068276,-0.693733,0.023549,-0.429397,0.559295,0.997774,-0.749124,-0.082246,0.001633,0.696476,-0.203856,0.998480,0.553641,0.517308,0.009581,0.458191,0.410466,1.000875,-0.377836,0.487413,0.004552
2.860000,-0.008507,-0.606283,1.001823,0.710061,-0.210236,0.005623,-0.734801,-0.277843,0.981211,-0.064232,-0.680996,0.027561,-0.444310,0.557655,0.997810,-0.742062,-0.081715,0.001951,0.707458,-0.193522,0.998683,0.544375,0.516053,0.010785,0.450626,0.420095,1.000962,-0.378613,0.475489,0.004189
2.880000,0.005664,-0.610430,1.001942,0.706943,-0.204459,0.006218,-0.736045,-0.291331,0.981805,-0.060235,-0.667691,0.031814,-0.459075,0.556027,0.997852,-0.734330,-0.081031,0.002277,0.718248,-0.183217,0.998911,0.534579,0.514411,0.012040,0.443049,0.429482,1.001042,-0.379073,0.463075,0.003771
2.900000,0.019766,-0.614462,1.002072,0.703102,-0.198704,0.006835,-0.737210,-0.304547,0.982486,-0.056286,-0.653816,0.036308,-0.473679,0.554415,0.997901,-0.725926,-0.080196,0.002611,0.728837,-0.172948,0.999165,0.524252,0.512384,0.013344,0.435465,0.438615,1.001113,-0.379218,0.450171,0.003299
2.920000,0.033783,-0.618379,1.002215,0.698540,-0.192975,0.007469,-0.738297,-0.317480,0.983259,-0.052317,-0.639388,0.041059,-0.488107,0.552820,0.997956,-0.716834,-0.079240,0.002950,0.739214,-0.162724,0.999445,0.513372,0.510021,0.014693,0.427882,0.447486,1.001174,-0.379106,0.436796,0.002769
2.940000,0.047702,-0.622181,1.002371,0.693258,-0.187275,0.008113,-0.739303,-0.330119,0.984130,-0.048261,-0.624420,0.046083,-0.502347,0.551245,0.998019,-0.707034,-0.078196,0.003292,0.749368,-0.152549,0.999753,0.501913,0.507370,0.016084,0.420303,0.456084,1.001223,-0.378796,0.422967,0.002179
2.960000,0.061509,-0.625870,1.002540,0.687257,-0.181604,0.008768,-0.740227,-0.342453,0.985104,-0.044118,-0.608913,0.051380,-0.516384,0.549693,0.998088,-0.696527,-0.077064,0.003636,0.759287,-0.142431,1.000089,0.489876,0.504432,0.017515,0.412731,0.464401,1.001260,-0.378288,0.408683,0.001528
2.980000,0.075188,-0.629445,1.002722,0.680536,-0.175960,0.009435,-0.741067,-0.354472,0.986187,-0.039888,-0.592867,0.056950,-0.530204,0.548164,0.998164,-0.685313,-0.075843,0.003983,0.768959,-0.132374,1.000454,0.477261,0.501207,0.018988,0.405172,0.472428,1.001284,-0.377581,0.393945,0.000817
3.000000,0.088725,-0.632908,1.002917,0.673095,-0.170346,0.010112,-0.741821,-0.366164,0.987384,-0.035571,-0.576282,0.062794,-0.543792,0.546660,0.998247,-0.673391,-0.074534,0.004332,0.778374,-0.122384,1.000849,0.464067,0.497696,0.020501,0.397629,0.480156,1.001293,-0.376677,0.378753,0.000045
3.020000,0.102107,-0.636259,1.003126,0.664956,-0.164754,0.010792,-0.742489,-0.377519,0.988700,-0.031098,-0.559164,0.068919,-0.557134,0.545183,0.998338,-0.660752,-0.073174,0.004680,0.787518,-0.112468,1.001274,0.450281,0.493952,0.022048,0.390106,0.487575,1.001285,-0.375630,0.363122,-0.000791
3.040000,0.115319,-0.639499,1.003349,0.656137,-0.159180,0.011469,-0.743064,-0.388527,0.990142,-0.026402,-0.541521,0.075334,-0.570217,0.543733,0.998435,-0.647382,-0.071803,0.005025,0.796381,-0.102627,1.001731,0.435886,0.490032,0.023620,0.382605,0.494678,1.001260,-0.374496,0.347066,-0.001694
3.060000,0.128348,-0.642627,1.003585,0.646640,-0.153622,0.012140,-0.743543,-0.399177,0.991716,-0.021483,-0.523351,0.082041,-0.583025,0.542310,0.998539,-0.633282,-0.070419,0.005365,0.804949,-0.092867,1.002219,0.420884,0.485937,0.025217,0.375127,0.501455,1.001217,-0.373275,0.330585,-0.002665
3.080000,0.141180,-0.645644,1.003835,0.636465,-0.148082,0.012808,-0.743922,-0.409458,0.993426,-0.016340,-0.504656,0.089038,-0.595543,0.540916,0.998649,-0.618453,-0.069024,0.005701,0.813212,-0.083191,1.002740,0.405274,0.481665,0.026840,0.367674,0.507899,1.001153,-0.371966,0.313680,-0.003704
3.100000,0.153802,-0.648550,1.004097,0.625611,-0.142559,0.013471,-0.744195,-0.419360,0.995279,-0.010974,-0.485435,0.096326,-0.607758,0.539550,0.998767,-0.602894,-0.067616,0.006034,0.821156,-0.073602,1.003293,0.389057,0.477216,0.028489,0.360249,0.514000,1.001068,-0.370570,0.296349,-0.004810
3.120000,0.166200,-0.651346,1.004373,0.614106,-0.137044,0.014125,-0.744359,-0.428872,0.997281,-0.005321,-0.465712,0.103901,-0.619654,0.538211,0.998890,-0.586608,-0.066242,0.006358,0.828770,-0.064103,1.003879,0.372224,0.472644,0.030157,0.352852,0.519750,1.000961,-0.369151,0.278612,-0.005988
3.140000,0.178362,-0.654032,1.004662,0.601981,-0.131527,0.014768,-0.744406,-0.437985,0.999437,0.000683,-0.445510,0.111760,-0.631218,0.536899,0.999021,-0.569598,-0.064948,0.006672,0.836041,-0.054697,1.004499,0.354767,0.467998,0.031839,0.345483,0.525141,1.000828,-0.367772,0.260485,-0.007241
3.160000,0.190275,-0.656607,1.004964,0.589233,-0.126008,0.015397,-0.744329,-0.446689,1.001753,0.007036,-0.424829,0.119901,-0.642433,0.535613,0.999157,-0.551864,-0.063732,0.006974,0.842957,-0.045384,1.005153,0.336687,0.463279,0.033534,0.338141,0.530167,1.000670,-0.366434,0.241968,-0.008568
3.180000,0.201927,-0.659072,1.005278,0.575864,-0.120487,0.016014,-0.744122,-0.454975,1.004235,0.013740,-0.403670,0.128326,-0.653287,0.534350,0.999300,-0.533405,-0.062595,0.007266,0.849505,-0.036166,1.005841,0.317983,0.458488,0.035244,0.330825,0.534818,1.000485,-0.365137,0.223061,-0.009971
3.200000,0.213306,-0.661427,1.005604,0.561874,-0.114965,0.016619,-0.743777,-0.462833,1.006888,0.020795,-0.382033,0.137034,-0.663765,0.533108,0.999448,-0.514223,-0.061538,0.007546,0.855672,-0.027045,1.006563,0.298656,0.453623,0.036967,0.323535,0.539086,1.000271,-0.363880,0.203765,-0.011449
3.220000,0.224398,-0.663671,1.005943,0.547299,-0.109426,0.017210,-0.743287,-0.470253,1.009718,0.028261,-0.359947,0.146012,-0.673851,0.531887,0.999601,-0.494325,-0.060607,0.007816,0.861447,-0.018021,1.007319,0.278712,0.448730,0.038699,0.316269,0.542966,1.000027,-0.362727,0.184107,-0.013003
3.240000,0.235194,-0.665804,1.006293,0.532176,-0.103858,0.017785,-0.742644,-0.477228,1.012730,0.036200,-0.337444,0.155247,-0.683533,0.530683,0.999760,-0.473719,-0.059853,0.008075,0.866816,-0.009096,1.008111,0.258154,0.443854,0.040432,0.309025,0.546449,0.999750,-0.361738,0.164118,-0.014635
3.260000,0.245682,-0.667825,1.006654,0.516504,-0.098260,0.018346,-0.741836,-0.483748,1.015930,0.044613,-0.314525,0.164739,-0.692795,0.529492,0.999924,-0.452406,-0.059274,0.008324,0.871769,-0.000267,1.008937,0.236985,0.438995,0.042168,0.301798,0.549528,0.999441,-0.360915,0.143796,-0.016346
3.280000,0.255851,-0.669734,1.007026,0.500285,-0.092633,0.018891,-0.740856,-0.489806,1.019322,0.053499,-0.291188,0.174488,-0.701625,0.528311,1.000093,-0.430385,-0.058871,0.008562,0.876292,0.008464,1.009798,0.215203,0.434154,0.043905,0.294587,0.552198,0.999096,-0.360256,0.123142,-0.018136
3.300000,0.265690,-0.671530,1.007410,0.483518,-0.086976,0.019420,-0.739693,-0.495393,1.022911,0.062858,-0.267434,0.184494,-0.710006,0.527136,1.000267,-0.407656,-0.058644,0.008791,0.880373,0.017099,1.010693,0.192808,0.429329,0.045645,0.287387,0.554452,0.998715,-0.359763,0.102157,-0.020003
3.320000,0.275188,-0.673212,1.007803,0.466244,-0.081271,0.019936,-0.738338,-0.500501,1.026703,0.072732,-0.243323,0.194717,-0.717926,0.525963,1.000445,-0.384246,-0.058647,0.009009,0.884000,0.025638,1.011623,0.169828,0.424553,0.047380,0.280195,0.556282,0.998295,-0.359472,0.080868,-0.021942
3.340000,0.284336,-0.674780,1.008207,0.448508,-0.075502,0.020439,-0.736780,-0.505124,1.030701,0.083163,-0.218916,0.205120,-0.725372,0.524788,1.000627,-0.360181,-0.058935,0.009216,0.887162,0.034082,1.012588,0.146287,0.419859,0.049102,0.273007,0.557685,0.997837,-0.359418,0.059307,-0.023943
3.360000,0.293125,-0.676232,1.008621,0.430309,-0.069669,0.020929,-0.735008,-0.509256,1.034909,0.094150,-0.194213,0.215702,-0.732329,0.523604,1.000813,-0.335461,-0.059508,0.009413,0.889848,0.042433,1.013587,0.122185,0.415247,0.050812,0.265817,0.558653,0.997337,-0.359603,0.037473,-0.026007
3.380000,0.301545,-0.677567,1.009044,0.411646,-0.063771,0.021406,-0.733010,-0.512890,1.039330,0.105693,-0.169213,0.226464,-0.738786,0.522406,1.001004,-0.310085,-0.060366,0.009600,0.892046,0.050692,1.014621,0.097524,0.410715,0.052510,0.258621,0.559182,0.996796,-0.360026,0.015366,-0.028134
3.400000,0.309588,-0.678783,1.009477,0.392520,-0.057809,0.021871,-0.730776,-0.516022,1.043969,0.117793,-0.143916,0.237404,-0.744728,0.521188,1.001197,-0.284054,-0.061509,0.009777,0.893745,0.058862,1.015688,0.072302,0.406265,0.054195,0.251414,0.559266,0.996212,-0.360688,-0.007014,-0.030324
3.420000,0.317243,-0.679878,1.009919,0.372976,-0.051761,0.022327,-0.728295,-0.518646,1.048827,0.130462,-0.118404,0.248451,-0.750144,0.519943,1.001395,-0.257417,-0.062995,0.009943,0.894935,0.066943,1.016788,0.046573,0.401908,0.055859,0.244192,0.558900,0.995583,-0.361612,-0.029615,-0.032563
3.440000,0.324504,-0.680852,1.010370,0.353061,-0.045605,0.022779,-0.725554,-0.520757,1.053907,0.143714,-0.092758,0.259534,-0.755021,0.518665,1.001595,-0.230226,-0.064884,0.010100,0.895605,0.074939,1.017922,0.020388,0.397653,0.057492,0.236948,0.558080,0.994909,-0.362823,-0.052385,-0.034836
3.460000,0.331363,-0.681702,1.010830,0.332774,-0.039341,0.023228,-0.722542,-0.522355,1.059209,0.157549,-0.066978,0.270651,-0.759349,0.517345,1.001799,-0.202479,-0.067175,0.010247,0.895747,0.082850,1.019088,-0.006253,0.393501,0.059094,0.229677,0.556803,0.994189,-0.364321,-0.075324,-0.037144
3.480000,0.337813,-0.682425,1.011299,0.312115,-0.032970,0.023673,-0.719248,-0.523436,1.064733,0.171967,-0.041064,0.281804,-0.763117,0.515976,1.002005,-0.174176,-0.069868,0.010385,0.895352,0.090680,1.020285,-0.033349,0.389453,0.060666,0.222373,0.555066,0.993423,-0.366107,-0.098433,-0.039485
3.500000,0.343846,-0.683020,1.011777,0.291084,-0.026491,0.024114,-0.715660,-0.523997,1.070481,0.186968,-0.015015,0.292992,-0.766312,0.514548,1.002214,-0.145318,-0.072963,0.010513,0.894410,0.098429,1.021514,-0.060900,0.385507,0.062206,0.215031,0.552865,0.992609,-0.368179,-0.121711,-0.041861
3.520000,0.349454,-0.683484,1.012264,0.269754,-0.019880,0.024553,-0.711766,-0.524036,1.076452,0.202534,0.011066,0.304100,-0.768926,0.513054,1.002425,-0.115988,-0.076524,0.010632,0.892913,0.106101,1.022773,-0.088812,0.381664,0.063698,0.207644,0.550197,0.991748,-0.370550,-0.145074,-0.044247
3.540000,0.354634,-0.683814,1.012759,0.248195,-0.013115,0.024992,-0.707555,-0.523554,1.082644,0.218645,0.037077,0.315015,-0.770949,0.511483,1.002639,-0.086269,-0.080614,0.010745,0.890856,0.113696,1.024062,-0.116990,0.377923,0.065122,0.200207,0.547062,0.990840,-0.373229,-0.168437,-0.046620
3.560000,0.359381,-0.684007,1.013263,0.226409,-0.006194,0.025431,-0.703016,-0.522553,1.089052,0.235302,0.063017,0.325736,-0.772374,0.509826,1.002855,-0.056160,-0.085233,0.010850,0.888232,0.121218,1.025378,-0.145433,0.374285,0.066480,0.192713,0.543459,0.989884,-0.376218,-0.191799,-0.048980
3.580000,0.363689,-0.684061,1.013776,0.204395,0.000881,0.025871,-0.698139,-0.521034,1.095672,0.252504,0.088887,0.336263,-0.773193,0.508071,1.003073,-0.025662,-0.090382,0.010948,0.885037,0.128668,1.026720,-0.174142,0.370748,0.067770,0.185156,0.539390,0.988880,-0.379514,-0.215160,-0.051326
3.600000,0.367555,-0.683971,1.014298,0.182152,0.008112,0.026310,-0.692912,-0.518998,1.102501,0.270253,0.114687,0.346596,-0.773398,0.506207,1.003293,0.005225,-0.096060,0.011039,0.881265,0.136049,1.028088,-0.203116,0.367314,0.068993,0.177530,0.534853,0.987831,-0.383120,-0.238522,-0.053659
3.620000,0.370974,-0.683735,1.014829,0.159781,0.015525,0.026747,-0.687326,-0.516448,1.109533,0.288506,0.140304,0.356591,-0.772982,0.504224,1.003514,0.036410,-0.102298,0.011116,0.876911,0.143362,1.029479,-0.232239,0.363972,0.070122,0.169829,0.529850,0.986734,-0.387034,-0.261774,-0.055941
3.640000,0.373946,-0.683349,1.015368,0.137378,0.023148,0.027179,-0.681369,-0.513388,1.116761,0.307222,0.165623,0.366105,-0.771940,0.502111,1.003737,0.067799,-0.109128,0.011175,0.871975,0.150608,1.030892,-0.261394,0.360712,0.071133,0.162047,0.524384,0.985594,-0.391255,-0.284806,-0.058137
3.660000,0.376469,-0.682808,1.015916,0.114945,0.030981,0.027606,-0.675034,-0.509825,1.124174,0.326400,0.190645,0.375138,-0.770269,0.499855,1.003961,0.099393,-0.116549,0.011215,0.866455,0.157791,1.032324,-0.290581,0.357535,0.072025,0.154177,0.518459,0.984410,-0.395784,-0.307618,-0.060245
3.680000,0.378543,-0.682108,1.016472,0.092480,0.039023,0.028028,-0.668310,-0.505764,1.131764,0.346042,0.215369,0.383689,-0.767963,0.497445,1.004186,0.131192,-0.124561,0.011235,0.860351,0.164910,1.033772,-0.319799,0.354441,0.072797,0.146213,0.512080,0.983184,-0.400621,-0.330211,-0.062267
3.700000,0.380168,-0.681246,1.017037,0.069984,0.047275,0.028445,-0.661189,-0.501212,1.139519,0.366148,0.239796,0.391758,-0.765020,0.494869,1.004411,0.163197,-0.133165,0.011236,0.853663,0.171969,1.035235,-0.349050,0.351429,0.073450,0.138150,0.505252,0.981919,-0.405764,-0.352584,-0.064201
3.720000,0.381343,-0.680216,1.017610,0.047571,0.055761,0.028847,-0.653662,-0.496175,1.147430,0.386644,0.263815,0.399195,-0.761435,0.492115,1.004635,0.195320,-0.142382,0.011202,0.846390,0.178968,1.036709,-0.378225,0.348480,0.073960,0.129981,0.497979,0.980617,-0.411195,-0.374628,-0.066002
3.740000,0.382072,-0.679013,1.018191,0.025355,0.064505,0.029224,-0.645721,-0.490663,1.155481,0.407459,0.287313,0.405849,-0.757207,0.489169,1.004858,0.227474,-0.152231,0.011118,0.838535,0.185908,1.038192,-0.407216,0.345571,0.074303,0.121700,0.490270,0.979281,-0.416890,-0.396230,-0.067624
3.760000,0.382359,-0.677634,1.018779,0.003336,0.073506,0.029575,-0.637361,-0.484686,1.163658,0.428593,0.310291,0.411719,-0.752335,0.486021,1.005079,0.259661,-0.162714,0.010982,0.830102,0.192791,1.039680,-0.436023,0.342703,0.074478,0.113303,0.482133,0.977913,-0.422851,-0.417393,-0.069065
3.780000,0.382207,-0.676071,1.019373,-0.018487,0.082764,0.029900,-0.628575,-0.478255,1.171945,0.450047,0.332748,0.416806,-0.746820,0.482657,1.005297,0.291879,-0.173831,0.010796,0.821095,0.199617,1.041170,-0.464648,0.339877,0.074486,0.104784,0.473577,0.976519,-0.429078,-0.438114,-0.070327
3.800000,0.381621,-0.674321,1.019974,-0.040113,0.092280,0.030201,-0.619357,-0.471380,1.180325,0.471820,0.354685,0.421109,-0.740660,0.479064,1.005511,0.324129,-0.185581,0.010558,0.811518,0.206386,1.042659,-0.493088,0.337092,0.074327,0.096138,0.464611,0.975102,-0.435570,-0.458395,-0.071409
3.820000,0.380605,-0.672378,1.020581,-0.061424,0.102070,0.030458,-0.609701,-0.464072,1.188783,0.493817,0.376015,0.424492,-0.733855,0.475229,1.005719,0.356308,-0.197926,0.010262,0.801374,0.213100,1.044142,-0.521271,0.334312,0.073985,0.087360,0.455245,0.973664,-0.442284,-0.478138,-0.072282
3.840000,0.379167,-0.670237,1.021192,-0.082303,0.112148,0.030656,-0.599604,-0.456344,1.197298,0.515945,0.396653,0.426817,-0.726409,0.471143,1.005921,0.388310,-0.210828,0.009899,0.790669,0.219759,1.045617,-0.549120,0.331503,0.073445,0.078446,0.445490,0.972212,-0.449178,-0.497246,-0.072914
3.860000,0.377315,-0.667891,1.021807,-0.102750,0.122515,0.030793,-0.589062,-0.448210,1.205849,0.538203,0.416598,0.428086,-0.718324,0.466793,1.006115,0.420136,-0.224288,0.009470,0.779411,0.226360,1.047079,-0.576635,0.328663,0.072708,0.069392,0.435359,0.970749,-0.456251,-0.515720,-0.073307
3.880000,0.375060,-0.665334,1.022424,-0.122764,0.133171,0.030870,-0.578075,-0.439685,1.214414,0.560590,0.435850,0.428298,-0.709605,0.462168,1.006299,0.451786,-0.238305,0.008974,0.767606,0.232905,1.048524,-0.603817,0.325794,0.071772,0.060195,0.424865,0.969281,-0.463503,-0.533559,-0.073459
3.900000,0.372408,-0.662562,1.023041,-0.142347,0.144116,0.030887,-0.566638,-0.430781,1.222974,0.583108,0.454409,0.427452,-0.700254,0.457257,1.006473,0.483261,-0.252879,0.008412,0.755261,0.239392,1.049948,-0.630666,0.322895,0.070639,0.050851,0.414021,0.967812,-0.470935,-0.550763,-0.073372
3.920000,0.369369,-0.659568,1.023659,-0.161397,0.155343,0.030828,-0.554750,-0.421513,1.231505,0.605650,0.472226,0.425452,-0.690276,0.452049,1.006635,0.514466,-0.267960,0.007775,0.742382,0.245820,1.051348,-0.657138,0.319917,0.069304,0.041356,0.402840,0.966348,-0.478480,-0.567257,-0.073040
3.940000,0.365956,-0.656346,1.024274,-0.179816,0.166848,0.030676,-0.542412,-0.411897,1.239983,0.628110,0.489250,0.422200,-0.679678,0.446535,1.006784,0.545311,-0.283497,0.007057,0.728978,0.252188,1.052719,-0.683190,0.316808,0.067764,0.031711,0.391336,0.964893,-0.486071,-0.582966,-0.072455
3.960000,0.362181,-0.652892,1.024885,-0.197602,0.178628,0.030431,-0.529626,-0.401948,1.248384,0.650488,0.505482,0.417695,-0.668466,0.440706,1.006917,0.575794,-0.299489,0.006256,0.715057,0.258492,1.054057,-0.708820,0.313570,0.066019,0.021913,0.379526,0.963451,-0.493710,-0.597889,-0.071619
3.980000,0.358056,-0.649199,1.025490,-0.214756,0.190685,0.030095,-0.516393,-0.391683,1.256683,0.672784,0.520920,0.411938,-0.656648,0.434553,1.007034,0.605915,-0.315937,0.005374,0.700628,0.264730,1.055358,-0.734031,0.310202,0.064068,0.011962,0.367426,0.962029,-0.501396,-0.612028,-0.070532
4.000000,0.353595,-0.645263,1.026088,-0.231279,0.203019,0.029665,-0.502715,-0.381117,1.264854,0.694998,0.535566,0.404928,-0.644232,0.428066,1.007131,0.635676,-0.332841,0.004409,0.685699,0.270899,1.056619,-0.758820,0.306704,0.061912,0.001857,0.355050,0.960632,-0.509129,-0.625381,-0.069193
4.020000,0.348810,-0.641077,1.026676,-0.247095,0.215601,0.029135,-0.488595,-0.370266,1.272871,0.717030,0.549404,0.396616,-0.631224,0.421237,1.007209,0.664986,-0.350040,0.003372,0.670278,0.276996,1.057834,-0.783163,0.303018,0.059559,-0.008403,0.342416,0.959263,-0.516827,-0.637893,-0.067614
4.040000,0.343716,-0.636637,1.027253,-0.262132,0.228402,0.028494,-0.474036,-0.359146,1.280709,0.738779,0.562417,0.386951,-0.617636,0.414063,1.007266,0.693757,-0.367373,0.002273,0.654375,0.283018,1.059000,-0.807033,0.299084,0.057019,-0.018815,0.329541,0.957929,-0.524409,-0.649509,-0.065808
4.060000,0.338330,-0.631939,1.027815,-0.276390,0.241422,0.027744,-0.459045,-0.347775,1.288340,0.760245,0.574606,0.375933,-0.603478,0.406541,1.007300,0.721990,-0.384841,0.001111,0.638000,0.288958,1.060113,-0.830429,0.294903,0.054291,-0.029378,0.316442,0.956633,-0.531874,-0.660228,-0.063774
4.080000,0.332666,-0.626979,1.028362,-0.289869,0.254662,0.026883,-0.443628,-0.336167,1.295738,0.781429,0.585970,0.363561,-0.588760,0.398669,1.007310,0.749683,-0.402444,-0.000114,0.621161,0.294812,1.061170,-0.853352,0.290475,0.051375,-0.040089,0.303137,0.955379,-0.539223,-0.670051,-0.061512
4.100000,0.326740,-0.621751,1.028890,-0.302568,0.268121,0.025913,-0.427790,-0.324341,1.302874,0.802330,0.596510,0.349837,-0.573494,0.390443,1.007295,0.776838,-0.420181,-0.001402,0.603869,0.300575,1.062167,-0.875802,0.285799,0.048272,-0.050946,0.289646,0.954174,-0.546455,-0.678978,-0.059023
4.120000,0.320568,-0.616253,1.029398,-0.314449,0.281746,0.024834,-0.411538,-0.312312,1.309723,0.822826,0.606242,0.334834,-0.557690,0.381861,1.007254,0.803394,-0.437951,-0.002737,0.586132,0.306242,1.063100,-0.897757,0.280811,0.045000,-0.061946,0.275984,0.953020,-0.553482,-0.686967,-0.056326
4.140000,0.314168,-0.610481,1.029883,-0.325472,0.295482,0.023648,-0.394881,-0.300097,1.316259,0.842796,0.615181,0.318626,-0.541362,0.372925,1.007185,0.829292,-0.455651,-0.004103,0.567962,0.311805,1.063966,-0.919195,0.275445,0.041579,-0.073084,0.262173,0.951922,-0.560215,-0.693978,-0.053443
4.160000,0.307555,-0.604433,1.030343,-0.335637,0.309330,0.022356,-0.377829,-0.287711,1.322460,0.862239,0.623326,0.301214,-0.524523,0.363636,1.007089,0.854532,-0.473280,-0.005500,0.549368,0.317257,1.064762,-0.940116,0.269701,0.038010,-0.084353,0.248232,0.950883,-0.566655,-0.700011,-0.050374
4.180000,0.300748,-0.598107,1.030776,-0.344944,0.323288,0.020957,-0.360394,-0.275169,1.328300,0.881157,0.630680,0.282597,-0.507186,0.353994,1.006965,0.879113,-0.490840,-0.006928,0.530361,0.322591,1.065485,-0.960520,0.263580,0.034290,-0.095748,0.234179,0.949908,-0.572802,-0.705066,-0.047119
4.200000,0.293763,-0.591500,1.031181,-0.353393,0.337359,0.019452,-0.342587,-0.262489,1.333755,0.899548,0.637240,0.262775,-0.489363,0.344002,1.006812,0.903036,-0.508330,-0.008387,0.510951,0.327798,1.066133,-0.980407,0.257080,0.030422,-0.107263,0.220036,0.949000,-0.578655,-0.709142,-0.043677
4.220000,0.286618,-0.584612,1.031554,-0.360995,0.351465,0.017852,-0.324417,-0.249685,1.338803,0.917296,0.643041,0.241863,-0.471069,0.333663,1.006630,0.926248,-0.525494,-0.009829,0.491148,0.332871,1.066701,-0.999749,0.250133,0.026431,-0.118891,0.205820,0.948162,-0.584104,-0.712323,-0.040084
4.240000,0.279329,-0.577442,1.031894,-0.367761,0.365534,0.016168,-0.305900,-0.236772,1.343423,0.934286,0.648117,0.219974,-0.452318,0.322987,1.006419,0.948698,-0.542077,-0.011207,0.470965,0.337800,1.067189,-1.018522,0.242671,0.022343,-0.130624,0.191548,0.947397,-0.589040,-0.714689,-0.036374
4.260000,0.271913,-0.569991,1.032200,-0.373689,0.379563,0.014400,-0.287050,-0.223765,1.347596,0.950517,0.652467,0.197109,-0.433126,0.311984,1.006182,0.970385,-0.558079,-0.012520,0.450411,0.342575,1.067594,-1.036723,0.234692,0.018158,-0.142450,0.177238,0.946708,-0.593463,-0.716242,-0.032547
4.280000,0.264387,-0.562260,1.032469,-0.378781,0.393554,0.012549,-0.267884,-0.210678,1.351301,0.965990,0.656091,0.173268,-0.413508,0.300667,1.005919,0.991309,-0.573499,-0.013769,0.429499,0.347184,1.067915,-1.054354,0.226197,0.013877,-0.154359,0.162904,0.946096,-0.597372,-0.716981,-0.028603
4.300000,0.256767,-0.554249,1.032701,-0.383036,0.407506,0.010614,-0.248416,-0.197526,1.354520,0.980703,0.658989,0.148450,-0.393479,0.289048,1.005631,1.011471,-0.588339,-0.014953,0.408241,0.351619,1.068149,-1.071415,0.217186,0.009499,-0.166341,0.148564,0.945564,-0.600768,-0.716907,-0.024542
4.320000,0.249071,-0.545960,1.032894,-0.386505,0.421346,0.008613,-0.228662,-0.184323,1.357234,0.994586,0.661223,0.122895,-0.373055,0.277138,1.005321,1.030784,-0.602549,-0.016052,0.386647,0.355868,1.068294,-1.087856,0.207678,0.005058,-0.178385,0.134232,0.945115,-0.603551,-0.716125,-0.020400
4.340000,0.241312,-0.537397,1.033045,-0.389237,0.434999,0.006562,-0.208638,-0.171081,1.359433,1.007565,0.662853,0.096844,-0.352254,0.264951,1.004990,1.049161,-0.616083,-0.017045,0.364731,0.359923,1.068351,-1.103629,0.197692,0.000589,-0.190478,0.119923,0.944749,-0.605621,-0.714743,-0.016210
4.360000,0.233506,-0.528562,1.033156,-0.391231,0.448465,0.004462,-0.188365,-0.157813,1.361105,1.019640,0.663879,0.070296,-0.331094,0.252499,1.004640,1.066602,-0.628941,-0.017931,0.342506,0.363773,1.068318,-1.118735,0.187227,-0.003908,-0.202605,0.105647,0.944467,-0.606978,-0.712761,-0.011973
4.380000,0.225668,-0.519459,1.033224,-0.392489,0.461745,0.002312,-0.167859,-0.144530,1.362241,1.030811,0.664302,0.043251,-0.309596,0.239797,1.004274,1.083108,-0.641121,-0.018712,0.319986,0.367409,1.068194,-1.133174,0.176283,-0.008434,-0.214753,0.091416,0.944270,-0.607622,-0.710179,-0.007689
4.400000,0.217812,-0.510093,1.033248,-0.393010,0.474838,0.000113,-0.147139,-0.131245,1.362831,1.041078,0.664121,0.015709,-0.287776,0.226859,1.003892,1.098678,-0.652626,-0.019386,0.297184,0.370821,1.067980,-1.146944,0.164861,-0.012988,-0.226906,0.077244,0.944160,-0.607554,-0.706998,-0.003358
4.420000,0.209952,-0.500467,1.033228,-0.392894,0.487680,-0.002114,-0.126222,-0.117969,1.362868,1.050378,0.663377,-0.012100,-0.265655,0.213697,1.003499,1.113268,-0.663386,-0.019940,0.274113,0.374000,1.067675,-1.159994,0.153000,-0.017537,-0.239050,0.063140,0.944136,-0.606696,-0.703327,0.000982
4.440000,0.202099,-0.490588,1.033163,-0.392240,0.500209,-0.004349,-0.105130,-0.104713,1.362347,1.058648,0.662112,-0.039949,-0.243253,0.200329,1.003096,1.126835,-0.673336,-0.020358,0.250789,0.376938,1.067279,-1.172268,0.140741,-0.022045,-0.251168,0.049113,0.944199,-0.604973,-0.699278,0.005294
4.460000,0.194266,-0.480461,1.033054,-0.391049,0.512423,-0.006593,-0.083883,-0.091488,1.361269,1.065886,0.660326,-0.067836,-0.220589,0.186769,1.002685,1.139379,-0.682474,-0.020642,0.227228,0.379627,1.066793,-1.183768,0.128082,-0.026514,-0.263243,0.035171,0.944347,-0.602385,-0.694852,0.009576
4.480000,0.186461,-0.470093,1.032900,-0.389319,0.524324,-0.008844,-0.062502,-0.078303,1.359634,1.072094,0.658019,-0.095763,-0.197684,0.173035,1.002271,1.150899,-0.690802,-0.020790,0.203444,0.382059,1.066219,-1.194492,0.115023,-0.030943,-0.275257,0.021321,0.944582,-0.598931,-0.690049,0.013830
4.500000,0.178696,-0.459490,1.032700,-0.387052,0.535910,-0.011103,-0.041006,-0.065171,1.357439,1.077272,0.655191,-0.123729,-0.174560,0.159143,1.001855,1.161396,-0.698318,-0.020803,0.179453,0.384226,1.065556,-1.204441,0.101566,-0.035333,-0.287194,0.007572,0.944900,-0.594612,-0.684868,0.018055
4.520000,0.170982,-0.448659,1.032456,-0.384384,0.547089,-0.013347,-0.019418,-0.052099,1.354685,1.081372,0.651878,-0.151532,-0.151235,0.145108,1.001440,1.170849,-0.704965,-0.020671,0.155272,0.386119,1.064806,-1.213562,0.087763,-0.039653,-0.299036,-0.006071,0.945303,-0.589382,-0.679399,0.022216
4.540000,0.163323,-0.437610,1.032166,-0.381453,0.557767,-0.015554,0.002241,-0.039098,1.351380,1.084348,0.648116,-0.178968,-0.127733,0.130950,1.001029,1.179239,-0.710683,-0.020387,0.130916,0.387734,1.063970,-1.221800,0.073668,-0.043873,-0.310763,-0.019603,0.945788,-0.583195,-0.673733,0.026275
4.560000,0.155725,-0.426352,1.031834,-0.378259,0.567944,-0.017725,0.023948,-0.026177,1.347529,1.086199,0.643907,-0.206039,-0.104073,0.116687,1.000625,1.186566,-0.715472,-0.019950,0.106405,0.389064,1.063052,-1.229156,0.059281,-0.047995,-0.322357,-0.033019,0.946354,-0.576052,-0.667869,0.030233
4.580000,0.148194,-0.414896,1.031458,-0.374801,0.577620,-0.019857,0.045682,-0.013345,1.343141,1.086927,0.639249,-0.232744,-0.080277,0.102338,1.000232,1.192829,-0.719332,-0.019360,0.081756,0.390103,1.062051,-1.235629,0.044601,-0.052017,-0.333799,-0.046316,0.946997,-0.567951,-0.661808,0.034091
4.600000,0.140735,-0.403251,1.031040,-0.371081,0.586796,-0.021953,0.067418,-0.000610,1.338222,1.086530,0.634142,-0.259083,-0.056367,0.087920,0.999852,1.198029,-0.722263,-0.018617,0.056986,0.390846,1.060972,-1.241221,0.029629,-0.055940,-0.345069,-0.059490,0.947717,-0.558894,-0.655549,0.037847
4.620000,0.133352,-0.391428,1.030580,-0.367224,0.595392,-0.023993,0.089135,0.012018,1.332781,1.085005,0.628657,-0.284871,-0.032363,0.073453,0.999488,1.202145,-0.724246,-0.017747,0.032113,0.391287,1.059815,-1.245882,0.014417,-0.059743,-0.356148,-0.072537,0.948510,-0.548865,-0.649145,0.041476
4.640000,0.126046,-0.379439,1.030080,-0.363359,0.603328,-0.025959,0.110811,0.024534,1.326832,1.082346,0.622860,-0.309922,-0.008288,0.058957,0.999143,1.205156,-0.725261,-0.016778,0.007157,0.391422,1.058583,-1.249565,-0.000983,-0.063403,-0.367017,-0.085455,0.949375,-0.537849,-0.642646,0.044952
4.660000,0.118818,-0.367299,1.029542,-0.359485,0.610606,-0.027851,0.132422,0.036930,1.320389,1.078554,0.616753,-0.334236,0.015836,0.044449,0.998818,1.207063,-0.725307,-0.015708,-0.017863,0.391246,1.057279,-1.252270,-0.016571,-0.066922,-0.377655,-0.098243,0.950307,-0.525847,-0.636054,0.048273
4.680000,0.111667,-0.355020,1.028967,-0.355602,0.617225,-0.029668,0.153945,0.049202,1.313467,1.073630,0.610335,-0.357813,0.039987,0.029951,0.998515,1.207864,-0.724386,-0.014539,-0.042927,0.390758,1.055907,-1.253997,-0.032347,-0.070299,-0.388044,-0.110897,0.951305,-0.512857,-0.629367,0.051441
4.700000,0.104594,-0.342614,1.028356,-0.351711,0.623184,-0.031411,0.175359,0.061342,1.306081,1.067572,0.603606,-0.380653,0.064143,0.015480,0.998237,1.207561,-0.722496,-0.013269,-0.068016,0.389951,1.054468,-1.254746,-0.048311,-0.073533,-0.398163,-0.123417,0.952364,-0.498881,-0.622586,0.054455
4.720000,0.097598,-0.330097,1.027711,-0.347928,0.628407,-0.033067,0.196641,0.073344,1.298247,1.060385,0.596634,-0.402635,0.088282,0.001058,0.997985,1.206194,-0.719598,-0.011929,-0.093110,0.388824,1.052967,-1.254480,-0.064422,-0.076615,-0.407993,-0.135800,0.953482,-0.483931,-0.615720,0.057302
4.740000,0.090675,-0.317483,1.027034,-0.344368,0.632813,-0.034623,0.217767,0.085206,1.289983,1.052074,0.589487,-0.423635,0.112384,-0.013297,0.997760,1.203804,-0.715651,-0.010547,-0.118188,0.387374,1.051405,-1.253162,-0.080641,-0.079532,-0.417514,-0.148045,0.954655,-0.468020,-0.608777,0.059970
4.760000,0.083821,-0.304790,1.026327,-0.341033,0.636403,-0.036078,0.238716,0.096923,1.281308,1.042638,0.582164,-0.443655,0.136427,-0.027561,0.997563,1.200389,-0.710654,-0.009124,-0.143229,0.385598,1.049786,-1.250793,-0.096966,-0.082285,-0.426707,-0.160150,0.955879,-0.451148,-0.601757,0.062457
4.780000,0.077032,-0.292033,1.025591,-0.337922,0.639177,-0.037433,0.259465,0.108491,1.272243,1.032078,0.574666,-0.462694,0.160393,-0.041716,0.997395,1.195951,-0.704609,-0.007658,-0.168213,0.383494,1.048115,-1.247372,-0.113399,-0.084873,-0.435554,-0.172115,0.957152,-0.433315,-0.594661,0.064766
4.800000,0.070303,-0.279228,1.024830,-0.335036,0.641135,-0.038689,0.279992,0.119908,1.262807,1.020393,0.566993,-0.480752,0.184259,-0.055739,0.997257,1.190489,-0.697514,-0.006151,-0.193117,0.381061,1.046393,-1.242900,-0.129938,-0.087296,-0.444034,-0.183936,0.958469,-0.414521,-0.587489,0.066894
4.820000,0.063629,-0.266393,1.024045,-0.332436,0.642229,-0.039838,0.300273,0.131170,1.253020,1.007593,0.559201,-0.497776,0.208006,-0.069609,0.997149,1.184062,-0.689345,-0.004621,-0.217922,0.378296,1.044624,-1.237359,-0.146552,-0.089553,-0.452128,-0.195614,0.959826,-0.394811,-0.580216,0.068842
4.840000,0.057003,-0.253545,1.023237,-0.330187,0.642411,-0.040876,0.320288,0.142276,1.242903,0.993686,0.551350,-0.513714,0.231615,-0.083305,0.997072,1.176727,-0.680077,-0.003090,-0.242604,0.375199,1.042812,-1.230731,-0.163209,-0.091639,-0.459820,-0.207144,0.961221,-0.374230,-0.572820,0.070608
4.860000,0.050419,-0.240703,1.022410,-0.328287,0.641682,-0.041803,0.340013,0.153224,1.232478,0.978672,0.543438,-0.528564,0.255069,-0.096805,0.997026,1.168484,-0.669710,-0.001556,-0.267144,0.371768,1.040959,-1.223018,-0.179908,-0.093556,-0.467092,-0.218526,0.962649,-0.352778,-0.565300,0.072192
4.880000,0.043869,-0.227884,1.021566,-0.326737,0.640041,-0.042619,0.359428,0.164013,1.221768,0.962552,0.535465,-0.542328,0.278348,-0.110086,0.997010,1.159334,-0.658244,-0.000021,-0.291518,0.368002,1.039071,-1.214219,-0.196649,-0.095302,-0.473925,-0.229755,0.964108,-0.330455,-0.557656,0.073594
4.900000,0.037347,-0.215107,1.020706,-0.325538,0.637488,-0.043323,0.378508,0.174642,1.210793,0.945325,0.527433,-0.555004,0.301436,-0.123127,0.997025,1.149276,-0.645679,0.001517,-0.315705,0.363901,1.037148,-1.204334,-0.213432,-0.096879,-0.480304,-0.240831,0.965592,-0.307261,-0.549888,0.074814
4.920000,0.030845,-0.202391,1.019834,-0.324704,0.634011,-0.043917,0.397233,0.185110,1.199575,0.927021,0.519386,-0.566586,0.324314,-0.135906,0.997071,1.138380,-0.632012,0.003047,-0.339684,0.359465,1.035196,-1.193369,-0.230221,-0.098289,-0.486211,-0.251750,0.967099,-0.283285,-0.541958,0.075857
4.940000,0.024357,-0.189753,1.018950,-0.324251,0.629600,-0.044401,0.415582,0.195418,1.188136,0.907668,0.511373,-0.577066,0.346966,-0.148400,0.997147,1.126714,-0.617241,0.004556,-0.363433,0.354693,1.033218,-1.181333,-0.246979,-0.099535,-0.491631,-0.262508,0.968625,-0.258616,-0.533828,0.076729
4.960000,0.017873,-0.177213,1.018058,-0.324180,0.624255,-0.044774,0.433533,0.205565,1.176500,0.887267,0.503393,-0.586444,0.369377,-0.160588,0.997253,1.114278,-0.601366,0.006046,-0.386930,0.349586,1.031216,-1.168225,-0.263705,-0.100617,-0.496551,-0.273102,0.970167,-0.233253,-0.525498,0.077429
4.980000,0.011387,-0.164789,1.017160,-0.324491,0.617974,-0.045037,0.451066,0.215554,1.164686,0.865818,0.495446,-0.594720,0.391532,-0.172448,0.997388,1.101073,-0.584388,0.007516,-0.410155,0.344145,1.029194,-1.154045,-0.280401,-0.101535,-0.500956,-0.283527,0.971721,-0.207198,-0.516968,0.077959
5.000000,0.004891,-0.152500,1.016258,-0.325183,0.610759,-0.045189,0.468159,0.225383,1.152718,0.843320,0.487532,-0.601893,0.413415,-0.183957,0.997553,1.087098,-0.566305,0.008967,-0.433085,0.338370,1.027156,-1.138793,-0.297065,-0.102289,-0.504834,-0.293779,0.973284,-0.180449,-0.508237,0.078317
5.020000,-0.001623,-0.140365,1.015353,-0.326236,0.602637,-0.045237,0.484792,0.235055,1.140618,0.819831,0.479682,-0.607984,0.435011,-0.195093,0.997747,1.072424,-0.547151,0.010390,-0.455699,0.332263,1.025104,-1.122497,-0.313652,-0.102885,-0.508171,-0.303855,0.974853,-0.153135,-0.499272,0.078514
5.040000,-0.008161,-0.128401,1.014449,-0.327629,0.593634,-0.045186,0.500946,0.244571,1.128406,0.795405,0.471927,-0.613013,0.456308,-0.205836,0.997969,1.057124,-0.526958,0.011778,-0.477978,0.325825,1.023042,-1.105185,-0.330116,-0.103329,-0.510956,-0.313748,0.976424,-0.125386,-0.490036,0.078559
5.060000,-0.014730,-0.116625,1.013546,-0.329362,0.583751,-0.045036,0.516602,0.253933,1.116104,0.770043,0.464266,-0.616980,0.477292,-0.216164,0.998218,1.041196,-0.505725,0.013131,-0.499900,0.319059,1.020972,-1.086857,-0.346457,-0.103620,-0.513183,-0.323454,0.977994,-0.097200,-0.480531,0.078452
5.080000,-0.021338,-0.105056,1.012648,-0.331435,0.572987,-0.044786,0.531741,0.263143,1.103734,0.743745,0.456700,-0.619885,0.497952,-0.226058,0.998494,1.024642,-0.483452,0.014449,-0.521445,0.311967,1.018898,-1.067514,-0.362676,-0.103760,-0.514842,-0.332967,0.979561,-0.068579,-0.470755,0.078194
5.100000,-0.027990,-0.093712,1.011756,-0.333848,0.561343,-0.044438,0.546345,0.272202,1.091316,0.716511,0.449229,-0.621727,0.518274,-0.235495,0.998796,1.007460,-0.460140,0.015731,-0.542594,0.304553,1.016822,-1.047155,-0.378772,-0.103747,-0.515923,-0.342283,0.981121,-0.039522,-0.460710,0.077784
5.120000,-0.034694,-0.082608,1.010871,-0.336556,0.548881,-0.043999,0.560396,0.281112,1.078871,0.688419,0.441864,-0.622540,0.538246,-0.244457,0.999123,0.989706,-0.435861,0.016971,-0.563325,0.296818,1.014749,-1.025817,-0.394691,-0.103590,-0.516420,-0.351394,0.982671,-0.010175,-0.450375,0.077234
5.140000,-0.041454,-0.071761,1.009996,-0.339513,0.535664,-0.043479,0.573877,0.289877,1.066421,0.659544,0.434615,-0.622358,0.557858,-0.252924,0.999474,0.971435,-0.410685,0.018162,-0.583620,0.288767,1.012680,-1.003539,-0.410379,-0.103293,-0.516329,-0.360296,0.984209,0.019316,-0.439733,0.076558
5.160000,-0.048276,-0.061187,1.009132,-0.342719,0.521691,-0.042877,0.586773,0.298498,1.053984,0.629889,0.427483,-0.621180,0.577100,-0.260878,0.999849,0.952647,-0.384613,0.019303,-0.603460,0.280404,1.010618,-0.980319,-0.425837,-0.102858,-0.515647,-0.368981,0.985733,0.048949,-0.428783,0.075755
5.180000,-0.055164,-0.050899,1.008282,-0.346175,0.506963,-0.042194,0.599067,0.306977,1.041580,0.599451,0.420468,-0.619006,0.595961,-0.268302,1.000246,0.933342,-0.357644,0.020395,-0.622827,0.271735,1.008566,-0.956158,-0.441064,-0.102284,-0.514370,-0.377445,0.987239,0.078727,-0.417525,0.074826
5.200000,-0.062125,-0.040913,1.007445,-0.349881,0.491480,-0.041429,0.610745,0.315317,1.029230,0.568232,0.413569,-0.615837,0.614430,-0.275178,1.000664,0.913519,-0.329779,0.021436,-0.641701,0.262763,1.006528,-0.931056,-0.456061,-0.101572,-0.512497,-0.385680,0.988725,0.108647,-0.405959,0.073769
5.220000,-0.069161,-0.031244,1.006625,-0.353777,0.475331,-0.040594,0.621792,0.323521,1.016953,0.536326,0.406785,-0.611714,0.632498,-0.281488,1.001103,0.893217,-0.301132,0.022421,-0.660063,0.253494,1.004504,-0.905059,-0.470768,-0.100728,-0.510024,-0.393681,0.990189,0.138568,-0.394091,0.072599
5.240000,-0.076277,-0.021904,1.005822,-0.357806,0.458608,-0.039698,0.632195,0.331589,1.004768,0.503827,0.400113,-0.606679,0.650156,-0.287219,1.001561,0.872473,-0.271817,0.023343,-0.677897,0.243935,1.002499,-0.878211,-0.485125,-0.099760,-0.506955,-0.401442,0.991628,0.168346,-0.381926,0.071331
5.260000,-0.083474,-0.012904,1.005037,-0.361966,0.441312,-0.038743,0.641941,0.339526,0.992692,0.470735,0.393553,-0.600732,0.667394,-0.292357,1.002036,0.851288,-0.241833,0.024200,-0.695186,0.234091,1.000515,-0.850512,-0.499134,-0.098667,-0.503292,-0.408956,0.993041,0.197981,-0.369464,0.069964
5.280000,-0.090756,-0.004255,1.004273,-0.366258,0.423441,-0.037727,0.651020,0.347332,0.980745,0.437049,0.387105,-0.593873,0.684205,-0.296888,1.002528,0.829660,-0.211181,0.024993,-0.711912,0.223972,0.998553,-0.821963,-0.512793,-0.097450,-0.499037,-0.416218,0.994426,0.227472,-0.356704,0.068498
5.300000,-0.098125,0.004030,1.003529,-0.370683,0.404995,-0.036651,0.659419,0.355011,0.968943,0.402771,0.380768,-0.586102,0.700578,-0.300799,1.003035,0.807590,-0.179860,0.025722,-0.728059,0.213582,0.996618,-0.792564,-0.526103,-0.096108,-0.494194,-0.423222,0.995781,0.256821,-0.343648,0.066934
5.320000,-0.105584,0.011942,1.002807,-0.375176,0.386085,-0.035526,0.667128,0.362564,0.957306,0.368005,0.374535,-0.577470,0.716506,-0.304079,1.003557,0.785106,-0.148027,0.026382,-0.743609,0.202930,0.994710,-0.762371,-0.539005,-0.094650,-0.488766,-0.429962,0.997103,0.285900,-0.330324,0.065285
5.340000,-0.113132,0.019471,1.002108,-0.379673,0.366819,-0.034363,0.674137,0.369993,0.945850,0.332856,0.368397,-0.568025,0.731980,-0.306718,1.004090,0.762234,-0.115835,0.026968,-0.758549,0.192025,0.992832,-0.731442,-0.551439,-0.093081,-0.482760,-0.436434,0.998392,0.314583,-0.316759,0.063566
5.360000,-0.120771,0.026612,1.001433,-0.384176,0.347197,-0.033162,0.680439,0.377300,0.934591,0.297325,0.362353,-0.557768,0.746992,-0.308710,1.004635,0.738975,-0.083285,0.027479,-0.772862,0.180876,0.990987,-0.699778,-0.563406,-0.091404,-0.476185,-0.442631,0.999645,0.342871,-0.302956,0.061778
5.380000,-0.128499,0.033357,1.000782,-0.388683,0.327219,-0.031923,0.686027,0.384488,0.923545,0.261412,0.356404,-0.546699,0.761536,-0.310047,1.005189,0.715328,-0.050377,0.027916,-0.786535,0.169492,0.989177,-0.667377,-0.574906,-0.089617,-0.469048,-0.448550,1.000862,0.370763,-0.288912,0.059919
5.400000,-0.136318,0.039698,1.000156,-0.393195,0.306885,-0.030646,0.690893,0.391557,0.912728,0.225116,0.350550,-0.534818,0.775603,-0.310722,1.005751,0.691293,-0.017112,0.028279,-0.799552,0.157883,0.987403,-0.634240,-0.585938,-0.087721,-0.461357,-0.454186,1.002041,0.398260,-0.274630,0.057991
5.420000,-0.144227,0.045631,0.999556,-0.397649,0.286313,-0.029341,0.695030,0.398510,0.902157,0.188548,0.344781,-0.522184,0.789185,-0.310730,1.006320,0.666898,0.016324,0.028569,-0.811900,0.146058,0.985669,-0.600444,-0.596451,-0.085723,-0.453121,-0.459534,1.003181,0.425258,-0.260153,0.056006
5.440000,-0.152223,0.051150,0.998982,-0.401984,0.265620,-0.028019,0.698434,0.405349,0.891845,0.151817,0.339086,-0.508857,0.802277,-0.310070,1.006893,0.642169,0.049741,0.028789,-0.823566,0.134028,0.983975,-0.566066,-0.606393,-0.083632,-0.444351,-0.464591,1.004281,0.451655,-0.245530,0.053979
5.460000,-0.160305,0.056255,0.998435,-0.406200,0.244807,-0.026679,0.701102,0.412074,0.881807,0.114922,0.333467,-0.494837,0.814870,-0.308741,1.007471,0.617106,0.083141,0.028939,-0.834539,0.121806,0.982324,-0.531104,-0.615763,-0.081449,-0.435059,-0.469354,1.005340,0.477450,-0.230760,0.051910
5.480000,-0.168470,0.060942,0.997915,-0.410296,0.223872,-0.025322,0.703030,0.418688,0.872056,0.077865,0.327922,-0.480124,0.826959,-0.306744,1.008050,0.591709,0.116522,0.029018,-0.844806,0.109402,0.980718,-0.495559,-0.624562,-0.079173,-0.425257,-0.473821,1.006357,0.502643,-0.215842,0.049798
5.500000,-0.176716,0.065209,0.997423,-0.414272,0.202817,-0.023947,0.704215,0.425192,0.862607,0.040644,0.322452,-0.464717,0.838536,-0.304080,1.008631,0.565979,0.149886,0.029027,-0.854357,0.096827,0.979158,-0.459432,-0.632789,-0.076803,-0.414957,-0.477987,1.007332,0.527236,-0.200778,0.047644
5.520000,-0.185040,0.069054,0.996958,-0.418073,0.181757,-0.022565,0.704655,0.431586,0.853472,0.003369,0.317046,-0.448688,0.849596,-0.300750,1.009211,0.539952,0.183027,0.028972,-0.863180,0.084094,0.977646,-0.422825,-0.640408,-0.074351,-0.404172,-0.481851,1.008263,0.551150,-0.185622,0.045459
5.540000,-0.193438,0.072480,0.996520,-0.421644,0.160810,-0.021182,0.704350,0.437874,0.844663,-0.033853,0.311694,-0.432108,0.860132,-0.296762,1.009789,0.513665,0.215744,0.028858,-0.871268,0.071215,0.976184,-0.385844,-0.647379,-0.071824,-0.392916,-0.485412,1.009150,0.574311,-0.170433,0.043258
5.560000,-0.201904,0.075487,0.996110,-0.424983,0.139975,-0.019801,0.703301,0.444055,0.836191,-0.071021,0.306396,-0.414977,0.870141,-0.292123,1.010365,0.487120,0.248035,0.028687,-0.878612,0.058203,0.974774,-0.348488,-0.653704,-0.069224,-0.381205,-0.488668,1.009993,0.596717,-0.155210,0.041039
5.580000,-0.210436,0.078079,0.995728,-0.428091,0.119252,-0.018419,0.701510,0.450130,0.828068,-0.108136,0.301151,-0.397294,0.879615,-0.286843,1.010937,0.460315,0.279900,0.028457,-0.885205,0.045071,0.973416,-0.310757,-0.659382,-0.066551,-0.369052,-0.491620,1.010792,0.618370,-0.139952,0.038802
5.600000,-0.219026,0.080258,0.995373,-0.430967,0.098641,-0.017039,0.698976,0.456101,0.820303,-0.145197,0.295960,-0.379061,0.888551,-0.280930,1.011503,0.433250,0.311341,0.028170,-0.891039,0.031832,0.972112,-0.272651,-0.664414,-0.063804,-0.356475,-0.494266,1.011545,0.639268,-0.124661,0.036549
5.620000,-0.227672,0.082027,0.995046,-0.433567,0.078249,-0.015665,0.695703,0.461969,0.812908,-0.182102,0.290814,-0.360359,0.896944,-0.274394,1.012063,0.405984,0.342163,0.027833,-0.896109,0.018499,0.970864,-0.234305,-0.668780,-0.060995,-0.343487,-0.496607,1.012254,0.659364,-0.109394,0.034289
5.640000,-0.236367,0.083390,0.994747,-0.435844,0.058184,-0.014307,0.691694,0.467734,0.805891,-0.218746,0.285703,-0.341271,0.904790,-0.267249,1.012616,0.378575,0.372173,0.027453,-0.900411,0.005086,0.969673,-0.195856,-0.672465,-0.058135,-0.330106,-0.498643,1.012917,0.678608,-0.094211,0.032033
5.660000,-0.245104,0.084356,0.994474,-0.437798,0.038444,-0.012964,0.686955,0.473397,0.799260,-0.255130,0.280627,-0.321798,0.912086,-0.259512,1.013161,0.351022,0.401372,0.027031,-0.903943,-0.008395,0.968539,-0.157302,-0.675467,-0.055225,-0.316348,-0.500376,1.013535,0.697000,-0.079112,0.029782
5.680000,-0.253877,0.084930,0.994228,-0.439429,0.019031,-0.011635,0.681491,0.478959,0.793022,-0.291254,0.275587,-0.301938,0.918830,-0.251199,1.013697,0.323326,0.429760,0.026566,-0.906702,-0.021929,0.967464,-0.118644,-0.677788,-0.052265,-0.302232,-0.501808,1.014108,0.714540,-0.064097,0.027536
5.700000,-0.262679,0.085119,0.994009,-0.440737,-0.000055,-0.010321,0.675306,0.484421,0.787185,-0.327118,0.270582,-0.281692,0.925018,-0.242327,1.014223,0.295487,0.457336,0.026060,-0.908688,-0.035502,0.966449,-0.079881,-0.679426,-0.049255,-0.287773,-0.502940,1.014636,0.731228,-0.049166,0.025294
5.720000,-0.271504,0.084931,0.993815,-0.441688,-0.018727,-0.009026,0.668408,0.489783,0.781756,-0.362624,0.265605,-0.261154,0.930649,-0.232913,1.014739,0.267587,0.483945,0.025517,-0.909898,-0.049101,0.965494,-0.041175,-0.680386,-0.046208,-0.272988,-0.503775,1.015120,0.747042,-0.034373,0.023066
5.740000,-0.280344,0.084374,0.993647,-0.442251,-0.036894,-0.007757,0.660805,0.495045,0.776740,-0.397674,0.260650,-0.240415,0.935722,-0.222977,1.015244,0.239708,0.509431,0.024944,-0.910336,-0.062713,0.964601,-0.002686,-0.680673,-0.043139,-0.257897,-0.504316,1.015559,0.761961,-0.019774,0.020861
5.760000,-0.289191,0.083458,0.993505,-0.442423,-0.054556,-0.006513,0.652504,0.500209,0.772141,-0.432270,0.255718,-0.219478,0.940237,-0.212543,1.015737,0.211851,0.533796,0.024340,-0.910007,-0.076323,0.963769,0.035586,-0.680286,-0.040048,-0.242516,-0.504567,1.015955,0.775985,-0.005367,0.018679
5.780000,-0.298038,0.082195,0.993387,-0.442207,-0.071713,-0.005293,0.643517,0.505274,0.767963,-0.466410,0.250808,-0.198340,0.944196,-0.201633,1.016217,0.184016,0.557038,0.023706,-0.908914,-0.089920,0.962999,0.073641,-0.679226,-0.036934,-0.226863,-0.504532,1.016306,0.789112,0.008846,0.016520
5.800000,-0.306877,0.080593,0.993293,-0.441601,-0.088366,-0.004098,0.633851,0.510241,0.764209,-0.500095,0.245920,-0.177003,0.947598,-0.190269,1.016685,0.156202,0.579157,0.023042,-0.907063,-0.103488,0.962291,0.111479,-0.677492,-0.033798,-0.210957,-0.504215,1.016615,0.801344,0.022866,0.014384
5.820000,-0.315700,0.078664,0.993223,-0.440587,-0.104452,-0.002931,0.623517,0.515111,0.760883,-0.533232,0.241054,-0.155563,0.950445,-0.178474,1.017139,0.128513,0.600057,0.022350,-0.904458,-0.117015,0.961647,0.148931,-0.675108,-0.030655,-0.194816,-0.503619,1.016882,0.812684,0.036649,0.012279
5.840000,-0.324498,0.076419,0.993175,-0.439149,-0.119909,-0.001794,0.612526,0.519883,0.757986,-0.565730,0.236209,-0.134117,0.952740,-0.166275,1.017578,0.101052,0.619639,0.021636,-0.901109,-0.130488,0.961065,0.185824,-0.672099,-0.027521,-0.178456,-0.502751,1.017107,0.823132,0.050150,0.010210
5.860000,-0.333263,0.073872,0.993151,-0.437286,-0.134737,-0.000687,0.600892,0.524559,0.755518,-0.597587,0.231386,-0.112664,0.954488,-0.153698,1.018004,0.073818,0.637902,0.020899,-0.897028,-0.143895,0.960546,0.222161,-0.668465,-0.024395,-0.161896,-0.501615,1.017291,0.832690,0.063370,0.008179
5.880000,-0.341986,0.071034,0.993148,-0.434997,-0.148936,0.000389,0.588627,0.529139,0.753480,-0.628804,0.226584,-0.091205,0.955694,-0.140768,1.018414,0.046813,0.654848,0.020139,-0.892227,-0.157223,0.960089,0.257939,-0.664205,-0.021279,-0.145154,-0.500218,1.017434,0.841358,0.076308,0.006185
5.900000,-0.350660,0.067919,0.993166,-0.432284,-0.162506,0.001435,0.575744,0.533623,0.751870,-0.659382,0.221803,-0.069740,0.956363,-0.127512,1.018809,0.020034,0.670476,0.019356,-0.886715,-0.170459,0.959695,0.293161,-0.659319,-0.018171,-0.128248,-0.498565,1.017538,0.849135,0.088964,0.004228
5.920000,-0.359275,0.064538,0.993205,-0.429145,-0.175415,0.002450,0.562256,0.538011,0.750690,-0.689235,0.217049,-0.048357,0.956498,-0.113958,1.019188,-0.006405,0.684751,0.018556,-0.880505,-0.183591,0.959362,0.327666,-0.653849,-0.015086,-0.111195,-0.496661,1.017604,0.856044,0.101309,0.002314
5.940000,-0.367823,0.060907,0.993264,-0.425578,-0.187631,0.003433,0.548180,0.542305,0.749935,-0.718281,0.212326,-0.027147,0.956109,-0.100132,1.019551,-0.032396,0.697641,0.017743,-0.873614,-0.196609,0.959091,0.361295,-0.647835,-0.012041,-0.094012,-0.494515,1.017631,0.862108,0.113310,0.000447
5.960000,-0.376295,0.057038,0.993342,-0.421585,-0.199154,0.004385,0.533530,0.546505,0.749603,-0.746517,0.207635,-0.006109,0.955205,-0.086062,1.019898,-0.057939,0.709144,0.016919,-0.866059,-0.209501,0.958880,0.394050,-0.641278,-0.009034,-0.076716,-0.492131,1.017622,0.867326,0.124969,-0.001373
5.980000,-0.384683,0.052945,0.993439,-0.417165,-0.209984,0.005304,0.518324,0.550611,0.749689,-0.773946,0.202974,0.014757,0.953795,-0.071775,1.020228,-0.083032,0.719262,0.016082,-0.857858,-0.222257,0.958729,0.425929,-0.634178,-0.006066,-0.059324,-0.489518,1.017577,0.871700,0.136286,-0.003146
6.000000,-0.392979,0.048643,0.993554,-0.412318,-0.220122,0.006192,0.502578,0.554624,0.750192,-0.800566,0.198345,0.035451,0.951887,-0.057300,1.020541,-0.107676,0.727994,0.015233,-0.849028,-0.234865,0.958637,0.456933,-0.626534,-0.003137,-0.041854,-0.486682,1.017496,0.875229,0.147260,-0.004871
6.020000,-0.401173,0.044145,0.993686,-0.407060,-0.229563,0.007048,0.486308,0.558545,0.751106,-0.826307,0.193756,0.055900,0.949491,-0.042664,1.020837,-0.131770,0.735364,0.014380,-0.839587,-0.247315,0.958604,0.486935,-0.618404,-0.000259,-0.024321,-0.483630,1.017382,0.877951,0.157875,-0.006545
6.040000,-0.409259,0.039465,0.993836,-0.401407,-0.238308,0.007874,0.469532,0.562374,0.752426,-0.851094,0.189216,0.076032,0.946620,-0.027895,1.021116,-0.155213,0.741398,0.013530,-0.829558,-0.259598,0.958627,0.515809,-0.609841,0.002556,-0.006741,-0.480370,1.017235,0.879904,0.168115,-0.008166
6.060000,-0.417227,0.034617,0.994001,-0.395360,-0.246354,0.008669,0.452270,0.566114,0.754145,-0.874930,0.184723,0.095845,0.943287,-0.013017,1.021379,-0.178006,0.746096,0.012685,-0.818962,-0.271706,0.958705,0.543556,-0.600847,0.005308,0.010870,-0.476908,1.017056,0.881089,0.177979,-0.009733
6.080000,-0.425070,0.029616,0.994182,-0.388918,-0.253703,0.009433,0.434541,0.569764,0.756257,-0.897813,0.180280,0.115342,0.939505,0.001940,1.021624,-0.200147,0.749457,0.011843,-0.807823,-0.283629,0.958839,0.570175,-0.591421,0.007996,0.028498,-0.473253,1.016846,0.881506,0.187467,-0.011246
6.100000,-0.432781,0.024474,0.994378,-0.382081,-0.260354,0.010166,0.416364,0.573325,0.758756,-0.919744,0.175884,0.134520,0.935286,0.016952,1.021852,-0.221636,0.751481,0.011005,-0.796163,-0.295360,0.959025,0.595665,-0.581564,0.010621,0.046126,-0.469412,1.016606,0.881155,0.196580,-0.012705
6.120000,-0.440351,0.019206,0.994589,-0.374884,-0.266334,0.010871,0.397758,0.576799,0.761636,-0.940668,0.171546,0.153331,0.930644,0.031991,1.022064,-0.242400,0.752238,0.010182,-0.784004,-0.306889,0.959263,0.619952,-0.571341,0.013176,0.063739,-0.465392,1.016338,0.880086,0.205314,-0.014109
6.140000,-0.447774,0.013825,0.994813,-0.367361,-0.271668,0.011549,0.378744,0.580187,0.764887,-0.960530,0.167272,0.171722,0.925595,0.047033,1.022260,-0.262361,0.751797,0.009383,-0.771373,-0.318211,0.959551,0.642960,-0.560819,0.015653,0.081325,-0.461202,1.016042,0.878349,0.213666,-0.015455
6.160000,-0.455043,0.008343,0.995050,-0.359512,-0.276356,0.012201,0.359344,0.583491,0.768502,-0.979332,0.163064,0.189694,0.920155,0.062055,1.022440,-0.281520,0.750156,0.008610,-0.758295,-0.329320,0.959889,0.664687,-0.549997,0.018054,0.098869,-0.456848,1.015720,0.875945,0.221636,-0.016743
6.180000,-0.462152,0.002775,0.995301,-0.351336,-0.280399,0.012827,0.339578,0.586710,0.772472,-0.997072,0.158920,0.207247,0.914340,0.077032,1.022604,-0.299878,0.747317,0.007863,-0.744794,-0.340209,0.960273,0.685135,-0.538875,0.020377,0.116358,-0.452339,1.015373,0.872873,0.229223,-0.017974
6.200000,-0.469095,-0.002868,0.995563,-0.342835,-0.283796,0.013426,0.319468,0.589848,0.776789,-1.013752,0.154841,0.224380,0.908165,0.091940,1.022754,-0.317433,0.743279,0.007140,-0.730898,-0.350873,0.960703,0.704302,-0.527454,0.022622,0.133779,-0.447682,1.015002,0.869134,0.236429,-0.019147
6.220000,-0.475864,-0.008573,0.995838,-0.334049,-0.286592,0.014005,0.299035,0.592905,0.781444,-1.029341,0.150831,0.241065,0.901648,0.106756,1.022890,-0.334138,0.738151,0.006453,-0.716631,-0.361306,0.961177,0.722165,-0.515804,0.024791,0.151119,-0.442884,1.014608,0.864795,0.243259,-0.020262
6.240000,-0.482455,-0.014328,0.996123,-0.325022,-0.288828,0.014569,0.278302,0.595882,0.786428,-1.043812,0.146896,0.257272,0.894806,0.121459,1.023013,-0.349942,0.732043,0.005811,-0.702020,-0.371504,0.961694,0.738697,-0.503996,0.026883,0.168367,-0.437954,1.014192,0.859920,0.249721,-0.021318
6.260000,-0.488863,-0.020122,0.996420,-0.315754,-0.290506,0.015119,0.257290,0.598781,0.791732,-1.057163,0.143035,0.273001,0.887656,0.136031,1.023123,-0.364847,0.724953,0.005213,-0.687092,-0.381465,0.962252,0.753898,-0.492030,0.028898,0.185513,-0.432898,1.013755,0.854512,0.255816,-0.022314
6.280000,-0.495084,-0.025945,0.996728,-0.306244,-0.291625,0.015654,0.236023,0.601604,0.797345,-1.069397,0.139248,0.288252,0.880218,0.150451,1.023222,-0.378851,0.716882,0.004661,-0.671873,-0.391184,0.962850,0.767769,-0.479906,0.030837,0.202544,-0.427724,1.013299,0.848569,0.261543,-0.023251
6.300000,-0.501111,-0.031784,0.997046,-0.296492,-0.292186,0.016174,0.214522,0.604351,0.803259,-1.080511,0.135535,0.303025,0.872508,0.164700,1.023310,-0.391955,0.707830,0.004153,-0.656390,-0.400660,0.963485,0.780309,-0.467624,0.032699,0.219452,-0.422439,1.012826,0.842091,0.266903,-0.024129
6.320000,-0.506942,-0.037629,0.997375,-0.286558,-0.292254,0.016678,0.192810,0.607025,0.809463,-1.090494,0.131898,0.317306,0.864546,0.178758,1.023388,-0.404151,0.697931,0.003696,-0.640669,-0.409889,0.964157,0.791550,-0.455254,0.034488,0.236225,-0.417050,1.012335,0.835145,0.271909,-0.024949
6.340000,-0.512573,-0.043471,0.997713,-0.276499,-0.291896,0.017163,0.170910,0.609628,0.815948,-1.099333,0.128338,0.331080,0.856348,0.192612,1.023458,-0.415430,0.687316,0.003296,-0.624736,-0.418870,0.964864,0.801525,-0.442864,0.036205,0.252855,-0.411564,1.011828,0.827795,0.276578,-0.025712
6.360000,-0.518001,-0.049302,0.998061,-0.266317,-0.291111,0.017629,0.148844,0.612160,0.822703,-1.107029,0.124856,0.344348,0.847934,0.206246,1.023520,-0.425794,0.675987,0.002953,-0.608617,-0.427603,0.965605,0.810233,-0.430456,0.037850,0.269334,-0.405989,1.011307,0.820041,0.280909,-0.026418
6.380000,-0.523225,-0.055113,0.998418,-0.256010,-0.289900,0.018077,0.126636,0.614622,0.829718,-1.113580,0.121451,0.357111,0.839323,0.219647,1.023576,-0.435241,0.663942,0.002668,-0.592335,-0.436088,0.966378,0.817674,-0.418029,0.039425,0.285654,-0.400330,1.010772,0.811883,0.284902,-0.027067
6.400000,-0.528241,-0.060895,0.998784,-0.245579,-0.288262,0.018506,0.104309,0.617018,0.836984,-1.118988,0.118123,0.369366,0.830531,0.232799,1.023627,-0.443771,0.651183,0.002439,-0.575918,-0.444324,0.967181,0.823848,-0.405583,0.040928,0.301807,-0.394595,1.010224,0.803322,0.288557,-0.027660
6.420000,-0.533047,-0.066641,0.999159,-0.235076,-0.286261,0.018921,0.081884,0.619348,0.844489,-1.123265,0.114864,0.381116,0.821578,0.245690,1.023674,-0.451415,0.637848,0.002269,-0.559389,-0.452311,0.968014,0.828822,-0.393163,0.042363,0.317784,-0.388790,1.009666,0.794419,0.291895,-0.028198
6.440000,-0.537644,-0.072343,0.999541,-0.224551,-0.283959,0.019323,0.059386,0.621613,0.852225,-1.126425,0.111665,0.392359,0.812480,0.258310,1.023719,-0.458199,0.624078,0.002159,-0.542773,-0.460051,0.968875,0.832661,-0.380814,0.043733,0.333581,-0.382921,1.009097,0.785239,0.294937,-0.028683
6.460000,-0.542029,-0.077997,0.999931,-0.214005,-0.281356,0.019715,0.036835,0.623815,0.860180,-1.128467,0.108525,0.403095,0.803255,0.270650,1.023761,-0.464126,0.609872,0.002109,-0.526091,-0.467544,0.969763,0.835365,-0.368535,0.045038,0.349192,-0.376995,1.008519,0.775780,0.297683,-0.029116
6.480000,-0.546204,-0.083596,1.000330,-0.203438,-0.278452,0.020095,0.014254,0.625954,0.868345,-1.129392,0.105445,0.413325,0.793921,0.282702,1.023803,-0.469194,0.595230,0.002119,-0.509366,-0.474793,0.970677,0.836934,-0.356326,0.046278,0.364611,-0.371016,1.007932,0.766043,0.300133,-0.029496
6.500000,-0.550167,-0.089133,1.000735,-0.192849,-0.275247,0.020463,-0.008333,0.628033,0.876710,-1.129200,0.102425,0.423048,0.784493,0.294457,1.023846,-0.473403,0.580153,0.002190,-0.492621,-0.481798,0.971614,0.837368,-0.344189,0.047453,0.379832,-0.364991,1.007339,0.756029,0.302286,-0.029823
6.520000,-0.553918,-0.094604,1.001148,-0.182281,-0.271797,0.020824,-0.030906,0.630052,0.885264,-1.127919,0.099449,0.432273,0.774990,0.305906,1.023891,-0.476815,0.564772,0.002317,-0.475878,-0.488561,0.972574,0.836754,-0.332149,0.048565,0.394850,-0.358926,1.006740,0.745786,0.304167,-0.030100
6.540000,-0.557458,-0.100004,1.001568,-0.171777,-0.268161,0.021182,-0.053443,0.632011,0.893998,-1.125575,0.096501,0.441009,0.765426,0.317046,1.023939,-0.479490,0.549219,0.002499,-0.459157,-0.495085,0.973556,0.835180,-0.320237,0.049617,0.409662,-0.352826,1.006135,0.735367,0.305797,-0.030328
6.560000,-0.560789,-0.105329,1.001995,-0.161336,-0.264337,0.021537,-0.075922,0.633912,0.902901,-1.122171,0.093581,0.449256,0.755815,0.327874,1.023992,-0.481427,0.533493,0.002735,-0.442477,-0.501371,0.974558,0.832644,-0.308450,0.050607,0.424264,-0.346696,1.005527,0.724771,0.307179,-0.030509
6.580000,-0.563912,-0.110576,1.002430,-0.150959,-0.260326,0.021889,-0.098323,0.635755,0.911965,-1.117704,0.090689,0.457015,0.746173,0.338385,1.024049,-0.482628,0.517596,0.003024,-0.425858,-0.507424,0.975580,0.829148,-0.296790,0.051536,0.438652,-0.340541,1.004915,0.713998,0.308310,-0.030641
6.600000,-0.566828,-0.115741,1.002871,-0.140645,-0.256127,0.022238,-0.120623,0.637540,0.921178,-1.112176,0.087825,0.464284,0.736515,0.348576,1.024113,-0.483091,0.501526,0.003368,-0.409318,-0.513244,0.976620,0.824691,-0.285256,0.052404,0.452823,-0.334365,1.004302,0.703049,0.309192,-0.030724
6.620000,-0.569539,-0.120820,1.003319,-0.130429,-0.251792,0.022585,-0.142803,0.639268,0.930533,-1.105644,0.084977,0.471070,0.726854,0.358446,1.024184,-0.482904,0.485394,0.003757,-0.392876,-0.518835,0.977676,0.819371,-0.273861,0.053210,0.466773,-0.328175,1.003687,0.691958,0.309846,-0.030762
6.640000,-0.572046,-0.125812,1.003774,-0.120348,-0.247368,0.022935,-0.164843,0.640939,0.940018,-1.098167,0.082133,0.477378,0.717203,0.367993,1.024263,-0.482152,0.469310,0.004184,-0.376548,-0.524199,0.978748,0.813286,-0.262620,0.053953,0.480500,-0.321973,1.003072,0.680761,0.310296,-0.030755
6.660000,-0.574353,-0.130714,1.004236,-0.110399,-0.242858,0.023285,-0.186724,0.642553,0.949625,-1.089744,0.079293,0.483207,0.707572,0.377218,1.024352,-0.480837,0.453275,0.004648,-0.360349,-0.529341,0.979833,0.806436,-0.251532,0.054631,0.494003,-0.315764,1.002457,0.669457,0.310541,-0.030704
6.680000,-0.576463,-0.135526,1.004706,-0.100584,-0.238260,0.023637,-0.208426,0.644111,0.959343,-1.080375,0.076457,0.488558,0.697973,0.386124,1.024450,-0.478958,0.437287,0.005150,-0.344296,-0.534262,0.980932,0.798821,-0.240598,0.055247,0.507278,-0.309553,1.001844,0.658046,0.310581,-0.030608
6.700000,-0.578378,-0.140244,1.005182,-0.090903,-0.233574,0.023991,-0.229932,0.645611,0.969164,-1.070060,0.073624,0.493430,0.688417,0.394710,1.024558,-0.476514,0.421348,0.005690,-0.328402,-0.538965,0.982043,0.790440,-0.229816,0.055799,0.520324,-0.303342,1.001233,0.646529,0.310416,-0.030468
6.720000,-0.580100,-0.144868,1.005665,-0.081386,-0.228845,0.024345,-0.251223,0.647055,0.979077,-1.058875,0.070780,0.497830,0.678916,0.402979,1.024677,-0.473588,0.405533,0.006260,-0.312682,-0.543455,0.983164,0.781396,-0.219195,0.056289,0.533138,-0.297137,1.000625,0.634933,0.310066,-0.030286
6.740000,-0.581634,-0.149398,1.006156,-0.072064,-0.224114,0.024700,-0.272282,0.648442,0.989074,-1.046897,0.067907,0.501765,0.669476,0.410933,1.024809,-0.470259,0.389917,0.006855,-0.297150,-0.547734,0.984294,0.771788,-0.208740,0.056720,0.545721,-0.290941,1.000022,0.623284,0.309554,-0.030062
6.760000,-0.582984,-0.153833,1.006653,-0.062937,-0.219383,0.025056,-0.293093,0.649772,0.999145,-1.034125,0.065005,0.505235,0.660108,0.418577,1.024952,-0.466527,0.374500,0.007474,-0.281815,-0.551806,0.985432,0.761617,-0.198453,0.057092,0.558069,-0.284756,0.999423,0.611582,0.308879,-0.029798
6.780000,-0.584153,-0.158173,1.007158,-0.054005,-0.214651,0.025412,-0.313642,0.651042,1.009280,-1.020559,0.062076,0.508238,0.650818,0.425914,1.025108,-0.462393,0.359283,0.008118,-0.266689,-0.555674,0.986577,0.750883,-0.188332,0.057404,0.570184,-0.278587,0.998830,0.599827,0.308040,-0.029492
6.800000,-0.585146,-0.162419,1.007670,-0.045267,-0.209918,0.025770,-0.333911,0.652254,1.019471,-1.006200,0.059117,0.510776,0.641615,0.432949,1.025277,-0.457857,0.344265,0.008787,-0.251783,-0.559340,0.987728,0.739585,-0.178378,0.057657,0.582062,-0.272436,0.998244,0.588019,0.307038,-0.029146
6.820000,-0.585965,-0.166570,1.008189,-0.036740,-0.205213,0.026127,-0.353885,0.653407,1.029708,-0.991151,0.056120,0.512855,0.632506,0.439686,1.025459,-0.452989,0.329493,0.009475,-0.237108,-0.562810,0.988883,0.727824,-0.168596,0.057855,0.593704,-0.266306,0.997664,0.576177,0.305892,-0.028760
6.840000,-0.586617,-0.170628,1.008715,-0.028438,-0.200565,0.026485,-0.373553,0.654499,1.039982,-0.975516,0.053072,0.514482,0.623497,0.446131,1.025656,-0.447861,0.315013,0.010177,-0.222673,-0.566085,0.990042,0.715697,-0.158991,0.058004,0.605109,-0.260201,0.997093,0.564321,0.304619,-0.028336
6.860000,-0.587104,-0.174593,1.009248,-0.020360,-0.195976,0.026843,-0.392902,0.655529,1.050284,-0.959296,0.049976,0.515656,0.614593,0.452289,1.025866,-0.442472,0.300825,0.010895,-0.208483,-0.569171,0.991203,0.703206,-0.149562,0.058102,0.616277,-0.254122,0.996531,0.552449,0.303220,-0.027874
6.880000,-0.587433,-0.178467,1.009789,-0.012508,-0.191443,0.027201,-0.411921,0.656497,1.060606,-0.942489,0.046829,0.516377,0.605800,0.458166,1.026092,-0.436823,0.286929,0.011628,-0.194547,-0.572069,0.992366,0.690349,-0.140309,0.058151,0.627207,-0.248073,0.995979,0.540562,0.301695,-0.027374
6.900000,-0.587606,-0.182251,1.010336,-0.004881,-0.186968,0.027560,-0.430597,0.657402,1.070937,-0.925097,0.043633,0.516645,0.597122,0.463768,1.026332,-0.430913,0.273325,0.012375,-0.180871,-0.574784,0.993529,0.677128,-0.131234,0.058149,0.637899,-0.242055,0.995437,0.528661,0.300043,-0.026835
6.920000,-0.587629,-0.185946,1.010891,0.002516,-0.182568,0.027918,-0.448921,0.658242,1.081268,-0.907229,0.040381,0.516473,0.588565,0.469101,1.026587,-0.424802,0.260037,0.013134,-0.167463,-0.577320,0.994691,0.663636,-0.122340,0.058105,0.648353,-0.236072,0.994906,0.516756,0.298281,-0.026260
6.940000,-0.587507,-0.189555,1.011453,0.009678,-0.178261,0.028277,-0.466884,0.659017,1.091593,-0.888992,0.037065,0.515872,0.580131,0.474172,1.026857,-0.418550,0.247089,0.013901,-0.154327,-0.579679,0.995853,0.649965,-0.113633,0.058023,0.658570,-0.230125,0.994386,0.504862,0.296424,-0.025648
6.960000,-0.587244,-0.193077,1.012022,0.016607,-0.174046,0.028635,-0.484479,0.659725,1.101900,-0.870388,0.033686,0.514842,0.571824,0.478987,1.027143,-0.412156,0.234481,0.014676,-0.141466,-0.581866,0.997012,0.636118,-0.105114,0.057904,0.668548,-0.224216,0.993880,0.492976,0.294473,-0.025001
6.980000,-0.586844,-0.196517,1.012598,0.023300,-0.169923,0.028992,-0.501697,0.660364,1.112183,-0.851417,0.030243,0.513382,0.563646,0.483553,1.027444,-0.405620,0.222212,0.015458,-0.128884,-0.583885,0.998169,0.622092,-0.096781,0.057748,0.678289,-0.218346,0.993387,0.481101,0.292428,-0.024318
7.000000,-0.586313,-0.199875,1.013182,0.029760,-0.165894,0.029350,-0.518533,0.660934,1.122433,-0.832078,0.026737,0.511494,0.555600,0.487878,1.027761,-0.398943,0.210284,0.016249,-0.116584,-0.585739,0.999322,0.607889,-0.088636,0.057555,0.687792,-0.212519,0.992907,0.469235,0.290287,-0.023599
7.020000,-0.585656,-0.203153,1.013772,0.035987,-0.161965,0.029707,-0.534979,0.661433,1.132640,-0.812472,0.023168,0.509201,0.547689,0.491967,1.028094,-0.392172,0.198703,0.017044,-0.104569,-0.587432,1.000471,0.593596,-0.080685,0.057332,0.697058,-0.206735,0.992443,0.457386,0.288066,-0.022846
7.040000,-0.584875,-0.206354,1.014370,0.041983,-0.158147,0.030063,-0.551031,0.661860,1.142798,-0.792698,0.019535,0.506526,0.539913,0.495828,1.028443,-0.385355,0.187478,0.017843,-0.092840,-0.588967,1.001615,0.579300,-0.072936,0.057087,0.706088,-0.200997,0.991994,0.445564,0.285778,-0.022059
7.060000,-0.583978,-0.209480,1.014975,0.047749,-0.154438,0.030418,-0.566685,0.662214,1.152899,-0.772757,0.015839,0.503470,0.532275,0.499468,1.028808,-0.378494,0.176609,0.018644,-0.081397,-0.590350,1.002754,0.565001,-0.065388,0.056819,0.714881,-0.195305,0.991561,0.433766,0.283423,-0.021239
7.080000,-0.582967,-0.212533,1.015587,0.053284,-0.150840,0.030771,-0.581940,0.662493,1.162935,-0.752649,0.012080,0.500033,0.524774,0.502895,1.029189,-0.371587,0.166096,0.019447,-0.070240,-0.591584,1.003887,0.550700,-0.058043,0.056529,0.723439,-0.189660,0.991144,0.421995,0.281000,-0.020386
7.100000,-0.581848,-0.215514,1.016206,0.058589,-0.147351,0.031124,-0.596790,0.662697,1.172898,-0.732374,0.008258,0.496214,0.517412,0.506115,1.029586,-0.364635,0.155939,0.020253,-0.059369,-0.592673,1.005015,0.536395,-0.050899,0.056217,0.731761,-0.184065,0.990746,0.410249,0.278511,-0.019500
7.120000,-0.580625,-0.218427,1.016832,0.063669,-0.143975,0.031475,-0.611234,0.662823,1.182781,-0.712034,0.004385,0.492045,0.510188,0.509135,1.029999,-0.357676,0.146135,0.021059,-0.048783,-0.593622,1.006136,0.522149,-0.043959,0.055889,0.739849,-0.178520,0.990365,0.398535,0.275966,-0.018582
7.140000,-0.579303,-0.221274,1.017465,0.068531,-0.140713,0.031823,-0.625272,0.662872,1.192577,-0.691734,0.000474,0.487555,0.503104,0.511962,1.030428,-0.350750,0.136684,0.021862,-0.038482,-0.594433,1.007250,0.508025,-0.037224,0.055553,0.747703,-0.173027,0.990002,0.386862,0.273378,-0.017635
7.160000,-0.577885,-0.224057,1.018105,0.073174,-0.137566,0.032168,-0.638904,0.662842,1.202281,-0.671472,-0.003474,0.482746,0.496158,0.514604,1.030873,-0.343857,0.127584,0.022663,-0.028462,-0.595112,1.008358,0.494022,-0.030695,0.055208,0.755323,-0.167585,0.989659,0.375227,0.270747,-0.016659
7.180000,-0.576377,-0.226777,1.018751,0.077599,-0.134533,0.032511,-0.652131,0.662733,1.211885,-0.651250,-0.007461,0.477616,0.489350,0.517068,1.031335,-0.336996,0.118836,0.023461,-0.018720,-0.595662,1.009459,0.480141,-0.024371,0.054855,0.762712,-0.162197,0.989336,0.363633,0.268074,-0.015653
7.200000,-0.574783,-0.229439,1.019405,0.081805,-0.131615,0.032851,-0.664954,0.662543,1.221383,-0.631067,-0.011485,0.472166,0.482678,0.519360,1.031812,-0.330168,0.110441,0.024257,-0.009255,-0.596088,1.010552,0.466381,-0.018253,0.054494,0.769869,-0.156863,0.989034,0.352078,0.265357,-0.014617
7.220000,-0.573106,-0.232043,1.020065,0.085801,-0.128810,0.033186,-0.677375,0.662273,1.230770,-0.611005,-0.015532,0.466435,0.476143,0.521488,1.032305,-0.323405,0.102390,0.025046,-0.000064,-0.596394,1.011638,0.452783,-0.012338,0.054130,0.776795,-0.151583,0.988752,0.340572,0.262608,-0.013555
7.240000,-0.571352,-0.234592,1.020732,0.089594,-0.126116,0.033516,-0.689396,0.661922,1.240039,-0.591147,-0.019587,0.460462,0.469741,0.523458,1.032814,-0.316739,0.094678,0.025827,0.008857,-0.596583,1.012717,0.439388,-0.006624,0.053770,0.783492,-0.146359,0.988491,0.329125,0.259838,-0.012470
7.260000,-0.569524,-0.237088,1.021406,0.093186,-0.123533,0.033840,-0.701022,0.661490,1.249187,-0.571493,-0.023649,0.454246,0.463472,0.525277,1.033338,-0.310172,0.087303,0.026599,0.017513,-0.596660,1.013789,0.426196,-0.001112,0.053414,0.789961,-0.141190,0.988253,0.317738,0.257047,-0.011362
7.280000,-0.567626,-0.239534,1.022086,0.096576,-0.121061,0.034159,-0.712257,0.660976,1.258207,-0.552042,-0.027719,0.447789,0.457334,0.526952,1.033877,-0.303703,0.080267,0.027362,0.025907,-0.596629,1.014854,0.413208,0.004200,0.053062,0.796202,-0.136077,0.988037,0.306410,0.254235,-0.010230
7.300000,-0.565662,-0.241931,1.022772,0.099763,-0.118701,0.034471,-0.723105,0.660381,1.267097,-0.532795,-0.031797,0.441089,0.451324,0.528490,1.034432,-0.297332,0.073569,0.028115,0.034043,-0.596493,1.015912,0.400422,0.009310,0.052713,0.802218,-0.131021,0.987844,0.295140,0.251402,-0.009075
7.320000,-0.563637,-0.244283,1.023465,0.102758,-0.116448,0.034776,-0.733570,0.659704,1.275850,-0.513812,-0.035868,0.434187,0.445440,0.529897,1.035002,-0.291078,0.067194,0.028858,0.041925,-0.596258,1.016963,0.387865,0.014224,0.052373,0.808008,-0.126021,0.987674,0.283948,0.248558,-0.007902
7.340000,-0.561553,-0.246590,1.024163,0.105570,-0.114298,0.035069,-0.743659,0.658946,1.284463,-0.495154,-0.039918,0.427123,0.439680,0.531180,1.035586,-0.284962,0.061125,0.029586,0.049559,-0.595926,1.018007,0.375561,0.018947,0.052047,0.813576,-0.121078,0.987528,0.272848,0.245715,-0.006715
7.360000,-0.559415,-0.248855,1.024867,0.108198,-0.112253,0.035352,-0.753379,0.658108,1.292933,-0.476820,-0.043947,0.419898,0.434040,0.532344,1.036185,-0.278982,0.055363,0.030301,0.056949,-0.595501,1.019045,0.363511,0.023478,0.051733,0.818923,-0.116192,0.987406,0.261842,0.242873,-0.005516
7.380000,-0.557226,-0.251081,1.025577,0.110642,-0.110311,0.035624,-0.762734,0.657189,1.301258,-0.458812,-0.047955,0.412511,0.428519,0.533397,1.036798,-0.273140,0.049908,0.031001,0.064101,-0.594988,1.020076,0.351713,0.027817,0.051433,0.824050,-0.111363,0.987308,0.250929,0.240031,-0.004303
7.400000,-0.554991,-0.253268,1.026292,0.112903,-0.108473,0.035885,-0.771733,0.656190,1.309433,-0.441127,-0.051942,0.404961,0.423114,0.534343,1.037425,-0.267435,0.044760,0.031688,0.071019,-0.594390,1.021102,0.340169,0.031965,0.051147,0.828961,-0.106591,0.987234,0.240109,0.237189,-0.003078
7.420000,-0.552711,-0.255420,1.027013,0.114995,-0.106731,0.036136,-0.780382,0.655111,1.317455,-0.423801,-0.055898,0.397288,0.417821,0.535189,1.038066,-0.261877,0.039899,0.032358,0.077710,-0.593710,1.022122,0.328893,0.035928,0.050877,0.833656,-0.101876,0.987184,0.229411,0.234359,-0.001847
7.440000,-0.550392,-0.257538,1.027738,0.116931,-0.105077,0.036379,-0.788688,0.653954,1.325324,-0.406866,-0.059811,0.389527,0.412638,0.535940,1.038720,-0.256479,0.035304,0.033010,0.084177,-0.592954,1.023137,0.317899,0.039712,0.050626,0.838138,-0.097217,0.987160,0.218864,0.231551,-0.000620
7.460000,-0.548035,-0.259624,1.028468,0.118713,-0.103510,0.036612,-0.796659,0.652719,1.333036,-0.390323,-0.063682,0.381679,0.407561,0.536603,1.039386,-0.251240,0.030976,0.033642,0.090427,-0.592123,1.024147,0.307187,0.043317,0.050396,0.842411,-0.092613,0.987160,0.208468,0.228765,0.000604
7.480000,-0.545644,-0.261679,1.029202,0.120339,-0.102032,0.036837,-0.804303,0.651407,1.340590,-0.374170,-0.067510,0.373744,0.402587,0.537181,1.040065,-0.246159,0.026914,0.034256,0.096466,-0.591222,1.025153,0.296759,0.046743,0.050185,0.846478,-0.088066,0.987184,0.198222,0.226002,0.001826
7.500000,-0.543223,-0.263706,1.029941,0.121810,-0.100641,0.037054,-0.811629,0.650019,1.347985,-0.358408,-0.071296,0.365721,0.397713,0.537681,1.040756,-0.241238,0.023119,0.034850,0.102300,-0.590255,1.026155,0.286613,0.049991,0.049993,0.850341,-0.083573,0.987233,0.188127,0.223261,0.003044
7.520000,-0.540773,-0.265705,1.030684,0.123139,-0.099330,0.037261,-0.818642,0.648555,1.355219,-0.343049,-0.075034,0.357642,0.392936,0.538108,1.041459,-0.236482,0.019570,0.035422,0.107933,-0.589224,1.027153,0.276759,0.053066,0.049823,0.854004,-0.079135,0.987306,0.178200,0.220550,0.004254
7.540000,-0.538298,-0.267680,1.031431,0.124341,-0.098094,0.037458,-0.825353,0.647018,1.362291,-0.328102,-0.078718,0.349536,0.388253,0.538465,1.042173,-0.231898,0.016244,0.035969,0.113372,-0.588133,1.028148,0.267207,0.055975,0.049675,0.857470,-0.074751,0.987403,0.168457,0.217875,0.005450
7.560000,-0.535800,-0.269630,1.032183,0.125415,-0.096930,0.037645,-0.831769,0.645407,1.369200,-0.313567,-0.082347,0.341403,0.383659,0.538759,1.042898,-0.227485,0.013141,0.036490,0.118623,-0.586986,1.029140,0.257958,0.058719,0.049550,0.860743,-0.070420,0.987524,0.158897,0.215238,0.006632
7.580000,-0.533282,-0.271557,1.032937,0.126362,-0.095840,0.037822,-0.837899,0.643724,1.375947,-0.299444,-0.085922,0.333244,0.379152,0.538993,1.043632,-0.223245,0.010263,0.036985,0.123692,-0.585785,1.030130,0.249011,0.061297,0.049447,0.863827,-0.066141,0.987668,0.149521,0.212637,0.007801
7.600000,-0.530747,-0.273464,1.033695,0.127180,-0.094823,0.037989,-0.843750,0.641970,1.382530,-0.285734,-0.089443,0.325059,0.374728,0.539171,1.044377,-0.219177,0.007608,0.037455,0.128586,-0.584535,1.031118,0.240366,0.063709,0.049366,0.866726,-0.061914,0.987835,0.140330,0.210074,0.008956
7.620000,-0.528196,-0.275351,1.034457,0.127887,-0.093871,0.038149,-0.849331,0.640147,1.388949,-0.272430,-0.092909,0.316869,0.370384,0.539298,1.045130,-0.215286,0.005157,0.037894,0.133309,-0.583238,1.032105,0.232021,0.065966,0.049308,0.869442,-0.057738,0.988026,0.131328,0.207552,0.010094
7.640000,-0.525632,-0.277219,1.035221,0.128497,-0.092976,0.038304,-0.854650,0.638254,1.395205,-0.259526,-0.096319,0.308697,0.366116,0.539378,1.045892,-0.211577,0.002888,0.038299,0.137868,-0.581897,1.033091,0.223973,0.068078,0.049272,0.871980,-0.053612,0.988239,0.122522,0.205078,0.011212
7.660000,-0.523057,-0.279070,1.035989,0.129010,-0.092139,0.038453,-0.859714,0.636294,1.401297,-0.247021,-0.099673,0.300542,0.361920,0.539415,1.046662,-0.208051,0.000803,0.038668,0.142270,-0.580516,1.034076,0.216222,0.070046,0.049259,0.874344,-0.049535,0.988474,0.113911,0.202650,0.012310
7.680000,-0.520472,-0.280905,1.036759,0.129426,-0.091358,0.038598,-0.864533,0.634268,1.407226,-0.234917,-0.102970,0.292405,0.357793,0.539412,1.047439,-0.204708,-0.001099,0.039003,0.146519,-0.579097,1.035061,0.208769,0.071869,0.049268,0.876538,-0.045505,0.988731,0.105497,0.200270,0.013388
7.700000,-0.517880,-0.282725,1.037533,0.129746,-0.090635,0.038737,-0.869114,0.632176,1.412993,-0.223212,-0.106211,0.284285,0.353730,0.539372,1.048222,-0.201548,-0.002818,0.039303,0.150623,-0.577642,1.036047,0.201612,0.073547,0.049300,0.878565,-0.041523,0.989010,0.097278,0.197938,0.014446
7.720000,-0.515283,-0.284531,1.038309,0.129983,-0.089962,0.038872,-0.873464,0.630020,1.418598,-0.211889,-0.109399,0.276196,0.349729,0.539300,1.049011,-0.198568,-0.004375,0.039566,0.154586,-0.576156,1.037033,0.194744,0.075093,0.049352,0.880430,-0.037588,0.989309,0.089253,0.195656,0.015482
7.740000,-0.512681,-0.286323,1.039088,0.130152,-0.089334,0.039003,-0.877592,0.627800,1.424041,-0.200930,-0.112537,0.268152,0.345786,0.539198,1.049804,-0.195767,-0.005793,0.039790,0.158414,-0.574639,1.038021,0.188154,0.076519,0.049424,0.882137,-0.033697,0.989629,0.081418,0.193429,0.016495
7.760000,-0.510077,-0.288104,1.039869,0.130253,-0.088750,0.039130,-0.881504,0.625519,1.429324,-0.190336,-0.115625,0.260153,0.341898,0.539069,1.050602,-0.193146,-0.007071,0.039975,0.162114,-0.573096,1.039010,0.181842,0.077827,0.049516,0.883688,-0.029850,0.989969,0.073773,0.191258,0.017485
7.780000,-0.507472,-0.289874,1.040653,0.130286,-0.088211,0.039253,-0.885208,0.623176,1.434448,-0.180106,-0.118663,0.252199,0.338059,0.538916,1.051403,-0.190703,-0.008209,0.040121,0.165690,-0.571527,1.040002,0.175810,0.079015,0.049627,0.885089,-0.026046,0.990328,0.066319,0.189141,0.018452
7.800000,-0.504866,-0.291633,1.041439,0.130251,-0.087716,0.039372,-0.888711,0.620772,1.439413,-0.170240,-0.121651,0.244290,0.334268,0.538742,1.052207,-0.188440,-0.009208,0.040228,0.169148,-0.569936,1.040996,0.170056,0.080085,0.049757,0.886342,-0.022284,0.990707,0.059055,0.187079,0.019396
7.820000,-0.502262,-0.293383,1.042228,0.130162,-0.087260,0.039490,-0.892020,0.618310,1.444220,-0.160714,-0.124594,0.236433,0.330521,0.538549,1.053012,-0.186349,-0.010087,0.040296,0.172494,-0.568324,1.041992,0.164569,0.081048,0.049903,0.887452,-0.018563,0.991104,0.051973,0.185076,0.020315
7.840000,-0.499660,-0.295124,1.043019,0.130033,-0.086837,0.039611,-0.895141,0.615789,1.448870,-0.151505,-0.127499,0.228634,0.326813,0.538339,1.053818,-0.184423,-0.010868,0.040327,0.175732,-0.566695,1.042992,0.159339,0.081920,0.050063,0.888422,-0.014881,0.991519,0.045065,0.183133,0.021210
7.860000,-0.497061,-0.296856,1.043812,0.129863,-0.086448,0.039734,-0.898082,0.613210,1.453365,-0.142611,-0.130364,0.220894,0.323143,0.538115,1.054625,-0.182663,-0.011551,0.040319,0.178869,-0.565048,1.043995,0.154365,0.082700,0.050235,0.889256,-0.011237,0.991952,0.038329,0.181251,0.022081
7.880000,-0.494466,-0.298582,1.044608,0.129654,-0.086092,0.039860,-0.900848,0.610575,1.457706,-0.134033,-0.133191,0.213212,0.319506,0.537878,1.055431,-0.181069,-0.012136,0.040273,0.181909,-0.563387,1.045001,0.149646,0.083389,0.050420,0.889957,-0.007630,0.992402,0.031767,0.179430,0.022927
7.900000,-0.491875,-0.300300,1.045406,0.129405,-0.085768,0.039988,-0.903445,0.607883,1.461894,-0.125771,-0.135978,0.205589,0.315899,0.537630,1.056235,-0.179641,-0.012622,0.040189,0.184857,-0.561713,1.046012,0.145184,0.083986,0.050619,0.890528,-0.004059,0.992869,0.025378,0.177670,0.023748
7.920000,-0.489290,-0.302013,1.046208,0.129127,-0.085475,0.040121,-0.905881,0.605136,1.465930,-0.117799,-0.138733,0.198027,0.312319,0.537373,1.057038,-0.178368,-0.013029,0.040069,0.187718,-0.560028,1.047026,0.140968,0.084505,0.050825,0.890973,-0.000523,0.993352,0.019150,0.175973,0.024545
7.940000,-0.486710,-0.303719,1.047011,0.128834,-0.085206,0.040259,-0.908159,0.602334,1.469816,-0.110091,-0.141461,0.190528,0.308763,0.537109,1.057838,-0.177240,-0.013374,0.039918,0.190497,-0.558333,1.048045,0.136989,0.084959,0.051033,0.891295,0.002980,0.993851,0.013073,0.174340,0.025318
7.960000,-0.484136,-0.305421,1.047818,0.128525,-0.084962,0.040402,-0.910286,0.599477,1.473552,-0.102645,-0.144163,0.183091,0.305228,0.536839,1.058634,-0.176256,-0.013657,0.039734,0.193199,-0.556630,1.049067,0.133245,0.085350,0.051245,0.891497,0.006451,0.994364,0.007146,0.172773,0.026065
7.980000,-0.481569,-0.307118,1.048627,0.128201,-0.084744,0.040551,-0.912267,0.596567,1.477140,-0.095464,-0.146838,0.175718,0.301712,0.536563,1.059427,-0.175418,-0.013878,0.039517,0.195828,-0.554920,1.050094,0.129739,0.085676,0.051459,0.891582,0.009891,0.994893,0.001370,0.171271,0.026788
8.000000,-0.479008,-0.308811,1.049440,0.127860,-0.084552,0.040705,-0.914106,0.593604,1.480581,-0.088545,-0.149487,0.168407,0.298211,0.536284,1.060215,-0.174725,-0.014038,0.039269,0.198390,-0.553204,1.051126,0.126468,0.085937,0.051676,0.891552,0.013302,0.995436,-0.004257,0.169834,0.027487
8.020000,-0.476455,-0.310500,1.050256,0.127514,-0.084381,0.040865,-0.915810,0.590588,1.483877,-0.081865,-0.152114,0.161159,0.294722,0.536002,1.060998,-0.174163,-0.014151,0.038993,0.200889,-0.551483,1.052162,0.123420,0.086149,0.051891,0.891412,0.016685,0.995992,-0.009745,0.168462,0.028160
8.040000,-0.473908,-0.312186,1.051075,0.127172,-0.084232,0.041028,-0.917382,0.587520,1.487028,-0.075398,-0.154726,0.153973,0.291243,0.535718,1.061775,-0.173719,-0.014233,0.038697,0.203328,-0.549758,1.053201,0.120579,0.086324,0.052101,0.891164,0.020041,0.996562,-0.015107,0.167159,0.028810
8.060000,-0.471368,-0.313870,1.051897,0.126834,-0.084102,0.041197,-0.918827,0.584399,1.490036,-0.069145,-0.157321,0.146849,0.287772,0.535433,1.062545,-0.173393,-0.014283,0.038379,0.205713,-0.548030,1.054246,0.117946,0.086464,0.052305,0.890809,0.023372,0.997145,-0.020342,0.165922,0.029434
8.080000,-0.468834,-0.315551,1.052723,0.126501,-0.083992,0.041370,-0.920149,0.581227,1.492902,-0.063104,-0.159901,0.139788,0.284307,0.535147,1.063310,-0.173184,-0.014301,0.038041,0.208047,-0.546300,1.055294,0.115521,0.086568,0.052504,0.890351,0.026679,0.997739,-0.025450,0.164753,0.030035
8.100000,-0.466308,-0.317230,1.053552,0.126172,-0.083903,0.041548,-0.921353,0.578003,1.495628,-0.057277,-0.162464,0.132789,0.280844,0.534861,1.064067,-0.173093,-0.014288,0.037681,0.210335,-0.544568,1.056346,0.113303,0.086636,0.052697,0.889792,0.029963,0.998346,-0.030432,0.163651,0.030611
8.120000,-0.463787,-0.318907,1.054384,0.125855,-0.083832,0.041729,-0.922442,0.574728,1.498214,-0.051641,-0.165014,0.125850,0.277382,0.534576,1.064817,-0.173107,-0.014253,0.037305,0.212581,-0.542834,1.057401,0.111276,0.086681,0.052882,0.889134,0.033225,0.998964,-0.035296,0.162616,0.031162
8.140000,-0.461273,-0.320583,1.055221,0.125558,-0.083779,0.041910,-0.923420,0.571403,1.500662,-0.046176,-0.167553,0.118972,0.273919,0.534291,1.065559,-0.173216,-0.014209,0.036915,0.214788,-0.541100,1.058461,0.109425,0.086717,0.053055,0.888381,0.036468,0.999592,-0.040055,0.161649,0.031688
8.160000,-0.458765,-0.322258,1.056061,0.125282,-0.083743,0.042091,-0.924290,0.568026,1.502973,-0.040879,-0.170083,0.112155,0.270453,0.534007,1.066293,-0.173419,-0.014155,0.036512,0.216959,-0.539366,1.059524,0.107750,0.086743,0.053215,0.887533,0.039691,1.000231,-0.044706,0.160750,0.032190
8.180000,-0.456262,-0.323933,1.056904,0.125026,-0.083723,0.042273,-0.925056,0.564600,1.505149,-0.035753,-0.172601,0.105398,0.266982,0.533725,1.067019,-0.173716,-0.014090,0.036097,0.219099,-0.537631,1.060589,0.106249,0.086759,0.053364,0.886593,0.042898,1.000880,-0.049251,0.159919,0.032667
8.200000,-0.453764,-0.325607,1.057752,0.124790,-0.083721,0.042454,-0.925721,0.561122,1.507190,-0.030796,-0.175110,0.098701,0.263504,0.533444,1.067737,-0.174107,-0.014016,0.035668,0.221210,-0.535895,1.061658,0.104925,0.086766,0.053501,0.885563,0.046089,1.001537,-0.053689,0.159156,0.033120
8.220000,-0.451270,-0.327282,1.058603,0.124581,-0.083736,0.042633,-0.926289,0.557595,1.509097,-0.025992,-0.177607,0.092064,0.260017,0.533164,1.068446,-0.174582,-0.013939,0.035229,0.223297,-0.534160,1.062729,0.103759,0.086774,0.053624,0.884446,0.049265,1.002204,-0.058028,0.158459,0.033547
8.240000,-0.448780,-0.328957,1.059457,0.124404,-0.083766,0.042803,-0.926762,0.554018,1.510873,-0.021324,-0.180094,0.085487,0.256520,0.532886,1.069146,-0.175129,-0.013866,0.034782,0.225361,-0.532424,1.063803,0.102737,0.086794,0.053731,0.883243,0.052428,1.002879,-0.062274,0.157830,0.033949
8.260000,-0.446294,-0.330632,1.060315,0.124260,-0.083811,0.042966,-0.927143,0.550392,1.512517,-0.016791,-0.182570,0.078970,0.253011,0.532610,1.069837,-0.175749,-0.013797,0.034328,0.227407,-0.530688,1.064878,0.101859,0.086825,0.053822,0.881956,0.055578,1.003562,-0.066427,0.157267,0.034325
8.280000,-0.443810,-0.332309,1.061176,0.124149,-0.083872,0.043121,-0.927434,0.546715,1.514032,-0.012394,-0.185035,0.072514,0.249490,0.532334,1.070519,-0.176442,-0.013732,0.033867,0.229437,-0.528951,1.065956,0.101124,0.086869,0.053896,0.880586,0.058719,1.004252,-0.070487,0.156771,0.034675
8.300000,-0.441328,-0.333987,1.062040,0.124071,-0.083948,0.043269,-0.927639,0.542990,1.515418,-0.008132,-0.187489,0.066117,0.245953,0.532060,1.071192,-0.177208,-0.013671,0.033398,0.231453,-0.527213,1.067034,0.100532,0.086925,0.053954,0.879137,0.061850,1.004949,-0.074455,0.156342,0.034999
8.320000,-0.438847,-0.335667,1.062906,0.124028,-0.084039,0.043407,-0.927760,0.539216,1.516677,-0.003993,-0.189930,0.059782,0.242401,0.531788,1.071855,-0.178036,-0.013619,0.032923,0.233459,-0.525474,1.068114,0.100068,0.087000,0.053994,0.877609,0.064973,1.005652,-0.078334,0.155979,0.035296
8.340000,-0.436366,-0.337349,1.063776,0.124023,-0.084143,0.043535,-0.927800,0.535393,1.517810,0.000035,-0.192353,0.053510,0.238831,0.531516,1.072509,-0.178917,-0.013578,0.032445,0.235457,-0.523733,1.069194,0.099718,0.087103,0.054015,0.876004,0.068089,1.006360,-0.082128,0.155681,0.035565
8.360000,-0.433885,-0.339033,1.064648,0.124057,-0.084261,0.043653,-0.927760,0.531522,1.518818,0.003953,-0.194759,0.047300,0.235244,0.531244,1.073153,-0.179849,-0.013549,0.031963,0.237448,-0.521990,1.070274,0.099482,0.087234,0.054017,0.874324,0.071200,1.007074,-0.085836,0.155448,0.035805
8.380000,-0.431404,-0.340720,1.065522,0.124129,-0.084393,0.043761,-0.927642,0.527603,1.519702,0.007759,-0.197148,0.041154,0.231637,0.530974,1.073787,-0.180834,-0.013532,0.031478,0.239437,-0.520244,1.071354,0.099359,0.087393,0.054000,0.872571,0.074308,1.007792,-0.089460,0.155281,0.036017
8.400000,-0.428920,-0.342409,1.066398,0.124240,-0.084537,0.043858,-0.927450,0.523636,1.520464,0.011455,-0.199520,0.035070,0.228010,0.530703,1.074412,-0.181872,-0.013527,0.030990,0.241423,-0.518494,1.072434,0.099350,0.087579,0.053964,0.870746,0.077412,1.008515,-0.092999,0.155179,0.036201
8.420000,-0.426434,-0.344101,1.067276,0.124391,-0.084695,0.043942,-0.927185,0.519622,1.521105,0.015049,-0.201871,0.029052,0.224362,0.530432,1.075027,-0.182951,-0.013535,0.030499,0.243411,-0.516740,1.073513,0.099440,0.087799,0.053908,0.868852,0.080515,1.009240,-0.096456,0.155140,0.036356
8.440000,-0.423944,-0.345797,1.068156,0.124587,-0.084865,0.044007,-0.926849,0.515561,1.521627,0.018548,-0.204194,0.023102,0.220692,0.530162,1.075632,-0.184062,-0.013558,0.030008,0.245402,-0.514982,1.074590,0.099617,0.088055,0.053832,0.866889,0.083618,1.009969,-0.099835,0.155159,0.036483
8.460000,-0.421450,-0.347496,1.069036,0.124826,-0.085047,0.044055,-0.926444,0.511455,1.522030,0.021953,-0.206490,0.017220,0.216999,0.529890,1.076227,-0.185205,-0.013595,0.029517,0.247396,-0.513218,1.075666,0.099881,0.088349,0.053735,0.864859,0.086722,1.010699,-0.103136,0.155237,0.036581
8.480000,-0.418951,-0.349199,1.069918,0.125109,-0.085241,0.044085,-0.925971,0.507302,1.522316,0.025264,-0.208760,0.011406,0.213283,0.529618,1.076813,-0.186380,-0.013647,0.029025,0.249397,-0.511448,1.076739,0.100231,0.088680,0.053618,0.862764,0.089828,1.011432,-0.106360,0.155373,0.036650
8.500000,-0.416445,-0.350906,1.070799,0.125436,-0.085448,0.044097,-0.925434,0.503104,1.522487,0.028481,-0.211003,0.005661,0.209544,0.529344,1.077388,-0.187587,-0.013714,0.028532,0.251406,-0.509670,1.077810,0.100667,0.089049,0.053480,0.860605,0.092937,1.012165,-0.109506,0.155569,0.036690
8.520000,-0.413933,-0.352617,1.071681,0.125806,-0.085665,0.044089,-0.924833,0.498862,1.522543,0.031609,-0.213215,-0.000012,0.205780,0.529069,1.077954,-0.188816,-0.013794,0.028041,0.253425,-0.507885,1.078879,0.101178,0.089457,0.053322,0.858384,0.096051,1.012899,-0.112577,0.155818,0.036702
8.540000,-0.411413,-0.354332,1.072563,0.126218,-0.085893,0.044062,-0.924170,0.494576,1.522487,0.034654,-0.215390,-0.005611,0.201991,0.528792,1.078510,-0.190057,-0.013888,0.027551,0.255454,-0.506092,1.079943,0.101752,0.089907,0.053143,0.856102,0.099170,1.013633,-0.115576,0.156116,0.036688
8.560000,-0.408884,-0.356052,1.073444,0.126673,-0.086130,0.044013,-0.923447,0.490247,1.522319,0.037616,-0.217529,-0.011134,0.198177,0.528513,1.079056,-0.191310,-0.013996,0.027063,0.257495,-0.504289,1.081004,0.102389,0.090397,0.052943,0.853762,0.102296,1.014367,-0.118503,0.156462,0.036646
8.580000,-0.406346,-0.357778,1.074323,0.127170,-0.086377,0.043944,-0.922666,0.485875,1.522042,0.040495,-0.219631,-0.016583,0.194339,0.528232,1.079592,-0.192575,-0.014118,0.026577,0.259550,-0.502476,1.082061,0.103088,0.090929,0.052722,0.851363,0.105429,1.015099,-0.121359,0.156857,0.036576
8.600000,-0.403797,-0.359508,1.075201,0.127710,-0.086634,0.043854,-0.921828,0.481462,1.521656,0.043290,-0.221698,-0.021956,0.190474,0.527949,1.080119,-0.193852,-0.014253,0.026093,0.261619,-0.500651,1.083113,0.103850,0.091502,0.052480,0.848908,0.108571,1.015829,-0.124143,0.157300,0.036480
8.620000,-0.401237,-0.361243,1.076077,0.128288,-0.086899,0.043744,-0.920935,0.477007,1.521164,0.046007,-0.223726,-0.027252,0.186585,0.527662,1.080636,-0.195131,-0.014399,0.025612,0.263704,-0.498815,1.084160,0.104664,0.092116,0.052218,0.846397,0.111721,1.016558,-0.126858,0.157786,0.036358
8.640000,-0.398665,-0.362984,1.076951,0.128902,-0.087171,0.043615,-0.919988,0.472513,1.520567,0.048650,-0.225714,-0.032466,0.182669,0.527372,1.081144,-0.196404,-0.014557,0.025135,0.265806,-0.496966,1.085201,0.105521,0.092770,0.051936,0.843834,0.114882,1.017284,-0.129506,0.158308,0.036211
8.660000,-0.396081,-0.364730,1.077822,0.129550,-0.087449,0.043467,-0.918989,0.467979,1.519866,0.051219,-0.227662,-0.037600,0.178728,0.527080,1.081641,-0.197671,-0.014725,0.024661,0.267925,-0.495104,1.086237,0.106419,0.093464,0.051633,0.841218,0.118054,1.018006,-0.132088,0.158866,0.036039
8.680000,-0.393483,-0.366482,1.078689,0.130234,-0.087734,0.043300,-0.917940,0.463407,1.519063,0.053714,-0.229570,-0.042654,0.174762,0.526783,1.082130,-0.198931,-0.014903,0.024191,0.270063,-0.493228,1.087267,0.107360,0.094198,0.051309,0.838551,0.121237,1.018725,-0.134604,0.159460,0.035843
8.700000,-0.390871,-0.368239,1.079554,0.130952,-0.088026,0.043113,-0.916841,0.458797,1.518160,0.056134,-0.231437,-0.047626,0.170771,0.526484,1.082609,-0.200185,-0.015092,0.023725,0.272220,-0.491336,1.088289,0.108343,0.094973,0.050965,0.835834,0.124433,1.019440,-0.137053,0.160090,0.035622
8.720000,-0.388245,-0.370003,1.080414,0.131707,-0.088324,0.042904,-0.915695,0.454150,1.517159,0.058486,-0.233269,-0.052517,0.166755,0.526180,1.083079,-0.201425,-0.015289,0.023264,0.274397,-0.489428,1.089305,0.109359,0.095786,0.050601,0.833069,0.127641,1.020150,-0.139439,0.160751,0.035379
8.740000,-0.385603,-0.371772,1.081270,0.132500,-0.088628,0.042670,-0.914502,0.449466,1.516060,0.060774,-0.235068,-0.057325,0.162714,0.525872,1.083540,-0.202644,-0.015492,0.022807,0.276594,-0.487504,1.090313,0.110400,0.096634,0.050217,0.830257,0.130863,1.020855,-0.141765,0.161435,0.035114
8.760000,-0.382944,-0.373548,1.082121,0.133330,-0.088939,0.042409,-0.913264,0.444747,1.514866,0.062998,-0.236834,-0.062050,0.158650,0.525560,1.083991,-0.203842,-0.015702,0.022355,0.278813,-0.485563,1.091314,0.111465,0.097518,0.049813,0.827399,0.134099,1.021554,-0.144031,0.162143,0.034828
8.780000,-0.380269,-0.375330,1.082966,0.134198,-0.089255,0.042123,-0.911983,0.439993,1.513579,0.065159,-0.238568,-0.066693,0.154561,0.525244,1.084434,-0.205018,-0.015919,0.021908,0.281053,-0.483603,1.092306,0.112555,0.098437,0.049389,0.824496,0.137349,1.022248,-0.146237,0.162875,0.034521
8.800000,-0.377576,-0.377118,1.083805,0.135104,-0.089578,0.041811,-0.910658,0.435205,1.512199,0.067257,-0.240270,-0.071253,0.150449,0.524923,1.084868,-0.206174,-0.016142,0.021466,0.283315,-0.481625,1.093289,0.113670,0.099393,0.048945,0.821550,0.140614,1.022935,-0.148383,0.163630,0.034193
8.820000,-0.374865,-0.378913,1.084638,0.136047,-0.089907,0.041472,-0.909293,0.430382,1.510729,0.069296,-0.241945,-0.075730,0.146314,0.524598,1.085293,-0.207304,-0.016371,0.021029,0.285600,-0.479627,1.094263,0.114802,0.100381,0.048481,0.818561,0.143894,1.023615,-0.150474,0.164405,0.033846
8.840000,-0.372134,-0.380714,1.085464,0.137028,-0.090242,0.041103,-0.907887,0.425527,1.509171,0.071284,-0.243600,-0.080124,0.142157,0.524268,1.085709,-0.208405,-0.016602,0.020596,0.287908,-0.477610,1.095228,0.115944,0.101398,0.047998,0.815531,0.147190,1.024289,-0.152514,0.165193,0.033481
8.860000,-0.369383,-0.382523,1.086282,0.138047,-0.090583,0.040705,-0.906442,0.420639,1.507525,0.073221,-0.245234,-0.084435,0.137978,0.523934,1.086116,-0.209477,-0.016837,0.020168,0.290238,-0.475571,1.096183,0.117096,0.102446,0.047495,0.812461,0.150502,1.024954,-0.154504,0.165996,0.033099
8.880000,-0.366612,-0.384338,1.087092,0.139104,-0.090930,0.040279,-0.904958,0.415718,1.505794,0.075105,-0.246847,-0.088663,0.133778,0.523595,1.086516,-0.210520,-0.017075,0.019745,0.292591,-0.473512,1.097128,0.118259,0.103522,0.046972,0.809351,0.153830,1.025612,-0.156444,0.166812,0.032699
8.900000,-0.363819,-0.386160,1.087893,0.140198,-0.091283,0.039822,-0.903438,0.410765,1.503979,0.076937,-0.248440,-0.092808,0.129557,0.523251,1.086906,-0.211533,-0.017316,0.019327,0.294968,-0.471430,1.098062,0.119432,0.104628,0.046429,0.806203,0.157174,1.026262,-0.158333,0.167642,0.032282
8.920000,-0.361004,-0.387989,1.088685,0.141331,-0.091643,0.039337,-0.901881,0.405780,1.502082,0.078725,-0.250022,-0.096871,0.125317,0.522902,1.087289,-0.212517,-0.017560,0.018912,0.297369,-0.469326,1.098985,0.120609,0.105760,0.045866,0.803018,0.160536,1.026904,-0.160180,0.168483,0.031850
8.940000,-0.358166,-0.389826,1.089466,0.142501,-0.092009,0.038821,-0.900289,0.400764,1.500105,0.080476,-0.251603,-0.100852,0.121057,0.522549,1.087663,-0.213474,-0.017806,0.018500,0.299793,-0.467200,1.099896,0.121786,0.106916,0.045283,0.799796,0.163914,1.027536,-0.161992,0.169333,0.031404
8.960000,-0.355303,-0.391670,1.090237,0.143709,-0.092382,0.038276,-0.898662,0.395716,1.498048,0.082188,-0.253184,-0.104751,0.116778,0.522190,1.088029,-0.214403,-0.018053,0.018091,0.302240,-0.465050,1.100796,0.122962,0.108095,0.044680,0.796539,0.167309,1.028160,-0.163770,0.170191,0.030945
8.980000,-0.352417,-0.393521,1.090997,0.144954,-0.092763,0.037701,-0.897002,0.390637,1.495915,0.083864,-0.254765,-0.108569,0.112481,0.521826,1.088386,-0.215303,-0.018303,0.017685,0.304711,-0.462876,1.101683,0.124137,0.109296,0.044056,0.793246,0.170721,1.028774,-0.165513,0.171057,0.030472
9.000000,-0.349505,-0.395380,1.091745,0.146238,-0.093150,0.037096,-0.895308,0.385525,1.493706,0.085501,-0.256345,-0.112305,0.108166,0.521458,1.088736,-0.216176,-0.018555,0.017282,0.307206,-0.460678,1.102558,0.125311,0.110521,0.043412,0.789918,0.174151,1.029378,-0.167221,0.171932,0.029986
9.020000,-0.346567,-0.397247,1.092481,0.147560,-0.093546,0.036461,-0.893582,0.380383,1.491423,0.087110,-0.257940,-0.115961,0.103834,0.521084,1.089078,-0.217029,-0.018809,0.016879,0.309724,-0.458455,1.103420,0.126480,0.111767,0.042748,0.786557,0.177599,1.029973,-0.168907,0.172816,0.029489
9.040000,-0.343602,-0.399122,1.093203,0.148921,-0.093951,0.035799,-0.891824,0.375208,1.489068,0.088700,-0.259567,-0.119538,0.099485,0.520705,1.089411,-0.217868,-0.019067,0.016475,0.312265,-0.456207,1.104268,0.127640,0.113031,0.042061,0.783162,0.181064,1.030558,-0.170583,0.173710,0.028982
9.060000,-0.340610,-0.401005,1.093913,0.150323,-0.094366,0.035108,-0.890034,0.370000,1.486642,0.090270,-0.261225,-0.123036,0.095120,0.520321,1.089737,-0.218693,-0.019328,0.016069,0.314829,-0.453933,1.105102,0.128792,0.114313,0.041352,0.779734,0.184547,1.031132,-0.172249,0.174613,0.028465
9.080000,-0.337589,-0.402897,1.094608,0.151763,-0.094792,0.034388,-0.888213,0.364758,1.484147,0.091820,-0.262914,-0.126455,0.090738,0.519932,1.090054,-0.219505,-0.019593,0.015662,0.317416,-0.451634,1.105922,0.129935,0.115614,0.040622,0.776272,0.188049,1.031696,-0.173904,0.175526,0.027940
9.100000,-0.334539,-0.404797,1.095288,0.153243,-0.095226,0.033641,-0.886361,0.359483,1.481585,0.093351,-0.264635,-0.129795,0.086339,0.519538,1.090363,-0.220303,-0.019861,0.015254,0.320027,-0.449309,1.106727,0.131070,0.116933,0.039870,0.772778,0.191568,1.032250,-0.175549,0.176449,0.027405
9.120000,-0.331459,-0.406706,1.095953,0.154765,-0.095674,0.032867,-0.884479,0.354173,1.478956,0.094870,-0.266399,-0.133058,0.081925,0.519138,1.090664,-0.221104,-0.020136,0.014841,0.322659,-0.446957,1.107516,0.132194,0.118268,0.039094,0.769250,0.195107,1.032793,-0.177202,0.177386,0.026862
9.140000,-0.328348,-0.408624,1.096602,0.156332,-0.096137,0.032068,-0.882567,0.348827,1.476263,0.096383,-0.268217,-0.136249,0.077495,0.518732,1.090957,-0.221921,-0.020420,0.014419,0.325314,-0.444578,1.108290,0.133304,0.119620,0.038294,0.765690,0.198664,1.033324,-0.178879,0.178342,0.026314
9.160000,-0.325206,-0.410552,1.097236,0.157943,-0.096616,0.031245,-0.880624,0.343444,1.473507,0.097890,-0.270089,-0.139367,0.073048,0.518321,1.091241,-0.222755,-0.020713,0.013988,0.327991,-0.442172,1.109048,0.134402,0.120987,0.037469,0.762095,0.202240,1.033845,-0.180582,0.179317,0.025761
9.180000,-0.322030,-0.412489,1.097852,0.159598,-0.097110,0.030397,-0.878651,0.338023,1.470689,0.099393,-0.272017,-0.142412,0.068585,0.517904,1.091516,-0.223606,-0.021015,0.013549,0.330690,-0.439738,1.109789,0.135487,0.122371,0.036620,0.758466,0.205837,1.034355,-0.182309,0.180311,0.025202
9.200000,-0.318821,-0.414436,1.098451,0.161298,-0.097619,0.029525,-0.876648,0.332563,1.467811,0.100890,-0.273998,-0.145385,0.064104,0.517480,1.091783,-0.224474,-0.021326,0.013101,0.333411,-0.437277,1.110513,0.136558,0.123770,0.035746,0.754802,0.209453,1.034853,-0.184061,0.181325,0.024638
9.220000,-0.315578,-0.416394,1.099033,0.163047,-0.098148,0.028631,-0.874616,0.327062,1.464874,0.102386,-0.276040,-0.148287,0.059606,0.517051,1.092040,-0.225371,-0.021646,0.012645,0.336152,-0.434787,1.111219,0.137616,0.125185,0.034845,0.751103,0.213090,1.035340,-0.185849,0.182363,0.024065
9.240000,-0.312299,-0.418362,1.099596,0.164849,-0.098702,0.027718,-0.872553,0.321521,1.461880,0.103885,-0.278145,-0.151123,0.055089,0.516614,1.092289,-0.226309,-0.021977,0.012184,0.338915,-0.432269,1.111906,0.138660,0.126616,0.033916,0.747368,0.216748,1.035816,-0.187682,0.183431,0.023481
9.260000,-0.308984,-0.420342,1.100141,0.166704,-0.099280,0.026787,-0.870460,0.315936,1.458829,0.105386,-0.280315,-0.153893,0.050553,0.516171,1.092528,-0.227289,-0.022319,0.011717,0.341699,-0.429723,1.112575,0.139690,0.128064,0.032958,0.743596,0.220427,1.036279,-0.189561,0.184529,0.022885
9.280000,-0.305631,-0.422333,1.100668,0.168612,-0.099881,0.025838,-0.868337,0.310308,1.455724,0.106890,-0.282549,-0.156596,0.045997,0.515722,1.092757,-0.228310,-0.022671,0.011245,0.344503,-0.427147,1.113224,0.140705,0.129528,0.031972,0.739785,0.224129,1.036731,-0.191486,0.185657,0.022277
9.300000,-0.302239,-0.424337,1.101175,0.170573,-0.100507,0.024870,-0.866184,0.304634,1.452566,0.108398,-0.284848,-0.159232,0.041420,0.515265,1.092977,-0.229373,-0.023033,0.010766,0.347327,-0.424541,1.113854,0.141706,0.131009,0.030957,0.735936,0.227854,1.037170,-0.193457,0.186814,0.021657
9.320000,-0.298807,-0.426354,1.101662,0.172588,-0.101154,0.023876,-0.864001,0.298913,1.449355,0.109909,-0.287209,-0.161806,0.036822,0.514800,1.093188,-0.230481,-0.023407,0.010276,0.350171,-0.421906,1.114463,0.142694,0.132507,0.029911,0.732047,0.231602,1.037597,-0.195476,0.188000,0.021028
9.340000,-0.295335,-0.428384,1.102130,0.174655,-0.101820,0.022849,-0.861788,0.293145,1.446094,0.111427,-0.289633,-0.164320,0.032201,0.514328,1.093388,-0.231641,-0.023796,0.009770,0.353035,-0.419241,1.115050,0.143669,0.134026,0.028832,0.728117,0.235374,1.038011,-0.197544,0.189213,0.020394
9.360000,-0.291821,-0.430427,1.102576,0.176776,-0.102503,0.021789,-0.859544,0.287328,1.442783,0.112950,-0.292120,-0.166775,0.027556,0.513848,1.093578,-0.232851,-0.024199,0.009248,0.355918,-0.416545,1.115616,0.144631,0.135563,0.027719,0.724145,0.239171,1.038413,-0.199663,0.190451,0.019754
9.380000,-0.288264,-0.432484,1.103001,0.178949,-0.103204,0.020695,-0.857270,0.281460,1.439423,0.114479,-0.294668,-0.169171,0.022886,0.513360,1.093758,-0.234111,-0.024616,0.008709,0.358820,-0.413818,1.116159,0.145580,0.137121,0.026573,0.720130,0.242992,1.038802,-0.201832,0.191716,0.019109
9.400000,-0.284662,-0.434555,1.103404,0.181176,-0.103924,0.019569,-0.854965,0.275540,1.436017,0.116013,-0.297279,-0.171507,0.018191,0.512863,1.093927,-0.235423,-0.025047,0.008153,0.361741,-0.411060,1.116678,0.146517,0.138698,0.025394,0.716071,0.246839,1.039177,-0.204051,0.193007,0.018458
9.420000,-0.281016,-0.436641,1.103783,0.183453,-0.104658,0.018405,-0.852629,0.269568,1.432564,0.117552,-0.299944,-0.173788,0.013469,0.512358,1.094084,-0.236787,-0.025492,0.007582,0.364680,-0.408270,1.117174,0.147442,0.140297,0.024179,0.711967,0.250713,1.039540,-0.206316,0.194326,0.017799
9.440000,-0.277324,-0.438741,1.104140,0.185778,-0.105404,0.017200,-0.850263,0.263542,1.429065,0.119092,-0.302652,-0.176016,0.008719,0.511844,1.094230,-0.238205,-0.025950,0.006994,0.367638,-0.405448,1.117645,0.148358,0.141921,0.022927,0.707818,0.254613,1.039889,-0.208621,0.195672,0.017132
9.460000,-0.273585,-0.440857,1.104471,0.188150,-0.106161,0.015953,-0.847866,0.257462,1.425523,0.120634,-0.305405,-0.178192,0.003941,0.511320,1.094364,-0.239677,-0.026422,0.006391,0.370615,-0.402593,1.118091,0.149265,0.143570,0.021636,0.703622,0.258540,1.040225,-0.210967,0.197046,0.016454
9.480000,-0.269798,-0.442988,1.104777,0.190570,-0.106929,0.014666,-0.845438,0.251326,1.421938,0.122178,-0.308203,-0.180315,-0.000868,0.510787,1.094485,-0.241204,-0.026907,0.005771,0.373609,-0.399705,1.118510,0.150162,0.145243,0.020307,0.699379,0.262495,1.040547,-0.213353,0.198447,0.015768
9.500000,-0.265962,-0.445134,1.105058,0.193037,-0.107709,0.013336,-0.842979,0.245133,1.418311,0.123724,-0.311045,-0.182386,-0.005708,0.510244,1.094594,-0.242785,-0.027405,0.005135,0.376621,-0.396783,1.118903,0.151050,0.146941,0.018940,0.695088,0.266478,1.040856,-0.215780,0.199877,0.015072
9.520000,-0.262076,-0.447296,1.105311,0.195548,-0.108497,0.011965,-0.840489,0.238884,1.414643,0.125266,-0.313915,-0.184408,-0.010580,0.509690,1.094691,-0.244417,-0.027919,0.004477,0.379651,-0.393827,1.119268,0.151930,0.148666,0.017533,0.690748,0.270490,1.041150,-0.218232,0.201327,0.014372
9.540000,-0.258140,-0.449474,1.105536,0.198098,-0.109291,0.010549,-0.837968,0.232577,1.410935,0.126801,-0.316799,-0.186387,-0.015485,0.509127,1.094773,-0.246094,-0.028450,0.003788,0.382698,-0.390836,1.119604,0.152805,0.150420,0.016085,0.686359,0.274531,1.041431,-0.220695,0.202789,0.013673
9.560000,-0.254152,-0.451668,1.105732,0.200689,-0.110089,0.009090,-0.835417,0.226212,1.407188,0.128327,-0.319694,-0.188322,-0.020424,0.508552,1.094842,-0.247817,-0.028998,0.003069,0.385763,-0.387810,1.119911,0.153674,0.152204,0.014595,0.681920,0.278601,1.041697,-0.223169,0.204264,0.012974
9.580000,-0.250112,-0.453878,1.105899,0.203319,-0.110893,0.007587,-0.832835,0.219789,1.403402,0.129845,-0.322603,-0.190213,-0.025398,0.507967,1.094896,-0.249586,-0.029564,0.002321,0.388845,-0.384748,1.120187,0.154537,0.154018,0.013063,0.677432,0.282702,1.041949,-0.225653,0.205751,0.012277
9.600000,-0.246019,-0.456104,1.106035,0.205988,-0.111702,0.006040,-0.830223,0.213308,1.399580,0.131355,-0.325524,-0.192060,-0.030408,0.507370,1.094935,-0.251401,-0.030146,0.001542,0.391944,-0.381649,1.120433,0.155395,0.155861,0.011489,0.672894,0.286832,1.042188,-0.228148,0.207252,0.011581
9.620000,-0.241872,-0.458346,1.106140,0.208691,-0.112513,0.004451,-0.827581,0.206768,1.395720,0.132850,-0.328435,-0.193864,-0.035454,0.506761,1.094957,-0.253265,-0.030750,0.000725,0.395061,-0.378513,1.120647,0.156249,0.157735,0.009873,0.668306,0.290992,1.042413,-0.230637,0.208749,0.010885
9.640000,-0.237671,-0.460604,1.106213,0.211419,-0.113322,0.002823,-0.824909,0.200170,1.391825,0.134322,-0.331312,-0.195629,-0.040539,0.506139,1.094963,-0.255182,-0.031378,-0.000139,0.398194,-0.375340,1.120828,0.157101,0.159640,0.008215,0.663668,0.295181,1.042623,-0.233105,0.210226,0.010189
9.660000,-0.233415,-0.462879,1.106253,0.214173,-0.114130,0.001155,-0.822208,0.193516,1.387895,0.135773,-0.334156,-0.197353,-0.045662,0.505505,1.094951,-0.257151,-0.032030,-0.001049,0.401345,-0.372128,1.120975,0.157950,0.161578,0.006513,0.658982,0.299401,1.042820,-0.235552,0.211684,0.009493
9.680000,-0.229104,-0.465170,1.106259,0.216953,-0.114936,-0.000552,-0.819478,0.186804,1.383931,0.137202,-0.336966,-0.199038,-0.050825,0.504858,1.094921,-0.259173,-0.032707,-0.002006,0.404512,-0.368876,1.121088,0.158797,0.163547,0.004769,0.654247,0.303649,1.043003,-0.237977,0.213122,0.008796
9.700000,-0.224737,-0.467476,1.106231,0.219758,-0.115740,-0.002299,-0.816720,0.180037,1.379934,0.138609,-0.339742,-0.200682,-0.056029,0.504197,1.094871,-0.261248,-0.033408,-0.003011,0.407697,-0.365586,1.121166,0.159641,0.165549,0.002982,0.649463,0.307925,1.043172,-0.240381,0.214541,0.008099
9.720000,-0.220313,-0.469799,1.106167,0.222577,-0.116538,-0.004078,-0.813934,0.173215,1.375904,0.139985,-0.342463,-0.202282,-0.061275,0.503522,1.094800,-0.263371,-0.034134,-0.004064,0.410898,-0.362254,1.121207,0.160483,0.167581,0.001154,0.644632,0.312230,1.043327,-0.242748,0.215927,0.007403
9.740000,-0.215834,-0.472138,1.106067,0.225399,-0.117325,-0.005885,-0.811121,0.166339,1.371843,0.141322,-0.345108,-0.203834,-0.066564,0.502831,1.094708,-0.265538,-0.034884,-0.005167,0.414116,-0.358882,1.121211,0.161323,0.169641,-0.000713,0.639753,0.316562,1.043468,-0.245063,0.217264,0.006709
9.760000,-0.211297,-0.474492,1.105932,0.228222,-0.118102,-0.007717,-0.808282,0.159411,1.367751,0.142620,-0.347677,-0.205340,-0.071897,0.502126,1.094593,-0.267748,-0.035659,-0.006321,0.417351,-0.355468,1.121178,0.162162,0.171731,-0.002620,0.634829,0.320920,1.043596,-0.247325,0.218553,0.006016
9.780000,-0.206705,-0.476862,1.105759,0.231047,-0.118868,-0.009576,-0.805417,0.152433,1.363630,0.143879,-0.350169,-0.206797,-0.077275,0.501405,1.094455,-0.270003,-0.036458,-0.007526,0.420602,-0.352013,1.121106,0.162998,0.173849,-0.004567,0.629861,0.325304,1.043709,-0.249535,0.219794,0.005325
9.800000,-0.202056,-0.479247,1.105548,0.233874,-0.119623,-0.011462,-0.802527,0.145405,1.359480,0.145099,-0.352585,-0.208208,-0.082698,0.500668,1.094292,-0.272301,-0.037282,-0.008782,0.423871,-0.348514,1.120995,0.163833,0.175997,-0.006553,0.624848,0.329712,1.043809,-0.251693,0.220988,0.004635
9.820000,-0.197350,-0.481647,1.105300,0.236683,-0.120360,-0.013362,-0.799613,0.138330,1.355302,0.146279,-0.354916,-0.209574,-0.088167,0.499914,1.094103,-0.274631,-0.038126,-0.010084,0.427156,-0.344973,1.120844,0.164665,0.178167,-0.008573,0.619793,0.334143,1.043894,-0.253785,0.222122,0.003948
9.840000,-0.192589,-0.484061,1.105014,0.239456,-0.121075,-0.015265,-0.796676,0.131209,1.351097,0.147422,-0.357154,-0.210898,-0.093683,0.499142,1.093888,-0.276980,-0.038987,-0.011427,0.430457,-0.341387,1.120652,0.165492,0.180355,-0.010623,0.614697,0.338596,1.043966,-0.255801,0.223186,0.003266
9.860000,-0.187772,-0.486489,1.104689,0.242193,-0.121765,-0.017171,-0.793716,0.124044,1.346866,0.148525,-0.359298,-0.212180,-0.099246,0.498354,1.093646,-0.279348,-0.039865,-0.012811,0.433775,-0.337758,1.120419,0.166313,0.182560,-0.012703,0.609562,0.343070,1.044025,-0.257741,0.224180,0.002589
9.880000,-0.182901,-0.488931,1.104327,0.244893,-0.122432,-0.019080,-0.790735,0.116838,1.342610,0.149590,-0.361348,-0.213421,-0.104857,0.497548,1.093375,-0.281734,-0.040760,-0.014236,0.437110,-0.334085,1.120144,0.167130,0.184783,-0.014813,0.604388,0.347563,1.044070,-0.259603,0.225105,0.001917
9.900000,-0.177976,-0.491387,1.103926,0.247557,-0.123076,-0.020992,-0.787733,0.109591,1.338330,0.150616,-0.363305,-0.214619,-0.110516,0.496723,1.093076,-0.284139,-0.041671,-0.015703,0.440461,-0.330367,1.119826,0.167942,0.187023,-0.016953,0.599178,0.352074,1.044102,-0.261388,0.225959,0.001249
9.920000,-0.172999,-0.493854,1.103487,0.250157,-0.123687,-0.022888,-0.784711,0.102306,1.334026,0.151601,-0.365157,-0.215775,-0.116222,0.495881,1.092747,-0.286542,-0.042592,-0.017200,0.443827,-0.326604,1.119466,0.168744,0.189269,-0.019113,0.593933,0.356601,1.044120,-0.263087,0.226735,0.000589
9.940000,-0.167971,-0.496334,1.103011,0.252663,-0.124256,-0.024751,-0.781669,0.094986,1.329699,0.152540,-0.366894,-0.216884,-0.121977,0.495020,1.092388,-0.288920,-0.043514,-0.018714,0.447210,-0.322796,1.119062,0.169533,0.191509,-0.021284,0.588655,0.361142,1.044125,-0.264689,0.227423,-0.000062
9.960000,-0.162893,-0.498824,1.102498,0.255077,-0.124784,-0.026580,-0.778609,0.087631,1.325351,0.153435,-0.368517,-0.217947,-0.127779,0.494140,1.091998,-0.291273,-0.044437,-0.020247,0.450609,-0.318944,1.118614,0.170309,0.193744,-0.023467,0.583346,0.365697,1.044118,-0.266195,0.228025,-0.000703
9.980000,-0.157768,-0.501325,1.101948,0.257398,-0.125271,-0.028376,-0.775532,0.080246,1.320981,0.154285,-0.370025,-0.218965,-0.133628,0.493242,1.091578,-0.293603,-0.045362,-0.021797,0.454022,-0.315046,1.118123,0.171071,0.195973,-0.025661,0.578008,0.370263,1.044097,-0.267604,0.228539,-0.001335
10.000000,-0.152598,-0.503835,1.101363,0.259626,-0.125717,-0.030139,-0.772438,0.072831,1.316592,0.155089,-0.371417,-0.219937,-0.139523,0.492326,1.091126,-0.295907,-0.046287,-0.023365,0.457451,-0.311105,1.117588,0.171819,0.198197,-0.027867,0.572643,0.374838,1.044064,-0.268916,0.228967,-0.001957
10.020000,-0.147384,-0.506353,1.100743,0.261748,-0.126113,-0.031861,-0.769329,0.065390,1.312184,0.155844,-0.372685,-0.220858,-0.145464,0.491391,1.090643,-0.298156,-0.047202,-0.024933,0.460895,-0.307119,1.117008,0.172547,0.200397,-0.030070,0.567252,0.379421,1.044019,-0.270124,0.229300,-0.002567
10.040000,-0.142129,-0.508879,1.100089,0.263751,-0.126454,-0.033535,-0.766205,0.057925,1.307758,0.156545,-0.373817,-0.221725,-0.151449,0.490438,1.090129,-0.300318,-0.048094,-0.026480,0.464353,-0.303089,1.116385,0.173247,0.202555,-0.032255,0.561839,0.384009,1.043962,-0.271218,0.229534,-0.003161
10.060000,-0.136835,-0.511411,1.099402,0.265633,-0.126739,-0.035160,-0.763067,0.050438,1.303316,0.157191,-0.374815,-0.222536,-0.157476,0.489467,1.089584,-0.302392,-0.048963,-0.028008,0.467825,-0.299017,1.115718,0.173918,0.204669,-0.034423,0.556404,0.388602,1.043893,-0.272199,0.229667,-0.003740
10.080000,-0.131504,-0.513948,1.098682,0.267397,-0.126968,-0.036737,-0.759918,0.042933,1.298857,0.157782,-0.375677,-0.223293,-0.163544,0.488480,1.089009,-0.304379,-0.049808,-0.029515,0.471310,-0.294903,1.115008,0.174561,0.206742,-0.036573,0.550951,0.393195,1.043812,-0.273067,0.229700,-0.004303
10.100000,-0.126140,-0.516489,1.097932,0.269040,-0.127141,-0.038265,-0.756757,0.035412,1.294384,0.158319,-0.376404,-0.223995,-0.169651,0.487475,1.088404,-0.306278,-0.050631,-0.031003,0.474807,-0.290747,1.114255,0.175176,0.208772,-0.038705,0.545482,0.397789,1.043721,-0.273822,0.229633,-0.004851
10.120000,-0.120744,-0.519033,1.097152,0.270554,-0.127253,-0.039740,-0.753585,0.027878,1.289898,0.158795,-0.376986,-0.224636,-0.175794,0.486454,1.087769,-0.308066,-0.051425,-0.032459,0.478316,-0.286552,1.113460,0.175751,0.210733,-0.040800,0.539999,0.402380,1.043618,-0.274457,0.229460,-0.005380
10.140000,-0.115319,-0.521579,1.096343,0.271928,-0.127296,-0.041157,-0.750405,0.020333,1.285399,0.159204,-0.377414,-0.225209,-0.181972,0.485418,1.087106,-0.309720,-0.052183,-0.033873,0.481837,-0.282319,1.112624,0.176276,0.212598,-0.042835,0.534505,0.406967,1.043506,-0.274964,0.229178,-0.005887
10.160000,-0.109867,-0.524125,1.095506,0.273162,-0.127270,-0.042514,-0.747218,0.012782,1.280890,0.159546,-0.377688,-0.225714,-0.188182,0.484367,1.086415,-0.311238,-0.052905,-0.035245,0.485367,-0.278049,1.111747,0.176752,0.214368,-0.044811,0.529002,0.411546,1.043383,-0.275345,0.228786,-0.006371
10.180000,-0.104393,-0.526669,1.094643,0.274257,-0.127177,-0.043813,-0.744024,0.005227,1.276371,0.159821,-0.377807,-0.226151,-0.194421,0.483302,1.085696,-0.312622,-0.053592,-0.036574,0.488906,-0.273745,1.110832,0.177177,0.216043,-0.046728,0.523492,0.416117,1.043251,-0.275599,0.228284,-0.006833
10.200000,-0.098898,-0.529211,1.093754,0.275212,-0.127015,-0.045053,-0.740825,-0.002329,1.271844,0.160029,-0.377772,-0.226521,-0.200686,0.482224,1.084952,-0.313871,-0.054243,-0.037861,0.492454,-0.269408,1.109878,0.177552,0.217622,-0.048587,0.517979,0.420677,1.043110,-0.275725,0.227673,-0.007273
10.220000,-0.093385,-0.531749,1.092841,0.276021,-0.126782,-0.046231,-0.737623,-0.009883,1.267311,0.160163,-0.377573,-0.226814,-0.206975,0.481133,1.084182,-0.314969,-0.054854,-0.039097,0.496008,-0.265041,1.108889,0.177868,0.219089,-0.050374,0.512464,0.425224,1.042960,-0.275719,0.226949,-0.007687
10.240000,-0.087858,-0.534282,1.091905,0.276679,-0.126471,-0.047345,-0.734419,-0.017431,1.262772,0.160216,-0.377203,-0.227025,-0.213284,0.480030,1.083388,-0.315898,-0.055419,-0.040272,0.499568,-0.260645,1.107864,0.178115,0.220429,-0.052080,0.506951,0.429754,1.042803,-0.275575,0.226109,-0.008072
10.260000,-0.082319,-0.536808,1.090948,0.277186,-0.126084,-0.048394,-0.731215,-0.024970,1.258230,0.160188,-0.376661,-0.227151,-0.219610,0.478916,1.082572,-0.316659,-0.055938,-0.041387,0.503132,-0.256224,1.106806,0.178294,0.221641,-0.053704,0.501442,0.434267,1.042637,-0.275293,0.225154,-0.008428
10.280000,-0.076772,-0.539325,1.089970,0.277542,-0.125621,-0.049378,-0.728012,-0.032496,1.253687,0.160078,-0.375947,-0.227195,-0.225949,0.477793,1.081733,-0.317252,-0.056412,-0.042442,0.506699,-0.251780,1.105716,0.178404,0.222724,-0.055246,0.495940,0.438760,1.042466,-0.274873,0.224083,-0.008754
10.300000,-0.071219,-0.541832,1.088973,0.277747,-0.125081,-0.050297,-0.724812,-0.040007,1.249143,0.159888,-0.375061,-0.227155,-0.232298,0.476660,1.080874,-0.317676,-0.056840,-0.043436,0.510268,-0.247316,1.104597,0.178446,0.223680,-0.056706,0.490448,0.443230,1.042288,-0.274314,0.222897,-0.009051
10.320000,-0.065663,-0.544328,1.087959,0.277798,-0.124461,-0.051151,-0.721617,-0.047497,1.244601,0.159620,-0.374007,-0.227031,-0.238655,0.475520,1.079996,-0.317923,-0.057219,-0.044362,0.513837,-0.242834,1.103449,0.178415,0.224498,-0.058078,0.484968,0.447675,1.042104,-0.273625,0.221596,-0.009322
10.340000,-0.060108,-0.546810,1.086928,0.277692,-0.123760,-0.051938,-0.718428,-0.054966,1.240063,0.159277,-0.372788,-0.226825,-0.245014,0.474372,1.079100,-0.317981,-0.057545,-0.045215,0.517404,-0.238337,1.102274,0.178308,0.225169,-0.059354,0.479504,0.452093,1.041915,-0.272811,0.220179,-0.009571
10.360000,-0.054556,-0.549277,1.085882,0.277431,-0.122976,-0.052657,-0.715247,-0.062408,1.235529,0.158861,-0.371406,-0.226535,-0.251373,0.473218,1.078188,-0.317852,-0.057819,-0.045993,0.520969,-0.233828,1.101075,0.178123,0.225693,-0.060535,0.474057,0.456481,1.041721,-0.271872,0.218647,-0.009798
10.380000,-0.049012,-0.551728,1.084822,0.277013,-0.122110,-0.053310,-0.712074,-0.069821,1.231002,0.158369,-0.369859,-0.226163,-0.257727,0.472059,1.077261,-0.317536,-0.058041,-0.046698,0.524529,-0.229310,1.099853,0.177861,0.226070,-0.061621,0.468630,0.460838,1.041523,-0.270809,0.217000,-0.010003
10.400000,-0.043477,-0.554161,1.083750,0.276440,-0.121162,-0.053895,-0.708912,-0.077201,1.226483,0.157804,-0.368147,-0.225707,-0.264073,0.470897,1.076321,-0.317032,-0.058210,-0.047328,0.528082,-0.224786,1.098611,0.177523,0.226300,-0.062611,0.463225,0.465160,1.041321,-0.269622,0.215238,-0.010186
10.420000,-0.037955,-0.556574,1.082666,0.275711,-0.120130,-0.054413,-0.705762,-0.084546,1.221974,0.157164,-0.366272,-0.225166,-0.270407,0.469731,1.075369,-0.316336,-0.058324,-0.047879,0.531629,-0.220259,1.097350,0.177108,0.226378,-0.063504,0.457846,0.469447,1.041116,-0.268314,0.213361,-0.010349
10.440000,-0.032449,-0.558966,1.081574,0.274827,-0.119013,-0.054864,-0.702626,-0.091851,1.217477,0.156451,-0.364233,-0.224538,-0.276725,0.468564,1.074406,-0.315445,-0.058383,-0.048345,0.535166,-0.215732,1.096071,0.176616,0.226303,-0.064297,0.452493,0.473694,1.040907,-0.266890,0.211371,-0.010495
10.460000,-0.026963,-0.561334,1.080472,0.273790,-0.117812,-0.055248,-0.699505,-0.099114,1.212993,0.155663,-0.362031,-0.223823,-0.283023,0.467396,1.073435,-0.314359,-0.058384,-0.048726,0.538693,-0.211208,1.094778,0.176048,0.226073,-0.064989,0.447171,0.477901,1.040696,-0.265348,0.209268,-0.010623
10.480000,-0.021499,-0.563678,1.079364,0.272598,-0.116525,-0.055565,-0.696400,-0.106331,1.208524,0.154801,-0.359665,-0.223021,-0.289298,0.466229,1.072458,-0.313077,-0.058329,-0.049023,0.542208,-0.206690,1.093473,0.175403,0.225690,-0.065581,0.441880,0.482064,1.040482,-0.263690,0.207051,-0.010734
10.500000,-0.016060,-0.565995,1.078250,0.271252,-0.115153,-0.055816,-0.693313,-0.113499,1.204073,0.153864,-0.357136,-0.222132,-0.295545,0.465064,1.071475,-0.311600,-0.058218,-0.049236,0.545709,-0.202182,1.092156,0.174681,0.225152,-0.066073,0.436624,0.486182,1.040267,-0.261914,0.204721,-0.010828
10.520000,-0.010650,-0.568283,1.077132,0.269756,-0.113697,-0.056001,-0.690246,-0.120615,1.199640,0.152853,-0.354445,-0.221153,-0.301761,0.463901,1.070489,-0.309942,-0.058058,-0.049370,0.549194,-0.197685,1.090830,0.173887,0.224462,-0.066466,0.431404,0.490252,1.040049,-0.260026,0.202280,-0.010906
10.540000,-0.005271,-0.570542,1.076011,0.268115,-0.112156,-0.056122,-0.687200,-0.127676,1.195227,0.151767,-0.351593,-0.220083,-0.307942,0.462742,1.069501,-0.308119,-0.057855,-0.049430,0.552664,-0.193204,1.089498,0.173024,0.223620,-0.066759,0.426224,0.494272,1.039831,-0.258029,0.199733,-0.010971
10.560000,0.000074,-0.572769,1.074887,0.266330,-0.110531,-0.056180,-0.684176,-0.134678,1.190837,0.150605,-0.348581,-0.218921,-0.314085,0.461587,1.068512,-0.306130,-0.057612,-0.049418,0.556115,-0.188742,1.088161,0.172093,0.222629,-0.066954,0.421084,0.498241,1.039611,-0.255922,0.197079,-0.011024
10.580000,0.005381,-0.574963,1.073764,0.264401,-0.108822,-0.056174,-0.681176,-0.141618,1.186471,0.149368,-0.345408,-0.217668,-0.320186,0.460437,1.067524,-0.303976,-0.057326,-0.049332,0.559547,-0.184300,1.086820,0.171092,0.221486,-0.067050,0.415987,0.502155,1.039390,-0.253707,0.194318,-0.011063
10.600000,0.010649,-0.577121,1.072641,0.262327,-0.107028,-0.056104,-0.678202,-0.148493,1.182131,0.148056,-0.342076,-0.216324,-0.326242,0.459294,1.066539,-0.301656,-0.056999,-0.049174,0.562958,-0.179883,1.085479,0.170023,0.220193,-0.067048,0.410936,0.506013,1.039168,-0.251382,0.191451,-0.011089
10.620000,0.015874,-0.579243,1.071520,0.260129,-0.105154,-0.055983,-0.675254,-0.155300,1.177819,0.146679,-0.338597,-0.214896,-0.332251,0.458158,1.065558,-0.299185,-0.056637,-0.048948,0.566347,-0.175493,1.084139,0.168892,0.218757,-0.066950,0.405933,0.509812,1.038946,-0.248954,0.188483,-0.011105
10.640000,0.021053,-0.581327,1.070402,0.257828,-0.103201,-0.055824,-0.672335,-0.162036,1.173536,0.145249,-0.334987,-0.213394,-0.338209,0.457029,1.064582,-0.296579,-0.056246,-0.048659,0.569713,-0.171134,1.082802,0.167706,0.217183,-0.066761,0.400979,0.513552,1.038724,-0.246429,0.185421,-0.011112
10.660000,0.026186,-0.583371,1.069287,0.255425,-0.101172,-0.055626,-0.669445,-0.168699,1.169283,0.143767,-0.331245,-0.211816,-0.344113,0.455908,1.063612,-0.293838,-0.055826,-0.048306,0.573055,-0.166807,1.081469,0.166466,0.215473,-0.066481,0.396076,0.517229,1.038502,-0.243808,0.182266,-0.011112
10.680000,0.031270,-0.585373,1.068177,0.252920,-0.099065,-0.055390,-0.666585,-0.175285,1.165063,0.142231,-0.327372,-0.210165,-0.349962,0.454796,1.062650,-0.290961,-0.055378,-0.047891,0.576372,-0.162516,1.080143,0.165171,0.213626,-0.066109,0.391227,0.520842,1.038280,-0.241089,0.179017,-0.011103
10.700000,0.036302,-0.587333,1.067072,0.250312,-0.096880,-0.055115,-0.663756,-0.181793,1.160877,0.140643,-0.323367,-0.208438,-0.355751,0.453693,1.061697,-0.287949,-0.054902,-0.047413,0.579662,-0.158263,1.078825,0.163822,0.211642,-0.065645,0.386433,0.524389,1.038058,-0.238274,0.175673,-0.011087
10.720000,0.041282,-0.589248,1.065973,0.247622,-0.094621,-0.054813,-0.660959,-0.188219,1.156726,0.139011,-0.319244,-0.206644,-0.361479,0.452600,1.060754,-0.284819,-0.054404,-0.046877,0.582924,-0.154051,1.077518,0.162428,0.209533,-0.065097,0.381697,0.527868,1.037836,-0.235370,0.172247,-0.011065
10.740000,0.046207,-0.591117,1.064879,0.244870,-0.092292,-0.054496,-0.658196,-0.194562,1.152612,0.137345,-0.315015,-0.204790,-0.367143,0.451517,1.059822,-0.281590,-0.053891,-0.046289,0.586159,-0.149882,1.076222,0.161000,0.207310,-0.064469,0.377019,0.531278,1.037615,-0.232389,0.168749,-0.011042
10.760000,0.051076,-0.592939,1.063793,0.242056,-0.089892,-0.054165,-0.655466,-0.200819,1.148535,0.135645,-0.310680,-0.202877,-0.372742,0.450445,1.058903,-0.278260,-0.053363,-0.045648,0.589364,-0.145759,1.074940,0.159537,0.204975,-0.063763,0.372402,0.534617,1.037395,-0.229329,0.165179,-0.011017
10.780000,0.055889,-0.594713,1.062713,0.239181,-0.087421,-0.053817,-0.652770,-0.206988,1.144497,0.133911,-0.306239,-0.200904,-0.378273,0.449383,1.057997,-0.274831,-0.052821,-0.044954,0.592540,-0.141684,1.073672,0.158040,0.202526,-0.062977,0.367846,0.537885,1.037175,-0.226191,0.161536,-0.010990
10.800000,0.060643,-0.596436,1.061640,0.236244,-0.084879,-0.053455,-0.650109,-0.213068,1.140499,0.132142,-0.301691,-0.198871,-0.383734,0.448332,1.057105,-0.271301,-0.052264,-0.044208,0.595685,-0.137659,1.072421,0.156508,0.199963,-0.062113,0.363355,0.541078,1.036955,-0.222975,0.157822,-0.010962
10.820000,0.065338,-0.598107,1.060575,0.233266,-0.082272,-0.053089,-0.647484,-0.219056,1.136543,0.130348,-0.297052,-0.196785,-0.389124,0.447292,1.056229,-0.267693,-0.051699,-0.043414,0.598800,-0.133686,1.071188,0.154953,0.197303,-0.061177,0.358928,0.544197,1.036736,-0.219692,0.154048,-0.010935
10.840000,0.069973,-0.599726,1.059517,0.230269,-0.079604,-0.052729,-0.644896,-0.224950,1.132628,0.128538,-0.292334,-0.194654,-0.394442,0.446264,1.055369,-0.264025,-0.051135,-0.042579,0.601883,-0.129767,1.069974,0.153387,0.194559,-0.060179,0.354567,0.547240,1.036518,-0.216355,0.150228,-0.010913
10.860000,0.074549,-0.601291,1.058466,0.227251,-0.076876,-0.052376,-0.642343,-0.230748,1.128757,0.126712,-0.287538,-0.192478,-0.399685,0.445247,1.054526,-0.260299,-0.050570,-0.041702,0.604935,-0.125904,1.068781,0.151809,0.191731,-0.059118,0.350274,0.550206,1.036299,-0.212963,0.146361,-0.010896
10.880000,0.079063,-0.602801,1.057422,0.224213,-0.074087,-0.052029,-0.639827,-0.236450,1.124929,0.124870,-0.282663,-0.190257,-0.404853,0.444241,1.053701,-0.256513,-0.050005,-0.040784,0.607956,-0.122099,1.067610,0.150221,0.188820,-0.057993,0.346049,0.553094,1.036082,-0.209517,0.142447,-0.010885
10.900000,0.083517,-0.604254,1.056384,0.221155,-0.071237,-0.051689,-0.637348,-0.242054,1.121147,0.123011,-0.277710,-0.187990,-0.409945,0.443247,1.052895,-0.252669,-0.049440,-0.039823,0.610944,-0.118352,1.066462,0.148621,0.185826,-0.056806,0.341894,0.555904,1.035864,-0.206017,0.138487,-0.010878
10.920000,0.087909,-0.605650,1.055354,0.218096,-0.068334,-0.051365,-0.634907,-0.247558,1.117410,0.121143,-0.272691,-0.185682,-0.414960,0.442263,1.052108,-0.248787,-0.048882,-0.038826,0.613901,-0.114666,1.065338,0.147021,0.182764,-0.055564,0.337809,0.558633,1.035646,-0.202473,0.134495,-0.010879
10.940000,0.092241,-0.606987,1.054330,0.215055,-0.065384,-0.051065,-0.632503,-0.252962,1.113720,0.119273,-0.267618,-0.183339,-0.419896,0.441291,1.051342,-0.244887,-0.048337,-0.037796,0.616825,-0.111042,1.064240,0.145433,0.179648,-0.054275,0.333795,0.561283,1.035429,-0.198898,0.130485,-0.010889
10.960000,0.096512,-0.608265,1.053311,0.212032,-0.062389,-0.050789,-0.630136,-0.258263,1.110077,0.117402,-0.262493,-0.180961,-0.424755,0.440330,1.050596,-0.240971,-0.047805,-0.036734,0.619718,-0.107481,1.063168,0.143856,0.176480,-0.052939,0.329853,0.563853,1.035211,-0.195292,0.126458,-0.010909
10.980000,0.100722,-0.609482,1.052298,0.209028,-0.059347,-0.050538,-0.627807,-0.263461,1.106482,0.115529,-0.257315,-0.178546,-0.429535,0.439379,1.049873,-0.237037,-0.047288,-0.035640,0.622579,-0.103983,1.062123,0.142290,0.173258,-0.051556,0.325984,0.566341,1.034992,-0.191654,0.122413,-0.010939
11.000000,0.104873,-0.610639,1.051289,0.206043,-0.056259,-0.050310,-0.625515,-0.268555,1.102935,0.113654,-0.252083,-0.176096,-0.434236,0.438438,1.049171,-0.233087,-0.046783,-0.034513,0.625410,-0.100551,1.061106,0.140736,0.169983,-0.050126,0.322187,0.568749,1.034773,-0.187985,0.118350,-0.010978
11.020000,0.108964,-0.611732,1.050285,0.203088,-0.053133,-0.050111,-0.623260,-0.273544,1.099438,0.111779,-0.246804,-0.173608,-0.438859,0.437507,1.048492,-0.229135,-0.046296,-0.033355,0.628209,-0.097184,1.060118,0.139201,0.166665,-0.048653,0.318464,0.571075,1.034553,-0.184290,0.114282,-0.011025
11.040000,0.112997,-0.612764,1.049285,0.200177,-0.049980,-0.049942,-0.621044,-0.278427,1.095991,0.109906,-0.241483,-0.171080,-0.443402,0.436586,1.047837,-0.225200,-0.045831,-0.032167,0.630978,-0.093884,1.059160,0.137694,0.163313,-0.047143,0.314816,0.573320,1.034332,-0.180574,0.110219,-0.011079
11.060000,0.116972,-0.613731,1.048287,0.197311,-0.046800,-0.049805,-0.618864,-0.283203,1.092595,0.108035,-0.236120,-0.168510,-0.447867,0.435674,1.047206,-0.221279,-0.045386,-0.030950,0.633717,-0.090652,1.058232,0.136215,0.159929,-0.045594,0.311242,0.575484,1.034110,-0.176837,0.106161,-0.011139
11.080000,0.120890,-0.614635,1.047292,0.194489,-0.043591,-0.049698,-0.616722,-0.287871,1.089251,0.106167,-0.230714,-0.165900,-0.452253,0.434771,1.046599,-0.217375,-0.044964,-0.029703,0.636427,-0.087487,1.057336,0.134763,0.156512,-0.044008,0.307742,0.577567,1.033887,-0.173080,0.102109,-0.011205
11.100000,0.124752,-0.615475,1.046299,0.191711,-0.040355,-0.049623,-0.614618,-0.292431,1.085959,0.104301,-0.225267,-0.163249,-0.456562,0.433875,1.046018,-0.213486,-0.044562,-0.028426,0.639108,-0.084392,1.056472,0.133339,0.153062,-0.042384,0.304318,0.579569,1.033662,-0.169303,0.098063,-0.011278
11.120000,0.128558,-0.616250,1.045307,0.188977,-0.037102,-0.049573,-0.612550,-0.296882,1.082721,0.102435,-0.219780,-0.160553,-0.460793,0.432988,1.045462,-0.209618,-0.044180,-0.027115,0.641760,-0.081365,1.055641,0.131943,0.149578,-0.040718,0.300970,0.581489,1.033435,-0.165497,0.094028,-0.011347
11.140000,0.132311,-0.616959,1.044316,0.186288,-0.033841,-0.049540,-0.610520,-0.301222,1.079538,0.100569,-0.214258,-0.157805,-0.464947,0.432108,1.044934,-0.205776,-0.043816,-0.025762,0.644386,-0.078409,1.054844,0.130579,0.146058,-0.039008,0.297699,0.583330,1.033208,-0.161655,0.090009,-0.011405
11.160000,0.136010,-0.617603,1.043326,0.183643,-0.030574,-0.049526,-0.608527,-0.305452,1.076410,0.098702,-0.208700,-0.155005,-0.469024,0.431235,1.044432,-0.201960,-0.043469,-0.024368,0.646984,-0.075523,1.054081,0.129245,0.142503,-0.037254,0.294504,0.585090,1.032979,-0.157778,0.086007,-0.011451
11.180000,0.139657,-0.618182,1.042335,0.181042,-0.027300,-0.049531,-0.606572,-0.309570,1.073338,0.096835,-0.203106,-0.152154,-0.473025,0.430369,1.043959,-0.198170,-0.043140,-0.022933,0.649556,-0.072709,1.053354,0.127941,0.138913,-0.035456,0.291388,0.586770,1.032750,-0.153864,0.082021,-0.011485
11.200000,0.143252,-0.618695,1.041344,0.178486,-0.024020,-0.049553,-0.604654,-0.313576,1.070324,0.094967,-0.197477,-0.149252,-0.476951,0.429510,1.043515,-0.194407,-0.042828,-0.021458,0.652102,-0.069967,1.052663,0.126669,0.135287,-0.033613,0.288350,0.588371,1.032520,-0.149914,0.078052,-0.011507
11.220000,0.146797,-0.619143,1.040353,0.175974,-0.020747,-0.049589,-0.602773,-0.317469,1.067368,0.093101,-0.191819,-0.146299,-0.480802,0.428656,1.043101,-0.190677,-0.042533,-0.019942,0.654623,-0.067298,1.052010,0.125424,0.131628,-0.031729,0.285392,0.589892,1.032290,-0.145925,0.074106,-0.011510
11.240000,0.150291,-0.619525,1.039361,0.173508,-0.017497,-0.049634,-0.600930,-0.321249,1.064472,0.091239,-0.186143,-0.143295,-0.484578,0.427808,1.042718,-0.186988,-0.042253,-0.018385,0.657119,-0.064702,1.051394,0.124206,0.127937,-0.029806,0.282513,0.591335,1.032060,-0.141892,0.070191,-0.011488
11.260000,0.153737,-0.619843,1.038367,0.171087,-0.014269,-0.049687,-0.599124,-0.324915,1.061637,0.089380,-0.180447,-0.140239,-0.488282,0.426966,1.042366,-0.183339,-0.041988,-0.016787,0.659591,-0.062180,1.050818,0.123015,0.124213,-0.027844,0.279716,0.592700,1.031830,-0.137815,0.066306,-0.011440
11.280000,0.157135,-0.620096,1.037373,0.168711,-0.011064,-0.049749,-0.597355,-0.328466,1.058863,0.087525,-0.174732,-0.137133,-0.491912,0.426128,1.042046,-0.179732,-0.041739,-0.015148,0.662040,-0.059733,1.050281,0.121850,0.120457,-0.025843,0.277001,0.593988,1.031602,-0.133695,0.062451,-0.011366
11.300000,0.160486,-0.620285,1.036377,0.166381,-0.007882,-0.049820,-0.595623,-0.331904,1.056152,0.085674,-0.168998,-0.133975,-0.495471,0.425296,1.041760,-0.176166,-0.041506,-0.013469,0.664465,-0.057362,1.049784,0.120711,0.116670,-0.023803,0.274369,0.595199,1.031376,-0.129531,0.058627,-0.011266
11.320000,0.163791,-0.620412,1.035380,0.164098,-0.004741,-0.049895,-0.593928,-0.335226,1.053504,0.083832,-0.163259,-0.130773,-0.498959,0.424468,1.041508,-0.172651,-0.041287,-0.011756,0.666868,-0.055067,1.049329,0.119594,0.112855,-0.021734,0.271820,0.596333,1.031152,-0.125325,0.054839,-0.011136
11.340000,0.167050,-0.620476,1.034382,0.161862,-0.001658,-0.049972,-0.592269,-0.338434,1.050921,0.082005,-0.157531,-0.127531,-0.502378,0.423644,1.041290,-0.169197,-0.041083,-0.010015,0.669249,-0.052848,1.048915,0.118491,0.109020,-0.019645,0.269356,0.597392,1.030931,-0.121079,0.051092,-0.010971
11.360000,0.170266,-0.620478,1.033381,0.159673,0.001366,-0.050049,-0.590647,-0.341528,1.048403,0.080193,-0.151812,-0.124250,-0.505727,0.422825,1.041108,-0.165806,-0.040893,-0.008246,0.671608,-0.050706,1.048543,0.117404,0.105164,-0.017536,0.266977,0.598377,1.030713,-0.116792,0.047388,-0.010770
11.380000,0.173437,-0.620421,1.032380,0.157532,0.004331,-0.050127,-0.589062,-0.344507,1.045951,0.078397,-0.146103,-0.120930,-0.509010,0.422009,1.040961,-0.162476,-0.040718,-0.006449,0.673945,-0.048642,1.048214,0.116332,0.101288,-0.015408,0.264685,0.599288,1.030500,-0.112465,0.043725,-0.010533
11.400000,0.176567,-0.620306,1.031376,0.155439,0.007237,-0.050205,-0.587511,-0.347372,1.043566,0.076615,-0.140404,-0.117571,-0.512227,0.421196,1.040850,-0.159209,-0.040557,-0.004624,0.676261,-0.046655,1.047927,0.115275,0.097390,-0.013259,0.262479,0.600126,1.030292,-0.108097,0.040104,-0.010261
11.420000,0.179655,-0.620132,1.030372,0.153388,0.010069,-0.050277,-0.585997,-0.350123,1.041249,0.074855,-0.134729,-0.114186,-0.515379,0.420386,1.040776,-0.156012,-0.040409,-0.002791,0.678556,-0.044746,1.047683,0.114234,0.093496,-0.011105,0.260361,0.600893,1.030090,-0.103698,0.036527,-0.009950
11.440000,0.182703,-0.619903,1.029365,0.151374,0.012813,-0.050335,-0.584517,-0.352761,1.038999,0.073122,-0.129095,-0.110786,-0.518468,0.419579,1.040738,-0.152895,-0.040273,-0.000969,0.680831,-0.042915,1.047483,0.113209,0.089629,-0.008958,0.258331,0.601588,1.029895,-0.099276,0.032998,-0.009598
11.460000,0.185711,-0.619620,1.028358,0.149398,0.015468,-0.050379,-0.583072,-0.355287,1.036817,0.071417,-0.123501,-0.107374,-0.521495,0.418775,1.040737,-0.149859,-0.040149,0.000843,0.683085,-0.041161,1.047325,0.112200,0.085788,-0.006820,0.256390,0.602213,1.029706,-0.094830,0.029516,-0.009204
11.480000,0.188679,-0.619285,1.027350,0.147458,0.018033,-0.050409,-0.581660,-0.357701,1.034704,0.069739,-0.117946,-0.103948,-0.524463,0.417973,1.040772,-0.146902,-0.040036,0.002644,0.685319,-0.039483,1.047210,0.111208,0.081975,-0.004689,0.254538,0.602769,1.029527,-0.090362,0.026081,-0.008769
11.500000,0.191609,-0.618900,1.026342,0.145556,0.020510,-0.050425,-0.580282,-0.360005,1.032659,0.068089,-0.112431,-0.100508,-0.527372,0.417174,1.040842,-0.144026,-0.039936,0.004434,0.687533,-0.037882,1.047137,0.110233,0.078188,-0.002567,0.252776,0.603256,1.029356,-0.085870,0.022693,-0.008292
11.520000,0.194501,-0.618465,1.025333,0.143684,0.022887,-0.050419,-0.578936,-0.362199,1.030684,0.066466,-0.106960,-0.097058,-0.530224,0.416376,1.040949,-0.141226,-0.039843,0.006198,0.689728,-0.036355,1.047107,0.109269,0.074448,-0.000466,0.251103,0.603677,1.029195,-0.081376,0.019352,-0.007774
11.540000,0.197357,-0.617985,1.024325,0.141835,0.025151,-0.050381,-0.577623,-0.364284,1.028777,0.064870,-0.101536,-0.093601,-0.533021,0.415580,1.041090,-0.138499,-0.039751,0.007919,0.691904,-0.034903,1.047119,0.108314,0.070771,0.001600,0.249521,0.604031,1.029045,-0.076899,0.016057,-0.007217
11.560000,0.200175,-0.617460,1.023318,0.140008,0.027303,-0.050312,-0.576341,-0.366261,1.026940,0.063300,-0.096159,-0.090137,-0.535765,0.414786,1.041265,-0.135843,-0.039660,0.009598,0.694061,-0.033524,1.047171,0.107367,0.067158,0.003631,0.248027,0.604319,1.028907,-0.072440,0.012807,-0.006619
11.580000,0.202957,-0.616894,1.022313,0.138204,0.029343,-0.050211,-0.575091,-0.368131,1.025172,0.061758,-0.090830,-0.086667,-0.538456,0.413994,1.041474,-0.133261,-0.039571,0.011234,0.696199,-0.032216,1.047264,0.106428,0.063610,0.005626,0.246623,0.604543,1.028781,-0.067999,0.009603,-0.005982
11.600000,0.205703,-0.616287,1.021310,0.136422,0.031270,-0.050079,-0.573871,-0.369894,1.023473,0.060242,-0.085548,-0.083189,-0.541096,0.413203,1.041714,-0.130750,-0.039483,0.012828,0.698318,-0.030979,1.047396,0.105498,0.060126,0.007586,0.245307,0.604704,1.028668,-0.063575,0.006445,-0.005305
11.620000,0.208414,-0.615644,1.020310,0.134657,0.033079,-0.049910,-0.572681,-0.371553,1.021844,0.058756,-0.080330,-0.079715,-0.543686,0.412414,1.041987,-0.128303,-0.039392,0.014368,0.700419,-0.029811,1.047567,0.104570,0.056722,0.009497,0.244080,0.604801,1.028569,-0.059194,0.003334,-0.004594
11.640000,0.211090,-0.614965,1.019314,0.132900,0.034761,-0.049699,-0.571521,-0.373108,1.020284,0.057303,-0.075193,-0.076257,-0.546228,0.411627,1.042289,-0.125909,-0.039292,0.015845,0.702501,-0.028710,1.047775,0.103637,0.053414,0.011344,0.242939,0.604837,1.028484,-0.054882,0.000271,-0.003853
11.660000,0.213730,-0.614254,1.018323,0.131152,0.036318,-0.049445,-0.570389,-0.374561,1.018794,0.055883,-0.070137,-0.072815,-0.548723,0.410843,1.042620,-0.123570,-0.039183,0.017259,0.704564,-0.027674,1.048020,0.102700,0.050200,0.013128,0.241884,0.604813,1.028415,-0.050637,-0.002744,-0.003083
11.680000,0.216336,-0.613513,1.017337,0.129413,0.037748,-0.049149,-0.569285,-0.375914,1.017372,0.054495,-0.065162,-0.069389,-0.551171,0.410060,1.042979,-0.121284,-0.039064,0.018609,0.706609,-0.026701,1.048300,0.101758,0.047082,0.014849,0.240913,0.604728,1.028361,-0.046461,-0.005711,-0.002284
11.700000,0.218907,-0.612745,1.016357,0.127683,0.039052,-0.048811,-0.568209,-0.377168,1.016018,0.053140,-0.060267,-0.065979,-0.553575,0.409280,1.043364,-0.119052,-0.038937,0.019895,0.708634,-0.025790,1.048614,0.100812,0.044059,0.016507,0.240025,0.604585,1.028324,-0.042353,-0.008629,-0.001455
11.720000,0.221443,-0.611952,1.015384,0.125948,0.040232,-0.048426,-0.567159,-0.378325,1.014732,0.051817,-0.055461,-0.062590,-0.555934,0.408503,1.043774,-0.116864,-0.038797,0.021113,0.710641,-0.024938,1.048960,0.099855,0.041138,0.018093,0.239218,0.604383,1.028303,-0.038335,-0.011492,-0.000607
11.740000,0.223945,-0.611136,1.014420,0.124197,0.041289,-0.047990,-0.566136,-0.379387,1.013514,0.050527,-0.050754,-0.059228,-0.558249,0.407728,1.044208,-0.114707,-0.038640,0.022256,0.712629,-0.024144,1.049337,0.098880,0.038323,0.019599,0.238491,0.604125,1.028299,-0.034430,-0.014294,0.000249
11.760000,0.226411,-0.610301,1.013465,0.122428,0.042224,-0.047503,-0.565138,-0.380356,1.012363,0.049270,-0.046144,-0.055891,-0.560522,0.406957,1.044664,-0.112583,-0.038465,0.023325,0.714596,-0.023404,1.049743,0.097887,0.035615,0.021027,0.237840,0.603812,1.028313,-0.030637,-0.017035,0.001113
11.780000,0.228842,-0.609448,1.012520,0.120643,0.043035,-0.046965,-0.564165,-0.381234,1.011278,0.048045,-0.041632,-0.052582,-0.562753,0.406190,1.045140,-0.110491,-0.038273,0.024319,0.716544,-0.022718,1.050177,0.096876,0.033014,0.022375,0.237265,0.603444,1.028344,-0.026957,-0.019714,0.001986
11.800000,0.231236,-0.608580,1.011587,0.118840,0.043725,-0.046376,-0.563216,-0.382022,1.010260,0.046853,-0.037217,-0.049299,-0.564942,0.405427,1.045636,-0.108431,-0.038063,0.025239,0.718471,-0.022083,1.050638,0.095847,0.030520,0.023643,0.236761,0.603024,1.028393,-0.023390,-0.022331,0.002867
11.820000,0.233595,-0.607700,1.010666,0.117011,0.044292,-0.045739,-0.562290,-0.382723,1.009306,0.045693,-0.032906,-0.046050,-0.567090,0.404668,1.046149,-0.106394,-0.037834,0.026083,0.720378,-0.021497,1.051122,0.094793,0.028132,0.024828,0.236328,0.602551,1.028459,-0.019946,-0.024883,0.003748
11.840000,0.235917,-0.606810,1.009758,0.115151,0.044739,-0.045059,-0.561388,-0.383339,1.008417,0.044567,-0.028704,-0.042843,-0.569198,0.403913,1.046679,-0.104369,-0.037582,0.026850,0.722263,-0.020957,1.051630,0.093709,0.025849,0.025928,0.235963,0.602029,1.028542,-0.016637,-0.027363,0.004621
11.860000,0.238201,-0.605911,1.008864,0.113257,0.045065,-0.044335,-0.560508,-0.383872,1.007592,0.043473,-0.024609,-0.039678,-0.571265,0.403164,1.047223,-0.102357,-0.037307,0.027541,0.724126,-0.020462,1.052159,0.092593,0.023672,0.026941,0.235662,0.601457,1.028643,-0.013461,-0.029773,0.005485
11.880000,0.240447,-0.605008,1.007985,0.111330,0.045270,-0.043566,-0.559649,-0.384324,1.006830,0.042412,-0.020624,-0.036555,-0.573292,0.402421,1.047780,-0.100358,-0.037010,0.028154,0.725966,-0.020010,1.052707,0.091447,0.021600,0.027867,0.235423,0.600838,1.028762,-0.010421,-0.032111,0.006341
11.900000,0.242654,-0.604101,1.007121,0.109371,0.045354,-0.042754,-0.558811,-0.384698,1.006130,0.041384,-0.016746,-0.033475,-0.575280,0.401684,1.048349,-0.098370,-0.036689,0.028690,0.727783,-0.019597,1.053273,0.090270,0.019633,0.028707,0.235244,0.600173,1.028897,-0.007515,-0.034378,0.007188
11.920000,0.244821,-0.603194,1.006275,0.107381,0.045328,-0.041906,-0.557993,-0.384995,1.005491,0.040387,-0.012982,-0.030441,-0.577227,0.400954,1.048927,-0.096389,-0.036345,0.029151,0.729577,-0.019224,1.053855,0.089056,0.017767,0.029462,0.235122,0.599464,1.029049,-0.004744,-0.036575,0.008020
11.940000,0.246949,-0.602289,1.005445,0.105361,0.045203,-0.041029,-0.557195,-0.385218,1.004912,0.039420,-0.009333,-0.027460,-0.579135,0.400231,1.049514,-0.094406,-0.035975,0.029539,0.731345,-0.018886,1.054451,0.087802,0.015997,0.030130,0.235053,0.598711,1.029218,-0.002108,-0.038701,0.008827
11.960000,0.249036,-0.601387,1.004634,0.103312,0.044977,-0.040125,-0.556416,-0.385369,1.004392,0.038481,-0.005801,-0.024531,-0.581003,0.399515,1.050108,-0.092422,-0.035579,0.029855,0.733089,-0.018583,1.055060,0.086507,0.014323,0.030712,0.235036,0.597916,1.029402,0.000391,-0.040756,0.009611
11.980000,0.251081,-0.600490,1.003840,0.101233,0.044651,-0.039192,-0.555656,-0.385450,1.003930,0.037571,-0.002386,-0.021654,-0.582832,0.398808,1.050708,-0.090436,-0.035159,0.030099,0.734805,-0.018312,1.055679,0.085170,0.012745,0.031208,0.235068,0.597081,1.029602,0.002754,-0.042741,0.010371
12.000000,0.253085,-0.599601,1.003066,0.099125,0.044226,-0.038232,-0.554913,-0.385465,1.003525,0.036691,0.000913,-0.018830,-0.584621,0.398109,1.051312,-0.088449,-0.034713,0.030269,0.736495,-0.018073,1.056307,0.083793,0.011263,0.031618,0.235146,0.596207,1.029817,0.004981,-0.044655,0.011108
12.020000,0.255046,-0.598722,1.002311,0.096990,0.043719,-0.037254,-0.554188,-0.385415,1.003177,0.035837,0.004098,-0.016060,-0.586370,0.397419,1.051918,-0.086459,-0.034242,0.030372,0.738157,-0.017861,1.056943,0.082372,0.009870,0.031945,0.235267,0.595295,1.030046,0.007079,-0.046503,0.011821
12.040000,0.256964,-0.597853,1.001576,0.094829,0.043149,-0.036271,-0.553480,-0.385302,1.002883,0.035008,0.007169,-0.013349,-0.588079,0.396739,1.052526,-0.084462,-0.033747,0.030414,0.739790,-0.017677,1.057585,0.080904,0.008559,0.032192,0.235428,0.594347,1.030289,0.009051,-0.048290,0.012510
12.060000,0.258839,-0.596996,1.000860,0.092642,0.042515,-0.035283,-0.552787,-0.385129,1.002642,0.034204,0.010127,-0.010696,-0.589748,0.396070,1.053134,-0.082460,-0.033227,0.030393,0.741393,-0.017518,1.058230,0.079390,0.007331,0.032360,0.235628,0.593364,1.030546,0.010900,-0.050015,0.013175
12.080000,0.260670,-0.596153,1.000165,0.090429,0.041819,-0.034290,-0.552111,-0.384897,1.002454,0.033425,0.012972,-0.008102,-0.591377,0.395410,1.053741,-0.080452,-0.032682,0.030310,0.742965,-0.017383,1.058878,0.077830,0.006185,0.032448,0.235863,0.592347,1.030816,0.012624,-0.051680,0.013817
12.100000,0.262456,-0.595324,0.999489,0.088191,0.041059,-0.033291,-0.551450,-0.384611,1.002318,0.032671,0.015704,-0.005566,-0.592966,0.394762,1.054346,-0.078438,-0.032113,0.030165,0.744506,-0.017270,1.059528,0.076223,0.005122,0.032456,0.236132,0.591297,1.031099,0.014223,-0.053283,0.014435
12.120000,0.264197,-0.594511,0.998833,0.085932,0.040264,-0.032303,-0.550804,-0.384270,1.002231,0.031939,0.018323,-0.003091,-0.594515,0.394126,1.054948,-0.076423,-0.031523,0.029967,0.746014,-0.017178,1.060176,0.074571,0.004133,0.032389,0.236431,0.590216,1.031394,0.015707,-0.054828,0.015026
12.140000,0.265893,-0.593714,0.998197,0.083656,0.039463,-0.031339,-0.550173,-0.383878,1.002194,0.031225,0.020829,-0.000680,-0.596023,0.393502,1.055545,-0.074411,-0.030913,0.029723,0.747488,-0.017105,1.060823,0.072875,0.003211,0.032255,0.236759,0.589105,1.031700,0.017083,-0.056315,0.015587
12.160000,0.267543,-0.592932,0.997579,0.081363,0.038656,-0.030401,-0.549555,-0.383438,1.002204,0.030531,0.023221,0.001666,-0.597491,0.392890,1.056136,-0.072403,-0.030284,0.029435,0.748928,-0.017049,1.061466,0.071135,0.002357,0.032052,0.237114,0.587964,1.032017,0.018351,-0.057746,0.016116
12.180000,0.269148,-0.592167,0.996980,0.079054,0.037841,-0.029488,-0.548951,-0.382950,1.002260,0.029856,0.025500,0.003948,-0.598919,0.392290,1.056722,-0.070397,-0.029635,0.029101,0.750333,-0.017010,1.062104,0.069350,0.001571,0.031781,0.237493,0.586795,1.032344,0.019512,-0.059120,0.016615
12.200000,0.270705,-0.591419,0.996400,0.076729,0.037021,-0.028601,-0.548361,-0.382418,1.002361,0.029200,0.027665,0.006165,-0.600307,0.391704,1.057300,-0.068395,-0.028968,0.028722,0.751702,-0.016986,1.062737,0.067521,0.000851,0.031442,0.237894,0.585600,1.032681,0.020564,-0.060436,0.017084
12.220000,0.272217,-0.590686,0.995836,0.074388,0.036229,-0.027758,-0.547783,-0.381844,1.002506,0.028562,0.029719,0.008315,-0.601655,0.391132,1.057870,-0.066408,-0.028289,0.028308,0.753034,-0.016976,1.063362,0.065655,0.000192,0.031042,0.238315,0.584378,1.033027,0.021519,-0.061699,0.017525
12.240000,0.273681,-0.589969,0.995289,0.072036,0.035501,-0.026979,-0.547218,-0.381230,1.002693,0.027939,0.031665,0.010392,-0.602964,0.390573,1.058432,-0.064448,-0.027606,0.027870,0.754328,-0.016978,1.063978,0.063758,-0.000415,0.030592,0.238754,0.583132,1.033382,0.022386,-0.062912,0.017942
12.260000,0.275098,-0.589266,0.994757,0.069672,0.034838,-0.026263,-0.546665,-0.380579,1.002921,0.027331,0.033501,0.012398,-0.604233,0.390028,1.058985,-0.062516,-0.026919,0.027408,0.755584,-0.016992,1.064585,0.061829,-0.000968,0.030090,0.239210,0.581862,1.033745,0.023165,-0.064074,0.018334
12.280000,0.276468,-0.588575,0.994238,0.067296,0.034238,-0.025612,-0.546125,-0.379891,1.003189,0.026740,0.035229,0.014332,-0.605465,0.389496,1.059528,-0.060612,-0.026228,0.026921,0.756801,-0.017016,1.065181,0.059870,-0.001469,0.029536,0.239680,0.580569,1.034115,0.023856,-0.065185,0.018703
12.300000,0.277790,-0.587896,0.993732,0.064907,0.033704,-0.025025,-0.545596,-0.379170,1.003494,0.026164,0.036848,0.016193,-0.606658,0.388978,1.060062,-0.058734,-0.025534,0.026411,0.757979,-0.017050,1.065766,0.057879,-0.001918,0.028932,0.240163,0.579255,1.034493,0.024459,-0.066246,0.019048
12.320000,0.279064,-0.587226,0.993236,0.062503,0.033270,-0.024523,-0.545078,-0.378418,1.003836,0.025603,0.038357,0.017977,-0.607814,0.388475,1.060585,-0.056907,-0.024847,0.025890,0.759116,-0.017093,1.066338,0.055872,-0.002319,0.028287,0.240658,0.577920,1.034877,0.024983,-0.067256,0.019366
12.340000,0.280290,-0.586564,0.992750,0.060079,0.032975,-0.024128,-0.544572,-0.377637,1.004213,0.025056,0.039757,0.019678,-0.608935,0.387984,1.061097,-0.055154,-0.024178,0.025373,0.760213,-0.017143,1.066897,0.053861,-0.002682,0.027614,0.241162,0.576565,1.035267,0.025439,-0.068217,0.019655
12.360000,0.281467,-0.585906,0.992270,0.057635,0.032819,-0.023840,-0.544076,-0.376828,1.004622,0.024522,0.041048,0.021295,-0.610021,0.387507,1.061600,-0.053473,-0.023528,0.024860,0.761270,-0.017200,1.067443,0.051847,-0.003004,0.026913,0.241675,0.575191,1.035663,0.025827,-0.069127,0.019916
12.380000,0.282595,-0.585251,0.991796,0.055172,0.032801,-0.023658,-0.543591,-0.375995,1.005064,0.024002,0.042229,0.022828,-0.611074,0.387043,1.062092,-0.051865,-0.022896,0.024351,0.762287,-0.017263,1.067974,0.049830,-0.003286,0.026184,0.242195,0.573800,1.036064,0.026145,-0.069987,0.020148
12.400000,0.283674,-0.584594,0.991323,0.052689,0.032922,-0.023583,-0.543116,-0.375140,1.005535,0.023496,0.043301,0.024278,-0.612096,0.386591,1.062574,-0.050331,-0.022283,0.023846,0.763264,-0.017331,1.068490,0.047810,-0.003529,0.025427,0.242720,0.572392,1.036469,0.026395,-0.070796,0.020351
12.420000,0.284702,-0.583933,0.990852,0.050182,0.033211,-0.023626,-0.542651,-0.374264,1.006034,0.023003,0.044269,0.025644,-0.613088,0.386152,1.063046,-0.048881,-0.021695,0.023355,0.764200,-0.017403,1.068991,0.045810,-0.003737,0.024656,0.243250,0.570969,1.036878,0.026586,-0.071557,0.020528
12.440000,0.285681,-0.583264,0.990377,0.047646,0.033699,-0.023799,-0.542195,-0.373370,1.006560,0.022522,0.045138,0.026925,-0.614052,0.385723,1.063508,-0.047529,-0.021139,0.022886,0.765096,-0.017480,1.069476,0.043854,-0.003916,0.023888,0.243783,0.569530,1.037290,0.026726,-0.072268,0.020685
12.460000,0.286608,-0.582583,0.989899,0.045082,0.034385,-0.024102,-0.541750,-0.372459,1.007111,0.022054,0.045908,0.028122,-0.614990,0.385306,1.063961,-0.046274,-0.020614,0.022439,0.765954,-0.017560,1.069946,0.041943,-0.004065,0.023122,0.244319,0.568078,1.037705,0.026816,-0.072931,0.020820
12.480000,0.287484,-0.581887,0.989413,0.042489,0.035270,-0.024534,-0.541313,-0.371534,1.007684,0.021597,0.046580,0.029234,-0.615904,0.384899,1.064406,-0.045115,-0.020120,0.022015,0.766774,-0.017642,1.070401,0.040075,-0.004186,0.022358,0.244856,0.566614,1.038122,0.026856,-0.073545,0.020934
12.500000,0.288307,-0.581171,0.988916,0.039868,0.036354,-0.025097,-0.540886,-0.370597,1.008280,0.021153,0.047153,0.030263,-0.616795,0.384501,1.064842,-0.044054,-0.019658,0.021613,0.767558,-0.017727,1.070840,0.038251,-0.004277,0.021597,0.245393,0.565137,1.038542,0.026846,-0.074111,0.021026
12.520000,0.289078,-0.580431,0.988408,0.037223,0.037654,-0.025792,-0.540467,-0.369649,1.008894,0.020720,0.047634,0.031211,-0.617666,0.384112,1.065270,-0.043092,-0.019229,0.021238,0.768305,-0.017813,1.071265,0.036486,-0.004344,0.020848,0.245929,0.563649,1.038963,0.026793,-0.074629,0.021095
12.540000,0.289796,-0.579663,0.987884,0.034559,0.039188,-0.026623,-0.540057,-0.368692,1.009528,0.020295,0.048029,0.032083,-0.618520,0.383732,1.065692,-0.042232,-0.018837,0.020894,0.769017,-0.017901,1.071675,0.034795,-0.004390,0.020122,0.246464,0.562152,1.039386,0.026705,-0.075102,0.021139
12.560000,0.290461,-0.578862,0.987342,0.031876,0.040955,-0.027590,-0.539655,-0.367728,1.010177,0.019879,0.048338,0.032879,-0.619356,0.383358,1.066106,-0.041475,-0.018480,0.020582,0.769697,-0.017989,1.072070,0.033178,-0.004416,0.019420,0.246997,0.560646,1.039809,0.026583,-0.075529,0.021158
12.580000,0.291071,-0.578024,0.986779,0.029175,0.042957,-0.028693,-0.539262,-0.366759,1.010842,0.019472,0.048561,0.033600,-0.620179,0.382992,1.066515,-0.040819,-0.018160,0.020302,0.770345,-0.018077,1.072452,0.031635,-0.004423,0.018741,0.247527,0.559131,1.040232,0.026426,-0.075910,0.021152
12.600000,0.291627,-0.577143,0.986193,0.026455,0.045192,-0.029933,-0.538876,-0.365786,1.011521,0.019074,0.048698,0.034245,-0.620990,0.382632,1.066919,-0.040266,-0.017875,0.020053,0.770963,-0.018166,1.072820,0.030166,-0.004409,0.018086,0.248054,0.557610,1.040655,0.026234,-0.076245,0.021121
12.620000,0.292129,-0.576214,0.985581,0.023729,0.047666,-0.031308,-0.538499,-0.364812,1.012212,0.018685,0.048761,0.034821,-0.621790,0.382277,1.067318,-0.039809,-0.017626,0.019837,0.771552,-0.018254,1.073175,0.028779,-0.004378,0.017460,0.248576,0.556082,1.041077,0.026014,-0.076537,0.021069
12.640000,0.292577,-0.575234,0.984940,0.021010,0.050386,-0.032816,-0.538129,-0.363836,1.012913,0.018305,0.048759,0.035336,-0.622583,0.381927,1.067712,-0.039442,-0.017409,0.019653,0.772115,-0.018341,1.073518,0.027482,-0.004335,0.016870,0.249094,0.554548,1.041497,0.025773,-0.076789,0.021000
12.660000,0.292970,-0.574197,0.984268,0.018298,0.053350,-0.034457,-0.537766,-0.362862,1.013625,0.017934,0.048692,0.035790,-0.623369,0.381580,1.068104,-0.039166,-0.017225,0.019501,0.772652,-0.018427,1.073850,0.026275,-0.004279,0.016317,0.249607,0.553010,1.041916,0.025512,-0.076999,0.020914
12.680000,0.293309,-0.573099,0.983561,0.015592,0.056559,-0.036232,-0.537411,-0.361889,1.014344,0.017572,0.048561,0.036182,-0.624150,0.381237,1.068493,-0.038981,-0.017074,0.019382,0.773166,-0.018512,1.074171,0.025159,-0.004211,0.015801,0.250115,0.551469,1.042334,0.025229,-0.077170,0.020811
12.700000,0.293593,-0.571933,0.982817,0.012894,0.060013,-0.038141,-0.537063,-0.360920,1.015071,0.017218,0.048366,0.036514,-0.624929,0.380897,1.068879,-0.038885,-0.016956,0.019295,0.773659,-0.018595,1.074482,0.024132,-0.004129,0.015321,0.250616,0.549924,1.042749,0.024926,-0.077299,0.020691
12.720000,0.293824,-0.570696,0.982034,0.010212,0.063712,-0.040178,-0.536722,-0.359955,1.015805,0.016874,0.048119,0.036794,-0.625706,0.380559,1.069265,-0.038867,-0.016867,0.019238,0.774132,-0.018677,1.074784,0.023199,-0.004037,0.014880,0.251112,0.548377,1.043161,0.024607,-0.077394,0.020552
12.740000,0.294002,-0.569383,0.981209,0.007560,0.067656,-0.042340,-0.536388,-0.358995,1.016543,0.016539,0.047830,0.037035,-0.626484,0.380222,1.069649,-0.038911,-0.016800,0.019205,0.774588,-0.018757,1.075078,0.022361,-0.003938,0.014482,0.251601,0.546828,1.043571,0.024278,-0.077460,0.020395
12.760000,0.294127,-0.567989,0.980340,0.004935,0.071846,-0.044627,-0.536061,-0.358042,1.017286,0.016213,0.047500,0.037235,-0.627263,0.379887,1.070033,-0.039019,-0.016757,0.019199,0.775027,-0.018834,1.075364,0.021620,-0.003832,0.014128,0.252083,0.545279,1.043977,0.023938,-0.077497,0.020218
12.780000,0.294200,-0.566508,0.979424,0.002339,0.076280,-0.047038,-0.535740,-0.357095,1.018032,0.015897,0.047129,0.037395,-0.628045,0.379552,1.070417,-0.039189,-0.016737,0.019218,0.775453,-0.018910,1.075643,0.020973,-0.003719,0.013816,0.252558,0.543729,1.044379,0.023588,-0.077506,0.020022
12.800000,0.294221,-0.564936,0.978458,-0.000228,0.080960,-0.049573,-0.535425,-0.356157,1.018781,0.015590,0.046717,0.037515,-0.628831,0.379217,1.070802,-0.039423,-0.016740,0.019263,0.775867,-0.018983,1.075917,0.020423,-0.003598,0.013547,0.253026,0.542179,1.044778,0.023227,-0.077486,0.019807
12.820000,0.294191,-0.563268,0.977440,-0.002760,0.085872,-0.052224,-0.535116,-0.355227,1.019532,0.015295,0.046281,0.037607,-0.629622,0.378882,1.071188,-0.039698,-0.016758,0.019326,0.776271,-0.019054,1.076186,0.019967,-0.003473,0.013321,0.253487,0.540629,1.045171,0.022861,-0.077444,0.019577
12.840000,0.294111,-0.561499,0.976368,-0.005248,0.091003,-0.054980,-0.534813,-0.354306,1.020285,0.015016,0.045836,0.037684,-0.630419,0.378547,1.071575,-0.039993,-0.016783,0.019400,0.776666,-0.019122,1.076450,0.019603,-0.003344,0.013139,0.253941,0.539081,1.045561,0.022494,-0.077389,0.019338
12.860000,0.293981,-0.559626,0.975240,-0.007691,0.096355,-0.057842,-0.534515,-0.353393,1.021040,0.014752,0.045383,0.037746,-0.631222,0.378211,1.071964,-0.040308,-0.016814,0.019485,0.777055,-0.019187,1.076711,0.019331,-0.003211,0.013001,0.254387,0.537534,1.045945,0.022127,-0.077319,0.019090
12.880000,0.293803,-0.557644,0.974054,-0.010091,0.101926,-0.060810,-0.534223,-0.352490,1.021795,0.014503,0.044922,0.037793,-0.632031,0.377874,1.072355,-0.040643,-0.016852,0.019581,0.777440,-0.019250,1.076970,0.019152,-0.003076,0.012906,0.254826,0.535988,1.046324,0.021760,-0.077236,0.018832
12.900000,0.293578,-0.555548,0.972807,-0.012447,0.107717,-0.063883,-0.533935,-0.351597,1.022551,0.014270,0.044452,0.037825,-0.632848,0.377537,1.072747,-0.040998,-0.016896,0.019687,0.777822,-0.019311,1.077228,0.019066,-0.002938,0.012855,0.255257,0.534445,1.046698,0.021392,-0.077138,0.018565
12.920000,0.293306,-0.553334,0.971498,-0.014749,0.113695,-0.067045,-0.533652,-0.350712,1.023308,0.014053,0.043981,0.037846,-0.633671,0.377198,1.073142,-0.041369,-0.016946,0.019803,0.778203,-0.019368,1.077485,0.019066,-0.002797,0.012846,0.255681,0.532903,1.047067,0.021028,-0.077040,0.018290
12.940000,0.292988,-0.550999,0.970125,-0.016984,0.119830,-0.070279,-0.533373,-0.349837,1.024065,0.013850,0.043517,0.037862,-0.634503,0.376859,1.073539,-0.041752,-0.017002,0.019925,0.778585,-0.019422,1.077742,0.019148,-0.002657,0.012875,0.256098,0.531363,1.047430,0.020670,-0.076952,0.018010
12.960000,0.292627,-0.548540,0.968686,-0.019154,0.126121,-0.073585,-0.533098,-0.348972,1.024823,0.013664,0.043059,0.037873,-0.635342,0.376518,1.073939,-0.042146,-0.017064,0.020054,0.778970,-0.019474,1.078000,0.019310,-0.002515,0.012944,0.256508,0.529825,1.047787,0.020319,-0.076877,0.017724
12.980000,0.292223,-0.545953,0.967181,-0.021257,0.132568,-0.076962,-0.532826,-0.348115,1.025580,0.013493,0.042607,0.037878,-0.636189,0.376176,1.074342,-0.042552,-0.017132,0.020189,0.779358,-0.019523,1.078260,0.019555,-0.002374,0.013052,0.256911,0.528288,1.048139,0.019975,-0.076812,0.017434
13.000000,0.291777,-0.543236,0.965607,-0.023295,0.139171,-0.080412,-0.532558,-0.347267,1.026338,0.013338,0.042161,0.037878,-0.637044,0.375833,1.074747,-0.042969,-0.017205,0.020331,0.779752,-0.019569,1.078522,0.019880,-0.002231,0.013199,0.257307,0.526752,1.048484,0.019638,-0.076760,0.017137
13.020000,0.291291,-0.540385,0.963964,-0.025258,0.145879,-0.083905,-0.532293,-0.346429,1.027095,0.013195,0.041720,0.037870,-0.637907,0.375488,1.075155,-0.043411,-0.017292,0.020483,0.780154,-0.019612,1.078788,0.020277,-0.002090,0.013380,0.257697,0.525217,1.048824,0.019311,-0.076732,0.016844
13.040000,0.290767,-0.537400,0.962251,-0.027135,0.152640,-0.087413,-0.532030,-0.345599,1.027852,0.013063,0.041283,0.037852,-0.638780,0.375141,1.075566,-0.043891,-0.017399,0.020647,0.780564,-0.019653,1.079058,0.020737,-0.001949,0.013591,0.258080,0.523682,1.049158,0.019000,-0.076743,0.016563
13.060000,0.290206,-0.534279,0.960467,-0.028928,0.159455,-0.090935,-0.531770,-0.344777,1.028609,0.012941,0.040849,0.037823,-0.639663,0.374792,1.075981,-0.044410,-0.017527,0.020824,0.780984,-0.019690,1.079332,0.021259,-0.001810,0.013831,0.258457,0.522147,1.049487,0.018703,-0.076792,0.016293
13.080000,0.289611,-0.531022,0.958613,-0.030636,0.166323,-0.094472,-0.531512,-0.343965,1.029365,0.012829,0.040419,0.037784,-0.640557,0.374440,1.076399,-0.044966,-0.017676,0.021013,0.781415,-0.019725,1.079611,0.021844,-0.001672,0.014101,0.258828,0.520611,1.049810,0.018422,-0.076880,0.016036
13.100000,0.288982,-0.527626,0.956688,-0.032259,0.173245,-0.098024,-0.531257,-0.343160,1.030120,0.012727,0.039992,0.037734,-0.641462,0.374085,1.076821,-0.045560,-0.017846,0.021215,0.781858,-0.019757,1.079896,0.022491,-0.001535,0.014400,0.259194,0.519072,1.050128,0.018155,-0.077006,0.015790
13.120000,0.288321,-0.524092,0.954692,-0.033791,0.180155,-0.101551,-0.531003,-0.342365,1.030875,0.012634,0.039568,0.037674,-0.642380,0.373726,1.077248,-0.046197,-0.018040,0.021428,0.782315,-0.019786,1.080187,0.023187,-0.001400,0.014721,0.259554,0.517530,1.050442,0.017904,-0.077169,0.015561
13.140000,0.287631,-0.520421,0.952627,-0.035225,0.186986,-0.105012,-0.530751,-0.341578,1.031627,0.012548,0.039149,0.037604,-0.643310,0.373363,1.077679,-0.046880,-0.018263,0.021652,0.782786,-0.019813,1.080485,0.023918,-0.001267,0.015056,0.259910,0.515985,1.050751,0.017668,-0.077366,0.015355
13.160000,0.286913,-0.516613,0.950492,-0.036562,0.193738,-0.108409,-0.530501,-0.340799,1.032379,0.012468,0.038735,0.037524,-0.644255,0.372995,1.078114,-0.047610,-0.018515,0.021886,0.783272,-0.019837,1.080790,0.024684,-0.001136,0.015406,0.260261,0.514435,1.051056,0.017448,-0.077599,0.015171
13.180000,0.286169,-0.512672,0.948291,-0.037802,0.200413,-0.111741,-0.530253,-0.340028,1.033128,0.012395,0.038324,0.037434,-0.645215,0.372622,1.078554,-0.048387,-0.018796,0.022131,0.783773,-0.019859,1.081102,0.025485,-0.001007,0.015770,0.260608,0.512881,1.051358,0.017244,-0.077866,0.015010
13.200000,0.285401,-0.508597,0.946023,-0.038943,0.207008,-0.115009,-0.530005,-0.339266,1.033876,0.012328,0.037917,0.037335,-0.646191,0.372243,1.078999,-0.049210,-0.019105,0.022386,0.784291,-0.019877,1.081421,0.026322,-0.000881,0.016148,0.260951,0.511320,1.051657,0.017055,-0.078168,0.014871
13.220000,0.284612,-0.504392,0.943691,-0.039995,0.213451,-0.118173,-0.529759,-0.338511,1.034622,0.012269,0.037520,0.037228,-0.647184,0.371858,1.079450,-0.050075,-0.019444,0.022645,0.784826,-0.019894,1.081747,0.027175,-0.000757,0.016530,0.261290,0.509754,1.051953,0.016881,-0.078498,0.014754
13.240000,0.283802,-0.500061,0.941297,-0.040965,0.219667,-0.121196,-0.529515,-0.337765,1.035365,0.012220,0.037139,0.037116,-0.648194,0.371465,1.079905,-0.050977,-0.019812,0.022904,0.785378,-0.019908,1.082082,0.028026,-0.000636,0.016905,0.261626,0.508180,1.052247,0.016720,-0.078852,0.014657
13.260000,0.282974,-0.495607,0.938844,-0.041853,0.225655,-0.124079,-0.529271,-0.337026,1.036106,0.012180,0.036772,0.036998,-0.649223,0.371065,1.080366,-0.051915,-0.020210,0.023163,0.785947,-0.019919,1.082424,0.028875,-0.000517,0.017273,0.261959,0.506599,1.052539,0.016573,-0.079228,0.014582
13.280000,0.282128,-0.491036,0.936335,-0.042658,0.231415,-0.126820,-0.529027,-0.336294,1.036845,0.012149,0.036420,0.036876,-0.650271,0.370656,1.080832,-0.052889,-0.020637,0.023420,0.786533,-0.019928,1.082773,0.029723,-0.000401,0.017634,0.262289,0.505011,1.052830,0.016440,-0.079627,0.014528
13.300000,0.281268,-0.486352,0.933772,-0.043381,0.236948,-0.129421,-0.528785,-0.335569,1.037581,0.012128,0.036084,0.036749,-0.651339,0.370239,1.081303,-0.053900,-0.021093,0.023677,0.787136,-0.019935,1.083129,0.030569,-0.000287,0.017988,0.262617,0.503414,1.053121,0.016321,-0.080049,0.014495
13.320000,0.280394,-0.481560,0.931159,-0.044023,0.242179,-0.131857,-0.528542,-0.334850,1.038315,0.012119,0.035771,0.036621,-0.652427,0.369813,1.081779,-0.054932,-0.021576,0.023924,0.787756,-0.019940,1.083492,0.031407,-0.000176,0.018329,0.262942,0.501809,1.053410,0.016216,-0.080493,0.014483
13.340000,0.279507,-0.476667,0.928499,-0.044587,0.247033,-0.134105,-0.528300,-0.334138,1.039046,0.012127,0.035491,0.036496,-0.653536,0.369376,1.082259,-0.055969,-0.022080,0.024149,0.788392,-0.019942,1.083862,0.032230,-0.000068,0.018650,0.263266,0.500194,1.053700,0.016124,-0.080956,0.014492
13.360000,0.278611,-0.471681,0.925796,-0.045072,0.251510,-0.136166,-0.528057,-0.333431,1.039775,0.012150,0.035244,0.036376,-0.654666,0.368929,1.082744,-0.057012,-0.022607,0.024354,0.789045,-0.019943,1.084238,0.033039,0.000038,0.018952,0.263587,0.498570,1.053990,0.016046,-0.081441,0.014523
13.380000,0.277705,-0.466609,0.923054,-0.045478,0.255611,-0.138039,-0.527814,-0.332728,1.040501,0.012190,0.035029,0.036260,-0.655817,0.368472,1.083233,-0.058061,-0.023155,0.024538,0.789714,-0.019941,1.084620,0.033834,0.000141,0.019234,0.263908,0.496937,1.054281,0.015981,-0.081945,0.014576
13.400000,0.276792,-0.461459,0.920276,-0.045805,0.259335,-0.139724,-0.527569,-0.332029,1.041225,0.012245,0.034846,0.036147,-0.656989,0.368003,1.083726,-0.059115,-0.023726,0.024701,0.790398,-0.019937,1.085007,0.034615,0.000242,0.019496,0.264227,0.495293,1.054573,0.015931,-0.082469,0.014650
13.420000,0.275873,-0.456239,0.917466,-0.046047,0.262623,-0.141214,-0.527324,-0.331334,1.041947,0.012318,0.034698,0.036036,-0.658181,0.367522,1.084221,-0.060173,-0.024321,0.024838,0.791098,-0.019931,1.085400,0.035369,0.000341,0.019728,0.264545,0.493638,1.054867,0.015892,-0.083011,0.014741
13.440000,0.274951,-0.450958,0.914629,-0.046195,0.265416,-0.142500,-0.527076,-0.330641,1.042667,0.012409,0.034586,0.035923,-0.659395,0.367030,1.084719,-0.061232,-0.024942,0.024943,0.791813,-0.019923,1.085796,0.036083,0.000437,0.019921,0.264862,0.491972,1.055163,0.015862,-0.083565,0.014848
13.460000,0.274026,-0.445626,0.911768,-0.046250,0.267713,-0.143582,-0.526827,-0.329950,1.043384,0.012518,0.034509,0.035808,-0.660631,0.366525,1.085219,-0.062293,-0.025589,0.025017,0.792541,-0.019914,1.086196,0.036757,0.000531,0.020074,0.265179,0.490295,1.055461,0.015842,-0.084131,0.014969
13.480000,0.273101,-0.440253,0.908887,-0.046212,0.269516,-0.144461,-0.526576,-0.329260,1.044099,0.012645,0.034469,0.035692,-0.661887,0.366006,1.085720,-0.063355,-0.026262,0.025059,0.793283,-0.019902,1.086599,0.037391,0.000623,0.020187,0.265496,0.488607,1.055762,0.015831,-0.084711,0.015104
13.500000,0.272178,-0.434848,0.905991,-0.046080,0.270823,-0.145137,-0.526321,-0.328571,1.044812,0.012790,0.034464,0.035574,-0.663165,0.365474,1.086221,-0.064418,-0.026961,0.025070,0.794037,-0.019889,1.087003,0.037986,0.000712,0.020260,0.265813,0.486907,1.056065,0.015830,-0.085303,0.015254
13.520000,0.271259,-0.429423,0.903083,-0.045864,0.271612,-0.145614,-0.526064,-0.327882,1.045522,0.012955,0.034499,0.035456,-0.664464,0.364927,1.086722,-0.065493,-0.027693,0.025050,0.794802,-0.019874,1.087409,0.038541,0.000800,0.020288,0.266129,0.485195,1.056372,0.015836,-0.085905,0.015414
13.540000,0.270344,-0.423987,0.900167,-0.045570,0.271857,-0.145897,-0.525803,-0.327191,1.046230,0.013139,0.034574,0.035337,-0.665785,0.364366,1.087223,-0.066590,-0.028464,0.024996,0.795578,-0.019857,1.087815,0.039057,0.000886,0.020267,0.266446,0.483470,1.056682,0.015849,-0.086516,0.015579
13.560000,0.269437,-0.418552,0.897248,-0.045199,0.271560,-0.145985,-0.525538,-0.326498,1.046935,0.013343,0.034692,0.035219,-0.667128,0.363789,1.087722,-0.067707,-0.029274,0.024911,0.796364,-0.019838,1.088219,0.039532,0.000972,0.020197,0.266763,0.481734,1.056995,0.015866,-0.087134,0.015750
13.580000,0.268537,-0.413129,0.894329,-0.044751,0.270720,-0.145879,-0.525269,-0.325803,1.047639,0.013567,0.034851,0.035100,-0.668493,0.363195,1.088219,-0.068846,-0.030124,0.024793,0.797159,-0.019818,1.088622,0.039968,0.001056,0.020078,0.267081,0.479985,1.057312,0.015890,-0.087759,0.015927
13.600000,0.267647,-0.407727,0.891414,-0.044226,0.269338,-0.145579,-0.524995,-0.325104,1.048339,0.013811,0.035052,0.034982,-0.669882,0.362583,1.088713,-0.070007,-0.031013,0.024643,0.797962,-0.019796,1.089022,0.040363,0.001140,0.019909,0.267399,0.478223,1.057632,0.015919,-0.088393,0.016109
13.620000,0.266768,-0.402359,0.888507,-0.043647,0.267426,-0.145094,-0.524716,-0.324401,1.049038,0.014078,0.035301,0.034868,-0.671294,0.361954,1.089204,-0.071209,-0.031951,0.024465,0.798773,-0.019772,1.089418,0.040732,0.001224,0.019692,0.267718,0.476449,1.057956,0.015954,-0.089029,0.016300
13.640000,0.265901,-0.397034,0.885612,-0.043034,0.264997,-0.144435,-0.524432,-0.323692,1.049734,0.014370,0.035603,0.034761,-0.672731,0.361305,1.089692,-0.072475,-0.032950,0.024264,0.799592,-0.019747,1.089809,0.041085,0.001309,0.019428,0.268037,0.474662,1.058284,0.015994,-0.089660,0.016502
13.660000,0.265047,-0.391762,0.882731,-0.042390,0.262052,-0.143601,-0.524141,-0.322976,1.050428,0.014686,0.035959,0.034661,-0.674193,0.360635,1.090175,-0.073804,-0.034010,0.024040,0.800417,-0.019720,1.090195,0.041423,0.001395,0.019115,0.268358,0.472863,1.058617,0.016039,-0.090288,0.016717
13.680000,0.264206,-0.386555,0.879869,-0.041712,0.258590,-0.142592,-0.523844,-0.322253,1.051121,0.015028,0.036369,0.034569,-0.675683,0.359944,1.090653,-0.075197,-0.035130,0.023793,0.801248,-0.019691,1.090574,0.041746,0.001483,0.018756,0.268679,0.471051,1.058953,0.016090,-0.090912,0.016943
13.700000,0.263379,-0.381422,0.877029,-0.041003,0.254612,-0.141409,-0.523540,-0.321521,1.051811,0.015394,0.036832,0.034485,-0.677202,0.359230,1.091126,-0.076652,-0.036310,0.023522,0.802086,-0.019661,1.090945,0.042054,0.001572,0.018349,0.269001,0.469226,1.059294,0.016146,-0.091533,0.017182
13.720000,0.262566,-0.376374,0.874214,-0.040296,0.250157,-0.140077,-0.523228,-0.320779,1.052500,0.015786,0.037348,0.034404,-0.678750,0.358491,1.091594,-0.078177,-0.037554,0.023229,0.802931,-0.019628,1.091307,0.042372,0.001664,0.017901,0.269325,0.467390,1.059641,0.016207,-0.092144,0.017434
13.740000,0.261767,-0.371419,0.871426,-0.039627,0.245265,-0.138622,-0.522909,-0.320027,1.053187,0.016201,0.037916,0.034324,-0.680329,0.357727,1.092055,-0.079778,-0.038866,0.022911,0.803782,-0.019594,1.091661,0.042724,0.001761,0.017419,0.269650,0.465541,1.059992,0.016273,-0.092743,0.017702
13.760000,0.260981,-0.366566,0.868669,-0.038996,0.239936,-0.137044,-0.522580,-0.319262,1.053873,0.016640,0.038534,0.034245,-0.681941,0.356936,1.092510,-0.081455,-0.040247,0.022571,0.804640,-0.019558,1.092004,0.043111,0.001862,0.016904,0.269976,0.463680,1.060349,0.016344,-0.093329,0.017985
13.780000,0.260207,-0.361824,0.865945,-0.038403,0.234169,-0.135343,-0.522243,-0.318485,1.054557,0.017103,0.039204,0.034167,-0.683588,0.356117,1.092958,-0.083207,-0.041695,0.022206,0.805506,-0.019520,1.092337,0.043533,0.001967,0.016354,0.270303,0.461808,1.060711,0.016419,-0.093902,0.018283
13.800000,0.259444,-0.357202,0.863257,-0.037848,0.227966,-0.133519,-0.521896,-0.317694,1.055240,0.017591,0.039926,0.034090,-0.685270,0.355268,1.093398,-0.085035,-0.043211,0.021818,0.806381,-0.019479,1.092658,0.043989,0.002077,0.015771,0.270632,0.459924,1.061080,0.016499,-0.094462,0.018597
13.820000,0.258692,-0.352708,0.860605,-0.037376,0.221395,-0.131605,-0.521539,-0.316888,1.055921,0.018098,0.040690,0.034003,-0.686990,0.354388,1.093831,-0.086930,-0.044791,0.021401,0.807266,-0.019436,1.092967,0.044497,0.002193,0.015156,0.270963,0.458029,1.061455,0.016582,-0.095011,0.018919
13.840000,0.257948,-0.348348,0.857993,-0.037033,0.214526,-0.129632,-0.521172,-0.316066,1.056600,0.018623,0.041487,0.033897,-0.688748,0.353476,1.094254,-0.088880,-0.046431,0.020952,0.808162,-0.019391,1.093264,0.045071,0.002316,0.014515,0.271296,0.456124,1.061837,0.016666,-0.095554,0.019242
13.860000,0.257210,-0.344129,0.855420,-0.036817,0.207359,-0.127601,-0.520794,-0.315228,1.057276,0.019164,0.042319,0.033772,-0.690545,0.352530,1.094668,-0.090887,-0.048131,0.020469,0.809069,-0.019344,1.093548,0.045713,0.002446,0.013846,0.271630,0.454207,1.062225,0.016752,-0.096089,0.019565
13.880000,0.256475,-0.340056,0.852889,-0.036730,0.199893,-0.125511,-0.520405,-0.314373,1.057950,0.019722,0.043184,0.033626,-0.692383,0.351550,1.095073,-0.092949,-0.049891,0.019953,0.809991,-0.019293,1.093818,0.046422,0.002584,0.013150,0.271966,0.452280,1.062619,0.016839,-0.096616,0.019888
13.900000,0.255740,-0.336135,0.850400,-0.036771,0.192130,-0.123363,-0.520005,-0.313500,1.058621,0.020296,0.044082,0.033462,-0.694264,0.350534,1.095466,-0.095068,-0.051710,0.019404,0.810927,-0.019240,1.094073,0.047198,0.002728,0.012426,0.272304,0.450342,1.063020,0.016928,-0.097136,0.020212
13.920000,0.255003,-0.332372,0.847955,-0.036982,0.184163,-0.121185,-0.519593,-0.312610,1.059289,0.020884,0.045009,0.033271,-0.696186,0.349482,1.095849,-0.097215,-0.053576,0.018813,0.811879,-0.019184,1.094314,0.048048,0.002880,0.011676,0.272643,0.448395,1.063428,0.017014,-0.097656,0.020519
13.940000,0.254259,-0.328769,0.845553,-0.037404,0.176086,-0.119006,-0.519170,-0.311700,1.059952,0.021482,0.045956,0.033049,-0.698152,0.348391,1.096219,-0.099363,-0.055474,0.018171,0.812849,-0.019125,1.094540,0.048980,0.003040,0.010899,0.272984,0.446436,1.063841,0.017094,-0.098183,0.020794
13.960000,0.253505,-0.325329,0.843195,-0.038038,0.167899,-0.116827,-0.518734,-0.310771,1.060611,0.022089,0.046923,0.032794,-0.700161,0.347262,1.096575,-0.101511,-0.057405,0.017478,0.813839,-0.019063,1.094750,0.049993,0.003209,0.010096,0.273327,0.444467,1.064259,0.017168,-0.098716,0.021035
13.980000,0.252736,-0.322054,0.840880,-0.038884,0.159601,-0.114646,-0.518286,-0.309823,1.061264,0.022707,0.047912,0.032507,-0.702213,0.346095,1.096917,-0.103660,-0.059369,0.016734,0.814849,-0.018997,1.094944,0.051088,0.003387,0.009267,0.273671,0.442487,1.064682,0.017236,-0.099257,0.021243
14.000000,0.251948,-0.318946,0.838609,-0.039941,0.151194,-0.112464,-0.517826,-0.308855,1.061911,0.023334,0.048922,0.032188,-0.704307,0.344887,1.097244,-0.105809,-0.061366,0.015939,0.815883,-0.018927,1.095121,0.052265,0.003573,0.008412,0.274016,0.440497,1.065109,0.017298,-0.099804,0.021419
14.020000,0.251137,-0.316007,0.836381,-0.041225,0.142777,-0.110304,-0.517353,-0.307866,1.062551,0.023969,0.049948,0.031834,-0.706445,0.343640,1.097555,-0.107940,-0.063384,0.015089,0.816941,-0.018854,1.095280,0.053520,0.003768,0.007528,0.274363,0.438495,1.065539,0.017353,-0.100365,0.021549
14.040000,0.250298,-0.313234,0.834196,-0.042755,0.134454,-0.108189,-0.516867,-0.306857,1.063184,0.024608,0.050986,0.031441,-0.708625,0.342352,1.097847,-0.110035,-0.065414,0.014182,0.818024,-0.018776,1.095422,0.054851,0.003972,0.006616,0.274710,0.436482,1.065970,0.017401,-0.100948,0.021622
14.060000,0.249425,-0.310628,0.832053,-0.044529,0.126224,-0.106120,-0.516368,-0.305826,1.063808,0.025251,0.052036,0.031009,-0.710846,0.341023,1.098121,-0.112092,-0.067455,0.013217,0.819135,-0.018695,1.095545,0.056259,0.004185,0.005673,0.275059,0.434457,1.066403,0.017441,-0.101552,0.021639
14.080000,0.248515,-0.308185,0.829951,-0.046548,0.118087,-0.104095,-0.515857,-0.304775,1.064424,0.025899,0.053097,0.030538,-0.713108,0.339654,1.098376,-0.114113,-0.069508,0.012193,0.820275,-0.018609,1.095648,0.057742,0.004406,0.004701,0.275408,0.432420,1.066836,0.017475,-0.102178,0.021598
14.100000,0.247562,-0.305904,0.827889,-0.048812,0.110042,-0.102116,-0.515332,-0.303702,1.065030,0.026552,0.054170,0.030029,-0.715410,0.338243,1.098609,-0.116097,-0.071572,0.011112,0.821445,-0.018518,1.095733,0.059302,0.004637,0.003700,0.275758,0.430370,1.067267,0.017501,-0.102825,0.021501
14.120000,0.246561,-0.303782,0.825866,-0.051309,0.102174,-0.100202,-0.514795,-0.302608,1.065625,0.027206,0.055253,0.029482,-0.717752,0.336791,1.098820,-0.118034,-0.073639,0.009975,0.822648,-0.018423,1.095796,0.060923,0.004875,0.002666,0.276108,0.428307,1.067695,0.017520,-0.103500,0.021341
14.140000,0.245508,-0.301815,0.823880,-0.054028,0.094564,-0.098374,-0.514244,-0.301492,1.066209,0.027861,0.056344,0.028897,-0.720131,0.335297,1.099007,-0.119913,-0.075700,0.008785,0.823883,-0.018323,1.095839,0.062593,0.005121,0.001598,0.276458,0.426230,1.068120,0.017534,-0.104208,0.021111
14.160000,0.244398,-0.299998,0.821931,-0.056969,0.087213,-0.096632,-0.513680,-0.300354,1.066780,0.028517,0.057444,0.028274,-0.722548,0.333763,1.099171,-0.121735,-0.077755,0.007542,0.825152,-0.018218,1.095860,0.064312,0.005375,0.000494,0.276809,0.424138,1.068539,0.017542,-0.104950,0.020811
14.180000,0.243228,-0.298325,0.820015,-0.060132,0.080121,-0.094975,-0.513103,-0.299194,1.067339,0.029173,0.058552,0.027614,-0.725000,0.332187,1.099309,-0.123498,-0.079805,0.006246,0.826455,-0.018108,1.095858,0.066078,0.005636,-0.000645,0.277160,0.422031,1.068952,0.017543,-0.105727,0.020442
14.200000,0.241991,-0.296791,0.818131,-0.063517,0.073288,-0.093404,-0.512513,-0.298012,1.067885,0.029830,0.059668,0.026916,-0.727487,0.330571,1.099420,-0.125204,-0.081848,0.004897,0.827795,-0.017993,1.095834,0.067893,0.005905,-0.001819,0.277511,0.419909,1.069356,0.017539,-0.106537,0.020004
14.220000,0.240686,-0.295391,0.816278,-0.067089,0.066780,-0.091930,-0.511910,-0.296808,1.068416,0.030484,0.060792,0.026185,-0.730008,0.328913,1.099504,-0.126850,-0.083878,0.003504,0.829171,-0.017872,1.095785,0.069730,0.006179,-0.003032,0.277861,0.417770,1.069752,0.017531,-0.107383,0.019494
14.240000,0.239307,-0.294117,0.814453,-0.070814,0.060662,-0.090564,-0.511294,-0.295580,1.068932,0.031135,0.061921,0.025425,-0.732561,0.327216,1.099560,-0.128431,-0.085888,0.002075,0.830584,-0.017746,1.095712,0.071562,0.006458,-0.004285,0.278212,0.415613,1.070136,0.017519,-0.108268,0.018912
14.260000,0.237852,-0.292962,0.812655,-0.074692,0.054935,-0.089307,-0.510665,-0.294331,1.069432,0.031782,0.063055,0.024634,-0.735145,0.325478,1.099587,-0.129949,-0.087877,0.000611,0.832034,-0.017614,1.095614,0.073389,0.006740,-0.005580,0.278562,0.413439,1.070508,0.017504,-0.109192,0.018258
14.280000,0.236318,-0.291917,0.810880,-0.078722,0.049599,-0.088158,-0.510023,-0.293058,1.069917,0.032426,0.064195,0.023815,-0.737759,0.323701,1.099584,-0.131403,-0.089846,-0.000889,0.833520,-0.017476,1.095489,0.075212,0.007027,-0.006915,0.278912,0.411245,1.070866,0.017486,-0.110155,0.017531
14.300000,0.234702,-0.290975,0.809128,-0.082905,0.044654,-0.087116,-0.509368,-0.291763,1.070385,0.033065,0.065340,0.022966,-0.740401,0.321884,1.099551,-0.132794,-0.091794,-0.002423,0.835042,-0.017333,1.095337,0.077029,0.007318,-0.008292,0.279262,0.409032,1.071208,0.017465,-0.111156,0.016732
14.320000,0.233001,-0.290128,0.807395,-0.087204,0.040144,-0.086177,-0.508700,-0.290445,1.070836,0.033699,0.066493,0.022096,-0.743070,0.320029,1.099487,-0.134124,-0.093714,-0.003977,0.836601,-0.017183,1.095157,0.078830,0.007610,-0.009705,0.279611,0.406799,1.071534,0.017444,-0.112200,0.015865
14.340000,0.231213,-0.289366,0.805680,-0.091584,0.036113,-0.085331,-0.508020,-0.289103,1.071269,0.034328,0.067656,0.021212,-0.745765,0.318136,1.099392,-0.135398,-0.095599,-0.005534,0.838195,-0.017028,1.094949,0.080602,0.007902,-0.011147,0.279959,0.404544,1.071842,0.017425,-0.113288,0.014932
14.360000,0.229337,-0.288680,0.803981,-0.096043,0.032562,-0.084580,-0.507327,-0.287738,1.071684,0.034952,0.068827,0.020316,-0.748485,0.316205,1.099266,-0.136617,-0.097450,-0.007094,0.839825,-0.016867,1.094711,0.082346,0.008193,-0.012620,0.280308,0.402267,1.072131,0.017408,-0.114422,0.013935
14.380000,0.227371,-0.288061,0.802296,-0.100582,0.029491,-0.083924,-0.506622,-0.286350,1.072081,0.035571,0.070009,0.019406,-0.751229,0.314238,1.099108,-0.137779,-0.099266,-0.008658,0.841489,-0.016701,1.094444,0.084061,0.008484,-0.014122,0.280656,0.399967,1.072399,0.017393,-0.115600,0.012874
14.400000,0.225314,-0.287498,0.800623,-0.105201,0.026899,-0.083362,-0.505904,-0.284938,1.072460,0.036184,0.071200,0.018483,-0.753996,0.312235,1.098920,-0.138884,-0.101048,-0.010224,0.843187,-0.016528,1.094146,0.085747,0.008774,-0.015654,0.281003,0.397643,1.072646,0.017380,-0.116824,0.011748
14.420000,0.223163,-0.286981,0.798961,-0.109860,0.024801,-0.082875,-0.505174,-0.283502,1.072820,0.036789,0.072400,0.017561,-0.756785,0.310197,1.098700,-0.139944,-0.102787,-0.011770,0.844918,-0.016350,1.093817,0.087405,0.009060,-0.017202,0.281351,0.395294,1.072869,0.017373,-0.118091,0.010566
14.440000,0.220919,-0.286502,0.797308,-0.114518,0.023213,-0.082444,-0.504433,-0.282042,1.073163,0.037385,0.073610,0.016650,-0.759594,0.308124,1.098449,-0.140968,-0.104477,-0.013271,0.846683,-0.016166,1.093458,0.089036,0.009339,-0.018749,0.281698,0.392919,1.073068,0.017375,-0.119398,0.009340
14.460000,0.218582,-0.286050,0.795663,-0.119175,0.022133,-0.082069,-0.503679,-0.280557,1.073487,0.037971,0.074830,0.015752,-0.762423,0.306018,1.098169,-0.141956,-0.106117,-0.014726,0.848480,-0.015976,1.093067,0.090641,0.009612,-0.020296,0.282046,0.390517,1.073242,0.017386,-0.120745,0.008068
14.480000,0.216152,-0.285613,0.794025,-0.123830,0.021562,-0.081750,-0.502914,-0.279049,1.073793,0.038548,0.076059,0.014867,-0.765272,0.303879,1.097860,-0.142909,-0.107707,-0.016136,0.850308,-0.015781,1.092646,0.092220,0.009878,-0.021843,0.282394,0.388089,1.073391,0.017406,-0.122133,0.006751
14.500000,0.213629,-0.285184,0.792393,-0.128485,0.021501,-0.081487,-0.502137,-0.277515,1.074081,0.039115,0.077298,0.013994,-0.768139,0.301710,1.097524,-0.143825,-0.109248,-0.017501,0.852168,-0.015581,1.092194,0.093771,0.010136,-0.023390,0.282742,0.385632,1.073512,0.017435,-0.123562,0.005388
14.520000,0.211013,-0.284750,0.790765,-0.133097,0.021942,-0.081246,-0.501349,-0.275957,1.074353,0.039671,0.078550,0.013151,-0.771025,0.299510,1.097161,-0.144718,-0.110742,-0.018806,0.854059,-0.015376,1.091710,0.095300,0.010386,-0.024929,0.283092,0.383146,1.073606,0.017479,-0.125031,0.003996
14.540000,0.208306,-0.284303,0.789143,-0.137626,0.022880,-0.080990,-0.500551,-0.274373,1.074608,0.040215,0.079820,0.012354,-0.773928,0.297280,1.096772,-0.145602,-0.112194,-0.020035,0.855980,-0.015166,1.091196,0.096810,0.010625,-0.026454,0.283442,0.380630,1.073672,0.017542,-0.126541,0.002590
14.560000,0.205509,-0.283832,0.787526,-0.142071,0.024315,-0.080721,-0.499741,-0.272764,1.074847,0.040746,0.081108,0.011605,-0.776849,0.295022,1.096360,-0.146477,-0.113603,-0.021189,0.857931,-0.014951,1.090652,0.098303,0.010854,-0.027963,0.283793,0.378084,1.073709,0.017625,-0.128092,0.001170
14.580000,0.202623,-0.283327,0.785914,-0.146433,0.026246,-0.080438,-0.498921,-0.271128,1.075072,0.041265,0.082414,0.010903,-0.779787,0.292737,1.095925,-0.147341,-0.114969,-0.022267,0.859912,-0.014732,1.090078,0.099777,0.011071,-0.029457,0.284147,0.375506,1.073718,0.017728,-0.129683,-0.000264
14.600000,0.199652,-0.282778,0.784308,-0.150711,0.028674,-0.080142,-0.498090,-0.269467,1.075284,0.041772,0.083737,0.010248,-0.782742,0.290424,1.095470,-0.148196,-0.116292,-0.023269,0.861922,-0.014508,1.089474,0.101232,0.011278,-0.030936,0.284503,0.372897,1.073699,0.017850,-0.131315,-0.001712
14.620000,0.196596,-0.282177,0.782709,-0.154862,0.031566,-0.079786,-0.497250,-0.267779,1.075482,0.042272,0.085086,0.009649,-0.785715,0.288085,1.094995,-0.149043,-0.117580,-0.024186,0.863961,-0.014280,1.088841,0.102674,0.011476,-0.032395,0.284861,0.370254,1.073650,0.017995,-0.132987,-0.003167
14.640000,0.193458,-0.281513,0.781117,-0.158843,0.034887,-0.079324,-0.496400,-0.266063,1.075670,0.042769,0.086470,0.009113,-0.788704,0.285721,1.094503,-0.149883,-0.118837,-0.025007,0.866029,-0.014049,1.088178,0.104108,0.011666,-0.033829,0.285223,0.367577,1.073572,0.018164,-0.134696,-0.004622
14.660000,0.190243,-0.280778,0.779536,-0.162655,0.038639,-0.078757,-0.495539,-0.264320,1.075847,0.043265,0.087889,0.008642,-0.791710,0.283332,1.093995,-0.150715,-0.120065,-0.025733,0.868126,-0.013814,1.087488,0.105532,0.011849,-0.035239,0.285588,0.364865,1.073465,0.018358,-0.136444,-0.006077
14.680000,0.186953,-0.279965,0.777968,-0.166296,0.042821,-0.078084,-0.494669,-0.262547,1.076016,0.043758,0.089343,0.008234,-0.794732,0.280919,1.093474,-0.151540,-0.121263,-0.026363,0.870250,-0.013575,1.086769,0.106948,0.012025,-0.036624,0.285957,0.362119,1.073329,0.018576,-0.138229,-0.007532
14.700000,0.183592,-0.279063,0.776414,-0.169768,0.047433,-0.077306,-0.493789,-0.260746,1.076177,0.044250,0.090832,0.007891,-0.797771,0.278482,1.092941,-0.152357,-0.122431,-0.026898,0.872404,-0.013333,1.086023,0.108355,0.012193,-0.037984,0.286331,0.359336,1.073164,0.018819,-0.140053,-0.008987
14.720000,0.180164,-0.278065,0.774877,-0.173033,0.052415,-0.076382,-0.492899,-0.258914,1.076332,0.044750,0.092361,0.007606,-0.800827,0.276021,1.092399,-0.153175,-0.123574,-0.027339,0.874585,-0.013087,1.085250,0.109756,0.012355,-0.039317,0.286710,0.356516,1.072970,0.019086,-0.141908,-0.010429
14.740000,0.176673,-0.276964,0.773360,-0.176055,0.057708,-0.075272,-0.491999,-0.257051,1.076482,0.045272,0.093939,0.007377,-0.803898,0.273539,1.091848,-0.154002,-0.124699,-0.027685,0.876794,-0.012839,1.084450,0.111156,0.012514,-0.040621,0.287095,0.353660,1.072747,0.019376,-0.143787,-0.011847
14.760000,0.173123,-0.275754,0.771867,-0.178834,0.063312,-0.073977,-0.491088,-0.255156,1.076628,0.045815,0.095564,0.007202,-0.806987,0.271034,1.091292,-0.154836,-0.125804,-0.027938,0.879031,-0.012587,1.083625,0.112553,0.012667,-0.041895,0.287485,0.350765,1.072496,0.019689,-0.145692,-0.013239
14.780000,0.169521,-0.274429,0.770402,-0.181370,0.069226,-0.072495,-0.490166,-0.253228,1.076770,0.046379,0.097237,0.007081,-0.810092,0.268507,1.090732,-0.155678,-0.126890,-0.028097,0.881296,-0.012332,1.082775,0.113949,0.012817,-0.043141,0.287882,0.347832,1.072217,0.020026,-0.147621,-0.014605
14.800000,0.165870,-0.272983,0.768968,-0.183662,0.075452,-0.070827,-0.489233,-0.251266,1.076911,0.046964,0.098957,0.007015,-0.813214,0.265958,1.090169,-0.156528,-0.127957,-0.028161,0.883589,-0.012074,1.081900,0.115342,0.012962,-0.044356,0.288286,0.344860,1.071912,0.020387,-0.149574,-0.015947
14.820000,0.162176,-0.271410,0.767570,-0.185688,0.081911,-0.068946,-0.488287,-0.249270,1.077051,0.047581,0.100728,0.006989,-0.816353,0.263388,1.089606,-0.157397,-0.129013,-0.028139,0.885910,-0.011814,1.081001,0.116737,0.013106,-0.045542,0.288698,0.341849,1.071580,0.020769,-0.151543,-0.017258
14.840000,0.158445,-0.269706,0.766212,-0.187423,0.088527,-0.066824,-0.487329,-0.247237,1.077191,0.048243,0.102552,0.006987,-0.819510,0.260798,1.089044,-0.158297,-0.130068,-0.028036,0.888258,-0.011550,1.080078,0.118139,0.013252,-0.046697,0.289117,0.338798,1.071222,0.021169,-0.153517,-0.018534
14.860000,0.154681,-0.267868,0.764899,-0.188868,0.095301,-0.064463,-0.486357,-0.245167,1.077331,0.048949,0.104429,0.007009,-0.822685,0.258186,1.088485,-0.159227,-0.131121,-0.027852,0.890635,-0.011284,1.079133,0.119547,0.013399,-0.047821,0.289545,0.335708,1.070839,0.021587,-0.155496,-0.019773
14.880000,0.150892,-0.265893,0.763635,-0.190022,0.102233,-0.061861,-0.485371,-0.243059,1.077471,0.049699,0.106360,0.007055,-0.825879,0.255553,1.087930,-0.160188,-0.132172,-0.027588,0.893040,-0.011014,1.078166,0.120961,0.013547,-0.048914,0.289981,0.332578,1.070431,0.022023,-0.157481,-0.020977
14.900000,0.147082,-0.263777,0.762426,-0.190885,0.109321,-0.059019,-0.484369,-0.240912,1.077613,0.050494,0.108344,0.007125,-0.829093,0.252899,1.087382,-0.161179,-0.133221,-0.027243,0.895474,-0.010742,1.077177,0.122381,0.013698,-0.049976,0.290426,0.329409,1.070000,0.022478,-0.159471,-0.022145
14.920000,0.143258,-0.261519,0.761276,-0.191455,0.116472,-0.055922,-0.483351,-0.238725,1.077756,0.051341,0.110382,0.007198,-0.832327,0.250224,1.086841,-0.162213,-0.134276,-0.026840,0.897936,-0.010466,1.076167,0.123809,0.013851,-0.051004,0.290880,0.326199,1.069546,0.022955,-0.161468,-0.023284
14.940000,0.139426,-0.259119,0.760191,-0.191728,0.123590,-0.052555,-0.482315,-0.236497,1.077901,0.052248,0.112472,0.007250,-0.835582,0.247528,1.086308,-0.163302,-0.135347,-0.026401,0.900426,-0.010188,1.075137,0.125244,0.014008,-0.051992,0.291344,0.322950,1.069069,0.023458,-0.163475,-0.024400
14.960000,0.135591,-0.256576,0.759176,-0.191704,0.130674,-0.048920,-0.481260,-0.234226,1.078046,0.053216,0.114616,0.007281,-0.838859,0.244810,1.085785,-0.164447,-0.136432,-0.025927,0.902945,-0.009906,1.074088,0.126686,0.014169,-0.052940,0.291819,0.319660,1.068570,0.023987,-0.165493,-0.025492
14.980000,0.131760,-0.253892,0.758236,-0.191383,0.137725,-0.045015,-0.480186,-0.231912,1.078192,0.054245,0.116813,0.007292,-0.842160,0.242070,1.085272,-0.165648,-0.137532,-0.025418,0.905494,-0.009621,1.073020,0.128135,0.014334,-0.053849,0.292304,0.316330,1.068049,0.024541,-0.167520,-0.026561
15.000000,0.127938,-0.251067,0.757377,-0.190765,0.144743,-0.040840,-0.479090,-0.229553,1.078338,0.055334,0.119064,0.007282,-0.845486,0.239309,1.084769,-0.166904,-0.138647,-0.024874,0.908071,-0.009332,1.071934,0.129592,0.014503,-0.054718,0.292800,0.312959,1.067507,0.025123,-0.169556,-0.027607
15.020000,0.124131,-0.248103,0.756604,-0.189867,0.151633,-0.036397,-0.477972,-0.227149,1.078483,0.056480,0.121364,0.007224,-0.848837,0.236524,1.084277,-0.168223,-0.139775,-0.024320,0.910677,-0.009041,1.070831,0.131054,0.014675,-0.055547,0.293309,0.309548,1.066945,0.025732,-0.171600,-0.028641
15.040000,0.120345,-0.245003,0.755923,-0.188708,0.158302,-0.031685,-0.476831,-0.224698,1.078626,0.057679,0.123711,0.007089,-0.852215,0.233718,1.083796,-0.169610,-0.140915,-0.023784,0.913313,-0.008745,1.069712,0.132520,0.014849,-0.056337,0.293830,0.306095,1.066362,0.026373,-0.173650,-0.029671
15.060000,0.116585,-0.241772,0.755339,-0.187288,0.164749,-0.026705,-0.475665,-0.222200,1.078766,0.058930,0.126103,0.006877,-0.855622,0.230888,1.083325,-0.171066,-0.142066,-0.023264,0.915978,-0.008447,1.068578,0.133988,0.015025,-0.057086,0.294364,0.302602,1.065758,0.027045,-0.175705,-0.030698
15.080000,0.112855,-0.238415,0.754857,-0.185606,0.170974,-0.021456,-0.474473,-0.219654,1.078901,0.060235,0.128543,0.006588,-0.859058,0.228035,1.082865,-0.172592,-0.143229,-0.022762,0.918673,-0.008144,1.067429,0.135459,0.015204,-0.057795,0.294912,0.299067,1.065134,0.027749,-0.177765,-0.031722
15.100000,0.109162,-0.234935,0.754482,-0.183662,0.176978,-0.015939,-0.473255,-0.217058,1.079029,0.061593,0.131028,0.006223,-0.862526,0.225158,1.082415,-0.174186,-0.144403,-0.022277,0.921396,-0.007838,1.066266,0.136934,0.015386,-0.058463,0.295474,0.295491,1.064489,0.028483,-0.179831,-0.032742
15.120000,0.105510,-0.231338,0.754221,-0.181486,0.182677,-0.010169,-0.472009,-0.214412,1.079149,0.062996,0.133552,0.005750,-0.866026,0.222259,1.081974,-0.175839,-0.145584,-0.021838,0.924150,-0.007529,1.065091,0.138407,0.015568,-0.059090,0.296051,0.291874,1.063824,0.029246,-0.181904,-0.033766
15.140000,0.101904,-0.227631,0.754077,-0.179109,0.187987,-0.004164,-0.470735,-0.211716,1.079258,0.064438,0.136105,0.005140,-0.869560,0.219335,1.081541,-0.177541,-0.146765,-0.021476,0.926933,-0.007216,1.063903,0.139876,0.015748,-0.059672,0.296644,0.288215,1.063139,0.030033,-0.183988,-0.034797
15.160000,0.098347,-0.223821,0.754056,-0.176529,0.192910,0.002078,-0.469431,-0.208968,1.079354,0.065918,0.138688,0.004391,-0.873128,0.216388,1.081114,-0.179291,-0.147947,-0.021189,0.929745,-0.006899,1.062704,0.141339,0.015928,-0.060210,0.297253,0.284514,1.062432,0.030845,-0.186083,-0.035836
15.180000,0.094844,-0.219917,0.754162,-0.173747,0.197445,0.008556,-0.468098,-0.206168,1.079433,0.067436,0.141300,0.003505,-0.876732,0.213417,1.080692,-0.181090,-0.149129,-0.020979,0.932586,-0.006579,1.061495,0.142797,0.016106,-0.060703,0.297878,0.280772,1.061705,0.031682,-0.188188,-0.036883
15.200000,0.091399,-0.215926,0.754399,-0.170762,0.201592,0.015269,-0.466734,-0.203316,1.079493,0.068992,0.143941,0.002481,-0.880372,0.210423,1.080274,-0.182938,-0.150313,-0.020845,0.935457,-0.006255,1.060276,0.144249,0.016283,-0.061152,0.298520,0.276987,1.060957,0.032543,-0.190304,-0.037938
15.220000,0.088015,-0.211856,0.754774,-0.167614,0.205299,0.022189,-0.465338,-0.200410,1.079531,0.070571,0.146604,0.001295,-0.884049,0.207405,1.079858,-0.184811,-0.151492,-0.020819,0.938356,-0.005927,1.059049,0.145680,0.016455,-0.061554,0.299180,0.273159,1.060188,0.033421,-0.192418,-0.038996
15.240000,0.084695,-0.207717,0.755288,-0.164340,0.208511,0.029283,-0.463911,-0.197451,1.079544,0.072155,0.149279,-0.000076,-0.887764,0.204363,1.079441,-0.186687,-0.152663,-0.020933,0.941284,-0.005597,1.057815,0.147071,0.016621,-0.061905,0.299857,0.269290,1.059397,0.034304,-0.194518,-0.040053
15.260000,0.081442,-0.203519,0.755946,-0.160940,0.211229,0.036553,-0.462452,-0.194439,1.079527,0.073745,0.151966,-0.001633,-0.891517,0.201298,1.079020,-0.188565,-0.153826,-0.021187,0.944239,-0.005263,1.056573,0.148424,0.016779,-0.062205,0.300552,0.265379,1.058585,0.035194,-0.196603,-0.041109
15.280000,0.078258,-0.199271,0.756752,-0.157414,0.213454,0.043998,-0.460961,-0.191373,1.079477,0.075340,0.154665,-0.003376,-0.895307,0.198210,1.078592,-0.190446,-0.154980,-0.021581,0.947220,-0.004926,1.055327,0.149738,0.016930,-0.062455,0.301265,0.261426,1.057753,0.036090,-0.198675,-0.042164
15.300000,0.075146,-0.194984,0.757707,-0.153763,0.215184,0.051619,-0.459438,-0.188252,1.079390,0.076942,0.157377,-0.005304,-0.899135,0.195099,1.078156,-0.192329,-0.156126,-0.022114,0.950228,-0.004586,1.054075,0.151013,0.017074,-0.062654,0.301996,0.257432,1.056899,0.036993,-0.200733,-0.043217
15.320000,0.072108,-0.190667,0.758817,-0.150022,0.216404,0.059375,-0.457883,-0.185078,1.079264,0.078534,0.160094,-0.007422,-0.903000,0.191965,1.077707,-0.194176,-0.157252,-0.022811,0.953260,-0.004243,1.052821,0.152223,0.017207,-0.062799,0.302745,0.253397,1.056024,0.037882,-0.202752,-0.044264
15.340000,0.069146,-0.186331,0.760083,-0.146228,0.217098,0.067227,-0.456297,-0.181849,1.079092,0.080103,0.162810,-0.009736,-0.906901,0.188809,1.077242,-0.195948,-0.158345,-0.023693,0.956316,-0.003897,1.051564,0.153340,0.017323,-0.062887,0.303511,0.249322,1.055128,0.038736,-0.204709,-0.045297
15.360000,0.066260,-0.181987,0.761507,-0.142381,0.217264,0.075176,-0.454679,-0.178565,1.078873,0.081648,0.165525,-0.012245,-0.910837,0.185632,1.076758,-0.197645,-0.159406,-0.024761,0.959393,-0.003550,1.050306,0.154364,0.017424,-0.062916,0.304294,0.245209,1.054212,0.039556,-0.206603,-0.046318
15.380000,0.063451,-0.177644,0.763091,-0.138482,0.216904,0.083220,-0.453031,-0.175228,1.078601,0.083170,0.168239,-0.014950,-0.914806,0.182433,1.076250,-0.199267,-0.160434,-0.026014,0.962490,-0.003201,1.049048,0.155295,0.017509,-0.062888,0.305093,0.241059,1.053276,0.040340,-0.208435,-0.047326
15.400000,0.060721,-0.173314,0.764836,-0.134529,0.216016,0.091361,-0.451353,-0.171836,1.078274,0.084667,0.170951,-0.017849,-0.918807,0.179215,1.075716,-0.200814,-0.161431,-0.027454,0.965605,-0.002850,1.047791,0.156134,0.017577,-0.062801,0.305907,0.236872,1.052319,0.041090,-0.210204,-0.048321
15.420000,0.058070,-0.169007,0.766745,-0.130556,0.214613,0.099548,-0.449645,-0.168390,1.077886,0.086124,0.173659,-0.020926,-0.922838,0.175976,1.075151,-0.202234,-0.162375,-0.029086,0.968735,-0.002498,1.046536,0.156856,0.017628,-0.062657,0.306736,0.232651,1.051343,0.041784,-0.211899,-0.049292
15.440000,0.055498,-0.164733,0.768818,-0.126594,0.212705,0.107731,-0.447908,-0.164889,1.077435,0.087523,0.176360,-0.024161,-0.926896,0.172720,1.074551,-0.203475,-0.163247,-0.030918,0.971878,-0.002145,1.045285,0.157435,0.017658,-0.062456,0.307578,0.228397,1.050348,0.042398,-0.213506,-0.050226
15.460000,0.053006,-0.160502,0.771055,-0.122643,0.210293,0.115911,-0.446144,-0.161335,1.076919,0.088863,0.179054,-0.027555,-0.930976,0.169447,1.073913,-0.204537,-0.164047,-0.032951,0.975031,-0.001791,1.044038,0.157872,0.017666,-0.062198,0.308431,0.224111,1.049334,0.042934,-0.215027,-0.051125
15.480000,0.050593,-0.156325,0.773455,-0.118703,0.207376,0.124088,-0.444354,-0.157727,1.076332,0.090145,0.181741,-0.031107,-0.935076,0.166159,1.073232,-0.205420,-0.164775,-0.035183,0.978192,-0.001438,1.042797,0.158167,0.017654,-0.061883,0.309295,0.219796,1.048303,0.043390,-0.216461,-0.051988
15.500000,0.048258,-0.152210,0.776018,-0.114775,0.203955,0.132262,-0.442539,-0.154066,1.075673,0.091369,0.184420,-0.034818,-0.939192,0.162856,1.072504,-0.206124,-0.165432,-0.037615,0.981357,-0.001085,1.041563,0.158320,0.017621,-0.061511,0.310167,0.215453,1.047255,0.043768,-0.217808,-0.052815
15.520000,0.046001,-0.148170,0.778745,-0.110886,0.200063,0.140369,-0.440700,-0.150351,1.074939,0.092520,0.187088,-0.038650,-0.943319,0.159542,1.071726,-0.206608,-0.166001,-0.040236,0.984523,-0.000733,1.040337,0.158297,0.017561,-0.061081,0.311045,0.211085,1.046191,0.044049,-0.219051,-0.053591
15.540000,0.043822,-0.144211,0.781632,-0.107065,0.195737,0.148347,-0.438839,-0.146582,1.074127,0.093584,0.189737,-0.042566,-0.947454,0.156217,1.070893,-0.206831,-0.166467,-0.043035,0.987687,-0.000383,1.039120,0.158065,0.017472,-0.060595,0.311928,0.206692,1.045112,0.044217,-0.220173,-0.054301
15.560000,0.041718,-0.140343,0.784678,-0.103313,0.190977,0.156195,-0.436957,-0.142761,1.073235,0.094561,0.192370,-0.046564,-0.951591,0.152884,1.070003,-0.206794,-0.166830,-0.046011,0.990845,-0.000035,1.037914,0.157624,0.017351,-0.060051,0.312813,0.202278,1.044019,0.044270,-0.221174,-0.054945
15.580000,0.039689,-0.136575,0.787879,-0.099628,0.185781,0.163915,-0.435057,-0.138888,1.072263,0.095451,0.194985,-0.050646,-0.955724,0.149545,1.069052,-0.206495,-0.167090,-0.049165,0.993991,0.000311,1.036719,0.156974,0.017199,-0.059450,0.313698,0.197846,1.042914,0.044208,-0.222053,-0.055522
15.600000,0.037733,-0.132915,0.791233,-0.096011,0.180151,0.171505,-0.433139,-0.134962,1.071209,0.096254,0.197582,-0.054811,-0.959849,0.146201,1.068036,-0.205936,-0.167248,-0.052496,0.997122,0.000653,1.035536,0.156116,0.017017,-0.058792,0.314580,0.193397,1.041799,0.044033,-0.222811,-0.056033
15.620000,0.035848,-0.129371,0.794738,-0.092487,0.174147,0.178901,-0.431207,-0.130984,1.070071,0.096958,0.200161,-0.059021,-0.963960,0.142855,1.066951,-0.205087,-0.167287,-0.055980,1.000234,0.000991,1.034367,0.155026,0.016805,-0.058082,0.315458,0.188934,1.040674,0.043739,-0.223429,-0.056466
15.640000,0.034032,-0.125951,0.798388,-0.089082,0.167832,0.186039,-0.429262,-0.126956,1.068848,0.097551,0.202718,-0.063237,-0.968050,0.139510,1.065795,-0.203919,-0.167193,-0.059593,1.003322,0.001325,1.033213,0.153683,0.016566,-0.057325,0.316329,0.184461,1.039541,0.043321,-0.223888,-0.056806
15.660000,0.032284,-0.122660,0.802178,-0.085796,0.161204,0.192919,-0.427306,-0.122876,1.067541,0.098035,0.205255,-0.067458,-0.972114,0.136169,1.064566,-0.202431,-0.166966,-0.063335,1.006380,0.001654,1.032075,0.152087,0.016297,-0.056520,0.317190,0.179980,1.038402,0.042781,-0.224187,-0.057055
15.680000,0.030600,-0.119505,0.806103,-0.082629,0.154265,0.199540,-0.425341,-0.118745,1.066150,0.098408,0.207772,-0.071686,-0.976145,0.132833,1.063261,-0.200624,-0.166605,-0.067205,1.009403,0.001977,1.030953,0.150239,0.016001,-0.055668,0.318040,0.175495,1.037259,0.042117,-0.224328,-0.057212
15.700000,0.028978,-0.116491,0.810158,-0.079580,0.147014,0.205903,-0.423370,-0.114565,1.064674,0.098671,0.210267,-0.075920,-0.980137,0.129505,1.061877,-0.198497,-0.166111,-0.071205,1.012388,0.002294,1.029848,0.148137,0.015677,-0.054769,0.318874,0.171008,1.036114,0.041330,-0.224309,-0.057277
15.720000,0.027416,-0.113626,0.814337,-0.076666,0.139522,0.211980,-0.421395,-0.110335,1.063113,0.098812,0.212741,-0.080129,-0.984083,0.126189,1.060412,-0.196045,-0.165474,-0.075304,1.015327,0.002604,1.028762,0.145774,0.015323,-0.053827,0.319692,0.166523,1.034969,0.040425,-0.224113,-0.057250
15.740000,0.025910,-0.110912,0.818635,-0.073901,0.131859,0.217742,-0.419419,-0.106056,1.061469,0.098819,0.215193,-0.084281,-0.987977,0.122887,1.058865,-0.193261,-0.164687,-0.079477,1.018217,0.002906,1.027695,0.143141,0.014939,-0.052847,0.320490,0.162045,1.033825,0.039410,-0.223721,-0.057131
15.760000,0.024459,-0.108353,0.823045,-0.071287,0.124025,0.223191,-0.417443,-0.101727,1.059742,0.098693,0.217623,-0.088377,-0.991811,0.119603,1.057233,-0.190145,-0.163748,-0.083722,1.021051,0.003201,1.026649,0.140238,0.014526,-0.051830,0.321268,0.157576,1.032684,0.038283,-0.223135,-0.056919
15.780000,0.023058,-0.105952,0.827560,-0.068822,0.116020,0.228324,-0.415472,-0.097351,1.057934,0.098433,0.220031,-0.092416,-0.995580,0.116338,1.055515,-0.186697,-0.162658,-0.088039,1.023824,0.003487,1.025622,0.137066,0.014081,-0.050775,0.322021,0.153121,1.031549,0.037044,-0.222353,-0.056616
15.800000,0.021705,-0.103713,0.832175,-0.066508,0.107845,0.233144,-0.413507,-0.092926,1.056046,0.098040,0.222417,-0.096400,-0.999277,0.113097,1.053711,-0.182916,-0.161417,-0.092429,1.026532,0.003764,1.024618,0.133623,0.013607,-0.049682,0.322749,0.148683,1.030420,0.035694,-0.221376,-0.056221
15.820000,0.020396,-0.101639,0.836884,-0.064362,0.099567,0.237646,-0.411551,-0.088454,1.054079,0.097512,0.224770,-0.100302,-1.002895,0.109883,1.051818,-0.178814,-0.160019,-0.096856,1.029168,0.004031,1.023635,0.129917,0.013101,-0.048552,0.323448,0.144267,1.029300,0.034230,-0.220195,-0.055737
15.840000,0.019129,-0.099730,0.841679,-0.062407,0.091256,0.241827,-0.409607,-0.083936,1.052035,0.096849,0.227078,-0.104099,-1.006427,0.106698,1.049837,-0.174399,-0.158457,-0.101286,1.031727,0.004288,1.022676,0.125955,0.012560,-0.047384,0.324117,0.139877,1.028191,0.032648,-0.218805,-0.055168
15.860000,0.017899,-0.097989,0.846555,-0.060641,0.082912,0.245687,-0.407678,-0.079371,1.049916,0.096051,0.229342,-0.107791,-1.009869,0.103546,1.047766,-0.169671,-0.156730,-0.105719,1.034204,0.004533,1.021740,0.121735,0.011985,-0.046179,0.324753,0.135516,1.027094,0.030949,-0.217205,-0.054513
15.880000,0.016702,-0.096414,0.851504,-0.059064,0.074533,0.249226,-0.405766,-0.074762,1.047724,0.095117,0.231560,-0.111378,-1.013212,0.100430,1.045608,-0.164631,-0.154840,-0.110155,1.036594,0.004767,1.020829,0.117258,0.011375,-0.044936,0.325354,0.131190,1.026011,0.029132,-0.215394,-0.053774
15.900000,0.015535,-0.095008,0.856522,-0.057677,0.066121,0.252444,-0.403874,-0.070109,1.045461,0.094049,0.233734,-0.114860,-1.016452,0.097353,1.043360,-0.159279,-0.152786,-0.114594,1.038893,0.004988,1.019943,0.112524,0.010731,-0.043656,0.325918,0.126902,1.024944,0.027197,-0.213372,-0.052950
15.920000,0.014394,-0.093769,0.861600,-0.056499,0.057744,0.255357,-0.402005,-0.065413,1.043130,0.092849,0.235839,-0.118212,-1.019581,0.094319,1.041024,-0.153631,-0.150578,-0.119002,1.041094,0.005196,1.019083,0.107555,0.010049,-0.042339,0.326441,0.122656,1.023894,0.025157,-0.211134,-0.052043
15.940000,0.013274,-0.092697,0.866734,-0.055550,0.049471,0.257982,-0.400161,-0.060676,1.040734,0.091524,0.237850,-0.121409,-1.022595,0.091331,1.038601,-0.147706,-0.148226,-0.123347,1.043193,0.005390,1.018250,0.102375,0.009326,-0.040985,0.326923,0.118458,1.022863,0.023025,-0.208673,-0.051057
15.960000,0.012170,-0.091790,0.871918,-0.054831,0.041301,0.260318,-0.398345,-0.055900,1.038275,0.090074,0.239766,-0.124451,-1.025488,0.088391,1.036091,-0.141504,-0.145731,-0.127628,1.045187,0.005569,1.017444,0.096983,0.008563,-0.039596,0.327362,0.114311,1.021852,0.020799,-0.205988,-0.049992
15.980000,0.011079,-0.091044,0.877145,-0.054341,0.033235,0.262365,-0.396559,-0.051086,1.035757,0.088497,0.241588,-0.127338,-1.028254,0.085503,1.033496,-0.135024,-0.143093,-0.131846,1.047071,0.005732,1.016666,0.091379,0.007758,-0.038170,0.327755,0.110220,1.020864,0.018480,-0.203080,-0.048848
16.000000,0.009995,-0.090459,0.882410,-0.054080,0.025273,0.264124,-0.394806,-0.046237,1.033182,0.086795,0.243316,-0.130071,-1.030887,0.082668,1.030817,-0.128266,-0.140311,-0.136001,1.048841,0.005879,1.015917,0.085562,0.006913,-0.036708,0.328100,0.106189,1.019899,0.016069,-0.199949,-0.047625
16.020000,0.008914,-0.090033,0.887708,-0.054031,0.017456,0.265612,-0.393088,-0.041355,1.030555,0.084979,0.244913,-0.132623,-1.033382,0.079891,1.028056,-0.121254,-0.137402,-0.140057,1.050493,0.006008,1.015198,0.079568,0.006020,-0.035208,0.328397,0.102223,1.018959,0.013577,-0.196594,-0.046324
16.040000,0.007832,-0.089760,0.893033,-0.054176,0.009826,0.266846,-0.391407,-0.036442,1.027879,0.083059,0.246343,-0.134968,-1.035736,0.077173,1.025216,-0.114012,-0.134384,-0.143979,1.052023,0.006119,1.014509,0.073430,0.005071,-0.033668,0.328643,0.098327,1.018046,0.011020,-0.193016,-0.044946
16.060000,0.006746,-0.089638,0.898380,-0.054515,0.002385,0.267826,-0.389766,-0.031502,1.025158,0.081037,0.247604,-0.137105,-1.037941,0.074516,1.022298,-0.106539,-0.131256,-0.147767,1.053429,0.006211,1.013852,0.067147,0.004066,-0.032087,0.328837,0.094504,1.017162,0.008396,-0.189214,-0.043491
16.080000,0.005650,-0.089663,0.903744,-0.055048,-0.004869,0.268552,-0.388167,-0.026539,1.022396,0.078911,0.248697,-0.139034,-1.039996,0.071924,1.019306,-0.098835,-0.128018,-0.151421,1.054708,0.006281,1.013226,0.060720,0.003007,-0.030466,0.328978,0.090760,1.016307,0.005707,-0.185189,-0.041960
16.100000,0.004543,-0.089832,0.909121,-0.055776,-0.011934,0.269025,-0.386611,-0.021555,1.019598,0.076683,0.249622,-0.140757,-1.041893,0.069396,1.016242,-0.090900,-0.124671,-0.154941,1.055857,0.006331,1.012633,0.054149,0.001891,-0.028805,0.329065,0.087098,1.015484,0.002951,-0.180940,-0.040352
16.120000,0.003418,-0.090139,0.914504,-0.056685,-0.018779,0.269260,-0.385100,-0.016555,1.016767,0.074383,0.250334,-0.142248,-1.043630,0.066937,1.013110,-0.082770,-0.121246,-0.158301,1.056873,0.006357,1.012074,0.047459,0.000711,-0.027103,0.329096,0.083524,1.014694,0.000145,-0.176488,-0.038666
16.140000,0.002274,-0.090581,0.919889,-0.057765,-0.025370,0.269270,-0.383636,-0.011544,1.013910,0.072044,0.250787,-0.143483,-1.045203,0.064547,1.009911,-0.074481,-0.117772,-0.161475,1.057754,0.006358,1.011549,0.040675,-0.000546,-0.025359,0.329071,0.080040,1.013938,-0.002693,-0.171854,-0.036901
16.160000,0.001106,-0.091152,0.925273,-0.059016,-0.031706,0.269057,-0.382218,-0.006526,1.011030,0.069665,0.250980,-0.144463,-1.046608,0.062227,1.006652,-0.066032,-0.114250,-0.164463,1.058499,0.006334,1.011060,0.033796,-0.001880,-0.023574,0.328988,0.076651,1.013218,-0.005563,-0.167038,-0.035057
16.180000,-0.000088,-0.091848,0.930650,-0.060438,-0.037788,0.268620,-0.380849,-0.001506,1.008133,0.067248,0.250914,-0.145188,-1.047843,0.059977,1.003334,-0.057424,-0.110681,-0.167266,1.059106,0.006283,1.010607,0.026824,-0.003289,-0.021748,0.328848,0.073360,1.012536,-0.008466,-0.162039,-0.033134
16.200000,-0.001312,-0.092662,0.936016,-0.062029,-0.043615,0.267959,-0.379529,0.003509,1.005224,0.064791,0.250588,-0.145656,-1.048904,0.057800,0.999962,-0.048657,-0.107063,-0.169882,1.059572,0.006202,1.010190,0.019758,-0.004774,-0.019880,0.328649,0.070170,1.011893,-0.011401,-0.156858,-0.031131
16.220000,-0.002570,-0.093591,0.941367,-0.063780,-0.049169,0.267097,-0.378257,0.008515,1.002308,0.062337,0.249960,-0.145870,-1.049789,0.055695,0.996540,-0.039769,-0.103435,-0.172299,1.059896,0.006091,1.009812,0.012625,-0.006348,-0.017972,0.328392,0.067086,1.011291,-0.014357,-0.151521,-0.029056
16.240000,-0.003864,-0.094627,0.946699,-0.065677,-0.054427,0.266054,-0.377035,0.013505,0.999391,0.059928,0.248985,-0.145827,-1.050495,0.053662,0.993072,-0.030801,-0.099832,-0.174499,1.060076,0.005948,1.009472,0.005453,-0.008022,-0.016024,0.328075,0.064110,1.010731,-0.017319,-0.146053,-0.026916
16.260000,-0.005198,-0.095766,0.952008,-0.067720,-0.059391,0.264831,-0.375860,0.018472,0.996477,0.057564,0.247662,-0.145529,-1.051020,0.051701,0.989562,-0.021752,-0.096255,-0.176484,1.060113,0.005770,1.009171,-0.001758,-0.009797,-0.014036,0.327699,0.061245,1.010215,-0.020288,-0.140454,-0.024710
16.280000,-0.006574,-0.097001,0.957291,-0.069911,-0.064061,0.263428,-0.374732,0.023410,0.993571,0.055246,0.245993,-0.144975,-1.051364,0.049812,0.986014,-0.012622,-0.092703,-0.178253,1.060006,0.005555,1.008911,-0.009009,-0.011672,-0.012009,0.327263,0.058493,1.009743,-0.023265,-0.134725,-0.022438
16.300000,-0.007995,-0.098326,0.962544,-0.072247,-0.068436,0.261844,-0.373650,0.028310,0.990680,0.052972,0.243977,-0.144164,-1.051525,0.047993,0.982433,-0.003412,-0.089178,-0.179807,1.059753,0.005302,1.008691,-0.016298,-0.013647,-0.009942,0.326768,0.055857,1.009318,-0.026249,-0.128866,-0.020102
16.320000,-0.009465,-0.099736,0.967764,-0.074721,-0.072515,0.260114,-0.372613,0.033166,0.987806,0.050790,0.241593,-0.143132,-1.051500,0.046244,0.978823,0.005839,-0.085716,-0.181148,1.059354,0.005009,1.008513,-0.023597,-0.015724,-0.007838,0.326214,0.053339,1.008940,-0.029228,-0.122910,-0.017714
16.340000,-0.010985,-0.101225,0.972948,-0.077321,-0.076299,0.258270,-0.371617,0.037971,0.984956,0.048747,0.238821,-0.141910,-1.051291,0.044564,0.975189,0.015088,-0.082358,-0.182279,1.058809,0.004672,1.008378,-0.030876,-0.017904,-0.005701,0.325599,0.050941,1.008610,-0.032190,-0.116891,-0.015290
16.360000,-0.012559,-0.102786,0.978094,-0.080048,-0.079788,0.256312,-0.370662,0.042716,0.982131,0.046842,0.235660,-0.140498,-1.050897,0.042949,0.971533,0.024336,-0.079102,-0.183200,1.058119,0.004292,1.008285,-0.038135,-0.020186,-0.003530,0.324926,0.048664,1.008328,-0.035136,-0.110810,-0.012829
16.380000,-0.014188,-0.104414,0.983200,-0.082902,-0.082980,0.254241,-0.369743,0.047395,0.979337,0.045076,0.232111,-0.138897,-1.050318,0.041399,0.967862,0.033583,-0.075949,-0.183911,1.057284,0.003864,1.008237,-0.045373,-0.022572,-0.001325,0.324194,0.046509,1.008097,-0.038066,-0.104667,-0.010331
16.400000,-0.015876,-0.106103,0.988263,-0.085882,-0.085877,0.252056,-0.368858,0.051998,0.976577,0.043449,0.228173,-0.137106,-1.049553,0.039911,0.964178,0.042829,-0.072898,-0.184411,1.056304,0.003388,1.008233,-0.052592,-0.025060,0.000913,0.323403,0.044478,1.007915,-0.040980,-0.098460,-0.007796
16.420000,-0.017624,-0.107847,0.993281,-0.088983,-0.088491,0.249799,-0.368004,0.056519,0.973854,0.041987,0.223844,-0.135175,-1.048605,0.038482,0.960487,0.052035,-0.069986,-0.184720,1.055180,0.002861,1.008273,-0.059767,-0.027636,0.003183,0.322555,0.042571,1.007785,-0.043873,-0.092206,-0.005232
16.440000,-0.019436,-0.109641,0.998255,-0.092198,-0.090835,0.247513,-0.367177,0.060949,0.971170,0.040717,0.219121,-0.133154,-1.047473,0.037110,0.956791,0.061161,-0.067247,-0.184852,1.053914,0.002282,1.008360,-0.066876,-0.030287,0.005483,0.321649,0.040790,1.007706,-0.046741,-0.085917,-0.002646
16.460000,-0.021313,-0.111479,1.003182,-0.095527,-0.092909,0.245196,-0.366374,0.065281,0.968528,0.039639,0.214004,-0.131042,-1.046159,0.035791,0.953094,0.070209,-0.064683,-0.184808,1.052506,0.001649,1.008493,-0.073918,-0.033013,0.007814,0.320685,0.039134,1.007679,-0.049586,-0.079593,-0.000038
16.480000,-0.023257,-0.113356,1.008062,-0.098970,-0.094713,0.242849,-0.365590,0.069507,0.965929,0.038754,0.208493,-0.128839,-1.044665,0.034522,0.949400,0.079177,-0.062292,-0.184589,1.050958,0.000961,1.008673,-0.080893,-0.035812,0.010175,0.319665,0.037606,1.007705,-0.052406,-0.073236,0.002592
16.500000,-0.025272,-0.115266,1.012895,-0.102527,-0.096246,0.240472,-0.364822,0.073618,0.963375,0.038061,0.202589,-0.126546,-1.042992,0.033298,0.945711,0.088066,-0.060074,-0.184195,1.049271,0.000216,1.008900,-0.087802,-0.038686,0.012565,0.318589,0.036205,1.007783,-0.055202,-0.066843,0.005244
16.520000,-0.027359,-0.117204,1.017681,-0.106185,-0.097526,0.238117,-0.364066,0.077608,0.960867,0.037571,0.196309,-0.124227,-1.041143,0.032117,0.942033,0.096849,-0.058057,-0.183650,1.047446,-0.000587,1.009176,-0.094626,-0.041611,0.014984,0.317458,0.034932,1.007915,-0.057969,-0.060436,0.007907
16.540000,-0.029520,-0.119165,1.022421,-0.109931,-0.098567,0.235833,-0.363318,0.081468,0.958406,0.037297,0.189673,-0.121948,-1.039119,0.030974,0.938366,0.105500,-0.056266,-0.182984,1.045486,-0.001448,1.009500,-0.101348,-0.044566,0.017429,0.316271,0.033788,1.008099,-0.060702,-0.054033,0.010572
16.560000,-0.031757,-0.121145,1.027115,-0.113765,-0.099370,0.233621,-0.362573,0.085193,0.955989,0.037239,0.182682,-0.119709,-1.036924,0.029865,0.934714,0.114019,-0.054700,-0.182194,1.043393,-0.002369,1.009873,-0.107967,-0.047551,0.019900,0.315030,0.032771,1.008338,-0.063402,-0.047634,0.013237
16.580000,-0.034071,-0.123138,1.031766,-0.117687,-0.099935,0.231481,-0.361827,0.088773,0.953617,0.037396,0.175334,-0.117509,-1.034559,0.028785,0.931079,0.122406,-0.053361,-0.181282,1.041168,-0.003350,1.010296,-0.114484,-0.050566,0.022396,0.313735,0.031882,1.008629,-0.066067,-0.041240,0.015903
16.600000,-0.036465,-0.125141,1.036375,-0.121698,-0.100262,0.229414,-0.361076,0.092203,0.951289,0.037768,0.167630,-0.115349,-1.032028,0.027729,0.927464,0.130661,-0.052247,-0.180246,1.038814,-0.004392,1.010769,-0.120898,-0.053610,0.024919,0.312387,0.031121,1.008974,-0.068699,-0.034849,0.018569
16.620000,-0.038940,-0.127147,1.040943,-0.125783,-0.100378,0.227447,-0.360315,0.095476,0.949002,0.038371,0.159604,-0.113291,-1.029334,0.026694,0.923870,0.138771,-0.051367,-0.179123,1.036333,-0.005495,1.011293,-0.127213,-0.056644,0.027464,0.310987,0.030488,1.009372,-0.071291,-0.028488,0.021223
16.640000,-0.041497,-0.129155,1.045474,-0.129930,-0.100312,0.225613,-0.359539,0.098586,0.946756,0.039221,0.151290,-0.111398,-1.026479,0.025673,0.920299,0.146724,-0.050730,-0.177947,1.033726,-0.006658,1.011868,-0.133431,-0.059630,0.030029,0.309536,0.029982,1.009822,-0.073837,-0.022180,0.023849
16.660000,-0.044137,-0.131159,1.049969,-0.134139,-0.100063,0.223909,-0.358744,0.101526,0.944545,0.040317,0.142688,-0.109669,-1.023466,0.024663,0.916752,0.154520,-0.050336,-0.176719,1.030996,-0.007880,1.012494,-0.139553,-0.062567,0.032613,0.308034,0.029601,1.010325,-0.076337,-0.015926,0.026448
16.680000,-0.046863,-0.133156,1.054431,-0.138409,-0.099632,0.222336,-0.357925,0.104291,0.942368,0.041659,0.133799,-0.108105,-1.020299,0.023658,0.913231,0.162160,-0.050184,-0.175437,1.028145,-0.009160,1.013172,-0.145578,-0.065456,0.035218,0.306483,0.029344,1.010880,-0.078792,-0.009726,0.029020
16.700000,-0.049674,-0.135143,1.058863,-0.142742,-0.099019,0.220895,-0.357076,0.106876,0.940220,0.043248,0.124621,-0.106705,-1.016981,0.022654,0.909735,0.169642,-0.050274,-0.174102,1.025174,-0.010498,1.013903,-0.151507,-0.068296,0.037842,0.304883,0.029211,1.011486,-0.081200,-0.003579,0.031565
16.720000,-0.052573,-0.137116,1.063268,-0.147105,-0.098251,0.219599,-0.356193,0.109274,0.938098,0.045098,0.115190,-0.105510,-1.013514,0.021645,0.906267,0.176964,-0.050601,-0.172744,1.022085,-0.011891,1.014686,-0.157349,-0.071052,0.040485,0.303235,0.029201,1.012142,-0.083557,0.002482,0.034067
16.740000,-0.055558,-0.139072,1.067648,-0.151471,-0.097357,0.218465,-0.355271,0.111482,0.935998,0.047223,0.105541,-0.104558,-1.009903,0.020628,0.902826,0.184122,-0.051155,-0.171392,1.018880,-0.013339,1.015522,-0.163112,-0.073686,0.043148,0.301541,0.029310,1.012848,-0.085855,0.008426,0.036512
16.760000,-0.058631,-0.141009,1.072007,-0.155837,-0.096336,0.217493,-0.354303,0.113495,0.933914,0.049623,0.095675,-0.103851,-1.006150,0.019598,0.899411,0.191117,-0.051939,-0.170046,1.015561,-0.014838,1.016412,-0.168798,-0.076201,0.045830,0.299801,0.029537,1.013602,-0.088096,0.014253,0.038900
16.780000,-0.061792,-0.142925,1.076349,-0.160205,-0.095190,0.216681,-0.353284,0.115308,0.931842,0.052299,0.085590,-0.103387,-1.002259,0.018549,0.896024,0.197949,-0.052951,-0.168707,1.012129,-0.016386,1.017356,-0.174405,-0.078595,0.048532,0.298017,0.029879,1.014404,-0.090278,0.019963,0.041231
16.800000,-0.065040,-0.144816,1.080676,-0.164575,-0.093916,0.216031,-0.352209,0.116917,0.929777,0.055249,0.075288,-0.103167,-0.998234,0.017478,0.892663,0.204617,-0.054193,-0.167374,1.008586,-0.017981,1.018354,-0.179935,-0.080868,0.051252,0.296190,0.030334,1.015251,-0.092403,0.025555,0.043504
16.820000,-0.068375,-0.146681,1.084991,-0.168915,-0.092547,0.215540,-0.351072,0.118318,0.927714,0.058470,0.064808,-0.103194,-0.994076,0.016380,0.889329,0.211128,-0.055641,-0.166066,1.004932,-0.019620,1.019406,-0.185395,-0.082994,0.053993,0.294322,0.030900,1.016144,-0.094466,0.031013,0.045714
16.840000,-0.071796,-0.148517,1.089298,-0.173193,-0.091112,0.215207,-0.349868,0.119508,0.925648,0.061955,0.054193,-0.103471,-0.989789,0.015251,0.886020,0.217488,-0.057276,-0.164803,1.001170,-0.021300,1.020513,-0.190797,-0.084948,0.056755,0.292412,0.031574,1.017079,-0.096466,0.036317,0.047855
16.860000,-0.075302,-0.150325,1.093600,-0.177411,-0.089611,0.215031,-0.348592,0.120485,0.923574,0.065705,0.043441,-0.103998,-0.985377,0.014088,0.882736,0.223696,-0.059096,-0.163585,0.997301,-0.023017,1.021676,-0.196139,-0.086729,0.059538,0.290464,0.032352,1.018057,-0.098401,0.041469,0.049927
16.880000,-0.078892,-0.152101,1.097900,-0.181568,-0.088044,0.215012,-0.347238,0.121245,0.921486,0.069719,0.032552,-0.104775,-0.980843,0.012886,0.879476,0.229753,-0.061103,-0.162412,0.993325,-0.024768,1.022895,-0.201422,-0.088337,0.062342,0.288477,0.033232,1.019076,-0.100273,0.046467,0.051929
16.900000,-0.082564,-0.153846,1.102202,-0.185665,-0.086412,0.215151,-0.345802,0.121786,0.919381,0.073998,0.021528,-0.105802,-0.976188,0.011642,0.876239,0.235659,-0.063296,-0.161284,0.989244,-0.026549,1.024170,-0.206646,-0.089772,0.065167,0.286453,0.034210,1.020134,-0.102080,0.051311,0.053863
16.920000,-0.086318,-0.155558,1.106508,-0.189674,-0.084746,0.215439,-0.344277,0.122105,0.917253,0.078525,0.010395,-0.107042,-0.971417,0.010353,0.873024,0.241423,-0.065641,-0.160216,0.985059,-0.028357,1.025502,-0.211825,-0.091026,0.068015,0.284394,0.035283,1.021230,-0.103823,0.056002,0.055728
16.940000,-0.090151,-0.157236,1.110820,-0.193571,-0.083081,0.215869,-0.342659,0.122201,0.915098,0.083283,-0.000817,-0.108462,-0.966532,0.009016,0.869830,0.247056,-0.068105,-0.159221,0.980771,-0.030189,1.026891,-0.216973,-0.092092,0.070890,0.282301,0.036449,1.022363,-0.105502,0.060538,0.057526
16.960000,-0.094060,-0.158881,1.115143,-0.197355,-0.081415,0.216442,-0.340944,0.122072,0.912913,0.088272,-0.012109,-0.110060,-0.961536,0.007628,0.866655,0.252556,-0.070687,-0.158300,0.976381,-0.032040,1.028338,-0.222091,-0.092970,0.073790,0.280174,0.037704,1.023531,-0.107116,0.064919,0.059258
16.980000,-0.098044,-0.160492,1.119479,-0.201026,-0.079750,0.217156,-0.339127,0.121716,0.910694,0.093492,-0.023481,-0.111837,-0.956431,0.006188,0.863498,0.257925,-0.073388,-0.157452,0.971888,-0.033906,1.029843,-0.227178,-0.093659,0.076715,0.278016,0.039045,1.024733,-0.108665,0.069144,0.060922
17.000000,-0.102100,-0.162071,1.123830,-0.204584,-0.078084,0.218012,-0.337203,0.121132,0.908438,0.098943,-0.034933,-0.113793,-0.951220,0.004692,0.860357,0.263161,-0.076208,-0.156678,0.967294,-0.035785,1.031406,-0.232234,-0.094160,0.079667,0.275828,0.040468,1.025967,-0.110149,0.073215,0.062519
17.020000,-0.106226,-0.163616,1.128200,-0.208001,-0.076455,0.219000,-0.335167,0.120319,0.906142,0.104605,-0.046445,-0.115849,-0.945905,0.003139,0.857230,0.268292,-0.079110,-0.155996,0.962599,-0.037671,1.033030,-0.237269,-0.094482,0.082649,0.273611,0.041972,1.027233,-0.111570,0.077135,0.064053
17.040000,-0.110419,-0.165130,1.132591,-0.211250,-0.074899,0.220107,-0.333017,0.119274,0.903804,0.110456,-0.057998,-0.117926,-0.940489,0.001527,0.854116,0.273344,-0.082057,-0.155421,0.957803,-0.039563,1.034713,-0.242290,-0.094632,0.085668,0.271366,0.043553,1.028529,-0.112929,0.080908,0.065524
17.060000,-0.114675,-0.166613,1.137005,-0.214328,-0.073416,0.221334,-0.330748,0.117998,0.901425,0.116497,-0.069592,-0.120024,-0.934972,-0.000144,0.851012,0.278317,-0.085048,-0.154955,0.952907,-0.041456,1.036457,-0.247297,-0.094612,0.088722,0.269094,0.045207,1.029854,-0.114226,0.084533,0.066933
17.080000,-0.118991,-0.168067,1.141445,-0.217238,-0.072007,0.222682,-0.328356,0.116490,0.899003,0.122729,-0.081226,-0.122144,-0.929356,-0.001875,0.847917,0.283210,-0.088085,-0.154597,0.947911,-0.043346,1.038262,-0.252292,-0.094421,0.091812,0.266797,0.046933,1.031206,-0.115462,0.088012,0.068281
17.100000,-0.123364,-0.169493,1.145913,-0.219978,-0.070670,0.224149,-0.325837,0.114749,0.896539,0.129150,-0.092901,-0.124285,-0.923644,-0.003667,0.844828,0.288025,-0.091166,-0.154348,0.942816,-0.045231,1.040129,-0.257273,-0.094060,0.094938,0.264476,0.048727,1.032584,-0.116635,0.091344,0.069567
17.120000,-0.127789,-0.170894,1.150412,-0.222535,-0.069439,0.225715,-0.323189,0.112774,0.894032,0.135722,-0.104592,-0.126349,-0.917836,-0.005522,0.841742,0.292804,-0.094241,-0.154213,0.937620,-0.047108,1.042060,-0.262248,-0.093559,0.098103,0.262132,0.050586,1.033988,-0.117751,0.094537,0.070793
17.140000,-0.132264,-0.172272,1.154943,-0.224893,-0.068347,0.227361,-0.320408,0.110566,0.891486,0.142407,-0.116274,-0.128237,-0.911932,-0.007437,0.838659,0.297593,-0.097259,-0.154198,0.932326,-0.048973,1.044054,-0.267224,-0.092949,0.101310,0.259766,0.052508,1.035416,-0.118814,0.097598,0.071961
17.160000,-0.136784,-0.173629,1.159507,-0.227052,-0.067394,0.229086,-0.317492,0.108123,0.888904,0.149204,-0.127946,-0.129948,-0.905932,-0.009412,0.835574,0.302392,-0.100219,-0.154303,0.926931,-0.050825,1.046112,-0.272202,-0.092231,0.104560,0.257380,0.054489,1.036866,-0.119824,0.100528,0.073071
17.180000,-0.141345,-0.174968,1.164107,-0.229013,-0.066580,0.230891,-0.314439,0.105448,0.886289,0.156113,-0.139608,-0.131484,-0.899836,-0.011445,0.832486,0.307200,-0.103121,-0.154529,0.921438,-0.052662,1.048236,-0.277181,-0.091404,0.107851,0.254974,0.056528,1.038338,-0.120780,0.103327,0.074122
17.200000,-0.145943,-0.176293,1.168743,-0.230776,-0.065905,0.232774,-0.311247,0.102539,0.883646,0.163134,-0.151262,-0.132843,-0.893644,-0.013536,0.829392,0.312018,-0.105966,-0.154875,0.915844,-0.054480,1.050427,-0.282161,-0.090469,0.111185,0.252549,0.058621,1.039831,-0.121684,0.105995,0.075116
17.220000,-0.150574,-0.177606,1.173418,-0.232315,-0.065390,0.234705,-0.307913,0.099398,0.880977,0.170240,-0.162872,-0.133942,-0.887355,-0.015683,0.826290,0.316894,-0.108685,-0.155319,0.910151,-0.056280,1.052684,-0.287160,-0.089467,0.114557,0.250107,0.060767,1.041342,-0.122540,0.108543,0.076055
17.240000,-0.155234,-0.178910,1.178131,-0.233607,-0.065055,0.236653,-0.304437,0.096025,0.878290,0.177400,-0.174407,-0.134697,-0.880967,-0.017882,0.823178,0.321878,-0.111210,-0.155839,0.904358,-0.058059,1.055009,-0.292197,-0.088441,0.117962,0.247648,0.062962,1.042872,-0.123353,0.110982,0.076945
17.260000,-0.159917,-0.180209,1.182884,-0.234650,-0.064900,0.238617,-0.300817,0.092422,0.875592,0.184616,-0.185867,-0.135109,-0.874479,-0.020130,0.820056,0.326970,-0.113541,-0.156435,0.898463,-0.059817,1.057403,-0.297271,-0.087389,0.121402,0.245173,0.065205,1.044420,-0.124125,0.113314,0.077785
17.280000,-0.164618,-0.181507,1.187676,-0.235446,-0.064926,0.240597,-0.297052,0.088591,0.872888,0.191887,-0.197250,-0.135176,-0.867888,-0.022422,0.816921,0.332169,-0.115678,-0.157107,0.892466,-0.061554,1.059865,-0.302381,-0.086313,0.124876,0.242683,0.067494,1.045984,-0.124854,0.115538,0.078575
17.300000,-0.169333,-0.182807,1.192508,-0.235993,-0.065132,0.242594,-0.293141,0.084532,0.870187,0.199213,-0.208559,-0.134900,-0.861192,-0.024756,0.813771,0.337476,-0.117622,-0.157855,0.886367,-0.063270,1.062398,-0.307529,-0.085213,0.128384,0.240179,0.069826,1.047563,-0.125542,0.117654,0.079315
17.320000,-0.174056,-0.184114,1.197380,-0.236257,-0.065527,0.244563,-0.289083,0.080249,0.867495,0.206560,-0.219749,-0.134225,-0.854388,-0.027126,0.810606,0.342930,-0.119301,-0.158624,0.880165,-0.064963,1.065001,-0.312745,-0.084111,0.131915,0.237661,0.072200,1.049156,-0.126195,0.119677,0.080010
17.340000,-0.178781,-0.185430,1.202290,-0.236200,-0.066120,0.246464,-0.284878,0.075743,0.864821,0.213895,-0.230780,-0.133096,-0.847473,-0.029526,0.807426,0.348571,-0.120648,-0.159363,0.873857,-0.066634,1.067675,-0.318059,-0.083032,0.135460,0.235131,0.074613,1.050763,-0.126821,0.121623,0.080664
17.360000,-0.183502,-0.186760,1.207238,-0.235824,-0.066909,0.248294,-0.280527,0.071019,0.862174,0.221216,-0.241651,-0.131514,-0.840444,-0.031949,0.804232,0.354398,-0.121661,-0.160070,0.867442,-0.068284,1.070419,-0.323471,-0.081976,0.139018,0.232589,0.077064,1.052382,-0.127421,0.123492,0.081275
17.380000,-0.188212,-0.188107,1.212221,-0.235127,-0.067896,0.250054,-0.276030,0.066078,0.859564,0.228524,-0.252362,-0.129478,-0.833296,-0.034390,0.801024,0.360411,-0.122341,-0.160745,0.860917,-0.069913,1.073235,-0.328982,-0.080942,0.142588,0.230035,0.079552,1.054013,-0.127994,0.125285,0.081846
17.400000,-0.192905,-0.189477,1.217240,-0.234111,-0.069080,0.251745,-0.271386,0.060925,0.856998,0.235819,-0.262913,-0.126988,-0.826026,-0.036841,0.797802,0.366610,-0.122687,-0.161389,0.854282,-0.071522,1.076123,-0.334591,-0.079931,0.146173,0.227469,0.082075,1.055656,-0.128541,0.127000,0.082375
17.420000,-0.197574,-0.190872,1.222291,-0.232744,-0.070467,0.253324,-0.266597,0.055563,0.854487,0.243075,-0.273252,-0.124035,-0.818630,-0.039295,0.794569,0.373006,-0.122646,-0.161941,0.847533,-0.073111,1.079082,-0.340340,-0.078947,0.149757,0.224893,0.084631,1.057308,-0.129071,0.128656,0.082868
17.440000,-0.202212,-0.192297,1.227371,-0.230998,-0.072062,0.254747,-0.261664,0.049997,0.852040,0.250266,-0.283326,-0.120607,-0.811104,-0.041744,0.791326,0.379610,-0.122165,-0.162343,0.840667,-0.074680,1.082113,-0.346271,-0.077995,0.153328,0.222306,0.087221,1.058970,-0.129593,0.130268,0.083329
17.460000,-0.206811,-0.193756,1.232479,-0.228872,-0.073866,0.256016,-0.256587,0.044232,0.849666,0.257391,-0.293135,-0.116706,-0.803444,-0.044178,0.788076,0.386421,-0.121242,-0.162594,0.833681,-0.076231,1.085215,-0.352382,-0.077073,0.156886,0.219709,0.089842,1.060641,-0.130106,0.131838,0.083760
17.480000,-0.211364,-0.195253,1.237611,-0.226366,-0.075878,0.257129,-0.251369,0.038273,0.847375,0.264452,-0.302679,-0.112330,-0.795646,-0.046590,0.784823,0.393440,-0.119879,-0.162694,0.826571,-0.077763,1.088389,-0.358676,-0.076182,0.160431,0.217102,0.092494,1.062320,-0.130612,0.133364,0.084160
17.500000,-0.215863,-0.196792,1.242764,-0.223481,-0.078099,0.258088,-0.246010,0.032127,0.845176,0.271448,-0.311959,-0.107480,-0.787705,-0.048971,0.781569,0.400667,-0.118076,-0.162642,0.819333,-0.079278,1.091632,-0.365151,-0.075323,0.163963,0.214485,0.095176,1.064007,-0.131110,0.134847,0.084528
17.520000,-0.220301,-0.198378,1.247933,-0.220205,-0.080518,0.258849,-0.240511,0.025797,0.843079,0.278359,-0.320921,-0.102186,-0.779618,-0.051310,0.778319,0.408084,-0.115810,-0.162379,0.811963,-0.080776,1.094947,-0.371838,-0.074473,0.167473,0.211858,0.097888,1.065701,-0.131609,0.136305,0.084872
17.540000,-0.224669,-0.200014,1.253116,-0.216530,-0.083124,0.259371,-0.234876,0.019292,0.841091,0.285168,-0.329513,-0.096477,-0.771381,-0.053600,0.775076,0.415672,-0.113061,-0.161844,0.804457,-0.082257,1.098331,-0.378768,-0.073614,0.170952,0.209221,0.100628,1.067402,-0.132121,0.137753,0.085196
17.560000,-0.228959,-0.201704,1.258307,-0.212456,-0.085918,0.259653,-0.229105,0.012619,0.839222,0.291874,-0.337734,-0.090352,-0.762990,-0.055830,0.771847,0.423433,-0.109829,-0.161036,0.796811,-0.083721,1.101785,-0.385941,-0.072743,0.174400,0.206573,0.103398,1.069109,-0.132644,0.139193,0.085501
17.580000,-0.233165,-0.203452,1.263500,-0.207982,-0.088899,0.259695,-0.223202,0.005785,0.837480,0.298477,-0.345586,-0.083812,-0.754443,-0.057990,0.768636,0.431365,-0.106114,-0.159956,0.789018,-0.085167,1.105307,-0.393357,-0.071862,0.177817,0.203915,0.106196,1.070822,-0.133179,0.140623,0.085787
17.600000,-0.237276,-0.205262,1.268693,-0.203108,-0.092067,0.259498,-0.217167,-0.001202,0.835873,0.304977,-0.353068,-0.076857,-0.745734,-0.060071,0.765450,0.439469,-0.101916,-0.158604,0.781075,-0.086595,1.108897,-0.401017,-0.070970,0.181203,0.201246,0.109023,1.072540,-0.133726,0.142045,0.086055
17.620000,-0.241286,-0.207136,1.273878,-0.197849,-0.095401,0.259024,-0.211003,-0.008335,0.834408,0.311353,-0.360129,-0.069550,-0.736863,-0.062063,0.762294,0.447708,-0.097261,-0.156928,0.772976,-0.088005,1.112555,-0.408927,-0.070048,0.184543,0.198566,0.111878,1.074264,-0.134294,0.143473,0.086308
17.640000,-0.245188,-0.209079,1.279052,-0.192218,-0.098877,0.258236,-0.204714,-0.015604,0.833093,0.317584,-0.366719,-0.061954,-0.727825,-0.063958,0.759176,0.456043,-0.092176,-0.154878,0.764716,-0.089397,1.116279,-0.417096,-0.069077,0.187822,0.195874,0.114762,1.075993,-0.134894,0.144921,0.086552
17.660000,-0.248973,-0.211092,1.284206,-0.186215,-0.102495,0.257134,-0.198301,-0.023000,0.831932,0.323669,-0.372838,-0.054070,-0.718620,-0.065747,0.756102,0.464474,-0.086661,-0.152453,0.756290,-0.090768,1.120067,-0.425524,-0.068056,0.191040,0.193170,0.117675,1.077726,-0.135526,0.146390,0.086786
17.680000,-0.252634,-0.213179,1.289335,-0.179841,-0.106255,0.255719,-0.191768,-0.030514,0.830932,0.329609,-0.378486,-0.045897,-0.709246,-0.067422,0.753080,0.473002,-0.080716,-0.149655,0.747693,-0.092119,1.123920,-0.434209,-0.066986,0.194198,0.190452,0.120617,1.079464,-0.136188,0.147880,0.087012
17.700000,-0.256164,-0.215343,1.294432,-0.173094,-0.110158,0.253990,-0.185118,-0.038136,0.830098,0.335403,-0.383663,-0.037435,-0.699700,-0.068973,0.750118,0.481626,-0.074341,-0.146482,0.738920,-0.093447,1.127835,-0.443154,-0.065866,0.197294,0.187722,0.123590,1.081206,-0.136883,0.149391,0.087228
17.720000,-0.259555,-0.217586,1.299492,-0.166014,-0.114175,0.251930,-0.178353,-0.045857,0.829436,0.341024,-0.388323,-0.028766,-0.689981,-0.070393,0.747223,0.490292,-0.067596,-0.142895,0.729966,-0.094753,1.131811,-0.452335,-0.064685,0.200313,0.184977,0.126593,1.082953,-0.137617,0.150935,0.087441
17.740000,-0.262802,-0.219911,1.304507,-0.158637,-0.118281,0.249522,-0.171478,-0.053666,0.828948,0.346445,-0.392422,-0.019971,-0.680088,-0.071675,0.744405,0.498948,-0.060544,-0.138855,0.720825,-0.096034,1.135847,-0.461730,-0.063431,0.203239,0.182217,0.129628,1.084704,-0.138400,0.152525,0.087655
17.760000,-0.265899,-0.222318,1.309471,-0.150963,-0.122476,0.246766,-0.164497,-0.061550,0.828638,0.351666,-0.395959,-0.011050,-0.670023,-0.072813,0.741672,0.507591,-0.053183,-0.134360,0.711495,-0.097290,1.139940,-0.471338,-0.062103,0.206071,0.179441,0.132695,1.086459,-0.139233,0.154161,0.087871
17.780000,-0.268839,-0.224810,1.314376,-0.142993,-0.126758,0.243663,-0.157413,-0.069500,0.828507,0.356686,-0.398934,-0.002003,-0.659785,-0.073800,0.739034,0.516223,-0.045513,-0.129411,0.701970,-0.098518,1.144089,-0.481161,-0.060701,0.208810,0.176647,0.135795,1.088219,-0.140115,0.155843,0.088088
17.800000,-0.271617,-0.227389,1.319215,-0.134727,-0.131128,0.240212,-0.150230,-0.077504,0.828558,0.361507,-0.401347,0.007170,-0.649374,-0.074631,0.736499,0.524844,-0.037535,-0.124009,0.692247,-0.099717,1.148292,-0.491198,-0.059226,0.211456,0.173836,0.138929,1.089983,-0.141045,0.157572,0.088307
17.820000,-0.274226,-0.230056,1.323982,-0.126222,-0.135557,0.236425,-0.142954,-0.085550,0.828794,0.366100,-0.403179,0.016400,-0.638791,-0.075300,0.734077,0.533406,-0.029330,-0.118123,0.682321,-0.100886,1.152546,-0.501402,-0.057674,0.213987,0.171005,0.142098,1.091751,-0.142039,0.159361,0.088528
17.840000,-0.276664,-0.232812,1.328670,-0.117537,-0.140014,0.232313,-0.135588,-0.093627,0.829214,0.370438,-0.404414,0.025617,-0.628038,-0.075804,0.731777,0.541864,-0.020980,-0.111723,0.672190,-0.102024,1.156850,-0.511726,-0.056040,0.216378,0.168154,0.145304,1.093524,-0.143108,0.161226,0.088754
17.860000,-0.278927,-0.235657,1.333272,-0.108670,-0.144499,0.227876,-0.128138,-0.101723,0.829819,0.374522,-0.405051,0.034821,-0.617117,-0.076138,0.729611,0.550216,-0.012485,-0.104809,0.661852,-0.103128,1.161201,-0.522171,-0.054326,0.218632,0.165280,0.148547,1.095301,-0.144253,0.163167,0.088983
17.880000,-0.281010,-0.238592,1.337783,-0.099624,-0.149014,0.223114,-0.120609,-0.109825,0.830607,0.378351,-0.405090,0.044012,-0.606030,-0.076302,0.727588,0.558464,-0.003844,-0.097383,0.651303,-0.104196,1.165595,-0.532735,-0.052530,0.220747,0.162383,0.151831,1.097083,-0.145474,0.165185,0.089216
17.900000,-0.282910,-0.241617,1.342195,-0.090396,-0.153556,0.218027,-0.113006,-0.117922,0.831579,0.381926,-0.404530,0.053191,-0.594780,-0.076291,0.725719,0.566606,0.004942,-0.089442,0.640541,-0.105228,1.170030,-0.543420,-0.050653,0.222723,0.159461,0.155155,1.098870,-0.146770,0.167278,0.089453
17.920000,-0.284625,-0.244734,1.346502,-0.081069,-0.158088,0.212644,-0.105334,-0.126003,0.832734,0.385243,-0.403382,0.062305,-0.583367,-0.076104,0.724014,0.574608,0.013802,-0.080996,0.629565,-0.106222,1.174502,-0.554171,-0.048696,0.224531,0.156512,0.158522,1.100662,-0.148147,0.169447,0.089692
17.940000,-0.286153,-0.247941,1.350699,-0.071723,-0.162570,0.206993,-0.097598,-0.134054,0.834070,0.388300,-0.401652,0.071302,-0.571796,-0.075739,0.722483,0.582435,0.022666,-0.072051,0.618374,-0.107175,1.179009,-0.564933,-0.046661,0.226138,0.153534,0.161934,1.102458,-0.149607,0.171693,0.089931
17.960000,-0.287494,-0.251236,1.354780,-0.062358,-0.167003,0.201074,-0.089803,-0.142065,0.835586,0.391097,-0.399341,0.080182,-0.560071,-0.075197,0.721135,0.590087,0.031535,-0.062607,0.606968,-0.108088,1.183547,-0.575708,-0.044547,0.227544,0.150527,0.165391,1.104259,-0.151150,0.174016,0.090169
17.980000,-0.288647,-0.254620,1.358740,-0.052974,-0.171385,0.194886,-0.081956,-0.150024,0.837277,0.393633,-0.396449,0.088945,-0.548194,-0.074478,0.719982,0.597564,0.040408,-0.052665,0.595346,-0.108957,1.188110,-0.586494,-0.042355,0.228751,0.147488,0.168895,1.106064,-0.152778,0.176416,0.090406
18.000000,-0.289613,-0.258092,1.362573,-0.043571,-0.175717,0.188431,-0.074060,-0.157919,0.839143,0.395908,-0.392976,0.097592,-0.536169,-0.073581,0.719032,0.604865,0.049285,-0.042225,0.583508,-0.109781,1.192695,-0.597292,-0.040085,0.229757,0.144415,0.172448,1.107875,-0.154489,0.178892,0.090643
18.020000,-0.290390,-0.261648,1.366276,-0.034224,-0.179954,0.181749,-0.066121,-0.165739,0.841180,0.397925,-0.388946,0.106100,-0.524001,-0.072507,0.718296,0.611958,0.058118,-0.031325,0.571455,-0.110560,1.197298,-0.608031,-0.037743,0.230521,0.141308,0.176051,1.109690,-0.156286,0.181440,0.090876
18.040000,-0.290982,-0.265289,1.369842,-0.025006,-0.184049,0.174884,-0.058145,-0.173473,0.843385,0.399683,-0.384384,0.114447,-0.511693,-0.071257,0.717782,0.618808,0.066859,-0.020005,0.559188,-0.111291,1.201914,-0.618641,-0.035336,0.231002,0.138163,0.179706,1.111510,-0.158171,0.184052,0.091101
18.060000,-0.291391,-0.269009,1.373270,-0.015919,-0.188003,0.167835,-0.050135,-0.181111,0.845757,0.401183,-0.379288,0.122632,-0.499250,-0.069833,0.717499,0.625417,0.075507,-0.008264,0.546710,-0.111973,1.206537,-0.629122,-0.032862,0.231201,0.134980,0.183413,1.113334,-0.160145,0.186729,0.091318
18.080000,-0.291620,-0.272808,1.376554,-0.006961,-0.191816,0.160603,-0.042099,-0.188641,0.848290,0.402425,-0.373660,0.130657,-0.486678,-0.068237,0.717454,0.631784,0.084062,0.003896,0.534024,-0.112605,1.211160,-0.639473,-0.030324,0.231116,0.131757,0.187175,1.115163,-0.162207,0.189471,0.091527
18.100000,-0.291671,-0.276681,1.379693,0.001866,-0.195488,0.153187,-0.034040,-0.196054,0.850982,0.403409,-0.367499,0.138520,-0.473980,-0.066471,0.717657,0.637908,0.092525,0.016478,0.521132,-0.113185,1.215779,-0.649695,-0.027719,0.230749,0.128491,0.190993,1.116995,-0.164357,0.192278,0.091728
18.120000,-0.291547,-0.280626,1.382681,0.010504,-0.198975,0.145621,-0.025964,-0.203338,0.853829,0.404143,-0.360845,0.146215,-0.461163,-0.064537,0.718116,0.643771,0.100875,0.029407,0.508037,-0.113713,1.220388,-0.659714,-0.025047,0.230064,0.125182,0.194867,1.118832,-0.166586,0.195130,0.091917
18.140000,-0.291252,-0.284639,1.385517,0.018892,-0.202233,0.137941,-0.017876,-0.210484,0.856829,0.404634,-0.353738,0.153735,-0.448231,-0.062437,0.718835,0.649352,0.109088,0.042613,0.494745,-0.114187,1.224980,-0.669457,-0.022303,0.229026,0.121827,0.198798,1.120672,-0.168886,0.198007,0.092090
18.160000,-0.290793,-0.288714,1.388198,0.027029,-0.205262,0.130147,-0.009781,-0.217484,0.859978,0.404883,-0.346179,0.161080,-0.435191,-0.060174,0.719822,0.654651,0.117167,0.056094,0.481261,-0.114605,1.229547,-0.678925,-0.019488,0.227637,0.118426,0.202787,1.122515,-0.171255,0.200910,0.092247
18.180000,-0.290173,-0.292848,1.390722,0.034917,-0.208062,0.122237,-0.001682,-0.224328,0.863271,0.404890,-0.338167,0.168249,-0.422047,-0.057751,0.721081,0.659668,0.125110,0.069852,0.467590,-0.114966,1.234083,-0.688116,-0.016602,0.225895,0.114977,0.206835,1.124362,-0.173694,0.203838,0.092388
18.200000,-0.289398,-0.297035,1.393086,0.042554,-0.210634,0.114212,0.006413,-0.231008,0.866706,0.404654,-0.329701,0.175244,-0.408806,-0.055171,0.722618,0.664403,0.132918,0.083886,0.453738,-0.115268,1.238580,-0.697031,-0.013645,0.223802,0.111478,0.210941,1.126211,-0.176204,0.206792,0.092512
18.220000,-0.288473,-0.301271,1.395290,0.049891,-0.212949,0.106098,0.014502,-0.237514,0.870280,0.404187,-0.320843,0.182061,-0.395473,-0.052435,0.724438,0.668840,0.140585,0.098103,0.439711,-0.115511,1.243032,-0.705617,-0.010624,0.221341,0.107928,0.215106,1.128062,-0.178767,0.209744,0.092626
18.240000,-0.287404,-0.305551,1.397330,0.056878,-0.214979,0.097920,0.022579,-0.243839,0.873988,0.403503,-0.311650,0.188701,-0.382055,-0.049548,0.726543,0.672963,0.148105,0.112412,0.425516,-0.115693,1.247431,-0.713821,-0.007546,0.218498,0.104327,0.219330,1.129916,-0.181368,0.212663,0.092736
18.260000,-0.286200,-0.309869,1.399206,0.063515,-0.216725,0.089679,0.030641,-0.249978,0.877827,0.402600,-0.302124,0.195162,-0.368557,-0.046512,0.728935,0.676774,0.155477,0.126813,0.411161,-0.115813,1.251770,-0.721643,-0.004411,0.215272,0.100673,0.223613,1.131771,-0.184006,0.215551,0.092841
18.280000,-0.284866,-0.314218,1.400917,0.069801,-0.218185,0.081374,0.038682,-0.255922,0.881793,0.401479,-0.292263,0.201446,-0.354986,-0.043330,0.731616,0.680270,0.162703,0.141304,0.396653,-0.115869,1.256040,-0.729083,-0.001219,0.211665,0.096966,0.227952,1.133629,-0.186682,0.218408,0.092941
18.300000,-0.283410,-0.318594,1.402460,0.075737,-0.219361,0.073005,0.046699,-0.261666,0.885883,0.400139,-0.282068,0.207551,-0.341348,-0.040005,0.734588,0.683453,0.169781,0.155888,0.382000,-0.115861,1.260234,-0.736141,0.002030,0.207675,0.093206,0.232349,1.135489,-0.189396,0.221234,0.093037
18.320000,-0.281839,-0.322991,1.403836,0.081290,-0.220234,0.064590,0.054686,-0.267203,0.890094,0.398584,-0.271618,0.213479,-0.327650,-0.036540,0.737851,0.686317,0.176719,0.170475,0.367210,-0.115787,1.264344,-0.742781,0.005325,0.203313,0.089391,0.236801,1.137351,-0.192116,0.223981,0.093136
18.340000,-0.280161,-0.327401,1.405044,0.086427,-0.220787,0.056150,0.062641,-0.272530,0.894421,0.396816,-0.260990,0.219231,-0.313897,-0.032937,0.741406,0.688857,0.183526,0.184979,0.352292,-0.115648,1.268364,-0.748969,0.008655,0.198588,0.085521,0.241307,1.139215,-0.194813,0.226604,0.093246
18.360000,-0.278385,-0.331820,1.406082,0.091148,-0.221021,0.047683,0.070557,-0.277642,0.898862,0.394835,-0.250186,0.224807,-0.300098,-0.029200,0.745250,0.691071,0.190201,0.199399,0.337254,-0.115441,1.272285,-0.754704,0.012018,0.193502,0.081598,0.245865,1.141081,-0.197486,0.229103,0.093367
18.380000,-0.276518,-0.336240,1.406951,0.095452,-0.220934,0.039190,0.078432,-0.282536,0.903412,0.392641,-0.239204,0.230207,-0.286257,-0.025330,0.749381,0.692961,0.196744,0.213737,0.322107,-0.115167,1.276102,-0.759987,0.015415,0.188053,0.077622,0.250471,1.142949,-0.200136,0.231476,0.093498
18.400000,-0.274570,-0.340655,1.407650,0.099339,-0.220528,0.030671,0.086262,-0.287209,0.908069,0.390234,-0.228046,0.235431,-0.272381,-0.021331,0.753799,0.694526,0.203155,0.227991,0.306858,-0.114824,1.279805,-0.764816,0.018846,0.182242,0.073593,0.255123,1.144821,-0.202762,0.233726,0.093641
18.420000,-0.272547,-0.345059,1.408178,0.102806,-0.219812,0.022132,0.094040,-0.291657,0.912828,0.387616,-0.216792,0.240478,-0.258478,-0.017205,0.758500,0.695761,0.209428,0.242077,0.291517,-0.114413,1.283389,-0.769184,0.022305,0.176095,0.069512,0.259818,1.146695,-0.205341,0.235796,0.093792
18.440000,-0.270460,-0.349446,1.408535,0.105845,-0.218795,0.013582,0.101765,-0.295880,0.917687,0.384791,-0.205524,0.245350,-0.244553,-0.012955,0.763480,0.696659,0.215556,0.255909,0.276094,-0.113932,1.286847,-0.773078,0.025785,0.169641,0.065380,0.264553,1.148572,-0.207848,0.237632,0.093950
18.460000,-0.268316,-0.353809,1.408721,0.108457,-0.217478,0.005020,0.109431,-0.299878,0.922641,0.381757,-0.194243,0.250044,-0.230614,-0.008583,0.768735,0.697221,0.221539,0.269488,0.260597,-0.113381,1.290173,-0.776499,0.029286,0.162879,0.061198,0.269322,1.150453,-0.210285,0.239235,0.094116
18.480000,-0.266125,-0.358143,1.408736,0.110642,-0.215860,-0.003555,0.117034,-0.303650,0.927688,0.378516,-0.182948,0.254562,-0.216667,-0.004094,0.774258,0.697446,0.227377,0.282813,0.245037,-0.112760,1.293360,-0.779448,0.032808,0.155810,0.056969,0.274121,1.152337,-0.212650,0.240605,0.094288
18.500000,-0.263894,-0.362441,1.408579,0.112400,-0.213942,-0.012141,0.124570,-0.307196,0.932823,0.375066,-0.171639,0.258904,-0.202718,0.000511,0.780045,0.697335,0.233070,0.295886,0.229422,-0.112069,1.296403,-0.781923,0.036351,0.148432,0.052693,0.278945,1.154225,-0.214945,0.241741,0.094467
18.520000,-0.261631,-0.366698,1.408250,0.113758,-0.211738,-0.020721,0.132035,-0.310516,0.938043,0.371425,-0.160389,0.263072,-0.188775,0.005228,0.786091,0.696881,0.238595,0.308635,0.213763,-0.111306,1.299296,-0.783930,0.039913,0.140791,0.048372,0.283789,1.156116,-0.217145,0.242596,0.094649
18.540000,-0.259346,-0.370909,1.407750,0.114745,-0.209263,-0.029277,0.139426,-0.313612,0.943344,0.367610,-0.149270,0.267070,-0.174845,0.010053,0.792388,0.696077,0.243926,0.320992,0.198068,-0.110472,1.302033,-0.785471,0.043494,0.132929,0.044008,0.288646,1.158011,-0.219230,0.243123,0.094828
18.560000,-0.257044,-0.375067,1.407079,0.115360,-0.206517,-0.037808,0.146738,-0.316487,0.948724,0.363621,-0.138282,0.270897,-0.160935,0.014984,0.798928,0.694924,0.249065,0.332958,0.182347,-0.109566,1.304611,-0.786548,0.047093,0.124846,0.039603,0.293511,1.159909,-0.221199,0.243323,0.095006
18.580000,-0.254734,-0.379168,1.406238,0.115603,-0.203499,-0.046315,0.153969,-0.319144,0.954179,0.359458,-0.127424,0.274554,-0.147051,0.020015,0.805704,0.693420,0.254011,0.344531,0.166609,-0.108588,1.307025,-0.787160,0.050711,0.116543,0.035161,0.298377,1.161811,-0.223052,0.243194,0.095183
18.600000,-0.252422,-0.383205,1.405227,0.115475,-0.200211,-0.054798,0.161116,-0.321585,0.959705,0.355121,-0.116698,0.278040,-0.133200,0.025143,0.812707,0.691567,0.258764,0.355712,0.150864,-0.107538,1.309271,-0.787307,0.054347,0.108019,0.030682,0.303237,1.163716,-0.224789,0.242738,0.095357
18.620000,-0.250117,-0.387174,1.404046,0.115014,-0.196659,-0.063231,0.168173,-0.323813,0.965300,0.350645,-0.106156,0.281360,-0.119390,0.030364,0.819929,0.689362,0.263289,0.366448,0.135120,-0.106414,1.311345,-0.787005,0.057988,0.099345,0.026170,0.308084,1.165625,-0.226403,0.241924,0.095516
18.640000,-0.247824,-0.391070,1.402698,0.114262,-0.192850,-0.071590,0.175141,-0.325833,0.970959,0.346066,-0.095856,0.284519,-0.105628,0.035672,0.827362,0.686803,0.267549,0.376686,0.119387,-0.105218,1.313245,-0.786270,0.061620,0.090592,0.021627,0.312911,1.167537,-0.227888,0.240721,0.095644
18.660000,-0.245548,-0.394887,1.401183,0.113219,-0.188783,-0.079875,0.182015,-0.327649,0.976679,0.341384,-0.085796,0.287517,-0.091921,0.041064,0.834994,0.683890,0.271544,0.386426,0.103672,-0.103950,1.314968,-0.785103,0.065243,0.081759,0.017055,0.317710,1.169450,-0.229243,0.239130,0.095742
18.680000,-0.243297,-0.398620,1.399503,0.111884,-0.184460,-0.088085,0.188795,-0.329267,0.982458,0.336599,-0.075976,0.290353,-0.078275,0.046532,0.842815,0.680623,0.275275,0.395668,0.087985,-0.102609,1.316515,-0.783503,0.068858,0.072847,0.012458,0.322474,1.171366,-0.230470,0.237151,0.095809
18.700000,-0.241075,-0.402263,1.397660,0.110257,-0.179880,-0.096221,0.195479,-0.330690,0.988292,0.331711,-0.066397,0.293028,-0.064698,0.052073,0.850817,0.677002,0.278741,0.404412,0.072335,-0.101195,1.317882,-0.781470,0.072464,0.063855,0.007837,0.327194,1.173283,-0.231567,0.234783,0.095847
18.720000,-0.238888,-0.405813,1.395655,0.108387,-0.175052,-0.104264,0.202063,-0.331924,0.994178,0.326764,-0.057090,0.295542,-0.051197,0.057680,0.858988,0.673033,0.281916,0.412630,0.056729,-0.099710,1.319069,-0.779028,0.076040,0.054865,0.003196,0.331863,1.175200,-0.232535,0.232023,0.095837
18.740000,-0.236741,-0.409264,1.393490,0.106321,-0.169986,-0.112197,0.208549,-0.332975,1.000113,0.321803,-0.048084,0.297894,-0.037779,0.063348,0.867318,0.668722,0.284776,0.420295,0.041176,-0.098154,1.320077,-0.776198,0.079565,0.045955,-0.001463,0.336472,1.177116,-0.233373,0.228865,0.095764
18.760000,-0.234637,-0.412611,1.391168,0.104060,-0.164683,-0.120018,0.214935,-0.333850,1.006093,0.316828,-0.039381,0.300085,-0.024450,0.069069,0.875796,0.664071,0.287319,0.427406,0.025684,-0.096528,1.320908,-0.772981,0.083039,0.037127,-0.006138,0.341015,1.179030,-0.234081,0.225309,0.095627
18.780000,-0.232580,-0.415850,1.388690,0.101604,-0.159141,-0.127729,0.221222,-0.334553,1.012115,0.311839,-0.030980,0.302114,-0.011218,0.074838,0.884411,0.659078,0.289546,0.433964,0.010260,-0.094833,1.321562,-0.769376,0.086462,0.028380,-0.010826,0.345482,1.180940,-0.234660,0.221357,0.095427
18.800000,-0.230574,-0.418975,1.386060,0.098953,-0.153362,-0.135329,0.227409,-0.335091,1.018176,0.306835,-0.022880,0.303981,0.001910,0.080649,0.893151,0.653744,0.291457,0.439970,-0.005089,-0.093070,1.322043,-0.765384,0.089833,0.019715,-0.015524,0.349866,1.182846,-0.235108,0.217006,0.095163
18.820000,-0.228623,-0.421983,1.383278,0.096158,-0.147368,-0.142793,0.233496,-0.335470,1.024273,0.301852,-0.015092,0.305685,0.014929,0.086494,0.902006,0.648075,0.293037,0.445421,-0.020353,-0.091240,1.322352,-0.761024,0.093136,0.011201,-0.020229,0.354160,1.184746,-0.235431,0.212265,0.094817
18.840000,-0.226728,-0.424868,1.380349,0.093271,-0.141181,-0.150099,0.239483,-0.335697,1.030403,0.296926,-0.007624,0.307224,0.027831,0.092368,0.910964,0.642079,0.294271,0.450317,-0.035527,-0.089345,1.322493,-0.756315,0.096351,0.002908,-0.024940,0.358354,1.186638,-0.235630,0.207141,0.094370
18.860000,-0.224892,-0.427629,1.377275,0.090294,-0.134803,-0.157246,0.245373,-0.335777,1.036561,0.292057,-0.000475,0.308598,0.040610,0.098263,0.920015,0.635754,0.295159,0.454659,-0.050603,-0.087386,1.322470,-0.751257,0.099480,-0.005162,-0.029654,0.362443,1.188520,-0.235706,0.201633,0.093822
18.880000,-0.223117,-0.430259,1.374060,0.087225,-0.128233,-0.164233,0.251166,-0.335718,1.042745,0.287244,0.006354,0.309806,0.053259,0.104172,0.929147,0.629102,0.295700,0.458446,-0.065575,-0.085366,1.322288,-0.745851,0.102521,-0.013010,-0.034367,0.366417,1.190391,-0.235658,0.195742,0.093173
18.900000,-0.221404,-0.432757,1.370707,0.084064,-0.121472,-0.171062,0.256863,-0.335525,1.048952,0.282488,0.012864,0.310849,0.065772,0.110089,0.938349,0.622122,0.295896,0.461679,-0.080435,-0.083286,1.321951,-0.740095,0.105476,-0.020636,-0.039079,0.370270,1.192247,-0.235488,0.189467,0.092424
18.920000,-0.219755,-0.435117,1.367219,0.080864,-0.114541,-0.177719,0.262466,-0.335205,1.055178,0.277804,0.019068,0.311729,0.078142,0.116006,0.947611,0.614817,0.295745,0.464371,-0.095177,-0.081148,1.321464,-0.734004,0.108329,-0.027992,-0.043786,0.373993,1.194087,-0.235194,0.182822,0.091556
18.940000,-0.218169,-0.437337,1.363600,0.077675,-0.107463,-0.184190,0.267976,-0.334764,1.061420,0.273209,0.024980,0.312447,0.090363,0.121916,0.956921,0.607192,0.295250,0.466537,-0.109793,-0.078954,1.320833,-0.727591,0.111066,-0.035029,-0.048486,0.377580,1.195908,-0.234778,0.175820,0.090551
18.960000,-0.216648,-0.439415,1.359853,0.074498,-0.100239,-0.190477,0.273395,-0.334208,1.067675,0.268703,0.030600,0.313004,0.102427,0.127813,0.966269,0.599245,0.294410,0.468177,-0.124278,-0.076706,1.320065,-0.720857,0.113688,-0.041747,-0.053176,0.381024,1.197708,-0.234239,0.168460,0.089410
18.980000,-0.215189,-0.441346,1.355982,0.071332,-0.092869,-0.196578,0.278725,-0.333542,1.073939,0.264285,0.035928,0.313400,0.114330,0.133690,0.975644,0.590977,0.293225,0.469291,-0.138625,-0.074407,1.319166,-0.713802,0.116193,-0.048146,-0.057855,0.384316,1.199484,-0.233577,0.160743,0.088132
19.000000,-0.213794,-0.443128,1.351991,0.068177,-0.085352,-0.202495,0.283967,-0.332773,1.080210,0.259955,0.040964,0.313634,0.126064,0.139540,0.985037,0.582389,0.291695,0.469880,-0.152828,-0.072059,1.318141,-0.706425,0.118584,-0.054225,-0.062519,0.387451,1.201232,-0.232793,0.152669,0.086717
19.020000,-0.212462,-0.444759,1.347883,0.065082,-0.077709,-0.208213,0.289123,-0.331905,1.086484,0.255714,0.045726,0.313705,0.137624,0.145356,0.994436,0.573476,0.289834,0.469963,-0.166880,-0.069665,1.316999,-0.698750,0.120854,-0.059962,-0.067166,0.390421,1.202951,-0.231879,0.144256,0.085151
19.040000,-0.211190,-0.446236,1.343664,0.062094,-0.069961,-0.213720,0.294196,-0.330945,1.092757,0.251562,0.050232,0.313609,0.149001,0.151131,1.003832,0.564237,0.287659,0.469562,-0.180776,-0.067226,1.315745,-0.690798,0.123002,-0.065330,-0.071793,0.393219,1.204637,-0.230829,0.135521,0.083419
19.060000,-0.209977,-0.447557,1.339336,0.059214,-0.062107,-0.219016,0.299186,-0.329898,1.099027,0.247497,0.054482,0.313346,0.160191,0.156860,1.013215,0.554672,0.285167,0.468677,-0.194510,-0.064745,1.314388,-0.682569,0.125027,-0.070330,-0.076398,0.395840,1.206287,-0.229643,0.126466,0.081522
19.080000,-0.208821,-0.448720,1.334904,0.056440,-0.054148,-0.224100,0.304097,-0.328768,1.105290,0.243521,0.058476,0.312918,0.171186,0.162536,1.022576,0.544780,0.282361,0.467307,-0.208077,-0.062225,1.312935,-0.674065,0.126929,-0.074963,-0.080978,0.398276,1.207897,-0.228320,0.117089,0.079460
19.100000,-0.207719,-0.449722,1.330373,0.053774,-0.046083,-0.228974,0.308928,-0.327561,1.111543,0.239633,0.062213,0.312323,0.181980,0.168152,1.031904,0.534563,0.279239,0.465453,-0.221471,-0.059669,1.311392,-0.665283,0.128708,-0.079227,-0.085530,0.400521,1.209464,-0.226861,0.107391,0.077232
19.120000,-0.206669,-0.450562,1.325747,0.051266,-0.037933,-0.233624,0.313682,-0.326281,1.117782,0.235836,0.065708,0.311563,0.192566,0.173703,1.041191,0.524021,0.275824,0.463146,-0.234687,-0.057078,1.309768,-0.656250,0.130365,-0.083119,-0.090051,0.402569,1.210985,-0.225252,0.097401,0.074831
19.140000,-0.205667,-0.451239,1.321030,0.048965,-0.029720,-0.238039,0.318362,-0.324934,1.124004,0.232129,0.068973,0.310640,0.202939,0.179184,1.050427,0.513159,0.272138,0.460414,-0.247720,-0.054455,1.308070,-0.646990,0.131904,-0.086633,-0.094539,0.404415,1.212456,-0.223477,0.087144,0.072249
19.160000,-0.204709,-0.451751,1.316227,0.046873,-0.021444,-0.242219,0.322968,-0.323524,1.130206,0.228514,0.072007,0.309554,0.213091,0.184587,1.059605,0.501975,0.268182,0.457259,-0.260565,-0.051803,1.306305,-0.637503,0.133322,-0.089770,-0.098989,0.406053,1.213874,-0.221536,0.076623,0.069485
19.180000,-0.203791,-0.452096,1.311343,0.044988,-0.013105,-0.246164,0.327503,-0.322055,1.136385,0.224991,0.074812,0.308304,0.223016,0.189909,1.068715,0.490471,0.263956,0.453680,-0.273218,-0.049123,1.304482,-0.627789,0.134621,-0.092529,-0.103399,0.407478,1.215234,-0.219431,0.065836,0.066540
19.200000,-0.202908,-0.452275,1.306382,0.043311,-0.004701,-0.249874,0.331968,-0.320533,1.142537,0.221559,0.077386,0.306892,0.232707,0.195144,1.077749,0.478645,0.259460,0.449677,-0.285675,-0.046419,1.302607,-0.617847,0.135800,-0.094911,-0.107765,0.408685,1.216534,-0.217159,0.054784,0.063415
19.220000,-0.202057,-0.452284,1.301349,0.041896,0.003750,-0.253339,0.336366,-0.318961,1.148660,0.218221,0.079746,0.305324,0.242159,0.200286,1.086699,0.466522,0.254724,0.445286,-0.297931,-0.043692,1.300688,-0.607714,0.136868,-0.096928,-0.112084,0.409668,1.217770,-0.214713,0.043520,0.060111
19.240000,-0.201230,-0.452124,1.296250,0.040794,0.012234,-0.256553,0.340698,-0.317344,1.154749,0.214979,0.081908,0.303609,0.251366,0.205331,1.095558,0.454126,0.249780,0.440542,-0.309983,-0.040945,1.298732,-0.597426,0.137832,-0.098592,-0.116353,0.410425,1.218937,-0.212081,0.032095,0.056632
19.260000,-0.200423,-0.451794,1.291089,0.040006,0.020752,-0.259514,0.344966,-0.315686,1.160803,0.211832,0.083870,0.301747,0.260323,0.210276,1.104319,0.441457,0.244627,0.435446,-0.321827,-0.038179,1.296746,-0.586983,0.138692,-0.099905,-0.120566,0.410951,1.220034,-0.209263,0.020510,0.052978
19.280000,-0.199628,-0.451294,1.285871,0.039532,0.029303,-0.262222,0.349172,-0.313991,1.166818,0.208780,0.085634,0.299737,0.269023,0.215115,1.112974,0.428514,0.239267,0.429996,-0.333461,-0.035398,1.294738,-0.576385,0.139448,-0.100865,-0.124722,0.411244,1.221055,-0.206261,0.008765,0.049149
19.300000,-0.198839,-0.450622,1.280602,0.039372,0.037887,-0.264678,0.353318,-0.312262,1.172792,0.205824,0.087199,0.297579,0.277461,0.219845,1.121516,0.415298,0.233698,0.424194,-0.344881,-0.032602,1.292714,-0.565631,0.140100,-0.101472,-0.128815,0.411301,1.221999,-0.203072,-0.003140,0.045146
19.320000,-0.198051,-0.449778,1.275286,0.039580,0.046498,-0.266891,0.357406,-0.310504,1.178720,0.202964,0.088577,0.295281,0.285633,0.224462,1.129939,0.401861,0.227955,0.418084,-0.356085,-0.029794,1.290681,-0.554767,0.140662,-0.101752,-0.132843,0.411118,1.222860,-0.199694,-0.015127,0.041001
19.340000,-0.197253,-0.448762,1.269928,0.040209,0.055131,-0.268869,0.361437,-0.308720,1.184602,0.200198,0.089780,0.292848,0.293535,0.228962,1.138238,0.388257,0.222073,0.411710,-0.367072,-0.026976,1.288646,-0.543840,0.141150,-0.101729,-0.136802,0.410695,1.223638,-0.196121,-0.027118,0.036746
19.360000,-0.196439,-0.447573,1.264532,0.041260,0.063785,-0.270613,0.365414,-0.306914,1.190433,0.197528,0.090809,0.290281,0.301162,0.233344,1.146406,0.374484,0.216052,0.405073,-0.377839,-0.024149,1.286614,-0.532849,0.141562,-0.101402,-0.140687,0.410033,1.224329,-0.192353,-0.039114,0.032384
19.380000,-0.195600,-0.446211,1.259105,0.042732,0.072461,-0.272123,0.369339,-0.305089,1.196212,0.194952,0.091662,0.287580,0.308513,0.237603,1.154439,0.360544,0.209892,0.398173,-0.388385,-0.021314,1.284592,-0.521794,0.141899,-0.100772,-0.144495,0.409131,1.224933,-0.188391,-0.051115,0.027912
19.400000,-0.194727,-0.444674,1.253649,0.044626,0.081159,-0.273399,0.373213,-0.303249,1.201936,0.192472,0.092340,0.284744,0.315583,0.241738,1.162331,0.346435,0.203592,0.391010,-0.398710,-0.018473,1.282585,-0.510675,0.142161,-0.099839,-0.148221,0.407989,1.225445,-0.184235,-0.063119,0.023332
19.420000,-0.193812,-0.442964,1.248170,0.046979,0.089851,-0.274471,0.377038,-0.301396,1.207601,0.190090,0.092862,0.281777,0.322370,0.245746,1.170078,0.332219,0.197183,0.383646,-0.408812,-0.015628,1.280600,-0.499542,0.142366,-0.098633,-0.151863,0.406607,1.225865,-0.179898,-0.075040,0.018691
19.440000,-0.192845,-0.441081,1.242671,0.049832,0.098511,-0.275369,0.380817,-0.299535,1.213206,0.187810,0.093246,0.278681,0.328871,0.249625,1.177676,0.317958,0.190695,0.376143,-0.418692,-0.012779,1.278642,-0.488444,0.142530,-0.097182,-0.155416,0.404988,1.226193,-0.175393,-0.086789,0.014037
19.460000,-0.191816,-0.439024,1.237156,0.053183,0.107139,-0.276093,0.384551,-0.297667,1.218748,0.185632,0.093492,0.275456,0.335088,0.253374,1.185123,0.303650,0.184127,0.368502,-0.428350,-0.009927,1.276715,-0.477381,0.142655,-0.095486,-0.158878,0.403136,1.226427,-0.170722,-0.098366,0.009371
19.480000,-0.190714,-0.436795,1.231629,0.057033,0.115734,-0.276643,0.388243,-0.295796,1.224223,0.183557,0.093600,0.272101,0.341017,0.256990,1.192415,0.289295,0.177481,0.360722,-0.437787,-0.007073,1.274824,-0.466354,0.142739,-0.093547,-0.162244,0.401055,1.226568,-0.165884,-0.109770,0.004692
19.500000,-0.189531,-0.434395,1.226092,0.061382,0.124297,-0.277019,0.391894,-0.293924,1.229631,0.181583,0.093569,0.268618,0.346659,0.260472,1.199551,0.274895,0.170754,0.352803,-0.447004,-0.004218,1.272974,-0.455362,0.142783,-0.091363,-0.165512,0.398747,1.226615,-0.160879,-0.121002,0.000001
19.520000,-0.188256,-0.431824,1.220549,0.066241,0.132784,-0.277261,0.395507,-0.292054,1.234967,0.179724,0.093426,0.265005,0.352013,0.263820,1.206527,0.260508,0.163972,0.344808,-0.456002,-0.001362,1.271171,-0.444455,0.142801,-0.088964,-0.168678,0.396216,1.226568,-0.155733,-0.131987,-0.004666
19.540000,-0.186878,-0.429084,1.215002,0.071623,0.141153,-0.277409,0.399084,-0.290188,1.240230,0.177990,0.093195,0.261263,0.357080,0.267031,1.213343,0.246195,0.157157,0.336796,-0.464783,0.001494,1.269417,-0.433684,0.142806,-0.086377,-0.171740,0.393469,1.226428,-0.150470,-0.142651,-0.009269
19.560000,-0.185387,-0.426179,1.209453,0.077527,0.149402,-0.277462,0.402628,-0.288327,1.245417,0.176381,0.092876,0.257392,0.361861,0.270106,1.219999,0.231956,0.150310,0.328770,-0.473351,0.004350,1.267717,-0.423047,0.142799,-0.083604,-0.174696,0.390512,1.226197,-0.145092,-0.152994,-0.013809
19.580000,-0.183773,-0.423109,1.203904,0.083954,0.157532,-0.277421,0.406140,-0.286473,1.250525,0.174899,0.092469,0.253391,0.366359,0.273043,1.226494,0.217790,0.143431,0.320727,-0.481706,0.007206,1.266074,-0.412546,0.142780,-0.080643,-0.177543,0.387352,1.225876,-0.139597,-0.163015,-0.018287
19.600000,-0.182026,-0.419878,1.198357,0.090903,0.165544,-0.277286,0.409624,-0.284629,1.255552,0.173542,0.091975,0.249261,0.370573,0.275843,1.232828,0.203698,0.136519,0.312669,-0.489853,0.010061,1.264492,-0.402180,0.142748,-0.077496,-0.180279,0.383994,1.225466,-0.133986,-0.172714,-0.022701
19.620000,-0.180134,-0.416488,1.192813,0.098336,0.173397,-0.277078,0.413083,-0.282795,1.260494,0.172320,0.091411,0.244999,0.374508,0.278504,1.239001,0.189753,0.129590,0.304646,-0.497795,0.012916,1.262975,-0.391991,0.142710,-0.074188,-0.182902,0.380445,1.224969,-0.128284,-0.182057,-0.027031
19.640000,-0.178089,-0.412943,1.187274,0.106213,0.181054,-0.276819,0.416518,-0.280973,1.265351,0.171242,0.090798,0.240602,0.378165,0.281026,1.245014,0.176027,0.122657,0.296706,-0.505534,0.015770,1.261526,-0.382021,0.142670,-0.070744,-0.185410,0.376714,1.224386,-0.122516,-0.191006,-0.031256
19.660000,-0.175882,-0.409247,1.181741,0.114535,0.188513,-0.276509,0.419933,-0.279163,1.270118,0.170307,0.090134,0.236072,0.381550,0.283410,1.250869,0.162521,0.115722,0.288850,-0.513077,0.018623,1.260146,-0.372270,0.142629,-0.067165,-0.187802,0.372808,1.223719,-0.116681,-0.199561,-0.035375
19.680000,-0.173505,-0.405404,1.176214,0.123302,0.195775,-0.276149,0.423331,-0.277368,1.274793,0.169515,0.089421,0.231407,0.384667,0.285655,1.256569,0.149235,0.108784,0.281078,-0.520427,0.021475,1.258840,-0.362737,0.142586,-0.063451,-0.190077,0.368734,1.222972,-0.110780,-0.207724,-0.039389
19.700000,-0.170947,-0.401418,1.170695,0.132513,0.202840,-0.275737,0.426715,-0.275587,1.279373,0.168867,0.088658,0.226608,0.387521,0.287761,1.262113,0.136169,0.101843,0.273390,-0.527588,0.024326,1.257609,-0.353424,0.142542,-0.059601,-0.192233,0.364502,1.222144,-0.104813,-0.215492,-0.043297
19.720000,-0.168202,-0.397292,1.165185,0.142073,0.209688,-0.275277,0.430087,-0.273822,1.283856,0.168349,0.087861,0.221667,0.390116,0.289729,1.267505,0.123395,0.094903,0.265820,-0.534565,0.027177,1.256457,-0.344338,0.142503,-0.055644,-0.194269,0.360117,1.221240,-0.098808,-0.222852,-0.047101
19.740000,-0.165263,-0.393032,1.159685,0.151886,0.216298,-0.274768,0.433450,-0.272073,1.288239,0.167948,0.087046,0.216577,0.392459,0.291558,1.272747,0.110986,0.087970,0.258401,-0.541363,0.030026,1.255384,-0.335489,0.142476,-0.051608,-0.196185,0.355590,1.220261,-0.092795,-0.229784,-0.050803
19.760000,-0.162125,-0.388642,1.154195,0.161953,0.222671,-0.274213,0.436806,-0.270340,1.292518,0.167665,0.086214,0.211339,0.394558,0.293248,1.277842,0.098941,0.081042,0.251135,-0.547986,0.032876,1.254393,-0.326877,0.142460,-0.047494,-0.197981,0.350929,1.219209,-0.086774,-0.236291,-0.054401
19.780000,-0.158783,-0.384127,1.148716,0.172274,0.228806,-0.273610,0.440157,-0.268624,1.296691,0.167498,0.085364,0.205951,0.396419,0.294799,1.282793,0.087261,0.074121,0.244021,-0.554440,0.035725,1.253485,-0.318501,0.142455,-0.043301,-0.199656,0.346141,1.218086,-0.080744,-0.242371,-0.057896
19.800000,-0.155232,-0.379491,1.143251,0.182847,0.234705,-0.272959,0.443506,-0.266925,1.300755,0.167449,0.084497,0.200415,0.398051,0.296213,1.287604,0.075945,0.067206,0.237058,-0.560728,0.038574,1.252661,-0.310361,0.142462,-0.039029,-0.201211,0.341237,1.216894,-0.074706,-0.248025,-0.061288
19.820000,-0.151468,-0.374740,1.137798,0.193577,0.240361,-0.272256,0.446856,-0.265244,1.304707,0.167484,0.083618,0.194724,0.399460,0.297488,1.292277,0.065047,0.060311,0.230267,-0.566855,0.041424,1.251924,-0.302413,0.142486,-0.034710,-0.202645,0.336223,1.215635,-0.068693,-0.253256,-0.064596
19.840000,-0.147489,-0.369878,1.132361,0.204365,0.245770,-0.271494,0.450206,-0.263581,1.308543,0.167571,0.082732,0.188873,0.400656,0.298625,1.296816,0.054617,0.053448,0.223667,-0.572825,0.044274,1.251273,-0.294614,0.142535,-0.030377,-0.203959,0.331109,1.214310,-0.062738,-0.258067,-0.067839
19.860000,-0.143293,-0.364911,1.126939,0.215212,0.250934,-0.270673,0.453559,-0.261935,1.312261,0.167709,0.081839,0.182863,0.401648,0.299626,1.301225,0.044658,0.046619,0.217257,-0.578641,0.047125,1.250709,-0.286963,0.142608,-0.026029,-0.205155,0.325903,1.212922,-0.056840,-0.262458,-0.071016
19.880000,-0.138880,-0.359843,1.121534,0.226117,0.255850,-0.269794,0.456915,-0.260307,1.315857,0.167898,0.080939,0.176692,0.402445,0.300490,1.305507,0.035167,0.039822,0.211038,-0.584305,0.049978,1.250232,-0.279459,0.142706,-0.021666,-0.206233,0.320614,1.211470,-0.051001,-0.266429,-0.074127
19.900000,-0.134248,-0.354678,1.116148,0.237080,0.260520,-0.268857,0.460275,-0.258698,1.319327,0.168140,0.080032,0.170361,0.403057,0.301219,1.309668,0.026146,0.033058,0.205010,-0.589820,0.052833,1.249843,-0.272104,0.142828,-0.017289,-0.207195,0.315249,1.209957,-0.045219,-0.269980,-0.077173
19.920000,-0.129397,-0.349423,1.110780,0.248012,0.264953,-0.267855,0.463640,-0.257106,1.322670,0.168382,0.079111,0.163874,0.403494,0.301813,1.313709,0.017598,0.026352,0.199177,-0.595190,0.055691,1.249540,-0.264820,0.142978,-0.012930,-0.208042,0.309817,1.208384,-0.039513,-0.273126,-0.080169
19.940000,-0.124328,-0.344082,1.105434,0.258821,0.269161,-0.266783,0.467010,-0.255533,1.325881,0.168577,0.078172,0.157234,0.403765,0.302274,1.317636,0.009529,0.019731,0.193543,-0.600413,0.058553,1.249325,-0.257532,0.143160,-0.008621,-0.208776,0.304327,1.206750,-0.033901,-0.275884,-0.083130
19.960000,-0.119045,-0.338658,1.100110,0.269508,0.273144,-0.265640,0.470383,-0.253979,1.328958,0.168724,0.077212,0.150442,0.403878,0.302603,1.321452,0.001937,0.013194,0.188109,-0.605491,0.061418,1.249195,-0.250239,0.143373,-0.004363,-0.209399,0.298785,1.205059,-0.028384,-0.278254,-0.086056
19.980000,-0.113549,-0.333158,1.094809,0.280072,0.276901,-0.264427,0.473759,-0.252445,1.331898,0.168822,0.076233,0.143497,0.403845,0.302802,1.325162,-0.005178,0.006740,0.182874,-0.610423,0.064288,1.249150,-0.242941,0.143618,-0.000155,-0.209912,0.293199,1.203308,-0.022961,-0.280235,-0.088947
20.000000,-0.107843,-0.327584,1.089533,0.290514,0.280432,-0.263144,0.477136,-0.250930,1.334697,0.168873,0.075234,0.136399,0.403675,0.302873,1.328768,-0.011814,0.000371,0.177839,-0.615208,0.067163,1.249189,-0.235638,0.143895,0.004002,-0.210318,0.287578,1.201501,-0.017632,-0.281829,-0.091804
20.020000,-0.101930,-0.321942,1.084283,0.300759,0.283747,-0.261791,0.480513,-0.249436,1.337353,0.168817,0.074197,0.129159,0.403376,0.302818,1.332276,-0.018024,-0.005880,0.172999,-0.619848,0.070044,1.249310,-0.228248,0.144204,0.008084,-0.210618,0.281928,1.199637,-0.012416,-0.283058,-0.094634
20.040000,-0.095814,-0.316235,1.079062,0.310733,0.286855,-0.260368,0.483887,-0.247963,1.339863,0.168593,0.073103,0.121786,0.402956,0.302639,1.335690,-0.023858,-0.011979,0.168351,-0.624337,0.072931,1.249511,-0.220689,0.144544,0.012063,-0.210815,0.276258,1.197716,-0.007329,-0.283950,-0.097447
20.060000,-0.089502,-0.310469,1.073869,0.320436,0.289757,-0.258876,0.487255,-0.246512,1.342223,0.168204,0.071954,0.114280,0.402424,0.302339,1.339012,-0.029316,-0.017927,0.163895,-0.628674,0.075826,1.249792,-0.212960,0.144915,0.015942,-0.210912,0.270573,1.195739,-0.002373,-0.284504,-0.100243
20.080000,-0.082999,-0.304646,1.068707,0.329867,0.292453,-0.257314,0.490614,-0.245085,1.344433,0.167648,0.070748,0.106641,0.401786,0.301923,1.342247,-0.034398,-0.023722,0.159631,-0.632854,0.078728,1.250148,-0.205061,0.145318,0.019718,-0.210911,0.264880,1.193706,0.002454,-0.284720,-0.103021
20.100000,-0.076309,-0.298772,1.063577,0.339028,0.294941,-0.255683,0.493960,-0.243683,1.346488,0.166925,0.069485,0.098869,0.401050,0.301391,1.345398,-0.039105,-0.029366,0.155559,-0.636875,0.081639,1.250580,-0.196993,0.145752,0.023393,-0.210815,0.259186,1.191618,0.007150,-0.284597,-0.105783
20.120000,-0.069440,-0.292850,1.058480,0.347865,0.297237,-0.253980,0.497290,-0.242306,1.348387,0.165973,0.068138,0.090994,0.400224,0.300749,1.348470,-0.043518,-0.034849,0.151676,-0.640733,0.084558,1.251083,-0.188687,0.146212,0.026955,-0.210626,0.253498,1.189475,0.011703,-0.284181,-0.108525
20.140000,-0.062397,-0.286884,1.053418,0.356329,0.299351,-0.252201,0.500597,-0.240958,1.350128,0.164729,0.066678,0.083048,0.399311,0.299999,1.351467,-0.047721,-0.040161,0.147980,-0.644421,0.087487,1.251657,-0.180073,0.146692,0.030394,-0.210348,0.247820,1.187277,0.016099,-0.283516,-0.111248
20.160000,-0.055189,-0.280877,1.048393,0.364418,0.301285,-0.250347,0.503877,-0.239640,1.351708,0.163194,0.065105,0.075030,0.398316,0.299144,1.354391,-0.051713,-0.045303,0.144472,-0.647933,0.090426,1.252298,-0.171152,0.147192,0.033709,-0.209983,0.242159,1.185025,0.020337,-0.282601,-0.113951
20.180000,-0.047823,-0.274834,1.043405,0.372132,0.303038,-0.248418,0.507123,-0.238354,1.353128,0.161366,0.063419,0.066940,0.397244,0.298188,1.357247,-0.055494,-0.050275,0.141152,-0.651265,0.093375,1.253005,-0.161924,0.147712,0.036901,-0.209535,0.236518,1.182719,0.024418,-0.281436,-0.116634
20.200000,-0.040306,-0.268757,1.038457,0.379472,0.304610,-0.246413,0.510330,-0.237104,1.354386,0.159247,0.061620,0.058778,0.396098,0.297134,1.360038,-0.059065,-0.055076,0.138018,-0.654408,0.096335,1.253773,-0.152388,0.148253,0.039968,-0.209007,0.230903,1.180360,0.028341,-0.280022,-0.119298
20.220000,-0.032647,-0.262650,1.033549,0.386415,0.306025,-0.244323,0.513491,-0.235890,1.355479,0.156790,0.059694,0.050583,0.394882,0.295986,1.362769,-0.062515,-0.059743,0.135079,-0.657358,0.099305,1.254603,-0.142511,0.148797,0.042916,-0.208403,0.225318,1.177948,0.032089,-0.278436,-0.121919
20.240000,-0.024852,-0.256517,1.028684,0.392941,0.307307,-0.242137,0.516599,-0.234717,1.356409,0.153951,0.057625,0.042396,0.393597,0.294745,1.365443,-0.065936,-0.064309,0.132340,-0.660106,0.102287,1.255489,-0.132258,0.149328,0.045748,-0.207725,0.219766,1.175484,0.035641,-0.276756,-0.124476
20.260000,-0.016932,-0.250359,1.023864,0.399048,0.308456,-0.239855,0.519646,-0.233586,1.357175,0.150729,0.055414,0.034217,0.392245,0.293414,1.368064,-0.069328,-0.068776,0.129801,-0.662646,0.105278,1.256432,-0.121629,0.149847,0.048463,-0.206979,0.214249,1.172969,0.038999,-0.274980,-0.126969
20.280000,-0.008893,-0.244180,1.019091,0.404736,0.309472,-0.237477,0.522625,-0.232501,1.357778,0.147124,0.053061,0.026045,0.390825,0.291994,1.370636,-0.072691,-0.073143,0.127462,-0.664969,0.108281,1.257427,-0.110625,0.150354,0.051063,-0.206167,0.208768,1.170405,0.042163,-0.273110,-0.129399
20.300000,-0.000745,-0.237981,1.014366,0.410007,0.310355,-0.235004,0.525529,-0.231465,1.358217,0.143137,0.050565,0.017880,0.389337,0.290489,1.373163,-0.076024,-0.077411,0.125323,-0.667068,0.111293,1.258473,-0.099244,0.150847,0.053546,-0.205293,0.203325,1.167793,0.045131,-0.271146,-0.131764
20.320000,0.007504,-0.231766,1.009691,0.414839,0.311138,-0.232417,0.528348,-0.230480,1.358493,0.138734,0.047938,0.009763,0.387783,0.288898,1.375650,-0.079411,-0.081644,0.123390,-0.668936,0.114314,1.259568,-0.087488,0.151302,0.055928,-0.204363,0.197922,1.165135,0.047889,-0.269183,-0.134020
20.340000,0.015845,-0.225536,1.005070,0.419213,0.311853,-0.229700,0.531075,-0.229548,1.358608,0.133883,0.045190,0.001733,0.386160,0.287223,1.378100,-0.082935,-0.085907,0.121666,-0.670565,0.117344,1.260710,-0.075356,0.151692,0.058225,-0.203379,0.192557,1.162434,0.050418,-0.267317,-0.136124
20.360000,0.024270,-0.219292,1.000504,0.423129,0.312501,-0.226853,0.533700,-0.228673,1.358563,0.128585,0.042322,-0.006208,0.384465,0.285462,1.380518,-0.086596,-0.090202,0.120153,-0.671948,0.120381,1.261897,-0.062848,0.152016,0.060437,-0.202348,0.187229,1.159691,0.052720,-0.265548,-0.138074
20.380000,0.032768,-0.213036,0.995997,0.426588,0.313082,-0.223876,0.536215,-0.227856,1.358360,0.122838,0.039334,-0.014063,0.382695,0.283615,1.382908,-0.090394,-0.094527,0.118850,-0.673077,0.123424,1.263127,-0.049964,0.152274,0.062564,-0.201272,0.181934,1.156912,0.054793,-0.263876,-0.139871
20.400000,0.041330,-0.206769,0.991550,0.429588,0.313595,-0.220769,0.538611,-0.227100,1.358001,0.116644,0.036226,-0.021830,0.380848,0.281680,1.385274,-0.094330,-0.098882,0.117758,-0.673944,0.126472,1.264399,-0.036704,0.152467,0.064606,-0.200157,0.176673,1.154098,0.056639,-0.262301,-0.141516
20.420000,0.049948,-0.200493,0.987167,0.432118,0.314071,-0.217507,0.540878,-0.226407,1.357488,0.110009,0.033046,-0.029473,0.378921,0.279659,1.387620,-0.098467,-0.103336,0.116877,-0.674543,0.129522,1.265711,-0.023094,0.152563,0.066586,-0.199008,0.171441,1.151252,0.058242,-0.260919,-0.142954
20.440000,0.058612,-0.194207,0.982851,0.434167,0.314539,-0.214065,0.543008,-0.225779,1.356823,0.102938,0.029845,-0.036959,0.376908,0.277546,1.389950,-0.102871,-0.107956,0.116211,-0.674866,0.132574,1.267062,-0.009160,0.152528,0.068528,-0.197829,0.166234,1.148381,0.059585,-0.259825,-0.144135
20.460000,0.067311,-0.187911,0.978606,0.435734,0.314998,-0.210442,0.544993,-0.225214,1.356011,0.095431,0.026623,-0.044285,0.374804,0.275339,1.392270,-0.107542,-0.112743,0.115759,-0.674907,0.135623,1.268452,0.005097,0.152363,0.070433,-0.196626,0.161046,1.145489,0.060670,-0.259021,-0.145057
20.480000,0.076038,-0.181607,0.974434,0.436819,0.315450,-0.206640,0.546823,-0.224714,1.355053,0.087490,0.023379,-0.051454,0.372604,0.273035,1.394582,-0.112480,-0.117695,0.115521,-0.674660,0.138667,1.269879,0.019679,0.152067,0.072300,-0.195404,0.155871,1.142581,0.061496,-0.258505,-0.145721
20.500000,0.084781,-0.175293,0.970341,0.437423,0.315894,-0.202657,0.548489,-0.224279,1.353953,0.079113,0.020114,-0.058464,0.370303,0.270630,1.396892,-0.117684,-0.122814,0.115496,-0.674117,0.141705,1.271343,0.034585,0.151642,0.074130,-0.194168,0.150704,1.139662,0.062063,-0.258278,-0.146127
20.520000,0.093531,-0.168971,0.966330,0.437550,0.316363,-0.198477,0.549985,-0.223909,1.352716,0.070334,0.016910,-0.065286,0.367895,0.268121,1.399203,-0.123200,-0.128135,0.115681,-0.673274,0.144732,1.272844,0.049773,0.151067,0.075943,-0.192924,0.145538,1.136738,0.062358,-0.258394,-0.146225
20.540000,0.102280,-0.162638,0.962404,0.437204,0.316890,-0.194082,0.551300,-0.223601,1.351343,0.061188,0.013850,-0.071890,0.365373,0.265503,1.401520,-0.129071,-0.133694,0.116071,-0.672125,0.147746,1.274381,0.065204,0.150323,0.077761,-0.191676,0.140366,1.133815,0.062370,-0.258908,-0.145966
20.560000,0.111016,-0.156295,0.958568,0.436386,0.317473,-0.189472,0.552430,-0.223354,1.349841,0.051675,0.010934,-0.078276,0.362730,0.262772,1.403847,-0.135296,-0.139490,0.116664,-0.670665,0.150744,1.275954,0.080877,0.149410,0.079584,-0.190431,0.135179,1.130901,0.062098,-0.259819,-0.145351
20.580000,0.119732,-0.149939,0.954826,0.435096,0.318115,-0.184647,0.553365,-0.223163,1.348214,0.041794,0.008163,-0.084445,0.359959,0.259922,1.406188,-0.141876,-0.145525,0.117461,-0.668888,0.153721,1.277564,0.096791,0.148329,0.081413,-0.189194,0.129970,1.128003,0.061542,-0.261127,-0.144378
20.600000,0.128417,-0.143570,0.951183,0.433334,0.318814,-0.179607,0.554099,-0.223026,1.346465,0.031545,0.005536,-0.090396,0.357052,0.256949,1.408547,-0.148811,-0.151797,0.118463,-0.666791,0.156676,1.279211,0.112948,0.147078,0.083246,-0.187971,0.124731,1.125129,0.060702,-0.262834,-0.143049
20.620000,0.137062,-0.137186,0.947643,0.431116,0.319592,-0.174343,0.554625,-0.222940,1.344600,0.020974,0.003126,-0.096103,0.354004,0.253849,1.410928,-0.156107,-0.158293,0.119649,-0.664369,0.159603,1.280894,0.129293,0.145652,0.085099,-0.186768,0.119454,1.122284,0.059590,-0.264955,-0.141334
20.640000,0.145659,-0.130786,0.944211,0.428458,0.320472,-0.168843,0.554936,-0.222899,1.342623,0.010125,0.001009,-0.101541,0.350806,0.250616,1.413334,-0.163770,-0.164997,0.121000,-0.661619,0.162501,1.282615,0.145771,0.144045,0.086985,-0.185589,0.114130,1.119478,0.058215,-0.267509,-0.139201
20.660000,0.154198,-0.124366,0.940891,0.425359,0.321452,-0.163109,0.555028,-0.222898,1.340540,-0.001002,-0.000817,-0.106710,0.347450,0.247247,1.415769,-0.171800,-0.171910,0.122516,-0.658537,0.165364,1.284374,0.162383,0.142257,0.088903,-0.184441,0.108751,1.116719,0.056577,-0.270496,-0.136651
20.680000,0.162670,-0.117927,0.937688,0.421821,0.322535,-0.157140,0.554894,-0.222930,1.338356,-0.012406,-0.002351,-0.111609,0.343931,0.243738,1.418236,-0.180197,-0.179031,0.124198,-0.655122,0.168190,1.286172,0.179129,0.140287,0.090854,-0.183328,0.103307,1.114015,0.054678,-0.273917,-0.133685
20.700000,0.171068,-0.111464,0.934607,0.417843,0.323718,-0.150936,0.554530,-0.222990,1.336077,-0.024087,-0.003593,-0.116239,0.340240,0.240085,1.420738,-0.188962,-0.186361,0.126044,-0.651371,0.170974,1.288008,0.196009,0.138136,0.092838,-0.182255,0.097791,1.111374,0.052517,-0.277769,-0.130302
20.720000,0.179381,-0.104977,0.931652,0.413453,0.325013,-0.144486,0.553929,-0.223072,1.333709,-0.036014,-0.004508,-0.120581,0.336370,0.236283,1.423279,-0.198058,-0.193844,0.128018,-0.647282,0.173714,1.289885,0.212961,0.135804,0.094858,-0.181229,0.092194,1.108805,0.050124,-0.282028,-0.126494
20.740000,0.187603,-0.098463,0.928829,0.408683,0.326428,-0.137781,0.553088,-0.223168,1.331256,-0.048153,-0.005061,-0.124617,0.332316,0.232330,1.425860,-0.207452,-0.201427,0.130084,-0.642853,0.176405,1.291803,0.229923,0.133292,0.096918,-0.180252,0.086508,1.106317,0.047532,-0.286663,-0.122255
20.760000,0.195726,-0.091919,0.926143,0.403531,0.327965,-0.130821,0.552001,-0.223272,1.328726,-0.060505,-0.005251,-0.128348,0.328070,0.228225,1.428483,-0.217143,-0.209110,0.132241,-0.638085,0.179044,1.293762,0.246896,0.130599,0.099018,-0.179329,0.080725,1.103918,0.044740,-0.291677,-0.117584
20.780000,0.203742,-0.085344,0.923598,0.397998,0.329621,-0.123604,0.550666,-0.223376,1.326124,-0.073069,-0.005079,-0.131773,0.323628,0.223965,1.431150,-0.227130,-0.216891,0.134490,-0.632977,0.181628,1.295764,0.263879,0.127726,0.101158,-0.178463,0.074838,1.101617,0.041748,-0.297067,-0.112481
20.800000,0.211643,-0.078734,0.921200,0.392084,0.331399,-0.116132,0.549077,-0.223472,1.323457,-0.085846,-0.004544,-0.134891,0.318983,0.219549,1.433863,-0.237415,-0.224772,0.136829,-0.627529,0.184152,1.297809,0.280872,0.124673,0.103337,-0.177660,0.068840,1.099422,0.038556,-0.302836,-0.106945
20.820000,0.219423,-0.072087,0.918955,0.385832,0.333298,-0.108395,0.547231,-0.223555,1.320731,-0.098810,-0.003653,-0.137691,0.314130,0.214974,1.436623,-0.247939,-0.232681,0.139223,-0.621742,0.186614,1.299898,0.297807,0.121439,0.105552,-0.176922,0.062723,1.097342,0.035220,-0.308911,-0.100991
20.840000,0.227075,-0.065401,0.916867,0.379286,0.335319,-0.100381,0.545124,-0.223616,1.317952,-0.111937,-0.002414,-0.140156,0.309064,0.210242,1.439432,-0.258643,-0.240548,0.141635,-0.615618,0.189009,1.302031,0.314617,0.118024,0.107795,-0.176252,0.056482,1.095385,0.031795,-0.315225,-0.094628
20.860000,0.234593,-0.058673,0.914941,0.372445,0.337461,-0.092093,0.542752,-0.223649,1.315127,-0.125227,-0.000825,-0.142289,0.303783,0.205353,1.442289,-0.269527,-0.248373,0.144064,-0.609159,0.191333,1.304210,0.331301,0.114429,0.110069,-0.175651,0.050112,1.093559,0.028280,-0.321776,-0.087858
20.880000,0.241971,-0.051902,0.913185,0.365310,0.339725,-0.083528,0.540114,-0.223647,1.312262,-0.138679,0.001113,-0.144088,0.298282,0.200307,1.445195,-0.280593,-0.256155,0.146510,-0.602367,0.193584,1.306434,0.347859,0.110654,0.112372,-0.175121,0.043609,1.091873,0.024676,-0.328565,-0.080680
20.900000,0.249203,-0.045084,0.911602,0.357881,0.342111,-0.074688,0.537204,-0.223602,1.309365,-0.152294,0.003400,-0.145553,0.292558,0.195107,1.448149,-0.291838,-0.263895,0.148973,-0.595245,0.195758,1.308705,0.364290,0.106698,0.114705,-0.174664,0.036968,1.090335,0.020983,-0.335591,-0.073095
20.920000,0.256284,-0.038216,0.910199,0.350209,0.344612,-0.065566,0.534021,-0.223509,1.306442,-0.166039,0.006006,-0.146670,0.286608,0.189752,1.451153,-0.303190,-0.271532,0.151423,-0.587796,0.197851,1.311022,0.380531,0.102578,0.117055,-0.174282,0.030184,1.088952,0.017271,-0.342774,-0.065147
20.940000,0.263210,-0.031298,0.908981,0.342347,0.347221,-0.056154,0.530562,-0.223360,1.303501,-0.179880,0.008899,-0.147421,0.280430,0.184246,1.454206,-0.314571,-0.279005,0.153826,-0.580026,0.199860,1.313387,0.396514,0.098314,0.119410,-0.173973,0.023256,1.087731,0.013610,-0.350033,-0.056884
20.960000,0.269977,-0.024327,0.907955,0.334294,0.349937,-0.046452,0.526825,-0.223151,1.300548,-0.193817,0.012081,-0.147807,0.274025,0.178593,1.457306,-0.325984,-0.286313,0.156182,-0.571938,0.201783,1.315799,0.412241,0.093903,0.121770,-0.173737,0.016183,1.086679,0.010000,-0.357369,-0.048306
20.980000,0.276581,-0.017300,0.907125,0.326050,0.352762,-0.036461,0.522809,-0.222875,1.297591,-0.207850,0.015550,-0.147829,0.267391,0.172795,1.460453,-0.337427,-0.293458,0.158493,-0.563538,0.203616,1.318258,0.427711,0.089348,0.124136,-0.173573,0.008961,1.085801,0.006442,-0.364780,-0.039411
21.000000,0.283018,-0.010216,0.906498,0.317616,0.355695,-0.026181,0.518510,-0.222527,1.294637,-0.221979,0.019307,-0.147485,0.260528,0.166856,1.463646,-0.348901,-0.300438,0.160758,-0.554831,0.205356,1.320764,0.442924,0.084647,0.126507,-0.173479,0.001591,1.085104,0.002934,-0.372267,-0.030201
21.020000,0.289284,-0.003072,0.906080,0.309029,0.358699,-0.015625,0.513929,-0.222101,1.291694,-0.236178,0.023327,-0.146749,0.253435,0.160779,1.466883,-0.360320,-0.307206,0.162942,-0.545823,0.207001,1.323318,0.457826,0.079819,0.128865,-0.173455,-0.005929,1.084595,-0.000444,-0.379737,-0.020744
21.040000,0.295378,0.004132,0.905875,0.300326,0.361736,-0.004810,0.509063,-0.221592,1.288770,-0.250418,0.027583,-0.145595,0.246116,0.154569,1.470162,-0.371598,-0.313717,0.165013,-0.536520,0.208548,1.325919,0.472361,0.074885,0.131193,-0.173496,-0.013598,1.084276,-0.003614,-0.387097,-0.011105
21.060000,0.301296,0.011398,0.905889,0.291507,0.364807,0.006266,0.503912,-0.220996,1.285873,-0.264699,0.032075,-0.144022,0.238572,0.148232,1.473482,-0.382736,-0.319968,0.166970,-0.526931,0.209995,1.328566,0.486530,0.069844,0.133491,-0.173598,-0.021413,1.084152,-0.006577,-0.394347,-0.001287
21.080000,0.307037,0.018725,0.906127,0.282573,0.367912,0.017601,0.498475,-0.220308,1.283012,-0.279022,0.036804,-0.142030,0.230807,0.141772,1.476841,-0.393733,-0.325961,0.168813,-0.517061,0.211341,1.331258,0.500333,0.064695,0.135759,-0.173757,-0.029371,1.084225,-0.009331,-0.401486,0.008711
21.100000,0.312599,0.026114,0.906595,0.273524,0.371050,0.029197,0.492751,-0.219522,1.280195,-0.293387,0.041770,-0.139620,0.222824,0.135195,1.480234,-0.404590,-0.331696,0.170542,-0.506920,0.212582,1.333996,0.513769,0.059440,0.137997,-0.173970,-0.037471,1.084501,-0.011878,-0.408515,0.018890
21.120000,0.317978,0.033567,0.907297,0.264366,0.374160,0.041018,0.486739,-0.218636,1.277430,-0.307757,0.046947,-0.136778,0.214625,0.128506,1.483661,-0.415233,-0.337133,0.172117,-0.496513,0.213718,1.336778,0.526807,0.054097,0.140189,-0.174231,-0.045710,1.084982,-0.014147,-0.415353,0.029173
21.140000,0.323173,0.041080,0.908237,0.255107,0.377178,0.053030,0.480441,-0.217643,1.274727,-0.322098,0.052311,-0.133492,0.206216,0.121712,1.487118,-0.425592,-0.342232,0.173497,-0.485850,0.214746,1.339603,0.539413,0.048683,0.142318,-0.174533,-0.054084,1.085668,-0.016070,-0.421918,0.039482
21.160000,0.328181,0.048653,0.909419,0.245747,0.380105,0.065232,0.473856,-0.216542,1.272093,-0.336410,0.057861,-0.129762,0.197603,0.114819,1.490600,-0.435665,-0.346995,0.174682,-0.474940,0.215665,1.342470,0.551588,0.043200,0.144385,-0.174871,-0.062585,1.086561,-0.017646,-0.428212,0.049819
21.180000,0.333002,0.056284,0.910847,0.236286,0.382941,0.077624,0.466985,-0.215328,1.269539,-0.350693,0.063598,-0.125589,0.188792,0.107835,1.494104,-0.445452,-0.351421,0.175671,-0.463790,0.216473,1.345378,0.563330,0.037646,0.146388,-0.175237,-0.071210,1.087661,-0.018875,-0.434234,0.060184
21.200000,0.337632,0.063970,0.912525,0.226724,0.385685,0.090207,0.459828,-0.213997,1.267073,-0.364946,0.069521,-0.120972,0.179787,0.100765,1.497625,-0.454954,-0.355509,0.176466,-0.452409,0.217170,1.348325,0.574642,0.032022,0.148329,-0.175624,-0.079953,1.088969,-0.019757,-0.439983,0.070575
21.220000,0.342070,0.071710,0.914457,0.217055,0.388276,0.102921,0.452387,-0.212546,1.264703,-0.379121,0.075623,-0.115932,0.170596,0.093617,1.501161,-0.464107,-0.359233,0.177026,-0.440807,0.217754,1.351311,0.585512,0.026339,0.150194,-0.176025,-0.088807,1.090484,-0.020252,-0.445378,0.080938
21.240000,0.346314,0.079500,0.916643,0.207271,0.390653,0.115707,0.444664,-0.210971,1.262438,-0.393167,0.081895,-0.110493,0.161226,0.086398,1.504704,-0.472848,-0.362563,0.177312,-0.428992,0.218223,1.354332,0.595931,0.020608,0.151969,-0.176431,-0.097765,1.092206,-0.020319,-0.450335,0.091219
21.260000,0.350360,0.087335,0.919085,0.197373,0.392815,0.128565,0.436661,-0.209269,1.260286,-0.407085,0.088336,-0.104653,0.151685,0.079117,1.508251,-0.481176,-0.365501,0.177324,-0.416973,0.218578,1.357389,0.605899,0.014827,0.153655,-0.176834,-0.106818,1.094132,-0.019958,-0.454854,0.101415
21.280000,0.354208,0.095211,0.921786,0.187361,0.394764,0.141495,0.428382,-0.207436,1.258255,-0.420875,0.094948,-0.098414,0.141981,0.071781,1.511796,-0.489091,-0.368045,0.177062,-0.404759,0.218816,1.360478,0.615416,0.008998,0.155251,-0.177226,-0.115956,1.096262,-0.019170,-0.458935,0.111529
21.300000,0.357854,0.103124,0.924746,0.177234,0.396498,0.154497,0.419827,-0.205470,1.256352,-0.434537,0.101730,-0.091774,0.132124,0.064398,1.515332,-0.496594,-0.370196,0.176525,-0.392359,0.218937,1.363598,0.624482,0.003120,0.156757,-0.177598,-0.125172,1.098593,-0.017953,-0.462579,0.121559
21.320000,0.361296,0.111069,0.927966,0.166991,0.397982,0.167498,0.411001,-0.203366,1.254586,-0.448002,0.108684,-0.084780,0.122121,0.056975,1.518855,-0.503639,-0.371954,0.175680,-0.379783,0.218941,1.366748,0.633092,-0.002790,0.158160,-0.177941,-0.134456,1.101123,-0.016275,-0.465719,0.131462
21.340000,0.364533,0.119041,0.931445,0.156627,0.399182,0.180421,0.401909,-0.201121,1.252963,-0.461203,0.115812,-0.077478,0.111981,0.049522,1.522357,-0.510184,-0.373315,0.174491,-0.367039,0.218826,1.369924,0.641238,-0.008715,0.159444,-0.178246,-0.143797,1.103850,-0.014104,-0.468293,0.141193
21.360000,0.367561,0.127035,0.935182,0.146143,0.400097,0.193268,0.392555,-0.198732,1.251489,-0.474138,0.123115,-0.069867,0.101717,0.042046,1.525832,-0.516228,-0.374280,0.172957,-0.354136,0.218592,1.373124,0.648920,-0.014657,0.160610,-0.178502,-0.153184,1.106770,-0.011439,-0.470300,0.150753
21.380000,0.370378,0.135043,0.939175,0.135538,0.400726,0.206039,0.382945,-0.196195,1.250170,-0.486809,0.130592,-0.061947,0.091336,0.034554,1.529273,-0.521771,-0.374850,0.171080,-0.341085,0.218239,1.376347,0.656139,-0.020614,0.161658,-0.178700,-0.162605,1.109879,-0.008280,-0.471740,0.160141
21.400000,0.372981,0.143062,0.943423,0.124814,0.401072,0.218733,0.373084,-0.193507,1.249013,-0.499215,0.138243,-0.053719,0.080849,0.027054,1.532673,-0.526813,-0.375024,0.168858,-0.327894,0.217767,1.379590,0.662894,-0.026586,0.162588,-0.178830,-0.172050,1.113174,-0.004628,-0.472614,0.169357
21.420000,0.375369,0.151084,0.947924,0.113987,0.401121,0.231277,0.362979,-0.190665,1.248023,-0.511303,0.146053,-0.045246,0.070267,0.019555,1.536025,-0.531319,-0.374819,0.166284,-0.314572,0.217176,1.382850,0.669176,-0.032548,0.163382,-0.178882,-0.181506,1.116652,-0.000478,-0.472883,0.178363
21.440000,0.377540,0.159105,0.952673,0.103075,0.400863,0.243600,0.352635,-0.187664,1.247205,-0.523017,0.154007,-0.036591,0.059600,0.012064,1.539322,-0.535256,-0.374251,0.163350,-0.301130,0.216466,1.386124,0.674973,-0.038473,0.164024,-0.178846,-0.190961,1.120307,0.004177,-0.472511,0.187123
21.460000,0.379492,0.167117,0.957666,0.092078,0.400299,0.255700,0.342060,-0.184503,1.246561,-0.534358,0.162104,-0.027756,0.048860,0.004588,1.542556,-0.538623,-0.373319,0.160055,-0.287577,0.215637,1.389410,0.680286,-0.044361,0.164514,-0.178712,-0.200402,1.124135,0.009336,-0.471499,0.195635
21.480000,0.381223,0.175115,0.962899,0.080996,0.399428,0.267579,0.331263,-0.181179,1.246096,-0.545326,0.170344,-0.018740,0.038059,-0.002867,1.545722,-0.541420,-0.372024,0.156399,-0.273922,0.214692,1.392704,0.685114,-0.050211,0.164851,-0.178469,-0.209817,1.128131,0.014999,-0.469846,0.203899
21.500000,0.382731,0.183092,0.968368,0.069830,0.398250,0.279235,0.320250,-0.177689,1.245812,-0.555921,0.178729,-0.009542,0.027207,-0.010291,1.548810,-0.543647,-0.370366,0.152383,-0.260175,0.213629,1.396003,0.689457,-0.056024,0.165035,-0.178108,-0.219192,1.132290,0.021166,-0.467551,0.211916
21.520000,0.384016,0.191043,0.974067,0.058616,0.396769,0.290616,0.309029,-0.174029,1.245715,-0.566099,0.187223,-0.000219,0.016317,-0.017679,1.551815,-0.545275,-0.368379,0.148027,-0.246347,0.212451,1.399304,0.693301,-0.061762,0.165049,-0.177619,-0.228514,1.136606,0.027812,-0.464609,0.219658
21.540000,0.385076,0.198961,0.979990,0.047389,0.394985,0.301666,0.297609,-0.170199,1.245804,-0.575817,0.195796,0.009174,0.005401,-0.025024,1.554729,-0.546273,-0.366096,0.143353,-0.232447,0.211159,1.402604,0.696630,-0.067389,0.164875,-0.176993,-0.237772,1.141074,0.034913,-0.461010,0.227096
21.560000,0.385911,0.206840,0.986131,0.036150,0.392901,0.312387,0.285999,-0.166197,1.246082,-0.585075,0.204447,0.018638,-0.005530,-0.032321,1.557547,-0.546640,-0.363517,0.138362,-0.218485,0.209756,1.405898,0.699445,-0.072905,0.164513,-0.176220,-0.246950,1.145688,0.042469,-0.456755,0.234230
21.580000,0.386522,0.214675,0.992483,0.024900,0.390515,0.322778,0.274209,-0.162021,1.246550,-0.593873,0.213176,0.028171,-0.016461,-0.039563,1.560261,-0.546378,-0.360643,0.133052,-0.204472,0.208244,1.409183,0.701745,-0.078308,0.163963,-0.175291,-0.256037,1.150441,0.050479,-0.451844,0.241060
21.600000,0.386907,0.222459,0.999040,0.013637,0.387828,0.332840,0.262248,-0.157669,1.247209,-0.602210,0.221982,0.037775,-0.027381,-0.046745,1.562867,-0.545485,-0.357474,0.127424,-0.190419,0.206625,1.412455,0.703531,-0.083600,0.163226,-0.174198,-0.265020,1.155328,0.058944,-0.446277,0.247587
21.620000,0.387067,0.230186,1.005795,0.002382,0.384844,0.342532,0.250124,-0.153141,1.248061,-0.610066,0.230812,0.047399,-0.038276,-0.053860,1.565356,-0.543935,-0.354057,0.121514,-0.176335,0.204901,1.415711,0.704792,-0.088737,0.162287,-0.172931,-0.273884,1.160342,0.067806,-0.440077,0.253793
21.640000,0.387002,0.237850,1.012739,-0.008849,0.381566,0.351817,0.237848,-0.148437,1.249105,-0.617416,0.239611,0.056993,-0.049133,-0.060906,1.567725,-0.541699,-0.350439,0.115354,-0.162231,0.203077,1.418945,0.705517,-0.093675,0.161135,-0.171483,-0.282619,1.165478,0.077006,-0.433269,0.259659
21.660000,0.386713,0.245446,1.019865,-0.020055,0.377995,0.360695,0.225431,-0.143557,1.250341,-0.624262,0.248379,0.066556,-0.059939,-0.067876,1.569969,-0.538777,-0.346621,0.108947,-0.148117,0.201155,1.422155,0.705708,-0.098414,0.159770,-0.169848,-0.291211,1.170727,0.086545,-0.425852,0.265187
21.680000,0.386200,0.252968,1.027164,-0.031235,0.374132,0.369166,0.212881,-0.138502,1.251767,-0.630603,0.257115,0.076089,-0.070680,-0.074769,1.572082,-0.535169,-0.342604,0.102291,-0.134006,0.199141,1.425335,0.705364,-0.102953,0.158192,-0.168019,-0.299649,1.176083,0.096423,-0.417826,0.270377
21.700000,0.385464,0.260410,1.034629,-0.042390,0.369975,0.377229,0.200210,-0.133273,1.253384,-0.636440,0.265821,0.085591,-0.081341,-0.081579,1.574059,-0.530876,-0.338386,0.095387,-0.119906,0.197038,1.428481,0.704484,-0.107294,0.156400,-0.165989,-0.307920,1.181539,0.106640,-0.409191,0.275227
21.720000,0.384505,0.267765,1.042250,-0.053508,0.365515,0.384865,0.187427,-0.127870,1.255190,-0.641769,0.274409,0.095014,-0.091910,-0.088303,1.575896,-0.525897,-0.334016,0.088291,-0.105830,0.194851,1.431589,0.703059,-0.111384,0.154399,-0.163752,-0.316013,1.187090,0.117108,-0.400002,0.279732
21.740000,0.383324,0.275028,1.050020,-0.064575,0.360745,0.392054,0.174542,-0.122298,1.257184,-0.646589,0.282794,0.104308,-0.102373,-0.094939,1.577590,-0.520231,-0.329542,0.081062,-0.091788,0.192585,1.434655,0.701078,-0.115169,0.152190,-0.161304,-0.323917,1.192726,0.127740,-0.390314,0.283885
21.760000,0.381922,0.282193,1.057929,-0.075592,0.355664,0.398796,0.161567,-0.116560,1.259362,-0.650899,0.290976,0.113473,-0.112715,-0.101484,1.579137,-0.513878,-0.324965,0.073700,-0.077791,0.190246,1.437675,0.698540,-0.118650,0.149775,-0.158641,-0.331622,1.198443,0.138537,-0.380125,0.287685
21.780000,0.380301,0.289253,1.065969,-0.086558,0.350272,0.405090,0.148510,-0.110660,1.261722,-0.654699,0.298956,0.122510,-0.122923,-0.107937,1.580537,-0.506839,-0.320284,0.066203,-0.063850,0.187841,1.440645,0.695447,-0.121827,0.147153,-0.155761,-0.339118,1.204231,0.149498,-0.369437,0.291133
21.800000,0.378460,0.296202,1.074130,-0.097474,0.344569,0.410938,0.135382,-0.104603,1.264261,-0.657989,0.306733,0.131417,-0.132984,-0.114295,1.581785,-0.499112,-0.315500,0.058573,-0.049977,0.185375,1.443560,0.691797,-0.124699,0.144325,-0.152660,-0.346396,1.210086,0.160623,-0.358248,0.294228
21.820000,0.376402,0.303034,1.082403,-0.108329,0.338566,0.416328,0.122194,-0.098393,1.266977,-0.660776,0.314202,0.140146,-0.142883,-0.120557,1.582879,-0.490729,-0.310659,0.050880,-0.036182,0.182856,1.446417,0.687582,-0.127218,0.141311,-0.149336,-0.353445,1.215998,0.171831,-0.346623,0.296972
21.840000,0.374128,0.309742,1.090780,-0.119110,0.332276,0.421251,0.108954,-0.092037,1.269866,-0.663068,0.321261,0.148648,-0.152609,-0.126721,1.583820,-0.481721,-0.305808,0.043195,-0.022477,0.180289,1.449212,0.682793,-0.129333,0.138133,-0.145787,-0.360258,1.221962,0.183041,-0.334622,0.299365
21.860000,0.371638,0.316323,1.099250,-0.129818,0.325697,0.425708,0.095674,-0.085545,1.272922,-0.664863,0.327909,0.156921,-0.162148,-0.132789,1.584607,-0.472086,-0.300949,0.035519,-0.008874,0.177685,1.451941,0.677430,-0.131044,0.134793,-0.142014,-0.366828,1.227970,0.194252,-0.322247,0.301408
21.880000,0.368936,0.322768,1.107805,-0.140452,0.318831,0.429697,0.082363,-0.078924,1.276141,-0.666162,0.334147,0.164966,-0.171488,-0.138759,1.585241,-0.461825,-0.296080,0.027850,0.004616,0.175050,1.454602,0.671492,-0.132351,0.131289,-0.138017,-0.373146,1.234016,0.205465,-0.309496,0.303101
21.900000,0.366021,0.329074,1.116435,-0.151013,0.311677,0.433219,0.069031,-0.072182,1.279519,-0.666966,0.339973,0.172783,-0.180617,-0.144632,1.585721,-0.450938,-0.291202,0.020189,0.017982,0.172394,1.457192,0.664981,-0.133254,0.127621,-0.133795,-0.379205,1.240092,0.216680,-0.296371,0.304443
21.920000,0.362896,0.335234,1.125131,-0.161496,0.304253,0.436267,0.055688,-0.065328,1.283051,-0.667294,0.345271,0.180324,-0.189522,-0.150408,1.586049,-0.439472,-0.286351,0.012604,0.031212,0.169723,1.459706,0.657904,-0.133700,0.123829,-0.129350,-0.384999,1.246192,0.227821,-0.282931,0.305442
21.940000,0.359561,0.341242,1.133883,-0.171896,0.296577,0.438833,0.042342,-0.058375,1.286730,-0.667169,0.349924,0.187541,-0.198192,-0.156087,1.586226,-0.427473,-0.281563,0.005163,0.044294,0.167049,1.462144,0.650271,-0.133637,0.119951,-0.124683,-0.390521,1.252308,0.238814,-0.269236,0.306106
21.960000,0.356020,0.347095,1.142681,-0.182213,0.288649,0.440917,0.029004,-0.051336,1.290550,-0.666590,0.353931,0.194433,-0.206617,-0.161670,1.586256,-0.414941,-0.276839,-0.002136,0.057219,0.164381,1.464504,0.642080,-0.133065,0.115987,-0.119798,-0.395766,1.258434,0.249659,-0.255285,0.306436
21.980000,0.352273,0.352787,1.151516,-0.192447,0.280468,0.442520,0.015682,-0.044222,1.294505,-0.665557,0.357293,0.201001,-0.214786,-0.167161,1.586142,-0.401877,-0.272178,-0.009292,0.069974,0.161730,1.466783,0.633334,-0.131984,0.111937,-0.114698,-0.400730,1.264563,0.260355,-0.241079,0.306430
22.000000,0.348323,0.358312,1.160379,-0.202597,0.272035,0.443641,0.002385,-0.037048,1.298588,-0.664070,0.360009,0.207244,-0.222689,-0.172558,1.585886,-0.388279,-0.267580,-0.016305,0.082548,0.159105,1.468981,0.624030,-0.130393,0.107802,-0.109385,-0.405408,1.270689,0.270902,-0.226617,0.306090
22.020000,0.344170,0.363667,1.169259,-0.212670,0.263377,0.444277,-0.010878,-0.029827,1.302792,-0.662145,0.361987,0.213128,-0.230314,-0.177864,1.585491,-0.374208,-0.263071,-0.023120,0.094932,0.156518,1.471095,0.614187,-0.128269,0.103621,-0.103863,-0.409794,1.276804,0.281238,-0.211953,0.305428
22.040000,0.339817,0.368846,1.178146,-0.222670,0.254520,0.444424,-0.024098,-0.022574,1.307110,-0.659795,0.363134,0.218617,-0.237654,-0.183082,1.584962,-0.359723,-0.258675,-0.029682,0.107112,0.153978,1.473125,0.603820,-0.125586,0.099437,-0.098138,-0.413885,1.282904,0.291299,-0.197139,0.304457
22.060000,0.335264,0.373846,1.187032,-0.232598,0.245464,0.444081,-0.037267,-0.015307,1.311534,-0.657021,0.363450,0.223712,-0.244701,-0.188212,1.584305,-0.344824,-0.254392,-0.035993,0.119081,0.151498,1.475072,0.592930,-0.122345,0.095249,-0.092213,-0.417678,1.288980,0.301084,-0.182175,0.303177
22.080000,0.330513,0.378663,1.195906,-0.242454,0.236210,0.443250,-0.050376,-0.008042,1.316056,-0.653823,0.362935,0.228412,-0.251445,-0.193258,1.583524,-0.329511,-0.250223,-0.042051,0.130826,0.149088,1.476935,0.581517,-0.118546,0.091057,-0.086096,-0.421171,1.295029,0.310593,-0.167061,0.301589
22.100000,0.325566,0.383293,1.204759,-0.252237,0.226757,0.441929,-0.063417,-0.000795,1.320668,-0.650201,0.361589,0.232718,-0.257878,-0.198222,1.582625,-0.313784,-0.246167,-0.047857,0.142338,0.146760,1.478714,0.569580,-0.114188,0.086860,-0.079791,-0.424360,1.301042,0.319828,-0.151796,0.299692
22.120000,0.320424,0.387732,1.213580,-0.261939,0.217144,0.440133,-0.076381,0.006416,1.325362,-0.646159,0.359361,0.236611,-0.263994,-0.203106,1.581612,-0.297701,-0.242233,-0.053379,0.153606,0.144524,1.480410,0.557146,-0.109286,0.082694,-0.073305,-0.427242,1.307014,0.328738,-0.136427,0.297504
22.140000,0.315089,0.391978,1.222361,-0.271548,0.207407,0.437878,-0.089261,0.013573,1.330130,-0.641700,0.356201,0.240076,-0.269784,-0.207912,1.580492,-0.281320,-0.238430,-0.058583,0.164621,0.142392,1.482023,0.544239,-0.103852,0.078590,-0.066644,-0.429816,1.312940,0.337277,-0.121000,0.295042
22.160000,0.309563,0.396028,1.231092,-0.281067,0.197548,0.435164,-0.102047,0.020658,1.334962,-0.636824,0.352109,0.243110,-0.275244,-0.212644,1.579271,-0.264640,-0.234757,-0.063470,0.175373,0.140374,1.483554,0.530861,-0.097887,0.074548,-0.059816,-0.432082,1.318814,0.345442,-0.105515,0.292307
22.180000,0.303847,0.399879,1.239765,-0.290493,0.187565,0.431989,-0.114731,0.027651,1.339851,-0.631531,0.347084,0.245716,-0.280368,-0.217303,1.577955,-0.247662,-0.231214,-0.068041,0.185852,0.138480,1.485005,0.517010,-0.091390,0.070570,-0.052829,-0.434037,1.324631,0.353236,-0.089971,0.289299
22.200000,0.297944,0.403530,1.248369,-0.299828,0.177460,0.428355,-0.127305,0.034535,1.344788,-0.625821,0.341126,0.247892,-0.285149,-0.221893,1.576551,-0.230386,-0.227802,-0.072294,0.196050,0.136722,1.486377,0.502686,-0.084362,0.066654,-0.045690,-0.435680,1.330384,0.360656,-0.074368,0.286017
22.220000,0.291855,0.406977,1.256896,-0.309054,0.167272,0.424284,-0.139761,0.041290,1.349764,-0.619688,0.334235,0.249639,-0.289582,-0.226416,1.575066,-0.212864,-0.224513,-0.076220,0.205957,0.135109,1.487672,0.487930,-0.076855,0.062821,-0.038405,-0.437011,1.336070,0.367683,-0.058747,0.282483
22.240000,0.285582,0.410220,1.265337,-0.318155,0.157045,0.419799,-0.152090,0.047898,1.354771,-0.613123,0.326410,0.250956,-0.293662,-0.230874,1.573505,-0.195149,-0.221340,-0.079811,0.215564,0.133650,1.488891,0.472782,-0.068921,0.059092,-0.030985,-0.438030,1.341682,0.374295,-0.043147,0.278719
22.260000,0.279129,0.413258,1.273685,-0.327129,0.146777,0.414901,-0.164283,0.054340,1.359799,-0.606128,0.317649,0.251844,-0.297386,-0.235270,1.571875,-0.177242,-0.218283,-0.083067,0.224865,0.132355,1.490036,0.457241,-0.060560,0.055468,-0.023436,-0.438737,1.347217,0.380491,-0.027569,0.274724
22.280000,0.272498,0.416091,1.281931,-0.335977,0.136468,0.409588,-0.176332,0.060598,1.364842,-0.598701,0.307955,0.252303,-0.300751,-0.239606,1.570184,-0.159141,-0.215343,-0.085987,0.233851,0.131231,1.491110,0.441306,-0.051773,0.051947,-0.015768,-0.439133,1.352670,0.386271,-0.012013,0.270500
22.300000,0.265691,0.418717,1.290066,-0.344699,0.126119,0.403862,-0.188228,0.066652,1.369889,-0.590843,0.297325,0.252332,-0.303751,-0.243885,1.568438,-0.140848,-0.212519,-0.088571,0.242515,0.130287,1.492115,0.424980,-0.042559,0.048530,-0.007988,-0.439218,1.358035,0.391637,0.003523,0.266045
22.320000,0.258711,0.421136,1.298083,-0.353275,0.115767,0.397761,-0.199963,0.072485,1.374932,-0.582546,0.285819,0.251947,-0.306384,-0.248108,1.566644,-0.122418,-0.209797,-0.090829,0.250848,0.129531,1.493052,0.408312,-0.032994,0.045227,-0.000106,-0.438993,1.363310,0.396572,0.018988,0.261389
22.340000,0.251561,0.423348,1.305974,-0.361687,0.105449,0.391325,-0.211527,0.078079,1.379964,-0.573801,0.273495,0.251162,-0.308647,-0.252277,1.564807,-0.103908,-0.207161,-0.092771,0.258845,0.128969,1.493925,0.391356,-0.023153,0.042048,0.007872,-0.438459,1.368490,0.401064,0.034335,0.256560
22.360000,0.244245,0.425354,1.313734,-0.369932,0.095166,0.384553,-0.222912,0.083419,1.384976,-0.564608,0.260353,0.249977,-0.310539,-0.256395,1.562935,-0.085317,-0.204611,-0.094397,0.266501,0.128606,1.494735,0.374112,-0.013037,0.038994,0.015934,-0.437620,1.373571,0.405111,0.049563,0.251559
22.380000,0.236765,0.427155,1.321354,-0.378013,0.084917,0.377446,-0.234108,0.088488,1.389960,-0.554967,0.246392,0.248393,-0.312059,-0.260462,1.561033,-0.066646,-0.202148,-0.095706,0.273808,0.128449,1.495485,0.356579,-0.002644,0.036063,0.024073,-0.436477,1.378551,0.408715,0.064674,0.246385
22.400000,0.229125,0.428751,1.328829,-0.385929,0.074702,0.370004,-0.245107,0.093269,1.394909,-0.544878,0.231613,0.246410,-0.313205,-0.264481,1.559109,-0.047894,-0.199772,-0.096698,0.280762,0.128502,1.496178,0.338758,0.008024,0.033257,0.032280,-0.435034,1.383426,0.411874,0.079665,0.241038
22.420000,0.221329,0.430143,1.336152,-0.393661,0.064558,0.362274,-0.255900,0.097748,1.399814,-0.534348,0.216112,0.244054,-0.313975,-0.268454,1.557167,-0.029120,-0.197459,-0.097399,0.287357,0.128771,1.496816,0.320717,0.018884,0.030577,0.040545,-0.433292,1.388192,0.414599,0.094494,0.235551
22.440000,0.213380,0.431334,1.343318,-0.401191,0.054522,0.354305,-0.266479,0.101910,1.404669,-0.523385,0.199987,0.241356,-0.314370,-0.272380,1.555215,-0.010381,-0.195187,-0.097831,0.293590,0.129259,1.497402,0.302525,0.029852,0.028024,0.048861,-0.431255,1.392847,0.416898,0.109114,0.229958
22.460000,0.205283,0.432325,1.350323,-0.408521,0.044593,0.346096,-0.276833,0.105743,1.409466,-0.511988,0.183236,0.238313,-0.314390,-0.276261,1.553256,0.008322,-0.192956,-0.097995,0.299457,0.129966,1.497938,0.284182,0.040929,0.025600,0.057218,-0.428929,1.397389,0.418772,0.123525,0.224257
22.480000,0.197041,0.433118,1.357161,-0.415649,0.034772,0.337647,-0.286955,0.109235,1.414199,-0.500157,0.165861,0.234927,-0.314037,-0.280099,1.551297,0.026989,-0.190766,-0.097891,0.304956,0.130896,1.498427,0.265688,0.052113,0.023304,0.065609,-0.426316,1.401816,0.420220,0.137728,0.218450
22.500000,0.188658,0.433716,1.363827,-0.422576,0.025059,0.328959,-0.296836,0.112373,1.418861,-0.487892,0.147861,0.231198,-0.313311,-0.283892,1.549342,0.045621,-0.188616,-0.097518,0.310083,0.132051,1.498871,0.247044,0.063406,0.021136,0.074024,-0.423421,1.406126,0.421243,0.151722,0.212535
22.520000,0.180139,0.434121,1.370318,-0.429271,0.015470,0.320091,-0.306468,0.115146,1.423445,-0.475236,0.129364,0.227167,-0.312213,-0.287643,1.547397,0.064146,-0.186481,-0.096910,0.314837,0.133433,1.499273,0.228327,0.074724,0.019091,0.082456,-0.420249,1.410317,0.421858,0.165470,0.206553
22.540000,0.171489,0.434336,1.376630,-0.435702,0.006022,0.311103,-0.315843,0.117545,1.427946,-0.462233,0.110497,0.222877,-0.310746,-0.291351,1.545467,0.082489,-0.184334,-0.096098,0.319217,0.135040,1.499635,0.209619,0.085985,0.017165,0.090896,-0.416804,1.414388,0.422085,0.178933,0.200540
22.560000,0.162713,0.434363,1.382761,-0.441871,-0.003284,0.301995,-0.324955,0.119564,1.432358,-0.448882,0.091262,0.218329,-0.308915,-0.295017,1.543555,0.100652,-0.182175,-0.095083,0.323222,0.136872,1.499961,0.190918,0.097190,0.015359,0.099337,-0.413093,1.418339,0.421924,0.192112,0.194499
22.580000,0.153816,0.434206,1.388709,-0.447776,-0.012450,0.292767,-0.333796,0.121193,1.436677,-0.435183,0.071657,0.213521,-0.306721,-0.298638,1.541665,0.118635,-0.180005,-0.093864,0.326853,0.138927,1.500251,0.172224,0.108338,0.013672,0.107770,-0.409122,1.422168,0.421373,0.205005,0.188427
22.600000,0.144804,0.433866,1.394471,-0.453417,-0.021474,0.283420,-0.342360,0.122427,1.440898,-0.421137,0.051683,0.208455,-0.304170,-0.302217,1.539802,0.136437,-0.177824,-0.092441,0.330111,0.141205,1.500508,0.153539,0.119430,0.012104,0.116189,-0.404895,1.425876,0.420434,0.217615,0.182327
22.620000,0.135681,0.433348,1.400045,-0.458770,-0.030344,0.274009,-0.350640,0.123259,1.445014,-0.406805,0.031487,0.203180,-0.301266,-0.305751,1.537969,0.153992,-0.175611,-0.090849,0.332995,0.143704,1.500736,0.134943,0.130384,0.010647,0.124585,-0.400419,1.429461,0.419137,0.229910,0.176232
22.640000,0.126455,0.432654,1.405431,-0.463806,-0.039048,0.264591,-0.358631,0.123686,1.449024,-0.392253,0.011216,0.197747,-0.298013,-0.309241,1.536169,0.171235,-0.173346,-0.089121,0.335510,0.146419,1.500935,0.116518,0.141121,0.009293,0.132952,-0.395701,1.432925,0.417511,0.241861,0.170178
22.660000,0.117131,0.431787,1.410629,-0.468528,-0.047587,0.255166,-0.366329,0.123707,1.452923,-0.377478,-0.009129,0.192156,-0.294418,-0.312685,1.534405,0.188166,-0.171029,-0.087257,0.337657,0.149347,1.501108,0.098265,0.151640,0.008041,0.141284,-0.390747,1.436269,0.415558,0.253469,0.164165
22.680000,0.107716,0.430751,1.415638,-0.472934,-0.055959,0.245734,-0.373729,0.123321,1.456709,-0.362482,-0.029550,0.186407,-0.290488,-0.316082,1.532679,0.204784,-0.168660,-0.085257,0.339441,0.152483,1.501257,0.080183,0.161942,0.006891,0.149572,-0.385564,1.439492,0.413275,0.264734,0.158194
22.700000,0.098216,0.429550,1.420458,-0.477025,-0.064165,0.236295,-0.380826,0.122525,1.460378,-0.347265,-0.050044,0.180499,-0.286229,-0.319431,1.530995,0.221090,-0.166239,-0.083121,0.340866,0.155823,1.501384,0.062273,0.172027,0.005843,0.157812,-0.380160,1.442597,0.410665,0.275655,0.152264
22.720000,0.088637,0.428186,1.425090,-0.480784,-0.072199,0.226896,-0.387618,0.121319,1.463928,-0.331903,-0.070479,0.174487,-0.281647,-0.322731,1.529355,0.237032,-0.163753,-0.080881,0.341934,0.159362,1.501491,0.044604,0.181833,0.004888,0.165997,-0.374541,1.445583,0.407763,0.286214,0.146404
22.740000,0.078987,0.426663,1.429535,-0.484196,-0.080055,0.217584,-0.394102,0.119707,1.467357,-0.316472,-0.090719,0.168423,-0.276750,-0.325980,1.527761,0.252558,-0.161189,-0.078567,0.342652,0.163094,1.501580,0.027246,0.191299,0.004013,0.174121,-0.368714,1.448453,0.404606,0.296395,0.140644
22.760000,0.069272,0.424985,1.433794,-0.487260,-0.087732,0.208360,-0.400277,0.117692,1.470665,-0.300973,-0.110764,0.162306,-0.271547,-0.329178,1.526213,0.267668,-0.158546,-0.076181,0.343026,0.167012,1.501653,0.010200,0.200425,0.003221,0.182180,-0.362687,1.451210,0.401194,0.306196,0.134984
22.780000,0.059499,0.423155,1.437870,-0.489976,-0.095231,0.199222,-0.406141,0.115278,1.473849,-0.285405,-0.130614,0.156137,-0.266046,-0.332322,1.524714,0.282362,-0.155825,-0.073722,0.343062,0.171109,1.501710,-0.006536,0.209212,0.002510,0.190167,-0.356468,1.453853,0.397527,0.315617,0.129423
22.800000,0.049675,0.421177,1.441763,-0.492346,-0.102552,0.190171,-0.411692,0.112469,1.476910,-0.269769,-0.150270,0.149916,-0.260256,-0.335410,1.523265,0.296639,-0.153025,-0.071190,0.342767,0.175378,1.501753,-0.022960,0.217658,0.001880,0.198079,-0.350065,1.456387,0.393605,0.324660,0.123962
22.820000,0.039807,0.419054,1.445477,-0.494365,-0.109701,0.181240,-0.416931,0.109269,1.479846,-0.254143,-0.169624,0.143692,-0.254184,-0.338442,1.521866,0.310469,-0.150138,-0.068611,0.342146,0.179813,1.501785,-0.039024,0.225728,0.001321,0.205910,-0.343485,1.458813,0.389464,0.333322,0.118622
22.840000,0.029903,0.416790,1.449014,-0.496034,-0.116682,0.172463,-0.421859,0.105686,1.482658,-0.238605,-0.188570,0.137515,-0.247840,-0.341415,1.520520,0.323818,-0.147156,-0.066013,0.341208,0.184405,1.501807,-0.054682,0.233383,0.000822,0.213656,-0.336735,1.461133,0.385142,0.341604,0.113422
22.860000,0.019968,0.414388,1.452377,-0.497351,-0.123497,0.163838,-0.426476,0.101729,1.485347,-0.223156,-0.207108,0.131385,-0.241234,-0.344328,1.519226,0.336687,-0.144078,-0.063395,0.339961,0.189145,1.501819,-0.069933,0.240623,0.000383,0.221314,-0.329823,1.463351,0.380638,0.349505,0.108363
22.880000,0.010011,0.411851,1.455569,-0.498317,-0.130144,0.155366,-0.430786,0.097405,1.487914,-0.207795,-0.225238,0.125301,-0.234376,-0.347178,1.517985,0.349075,-0.140904,-0.060757,0.338414,0.194027,1.501822,-0.084777,0.247448,0.000003,0.228881,-0.322757,1.465468,0.375952,0.357025,0.103446
22.900000,0.000038,0.409183,1.458593,-0.498932,-0.136625,0.147048,-0.434789,0.092722,1.490359,-0.192523,-0.242960,0.119265,-0.227275,-0.349963,1.516796,0.360983,-0.137635,-0.058099,0.336573,0.199040,1.501819,-0.099215,0.253858,-0.000316,0.236351,-0.315545,1.467489,0.371085,0.364165,0.098669
22.920000,-0.009944,0.406387,1.461452,-0.499203,-0.142959,0.138900,-0.438487,0.087690,1.492685,-0.177400,-0.260202,0.113316,-0.219940,-0.352682,1.515661,0.372406,-0.134260,-0.055443,0.334448,0.204178,1.501810,-0.113227,0.259824,-0.000586,0.243723,-0.308193,1.469416,0.366064,0.370941,0.094044
22.940000,-0.019928,0.403466,1.464150,-0.499138,-0.149166,0.130940,-0.441886,0.082318,1.494893,-0.162491,-0.276890,0.107494,-0.212382,-0.355333,1.514578,0.383339,-0.130770,-0.052807,0.332047,0.209430,1.501796,-0.126798,0.265318,-0.000814,0.250993,-0.300709,1.471252,0.360917,0.377370,0.089583
22.960000,-0.029907,0.400421,1.466691,-0.498738,-0.155246,0.123169,-0.444988,0.076618,1.496985,-0.147793,-0.293026,0.101801,-0.204610,-0.357912,1.513548,0.393782,-0.127165,-0.050193,0.329379,0.214788,1.501778,-0.139926,0.270339,-0.001002,0.258159,-0.293100,1.473001,0.355644,0.383452,0.085286
22.980000,-0.039875,0.397257,1.469078,-0.498003,-0.161200,0.115586,-0.447799,0.070600,1.498966,-0.133308,-0.308609,0.096235,-0.196634,-0.360419,1.512570,0.403735,-0.123444,-0.047600,0.326453,0.220241,1.501756,-0.152612,0.274887,-0.001149,0.265218,-0.285373,1.474665,0.350246,0.389187,0.081151
23.000000,-0.049825,0.393974,1.471315,-0.496931,-0.167027,0.108192,-0.450322,0.064277,1.500836,-0.119036,-0.323639,0.090798,-0.188463,-0.362849,1.511644,0.413197,-0.119608,-0.045028,0.323277,0.225780,1.501732,-0.164856,0.278963,-0.001254,0.272168,-0.277535,1.476248,0.344722,0.394576,0.077181
23.020000,-0.059750,0.390576,1.473407,-0.495532,-0.172761,0.100989,-0.452562,0.057659,1.502598,-0.105007,-0.338074,0.085516,-0.180109,-0.365202,1.510769,0.422183,-0.115639,-0.042492,0.319862,0.231396,1.501706,-0.176668,0.282547,-0.001328,0.279006,-0.269593,1.477753,0.339083,0.399649,0.073376
23.040000,-0.069644,0.387064,1.475356,-0.493813,-0.178435,0.093983,-0.454524,0.050758,1.504258,-0.091255,-0.351871,0.080419,-0.171579,-0.367474,1.509944,0.430704,-0.111523,-0.040007,0.316214,0.237078,1.501679,-0.188057,0.285622,-0.001378,0.285730,-0.261551,1.479184,0.333340,0.404438,0.069738
23.060000,-0.079501,0.383439,1.477167,-0.491774,-0.184050,0.087172,-0.456214,0.043588,1.505816,-0.077780,-0.365030,0.075506,-0.162884,-0.369662,1.509168,0.438761,-0.107258,-0.037571,0.312342,0.242817,1.501651,-0.199024,0.288187,-0.001405,0.292339,-0.253417,1.480544,0.327492,0.408944,0.066268
23.080000,-0.089313,0.379702,1.478844,-0.489416,-0.189605,0.080558,-0.457637,0.036161,1.507279,-0.064580,-0.377552,0.070777,-0.154032,-0.371763,1.508441,0.446354,-0.102844,-0.035186,0.308255,0.248603,1.501623,-0.209568,0.290242,-0.001409,0.298829,-0.245195,1.481836,0.321541,0.413165,0.062965
23.100000,-0.099075,0.375855,1.480391,-0.486737,-0.195101,0.074138,-0.458799,0.028490,1.508649,-0.051657,-0.389437,0.066233,-0.145033,-0.373775,1.507761,0.453483,-0.098283,-0.032851,0.303962,0.254424,1.501595,-0.219690,0.291787,-0.001389,0.305200,-0.236892,1.483063,0.315485,0.417103,0.059830
23.120000,-0.108781,0.371899,1.481811,-0.483742,-0.200577,0.067910,-0.459706,0.020588,1.509930,-0.039013,-0.400662,0.061889,-0.135896,-0.375693,1.507126,0.460164,-0.093552,-0.030574,0.299470,0.260271,1.501568,-0.229414,0.292810,-0.001353,0.311448,-0.228513,1.484230,0.309317,0.420783,0.056858
23.140000,-0.118423,0.367832,1.483109,-0.480434,-0.206076,0.061866,-0.460362,0.012468,1.511126,-0.026651,-0.411209,0.057760,-0.126629,-0.377516,1.506537,0.466414,-0.088632,-0.028363,0.294788,0.266133,1.501541,-0.238766,0.293300,-0.001307,0.317572,-0.220062,1.485339,0.303029,0.424234,0.054045
23.160000,-0.127996,0.363655,1.484287,-0.476812,-0.211596,0.056007,-0.460773,0.004144,1.512241,-0.014570,-0.421075,0.053847,-0.117242,-0.379237,1.505991,0.472234,-0.083521,-0.026218,0.289922,0.271999,1.501515,-0.247745,0.293256,-0.001250,0.323568,-0.211545,1.486393,0.296622,0.427456,0.051392
23.180000,-0.137493,0.359368,1.485350,-0.472877,-0.217137,0.050333,-0.460946,-0.004370,1.513281,-0.002772,-0.430262,0.050149,-0.107743,-0.380855,1.505488,0.477624,-0.078222,-0.024139,0.284881,0.277859,1.501491,-0.256352,0.292678,-0.001184,0.329436,-0.202966,1.487396,0.290095,0.430447,0.048898
23.200000,-0.146909,0.354970,1.486302,-0.468628,-0.222701,0.044844,-0.460886,-0.013061,1.514249,0.008745,-0.438770,0.046668,-0.098140,-0.382365,1.505025,0.482582,-0.072733,-0.022126,0.279671,0.283703,1.501468,-0.264587,0.291566,-0.001108,0.335171,-0.194329,1.488350,0.283449,0.433209,0.046564
23.220000,-0.156236,0.350460,1.487145,-0.464068,-0.228309,0.039531,-0.460598,-0.021916,1.515149,0.019987,-0.446591,0.043406,-0.088442,-0.383763,1.504602,0.487123,-0.067047,-0.020182,0.274300,0.289518,1.501447,-0.272473,0.289923,-0.001026,0.340773,-0.185639,1.489259,0.276675,0.435759,0.044381
23.240000,-0.165469,0.345837,1.487884,-0.459199,-0.233987,0.034383,-0.460089,-0.030920,1.515987,0.030963,-0.453717,0.040369,-0.078658,-0.385046,1.504218,0.491257,-0.061160,-0.018306,0.268774,0.295296,1.501427,-0.280035,0.287753,-0.000942,0.346238,-0.176900,1.490126,0.269764,0.438112,0.042341
23.260000,-0.174602,0.341100,1.488521,-0.454022,-0.239734,0.029400,-0.459362,-0.040060,1.516765,0.041673,-0.460149,0.037556,-0.068794,-0.386208,1.503870,0.494986,-0.055071,-0.016500,0.263100,0.301025,1.501409,-0.287273,0.285054,-0.000855,0.351563,-0.168116,1.490954,0.262716,0.440271,0.040444
23.280000,-0.183628,0.336247,1.489061,-0.448535,-0.245549,0.024583,-0.458423,-0.049322,1.517490,0.052117,-0.465887,0.034967,-0.058861,-0.387247,1.503557,0.498309,-0.048780,-0.014764,0.257285,0.306695,1.501393,-0.294187,0.281827,-0.000767,0.356745,-0.159290,1.491745,0.255532,0.442233,0.038690
23.300000,-0.192542,0.331277,1.489506,-0.442740,-0.251434,0.019932,-0.457279,-0.058691,1.518166,0.062294,-0.470930,0.032604,-0.048865,-0.388158,1.503279,0.501226,-0.042287,-0.013097,0.251335,0.312294,1.501379,-0.300777,0.278073,-0.000676,0.361783,-0.150427,1.492502,0.248211,0.444001,0.037080
23.320000,-0.201336,0.326189,1.489859,-0.436650,-0.257385,0.015439,-0.455933,-0.068154,1.518796,0.072234,-0.475278,0.030457,-0.038814,-0.388937,1.503033,0.503743,-0.035589,-0.011498,0.245256,0.317814,1.501366,-0.307059,0.273818,-0.000584,0.366673,-0.141531,1.493229,0.240736,0.445580,0.035601
23.340000,-0.210006,0.320982,1.490124,-0.430279,-0.263401,0.011096,-0.454391,-0.077698,1.519385,0.081969,-0.478928,0.028521,-0.028718,-0.389580,1.502818,0.505868,-0.028685,-0.009965,0.239055,0.323244,1.501355,-0.313048,0.269091,-0.000491,0.371411,-0.132605,1.493927,0.233092,0.446978,0.034242
23.360000,-0.218545,0.315653,1.490304,-0.423627,-0.269481,0.006902,-0.452656,-0.087307,1.519938,0.091498,-0.481882,0.026796,-0.018582,-0.390083,1.502634,0.507599,-0.021574,-0.008498,0.232736,0.328575,1.501346,-0.318745,0.263893,-0.000397,0.375995,-0.123653,1.494599,0.225277,0.448196,0.033002
23.380000,-0.226949,0.310202,1.490402,-0.416695,-0.275627,0.002858,-0.450732,-0.096968,1.520459,0.100821,-0.484138,0.025281,-0.008416,-0.390442,1.502478,0.508938,-0.014255,-0.007098,0.226307,0.333797,1.501339,-0.324148,0.258222,-0.000302,0.380421,-0.114679,1.495248,0.217293,0.449233,0.031881
23.400000,-0.235211,0.304627,1.490420,-0.409481,-0.281837,-0.001035,-0.448624,-0.106668,1.520951,0.109938,-0.485697,0.023977,0.001773,-0.390652,1.502350,0.509884,-0.006730,-0.005765,0.219772,0.338900,1.501334,-0.329260,0.252080,-0.000205,0.384686,-0.105685,1.495875,0.209138,0.450089,0.030880
23.420000,-0.243326,0.298928,1.490361,-0.401995,-0.288103,-0.004784,-0.446336,-0.116391,1.521419,0.118895,-0.486568,0.022863,0.011976,-0.390710,1.502247,0.510439,0.001001,-0.004493,0.213138,0.343877,1.501331,-0.334092,0.245503,-0.000107,0.388786,-0.096676,1.496484,0.200810,0.450765,0.029984
23.440000,-0.251289,0.293103,1.490229,-0.394247,-0.294417,-0.008393,-0.443869,-0.126126,1.521866,0.127740,-0.486760,0.021921,0.022188,-0.390611,1.502169,0.510605,0.008936,-0.003281,0.206410,0.348718,1.501330,-0.338661,0.238530,-0.000006,0.392717,-0.087656,1.497075,0.192308,0.451259,0.029178
23.460000,-0.259094,0.287151,1.490026,-0.386235,-0.300778,-0.011861,-0.441227,-0.135857,1.522297,0.136471,-0.486273,0.021150,0.032398,-0.390351,1.502115,0.510383,0.017075,-0.002126,0.199594,0.353415,1.501331,-0.342966,0.231160,0.000098,0.396477,-0.078627,1.497652,0.183630,0.451571,0.028464
23.480000,-0.266737,0.281072,1.489756,-0.377960,-0.307188,-0.015188,-0.438411,-0.145572,1.522714,0.145089,-0.485106,0.020550,0.042600,-0.389926,1.502084,0.509772,0.025419,-0.001031,0.192693,0.357962,1.501334,-0.347007,0.223394,0.000205,0.400061,-0.069594,1.498215,0.174777,0.451702,0.027839
23.500000,-0.274211,0.274863,1.489420,-0.369421,-0.313645,-0.018376,-0.435424,-0.155257,1.523120,0.153595,-0.483261,0.020122,0.052786,-0.389333,1.502074,0.508773,0.033966,0.000007,0.185715,0.362349,1.501339,-0.350784,0.215231,0.000315,0.403467,-0.060560,1.498766,0.165749,0.451652,0.027306
23.520000,-0.281512,0.268526,1.489022,-0.360644,-0.320121,-0.021420,-0.432268,-0.164898,1.523519,0.162034,-0.480761,0.019838,0.062949,-0.388566,1.502084,0.507382,0.042710,0.000989,0.178664,0.366568,1.501346,-0.354315,0.206708,0.000427,0.406690,-0.051529,1.499307,0.156533,0.451428,0.026847
23.540000,-0.288635,0.262059,1.488564,-0.351652,-0.326584,-0.024319,-0.428943,-0.174483,1.523914,0.170454,-0.477629,0.019673,0.073079,-0.387623,1.502113,0.505598,0.051643,0.001919,0.171544,0.370615,1.501356,-0.357618,0.197863,0.000543,0.409727,-0.042504,1.499840,0.147118,0.451037,0.026449
23.560000,-0.295577,0.255462,1.488050,-0.342446,-0.333037,-0.027073,-0.425450,-0.183999,1.524307,0.178856,-0.473866,0.019627,0.083170,-0.386499,1.502160,0.503420,0.060766,0.002798,0.164360,0.374481,1.501368,-0.360695,0.188695,0.000661,0.412573,-0.033489,1.500366,0.137502,0.450480,0.026111
23.580000,-0.302332,0.248737,1.487482,-0.333025,-0.339477,-0.029681,-0.421789,-0.193434,1.524700,0.187238,-0.469472,0.019699,0.093213,-0.385191,1.502225,0.500849,0.070078,0.003626,0.157118,0.378160,1.501383,-0.363544,0.179205,0.000782,0.415225,-0.024486,1.500885,0.127686,0.449756,0.025833
23.600000,-0.308896,0.241883,1.486863,-0.323390,-0.345906,-0.032144,-0.417960,-0.202774,1.525096,0.195602,-0.464447,0.019889,0.103201,-0.383695,1.502305,0.497883,0.079579,0.004402,0.149820,0.381647,1.501400,-0.366166,0.169392,0.000907,0.417679,-0.015500,1.501399,0.117670,0.448866,0.025615
23.620000,-0.315266,0.234901,1.486197,-0.313564,-0.352295,-0.034449,-0.413964,-0.212008,1.525496,0.204010,-0.458822,0.020167,0.113126,-0.382007,1.502400,0.494525,0.089241,0.005129,0.142472,0.384934,1.501419,-0.368583,0.159306,0.001033,0.419931,-0.006533,1.501910,0.107451,0.447810,0.025442
23.640000,-0.321438,0.227792,1.485487,-0.303572,-0.358617,-0.036585,-0.409799,-0.221123,1.525903,0.212527,-0.452631,0.020502,0.122980,-0.380124,1.502510,0.490776,0.099037,0.005810,0.135078,0.388018,1.501441,-0.370820,0.148996,0.001159,0.421976,0.002411,1.502417,0.097027,0.446591,0.025298
23.660000,-0.327408,0.220557,1.484735,-0.293414,-0.364872,-0.038550,-0.405463,-0.230109,1.526317,0.221153,-0.445872,0.020893,0.132754,-0.378045,1.502632,0.486636,0.108966,0.006445,0.127641,0.390893,1.501465,-0.372874,0.138462,0.001286,0.423810,0.011330,1.502922,0.086398,0.445207,0.025184
23.680000,-0.333173,0.213198,1.483946,-0.283089,-0.371059,-0.040345,-0.400952,-0.238954,1.526739,0.229887,-0.438546,0.021340,0.142442,-0.375765,1.502767,0.482104,0.119028,0.007033,0.120164,0.393555,1.501492,-0.374748,0.127705,0.001413,0.425430,0.020219,1.503425,0.075564,0.443660,0.025099
23.700000,-0.338730,0.205715,1.483122,-0.272597,-0.377178,-0.041969,-0.396266,-0.247647,1.527171,0.238729,-0.430653,0.021844,0.152036,-0.373283,1.502913,0.477180,0.129223,0.007575,0.112652,0.395999,1.501522,-0.376440,0.116724,0.001541,0.426832,0.029075,1.503926,0.064525,0.441949,0.025043
23.720000,-0.344076,0.198111,1.482268,-0.261967,-0.383200,-0.043400,-0.391402,-0.256177,1.527613,0.247710,-0.422249,0.022375,0.161527,-0.370595,1.503070,0.471874,0.139520,0.008070,0.105108,0.398222,1.501554,-0.377981,0.105557,0.001666,0.428010,0.037896,1.504427,0.053283,0.440075,0.025003
23.740000,-0.349208,0.190388,1.481388,-0.251226,-0.389096,-0.044611,-0.386357,-0.264534,1.528066,0.256859,-0.413391,0.022904,0.170908,-0.367701,1.503236,0.466194,0.149886,0.008517,0.097534,0.400221,1.501588,-0.379401,0.094244,0.001785,0.428962,0.046677,1.504926,0.041841,0.438041,0.024962
23.760000,-0.354124,0.182548,1.480485,-0.240373,-0.394864,-0.045604,-0.381127,-0.272710,1.528529,0.266176,-0.404079,0.023431,0.180172,-0.364599,1.503410,0.460139,0.160322,0.008915,0.089932,0.401991,1.501625,-0.380699,0.082784,0.001898,0.429682,0.055416,1.505425,0.030198,0.435847,0.024922
23.780000,-0.358822,0.174594,1.479565,-0.229409,-0.400505,-0.046377,-0.375709,-0.280694,1.529003,0.275661,-0.394311,0.023956,0.189311,-0.361288,1.503592,0.453710,0.170827,0.009265,0.082306,0.403531,1.501664,-0.381877,0.071178,0.002006,0.430168,0.064110,1.505923,0.018356,0.433492,0.024881
23.800000,-0.363300,0.166529,1.478632,-0.218335,-0.406019,-0.046932,-0.370099,-0.288479,1.529487,0.285314,-0.384090,0.024479,0.198318,-0.357766,1.503781,0.446907,0.181401,0.009566,0.074658,0.404837,1.501705,-0.382935,0.059425,0.002108,0.430415,0.072755,1.506420,0.006313,0.430977,0.024841
23.820000,-0.367555,0.158354,1.477690,-0.207155,-0.411381,-0.047235,-0.364295,-0.296055,1.529982,0.295134,-0.373467,0.024974,0.207185,-0.354032,1.503975,0.439759,0.192015,0.009819,0.066990,0.405907,1.501749,-0.383900,0.047570,0.002199,0.430420,0.081348,1.506917,-0.005912,0.428300,0.024785
23.840000,-0.371586,0.150075,1.476744,-0.195876,-0.416567,-0.047254,-0.358293,-0.303415,1.530486,0.305118,-0.362494,0.025416,0.215906,-0.350085,1.504173,0.432296,0.202637,0.010024,0.059303,0.406740,1.501793,-0.384802,0.035657,0.002275,0.430178,0.089886,1.507411,-0.018304,0.425462,0.024699
23.860000,-0.375390,0.141693,1.475801,-0.184499,-0.421575,-0.046989,-0.352089,-0.310553,1.530998,0.315268,-0.351173,0.025804,0.224475,-0.345926,1.504375,0.424516,0.213268,0.010181,0.051598,0.407333,1.501839,-0.385641,0.023688,0.002334,0.429686,0.098365,1.507904,-0.030861,0.422462,0.024583
23.880000,-0.378965,0.133213,1.474866,-0.173023,-0.426407,-0.046440,-0.345681,-0.317460,1.531518,0.325582,-0.339503,0.026138,0.232885,-0.341554,1.504580,0.416421,0.223907,0.010291,0.043877,0.407687,1.501887,-0.386418,0.011661,0.002378,0.428942,0.106783,1.508395,-0.043585,0.419300,0.024437
23.900000,-0.382310,0.124638,1.473946,-0.161448,-0.431063,-0.045607,-0.339065,-0.324130,1.532043,0.336062,-0.327483,0.026419,0.241130,-0.336970,1.504786,0.408010,0.234555,0.010352,0.036142,0.407799,1.501934,-0.387131,-0.000423,0.002406,0.427942,0.115136,1.508882,-0.056474,0.415976,0.024261
23.920000,-0.385422,0.115972,1.473044,-0.149787,-0.435513,-0.044492,-0.332238,-0.330557,1.532574,0.346661,-0.315180,0.026627,0.249204,-0.332172,1.504994,0.399326,0.245178,0.010364,0.028392,0.407670,1.501983,-0.387801,-0.012517,0.002413,0.426682,0.123421,1.509365,-0.069498,0.412500,0.024045
23.940000,-0.388301,0.107219,1.472168,-0.138055,-0.439731,-0.043097,-0.325198,-0.336736,1.533108,0.357333,-0.302660,0.026743,0.257101,-0.327163,1.505201,0.390412,0.255742,0.010327,0.020630,0.407299,1.502031,-0.388446,-0.024574,0.002392,0.425161,0.131635,1.509843,-0.082626,0.408883,0.023781
23.960000,-0.390944,0.098384,1.471322,-0.126249,-0.443717,-0.041423,-0.317944,-0.342662,1.533643,0.368080,-0.289922,0.026765,0.264819,-0.321943,1.505406,0.381267,0.266247,0.010241,0.012855,0.406687,1.502078,-0.389067,-0.036595,0.002345,0.423376,0.139775,1.510316,-0.095858,0.405125,0.023470
23.980000,-0.393350,0.089472,1.470513,-0.114371,-0.447470,-0.039469,-0.310474,-0.348332,1.534178,0.378900,-0.276967,0.026695,0.272351,-0.316514,1.505610,0.371892,0.276693,0.010105,0.005067,0.405835,1.502124,-0.389664,-0.048579,0.002270,0.421326,0.147839,1.510782,-0.109194,0.401225,0.023111
24.000000,-0.395518,0.080487,1.469745,-0.102421,-0.450990,-0.037235,-0.302787,-0.353739,1.534710,0.389793,-0.263794,0.026532,0.279693,-0.310876,1.505810,0.362287,0.287080,0.009920,-0.002732,0.404744,1.502169,-0.390236,-0.060526,0.002168,0.419008,0.155824,1.511240,-0.122633,0.397184,0.022704
24.020000,-0.397447,0.071434,1.469025,-0.090430,-0.454253,-0.034750,-0.294883,-0.358882,1.535239,0.400671,-0.250480,0.026268,0.286841,-0.305031,1.506007,0.352505,0.297375,0.009689,-0.010542,0.403415,1.502211,-0.390792,-0.072398,0.002031,0.416420,0.163726,1.511689,-0.136132,0.393011,0.022242
24.040000,-0.399135,0.062318,1.468357,-0.078428,-0.457233,-0.032040,-0.286761,-0.363758,1.535760,0.411442,-0.237102,0.025894,0.293792,-0.298982,1.506198,0.342602,0.307542,0.009414,-0.018363,0.401849,1.502250,-0.391341,-0.084156,0.001853,0.413563,0.171543,1.512129,-0.149645,0.388713,0.021718
24.060000,-0.400584,0.053146,1.467745,-0.066416,-0.459930,-0.029108,-0.278426,-0.368366,1.536274,0.422107,-0.223660,0.025410,0.300544,-0.292730,1.506383,0.332578,0.317583,0.009096,-0.026196,0.400049,1.502285,-0.391882,-0.095799,0.001633,0.410435,0.179273,1.512558,-0.163172,0.384291,0.021132
24.080000,-0.401792,0.043923,1.467194,-0.054394,-0.462345,-0.025951,-0.269878,-0.372704,1.536776,0.432667,-0.210153,0.024816,0.307094,-0.286279,1.506561,0.322433,0.327497,0.008734,-0.034039,0.398018,1.502315,-0.392416,-0.107328,0.001370,0.407036,0.186914,1.512974,-0.176713,0.379745,0.020485
24.100000,-0.402760,0.034654,1.466708,-0.042362,-0.464477,-0.022571,-0.261120,-0.376772,1.537265,0.443120,-0.196582,0.024113,0.313441,-0.279631,1.506732,0.312166,0.337285,0.008329,-0.041892,0.395757,1.502339,-0.392942,-0.118742,0.001066,0.403366,0.194462,1.513377,-0.190269,0.375076,0.019776
24.120000,-0.403487,0.025346,1.466292,-0.030363,-0.466313,-0.019025,-0.252154,-0.380568,1.537740,0.453359,-0.183029,0.023300,0.319581,-0.272789,1.506894,0.301837,0.346905,0.007885,-0.049756,0.393269,1.502357,-0.393452,-0.130007,0.000712,0.399425,0.201916,1.513765,-0.203788,0.370300,0.019004
24.140000,-0.403975,0.016004,1.465948,-0.018441,-0.467841,-0.015370,-0.242987,-0.384093,1.538197,0.463276,-0.169574,0.022379,0.325514,-0.265756,1.507047,0.291505,0.356317,0.007405,-0.057630,0.390558,1.502367,-0.393937,-0.141084,0.000298,0.395215,0.209274,1.514136,-0.217221,0.365435,0.018170
24.160000,-0.404225,0.006634,1.465678,-0.006596,-0.469060,-0.011607,-0.233625,-0.387351,1.538634,0.472870,-0.156217,0.021350,0.331241,-0.258538,1.507190,0.281170,0.365523,0.006891,-0.065513,0.387627,1.502369,-0.394397,-0.151975,-0.000174,0.390737,0.216533,1.514491,-0.230566,0.360483,0.017273
24.180000,-0.404239,-0.002756,1.465484,0.005172,-0.469971,-0.007736,-0.224075,-0.390343,1.539050,0.482142,-0.142960,0.020212,0.336761,-0.251137,1.507322,0.270832,0.374520,0.006341,-0.073406,0.384480,1.502360,-0.394831,-0.162679,-0.000705,0.385993,0.223692,1.514827,-0.243824,0.355442,0.016314
24.200000,-0.404019,-0.012162,1.465369,0.016863,-0.470573,-0.003756,-0.214342,-0.393070,1.539442,0.491091,-0.129801,0.018966,0.342074,-0.243558,1.507443,0.260492,0.383310,0.005757,-0.081306,0.381121,1.502340,-0.395240,-0.173197,-0.001294,0.380985,0.230750,1.515143,-0.256996,0.350314,0.015293
24.220000,-0.403565,-0.021577,1.465334,0.028440,-0.470867,0.000249,-0.204434,-0.395536,1.539808,0.499645,-0.116818,0.017616,0.347181,-0.235806,1.507553,0.250207,0.391853,0.005147,-0.089215,0.377554,1.502308,-0.395604,-0.183488,-0.001951,0.375714,0.237705,1.515438,-0.270024,0.345113,0.014209
24.240000,-0.402882,-0.030995,1.465379,0.039864,-0.470853,0.004197,-0.194359,-0.397745,1.540146,0.507732,-0.104087,0.016165,0.352083,-0.227886,1.507649,0.240034,0.400111,0.004522,-0.097130,0.373783,1.502262,-0.395906,-0.193514,-0.002684,0.370185,0.244554,1.515711,-0.282854,0.339858,0.013064
24.260000,-0.401972,-0.040409,1.465502,0.051136,-0.470529,0.008087,-0.184128,-0.399701,1.540454,0.515352,-0.091609,0.014613,0.356783,-0.219803,1.507733,0.229973,0.408083,0.003881,-0.105051,0.369815,1.502200,-0.396145,-0.203275,-0.003492,0.364401,0.251298,1.515960,-0.295485,0.334548,0.011858
24.280000,-0.400838,-0.049814,1.465702,0.062255,-0.469898,0.011920,-0.173748,-0.401411,1.540730,0.522505,-0.079383,0.012961,0.361283,-0.211564,1.507804,0.220025,0.415769,0.003224,-0.112976,0.365654,1.502121,-0.396320,-0.212771,-0.004375,0.358367,0.257936,1.516185,-0.307917,0.329182,0.010591
24.300000,-0.399482,-0.059203,1.465978,0.073222,-0.468957,0.015696,-0.163231,-0.402878,1.540972,0.529191,-0.067409,0.011209,0.365585,-0.203175,1.507862,0.210190,0.423169,0.002552,-0.120903,0.361306,1.502024,-0.396433,-0.222001,-0.005334,0.352086,0.264465,1.516384,-0.320151,0.323762,0.009262
24.320000,-0.397910,-0.068570,1.466329,0.083998,-0.467730,0.019351,-0.152584,-0.404109,1.541177,0.535382,-0.055749,0.009357,0.369691,-0.194640,1.507906,0.200519,0.430241,0.001876,-0.128832,0.356776,1.501907,-0.396455,-0.230942,-0.006379,0.345562,0.270886,1.516555,-0.332134,0.318305,0.007878
24.340000,-0.396124,-0.077911,1.466751,0.094544,-0.466237,0.022823,-0.141819,-0.405111,1.541345,0.541050,-0.044465,0.007406,0.373607,-0.185967,1.507937,0.191065,0.436941,0.001208,-0.136761,0.352070,1.501769,-0.396359,-0.239568,-0.007521,0.338802,0.277198,1.516698,-0.343812,0.312829,0.006444
24.360000,-0.394130,-0.087218,1.467241,0.104860,-0.464478,0.026112,-0.130945,-0.405890,1.541473,0.546196,-0.033556,0.005356,0.377336,-0.177165,1.507955,0.181826,0.443270,0.000549,-0.144686,0.347195,1.501606,-0.396144,-0.247881,-0.008758,0.331812,0.283399,1.516813,-0.355186,0.307335,0.004960
24.380000,-0.391931,-0.096488,1.467794,0.114946,-0.462455,0.029218,-0.119974,-0.406455,1.541559,0.550820,-0.023023,0.003207,0.380881,-0.168239,1.507959,0.172805,0.449227,-0.000102,-0.152606,0.342157,1.501418,-0.395812,-0.255879,-0.010091,0.324597,0.289491,1.516896,-0.366256,0.301822,0.003427
24.400000,-0.389533,-0.105715,1.468408,0.124802,-0.460165,0.032141,-0.108916,-0.406814,1.541601,0.554921,-0.012865,0.000959,0.384249,-0.159198,1.507951,0.163999,0.454812,-0.000745,-0.160518,0.336962,1.501202,-0.395362,-0.263564,-0.011520,0.317164,0.295472,1.516949,-0.377022,0.296290,0.001844
24.420000,-0.386941,-0.114893,1.469079,0.134392,-0.457644,0.034848,-0.097781,-0.406973,1.541597,0.558500,-0.003121,-0.001381,0.387443,-0.150049,1.507930,0.155442,0.459979,-0.001376,-0.168419,0.331617,1.500956,-0.394760,-0.270908,-0.013049,0.309519,0.301342,1.516970,-0.387436,0.290745,0.000220
24.440000,-0.384160,-0.124019,1.469801,0.143681,-0.454925,0.037306,-0.086580,-0.406942,1.541545,0.561554,0.006172,-0.003806,0.390469,-0.140802,1.507896,0.147168,0.464680,-0.001995,-0.176307,0.326128,1.500679,-0.393971,-0.277884,-0.014682,0.301669,0.307102,1.516958,-0.397449,0.285193,-0.001436
24.460000,-0.381196,-0.133089,1.470569,0.152667,-0.452009,0.039516,-0.075322,-0.406729,1.541444,0.564085,0.015013,-0.006316,0.393332,-0.131465,1.507850,0.139175,0.468915,-0.002599,-0.184177,0.320504,1.500368,-0.392996,-0.284493,-0.016418,0.293623,0.312750,1.516912,-0.407062,0.279634,-0.003122
24.480000,-0.378055,-0.142098,1.471380,0.161352,-0.448894,0.041476,-0.064020,-0.406344,1.541292,0.566092,0.023402,-0.008911,0.396038,-0.122049,1.507792,0.131464,0.472685,-0.003190,-0.192025,0.314751,1.500022,-0.391836,-0.290735,-0.018257,0.285389,0.318287,1.516833,-0.416274,0.274068,-0.004841
24.500000,-0.374744,-0.151043,1.472227,0.169735,-0.445581,0.043189,-0.052682,-0.405796,1.541087,0.567575,0.031340,-0.011592,0.398592,-0.112561,1.507722,0.124035,0.475989,-0.003767,-0.199849,0.308877,1.499637,-0.390489,-0.296610,-0.020200,0.276975,0.323713,1.516718,-0.425086,0.268495,-0.006591
24.520000,-0.371268,-0.159920,1.473105,0.177790,-0.442104,0.044645,-0.041320,-0.405093,1.540827,0.568559,0.038827,-0.014345,0.401001,-0.103012,1.507641,0.116895,0.478807,-0.004339,-0.207643,0.302889,1.499213,-0.388917,-0.302100,-0.022251,0.268389,0.329027,1.516569,-0.433461,0.262911,-0.008360
24.540000,-0.367634,-0.168726,1.474011,0.185489,-0.438497,0.045839,-0.029943,-0.404246,1.540513,0.569070,0.045864,-0.017161,0.403270,-0.093412,1.507549,0.110052,0.481121,-0.004916,-0.215404,0.296796,1.498746,-0.387083,-0.307187,-0.024414,0.259640,0.334229,1.516384,-0.441363,0.257311,-0.010135
24.560000,-0.363851,-0.177459,1.474937,0.192834,-0.434759,0.046770,-0.018560,-0.403262,1.540141,0.569106,0.052452,-0.020038,0.405405,-0.083771,1.507445,0.103505,0.482929,-0.005497,-0.223125,0.290604,1.498236,-0.384987,-0.311871,-0.026689,0.250737,0.339319,1.516164,-0.448792,0.251696,-0.011917
24.580000,-0.359923,-0.186116,1.475880,0.199822,-0.430891,0.047439,-0.007182,-0.402151,1.539711,0.568669,0.058591,-0.022978,0.407412,-0.074098,1.507329,0.097255,0.484232,-0.006082,-0.230802,0.284324,1.497678,-0.382628,-0.316152,-0.029077,0.241691,0.344297,1.515907,-0.455748,0.246065,-0.013705
24.600000,-0.355860,-0.194694,1.476833,0.206456,-0.426891,0.047845,0.004183,-0.400921,1.539221,0.567758,0.064281,-0.025979,0.409297,-0.064405,1.507201,0.091302,0.485030,-0.006672,-0.238428,0.277961,1.497072,-0.380007,-0.320031,-0.031577,0.232511,0.349162,1.515615,-0.462231,0.240419,-0.015499
24.620000,-0.351668,-0.203191,1.477792,0.212719,-0.422785,0.047992,0.015525,-0.399582,1.538671,0.566399,0.069538,-0.029038,0.411066,-0.054700,1.507062,0.085633,0.485321,-0.007270,-0.246000,0.271525,1.496414,-0.377083,-0.323498,-0.034196,0.223205,0.353913,1.515287,-0.468238,0.234757,-0.017297
24.640000,-0.347354,-0.211605,1.478751,0.218597,-0.418595,0.047887,0.026836,-0.398142,1.538059,0.564621,0.074382,-0.032150,0.412724,-0.044995,1.506910,0.080234,0.485101,-0.007882,-0.253509,0.265024,1.495703,-0.373816,-0.326543,-0.036940,0.213784,0.358552,1.514923,-0.473763,0.229079,-0.019095
24.660000,-0.342926,-0.219934,1.479706,0.224089,-0.414322,0.047528,0.038107,-0.396610,1.537385,0.562423,0.078811,-0.035315,0.414277,-0.035300,1.506747,0.075105,0.484371,-0.008507,-0.260950,0.258466,1.494936,-0.370207,-0.329168,-0.039810,0.204258,0.363076,1.514524,-0.478807,0.223385,-0.020893
24.680000,-0.338393,-0.228177,1.480650,0.229195,-0.409964,0.046917,0.049330,-0.394993,1.536646,0.559805,0.082827,-0.038532,0.415730,-0.025624,1.506570,0.070247,0.483130,-0.009146,-0.268315,0.251860,1.494110,-0.366255,-0.331371,-0.042806,0.194635,0.367487,1.514088,-0.483370,0.217675,-0.022690
24.700000,-0.333761,-0.236332,1.481581,0.233915,-0.405523,0.046052,0.060497,-0.393300,1.535843,0.556767,0.086428,-0.041803,0.417089,-0.015978,1.506381,0.065660,0.481380,-0.009798,-0.275598,0.245214,1.493223,-0.361960,-0.333153,-0.045927,0.184926,0.371783,1.513616,-0.487452,0.211949,-0.024488
24.720000,-0.329039,-0.244398,1.482491,0.238236,-0.401002,0.044946,0.071599,-0.391538,1.534974,0.553345,0.089655,-0.045128,0.418358,-0.006372,1.506178,0.061316,0.479139,-0.010475,-0.282791,0.238537,1.492272,-0.357290,-0.334521,-0.049174,0.175140,0.375965,1.513108,-0.491060,0.206197,-0.026281
24.740000,-0.324235,-0.252372,1.483377,0.242141,-0.396403,0.043612,0.082628,-0.389716,1.534038,0.549577,0.092549,-0.048509,0.419543,0.003184,1.505961,0.057188,0.476428,-0.011189,-0.289887,0.231836,1.491255,-0.352210,-0.335483,-0.052545,0.165287,0.380031,1.512565,-0.494202,0.200412,-0.028062
24.760000,-0.319356,-0.260253,1.484234,0.245632,-0.391728,0.042049,0.093579,-0.387838,1.533033,0.545460,0.095110,-0.051946,0.420647,0.012682,1.505730,0.053276,0.473248,-0.011940,-0.296877,0.225120,1.490169,-0.346721,-0.336038,-0.056042,0.155375,0.383981,1.511986,-0.496877,0.194592,-0.029832
24.780000,-0.314412,-0.268040,1.485057,0.248709,-0.386975,0.040258,0.104444,-0.385913,1.531959,0.540997,0.097337,-0.055439,0.421675,0.022111,1.505484,0.049580,0.469597,-0.012728,-0.303753,0.218397,1.489012,-0.340823,-0.336186,-0.059664,0.145415,0.387814,1.511372,-0.499086,0.188738,-0.031592
24.800000,-0.309410,-0.275732,1.485843,0.251370,-0.382145,0.038238,0.115217,-0.383947,1.530815,0.536186,0.099231,-0.058988,0.422632,0.031463,1.505221,0.046100,0.465477,-0.013553,-0.310507,0.211675,1.487782,-0.334516,-0.335928,-0.063411,0.135415,0.391530,1.510722,-0.500829,0.182849,-0.033341
24.820000,-0.304360,-0.283325,1.486585,0.253599,-0.377222,0.036006,0.125890,-0.381946,1.529599,0.531065,0.100838,-0.062597,0.423521,0.040727,1.504941,0.042801,0.460910,-0.014421,-0.317131,0.204963,1.486475,-0.327776,-0.335293,-0.067275,0.125385,0.395128,1.510038,-0.502134,0.176926,-0.035079
24.840000,-0.299270,-0.290820,1.487282,0.255378,-0.372192,0.033577,0.136458,-0.379915,1.528311,0.525671,0.102206,-0.066270,0.424345,0.049896,1.504644,0.039651,0.455921,-0.015340,-0.323615,0.198266,1.485090,-0.320582,-0.334311,-0.071251,0.115332,0.398607,1.509319,-0.503028,0.170968,-0.036806
24.860000,-0.294148,-0.298212,1.487927,0.256707,-0.367055,0.030952,0.146915,-0.377859,1.526948,0.520006,0.103335,-0.070006,0.425108,0.058961,1.504327,0.036647,0.450510,-0.016307,-0.329951,0.191592,1.483624,-0.312932,-0.332982,-0.075339,0.105266,0.401967,1.508566,-0.503512,0.164974,-0.038524
24.880000,-0.289004,-0.305501,1.488518,0.257587,-0.361810,0.028131,0.157256,-0.375783,1.525510,0.514068,0.104224,-0.073807,0.425812,0.067914,1.503991,0.033792,0.444675,-0.017325,-0.336129,0.184949,1.482076,-0.304827,-0.331306,-0.079537,0.095195,0.405206,1.507778,-0.503587,0.158946,-0.040231
24.900000,-0.283847,-0.312684,1.489051,0.258016,-0.356458,0.025113,0.167476,-0.373692,1.523995,0.507857,0.104875,-0.077671,0.426460,0.076746,1.503634,0.031084,0.438419,-0.018392,-0.342141,0.178343,1.480442,-0.296266,-0.329284,-0.083846,0.085126,0.408324,1.506957,-0.503250,0.152881,-0.041928
24.920000,-0.278687,-0.319759,1.489522,0.257986,-0.350991,0.021912,0.177569,-0.371590,1.522403,0.501417,0.105334,-0.081607,0.427056,0.085448,1.503255,0.028485,0.431782,-0.019515,-0.347977,0.171780,1.478721,-0.287252,-0.326959,-0.088240,0.075067,0.411321,1.506101,-0.502538,0.146778,-0.043620
24.940000,-0.273531,-0.326723,1.489926,0.257489,-0.345403,0.018541,0.187531,-0.369480,1.520731,0.494791,0.105651,-0.085622,0.427600,0.094015,1.502853,0.025956,0.424807,-0.020697,-0.353628,0.165266,1.476912,-0.277786,-0.324377,-0.092690,0.065026,0.414195,1.505212,-0.501483,0.140631,-0.045311
24.960000,-0.268390,-0.333574,1.490262,0.256524,-0.339694,0.015002,0.197359,-0.367365,1.518977,0.487977,0.105824,-0.089718,0.428095,0.102438,1.502427,0.023498,0.417495,-0.021940,-0.359085,0.158806,1.475013,-0.267867,-0.321538,-0.097196,0.055010,0.416946,1.504289,-0.500085,0.134440,-0.047003
24.980000,-0.263273,-0.340310,1.490525,0.255092,-0.333864,0.011293,0.207049,-0.365248,1.517141,0.480977,0.105855,-0.093893,0.428540,0.110712,1.501975,0.021110,0.409845,-0.023243,-0.364340,0.152406,1.473024,-0.257496,-0.318441,-0.101759,0.045025,0.419572,1.503332,-0.498345,0.128206,-0.048694
25.000000,-0.258190,-0.346928,1.490713,0.253192,-0.327913,0.007415,0.216597,-0.363131,1.515221,0.473791,0.105744,-0.098149,0.428939,0.118830,1.501497,0.018793,0.401857,-0.024606,-0.369382,0.146070,1.470943,-0.246674,-0.315088,-0.106378,0.035079,0.422074,1.502341,-0.496262,0.121928,-0.050385
25.020000,-0.253149,-0.353426,1.490821,0.250835,-0.321855,0.003384,0.226000,-0.361018,1.513215,0.466462,0.105542,-0.102489,0.429292,0.126785,1.500990,0.016506,0.393591,-0.026034,-0.374204,0.139804,1.468769,-0.235420,-0.311522,-0.110998,0.025177,0.424449,1.501316,-0.493881,0.115609,-0.052085
25.040000,-0.248159,-0.359801,1.490847,0.248031,-0.315705,-0.000784,0.235255,-0.358910,1.511121,0.459036,0.105305,-0.106921,0.429600,0.134572,1.500455,0.014211,0.385105,-0.027532,-0.378796,0.133611,1.466503,-0.223759,-0.307791,-0.115563,0.015325,0.426698,1.500257,-0.491247,0.109253,-0.053804
25.060000,-0.243230,-0.366053,1.490789,0.244780,-0.309464,-0.005089,0.244361,-0.356806,1.508937,0.451513,0.105032,-0.111444,0.429861,0.142187,1.499888,0.011908,0.376399,-0.029100,-0.383152,0.127493,1.464147,-0.211688,-0.303893,-0.120073,0.005529,0.428819,1.499164,-0.488360,0.102859,-0.055541
25.080000,-0.238371,-0.372179,1.490643,0.241083,-0.303131,-0.009531,0.253315,-0.354709,1.506663,0.443893,0.104723,-0.116058,0.430076,0.149626,1.499290,0.009595,0.367474,-0.030739,-0.387261,0.121456,1.461701,-0.199209,-0.299830,-0.124527,-0.004208,0.430812,1.498036,-0.485221,0.096428,-0.057297
25.100000,-0.233590,-0.378178,1.490407,0.236939,-0.296706,-0.014110,0.262116,-0.352618,1.504295,0.436176,0.104379,-0.120764,0.430245,0.156885,1.498658,0.007274,0.358329,-0.032447,-0.391117,0.115501,1.459166,-0.186322,-0.295601,-0.128926,-0.013879,0.432676,1.496872,-0.481828,0.089958,-0.059072
25.120000,-0.228896,-0.384047,1.490078,0.232367,-0.290211,-0.018803,0.270761,-0.350534,1.501831,0.428393,0.104046,-0.125569,0.430367,0.163959,1.497992,0.004909,0.349028,-0.034229,-0.394712,0.109633,1.456544,-0.173085,-0.291252,-0.133218,-0.023479,0.434410,1.495673,-0.478217,0.083452,-0.060860
25.140000,-0.224298,-0.389786,1.489654,0.227389,-0.283666,-0.023587,0.279251,-0.348456,1.499271,0.420578,0.103773,-0.130483,0.430440,0.170845,1.497289,0.002464,0.339633,-0.036088,-0.398039,0.103852,1.453838,-0.159558,-0.286827,-0.137352,-0.033006,0.436014,1.494438,-0.474423,0.076910,-0.062657
25.160000,-0.219803,-0.395393,1.489133,0.222004,-0.277072,-0.028461,0.287584,-0.346382,1.496611,0.412729,0.103560,-0.135506,0.430465,0.177543,1.496548,-0.000060,0.330146,-0.038023,-0.401092,0.098160,1.451051,-0.145741,-0.282328,-0.141328,-0.042455,0.437486,1.493166,-0.470444,0.070332,-0.064462
25.180000,-0.215421,-0.400869,1.488515,0.216211,-0.270429,-0.033425,0.295760,-0.344313,1.493850,0.404847,0.103408,-0.140638,0.430437,0.184050,1.495767,-0.002664,0.320565,-0.040035,-0.403866,0.092559,1.448186,-0.131634,-0.277753,-0.145146,-0.051823,0.438827,1.491859,-0.466282,0.063718,-0.066277
25.200000,-0.211158,-0.406210,1.487796,0.210011,-0.263736,-0.038480,0.303778,-0.342246,1.490985,0.396932,0.103315,-0.145879,0.430357,0.190365,1.494946,-0.005347,0.310891,-0.042123,-0.406356,0.087051,1.445246,-0.117237,-0.273103,-0.148805,-0.061105,0.440035,1.490515,-0.461935,0.057067,-0.068100
25.220000,-0.207023,-0.411418,1.486975,0.203434,-0.257012,-0.043595,0.311637,-0.340179,1.488014,0.389002,0.103326,-0.151218,0.430223,0.196486,1.494082,-0.008135,0.301171,-0.044281,-0.408554,0.081635,1.442235,-0.102628,-0.268408,-0.152263,-0.070299,0.441109,1.489135,-0.457443,0.050391,-0.069931
25.240000,-0.203023,-0.416491,1.486052,0.196509,-0.250275,-0.048742,0.319338,-0.338112,1.484936,0.381077,0.103482,-0.156645,0.430031,0.202412,1.493174,-0.011053,0.291453,-0.046504,-0.410460,0.076314,1.439158,-0.087884,-0.263695,-0.155477,-0.079402,0.442050,1.487718,-0.452841,0.043697,-0.071769
25.260000,-0.199165,-0.421429,1.485025,0.189237,-0.243524,-0.053921,0.326880,-0.336039,1.481748,0.373155,0.103784,-0.162160,0.429780,0.208144,1.492221,-0.014101,0.281738,-0.048791,-0.412069,0.071088,1.436018,-0.073005,-0.258966,-0.158447,-0.088412,0.442857,1.486264,-0.448131,0.036987,-0.073615
25.280000,-0.195456,-0.426232,1.483895,0.181616,-0.236759,-0.059130,0.334264,-0.333959,1.478449,0.365238,0.104232,-0.167763,0.429466,0.213682,1.491222,-0.017279,0.272025,-0.051141,-0.413379,0.065956,1.432821,-0.057992,-0.254221,-0.161174,-0.097327,0.443530,1.484773,-0.443312,0.030261,-0.075468
25.300000,-0.191902,-0.430899,1.482660,0.173649,-0.229982,-0.064371,0.341490,-0.331869,1.475037,0.357324,0.104825,-0.173454,0.429088,0.219025,1.490175,-0.020586,0.262315,-0.053556,-0.414388,0.060919,1.429573,-0.042844,-0.249458,-0.163656,-0.106144,0.444067,1.483245,-0.438385,0.023518,-0.077329
25.320000,-0.188512,-0.435431,1.481320,0.165373,-0.223200,-0.069605,0.348557,-0.329765,1.471510,0.349426,0.105605,-0.179213,0.428642,0.224175,1.489080,-0.024036,0.252652,-0.056030,-0.415093,0.055977,1.426277,-0.027648,-0.244692,-0.165873,-0.114861,0.444470,1.481680,-0.433364,0.016761,-0.079185
25.340000,-0.185289,-0.439827,1.479876,0.156828,-0.216424,-0.074795,0.355467,-0.327643,1.467868,0.341557,0.106613,-0.185018,0.428125,0.229132,1.487934,-0.027640,0.243082,-0.058556,-0.415494,0.051131,1.422940,-0.012491,-0.239936,-0.167805,-0.123478,0.444738,1.480078,-0.428266,0.009993,-0.081023
25.360000,-0.182240,-0.444088,1.478329,0.148015,-0.209654,-0.079939,0.362220,-0.325499,1.464109,0.333715,0.107849,-0.190870,0.427535,0.233898,1.486737,-0.031399,0.233606,-0.061137,-0.415592,0.046380,1.419567,0.002626,-0.235190,-0.169451,-0.131991,0.444870,1.478439,-0.423090,0.003213,-0.082843
25.380000,-0.179370,-0.448213,1.476679,0.138934,-0.202890,-0.085039,0.368816,-0.323328,1.460233,0.325902,0.109312,-0.196769,0.426868,0.238477,1.485488,-0.035312,0.224223,-0.063770,-0.415389,0.041724,1.416163,0.017705,-0.230453,-0.170812,-0.140401,0.444866,1.476764,-0.417837,-0.003577,-0.084646
25.400000,-0.176685,-0.452203,1.474927,0.129584,-0.196132,-0.090093,0.375256,-0.321125,1.456238,0.318116,0.111004,-0.202715,0.426122,0.242868,1.484186,-0.039380,0.214933,-0.066457,-0.414884,0.037162,1.412736,0.032744,-0.225726,-0.171887,-0.148704,0.444727,1.475054,-0.412507,-0.010378,-0.086431
25.420000,-0.174188,-0.456059,1.473075,0.120031,-0.189385,-0.095073,0.381541,-0.318886,1.452124,0.310372,0.112956,-0.208678,0.425292,0.247075,1.482829,-0.043596,0.205764,-0.069184,-0.414080,0.032694,1.409290,0.047650,-0.221002,-0.172685,-0.156901,0.444451,1.473307,-0.407116,-0.017180,-0.088190
25.440000,-0.171884,-0.459779,1.471125,0.110343,-0.182656,-0.099947,0.387671,-0.316605,1.447891,0.302682,0.115204,-0.214626,0.424377,0.251100,1.481418,-0.047954,0.196743,-0.071935,-0.412980,0.028322,1.405830,0.062332,-0.216272,-0.173213,-0.164989,0.444040,1.471526,-0.401682,-0.023973,-0.089917
25.460000,-0.169776,-0.463365,1.469078,0.100520,-0.175944,-0.104715,0.393648,-0.314276,1.443539,0.295045,0.117747,-0.220561,0.423373,0.254945,1.479952,-0.052454,0.187871,-0.074711,-0.411588,0.024044,1.402363,0.076788,-0.211539,-0.173471,-0.172968,0.443492,1.469711,-0.396204,-0.030757,-0.091610
25.480000,-0.167865,-0.466817,1.466937,0.090560,-0.169249,-0.109379,0.399473,-0.311893,1.439069,0.287463,0.120585,-0.226481,0.422278,0.258615,1.478430,-0.057097,0.179147,-0.077511,-0.409910,0.019860,1.398893,0.091019,-0.206800,-0.173460,-0.180837,0.442809,1.467862,-0.390683,-0.037531,-0.093270
25.500000,-0.166154,-0.470135,1.464704,0.080465,-0.162572,-0.113937,0.405147,-0.309450,1.434480,0.279934,0.123718,-0.232388,0.421088,0.262112,1.476851,-0.061882,0.170571,-0.080336,-0.407949,0.015772,1.395426,0.105025,-0.202056,-0.173179,-0.188595,0.441991,1.465980,-0.385118,-0.044296,-0.094897
25.520000,-0.164646,-0.473320,1.462381,0.070305,-0.155910,-0.118369,0.410671,-0.306942,1.429774,0.272478,0.127161,-0.238233,0.419802,0.265439,1.475216,-0.066780,0.162156,-0.083174,-0.405711,0.011778,1.391968,0.118723,-0.197293,-0.172663,-0.196241,0.441038,1.464066,-0.379528,-0.051036,-0.096490
25.540000,-0.163342,-0.476372,1.459970,0.060148,-0.149262,-0.122655,0.416047,-0.304362,1.424951,0.265112,0.130929,-0.243969,0.418417,0.268600,1.473524,-0.071761,0.153915,-0.086012,-0.403203,0.007880,1.388521,0.132034,-0.192496,-0.171947,-0.203776,0.439950,1.462121,-0.373932,-0.057736,-0.098047
25.560000,-0.162240,-0.479290,1.457475,0.049997,-0.142628,-0.126795,0.421276,-0.301703,1.420016,0.257836,0.135022,-0.249596,0.416931,0.271597,1.471776,-0.076825,0.145847,-0.088850,-0.400432,0.004079,1.385091,0.144957,-0.187664,-0.171029,-0.211199,0.438729,1.460145,-0.368331,-0.064395,-0.099570
25.580000,-0.161342,-0.482077,1.454899,0.039849,-0.136007,-0.130789,0.426361,-0.298959,1.414968,0.250651,0.139440,-0.255114,0.415343,0.274435,1.469970,-0.081972,0.137954,-0.091688,-0.397407,0.000374,1.381681,0.157491,-0.182797,-0.169911,-0.218509,0.437374,1.458138,-0.362723,-0.071013,-0.101057
25.600000,-0.160646,-0.484731,1.452245,0.029706,-0.129400,-0.134637,0.431303,-0.296123,1.409812,0.243556,0.144182,-0.260522,0.413651,0.277116,1.468108,-0.087203,0.130233,-0.094527,-0.394135,-0.003233,1.378296,0.169637,-0.177896,-0.168593,-0.225707,0.435888,1.456103,-0.357109,-0.077591,-0.102510
25.620000,-0.160153,-0.487253,1.449515,0.019627,-0.122789,-0.138323,0.436104,-0.293189,1.404548,0.236577,0.149214,-0.265775,0.411855,0.279645,1.466189,-0.092457,0.122676,-0.097344,-0.390625,-0.006742,1.374939,0.181325,-0.172936,-0.167115,-0.232794,0.434271,1.454038,-0.351511,-0.084111,-0.103934
25.640000,-0.159860,-0.489642,1.446713,0.009672,-0.116160,-0.141830,0.440767,-0.290153,1.399182,0.229742,0.154501,-0.270825,0.409953,0.282024,1.464215,-0.097677,0.115272,-0.100121,-0.386886,-0.010150,1.371612,0.192485,-0.167891,-0.165522,-0.239768,0.432524,1.451946,-0.345952,-0.090556,-0.105339
25.660000,-0.159766,-0.491899,1.443843,-0.000161,-0.109510,-0.145159,0.445295,-0.287008,1.393717,0.223049,0.160042,-0.275672,0.407948,0.284257,1.462185,-0.102861,0.108020,-0.102856,-0.382929,-0.013457,1.368319,0.203116,-0.162761,-0.163812,-0.246632,0.430649,1.449825,-0.340430,-0.096926,-0.106723
25.680000,-0.159866,-0.494022,1.440908,-0.009869,-0.102841,-0.148309,0.449690,-0.283749,1.388157,0.216499,0.165838,-0.280317,0.405839,0.286346,1.460101,-0.108010,0.100922,-0.105551,-0.378765,-0.016660,1.365060,0.213220,-0.157547,-0.161986,-0.253386,0.428648,1.447677,-0.334947,-0.103222,-0.108087
25.700000,-0.160160,-0.496012,1.437912,-0.019455,-0.096153,-0.151280,0.453956,-0.280373,1.382506,0.210092,0.171889,-0.284759,0.403628,0.288295,1.457963,-0.113124,0.093975,-0.108204,-0.374404,-0.019758,1.361840,0.222795,-0.152248,-0.160044,-0.260030,0.426521,1.445502,-0.329502,-0.109442,-0.109431
25.720000,-0.160643,-0.497868,1.434858,-0.028875,-0.089431,-0.154078,0.458095,-0.276873,1.376768,0.203860,0.178120,-0.288964,0.401315,0.290106,1.455773,-0.118124,0.087166,-0.110793,-0.369857,-0.022749,1.358659,0.231792,-0.146844,-0.158034,-0.266566,0.424271,1.443300,-0.324102,-0.115581,-0.110758
25.740000,-0.161313,-0.499589,1.431750,-0.038086,-0.082662,-0.156706,0.462111,-0.273247,1.370949,0.197837,0.184458,-0.292896,0.398904,0.291782,1.453532,-0.122931,0.080475,-0.113293,-0.365136,-0.025631,1.355519,0.240163,-0.141315,-0.156003,-0.272994,0.421898,1.441071,-0.318752,-0.121633,-0.112069
25.760000,-0.162165,-0.501175,1.428591,-0.047090,-0.075846,-0.159164,0.466010,-0.269494,1.365054,0.192023,0.190903,-0.296556,0.396399,0.293326,1.451242,-0.127546,0.073905,-0.115704,-0.360254,-0.028401,1.352419,0.247906,-0.135660,-0.153951,-0.279316,0.419406,1.438817,-0.313454,-0.127598,-0.113365
25.780000,-0.163195,-0.502623,1.425384,-0.055885,-0.068983,-0.161452,0.469794,-0.265610,1.359088,0.186418,0.197454,-0.299943,0.393803,0.294739,1.448904,-0.131968,0.067453,-0.118027,-0.355224,-0.031056,1.349361,0.255023,-0.129880,-0.151879,-0.285533,0.416795,1.436537,-0.308206,-0.133476,-0.114646
25.800000,-0.164399,-0.503934,1.422134,-0.064472,-0.062072,-0.163571,0.473468,-0.261595,1.353058,0.181022,0.204112,-0.303057,0.391121,0.296025,1.446521,-0.136198,0.061122,-0.120262,-0.350058,-0.033595,1.346344,0.261513,-0.123975,-0.149786,-0.291645,0.414067,1.434231,-0.303009,-0.139266,-0.115911
25.820000,-0.165773,-0.505105,1.418842,-0.072823,-0.055107,-0.165537,0.477036,-0.257445,1.346968,0.175859,0.210802,-0.305882,0.388357,0.297185,1.444094,-0.140169,0.054895,-0.122394,-0.344768,-0.036015,1.343369,0.267351,-0.117934,-0.147708,-0.297654,0.411225,1.431900,-0.297874,-0.144961,-0.117162
25.840000,-0.167310,-0.506137,1.415513,-0.080911,-0.048079,-0.167370,0.480504,-0.253163,1.340825,0.170955,0.217449,-0.308401,0.385517,0.298221,1.441626,-0.143816,0.048759,-0.124408,-0.339368,-0.038312,1.340436,0.272510,-0.111747,-0.145679,-0.303560,0.408270,1.429545,-0.292811,-0.150555,-0.118398
25.860000,-0.169007,-0.507028,1.412149,-0.088736,-0.040990,-0.169067,0.483876,-0.248748,1.334634,0.166310,0.224055,-0.310614,0.382607,0.299136,1.439119,-0.147138,0.042712,-0.126306,-0.333872,-0.040483,1.337542,0.276990,-0.105416,-0.143700,-0.309367,0.405203,1.427165,-0.287820,-0.156045,-0.119620
25.880000,-0.170858,-0.507777,1.408751,-0.096297,-0.033838,-0.170631,0.487158,-0.244201,1.328402,0.161924,0.230617,-0.312520,0.379634,0.299930,1.436575,-0.150136,0.036755,-0.128087,-0.328293,-0.042527,1.334687,0.280792,-0.098939,-0.141769,-0.315074,0.402029,1.424760,-0.282901,-0.161434,-0.120827
25.900000,-0.172857,-0.508381,1.405324,-0.103596,-0.026624,-0.172060,0.490355,-0.239523,1.322135,0.157797,0.237138,-0.314120,0.376604,0.300607,1.433996,-0.152810,0.030888,-0.129751,-0.322645,-0.044440,1.331871,0.283916,-0.092316,-0.139888,-0.320683,0.398747,1.422332,-0.278055,-0.166720,-0.122020
25.920000,-0.175000,-0.508841,1.401870,-0.110604,-0.019359,-0.173377,0.493472,-0.234716,1.315839,0.153935,0.243550,-0.315401,0.373523,0.301166,1.431386,-0.155126,0.025095,-0.131294,-0.316941,-0.046219,1.329091,0.286375,-0.085552,-0.138077,-0.326196,0.395360,1.419879,-0.273297,-0.171897,-0.123206
25.940000,-0.177279,-0.509155,1.398390,-0.117294,-0.012055,-0.174601,0.496514,-0.229783,1.309521,0.150342,0.249788,-0.316350,0.370401,0.301611,1.428745,-0.157050,0.019360,-0.132714,-0.311194,-0.047861,1.326347,0.288180,-0.078650,-0.136356,-0.331616,0.391872,1.417403,-0.268645,-0.176959,-0.124391
25.960000,-0.179690,-0.509323,1.394886,-0.123666,-0.004713,-0.175735,0.499487,-0.224726,1.303188,0.147019,0.255851,-0.316968,0.367244,0.301941,1.426078,-0.158581,0.013683,-0.134011,-0.305418,-0.049364,1.323636,0.289333,-0.071609,-0.134725,-0.336943,0.388283,1.414904,-0.264098,-0.181905,-0.125575
25.980000,-0.182224,-0.509344,1.391361,-0.129720,0.002668,-0.176776,0.502397,-0.219550,1.296845,0.143967,0.261740,-0.317253,0.364060,0.302159,1.423386,-0.159721,0.008065,-0.135184,-0.299625,-0.050725,1.320957,0.289833,-0.064430,-0.133185,-0.342180,0.384596,1.412380,-0.259657,-0.186736,-0.126758
26.000000,-0.184876,-0.509216,1.387816,-0.135457,0.010088,-0.177726,0.505248,-0.214257,1.290500,0.141184,0.267455,-0.317207,0.360858,0.302264,1.420671,-0.160468,0.002504,-0.136234,-0.293829,-0.051940,1.318308,0.289681,-0.057113,-0.131735,-0.347330,0.380814,1.409833,-0.255321,-0.191452,-0.127940
26.020000,-0.187640,-0.508940,1.384252,-0.140839,0.017511,-0.178607,0.508046,-0.208853,1.284159,0.138649,0.272951,-0.316835,0.357644,0.302259,1.417937,-0.160820,-0.003021,-0.137167,-0.288042,-0.053008,1.315687,0.288897,-0.049667,-0.130381,-0.352394,0.376939,1.407263,-0.251087,-0.196056,-0.129120
26.040000,-0.190507,-0.508516,1.380672,-0.145833,0.024903,-0.179444,0.510795,-0.203341,1.277828,0.136339,0.278184,-0.316144,0.354428,0.302143,1.415185,-0.160771,-0.008531,-0.137989,-0.282277,-0.053926,1.313092,0.287503,-0.042103,-0.129132,-0.357374,0.372973,1.404669,-0.246952,-0.200551,-0.130296
26.060000,-0.193471,-0.507944,1.377075,-0.150438,0.032262,-0.180236,0.513501,-0.197727,1.271515,0.134256,0.283155,-0.315132,0.351216,0.301918,1.412418,-0.160321,-0.014027,-0.138700,-0.276546,-0.054692,1.310521,0.285498,-0.034419,-0.127985,-0.362273,0.368918,1.402051,-0.242916,-0.204937,-0.131468
26.080000,-0.196522,-0.507226,1.373463,-0.154653,0.039588,-0.180984,0.516167,-0.192017,1.265225,0.132398,0.287863,-0.313801,0.348018,0.301582,1.409638,-0.159472,-0.019510,-0.139300,-0.270861,-0.055302,1.307972,0.282884,-0.026616,-0.126942,-0.367091,0.364776,1.399410,-0.238978,-0.209216,-0.132636
26.100000,-0.199654,-0.506361,1.369836,-0.158479,0.046883,-0.181686,0.518798,-0.186215,1.258965,0.130765,0.292308,-0.312149,0.344840,0.301138,1.406847,-0.158222,-0.024978,-0.139789,-0.265235,-0.055756,1.305443,0.279659,-0.018694,-0.126002,-0.371832,0.360550,1.396746,-0.235140,-0.213385,-0.133800
26.120000,-0.202859,-0.505351,1.366195,-0.161888,0.054117,-0.182363,0.521399,-0.180326,1.252741,0.129330,0.296457,-0.310189,0.341691,0.300583,1.404047,-0.156587,-0.030467,-0.140180,-0.259679,-0.056049,1.302932,0.275857,-0.010671,-0.125167,-0.376498,0.356241,1.394058,-0.231401,-0.217450,-0.134959
26.140000,-0.206127,-0.504197,1.362541,-0.164853,0.061260,-0.183033,0.523972,-0.174358,1.246560,0.128065,0.300276,-0.307931,0.338579,0.299918,1.401240,-0.154582,-0.036014,-0.140488,-0.254204,-0.056182,1.300436,0.271508,-0.002562,-0.124436,-0.381089,0.351852,1.391347,-0.227762,-0.221413,-0.136110
26.160000,-0.209450,-0.502901,1.358874,-0.167373,0.068314,-0.183697,0.526522,-0.168318,1.240426,0.126968,0.303765,-0.305375,0.335510,0.299142,1.398428,-0.152207,-0.041617,-0.140712,-0.248822,-0.056151,1.297953,0.266613,0.005631,-0.123809,-0.385609,0.347385,1.388614,-0.224223,-0.225274,-0.137255
26.180000,-0.212819,-0.501465,1.355194,-0.169448,0.075278,-0.184353,0.529052,-0.162210,1.234347,0.126041,0.306924,-0.302521,0.332493,0.298253,1.395612,-0.149462,-0.047277,-0.140852,-0.243543,-0.055956,1.295483,0.261171,0.013908,-0.123288,-0.390059,0.342842,1.385857,-0.220785,-0.229033,-0.138392
26.200000,-0.216225,-0.499890,1.351500,-0.171079,0.082152,-0.185003,0.531565,-0.156043,1.228327,0.125284,0.309753,-0.299368,0.329534,0.297251,1.392795,-0.146346,-0.052995,-0.140908,-0.238379,-0.055594,1.293021,0.255184,0.022270,-0.122871,-0.394441,0.338225,1.383078,-0.217447,-0.232691,-0.139522
26.220000,-0.219659,-0.498179,1.347793,-0.172251,0.088929,-0.185656,0.534065,-0.149822,1.222374,0.124672,0.312257,-0.295942,0.326642,0.296133,1.389977,-0.142900,-0.058797,-0.140897,-0.233339,-0.055065,1.290567,0.248692,0.030684,-0.122552,-0.398757,0.333535,1.380276,-0.214215,-0.236251,-0.140647
26.240000,-0.223112,-0.496334,1.344074,-0.172950,0.095603,-0.186322,0.536553,-0.143555,1.216491,0.124182,0.314442,-0.292264,0.323820,0.294898,1.387159,-0.139161,-0.064711,-0.140836,-0.228434,-0.054367,1.288119,0.241739,0.039115,-0.122325,-0.403010,0.328775,1.377452,-0.211093,-0.239718,-0.141771
26.260000,-0.226574,-0.494356,1.340340,-0.173178,0.102173,-0.187002,0.539033,-0.137247,1.210685,0.123816,0.316307,-0.288335,0.321077,0.293544,1.384343,-0.135129,-0.070738,-0.140726,-0.223673,-0.053500,1.285674,0.234325,0.047565,-0.122190,-0.407202,0.323947,1.374606,-0.208081,-0.243092,-0.142893
26.280000,-0.230036,-0.492248,1.336594,-0.172933,0.108639,-0.187694,0.541506,-0.130904,1.204960,0.123571,0.317853,-0.284154,0.318417,0.292068,1.381530,-0.130803,-0.076878,-0.140565,-0.219064,-0.052464,1.283230,0.226449,0.056033,-0.122147,-0.411334,0.319052,1.371736,-0.205179,-0.246373,-0.144014
26.300000,-0.233488,-0.490011,1.332833,-0.172216,0.115002,-0.188400,0.543976,-0.124535,1.199320,0.123449,0.319080,-0.279722,0.315847,0.290468,1.378721,-0.126185,-0.083130,-0.140355,-0.214618,-0.051259,1.280787,0.218111,0.064518,-0.122196,-0.415410,0.314093,1.368845,-0.202387,-0.249560,-0.145133
26.320000,-0.236921,-0.487648,1.329057,-0.171036,0.121257,-0.189116,0.546445,-0.118143,1.193772,0.123439,0.320018,-0.275090,0.313372,0.288742,1.375916,-0.121302,-0.089509,-0.140121,-0.210343,-0.049884,1.278342,0.209363,0.072983,-0.122329,-0.419430,0.309070,1.365931,-0.199699,-0.252664,-0.146244
26.340000,-0.240326,-0.485162,1.325268,-0.169403,0.127400,-0.189841,0.548915,-0.111736,1.188318,0.123527,0.320697,-0.270309,0.310996,0.286887,1.373116,-0.116179,-0.096028,-0.139893,-0.206246,-0.048340,1.275893,0.200257,0.081388,-0.122539,-0.423398,0.303987,1.362995,-0.197108,-0.255690,-0.147342
26.360000,-0.243694,-0.482553,1.321464,-0.167318,0.133431,-0.190575,0.551387,-0.105317,1.182961,0.123716,0.321119,-0.265378,0.308726,0.284900,1.370321,-0.110819,-0.102688,-0.139670,-0.202335,-0.046628,1.273440,0.190791,0.089734,-0.122826,-0.427315,0.298843,1.360038,-0.194613,-0.258641,-0.148425
26.380000,-0.247016,-0.479825,1.317645,-0.164781,0.139351,-0.191317,0.553864,-0.098893,1.177704,0.124004,0.321283,-0.260297,0.306565,0.282778,1.367529,-0.105219,-0.109487,-0.139451,-0.198617,-0.044751,1.270980,0.180966,0.098021,-0.123189,-0.431183,0.293642,1.357058,-0.192215,-0.261515,-0.149496
26.400000,-0.250282,-0.476980,1.313811,-0.161790,0.145159,-0.192067,0.556348,-0.092467,1.172550,0.124391,0.321188,-0.255067,0.304519,0.280519,1.364743,-0.099381,-0.116427,-0.139237,-0.195098,-0.042708,1.268512,0.170782,0.106247,-0.123629,-0.435004,0.288383,1.354058,-0.189913,-0.264313,-0.150552
26.420000,-0.253485,-0.474019,1.309962,-0.158363,0.150860,-0.192813,0.558840,-0.086046,1.167502,0.124868,0.320868,-0.249736,0.302591,0.278120,1.361960,-0.093333,-0.123494,-0.139055,-0.191787,-0.040502,1.266034,0.160303,0.114373,-0.124137,-0.438780,0.283070,1.351036,-0.187700,-0.267044,-0.151590
26.440000,-0.256614,-0.470946,1.306099,-0.154513,0.156461,-0.193543,0.561343,-0.079634,1.162561,0.125425,0.320355,-0.244355,0.300787,0.275579,1.359180,-0.087104,-0.130677,-0.138932,-0.188688,-0.038134,1.263546,0.149593,0.122355,-0.124702,-0.442513,0.277702,1.347994,-0.185570,-0.269717,-0.152606
26.460000,-0.259662,-0.467762,1.302221,-0.150240,0.161960,-0.194256,0.563858,-0.073234,1.157728,0.126062,0.319649,-0.238922,0.299108,0.272892,1.356402,-0.080695,-0.137975,-0.138868,-0.185805,-0.035608,1.261046,0.138652,0.130193,-0.125324,-0.446204,0.272281,1.344932,-0.183521,-0.272331,-0.153599
26.480000,-0.262621,-0.464468,1.298328,-0.145546,0.167358,-0.194953,0.566386,-0.066849,1.153004,0.126779,0.318750,-0.233437,0.297560,0.270059,1.353625,-0.074106,-0.145388,-0.138864,-0.183143,-0.032927,1.258533,0.127479,0.137888,-0.126004,-0.449854,0.266809,1.341851,-0.181554,-0.274887,-0.154569
26.500000,-0.265481,-0.461068,1.294423,-0.140429,0.172656,-0.195633,0.568929,-0.060485,1.148391,0.127576,0.317657,-0.227902,0.296145,0.267076,1.350847,-0.067336,-0.152917,-0.138918,-0.180707,-0.030094,1.256005,0.116076,0.145440,-0.126742,-0.453466,0.261286,1.338750,-0.179668,-0.277384,-0.155517
26.520000,-0.268235,-0.457563,1.290503,-0.134923,0.177858,-0.196282,0.571489,-0.054144,1.143888,0.128442,0.316401,-0.222356,0.294868,0.263942,1.348068,-0.060412,-0.160536,-0.139045,-0.178502,-0.027111,1.253463,0.104494,0.152814,-0.127527,-0.457042,0.255714,1.335630,-0.177859,-0.279831,-0.156440
26.540000,-0.270876,-0.453954,1.286572,-0.129064,0.182971,-0.196885,0.574067,-0.047830,1.139496,0.129367,0.315009,-0.216839,0.293730,0.260654,1.345285,-0.053362,-0.168223,-0.139256,-0.176528,-0.023983,1.250904,0.092788,0.159976,-0.128351,-0.460581,0.250093,1.332492,-0.176118,-0.282236,-0.157336
26.560000,-0.273396,-0.450245,1.282628,-0.122849,0.187994,-0.197441,0.576664,-0.041545,1.135214,0.130351,0.313481,-0.211351,0.292734,0.257212,1.342497,-0.046185,-0.175975,-0.139553,-0.174791,-0.020713,1.248328,0.080956,0.166926,-0.129213,-0.464087,0.244425,1.329337,-0.174447,-0.284597,-0.158204
26.580000,-0.275787,-0.446435,1.278674,-0.116281,0.192927,-0.197951,0.579282,-0.035291,1.131042,0.131394,0.311818,-0.205892,0.291883,0.253615,1.339702,-0.038882,-0.183795,-0.139935,-0.173291,-0.017307,1.245735,0.068999,0.173664,-0.130114,-0.467560,0.238710,1.326164,-0.172845,-0.286916,-0.159045
26.600000,-0.278044,-0.442528,1.274711,-0.109357,0.197771,-0.198414,0.581921,-0.029073,1.126979,0.132496,0.310020,-0.200462,0.291180,0.249860,1.336899,-0.031452,-0.191681,-0.140402,-0.172032,-0.013768,1.243124,0.056916,0.180191,-0.131053,-0.471001,0.232948,1.322975,-0.171312,-0.289192,-0.159859
26.620000,-0.280160,-0.438525,1.270738,-0.102127,0.202523,-0.198818,0.584582,-0.022891,1.123023,0.133643,0.308110,-0.195089,0.290626,0.245947,1.334085,-0.023918,-0.199605,-0.140958,-0.171015,-0.010101,1.240493,0.044763,0.186487,-0.132017,-0.474413,0.227142,1.319770,-0.169841,-0.291428,-0.160646
26.640000,-0.282128,-0.434428,1.266758,-0.094635,0.207181,-0.199148,0.587267,-0.016749,1.119174,0.134822,0.306109,-0.189800,0.290223,0.241876,1.331260,-0.016302,-0.207538,-0.141605,-0.170241,-0.006310,1.237843,0.032591,0.192533,-0.132994,-0.477795,0.221292,1.316550,-0.168426,-0.293625,-0.161405
26.660000,-0.283943,-0.430238,1.262773,-0.086882,0.211745,-0.199404,0.589975,-0.010648,1.115431,0.136034,0.304017,-0.184594,0.289974,0.237646,1.328421,-0.008604,-0.215480,-0.142343,-0.169711,-0.002401,1.235173,0.020402,0.198330,-0.133983,-0.481150,0.215397,1.313314,-0.167066,-0.295784,-0.162136
26.680000,-0.285601,-0.425959,1.258783,-0.078868,0.216214,-0.199587,0.592708,-0.004589,1.111790,0.137277,0.301836,-0.179472,0.289880,0.233257,1.325566,-0.000824,-0.223432,-0.143173,-0.169425,0.001621,1.232483,0.008195,0.203877,-0.134984,-0.484478,0.209460,1.310064,-0.165762,-0.297904,-0.162840
26.700000,-0.287096,-0.421590,1.254790,-0.070593,0.220589,-0.199696,0.595466,0.001425,1.108251,0.138553,0.299564,-0.174434,0.289942,0.228708,1.322693,0.007038,-0.231393,-0.144095,-0.169384,0.005752,1.229774,-0.004029,0.209175,-0.135997,-0.487781,0.203482,1.306801,-0.164514,-0.299985,-0.163515
26.720000,-0.288424,-0.417136,1.250795,-0.062105,0.224858,-0.199718,0.598250,0.007393,1.104812,0.139841,0.297217,-0.169490,0.290162,0.224001,1.319801,0.014965,-0.239329,-0.145104,-0.169586,0.009987,1.227043,-0.016233,0.214215,-0.137009,-0.491059,0.197461,1.303524,-0.163317,-0.302031,-0.164168
26.740000,-0.289579,-0.412597,1.246802,-0.053452,0.229012,-0.199643,0.601060,0.013314,1.101471,0.141124,0.294810,-0.164654,0.290541,0.219136,1.316888,0.022942,-0.247205,-0.146197,-0.170033,0.014319,1.224293,-0.028378,0.218988,-0.138009,-0.494314,0.191400,1.300234,-0.162167,-0.304043,-0.164801
26.760000,-0.290561,-0.407976,1.242810,-0.044633,0.233048,-0.199469,0.603895,0.019185,1.098225,0.142402,0.292342,-0.159925,0.291080,0.214113,1.313953,0.030967,-0.255022,-0.147375,-0.170721,0.018744,1.221523,-0.040464,0.223494,-0.138996,-0.497546,0.185300,1.296932,-0.161065,-0.306022,-0.165415
26.780000,-0.291364,-0.403276,1.238824,-0.035649,0.236968,-0.199197,0.606756,0.025007,1.095073,0.143673,0.289815,-0.155304,0.291780,0.208935,1.310993,0.039042,-0.262780,-0.148637,-0.171651,0.023257,1.218734,-0.052491,0.227733,-0.139971,-0.500757,0.179160,1.293618,-0.160010,-0.307967,-0.166010
26.800000,-0.291985,-0.398498,1.234843,-0.026500,0.240772,-0.198827,0.609642,0.030777,1.092012,0.144939,0.287227,-0.150789,0.292642,0.203602,1.308007,0.047165,-0.270478,-0.149983,-0.172820,0.027852,1.215924,-0.064458,0.231706,-0.140932,-0.503947,0.172981,1.290292,-0.159003,-0.309879,-0.166585
26.820000,-0.292423,-0.393646,1.230871,-0.017245,0.244431,-0.198346,0.612553,0.036496,1.089041,0.146164,0.284598,-0.146385,0.293667,0.198117,1.304993,0.055319,-0.278068,-0.151399,-0.174229,0.032523,1.213096,-0.076351,0.235411,-0.141871,-0.507117,0.166765,1.286954,-0.158024,-0.311738,-0.167131
26.840000,-0.292675,-0.388722,1.226910,-0.007944,0.247918,-0.197743,0.615488,0.042161,1.086156,0.147313,0.281946,-0.142096,0.294855,0.192481,1.301950,0.063487,-0.285500,-0.152870,-0.175874,0.037266,1.210250,-0.088151,0.238847,-0.142775,-0.510268,0.160512,1.283607,-0.157055,-0.313526,-0.167635
26.860000,-0.292740,-0.383730,1.222962,0.001402,0.251234,-0.197018,0.618445,0.047773,1.083356,0.148388,0.279271,-0.137923,0.296206,0.186698,1.298878,0.071668,-0.292775,-0.154397,-0.177754,0.042076,1.207386,-0.099861,0.242014,-0.143644,-0.513399,0.154224,1.280249,-0.156096,-0.315243,-0.168098
26.880000,-0.292619,-0.378674,1.219030,0.010794,0.254377,-0.196170,0.621423,0.053332,1.080639,0.149387,0.276573,-0.133864,0.297721,0.180771,1.295774,0.079862,-0.299893,-0.155980,-0.179868,0.046945,1.204504,-0.111478,0.244912,-0.144480,-0.516512,0.147903,1.276883,-0.155147,-0.316887,-0.168519
26.900000,-0.292308,-0.373556,1.215116,0.020231,0.257348,-0.195200,0.624420,0.058836,1.078001,0.150311,0.273852,-0.129920,0.299401,0.174703,1.292638,0.088069,-0.306853,-0.157617,-0.182213,0.051870,1.201607,-0.123004,0.247542,-0.145281,-0.519605,0.141549,1.273509,-0.154209,-0.318461,-0.168899
26.920000,-0.291809,-0.368381,1.211223,0.029647,0.260123,-0.194104,0.627435,0.064286,1.075441,0.151111,0.271107,-0.126072,0.301244,0.168498,1.289469,0.096272,-0.313611,-0.159289,-0.184787,0.056845,1.198693,-0.134431,0.249898,-0.146036,-0.522680,0.135165,1.270127,-0.153262,-0.319949,-0.169230
26.940000,-0.291123,-0.363153,1.207353,0.038974,0.262678,-0.192881,0.630464,0.069680,1.072957,0.151739,0.268337,-0.122298,0.303252,0.162160,1.286267,0.104454,-0.320122,-0.160974,-0.187589,0.061864,1.195766,-0.145749,0.251978,-0.146732,-0.525736,0.128752,1.266740,-0.152291,-0.321337,-0.169507
26.960000,-0.290251,-0.357876,1.203509,0.048212,0.265013,-0.191530,0.633503,0.075019,1.070549,0.152196,0.265542,-0.118600,0.305422,0.155695,1.283030,0.112615,-0.326386,-0.162672,-0.190616,0.066922,1.192825,-0.156959,0.253782,-0.147370,-0.528771,0.122312,1.263348,-0.151295,-0.322626,-0.169729
26.980000,-0.289195,-0.352554,1.199693,0.057361,0.267127,-0.190051,0.636550,0.080302,1.068213,0.152481,0.262723,-0.114978,0.307756,0.149107,1.279760,0.120755,-0.332404,-0.164382,-0.193867,0.072014,1.189871,-0.168061,0.255309,-0.147949,-0.531787,0.115848,1.259951,-0.150275,-0.323816,-0.169896
27.000000,-0.287957,-0.347192,1.195907,0.066421,0.269021,-0.188444,0.639601,0.085528,1.065949,0.152593,0.259878,-0.111430,0.310252,0.142400,1.276455,0.128873,-0.338175,-0.166105,-0.197338,0.077133,1.186907,-0.179054,0.256559,-0.148470,-0.534782,0.109360,1.256552,-0.149229,-0.324906,-0.170009
27.020000,-0.286539,-0.341795,1.192156,0.075326,0.270676,-0.186712,0.642653,0.090697,1.063755,0.152521,0.257011,-0.107944,0.312911,0.135581,1.273116,0.136931,-0.343665,-0.167813,-0.201028,0.082274,1.183933,-0.189902,0.257543,-0.148922,-0.537756,0.102852,1.253151,-0.148163,-0.325890,-0.170062
27.040000,-0.284946,-0.336367,1.188440,0.084007,0.272073,-0.184859,0.645701,0.095808,1.061631,0.152251,0.254121,-0.104503,0.315729,0.128656,1.269743,0.144890,-0.348840,-0.169477,-0.204933,0.087433,1.180951,-0.200566,0.258270,-0.149296,-0.540709,0.096326,1.249750,-0.147082,-0.326761,-0.170053
27.060000,-0.283181,-0.330913,1.184762,0.092466,0.273212,-0.182885,0.648741,0.100861,1.059575,0.151783,0.251209,-0.101109,0.318705,0.121630,1.266337,0.152748,-0.353702,-0.171098,-0.209049,0.092603,1.177962,-0.211046,0.258740,-0.149592,-0.543639,0.089783,1.246350,-0.145986,-0.327519,-0.169982
27.080000,-0.281249,-0.325440,1.181125,0.100702,0.274094,-0.180790,0.651771,0.105856,1.057586,0.151116,0.248276,-0.097760,0.321838,0.114510,1.262899,0.160506,-0.358248,-0.172675,-0.213374,0.097781,1.174967,-0.221341,0.258953,-0.149810,-0.546548,0.083226,1.242951,-0.144876,-0.328163,-0.169847
27.100000,-0.279154,-0.319951,1.177531,0.108716,0.274718,-0.178574,0.654785,0.110792,1.055664,0.150251,0.245321,-0.094457,0.325125,0.107302,1.259430,0.168165,-0.362481,-0.174208,-0.217902,0.102960,1.171970,-0.231453,0.258909,-0.149950,-0.549434,0.076657,1.239556,-0.143750,-0.328694,-0.169651
27.120000,-0.276902,-0.314453,1.173983,0.116454,0.275082,-0.176248,0.657779,0.115669,1.053808,0.149182,0.242348,-0.091189,0.328564,0.100013,1.255931,0.175680,-0.366374,-0.175676,-0.222630,0.108136,1.168970,-0.241335,0.258624,-0.150004,-0.552298,0.070079,1.236166,-0.142613,-0.329103,-0.169396
27.140000,-0.274498,-0.308950,1.170482,0.123863,0.275182,-0.173822,0.660751,0.120486,1.052017,0.147903,0.239360,-0.087943,0.332151,0.092649,1.252404,0.183009,-0.369904,-0.177056,-0.227553,0.113303,1.165970,-0.250939,0.258115,-0.149966,-0.555139,0.063494,1.232781,-0.141470,-0.329381,-0.169088
27.160000,-0.271949,-0.303447,1.167031,0.130944,0.275020,-0.171297,0.663694,0.125243,1.050290,0.146414,0.236359,-0.084719,0.335883,0.085219,1.248849,0.190152,-0.373070,-0.178348,-0.232666,0.118459,1.162972,-0.260266,0.257382,-0.149834,-0.557957,0.056904,1.229402,-0.140319,-0.329529,-0.168728
27.180000,-0.269262,-0.297951,1.163631,0.137697,0.274594,-0.168673,0.666606,0.129940,1.048628,0.144715,0.233343,-0.081518,0.339756,0.077729,1.245270,0.197108,-0.375872,-0.179552,-0.237962,0.123597,1.159977,-0.269316,0.256426,-0.149609,-0.560752,0.050313,1.226032,-0.139162,-0.329547,-0.168314
27.200000,-0.266444,-0.292465,1.160285,0.144122,0.273906,-0.165949,0.669481,0.134577,1.047029,0.142805,0.230313,-0.078340,0.343766,0.070187,1.241668,0.203878,-0.378310,-0.180669,-0.243437,0.128714,1.156988,-0.278089,0.255245,-0.149291,-0.563523,0.043723,1.222670,-0.137999,-0.329435,-0.167847
27.220000,-0.263500,-0.286996,1.156993,0.150186,0.272971,-0.163144,0.672317,0.139153,1.045494,0.140701,0.227265,-0.075178,0.347909,0.062599,1.238044,0.210421,-0.380363,-0.181680,-0.249084,0.133805,1.154006,-0.286536,0.253853,-0.148874,-0.566271,0.037137,1.219318,-0.136828,-0.329186,-0.167329
27.240000,-0.260439,-0.281548,1.153759,0.155858,0.271808,-0.160275,0.675108,0.143667,1.044022,0.138419,0.224197,-0.072027,0.352181,0.054975,1.234402,0.216699,-0.382010,-0.182570,-0.254896,0.138867,1.151034,-0.294609,0.252266,-0.148353,-0.568996,0.030557,1.215977,-0.135650,-0.328796,-0.166758
27.260000,-0.257268,-0.276125,1.150583,0.161137,0.270415,-0.157343,0.677852,0.148120,1.042613,0.135959,0.221109,-0.068887,0.356576,0.047322,1.230742,0.222711,-0.383251,-0.183337,-0.260865,0.143895,1.148073,-0.302309,0.250482,-0.147727,-0.571697,0.023986,1.212648,-0.134466,-0.328265,-0.166137
27.280000,-0.253996,-0.270733,1.147466,0.166024,0.268793,-0.154346,0.680545,0.152512,1.041266,0.133321,0.218001,-0.065757,0.361088,0.039648,1.227069,0.228457,-0.384085,-0.183983,-0.266985,0.148885,1.145126,-0.309634,0.248502,-0.146996,-0.574375,0.017427,1.209332,-0.133275,-0.327592,-0.165464
27.300000,-0.250630,-0.265375,1.144409,0.170519,0.266942,-0.151285,0.683184,0.156840,1.039982,0.130504,0.214872,-0.062638,0.365712,0.031961,1.223384,0.233937,-0.384513,-0.184506,-0.273248,0.153834,1.142194,-0.316585,0.246326,-0.146161,-0.577028,0.010883,1.206030,-0.132078,-0.326777,-0.164740
27.320000,-0.247178,-0.260057,1.141415,0.174620,0.264884,-0.148174,0.685765,0.161106,1.038761,0.127541,0.211714,-0.059529,0.370443,0.024270,1.219690,0.239110,-0.384530,-0.184888,-0.279646,0.158737,1.139280,-0.323117,0.243964,-0.145218,-0.579658,0.004357,1.202743,-0.130871,-0.325817,-0.163963
27.340000,-0.243648,-0.254781,1.138483,0.178328,0.262640,-0.145028,0.688285,0.165309,1.037601,0.124464,0.208520,-0.056429,0.375274,0.016582,1.215989,0.243934,-0.384130,-0.185112,-0.286170,0.163591,1.136386,-0.329185,0.241428,-0.144166,-0.582263,-0.002149,1.199472,-0.129652,-0.324708,-0.163130
27.360000,-0.240047,-0.249552,1.135614,0.181642,0.260211,-0.141846,0.690742,0.169447,1.036504,0.121273,0.205287,-0.053337,0.380198,0.008907,1.212286,0.248408,-0.383315,-0.185177,-0.292810,0.168393,1.133514,-0.334789,0.238718,-0.143002,-0.584844,-0.008630,1.196218,-0.128421,-0.323449,-0.162241
27.380000,-0.236385,-0.244374,1.132809,0.184562,0.257595,-0.138628,0.693135,0.173520,1.035468,0.117967,0.202018,-0.050255,0.385208,0.001253,1.208583,0.252534,-0.382084,-0.185082,-0.299558,0.173139,1.130667,-0.339929,0.235833,-0.141729,-0.587400,-0.015086,1.192983,-0.127178,-0.322041,-0.161298
27.400000,-0.232668,-0.239250,1.130069,0.187089,0.254794,-0.135375,0.695460,0.177527,1.034493,0.114548,0.198711,-0.047182,0.390297,-0.006373,1.204884,0.256310,-0.380436,-0.184828,-0.306404,0.177825,1.127846,-0.344605,0.232773,-0.140345,-0.589931,-0.021511,1.189767,-0.125924,-0.320484,-0.160299
27.420000,-0.228904,-0.234183,1.127394,0.189241,0.251830,-0.132098,0.697716,0.181468,1.033580,0.111055,0.195355,-0.044122,0.395458,-0.013962,1.201191,0.259711,-0.378391,-0.184403,-0.313339,0.182448,1.125053,-0.348792,0.229561,-0.138854,-0.592437,-0.027904,1.186571,-0.124654,-0.318775,-0.159241
27.440000,-0.225100,-0.229177,1.124785,0.191038,0.248725,-0.128808,0.699902,0.185341,1.032728,0.107532,0.191940,-0.041077,0.400683,-0.021506,1.197509,0.262711,-0.375966,-0.183792,-0.320353,0.187006,1.122292,-0.352463,0.226219,-0.137259,-0.594917,-0.034261,1.183397,-0.123366,-0.316914,-0.158121
27.460000,-0.221265,-0.224235,1.122242,0.192478,0.245480,-0.125505,0.702017,0.189145,1.031937,0.103977,0.188465,-0.038048,0.405964,-0.028998,1.193841,0.265310,-0.373163,-0.182997,-0.327434,0.191496,1.119564,-0.355620,0.222745,-0.135560,-0.597371,-0.040579,1.180247,-0.122060,-0.314899,-0.156938
27.480000,-0.217404,-0.219359,1.119765,0.193563,0.242094,-0.122188,0.704061,0.192879,1.031206,0.100390,0.184930,-0.035034,0.411293,-0.036430,1.190190,0.267507,-0.369979,-0.182017,-0.334574,0.195915,1.116870,-0.358261,0.219140,-0.133757,-0.599799,-0.046856,1.177120,-0.120735,-0.312731,-0.155694
27.500000,-0.213524,-0.214552,1.117355,0.194293,0.238567,-0.118859,0.706033,0.196542,1.030536,0.096773,0.181335,-0.032037,0.416661,-0.043795,1.186561,0.269303,-0.366417,-0.180852,-0.341761,0.200261,1.114214,-0.360387,0.215405,-0.131849,-0.602201,-0.053088,1.174019,-0.119392,-0.310410,-0.154387
27.520000,-0.209634,-0.209817,1.115011,0.194699,0.234924,-0.115528,0.707932,0.200132,1.029925,0.093162,0.177685,-0.029065,0.422062,-0.051085,1.182958,0.270700,-0.362520,-0.179500,-0.348986,0.204531,1.111597,-0.362003,0.211568,-0.129846,-0.604575,-0.059271,1.170945,-0.118029,-0.307937,-0.153015
27.540000,-0.205738,-0.205156,1.112733,0.194813,0.231191,-0.112208,0.709760,0.203649,1.029373,0.089597,0.173984,-0.026128,0.427487,-0.058294,1.179383,0.271700,-0.358333,-0.177961,-0.356238,0.208723,1.109021,-0.363112,0.207659,-0.127756,-0.606922,-0.065404,1.167899,-0.116643,-0.305314,-0.151575
27.560000,-0.201843,-0.200570,1.110522,0.194636,0.227367,-0.108897,0.711516,0.207091,1.028879,0.086076,0.170232,-0.023227,0.432928,-0.065416,1.175840,0.272304,-0.353856,-0.176234,-0.363507,0.212837,1.106487,-0.363714,0.203679,-0.125579,-0.609240,-0.071483,1.164883,-0.115233,-0.302541,-0.150066
27.580000,-0.197955,-0.196062,1.108378,0.194168,0.223452,-0.105595,0.713203,0.210458,1.028443,0.082601,0.166430,-0.020362,0.438376,-0.072446,1.172335,0.272512,-0.349089,-0.174319,-0.370783,0.216870,1.103998,-0.363809,0.199627,-0.123315,-0.611531,-0.077505,1.161897,-0.113802,-0.299616,-0.148489
27.600000,-0.194079,-0.191633,1.106299,0.193408,0.219447,-0.102304,0.714821,0.213748,1.028065,0.079171,0.162576,-0.017532,0.443825,-0.079378,1.168869,0.272322,-0.344033,-0.172216,-0.378056,0.220821,1.101555,-0.363398,0.195502,-0.120965,-0.613792,-0.083467,1.158944,-0.112347,-0.296542,-0.146843
27.620000,-0.190220,-0.187284,1.104285,0.192385,0.215365,-0.099027,0.716370,0.216961,1.027742,0.075808,0.158694,-0.014753,0.449267,-0.086206,1.165447,0.271765,-0.338732,-0.169939,-0.385316,0.224690,1.099160,-0.362513,0.191329,-0.118537,-0.616025,-0.089365,1.156024,-0.110869,-0.293323,-0.145128
27.640000,-0.186385,-0.183018,1.102337,0.191124,0.211223,-0.095768,0.717854,0.220096,1.027474,0.072535,0.154807,-0.012041,0.454694,-0.092926,1.162072,0.270867,-0.333235,-0.167501,-0.392554,0.228474,1.096814,-0.361187,0.187130,-0.116040,-0.618227,-0.095199,1.153139,-0.109368,-0.289964,-0.143341
27.660000,-0.182577,-0.178836,1.100454,0.189627,0.207019,-0.092527,0.719272,0.223153,1.027260,0.069353,0.150914,-0.009395,0.460099,-0.099534,1.158748,0.269629,-0.327541,-0.164902,-0.399761,0.232175,1.094519,-0.359420,0.182904,-0.113475,-0.620399,-0.100963,1.150291,-0.107844,-0.286467,-0.141483
27.680000,-0.178801,-0.174738,1.098636,0.187892,0.202754,-0.089305,0.720628,0.226132,1.027098,0.066260,0.147016,-0.006816,0.465477,-0.106026,1.155477,0.268051,-0.321649,-0.162142,-0.406928,0.235790,1.092276,-0.357211,0.178652,-0.110842,-0.622541,-0.106656,1.147480,-0.106296,-0.282831,-0.139554
27.700000,-0.175063,-0.170726,1.096882,0.185921,0.198428,-0.086100,0.721923,0.229034,1.026987,0.063257,0.143113,-0.004304,0.470819,-0.112398,1.152263,0.266132,-0.315561,-0.159221,-0.414046,0.239321,1.090086,-0.354561,0.174374,-0.108140,-0.624651,-0.112275,1.144709,-0.104725,-0.279056,-0.137554
27.720000,-0.171366,-0.166801,1.095192,0.183740,0.194053,-0.082916,0.723159,0.231857,1.026925,0.060351,0.139220,-0.001867,0.476120,-0.118647,1.149109,0.263915,-0.309321,-0.156161,-0.421107,0.242765,1.087951,-0.351516,0.170087,-0.105379,-0.626729,-0.117818,1.141978,-0.103133,-0.275154,-0.135484
27.740000,-0.167714,-0.162964,1.093565,0.181376,0.189642,-0.079755,0.724338,0.234603,1.026911,0.057547,0.135352,0.000486,0.481374,-0.124771,1.146018,0.261442,-0.302977,-0.152987,-0.428104,0.246124,1.085871,-0.348122,0.165809,-0.102568,-0.628776,-0.123281,1.139290,-0.101521,-0.271134,-0.133346
27.760000,-0.164112,-0.159216,1.092002,0.178830,0.185195,-0.076617,0.725462,0.237271,1.026944,0.054846,0.131509,0.002755,0.486576,-0.130766,1.142991,0.258712,-0.296528,-0.149696,-0.435030,0.249398,1.083848,-0.344380,0.161539,-0.099708,-0.630790,-0.128662,1.136645,-0.099891,-0.266998,-0.131140
27.780000,-0.160562,-0.155557,1.090500,0.176101,0.180712,-0.073501,0.726533,0.239863,1.027021,0.052248,0.127692,0.004939,0.491721,-0.136631,1.140031,0.255726,-0.289974,-0.146291,-0.441877,0.252586,1.081883,-0.340288,0.157278,-0.096797,-0.632771,-0.133960,1.134045,-0.098241,-0.262745,-0.128865
27.800000,-0.157069,-0.151988,1.089061,0.173190,0.176193,-0.070409,0.727552,0.242379,1.027141,0.049753,0.123900,0.007040,0.496803,-0.142364,1.137140,0.252484,-0.283315,-0.142770,-0.448639,0.255689,1.079977,-0.335848,0.153026,-0.093837,-0.634720,-0.139171,1.131491,-0.096573,-0.258375,-0.126523
27.820000,-0.153636,-0.148509,1.087684,0.170125,0.171653,-0.067343,0.728523,0.244820,1.027302,0.047355,0.120147,0.009050,0.501819,-0.147963,1.134320,0.249037,-0.276600,-0.139164,-0.455309,0.258707,1.078130,-0.331114,0.148798,-0.090838,-0.636634,-0.144294,1.128984,-0.094890,-0.253905,-0.124117
27.840000,-0.150265,-0.145122,1.086368,0.166936,0.167105,-0.064308,0.729447,0.247185,1.027502,0.045050,0.116447,0.010961,0.506764,-0.153428,1.131574,0.245439,-0.269879,-0.135505,-0.461882,0.261641,1.076343,-0.326141,0.144609,-0.087811,-0.638515,-0.149327,1.126527,-0.093197,-0.249351,-0.121652
27.860000,-0.146959,-0.141825,1.085111,0.163624,0.162551,-0.061303,0.730326,0.249478,1.027740,0.042836,0.112799,0.012773,0.511635,-0.158758,1.128901,0.241688,-0.263150,-0.131793,-0.468353,0.264492,1.074618,-0.320929,0.140459,-0.084755,-0.640362,-0.154268,1.124119,-0.091493,-0.244711,-0.119128
27.880000,-0.143721,-0.138620,1.083915,0.160187,0.157989,-0.058330,0.731161,0.251698,1.028013,0.040715,0.109204,0.014488,0.516430,-0.163954,1.126302,0.237784,-0.256414,-0.128027,-0.474718,0.267260,1.072953,-0.315477,0.136349,-0.081671,-0.642175,-0.159115,1.121762,-0.089779,-0.239988,-0.116546
27.900000,-0.140553,-0.135506,1.082778,0.156627,0.153420,-0.055387,0.731955,0.253846,1.028319,0.038686,0.105661,0.016104,0.521145,-0.169015,1.123780,0.233729,-0.249672,-0.124207,-0.480971,0.269946,1.071351,-0.309787,0.132277,-0.078558,-0.643953,-0.163867,1.119457,-0.088054,-0.235180,-0.113905
27.920000,-0.137456,-0.132483,1.081699,0.152974,0.148860,-0.052482,0.732709,0.255925,1.028656,0.036743,0.102177,0.017620,0.525778,-0.173941,1.121334,0.229565,-0.242959,-0.120358,-0.487108,0.272551,1.069811,-0.303917,0.128259,-0.075430,-0.645697,-0.168522,1.117206,-0.086325,-0.230306,-0.111212
27.940000,-0.134434,-0.129551,1.080678,0.149259,0.144328,-0.049621,0.733425,0.257934,1.029023,0.034879,0.098758,0.019035,0.530328,-0.178734,1.118966,0.225337,-0.236312,-0.116505,-0.493127,0.275077,1.068334,-0.297926,0.124307,-0.072298,-0.647406,-0.173079,1.115009,-0.084598,-0.225385,-0.108474
27.960000,-0.131486,-0.126709,1.079714,0.145482,0.139823,-0.046806,0.734105,0.259875,1.029417,0.033094,0.095403,0.020348,0.534792,-0.183394,1.116674,0.221046,-0.229732,-0.112647,-0.499024,0.277524,1.066919,-0.291814,0.120423,-0.069163,-0.649081,-0.177537,1.112867,-0.082871,-0.220418,-0.105691
27.980000,-0.128615,-0.123958,1.078806,0.141644,0.135345,-0.044035,0.734750,0.261750,1.029836,0.031388,0.092113,0.021559,0.539169,-0.187923,1.114460,0.216691,-0.223219,-0.108784,-0.504798,0.279894,1.065567,-0.285581,0.116605,-0.066025,-0.650721,-0.181895,1.110782,-0.081145,-0.215404,-0.102863
28.000000,-0.125821,-0.121295,1.077953,0.137744,0.130894,-0.041308,0.735361,0.263560,1.030279,0.029762,0.088887,0.022670,0.543459,-0.192323,1.112323,0.212271,-0.216772,-0.104916,-0.510447,0.282188,1.064278,-0.279227,0.112854,-0.062884,-0.652327,-0.186153,1.108753,-0.079421,-0.210343,-0.099989
28.020000,-0.123106,-0.118722,1.077153,0.133813,0.126487,-0.038636,0.735941,0.265306,1.030742,0.028207,0.085729,0.023680,0.547660,-0.196595,1.110263,0.207825,-0.210419,-0.101064,-0.515967,0.284409,1.063052,-0.272808,0.109181,-0.059752,-0.653898,-0.190309,1.106782,-0.077703,-0.205252,-0.097077
28.040000,-0.120469,-0.116236,1.076407,0.129880,0.122143,-0.036027,0.736490,0.266990,1.031225,0.026715,0.082642,0.024592,0.551772,-0.200741,1.108280,0.203388,-0.204187,-0.097245,-0.521359,0.286556,1.061888,-0.266379,0.105598,-0.056644,-0.655435,-0.194363,1.104870,-0.075998,-0.200147,-0.094132
28.060000,-0.117910,-0.113836,1.075712,0.125946,0.117861,-0.033482,0.737010,0.268612,1.031725,0.025288,0.079625,0.025406,0.555795,-0.204763,1.106373,0.198961,-0.198076,-0.093461,-0.526622,0.288633,1.060786,-0.259941,0.102103,-0.053559,-0.656938,-0.198314,1.103017,-0.074304,-0.195029,-0.091154
28.080000,-0.115431,-0.111521,1.075067,0.122011,0.113641,-0.031000,0.737502,0.270175,1.032241,0.023924,0.076679,0.026121,0.559730,-0.208665,1.104541,0.194545,-0.192085,-0.089711,-0.531756,0.290641,1.059746,-0.253494,0.098698,-0.050497,-0.658407,-0.202164,1.101224,-0.072623,-0.189898,-0.088143
28.100000,-0.113030,-0.109290,1.074471,0.118074,0.109484,-0.028582,0.737967,0.271680,1.032769,0.022623,0.073804,0.026739,0.563577,-0.212447,1.102784,0.190138,-0.186216,-0.085996,-0.536762,0.292582,1.058766,-0.247038,0.095382,-0.047458,-0.659843,-0.205910,1.099492,-0.070953,-0.184754,-0.085099
28.120000,-0.110708,-0.107141,1.073923,0.114160,0.105402,-0.026237,0.738407,0.273128,1.033310,0.021379,0.070999,0.027263,0.567336,-0.216114,1.101101,0.185765,-0.180483,-0.082326,-0.541638,0.294457,1.057847,-0.240614,0.092161,-0.044454,-0.661245,-0.209554,1.097820,-0.069301,-0.179618,-0.082038
28.140000,-0.108463,-0.105073,1.073421,0.110293,0.101410,-0.023974,0.738823,0.274520,1.033859,0.020183,0.068266,0.027698,0.571008,-0.219668,1.099491,0.181453,-0.174899,-0.078715,-0.546387,0.296269,1.056988,-0.234266,0.089041,-0.041497,-0.662615,-0.213095,1.096210,-0.067670,-0.174513,-0.078976
28.160000,-0.106296,-0.103084,1.072964,0.106474,0.097508,-0.021793,0.739215,0.275859,1.034417,0.019036,0.065602,0.028044,0.574595,-0.223111,1.097952,0.177201,-0.169465,-0.075162,-0.551009,0.298019,1.056187,-0.227994,0.086021,-0.038587,-0.663952,-0.216535,1.094661,-0.066060,-0.169439,-0.075912
28.180000,-0.104204,-0.101172,1.072549,0.102702,0.093696,-0.019695,0.739584,0.277145,1.034981,0.017938,0.063010,0.028302,0.578097,-0.226447,1.096484,0.173009,-0.164180,-0.071667,-0.555507,0.299710,1.055444,-0.221797,0.083103,-0.035723,-0.665258,-0.219873,1.093174,-0.064471,-0.164397,-0.072848
28.200000,-0.102187,-0.099335,1.072175,0.098977,0.089973,-0.017678,0.739932,0.278380,1.035548,0.016888,0.060488,0.028470,0.581515,-0.229679,1.095085,0.168877,-0.159046,-0.068231,-0.559882,0.301344,1.054758,-0.215676,0.080285,-0.032906,-0.666531,-0.223111,1.091748,-0.062903,-0.159385,-0.069782
28.220000,-0.100244,-0.097572,1.071841,0.095313,0.086345,-0.015750,0.740260,0.279565,1.036119,0.015882,0.058032,0.028559,0.584852,-0.232810,1.093754,0.164826,-0.154074,-0.064872,-0.564135,0.302922,1.054127,-0.209666,0.077570,-0.030152,-0.667774,-0.226249,1.090382,-0.061359,-0.154428,-0.066739
28.240000,-0.098374,-0.095881,1.071545,0.091724,0.082817,-0.013917,0.740568,0.280702,1.036690,0.014915,0.055638,0.028576,0.588109,-0.235843,1.092490,0.160877,-0.149276,-0.061609,-0.568269,0.304448,1.053551,-0.203803,0.074963,-0.027479,-0.668986,-0.229288,1.089078,-0.059840,-0.149548,-0.063741
28.260000,-0.096575,-0.094259,1.071284,0.088210,0.079389,-0.012178,0.740857,0.281791,1.037261,0.013986,0.053306,0.028523,0.591288,-0.238782,1.091289,0.157031,-0.144652,-0.058442,-0.572288,0.305922,1.053027,-0.198086,0.072462,-0.024885,-0.670168,-0.232231,1.087833,-0.058347,-0.144745,-0.060789
28.280000,-0.094845,-0.092705,1.071057,0.084770,0.076061,-0.010533,0.741128,0.282834,1.037831,0.013097,0.051036,0.028398,0.594391,-0.241631,1.090151,0.153286,-0.140202,-0.055371,-0.576194,0.307347,1.052555,-0.192516,0.070068,-0.022371,-0.671320,-0.235079,1.086646,-0.056879,-0.140020,-0.057883
28.300000,-0.093184,-0.091216,1.070862,0.081406,0.072833,-0.008983,0.741381,0.283833,1.038397,0.012246,0.048827,0.028202,0.597420,-0.244392,1.089074,0.149643,-0.135927,-0.052397,-0.579990,0.308725,1.052132,-0.187092,0.067781,-0.019937,-0.672443,-0.237832,1.085517,-0.055437,-0.135371,-0.055023
28.320000,-0.091589,-0.089791,1.070697,0.078121,0.069703,-0.007524,0.741618,0.284788,1.038958,0.011431,0.046676,0.027946,0.600377,-0.247069,1.088055,0.146112,-0.131827,-0.049530,-0.583679,0.310059,1.051757,-0.181832,0.065597,-0.017593,-0.673538,-0.240494,1.084445,-0.054021,-0.130813,-0.052223
28.340000,-0.090058,-0.088427,1.070560,0.074919,0.066668,-0.006153,0.741839,0.285700,1.039514,0.010650,0.044579,0.027642,0.603265,-0.249666,1.087092,0.142703,-0.127905,-0.046782,-0.587264,0.311350,1.051428,-0.176753,0.063516,-0.015349,-0.674604,-0.243066,1.083427,-0.052630,-0.126355,-0.049498
28.360000,-0.088591,-0.087123,1.070450,0.071801,0.063729,-0.004870,0.742044,0.286571,1.040064,0.009901,0.042536,0.027290,0.606086,-0.252186,1.086183,0.139414,-0.124159,-0.044153,-0.590750,0.312600,1.051142,-0.171855,0.061535,-0.013204,-0.675643,-0.245549,1.082464,-0.051265,-0.121998,-0.046847
28.380000,-0.087186,-0.085877,1.070365,0.068766,0.060884,-0.003675,0.742235,0.287402,1.040606,0.009186,0.040547,0.026889,0.608843,-0.254634,1.085325,0.136247,-0.120591,-0.041643,-0.594139,0.313812,1.050899,-0.167137,0.059657,-0.011159,-0.676655,-0.247946,1.081553,-0.049925,-0.117742,-0.044271
28.400000,-0.085840,-0.084687,1.070303,0.065815,0.058135,-0.002569,0.742412,0.288194,1.041139,0.008503,0.038612,0.026439,0.611537,-0.257011,1.084516,0.133201,-0.117200,-0.039252,-0.597437,0.314987,1.050695,-0.162600,0.057879,-0.009214,-0.677640,-0.250259,1.080693,-0.048611,-0.113587,-0.041769
28.420000,-0.084553,-0.083551,1.070262,0.062948,0.055477,-0.001542,0.742575,0.288947,1.041663,0.007852,0.036730,0.025953,0.614172,-0.259323,1.083754,0.130277,-0.113978,-0.036979,-0.600645,0.316128,1.050530,-0.158245,0.056197,-0.007369,-0.678599,-0.252490,1.079882,-0.047322,-0.109539,-0.039351
28.440000,-0.083322,-0.082468,1.070241,0.060167,0.052907,-0.000588,0.742726,0.289663,1.042177,0.007231,0.034903,0.025444,0.616749,-0.261571,1.083036,0.127473,-0.110916,-0.034823,-0.603768,0.317235,1.050400,-0.154073,0.054602,-0.005622,-0.679533,-0.254642,1.079118,-0.046058,-0.105606,-0.037028
28.460000,-0.082145,-0.081434,1.070238,0.057472,0.050425,0.000293,0.742865,0.290343,1.042681,0.006640,0.033130,0.024912,0.619271,-0.263760,1.082360,0.124789,-0.108014,-0.032785,-0.606809,0.318312,1.050304,-0.150084,0.053096,-0.003974,-0.680442,-0.256715,1.078400,-0.044817,-0.101787,-0.034799
28.480000,-0.081022,-0.080450,1.070252,0.054863,0.048030,0.001102,0.742992,0.290989,1.043173,0.006078,0.031412,0.024356,0.621741,-0.265893,1.081724,0.122226,-0.105272,-0.030865,-0.609772,0.319360,1.050240,-0.146279,0.051678,-0.002426,-0.681326,-0.258714,1.077726,-0.043600,-0.098082,-0.032664
28.500000,-0.079950,-0.079513,1.070281,0.052339,0.045724,0.001839,0.743108,0.291600,1.043655,0.005546,0.029748,0.023776,0.624161,-0.267972,1.081125,0.119784,-0.102691,-0.029061,-0.612661,0.320380,1.050206,-0.142658,0.050349,-0.000977,-0.682186,-0.260639,1.077093,-0.042407,-0.094491,-0.030623
28.520000,-0.078928,-0.078621,1.070325,0.049903,0.043503,0.002512,0.743214,0.292179,1.044124,0.005044,0.028144,0.023186,0.626533,-0.270002,1.080561,0.117458,-0.100257,-0.027368,-0.615480,0.321374,1.050200,-0.139213,0.049100,0.000380,-0.683022,-0.262494,1.076500,-0.041240,-0.091017,-0.028677
28.540000,-0.077953,-0.077772,1.070382,0.047558,0.041369,0.003131,0.743310,0.292726,1.044582,0.004569,0.026609,0.022598,0.628860,-0.271983,1.080030,0.115242,-0.097959,-0.025778,-0.618231,0.322344,1.050221,-0.135938,0.047923,0.001649,-0.683836,-0.264281,1.075945,-0.040099,-0.087662,-0.026827
28.560000,-0.077025,-0.076965,1.070450,0.045303,0.039321,0.003696,0.743397,0.293244,1.045028,0.004122,0.025142,0.022012,0.631144,-0.273921,1.079529,0.113137,-0.095796,-0.024290,-0.620918,0.323292,1.050266,-0.132834,0.046819,0.002831,-0.684626,-0.266001,1.075426,-0.038984,-0.084427,-0.025073
28.580000,-0.076141,-0.076199,1.070529,0.043139,0.037360,0.004207,0.743475,0.293733,1.045463,0.003704,0.023743,0.021428,0.633387,-0.275816,1.079057,0.111143,-0.093768,-0.022905,-0.623545,0.324218,1.050334,-0.129900,0.045787,0.003926,-0.685395,-0.267659,1.074942,-0.037895,-0.081311,-0.023414
28.600000,-0.075299,-0.075470,1.070618,0.041065,0.035484,0.004663,0.743545,0.294194,1.045885,0.003314,0.022411,0.020846,0.635590,-0.277672,1.078612,0.109260,-0.091875,-0.021622,-0.626115,0.325124,1.050422,-0.127136,0.044829,0.004935,-0.686142,-0.269255,1.074489,-0.036833,-0.078314,-0.021851
28.620000,-0.074497,-0.074779,1.070715,0.039089,0.033699,0.005073,0.743608,0.294629,1.046297,0.002950,0.021150,0.020274,0.637758,-0.279492,1.078192,0.107481,-0.090106,-0.020433,-0.628632,0.326011,1.050530,-0.124532,0.043935,0.005864,-0.686869,-0.270792,1.074067,-0.035802,-0.075442,-0.020380
28.640000,-0.073735,-0.074122,1.070820,0.037217,0.032010,0.005445,0.743663,0.295040,1.046696,0.002610,0.019960,0.019721,0.639890,-0.281277,1.077794,0.105800,-0.088446,-0.019326,-0.631098,0.326881,1.050656,-0.122079,0.043099,0.006723,-0.687575,-0.272273,1.073673,-0.034805,-0.072696,-0.018998
28.660000,-0.073008,-0.073498,1.070933,0.035449,0.030418,0.005778,0.743712,0.295428,1.047085,0.002296,0.018841,0.019187,0.641990,-0.283031,1.077418,0.104216,-0.086896,-0.018303,-0.633516,0.327736,1.050799,-0.119776,0.042321,0.007513,-0.688261,-0.273701,1.073306,-0.033843,-0.070079,-0.017705
28.680000,-0.072316,-0.072904,1.071051,0.033785,0.028921,0.006072,0.743755,0.295795,1.047464,0.002006,0.017794,0.018671,0.644060,-0.284754,1.077062,0.102731,-0.085456,-0.017363,-0.635890,0.328575,1.050956,-0.117624,0.041600,0.008232,-0.688929,-0.275077,1.072964,-0.032915,-0.067588,-0.016500
28.700000,-0.071656,-0.072340,1.071175,0.032226,0.027521,0.006328,0.743793,0.296141,1.047832,0.001740,0.016818,0.018174,0.646100,-0.286450,1.076723,0.101343,-0.084126,-0.016506,-0.638222,0.329400,1.051128,-0.115622,0.040937,0.008880,-0.689578,-0.276405,1.072646,-0.032022,-0.065226,-0.015384
28.720000,-0.071026,-0.071803,1.071304,0.030770,0.026216,0.006552,0.743825,0.296468,1.048191,0.001497,0.015911,0.017700,0.648114,-0.288120,1.076401,0.100046,-0.082894,-0.015722,-0.640516,0.330213,1.051311,-0.113760,0.040325,0.009468,-0.690210,-0.277687,1.072349,-0.031172,-0.063000,-0.014353
28.740000,-0.070425,-0.071291,1.071437,0.029417,0.025004,0.006751,0.743853,0.296777,1.048541,0.001274,0.015071,0.017253,0.650103,-0.289766,1.076094,0.098835,-0.081751,-0.015002,-0.642773,0.331013,1.051506,-0.112026,0.039759,0.010002,-0.690825,-0.278926,1.072071,-0.030371,-0.060918,-0.013400
28.760000,-0.069849,-0.070802,1.071574,0.028168,0.023887,0.006925,0.743876,0.297071,1.048881,0.001072,0.014298,0.016834,0.652068,-0.291390,1.075800,0.097708,-0.080694,-0.014346,-0.644997,0.331803,1.051711,-0.110421,0.039237,0.010484,-0.691425,-0.280125,1.071812,-0.029619,-0.058982,-0.012526
28.780000,-0.069297,-0.070335,1.071714,0.027022,0.022863,0.007074,0.743896,0.297350,1.049214,0.000889,0.013592,0.016442,0.654011,-0.292994,1.075520,0.096666,-0.079725,-0.013754,-0.647191,0.332583,1.051925,-0.108946,0.038760,0.010912,-0.692010,-0.281286,1.071570,-0.028918,-0.057192,-0.011732
28.800000,-0.068767,-0.069887,1.071857,0.025980,0.021932,0.007198,0.743912,0.297615,1.049539,0.000727,0.012953,0.016078,0.655935,-0.294580,1.075250,0.095709,-0.078844,-0.013225,-0.649356,0.333354,1.052147,-0.107599,0.038328,0.011288,-0.692582,-0.282413,1.071342,-0.028266,-0.055546,-0.011017
28.820000,-0.068257,-0.069457,1.072002,0.025034,0.021090,0.007303,0.743925,0.297868,1.049857,0.000582,0.012376,0.015742,0.657840,-0.296149,1.074990,0.094831,-0.078042,-0.012752,-0.651496,0.334116,1.052376,-0.106370,0.037935,0.011620,-0.693141,-0.283509,1.071128,-0.027665,-0.054042,-0.010374
28.840000,-0.067765,-0.069043,1.072149,0.024180,0.020328,0.007393,0.743935,0.298111,1.050169,0.000453,0.011856,0.015436,0.659729,-0.297702,1.074739,0.094025,-0.077308,-0.012326,-0.653612,0.334871,1.052612,-0.105249,0.037577,0.011913,-0.693689,-0.284576,1.070927,-0.027118,-0.052677,-0.009796
28.860000,-0.067289,-0.068643,1.072298,0.023416,0.019649,0.007469,0.743943,0.298343,1.050475,0.000339,0.011392,0.015159,0.661602,-0.299241,1.074497,0.093293,-0.076645,-0.011947,-0.655706,0.335620,1.052853,-0.104235,0.037254,0.012170,-0.694226,-0.285617,1.070736,-0.026623,-0.051450,-0.009282
28.880000,-0.066828,-0.068256,1.072448,0.022743,0.019050,0.007531,0.743949,0.298567,1.050776,0.000240,0.010985,0.014911,0.663461,-0.300768,1.074261,0.092633,-0.076051,-0.011615,-0.657782,0.336362,1.053098,-0.103328,0.036966,0.012389,-0.694754,-0.286635,1.070555,-0.026181,-0.050362,-0.008833
28.900000,-0.066379,-0.067881,1.072599,0.022161,0.018534,0.007578,0.743953,0.298783,1.051072,0.000156,0.010635,0.014693,0.665308,-0.302284,1.074032,0.092047,-0.075527,-0.011331,-0.659840,0.337099,1.053348,-0.102529,0.036712,0.012572,-0.695274,-0.287633,1.070382,-0.025791,-0.049412,-0.008448
28.920000,-0.065941,-0.067514,1.072751,0.021659,0.018088,0.007616,0.743955,0.298992,1.051364,0.000086,0.010333,0.014502,0.667143,-0.303790,1.073808,0.091527,-0.075065,-0.011086,-0.661884,0.337831,1.053601,-0.101827,0.036489,0.012724,-0.695786,-0.288612,1.070217,-0.025451,-0.048588,-0.008118
28.940000,-0.065512,-0.067157,1.072903,0.021225,0.017704,0.007646,0.743956,0.299196,1.051652,0.000025,0.010074,0.014337,0.668969,-0.305287,1.073588,0.091069,-0.074659,-0.010876,-0.663914,0.338558,1.053857,-0.101211,0.036293,0.012852,-0.696292,-0.289577,1.070057,-0.025156,-0.047875,-0.007835
28.960000,-0.065092,-0.066806,1.073056,0.020861,0.017381,0.007671,0.743956,0.299396,1.051937,-0.000026,0.009856,0.014196,0.670786,-0.306776,1.073372,0.090673,-0.074309,-0.010698,-0.665933,0.339282,1.054115,-0.100681,0.036123,0.012957,-0.696793,-0.290528,1.069903,-0.024906,-0.047273,-0.007598
28.980000,-0.064677,-0.066461,1.073210,0.020566,0.017120,0.007689,0.743955,0.299591,1.052220,-0.000066,0.009680,0.014081,0.672596,-0.308260,1.073160,0.090337,-0.074013,-0.010554,-0.667942,0.340003,1.054375,-0.100237,0.035981,0.013038,-0.697289,-0.291468,1.069753,-0.024701,-0.046782,-0.007406
29.000000,-0.064269,-0.066121,1.073364,0.020339,0.016919,0.007700,0.743954,0.299783,1.052501,-0.000097,0.009545,0.013992,0.674400,-0.309737,1.072950,0.090063,-0.073774,-0.010444,-0.669943,0.340722,1.054636,-0.099879,0.035865,0.013095,-0.697781,-0.292400,1.069607,-0.024541,-0.046402,-0.007261
29.020000,-0.063864,-0.065784,1.073518,0.020166,0.016767,0.007708,0.743951,0.299973,1.052780,-0.000119,0.009443,0.013922,0.676199,-0.311211,1.072742,0.089845,-0.073583,-0.010359,-0.671937,0.341438,1.054899,-0.099596,0.035772,0.013137,-0.698271,-0.293325,1.069462,-0.024418,-0.046111,-0.007151
29.040000,-0.063462,-0.065450,1.073672,0.020031,0.016648,0.007714,0.743949,0.300161,1.053058,-0.000137,0.009364,0.013868,0.677994,-0.312681,1.072536,0.089674,-0.073434,-0.010293,-0.673927,0.342153,1.055162,-0.099376,0.035701,0.013169,-0.698758,-0.294245,1.069320,-0.024322,-0.045884,-0.007066
29.060000,-0.063062,-0.065118,1.073827,0.019935,0.016563,0.007718,0.743946,0.300348,1.053335,-0.000150,0.009307,0.013830,0.679787,-0.314149,1.072330,0.089553,-0.073328,-0.010246,-0.675913,0.342866,1.055425,-0.099219,0.035649,0.013191,-0.699244,-0.295161,1.069180,-0.024253,-0.045722,-0.007004
29.080000,-0.062664,-0.064787,1.073981,0.019878,0.016512,0.007720,0.743943,0.300533,1.053611,-0.000157,0.009273,0.013807,0.681577,-0.315614,1.072126,0.089480,-0.073265,-0.010218,-0.677896,0.343579,1.055689,-0.099124,0.035618,0.013205,-0.699728,-0.296074,1.069040,-0.024212,-0.045625,-0.006968
29.100000,-0.062267,-0.064457,1.074135,0.019858,0.016495,0.007721,0.743940,0.300719,1.053887,-0.000160,0.009261,0.013799,0.683366,-0.317079,1.071921,0.089455,-0.073243,-0.010209,-0.679878,0.344291,1.055953,-0.099093,0.035608,0.013210,-0.700212,-0.296986,1.068901,-0.024198,-0.045592,-0.006956
29.120000,-0.061869,-0.064127,1.074290,0.019878,0.016512,0.007720,0.743937,0.300904,1.054163,-0.000157,0.009273,0.013807,0.685155,-0.318544,1.071717,0.089480,-0.073265,-0.010218,-0.681860,0.345003,1.056218,-0.099124,0.035618,0.013205,-0.700697,-0.297898,1.068762,-0.024212,-0.045625,-0.006968
29.140000,-0.061471,-0.063796,1.074444,0.019935,0.016563,0.007718,0.743934,0.301090,1.054439,-0.000150,0.009307,0.013830,0.686946,-0.320010,1.071513,0.089553,-0.073328,-0.010246,-0.683844,0.345716,1.056481,-0.099219,0.035649,0.013191,-0.701181,-0.298812,1.068622,-0.024253,-0.045722,-0.007004
29.160000,-0.061072,-0.063464,1.074599,0.020031,0.016648,0.007714,0.743931,0.301276,1.054716,-0.000137,0.009364,0.013868,0.688738,-0.321478,1.071307,0.089674,-0.073434,-0.010293,-0.685829,0.346430,1.056745,-0.099376,0.035701,0.013169,-0.701667,-0.299728,1.068481,-0.024322,-0.045884,-0.007066
29.180000,-0.060670,-0.063130,1.074753,0.020166,0.016767,0.007708,0.743928,0.301464,1.054994,-0.000119,0.009443,0.013922,0.690533,-0.322948,1.071101,0.089845,-0.073583,-0.010359,-0.687819,0.347144,1.057008,-0.099596,0.035772,0.013137,-0.702154,-0.300648,1.068339,-0.024418,-0.046111,-0.007151
29.200000,-0.060265,-0.062793,1.074907,0.020339,0.016919,0.007700,0.743926,0.301654,1.055273,-0.000097,0.009545,0.013992,0.692332,-0.324421,1.070893,0.090063,-0.073774,-0.010444,-0.689814,0.347861,1.057271,-0.099879,0.035865,0.013095,-0.702644,-0.301573,1.068195,-0.024541,-0.046402,-0.007261
