time[s],drone0_posx[m],drone0_posy[m],drone0_posz[m],drone0_velx[m/s],drone0_vely[m/s],drone0_velz[m/s],drone1_posx[m],drone1_posy[m],drone1_posz[m],drone1_velx[m/s],drone1_vely[m/s],drone1_velz[m/s],drone2_posx[m],drone2_posy[m],drone2_posz[m],drone2_velx[m/s],drone2_vely[m/s],drone2_velz[m/s],drone3_posx[m],drone3_posy[m],drone3_posz[m],drone3_velx[m/s],drone3_vely[m/s],drone3_velz[m/s],drone4_posx[m],drone4_posy[m],drone4_posz[m],drone4_velx[m/s],drone4_vely[m/s],drone4_velz[m/s]
0.000000,0.059438,0.006934,1.002987,-0.199286,0.170454,-0.043151,0.753592,0.325701,0.997715,-0.337207,0.108219,0.022913,0.701699,-0.409511,0.995497,0.011552,0.323249,0.001405,-0.723786,0.414514,0.994049,0.141074,-0.410715,0.028582,-0.770519,-0.345672,0.999570,0.499442,-0.068998,0.004161
0.020000,0.055452,0.010343,1.002124,-0.199395,0.170441,-0.043157,0.746847,0.327865,0.998173,-0.337312,0.108266,0.022916,0.701930,-0.403046,0.995525,0.011547,0.323359,0.001407,-0.720964,0.406299,0.994621,0.141117,-0.410838,0.028588,-0.760530,-0.347052,0.999653,0.499586,-0.069006,0.004161
0.040000,0.051461,0.013751,1.001261,-0.199724,0.170401,-0.043175,0.740098,0.330032,0.998632,-0.337624,0.108408,0.022925,0.702161,-0.396576,0.995553,0.011533,0.323688,0.001415,-0.718141,0.398079,0.995193,0.141245,-0.411207,0.028605,-0.750534,-0.348432,0.999736,0.500019,-0.069032,0.004160
0.060000,0.047461,0.017159,1.000397,-0.200271,0.170334,-0.043205,0.733341,0.332202,0.999090,-0.338146,0.108644,0.022940,0.702391,-0.390097,0.995582,0.011510,0.324236,0.001427,-0.715314,0.389849,0.995765,0.141458,-0.411822,0.028634,-0.740527,-0.349814,0.999819,0.500741,-0.069074,0.004159
0.080000,0.043449,0.020564,0.999532,-0.201038,0.170241,-0.043247,0.726571,0.334378,0.999549,-0.338876,0.108975,0.022962,0.702621,-0.383605,0.995611,0.011478,0.325004,0.001445,-0.712482,0.381604,0.996338,0.141757,-0.412683,0.028674,-0.730502,-0.351196,0.999903,0.501752,-0.069133,0.004157
0.100000,0.039418,0.023968,0.998667,-0.202023,0.170122,-0.043302,0.719784,0.336562,1.000009,-0.339814,0.109400,0.022990,0.702850,-0.377095,0.995640,0.011436,0.325991,0.001467,-0.709643,0.373340,0.996912,0.142142,-0.413790,0.028726,-0.720455,-0.352579,0.999986,0.503052,-0.069208,0.004154
0.120000,0.035366,0.027369,0.997800,-0.203295,0.169946,-0.043366,0.712977,0.338755,1.000469,-0.341007,0.109944,0.023023,0.703078,-0.370563,0.995669,0.011375,0.327242,0.001494,-0.706795,0.365050,0.997487,0.142628,-0.415189,0.028789,-0.710378,-0.353964,1.000069,0.504708,-0.069304,0.004150
0.140000,0.031284,0.030765,0.996932,-0.204921,0.169682,-0.043438,0.706142,0.340961,1.000930,-0.342499,0.110631,0.023061,0.703305,-0.364003,0.995699,0.011282,0.328800,0.001524,-0.703937,0.356730,0.998064,0.143234,-0.416926,0.028866,-0.700264,-0.355351,1.000152,0.506785,-0.069423,0.004145
0.160000,0.027167,0.034156,0.996063,-0.206902,0.169332,-0.043518,0.699275,0.343181,1.001391,-0.344291,0.111462,0.023102,0.703530,-0.357409,0.995730,0.011158,0.330667,0.001559,-0.701065,0.348371,0.998642,0.143958,-0.419001,0.028955,-0.690104,-0.356741,1.000235,0.509284,-0.069564,0.004137
0.180000,0.023006,0.037538,0.995192,-0.209237,0.168894,-0.043605,0.692368,0.345420,1.001854,-0.346382,0.112437,0.023148,0.703751,-0.350775,0.995762,0.011003,0.332842,0.001597,-0.698178,0.339968,0.999222,0.144801,-0.421414,0.029056,-0.679890,-0.358134,1.000317,0.512206,-0.069729,0.004127
0.200000,0.018795,0.040911,0.994318,-0.211926,0.168369,-0.043700,0.685417,0.347680,1.002317,-0.348773,0.113555,0.023199,0.703969,-0.344094,0.995794,0.010817,0.335324,0.001640,-0.695272,0.331512,0.999804,0.145763,-0.424166,0.029171,-0.669613,-0.359530,1.000400,0.515549,-0.069917,0.004116
0.220000,0.014526,0.044272,0.993443,-0.214989,0.167724,-0.043796,0.678416,0.349963,1.002782,-0.351465,0.114819,0.023249,0.704184,-0.337360,0.995827,0.010591,0.338115,0.001685,-0.692347,0.322999,1.000389,0.146851,-0.427255,0.029294,-0.659265,-0.360931,1.000482,0.519317,-0.070119,0.004101
0.240000,0.010193,0.047619,0.992567,-0.218446,0.166926,-0.043885,0.671357,0.352274,1.003247,-0.354460,0.116231,0.023294,0.704393,-0.330567,0.995862,0.010318,0.341215,0.001733,-0.689398,0.314420,1.000976,0.148072,-0.430682,0.029422,-0.648837,-0.362335,1.000564,0.523510,-0.070328,0.004084
0.260000,0.005786,0.050948,0.991688,-0.222297,0.165976,-0.043966,0.664235,0.354614,1.003713,-0.357757,0.117791,0.023334,0.704596,-0.323709,0.995897,0.009996,0.344624,0.001783,-0.686423,0.305769,1.001566,0.149425,-0.434447,0.029554,-0.638322,-0.363744,1.000645,0.528129,-0.070543,0.004064
0.280000,0.001298,0.054257,0.990808,-0.226541,0.164872,-0.044040,0.657044,0.356986,1.004180,-0.361358,0.119500,0.023369,0.704792,-0.316780,0.995933,0.009626,0.348341,0.001836,-0.683420,0.297040,1.002158,0.150910,-0.438549,0.029692,-0.627709,-0.365157,1.000726,0.533174,-0.070764,0.004041
0.300000,-0.003278,0.057542,0.989927,-0.231179,0.163616,-0.044107,0.649779,0.359395,1.004648,-0.365261,0.121356,0.023400,0.704981,-0.309773,0.995970,0.009208,0.352368,0.001891,-0.680386,0.288225,1.002754,0.152528,-0.442990,0.029835,-0.616992,-0.366574,1.000807,0.538645,-0.070992,0.004015
0.320000,-0.007951,0.060800,0.989044,-0.236177,0.162183,-0.044156,0.642432,0.361841,1.005116,-0.369445,0.123350,0.023418,0.705160,-0.302683,0.996009,0.008734,0.356672,0.001948,-0.677318,0.279318,1.003352,0.154274,-0.447743,0.029976,-0.606161,-0.367997,1.000887,0.544492,-0.071207,0.003985
0.340000,-0.012728,0.064028,0.988161,-0.241502,0.160548,-0.044176,0.634999,0.364329,1.005585,-0.373888,0.125471,0.023417,0.705330,-0.295505,0.996048,0.008199,0.361223,0.002006,-0.674214,0.270313,1.003953,0.156147,-0.452783,0.030109,-0.595210,-0.369423,1.000966,0.550666,-0.071389,0.003952
0.360000,-0.017614,0.067221,0.987277,-0.247155,0.158712,-0.044166,0.627475,0.366861,1.006053,-0.378591,0.127718,0.023396,0.705488,-0.288233,0.996089,0.007601,0.366021,0.002065,-0.671071,0.261205,1.004556,0.158144,-0.458111,0.030233,-0.584132,-0.370852,1.001045,0.557168,-0.071540,0.003915
0.380000,-0.022616,0.070375,0.986394,-0.253134,0.156675,-0.044127,0.619854,0.369439,1.006520,-0.383554,0.130092,0.023356,0.705633,-0.280862,0.996131,0.006941,0.371065,0.002125,-0.667887,0.251987,1.005162,0.160267,-0.463727,0.030349,-0.572921,-0.372284,1.001123,0.563997,-0.071658,0.003875
0.400000,-0.027741,0.073486,0.985512,-0.259440,0.154436,-0.044059,0.612131,0.372066,1.006987,-0.388776,0.132592,0.023296,0.705765,-0.273389,0.996174,0.006218,0.376357,0.002185,-0.664659,0.242654,1.005770,0.162516,-0.469630,0.030457,-0.561570,-0.373718,1.001200,0.571153,-0.071743,0.003831
0.420000,-0.032995,0.076551,0.984632,-0.266009,0.151984,-0.043952,0.604301,0.374743,1.007452,-0.394211,0.135198,0.023212,0.705881,-0.265807,0.996218,0.005415,0.381834,0.002246,-0.661386,0.233200,1.006380,0.164887,-0.475767,0.030547,-0.550073,-0.375153,1.001276,0.578560,-0.071771,0.003784
0.440000,-0.038383,0.079564,0.983754,-0.272776,0.149307,-0.043796,0.596361,0.377474,1.007915,-0.399815,0.137889,0.023098,0.705981,-0.258114,0.996264,0.004514,0.387437,0.002306,-0.658063,0.223622,1.006992,0.167380,-0.482084,0.030610,-0.538427,-0.376588,1.001351,0.586141,-0.071714,0.003733
0.460000,-0.043908,0.082522,0.982880,-0.279742,0.146406,-0.043591,0.588308,0.380259,1.008376,-0.405586,0.140666,0.022955,0.706061,-0.250309,0.996310,0.003514,0.393165,0.002365,-0.654690,0.213916,1.007604,0.169994,-0.488582,0.030647,-0.526626,-0.378021,1.001425,0.593895,-0.071574,0.003678
0.480000,-0.049574,0.085419,0.982011,-0.286907,0.143280,-0.043337,0.580137,0.383101,1.008833,-0.411526,0.143527,0.022782,0.706121,-0.242387,0.996358,0.002416,0.399018,0.002423,-0.651263,0.204078,1.008217,0.172729,-0.495261,0.030658,-0.514670,-0.379451,1.001498,0.601824,-0.071349,0.003619
0.500000,-0.055385,0.088251,0.981147,-0.294270,0.139930,-0.043034,0.571846,0.386001,1.009287,-0.417634,0.146475,0.022580,0.706157,-0.234347,0.996407,0.001220,0.404996,0.002480,-0.647780,0.194104,1.008830,0.175584,-0.502120,0.030641,-0.502552,-0.380875,1.001570,0.609926,-0.071041,0.003557
0.520000,-0.061345,0.091015,0.980290,-0.301742,0.136351,-0.042672,0.563431,0.388961,1.009736,-0.423863,0.149480,0.022344,0.706169,-0.226187,0.996457,-0.000089,0.411038,0.002536,-0.644238,0.183992,1.009443,0.178564,-0.509099,0.030589,-0.490272,-0.382292,1.001640,0.618124,-0.070632,0.003491
0.540000,-0.067455,0.093704,0.979441,-0.309233,0.132536,-0.042240,0.554891,0.391980,1.010180,-0.430166,0.152515,0.022070,0.706153,-0.217905,0.996509,-0.001524,0.417082,0.002590,-0.640636,0.173740,1.010054,0.181669,-0.516139,0.030489,-0.477827,-0.383699,1.001710,0.626340,-0.070104,0.003422
0.560000,-0.073715,0.096315,0.978601,-0.316744,0.128485,-0.041739,0.546224,0.395061,1.010619,-0.436543,0.155582,0.021757,0.706107,-0.209503,0.996561,-0.003085,0.423129,0.002641,-0.636971,0.163346,1.010662,0.184900,-0.523240,0.030343,-0.465218,-0.385095,1.001777,0.634573,-0.069459,0.003349
0.580000,-0.080125,0.098842,0.977772,-0.324274,0.124200,-0.041168,0.537428,0.398204,1.011051,-0.442994,0.158679,0.021406,0.706029,-0.200980,0.996614,-0.004772,0.429178,0.002690,-0.633239,0.152810,1.011267,0.188258,-0.530401,0.030150,-0.452444,-0.386477,1.001844,0.642824,-0.068696,0.003273
0.600000,-0.086686,0.101281,0.976955,-0.331823,0.119679,-0.040527,0.528503,0.401409,1.011475,-0.449520,0.161807,0.021017,0.705915,-0.192336,0.996669,-0.006586,0.435229,0.002737,-0.629440,0.142129,1.011868,0.191741,-0.537623,0.029911,-0.439505,-0.387842,1.001908,0.651092,-0.067815,0.003193
0.620000,-0.093398,0.103627,0.976151,-0.339312,0.114921,-0.039810,0.519447,0.404676,1.011891,-0.456080,0.164923,0.020588,0.705764,-0.183572,0.996724,-0.008537,0.441222,0.002782,-0.625569,0.131305,1.012463,0.195358,-0.544837,0.029618,-0.426401,-0.389188,1.001971,0.659293,-0.066800,0.003110
0.640000,-0.100258,0.105876,0.975363,-0.346663,0.109924,-0.039012,0.510260,0.408005,1.012298,-0.462632,0.167984,0.020116,0.705573,-0.174688,0.996780,-0.010637,0.447097,0.002822,-0.621624,0.120337,1.013052,0.199115,-0.551974,0.029265,-0.413134,-0.390513,1.002033,0.667345,-0.065639,0.003024
0.660000,-0.107263,0.108023,0.974591,-0.353875,0.104687,-0.038132,0.500942,0.411395,1.012695,-0.469178,0.170991,0.019602,0.705338,-0.165688,0.996837,-0.012886,0.452854,0.002860,-0.617603,0.109226,1.013633,0.203013,-0.559033,0.028853,-0.399708,-0.391813,1.002092,0.675246,-0.064329,0.002935
0.680000,-0.114412,0.110062,0.973838,-0.360948,0.099211,-0.037171,0.491493,0.414845,1.013082,-0.475717,0.173943,0.019045,0.705056,-0.156575,0.996894,-0.015284,0.458492,0.002895,-0.613503,0.097976,1.014206,0.207051,-0.566016,0.028380,-0.386126,-0.393085,1.002150,0.682996,-0.062872,0.002843
0.700000,-0.121700,0.111990,0.973105,-0.367882,0.093495,-0.036127,0.481913,0.418353,1.013457,-0.482248,0.176841,0.018446,0.704725,-0.147350,0.996952,-0.017832,0.464012,0.002926,-0.609320,0.086586,1.014768,0.211230,-0.572922,0.027848,-0.372389,-0.394327,1.002206,0.690597,-0.061267,0.002748
0.720000,-0.129126,0.113800,0.972394,-0.374625,0.087537,-0.035004,0.472203,0.421918,1.013819,-0.488738,0.179639,0.017805,0.704342,-0.138015,0.997011,-0.020534,0.469368,0.002953,-0.605053,0.075060,1.015319,0.215559,-0.579672,0.027254,-0.358503,-0.395535,1.002260,0.697976,-0.059503,0.002651
0.740000,-0.136684,0.115489,0.971705,-0.381123,0.081333,-0.033801,0.462364,0.425537,1.014169,-0.495148,0.182293,0.017122,0.703903,-0.128576,0.997071,-0.023399,0.474514,0.002977,-0.600697,0.063401,1.015858,0.220048,-0.586191,0.026598,-0.344472,-0.396706,1.002312,0.705064,-0.057571,0.002551
0.760000,-0.144369,0.117052,0.971042,-0.387377,0.074883,-0.032518,0.452398,0.429208,1.014504,-0.501481,0.184801,0.016397,0.703405,-0.119036,0.997130,-0.026425,0.479451,0.002997,-0.596250,0.051614,1.016383,0.224697,-0.592477,0.025878,-0.330303,-0.397837,1.002362,0.711861,-0.055469,0.002449
0.780000,-0.152177,0.118483,0.970405,-0.393387,0.068186,-0.031156,0.442306,0.432928,1.014824,-0.507735,0.187166,0.015632,0.702845,-0.109400,0.997190,-0.029613,0.484179,0.003013,-0.591708,0.039703,1.016893,0.229505,-0.598531,0.025097,-0.316000,-0.398924,1.002410,0.718365,-0.053198,0.002346
0.800000,-0.160103,0.119778,0.969796,-0.399152,0.061244,-0.029714,0.432089,0.436694,1.015129,-0.513910,0.189386,0.014824,0.702219,-0.099670,0.997251,-0.032964,0.488697,0.003026,-0.587069,0.027674,1.017386,0.234473,-0.604352,0.024253,-0.301570,-0.399963,1.002456,0.724579,-0.050758,0.002240
0.820000,-0.168141,0.120931,0.969217,-0.404654,0.054045,-0.028198,0.421750,0.440502,1.015417,-0.519969,0.191414,0.013980,0.701525,-0.089853,0.997311,-0.036479,0.492969,0.003034,-0.582328,0.015531,1.017862,0.239611,-0.609854,0.023349,-0.287019,-0.400953,1.002499,0.730449,-0.048142,0.002132
0.840000,-0.176287,0.121938,0.968669,-0.409874,0.046579,-0.026614,0.411291,0.444349,1.015688,-0.525874,0.193205,0.013105,0.700759,-0.079954,0.997372,-0.040165,0.496957,0.003039,-0.577483,0.003283,1.018320,0.244929,-0.614947,0.022391,-0.272354,-0.401888,1.002541,0.735925,-0.045344,0.002023
0.860000,-0.184534,0.122792,0.968153,-0.414813,0.038845,-0.024961,0.400716,0.448229,1.015941,-0.531624,0.194757,0.012199,0.699918,-0.069977,0.997433,-0.044020,0.500662,0.003039,-0.572530,-0.009064,1.018757,0.250427,-0.619633,0.021377,-0.257585,-0.402765,1.002580,0.741005,-0.042364,0.001912
0.880000,-0.192878,0.123490,0.967671,-0.419471,0.030843,-0.023239,0.390028,0.452138,1.016176,-0.537220,0.196071,0.011262,0.698997,-0.059929,0.997494,-0.048044,0.504084,0.003036,-0.567465,-0.021500,1.019174,0.256106,-0.623911,0.020308,-0.242717,-0.403581,1.002617,0.745690,-0.039201,0.001800
0.900000,-0.201311,0.124024,0.967224,-0.423847,0.022574,-0.021449,0.379228,0.456070,1.016391,-0.542661,0.197147,0.010294,0.697995,-0.049815,0.997554,-0.052238,0.507223,0.003029,-0.562284,-0.034018,1.019569,0.261965,-0.627781,0.019183,-0.227760,-0.404332,1.002652,0.749981,-0.035857,0.001686
0.920000,-0.209830,0.124391,0.966813,-0.427908,0.014077,-0.019604,0.368322,0.460022,1.016587,-0.547923,0.197951,0.009302,0.696907,-0.039642,0.997615,-0.056600,0.510062,0.003017,-0.556985,-0.046608,1.019941,0.267989,-0.631195,0.018011,-0.212721,-0.405014,1.002685,0.753848,-0.032328,0.001571
0.940000,-0.218425,0.124586,0.966440,-0.431620,0.005391,-0.017718,0.357313,0.463986,1.016763,-0.552981,0.198449,0.008295,0.695730,-0.029415,0.997675,-0.061128,0.512584,0.003003,-0.551564,-0.059262,1.020290,0.274161,-0.634107,0.016801,-0.197609,-0.405624,1.002715,0.757263,-0.028615,0.001454
0.960000,-0.227092,0.124606,0.966105,-0.434982,-0.003483,-0.015790,0.346204,0.467958,1.016919,-0.557835,0.198641,0.007273,0.694460,-0.019141,0.997735,-0.065823,0.514789,0.002984,-0.546017,-0.071969,1.020613,0.280483,-0.636515,0.015552,-0.182433,-0.406158,1.002743,0.760226,-0.024716,0.001336
0.980000,-0.235822,0.124446,0.965809,-0.437995,-0.012546,-0.013822,0.335001,0.471930,1.017054,-0.562485,0.198527,0.006236,0.693096,-0.008826,0.997794,-0.070684,0.516677,0.002962,-0.540343,-0.084719,1.020911,0.286953,-0.638420,0.014264,-0.167203,-0.406611,1.002769,0.762736,-0.020633,0.001216
1.000000,-0.244609,0.124103,0.965552,-0.440658,-0.021798,-0.011813,0.323706,0.475897,1.017168,-0.566930,0.198107,0.005184,0.691632,0.001524,0.997853,-0.075711,0.518249,0.002937,-0.534538,-0.097503,1.021184,0.293573,-0.639822,0.012938,-0.151927,-0.406982,1.002792,0.764795,-0.016365,0.001095
1.020000,-0.253446,0.123573,0.965336,-0.442943,-0.031178,-0.009777,0.312325,0.479852,1.017261,-0.571150,0.197362,0.004127,0.690066,0.011902,0.997912,-0.080902,0.519493,0.002908,-0.528600,-0.110309,1.021429,0.300321,-0.640701,0.011582,-0.136614,-0.407265,1.002812,0.766381,-0.011924,0.000973
1.040000,-0.262324,0.122855,0.965161,-0.444818,-0.040624,-0.007731,0.300862,0.483789,1.017333,-0.575121,0.196275,0.003074,0.688395,0.022302,0.997970,-0.086257,0.520398,0.002876,-0.522525,-0.123127,1.021647,0.307179,-0.641036,0.010204,-0.121275,-0.407458,1.002831,0.767472,-0.007322,0.000851
1.060000,-0.271236,0.121947,0.965027,-0.446285,-0.050138,-0.005674,0.289322,0.487701,1.017384,-0.578843,0.194846,0.002026,0.686615,0.032716,0.998027,-0.091774,0.520964,0.002841,-0.516312,-0.135946,1.021837,0.314146,-0.640827,0.008806,-0.105918,-0.407557,1.002846,0.768068,-0.002560,0.000730
1.080000,-0.280173,0.120849,0.964934,-0.447342,-0.059718,-0.003605,0.277710,0.491580,1.017415,-0.582318,0.193074,0.000983,0.684723,0.043138,0.998083,-0.097454,0.521190,0.002803,-0.509958,-0.148756,1.021999,0.321223,-0.640075,0.007386,-0.090555,-0.407559,1.002860,0.768169,0.002362,0.000609
1.100000,-0.289127,0.119558,0.964883,-0.447990,-0.069366,-0.001526,0.266031,0.495421,1.017424,-0.585544,0.190960,-0.000055,0.682715,0.053561,0.998139,-0.103297,0.521078,0.002762,-0.503462,-0.161546,1.022132,0.328409,-0.638779,0.005944,-0.075195,-0.407461,1.002871,0.767776,0.007445,0.000488
1.120000,-0.298090,0.118074,0.964873,-0.448211,-0.079013,0.000549,0.254290,0.499217,1.017412,-0.588509,0.188503,-0.001080,0.680590,0.063979,0.998194,-0.109297,0.520632,0.002719,-0.496821,-0.174304,1.022236,0.335671,-0.636930,0.004494,-0.059847,-0.407260,1.002879,0.766890,0.012670,0.000367
1.140000,-0.307053,0.116398,0.964905,-0.447987,-0.088594,0.002604,0.242492,0.502959,1.017381,-0.591201,0.185702,-0.002084,0.678343,0.074384,0.998248,-0.115448,0.519857,0.002673,-0.490035,-0.187019,1.022312,0.342978,-0.634520,0.003048,-0.044523,-0.406954,1.002885,0.765511,0.018017,0.000249
1.160000,-0.316006,0.114531,0.964977,-0.447318,-0.098108,0.004640,0.230644,0.506642,1.017329,-0.593619,0.182556,-0.003065,0.675971,0.084771,0.998301,-0.121749,0.518754,0.002625,-0.483102,-0.199681,1.022358,0.350330,-0.631547,0.001604,-0.029230,-0.406539,1.002889,0.763641,0.023487,0.000131
1.180000,-0.324942,0.112474,0.965090,-0.446202,-0.107555,0.006657,0.218749,0.510259,1.017258,-0.595764,0.179067,-0.004025,0.673472,0.095132,0.998353,-0.128200,0.517323,0.002575,-0.476021,-0.212277,1.022376,0.357725,-0.628011,0.000165,-0.013980,-0.406013,1.002891,0.761278,0.029079,0.000015
1.200000,-0.333852,0.110229,0.965244,-0.444642,-0.116935,0.008654,0.206815,0.513803,1.017168,-0.597636,0.175233,-0.004963,0.670842,0.105462,0.998404,-0.134802,0.515563,0.002523,-0.468793,-0.224798,1.022365,0.365166,-0.623914,-0.001272,0.001218,-0.405375,1.002890,0.758423,0.034793,-0.000100
1.220000,-0.342725,0.107798,0.965436,-0.442627,-0.126181,0.010618,0.194846,0.517266,1.017060,-0.599239,0.171070,-0.005871,0.668079,0.115753,0.998454,-0.141547,0.513491,0.002469,-0.461415,-0.237230,1.022325,0.372617,-0.619268,-0.002693,0.016353,-0.404621,1.002887,0.755094,0.040607,-0.000213
1.240000,-0.351554,0.105183,0.965668,-0.440148,-0.135227,0.012535,0.182847,0.520643,1.016934,-0.600576,0.166593,-0.006744,0.665179,0.125999,0.998502,-0.148427,0.511123,0.002414,-0.453888,-0.249565,1.022257,0.380048,-0.614087,-0.004088,0.031418,-0.403750,1.002881,0.751305,0.046497,-0.000325
1.260000,-0.360328,0.102390,0.965937,-0.437206,-0.144072,0.014404,0.170825,0.523928,1.016790,-0.601647,0.161801,-0.007581,0.662141,0.136196,0.998550,-0.155442,0.508458,0.002357,-0.446213,-0.261790,1.022162,0.387458,-0.608371,-0.005458,0.046403,-0.402760,1.002874,0.747058,0.052464,-0.000436
1.280000,-0.369039,0.099422,0.966244,-0.433801,-0.152716,0.016225,0.158783,0.527113,1.016631,-0.602452,0.156694,-0.008382,0.658960,0.146336,0.998597,-0.162593,0.505498,0.002299,-0.438390,-0.273896,1.022039,0.394846,-0.602121,-0.006801,0.061298,-0.401651,1.002864,0.742353,0.058508,-0.000544
1.300000,-0.377677,0.096283,0.966586,-0.429932,-0.161160,0.018000,0.146728,0.530194,1.016455,-0.602991,0.151273,-0.009148,0.655636,0.156414,0.998642,-0.169878,0.502240,0.002239,-0.430419,-0.285872,1.021890,0.402214,-0.595336,-0.008118,0.076094,-0.400420,1.002852,0.737189,0.064628,-0.000651
1.320000,-0.386233,0.092977,0.966963,-0.425593,-0.169338,0.019716,0.134665,0.533162,1.016265,-0.603276,0.145546,-0.009872,0.652164,0.166423,0.998686,-0.177291,0.498695,0.002178,-0.422302,-0.297706,1.021715,0.409535,-0.588038,-0.009399,0.090782,-0.399065,1.002838,0.731581,0.070805,-0.000756
1.340000,-0.394697,0.089511,0.967374,-0.420776,-0.177184,0.021364,0.122599,0.536013,1.016061,-0.603320,0.139520,-0.010553,0.648544,0.176359,0.998729,-0.184823,0.494869,0.002116,-0.414038,-0.309390,1.021514,0.416783,-0.580251,-0.010637,0.105354,-0.397587,1.002822,0.725544,0.077019,-0.000859
1.360000,-0.403061,0.085892,0.967818,-0.415483,-0.184698,0.022943,0.110534,0.538741,1.015843,-0.603122,0.133196,-0.011189,0.644771,0.186216,0.998771,-0.192476,0.490763,0.002052,-0.405631,-0.320913,1.021290,0.423959,-0.571974,-0.011831,0.119801,-0.395984,1.002804,0.719078,0.083270,-0.000959
1.380000,-0.411313,0.082126,0.968292,-0.409713,-0.191881,0.024453,0.098476,0.541339,1.015614,-0.602682,0.126573,-0.011780,0.640844,0.195988,0.998811,-0.200248,0.486377,0.001988,-0.397080,-0.332265,1.021041,0.431063,-0.563207,-0.012980,0.134114,-0.394256,1.002783,0.712183,0.089558,-0.001056
1.400000,-0.419446,0.078219,0.968795,-0.403466,-0.198732,0.025895,0.086428,0.543802,1.015372,-0.602000,0.119652,-0.012326,0.636760,0.205669,0.998850,-0.208139,0.481710,0.001922,-0.388389,-0.343438,1.020771,0.438094,-0.553950,-0.014085,0.148285,-0.392402,1.002761,0.704858,0.095883,-0.001151
1.420000,-0.427449,0.074179,0.969327,-0.396744,-0.205210,0.027262,0.074397,0.546123,1.015121,-0.601089,0.112443,-0.012827,0.632517,0.215255,0.998888,-0.216147,0.476772,0.001855,-0.379557,-0.354420,1.020478,0.445035,-0.544226,-0.015140,0.162306,-0.390421,1.002737,0.697113,0.102230,-0.001242
1.440000,-0.435313,0.070013,0.969885,-0.389549,-0.211274,0.028546,0.062386,0.548298,1.014860,-0.599959,0.104954,-0.013278,0.628113,0.224739,0.998925,-0.224269,0.471570,0.001787,-0.370588,-0.365204,1.020166,0.451866,-0.534056,-0.016140,0.176167,-0.388313,1.002712,0.688955,0.108583,-0.001329
1.460000,-0.443028,0.065731,0.970468,-0.381880,-0.216923,0.029749,0.050400,0.550320,1.014590,-0.598612,0.097186,-0.013681,0.623546,0.234116,0.998960,-0.232504,0.466104,0.001717,-0.361483,-0.375780,1.019833,0.458588,-0.523441,-0.017085,0.189861,-0.386077,1.002684,0.680386,0.114943,-0.001412
1.480000,-0.450585,0.061339,0.971075,-0.373738,-0.222159,0.030870,0.038443,0.552183,1.014313,-0.597046,0.089138,-0.014036,0.618812,0.243381,0.998993,-0.240853,0.460375,0.001647,-0.352245,-0.386139,1.019483,0.465201,-0.512380,-0.017974,0.203380,-0.383715,1.002655,0.671404,0.121310,-0.001491
1.500000,-0.457974,0.056847,0.971702,-0.365124,-0.226981,0.031909,0.026520,0.553883,1.014029,-0.595263,0.080812,-0.014342,0.613911,0.252529,0.999026,-0.249315,0.454382,0.001575,-0.342876,-0.396272,1.019115,0.471705,-0.500873,-0.018807,0.216715,-0.381225,1.002625,0.662010,0.127684,-0.001565
1.520000,-0.465187,0.052263,0.972350,-0.356049,-0.231375,0.032863,0.014634,0.555414,1.013739,-0.593274,0.072221,-0.014599,0.608839,0.261555,0.999056,-0.257889,0.448142,0.001501,-0.333378,-0.406171,1.018731,0.478087,-0.488945,-0.019583,0.229858,-0.378607,1.002593,0.652213,0.134053,-0.001634
1.540000,-0.472213,0.047595,0.973016,-0.346526,-0.235327,0.033731,0.002790,0.556771,1.013445,-0.591089,0.063380,-0.014807,0.603595,0.270453,0.999086,-0.266574,0.441668,0.001426,-0.323753,-0.415827,1.018332,0.484335,-0.476617,-0.020300,0.242801,-0.375863,1.002559,0.642023,0.140406,-0.001698
1.560000,-0.479045,0.042853,0.973699,-0.336557,-0.238837,0.034511,-0.009008,0.557948,1.013147,-0.588711,0.054288,-0.014967,0.598175,0.279220,0.999113,-0.275369,0.434962,0.001349,-0.314005,-0.425233,1.017919,0.490449,-0.463890,-0.020956,0.255536,-0.372991,1.002525,0.631440,0.146743,-0.001755
1.580000,-0.485672,0.038045,0.974396,-0.326140,-0.241906,0.035204,-0.020757,0.558940,1.012847,-0.586138,0.044946,-0.015078,0.592579,0.287850,0.999139,-0.284275,0.428022,0.001270,-0.304136,-0.434380,1.017494,0.496429,-0.450764,-0.021554,0.268056,-0.369993,1.002489,0.620463,0.153064,-0.001806
1.600000,-0.492087,0.033179,0.975107,-0.315276,-0.244534,0.035811,-0.032452,0.559744,1.012545,-0.583370,0.035353,-0.015141,0.586804,0.296339,0.999164,-0.293292,0.420850,0.001189,-0.294149,-0.443261,1.017057,0.502275,-0.437238,-0.022091,0.280352,-0.366869,1.002453,0.609093,0.159369,-0.001851
1.620000,-0.498281,0.028266,0.975828,-0.303986,-0.246728,0.036331,-0.044091,0.560353,1.012242,-0.580420,0.025531,-0.015156,0.580847,0.304683,0.999187,-0.302409,0.413462,0.001107,-0.284046,-0.451867,1.016611,0.507977,-0.423345,-0.022570,0.292417,-0.363619,1.002415,0.597353,0.165646,-0.001890
1.640000,-0.504244,0.023313,0.976559,-0.292291,-0.248498,0.036766,-0.055668,0.560764,1.011939,-0.577300,0.015502,-0.015126,0.574707,0.312876,0.999208,-0.311614,0.405874,0.001023,-0.273831,-0.460192,1.016155,0.513526,-0.409116,-0.022991,0.304244,-0.360243,1.002377,0.585268,0.171883,-0.001922
1.660000,-0.509969,0.018329,0.977298,-0.280191,-0.249843,0.037116,-0.067181,0.560972,1.011637,-0.574010,0.005266,-0.015050,0.568382,0.320916,0.999228,-0.320908,0.398087,0.000937,-0.263506,-0.468229,1.015691,0.518922,-0.394550,-0.023353,0.315825,-0.356744,1.002338,0.572836,0.178080,-0.001949
1.680000,-0.515449,0.013322,0.978043,-0.267686,-0.250763,0.037381,-0.078627,0.560973,1.011337,-0.570549,-0.005177,-0.014929,0.561870,0.328798,0.999246,-0.330291,0.390099,0.000849,-0.253075,-0.475972,1.015221,0.524165,-0.379648,-0.023658,0.327155,-0.353120,1.002299,0.560058,0.184236,-0.001968
1.700000,-0.520674,0.008301,0.978793,-0.254777,-0.251259,0.037560,-0.090002,0.560763,1.011040,-0.566919,-0.015828,-0.014762,0.555169,0.336519,0.999262,-0.339763,0.381912,0.000760,-0.242541,-0.483413,1.014745,0.529255,-0.364410,-0.023904,0.338225,-0.349374,1.002260,0.546934,0.190352,-0.001982
1.720000,-0.525638,0.003275,0.979545,-0.241494,-0.251360,0.037658,-0.101303,0.560339,1.010747,-0.563123,-0.026670,-0.014553,0.548279,0.344074,0.999276,-0.349303,0.373548,0.000668,-0.231906,-0.490546,1.014265,0.534185,-0.348876,-0.024096,0.349030,-0.345507,1.002220,0.533490,0.196424,-0.001989
1.740000,-0.530332,-0.001751,0.980299,-0.227869,-0.251095,0.037678,-0.112526,0.559695,1.010458,-0.559166,-0.037691,-0.014304,0.541197,0.351460,0.999289,-0.358891,0.365028,0.000575,-0.221174,-0.497366,1.013782,0.538947,-0.333087,-0.024235,0.359563,-0.341518,1.002180,0.519751,0.202448,-0.001989
1.760000,-0.534750,-0.006767,0.981052,-0.213902,-0.250465,0.037619,-0.123669,0.558830,1.010175,-0.555049,-0.048888,-0.014015,0.533923,0.358674,0.999299,-0.368526,0.356353,0.000481,-0.210349,-0.503868,1.013296,0.543542,-0.317043,-0.024321,0.369818,-0.337409,1.002140,0.505718,0.208424,-0.001983
1.780000,-0.538886,-0.011767,0.981803,-0.199593,-0.249470,0.037483,-0.134727,0.557739,1.009898,-0.550772,-0.060263,-0.013686,0.526456,0.365713,0.999308,-0.378209,0.347522,0.000385,-0.199434,-0.510046,1.012809,0.547969,-0.300743,-0.024356,0.379790,-0.333181,1.002101,0.491389,0.214352,-0.001971
1.800000,-0.542731,-0.016743,0.982551,-0.184942,-0.248110,0.037269,-0.145698,0.556418,1.009628,-0.546334,-0.071815,-0.013317,0.518794,0.372574,0.999315,-0.387939,0.338537,0.000288,-0.188432,-0.515896,1.012322,0.552229,-0.284189,-0.024338,0.389472,-0.328835,1.002062,0.476767,0.220231,-0.001952
1.820000,-0.546281,-0.021689,0.983293,-0.169995,-0.246434,0.036983,-0.156579,0.554865,1.009365,-0.541747,-0.083526,-0.012913,0.510938,0.379253,0.999319,-0.397697,0.329431,0.000189,-0.177346,-0.521413,1.011836,0.556317,-0.267428,-0.024272,0.398859,-0.324372,1.002023,0.461891,0.226056,-0.001927
1.840000,-0.549530,-0.026599,0.984029,-0.154799,-0.244493,0.036630,-0.167367,0.553076,1.009111,-0.537023,-0.095375,-0.012477,0.502886,0.385750,0.999322,-0.407462,0.320241,0.000090,-0.166180,-0.526592,1.011352,0.560230,-0.250508,-0.024162,0.407946,-0.319793,1.001985,0.446803,0.231819,-0.001897
1.860000,-0.552472,-0.031467,0.984758,-0.139352,-0.242285,0.036211,-0.178059,0.551049,1.008867,-0.532161,-0.107363,-0.012010,0.494639,0.392063,0.999323,-0.417234,0.310966,-0.000009,-0.154938,-0.531432,1.010870,0.563968,-0.233431,-0.024008,0.416729,-0.315100,1.001947,0.431505,0.237522,-0.001861
1.880000,-0.555102,-0.036288,0.985477,-0.123656,-0.239811,0.035725,-0.188653,0.548781,1.008631,-0.527161,-0.119491,-0.011511,0.486197,0.398188,0.999322,-0.427015,0.301608,-0.000109,-0.143623,-0.535928,1.010392,0.567531,-0.216196,-0.023811,0.425205,-0.310293,1.001910,0.415995,0.243163,-0.001821
1.900000,-0.557416,-0.041058,0.986186,-0.107710,-0.237071,0.035173,-0.199145,0.546268,1.008406,-0.522024,-0.131757,-0.010981,0.477559,0.404126,0.999319,-0.436803,0.292164,-0.000210,-0.132238,-0.540079,1.009918,0.570919,-0.198802,-0.023570,0.433368,-0.305374,1.001874,0.400273,0.248743,-0.001775
1.920000,-0.559409,-0.045770,0.986884,-0.091569,-0.234133,0.034562,-0.209533,0.543510,1.008192,-0.516765,-0.144137,-0.010425,0.468725,0.409875,0.999313,-0.446576,0.282674,-0.000310,-0.120787,-0.543880,1.009449,0.574120,-0.181305,-0.023291,0.441215,-0.300344,1.001839,0.384391,0.254260,-0.001725
1.940000,-0.561078,-0.050422,0.987569,-0.075290,-0.231062,0.033899,-0.219815,0.540502,1.007989,-0.511401,-0.156605,-0.009848,0.459696,0.415433,0.999306,-0.456312,0.273173,-0.000408,-0.109274,-0.547330,1.008987,0.577123,-0.163758,-0.022978,0.448743,-0.295204,1.001805,0.368398,0.259710,-0.001671
1.960000,-0.562420,-0.055012,0.988240,-0.058872,-0.227860,0.033185,-0.229988,0.537245,1.007798,-0.505932,-0.169162,-0.009251,0.450473,0.420802,0.999297,-0.466012,0.263662,-0.000506,-0.097703,-0.550430,1.008530,0.579929,-0.146161,-0.022631,0.455950,-0.289956,1.001772,0.352296,0.265093,-0.001615
1.980000,-0.563432,-0.059536,0.988896,-0.042315,-0.224525,0.032420,-0.240051,0.533735,1.007620,-0.500358,-0.181807,-0.008633,0.441056,0.425980,0.999286,-0.475675,0.254141,-0.000601,-0.086078,-0.553177,1.008081,0.582536,-0.128514,-0.022251,0.462834,-0.284601,1.001741,0.336082,0.270410,-0.001555
2.000000,-0.564111,-0.063992,0.989536,-0.025619,-0.221059,0.031602,-0.250002,0.529972,1.007453,-0.494679,-0.194540,-0.007995,0.431446,0.430967,0.999273,-0.485300,0.244610,-0.000696,-0.074403,-0.555570,1.007641,0.584946,-0.110817,-0.021837,0.469392,-0.279140,1.001710,0.319759,0.275661,-0.001492
2.020000,-0.564456,-0.068378,0.990159,-0.008835,-0.217533,0.030742,-0.259838,0.525953,1.007300,-0.488907,-0.207340,-0.007343,0.421644,0.435764,0.999258,-0.494858,0.235103,-0.000788,-0.062682,-0.557609,1.007208,0.587147,-0.093125,-0.021395,0.475624,-0.273574,1.001681,0.303375,0.280850,-0.001427
2.040000,-0.564465,-0.072693,0.990765,0.007990,-0.214021,0.029846,-0.269558,0.521678,1.007160,-0.483054,-0.220186,-0.006684,0.411652,0.440372,0.999242,-0.504315,0.225657,-0.000876,-0.050919,-0.559295,1.006785,0.589130,-0.075492,-0.020929,0.481527,-0.267906,1.001653,0.286981,0.285984,-0.001362
2.060000,-0.564136,-0.076938,0.991353,0.024854,-0.210523,0.028915,-0.279160,0.517145,1.007033,-0.477122,-0.233079,-0.006018,0.401472,0.444791,0.999223,-0.513671,0.216272,-0.000960,-0.039118,-0.560629,1.006371,0.590893,-0.057919,-0.020441,0.487103,-0.262136,1.001626,0.270576,0.291061,-0.001295
2.080000,-0.563470,-0.081114,0.991922,0.041758,-0.207037,0.027948,-0.288642,0.512355,1.006919,-0.471110,-0.246017,-0.005344,0.391106,0.449023,0.999203,-0.522928,0.206947,-0.001041,-0.027285,-0.561612,1.005967,0.592436,-0.040405,-0.019929,0.492350,-0.256264,1.001601,0.254161,0.296082,-0.001228
2.100000,-0.562466,-0.085220,0.992471,0.058701,-0.203565,0.026946,-0.298003,0.507305,1.006819,-0.465017,-0.259001,-0.004664,0.380556,0.453069,0.999182,-0.532084,0.197682,-0.001118,-0.015422,-0.562246,1.005574,0.593761,-0.022951,-0.019394,0.497269,-0.250293,1.001577,0.237735,0.301046,-0.001161
2.120000,-0.561122,-0.089257,0.992999,0.075640,-0.200179,0.025918,-0.307242,0.501994,1.006732,-0.458859,-0.272003,-0.003984,0.369824,0.456931,0.999158,-0.541105,0.188502,-0.001190,-0.003536,-0.562531,1.005192,0.594856,-0.005606,-0.018840,0.501860,-0.244222,1.001555,0.221344,0.305962,-0.001094
2.140000,-0.559440,-0.093228,0.993507,0.092530,-0.196952,0.024871,-0.316357,0.496424,1.006659,-0.452652,-0.284991,-0.003313,0.358913,0.460610,0.999134,-0.549955,0.179429,-0.001256,0.008370,-0.562471,1.004821,0.595710,0.011578,-0.018273,0.506124,-0.238054,1.001534,0.205033,0.310836,-0.001028
2.160000,-0.557421,-0.097136,0.993994,0.109371,-0.193883,0.023807,-0.325348,0.490595,1.006600,-0.446395,-0.297967,-0.002651,0.347827,0.464109,0.999108,-0.558634,0.170464,-0.001314,0.020291,-0.562069,1.004461,0.596324,0.028601,-0.017691,0.510062,-0.231789,1.001514,0.188802,0.315668,-0.000964
2.180000,-0.555066,-0.100985,0.994460,0.126164,-0.190972,0.022726,-0.334213,0.484506,1.006553,-0.440089,-0.310930,-0.001997,0.336569,0.467429,0.999081,-0.567142,0.161608,-0.001367,0.032222,-0.561328,1.004113,0.596696,0.045463,-0.017097,0.513676,-0.225428,1.001495,0.172652,0.320458,-0.000901
2.200000,-0.552375,-0.104776,0.994903,0.142908,-0.188220,0.021626,-0.342951,0.478158,1.006520,-0.433733,-0.323881,-0.001353,0.325142,0.470574,0.999054,-0.575479,0.152858,-0.001413,0.044157,-0.560252,1.003777,0.596829,0.062165,-0.016488,0.516968,-0.218971,1.001478,0.156582,0.325206,-0.000840
2.220000,-0.549350,-0.108515,0.995325,0.159566,-0.185687,0.020519,-0.351562,0.471551,1.006499,-0.427332,-0.336799,-0.000724,0.313551,0.473544,0.999025,-0.583612,0.144226,-0.001451,0.056093,-0.558843,1.003454,0.596716,0.078663,-0.015870,0.519940,-0.212420,1.001461,0.140630,0.329923,-0.000780
2.240000,-0.545993,-0.112206,0.995724,0.176099,-0.183431,0.019413,-0.360044,0.464686,1.006491,-0.420893,-0.349667,-0.000120,0.301799,0.476344,0.998996,-0.591510,0.135720,-0.001480,0.068024,-0.557107,1.003142,0.596353,0.094912,-0.015247,0.522595,-0.205774,1.001446,0.124835,0.334617,-0.000724
2.260000,-0.542307,-0.115854,0.996101,0.192508,-0.181454,0.018308,-0.368397,0.457565,1.006494,-0.414414,-0.362483,0.000461,0.289892,0.478974,0.998966,-0.599172,0.127340,-0.001500,0.079946,-0.555048,1.002844,0.595740,0.110914,-0.014619,0.524935,-0.199035,1.001432,0.109197,0.339290,-0.000670
2.280000,-0.538294,-0.119466,0.996456,0.208793,-0.179755,0.017205,-0.376621,0.450187,1.006509,-0.407895,-0.375248,0.001019,0.277834,0.481438,0.998936,-0.606597,0.119086,-0.001512,0.091852,-0.552672,1.002558,0.594878,0.126669,-0.013986,0.526963,-0.192203,1.001420,0.093715,0.343942,-0.000619
2.300000,-0.533956,-0.123046,0.996789,0.224953,-0.178334,0.016103,-0.384713,0.442555,1.006535,-0.401338,-0.387962,0.001552,0.265630,0.483738,0.998905,-0.613787,0.110958,-0.001515,0.103739,-0.549983,1.002284,0.593765,0.142175,-0.013348,0.528684,-0.185278,1.001408,0.078391,0.348572,-0.000570
2.320000,-0.529297,-0.126601,0.997100,0.240961,-0.177222,0.015012,-0.392674,0.434669,1.006571,-0.394743,-0.400608,0.002057,0.253284,0.485877,0.998875,-0.620717,0.102953,-0.001509,0.115601,-0.546987,1.002024,0.592405,0.157399,-0.012708,0.530100,-0.178260,1.001397,0.063244,0.353195,-0.000525
2.340000,-0.524319,-0.130137,0.997390,0.256791,-0.176450,0.013941,-0.400502,0.426531,1.006617,-0.388111,-0.413169,0.002528,0.240803,0.487857,0.998845,-0.627365,0.095071,-0.001492,0.127434,-0.543689,1.001776,0.590797,0.172305,-0.012072,0.531215,-0.171150,1.001387,0.048296,0.357825,-0.000482
2.360000,-0.519026,-0.133661,0.997658,0.272442,-0.176018,0.012890,-0.408198,0.418143,1.006672,-0.381442,-0.425647,0.002965,0.228191,0.489681,0.998816,-0.633730,0.087310,-0.001466,0.139231,-0.540097,1.001541,0.588943,0.186893,-0.011438,0.532033,-0.163947,1.001377,0.033547,0.362462,-0.000442
2.380000,-0.513422,-0.137180,0.997906,0.287914,-0.175926,0.011858,-0.415760,0.409506,1.006735,-0.374737,-0.438039,0.003368,0.215455,0.491350,0.998787,-0.639813,0.079671,-0.001431,0.150990,-0.536216,1.001319,0.586842,0.201164,-0.010807,0.532559,-0.156651,1.001369,0.018998,0.367107,-0.000405
2.400000,-0.507511,-0.140701,0.998133,0.303208,-0.176174,0.010846,-0.423187,0.400622,1.006806,-0.367996,-0.450348,0.003737,0.202601,0.492868,0.998758,-0.645613,0.072153,-0.001386,0.162703,-0.532052,1.001109,0.584493,0.215118,-0.010178,0.532795,-0.149263,1.001361,0.004647,0.371759,-0.000371
2.420000,-0.501295,-0.144229,0.998340,0.318301,-0.176762,0.009861,-0.430479,0.391493,1.006884,-0.361213,-0.462546,0.004071,0.189633,0.494237,0.998731,-0.651118,0.064748,-0.001331,0.174368,-0.527613,1.000911,0.581909,0.228736,-0.009556,0.532746,-0.141781,1.001354,-0.009491,0.376426,-0.000340
2.440000,-0.494780,-0.147773,0.998527,0.333173,-0.177690,0.008910,-0.437636,0.382121,1.006969,-0.354385,-0.474609,0.004367,0.176558,0.495459,0.998705,-0.656316,0.057445,-0.001268,0.185978,-0.522905,1.000726,0.579100,0.242001,-0.008943,0.532417,-0.134206,1.001348,-0.023406,0.381114,-0.000311
2.460000,-0.487970,-0.151339,0.998696,0.347823,-0.178959,0.007992,-0.444655,0.372509,1.007059,-0.347511,-0.486536,0.004625,0.163382,0.496536,0.998681,-0.661206,0.050244,-0.001196,0.197530,-0.517936,1.000554,0.576066,0.254912,-0.008340,0.531811,-0.126536,1.001342,-0.037097,0.385823,-0.000285
2.480000,-0.480869,-0.154934,0.998847,0.362252,-0.180568,0.007107,-0.451536,0.362660,1.007154,-0.340591,-0.498328,0.004846,0.150112,0.497469,0.998657,-0.665789,0.043145,-0.001115,0.209019,-0.512711,1.000393,0.572806,0.267471,-0.007745,0.530934,-0.118773,1.001336,-0.050564,0.390554,-0.000261
2.500000,-0.473481,-0.158564,0.998981,0.376460,-0.182516,0.006256,-0.458278,0.352577,1.007252,-0.333626,-0.509984,0.005029,0.136753,0.498262,0.998636,-0.670065,0.036148,-0.001026,0.220441,-0.507239,1.000244,0.569321,0.279676,-0.007161,0.529790,-0.110914,1.001331,-0.063807,0.395305,-0.000240
2.520000,-0.465812,-0.162237,0.999098,0.390430,-0.184779,0.005442,-0.464880,0.342262,1.007355,-0.326605,-0.521470,0.005175,0.123311,0.498916,0.998616,-0.674034,0.029240,-0.000929,0.231791,-0.501526,1.000106,0.565636,0.291531,-0.006588,0.528383,-0.102960,1.001327,-0.076820,0.400076,-0.000221
2.540000,-0.457866,-0.165957,0.999199,0.404146,-0.187328,0.004669,-0.471342,0.331720,1.007459,-0.319515,-0.532751,0.005286,0.109793,0.499432,0.998599,-0.677694,0.022408,-0.000827,0.243065,-0.495580,0.999980,0.561778,0.303036,-0.006031,0.526719,-0.094911,1.001322,-0.089598,0.404865,-0.000205
2.560000,-0.449648,-0.169732,0.999285,0.417610,-0.190165,0.003936,-0.477660,0.320954,1.007566,-0.312357,-0.543828,0.005360,0.096206,0.499813,0.998583,-0.681048,0.015652,-0.000719,0.254261,-0.489407,0.999865,0.557747,0.314192,-0.005489,0.524801,-0.086766,1.001318,-0.102141,0.409671,-0.000190
2.580000,-0.441163,-0.173566,0.999356,0.430820,-0.193289,0.003243,-0.483835,0.309968,1.007673,-0.305132,-0.554700,0.005399,0.082554,0.500059,0.998570,-0.684093,0.008971,-0.000605,0.265374,-0.483015,0.999760,0.553542,0.324999,-0.004962,0.522635,-0.078524,1.001315,-0.114448,0.414494,-0.000178
2.600000,-0.432417,-0.177465,0.999415,0.443776,-0.196699,0.002590,-0.489865,0.298767,1.007781,-0.297838,-0.565367,0.005402,0.068844,0.500172,0.998559,-0.686831,0.002365,-0.000486,0.276401,-0.476410,0.999666,0.549163,0.335457,-0.004450,0.520225,-0.070186,1.001311,-0.126520,0.419334,-0.000168
2.620000,-0.423414,-0.181435,0.999460,0.456466,-0.200354,0.001979,-0.495748,0.287355,1.007889,-0.290457,-0.575788,0.005373,0.055082,0.500154,0.998551,-0.689274,-0.004179,-0.000363,0.287340,-0.469599,0.999582,0.544640,0.345584,-0.003956,0.517576,-0.061751,1.001308,-0.138354,0.424181,-0.000159
2.640000,-0.414160,-0.185481,0.999494,0.468876,-0.204209,0.001408,-0.501483,0.275737,1.007996,-0.282969,-0.585921,0.005313,0.041275,0.500005,0.998545,-0.691436,-0.010675,-0.000239,0.298186,-0.462588,0.999508,0.540002,0.355399,-0.003480,0.514692,-0.053218,1.001305,-0.149951,0.429023,-0.000153
2.660000,-0.404661,-0.189605,0.999517,0.481005,-0.208264,0.000878,-0.507066,0.263920,1.008102,-0.275374,-0.595767,0.005224,0.027427,0.499727,0.998541,-0.693316,-0.017123,-0.000114,0.308939,-0.455385,0.999443,0.535251,0.364902,-0.003023,0.511579,-0.044590,1.001302,-0.161309,0.433861,-0.000148
2.680000,-0.394922,-0.193813,0.999530,0.492855,-0.212519,0.000390,-0.512497,0.251909,1.008205,-0.267672,-0.605326,0.005105,0.013544,0.499321,0.998540,-0.694916,-0.023523,0.000012,0.319596,-0.447994,0.999387,0.530384,0.374093,-0.002584,0.508241,-0.035864,1.001299,-0.172429,0.438694,-0.000145
2.700000,-0.384948,-0.198107,0.999533,0.504424,-0.216975,-0.000058,-0.517773,0.239709,1.008306,-0.259862,-0.614598,0.004956,-0.000368,0.498787,0.998542,-0.696234,-0.029875,0.000140,0.330154,-0.440423,0.999339,0.525404,0.382972,-0.002165,0.504684,-0.027042,1.001296,-0.183310,0.443523,-0.000144
2.720000,-0.374747,-0.202493,0.999527,0.515698,-0.221580,-0.000466,-0.522891,0.227327,1.008403,-0.251938,-0.623536,0.004781,-0.014304,0.498126,0.998546,-0.697281,-0.036189,0.000267,0.340611,-0.432677,0.999300,0.520332,0.391564,-0.001765,0.500911,-0.018123,1.001293,-0.193954,0.448328,-0.000145
2.740000,-0.364322,-0.206971,0.999514,0.526662,-0.226282,-0.000838,-0.527849,0.214770,1.008497,-0.243889,-0.632097,0.004584,-0.028257,0.497339,0.998552,-0.698069,-0.042472,0.000390,0.350966,-0.424762,0.999269,0.515192,0.399896,-0.001386,0.496927,-0.009109,1.001290,-0.204359,0.453092,-0.000147
2.760000,-0.353682,-0.211545,0.999494,0.537314,-0.231082,-0.001172,-0.532646,0.202046,1.008586,-0.235716,-0.640279,0.004365,-0.042225,0.496427,0.998561,-0.698597,-0.048725,0.000511,0.361218,-0.416683,0.999245,0.509984,0.407968,-0.001027,0.492738,0.000000,1.001287,-0.214528,0.457812,-0.000151
2.780000,-0.342832,-0.216215,0.999468,0.547656,-0.235980,-0.001469,-0.537277,0.189161,1.008671,-0.227419,-0.648082,0.004123,-0.056200,0.495390,0.998573,-0.698866,-0.054948,0.000629,0.371365,-0.408445,0.999228,0.504707,0.415779,-0.000688,0.488347,0.009203,1.001284,-0.224458,0.462491,-0.000156
2.800000,-0.331778,-0.220984,0.999436,0.557687,-0.240975,-0.001729,-0.541741,0.176125,1.008751,-0.218999,-0.655508,0.003859,-0.070177,0.494230,0.998587,-0.698876,-0.061141,0.000744,0.381406,-0.400054,0.999217,0.499363,0.423331,-0.000370,0.483761,0.018499,1.001281,-0.234151,0.467127,-0.000162
2.820000,-0.320527,-0.225854,0.999399,0.567388,-0.246016,-0.001955,-0.546036,0.162944,1.008825,-0.210458,-0.662512,0.003577,-0.084153,0.492945,0.998603,-0.698633,-0.067307,0.000855,0.391339,-0.391514,0.999213,0.493963,0.430649,-0.000073,0.478983,0.027888,1.001278,-0.243608,0.471693,-0.000171
2.840000,-0.309085,-0.230825,0.999358,0.576738,-0.251050,-0.002151,-0.550159,0.149627,1.008894,-0.201801,-0.669054,0.003280,-0.098121,0.491537,0.998621,-0.698144,-0.073447,0.000960,0.401164,-0.382829,0.999214,0.488523,0.437763,0.000204,0.474018,0.037367,1.001274,-0.252829,0.476162,-0.000180
2.860000,-0.297459,-0.235896,0.999313,0.585737,-0.256078,-0.002316,-0.554108,0.136185,1.008956,-0.193028,-0.675133,0.002969,-0.112077,0.490007,0.998641,-0.697409,-0.079562,0.001059,0.410880,-0.374005,0.999221,0.483042,0.444671,0.000461,0.468871,0.046934,1.001270,-0.261815,0.480534,-0.000191
2.880000,-0.285658,-0.241068,0.999265,0.594385,-0.261100,-0.002451,-0.557879,0.122625,1.009013,-0.184138,-0.680749,0.002643,-0.126016,0.488355,0.998663,-0.696429,-0.085652,0.001152,0.420486,-0.365044,0.999232,0.477519,0.451374,0.000698,0.463547,0.056587,1.001267,-0.270565,0.484808,-0.000203
2.900000,-0.273686,-0.246340,0.999215,0.602683,-0.266115,-0.002556,-0.561472,0.108958,1.009062,-0.175133,-0.685901,0.002302,-0.139933,0.486581,0.998687,-0.695203,-0.091717,0.001240,0.429981,-0.355951,0.999248,0.471955,0.457872,0.000914,0.458050,0.066325,1.001262,-0.279080,0.488985,-0.000216
2.920000,-0.261553,-0.251712,0.999163,0.610602,-0.271072,-0.002634,-0.564884,0.095192,1.009105,-0.166028,-0.690562,0.001950,-0.153822,0.484687,0.998713,-0.693731,-0.097754,0.001321,0.439364,-0.346730,0.999269,0.466355,0.464189,0.001111,0.452386,0.076146,1.001258,-0.287360,0.493028,-0.000231
2.940000,-0.249265,-0.257182,0.999110,0.618113,-0.275918,-0.002690,-0.568113,0.081339,1.009140,-0.156841,-0.694699,0.001591,-0.167680,0.482671,0.998740,-0.692012,-0.103758,0.001396,0.448635,-0.337384,0.999293,0.460723,0.470348,0.001290,0.446558,0.086045,1.001253,-0.295408,0.496902,-0.000247
2.960000,-0.236831,-0.262748,0.999056,0.625218,-0.280655,-0.002723,-0.571157,0.067408,1.009168,-0.147572,-0.698314,0.001224,-0.181501,0.480536,0.998768,-0.690047,-0.109731,0.001463,0.457792,-0.327917,0.999320,0.455060,0.476351,0.001451,0.440571,0.096021,1.001248,-0.303221,0.500605,-0.000264
2.980000,-0.224259,-0.268408,0.999001,0.631916,-0.285281,-0.002734,-0.574015,0.053410,1.009189,-0.138221,-0.701406,0.000850,-0.195280,0.478282,0.998798,-0.687834,-0.115671,0.001523,0.466837,-0.318331,0.999351,0.449364,0.482196,0.001593,0.434430,0.106068,1.001243,-0.310802,0.504138,-0.000282
3.000000,-0.211557,-0.274159,0.998947,0.638207,-0.289796,-0.002722,-0.576685,0.039355,1.009202,-0.128787,-0.703975,0.000468,-0.209013,0.475910,0.998829,-0.685375,-0.121579,0.001576,0.475767,-0.308630,0.999384,0.443636,0.487884,0.001717,0.428140,0.116185,1.001237,-0.318149,0.507502,-0.000301
3.020000,-0.198734,-0.279999,0.998892,0.644074,-0.294143,-0.002691,-0.579166,0.025254,1.009208,-0.119280,-0.706020,0.000083,-0.222694,0.473420,0.998861,-0.682660,-0.127448,0.001623,0.484582,-0.298817,0.999419,0.437866,0.493425,0.001824,0.421706,0.126367,1.001231,-0.325275,0.510651,-0.000321
3.040000,-0.185797,-0.285923,0.998839,0.649501,-0.298263,-0.002646,-0.581456,0.011118,1.009206,-0.109706,-0.707540,-0.000301,-0.236318,0.470812,0.998894,-0.679681,-0.133270,0.001663,0.493281,-0.288894,0.999457,0.432041,0.498833,0.001917,0.415131,0.136609,1.001224,-0.332192,0.513544,-0.000342
3.060000,-0.172756,-0.291928,0.998787,0.654487,-0.302155,-0.002586,-0.583554,-0.003044,1.009196,-0.100067,-0.708534,-0.000683,-0.249879,0.468089,0.998928,-0.676437,-0.139046,0.001696,0.501863,-0.278865,0.999496,0.426162,0.504105,0.001995,0.408419,0.146907,1.001217,-0.338901,0.516179,-0.000363
3.080000,-0.159621,-0.298008,0.998736,0.659033,-0.305820,-0.002511,-0.585458,-0.017220,1.009178,-0.090362,-0.709002,-0.001065,-0.263373,0.465251,0.998962,-0.672928,-0.144775,0.001724,0.510327,-0.268731,0.999536,0.420230,0.509243,0.002059,0.401576,0.157255,1.001209,-0.345401,0.518557,-0.000385
3.100000,-0.146398,-0.304159,0.998686,0.663138,-0.309258,-0.002421,-0.587168,-0.031400,1.009153,-0.080591,-0.708944,-0.001445,-0.276795,0.462298,0.998997,-0.669156,-0.150457,0.001745,0.518672,-0.258496,0.999578,0.414242,0.514246,0.002108,0.394605,0.167648,1.001201,-0.351692,0.520677,-0.000407
3.120000,-0.133098,-0.310376,0.998639,0.666800,-0.312415,-0.002320,-0.588682,-0.045574,1.009120,-0.070760,-0.708371,-0.001820,-0.290138,0.459233,0.999032,-0.665110,-0.156084,0.001761,0.526896,-0.248162,0.999621,0.408170,0.519103,0.002144,0.387510,0.178080,1.001193,-0.357784,0.522494,-0.000430
3.140000,-0.119729,-0.316653,0.998594,0.670015,-0.315235,-0.002211,-0.589998,-0.059732,1.009080,-0.060874,-0.707290,-0.002186,-0.303397,0.456055,0.999067,-0.660784,-0.161647,0.001773,0.534998,-0.237733,0.999664,0.401980,0.523804,0.002169,0.380295,0.188545,1.001184,-0.363686,0.523960,-0.000452
3.160000,-0.106300,-0.322983,0.998550,0.672783,-0.317720,-0.002093,-0.591116,-0.073863,1.009033,-0.050932,-0.705701,-0.002545,-0.316567,0.452767,0.999103,-0.656177,-0.167146,0.001781,0.542975,-0.227211,0.999707,0.395674,0.528348,0.002183,0.372964,0.199036,1.001175,-0.369397,0.525075,-0.000474
3.180000,-0.092821,-0.329360,0.998510,0.675104,-0.319868,-0.001967,-0.592035,-0.087956,1.008979,-0.040935,-0.703606,-0.002894,-0.329642,0.449370,0.999138,-0.651289,-0.172581,0.001785,0.550824,-0.216600,0.999751,0.389251,0.532735,0.002187,0.365520,0.209546,1.001165,-0.374919,0.525840,-0.000496
3.200000,-0.079299,-0.335776,0.998472,0.676978,-0.321681,-0.001833,-0.592753,-0.102003,1.008917,-0.030883,-0.701003,-0.003236,-0.342617,0.445865,0.999174,-0.646121,-0.177953,0.001785,0.558544,-0.205903,0.999795,0.382711,0.536966,0.002179,0.357968,0.220067,1.001155,-0.380250,0.526253,-0.000518
3.220000,-0.065745,-0.342224,0.998437,0.678418,-0.323118,-0.001693,-0.593270,-0.115993,1.008849,-0.020775,-0.697906,-0.003566,-0.355485,0.442252,0.999210,-0.640648,-0.183261,0.001783,0.566132,-0.195122,0.999838,0.376018,0.541022,0.002163,0.350311,0.230593,1.001145,-0.385408,0.526283,-0.000539
3.240000,-0.052165,-0.348698,0.998404,0.679434,-0.324138,-0.001550,-0.593584,-0.129916,1.008775,-0.010609,-0.694326,-0.003882,-0.368241,0.438535,0.999245,-0.634846,-0.188505,0.001779,0.573584,-0.184263,0.999881,0.369136,0.544884,0.002140,0.342553,0.241116,1.001134,-0.390407,0.525894,-0.000558
3.260000,-0.038570,-0.355187,0.998375,0.680029,-0.324743,-0.001405,-0.593694,-0.143763,1.008694,-0.000386,-0.690264,-0.004185,-0.380877,0.434713,0.999281,-0.628715,-0.193686,0.001773,0.580896,-0.173328,0.999924,0.362067,0.548552,0.002111,0.334696,0.251626,1.001122,-0.395247,0.525087,-0.000576
3.280000,-0.024967,-0.361685,0.998348,0.680200,-0.324932,-0.001256,-0.593599,-0.157524,1.008607,0.009894,-0.685720,-0.004474,-0.393387,0.430788,0.999316,-0.622257,-0.198803,0.001767,0.588065,-0.162322,0.999966,0.354808,0.552027,0.002076,0.326744,0.262116,1.001111,-0.399929,0.523862,-0.000593
3.300000,-0.011365,-0.368182,0.998324,0.679949,-0.324704,-0.001104,-0.593298,-0.171189,1.008515,0.020231,-0.680693,-0.004749,-0.405765,0.426761,0.999351,-0.615469,-0.203856,0.001758,0.595087,-0.151249,1.000007,0.347362,0.555308,0.002034,0.318700,0.272578,1.001099,-0.404452,0.522219,-0.000608
3.320000,0.002228,-0.374670,0.998304,0.679301,-0.324039,-0.000952,-0.592789,-0.184748,1.008418,0.030624,-0.675202,-0.005009,-0.418003,0.422634,0.999386,-0.608333,-0.208853,0.001750,0.601958,-0.140111,1.000047,0.339679,0.558366,0.001988,0.310567,0.283002,1.001086,-0.408827,0.520130,-0.000621
3.340000,0.015805,-0.381140,0.998286,0.678284,-0.322913,-0.000800,-0.592072,-0.198194,1.008315,0.041071,-0.669266,-0.005251,-0.430096,0.418407,0.999421,-0.600828,-0.213799,0.001741,0.608672,-0.128916,1.000086,0.331713,0.561174,0.001940,0.302348,0.293380,1.001074,-0.413063,0.517568,-0.000631
3.360000,0.029357,-0.387583,0.998272,0.676895,-0.321327,-0.000649,-0.591146,-0.211516,1.008208,0.051572,-0.662886,-0.005476,-0.442034,0.414082,0.999456,-0.592953,-0.218695,0.001734,0.615224,-0.117666,1.000124,0.323465,0.563731,0.001890,0.294045,0.303702,1.001061,-0.417160,0.514533,-0.000638
3.380000,0.042878,-0.393990,0.998260,0.675137,-0.319280,-0.000499,-0.590009,-0.224706,1.008096,0.062126,-0.656060,-0.005684,-0.453811,0.409660,0.999491,-0.584710,-0.223540,0.001727,0.621609,-0.106368,1.000162,0.314933,0.566037,0.001838,0.285662,0.313958,1.001048,-0.421118,0.511025,-0.000641
3.400000,0.056360,-0.400352,0.998252,0.673008,-0.316773,-0.000351,-0.588661,-0.237756,1.007980,0.072734,-0.648789,-0.005875,-0.465420,0.405141,0.999525,-0.576097,-0.228336,0.001720,0.627820,-0.095026,1.000198,0.306118,0.568092,0.001784,0.277202,0.324140,1.001035,-0.424937,0.507043,-0.000642
3.420000,0.069796,-0.406658,0.998246,0.670526,-0.313782,-0.000205,-0.587100,-0.250655,1.007861,0.083388,-0.641106,-0.006047,-0.476853,0.400526,0.999560,-0.567104,-0.233089,0.001715,0.633852,-0.083646,1.000233,0.296987,0.569875,0.001729,0.268666,0.334236,1.001023,-0.428624,0.502559,-0.000640
3.440000,0.083179,-0.412899,0.998244,0.667708,-0.310282,-0.000063,-0.585325,-0.263397,1.007739,0.094082,-0.633043,-0.006202,-0.488102,0.395817,0.999594,-0.557719,-0.237811,0.001711,0.639697,-0.072233,1.000267,0.287507,0.571363,0.001676,0.260057,0.344238,1.001010,-0.432186,0.497540,-0.000633
3.460000,0.096502,-0.419066,0.998244,0.664555,-0.306275,0.000075,-0.583336,-0.275974,1.007613,0.104814,-0.624602,-0.006337,-0.499159,0.391014,0.999628,-0.547942,-0.242499,0.001710,0.645349,-0.060794,1.000300,0.277677,0.572556,0.001624,0.251379,0.354135,1.000997,-0.435624,0.491987,-0.000623
3.480000,0.109759,-0.425147,0.998247,0.661065,-0.301760,0.000208,-0.581132,-0.288379,1.007485,0.115585,-0.615781,-0.006453,-0.510017,0.386118,0.999662,-0.537773,-0.247156,0.001710,0.650802,-0.049333,1.000332,0.267497,0.573455,0.001572,0.242633,0.363914,1.000985,-0.438937,0.485899,-0.000609
3.500000,0.122943,-0.431133,0.998252,0.657240,-0.296737,0.000337,-0.578712,-0.300603,1.007355,0.126395,-0.606581,-0.006551,-0.520667,0.381128,0.999696,-0.527212,-0.251779,0.001713,0.656047,-0.037857,1.000363,0.256968,0.574059,0.001522,0.233822,0.373567,1.000973,-0.442125,0.479278,-0.000590
3.520000,0.136046,-0.437013,0.998260,0.653085,-0.291187,0.000460,-0.576076,-0.312640,1.007223,0.137232,-0.597046,-0.006631,-0.531103,0.376047,0.999731,-0.516258,-0.256377,0.001717,0.661078,-0.026373,1.000393,0.246074,0.574356,0.001474,0.224949,0.383082,1.000961,-0.445193,0.472089,-0.000568
3.540000,0.149064,-0.442777,0.998270,0.648606,-0.285088,0.000576,-0.573223,-0.324483,1.007090,0.148084,-0.587223,-0.006692,-0.541315,0.370873,0.999765,-0.504911,-0.260957,0.001724,0.665887,-0.014885,1.000422,0.234800,0.574333,0.001429,0.216015,0.392447,1.000950,-0.448146,0.464302,-0.000542
3.560000,0.161988,-0.448413,0.998283,0.643804,-0.278442,0.000685,-0.570153,-0.336127,1.006956,0.158951,-0.577110,-0.006734,-0.551296,0.365609,0.999800,-0.493172,-0.265518,0.001733,0.670468,-0.003402,1.000450,0.223144,0.573992,0.001387,0.207024,0.401650,1.000940,-0.450984,0.455916,-0.000511
3.580000,0.174814,-0.453911,0.998298,0.638679,-0.271249,0.000787,-0.566865,-0.347565,1.006821,0.169833,-0.566708,-0.006758,-0.561039,0.360253,0.999834,-0.481041,-0.270061,0.001745,0.674811,0.008072,1.000478,0.211108,0.573331,0.001348,0.197977,0.410679,1.000930,-0.453707,0.446931,-0.000477
3.600000,0.187533,-0.459259,0.998314,0.633230,-0.263508,0.000882,-0.563359,-0.358793,1.006686,0.180730,-0.556017,-0.006764,-0.570535,0.354806,0.999869,-0.468517,-0.274585,0.001758,0.678909,0.019530,1.000504,0.198690,0.572352,0.001312,0.188877,0.419523,1.000921,-0.456314,0.437347,-0.000438
3.620000,0.200141,-0.464447,0.998333,0.627462,-0.255214,0.000969,-0.559636,-0.369804,1.006550,0.191646,-0.545071,-0.006753,-0.579777,0.349269,0.999905,-0.455614,-0.279094,0.001775,0.682756,0.030964,1.000530,0.185897,0.571051,0.001280,0.179725,0.428169,1.000912,-0.458813,0.427155,-0.000396
3.640000,0.212630,-0.469464,0.998353,0.621379,-0.246362,0.001046,-0.555693,-0.380594,1.006416,0.202584,-0.533901,-0.006724,-0.588758,0.343643,0.999940,-0.442349,-0.283592,0.001793,0.686343,0.042369,1.000555,0.172732,0.569428,0.001252,0.170525,0.436605,1.000905,-0.461211,0.416343,-0.000350
3.660000,0.224994,-0.474298,0.998375,0.614981,-0.236951,0.001115,-0.551532,-0.391159,1.006282,0.213543,-0.522509,-0.006679,-0.597469,0.337926,0.999977,-0.428720,-0.288078,0.001813,0.689663,0.053739,1.000580,0.159195,0.567482,0.001227,0.161277,0.444819,1.000898,-0.463506,0.404912,-0.000300
3.680000,0.237227,-0.478938,0.998398,0.608268,-0.226982,0.001174,-0.547151,-0.401493,1.006149,0.224524,-0.510895,-0.006617,-0.605904,0.332119,1.000013,-0.414727,-0.292553,0.001836,0.692708,0.065067,1.000604,0.145287,0.565214,0.001206,0.151985,0.452797,1.000893,-0.465700,0.392862,-0.000247
3.700000,0.249322,-0.483374,0.998422,0.601240,-0.216455,0.001224,-0.542551,-0.411593,1.006017,0.235527,-0.499057,-0.006539,-0.614055,0.326224,1.000050,-0.400371,-0.297017,0.001861,0.695472,0.076346,1.000628,0.131007,0.562623,0.001189,0.142650,0.460529,1.000889,-0.467792,0.380194,-0.000190
3.720000,0.261274,-0.487593,0.998447,0.593904,-0.205378,0.001265,-0.537730,-0.421454,1.005887,0.246563,-0.487019,-0.006445,-0.621917,0.320239,1.000087,-0.385682,-0.301470,0.001887,0.697946,0.087569,1.000652,0.116378,0.559717,0.001177,0.133274,0.468001,1.000885,-0.469792,0.366924,-0.000130
3.740000,0.273077,-0.491585,0.998472,0.586268,-0.193761,0.001296,-0.532688,-0.431073,1.005759,0.257641,-0.474803,-0.006337,-0.629481,0.314165,1.000125,-0.370690,-0.305915,0.001915,0.700125,0.098732,1.000676,0.101424,0.556502,0.001168,0.123859,0.475202,1.000883,-0.471709,0.353072,-0.000066
3.760000,0.284723,-0.495340,0.998498,0.578331,-0.181604,0.001316,-0.527424,-0.440445,1.005634,0.268762,-0.462408,-0.006216,-0.636742,0.308002,1.000164,-0.355395,-0.310351,0.001945,0.702001,0.109827,1.000699,0.086145,0.552979,0.001163,0.114406,0.482120,1.000883,-0.473543,0.338636,-0.000001
3.780000,0.296208,-0.498846,0.998525,0.570095,-0.168906,0.001326,-0.521937,-0.449568,1.005511,0.279925,-0.449835,-0.006080,-0.643695,0.301751,1.000203,-0.339797,-0.314778,0.001975,0.703568,0.120849,1.000722,0.070540,0.549148,0.001161,0.104918,0.488744,1.000883,-0.475295,0.323617,0.000068
3.800000,0.307525,-0.502092,0.998551,0.561557,-0.155667,0.001326,-0.516227,-0.458437,1.005391,0.291132,-0.437083,-0.005931,-0.650332,0.295411,1.000243,-0.323896,-0.319197,0.002008,0.704820,0.131791,1.000745,0.054610,0.545008,0.001164,0.095395,0.495061,1.000885,-0.476964,0.308014,0.000140
3.820000,0.318668,-0.505069,0.998578,0.552737,-0.141916,0.001316,-0.510292,-0.467050,1.005274,0.302394,-0.424168,-0.005770,-0.656649,0.288983,1.000284,-0.307738,-0.323606,0.002041,0.705751,0.142648,1.000769,0.038395,0.540577,0.001171,0.085840,0.501061,1.000889,-0.478563,0.291876,0.000213
3.840000,0.329633,-0.507766,0.998604,0.543650,-0.127680,0.001296,-0.504131,-0.475403,1.005160,0.313725,-0.411104,-0.005598,-0.662640,0.282467,1.000325,-0.291372,-0.328005,0.002074,0.706354,0.153413,1.000792,0.021935,0.535870,0.001180,0.076253,0.506733,1.000894,-0.480108,0.275248,0.000288
3.860000,0.340413,-0.510173,0.998630,0.534297,-0.112960,0.001266,-0.497742,-0.483493,1.005050,0.325126,-0.397892,-0.005417,-0.668302,0.275863,1.000367,-0.274796,-0.332395,0.002107,0.706626,0.164081,1.000816,0.005231,0.530889,0.001193,0.066636,0.512067,1.000900,-0.481596,0.258131,0.000365
3.880000,0.351003,-0.512281,0.998654,0.524677,-0.097754,0.001226,-0.491125,-0.491318,1.004943,0.336595,-0.384531,-0.005226,-0.673631,0.269171,1.000409,-0.258012,-0.336775,0.002141,0.706562,0.174646,1.000840,-0.011718,0.525633,0.001209,0.056989,0.517055,1.000909,-0.483029,0.240524,0.000443
3.900000,0.361398,-0.514080,0.998678,0.514792,-0.082063,0.001176,-0.484278,-0.498874,1.004841,0.348134,-0.371022,-0.005025,-0.678621,0.262392,1.000452,-0.241018,-0.341145,0.002174,0.706156,0.185104,1.000864,-0.028911,0.520102,0.001229,0.047315,0.521685,1.000918,-0.484406,0.222428,0.000523
3.920000,0.371593,-0.515561,0.998701,0.504671,-0.065939,0.001117,-0.477199,-0.506158,1.004742,0.359745,-0.357394,-0.004817,-0.683270,0.255526,1.000496,-0.223878,-0.345503,0.002208,0.705404,0.195449,1.000889,-0.046294,0.514322,0.001251,0.037613,0.525949,1.000929,-0.485736,0.203912,0.000603
3.940000,0.381583,-0.516715,0.998723,0.494345,-0.049430,0.001049,-0.469888,-0.513169,1.004648,0.371432,-0.343676,-0.004605,-0.687576,0.248572,1.000540,-0.206653,-0.349845,0.002239,0.704303,0.205676,1.000914,-0.063811,0.508319,0.001275,0.027886,0.529839,1.000942,-0.487026,0.185045,0.000683
3.960000,0.391365,-0.517535,0.998743,0.483813,-0.032538,0.000972,-0.462342,-0.519904,1.004558,0.383195,-0.329869,-0.004388,-0.691536,0.241532,1.000586,-0.189345,-0.354172,0.002269,0.702851,0.215780,1.000940,-0.081462,0.502091,0.001301,0.018133,0.533348,1.000957,-0.488277,0.165829,0.000763
3.980000,0.400934,-0.518014,0.998762,0.473077,-0.015262,0.000886,-0.454559,-0.526363,1.004473,0.395035,-0.315972,-0.004166,-0.695149,0.234405,1.000631,-0.171953,-0.358484,0.002298,0.701044,0.225758,1.000966,-0.099249,0.495640,0.001329,0.008355,0.536470,1.000973,-0.489488,0.146262,0.000843
4.000000,0.410287,-0.518143,0.998779,0.462135,0.002397,0.000792,-0.446540,-0.532543,1.004392,0.406950,-0.301985,-0.003941,-0.698413,0.227193,1.000677,-0.154476,-0.362781,0.002325,0.698880,0.235604,1.000993,-0.117169,0.488965,0.001360,-0.001447,0.539197,1.000991,-0.490660,0.126345,0.000922
4.020000,0.419419,-0.517916,0.998794,0.451028,0.020371,0.000690,-0.438281,-0.538442,1.004315,0.418929,-0.287947,-0.003714,-0.701328,0.219894,1.000724,-0.136978,-0.367059,0.002350,0.696357,0.245315,1.001021,-0.135161,0.482100,0.001392,-0.011271,0.541522,1.001010,-0.491793,0.106165,0.001001
4.040000,0.428327,-0.517327,0.998806,0.439794,0.038592,0.000581,-0.429782,-0.544060,1.004243,0.430959,-0.273897,-0.003489,-0.703893,0.212510,1.000771,-0.119517,-0.371316,0.002372,0.693474,0.254887,1.001049,-0.153159,0.475076,0.001424,-0.021118,0.543442,1.001031,-0.492891,0.085812,0.001076
4.060000,0.437010,-0.516371,0.998817,0.428433,0.057059,0.000467,-0.421042,-0.549398,1.004175,0.443040,-0.259833,-0.003266,-0.706109,0.205042,1.000819,-0.102096,-0.375551,0.002391,0.690230,0.264317,1.001078,-0.171164,0.467895,0.001457,-0.030987,0.544953,1.001053,-0.493952,0.065286,0.001149
4.080000,0.445464,-0.515043,0.998825,0.416945,0.075773,0.000345,-0.412060,-0.554454,1.004112,0.455171,-0.245757,-0.003045,-0.707977,0.197489,1.000867,-0.084713,-0.379764,0.002408,0.686627,0.273602,1.001107,-0.189177,0.460555,0.001490,-0.040876,0.546052,1.001076,-0.494978,0.044585,0.001220
4.100000,0.453687,-0.513338,0.998831,0.405331,0.094734,0.000217,-0.402835,-0.559228,1.004054,0.467353,-0.231668,-0.002827,-0.709498,0.189851,1.000915,-0.067368,-0.383955,0.002421,0.682663,0.282738,1.001137,-0.207196,0.453058,0.001524,-0.050786,0.546735,1.001102,-0.495967,0.023711,0.001288
4.120000,0.461676,-0.511252,0.998834,0.393627,0.113867,0.000085,-0.393366,-0.563721,1.003999,0.479557,-0.217602,-0.002614,-0.710672,0.182130,1.000964,-0.050121,-0.388121,0.002432,0.678340,0.291723,1.001168,-0.225165,0.445441,0.001558,-0.060714,0.547000,1.001128,-0.496915,0.002748,0.001352
4.140000,0.469431,-0.508783,0.998834,0.381873,0.133101,-0.000051,-0.383653,-0.567932,1.003949,0.491754,-0.203596,-0.002410,-0.711503,0.174327,1.001013,-0.033027,-0.392258,0.002439,0.673657,0.300555,1.001200,-0.243026,0.437744,0.001591,-0.070662,0.546845,1.001156,-0.497819,-0.018220,0.001412
4.160000,0.476951,-0.505927,0.998831,0.370067,0.152435,-0.000190,-0.373696,-0.571865,1.003903,0.503943,-0.189650,-0.002215,-0.711994,0.166440,1.001061,-0.016088,-0.396366,0.002442,0.668619,0.309233,1.001232,-0.260779,0.429968,0.001623,-0.080627,0.546271,1.001184,-0.498677,-0.039192,0.001468
4.180000,0.484234,-0.502685,0.998826,0.358210,0.171870,-0.000332,-0.363495,-0.575519,1.003860,0.516126,-0.175764,-0.002029,-0.712148,0.158472,1.001110,0.000696,-0.400445,0.002441,0.663227,0.317753,1.001265,-0.278425,0.422110,0.001654,-0.090609,0.545278,1.001214,-0.499490,-0.060167,0.001518
4.200000,0.491279,-0.499052,0.998818,0.346301,0.191405,-0.000477,-0.353051,-0.578896,1.003822,0.528301,-0.161937,-0.001852,-0.711968,0.150423,1.001159,0.017326,-0.404495,0.002436,0.657483,0.326116,1.001298,-0.295962,0.414173,0.001685,-0.100606,0.543865,1.001245,-0.500259,-0.081147,0.001565
4.220000,0.498086,-0.495028,0.998807,0.334373,0.210971,-0.000623,-0.342363,-0.581997,1.003786,0.540435,-0.148202,-0.001686,-0.711456,0.142293,1.001208,0.033759,-0.408505,0.002427,0.651389,0.334320,1.001332,-0.313347,0.406197,0.001714,-0.110619,0.542032,1.001277,-0.500964,-0.102054,0.001605
4.240000,0.504654,-0.490613,0.998793,0.322457,0.230500,-0.000767,-0.331434,-0.584825,1.003754,0.552494,-0.134590,-0.001534,-0.710619,0.134083,1.001256,0.049951,-0.412466,0.002413,0.644950,0.342364,1.001366,-0.330534,0.398225,0.001741,-0.120644,0.539783,1.001309,-0.501587,-0.122808,0.001640
4.260000,0.510984,-0.485808,0.998777,0.310553,0.249992,-0.000910,-0.320264,-0.587381,1.003725,0.564478,-0.121100,-0.001396,-0.709460,0.125794,1.001304,0.065903,-0.416377,0.002394,0.638169,0.350249,1.001402,-0.347522,0.390255,0.001766,-0.130681,0.537121,1.001342,-0.502130,-0.143411,0.001667
4.280000,0.517076,-0.480614,0.998757,0.298661,0.269448,-0.001052,-0.308855,-0.589669,1.003698,0.576386,-0.107733,-0.001271,-0.707984,0.117428,1.001352,0.081616,-0.420239,0.002370,0.631051,0.357975,1.001437,-0.364313,0.382289,0.001789,-0.140729,0.534048,1.001376,-0.502590,-0.163862,0.001688
4.300000,0.522931,-0.475031,0.998734,0.286782,0.288866,-0.001192,-0.297209,-0.591692,1.003674,0.588219,-0.094489,-0.001161,-0.706197,0.108985,1.001399,0.097087,-0.424052,0.002341,0.623598,0.365541,1.001473,-0.380906,0.374325,0.001810,-0.150785,0.530567,1.001410,-0.502970,-0.184161,0.001703
4.320000,0.528548,-0.469060,0.998709,0.274935,0.308179,-0.001330,-0.285327,-0.593450,1.003652,0.599938,-0.081394,-0.001066,-0.704103,0.100466,1.001445,0.112295,-0.427804,0.002307,0.615816,0.372948,1.001509,-0.397259,0.366399,0.001829,-0.160847,0.526683,1.001444,-0.503255,-0.204241,0.001710
4.340000,0.533928,-0.462705,0.998681,0.263141,0.327319,-0.001463,-0.273213,-0.594948,1.003631,0.611504,-0.068474,-0.000987,-0.701707,0.091873,1.001491,0.127214,-0.431487,0.002268,0.607710,0.380197,1.001546,-0.413334,0.358543,0.001844,-0.170914,0.522400,1.001478,-0.503433,-0.224032,0.001710
4.360000,0.539074,-0.455968,0.998651,0.251399,0.346287,-0.001591,-0.260868,-0.596190,1.003612,0.622919,-0.055730,-0.000926,-0.699016,0.083207,1.001536,0.141843,-0.435101,0.002222,0.599285,0.387290,1.001583,-0.429128,0.350757,0.001856,-0.180984,0.517724,1.001512,-0.503502,-0.243535,0.001702
4.380000,0.543985,-0.448854,0.998618,0.239710,0.365081,-0.001716,-0.248297,-0.597179,1.003594,0.634180,-0.043161,-0.000880,-0.696035,0.074470,1.001580,0.156185,-0.438644,0.002171,0.590546,0.394228,1.001620,-0.444644,0.343042,0.001864,-0.191053,0.512660,1.001546,-0.503464,-0.262749,0.001686
4.400000,0.548662,-0.441366,0.998582,0.228074,0.383703,-0.001836,-0.235502,-0.597918,1.003577,0.645290,-0.030766,-0.000852,-0.692770,0.065662,1.001623,0.170237,-0.442118,0.002114,0.581501,0.401012,1.001658,-0.459879,0.335397,0.001868,-0.201121,0.507216,1.001580,-0.503318,-0.281676,0.001662
4.420000,0.553108,-0.433508,0.998544,0.216496,0.402097,-0.001948,-0.222487,-0.598411,1.003560,0.656207,-0.018568,-0.000841,-0.689228,0.056786,1.001664,0.183995,-0.445509,0.002051,0.572153,0.407644,1.001695,-0.474804,0.327844,0.001869,-0.211185,0.501396,1.001613,-0.503056,-0.300257,0.001630
4.440000,0.557323,-0.425284,0.998504,0.204981,0.420207,-0.002051,-0.209255,-0.598662,1.003543,0.666893,-0.006585,-0.000847,-0.685413,0.047842,1.001705,0.197455,-0.448805,0.001982,0.562511,0.414127,1.001732,-0.489388,0.320407,0.001864,-0.221243,0.495208,1.001645,-0.502667,-0.318437,0.001589
4.460000,0.561308,-0.416701,0.998462,0.193528,0.438033,-0.002144,-0.195813,-0.598676,1.003526,0.677346,0.005182,-0.000871,-0.681331,0.038834,1.001744,0.210615,-0.452004,0.001908,0.552580,0.420461,1.001770,-0.503629,0.313085,0.001853,-0.231291,0.488661,1.001676,-0.502154,-0.336216,0.001539
4.480000,0.565064,-0.407765,0.998419,0.182139,0.455576,-0.002227,-0.182163,-0.598456,1.003508,0.687569,0.016732,-0.000913,-0.676990,0.029763,1.001781,0.223476,-0.455109,0.001828,0.542368,0.426651,1.001807,-0.517529,0.305877,0.001838,-0.241328,0.481762,1.001706,-0.501514,-0.353593,0.001479
4.500000,0.568594,-0.398480,0.998373,0.170813,0.472835,-0.002300,-0.168311,-0.598008,1.003489,0.697559,0.028067,-0.000972,-0.672394,0.020630,1.001817,0.236038,-0.458117,0.001742,0.531881,0.432697,1.001843,-0.531088,0.298784,0.001817,-0.251351,0.474520,1.001735,-0.500749,-0.370568,0.001411
4.520000,0.571897,-0.388854,0.998327,0.159556,0.489757,-0.002361,-0.154263,-0.597335,1.003469,0.707271,0.039183,-0.001048,-0.667550,0.011439,1.001851,0.248317,-0.461024,0.001650,0.521127,0.438603,1.001879,-0.544290,0.291816,0.001789,-0.261357,0.466942,1.001763,-0.499852,-0.387101,0.001333
4.540000,0.574976,-0.378893,0.998279,0.148375,0.506288,-0.002408,-0.140023,-0.596442,1.003447,0.716656,0.050075,-0.001141,-0.662463,0.002190,1.001883,0.260330,-0.463820,0.001553,0.510112,0.444371,1.001915,-0.557121,0.284981,0.001754,-0.271344,0.459039,1.001789,-0.498815,-0.403150,0.001246
4.560000,0.577833,-0.368605,0.998230,0.137270,0.522427,-0.002443,-0.125598,-0.595333,1.003423,0.725716,0.060744,-0.001252,-0.657139,-0.007113,1.001913,0.272075,-0.466507,0.001450,0.498845,0.450003,1.001949,-0.569581,0.278280,0.001711,-0.281309,0.450819,1.001813,-0.497638,-0.418716,0.001150
4.580000,0.580468,-0.357998,0.998181,0.126241,0.538174,-0.002464,-0.110996,-0.594014,1.003397,0.734450,0.071190,-0.001379,-0.651582,-0.016469,1.001941,0.283555,-0.469084,0.001342,0.487331,0.455503,1.001983,-0.581669,0.271713,0.001661,-0.291249,0.442294,1.001835,-0.496322,-0.433798,0.001045
4.600000,0.582883,-0.347080,0.998132,0.115288,0.553531,-0.002471,-0.096223,-0.592487,1.003368,0.742857,0.081412,-0.001523,-0.645799,-0.025876,1.001966,0.294767,-0.471552,0.001228,0.475580,0.460873,1.002016,-0.593387,0.265279,0.001603,-0.301161,0.433471,1.001854,-0.494866,-0.448396,0.000931
4.620000,0.585080,-0.335860,0.998083,0.104421,0.568444,-0.002465,-0.081284,-0.590759,1.003336,0.750899,0.091414,-0.001682,-0.639793,-0.035331,1.001990,0.305731,-0.473898,0.001108,0.463598,0.466115,1.002047,-0.604735,0.258984,0.001536,-0.311042,0.424361,1.001872,-0.493268,-0.462488,0.000808
4.640000,0.587060,-0.324346,0.998033,0.093652,0.582861,-0.002444,-0.066189,-0.588832,1.003300,0.758533,0.101195,-0.001857,-0.633571,-0.044831,1.002011,0.316465,-0.476110,0.000983,0.451393,0.471233,1.002077,-0.615715,0.252833,0.001461,-0.320891,0.414975,1.001887,-0.491527,-0.476048,0.000679
4.660000,0.588826,-0.312549,0.997985,0.082979,0.596782,-0.002410,-0.050946,-0.586712,1.003261,0.765761,0.110757,-0.002045,-0.627136,-0.054374,1.002029,0.326969,-0.478189,0.000853,0.438972,0.476229,1.002105,-0.626326,0.246825,0.001377,-0.330702,0.405323,1.001899,-0.489641,-0.489079,0.000542
4.680000,0.590380,-0.300478,0.997937,0.072404,0.610208,-0.002361,-0.035562,-0.584403,1.003219,0.772582,0.120099,-0.002249,-0.620494,-0.063958,1.002045,0.337243,-0.480133,0.000717,0.426343,0.481107,1.002132,-0.636569,0.240960,0.001283,-0.340475,0.395415,1.001908,-0.487611,-0.501578,0.000399
4.700000,0.591723,-0.288144,0.997891,0.061926,0.623138,-0.002298,-0.020045,-0.581910,1.003171,0.778997,0.129221,-0.002466,-0.613648,-0.073579,1.002058,0.347287,-0.481944,0.000575,0.413512,0.485869,1.002157,-0.646443,0.235238,0.001181,-0.350206,0.385263,1.001915,-0.485437,-0.513547,0.000248
4.720000,0.592858,-0.275556,0.997845,0.051563,0.635523,-0.002222,-0.004405,-0.579236,1.003120,0.784974,0.138128,-0.002697,-0.606604,-0.083234,1.002068,0.357116,-0.483605,0.000428,0.400487,0.490517,1.002179,-0.655960,0.229661,0.001071,-0.359892,0.374877,1.001918,-0.483118,-0.524978,0.000092
4.740000,0.593787,-0.262727,0.997802,0.041333,0.647313,-0.002136,0.011351,-0.576386,1.003064,0.790483,0.146821,-0.002938,-0.599365,-0.092922,1.002075,0.366747,-0.485103,0.000275,0.387276,0.495056,1.002199,-0.665131,0.224231,0.000951,-0.369530,0.364268,1.001918,-0.480653,-0.535862,-0.000069
4.760000,0.594512,-0.249668,0.997760,0.031235,0.658509,-0.002038,0.027212,-0.573365,1.003002,0.795524,0.155302,-0.003190,-0.591935,-0.102637,1.002079,0.376180,-0.486437,0.000116,0.373884,0.499488,1.002217,-0.673957,0.218947,0.000823,-0.379117,0.353446,1.001915,-0.478043,-0.546199,-0.000235
4.780000,0.595037,-0.236390,0.997720,0.021270,0.669111,-0.001928,0.043169,-0.570175,1.002936,0.800096,0.163571,-0.003452,-0.584319,-0.112378,1.002079,0.385414,-0.487606,-0.000049,0.360320,0.503815,1.002232,-0.682437,0.213809,0.000686,-0.388650,0.342423,1.001909,-0.475287,-0.555990,-0.000406
4.800000,0.595364,-0.222907,0.997683,0.011438,0.679119,-0.001808,0.059212,-0.566823,1.002864,0.804200,0.171627,-0.003725,-0.576520,-0.122141,1.002077,0.394450,-0.488612,-0.000219,0.346589,0.508041,1.002245,-0.690571,0.208817,0.000541,-0.398127,0.331210,1.001899,-0.472385,-0.565235,-0.000582
4.820000,0.595496,-0.209230,0.997648,0.001765,0.688488,-0.001680,0.075333,-0.563312,1.002787,0.807819,0.179474,-0.004007,-0.568542,-0.131921,1.002071,0.403297,-0.489437,-0.000395,0.332699,0.512168,1.002254,-0.698370,0.203968,0.000388,-0.407545,0.319818,1.001886,-0.469339,-0.573939,-0.000761
4.840000,0.595436,-0.195372,0.997616,-0.007722,0.697175,-0.001550,0.091522,-0.559645,1.002704,0.810934,0.187117,-0.004294,-0.560389,-0.141717,1.002061,0.411967,-0.490067,-0.000577,0.318657,0.516201,1.002260,-0.705846,0.199260,0.000228,-0.416900,0.308256,1.001869,-0.466152,-0.582108,-0.000943
4.860000,0.595188,-0.181347,0.997586,-0.017023,0.705181,-0.001416,0.107767,-0.555828,1.002615,0.813547,0.194553,-0.004586,-0.552065,-0.151523,1.002047,0.420459,-0.490501,-0.000765,0.304468,0.520140,1.002263,-0.712998,0.194691,0.000061,-0.426190,0.296537,1.001848,-0.462824,-0.589743,-0.001127
4.880000,0.594756,-0.167169,0.997559,-0.026138,0.712504,-0.001278,0.124060,-0.551865,1.002520,0.815656,0.201785,-0.004883,-0.543572,-0.161335,1.002030,0.428773,-0.490738,-0.000959,0.290139,0.523989,1.002262,-0.719827,0.190262,-0.000112,-0.435412,0.284670,1.001824,-0.459355,-0.596843,-0.001313
4.900000,0.594144,-0.152852,0.997535,-0.035068,0.719146,-0.001138,0.140390,-0.547758,1.002420,0.817263,0.208812,-0.005186,-0.534915,-0.171151,1.002009,0.436908,-0.490780,-0.001159,0.275677,0.527751,1.002258,-0.726331,0.185973,-0.000293,-0.444563,0.272667,1.001795,-0.455744,-0.603408,-0.001502
4.920000,0.593355,-0.138408,0.997514,-0.043787,0.725087,-0.000996,0.156747,-0.543514,1.002313,0.818364,0.215637,-0.005491,-0.526097,-0.180965,1.001984,0.444868,-0.490610,-0.001364,0.261088,0.531429,1.002251,-0.732522,0.181818,-0.000478,-0.453641,0.260537,1.001763,-0.452003,-0.609458,-0.001691
4.940000,0.592394,-0.123853,0.997495,-0.052273,0.730311,-0.000856,0.173121,-0.539134,1.002200,0.818957,0.222264,-0.005794,-0.517121,-0.190774,1.001954,0.452656,-0.490215,-0.001575,0.246378,0.535025,1.002239,-0.738410,0.177791,-0.000665,-0.462643,0.248292,1.001728,-0.448142,-0.615010,-0.001880
4.960000,0.591265,-0.109201,0.997479,-0.060524,0.734817,-0.000717,0.189502,-0.534624,1.002081,0.819043,0.228693,-0.006096,-0.507992,-0.200572,1.001921,0.460271,-0.489593,-0.001791,0.231553,0.538541,1.002224,-0.743993,0.173893,-0.000856,-0.471566,0.235940,1.001688,-0.444162,-0.620066,-0.002068
4.980000,0.589974,-0.094465,0.997466,-0.068541,0.738605,-0.000579,0.205880,-0.529988,1.001956,0.818622,0.234924,-0.006396,-0.498712,-0.210356,1.001883,0.467713,-0.488745,-0.002013,0.216620,0.541981,1.002205,-0.749274,0.170123,-0.001049,-0.480408,0.223492,1.001645,-0.440062,-0.624624,-0.002256
5.000000,0.588525,-0.079661,0.997456,-0.076325,0.741676,-0.000443,0.222244,-0.525229,1.001825,0.817693,0.240957,-0.006694,-0.489284,-0.220121,1.001840,0.474982,-0.487671,-0.002240,0.201584,0.545347,1.002182,-0.754250,0.166482,-0.001246,-0.489168,0.210958,1.001598,-0.435841,-0.628686,-0.002442
5.020000,0.586923,-0.064803,0.997449,-0.083855,0.744041,-0.000309,0.238584,-0.520351,1.001688,0.816269,0.246797,-0.006986,-0.479713,-0.229861,1.001793,0.482074,-0.486359,-0.002473,0.186452,0.548641,1.002155,-0.758923,0.162957,-0.001442,-0.497841,0.198348,1.001547,-0.431503,-0.632270,-0.002625
5.040000,0.585173,-0.049904,0.997444,-0.091114,0.745715,-0.000177,0.254891,-0.515358,1.001546,0.814363,0.252450,-0.007266,-0.470003,-0.239573,1.001741,0.488983,-0.484796,-0.002710,0.171229,0.551866,1.002124,-0.763292,0.159535,-0.001635,-0.506427,0.185671,1.001493,-0.427048,-0.635398,-0.002801
5.060000,0.583280,-0.034979,0.997442,-0.098101,0.746696,-0.000048,0.271155,-0.510254,1.001398,0.811975,0.257915,-0.007536,-0.460155,-0.249251,1.001685,0.495711,-0.482983,-0.002951,0.155922,0.555024,1.002090,-0.767357,0.156218,-0.001825,-0.514922,0.172935,1.001435,-0.422476,-0.638070,-0.002969
5.080000,0.581251,-0.020041,0.997442,-0.104816,0.746986,0.000078,0.287367,-0.505043,1.001245,0.809104,0.263193,-0.007794,-0.450175,-0.258891,1.001623,0.502255,-0.480919,-0.003197,0.140537,0.558116,1.002051,-0.771118,0.153006,-0.002013,-0.523325,0.160151,1.001374,-0.417787,-0.640286,-0.003131
5.100000,0.579089,-0.005104,0.997445,-0.111260,0.746583,0.000202,0.303516,-0.499728,1.001086,0.805751,0.268283,-0.008041,-0.440066,-0.268487,1.001557,0.508618,-0.478605,-0.003447,0.125080,0.561144,1.002009,-0.774576,0.149897,-0.002197,-0.531633,0.147327,1.001310,-0.412981,-0.642044,-0.003285
5.120000,0.576802,0.009818,0.997450,-0.117424,0.745517,0.000323,0.319594,-0.494313,1.000923,0.801936,0.273191,-0.008273,-0.429832,-0.278033,1.001485,0.514788,-0.476034,-0.003701,0.109556,0.564112,1.001964,-0.777721,0.146873,-0.002374,-0.539844,0.134472,1.001243,-0.408049,-0.643367,-0.003427
5.140000,0.574394,0.024712,0.997458,-0.123300,0.743816,0.000443,0.335591,-0.488801,1.000755,0.797678,0.277919,-0.008487,-0.419476,-0.287526,1.001409,0.520754,-0.473200,-0.003957,0.093973,0.567020,1.001914,-0.780546,0.143914,-0.002541,-0.547954,0.121595,1.001173,-0.402983,-0.644273,-0.003553
5.160000,0.571872,0.039566,0.997468,-0.128888,0.741480,0.000561,0.351498,-0.483197,1.000584,0.792979,0.282468,-0.008682,-0.409003,-0.296960,1.001327,0.526517,-0.470102,-0.004215,0.078337,0.569869,1.001862,-0.783050,0.141019,-0.002697,-0.555962,0.108704,1.001101,-0.397781,-0.644762,-0.003661
5.180000,0.569241,0.054367,0.997480,-0.134189,0.738508,0.000677,0.367307,-0.477504,1.000408,0.787837,0.286838,-0.008859,-0.398417,-0.306328,1.001240,0.532077,-0.466740,-0.004476,0.062653,0.572661,1.001807,-0.785234,0.138189,-0.002843,-0.563864,0.095807,1.001027,-0.392444,-0.644836,-0.003753
5.200000,0.566506,0.069103,0.997495,-0.139202,0.734902,0.000791,0.383009,-0.471725,1.000229,0.782253,0.291028,-0.009018,-0.387721,-0.315627,1.001148,0.537434,-0.463116,-0.004739,0.046929,0.575397,1.001748,-0.787098,0.135424,-0.002978,-0.571659,0.082913,1.000951,-0.386971,-0.644493,-0.003828
5.220000,0.563675,0.083760,0.997512,-0.143931,0.730713,0.000905,0.398594,-0.465864,1.000048,0.776249,0.295044,-0.009155,-0.376921,-0.324851,1.001051,0.542575,-0.459230,-0.005002,0.031172,0.578078,1.001688,-0.788628,0.132693,-0.003097,-0.579342,0.070030,1.000874,-0.381351,-0.643747,-0.003884
5.240000,0.560751,0.098328,0.997531,-0.148379,0.725995,0.001021,0.414056,-0.459924,0.999863,0.769847,0.298887,-0.009270,-0.366020,-0.333995,1.000948,0.547486,-0.455087,-0.005264,0.015387,0.580705,1.001625,-0.789811,0.129966,-0.003196,-0.586912,0.057166,1.000796,-0.375570,-0.642614,-0.003916
5.260000,0.557741,0.112796,0.997553,-0.152546,0.720747,0.001139,0.429386,-0.453909,0.999677,0.763049,0.302559,-0.009362,-0.355023,-0.343053,1.000840,0.552168,-0.450685,-0.005525,-0.000419,0.583277,1.001560,-0.790647,0.127243,-0.003276,-0.594364,0.044328,1.000717,-0.369627,-0.641092,-0.003925
5.280000,0.554651,0.127154,0.997577,-0.156432,0.714969,0.001258,0.444575,-0.447823,0.999489,0.755853,0.306059,-0.009431,-0.343935,-0.352021,1.000727,0.556622,-0.446026,-0.005784,-0.016237,0.585795,1.001494,-0.791137,0.124525,-0.003334,-0.601696,0.031525,1.000639,-0.363523,-0.639183,-0.003911
5.300000,0.551486,0.141391,0.997603,-0.160037,0.708662,0.001379,0.459617,-0.441668,0.999300,0.748261,0.309387,-0.009477,-0.332760,-0.360892,1.000609,0.560846,-0.441108,-0.006041,-0.032062,0.588258,1.001427,-0.791280,0.121810,-0.003373,-0.608904,0.018763,1.000561,-0.357259,-0.636885,-0.003874
5.320000,0.548251,0.155497,0.997632,-0.163375,0.701899,0.001505,0.474503,-0.435449,0.999110,0.740295,0.312546,-0.009500,-0.321502,-0.369663,1.000485,0.564824,-0.435945,-0.006295,-0.047886,0.590667,1.001359,-0.791059,0.119068,-0.003389,-0.615985,0.006052,1.000484,-0.350833,-0.634217,-0.003813
5.340000,0.544953,0.169465,0.997663,-0.166461,0.694755,0.001638,0.489227,-0.429168,0.998920,0.731981,0.315541,-0.009499,-0.310168,-0.378329,1.000357,0.568542,-0.430549,-0.006542,-0.063702,0.593020,1.001291,-0.790454,0.116266,-0.003380,-0.622936,-0.006603,1.000409,-0.344245,-0.631195,-0.003728
5.360000,0.541595,0.183285,0.997697,-0.169294,0.687231,0.001778,0.503780,-0.422828,0.998730,0.723320,0.318370,-0.009475,-0.298763,-0.386884,1.000224,0.571997,-0.424920,-0.006782,-0.079501,0.595317,1.001224,-0.789466,0.113406,-0.003346,-0.629754,-0.019194,1.000335,-0.337496,-0.627820,-0.003618
5.380000,0.538182,0.196951,0.997734,-0.171875,0.679325,0.001925,0.518157,-0.416434,0.998541,0.714310,0.321034,-0.009426,-0.287290,-0.395324,1.000086,0.575192,-0.419058,-0.007015,-0.095278,0.597556,1.001158,-0.788096,0.110487,-0.003287,-0.636435,-0.031713,1.000264,-0.330584,-0.624092,-0.003484
5.400000,0.534721,0.210455,0.997774,-0.174204,0.671038,0.002080,0.532350,-0.409988,0.998353,0.704952,0.323534,-0.009354,-0.275757,-0.403645,0.999943,0.578124,-0.412962,-0.007242,-0.111023,0.599736,1.001093,-0.786342,0.107509,-0.003203,-0.642976,-0.044155,1.000196,-0.323512,-0.620011,-0.003325
5.420000,0.531216,0.223791,0.997818,-0.176306,0.662433,0.002246,0.546353,-0.403494,0.998167,0.695276,0.325872,-0.009258,-0.264167,-0.411841,0.999796,0.580778,-0.406656,-0.007459,-0.126729,0.601856,1.001030,-0.784196,0.104448,-0.003093,-0.649374,-0.056512,1.000131,-0.316292,-0.615591,-0.003143
5.440000,0.527670,0.236951,0.997864,-0.178205,0.653575,0.002425,0.560159,-0.396954,0.997983,0.685312,0.328053,-0.009141,-0.252528,-0.419910,0.999645,0.583134,-0.400162,-0.007661,-0.142388,0.603913,1.000969,-0.781647,0.101283,-0.002960,-0.655627,-0.068776,1.000070,-0.308940,-0.610847,-0.002940
5.460000,0.524089,0.249932,0.997915,-0.179903,0.644462,0.002618,0.573764,-0.390372,0.997802,0.675060,0.330077,-0.009001,-0.240844,-0.427846,0.999490,0.585193,-0.393479,-0.007849,-0.157992,0.605906,1.000911,-0.778695,0.098012,-0.002801,-0.661731,-0.080943,1.000014,-0.301455,-0.605779,-0.002717
5.480000,0.520476,0.262728,0.997969,-0.181399,0.635095,0.002825,0.587160,-0.383752,0.997623,0.664520,0.331944,-0.008838,-0.229122,-0.435647,0.999331,0.586954,-0.386608,-0.008024,-0.173533,0.607833,1.000857,-0.775341,0.094635,-0.002618,-0.667684,-0.093005,0.999962,-0.293838,-0.600387,-0.002471
5.500000,0.516834,0.275334,0.998028,-0.182693,0.625473,0.003045,0.600342,-0.377096,0.997448,0.653693,0.333655,-0.008654,-0.217368,-0.443309,0.999169,0.588418,-0.379548,-0.008184,-0.189003,0.609691,1.000807,-0.771585,0.091154,-0.002410,-0.673484,-0.104957,0.999915,-0.286089,-0.594671,-0.002205
5.520000,0.513169,0.287745,0.998091,-0.183818,0.615643,0.003282,0.613306,-0.370407,0.997277,0.642609,0.335215,-0.008449,-0.205587,-0.450828,0.999004,0.589577,-0.372331,-0.008328,-0.204394,0.611478,1.000761,-0.767426,0.087556,-0.002180,-0.679127,-0.116790,0.999874,-0.278225,-0.588659,-0.001919
5.540000,0.509483,0.299959,0.998159,-0.184804,0.605651,0.003538,0.626045,-0.363688,0.997111,0.631300,0.336631,-0.008225,-0.193787,-0.458202,0.998836,0.590424,-0.364985,-0.008453,-0.219697,0.613193,1.000720,-0.762868,0.083830,-0.001931,-0.684612,-0.128501,0.999838,-0.270264,-0.582379,-0.001613
5.560000,0.505778,0.311970,0.998233,-0.185653,0.595497,0.003814,0.638556,-0.356943,0.996948,0.619768,0.337904,-0.007982,-0.181972,-0.465427,0.998666,0.590958,-0.357511,-0.008559,-0.234906,0.614831,1.000684,-0.757909,0.079977,-0.001662,-0.689937,-0.140084,0.999809,-0.262208,-0.575831,-0.001287
5.580000,0.502057,0.323777,0.998312,-0.186364,0.585180,0.004109,0.650835,-0.350173,0.996791,0.608010,0.339033,-0.007721,-0.170150,-0.472501,0.998494,0.591179,-0.349908,-0.008646,-0.250011,0.616391,1.000653,-0.752550,0.075997,-0.001374,-0.695100,-0.151533,0.999787,-0.254054,-0.569015,-0.000941
5.600000,0.498324,0.335376,0.998397,-0.186937,0.574701,0.004423,0.662875,-0.343382,0.996640,0.596029,0.340018,-0.007440,-0.158327,-0.479422,0.998320,0.591087,-0.342178,-0.008715,-0.265005,0.617870,1.000629,-0.746790,0.071889,-0.001067,-0.700098,-0.162842,0.999772,-0.245804,-0.561932,-0.000576
5.620000,0.494581,0.346765,0.998489,-0.187406,0.564079,0.004758,0.674674,-0.336573,0.996494,0.583853,0.340870,-0.007142,-0.146509,-0.486188,0.998145,0.590684,-0.334351,-0.008763,-0.279880,0.619265,1.000611,-0.740653,0.067658,-0.000745,-0.704931,-0.174008,0.999764,-0.237477,-0.554622,-0.000191
5.640000,0.490828,0.357939,0.998588,-0.187805,0.553333,0.005115,0.686228,-0.329748,0.996354,0.571515,0.341597,-0.006830,-0.134702,-0.492796,0.997970,0.589971,-0.326461,-0.008789,-0.294629,0.620575,1.000599,-0.734160,0.063311,-0.000412,-0.709597,-0.185026,0.999764,-0.229090,-0.547127,0.000215
5.660000,0.487069,0.368897,0.998694,-0.188135,0.542463,0.005494,0.697534,-0.322910,0.996221,0.559014,0.342200,-0.006502,-0.122912,-0.499246,0.997794,0.588948,-0.318506,-0.008794,-0.309244,0.621797,1.000594,-0.727312,0.058847,-0.000070,-0.714094,-0.195892,0.999773,-0.220645,-0.539448,0.000642
5.680000,0.483303,0.379637,0.998808,-0.188395,0.531469,0.005896,0.708588,-0.316061,0.996094,0.546350,0.342679,-0.006160,-0.111146,-0.505536,0.997618,0.587615,-0.310488,-0.008777,-0.323719,0.622928,1.000597,-0.720109,0.054266,0.000282,-0.718422,-0.206603,0.999790,-0.212142,-0.531584,0.001089
5.700000,0.479533,0.390155,0.998930,-0.188586,0.520351,0.006319,0.719387,-0.309204,0.995974,0.533524,0.343034,-0.005803,-0.099410,-0.511665,0.997443,0.585972,-0.302406,-0.008738,-0.338046,0.623967,1.000606,-0.712550,0.049567,0.000644,-0.722580,-0.217154,0.999817,-0.203579,-0.523535,0.001557
5.720000,0.475760,0.400450,0.999060,-0.188741,0.509119,0.006765,0.729928,-0.302340,0.995862,0.520566,0.343276,-0.005433,-0.087709,-0.517632,0.997269,0.584032,-0.294296,-0.008677,-0.352219,0.624910,1.000622,-0.704670,0.044767,0.001009,-0.726565,-0.227543,0.999853,-0.194976,-0.515344,0.002047
5.740000,0.471984,0.410519,0.999200,-0.188896,0.497779,0.007231,0.740209,-0.295473,0.995757,0.507508,0.343419,-0.005053,-0.076050,-0.523437,0.997096,0.581810,-0.286194,-0.008592,-0.366231,0.625757,1.000646,-0.696504,0.039879,0.001371,-0.730379,-0.237767,0.999899,-0.186347,-0.507056,0.002560
5.760000,0.468204,0.420360,0.999350,-0.189049,0.486333,0.007720,0.750228,-0.288604,0.995660,0.494349,0.343462,-0.004662,-0.064439,-0.529080,0.996925,0.579305,-0.278099,-0.008483,-0.380077,0.626505,1.000677,-0.688051,0.034903,0.001728,-0.734019,-0.247825,0.999955,-0.177694,-0.498669,0.003095
5.780000,0.464422,0.429972,0.999509,-0.189202,0.474780,0.008230,0.759982,-0.281735,0.995571,0.481090,0.343406,-0.004260,-0.052880,-0.534561,0.996757,0.576517,-0.270011,-0.008351,-0.393751,0.627153,1.000715,-0.679311,0.029840,0.002083,-0.737486,-0.257714,1.000023,-0.169016,-0.490184,0.003652
5.800000,0.460636,0.439351,0.999679,-0.189354,0.463121,0.008761,0.769470,-0.274869,0.995490,0.467730,0.343250,-0.003848,-0.041380,-0.539880,0.996591,0.573447,-0.261931,-0.008196,-0.407248,0.627698,1.000760,-0.670285,0.024689,0.002433,-0.740780,-0.267432,1.000101,-0.160313,-0.481602,0.004233
5.820000,0.456848,0.448496,0.999860,-0.189530,0.451382,0.009313,0.778691,-0.268006,0.995417,0.454305,0.343008,-0.003427,-0.029944,-0.545038,0.996429,0.570117,-0.253896,-0.008016,-0.420561,0.628140,1.000812,-0.661021,0.019475,0.002770,-0.743899,-0.276977,1.000192,-0.151598,-0.472957,0.004836
5.840000,0.453055,0.457406,1.000052,-0.189753,0.439592,0.009883,0.787642,-0.261149,0.995353,0.440849,0.342693,-0.003000,-0.018577,-0.550036,0.996271,0.566549,-0.245941,-0.007812,-0.433687,0.628477,1.000871,-0.651566,0.014222,0.003086,-0.746843,-0.286350,1.000295,-0.142884,-0.464284,0.005462
5.860000,0.449257,0.466079,1.000255,-0.190024,0.427751,0.010471,0.796325,-0.254299,0.995297,0.427362,0.342306,-0.002568,-0.007283,-0.554876,0.996117,0.562744,-0.238068,-0.007583,-0.446622,0.628708,1.000936,-0.641922,0.008931,0.003379,-0.749614,-0.295548,1.000411,-0.134171,-0.455583,0.006111
5.880000,0.445454,0.474515,1.000471,-0.190342,0.415859,0.011078,0.804737,-0.247457,0.995250,0.413844,0.341847,-0.002130,0.003931,-0.559560,0.995968,0.558702,-0.230277,-0.007330,-0.459363,0.628834,1.001006,-0.632088,0.003600,0.003650,-0.752210,-0.304573,1.000540,-0.125458,-0.446855,0.006783
5.900000,0.441643,0.482713,1.000699,-0.190708,0.403916,0.011704,0.812878,-0.240625,0.995212,0.400296,0.341316,-0.001685,0.015063,-0.564088,0.995824,0.554423,-0.222566,-0.007053,-0.471905,0.628852,1.001082,-0.622063,-0.001769,0.003899,-0.754632,-0.313422,1.000682,-0.116745,-0.438099,0.007479
5.920000,0.437825,0.490672,1.000939,-0.191134,0.391964,0.012346,0.820749,-0.233805,0.995183,0.386756,0.340723,-0.001238,0.026107,-0.568463,0.995686,0.549936,-0.214972,-0.006751,-0.484244,0.628763,1.001162,-0.611898,-0.007160,0.004125,-0.756880,-0.322097,1.000839,-0.108058,-0.429335,0.008193
5.940000,0.433997,0.498392,1.001192,-0.191632,0.380048,0.013001,0.828349,-0.226997,0.995162,0.373264,0.340079,-0.000791,0.037059,-0.572688,0.995554,0.545273,-0.207530,-0.006426,-0.496380,0.628566,1.001246,-0.601639,-0.012557,0.004326,-0.758955,-0.330596,1.001010,-0.099420,-0.420583,0.008925
5.960000,0.430159,0.505874,1.001459,-0.192202,0.368167,0.013670,0.835679,-0.220202,0.995151,0.359819,0.339384,-0.000345,0.047917,-0.576765,0.995429,0.540433,-0.200239,-0.006077,-0.508309,0.628261,1.001335,-0.591288,-0.017960,0.004502,-0.760857,-0.338920,1.001196,-0.090830,-0.411842,0.009672
5.980000,0.426309,0.513119,1.001739,-0.192845,0.356321,0.014352,0.842742,-0.213422,0.995149,0.346422,0.338638,0.000101,0.058675,-0.580699,0.995311,0.535416,-0.193101,-0.005704,-0.520031,0.627847,1.001426,-0.580844,-0.023368,0.004654,-0.762589,-0.347070,1.001397,-0.082290,-0.403112,0.010436
6.000000,0.422445,0.520127,1.002033,-0.193559,0.344511,0.015047,0.849537,-0.206657,0.995155,0.333073,0.337840,0.000546,0.069332,-0.584490,0.995201,0.530222,-0.186113,-0.005308,-0.531542,0.627326,1.001521,-0.570308,-0.028781,0.004781,-0.764149,-0.355045,1.001614,-0.073800,-0.394394,0.011216
6.020000,0.418566,0.526900,1.002341,-0.194348,0.332785,0.015753,0.856065,-0.199909,0.995170,0.319819,0.336991,0.000986,0.079883,-0.588144,0.995099,0.524886,-0.179305,-0.004889,-0.542843,0.626696,1.001617,-0.559739,-0.034181,0.004882,-0.765541,-0.362846,1.001846,-0.065377,-0.385711,0.012008
6.040000,0.414670,0.533439,1.002663,-0.195212,0.321191,0.016464,0.862330,-0.193178,0.995194,0.306708,0.336090,0.001416,0.090327,-0.591664,0.995005,0.519439,-0.172701,-0.004451,-0.553932,0.625959,1.001716,-0.549200,-0.039546,0.004957,-0.766765,-0.370473,1.002094,-0.057042,-0.377088,0.012807
6.060000,0.410757,0.539748,1.003000,-0.196152,0.309731,0.017182,0.868335,-0.186465,0.995227,0.293740,0.335136,0.001834,0.100660,-0.595054,0.994921,0.513883,-0.166304,-0.003993,-0.564811,0.625114,1.001816,-0.538691,-0.044879,0.005004,-0.767823,-0.377929,1.002358,-0.048795,-0.368523,0.013613
6.080000,0.406824,0.545830,1.003351,-0.197167,0.298404,0.017906,0.874081,-0.179773,0.995268,0.280916,0.334130,0.002243,0.110881,-0.598317,0.994846,0.508216,-0.160111,-0.003514,-0.575480,0.624164,1.001916,-0.528211,-0.050177,0.005024,-0.768717,-0.385215,1.002638,-0.040635,-0.360018,0.014426
6.100000,0.402870,0.551686,1.003716,-0.198258,0.287210,0.018637,0.879572,-0.173100,0.995317,0.268234,0.333072,0.002640,0.120988,-0.601459,0.994780,0.502440,-0.154124,-0.003015,-0.585940,0.623108,1.002016,-0.517761,-0.055441,0.005017,-0.769449,-0.392331,1.002935,-0.032563,-0.351572,0.015246
6.120000,0.398893,0.557319,1.004096,-0.199419,0.276189,0.019369,0.884812,-0.166450,0.995373,0.255743,0.331959,0.003023,0.130979,-0.604484,0.994725,0.496585,-0.148352,-0.002500,-0.596191,0.621947,1.002116,-0.507393,-0.060657,0.004982,-0.770021,-0.399278,1.003248,-0.024601,-0.343207,0.016065
6.140000,0.394892,0.562735,1.004491,-0.200643,0.265381,0.020099,0.889803,-0.159822,0.995437,0.243489,0.330790,0.003385,0.140851,-0.607395,0.994681,0.490680,-0.142804,-0.001971,-0.606236,0.620682,1.002215,-0.497161,-0.065807,0.004920,-0.770434,-0.406060,1.003578,-0.016770,-0.334946,0.016878
6.160000,0.390867,0.567936,1.004900,-0.201931,0.254786,0.020825,0.894553,-0.153219,0.995508,0.231472,0.329565,0.003728,0.150605,-0.610198,0.994646,0.484725,-0.137480,-0.001429,-0.616078,0.619315,1.002313,-0.487063,-0.070892,0.004829,-0.770692,-0.412677,1.003923,-0.009071,-0.326788,0.017683
6.180000,0.386815,0.572927,1.005324,-0.203282,0.244404,0.021549,0.899064,-0.146640,0.995586,0.219692,0.328284,0.004052,0.160240,-0.612896,0.994623,0.478722,-0.132380,-0.000873,-0.625720,0.617847,1.002408,-0.477101,-0.075913,0.004709,-0.770798,-0.419132,1.004285,-0.001503,-0.318733,0.018480
6.200000,0.382735,0.577713,1.005762,-0.204697,0.234235,0.022269,0.903342,-0.140088,0.995670,0.208150,0.326947,0.004355,0.169754,-0.615494,0.994612,0.472669,-0.127504,-0.000304,-0.635163,0.616279,1.002501,-0.467273,-0.080869,0.004562,-0.770753,-0.425427,1.004663,0.005933,-0.310782,0.019270
6.220000,0.378627,0.582298,1.006215,-0.206153,0.224301,0.022979,0.907392,-0.133563,0.995760,0.196878,0.325560,0.004636,0.179147,-0.617997,0.994611,0.466592,-0.122844,0.000275,-0.644412,0.614612,1.002591,-0.457605,-0.085758,0.004392,-0.770562,-0.431564,1.005056,0.013220,-0.302954,0.020050
6.240000,0.374489,0.586687,1.006681,-0.207629,0.214621,0.023668,0.911219,-0.127066,0.995856,0.185910,0.324128,0.004890,0.188418,-0.620409,0.994623,0.460515,-0.118390,0.000860,-0.653469,0.612849,1.002677,-0.448119,-0.090578,0.004205,-0.770226,-0.437546,1.005464,0.020342,-0.295269,0.020816
6.260000,0.370321,0.590885,1.007161,-0.209125,0.205196,0.024337,0.914830,-0.120598,0.995956,0.175245,0.322652,0.005120,0.197567,-0.622734,0.994646,0.454437,-0.114142,0.001451,-0.662338,0.610990,1.002759,-0.438816,-0.095329,0.004002,-0.769749,-0.443376,1.005888,0.027299,-0.287729,0.021570
6.280000,0.366124,0.594897,1.007654,-0.210641,0.196027,0.024986,0.918231,-0.114160,0.996060,0.164885,0.321132,0.005323,0.206595,-0.624976,0.994681,0.448360,-0.110100,0.002048,-0.671023,0.609036,1.002837,-0.429696,-0.100011,0.003782,-0.769135,-0.449056,1.006327,0.034090,-0.280332,0.022310
6.300000,0.361896,0.598728,1.008161,-0.212176,0.187112,0.025615,0.921428,-0.107753,0.996169,0.154828,0.319567,0.005501,0.215501,-0.627140,0.994728,0.442282,-0.106265,0.002650,-0.679527,0.606990,1.002910,-0.420758,-0.104625,0.003545,-0.768386,-0.454590,1.006781,0.040717,-0.273079,0.023037
6.320000,0.357637,0.602383,1.008679,-0.213719,0.178472,0.026217,0.924426,-0.101377,0.996280,0.145092,0.317976,0.005651,0.224286,-0.629228,0.994787,0.436224,-0.102614,0.003256,-0.687854,0.604851,1.002978,-0.412007,-0.109178,0.003303,-0.767507,-0.459980,1.007248,0.047173,-0.265977,0.023752
6.340000,0.353347,0.605869,1.009209,-0.215257,0.170126,0.026785,0.927234,-0.095034,0.996394,0.135695,0.316373,0.005773,0.232951,-0.631245,0.994858,0.430203,-0.099126,0.003862,-0.696008,0.602623,1.003042,-0.403447,-0.113680,0.003067,-0.766501,-0.465230,1.007731,0.053453,-0.259033,0.024455
6.360000,0.349026,0.609190,1.009750,-0.216790,0.162073,0.027319,0.929856,-0.088723,0.996511,0.126636,0.314759,0.005866,0.241495,-0.633194,0.994941,0.424220,-0.095802,0.004469,-0.703993,0.600305,1.003101,-0.395078,-0.118130,0.002836,-0.765370,-0.470343,1.008227,0.059557,-0.252249,0.025147
6.380000,0.344675,0.612353,1.010301,-0.218318,0.154314,0.027820,0.932301,-0.082444,0.996629,0.117915,0.313135,0.005930,0.249920,-0.635079,0.995037,0.418275,-0.092640,0.005077,-0.711813,0.597898,1.003156,-0.386901,-0.122528,0.002611,-0.764120,-0.475321,1.008736,0.065485,-0.245622,0.025828
6.400000,0.340294,0.615365,1.010863,-0.219842,0.146849,0.028286,0.934575,-0.076197,0.996748,0.109533,0.311500,0.005965,0.258226,-0.636901,0.995144,0.412367,-0.089641,0.005686,-0.719471,0.595404,1.003206,-0.378915,-0.126876,0.002391,-0.762752,-0.480168,1.009260,0.071238,-0.239155,0.026497
6.420000,0.335882,0.618229,1.011433,-0.221359,0.139683,0.028714,0.936685,-0.069984,0.996867,0.101489,0.309876,0.005971,0.266415,-0.638665,0.995264,0.406511,-0.086779,0.006295,-0.726971,0.592823,1.003251,-0.371109,-0.131178,0.002187,-0.761271,-0.484888,1.009796,0.076819,-0.232843,0.027150
6.440000,0.331439,0.620954,1.012011,-0.222866,0.132823,0.029097,0.938637,-0.063802,0.996986,0.093785,0.308285,0.005946,0.274487,-0.640373,0.995396,0.400720,-0.084027,0.006905,-0.734316,0.590157,1.003293,-0.363475,-0.135442,0.002008,-0.759680,-0.489483,1.010346,0.082232,-0.226685,0.027783
6.460000,0.326967,0.623544,1.012596,-0.224365,0.126268,0.029436,0.940438,-0.057652,0.997105,0.086420,0.306726,0.005891,0.282444,-0.642027,0.995540,0.394993,-0.081387,0.007514,-0.741511,0.587406,1.003332,-0.356012,-0.139668,0.001855,-0.757983,-0.493957,1.010907,0.087478,-0.220681,0.028394
6.480000,0.322465,0.626007,1.013188,-0.225854,0.120018,0.029731,0.942096,-0.051533,0.997222,0.079395,0.305199,0.005805,0.290287,-0.643629,0.995697,0.389331,-0.078857,0.008123,-0.748558,0.584570,1.003368,-0.348720,-0.143857,0.001728,-0.756182,-0.498311,1.011481,0.092556,-0.214830,0.028986
6.500000,0.317933,0.628347,1.013785,-0.227334,0.114074,0.029982,0.943616,-0.045444,0.997337,0.072708,0.303704,0.005689,0.298018,-0.645182,0.995865,0.383734,-0.076438,0.008732,-0.755461,0.581652,1.003401,-0.341598,-0.148007,0.001626,-0.754282,-0.502551,1.012067,0.097466,-0.209133,0.029556
6.520000,0.313372,0.630572,1.014387,-0.228807,0.108425,0.030187,0.945007,-0.039384,0.997449,0.066349,0.302264,0.005542,0.305637,-0.646687,0.996046,0.378210,-0.074105,0.009343,-0.762223,0.578650,1.003433,-0.334632,-0.152122,0.001557,-0.752285,-0.506678,1.012663,0.102210,-0.203591,0.030103
6.540000,0.308781,0.632686,1.014992,-0.230278,0.103061,0.030343,0.946273,-0.033353,0.997558,0.060305,0.300900,0.005365,0.313147,-0.648147,0.996239,0.372767,-0.071836,0.009956,-0.768847,0.575567,1.003464,-0.327804,-0.156202,0.001528,-0.750195,-0.510696,1.013271,0.106791,-0.198209,0.030622
6.560000,0.304161,0.634696,1.015600,-0.231746,0.097981,0.030451,0.947421,-0.027348,0.997664,0.054574,0.299612,0.005156,0.320548,-0.649561,0.996444,0.367405,-0.069630,0.010572,-0.775336,0.572403,1.003494,-0.321114,-0.160249,0.001538,-0.748014,-0.514607,1.013888,0.111208,-0.192985,0.031114
6.580000,0.299511,0.636607,1.016210,-0.233210,0.093187,0.030511,0.948458,-0.021368,0.997764,0.049159,0.298400,0.004916,0.327843,-0.650932,0.996662,0.362124,-0.067487,0.011190,-0.781692,0.569157,1.003525,-0.314564,-0.164263,0.001588,-0.745747,-0.518416,1.014515,0.115462,-0.187921,0.031578
6.600000,0.294832,0.638425,1.016821,-0.234672,0.088678,0.030523,0.949389,-0.015411,0.997860,0.044057,0.297265,0.004646,0.335034,-0.652261,0.996892,0.356924,-0.065407,0.011811,-0.787919,0.565832,1.003558,-0.308151,-0.168242,0.001678,-0.743397,-0.522125,1.015151,0.119553,-0.183015,0.032015
6.620000,0.290124,0.640156,1.017431,-0.236136,0.084437,0.030487,0.950222,-0.009476,0.997950,0.039249,0.296217,0.004355,0.342121,-0.653549,0.997134,0.351807,-0.063367,0.012436,-0.794019,0.562428,1.003593,-0.301860,-0.172186,0.001810,-0.740966,-0.525738,1.015795,0.123491,-0.178260,0.032424
6.640000,0.285387,0.641804,1.018040,-0.237611,0.080449,0.030403,0.950961,-0.003562,0.998034,0.034714,0.295269,0.004055,0.349107,-0.654796,0.997389,0.346774,-0.061344,0.013066,-0.799994,0.558945,1.003631,-0.295671,-0.176090,0.001988,-0.738458,-0.529256,1.016448,0.127285,-0.173648,0.032805
6.660000,0.280620,0.643376,1.018647,-0.239097,0.076714,0.030271,0.951612,0.002335,0.998112,0.030450,0.294421,0.003747,0.355992,-0.656003,0.997657,0.341825,-0.059338,0.013701,-0.805847,0.555385,1.003673,-0.289584,-0.179955,0.002212,-0.735876,-0.532685,1.017107,0.130937,-0.169179,0.033159
6.680000,0.275823,0.644875,1.019250,-0.240592,0.073231,0.030091,0.952181,0.008216,0.998184,0.026459,0.293673,0.003430,0.362780,-0.657169,0.997938,0.336959,-0.057349,0.014341,-0.811578,0.551747,1.003720,-0.283600,-0.183781,0.002481,-0.733222,-0.536025,1.017774,0.134446,-0.164852,0.033485
6.700000,0.270996,0.646307,1.019850,-0.242097,0.070001,0.029863,0.952672,0.014082,0.998249,0.022741,0.293024,0.003104,0.369471,-0.658297,0.998231,0.332178,-0.055377,0.014986,-0.817191,0.548034,1.003772,-0.277719,-0.187567,0.002796,-0.730499,-0.539280,1.018447,0.137813,-0.160669,0.033783
6.720000,0.266139,0.647676,1.020445,-0.243611,0.066994,0.029598,0.953092,0.019937,0.998308,0.019267,0.292480,0.002778,0.376068,-0.659385,0.998537,0.327477,-0.053403,0.015636,-0.822688,0.544245,1.003832,-0.271924,-0.191309,0.003156,-0.727710,-0.542452,1.019125,0.141048,-0.156618,0.034054
6.740000,0.261251,0.648988,1.021034,-0.245133,0.064182,0.029306,0.953445,0.025782,0.998361,0.016011,0.292047,0.002463,0.382571,-0.660433,0.998856,0.322855,-0.051408,0.016291,-0.828069,0.540382,1.003899,-0.266198,-0.194998,0.003558,-0.724858,-0.545545,1.019809,0.144165,-0.152690,0.034300
6.760000,0.256333,0.650245,1.021617,-0.246661,0.061564,0.028986,0.953734,0.031620,0.998407,0.012972,0.291722,0.002159,0.388982,-0.661441,0.999189,0.318312,-0.049392,0.016950,-0.833336,0.536445,1.003974,-0.260541,-0.198636,0.004004,-0.721944,-0.548561,1.020497,0.147164,-0.148884,0.034520
6.780000,0.251385,0.651451,1.022193,-0.248197,0.059140,0.028639,0.953965,0.037452,0.998447,0.010151,0.291508,0.001865,0.395304,-0.662408,0.999534,0.313847,-0.047355,0.017614,-0.838491,0.532437,1.004059,-0.254955,-0.202223,0.004494,-0.718972,-0.551501,1.021189,0.150044,-0.145202,0.034715
6.800000,0.246405,0.652612,1.022762,-0.249741,0.056911,0.028265,0.954142,0.043281,0.998482,0.007547,0.291403,0.001582,0.401537,-0.663335,0.999893,0.309460,-0.045297,0.018283,-0.843535,0.528357,1.004154,-0.249438,-0.205758,0.005026,-0.715943,-0.554370,1.021885,0.152805,-0.141641,0.034884
6.820000,0.241395,0.653729,1.023323,-0.251283,0.054841,0.027884,0.954268,0.049109,0.998510,0.005130,0.291407,0.001317,0.407683,-0.664220,1.000266,0.305150,-0.043206,0.018954,-0.848469,0.524207,1.004261,-0.243978,-0.209233,0.005597,-0.712861,-0.557168,1.022584,0.155458,-0.138197,0.035028
6.840000,0.236354,0.654806,1.023877,-0.252814,0.052895,0.027515,0.954348,0.054938,0.998534,0.002866,0.291517,0.001079,0.413743,-0.665063,1.000651,0.300912,-0.041069,0.019626,-0.853294,0.519988,1.004378,-0.238564,-0.212639,0.006200,-0.709726,-0.559898,1.023286,0.158015,-0.134863,0.035150
6.860000,0.231283,0.655846,1.024424,-0.254335,0.051074,0.027160,0.954384,0.060770,0.998554,0.000757,0.291733,0.000866,0.419720,-0.665862,1.001051,0.296748,-0.038886,0.020298,-0.858012,0.515701,1.004509,-0.233197,-0.215978,0.006835,-0.706541,-0.562563,1.023990,0.160474,-0.131640,0.035248
6.880000,0.226181,0.656850,1.024964,-0.255846,0.049378,0.026817,0.954379,0.066608,0.998569,-0.001198,0.292055,0.000681,0.425614,-0.666618,1.001463,0.292657,-0.036657,0.020969,-0.862622,0.511349,1.004652,-0.227875,-0.219249,0.007503,-0.703307,-0.565164,1.024696,0.162836,-0.128527,0.035322
6.900000,0.221049,0.657822,1.025497,-0.257347,0.047806,0.026487,0.954337,0.072453,0.998581,-0.002999,0.292484,0.000521,0.431427,-0.667328,1.001889,0.288639,-0.034383,0.021641,-0.867127,0.506932,1.004809,-0.222599,-0.222452,0.008204,-0.700028,-0.567705,1.025403,0.165102,-0.125524,0.035374
6.920000,0.215887,0.658763,1.026023,-0.258826,0.046335,0.026174,0.954260,0.078308,0.998590,-0.004680,0.293008,0.000394,0.437160,-0.667993,1.002329,0.284697,-0.032059,0.022308,-0.871527,0.502452,1.004980,-0.217365,-0.225577,0.008928,-0.696704,-0.570186,1.026111,0.167279,-0.122629,0.035402
6.940000,0.210696,0.659675,1.026544,-0.260273,0.044941,0.025882,0.954150,0.084174,0.998597,-0.006278,0.293615,0.000304,0.442815,-0.668610,1.002782,0.280832,-0.029681,0.022965,-0.875822,0.497909,1.005166,-0.212168,-0.228615,0.009665,-0.693337,-0.572611,1.026819,0.169377,-0.119837,0.035408
6.960000,0.205476,0.660561,1.027059,-0.261687,0.043625,0.025611,0.954009,0.090053,0.998603,-0.007792,0.294306,0.000252,0.448394,-0.669180,1.003247,0.277046,-0.027249,0.023611,-0.880014,0.493308,1.005367,-0.207009,-0.231566,0.010416,-0.689929,-0.574980,1.027527,0.171395,-0.117149,0.035391
6.980000,0.200229,0.661421,1.027569,-0.263070,0.042386,0.025361,0.953839,0.095947,0.998608,-0.009221,0.295082,0.000238,0.453897,-0.669700,1.003726,0.273336,-0.024764,0.024247,-0.884102,0.488647,1.005583,-0.201887,-0.234431,0.011180,-0.686482,-0.577297,1.028234,0.173334,-0.114565,0.035351
7.000000,0.194954,0.662257,1.028073,-0.264420,0.041224,0.025133,0.953641,0.101857,0.998612,-0.010567,0.295940,0.000262,0.459328,-0.670170,1.004217,0.269705,-0.022225,0.024873,-0.888089,0.483931,1.005814,-0.196803,-0.237209,0.011958,-0.682996,-0.579564,1.028941,0.175194,-0.112084,0.035289
7.020000,0.189652,0.663070,1.028574,-0.265737,0.040131,0.024911,0.953417,0.107785,0.998618,-0.011868,0.296864,0.000328,0.464686,-0.670589,1.004721,0.266163,-0.019637,0.025480,-0.891975,0.479160,1.006061,-0.191762,-0.239889,0.012736,-0.679475,-0.581781,1.029646,0.176982,-0.109707,0.035203
7.040000,0.184325,0.663863,1.029070,-0.267022,0.039098,0.024682,0.953166,0.113732,0.998626,-0.013162,0.297831,0.000440,0.469975,-0.670955,1.005236,0.262723,-0.017007,0.026059,-0.895760,0.474336,1.006324,-0.186772,-0.242460,0.013499,-0.675918,-0.583953,1.030349,0.178705,-0.107432,0.035095
7.060000,0.178972,0.664635,1.029561,-0.268273,0.038125,0.024447,0.952890,0.119699,0.998636,-0.014451,0.298844,0.000597,0.475196,-0.671269,1.005763,0.259385,-0.014333,0.026610,-0.899446,0.469462,1.006601,-0.181831,-0.244923,0.014248,-0.672327,-0.586079,1.031049,0.180364,-0.105259,0.034963
7.080000,0.173594,0.665388,1.030048,-0.269491,0.037213,0.024205,0.952588,0.125686,0.998650,-0.015733,0.299900,0.000800,0.480351,-0.671528,1.006301,0.256148,-0.011617,0.027134,-0.903034,0.464540,1.006894,-0.176941,-0.247276,0.014982,-0.668704,-0.588164,1.031747,0.181959,-0.103188,0.034809
7.100000,0.168192,0.666124,1.030529,-0.270676,0.036361,0.023956,0.952261,0.131695,0.998668,-0.017009,0.301002,0.001049,0.485442,-0.671733,1.006848,0.253014,-0.008857,0.027631,-0.906524,0.459572,1.007200,-0.172101,-0.249521,0.015702,-0.665049,-0.590208,1.032442,0.183489,-0.101220,0.034631
7.120000,0.162767,0.666843,1.031006,-0.271829,0.035560,0.023693,0.951908,0.137726,0.998692,-0.018306,0.302122,0.001344,0.490472,-0.671882,1.007406,0.249985,-0.006064,0.028094,-0.909918,0.454560,1.007521,-0.167327,-0.251659,0.016398,-0.661364,-0.592213,1.033132,0.184963,-0.099349,0.034430
7.140000,0.157319,0.667546,1.031477,-0.272954,0.034802,0.023408,0.951528,0.143780,0.998723,-0.019649,0.303235,0.001684,0.495442,-0.671975,1.007972,0.247068,-0.003248,0.028519,-0.913218,0.449506,1.007856,-0.162636,-0.253692,0.017060,-0.657651,-0.594182,1.033819,0.186388,-0.097573,0.034207
7.160000,0.151849,0.668235,1.031942,-0.274050,0.034085,0.023100,0.951122,0.149855,0.998760,-0.021039,0.304342,0.002070,0.500356,-0.672012,1.008546,0.244262,-0.000409,0.028906,-0.916424,0.444413,1.008204,-0.158029,-0.255620,0.017689,-0.653909,-0.596117,1.034500,0.187764,-0.095890,0.033962
7.180000,0.146357,0.668910,1.032401,-0.275117,0.033411,0.022771,0.950687,0.155953,0.998806,-0.022475,0.305442,0.002501,0.505214,-0.671992,1.009128,0.241567,0.002454,0.029254,-0.919539,0.439282,1.008563,-0.153506,-0.257442,0.018284,-0.650140,-0.598018,1.035177,0.189091,-0.094301,0.033694
7.200000,0.140845,0.669572,1.032853,-0.276155,0.032779,0.022419,0.950222,0.162073,0.998860,-0.023958,0.306535,0.002979,0.510019,-0.671914,1.009716,0.238984,0.005341,0.029564,-0.922565,0.434116,1.008935,-0.149066,-0.259160,0.018845,-0.646346,-0.599889,1.035848,0.190369,-0.092806,0.033404
7.220000,0.135311,0.670221,1.033297,-0.277166,0.032181,0.022044,0.949728,0.168214,0.998925,-0.025501,0.307595,0.003497,0.514774,-0.671778,1.010310,0.236516,0.008235,0.029832,-0.925503,0.428916,1.009317,-0.144714,-0.260779,0.019367,-0.642526,-0.601731,1.036513,0.191607,-0.091395,0.033094
7.240000,0.129758,0.670859,1.033734,-0.278150,0.031608,0.021645,0.949202,0.174376,0.999001,-0.027116,0.308594,0.004053,0.519480,-0.671584,1.010909,0.234170,0.011124,0.030056,-0.928354,0.423685,1.009709,-0.140454,-0.262305,0.019847,-0.638682,-0.603546,1.037172,0.192813,-0.090055,0.032767
7.260000,0.124186,0.671486,1.034163,-0.279107,0.031059,0.021220,0.948643,0.180558,0.999087,-0.028803,0.309533,0.004646,0.524141,-0.671333,1.011512,0.231945,0.014006,0.030235,-0.931121,0.418425,1.010111,-0.136286,-0.263739,0.020283,-0.634814,-0.605334,1.037823,0.193987,-0.088789,0.032423
7.280000,0.118594,0.672102,1.034583,-0.280038,0.030536,0.020772,0.948049,0.186757,0.999187,-0.030561,0.310411,0.005276,0.528759,-0.671024,1.012118,0.229841,0.016882,0.030369,-0.933806,0.413136,1.010520,-0.132211,-0.265079,0.020676,-0.630922,-0.607098,1.038468,0.195129,-0.087594,0.032062
7.300000,0.112984,0.672707,1.034994,-0.280943,0.030037,0.020298,0.947420,0.192974,0.999299,-0.032392,0.311229,0.005943,0.533336,-0.670658,1.012726,0.227858,0.019751,0.030458,-0.936410,0.407822,1.010937,-0.128228,-0.266327,0.021026,-0.627009,-0.608838,1.039106,0.196240,-0.086472,0.031684
7.320000,0.107357,0.673303,1.035395,-0.281822,0.029558,0.019803,0.946753,0.199206,0.999425,-0.034294,0.311963,0.006639,0.537874,-0.670234,1.013336,0.225992,0.022612,0.030503,-0.938936,0.402484,1.011361,-0.124348,-0.267498,0.021329,-0.623073,-0.610557,1.039736,0.197326,-0.085410,0.031294
7.340000,0.101712,0.673890,1.035786,-0.282674,0.029090,0.019291,0.946048,0.205452,0.999564,-0.036264,0.312589,0.007354,0.542376,-0.669753,1.013946,0.224237,0.025461,0.030505,-0.941385,0.397123,1.011790,-0.120581,-0.268608,0.021583,-0.619116,-0.612255,1.040358,0.198395,-0.084394,0.030893
7.360000,0.096050,0.674467,1.036166,-0.283501,0.028634,0.018761,0.945302,0.211709,0.999719,-0.038304,0.313107,0.008089,0.546844,-0.669216,1.014556,0.222595,0.028299,0.030465,-0.943760,0.391740,1.012224,-0.116926,-0.269657,0.021788,-0.615137,-0.613933,1.040971,0.199446,-0.083425,0.030484
7.380000,0.090372,0.675035,1.036536,-0.284301,0.028190,0.018213,0.944515,0.217975,0.999888,-0.040413,0.313518,0.008844,0.551281,-0.668621,1.015165,0.221064,0.031126,0.030382,-0.946063,0.386337,1.012661,-0.113384,-0.270644,0.021944,-0.611138,-0.615592,1.041577,0.200480,-0.082504,0.030066
7.400000,0.084678,0.675595,1.036895,-0.285076,0.027759,0.017648,0.943685,0.224249,1.000073,-0.042590,0.313821,0.009619,0.555688,-0.667971,1.015771,0.219645,0.033942,0.030257,-0.948296,0.380914,1.013101,-0.109955,-0.271570,0.022050,-0.607118,-0.617233,1.042174,0.201497,-0.081629,0.029638
7.420000,0.078969,0.676146,1.037242,-0.285824,0.027335,0.017071,0.942811,0.230527,1.000273,-0.044818,0.314008,0.010401,0.560067,-0.667264,1.016375,0.218330,0.036748,0.030092,-0.950462,0.375474,1.013543,-0.106633,-0.272442,0.022110,-0.603078,-0.618857,1.042762,0.202500,-0.080790,0.029205
7.440000,0.073245,0.676688,1.037577,-0.286545,0.026916,0.016491,0.941892,0.236808,1.000489,-0.047077,0.314070,0.011177,0.564422,-0.666501,1.016974,0.217109,0.039549,0.029894,-0.952562,0.370017,1.013985,-0.103411,-0.273268,0.022125,-0.599018,-0.620465,1.043342,0.203496,-0.079974,0.028771
7.460000,0.067507,0.677222,1.037901,-0.287240,0.026501,0.015906,0.940928,0.243089,1.000720,-0.049367,0.314009,0.011948,0.568752,-0.665682,1.017570,0.215983,0.042343,0.029662,-0.954599,0.364544,1.014428,-0.100290,-0.274048,0.022095,-0.594939,-0.622057,1.043913,0.204483,-0.079183,0.028336
7.480000,0.061756,0.677748,1.038214,-0.287908,0.026090,0.015316,0.939917,0.249368,1.000967,-0.051688,0.313824,0.012714,0.573062,-0.664807,1.018161,0.214951,0.045131,0.029395,-0.956574,0.359055,1.014869,-0.097269,-0.274782,0.022022,-0.590839,-0.623633,1.044476,0.205463,-0.078415,0.027900
7.500000,0.055991,0.678266,1.038514,-0.288549,0.025684,0.014723,0.938860,0.255641,1.001228,-0.054040,0.313514,0.013475,0.577351,-0.663877,1.018746,0.214014,0.047912,0.029095,-0.958490,0.353553,1.015308,-0.094349,-0.275469,0.021904,-0.586720,-0.625193,1.045029,0.206434,-0.077671,0.027462
7.520000,0.050214,0.678776,1.038803,-0.289162,0.025279,0.014134,0.937755,0.261907,1.001506,-0.056413,0.313076,0.014226,0.581623,-0.662891,1.019324,0.213163,0.050690,0.028767,-0.960349,0.348037,1.015745,-0.091527,-0.276124,0.021743,-0.582582,-0.626739,1.045574,0.207399,-0.076943,0.027027
7.540000,0.044425,0.679277,1.039080,-0.289749,0.024875,0.013559,0.936603,0.268164,1.001797,-0.058795,0.312503,0.014965,0.585878,-0.661849,1.019896,0.212387,0.053465,0.028418,-0.962152,0.342508,1.016178,-0.088801,-0.276758,0.021544,-0.578424,-0.628271,1.046110,0.208361,-0.076220,0.026596
7.560000,0.038624,0.679771,1.039345,-0.290308,0.024472,0.012997,0.935404,0.274407,1.002104,-0.061186,0.311797,0.015691,0.590119,-0.660752,1.020461,0.211687,0.056239,0.028048,-0.963902,0.336967,1.016606,-0.086172,-0.277373,0.021304,-0.574247,-0.629788,1.046638,0.209320,-0.075504,0.026171
7.580000,0.032813,0.680256,1.039599,-0.290839,0.024068,0.012449,0.934156,0.280635,1.002425,-0.063587,0.310957,0.016404,0.594346,-0.659600,1.021018,0.211063,0.059011,0.027658,-0.965600,0.331413,1.017030,-0.083639,-0.277969,0.021025,-0.570051,-0.631291,1.047157,0.210274,-0.074795,0.025750
7.600000,0.026991,0.680733,1.039843,-0.291342,0.023665,0.011914,0.932860,0.286844,1.002760,-0.065997,0.309984,0.017105,0.598562,-0.658392,1.021567,0.210514,0.061781,0.027247,-0.967248,0.325848,1.017447,-0.081203,-0.278544,0.020707,-0.565836,-0.632780,1.047668,0.211226,-0.074092,0.025335
7.620000,0.021159,0.681203,1.040076,-0.291819,0.023261,0.011403,0.931516,0.293033,1.003109,-0.068410,0.308875,0.017794,0.602767,-0.657128,1.022108,0.210033,0.064549,0.026823,-0.968848,0.320272,1.017858,-0.078854,-0.279106,0.020355,-0.561602,-0.634255,1.048171,0.212174,-0.073389,0.024926
7.640000,0.015318,0.681664,1.040299,-0.292269,0.022856,0.010927,0.930124,0.299198,1.003472,-0.070820,0.307631,0.018474,0.606963,-0.655810,1.022640,0.209610,0.067313,0.026396,-0.970403,0.314684,1.018261,-0.076583,-0.279661,0.019976,-0.557349,-0.635716,1.048665,0.213120,-0.072682,0.024524
7.660000,0.009469,0.682117,1.040514,-0.292692,0.022449,0.010484,0.928683,0.305337,1.003848,-0.073227,0.306251,0.019144,0.611152,-0.654436,1.023164,0.209245,0.070074,0.025964,-0.971912,0.309085,1.018657,-0.074392,-0.280208,0.019571,-0.553078,-0.637162,1.049152,0.214064,-0.071971,0.024131
7.680000,0.003611,0.682562,1.040719,-0.293088,0.022041,0.010075,0.927195,0.311447,1.004238,-0.075630,0.304736,0.019805,0.615334,-0.653007,1.023678,0.208939,0.072831,0.025527,-0.973379,0.303476,1.019044,-0.072279,-0.280749,0.019139,-0.548787,-0.638595,1.049630,0.215005,-0.071255,0.023745
7.700000,-0.002255,0.682999,1.040917,-0.293457,0.021631,0.009701,0.925658,0.317526,1.004640,-0.078030,0.303085,0.020456,0.619510,-0.651523,1.024185,0.208691,0.075585,0.025087,-0.974804,0.297855,1.019422,-0.070245,-0.281282,0.018680,-0.544477,-0.640012,1.050101,0.215945,-0.070535,0.023366
7.720000,-0.008127,0.683427,1.041107,-0.293798,0.021225,0.009358,0.924074,0.323570,1.005056,-0.080413,0.301308,0.021093,0.623682,-0.649984,1.024682,0.208493,0.078331,0.024651,-0.976189,0.292224,1.019791,-0.068278,-0.281810,0.018203,-0.540149,-0.641416,1.050565,0.216882,-0.069808,0.022995
7.740000,-0.014006,0.683848,1.041291,-0.294110,0.020826,0.009044,0.922442,0.329577,1.005484,-0.082768,0.299412,0.021714,0.627850,-0.648390,1.025171,0.208339,0.081063,0.024230,-0.977535,0.286583,1.020150,-0.066367,-0.282335,0.017719,-0.535802,-0.642805,1.051021,0.217817,-0.069071,0.022628
7.760000,-0.019892,0.684260,1.041469,-0.294393,0.020435,0.008759,0.920763,0.335546,1.005924,-0.085092,0.297397,0.022317,0.632015,-0.646741,1.025651,0.208227,0.083782,0.023823,-0.978844,0.280931,1.020499,-0.064510,-0.282858,0.017227,-0.531436,-0.644179,1.051470,0.218751,-0.068325,0.022268
7.780000,-0.025782,0.684665,1.041642,-0.294647,0.020052,0.008504,0.919038,0.341472,1.006376,-0.087388,0.295265,0.022903,0.636179,-0.645038,1.026124,0.208158,0.086488,0.023429,-0.980116,0.275269,1.020839,-0.062709,-0.283379,0.016728,-0.527052,-0.645538,1.051912,0.219682,-0.067570,0.021912
7.800000,-0.031677,0.685062,1.041810,-0.294872,0.019676,0.008277,0.917268,0.347355,1.006840,-0.089654,0.293014,0.023472,0.640342,-0.643282,1.026589,0.208132,0.089182,0.023050,-0.981353,0.269596,1.021169,-0.060962,-0.283897,0.016220,-0.522649,-0.646881,1.052347,0.220612,-0.066805,0.021562
7.820000,-0.037577,0.685452,1.041973,-0.295084,0.019302,0.008059,0.915452,0.353192,1.007315,-0.091882,0.290656,0.024023,0.644505,-0.641471,1.027046,0.208134,0.091849,0.022681,-0.982555,0.263913,1.021488,-0.059258,-0.284413,0.015717,-0.518228,-0.648210,1.052775,0.221540,-0.066032,0.021214
7.840000,-0.043481,0.685834,1.042132,-0.295300,0.018925,0.007831,0.913593,0.358981,1.007801,-0.094063,0.288201,0.024555,0.648667,-0.639608,1.027496,0.208149,0.094480,0.022318,-0.983723,0.258219,1.021797,-0.057582,-0.284926,0.015230,-0.513788,-0.649523,1.053195,0.222467,-0.065250,0.020864
7.860000,-0.049389,0.686209,1.042286,-0.295521,0.018543,0.007590,0.911690,0.364720,1.008297,-0.096197,0.285650,0.025070,0.652831,-0.637692,1.027939,0.208177,0.097074,0.021960,-0.984858,0.252516,1.022097,-0.055934,-0.285437,0.014760,-0.509329,-0.650820,1.053609,0.223394,-0.064461,0.020511
7.880000,-0.055301,0.686576,1.042435,-0.295745,0.018158,0.007339,0.909745,0.370406,1.008804,-0.098283,0.283001,0.025566,0.656995,-0.635725,1.028374,0.208218,0.099630,0.021608,-0.985961,0.246802,1.022388,-0.054315,-0.285946,0.014306,-0.504852,-0.652101,1.054016,0.224321,-0.063663,0.020155
7.900000,-0.061219,0.686935,1.042580,-0.295974,0.017769,0.007077,0.907759,0.376039,1.009320,-0.100322,0.280256,0.026043,0.661159,-0.633707,1.028803,0.208272,0.102149,0.021262,-0.987031,0.241078,1.022670,-0.052724,-0.286452,0.013869,-0.500356,-0.653366,1.054415,0.225247,-0.062857,0.019798
7.920000,-0.067141,0.687287,1.042718,-0.296218,0.017372,0.006791,0.905733,0.381616,1.009845,-0.102310,0.277426,0.026502,0.665325,-0.631640,1.029225,0.208325,0.104625,0.020920,-0.988070,0.235344,1.022943,-0.051158,-0.286962,0.013447,-0.495842,-0.654615,1.054808,0.226174,-0.062045,0.019432
7.940000,-0.073068,0.687630,1.042851,-0.296490,0.016964,0.006469,0.903667,0.387136,1.010380,-0.104242,0.274525,0.026943,0.669492,-0.629523,1.029640,0.208364,0.107051,0.020584,-0.989078,0.229599,1.023208,-0.049614,-0.287480,0.013041,-0.491309,-0.655848,1.055192,0.227105,-0.061229,0.019051
7.960000,-0.079000,0.687965,1.042977,-0.296789,0.016544,0.006112,0.901563,0.392597,1.010923,-0.106117,0.271552,0.027366,0.673660,-0.627358,1.030048,0.208388,0.109427,0.020251,-0.990055,0.223845,1.023464,-0.048091,-0.288007,0.012650,-0.486758,-0.657064,1.055569,0.228040,-0.060409,0.018654
7.980000,-0.084939,0.688292,1.043095,-0.297116,0.016113,0.005718,0.899423,0.397997,1.011474,-0.107937,0.268507,0.027770,0.677828,-0.625146,1.030450,0.208397,0.111753,0.019923,-0.991001,0.218079,1.023714,-0.046590,-0.288542,0.012275,-0.482188,-0.658264,1.055938,0.228978,-0.059584,0.018243
8.000000,-0.090885,0.688610,1.043205,-0.297469,0.015670,0.005289,0.897246,0.403336,1.012033,-0.109700,0.265390,0.028156,0.681996,-0.622888,1.030845,0.208392,0.114029,0.019600,-0.991918,0.212303,1.023956,-0.045111,-0.289085,0.011915,-0.477599,-0.659448,1.056299,0.229920,-0.058756,0.017817
8.020000,-0.096838,0.688918,1.043307,-0.297858,0.015213,0.004819,0.895035,0.408613,1.012600,-0.111407,0.262213,0.028523,0.686163,-0.620585,1.031234,0.208356,0.116253,0.019283,-0.992806,0.206515,1.024190,-0.043665,-0.289651,0.011557,-0.472991,-0.660615,1.056651,0.230870,-0.057926,0.017369
8.040000,-0.102800,0.689218,1.043398,-0.298290,0.014740,0.004299,0.892790,0.413825,1.013174,-0.113056,0.258991,0.028872,0.690330,-0.618238,1.031617,0.208273,0.118425,0.018976,-0.993665,0.200717,1.024418,-0.042263,-0.290252,0.011189,-0.468364,-0.661765,1.056994,0.231830,-0.057097,0.016891
8.060000,-0.108770,0.689508,1.043478,-0.298765,0.014250,0.003732,0.890513,0.418972,1.013755,-0.114648,0.255722,0.029201,0.694494,-0.615848,1.031993,0.208142,0.120543,0.018679,-0.994497,0.194905,1.024638,-0.040905,-0.290889,0.010811,-0.463717,-0.662898,1.057326,0.232802,-0.056270,0.016384
8.080000,-0.114751,0.689788,1.043547,-0.299283,0.013744,0.003116,0.888205,0.424053,1.014342,-0.116183,0.252406,0.029512,0.698655,-0.613417,1.032364,0.207964,0.122608,0.018391,-0.995302,0.189081,1.024850,-0.039592,-0.291562,0.010422,-0.459052,-0.664016,1.057649,0.233785,-0.055444,0.015847
8.100000,-0.120742,0.690058,1.043602,-0.299845,0.013221,0.002451,0.885866,0.429068,1.014935,-0.117660,0.249044,0.029804,0.702812,-0.610945,1.032729,0.207740,0.124621,0.018113,-0.996081,0.183242,1.025055,-0.038323,-0.292271,0.010022,-0.454366,-0.665116,1.057960,0.234779,-0.054620,0.015281
8.120000,-0.126745,0.690317,1.043644,-0.300450,0.012680,0.001739,0.883499,0.434015,1.015534,-0.119084,0.245647,0.030076,0.706964,-0.608432,1.033088,0.207460,0.126578,0.017845,-0.996835,0.177390,1.025251,-0.037093,-0.293020,0.009608,-0.449660,-0.666200,1.058260,0.235789,-0.053798,0.014680
8.140000,-0.132760,0.690565,1.043672,-0.301101,0.012121,0.000980,0.881103,0.438893,1.016138,-0.120456,0.242227,0.030328,0.711110,-0.605882,1.033443,0.207117,0.128479,0.017585,-0.997565,0.171521,1.025439,-0.035898,-0.293814,0.009176,-0.444934,-0.667268,1.058547,0.236819,-0.052981,0.014039
8.160000,-0.138789,0.690801,1.043683,-0.301798,0.011543,0.000172,0.878681,0.443704,1.016747,-0.121778,0.238782,0.030560,0.715248,-0.603294,1.033792,0.206712,0.130324,0.017335,-0.998271,0.165637,1.025618,-0.034738,-0.294653,0.008725,-0.440187,-0.668320,1.058821,0.237869,-0.052168,0.013357
8.180000,-0.144832,0.691026,1.043678,-0.302541,0.010946,-0.000683,0.876233,0.448445,1.017360,-0.123048,0.235315,0.030771,0.719378,-0.600669,1.034136,0.206244,0.132113,0.017094,-0.998955,0.159735,1.025788,-0.033612,-0.295537,0.008256,-0.435419,-0.669355,1.059081,0.238940,-0.051359,0.012636
8.200000,-0.150891,0.691239,1.043656,-0.303329,0.010330,-0.001585,0.873759,0.453116,1.017978,-0.124268,0.231823,0.030961,0.723498,-0.598009,1.034476,0.205713,0.133845,0.016862,-0.999616,0.153815,1.025948,-0.032520,-0.296466,0.007769,-0.430630,-0.670374,1.059326,0.240031,-0.050555,0.011874
8.220000,-0.156966,0.691439,1.043615,-0.304154,0.009696,-0.002526,0.871262,0.457717,1.018599,-0.125444,0.228316,0.031130,0.727606,-0.595316,1.034811,0.205115,0.135525,0.016639,-1.000255,0.147876,1.026098,-0.031448,-0.297435,0.007270,-0.425818,-0.671377,1.059556,0.241146,-0.049754,0.011072
8.240000,-0.163057,0.691627,1.043554,-0.305007,0.009047,-0.003495,0.868742,0.462249,1.019223,-0.126581,0.224799,0.031276,0.731702,-0.592589,1.035141,0.204445,0.137158,0.016425,-1.000874,0.141917,1.026239,-0.030379,-0.298437,0.006762,-0.420984,-0.672364,1.059769,0.242288,-0.048956,0.010230
8.260000,-0.169166,0.691801,1.043475,-0.305887,0.008382,-0.004493,0.866199,0.466709,1.019850,-0.127681,0.221274,0.031400,0.735784,-0.589830,1.035468,0.203702,0.138743,0.016219,-1.001471,0.135938,1.026369,-0.029316,-0.299474,0.006247,-0.416126,-0.673335,1.059965,0.243458,-0.048160,0.009348
8.280000,-0.175293,0.691962,1.043375,-0.306795,0.007701,-0.005520,0.863635,0.471100,1.020479,-0.128743,0.217740,0.031502,0.739850,-0.587039,1.035790,0.202887,0.140281,0.016021,-1.002046,0.129938,1.026488,-0.028256,-0.300546,0.005724,-0.411245,-0.674291,1.060143,0.244654,-0.047367,0.008425
8.300000,-0.181438,0.692109,1.043254,-0.307731,0.007004,-0.006576,0.861050,0.475419,1.021110,-0.129767,0.214197,0.031582,0.743899,-0.584219,1.036109,0.202000,0.141771,0.015832,-1.002601,0.123916,1.026598,-0.027201,-0.301651,0.005194,-0.406340,-0.675230,1.060301,0.245878,-0.046576,0.007463
8.320000,-0.187602,0.692242,1.043111,-0.308677,0.006297,-0.007643,0.858444,0.479667,1.021742,-0.130762,0.210654,0.031636,0.747929,-0.581369,1.036423,0.201039,0.143220,0.015650,-1.003134,0.117872,1.026696,-0.026130,-0.302777,0.004669,-0.401410,-0.676154,1.060441,0.247130,-0.045787,0.006465
8.340000,-0.193785,0.692361,1.042948,-0.309617,0.005587,-0.008704,0.855819,0.483845,1.022375,-0.131735,0.207121,0.031665,0.751940,-0.578490,1.036735,0.200005,0.144636,0.015475,-1.003646,0.111805,1.026785,-0.025025,-0.303908,0.004163,-0.396454,-0.677061,1.060560,0.248412,-0.044997,0.005435
8.360000,-0.199987,0.692466,1.042763,-0.310551,0.004874,-0.009759,0.853175,0.487952,1.023008,-0.132688,0.203597,0.031666,0.755929,-0.575584,1.037042,0.198897,0.146020,0.015306,-1.004135,0.105716,1.026863,-0.023886,-0.305045,0.003676,-0.391473,-0.677954,1.060658,0.249725,-0.044208,0.004373
8.380000,-0.206207,0.692556,1.042558,-0.311479,0.004158,-0.010808,0.850512,0.491989,1.023641,-0.133619,0.200083,0.031641,0.759895,-0.572650,1.037347,0.197715,0.147370,0.015143,-1.004601,0.099603,1.026932,-0.022712,-0.306189,0.003208,-0.386465,-0.678830,1.060735,0.251068,-0.043419,0.003279
8.400000,-0.212446,0.692632,1.042331,-0.312401,0.003438,-0.011851,0.847830,0.495956,1.024274,-0.134530,0.196578,0.031589,0.763837,-0.569689,1.037648,0.196460,0.148686,0.014986,-1.005043,0.093468,1.026991,-0.021503,-0.307338,0.002759,-0.381430,-0.679690,1.060789,0.252442,-0.042629,0.002154
8.420000,-0.218703,0.692693,1.042084,-0.313294,0.002727,-0.012863,0.845131,0.499852,1.024905,-0.135429,0.193097,0.031507,0.767753,-0.566702,1.037946,0.195135,0.149977,0.014832,-1.005461,0.087310,1.027042,-0.020251,-0.308477,0.002336,-0.376367,-0.680535,1.060821,0.253845,-0.041839,0.001004
8.440000,-0.224978,0.692741,1.041817,-0.314135,0.002039,-0.013820,0.842413,0.503680,1.025534,-0.136326,0.189653,0.031388,0.771642,-0.563690,1.038241,0.193746,0.151251,0.014678,-1.005853,0.081129,1.027085,-0.018947,-0.309590,0.001946,-0.371276,-0.681364,1.060829,0.255277,-0.041047,-0.000163
8.460000,-0.231268,0.692775,1.041531,-0.314923,0.001374,-0.014722,0.839678,0.507439,1.026160,-0.137221,0.186248,0.031235,0.775502,-0.560652,1.038533,0.192291,0.152506,0.014525,-1.006218,0.074926,1.027120,-0.017590,-0.310676,0.001590,-0.366156,-0.682177,1.060814,0.256738,-0.040254,-0.001347
8.480000,-0.237574,0.692796,1.041228,-0.315660,0.000731,-0.015569,0.836924,0.511130,1.026783,-0.138114,0.182879,0.031046,0.779333,-0.557590,1.038822,0.190772,0.153743,0.014371,-1.006556,0.068702,1.027149,-0.016181,-0.311735,0.001267,-0.361007,-0.682974,1.060775,0.258227,-0.039459,-0.002549
8.500000,-0.243894,0.692805,1.040909,-0.316345,0.000110,-0.016361,0.834153,0.514754,1.027402,-0.139005,0.179549,0.030821,0.783133,-0.554503,1.039108,0.189188,0.154963,0.014218,-1.006865,0.062457,1.027171,-0.014719,-0.312769,0.000977,-0.355827,-0.683755,1.060712,0.259745,-0.038662,-0.003767
8.520000,-0.250227,0.692801,1.040574,-0.316946,-0.000480,-0.017078,0.831364,0.518312,1.028016,-0.139901,0.176258,0.030559,0.786900,-0.551392,1.039391,0.187550,0.156171,0.014059,-1.007145,0.056192,1.027188,-0.013206,-0.313759,0.000719,-0.350617,-0.684520,1.060624,0.261289,-0.037864,-0.004993
8.540000,-0.256571,0.692786,1.040227,-0.317431,-0.001033,-0.017699,0.828557,0.521805,1.028624,-0.140809,0.173012,0.030259,0.790634,-0.548256,1.039671,0.185867,0.157376,0.013888,-1.007393,0.049907,1.027200,-0.011640,-0.314690,0.000494,-0.345375,-0.685270,1.060512,0.262854,-0.037065,-0.006215
8.560000,-0.262924,0.692760,1.039867,-0.317802,-0.001549,-0.018225,0.825732,0.525233,1.029226,-0.141729,0.169810,0.029919,0.794335,-0.545096,1.039947,0.184140,0.158578,0.013705,-1.007610,0.043605,1.027208,-0.010023,-0.315562,0.000300,-0.340102,-0.686003,1.060376,0.264441,-0.036266,-0.007436
8.580000,-0.269283,0.692724,1.039498,-0.318057,-0.002027,-0.018655,0.822888,0.528597,1.029820,-0.142661,0.166651,0.029540,0.798000,-0.541913,1.040219,0.182370,0.159775,0.013510,-1.007794,0.037285,1.027212,-0.008354,-0.316375,0.000137,-0.334797,-0.686720,1.060215,0.266050,-0.035466,-0.008653
8.600000,-0.275645,0.692679,1.039122,-0.318197,-0.002468,-0.018991,0.820025,0.531899,1.030407,-0.143605,0.163537,0.029122,0.801629,-0.538706,1.040487,0.180555,0.160969,0.013304,-1.007944,0.030950,1.027214,-0.006633,-0.317128,0.000006,-0.329460,-0.687422,1.060030,0.267680,-0.034665,-0.009867
8.620000,-0.282010,0.692625,1.038739,-0.318203,-0.002871,-0.019222,0.817144,0.535139,1.030985,-0.144565,0.160465,0.028665,0.805222,-0.535474,1.040751,0.178701,0.162163,0.013084,-1.008059,0.024600,1.027213,-0.004873,-0.317817,-0.000103,-0.324090,-0.688107,1.059820,0.269325,-0.033866,-0.011067
8.640000,-0.288372,0.692564,1.038353,-0.318058,-0.003238,-0.019340,0.814242,0.538318,1.031553,-0.145546,0.157435,0.028168,0.808777,-0.532219,1.041010,0.176812,0.163362,0.012848,-1.008139,0.018238,1.027210,-0.003087,-0.318436,-0.000200,-0.318687,-0.688776,1.059587,0.270979,-0.033069,-0.012239
8.660000,-0.294731,0.692496,1.037966,-0.317761,-0.003567,-0.019344,0.811322,0.541437,1.032111,-0.146547,0.154447,0.027632,0.812294,-0.528940,1.041265,0.174888,0.164565,0.012597,-1.008182,0.011863,1.027205,-0.001276,-0.318986,-0.000286,-0.313251,-0.689430,1.059331,0.272641,-0.032276,-0.013383
8.680000,-0.301082,0.692422,1.037580,-0.317312,-0.003858,-0.019236,0.808380,0.544496,1.032658,-0.147569,0.151502,0.027055,0.815772,-0.525636,1.041514,0.172929,0.165773,0.012330,-1.008189,0.005479,1.027198,0.000562,-0.319466,-0.000360,-0.307781,-0.690067,1.059052,0.274311,-0.031485,-0.014500
8.700000,-0.307422,0.692342,1.037198,-0.316711,-0.004113,-0.019014,0.805419,0.547497,1.033193,-0.148612,0.148599,0.026439,0.819211,-0.522309,1.041758,0.170935,0.166984,0.012047,-1.008160,-0.000915,1.027191,0.002425,-0.319876,-0.000422,-0.302278,-0.690689,1.058751,0.275989,-0.030698,-0.015589
8.720000,-0.313749,0.692258,1.036821,-0.315955,-0.004340,-0.018680,0.802436,0.550441,1.033716,-0.149678,0.145739,0.025783,0.822609,-0.518957,1.041996,0.168920,0.168207,0.011742,-1.008092,-0.007316,1.027182,0.004304,-0.320216,-0.000479,-0.296742,-0.691295,1.058429,0.277665,-0.029917,-0.016636
8.740000,-0.320060,0.692169,1.036451,-0.315042,-0.004550,-0.018239,0.799431,0.553327,1.034224,-0.150770,0.142924,0.025089,0.825968,-0.515580,1.042227,0.166899,0.169447,0.011405,-1.007987,-0.013723,1.027171,0.006187,-0.320486,-0.000535,-0.291172,-0.691886,1.058086,0.279330,-0.029147,-0.017625
8.760000,-0.326350,0.692076,1.036092,-0.313971,-0.004744,-0.017688,0.796405,0.556158,1.034719,-0.151887,0.140154,0.024355,0.829285,-0.512179,1.042452,0.164871,0.170705,0.011037,-1.007845,-0.020135,1.027160,0.008074,-0.320684,-0.000591,-0.285569,-0.692461,1.057724,0.280982,-0.028386,-0.018557
8.780000,-0.332617,0.691979,1.035744,-0.312742,-0.004920,-0.017029,0.793356,0.558934,1.035198,-0.153030,0.137428,0.023581,0.832562,-0.508752,1.042668,0.162836,0.171980,0.010638,-1.007664,-0.026550,1.027148,0.009966,-0.320812,-0.000646,-0.279933,-0.693022,1.057344,0.282623,-0.027636,-0.019431
8.800000,-0.338859,0.691879,1.035411,-0.311355,-0.005080,-0.016261,0.790283,0.561655,1.035662,-0.154198,0.134748,0.022769,0.835799,-0.505300,1.042877,0.160794,0.173272,0.010208,-1.007446,-0.032967,1.027134,0.011862,-0.320869,-0.000701,-0.274264,-0.693567,1.056947,0.284251,-0.026896,-0.020248
8.820000,-0.345071,0.691776,1.035095,-0.309826,-0.005238,-0.015399,0.787188,0.564324,1.036109,-0.155394,0.132116,0.021918,0.838994,-0.501821,1.043076,0.158756,0.174585,0.009742,-1.007190,-0.039384,1.027120,0.013754,-0.320860,-0.000759,-0.268563,-0.694097,1.056535,0.285854,-0.026171,-0.020989
8.840000,-0.351251,0.691669,1.034796,-0.308170,-0.005409,-0.014455,0.784067,0.566940,1.036538,-0.156619,0.129537,0.021029,0.842149,-0.498316,1.043266,0.156734,0.175921,0.009236,-1.006896,-0.045801,1.027104,0.015635,-0.320790,-0.000824,-0.262830,-0.694614,1.056108,0.287417,-0.025467,-0.021637
8.860000,-0.357397,0.691559,1.034517,-0.306386,-0.005595,-0.013431,0.780923,0.569506,1.036950,-0.157872,0.127009,0.020102,0.845264,-0.494784,1.043446,0.154727,0.177282,0.008690,-1.006565,-0.052215,1.027087,0.017505,-0.320658,-0.000897,-0.257066,-0.695116,1.055670,0.288940,-0.024783,-0.022192
8.880000,-0.363505,0.691445,1.034259,-0.304476,-0.005795,-0.012325,0.777752,0.572021,1.037342,-0.159155,0.124534,0.019137,0.848338,-0.491225,1.043614,0.152736,0.178666,0.008104,-1.006196,-0.058627,1.027068,0.019362,-0.320466,-0.000976,-0.251273,-0.695605,1.055221,0.290424,-0.024119,-0.022653
8.900000,-0.369575,0.691327,1.034024,-0.302439,-0.006008,-0.011139,0.774556,0.574487,1.037715,-0.160466,0.122112,0.018134,0.851373,-0.487637,1.043770,0.150760,0.180073,0.007478,-1.005790,-0.065033,1.027048,0.021209,-0.320212,-0.001061,-0.245450,-0.696081,1.054764,0.291868,-0.023475,-0.023020
8.920000,-0.375602,0.691205,1.033814,-0.300311,-0.006251,-0.009898,0.771334,0.576906,1.038067,-0.161809,0.119748,0.017094,0.854369,-0.484021,1.043912,0.148809,0.181507,0.006810,-1.005348,-0.071435,1.027025,0.023038,-0.319905,-0.001157,-0.239598,-0.696544,1.054301,0.293264,-0.022852,-0.023296
8.940000,-0.381587,0.691077,1.033629,-0.298128,-0.006539,-0.008626,0.768084,0.579278,1.038398,-0.163185,0.117452,0.016019,0.857326,-0.480377,1.044042,0.146893,0.182970,0.006099,-1.004869,-0.077829,1.027001,0.024845,-0.319555,-0.001265,-0.233719,-0.696995,1.053833,0.294604,-0.022250,-0.023481
8.960000,-0.387527,0.690943,1.033469,-0.295890,-0.006871,-0.007325,0.764806,0.581604,1.038708,-0.164595,0.115222,0.014909,0.860245,-0.476702,1.044156,0.145012,0.184461,0.005344,-1.004354,-0.084217,1.026975,0.026630,-0.319161,-0.001384,-0.227814,-0.697435,1.053362,0.295887,-0.021669,-0.023576
8.980000,-0.393422,0.690802,1.033336,-0.293598,-0.007248,-0.005993,0.761500,0.583887,1.038995,-0.166037,0.113059,0.013764,0.863127,-0.472998,1.044255,0.143165,0.185980,0.004545,-1.003804,-0.090596,1.026946,0.028392,-0.318723,-0.001517,-0.221884,-0.697862,1.052891,0.297114,-0.021109,-0.023580
9.000000,-0.399271,0.690653,1.033230,-0.291252,-0.007670,-0.004632,0.758164,0.586127,1.039258,-0.167514,0.110962,0.012583,0.865972,-0.469263,1.044338,0.141354,0.187529,0.003703,-1.003218,-0.096965,1.026914,0.030132,-0.318242,-0.001661,-0.215930,-0.698279,1.052420,0.298285,-0.020570,-0.023494
9.020000,-0.405072,0.690495,1.033151,-0.288880,-0.008139,-0.003260,0.754799,0.588326,1.039498,-0.169027,0.108939,0.011371,0.868781,-0.465497,1.044403,0.139586,0.189109,0.002820,-1.002599,-0.103325,1.026879,0.031848,-0.317728,-0.001819,-0.209953,-0.698685,1.051951,0.299406,-0.020047,-0.023338
9.040000,-0.410826,0.690327,1.033099,-0.286512,-0.008659,-0.001898,0.751403,0.590485,1.039713,-0.170580,0.106995,0.010132,0.871555,-0.461699,1.044450,0.137868,0.190724,0.001896,-1.001945,-0.109674,1.026841,0.033537,-0.317193,-0.001992,-0.203954,-0.699081,1.051486,0.300485,-0.019536,-0.023135
9.060000,-0.416532,0.690148,1.033075,-0.284149,-0.009228,-0.000546,0.747975,0.592606,1.039903,-0.172174,0.105130,0.008864,0.874296,-0.457868,1.044479,0.136202,0.192374,0.000934,-1.001257,-0.116013,1.026799,0.035201,-0.316636,-0.002181,-0.197934,-0.699467,1.051026,0.301522,-0.019036,-0.022885
9.080000,-0.422192,0.689957,1.033077,-0.281789,-0.009848,0.000796,0.744516,0.594691,1.040067,-0.173808,0.103344,0.007569,0.877004,-0.454003,1.044487,0.134586,0.194060,-0.000069,-1.000537,-0.122340,1.026754,0.036839,-0.316059,-0.002384,-0.191894,-0.699843,1.050571,0.302517,-0.018548,-0.022587
9.100000,-0.427804,0.689754,1.033107,-0.279434,-0.010519,0.002129,0.741023,0.596741,1.040205,-0.175481,0.101637,0.006246,0.879680,-0.450105,1.044476,0.133021,0.195780,-0.001111,-0.999784,-0.128655,1.026704,0.038451,-0.315461,-0.002603,-0.185834,-0.700209,1.050123,0.303469,-0.018071,-0.022242
9.120000,-0.433369,0.689536,1.033162,-0.277108,-0.011238,0.003435,0.737496,0.598757,1.040317,-0.177199,0.100013,0.004904,0.882325,-0.446172,1.044443,0.131512,0.197541,-0.002184,-0.998999,-0.134958,1.026650,0.040040,-0.314852,-0.002837,-0.179755,-0.700565,1.049682,0.304388,-0.017605,-0.021866
9.140000,-0.438889,0.689304,1.033244,-0.274836,-0.012006,0.004700,0.733935,0.600742,1.040401,-0.178965,0.098474,0.003552,0.884941,-0.442203,1.044388,0.130062,0.199346,-0.003280,-0.998182,-0.141249,1.026590,0.041610,-0.314244,-0.003083,-0.173658,-0.700913,1.049248,0.305281,-0.017146,-0.021477
9.160000,-0.444363,0.689056,1.033350,-0.272618,-0.012821,0.005923,0.730337,0.602697,1.040459,-0.180778,0.097019,0.002190,0.887528,-0.438198,1.044311,0.128672,0.201195,-0.004399,-0.997335,-0.147528,1.026526,0.043160,-0.313636,-0.003343,-0.167544,-0.701251,1.048823,0.306148,-0.016696,-0.021074
9.180000,-0.449794,0.688791,1.033480,-0.270453,-0.013684,0.007104,0.726703,0.604623,1.040489,-0.182638,0.095649,0.000818,0.890088,-0.434155,1.044212,0.127342,0.203090,-0.005542,-0.996456,-0.153794,1.026457,0.044692,-0.313030,-0.003615,-0.161413,-0.701581,1.048406,0.306990,-0.016253,-0.020658
9.200000,-0.455182,0.688508,1.033634,-0.268343,-0.014596,0.008244,0.723031,0.606523,1.040492,-0.184547,0.094364,-0.000564,0.892622,-0.430074,1.044089,0.126072,0.205028,-0.006707,-0.995547,-0.160049,1.026381,0.046203,-0.312424,-0.003902,-0.155265,-0.701902,1.047997,0.307806,-0.015819,-0.020228
9.220000,-0.460528,0.688207,1.033810,-0.266306,-0.015553,0.009328,0.719321,0.608398,1.040466,-0.186505,0.093157,-0.001939,0.895131,-0.425953,1.043944,0.124860,0.207017,-0.007877,-0.994608,-0.166291,1.026301,0.047705,-0.311826,-0.004196,-0.149100,-0.702214,1.047597,0.308605,-0.015393,-0.019795
9.240000,-0.465835,0.687886,1.034007,-0.264363,-0.016556,0.010346,0.715571,0.610250,1.040414,-0.188514,0.092023,-0.003289,0.897617,-0.421793,1.043774,0.123705,0.209061,-0.009034,-0.993639,-0.172522,1.026214,0.049206,-0.311243,-0.004492,-0.142920,-0.702517,1.047205,0.309394,-0.014976,-0.019368
9.260000,-0.471103,0.687544,1.034223,-0.262513,-0.017602,0.011297,0.711780,0.612080,1.040335,-0.190575,0.090961,-0.004614,0.900080,-0.417591,1.043582,0.122608,0.211161,-0.010177,-0.992640,-0.178741,1.026121,0.050707,-0.310676,-0.004791,-0.136725,-0.702813,1.046822,0.310175,-0.014567,-0.018947
9.280000,-0.476336,0.687181,1.034458,-0.260757,-0.018694,0.012181,0.707947,0.613889,1.040230,-0.192688,0.089971,-0.005914,0.902521,-0.413346,1.043367,0.121568,0.213317,-0.011307,-0.991611,-0.184949,1.026022,0.052207,-0.310124,-0.005092,-0.130514,-0.703100,1.046447,0.310947,-0.014167,-0.018533
9.300000,-0.481534,0.686796,1.034710,-0.259094,-0.019830,0.012998,0.704072,0.615679,1.040099,-0.194852,0.089054,-0.007189,0.904943,-0.409058,1.043130,0.120586,0.215528,-0.012424,-0.990552,-0.191146,1.025917,0.053707,-0.309588,-0.005396,-0.124287,-0.703380,1.046080,0.311709,-0.013776,-0.018125
9.320000,-0.486700,0.686388,1.034977,-0.257531,-0.021013,0.013743,0.700153,0.617451,1.039942,-0.197076,0.088199,-0.008427,0.907345,-0.404724,1.042871,0.119652,0.217804,-0.013514,-0.989462,-0.197333,1.025806,0.055221,-0.309074,-0.005693,-0.118045,-0.703651,1.045722,0.312472,-0.013392,-0.017728
9.340000,-0.491836,0.685955,1.035259,-0.256071,-0.022246,0.014412,0.696189,0.619207,1.039762,-0.199368,0.087398,-0.009615,0.909729,-0.400345,1.042590,0.118757,0.220155,-0.014564,-0.988343,-0.203509,1.025690,0.056766,-0.308587,-0.005974,-0.111788,-0.703915,1.045371,0.313246,-0.013017,-0.017345
9.360000,-0.496944,0.685498,1.035553,-0.254717,-0.023528,0.015005,0.692178,0.620948,1.039558,-0.201729,0.086651,-0.010753,0.912096,-0.395918,1.042288,0.117902,0.222580,-0.015573,-0.987191,-0.209676,1.025567,0.058341,-0.308130,-0.006239,-0.105515,-0.704172,1.045028,0.314030,-0.012649,-0.016978
9.380000,-0.502025,0.685014,1.035859,-0.253466,-0.024861,0.015523,0.688119,0.622674,1.039332,-0.204157,0.085957,-0.011842,0.914446,-0.391441,1.041967,0.117085,0.225080,-0.016542,-0.986009,-0.215835,1.025440,0.059945,-0.307701,-0.006489,-0.099227,-0.704421,1.044692,0.314824,-0.012289,-0.016625
9.400000,-0.507083,0.684503,1.036174,-0.252320,-0.026243,0.015964,0.684011,0.624386,1.039085,-0.206654,0.085316,-0.012880,0.916779,-0.386914,1.041627,0.116307,0.227654,-0.017471,-0.984793,-0.221985,1.025308,0.061580,-0.307300,-0.006722,-0.092922,-0.704664,1.044363,0.315629,-0.011937,-0.016287
9.420000,-0.512119,0.683964,1.036497,-0.251276,-0.027679,0.016330,0.679852,0.626087,1.038817,-0.209225,0.084717,-0.013860,0.919098,-0.382335,1.041269,0.115553,0.230309,-0.018349,-0.983545,-0.228127,1.025171,0.063262,-0.306923,-0.006932,-0.086602,-0.704899,1.044040,0.316439,-0.011594,-0.015956
9.440000,-0.517135,0.683395,1.036827,-0.250331,-0.029175,0.016622,0.675642,0.627775,1.038531,-0.211877,0.084146,-0.014773,0.921402,-0.377701,1.040893,0.114808,0.233048,-0.019167,-0.982263,-0.234262,1.025031,0.065007,-0.306566,-0.007111,-0.080265,-0.705127,1.043725,0.317247,-0.011264,-0.015625
9.460000,-0.522133,0.682796,1.037161,-0.249485,-0.030731,0.016840,0.671377,0.629453,1.038227,-0.214609,0.083604,-0.015619,0.923690,-0.373012,1.040502,0.114071,0.235872,-0.019923,-0.980944,-0.240390,1.024887,0.066816,-0.306228,-0.007259,-0.073912,-0.705349,1.043415,0.318055,-0.010945,-0.015294
9.480000,-0.527115,0.682166,1.037500,-0.248739,-0.032347,0.016983,0.667057,0.631119,1.037906,-0.217422,0.083091,-0.016397,0.925965,-0.368266,1.040097,0.113344,0.238781,-0.020620,-0.979590,-0.246511,1.024741,0.068688,-0.305910,-0.007376,-0.067543,-0.705565,1.043113,0.318862,-0.010639,-0.014962
9.500000,-0.532083,0.681502,1.037840,-0.248093,-0.034022,0.017053,0.662679,0.632776,1.037571,-0.220315,0.082606,-0.017108,0.928224,-0.363460,1.039678,0.112625,0.241775,-0.021255,-0.978197,-0.252626,1.024592,0.070624,-0.305611,-0.007462,-0.061157,-0.705775,1.042817,0.319669,-0.010344,-0.014630
9.520000,-0.537039,0.680804,1.038181,-0.247539,-0.035762,0.017052,0.658243,0.634424,1.037223,-0.223287,0.082140,-0.017746,0.930469,-0.358594,1.039247,0.111898,0.244849,-0.021823,-0.976764,-0.258735,1.024442,0.072631,-0.305315,-0.007511,-0.054756,-0.705979,1.042528,0.320480,-0.010056,-0.014300
9.540000,-0.541985,0.680071,1.038522,-0.247073,-0.037572,0.016985,0.653747,0.636062,1.036862,-0.226338,0.081685,-0.018308,0.932700,-0.353666,1.038806,0.111148,0.248001,-0.022317,-0.975291,-0.264839,1.024292,0.074717,-0.305006,-0.007515,-0.048338,-0.706177,1.042245,0.321304,-0.009769,-0.013974
9.560000,-0.546923,0.679301,1.038860,-0.246694,-0.039453,0.016852,0.649189,0.637691,1.036491,-0.229466,0.081240,-0.018792,0.934915,-0.348674,1.038355,0.110374,0.251230,-0.022737,-0.973775,-0.270936,1.024142,0.076883,-0.304683,-0.007475,-0.041904,-0.706370,1.041969,0.322139,-0.009485,-0.013652
9.580000,-0.551853,0.678493,1.039195,-0.246401,-0.041403,0.016654,0.644568,0.639312,1.036111,-0.232672,0.080804,-0.019198,0.937115,-0.343616,1.037897,0.109577,0.254536,-0.023083,-0.972215,-0.277026,1.023993,0.079127,-0.304348,-0.007391,-0.035452,-0.706557,1.041699,0.322985,-0.009201,-0.013334
9.600000,-0.556779,0.677644,1.039526,-0.246196,-0.043424,0.016389,0.639882,0.640924,1.035723,-0.235957,0.080379,-0.019527,0.939298,-0.338492,1.037432,0.108756,0.257919,-0.023356,-0.970609,-0.283109,1.023847,0.081450,-0.303999,-0.007263,-0.028984,-0.706738,1.041435,0.323843,-0.008920,-0.013019
9.620000,-0.561702,0.676755,1.039851,-0.246071,-0.045519,0.016065,0.635130,0.642527,1.035330,-0.239305,0.079958,-0.019778,0.941465,-0.333299,1.036963,0.107898,0.261360,-0.023551,-0.968956,-0.289186,1.023703,0.083844,-0.303624,-0.007090,-0.022498,-0.706914,1.041178,0.324717,-0.008639,-0.012709
9.640000,-0.566623,0.675823,1.040168,-0.246016,-0.047692,0.015687,0.630310,0.644122,1.034933,-0.242703,0.079532,-0.019948,0.943614,-0.328037,1.036491,0.106992,0.264842,-0.023667,-0.967255,-0.295254,1.023563,0.086302,-0.303211,-0.006871,-0.015995,-0.707083,1.040927,0.325611,-0.008357,-0.012403
9.660000,-0.571543,0.674847,1.040478,-0.246033,-0.049941,0.015256,0.625421,0.645708,1.034533,-0.246151,0.079103,-0.020039,0.945744,-0.322705,1.036017,0.106037,0.268365,-0.023703,-0.965504,-0.301314,1.023429,0.088823,-0.302761,-0.006606,-0.009474,-0.707248,1.040682,0.326524,-0.008076,-0.012100
9.680000,-0.576464,0.673825,1.040778,-0.246122,-0.052269,0.014771,0.620463,0.647286,1.034132,-0.249648,0.078670,-0.020051,0.947855,-0.317302,1.035543,0.105033,0.271927,-0.023660,-0.963702,-0.307364,1.023300,0.091406,-0.302273,-0.006295,-0.002934,-0.707407,1.040443,0.327458,-0.007795,-0.011801
9.700000,-0.581388,0.672756,1.041068,-0.246283,-0.054674,0.014232,0.615435,0.648855,1.033731,-0.253196,0.078234,-0.019982,0.949945,-0.311828,1.035071,0.103980,0.275530,-0.023537,-0.961847,-0.313405,1.023177,0.094053,-0.301747,-0.005938,0.003625,-0.707560,1.040210,0.328411,-0.007513,-0.011505
9.720000,-0.586316,0.671638,1.041347,-0.246506,-0.057156,0.013647,0.610335,0.650415,1.033333,-0.256767,0.077789,-0.019838,0.952014,-0.306281,1.034602,0.102873,0.279141,-0.023336,-0.959939,-0.319434,1.023062,0.096744,-0.301178,-0.005542,0.010202,-0.707707,1.039983,0.329371,-0.007232,-0.011204
9.740000,-0.591249,0.670469,1.041614,-0.246782,-0.059715,0.013023,0.605164,0.651966,1.032938,-0.260335,0.077329,-0.019621,0.954060,-0.300662,1.034138,0.101705,0.282728,-0.023059,-0.957977,-0.325451,1.022956,0.099460,-0.300562,-0.005111,0.016799,-0.707849,1.039762,0.330323,-0.006954,-0.010886
9.760000,-0.596188,0.669248,1.041868,-0.247113,-0.062351,0.012360,0.599922,0.653508,1.032549,-0.263899,0.076854,-0.019330,0.956082,-0.294972,1.033680,0.100477,0.286291,-0.022707,-0.955961,-0.331456,1.022858,0.102201,-0.299899,-0.004646,0.023415,-0.707985,1.039547,0.331268,-0.006679,-0.010553
9.780000,-0.601134,0.667974,1.042108,-0.247498,-0.065064,0.011658,0.594608,0.655040,1.032166,-0.267461,0.076366,-0.018968,0.958078,-0.289211,1.033230,0.099190,0.289831,-0.022278,-0.953889,-0.337447,1.022770,0.104966,-0.299188,-0.004147,0.030050,-0.708116,1.039340,0.332205,-0.006406,-0.010203
9.800000,-0.606088,0.666645,1.042334,-0.247936,-0.067855,0.010917,0.589223,0.656563,1.031791,-0.271020,0.075862,-0.018532,0.960049,-0.283379,1.032789,0.097842,0.293346,-0.021774,-0.951762,-0.343423,1.022692,0.107757,-0.298430,-0.003614,0.036703,-0.708241,1.039139,0.333135,-0.006136,-0.009837
9.820000,-0.611051,0.665260,1.042544,-0.248417,-0.070716,0.010146,0.583768,0.658075,1.031425,-0.274549,0.075343,-0.018034,0.961992,-0.277477,1.032360,0.096440,0.296811,-0.021204,-0.949579,-0.349384,1.022626,0.110551,-0.297633,-0.003059,0.043375,-0.708361,1.038946,0.334052,-0.005861,-0.009459
9.840000,-0.616025,0.663816,1.042739,-0.248932,-0.073642,0.009351,0.578242,0.659576,1.031069,-0.278022,0.074805,-0.017485,0.963906,-0.271507,1.031942,0.094991,0.300199,-0.020578,-0.947340,-0.355328,1.022570,0.113326,-0.296807,-0.002497,0.050065,-0.708476,1.038761,0.334949,-0.005575,-0.009074
9.860000,-0.621009,0.662314,1.042918,-0.249478,-0.076633,0.008534,0.572647,0.661067,1.030726,-0.281438,0.074249,-0.016884,0.965791,-0.265470,1.031537,0.093495,0.303510,-0.019897,-0.945046,-0.361256,1.022526,0.116084,-0.295950,-0.001927,0.056773,-0.708584,1.038583,0.335828,-0.005278,-0.008681
9.880000,-0.626004,0.660751,1.043081,-0.250058,-0.079688,0.007695,0.566985,0.662546,1.030394,-0.284798,0.073675,-0.016231,0.967646,-0.259367,1.031146,0.091952,0.306745,-0.019160,-0.942697,-0.367166,1.022493,0.118823,-0.295063,-0.001348,0.063498,-0.708687,1.038414,0.336687,-0.004969,-0.008281
9.900000,-0.631011,0.659126,1.043226,-0.250670,-0.082809,0.006832,0.561256,0.664014,1.030077,-0.288101,0.073083,-0.015527,0.969469,-0.253200,1.030771,0.090362,0.309902,-0.018367,-0.940293,-0.373058,1.022472,0.121544,-0.294145,-0.000762,0.070240,-0.708783,1.038252,0.337527,-0.004650,-0.007873
9.920000,-0.636031,0.657438,1.043354,-0.251301,-0.085980,0.005957,0.555461,0.665469,1.029774,-0.291331,0.072474,-0.014789,0.971260,-0.246972,1.030412,0.088738,0.312971,-0.017536,-0.937835,-0.378932,1.022463,0.124232,-0.293199,-0.000175,0.076999,-0.708873,1.038099,0.338338,-0.004316,-0.007461
9.940000,-0.641064,0.655686,1.043464,-0.251937,-0.089189,0.005077,0.549603,0.666913,1.029485,-0.294474,0.071848,-0.014036,0.973018,-0.240682,1.030070,0.087096,0.315942,-0.016687,-0.935324,-0.384786,1.022465,0.126869,-0.292226,0.000404,0.083774,-0.708956,1.037954,0.339109,-0.003965,-0.007050
9.960000,-0.646109,0.653870,1.043557,-0.252578,-0.092436,0.004193,0.543683,0.668343,1.029212,-0.297528,0.071206,-0.013268,0.974744,-0.234334,1.029744,0.085434,0.318814,-0.015819,-0.932761,-0.390621,1.022479,0.129458,-0.291225,0.000975,0.090563,-0.709031,1.037817,0.339839,-0.003597,-0.006639
9.980000,-0.651167,0.651989,1.043632,-0.253223,-0.095720,0.003305,0.537702,0.669761,1.028955,-0.300495,0.070548,-0.012484,0.976435,-0.227930,1.029437,0.083754,0.321587,-0.014932,-0.930146,-0.396435,1.022504,0.131997,-0.290197,0.001539,0.097367,-0.709099,1.037688,0.340530,-0.003213,-0.006229
10.000000,-0.656238,0.650041,1.043689,-0.253873,-0.099042,0.002412,0.531664,0.671165,1.028713,-0.303373,0.069872,-0.011685,0.978094,-0.221472,1.029147,0.082055,0.324261,-0.014027,-0.927481,-0.402228,1.022540,0.134487,-0.289142,0.002096,0.104184,-0.709160,1.037568,0.341180,-0.002811,-0.005819
10.020000,-0.661321,0.648027,1.043728,-0.254508,-0.102379,0.001527,0.525568,0.672556,1.028487,-0.306148,0.069180,-0.010883,0.979718,-0.214961,1.028876,0.080345,0.326823,-0.013114,-0.924767,-0.408000,1.022588,0.136915,-0.288053,0.002640,0.111014,-0.709212,1.037455,0.341777,-0.002389,-0.005414
10.040000,-0.666418,0.645946,1.043750,-0.255109,-0.105710,0.000660,0.519418,0.673932,1.028278,-0.308805,0.068469,-0.010089,0.981307,-0.208400,1.028623,0.078632,0.329259,-0.012205,-0.922005,-0.413750,1.022646,0.139272,-0.286926,0.003167,0.117855,-0.709255,1.037351,0.342306,-0.001945,-0.005018
10.060000,-0.671526,0.643798,1.043755,-0.255675,-0.109036,-0.000190,0.513217,0.675294,1.028084,-0.311344,0.067740,-0.009304,0.982863,-0.201791,1.028388,0.076918,0.331568,-0.011301,-0.919197,-0.419477,1.022714,0.141556,-0.285760,0.003676,0.124706,-0.709289,1.037255,0.342768,-0.001478,-0.004632
10.080000,-0.676644,0.641584,1.043743,-0.256206,-0.112355,-0.001020,0.506965,0.676642,1.027905,-0.313765,0.066993,-0.008527,0.984384,-0.195138,1.028171,0.075201,0.333751,-0.010401,-0.916343,-0.425180,1.022793,0.143767,-0.284555,0.004168,0.131565,-0.709314,1.037166,0.343161,-0.000988,-0.004256
10.100000,-0.681774,0.639304,1.043714,-0.256702,-0.115668,-0.001833,0.500667,0.677974,1.027743,-0.316068,0.066228,-0.007759,0.985871,-0.188442,1.027972,0.073483,0.335808,-0.009505,-0.913447,-0.430859,1.022881,0.145906,-0.283312,0.004642,0.138432,-0.709329,1.037084,0.343488,-0.000475,-0.003890
10.120000,-0.686912,0.636958,1.043670,-0.257134,-0.118945,-0.002613,0.494324,0.679291,1.027595,-0.318237,0.065441,-0.007008,0.987323,-0.181706,1.027790,0.071765,0.337721,-0.008621,-0.910508,-0.436513,1.022978,0.147963,-0.282017,0.005095,0.145304,-0.709333,1.037010,0.343727,0.000062,-0.003539
10.140000,-0.692058,0.634547,1.043610,-0.257473,-0.122158,-0.003344,0.487938,0.680591,1.027462,-0.320257,0.064629,-0.006280,0.988741,-0.174934,1.027627,0.070051,0.339474,-0.007755,-0.907529,-0.442139,1.023084,0.149927,-0.280655,0.005523,0.152180,-0.709326,1.036943,0.343861,0.000628,-0.003207
10.160000,-0.697210,0.632072,1.043536,-0.257719,-0.125306,-0.004027,0.481514,0.681876,1.027344,-0.322126,0.063791,-0.005576,0.990125,-0.168128,1.027480,0.068342,0.341067,-0.006906,-0.904511,-0.447738,1.023199,0.151800,-0.279228,0.005927,0.159058,-0.709308,1.036882,0.343889,0.001222,-0.002896
10.180000,-0.702366,0.629535,1.043449,-0.257872,-0.128389,-0.004663,0.475054,0.683143,1.027239,-0.323845,0.062929,-0.004896,0.991475,-0.161293,1.027350,0.066637,0.342499,-0.006076,-0.901457,-0.453308,1.023321,0.153580,-0.277735,0.006306,0.165935,-0.709277,1.036827,0.343811,0.001843,-0.002605
10.200000,-0.707525,0.626937,1.043350,-0.257932,-0.131408,-0.005250,0.468562,0.684393,1.027148,-0.325415,0.062042,-0.004241,0.992791,-0.154430,1.027237,0.064936,0.343772,-0.005264,-0.898369,-0.458847,1.023451,0.155268,-0.276176,0.006661,0.172810,-0.709234,1.036777,0.343627,0.002493,-0.002333
10.220000,-0.712683,0.624279,1.043240,-0.257872,-0.134327,-0.005788,0.462039,0.685624,1.027069,-0.326814,0.061122,-0.003613,0.994073,-0.147543,1.027140,0.063237,0.344861,-0.004473,-0.895247,-0.464354,1.023588,0.156855,-0.274529,0.006990,0.179679,-0.709177,1.036733,0.343311,0.003172,-0.002086
10.240000,-0.717839,0.621565,1.043119,-0.257666,-0.137114,-0.006276,0.455490,0.686837,1.027003,-0.328021,0.060164,-0.003016,0.995320,-0.140636,1.027058,0.061537,0.345744,-0.003706,-0.892095,-0.469828,1.023730,0.158330,-0.272771,0.007290,0.186541,-0.709107,1.036694,0.342837,0.003883,-0.001868
10.260000,-0.722989,0.618796,1.042989,-0.257312,-0.139769,-0.006714,0.448919,0.688031,1.026948,-0.329037,0.059167,-0.002452,0.996534,-0.133715,1.026991,0.059838,0.346420,-0.002963,-0.888915,-0.475265,1.023879,0.159695,-0.270902,0.007562,0.193392,-0.709022,1.036658,0.342203,0.004625,-0.001678
10.280000,-0.728130,0.615975,1.042851,-0.256812,-0.142290,-0.007102,0.442330,0.689204,1.026905,-0.329861,0.058132,-0.001919,0.997714,-0.126781,1.026939,0.058138,0.346890,-0.002244,-0.885708,-0.480663,1.024033,0.160949,-0.268923,0.007806,0.200228,-0.708921,1.036626,0.341410,0.005398,-0.001516
10.300000,-0.733260,0.613105,1.042705,-0.256166,-0.144679,-0.007441,0.435726,0.690356,1.026871,-0.330494,0.057057,-0.001417,0.998860,-0.119840,1.026901,0.056439,0.347154,-0.001548,-0.882478,-0.486021,1.024191,0.162093,-0.266832,0.008021,0.207047,-0.708805,1.036597,0.340459,0.006203,-0.001383
10.320000,-0.738376,0.610189,1.042553,-0.255347,-0.146918,-0.007739,0.429112,0.691486,1.026848,-0.330906,0.055933,-0.000947,0.999971,-0.112896,1.026877,0.054730,0.347181,-0.000874,-0.879225,-0.491335,1.024353,0.163116,-0.264596,0.008209,0.213845,-0.708673,1.036571,0.339313,0.007039,-0.001279
10.340000,-0.743473,0.607229,1.042396,-0.254330,-0.148988,-0.008009,0.422492,0.692592,1.026833,-0.331068,0.054747,-0.000507,1.001049,-0.105955,1.026866,0.053005,0.346937,-0.000221,-0.875954,-0.496603,1.024519,0.164009,-0.262181,0.008371,0.220618,-0.708524,1.036546,0.337937,0.007907,-0.001206
10.360000,-0.748547,0.604230,1.042233,-0.253115,-0.150891,-0.008248,0.415871,0.693675,1.026827,-0.330980,0.053501,-0.000097,1.002091,-0.099021,1.026868,0.051263,0.346424,0.000412,-0.872666,-0.501821,1.024688,0.164772,-0.259586,0.008506,0.227361,-0.708357,1.036522,0.336330,0.008805,-0.001163
10.380000,-0.753596,0.601195,1.042066,-0.251702,-0.152626,-0.008458,0.409254,0.694732,1.026829,-0.330641,0.052193,0.000283,1.003099,-0.092100,1.026882,0.049504,0.345641,0.001024,-0.869364,-0.506986,1.024859,0.165405,-0.256811,0.008615,0.234070,-0.708171,1.036499,0.334492,0.009735,-0.001151
10.400000,-0.758614,0.598126,1.041895,-0.250092,-0.154193,-0.008639,0.402647,0.695762,1.026838,-0.330053,0.050823,0.000632,1.004071,-0.085197,1.026909,0.047728,0.344588,0.001617,-0.866050,-0.512093,1.025032,0.165908,-0.253857,0.008697,0.240739,-0.707967,1.036476,0.332424,0.010696,-0.001170
10.420000,-0.763598,0.595028,1.041721,-0.248247,-0.155576,-0.008796,0.396054,0.696765,1.026854,-0.329179,0.049378,0.000955,1.005008,-0.078318,1.026947,0.045922,0.343227,0.002193,-0.862728,-0.517138,1.025207,0.166271,-0.250681,0.008755,0.247365,-0.707743,1.036452,0.330083,0.011686,-0.001219
10.440000,-0.768542,0.591905,1.041543,-0.246131,-0.156761,-0.008936,0.389482,0.697737,1.026876,-0.327983,0.047843,0.001254,1.005908,-0.071470,1.026997,0.044074,0.341519,0.002759,-0.859401,-0.522118,1.025383,0.166484,-0.247241,0.008791,0.253940,-0.707499,1.036427,0.327425,0.012703,-0.001297
10.460000,-0.773442,0.588759,1.041363,-0.243745,-0.157746,-0.009059,0.382937,0.698678,1.026904,-0.326464,0.046217,0.001531,1.006771,-0.064660,1.027057,0.042184,0.339463,0.003313,-0.856070,-0.527026,1.025559,0.166546,-0.243537,0.008805,0.260460,-0.707235,1.036400,0.324451,0.013747,-0.001404
10.480000,-0.778290,0.585596,1.041181,-0.241088,-0.158533,-0.009165,0.376425,0.699585,1.026937,-0.324623,0.044501,0.001785,1.007595,-0.057894,1.027129,0.040252,0.337060,0.003856,-0.852740,-0.531858,1.025735,0.166459,-0.239569,0.008797,0.266916,-0.706949,1.036371,0.321161,0.014818,-0.001541
10.500000,-0.783083,0.582419,1.040997,-0.238160,-0.159121,-0.009254,0.369954,0.700457,1.026975,-0.322459,0.042694,0.002015,1.008380,-0.051180,1.027211,0.038277,0.334309,0.004388,-0.849413,-0.536607,1.025910,0.166221,-0.235336,0.008767,0.273304,-0.706642,1.036338,0.317554,0.015916,-0.001707
10.520000,-0.787815,0.579233,1.040811,-0.234918,-0.159496,-0.009329,0.363529,0.701292,1.027018,-0.319933,0.040780,0.002228,1.009126,-0.044524,1.027304,0.036245,0.331168,0.004914,-0.846092,-0.541269,1.026085,0.165823,-0.230792,0.008718,0.279616,-0.706313,1.036302,0.313584,0.017037,-0.001900
10.540000,-0.792478,0.576041,1.040624,-0.231318,-0.159645,-0.009395,0.357159,0.702087,1.027065,-0.317002,0.038742,0.002428,1.009830,-0.037936,1.027408,0.034140,0.327593,0.005440,-0.842781,-0.545837,1.026259,0.165254,-0.225889,0.008651,0.285845,-0.705960,1.036262,0.309203,0.018173,-0.002121
10.560000,-0.797065,0.572848,1.040435,-0.227359,-0.159567,-0.009450,0.350852,0.702841,1.027115,-0.313668,0.036580,0.002615,1.010491,-0.031423,1.027522,0.031962,0.323584,0.005966,-0.839483,-0.550302,1.026431,0.164515,-0.220626,0.008568,0.291981,-0.705585,1.036217,0.304411,0.019327,-0.002368
10.580000,-0.801570,0.569660,1.040246,-0.223042,-0.159263,-0.009496,0.344615,0.703550,1.027169,-0.309930,0.034293,0.002789,1.011108,-0.024995,1.027647,0.029711,0.319141,0.006492,-0.836201,-0.554659,1.026601,0.163606,-0.215004,0.008468,0.298018,-0.705187,1.036167,0.299209,0.020497,-0.002642
10.600000,-0.805984,0.566479,1.040055,-0.218366,-0.158733,-0.009531,0.338457,0.704212,1.027226,-0.305789,0.031882,0.002951,1.011679,-0.018661,1.027782,0.027387,0.314264,0.007018,-0.832940,-0.558900,1.026770,0.162525,-0.209023,0.008352,0.303947,-0.704765,1.036112,0.293596,0.021684,-0.002942
10.620000,-0.810301,0.563312,1.039865,-0.213285,-0.157965,-0.009559,0.332387,0.704824,1.027287,-0.301213,0.029324,0.003097,1.012203,-0.012428,1.027927,0.024966,0.308918,0.007541,-0.829702,-0.563018,1.026935,0.161265,-0.202635,0.008220,0.309759,-0.704320,1.036050,0.287525,0.022879,-0.003269
10.640000,-0.814513,0.560163,1.039673,-0.207749,-0.156947,-0.009582,0.326412,0.705384,1.027350,-0.296174,0.026598,0.003225,1.012677,-0.006307,1.028083,0.022424,0.303069,0.008059,-0.826490,-0.567003,1.027098,0.159816,-0.195794,0.008076,0.315445,-0.703850,1.035981,0.280948,0.024071,-0.003620
10.660000,-0.818608,0.557036,1.039481,-0.201760,-0.155679,-0.009599,0.320543,0.705887,1.027416,-0.290672,0.023704,0.003336,1.013099,-0.000309,1.028250,0.019760,0.296717,0.008572,-0.823310,-0.570846,1.027258,0.158177,-0.188499,0.007918,0.320994,-0.703357,1.035905,0.273865,0.025262,-0.003996
10.680000,-0.822580,0.553937,1.039289,-0.195317,-0.154161,-0.009611,0.314788,0.706331,1.027484,-0.284706,0.020641,0.003429,1.013466,0.005558,1.028426,0.016974,0.289863,0.009080,-0.820165,-0.574539,1.027415,0.156348,-0.180750,0.007748,0.326396,-0.702840,1.035821,0.266276,0.026451,-0.004397
10.700000,-0.826418,0.550871,1.039097,-0.188421,-0.152394,-0.009617,0.309158,0.706711,1.027553,-0.278276,0.017409,0.003505,1.013777,0.011283,1.028613,0.014067,0.282505,0.009582,-0.817058,-0.578073,1.027568,0.154330,-0.172547,0.007565,0.331641,-0.702299,1.035729,0.258181,0.027638,-0.004823
10.720000,-0.830113,0.547843,1.038905,-0.181024,-0.150369,-0.009620,0.303660,0.707026,1.027624,-0.271350,0.013988,0.003562,1.014028,0.016855,1.028809,0.011016,0.274608,0.010077,-0.813993,-0.581438,1.027718,0.152116,-0.163845,0.007370,0.336719,-0.701734,1.035628,0.249517,0.028806,-0.005264
10.740000,-0.833655,0.544858,1.038712,-0.173079,-0.148079,-0.009623,0.298307,0.707270,1.027695,-0.263894,0.010359,0.003599,1.014216,0.022263,1.029016,0.007802,0.266135,0.010562,-0.810974,-0.584623,1.027863,0.149698,-0.154597,0.007164,0.341618,-0.701147,1.035518,0.240220,0.029937,-0.005713
10.760000,-0.837033,0.541922,1.038520,-0.164588,-0.145523,-0.009625,0.293108,0.707439,1.027767,-0.255909,0.006521,0.003617,1.014339,0.027496,1.029232,0.004424,0.257088,0.011036,-0.808006,-0.587618,1.028004,0.147075,-0.144805,0.006946,0.346324,-0.700537,1.035399,0.230290,0.031030,-0.006168
10.780000,-0.840235,0.539039,1.038327,-0.155549,-0.142701,-0.009626,0.288074,0.707529,1.027840,-0.247394,0.002475,0.003615,1.014392,0.032543,1.029457,0.000882,0.247465,0.011501,-0.805093,-0.590412,1.028141,0.144249,-0.134468,0.006717,0.350825,-0.699906,1.035271,0.219727,0.032087,-0.006629
10.800000,-0.843251,0.536215,1.038135,-0.145962,-0.139615,-0.009626,0.283216,0.707536,1.027912,-0.238349,-0.001781,0.003593,1.014373,0.037391,1.029692,-0.002825,0.237267,0.011956,-0.802238,-0.592993,1.028273,0.141219,-0.123585,0.006476,0.355109,-0.699254,1.035134,0.208532,0.033106,-0.007098
10.820000,-0.846070,0.533456,1.037942,-0.135789,-0.136261,-0.009629,0.278544,0.707456,1.027983,-0.228746,-0.006261,0.003550,1.014278,0.042029,1.029935,-0.006712,0.226465,0.012396,-0.799445,-0.595351,1.028400,0.137982,-0.112124,0.006224,0.359162,-0.698582,1.034987,0.196649,0.034070,-0.007570
10.840000,-0.848679,0.530767,1.037749,-0.124990,-0.132638,-0.009636,0.274070,0.707284,1.028054,-0.218558,-0.010983,0.003485,1.014103,0.046445,1.030187,-0.010796,0.215030,0.012819,-0.796720,-0.597474,1.028522,0.134533,-0.100051,0.005958,0.362970,-0.697892,1.034831,0.184026,0.034960,-0.008042
10.860000,-0.851065,0.528152,1.037557,-0.113564,-0.128747,-0.009649,0.269806,0.707015,1.028123,-0.207783,-0.015945,0.003399,1.013845,0.050626,1.030448,-0.015077,0.202961,0.013223,-0.794065,-0.599349,1.028638,0.130875,-0.087365,0.005680,0.366518,-0.697184,1.034666,0.170663,0.035778,-0.008516
10.880000,-0.853217,0.525619,1.037363,-0.101512,-0.124587,-0.009666,0.265763,0.706645,1.028190,-0.196423,-0.021149,0.003290,1.013499,0.054560,1.030716,-0.019555,0.190259,0.013610,-0.791486,-0.600965,1.028749,0.127005,-0.074067,0.005388,0.369791,-0.696461,1.034491,0.156559,0.036522,-0.008989
10.900000,-0.855122,0.523171,1.037170,-0.088833,-0.120159,-0.009689,0.261953,0.706168,1.028254,-0.184477,-0.026594,0.003160,1.013061,0.058233,1.030992,-0.024230,0.176923,0.013979,-0.788987,-0.602308,1.028853,0.122925,-0.060156,0.005084,0.372775,-0.695724,1.034306,0.141714,0.037193,-0.009464
10.920000,-0.856766,0.520814,1.036976,-0.075503,-0.115469,-0.009721,0.258388,0.705579,1.028316,-0.171931,-0.032290,0.003006,1.012528,0.061632,1.031275,-0.029121,0.162956,0.014315,-0.786571,-0.603367,1.028952,0.118637,-0.045613,0.004764,0.375455,-0.694974,1.034112,0.126095,0.037781,-0.009939
10.940000,-0.858137,0.518554,1.036781,-0.061498,-0.110524,-0.009765,0.255080,0.704874,1.028374,-0.158769,-0.038246,0.002827,1.011895,0.064747,1.031565,-0.034245,0.148358,0.014605,-0.784242,-0.604128,1.029044,0.114142,-0.030418,0.004427,0.377814,-0.694213,1.033908,0.109667,0.038276,-0.010413
10.960000,-0.859221,0.516395,1.036585,-0.046818,-0.105325,-0.009822,0.252041,0.704048,1.028429,-0.144992,-0.044462,0.002624,1.011157,0.067562,1.031859,-0.039602,0.133130,0.014849,-0.782006,-0.604579,1.029129,0.109441,-0.014569,0.004073,0.379836,-0.693444,1.033695,0.092431,0.038679,-0.010887
10.980000,-0.860005,0.514342,1.036388,-0.031463,-0.099871,-0.009891,0.249284,0.703094,1.028479,-0.130600,-0.050940,0.002396,1.010309,0.070068,1.032158,-0.045194,0.117271,0.015046,-0.779866,-0.604707,1.029207,0.104534,0.001932,0.003702,0.381506,-0.692667,1.033473,0.074386,0.038990,-0.011360
11.000000,-0.860475,0.512402,1.036189,-0.015432,-0.094162,-0.009973,0.246821,0.702009,1.028524,-0.115592,-0.057678,0.002142,1.009348,0.072249,1.032461,-0.051019,0.100781,0.015197,-0.777826,-0.604498,1.029277,0.099421,0.019085,0.003313,0.382806,-0.691885,1.033241,0.055533,0.039209,-0.011834
11.020000,-0.860618,0.510577,1.035989,0.001273,-0.088216,-0.010072,0.244664,0.700785,1.028564,-0.099977,-0.064675,0.001863,1.008267,0.074095,1.032766,-0.057089,0.083684,0.015291,-0.775891,-0.603939,1.029339,0.094111,0.036881,0.002904,0.383722,-0.691099,1.033000,0.035873,0.039328,-0.012306
11.040000,-0.860420,0.508874,1.035786,0.018651,-0.082051,-0.010191,0.242826,0.699420,1.028599,-0.083762,-0.071929,0.001555,1.007062,0.075593,1.033072,-0.063418,0.066005,0.015319,-0.774063,-0.603018,1.029393,0.088613,0.055311,0.002472,0.384236,-0.690312,1.032749,0.015409,0.039343,-0.012778
11.060000,-0.859868,0.507297,1.035581,0.036703,-0.075666,-0.010331,0.241318,0.697907,1.028626,-0.066947,-0.079442,0.001218,1.005729,0.076731,1.033378,-0.070004,0.047742,0.015281,-0.772347,-0.601722,1.029438,0.082927,0.074374,0.002017,0.384333,-0.689526,1.032489,-0.005861,0.039253,-0.013249
11.080000,-0.858947,0.505849,1.035373,0.055428,-0.069061,-0.010492,0.240152,0.696240,1.028647,-0.049533,-0.087213,0.000853,1.004261,0.077498,1.033683,-0.076848,0.028895,0.015176,-0.770747,-0.600039,1.029473,0.077054,0.094071,0.001539,0.383996,-0.688743,1.032219,-0.027935,0.039058,-0.013719
11.100000,-0.857646,0.504536,1.035161,0.074826,-0.062237,-0.010673,0.239341,0.694416,1.028660,-0.031518,-0.095242,0.000460,1.002653,0.077883,1.033985,-0.083950,0.009466,0.015006,-0.769266,-0.597955,1.029499,0.070993,0.114400,0.001038,0.383210,-0.687964,1.031940,-0.050814,0.038757,-0.014189
11.120000,-0.855950,0.503361,1.034946,0.094859,-0.055221,-0.010878,0.238895,0.692429,1.028665,-0.012942,-0.103510,0.000038,1.000901,0.077873,1.034282,-0.091307,-0.010487,0.014762,-0.767909,-0.595459,1.029515,0.064761,0.135319,0.000512,0.381958,-0.687193,1.031651,-0.074444,0.038350,-0.014657
11.140000,-0.853848,0.502328,1.034726,0.115487,-0.048045,-0.011109,0.238826,0.690274,1.028662,0.006155,-0.111998,-0.000415,0.998999,0.077460,1.034575,-0.098915,-0.030904,0.014440,-0.766677,-0.592539,1.029520,0.058374,0.156782,-0.000040,0.380227,-0.686431,1.031353,-0.098773,0.037833,-0.015124
11.160000,-0.851327,0.501440,1.034501,0.136711,-0.040706,-0.011366,0.239145,0.687948,1.028649,0.025774,-0.120706,-0.000897,0.996943,0.076634,1.034859,-0.106775,-0.051785,0.014038,-0.765575,-0.589184,1.029513,0.051834,0.178790,-0.000619,0.378003,-0.685680,1.031046,-0.123799,0.037207,-0.015590
11.180000,-0.848375,0.500701,1.034271,0.158531,-0.033207,-0.011649,0.239861,0.685445,1.028626,0.045914,-0.129635,-0.001409,0.994726,0.075386,1.035136,-0.114887,-0.073130,0.013557,-0.764605,-0.585384,1.029495,0.045140,0.201341,-0.001225,0.375271,-0.684944,1.030730,-0.149523,0.036472,-0.016054
11.200000,-0.844982,0.500113,1.034035,0.180946,-0.025545,-0.011959,0.240985,0.682761,1.028592,0.066576,-0.138784,-0.001950,0.992345,0.073706,1.035401,-0.123251,-0.094939,0.012998,-0.763770,-0.581127,1.029464,0.038292,0.224437,-0.001858,0.372017,-0.684222,1.030404,-0.175945,0.035627,-0.016517
11.220000,-0.841134,0.499680,1.033793,0.203865,-0.017763,-0.012293,0.242527,0.679892,1.028547,0.087680,-0.148110,-0.002519,0.989795,0.071586,1.035655,-0.131839,-0.117103,0.012359,-0.763074,-0.576403,1.029420,0.031313,0.247979,-0.002516,0.368229,-0.683519,1.030069,-0.202944,0.034679,-0.016976
11.240000,-0.836824,0.499403,1.033543,0.227196,-0.009901,-0.012651,0.244494,0.676836,1.028491,0.109147,-0.157568,-0.003112,0.987070,0.069020,1.035895,-0.140626,-0.139516,0.011643,-0.762518,-0.571205,1.029363,0.024227,0.271868,-0.003196,0.363896,-0.682836,1.029725,-0.230397,0.033630,-0.017428
11.260000,-0.832044,0.499284,1.033287,0.250938,-0.001959,-0.013032,0.246895,0.673589,1.028423,0.130976,-0.167158,-0.003729,0.984168,0.066004,1.036120,-0.149611,-0.162176,0.010848,-0.762106,-0.565526,1.029292,0.017035,0.296103,-0.003898,0.359010,-0.682175,1.029372,-0.258306,0.032483,-0.017873
11.280000,-0.826784,0.499325,1.033022,0.275092,0.006063,-0.013436,0.249736,0.670148,1.028342,0.153167,-0.176880,-0.004370,0.981085,0.062531,1.036328,-0.158795,-0.185084,0.009975,-0.761838,-0.559359,1.029207,0.009735,0.320686,-0.004624,0.353561,-0.681537,1.029010,-0.286669,0.031235,-0.018312
11.300000,-0.821037,0.499527,1.032749,0.299658,0.014166,-0.013864,0.253024,0.666512,1.028248,0.175720,-0.186735,-0.005035,0.977815,0.058599,1.036519,-0.168177,-0.208240,0.009023,-0.761717,-0.552696,1.029107,0.002329,0.345615,-0.005372,0.347540,-0.680926,1.028640,-0.315487,0.029889,-0.018745
11.320000,-0.814796,0.499892,1.032467,0.324473,0.022296,-0.014306,0.256766,0.662679,1.028140,0.198506,-0.196643,-0.005713,0.974357,0.054201,1.036689,-0.177697,-0.231474,0.008006,-0.761745,-0.545533,1.028992,-0.005156,0.370726,-0.006133,0.340940,-0.680342,1.028261,-0.344552,0.028458,-0.019162
11.340000,-0.808058,0.500419,1.032177,0.349374,0.030403,-0.014753,0.260965,0.658647,1.028019,0.221395,-0.206526,-0.006396,0.970707,0.049340,1.036838,-0.187295,-0.254619,0.006934,-0.761923,-0.537867,1.028862,-0.012689,0.395852,-0.006897,0.333758,-0.679788,1.027873,-0.373657,0.026958,-0.019557
11.360000,-0.800820,0.501108,1.031877,0.374362,0.038487,-0.015204,0.265623,0.654418,1.027885,0.244386,-0.216383,-0.007081,0.966864,0.044017,1.036966,-0.196972,-0.277675,0.005808,-0.762253,-0.529699,1.028716,-0.020272,0.420994,-0.007665,0.325993,-0.679264,1.027479,-0.402801,0.025388,-0.019928
11.380000,-0.793083,0.501958,1.031569,0.399435,0.046546,-0.015660,0.270741,0.649992,1.027736,0.267479,-0.226215,-0.007771,0.962828,0.038234,1.037070,-0.206726,-0.300641,0.004627,-0.762735,-0.521027,1.028555,-0.027904,0.446152,-0.008436,0.317646,-0.678773,1.027076,-0.431985,0.023750,-0.020276
11.400000,-0.784842,0.502970,1.031251,0.424596,0.054582,-0.016120,0.276323,0.645369,1.027574,0.290675,-0.236022,-0.008464,0.958595,0.031992,1.037151,-0.216559,-0.323517,0.003393,-0.763369,-0.511853,1.028379,-0.035585,0.471325,-0.009210,0.308714,-0.678315,1.026668,-0.461209,0.022042,-0.020602
11.420000,-0.776099,0.504141,1.030924,0.449669,0.062536,-0.016579,0.282368,0.640552,1.027398,0.313818,-0.245718,-0.009153,0.954165,0.025295,1.037206,-0.226403,-0.346123,0.002116,-0.764158,-0.502175,1.028187,-0.043278,0.496339,-0.009980,0.299198,-0.677892,1.026253,-0.490276,0.020283,-0.020900
11.440000,-0.766857,0.505470,1.030588,0.474480,0.070349,-0.017029,0.288874,0.635542,1.027208,0.336750,-0.255215,-0.009830,0.949539,0.018150,1.037235,-0.236189,-0.368279,0.000808,-0.765100,-0.492001,1.027979,-0.050946,0.521017,-0.010740,0.289105,-0.677504,1.025832,-0.518993,0.018493,-0.021169
11.460000,-0.757122,0.506954,1.030243,0.499029,0.078021,-0.017471,0.295836,0.630344,1.027004,0.359472,-0.264515,-0.010496,0.944718,0.010567,1.037238,-0.245919,-0.389984,-0.000530,-0.766196,-0.481337,1.027757,-0.058590,0.545361,-0.011488,0.278441,-0.677152,1.025406,-0.547359,0.016670,-0.021407
11.480000,-0.746898,0.508590,1.029889,0.523316,0.085553,-0.017904,0.303251,0.624963,1.026788,0.381984,-0.273617,-0.011150,0.939703,0.002554,1.037214,-0.255592,-0.411239,-0.001899,-0.767444,-0.470189,1.027520,-0.066209,0.569369,-0.012225,0.267213,-0.676837,1.024976,-0.575374,0.014815,-0.021615
11.500000,-0.736191,0.510375,1.029527,0.547342,0.092945,-0.018329,0.311114,0.619401,1.026558,0.404287,-0.282521,-0.011793,0.934495,-0.005880,1.037162,-0.265209,-0.432044,-0.003299,-0.768844,-0.458564,1.027268,-0.073804,0.593042,-0.012952,0.255428,-0.676560,1.024542,-0.603038,0.012927,-0.021793
11.520000,-0.725007,0.512307,1.029156,0.570934,0.100139,-0.018741,0.319420,0.613664,1.026316,0.426212,-0.291141,-0.012418,0.929095,-0.014724,1.037082,-0.274685,-0.452213,-0.004718,-0.770396,-0.446471,1.027002,-0.081333,0.616208,-0.013663,0.243095,-0.676320,1.024104,-0.630171,0.011028,-0.021940
11.540000,-0.713358,0.514379,1.028777,0.593919,0.107080,-0.019136,0.328159,0.607758,1.026062,0.447593,-0.299390,-0.013022,0.923509,-0.023963,1.036973,-0.283937,-0.471559,-0.006141,-0.772097,-0.433921,1.026722,-0.088755,0.638695,-0.014354,0.230226,-0.676119,1.023664,-0.656590,0.009138,-0.022058
11.560000,-0.701254,0.516588,1.028391,0.616296,0.113768,-0.019513,0.337320,0.601691,1.025796,0.468431,-0.307268,-0.013603,0.917739,-0.033581,1.036836,-0.292965,-0.490082,-0.007571,-0.773945,-0.420928,1.026428,-0.096070,0.660502,-0.015024,0.216836,-0.675955,1.023222,-0.682298,0.007258,-0.022146
11.580000,-0.688710,0.518928,1.027997,0.638067,0.120202,-0.019874,0.346893,0.595470,1.025518,0.488725,-0.314775,-0.014161,0.911792,-0.043561,1.036670,-0.301768,-0.507784,-0.009006,-0.775939,-0.407505,1.026121,-0.103279,0.681631,-0.015674,0.202939,-0.675828,1.022779,-0.707292,0.005386,-0.022204
11.600000,-0.675736,0.521395,1.027596,0.659230,0.126382,-0.020217,0.356866,0.589102,1.025229,0.508474,-0.321911,-0.014698,0.905670,-0.053886,1.036476,-0.310348,-0.524662,-0.010446,-0.778075,-0.393667,1.025801,-0.110380,0.702080,-0.016304,0.188549,-0.675739,1.022334,-0.731574,0.003524,-0.022232
11.620000,-0.662346,0.523982,1.027188,0.679634,0.132265,-0.020541,0.367227,0.582596,1.024930,0.527527,-0.328603,-0.015208,0.899380,-0.064541,1.036252,-0.318611,-0.540569,-0.011879,-0.780353,-0.379427,1.025469,-0.117334,0.721700,-0.016910,0.173682,-0.675687,1.021889,-0.754995,0.001689,-0.022233
11.640000,-0.648557,0.526683,1.026774,0.699124,0.137808,-0.020841,0.377961,0.575961,1.024621,0.545729,-0.334775,-0.015686,0.892928,-0.075502,1.036001,-0.326463,-0.555354,-0.013289,-0.782768,-0.364805,1.025125,-0.124101,0.740340,-0.017490,0.158356,-0.675671,1.021445,-0.777407,-0.000100,-0.022208
11.660000,-0.634387,0.529492,1.026355,0.717701,0.143010,-0.021118,0.389051,0.569209,1.024303,0.563081,-0.340428,-0.016134,0.886324,-0.086747,1.035721,-0.333905,-0.569017,-0.014677,-0.785316,-0.349820,1.024770,-0.130681,0.757999,-0.018044,0.142592,-0.675691,1.021001,-0.798811,-0.001843,-0.022158
11.680000,-0.619855,0.532401,1.025930,0.735365,0.147872,-0.021371,0.400479,0.562348,1.023976,0.579581,-0.345562,-0.016551,0.879575,-0.098255,1.035414,-0.340937,-0.581558,-0.016043,-0.787994,-0.334492,1.024403,-0.137073,0.774678,-0.018572,0.126410,-0.675745,1.020559,-0.819206,-0.003541,-0.022083
11.700000,-0.604978,0.535404,1.025500,0.752115,0.152392,-0.021601,0.412228,0.555389,1.023641,0.595232,-0.350177,-0.016937,0.872689,-0.110002,1.035079,-0.347558,-0.592977,-0.017387,-0.790797,-0.318840,1.024027,-0.143279,0.790377,-0.019074,0.109831,-0.675832,1.020118,-0.838593,-0.005193,-0.021983
11.720000,-0.589777,0.538494,1.025066,0.767840,0.156549,-0.021805,0.424282,0.548344,1.023299,0.609916,-0.354223,-0.017289,0.865676,-0.121966,1.034718,-0.353686,-0.603193,-0.018696,-0.793723,-0.302884,1.023641,-0.149265,0.804989,-0.019549,0.092874,-0.675952,1.019680,-0.856870,-0.006788,-0.021859
11.740000,-0.574272,0.541664,1.024628,0.782428,0.160320,-0.021980,0.436618,0.541225,1.022950,0.623520,-0.357653,-0.017602,0.858546,-0.134121,1.034332,-0.359239,-0.612124,-0.019955,-0.796766,-0.286648,1.023245,-0.154999,0.818408,-0.019993,0.075564,-0.676103,1.019244,-0.873936,-0.008312,-0.021715
11.760000,-0.558487,0.544905,1.024187,0.795880,0.163704,-0.022124,0.449215,0.534042,1.022595,0.636042,-0.360464,-0.017877,0.851310,-0.146442,1.033921,-0.364217,-0.619772,-0.021166,-0.799922,-0.270156,1.022841,-0.160481,0.830633,-0.020407,0.057925,-0.676284,1.018811,-0.889791,-0.009766,-0.021549
11.780000,-0.542445,0.548209,1.023743,0.808194,0.166701,-0.022240,0.462052,0.526810,1.022235,0.647484,-0.362659,-0.018113,0.843981,-0.158904,1.033486,-0.368620,-0.626135,-0.022328,-0.803184,-0.253431,1.022429,-0.165712,0.841664,-0.020792,0.039981,-0.676493,1.018382,-0.904436,-0.011151,-0.021363
11.800000,-0.526167,0.551570,1.023297,0.819372,0.169312,-0.022326,0.475107,0.519540,1.021871,0.657845,-0.364237,-0.018312,0.836569,-0.171479,1.033028,-0.372447,-0.631215,-0.023441,-0.806548,-0.236497,1.022010,-0.170691,0.851502,-0.021146,0.021755,-0.676730,1.017957,-0.917870,-0.012465,-0.021156
11.820000,-0.509678,0.554979,1.022850,0.829357,0.171537,-0.022379,0.488358,0.512245,1.021503,0.667069,-0.365183,-0.018470,0.829087,-0.184144,1.032548,-0.375651,-0.635009,-0.024495,-0.810010,-0.219379,1.021583,-0.175398,0.860097,-0.021468,0.003274,-0.676991,1.017536,-0.930051,-0.013705,-0.020928
11.840000,-0.493001,0.558429,1.022402,0.838092,0.173375,-0.022397,0.501782,0.504937,1.021132,0.675101,-0.365486,-0.018584,0.821548,-0.196871,1.032048,-0.378182,-0.637519,-0.025479,-0.813562,-0.202102,1.021151,-0.179814,0.867398,-0.021755,-0.015438,-0.677277,1.017120,-0.940935,-0.014866,-0.020679
11.860000,-0.476162,0.561912,1.021955,0.845579,0.174826,-0.022379,0.515355,0.497630,1.020760,0.681939,-0.365145,-0.018655,0.813964,-0.209636,1.031530,-0.380041,-0.638744,-0.026392,-0.817200,-0.184692,1.020713,-0.183940,0.873407,-0.022007,-0.034355,-0.677585,1.016709,-0.950522,-0.015946,-0.020409
11.880000,-0.459186,0.565419,1.021508,0.851816,0.175891,-0.022325,0.529052,0.490336,1.020386,0.687585,-0.364160,-0.018683,0.806350,-0.222412,1.030993,-0.381228,-0.638684,-0.027236,-0.820918,-0.167174,1.020271,-0.187774,0.878122,-0.022224,-0.053450,-0.677915,1.016304,-0.958813,-0.016948,-0.020118
11.900000,-0.442098,0.568945,1.021062,0.856804,0.176570,-0.022236,0.542850,0.483068,1.020013,0.692039,-0.362531,-0.018668,0.798720,-0.235175,1.030441,-0.381742,-0.637339,-0.028011,-0.824709,-0.149575,1.019825,-0.191317,0.881545,-0.022406,-0.072699,-0.678263,1.015904,-0.965807,-0.017870,-0.019805
11.920000,-0.424923,0.572480,1.020618,0.860548,0.176882,-0.022109,0.556725,0.475839,1.019640,0.695305,-0.360282,-0.018610,0.791085,-0.247898,1.029873,-0.381579,-0.634778,-0.028710,-0.828569,-0.131921,1.019375,-0.194563,0.883685,-0.022550,-0.092074,-0.678629,1.015512,-0.971519,-0.018715,-0.019471
11.940000,-0.407684,0.576018,1.020178,0.863050,0.176847,-0.021943,0.570654,0.468660,1.019269,0.697390,-0.357434,-0.018509,0.783461,-0.260558,1.029293,-0.380736,-0.631070,-0.029331,-0.832490,-0.114236,1.018923,-0.197507,0.884552,-0.022654,-0.111551,-0.679011,1.015126,-0.975963,-0.019483,-0.019113
11.960000,-0.390409,0.579551,1.019741,0.864311,0.176466,-0.021737,0.584613,0.461545,1.018900,0.698293,-0.353988,-0.018365,0.775860,-0.273133,1.028701,-0.379213,-0.626215,-0.029872,-0.836467,-0.096547,1.018469,-0.200148,0.884147,-0.022719,-0.131104,-0.679408,1.014747,-0.979140,-0.020176,-0.018732
11.980000,-0.373120,0.583074,1.019309,0.864332,0.175738,-0.021492,0.598578,0.454505,1.018534,0.698014,-0.349945,-0.018178,0.768297,-0.285599,1.028098,-0.377010,-0.620213,-0.030335,-0.840494,-0.078879,1.018014,-0.202487,0.882469,-0.022743,-0.150708,-0.679817,1.014377,-0.981048,-0.020793,-0.018328
12.000000,-0.355844,0.586579,1.018881,0.863111,0.174664,-0.021208,0.612526,0.447551,1.018173,0.696554,-0.345304,-0.017948,0.760785,-0.297934,1.027488,-0.374126,-0.613065,-0.030718,-0.844564,-0.061257,1.017560,-0.204524,0.879519,-0.022728,-0.170337,-0.680239,1.014014,-0.981689,-0.021335,-0.017901
12.020000,-0.338604,0.590058,1.018460,0.860705,0.173276,-0.020888,0.626433,0.440696,1.017817,0.693968,-0.340120,-0.017680,0.753336,-0.310115,1.026870,-0.370599,-0.604889,-0.031025,-0.848673,-0.043706,1.017106,-0.206263,0.875358,-0.022674,-0.189968,-0.680670,1.013661,-0.981123,-0.021807,-0.017452
12.040000,-0.321423,0.593508,1.018046,0.857168,0.171610,-0.020533,0.640277,0.433950,1.017466,0.690313,-0.334449,-0.017379,0.745965,-0.322123,1.026247,-0.366468,-0.595805,-0.031260,-0.852813,-0.026250,1.016653,-0.207709,0.870050,-0.022583,-0.209575,-0.681111,1.013316,-0.979411,-0.022216,-0.016982
12.060000,-0.304325,0.596921,1.017639,0.852501,0.169666,-0.020145,0.654038,0.427322,1.017122,0.685589,-0.328291,-0.017044,0.738682,-0.333941,1.025620,-0.361731,-0.585813,-0.031422,-0.856979,-0.008912,1.016202,-0.208861,0.863595,-0.022454,-0.229136,-0.681559,1.012981,-0.976553,-0.022562,-0.016492
12.080000,-0.287331,0.600293,1.017241,0.846703,0.167443,-0.019722,0.667694,0.420821,1.016784,0.679795,-0.321646,-0.016676,0.731499,-0.345550,1.024991,-0.356390,-0.574914,-0.031512,-0.861165,0.008286,1.015755,-0.209721,0.855992,-0.022288,-0.248629,-0.682013,1.012657,-0.972549,-0.022846,-0.015981
12.100000,-0.270464,0.603617,1.016851,0.839775,0.164941,-0.019266,0.681223,0.414459,1.016455,0.672932,-0.314514,-0.016275,0.724430,-0.356931,1.024360,-0.350443,-0.563107,-0.031529,-0.865366,0.025320,1.015311,-0.210287,0.847241,-0.022085,-0.268031,-0.682472,1.012342,-0.967399,-0.023068,-0.015450
12.120000,-0.253746,0.606889,1.016470,0.831816,0.162203,-0.018783,0.694605,0.408244,1.016134,0.665101,-0.306976,-0.015849,0.717485,-0.368069,1.023730,-0.343966,-0.550541,-0.031484,-0.869575,0.042168,1.014872,-0.210572,0.837449,-0.021849,-0.287318,-0.682935,1.012039,-0.961196,-0.023236,-0.014902
12.140000,-0.237197,0.610104,1.016099,0.822926,0.159270,-0.018282,0.707821,0.402182,1.015821,0.656404,-0.299112,-0.015407,0.710674,-0.378949,1.023101,-0.337032,-0.537369,-0.031385,-0.873787,0.058812,1.014437,-0.210589,0.826720,-0.021585,-0.306472,-0.683401,1.011746,-0.954034,-0.023361,-0.014342
12.160000,-0.220836,0.613258,1.015739,0.813106,0.156142,-0.017761,0.720855,0.396281,1.015517,0.646839,-0.290923,-0.014950,0.704007,-0.389560,1.022475,-0.329642,-0.523588,-0.031234,-0.877997,0.075231,1.014009,-0.210336,0.815055,-0.021295,-0.325473,-0.683869,1.011465,-0.945912,-0.023442,-0.013771
12.180000,-0.204679,0.616348,1.015389,0.802354,0.152820,-0.017221,0.733689,0.390547,1.015223,0.636408,-0.282408,-0.014478,0.697492,-0.399888,1.021852,-0.321795,-0.509200,-0.031030,-0.882199,0.091408,1.013586,-0.209815,0.802454,-0.020977,-0.344302,-0.684339,1.011196,-0.936830,-0.023479,-0.013188
12.200000,-0.188748,0.619370,1.015050,0.790671,0.149303,-0.016662,0.746306,0.384987,1.014938,0.625110,-0.273567,-0.013990,0.691138,-0.409923,1.021234,-0.313492,-0.494204,-0.030774,-0.886388,0.107323,1.013170,-0.209025,0.788917,-0.020632,-0.362940,-0.684808,1.010938,-0.926789,-0.023473,-0.012593
12.220000,-0.173058,0.622319,1.014723,0.778186,0.145634,-0.016095,0.758688,0.379606,1.014663,0.613079,-0.264493,-0.013498,0.684955,-0.419654,1.020622,-0.304828,-0.478757,-0.030478,-0.890558,0.122959,1.012761,-0.207985,0.774583,-0.020268,-0.381368,-0.685277,1.010692,-0.915897,-0.023434,-0.011993
12.240000,-0.157625,0.625194,1.014407,0.765027,0.141856,-0.015531,0.770825,0.374408,1.014398,0.600446,-0.255275,-0.013015,0.678947,-0.429072,1.020015,-0.295901,-0.463014,-0.030158,-0.894705,0.138302,1.012359,-0.206714,0.759592,-0.019893,-0.399571,-0.685745,1.010458,-0.904263,-0.023373,-0.011395
12.260000,-0.142461,0.627993,1.014101,0.751193,0.137969,-0.014970,0.782702,0.369396,1.014143,0.587212,-0.245914,-0.012540,0.673120,-0.438172,1.019415,-0.286710,-0.446977,-0.029812,-0.898825,0.153338,1.011965,-0.205211,0.743945,-0.019507,-0.417534,-0.686212,1.010236,-0.891886,-0.023289,-0.010799
12.280000,-0.127582,0.630712,1.013808,0.736686,0.133972,-0.014413,0.794309,0.364573,1.013897,0.573377,-0.236409,-0.012074,0.667480,-0.446949,1.018823,-0.277257,-0.430645,-0.029441,-0.902912,0.168055,1.011579,-0.203477,0.727640,-0.019110,-0.435241,-0.686677,1.010026,-0.878766,-0.023184,-0.010205
12.300000,-0.112998,0.633351,1.013525,0.721504,0.129866,-0.013859,0.805633,0.359941,1.013660,0.558941,-0.226762,-0.011616,0.662032,-0.455396,1.018238,-0.267539,-0.414018,-0.029045,-0.906963,0.182440,1.011201,-0.201512,0.710679,-0.018702,-0.452679,-0.687139,1.009828,-0.864905,-0.023056,-0.009614
12.320000,-0.098725,0.635906,1.013253,0.705768,0.125686,-0.013321,0.816664,0.355503,1.013432,0.544029,-0.217044,-0.011180,0.656780,-0.463509,1.017661,-0.257643,-0.397225,-0.028638,-0.910971,0.196479,1.010831,-0.199331,0.693198,-0.018293,-0.469833,-0.687599,1.009641,-0.850408,-0.022911,-0.009032
12.340000,-0.084771,0.638378,1.012992,0.689596,0.121467,-0.012813,0.827392,0.351259,1.013212,0.528769,-0.207328,-0.010777,0.651727,-0.471285,1.017092,-0.247652,-0.380394,-0.028234,-0.914935,0.210165,1.010469,-0.196947,0.675333,-0.017891,-0.486692,-0.688056,1.009466,-0.835383,-0.022753,-0.008470
12.360000,-0.071144,0.640765,1.012740,0.672989,0.117210,-0.012333,0.837812,0.347210,1.013001,0.513159,-0.197614,-0.010409,0.646874,-0.478724,1.016532,-0.237567,-0.363525,-0.027833,-0.918848,0.223490,1.010115,-0.194362,0.657083,-0.017497,-0.503245,-0.688509,1.009303,-0.819830,-0.022583,-0.007927
12.380000,-0.057854,0.643066,1.012498,0.655947,0.112914,-0.011883,0.847916,0.343354,1.012796,0.497199,-0.187902,-0.010075,0.642225,-0.485826,1.015979,-0.227387,-0.346618,-0.027435,-0.922708,0.236446,1.009769,-0.191574,0.638450,-0.017112,-0.519482,-0.688959,1.009149,-0.803748,-0.022401,-0.007403
12.400000,-0.044909,0.645281,1.012265,0.638470,0.108579,-0.011463,0.857698,0.339694,1.012597,0.480891,-0.178192,-0.009775,0.637779,-0.492588,1.015434,-0.217112,-0.329674,-0.027040,-0.926510,0.249025,1.009431,-0.188584,0.619434,-0.016734,-0.535392,-0.689405,1.009006,-0.787139,-0.022207,-0.006898
12.420000,-0.032317,0.647409,1.012040,0.620670,0.104234,-0.011081,0.867150,0.336226,1.012405,0.464351,-0.168538,-0.009518,0.633540,-0.499013,1.014897,-0.206818,-0.312800,-0.026657,-0.930250,0.261221,1.009099,-0.185410,0.600154,-0.016376,-0.550965,-0.689847,1.008873,-0.770104,-0.022002,-0.006423
12.440000,-0.020084,0.649451,1.011821,0.602660,0.099905,-0.010747,0.876271,0.332951,1.012216,0.447698,-0.158994,-0.009312,0.629506,-0.505102,1.014368,-0.196577,-0.296103,-0.026293,-0.933925,0.273030,1.008775,-0.182068,0.580733,-0.016050,-0.566194,-0.690285,1.008749,-0.752744,-0.021787,-0.005989
12.460000,-0.008212,0.651406,1.011609,0.584440,0.095592,-0.010462,0.885057,0.329866,1.012032,0.430931,-0.149561,-0.009157,0.625677,-0.510858,1.013845,-0.186391,-0.279584,-0.025949,-0.937531,0.284450,1.008457,-0.178558,0.561170,-0.015757,-0.581072,-0.690718,1.008633,-0.735059,-0.021563,-0.005597
12.480000,0.003292,0.653274,1.011403,0.566010,0.091296,-0.010224,0.893507,0.326968,1.011850,0.414051,-0.140238,-0.009054,0.622050,-0.516286,1.013330,-0.176259,-0.263244,-0.025624,-0.941066,0.295476,1.008145,-0.174881,0.541465,-0.015496,-0.595594,-0.691147,1.008525,-0.717050,-0.021329,-0.005246
12.500000,0.014427,0.655057,1.011200,0.547370,0.087016,-0.010035,0.901619,0.324256,1.011669,0.397058,-0.131025,-0.009003,0.618626,-0.521389,1.012820,-0.166182,-0.247080,-0.025320,-0.944526,0.306107,1.007837,-0.171036,0.521619,-0.015267,-0.609752,-0.691572,1.008423,-0.698716,-0.021086,-0.004936
12.520000,0.025187,0.656755,1.011001,0.528619,0.082772,-0.009899,0.909390,0.321726,1.011489,0.380054,-0.121960,-0.009005,0.615402,-0.526171,1.012317,-0.156214,-0.231172,-0.025038,-0.947907,0.316341,1.007534,-0.167047,0.501732,-0.015078,-0.623541,-0.691991,1.008327,-0.680134,-0.020835,-0.004675
12.540000,0.035571,0.658369,1.010804,0.509857,0.078584,-0.009818,0.916822,0.319376,1.011309,0.363141,-0.113079,-0.009064,0.612376,-0.530638,1.011819,-0.146411,-0.215593,-0.024782,-0.951207,0.326177,1.007234,-0.162938,0.481905,-0.014934,-0.636956,-0.692405,1.008236,-0.661382,-0.020578,-0.004471
12.560000,0.045581,0.659899,1.010608,0.491083,0.074451,-0.009795,0.923916,0.317202,1.011126,0.346318,-0.104382,-0.009178,0.609545,-0.534797,1.011325,-0.136774,-0.200345,-0.024552,-0.954423,0.335617,1.006936,-0.158708,0.462137,-0.014837,-0.649995,-0.692814,1.008148,-0.642460,-0.020314,-0.004323
12.580000,0.055215,0.661347,1.010412,0.472298,0.070373,-0.009828,0.930675,0.315200,1.010941,0.329586,-0.095869,-0.009349,0.606904,-0.538654,1.010836,-0.127302,-0.185428,-0.024348,-0.957554,0.344663,1.006640,-0.154358,0.442430,-0.014786,-0.662653,-0.693217,1.008063,-0.623367,-0.020044,-0.004231
12.600000,0.064473,0.662714,1.010214,0.453502,0.066351,-0.009917,0.937100,0.313366,1.010752,0.312944,-0.087540,-0.009577,0.604452,-0.542216,1.010351,-0.117995,-0.170841,-0.024169,-0.960597,0.353315,1.006344,-0.149888,0.422782,-0.014781,-0.674928,-0.693616,1.007978,-0.604104,-0.019768,-0.004195
12.620000,0.073355,0.664002,1.010015,0.434780,0.062397,-0.010062,0.943194,0.311697,1.010558,0.296463,-0.079415,-0.009859,0.602183,-0.545490,1.009869,-0.108886,-0.156624,-0.024017,-0.963549,0.361575,1.006048,-0.145326,0.403277,-0.014824,-0.686817,-0.694008,1.007894,-0.584742,-0.019486,-0.004219
12.640000,0.081865,0.665211,1.009811,0.416219,0.058524,-0.010260,0.948960,0.310188,1.010357,0.280214,-0.071511,-0.010194,0.600095,-0.548484,1.009390,-0.100006,-0.142818,-0.023891,-0.966409,0.369447,1.005751,-0.140702,0.383997,-0.014916,-0.698318,-0.694395,1.007809,-0.565353,-0.019200,-0.004304
12.660000,0.090005,0.666343,1.009604,0.397818,0.054733,-0.010511,0.954404,0.308835,1.010150,0.264195,-0.063829,-0.010583,0.598181,-0.551206,1.008914,-0.091357,-0.129423,-0.023792,-0.969177,0.376936,1.005451,-0.136015,0.364943,-0.015057,-0.709431,-0.694776,1.007722,-0.545935,-0.018910,-0.004452
12.680000,0.097779,0.667401,1.009391,0.379579,0.051023,-0.010816,0.959529,0.307633,1.009934,0.248408,-0.056369,-0.011026,0.596439,-0.553664,1.008439,-0.082937,-0.116438,-0.023720,-0.971850,0.384047,1.005149,-0.131265,0.346115,-0.015247,-0.720155,-0.695151,1.007631,-0.526490,-0.018615,-0.004661
12.700000,0.105189,0.668385,1.009171,0.361500,0.047395,-0.011174,0.964342,0.306578,1.009708,0.232852,-0.049132,-0.011521,0.594862,-0.555866,1.007965,-0.074747,-0.103864,-0.023674,-0.974427,0.390783,1.004841,-0.126453,0.327512,-0.015486,-0.730490,-0.695521,1.007535,-0.507018,-0.018317,-0.004932
12.720000,0.112240,0.669297,1.008943,0.343637,0.043854,-0.011581,0.968845,0.305666,1.009472,0.217574,-0.042122,-0.012066,0.593447,-0.557821,1.007491,-0.066803,-0.091715,-0.023653,-0.976907,0.397149,1.004529,-0.121602,0.309184,-0.015773,-0.740436,-0.695884,1.007433,-0.487584,-0.018015,-0.005264
12.740000,0.118936,0.670139,1.008707,0.326044,0.040407,-0.012033,0.973047,0.304892,1.009225,0.202619,-0.035347,-0.012655,0.592189,-0.559538,1.007018,-0.059120,-0.080006,-0.023655,-0.979291,0.403152,1.004210,-0.116736,0.291183,-0.016106,-0.749994,-0.696241,1.007324,-0.468257,-0.017710,-0.005653
12.760000,0.125284,0.670914,1.008462,0.308721,0.037054,-0.012530,0.976952,0.304251,1.008966,0.187989,-0.028807,-0.013288,0.591081,-0.561024,1.006545,-0.051700,-0.068738,-0.023681,-0.981577,0.408799,1.003884,-0.111855,0.273509,-0.016484,-0.759167,-0.696592,1.007207,-0.449037,-0.017403,-0.006101
12.780000,0.131287,0.671622,1.008206,0.291669,0.033794,-0.013071,0.980568,0.303738,1.008693,0.173682,-0.022502,-0.013965,0.590119,-0.562290,1.006071,-0.044541,-0.057910,-0.023731,-0.983765,0.414095,1.003550,-0.106960,0.256160,-0.016909,-0.767957,-0.696937,1.007080,-0.429922,-0.017094,-0.006607
12.800000,0.136952,0.672266,1.007939,0.274886,0.030629,-0.013658,0.983902,0.303349,1.008407,0.159698,-0.016431,-0.014686,0.589297,-0.563344,1.005596,-0.037645,-0.047523,-0.023804,-0.985855,0.419047,1.003208,-0.102049,0.239138,-0.017379,-0.776365,-0.697276,1.006942,-0.410914,-0.016781,-0.007171
12.820000,0.142285,0.672848,1.007659,0.258405,0.027559,-0.014283,0.986959,0.303079,1.008106,0.146069,-0.010595,-0.015444,0.588611,-0.564194,1.005119,-0.031016,-0.037575,-0.023898,-0.987847,0.423663,1.002855,-0.097144,0.222469,-0.017892,-0.784394,-0.697609,1.006792,-0.392078,-0.016467,-0.007787
12.840000,0.147291,0.673369,1.007367,0.242257,0.024585,-0.014941,0.989747,0.302924,1.007789,0.132825,-0.004991,-0.016232,0.588055,-0.564850,1.004640,-0.024662,-0.028067,-0.024011,-0.989741,0.427948,1.002492,-0.092262,0.206181,-0.018442,-0.792049,-0.697935,1.006630,-0.373481,-0.016151,-0.008448
12.860000,0.151977,0.673832,1.007061,0.226440,0.021709,-0.015631,0.992274,0.302878,1.007456,0.119965,0.000380,-0.017050,0.587623,-0.565319,1.004158,-0.018581,-0.018998,-0.024141,-0.991538,0.431912,1.002117,-0.087405,0.190272,-0.019030,-0.799335,-0.698255,1.006454,-0.355121,-0.015835,-0.009156
12.880000,0.156350,0.674238,1.006742,0.210957,0.018930,-0.016354,0.994548,0.302938,1.007107,0.107490,0.005518,-0.017898,0.587310,-0.565612,1.003674,-0.012775,-0.010369,-0.024291,-0.993237,0.435562,1.001730,-0.082573,0.174744,-0.019657,-0.806256,-0.698568,1.006264,-0.336999,-0.015517,-0.009909
12.900000,0.160418,0.674590,1.006407,0.195805,0.016247,-0.017110,0.996577,0.303097,1.006740,0.095400,0.010424,-0.018776,0.587110,-0.565737,1.003186,-0.007243,-0.002179,-0.024458,-0.994841,0.438905,1.001330,-0.077765,0.159596,-0.020321,-0.812817,-0.698875,1.006057,-0.319116,-0.015197,-0.010708
12.920000,0.164185,0.674889,1.006057,0.181000,0.013660,-0.017890,0.998367,0.303353,1.006356,0.083701,0.015105,-0.019676,0.587018,-0.565702,1.002695,-0.001979,0.005589,-0.024641,-0.996348,0.441948,1.000917,-0.072998,0.144840,-0.021018,-0.819022,-0.699176,1.005835,-0.301513,-0.014878,-0.011546
12.940000,0.167660,0.675137,1.005691,0.166557,0.011168,-0.018689,0.999927,0.303700,1.005953,0.072402,0.019572,-0.020592,0.587029,-0.565516,1.002201,0.003026,0.012954,-0.024837,-0.997761,0.444701,1.000490,-0.068287,0.130487,-0.021741,-0.824879,-0.699470,1.005595,-0.284233,-0.014558,-0.012414
12.960000,0.170850,0.675336,1.005309,0.152476,0.008770,-0.019505,1.001266,0.304134,1.005532,0.061501,0.023824,-0.021524,0.587138,-0.565187,1.001702,0.007770,0.019915,-0.025046,-0.999080,0.447170,1.000047,-0.063633,0.116539,-0.022491,-0.830394,-0.699758,1.005338,-0.267277,-0.014239,-0.013314
12.980000,0.173761,0.675488,1.004911,0.138756,0.006467,-0.020339,1.002390,0.304652,1.005092,0.051000,0.027862,-0.022472,0.587338,-0.564722,1.001199,0.012254,0.026472,-0.025269,-1.000307,0.449365,0.999590,-0.059035,0.102993,-0.023268,-0.835572,-0.700040,1.005063,-0.250643,-0.013919,-0.014245
13.000000,0.176402,0.675595,1.004496,0.125398,0.004259,-0.021190,1.003308,0.305247,1.004633,0.040898,0.031685,-0.023436,0.587626,-0.564131,1.000691,0.016478,0.032626,-0.025504,-1.001442,0.451293,0.999116,-0.054495,0.089852,-0.024071,-0.840422,-0.700315,1.004768,-0.234333,-0.013600,-0.015207
13.020000,0.178780,0.675659,1.004063,0.112407,0.002142,-0.022052,1.004028,0.305918,1.004154,0.031187,0.035307,-0.024409,0.587996,-0.563420,1.000179,0.020456,0.038404,-0.025749,-1.002487,0.452962,0.998627,-0.050025,0.077117,-0.024895,-0.844948,-0.700584,1.004454,-0.218370,-0.013282,-0.016192
13.040000,0.180901,0.675682,1.003614,0.099786,0.000114,-0.022916,1.004558,0.306659,1.003656,0.021860,0.038741,-0.025384,0.588443,-0.562597,0.999661,0.024203,0.043831,-0.026001,-1.003443,0.454380,0.998121,-0.045638,0.064792,-0.025733,-0.849159,-0.700846,1.004120,-0.202779,-0.012966,-0.017194
13.060000,0.182774,0.675664,1.003147,0.087536,-0.001824,-0.023782,1.004905,0.307466,1.003139,0.012916,0.041987,-0.026362,0.588962,-0.561669,0.999138,0.027720,0.048909,-0.026260,-1.004313,0.455556,0.997597,-0.041335,0.052877,-0.026584,-0.853062,-0.701103,1.003766,-0.187560,-0.012652,-0.018211
13.080000,0.184405,0.675609,1.002662,0.075656,-0.003673,-0.024650,1.005078,0.308337,1.002602,0.004356,0.045045,-0.027343,0.589550,-0.560643,0.998611,0.031005,0.053637,-0.026526,-1.005097,0.456498,0.997057,-0.037115,0.041372,-0.027449,-0.856664,-0.701353,1.003392,-0.172712,-0.012340,-0.019244
13.100000,0.185802,0.675518,1.002161,0.064148,-0.005433,-0.025521,1.005082,0.309267,1.002045,-0.003820,0.047915,-0.028327,0.590201,-0.559526,0.998077,0.034059,0.058015,-0.026800,-1.005798,0.457214,0.996499,-0.032980,0.030277,-0.028328,-0.859973,-0.701596,1.002997,-0.158236,-0.012029,-0.020292
13.120000,0.186973,0.675393,1.001641,0.053010,-0.007107,-0.026386,1.004927,0.310252,1.001469,-0.011629,0.050612,-0.029307,0.590911,-0.558324,0.997539,0.036901,0.062073,-0.027077,-1.006417,0.457712,0.995924,-0.028939,0.019592,-0.029213,-0.862996,-0.701834,1.002580,-0.144141,-0.011722,-0.021350
13.140000,0.187925,0.675234,1.001105,0.042242,-0.008698,-0.027238,1.004619,0.311290,1.000873,-0.019087,0.053151,-0.030278,0.591676,-0.557045,0.996994,0.039548,0.065842,-0.027355,-1.006956,0.458000,0.995331,-0.025005,0.009316,-0.030100,-0.865741,-0.702065,1.002143,-0.130438,-0.011418,-0.022408
13.160000,0.188665,0.675045,1.000552,0.031844,-0.010207,-0.028077,1.004166,0.312377,1.000258,-0.026195,0.055533,-0.031240,0.592492,-0.555693,0.996444,0.042001,0.069321,-0.027633,-1.007418,0.458087,0.994720,-0.021177,-0.000550,-0.030986,-0.868216,-0.702291,1.001684,-0.117126,-0.011118,-0.023468
13.180000,0.189201,0.674827,0.999982,0.021816,-0.011633,-0.028904,1.003574,0.313510,0.999624,-0.032953,0.057756,-0.032192,0.593355,-0.554274,0.995889,0.044259,0.072510,-0.027912,-1.007804,0.457981,0.994091,-0.017456,-0.010007,-0.031874,-0.870429,-0.702510,1.001204,-0.104205,-0.010822,-0.024529
13.200000,0.189541,0.674580,0.999396,0.012158,-0.012976,-0.029718,1.002850,0.314686,0.998970,-0.039360,0.059822,-0.033136,0.594261,-0.552794,0.995328,0.046322,0.075410,-0.028192,-1.008117,0.457690,0.993445,-0.013842,-0.019054,-0.032761,-0.872387,-0.702723,1.000703,-0.091676,-0.010530,-0.025592
13.220000,0.189690,0.674308,0.998794,0.002868,-0.014240,-0.030512,1.002002,0.315902,0.998298,-0.045438,0.061745,-0.034066,0.595206,-0.551259,0.994761,0.048210,0.078049,-0.028470,-1.008359,0.457222,0.992781,-0.010339,-0.027704,-0.033644,-0.874098,-0.702931,1.000180,-0.079537,-0.010244,-0.026650
13.240000,0.189658,0.674011,0.998176,-0.006054,-0.015429,-0.031281,1.001035,0.317155,0.997608,-0.051208,0.063539,-0.034977,0.596188,-0.549674,0.994189,0.049942,0.080458,-0.028742,-1.008531,0.456584,0.992099,-0.006952,-0.035969,-0.034516,-0.875571,-0.703133,0.999637,-0.067786,-0.009963,-0.027697
13.260000,0.189450,0.673691,0.997543,-0.014610,-0.016541,-0.032024,0.999955,0.318443,0.996899,-0.056670,0.065205,-0.035869,0.597203,-0.548043,0.993612,0.051517,0.082635,-0.029009,-1.008638,0.455785,0.991400,-0.003682,-0.043849,-0.035378,-0.876812,-0.703330,0.999072,-0.056423,-0.009688,-0.028733
13.280000,0.189076,0.673350,0.996895,-0.022798,-0.017578,-0.032741,0.998770,0.319763,0.996173,-0.061825,0.066744,-0.036743,0.598248,-0.546370,0.993029,0.052935,0.084583,-0.029271,-1.008679,0.454833,0.990684,-0.000529,-0.051344,-0.036228,-0.877830,-0.703521,0.998487,-0.045449,-0.009420,-0.029758
13.300000,0.188541,0.672989,0.996233,-0.030620,-0.018540,-0.033433,0.997485,0.321112,0.995430,-0.066672,0.068154,-0.037598,0.599319,-0.544661,0.992441,0.054197,0.086299,-0.029527,-1.008659,0.453734,0.989951,0.002507,-0.058454,-0.037069,-0.878633,-0.703707,0.997882,-0.034863,-0.009157,-0.030773
13.320000,0.187853,0.672609,0.995558,-0.038086,-0.019429,-0.034094,0.996105,0.322488,0.994669,-0.071235,0.069449,-0.038432,0.600415,-0.542919,0.991848,0.055320,0.087813,-0.029776,-1.008580,0.452497,0.989202,0.005427,-0.065198,-0.037894,-0.879227,-0.703887,0.997257,-0.024655,-0.008902,-0.031772
13.340000,0.187020,0.672212,0.994870,-0.045207,-0.020251,-0.034721,0.994637,0.323889,0.993893,-0.075537,0.070644,-0.039240,0.601531,-0.541149,0.991250,0.056322,0.089149,-0.030015,-1.008443,0.451128,0.988436,0.008230,-0.071597,-0.038701,-0.879621,-0.704063,0.996611,-0.014815,-0.008654,-0.032752
13.360000,0.186047,0.671799,0.994169,-0.051984,-0.021006,-0.035314,0.993085,0.325313,0.993100,-0.079579,0.071739,-0.040023,0.602667,-0.539355,0.990647,0.057204,0.090309,-0.030244,-1.008252,0.449635,0.987654,0.010916,-0.077650,-0.039488,-0.879822,-0.704233,0.995947,-0.005343,-0.008414,-0.033712
13.380000,0.184943,0.671372,0.993457,-0.058416,-0.021693,-0.035872,0.991455,0.326758,0.992292,-0.083360,0.072733,-0.040782,0.603819,-0.537538,0.990040,0.057964,0.091293,-0.030462,-1.008007,0.448025,0.986856,0.013485,-0.083357,-0.040257,-0.879838,-0.704399,0.995263,0.003762,-0.008183,-0.034653
13.400000,0.183713,0.670932,0.992735,-0.064504,-0.022313,-0.036395,0.989753,0.328222,0.991469,-0.086880,0.073626,-0.041515,0.604984,-0.535704,0.989429,0.058604,0.092101,-0.030671,-1.007713,0.446303,0.986044,0.015937,-0.088718,-0.041007,-0.879674,-0.704561,0.994561,0.012499,-0.007959,-0.035575
13.420000,0.182365,0.670480,0.992002,-0.070265,-0.022870,-0.036883,0.987982,0.329702,0.990631,-0.090164,0.074431,-0.042221,0.606162,-0.533855,0.988813,0.059139,0.092756,-0.030868,-1.007371,0.444478,0.985216,0.018276,-0.093757,-0.041736,-0.879340,-0.704718,0.993840,0.020886,-0.007744,-0.036475
13.440000,0.180905,0.670018,0.991260,-0.075715,-0.023368,-0.037332,0.986148,0.331199,0.989780,-0.093235,0.075159,-0.042900,0.607349,-0.531995,0.988194,0.059584,0.093282,-0.031052,-1.006983,0.442555,0.984374,0.020506,-0.098498,-0.042441,-0.878841,-0.704870,0.993102,0.028940,-0.007538,-0.037350
13.460000,0.179338,0.669546,0.990509,-0.080856,-0.023808,-0.037742,0.984254,0.332708,0.988916,-0.096093,0.075811,-0.043552,0.608545,-0.530125,0.987571,0.059940,0.093679,-0.031224,-1.006551,0.440540,0.983519,0.022627,-0.102940,-0.043123,-0.878185,-0.705019,0.992346,0.036660,-0.007340,-0.038203
13.480000,0.177672,0.669066,0.989750,-0.085686,-0.024190,-0.038115,0.982305,0.334230,0.988038,-0.098739,0.076387,-0.044175,0.609746,-0.528248,0.986945,0.060206,0.093948,-0.031384,-1.006078,0.438440,0.982650,0.024638,-0.107084,-0.043780,-0.877377,-0.705164,0.991574,0.044048,-0.007152,-0.039031
13.500000,0.175913,0.668579,0.988984,-0.090206,-0.024513,-0.038449,0.980306,0.335763,0.987149,-0.101173,0.076887,-0.044770,0.610952,-0.526368,0.986316,0.060383,0.094087,-0.031530,-1.005566,0.436259,0.981768,0.026541,-0.110931,-0.044415,-0.876425,-0.705305,0.990785,0.051103,-0.006973,-0.039835
13.520000,0.174066,0.668086,0.988212,-0.094436,-0.024784,-0.038747,0.978260,0.337305,0.986248,-0.103417,0.077320,-0.045339,0.612161,-0.524486,0.985684,0.060483,0.094119,-0.031664,-1.005017,0.434004,0.980873,0.028342,-0.114504,-0.045025,-0.875335,-0.705443,0.989981,0.057846,-0.006804,-0.040616
13.540000,0.172137,0.667588,0.987435,-0.098397,-0.025006,-0.039008,0.976170,0.338856,0.985335,-0.105496,0.077698,-0.045881,0.613371,-0.522604,0.985050,0.060519,0.094063,-0.031786,-1.004433,0.431680,0.979967,0.030048,-0.117832,-0.045610,-0.874113,-0.705578,0.989161,0.064302,-0.006643,-0.041372
13.560000,0.170132,0.667086,0.986652,-0.102087,-0.025180,-0.039234,0.974041,0.340413,0.984413,-0.107410,0.078020,-0.046396,0.614582,-0.520724,0.984413,0.060491,0.093919,-0.031896,-1.003816,0.429293,0.979049,0.031659,-0.120912,-0.046172,-0.872765,-0.705709,0.988326,0.070469,-0.006491,-0.042106
13.580000,0.168056,0.666581,0.985866,-0.105508,-0.025306,-0.039424,0.971875,0.341976,0.983480,-0.109158,0.078286,-0.046886,0.615791,-0.518847,0.983774,0.060400,0.093688,-0.031993,-1.003168,0.426846,0.978120,0.033175,-0.123747,-0.046708,-0.871296,-0.705837,0.987477,0.076349,-0.006349,-0.042815
13.600000,0.165913,0.666074,0.985076,-0.108659,-0.025384,-0.039578,0.969676,0.343544,0.982537,-0.110741,0.078497,-0.047348,0.616997,-0.516977,0.983133,0.060245,0.093369,-0.032078,-1.002490,0.424344,0.977181,0.034596,-0.126335,-0.047220,-0.869713,-0.705963,0.986613,0.081940,-0.006215,-0.043501
13.620000,0.163711,0.665566,0.984283,-0.111562,-0.025419,-0.039701,0.967446,0.345116,0.981586,-0.112181,0.078661,-0.047787,0.618200,-0.515113,0.982491,0.060036,0.092980,-0.032153,-1.001784,0.421794,0.976231,0.035933,-0.128703,-0.047709,-0.868020,-0.706086,0.985737,0.087268,-0.006090,-0.044166
13.640000,0.161452,0.665057,0.983488,-0.114236,-0.025418,-0.039796,0.965189,0.346690,0.980626,-0.113500,0.078785,-0.048205,0.619398,-0.513258,0.981847,0.059783,0.092538,-0.032219,-1.001053,0.419197,0.975272,0.037194,-0.130877,-0.048177,-0.866224,-0.706207,0.984847,0.092359,-0.005974,-0.044811
13.660000,0.159143,0.664549,0.982691,-0.116684,-0.025381,-0.039865,0.962907,0.348267,0.979658,-0.114700,0.078872,-0.048602,0.620591,-0.511412,0.981202,0.059487,0.092043,-0.032277,-1.000297,0.416560,0.974304,0.038379,-0.132858,-0.048623,-0.864328,-0.706325,0.983944,0.097214,-0.005865,-0.045438
13.680000,0.156787,0.664042,0.981893,-0.118904,-0.025307,-0.039908,0.960602,0.349845,0.978682,-0.115778,0.078919,-0.048978,0.621777,-0.509576,0.980556,0.059146,0.091496,-0.032327,-0.999518,0.413884,0.973328,0.039489,-0.134646,-0.049048,-0.862337,-0.706441,0.983030,0.101832,-0.005764,-0.046045
13.700000,0.154388,0.663537,0.981095,-0.120896,-0.025196,-0.039923,0.958277,0.351423,0.977699,-0.116736,0.078928,-0.049333,0.622957,-0.507752,0.979909,0.058762,0.090896,-0.032369,-0.998718,0.411175,0.972343,0.040524,-0.136240,-0.049451,-0.860256,-0.706556,0.982103,0.106213,-0.005671,-0.046634
13.720000,0.151952,0.663035,0.980296,-0.122689,-0.025055,-0.039917,0.955933,0.353002,0.976709,-0.117595,0.078905,-0.049672,0.624128,-0.505941,0.979261,0.058341,0.090258,-0.032407,-0.997898,0.408436,0.971350,0.041496,-0.137667,-0.049836,-0.858090,-0.706668,0.981164,0.110385,-0.005585,-0.047208
13.740000,0.149482,0.662535,0.979498,-0.124310,-0.024887,-0.039894,0.953573,0.354579,0.975712,-0.118375,0.078856,-0.049999,0.625290,-0.504142,0.978613,0.057891,0.089598,-0.032443,-0.997058,0.405670,0.970349,0.042415,-0.138952,-0.050206,-0.855842,-0.706779,0.980215,0.114375,-0.005505,-0.047771
13.760000,0.146981,0.662039,0.978701,-0.125758,-0.024693,-0.039856,0.951199,0.356156,0.974709,-0.119077,0.078783,-0.050315,0.626443,-0.502357,0.977964,0.057411,0.088915,-0.032480,-0.996201,0.402879,0.969342,0.043282,-0.140096,-0.050561,-0.853516,-0.706888,0.979254,0.118182,-0.005430,-0.048323
13.780000,0.144453,0.661548,0.977904,-0.127035,-0.024473,-0.039801,0.948811,0.357731,0.973699,-0.119700,0.078684,-0.050619,0.627586,-0.500586,0.977314,0.056901,0.088210,-0.032516,-0.995328,0.400067,0.968327,0.044098,-0.141098,-0.050901,-0.851116,-0.706996,0.978282,0.121807,-0.005361,-0.048865
13.800000,0.141901,0.661061,0.977109,-0.128140,-0.024226,-0.039731,0.946411,0.359303,0.972684,-0.120245,0.078560,-0.050911,0.628719,-0.498829,0.976663,0.056362,0.087482,-0.032551,-0.994438,0.397236,0.967306,0.044861,-0.141959,-0.051226,-0.848645,-0.707103,0.977299,0.125250,-0.005298,-0.049396
13.820000,0.139328,0.660579,0.976315,-0.129098,-0.023960,-0.039653,0.944001,0.360873,0.971663,-0.120730,0.078416,-0.051198,0.629841,-0.497087,0.976012,0.055798,0.086744,-0.032592,-0.993533,0.394389,0.966278,0.045585,-0.142703,-0.051540,-0.846107,-0.707208,0.976306,0.128538,-0.005239,-0.049921
13.840000,0.136738,0.660102,0.975523,-0.129937,-0.023681,-0.039577,0.941582,0.362440,0.970636,-0.121174,0.078257,-0.051486,0.630951,-0.495359,0.975359,0.055214,0.086009,-0.032644,-0.992615,0.391528,0.965244,0.046283,-0.143356,-0.051849,-0.843504,-0.707312,0.975302,0.131698,-0.005181,-0.050448
13.860000,0.134131,0.659632,0.974732,-0.130656,-0.023388,-0.039504,0.939155,0.364003,0.969604,-0.121578,0.078083,-0.051774,0.632049,-0.493646,0.974706,0.054609,0.085278,-0.032706,-0.991682,0.388655,0.964204,0.046956,-0.143916,-0.052153,-0.840840,-0.707416,0.974288,0.134730,-0.005126,-0.050974
13.880000,0.131512,0.659167,0.973943,-0.131254,-0.023081,-0.039433,0.936719,0.365563,0.968565,-0.121940,0.077894,-0.052064,0.633135,-0.491948,0.974051,0.053984,0.084550,-0.032780,-0.990737,0.385772,0.963158,0.047602,-0.144384,-0.052450,-0.838116,-0.707517,0.973263,0.137634,-0.005073,-0.051501
13.900000,0.128882,0.658708,0.973155,-0.131733,-0.022761,-0.039364,0.934277,0.367119,0.967521,-0.122263,0.077689,-0.052355,0.634208,-0.490264,0.973394,0.053339,0.083826,-0.032865,-0.989778,0.382881,0.962106,0.048222,-0.144761,-0.052742,-0.835335,-0.707618,0.972228,0.140409,-0.005021,-0.052029
13.920000,0.126243,0.658256,0.972368,-0.132120,-0.022433,-0.039307,0.931829,0.368670,0.966471,-0.122561,0.077474,-0.052654,0.635268,-0.488595,0.972736,0.052677,0.083116,-0.032968,-0.988808,0.379982,0.961048,0.048829,-0.145068,-0.053034,-0.832500,-0.707718,0.971182,0.143082,-0.004970,-0.052563
13.940000,0.123598,0.657811,0.971582,-0.132444,-0.022103,-0.039271,0.929375,0.370218,0.965415,-0.122850,0.077249,-0.052968,0.636315,-0.486939,0.972076,0.051999,0.082431,-0.033096,-0.987825,0.377078,0.959985,0.049437,-0.145329,-0.053331,-0.829612,-0.707817,0.970125,0.145677,-0.004916,-0.053110
13.960000,0.120946,0.657372,0.970797,-0.132704,-0.021771,-0.039256,0.926915,0.371760,0.964352,-0.123132,0.077017,-0.053299,0.637348,-0.485297,0.971412,0.051307,0.081773,-0.033250,-0.986830,0.374169,0.958915,0.050047,-0.145543,-0.053634,-0.826673,-0.707915,0.969058,0.148194,-0.004859,-0.053670
13.980000,0.118290,0.656940,0.970012,-0.132901,-0.021437,-0.039264,0.924450,0.373298,0.963283,-0.123406,0.076777,-0.053645,0.638367,-0.483668,0.970745,0.050599,0.081140,-0.033429,-0.985823,0.371257,0.957839,0.050657,-0.145710,-0.053942,-0.823685,-0.708012,0.967978,0.150634,-0.004799,-0.054243
14.000000,0.115630,0.656515,0.969226,-0.133035,-0.021100,-0.039292,0.921979,0.374831,0.962206,-0.123672,0.076528,-0.054007,0.639372,-0.482052,0.970075,0.049876,0.080533,-0.033634,-0.984804,0.368341,0.956757,0.051268,-0.145832,-0.054256,-0.820649,-0.708107,0.966888,0.152995,-0.004737,-0.054828
14.020000,0.112969,0.656096,0.968440,-0.133134,-0.020767,-0.039351,0.919503,0.376359,0.961122,-0.123942,0.076273,-0.054393,0.640362,-0.480447,0.969400,0.049140,0.079961,-0.033873,-0.983772,0.365424,0.955669,0.051892,-0.145927,-0.054580,-0.817566,-0.708201,0.965785,0.155300,-0.004669,-0.055433
14.040000,0.110305,0.655684,0.967652,-0.133227,-0.020441,-0.039451,0.917021,0.377882,0.960030,-0.124231,0.076014,-0.054810,0.641338,-0.478853,0.968720,0.048391,0.079434,-0.034154,-0.982728,0.362504,0.954574,0.052544,-0.146015,-0.054922,-0.814437,-0.708294,0.964670,0.157570,-0.004592,-0.056062
14.060000,0.107640,0.655279,0.966862,-0.133315,-0.020122,-0.039591,0.914533,0.379400,0.958930,-0.124537,0.075750,-0.055259,0.642298,-0.477269,0.968033,0.047630,0.078952,-0.034476,-0.981671,0.359583,0.953472,0.053224,-0.146098,-0.055281,-0.811263,-0.708385,0.963542,0.159805,-0.004507,-0.056717
14.080000,0.104973,0.654879,0.966068,-0.133396,-0.019812,-0.039772,0.912040,0.380912,0.957820,-0.124862,0.075482,-0.055740,0.643243,-0.475695,0.967340,0.046856,0.078514,-0.034841,-0.980599,0.356660,0.952363,0.053930,-0.146175,-0.055657,-0.808045,-0.708474,0.962401,0.162005,-0.004414,-0.057397
14.100000,0.102304,0.654486,0.965270,-0.133472,-0.019509,-0.039993,0.909539,0.382419,0.956700,-0.125204,0.075209,-0.056252,0.644172,-0.474128,0.966639,0.046069,0.078122,-0.035248,-0.979513,0.353736,0.951246,0.054663,-0.146245,-0.056050,-0.804783,-0.708561,0.961246,0.164170,-0.004312,-0.058103
14.120000,0.099634,0.654099,0.964468,-0.133567,-0.019220,-0.040268,0.907031,0.383920,0.955569,-0.125573,0.074933,-0.056803,0.645085,-0.472569,0.965930,0.045271,0.077782,-0.035705,-0.978412,0.350811,0.950121,0.055435,-0.146327,-0.056465,-0.801478,-0.708646,0.960077,0.166316,-0.004199,-0.058839
14.140000,0.096961,0.653717,0.963659,-0.133707,-0.018951,-0.040608,0.904516,0.385416,0.954427,-0.125978,0.074653,-0.057402,0.645983,-0.471017,0.965211,0.044460,0.077502,-0.036222,-0.977295,0.347883,0.948987,0.056258,-0.146437,-0.056909,-0.798130,-0.708729,0.958893,0.168460,-0.004070,-0.059610
14.160000,0.094285,0.653341,0.962843,-0.133891,-0.018703,-0.041015,0.901992,0.386907,0.953273,-0.126419,0.074369,-0.058047,0.646864,-0.469469,0.964481,0.043638,0.077282,-0.036797,-0.976162,0.344953,0.947844,0.057132,-0.146576,-0.057380,-0.794740,-0.708809,0.957692,0.170602,-0.003927,-0.060418
14.180000,0.091605,0.652969,0.962018,-0.134120,-0.018475,-0.041488,0.899459,0.388391,0.952105,-0.126895,0.074081,-0.058740,0.647728,-0.467925,0.963739,0.042804,0.077122,-0.037432,-0.975010,0.342020,0.946691,0.058057,-0.146742,-0.057880,-0.791306,-0.708886,0.956476,0.172742,-0.003768,-0.061261
14.200000,0.088920,0.652602,0.961183,-0.134393,-0.018267,-0.042027,0.896916,0.389870,0.950923,-0.127408,0.073790,-0.059480,0.648576,-0.466384,0.962983,0.041958,0.077023,-0.038126,-0.973839,0.339083,0.945529,0.059033,-0.146937,-0.058407,-0.787830,-0.708960,0.955242,0.174880,-0.003594,-0.062141
14.220000,0.086229,0.652238,0.960337,-0.134735,-0.018085,-0.042644,0.894362,0.391343,0.949726,-0.127960,0.073495,-0.060274,0.649407,-0.464844,0.962213,0.041101,0.076989,-0.038887,-0.972648,0.336142,0.944355,0.060069,-0.147174,-0.058967,-0.784311,-0.709030,0.953990,0.177027,-0.003402,-0.063060
14.240000,0.083530,0.651878,0.959477,-0.135168,-0.017934,-0.043350,0.891797,0.392810,0.948512,-0.128556,0.073194,-0.061128,0.650220,-0.463304,0.961427,0.040233,0.077027,-0.039722,-0.971436,0.333196,0.943170,0.061175,-0.147468,-0.059564,-0.780749,-0.709095,0.952719,0.179192,-0.003187,-0.064024
14.260000,0.080821,0.651520,0.958602,-0.135692,-0.017814,-0.044146,0.889220,0.394270,0.947280,-0.129197,0.072887,-0.062043,0.651016,-0.461762,0.960624,0.039354,0.077135,-0.040633,-0.970201,0.330243,0.941972,0.062351,-0.147817,-0.060198,-0.777143,-0.709157,0.951429,0.181377,-0.002950,-0.065031
14.280000,0.078102,0.651165,0.957710,-0.136308,-0.017726,-0.045030,0.886629,0.395725,0.946030,-0.129881,0.072575,-0.063019,0.651794,-0.460218,0.959801,0.038463,0.077315,-0.041618,-0.968941,0.327283,0.940762,0.063598,-0.148222,-0.060869,-0.773494,-0.709213,0.950117,0.183581,-0.002690,-0.066082
14.300000,0.075369,0.650811,0.956800,-0.137015,-0.017668,-0.046004,0.884024,0.397173,0.944759,-0.130610,0.072257,-0.064055,0.652554,-0.458669,0.958958,0.037562,0.077565,-0.042678,-0.967656,0.324314,0.939537,0.064915,-0.148684,-0.061577,-0.769800,-0.709264,0.948785,0.185804,-0.002408,-0.067177
14.320000,0.072620,0.650458,0.955870,-0.137834,-0.017646,-0.047077,0.881404,0.398615,0.943467,-0.131382,0.071931,-0.065157,0.653296,-0.457115,0.958094,0.036650,0.077890,-0.043819,-0.966344,0.321335,0.938298,0.066308,-0.149212,-0.062326,-0.766061,-0.709309,0.947430,0.188051,-0.002101,-0.068318
14.340000,0.069854,0.650105,0.954916,-0.138784,-0.017663,-0.048256,0.878769,0.400050,0.942152,-0.132196,0.071596,-0.066331,0.654020,-0.455553,0.957205,0.035730,0.078291,-0.045048,-0.965003,0.318345,0.937044,0.067784,-0.149817,-0.063117,-0.762278,-0.709348,0.946052,0.190326,-0.001763,-0.069507
14.360000,0.067068,0.649751,0.953939,-0.139867,-0.017720,-0.049543,0.876116,0.401479,0.940813,-0.133051,0.071251,-0.067575,0.654725,-0.453982,0.956291,0.034800,0.078768,-0.046363,-0.963632,0.315342,0.935773,0.069344,-0.150499,-0.063951,-0.758448,-0.709380,0.944650,0.192629,-0.001395,-0.070744
14.380000,0.064259,0.649396,0.952934,-0.141081,-0.017817,-0.050938,0.873446,0.402900,0.939449,-0.133949,0.070897,-0.068890,0.655412,-0.452402,0.955350,0.033862,0.079322,-0.047765,-0.962229,0.312324,0.934485,0.070986,-0.151258,-0.064829,-0.754572,-0.709404,0.943222,0.194961,-0.000997,-0.072029
14.400000,0.061424,0.649038,0.951900,-0.142427,-0.017953,-0.052440,0.870758,0.404315,0.938057,-0.134888,0.070533,-0.070276,0.656080,-0.450809,0.954380,0.032915,0.079952,-0.049255,-0.960792,0.309291,0.933180,0.072712,-0.152094,-0.065750,-0.750650,-0.709419,0.941768,0.197321,-0.000570,-0.073362
14.420000,0.058561,0.648678,0.950836,-0.143920,-0.018131,-0.054055,0.868050,0.405722,0.936637,-0.135862,0.070156,-0.071735,0.656729,-0.449203,0.953379,0.031962,0.080658,-0.050834,-0.959320,0.306240,0.931855,0.074522,-0.153015,-0.066714,-0.746679,-0.709426,0.940287,0.199708,-0.000108,-0.074744
14.440000,0.055666,0.648313,0.949737,-0.145576,-0.018355,-0.055788,0.865323,0.407121,0.935187,-0.136865,0.069764,-0.073271,0.657358,-0.447582,0.952346,0.031005,0.081439,-0.052507,-0.957811,0.303170,0.930511,0.076420,-0.154026,-0.067725,-0.742661,-0.709424,0.938778,0.202121,0.000391,-0.076173
14.460000,0.052737,0.647943,0.948603,-0.147395,-0.018624,-0.057639,0.862576,0.408512,0.933706,-0.137896,0.069357,-0.074883,0.657969,-0.445945,0.951278,0.030045,0.082295,-0.054273,-0.956263,0.300078,0.929146,0.078406,-0.155128,-0.068780,-0.738594,-0.709410,0.937240,0.204560,0.000927,-0.077651
14.480000,0.049769,0.647568,0.947431,-0.149377,-0.018938,-0.059608,0.859807,0.409895,0.932192,-0.138956,0.068935,-0.076571,0.658560,-0.444290,0.950174,0.029081,0.083225,-0.056132,-0.954674,0.296964,0.927759,0.080479,-0.156322,-0.069881,-0.734479,-0.709386,0.935672,0.207025,0.001501,-0.079177
14.500000,0.046760,0.647185,0.946218,-0.151521,-0.019297,-0.061696,0.857017,0.411269,0.930643,-0.140044,0.068498,-0.078335,0.659132,-0.442615,0.949032,0.028113,0.084231,-0.058085,-0.953043,0.293825,0.926350,0.082639,-0.157607,-0.071028,-0.730313,-0.709350,0.934072,0.209516,0.002112,-0.080751
14.520000,0.043707,0.646795,0.944962,-0.153837,-0.019703,-0.063902,0.854205,0.412635,0.929058,-0.141148,0.068042,-0.080176,0.659685,-0.440920,0.947850,0.027148,0.085307,-0.060129,-0.951368,0.290659,0.924918,0.084884,-0.158987,-0.072219,-0.726098,-0.709301,0.932441,0.212028,0.002764,-0.082371
14.540000,0.040606,0.646397,0.943661,-0.156334,-0.020156,-0.066227,0.851371,0.413991,0.927435,-0.142256,0.067566,-0.082091,0.660218,-0.439203,0.946627,0.026189,0.086448,-0.062263,-0.949647,0.287465,0.923461,0.087210,-0.160467,-0.073453,-0.721832,-0.709239,0.930777,0.214556,0.003460,-0.084034
14.560000,0.037453,0.645989,0.942313,-0.159012,-0.020658,-0.068671,0.848515,0.415337,0.925773,-0.143369,0.067069,-0.084082,0.660732,-0.437462,0.945359,0.025237,0.087654,-0.064488,-0.947879,0.284240,0.921980,0.089617,-0.162046,-0.074731,-0.717515,-0.709163,0.929080,0.217099,0.004201,-0.085742
14.580000,0.034244,0.645570,0.940914,-0.161872,-0.021206,-0.071233,0.845636,0.416674,0.924071,-0.144485,0.066551,-0.086149,0.661228,-0.435696,0.944047,0.024292,0.088926,-0.066803,-0.946062,0.280982,0.920472,0.092105,-0.163724,-0.076051,-0.713148,-0.709071,0.927347,0.219657,0.004986,-0.087493
14.600000,0.030976,0.645140,0.939462,-0.164912,-0.021803,-0.073914,0.842736,0.417999,0.922327,-0.145606,0.066012,-0.088290,0.661704,-0.433904,0.942687,0.023354,0.090263,-0.069209,-0.944194,0.277690,0.918937,0.094675,-0.165501,-0.077416,-0.708729,-0.708963,0.925580,0.222231,0.005816,-0.089288
14.620000,0.027646,0.644698,0.937956,-0.168135,-0.022446,-0.076707,0.839812,0.419314,0.920539,-0.146713,0.065451,-0.090503,0.662162,-0.432085,0.941278,0.022431,0.091656,-0.071698,-0.942274,0.274361,0.917375,0.097316,-0.167380,-0.078820,-0.704259,-0.708838,0.923776,0.224812,0.006692,-0.091123
14.640000,0.024250,0.644242,0.936393,-0.171541,-0.023136,-0.079605,0.836867,0.420617,0.918706,-0.147791,0.064864,-0.092782,0.662601,-0.430238,0.939818,0.021533,0.093094,-0.074262,-0.940301,0.270994,0.915784,0.100020,-0.169360,-0.080262,-0.699737,-0.708695,0.921934,0.227393,0.007619,-0.092993
14.660000,0.020783,0.643772,0.934771,-0.175130,-0.023873,-0.082609,0.833901,0.421908,0.916827,-0.148839,0.064252,-0.095127,0.663023,-0.428361,0.938307,0.020659,0.094579,-0.076902,-0.938273,0.267586,0.914164,0.102787,-0.171443,-0.081740,-0.695163,-0.708533,0.920056,0.229975,0.008595,-0.094899
14.680000,0.017243,0.643287,0.933088,-0.178902,-0.024657,-0.085718,0.830914,0.423187,0.914901,-0.149857,0.063616,-0.097540,0.663428,-0.426454,0.936742,0.019809,0.096110,-0.079618,-0.936189,0.264136,0.912514,0.105615,-0.173628,-0.083255,-0.690538,-0.708351,0.918138,0.232555,0.009622,-0.096840
14.700000,0.013626,0.642785,0.931342,-0.182857,-0.025487,-0.088933,0.827907,0.424453,0.912925,-0.150844,0.062955,-0.100018,0.663816,-0.424516,0.935121,0.018983,0.097687,-0.082410,-0.934048,0.260640,0.910834,0.108506,-0.175916,-0.084807,-0.685861,-0.708148,0.916182,0.235136,0.010698,-0.098817
14.720000,0.009928,0.642267,0.929530,-0.186987,-0.026361,-0.092237,0.824880,0.425705,0.910900,-0.151782,0.062268,-0.102555,0.664187,-0.422547,0.933445,0.018195,0.099296,-0.085262,-0.931849,0.257098,0.909122,0.111443,-0.178305,-0.086390,-0.681132,-0.707923,0.914185,0.237709,0.011826,-0.100823
14.740000,0.006146,0.641731,0.927652,-0.191281,-0.027277,-0.095617,0.821836,0.426943,0.908823,-0.152647,0.061557,-0.105140,0.664544,-0.420545,0.931711,0.017456,0.100920,-0.088160,-0.929590,0.253508,0.907378,0.114408,-0.180794,-0.087999,-0.676352,-0.707674,0.912149,0.240266,0.013006,-0.102853
14.760000,0.002276,0.641176,0.925705,-0.195740,-0.028235,-0.099070,0.818775,0.428167,0.906694,-0.153441,0.060820,-0.107773,0.664886,-0.418510,0.929918,0.016768,0.102561,-0.091104,-0.927272,0.249866,0.905602,0.117401,-0.183385,-0.089635,-0.671522,-0.707402,0.910071,0.242808,0.014240,-0.104907
14.780000,-0.001685,0.640601,0.923689,-0.200363,-0.029234,-0.102599,0.815699,0.429376,0.904512,-0.154164,0.060058,-0.110455,0.665215,-0.416442,0.928066,0.016129,0.104218,-0.094094,-0.924894,0.246171,0.903792,0.120424,-0.186076,-0.091295,-0.666640,-0.707104,0.907952,0.245334,0.015526,-0.106985
14.800000,-0.005740,0.640006,0.921601,-0.205152,-0.030276,-0.106202,0.812609,0.430569,0.902275,-0.154815,0.059271,-0.113185,0.665532,-0.414341,0.926154,0.015541,0.105891,-0.097129,-0.922455,0.242422,0.901950,0.123474,-0.188868,-0.092982,-0.661708,-0.706781,0.905792,0.247845,0.016865,-0.109086
14.820000,-0.009892,0.639390,0.919440,-0.210082,-0.031354,-0.109853,0.809507,0.431747,0.899984,-0.155372,0.058463,-0.115949,0.665837,-0.412206,0.924181,0.015021,0.107560,-0.100186,-0.919955,0.238616,0.900073,0.126528,-0.191759,-0.094687,-0.656726,-0.706429,0.903589,0.250334,0.018256,-0.111204
14.840000,-0.014144,0.638752,0.917207,-0.215133,-0.032466,-0.113526,0.806395,0.432908,0.897637,-0.155812,0.057635,-0.118733,0.666133,-0.410039,0.922147,0.014587,0.109204,-0.103241,-0.917394,0.234751,0.898162,0.129559,-0.194745,-0.096402,-0.651695,-0.706050,0.901343,0.252798,0.019699,-0.113330
14.860000,-0.018498,0.638091,0.914899,-0.220304,-0.033610,-0.117221,0.803275,0.434052,0.895235,-0.156134,0.056788,-0.121536,0.666421,-0.407838,0.920051,0.014238,0.110823,-0.106293,-0.914773,0.230826,0.896217,0.132568,-0.197827,-0.098128,-0.646615,-0.705641,0.899055,0.255237,0.021194,-0.115466
14.880000,-0.022957,0.637407,0.912518,-0.225596,-0.034787,-0.120937,0.800150,0.435179,0.892776,-0.156340,0.055923,-0.124358,0.666703,-0.405606,0.917895,0.013976,0.112416,-0.109342,-0.912091,0.226838,0.894237,0.135554,-0.201004,-0.099864,-0.641486,-0.705202,0.896725,0.257650,0.022740,-0.117611
14.900000,-0.027523,0.636699,0.910062,-0.231007,-0.035997,-0.124676,0.797022,0.436289,0.890260,-0.156428,0.055039,-0.127200,0.666981,-0.403342,0.915678,0.013799,0.113985,-0.112389,-0.909351,0.222785,0.892222,0.138517,-0.204277,-0.101610,-0.636309,-0.704731,0.894351,0.260037,0.024337,-0.119765
14.920000,-0.032198,0.635967,0.907531,-0.236498,-0.037240,-0.128412,0.793894,0.437381,0.887688,-0.156377,0.054139,-0.130047,0.667256,-0.401047,0.913399,0.013722,0.115520,-0.115423,-0.906551,0.218666,0.890172,0.141425,-0.207636,-0.103364,-0.631085,-0.704228,0.891934,0.262389,0.025986,-0.121922
14.940000,-0.036983,0.635209,0.904925,-0.242027,-0.038515,-0.132121,0.790768,0.438454,0.885058,-0.156167,0.053226,-0.132889,0.667530,-0.398721,0.911061,0.013756,0.117015,-0.118432,-0.903694,0.214479,0.888088,0.144245,-0.211070,-0.105123,-0.625814,-0.703691,0.889474,0.264695,0.027684,-0.124080
14.960000,-0.041879,0.634426,0.902246,-0.247595,-0.039824,-0.135804,0.787648,0.439510,0.882372,-0.155796,0.052299,-0.135723,0.667807,-0.396366,0.908662,0.013902,0.118468,-0.121416,-0.900782,0.210223,0.885968,0.146976,-0.214579,-0.106886,-0.620497,-0.703120,0.886971,0.266957,0.029432,-0.126236
14.980000,-0.046887,0.633616,0.899493,-0.253202,-0.041166,-0.139460,0.784538,0.440546,0.879629,-0.155265,0.051358,-0.138551,0.668087,-0.393983,0.906204,0.014160,0.119881,-0.124377,-0.897816,0.205895,0.883812,0.149618,-0.218163,-0.108653,-0.615136,-0.702514,0.884425,0.269173,0.031229,-0.128392
15.000000,-0.052008,0.632779,0.896668,-0.258848,-0.042540,-0.143089,0.781439,0.441564,0.876830,-0.154573,0.050404,-0.141371,0.668374,-0.391571,0.903687,0.014530,0.121253,-0.127313,-0.894798,0.201496,0.881621,0.152172,-0.221822,-0.110425,-0.609730,-0.701871,0.881835,0.271344,0.033077,-0.130547
15.020000,-0.057241,0.631914,0.893770,-0.264487,-0.043949,-0.146671,0.778356,0.442562,0.873975,-0.153713,0.049437,-0.144173,0.668669,-0.389133,0.901112,0.015022,0.122579,-0.130222,-0.891730,0.197022,0.879395,0.154613,-0.225543,-0.112204,-0.604282,-0.701191,0.879203,0.273471,0.034969,-0.132698
15.040000,-0.062587,0.631021,0.890801,-0.270077,-0.045394,-0.150187,0.775292,0.443541,0.871063,-0.152676,0.048456,-0.146943,0.668976,-0.386669,0.898479,0.015649,0.123855,-0.133100,-0.888614,0.192474,0.877133,0.156915,-0.229310,-0.113989,-0.598792,-0.700472,0.876527,0.275557,0.036901,-0.134841
15.060000,-0.068044,0.630098,0.887763,-0.275616,-0.046876,-0.153636,0.772250,0.444500,0.868097,-0.151461,0.047463,-0.149681,0.669296,-0.384179,0.895788,0.016411,0.125081,-0.135948,-0.885454,0.187849,0.874836,0.159079,-0.233125,-0.115782,-0.593260,-0.699714,0.873809,0.277600,0.038872,-0.136976
15.080000,-0.073611,0.629146,0.884656,-0.281105,-0.048394,-0.157018,0.769234,0.445440,0.865076,-0.150069,0.046456,-0.152387,0.669633,-0.381666,0.893041,0.017306,0.126256,-0.138766,-0.882252,0.183148,0.872502,0.161105,-0.236988,-0.117583,-0.587688,-0.698917,0.871048,0.279602,0.040882,-0.139104
15.100000,-0.079288,0.628162,0.881483,-0.286544,-0.049948,-0.160333,0.766248,0.446359,0.862002,-0.148500,0.045437,-0.155062,0.669989,-0.379129,0.890238,0.018336,0.127380,-0.141553,-0.879011,0.178369,0.870132,0.162993,-0.240897,-0.119391,-0.582076,-0.698079,0.868245,0.281561,0.042931,-0.141223
15.120000,-0.085072,0.627148,0.878244,-0.291899,-0.051530,-0.163572,0.763296,0.447257,0.858874,-0.146759,0.044413,-0.157696,0.670367,-0.376571,0.887379,0.019497,0.128450,-0.144305,-0.875733,0.173512,0.867726,0.164718,-0.244827,-0.121204,-0.576426,-0.697199,0.865399,0.283489,0.045008,-0.143330
15.140000,-0.090963,0.626101,0.874940,-0.297134,-0.053133,-0.166724,0.760379,0.448135,0.855694,-0.144849,0.043396,-0.160283,0.670770,-0.373992,0.884466,0.020784,0.129461,-0.147018,-0.872423,0.168576,0.865284,0.166256,-0.248748,-0.123021,-0.570737,-0.696278,0.862512,0.285396,0.047098,-0.145418
15.160000,-0.096957,0.625022,0.871575,-0.302250,-0.054757,-0.169790,0.757503,0.448993,0.852463,-0.142772,0.042383,-0.162821,0.671199,-0.371393,0.881499,0.022198,0.130414,-0.149691,-0.869084,0.163562,0.862805,0.167607,-0.252661,-0.124841,-0.565010,-0.695315,0.859583,0.287280,0.049202,-0.147487
15.180000,-0.103052,0.623911,0.868149,-0.307246,-0.056401,-0.172770,0.754669,0.449831,0.849182,-0.140528,0.041377,-0.165311,0.671659,-0.368775,0.878478,0.023739,0.131308,-0.152325,-0.865720,0.158470,0.860290,0.168771,-0.256567,-0.126664,-0.559246,-0.694310,0.856613,0.289143,0.051320,-0.149538
15.200000,-0.109246,0.622766,0.864665,-0.312123,-0.058066,-0.175664,0.751883,0.450648,0.845851,-0.138115,0.040376,-0.167754,0.672150,-0.366141,0.875406,0.025407,0.132143,-0.154920,-0.862335,0.153300,0.857739,0.169748,-0.260464,-0.128491,-0.553445,-0.693262,0.853601,0.290984,0.053452,-0.151571
15.220000,-0.115536,0.621588,0.861123,-0.316855,-0.059737,-0.178469,0.749146,0.451446,0.842472,-0.135546,0.039406,-0.170144,0.672676,-0.363490,0.872282,0.027184,0.132918,-0.157480,-0.858932,0.148052,0.855151,0.170528,-0.264330,-0.130319,-0.547607,-0.692172,0.850550,0.292816,0.055586,-0.153583
15.240000,-0.121919,0.620377,0.857527,-0.321415,-0.061399,-0.181185,0.746462,0.452225,0.839046,-0.132832,0.038494,-0.172479,0.673238,-0.360825,0.869107,0.029053,0.133630,-0.160009,-0.855515,0.142727,0.852526,0.171104,-0.268141,-0.132144,-0.541732,-0.691039,0.847458,0.294652,0.057712,-0.155574
15.260000,-0.128391,0.619132,0.853877,-0.325803,-0.063052,-0.183810,0.743834,0.452986,0.835573,-0.129973,0.037638,-0.174757,0.673838,-0.358145,0.865882,0.031013,0.134280,-0.162508,-0.852089,0.137326,0.849865,0.171476,-0.271897,-0.133968,-0.535821,-0.689864,0.844327,0.296490,0.059830,-0.157543
15.280000,-0.134950,0.617855,0.850175,-0.330018,-0.064697,-0.186346,0.741264,0.453731,0.832056,-0.126970,0.036841,-0.176979,0.674479,-0.355454,0.862607,0.033065,0.134867,-0.164977,-0.848657,0.131851,0.847167,0.171642,-0.275598,-0.135790,-0.529872,-0.688646,0.841157,0.298331,0.061938,-0.159491
15.300000,-0.141591,0.616544,0.846423,-0.334062,-0.066333,-0.188792,0.738756,0.454460,0.828495,-0.123821,0.036100,-0.179145,0.675162,-0.352751,0.859283,0.035209,0.135391,-0.167415,-0.845224,0.126303,0.844433,0.171605,-0.279244,-0.137610,-0.523887,-0.687386,0.837948,0.300176,0.064038,-0.161417
15.320000,-0.148311,0.615202,0.842624,-0.337926,-0.067934,-0.191153,0.736312,0.455175,0.824890,-0.120558,0.035449,-0.181253,0.675888,-0.350039,0.855910,0.037422,0.135861,-0.169833,-0.841794,0.120682,0.841663,0.171366,-0.282813,-0.139428,-0.517865,-0.686085,0.834700,0.302029,0.066107,-0.163317
15.340000,-0.155107,0.613827,0.838778,-0.341599,-0.069471,-0.193436,0.733934,0.455879,0.821245,-0.117211,0.034921,-0.183302,0.676659,-0.347317,0.852490,0.039686,0.136285,-0.172240,-0.838371,0.114991,0.838856,0.170933,-0.286285,-0.141244,-0.511806,-0.684742,0.831415,0.303896,0.068124,-0.165188
15.360000,-0.161974,0.612423,0.834887,-0.345083,-0.070945,-0.195641,0.731624,0.456573,0.817559,-0.113781,0.034516,-0.185290,0.677476,-0.344587,0.849021,0.041999,0.136662,-0.174636,-0.834958,0.109231,0.836013,0.170303,-0.289659,-0.143056,-0.505709,-0.683360,0.828093,0.305778,0.070088,-0.167029
15.380000,-0.168909,0.610990,0.830953,-0.348377,-0.072356,-0.197767,0.729383,0.457260,0.813834,-0.110267,0.034233,-0.187218,0.678339,-0.341851,0.845504,0.044361,0.136993,-0.177022,-0.831560,0.103405,0.833134,0.169478,-0.292935,-0.144866,-0.499575,-0.681939,0.824734,0.307675,0.072000,-0.168840
15.400000,-0.175908,0.609529,0.826977,-0.351482,-0.073703,-0.199815,0.727214,0.457943,0.810070,-0.106669,0.034073,-0.189087,0.679250,-0.339108,0.841940,0.046773,0.137278,-0.179396,-0.828181,0.097515,0.830219,0.168457,-0.296114,-0.146673,-0.493402,-0.680480,0.821339,0.309585,0.073860,-0.170621
15.420000,-0.182967,0.608043,0.822961,-0.354389,-0.074956,-0.201789,0.725117,0.458624,0.806271,-0.103029,0.034071,-0.190894,0.680210,-0.336360,0.838328,0.049213,0.137525,-0.181762,-0.824823,0.091561,0.827267,0.167255,-0.299176,-0.148477,-0.487191,-0.678985,0.817910,0.311519,0.075643,-0.172365
15.440000,-0.190082,0.606532,0.818906,-0.357092,-0.076083,-0.203692,0.723093,0.459307,0.802435,-0.099388,0.034259,-0.192639,0.681219,-0.333607,0.834670,0.051659,0.137743,-0.184121,-0.821492,0.085548,0.824279,0.165885,-0.302103,-0.150277,-0.480941,-0.677455,0.814445,0.313485,0.077327,-0.174067
15.460000,-0.197249,0.605000,0.814813,-0.359589,-0.077084,-0.205525,0.721141,0.459996,0.798565,-0.095746,0.034639,-0.194320,0.682277,-0.330850,0.830964,0.054111,0.137934,-0.186472,-0.818189,0.079478,0.821256,0.164348,-0.304894,-0.152073,-0.474652,-0.675893,0.810947,0.315484,0.078912,-0.175724
15.480000,-0.204464,0.603449,0.810685,-0.361881,-0.077959,-0.207288,0.719263,0.460694,0.794663,-0.092103,0.035211,-0.195940,0.683383,-0.328090,0.827211,0.056569,0.138095,-0.188816,-0.814919,0.073354,0.818197,0.162644,-0.307551,-0.153866,-0.468322,-0.674299,0.807416,0.317515,0.080396,-0.177339
15.500000,-0.211723,0.601883,0.806522,-0.363968,-0.078708,-0.208981,0.717457,0.461405,0.790728,-0.088459,0.035974,-0.197496,0.684539,-0.325327,0.823411,0.059033,0.138229,-0.191153,-0.811684,0.067177,0.815101,0.160773,-0.310071,-0.155654,-0.461951,-0.672678,0.803854,0.319578,0.081782,-0.178910
15.520000,-0.219021,0.600302,0.802326,-0.365834,-0.079315,-0.210605,0.715724,0.462134,0.786763,-0.084876,0.036945,-0.198984,0.685745,-0.322561,0.819565,0.061474,0.138350,-0.193480,-0.808489,0.060952,0.811970,0.158764,-0.312443,-0.157435,-0.455538,-0.671029,0.800260,0.321670,0.083032,-0.180429
15.540000,-0.226355,0.598711,0.798099,-0.367462,-0.079766,-0.212162,0.714061,0.462885,0.782769,-0.081418,0.038142,-0.200397,0.686998,-0.319793,0.815672,0.063859,0.138477,-0.195793,-0.805334,0.054680,0.808804,0.156649,-0.314651,-0.159207,-0.449084,-0.669357,0.796637,0.323791,0.084111,-0.181886
15.560000,-0.233718,0.597112,0.793840,-0.368852,-0.080060,-0.213652,0.712466,0.463661,0.778748,-0.078084,0.039564,-0.201736,0.688299,-0.317022,0.811733,0.066190,0.138609,-0.198092,-0.802223,0.048367,0.805602,0.154426,-0.316695,-0.160968,-0.442587,-0.667666,0.792985,0.325938,0.085020,-0.183281
15.580000,-0.241107,0.595510,0.789553,-0.370004,-0.080198,-0.215075,0.710937,0.464469,0.774700,-0.074874,0.041211,-0.203000,0.689645,-0.314248,0.807748,0.068466,0.138746,-0.200378,-0.799158,0.042014,0.802365,0.152095,-0.318575,-0.162719,-0.436046,-0.665958,0.789306,0.328114,0.085758,-0.184615
15.600000,-0.248517,0.593906,0.785238,-0.370918,-0.080179,-0.216431,0.709471,0.465311,0.770628,-0.071789,0.043083,-0.204190,0.691037,-0.311472,0.803718,0.070687,0.138888,-0.202651,-0.796140,0.035625,0.799094,0.149658,-0.320293,-0.164459,-0.429462,-0.664237,0.785601,0.330316,0.086326,-0.185887
15.620000,-0.255942,0.592303,0.780896,-0.371589,-0.080009,-0.217720,0.708064,0.466194,0.766533,-0.068902,0.045179,-0.205293,0.692472,-0.308693,0.799642,0.072832,0.139046,-0.204900,-0.793172,0.029203,0.795787,0.147155,-0.321831,-0.166182,-0.422833,-0.662506,0.781871,0.332538,0.086702,-0.187093
15.640000,-0.263379,0.590706,0.776529,-0.372010,-0.079696,-0.218941,0.706713,0.467120,0.762417,-0.066285,0.047497,-0.206297,0.693949,-0.305910,0.795522,0.074878,0.139230,-0.207115,-0.790254,0.022753,0.792447,0.144627,-0.323178,-0.167878,-0.416160,-0.660770,0.778118,0.334772,0.086866,-0.188229
15.660000,-0.270821,0.589117,0.772139,-0.372181,-0.079238,-0.220094,0.705411,0.468095,0.758282,-0.063940,0.050038,-0.207202,0.695467,-0.303123,0.791358,0.076826,0.139440,-0.209296,-0.787387,0.016277,0.789072,0.142075,-0.324332,-0.169547,-0.409442,-0.659033,0.774343,0.337016,0.086818,-0.189294
15.680000,-0.278264,0.587538,0.767726,-0.372103,-0.078636,-0.221178,0.704153,0.469123,0.754130,-0.061865,0.052801,-0.208008,0.697022,-0.300332,0.787151,0.078675,0.139676,-0.211444,-0.784572,0.009781,0.785665,0.139499,-0.325293,-0.171190,-0.402680,-0.657299,0.770547,0.339273,0.086558,-0.190289
15.700000,-0.285703,0.585972,0.763292,-0.371776,-0.077891,-0.222196,0.702935,0.470209,0.749963,-0.060062,0.055786,-0.208715,0.698613,-0.297536,0.782901,0.080426,0.139938,-0.213557,-0.781807,0.003267,0.782225,0.136899,-0.326062,-0.172807,-0.395871,-0.655572,0.766732,0.341540,0.086086,-0.191213
15.720000,-0.293134,0.584423,0.758839,-0.371207,-0.077027,-0.223151,0.701749,0.471356,0.745782,-0.058599,0.058974,-0.209320,0.700238,-0.294734,0.778609,0.082053,0.140244,-0.215621,-0.779095,-0.003260,0.778753,0.134316,-0.326635,-0.174394,-0.389018,-0.653857,0.762899,0.343798,0.085399,-0.192060
15.740000,-0.300550,0.582892,0.754367,-0.370403,-0.076071,-0.224053,0.700588,0.472569,0.741590,-0.057547,0.062345,-0.209820,0.701894,-0.291926,0.774276,0.083530,0.140613,-0.217618,-0.776434,-0.009797,0.775249,0.131794,-0.327010,-0.175949,-0.382120,-0.652157,0.759050,0.346025,0.084497,-0.192825
15.760000,-0.307948,0.581381,0.749877,-0.369364,-0.075024,-0.224900,0.699444,0.473851,0.737390,-0.056906,0.065900,-0.210217,0.703578,-0.289109,0.769904,0.084857,0.141045,-0.219548,-0.773823,-0.016339,0.771715,0.129331,-0.327187,-0.177472,-0.375177,-0.650478,0.755186,0.348220,0.083377,-0.193506
15.780000,-0.315323,0.579891,0.745371,-0.368091,-0.073884,-0.225693,0.698309,0.475206,0.733182,-0.056675,0.069638,-0.210508,0.705287,-0.286284,0.765495,0.086035,0.141540,-0.221411,-0.771261,-0.022883,0.768151,0.126928,-0.327166,-0.178963,-0.368191,-0.648824,0.751310,0.350385,0.082042,-0.194105
15.800000,-0.322670,0.578426,0.740850,-0.366584,-0.072653,-0.226431,0.697174,0.476638,0.728970,-0.056855,0.073559,-0.210696,0.707019,-0.283447,0.761048,0.087062,0.142098,-0.223208,-0.768746,-0.029425,0.764557,0.124585,-0.326947,-0.180421,-0.361162,-0.647198,0.747423,0.352518,0.080490,-0.194621
15.820000,-0.329985,0.576985,0.736314,-0.364850,-0.071381,-0.227119,0.696032,0.478149,0.724755,-0.057492,0.077628,-0.210780,0.708769,-0.280599,0.756567,0.087910,0.142749,-0.224908,-0.766277,-0.035960,0.760934,0.122331,-0.326536,-0.181841,-0.354091,-0.645605,0.743526,0.354599,0.078736,-0.195056
15.840000,-0.337263,0.575570,0.731765,-0.362899,-0.070120,-0.227761,0.694871,0.479743,0.720540,-0.058631,0.081808,-0.210761,0.710534,-0.277737,0.752053,0.088550,0.143523,-0.226482,-0.763852,-0.042485,0.757283,0.120196,-0.325940,-0.183213,-0.346979,-0.644050,0.739621,0.356604,0.076794,-0.195410
15.860000,-0.344500,0.574181,0.727204,-0.360730,-0.068871,-0.228358,0.693683,0.481422,0.716326,-0.060274,0.086099,-0.210639,0.712309,-0.274857,0.747509,0.088980,0.144419,-0.227929,-0.761468,-0.048996,0.753606,0.118181,-0.325158,-0.184539,-0.339827,-0.642535,0.735710,0.358536,0.074665,-0.195684
15.880000,-0.351691,0.572816,0.722631,-0.358344,-0.067633,-0.228909,0.692457,0.483188,0.712115,-0.062420,0.090502,-0.210414,0.714091,-0.271959,0.742937,0.089201,0.145438,-0.229250,-0.759124,-0.055490,0.749902,0.116285,-0.324191,-0.185818,-0.332638,-0.641064,0.731794,0.360392,0.072349,-0.195877
15.900000,-0.358832,0.571475,0.718048,-0.355741,-0.066407,-0.229414,0.691183,0.485043,0.707910,-0.065069,0.095015,-0.210086,0.715876,-0.269039,0.738339,0.089213,0.146580,-0.230445,-0.756816,-0.061963,0.746173,0.114508,-0.323039,-0.187050,-0.325412,-0.639642,0.727875,0.362174,0.069846,-0.195990
15.920000,-0.365919,0.570159,0.713455,-0.352910,-0.065234,-0.229861,0.689851,0.486989,0.703712,-0.068230,0.099588,-0.209656,0.717658,-0.266095,0.733720,0.088998,0.147859,-0.231484,-0.754542,-0.068410,0.742420,0.112866,-0.321719,-0.188234,-0.318151,-0.638272,0.723955,0.363871,0.067180,-0.196025
15.940000,-0.372947,0.568865,0.708854,-0.349842,-0.064158,-0.230237,0.688450,0.489027,0.699524,-0.071909,0.104169,-0.209123,0.719434,-0.263124,0.729081,0.088536,0.149289,-0.232339,-0.752300,-0.074830,0.738644,0.111374,-0.320249,-0.189366,-0.310858,-0.636956,0.720035,0.365474,0.064379,-0.195983
15.960000,-0.379911,0.567592,0.704246,-0.346535,-0.063178,-0.230542,0.686971,0.491156,0.695348,-0.076107,0.108759,-0.208488,0.721198,-0.260122,0.724428,0.087827,0.150871,-0.233010,-0.750087,-0.081219,0.734846,0.110033,-0.318629,-0.190447,-0.303533,-0.635697,0.716116,0.366981,0.061442,-0.195864
15.980000,-0.386806,0.566337,0.699633,-0.342991,-0.062295,-0.230776,0.685403,0.493377,0.691185,-0.080825,0.113356,-0.207751,0.722946,-0.257088,0.719762,0.086872,0.152604,-0.233495,-0.747898,-0.087574,0.731027,0.108842,-0.316860,-0.191477,-0.296179,-0.634499,0.712201,0.368394,0.058368,-0.195669
16.000000,-0.393629,0.565099,0.695015,-0.339210,-0.061508,-0.230940,0.683735,0.495690,0.687038,-0.086061,0.117962,-0.206912,0.724672,-0.254017,0.715089,0.085671,0.154488,-0.233797,-0.745732,-0.093893,0.727187,0.107801,-0.314940,-0.192456,-0.288798,-0.633364,0.708290,0.369712,0.055159,-0.195398
16.020000,-0.400373,0.563876,0.690396,-0.335180,-0.060852,-0.231002,0.681957,0.498095,0.682909,-0.091808,0.122511,-0.205972,0.726371,-0.250907,0.710412,0.084216,0.156507,-0.233908,-0.743585,-0.100171,0.723329,0.106920,-0.312889,-0.193372,-0.281391,-0.632293,0.704385,0.370923,0.051854,-0.195052
16.040000,-0.407034,0.562664,0.685776,-0.330893,-0.060362,-0.230931,0.680059,0.500590,0.678800,-0.098056,0.126938,-0.204934,0.728038,-0.247756,0.705734,0.082503,0.158644,-0.233822,-0.741454,-0.106408,0.719453,0.106204,-0.310724,-0.194212,-0.273962,-0.631290,0.700488,0.372015,0.048496,-0.194632
16.060000,-0.413607,0.561461,0.681159,-0.326349,-0.060039,-0.230729,0.678031,0.503172,0.674713,-0.104806,0.131245,-0.203797,0.729669,-0.244561,0.701060,0.080529,0.160899,-0.233540,-0.739336,-0.112599,0.715561,0.105655,-0.308445,-0.194978,-0.266511,-0.630354,0.696600,0.372989,0.045084,-0.194139
16.080000,-0.420087,0.560262,0.676548,-0.321547,-0.059882,-0.230394,0.675863,0.505839,0.670649,-0.112056,0.135430,-0.202562,0.731258,-0.241319,0.696394,0.078296,0.163271,-0.233062,-0.737227,-0.118745,0.711654,0.105273,-0.306052,-0.195668,-0.259043,-0.629487,0.692723,0.373844,0.041619,-0.193573
16.100000,-0.426467,0.559064,0.671945,-0.316488,-0.059891,-0.229927,0.673545,0.508588,0.666611,-0.119808,0.139493,-0.201228,0.732799,-0.238029,0.691739,0.075804,0.165761,-0.232388,-0.735124,-0.124841,0.707735,0.105058,-0.303545,-0.196284,-0.251558,-0.628690,0.688858,0.374581,0.038100,-0.192934
16.120000,-0.432744,0.557865,0.667352,-0.311164,-0.060103,-0.229288,0.671068,0.511417,0.662600,-0.128039,0.143377,-0.199805,0.734288,-0.234688,0.687099,0.073046,0.168340,-0.231526,-0.733023,-0.130886,0.703804,0.105003,-0.300943,-0.196813,-0.244061,-0.627963,0.685006,0.375183,0.034579,-0.192225
16.140000,-0.438912,0.556659,0.662774,-0.305566,-0.060554,-0.228434,0.668421,0.514322,0.658619,-0.136727,0.147024,-0.198301,0.735719,-0.231295,0.682479,0.070015,0.170980,-0.230485,-0.730922,-0.136878,0.699863,0.105102,-0.298265,-0.197245,-0.236552,-0.627306,0.681169,0.375633,0.031108,-0.191450
16.160000,-0.444965,0.555441,0.658216,-0.299694,-0.061243,-0.227366,0.665596,0.517297,0.654669,-0.145873,0.150432,-0.196717,0.737087,-0.227849,0.677881,0.066713,0.173679,-0.229264,-0.728818,-0.142816,0.695914,0.105356,-0.295512,-0.197580,-0.229036,-0.626718,0.677349,0.375930,0.027686,-0.190609
16.180000,-0.450898,0.554207,0.653681,-0.293550,-0.062172,-0.226084,0.662583,0.520338,0.650751,-0.155475,0.153603,-0.195053,0.738386,-0.224348,0.673310,0.063138,0.176439,-0.227863,-0.726707,-0.148698,0.691960,0.105765,-0.292682,-0.197819,-0.221516,-0.626198,0.673546,0.376076,0.024314,-0.189702
16.200000,-0.456705,0.552952,0.649174,-0.287132,-0.063340,-0.224589,0.659374,0.523439,0.646867,-0.165534,0.156537,-0.193308,0.739611,-0.220791,0.668768,0.059291,0.179258,-0.226284,-0.724586,-0.154523,0.688002,0.106329,-0.289776,-0.197960,-0.213994,-0.625745,0.669761,0.376070,0.020991,-0.188729
16.220000,-0.462381,0.551672,0.644699,-0.280431,-0.064766,-0.222840,0.655959,0.526597,0.643019,-0.175993,0.159182,-0.191490,0.740756,-0.217177,0.664259,0.055170,0.182106,-0.224545,-0.722453,-0.160288,0.684043,0.107032,-0.286805,-0.197997,-0.206474,-0.625358,0.665997,0.375896,0.017784,-0.187691
16.240000,-0.467921,0.550360,0.640263,-0.273438,-0.066468,-0.220799,0.652332,0.529804,0.639208,-0.186793,0.161490,-0.189603,0.741816,-0.213507,0.659787,0.050773,0.184948,-0.222667,-0.720304,-0.165994,0.680083,0.107860,-0.283781,-0.197923,-0.198960,-0.625033,0.662254,0.375538,0.014758,-0.186589
16.260000,-0.473317,0.549011,0.635869,-0.266152,-0.068447,-0.218466,0.648485,0.533054,0.635436,-0.197935,0.163459,-0.187648,0.742785,-0.209779,0.655354,0.046101,0.187786,-0.220652,-0.718138,-0.171639,0.676126,0.108812,-0.280704,-0.197737,-0.191454,-0.624766,0.658534,0.374996,0.011914,-0.185422
16.280000,-0.478565,0.547620,0.631526,-0.258574,-0.070703,-0.215841,0.644412,0.536341,0.631703,-0.209418,0.165091,-0.185626,0.743658,-0.205995,0.650962,0.041154,0.190620,-0.218497,-0.715951,-0.177222,0.672174,0.109889,-0.277574,-0.197441,-0.183961,-0.624555,0.654837,0.374270,0.009251,-0.184192
16.300000,-0.483658,0.546181,0.627238,-0.250704,-0.073236,-0.212924,0.640106,0.539656,0.628011,-0.221243,0.166385,-0.183535,0.744429,-0.202154,0.646615,0.035931,0.193449,-0.216204,-0.713741,-0.182742,0.668230,0.111090,-0.274391,-0.197033,-0.176484,-0.624395,0.651166,0.373360,0.006769,-0.182898
16.320000,-0.488591,0.544689,0.623011,-0.242561,-0.076027,-0.209677,0.635560,0.542993,0.624362,-0.233327,0.167315,-0.181378,0.745093,-0.198257,0.642314,0.030444,0.196256,-0.213797,-0.711507,-0.188198,0.664294,0.112380,-0.271170,-0.196514,-0.169028,-0.624282,0.647522,0.372251,0.004543,-0.181544
16.340000,-0.493359,0.543139,0.618853,-0.234168,-0.079057,-0.206064,0.630772,0.546346,0.620756,-0.245591,0.167855,-0.179156,0.745645,-0.194305,0.638063,0.024702,0.199022,-0.211299,-0.709246,-0.193589,0.660370,0.113726,-0.267926,-0.195885,-0.161596,-0.624211,0.643905,0.370926,0.002648,-0.180137
16.360000,-0.497956,0.541525,0.614771,-0.225522,-0.082328,-0.202085,0.625736,0.549705,0.617196,-0.258033,0.168005,-0.176869,0.746080,-0.190297,0.633863,0.018707,0.201748,-0.208711,-0.706957,-0.198915,0.656459,0.115127,-0.264659,-0.195145,-0.154192,-0.624174,0.640317,0.369387,0.001083,-0.178675
16.380000,-0.502378,0.539844,0.610772,-0.216625,-0.085838,-0.197740,0.620449,0.553063,0.613682,-0.270654,0.167766,-0.174518,0.746392,-0.186235,0.629715,0.012457,0.204434,-0.206033,-0.704640,-0.204175,0.652565,0.116583,-0.261369,-0.194295,-0.146822,-0.624166,0.636758,0.367633,-0.000152,-0.177160
16.400000,-0.506620,0.538090,0.606864,-0.207477,-0.089588,-0.193028,0.614908,0.556413,0.610216,-0.283454,0.167137,-0.172101,0.746576,-0.182120,0.625622,0.005954,0.207080,-0.203265,-0.702294,-0.209369,0.648688,0.118094,-0.258056,-0.193335,-0.139488,-0.624178,0.633231,0.365663,-0.001057,-0.175590
16.420000,-0.510676,0.536259,0.603054,-0.198107,-0.093534,-0.187934,0.609110,0.559746,0.606798,-0.296351,0.166119,-0.169622,0.746628,-0.177952,0.621585,-0.000792,0.209685,-0.200430,-0.699917,-0.214497,0.644832,0.119633,-0.254727,-0.192266,-0.132197,-0.624205,0.629735,0.363462,-0.001578,-0.173966
16.440000,-0.514543,0.534348,0.599349,-0.188545,-0.097634,-0.182442,0.603054,0.563055,0.603431,-0.309265,0.164717,-0.167082,0.746543,-0.173733,0.617605,-0.007767,0.212251,-0.197550,-0.697508,-0.219558,0.640998,0.121171,-0.251390,-0.191088,-0.124952,-0.624238,0.626273,0.361011,-0.001661,-0.172286
16.460000,-0.518216,0.532353,0.595759,-0.178790,-0.101888,-0.176552,0.596740,0.566332,0.600116,-0.322195,0.162928,-0.164481,0.746316,-0.169462,0.613684,-0.014973,0.214777,-0.194627,-0.695070,-0.224553,0.637189,0.122708,-0.248045,-0.189804,-0.117758,-0.624269,0.622844,0.358310,-0.001308,-0.170552
16.480000,-0.521693,0.530271,0.592290,-0.168843,-0.106294,-0.170264,0.590166,0.569570,0.596852,-0.335142,0.160754,-0.161820,0.745943,-0.165142,0.609821,-0.022408,0.217263,-0.191659,-0.692600,-0.229480,0.633407,0.124245,-0.244691,-0.188411,-0.110621,-0.624288,0.619451,0.355360,-0.000518,-0.168762
16.500000,-0.524969,0.528100,0.588951,-0.158704,-0.110854,-0.163578,0.583334,0.572760,0.593643,-0.348105,0.158194,-0.159098,0.745418,-0.160772,0.606018,-0.030073,0.219710,-0.188647,-0.690100,-0.234340,0.629653,0.125782,-0.241329,-0.186911,-0.103545,-0.624287,0.616094,0.352160,0.000708,-0.166917
16.520000,-0.528040,0.525836,0.585749,-0.148401,-0.115522,-0.156482,0.576242,0.575895,0.590489,-0.361021,0.155263,-0.156317,0.744738,-0.156354,0.602275,-0.037946,0.222127,-0.185605,-0.687569,-0.239133,0.625931,0.127300,-0.237958,-0.185308,-0.096536,-0.624256,0.612775,0.348690,0.002400,-0.165011
16.540000,-0.530904,0.523479,0.582694,-0.137964,-0.120252,-0.148965,0.568894,0.578968,0.587391,-0.373827,0.151976,-0.153477,0.743899,-0.151887,0.598593,-0.046004,0.224528,-0.182550,-0.685008,-0.243858,0.622242,0.128780,-0.234575,-0.183607,-0.089600,-0.624187,0.609494,0.344928,0.004585,-0.163038
16.560000,-0.533558,0.521026,0.579794,-0.127391,-0.125044,-0.141025,0.561290,0.581972,0.584350,-0.386524,0.148332,-0.150578,0.742897,-0.147373,0.594973,-0.054247,0.226911,-0.179480,-0.682418,-0.248516,0.618587,0.130224,-0.231180,-0.181808,-0.082741,-0.624070,0.606253,0.340874,0.007264,-0.161000
16.580000,-0.535999,0.518476,0.577056,-0.116684,-0.129897,-0.132664,0.553433,0.584899,0.581368,-0.399111,0.144331,-0.147620,0.741728,-0.142811,0.591414,-0.062676,0.229276,-0.176396,-0.679799,-0.253105,0.614970,0.131630,-0.227775,-0.179912,-0.075967,-0.623894,0.603054,0.336529,0.010436,-0.158895
16.600000,-0.538224,0.515829,0.574490,-0.105842,-0.134813,-0.123880,0.545326,0.587743,0.578446,-0.411587,0.139974,-0.144603,0.740389,-0.138202,0.587917,-0.071289,0.231624,-0.173298,-0.677153,-0.257627,0.611392,0.132999,-0.224358,-0.177918,-0.069282,-0.623649,0.599898,0.331893,0.014101,-0.156724
16.620000,-0.540231,0.513084,0.572104,-0.094877,-0.139758,-0.114672,0.536971,0.590496,0.575584,-0.423927,0.135284,-0.141523,0.738876,-0.133546,0.584482,-0.080045,0.233968,-0.170187,-0.674480,-0.262080,0.607854,0.134319,-0.220930,-0.175828,-0.062693,-0.623326,0.596786,0.326938,0.018258,-0.154474
16.640000,-0.542018,0.510239,0.569906,-0.083803,-0.144700,-0.105037,0.528370,0.593152,0.572785,-0.436101,0.130285,-0.138372,0.737186,-0.128843,0.581110,-0.088897,0.236319,-0.167066,-0.671781,-0.266464,0.604359,0.135576,-0.217494,-0.173641,-0.056207,-0.622915,0.593720,0.321636,0.022907,-0.152133
16.660000,-0.543583,0.507296,0.567905,-0.072620,-0.149638,-0.094975,0.519528,0.595705,0.570050,-0.448110,0.124977,-0.135152,0.735319,-0.124093,0.577800,-0.097847,0.238679,-0.163935,-0.669057,-0.270779,0.600909,0.136771,-0.214048,-0.171359,-0.049830,-0.622407,0.590701,0.315987,0.028047,-0.149700
16.680000,-0.544922,0.504254,0.566110,-0.061327,-0.154573,-0.084485,0.510447,0.598149,0.567380,-0.459954,0.119359,-0.131863,0.733272,-0.119296,0.574553,-0.106895,0.241048,-0.160793,-0.666310,-0.275026,0.597505,0.137903,-0.210593,-0.168981,-0.043570,-0.621790,0.587732,0.309992,0.033678,-0.147177
16.700000,-0.546035,0.501113,0.564528,-0.049924,-0.159505,-0.073568,0.501131,0.600477,0.564776,-0.471633,0.113432,-0.128503,0.731043,-0.114451,0.571368,-0.116040,0.243424,-0.157640,-0.663541,-0.279203,0.594150,0.138973,-0.207128,-0.166507,-0.037433,-0.621056,0.584815,0.303651,0.039801,-0.144563
16.720000,-0.546919,0.497874,0.563170,-0.038421,-0.164415,-0.062237,0.491583,0.602684,0.562240,-0.483147,0.107230,-0.125073,0.728630,-0.109559,0.568247,-0.125233,0.245813,-0.154476,-0.660752,-0.283311,0.590846,0.139989,-0.203657,-0.163929,-0.031426,-0.620195,0.581951,0.296962,0.046384,-0.141848
16.740000,-0.547571,0.494537,0.562042,-0.026826,-0.169283,-0.050505,0.481806,0.604765,0.559774,-0.494498,0.100788,-0.121570,0.726033,-0.104618,0.565189,-0.134425,0.248220,-0.151297,-0.657942,-0.287349,0.587594,0.140960,-0.200181,-0.161237,-0.025556,-0.619198,0.579142,0.289924,0.053395,-0.139021
16.760000,-0.547991,0.491103,0.561152,-0.015139,-0.174109,-0.038374,0.471804,0.606714,0.557378,-0.505685,0.094107,-0.117994,0.723253,-0.099630,0.562195,-0.143616,0.250644,-0.148105,-0.655114,-0.291318,0.584397,0.141886,-0.196702,-0.158431,-0.019831,-0.618056,0.576390,0.282537,0.060835,-0.136083
16.780000,-0.548176,0.487572,0.560509,-0.003361,-0.178894,-0.025841,0.461580,0.608528,0.555054,-0.516709,0.087186,-0.114346,0.720289,-0.094592,0.559265,-0.152805,0.253086,-0.144898,-0.652267,-0.295217,0.581258,0.142767,-0.193218,-0.155512,-0.014257,-0.616762,0.573699,0.274802,0.068703,-0.133034
16.800000,-0.548125,0.483947,0.560121,0.008509,-0.183638,-0.012908,0.451137,0.610200,0.552804,-0.527568,0.080024,-0.110625,0.717141,-0.089506,0.556399,-0.161993,0.255546,-0.141678,-0.649403,-0.299047,0.578177,0.143604,-0.189731,-0.152479,-0.008841,-0.615305,0.571070,0.266717,0.077000,-0.129873
16.820000,-0.547835,0.480227,0.559995,0.020463,-0.188320,0.000386,0.440478,0.611727,0.550630,-0.538260,0.072658,-0.106826,0.713809,-0.084370,0.553598,-0.171129,0.258013,-0.138438,-0.646523,-0.302807,0.575159,0.144413,-0.186243,-0.149327,-0.003591,-0.613679,0.568505,0.258299,0.085673,-0.126605
16.840000,-0.547306,0.476415,0.560139,0.032490,-0.192921,0.014005,0.429607,0.613105,0.548532,-0.548778,0.065123,-0.102944,0.710296,-0.079186,0.550862,-0.180163,0.260479,-0.135173,-0.643627,-0.306497,0.572205,0.145212,-0.182760,-0.146051,0.001488,-0.611876,0.566006,0.249563,0.094671,-0.123230
16.860000,-0.546535,0.472511,0.560558,0.044592,-0.197442,0.027946,0.418528,0.614331,0.546513,-0.559123,0.057418,-0.098978,0.706604,-0.073951,0.548191,-0.189095,0.262942,-0.131884,-0.640715,-0.310117,0.569318,0.146001,-0.179282,-0.142651,0.006390,-0.609890,0.563576,0.240508,0.103993,-0.119750
16.880000,-0.545522,0.468518,0.561259,0.056767,-0.201881,0.042211,0.407244,0.615401,0.544573,-0.569294,0.049543,-0.094929,0.702733,-0.068668,0.545587,-0.197925,0.265404,-0.128569,-0.637787,-0.313668,0.566500,0.146780,-0.175809,-0.139126,0.011107,-0.607715,0.561217,0.231136,0.113641,-0.116164
16.900000,-0.544264,0.464436,0.562248,0.069017,-0.206239,0.056800,0.395758,0.616312,0.542716,-0.579293,0.041500,-0.090797,0.698687,-0.063335,0.543049,-0.206654,0.267865,-0.125230,-0.634844,-0.317149,0.563754,0.147548,-0.172340,-0.135477,0.015633,-0.605343,0.558930,0.221445,0.123613,-0.112473
16.920000,-0.542761,0.460269,0.563533,0.081336,-0.210494,0.071652,0.384073,0.617060,0.540942,-0.589113,0.033322,-0.086585,0.694468,-0.057954,0.540578,-0.215228,0.270293,-0.121841,-0.631885,-0.320562,0.561082,0.148330,-0.168891,-0.131703,0.019963,-0.602768,0.556719,0.211474,0.133841,-0.108678
16.940000,-0.541010,0.456017,0.565116,0.093717,-0.214624,0.086708,0.372194,0.617644,0.539253,-0.598748,0.025047,-0.082296,0.690079,-0.052524,0.538176,-0.223594,0.272660,-0.118378,-0.628910,-0.323905,0.558486,0.149147,-0.165476,-0.127803,0.024090,-0.599988,0.554584,0.201259,0.144256,-0.104782
16.960000,-0.539012,0.451685,0.567002,0.106160,-0.218627,0.101968,0.360125,0.618061,0.537651,-0.608198,0.016675,-0.077932,0.685526,-0.047048,0.535843,-0.231752,0.274966,-0.114840,-0.625919,-0.327181,0.555970,0.149998,-0.162095,-0.123777,0.028011,-0.596997,0.552528,0.190801,0.154860,-0.100783
16.980000,-0.536763,0.447273,0.569196,0.118667,-0.222504,0.117432,0.347868,0.618310,0.536136,-0.617464,0.008204,-0.073492,0.680811,-0.041526,0.533583,-0.239703,0.277210,-0.111227,-0.622910,-0.330389,0.553536,0.150885,-0.158749,-0.119625,0.031721,-0.593792,0.550553,0.180100,0.165651,-0.096683
17.000000,-0.534265,0.442785,0.571701,0.131236,-0.226256,0.133100,0.335427,0.618389,0.534711,-0.626545,-0.000363,-0.068976,0.675939,-0.035960,0.531395,-0.247446,0.279392,-0.107540,-0.619883,-0.333531,0.551186,0.151807,-0.155437,-0.115348,0.035214,-0.590370,0.548662,0.169156,0.176630,-0.092481
17.020000,-0.531514,0.438224,0.574521,0.143854,-0.229862,0.148891,0.322807,0.618295,0.533378,-0.635409,-0.009010,-0.064396,0.670915,-0.030351,0.529282,-0.254919,0.281471,-0.103759,-0.616837,-0.336607,0.548923,0.152793,-0.152176,-0.110952,0.038486,-0.586726,0.546855,0.158017,0.187726,-0.088190
17.040000,-0.528510,0.433592,0.577657,0.156510,-0.233303,0.164724,0.310012,0.618028,0.532136,-0.644023,-0.017718,-0.059763,0.665744,-0.024702,0.527245,-0.262059,0.283403,-0.099863,-0.613771,-0.339619,0.546749,0.153873,-0.148984,-0.106447,0.041533,-0.582860,0.545134,0.146730,0.198871,-0.083822
17.060000,-0.525253,0.428893,0.581110,0.169203,-0.236578,0.180600,0.297048,0.617586,0.530988,-0.652387,-0.026487,-0.055077,0.660435,-0.019016,0.525288,-0.268866,0.285189,-0.095855,-0.610682,-0.342567,0.544666,0.155046,-0.145860,-0.101832,0.044354,-0.578771,0.543502,0.135295,0.210064,-0.079376
17.080000,-0.521742,0.424130,0.584881,0.181934,-0.239688,0.196518,0.283919,0.616968,0.529933,-0.660500,-0.035316,-0.050339,0.654992,-0.013295,0.523412,-0.275340,0.286829,-0.091732,-0.607568,-0.345453,0.542676,0.156313,-0.142805,-0.097107,0.046944,-0.574457,0.541960,0.123713,0.221305,-0.074853
17.100000,-0.517975,0.419306,0.588971,0.194701,-0.242633,0.212479,0.270630,0.616173,0.528974,-0.668364,-0.044205,-0.045549,0.649423,-0.007543,0.521619,-0.281481,0.288323,-0.087496,-0.604429,-0.348280,0.540782,0.157674,-0.139818,-0.092272,0.049301,-0.569918,0.540509,0.111984,0.232594,-0.070253
17.120000,-0.513954,0.414426,0.593380,0.207490,-0.245389,0.228393,0.257186,0.615200,0.528112,-0.675931,-0.053148,-0.040711,0.643735,-0.001763,0.519913,-0.287251,0.289640,-0.083131,-0.601261,-0.351047,0.538986,0.159152,-0.136903,-0.087346,0.051423,-0.565154,0.539150,0.100160,0.243869,-0.065585
17.140000,-0.509676,0.409492,0.598106,0.220285,-0.247934,0.244174,0.243595,0.614047,0.527346,-0.683156,-0.062134,-0.035831,0.637936,0.004041,0.518295,-0.292613,0.290749,-0.078623,-0.598062,-0.353756,0.537289,0.160772,-0.134061,-0.082348,0.053307,-0.560164,0.537886,0.088293,0.255066,-0.060860
17.160000,-0.505142,0.404510,0.603146,0.233086,-0.250269,0.259819,0.229862,0.612714,0.526679,-0.690037,-0.071164,-0.030908,0.632033,0.009865,0.516769,-0.297567,0.291650,-0.073973,-0.594829,-0.356410,0.535693,0.162532,-0.131291,-0.077277,0.054954,-0.554951,0.536716,0.076384,0.266186,-0.056078
17.180000,-0.500352,0.399483,0.608498,0.245894,-0.252393,0.275331,0.215995,0.611200,0.526110,-0.696576,-0.080239,-0.025943,0.626036,0.015706,0.515337,-0.302112,0.292343,-0.069180,-0.591559,-0.359008,0.534198,0.164434,-0.128596,-0.072134,0.056363,-0.549517,0.535643,0.064432,0.277229,-0.051237
17.200000,-0.495306,0.394416,0.614158,0.258708,-0.254306,0.290708,0.202001,0.609504,0.525641,-0.702772,-0.089358,-0.020935,0.619952,0.021558,0.514003,-0.306248,0.292828,-0.064244,-0.588250,-0.361554,0.532808,0.166478,-0.125973,-0.066919,0.057531,-0.543863,0.534667,0.052437,0.288194,-0.046340
17.220000,-0.490004,0.389312,0.620125,0.271508,-0.255989,0.305877,0.187887,0.607625,0.525273,-0.708558,-0.098514,-0.015889,0.613789,0.027417,0.512768,-0.309975,0.293086,-0.059159,-0.584899,-0.364048,0.531522,0.168674,-0.123423,-0.061655,0.058460,-0.537990,0.533790,0.040463,0.299019,-0.041392
17.240000,-0.484446,0.384178,0.626391,0.284275,-0.257421,0.320766,0.173662,0.605563,0.525006,-0.713866,-0.107701,-0.010811,0.607555,0.033279,0.511637,-0.313291,0.293097,-0.053918,-0.581502,-0.366491,0.530342,0.171036,-0.120945,-0.056365,0.059150,-0.531903,0.533012,0.028570,0.309643,-0.036403
17.260000,-0.478633,0.379017,0.632953,0.297009,-0.258602,0.335374,0.159336,0.603317,0.524841,-0.718697,-0.116918,-0.005699,0.601260,0.039139,0.510613,-0.316197,0.292861,-0.048523,-0.578057,-0.368886,0.529268,0.173564,-0.118539,-0.051051,0.059604,-0.525606,0.532334,0.016760,0.320066,-0.031370
17.280000,-0.472566,0.373835,0.639805,0.309710,-0.259532,0.349702,0.144918,0.600886,0.524778,-0.723050,-0.126166,-0.000555,0.594910,0.044992,0.509697,-0.318691,0.292380,-0.042972,-0.574559,-0.371233,0.528300,0.176256,-0.116204,-0.045711,0.059821,-0.519102,0.531757,0.005032,0.330286,-0.026296
17.300000,-0.466245,0.368637,0.646940,0.322378,-0.260212,0.363749,0.130417,0.598270,0.524819,-0.726925,-0.135445,0.004623,0.588515,0.050833,0.508895,-0.320775,0.291651,-0.037266,-0.571005,-0.373535,0.527439,0.179114,-0.113942,-0.040346,0.059805,-0.512396,0.531282,-0.006615,0.340306,-0.021179
17.320000,-0.459671,0.363429,0.654352,0.334981,-0.260635,0.377466,0.115844,0.595468,0.524963,-0.730274,-0.144761,0.009833,0.582082,0.056657,0.508208,-0.322469,0.290673,-0.031407,-0.567393,-0.375791,0.526686,0.182147,-0.111726,-0.034985,0.059558,-0.505491,0.530910,-0.018113,0.350087,-0.016028
17.340000,-0.452846,0.358214,0.662036,0.347489,-0.260796,0.390804,0.101210,0.592480,0.525212,-0.733048,-0.154124,0.015072,0.575619,0.062458,0.507640,-0.323793,0.289442,-0.025398,-0.563718,-0.378004,0.526040,0.185364,-0.109534,-0.029655,0.059082,-0.498394,0.530641,-0.029395,0.359595,-0.010851
17.360000,-0.445772,0.352998,0.669982,0.359900,-0.260695,0.403764,0.086526,0.589303,0.525566,-0.735247,-0.163533,0.020342,0.569133,0.068233,0.507193,-0.324749,0.287957,-0.019239,-0.559977,-0.380173,0.525500,0.188765,-0.107364,-0.024357,0.058383,-0.491109,0.530476,-0.040463,0.368830,-0.005648
17.380000,-0.438451,0.347788,0.678184,0.372215,-0.260332,0.416345,0.071804,0.585938,0.526026,-0.736870,-0.172988,0.025642,0.562631,0.073975,0.506871,-0.325335,0.286220,-0.012930,-0.556166,-0.382299,0.525065,0.192349,-0.105217,-0.019091,0.057465,-0.483643,0.530416,-0.051315,0.377790,-0.000419
17.400000,-0.430884,0.342587,0.686633,0.384435,-0.259706,0.428548,0.057055,0.582383,0.526592,-0.737919,-0.182489,0.030973,0.556122,0.079680,0.506677,-0.325552,0.284229,-0.006471,-0.552282,-0.384382,0.524736,0.196118,-0.103093,-0.013856,0.056332,-0.476000,0.530460,-0.061952,0.386477,0.004837
17.420000,-0.423075,0.337401,0.695323,0.396508,-0.258833,0.440341,0.042291,0.578638,0.527265,-0.738367,-0.192055,0.036336,0.549611,0.085342,0.506613,-0.325424,0.281993,0.000130,-0.548320,-0.386422,0.524511,0.200070,-0.100952,-0.008679,0.054989,-0.468186,0.530609,-0.072324,0.394880,0.010105
17.440000,-0.415025,0.332235,0.704244,0.408383,-0.257725,0.451696,0.027525,0.574700,0.528046,-0.738190,-0.201706,0.041736,0.543107,0.090958,0.506683,-0.324976,0.279518,0.006867,-0.544278,-0.388419,0.524388,0.204203,-0.098754,-0.003586,0.053441,-0.460206,0.530864,-0.082379,0.402987,0.015371
17.460000,-0.406741,0.327094,0.713388,0.420059,-0.256383,0.462611,0.012768,0.570569,0.528935,-0.737386,-0.211443,0.047172,0.536614,0.096521,0.506889,-0.324207,0.276806,0.013738,-0.540151,-0.390372,0.524367,0.208518,-0.096499,0.001424,0.051696,-0.452068,0.531224,-0.092118,0.410799,0.020637
17.480000,-0.398224,0.321981,0.722745,0.431538,-0.254807,0.473088,-0.001967,0.566242,0.529933,-0.735956,-0.221264,0.052644,0.530141,0.102028,0.507233,-0.323118,0.273855,0.020744,-0.535936,-0.392279,0.524444,0.213014,-0.094188,0.006351,0.049759,-0.443776,0.531689,-0.101541,0.418315,0.025901
17.500000,-0.389481,0.316903,0.732308,0.442819,-0.252996,0.483125,-0.016666,0.561718,0.531041,-0.733900,-0.231171,0.058152,0.523692,0.107474,0.507719,-0.321709,0.270665,0.027884,-0.531629,-0.394139,0.524620,0.217692,-0.091819,0.011195,0.047636,-0.435337,0.532260,-0.110647,0.425536,0.031164
17.520000,-0.380513,0.311863,0.742067,0.453849,-0.250990,0.492694,-0.031319,0.556995,0.532259,-0.731210,-0.241176,0.063696,0.517274,0.112853,0.508349,-0.320010,0.267243,0.035146,-0.527227,-0.395951,0.524892,0.222528,-0.089358,0.015934,0.045335,-0.426757,0.532936,-0.119412,0.432471,0.036411
17.540000,-0.371329,0.306864,0.752013,0.464572,-0.248828,0.501765,-0.045911,0.552070,0.533589,-0.727878,-0.251291,0.069274,0.510893,0.118162,0.509126,-0.318052,0.263592,0.042517,-0.522727,-0.397713,0.525257,0.227499,-0.086772,0.020548,0.042862,-0.418040,0.533716,-0.127812,0.439127,0.041627
17.560000,-0.361932,0.301911,0.762135,0.474989,-0.246510,0.510339,-0.060429,0.546942,0.535031,-0.723903,-0.261518,0.074886,0.504554,0.123396,0.510051,-0.315835,0.259713,0.049996,-0.518127,-0.399421,0.525713,0.232604,-0.084059,0.025038,0.040225,-0.409194,0.534601,-0.135847,0.445505,0.046811
17.580000,-0.352331,0.297005,0.772423,0.485100,-0.244036,0.518414,-0.074862,0.541609,0.536585,-0.719285,-0.271855,0.080533,0.498261,0.128549,0.511126,-0.313360,0.255606,0.057583,-0.513422,-0.401074,0.526257,0.237844,-0.081220,0.029403,0.037431,-0.400222,0.535589,-0.143517,0.451606,0.051964
17.600000,-0.342531,0.292150,0.782868,0.494905,-0.241405,0.525992,-0.089196,0.536067,0.538252,-0.714025,-0.282303,0.086215,0.492021,0.133618,0.512355,-0.310626,0.251271,0.065279,-0.508612,-0.402669,0.526888,0.243218,-0.078255,0.033643,0.034487,-0.391131,0.536679,-0.150821,0.457428,0.057086
17.620000,-0.332537,0.287349,0.793459,0.504348,-0.238681,0.533038,-0.103419,0.530316,0.540033,-0.708134,-0.292857,0.091920,0.485838,0.138599,0.513738,-0.307695,0.246713,0.073060,-0.503693,-0.404203,0.527602,0.248694,-0.075141,0.037741,0.031400,-0.381927,0.537872,-0.157760,0.462998,0.062165
17.640000,-0.322359,0.282603,0.804186,0.513372,-0.235924,0.539517,-0.117518,0.524352,0.541929,-0.701627,-0.303510,0.097637,0.479714,0.143485,0.515278,-0.304629,0.241938,0.080902,-0.498664,-0.405674,0.528397,0.254238,-0.071855,0.041682,0.028179,-0.372613,0.539165,-0.164334,0.468341,0.067193
17.660000,-0.312005,0.277913,0.815036,0.521978,-0.233137,0.545431,-0.131480,0.518175,0.543939,-0.694501,-0.314263,0.103368,0.473653,0.148275,0.516975,-0.301428,0.236946,0.088806,-0.493523,-0.407076,0.529268,0.259850,-0.068399,0.045464,0.024829,-0.363195,0.540559,-0.170542,0.473457,0.072169
17.680000,-0.301483,0.273278,0.825999,0.530165,-0.230317,0.550779,-0.145294,0.511781,0.546064,-0.686759,-0.325115,0.109112,0.467658,0.152962,0.518830,-0.298093,0.231737,0.096772,-0.488269,-0.408408,0.530214,0.265530,-0.064771,0.049089,0.021360,-0.353676,0.542052,-0.176385,0.478347,0.077092
17.700000,-0.290801,0.268700,0.837063,0.537934,-0.227467,0.555560,-0.158946,0.505170,0.548304,-0.678399,-0.336066,0.114868,0.461731,0.157543,0.520846,-0.294623,0.226311,0.104799,-0.482901,-0.409666,0.531231,0.271279,-0.060971,0.052555,0.017777,-0.344062,0.543642,-0.181862,0.483010,0.081964
17.720000,-0.279969,0.264179,0.848218,0.545242,-0.224637,0.559741,-0.172426,0.498338,0.550659,-0.669454,-0.347096,0.120617,0.455873,0.162013,0.523022,-0.291101,0.220675,0.112852,-0.477418,-0.410846,0.532315,0.277065,-0.056975,0.055859,0.014087,-0.334357,0.545330,-0.186997,0.487484,0.086780
17.740000,-0.268995,0.259714,0.859449,0.552050,-0.221884,0.563286,-0.185721,0.491285,0.553128,-0.659956,-0.358180,0.126340,0.450086,0.166368,0.525360,-0.287611,0.214835,0.120894,-0.471819,-0.411944,0.533464,0.282858,-0.052755,0.058998,0.010299,-0.324564,0.547113,-0.191813,0.491809,0.091537
17.760000,-0.257890,0.255303,0.870745,0.558357,-0.219205,0.566194,-0.198820,0.484011,0.555712,-0.649904,-0.369319,0.132035,0.444369,0.170605,0.527858,-0.284152,0.208792,0.128926,-0.466103,-0.412955,0.534674,0.288658,-0.048313,0.061972,0.006417,-0.314686,0.548991,-0.196312,0.495985,0.096235
17.780000,-0.246664,0.250946,0.882092,0.564163,-0.216602,0.568467,-0.211713,0.476512,0.558409,-0.639299,-0.380514,0.137703,0.438720,0.174719,0.530517,-0.280724,0.202547,0.136947,-0.460272,-0.413875,0.535942,0.294465,-0.043647,0.064781,0.002448,-0.304725,0.550962,-0.200491,0.500010,0.100874
17.800000,-0.235327,0.246639,0.893479,0.569469,-0.214074,0.570104,-0.224389,0.468790,0.561220,-0.628140,-0.391764,0.143345,0.433140,0.178705,0.533336,-0.277327,0.196098,0.144958,-0.454325,-0.414699,0.537264,0.300280,-0.038758,0.067424,-0.001601,-0.294686,0.553026,-0.204353,0.503887,0.105454
17.820000,-0.223889,0.242382,0.904892,0.574251,-0.211663,0.571075,-0.236836,0.460842,0.564143,-0.616479,-0.403025,0.148932,0.427626,0.182561,0.536315,-0.274049,0.189457,0.152916,-0.448261,-0.415423,0.538638,0.306067,-0.033632,0.069912,-0.005724,-0.284571,0.555180,-0.207923,0.507649,0.109971
17.840000,-0.212360,0.238171,0.916318,0.578490,-0.209412,0.571351,-0.249045,0.452669,0.567177,-0.604367,-0.414256,0.154440,0.422176,0.186283,0.539452,-0.270977,0.182637,0.160777,-0.442083,-0.416043,0.540060,0.311791,-0.028252,0.072258,-0.009916,-0.274381,0.557424,-0.211230,0.511335,0.114421
17.860000,-0.200753,0.234004,0.927742,0.582184,-0.207321,0.570932,-0.261007,0.444272,0.570320,-0.591803,-0.425456,0.159867,0.416786,0.189866,0.542745,-0.268111,0.175637,0.168542,-0.435790,-0.416552,0.541527,0.317453,-0.022620,0.074460,-0.014171,-0.264118,0.559756,-0.214274,0.514945,0.118804
17.880000,-0.189077,0.229877,0.939150,0.585335,-0.205391,0.569819,-0.272714,0.435651,0.573571,-0.578788,-0.436624,0.165214,0.411451,0.193307,0.546193,-0.265450,0.168458,0.176211,-0.429385,-0.416946,0.543037,0.323052,-0.016735,0.076518,-0.018485,-0.253783,0.562176,-0.217054,0.518477,0.123121
17.900000,-0.177343,0.225788,0.950530,0.587941,-0.203619,0.568010,-0.284156,0.426807,0.576928,-0.565321,-0.447761,0.170480,0.406166,0.196603,0.549793,-0.262996,0.161098,0.183784,-0.422868,-0.417219,0.544587,0.328588,-0.010596,0.078434,-0.022852,-0.243379,0.564681,-0.219571,0.521932,0.127371
17.920000,-0.165563,0.221731,0.961866,0.590009,-0.202046,0.565494,-0.295324,0.417741,0.580389,-0.551468,-0.458806,0.175636,0.400929,0.199750,0.553543,-0.260824,0.153588,0.191220,-0.416242,-0.417368,0.546174,0.334037,-0.004210,0.080228,-0.027266,-0.232907,0.567270,-0.221844,0.525324,0.131545
17.940000,-0.153746,0.217704,0.973145,0.591545,-0.200707,0.562256,-0.306212,0.408456,0.583952,-0.537295,-0.469698,0.180650,0.395731,0.202745,0.557441,-0.259008,0.145955,0.198480,-0.409508,-0.417386,0.547795,0.339373,0.002419,0.081924,-0.031724,-0.222367,0.569942,-0.223892,0.528663,0.135635
17.960000,-0.141904,0.213701,0.984351,0.592549,-0.199604,0.558297,-0.316814,0.398954,0.587614,-0.522801,-0.480437,0.185524,0.390566,0.205587,0.561481,-0.257551,0.138200,0.205562,-0.402668,-0.417270,0.549450,0.344596,0.009291,0.083521,-0.036220,-0.211760,0.572695,-0.225716,0.531949,0.139640
17.980000,-0.130048,0.209718,0.995472,0.593021,-0.198736,0.553617,-0.327122,0.389239,0.591372,-0.507987,-0.491022,0.190257,0.385427,0.208273,0.565662,-0.256450,0.130322,0.212467,-0.395724,-0.417013,0.551135,0.349708,0.016406,0.085020,-0.040751,-0.201089,0.575527,-0.227315,0.535184,0.143560
18.000000,-0.118187,0.205750,1.006491,0.592960,-0.198103,0.548216,-0.337131,0.379314,0.595224,-0.492852,-0.501455,0.194848,0.380306,0.210799,0.569979,-0.255707,0.122322,0.219195,-0.388680,-0.416612,0.552850,0.354706,0.023764,0.086420,-0.045311,-0.190353,0.578437,-0.228690,0.538367,0.147395
18.020000,-0.106333,0.201792,1.017396,0.592406,-0.197742,0.542099,-0.346835,0.369182,0.599165,-0.477461,-0.511665,0.199273,0.375196,0.213165,0.574428,-0.255364,0.114234,0.225719,-0.381537,-0.416061,0.554592,0.359581,0.031346,0.087757,-0.049897,-0.179555,0.581422,-0.229852,0.541485,0.151135
18.040000,-0.094494,0.197839,1.028170,0.591395,-0.197690,0.535274,-0.356228,0.358849,0.603193,-0.461878,-0.521584,0.203503,0.370088,0.215368,0.579006,-0.255462,0.106094,0.232010,-0.374298,-0.415356,0.556360,0.364319,0.039134,0.089063,-0.054504,-0.168695,0.584481,-0.230814,0.544529,0.154772
18.060000,-0.082680,0.193883,1.038802,0.589929,-0.197947,0.527740,-0.365308,0.348321,0.607304,-0.446102,-0.531211,0.207539,0.364974,0.217408,0.583707,-0.256003,0.097900,0.238068,-0.366965,-0.414494,0.558154,0.368922,0.047127,0.090340,-0.059128,-0.157774,0.587612,-0.231576,0.547498,0.158304
18.080000,-0.070900,0.189919,1.049275,0.588006,-0.198513,0.519496,-0.374071,0.337603,0.611494,-0.430134,-0.540548,0.211382,0.359845,0.219284,0.588527,-0.256987,0.089653,0.243894,-0.359542,-0.413470,0.559973,0.373389,0.055325,0.091587,-0.063766,-0.146795,0.590813,-0.232138,0.550391,0.161732
18.100000,-0.059163,0.185940,1.059577,0.585628,-0.199388,0.510544,-0.382512,0.326701,0.615758,-0.413974,-0.549593,0.215030,0.354692,0.220994,0.593461,-0.258412,0.081354,0.249488,-0.352031,-0.412280,0.561817,0.377721,0.063729,0.092804,-0.068413,-0.135759,0.594081,-0.232500,0.553209,0.165056
18.120000,-0.047477,0.181941,1.069693,0.582851,-0.200586,0.500916,-0.390629,0.315622,0.620093,-0.397680,-0.558287,0.218468,0.349506,0.222538,0.598505,-0.260291,0.073036,0.254834,-0.344434,-0.410920,0.563686,0.381919,0.072317,0.094030,-0.073065,-0.124667,0.597414,-0.232670,0.555924,0.168263
18.140000,-0.035851,0.177915,1.079609,0.579734,-0.202120,0.490647,-0.398419,0.304372,0.624495,-0.381311,-0.566570,0.221678,0.344277,0.223916,0.603653,-0.262634,0.064735,0.259920,-0.336755,-0.409386,0.565579,0.385986,0.081068,0.095304,-0.077718,-0.113523,0.600811,-0.232656,0.558508,0.171339
18.160000,-0.024290,0.173854,1.089314,0.576277,-0.203991,0.479737,-0.405881,0.292962,0.628959,-0.364867,-0.574443,0.224660,0.338997,0.225127,0.608900,-0.265443,0.056450,0.264745,-0.328995,-0.407676,0.567498,0.389921,0.089982,0.096626,-0.082370,-0.102328,0.604267,-0.232460,0.560961,0.174286
18.180000,-0.012802,0.169753,1.098794,0.572480,-0.206198,0.468185,-0.413013,0.281397,0.633480,-0.348348,-0.581906,0.227414,0.333656,0.226174,0.614241,-0.268716,0.048182,0.269308,-0.321159,-0.405786,0.569444,0.393726,0.099059,0.097996,-0.087015,-0.091085,0.607781,-0.232080,0.563284,0.177103
18.200000,-0.001393,0.165604,1.108037,0.568343,-0.208742,0.455992,-0.419814,0.269688,0.638054,-0.331755,-0.588957,0.229940,0.328245,0.227055,0.619671,-0.272454,0.039931,0.273610,-0.313247,-0.403712,0.571418,0.397399,0.108299,0.099414,-0.091652,-0.079798,0.611350,-0.231517,0.565475,0.179790
18.220000,0.009930,0.161401,1.117030,0.563912,-0.211602,0.443207,-0.426283,0.257842,0.642676,-0.315133,-0.595561,0.232232,0.322755,0.227771,0.625184,-0.276626,0.031734,0.277632,-0.305264,-0.401453,0.573421,0.400944,0.117693,0.100917,-0.096275,-0.068468,0.614972,-0.230766,0.567486,0.182338
18.240000,0.021162,0.157138,1.125762,0.559237,-0.214759,0.429879,-0.432420,0.245869,0.647342,-0.298530,-0.601678,0.234285,0.317178,0.228325,0.630774,-0.281199,0.023627,0.281353,-0.297210,-0.399004,0.575456,0.404363,0.127233,0.102539,-0.100881,-0.057100,0.618643,-0.229825,0.569265,0.184740
18.260000,0.032297,0.152809,1.134222,0.554316,-0.218211,0.416009,-0.438225,0.233778,0.652046,-0.281946,-0.607308,0.236097,0.311505,0.228717,0.636436,-0.286173,0.015612,0.284775,-0.289090,-0.396362,0.577524,0.407656,0.136918,0.104281,-0.105466,-0.045698,0.622360,-0.228692,0.570813,0.186994
18.280000,0.043333,0.148407,1.142399,0.549149,-0.221959,0.401596,-0.443698,0.221580,0.656784,-0.265382,-0.612452,0.237670,0.305728,0.228950,0.642163,-0.291549,0.007687,0.287896,-0.280905,-0.393526,0.579628,0.410824,0.146749,0.106144,-0.110027,-0.034269,0.626122,-0.227368,0.572130,0.189101
18.300000,0.054262,0.143928,1.150282,0.543738,-0.226004,0.386641,-0.448840,0.209283,0.661551,-0.248836,-0.617109,0.239003,0.299840,0.229025,0.647950,-0.297326,-0.000146,0.290717,-0.272658,-0.390492,0.581770,0.413866,0.156724,0.108127,-0.114560,-0.022815,0.629924,-0.225853,0.573216,0.191062
18.320000,0.065081,0.139366,1.157861,0.538111,-0.230293,0.371211,-0.453652,0.196899,0.666342,-0.232352,-0.621260,0.240092,0.293833,0.228945,0.653790,-0.303446,-0.007847,0.293218,-0.264351,-0.387256,0.583954,0.416791,0.166830,0.110250,-0.119060,-0.011342,0.633763,-0.224137,0.574025,0.192882
18.340000,0.075785,0.134715,1.165128,0.532300,-0.234774,0.355374,-0.458135,0.184436,0.671153,-0.215974,-0.624888,0.240936,0.287700,0.228712,0.659676,-0.309850,-0.015372,0.295379,-0.255987,-0.383818,0.586181,0.419608,0.177051,0.112535,-0.123524,0.000144,0.637638,-0.222208,0.574515,0.194569
18.360000,0.086371,0.129973,1.172073,0.526305,-0.239449,0.339128,-0.462291,0.171907,0.675978,-0.199701,-0.627990,0.241535,0.281437,0.228331,0.665602,-0.316537,-0.022723,0.297199,-0.247567,-0.380173,0.588456,0.422316,0.187387,0.114981,-0.127947,0.011637,0.641545,-0.220066,0.574683,0.196123
18.380000,0.096836,0.125136,1.178690,0.520126,-0.244316,0.322476,-0.466124,0.159320,0.680813,-0.183534,-0.630568,0.241887,0.275037,0.227805,0.671562,-0.323508,-0.029899,0.298679,-0.239095,-0.376321,0.590782,0.424916,0.197838,0.117588,-0.132325,0.023129,0.645482,-0.217713,0.574531,0.197543
18.400000,0.107175,0.120199,1.184970,0.513762,-0.249375,0.305416,-0.469633,0.146688,0.685652,-0.167472,-0.632622,0.241994,0.268495,0.227136,0.677547,-0.330762,-0.036900,0.299818,-0.230571,-0.372259,0.593161,0.427408,0.208404,0.120357,-0.136654,0.034616,0.649446,-0.215147,0.574058,0.198830
18.420000,0.117385,0.115160,1.190905,0.507235,-0.254550,0.288033,-0.472823,0.134019,0.690491,-0.151546,-0.634154,0.241853,0.261805,0.226330,0.683552,-0.338232,-0.043705,0.300607,-0.221999,-0.367985,0.595597,0.429805,0.219059,0.123282,-0.140930,0.046089,0.653434,-0.212361,0.573231,0.199999
18.440000,0.127464,0.110017,1.196489,0.500565,-0.259762,0.270412,-0.475696,0.121325,0.695325,-0.135787,-0.635170,0.241462,0.254964,0.225390,0.689569,-0.345848,-0.050291,0.301036,-0.213380,-0.363496,0.598093,0.432118,0.229776,0.126358,-0.145147,0.057542,0.657445,-0.209348,0.572016,0.201067
18.460000,0.137407,0.104769,1.201719,0.493753,-0.265011,0.252553,-0.478256,0.108616,0.700148,-0.120197,-0.635669,0.240822,0.247970,0.224320,0.695591,-0.353612,-0.056658,0.301105,-0.204715,-0.358793,0.600652,0.434349,0.240555,0.129584,-0.149302,0.068967,0.661476,-0.206107,0.570414,0.202032
18.480000,0.147213,0.099416,1.206590,0.486798,-0.270297,0.234456,-0.480505,0.095902,0.704956,-0.104773,-0.635651,0.239933,0.240819,0.223125,0.701611,-0.361523,-0.062807,0.300814,-0.196006,-0.353874,0.603278,0.436498,0.251398,0.132961,-0.153390,0.080356,0.665526,-0.202640,0.568424,0.202895
18.500000,0.156878,0.093957,1.211096,0.479701,-0.275621,0.216122,-0.482448,0.083193,0.709743,-0.089517,-0.635116,0.238795,0.233508,0.221809,0.707621,-0.369580,-0.068737,0.300163,-0.187256,-0.348737,0.605972,0.438564,0.262302,0.136489,-0.157406,0.091702,0.669592,-0.198944,0.566047,0.203656
18.520000,0.166400,0.088392,1.215234,0.472481,-0.280897,0.197646,-0.484087,0.070500,0.714506,-0.074449,-0.634075,0.237428,0.226035,0.220377,0.713615,-0.377722,-0.074455,0.299164,-0.178464,-0.343381,0.608738,0.440554,0.273228,0.140150,-0.161346,0.102995,0.673672,-0.195017,0.563257,0.204335
18.540000,0.175777,0.082722,1.219002,0.465157,-0.286039,0.179128,-0.485427,0.057833,0.719239,-0.059588,-0.632540,0.235853,0.218399,0.218832,0.719586,-0.385885,-0.079967,0.297829,-0.169634,-0.337808,0.611579,0.442475,0.284133,0.143926,-0.165205,0.114229,0.677765,-0.190850,0.560032,0.204950
18.560000,0.185006,0.076951,1.222399,0.457730,-0.291048,0.160566,-0.486472,0.045202,0.723939,-0.044936,-0.630510,0.234070,0.210600,0.217179,0.725526,-0.394069,-0.085273,0.296157,-0.160766,-0.332016,0.614496,0.444328,0.295018,0.147819,-0.168979,0.125394,0.681869,-0.186446,0.556372,0.205502
18.580000,0.194085,0.071081,1.225424,0.450200,-0.295924,0.141960,-0.487226,0.032616,0.728601,-0.030491,-0.627986,0.232079,0.202636,0.215423,0.731430,-0.402274,-0.090374,0.294150,-0.151861,-0.326007,0.617492,0.446113,0.305882,0.151827,-0.172661,0.136481,0.685984,-0.181804,0.552276,0.205992
18.600000,0.203013,0.065115,1.228077,0.442567,-0.300667,0.123311,-0.487693,0.020086,0.733221,-0.016254,-0.624968,0.229881,0.194509,0.213566,0.737290,-0.410501,-0.095268,0.291806,-0.142922,-0.319781,0.620570,0.447829,0.316725,0.155951,-0.176249,0.147482,0.690108,-0.176923,0.547745,0.206418
18.620000,0.211787,0.059056,1.230357,0.434845,-0.305208,0.104729,-0.487878,0.007621,0.737795,-0.002243,-0.621476,0.227513,0.186216,0.211613,0.743100,-0.418696,-0.099972,0.289151,-0.133949,-0.313339,0.623731,0.449471,0.327491,0.160166,-0.179737,0.158388,0.694241,-0.171813,0.542772,0.206795
18.640000,0.220406,0.052909,1.232267,0.427049,-0.309482,0.086325,-0.487785,-0.004770,0.742320,0.011524,-0.617532,0.225014,0.177761,0.209568,0.748854,-0.426809,-0.104499,0.286210,-0.124943,-0.306682,0.626977,0.451033,0.338122,0.164446,-0.183120,0.169190,0.698380,-0.166481,0.537352,0.207138
18.660000,0.228869,0.046679,1.233811,0.419181,-0.313487,0.068099,-0.487419,-0.017078,0.746794,0.025047,-0.613134,0.222382,0.169145,0.207434,0.754546,-0.434838,-0.108851,0.282981,-0.115908,-0.299815,0.630309,0.452516,0.348618,0.168791,-0.186395,0.179879,0.702526,-0.160928,0.531486,0.207446
18.680000,0.237173,0.040371,1.234992,0.411239,-0.317223,0.050050,-0.486784,-0.029293,0.751215,0.038325,-0.608284,0.219619,0.160368,0.205215,0.760171,-0.442785,-0.113027,0.279466,-0.106843,-0.292739,0.633729,0.453920,0.358980,0.173201,-0.189556,0.190446,0.706678,-0.155154,0.525172,0.207720
18.700000,0.245318,0.033991,1.235814,0.403223,-0.320691,0.032179,-0.485887,-0.041406,0.755578,0.051359,-0.602981,0.216724,0.151434,0.202914,0.765723,-0.450649,-0.117027,0.275665,-0.097752,-0.285456,0.637238,0.455245,0.369206,0.177677,-0.192599,0.200883,0.710834,-0.149158,0.518412,0.207959
18.720000,0.253301,0.027545,1.236281,0.395134,-0.323848,0.014587,-0.484732,-0.053409,0.759883,0.064120,-0.597263,0.213746,0.142343,0.200535,0.771196,-0.458387,-0.120868,0.271616,-0.088634,-0.277972,0.640836,0.456479,0.379226,0.182186,-0.195521,0.211180,0.714996,-0.142963,0.511229,0.208177
18.740000,0.261123,0.021040,1.236400,0.386971,-0.326651,-0.002621,-0.483324,-0.065294,0.764128,0.076578,-0.591168,0.210736,0.133099,0.198081,0.776586,-0.465956,-0.124568,0.267361,-0.079493,-0.270289,0.644525,0.457611,0.388967,0.186698,-0.198317,0.221329,0.719161,-0.136588,0.503645,0.208388
18.760000,0.268780,0.014482,1.236179,0.378734,-0.329101,-0.019448,-0.481671,-0.077053,0.768312,0.088733,-0.584696,0.207692,0.123706,0.195553,0.781889,-0.473357,-0.128128,0.262898,-0.070330,-0.262415,0.648304,0.458641,0.398430,0.191211,-0.200983,0.231323,0.723331,-0.130035,0.495661,0.208590
18.780000,0.276271,0.007878,1.235625,0.370422,-0.331197,-0.035891,-0.479777,-0.088679,0.772435,0.100584,-0.577848,0.204616,0.114166,0.192956,0.787101,-0.480589,-0.131547,0.258229,-0.061148,-0.254354,0.652173,0.459570,0.407614,0.195726,-0.203517,0.241153,0.727505,-0.123303,0.487277,0.208785
18.800000,0.283596,0.001236,1.234746,0.362037,-0.332940,-0.051953,-0.477649,-0.100165,0.776497,0.112132,-0.570622,0.201506,0.104484,0.190292,0.792217,-0.487653,-0.134825,0.253352,-0.051948,-0.246112,0.656133,0.460396,0.416519,0.200244,-0.205914,0.250812,0.731683,-0.116392,0.478494,0.208972
18.820000,0.290752,-0.005437,1.233550,0.353566,-0.334323,-0.067555,-0.475294,-0.111502,0.780496,0.123352,-0.563073,0.198413,0.094662,0.187564,0.797234,-0.494506,-0.137969,0.248318,-0.042733,-0.237696,0.660183,0.461105,0.425064,0.204731,-0.208171,0.260290,0.735864,-0.109322,0.469349,0.209156
18.840000,0.297738,-0.012134,1.232047,0.344998,-0.335340,-0.082623,-0.472718,-0.122686,0.784434,0.134216,-0.555253,0.195387,0.084705,0.184775,0.802149,-0.501108,-0.140988,0.243177,-0.033505,-0.229113,0.664322,0.461680,0.433167,0.209158,-0.210286,0.269583,0.740049,-0.102112,0.459880,0.209343
18.860000,0.304552,-0.018848,1.230249,0.336334,-0.335991,-0.097156,-0.469928,-0.133710,0.788312,0.144727,-0.547163,0.192426,0.074619,0.181926,0.806960,-0.507458,-0.143880,0.237930,-0.024267,-0.220372,0.668549,0.462122,0.440826,0.213522,-0.212255,0.278684,0.744238,-0.094762,0.450089,0.209533
18.880000,0.311191,-0.025572,1.228165,0.327573,-0.336276,-0.111154,-0.466931,-0.144570,0.792131,0.154882,-0.538802,0.189533,0.064408,0.179020,0.811666,-0.513556,-0.146647,0.232575,-0.015021,-0.211482,0.672862,0.462430,0.448043,0.217825,-0.214076,0.287585,0.748430,-0.087273,0.439974,0.209724
18.900000,0.317654,-0.032297,1.225806,0.318716,-0.336196,-0.124617,-0.463735,-0.155261,0.795893,0.164683,-0.530170,0.186705,0.054078,0.176061,0.816263,-0.519403,-0.149288,0.227114,-0.005770,-0.202453,0.677261,0.462604,0.454818,0.222067,-0.215745,0.296280,0.752627,-0.079643,0.429536,0.209919
18.920000,0.323939,-0.039017,1.223184,0.309749,-0.335752,-0.137506,-0.460346,-0.165776,0.799600,0.174102,-0.521327,0.183977,0.043634,0.173050,0.820750,-0.524967,-0.151803,0.221601,0.003482,-0.193293,0.681745,0.462645,0.461066,0.226216,-0.217261,0.304764,0.756827,-0.071905,0.418830,0.210120
18.940000,0.330043,-0.045725,1.220310,0.300661,-0.334949,-0.149784,-0.456773,-0.176113,0.803253,0.183112,-0.512331,0.181380,0.033082,0.169989,0.825127,-0.530219,-0.154193,0.216092,0.012735,-0.184014,0.686309,0.462551,0.466704,0.230245,-0.218621,0.313032,0.761031,-0.064088,0.407908,0.210332
18.960000,0.335964,-0.052412,1.217197,0.291451,-0.333785,-0.161449,-0.453024,-0.186268,0.806856,0.191712,-0.503181,0.178915,0.022427,0.166883,0.829394,-0.535159,-0.156459,0.210588,0.021983,-0.174629,0.690953,0.462323,0.471731,0.234151,-0.219824,0.321079,0.765240,-0.056193,0.396773,0.210555
18.980000,0.341700,-0.059074,1.213856,0.282120,-0.332262,-0.172503,-0.449108,-0.196239,0.810411,0.199903,-0.493878,0.176582,0.011677,0.163732,0.833550,-0.539787,-0.158600,0.205087,0.031227,-0.165149,0.695675,0.461961,0.476148,0.237936,-0.220868,0.328902,0.769454,-0.048219,0.385422,0.210790
19.000000,0.347248,-0.065701,1.210300,0.272667,-0.330378,-0.182945,-0.445031,-0.206022,0.813920,0.207685,-0.484423,0.174381,0.000838,0.160539,0.837597,-0.544102,-0.160615,0.199590,0.040461,-0.155587,0.700470,0.461465,0.479954,0.241599,-0.221752,0.336495,0.773672,-0.040168,0.373857,0.211036
19.020000,0.352606,-0.072286,1.206542,0.263075,-0.328119,-0.192773,-0.440803,-0.215615,0.817387,0.215024,-0.474849,0.172313,-0.010084,0.157308,0.841534,-0.548090,-0.162494,0.194144,0.049684,-0.145956,0.705338,0.460857,0.483082,0.245116,-0.222474,0.343855,0.777895,-0.032068,0.362133,0.211294
19.040000,0.357770,-0.078823,1.202594,0.253329,-0.325469,-0.201985,-0.436433,-0.225016,0.820814,0.221890,-0.465192,0.170380,-0.021083,0.154041,0.845364,-0.551737,-0.164224,0.188795,0.058895,-0.136269,0.710274,0.460159,0.485465,0.248463,-0.223034,0.350979,0.782124,-0.023949,0.350304,0.211567
19.060000,0.362738,-0.085302,1.198467,0.243428,-0.322427,-0.210581,-0.431931,-0.234222,0.824203,0.228283,-0.455454,0.168583,-0.032152,0.150740,0.849087,-0.555043,-0.165805,0.183544,0.068090,-0.126542,0.715275,0.459371,0.487103,0.251639,-0.223432,0.357866,0.786358,-0.015812,0.338370,0.211853
19.080000,0.367506,-0.091717,1.194175,0.233372,-0.318993,-0.218561,-0.427305,-0.243233,0.827558,0.234202,-0.445632,0.166922,-0.043283,0.147409,0.852706,-0.558007,-0.167238,0.178391,0.077269,-0.116790,0.720338,0.458493,0.487995,0.254645,-0.223667,0.364513,0.790598,-0.007656,0.326332,0.212153
19.100000,0.372072,-0.098059,1.189729,0.223161,-0.315169,-0.225925,-0.422566,-0.252047,0.830881,0.239647,-0.435728,0.165396,-0.054470,0.144052,0.856223,-0.560631,-0.168521,0.173335,0.086429,-0.107027,0.725460,0.457525,0.488142,0.257480,-0.223738,0.370919,0.794844,0.000518,0.314190,0.212467
19.120000,0.376432,-0.104322,1.185142,0.212843,-0.310982,-0.232671,-0.417723,-0.260662,0.834174,0.244597,-0.425747,0.163983,-0.065706,0.140670,0.859640,-0.562906,-0.169647,0.168412,0.095569,-0.097269,0.730636,0.456463,0.487542,0.260116,-0.223646,0.377081,0.799097,0.008685,0.301997,0.212793
19.140000,0.380585,-0.110497,1.180426,0.202465,-0.306466,-0.238798,-0.412785,-0.269076,0.837441,0.249033,-0.415696,0.162659,-0.076984,0.137267,0.862961,-0.564826,-0.170606,0.163657,0.104687,-0.087530,0.735863,0.455302,0.486195,0.262524,-0.223391,0.382999,0.803356,0.016818,0.289809,0.213127
19.160000,0.384530,-0.116578,1.175594,0.192028,-0.301618,-0.244306,-0.407765,-0.277289,0.840681,0.252953,-0.405574,0.161423,-0.088296,0.133847,0.866188,-0.566390,-0.171399,0.159070,0.113781,-0.077826,0.741135,0.454041,0.484099,0.264704,-0.222973,0.388673,0.807622,0.024918,0.277625,0.213470
19.180000,0.388266,-0.122559,1.170658,0.181530,-0.296439,-0.249194,-0.402671,-0.285299,0.843898,0.256359,-0.395382,0.160276,-0.099637,0.130412,0.869325,-0.567598,-0.172025,0.154650,0.122848,-0.068172,0.746449,0.452682,0.481256,0.266656,-0.222394,0.394104,0.811895,0.032984,0.265446,0.213821
19.200000,0.391791,-0.128433,1.165630,0.170973,-0.290929,-0.253463,-0.397514,-0.293104,0.847093,0.259249,-0.385119,0.159219,-0.110998,0.126967,0.872375,-0.568450,-0.172484,0.150398,0.131887,-0.058581,0.751800,0.451223,0.477665,0.268379,-0.221654,0.399291,0.816175,0.041017,0.253271,0.214181
19.220000,0.395105,-0.134194,1.160523,0.160408,-0.285131,-0.257130,-0.392304,-0.300703,0.850267,0.261610,-0.374785,0.158218,-0.122372,0.123514,0.875342,-0.568948,-0.172778,0.146334,0.140896,-0.049070,0.757183,0.449660,0.473361,0.269867,-0.220754,0.404235,0.820462,0.048996,0.241138,0.214543
19.240000,0.398208,-0.139837,1.155349,0.149889,-0.279084,-0.260213,-0.387053,-0.308095,0.853422,0.263428,-0.364380,0.157242,-0.133753,0.120057,0.878229,-0.569094,-0.172907,0.142478,0.149873,-0.039651,0.762593,0.447991,0.468379,0.271109,-0.219695,0.408937,0.824757,0.056901,0.229084,0.214899
19.260000,0.401101,-0.145356,1.150119,0.139416,-0.272789,-0.262711,-0.381771,-0.315278,0.856557,0.264703,-0.353904,0.156290,-0.145134,0.116599,0.881042,-0.568887,-0.172871,0.138830,0.158815,-0.030339,0.768026,0.446214,0.462719,0.272105,-0.218479,0.413399,0.829058,0.064733,0.217109,0.215249
19.280000,0.403785,-0.150747,1.144844,0.128988,-0.266247,-0.264625,-0.376468,-0.322251,0.859674,0.265434,-0.343358,0.155364,-0.156507,0.113143,0.883784,-0.568328,-0.172672,0.135390,0.167721,-0.021147,0.773476,0.444331,0.456380,0.272856,-0.217106,0.417622,0.833366,0.072491,0.205213,0.215593
19.300000,0.406261,-0.156004,1.139538,0.118605,-0.259457,-0.265954,-0.371157,-0.329012,0.862772,0.265622,-0.332740,0.154461,-0.167865,0.109693,0.886459,-0.567417,-0.172308,0.132159,0.176588,-0.012088,0.778938,0.442340,0.449363,0.273362,-0.215579,0.421608,0.837682,0.080176,0.193396,0.215931
19.320000,0.408530,-0.161124,1.134210,0.108308,-0.252461,-0.266731,-0.365847,-0.335560,0.865852,0.265271,-0.322052,0.153547,-0.179201,0.106252,0.889072,-0.566162,-0.171791,0.129143,0.185414,-0.003176,0.784409,0.440230,0.441728,0.273630,-0.213900,0.425358,0.842004,0.087765,0.181681,0.216251
19.340000,0.410594,-0.166102,1.128872,0.098135,-0.245300,-0.266990,-0.360550,-0.341893,0.868913,0.264388,-0.311292,0.152582,-0.190509,0.102822,0.891626,-0.564574,-0.171134,0.126352,0.194196,0.005577,0.789882,0.437990,0.433535,0.273668,-0.212070,0.428876,0.846332,0.095237,0.170090,0.216543
19.360000,0.412456,-0.170935,1.123534,0.088087,-0.237974,-0.266730,-0.355275,-0.348011,0.871955,0.262972,-0.300461,0.151568,-0.201782,0.099407,0.894127,-0.562653,-0.170336,0.123786,0.202932,0.014161,0.795354,0.435619,0.424783,0.273475,-0.210091,0.432163,0.850665,0.102592,0.158622,0.216806
19.380000,0.414118,-0.175619,1.118206,0.078164,-0.230483,-0.265953,-0.350034,-0.353911,0.874976,0.261023,-0.289559,0.150505,-0.213013,0.096010,0.896579,-0.560398,-0.169397,0.121444,0.211620,0.022565,0.800819,0.433119,0.415474,0.273053,-0.207967,0.435222,0.855004,0.109830,0.147279,0.217040
19.400000,0.415583,-0.180153,1.112899,0.068366,-0.222827,-0.264656,-0.344838,-0.359593,0.877975,0.258541,-0.278586,0.149392,-0.224195,0.092632,0.898987,-0.557810,-0.168318,0.119326,0.220256,0.030776,0.806274,0.430488,0.405606,0.272400,-0.205699,0.438055,0.859346,0.116951,0.136061,0.217244
19.420000,0.416854,-0.184532,1.107623,0.058727,-0.215055,-0.262885,-0.339696,-0.365054,0.880951,0.255555,-0.267547,0.148195,-0.235323,0.089278,0.901354,-0.554905,-0.167118,0.117435,0.228839,0.038786,0.811714,0.427709,0.395249,0.271528,-0.203290,0.440665,0.863693,0.123928,0.124978,0.217404
19.440000,0.417934,-0.188755,1.102387,0.049282,-0.207214,-0.260681,-0.334619,-0.370294,0.883902,0.252093,-0.256448,0.146880,-0.246390,0.085948,0.903686,-0.551699,-0.165817,0.115772,0.237364,0.046584,0.817134,0.424764,0.384475,0.270444,-0.200743,0.443055,0.868042,0.130734,0.114044,0.217503
19.460000,0.418826,-0.192820,1.097199,0.040029,-0.199305,-0.258045,-0.329616,-0.375312,0.886825,0.248154,-0.245289,0.145446,-0.257389,0.082646,0.905986,-0.548193,-0.164416,0.114336,0.245828,0.054162,0.822530,0.421653,0.373281,0.269151,-0.198061,0.445228,0.872393,0.137370,0.103259,0.217541
19.480000,0.419536,-0.196726,1.092068,0.030971,-0.191327,-0.254977,-0.324696,-0.380105,0.889719,0.243740,-0.234069,0.143895,-0.268315,0.079372,0.908261,-0.544387,-0.162913,0.113129,0.254229,0.061512,0.827899,0.418376,0.361669,0.267647,-0.195249,0.447186,0.876743,0.143835,0.092623,0.217519
19.500000,0.420066,-0.200472,1.087002,0.022105,-0.183281,-0.251477,-0.319869,-0.384674,0.892580,0.238850,-0.222788,0.142225,-0.279162,0.076130,0.910513,-0.540280,-0.161309,0.112150,0.262562,0.068626,0.833235,0.414934,0.349639,0.265932,-0.192309,0.448934,0.881093,0.150129,0.082135,0.217435
19.520000,0.420422,-0.204057,1.082011,0.013456,-0.175212,-0.247588,-0.315145,-0.389017,0.895407,0.233541,-0.211452,0.140407,-0.289925,0.072920,0.912748,-0.535905,-0.159636,0.111394,0.270825,0.075495,0.838535,0.411304,0.337279,0.264020,-0.189245,0.450473,0.885440,0.156226,0.071797,0.217275
19.540000,0.420606,-0.207481,1.077101,0.005044,-0.167165,-0.243354,-0.310530,-0.393132,0.898196,0.227868,-0.200066,0.138411,-0.300597,0.069745,0.914970,-0.531293,-0.157925,0.110855,0.279013,0.082115,0.843794,0.407466,0.324676,0.261924,-0.186061,0.451807,0.889784,0.162103,0.061613,0.217023
19.560000,0.420625,-0.210744,1.072279,-0.003131,-0.159141,-0.238774,-0.306032,-0.397019,0.900942,0.221832,-0.188629,0.136237,-0.311175,0.066604,0.917184,-0.526445,-0.156176,0.110534,0.287122,0.088481,0.849010,0.403419,0.311832,0.259644,-0.182763,0.452938,0.894121,0.167757,0.051581,0.216678
19.580000,0.420483,-0.213847,1.067553,-0.011067,-0.151140,-0.233849,-0.301659,-0.400677,0.903644,0.215433,-0.177143,0.133884,-0.321653,0.063498,0.919393,-0.521360,-0.154389,0.110430,0.295148,0.094587,0.854179,0.399163,0.298746,0.257178,-0.179353,0.453871,0.898450,0.173190,0.041702,0.216240
19.600000,0.420184,-0.216790,1.062928,-0.018766,-0.143162,-0.228578,-0.297417,-0.404104,0.906296,0.208670,-0.165606,0.131353,-0.332028,0.060428,0.921602,-0.516039,-0.152565,0.110543,0.303087,0.100429,0.859296,0.394699,0.285418,0.254529,-0.175836,0.454607,0.902770,0.178401,0.031976,0.215710
19.620000,0.419734,-0.219574,1.058411,-0.026233,-0.135258,-0.223008,-0.293314,-0.407301,0.908897,0.201606,-0.154027,0.128627,-0.342293,0.057395,0.923816,-0.510513,-0.150728,0.110867,0.310934,0.106003,0.864359,0.390003,0.271952,0.251710,-0.172218,0.455151,0.907078,0.183372,0.022410,0.215077
19.640000,0.419136,-0.222201,1.054009,-0.033473,-0.127481,-0.217185,-0.289355,-0.410265,0.911440,0.194300,-0.142417,0.125687,-0.352447,0.054399,0.926038,-0.504815,-0.148907,0.111395,0.318685,0.111307,0.869364,0.385052,0.258453,0.248738,-0.168503,0.455505,0.911372,0.188087,0.013008,0.214330
19.660000,0.418396,-0.224674,1.049726,-0.040486,-0.119831,-0.211109,-0.285544,-0.412997,0.913923,0.186753,-0.130774,0.122534,-0.362485,0.051439,0.928273,-0.498945,-0.147100,0.112126,0.326335,0.116341,0.874307,0.379848,0.244921,0.245611,-0.164696,0.455672,0.915650,0.192545,0.003772,0.213469
19.680000,0.417518,-0.226995,1.045566,-0.047273,-0.112308,-0.204781,-0.281886,-0.415496,0.916340,0.178965,-0.119098,0.119169,-0.372404,0.048515,0.930525,-0.492902,-0.145308,0.113061,0.333878,0.121104,0.879187,0.374389,0.231357,0.242330,-0.160803,0.455657,0.919910,0.196746,-0.005299,0.212494
19.700000,0.416507,-0.229167,1.041536,-0.053834,-0.104911,-0.198200,-0.278387,-0.417761,0.918688,0.170935,-0.107391,0.115590,-0.382200,0.045627,0.932797,-0.486688,-0.143531,0.114200,0.341309,0.125595,0.884000,0.368676,0.217759,0.238896,-0.156828,0.455461,0.924149,0.200689,-0.014204,0.211405
19.720000,0.415366,-0.231193,1.037640,-0.060207,-0.097698,-0.191416,-0.275050,-0.419791,0.920962,0.162718,-0.095668,0.111793,-0.391870,0.042774,0.935094,-0.480336,-0.141776,0.115535,0.348623,0.129814,0.888742,0.362695,0.204244,0.235322,-0.152777,0.455090,0.928365,0.204373,-0.022945,0.210207
19.740000,0.414099,-0.233077,1.033880,-0.066433,-0.090727,-0.184482,-0.271879,-0.421588,0.923158,0.154368,-0.083950,0.107775,-0.401413,0.039955,0.937420,-0.473880,-0.140048,0.117060,0.355815,0.133766,0.893412,0.356434,0.190928,0.231622,-0.148655,0.454545,0.932557,0.207793,-0.031523,0.208906
19.760000,0.412710,-0.234823,1.030261,-0.072511,-0.083997,-0.177397,-0.268876,-0.423149,0.925272,0.145883,-0.072235,0.103534,-0.410825,0.037171,0.939778,-0.467321,-0.138349,0.118774,0.362878,0.137453,0.898006,0.349893,0.177812,0.227797,-0.144467,0.453830,0.936721,0.210950,-0.039936,0.207502
19.780000,0.411200,-0.236438,1.026786,-0.078442,-0.077509,-0.170161,-0.266045,-0.424477,0.927298,0.137265,-0.060523,0.099071,-0.420105,0.034421,0.942172,-0.460658,-0.136677,0.120678,0.369808,0.140880,0.902523,0.343072,0.164895,0.223847,-0.140219,0.452948,0.940856,0.213842,-0.048186,0.205995
19.800000,0.409573,-0.237925,1.023456,-0.084225,-0.071262,-0.162774,-0.263387,-0.425570,0.929233,0.128514,-0.048815,0.094387,-0.429250,0.031704,0.944606,-0.453891,-0.135033,0.122772,0.376599,0.144050,0.906959,0.335970,0.152178,0.219771,-0.135915,0.451904,0.944960,0.216472,-0.056273,0.204385
19.820000,0.407832,-0.239291,1.020275,-0.089911,-0.065310,-0.155297,-0.260905,-0.426430,0.931072,0.119673,-0.037132,0.089495,-0.438260,0.029020,0.947084,-0.447054,-0.133408,0.125059,0.383246,0.146969,0.911313,0.328603,0.139764,0.215591,-0.131562,0.450699,0.949031,0.218839,-0.064201,0.202688
19.840000,0.405977,-0.240540,1.017244,-0.095547,-0.059707,-0.147790,-0.258600,-0.427056,0.932812,0.110787,-0.025495,0.084411,-0.447132,0.026368,0.949610,-0.440180,-0.131794,0.127543,0.389742,0.149643,0.915582,0.320985,0.127757,0.211327,-0.127164,0.449337,0.953067,0.220945,-0.071976,0.200918
19.860000,0.404010,-0.241681,1.014364,-0.101134,-0.054454,-0.140252,-0.256473,-0.427450,0.934447,0.101857,-0.013905,0.079136,-0.455867,0.023748,0.952187,-0.433270,-0.130189,0.130225,0.396083,0.152082,0.919765,0.313118,0.116156,0.206979,-0.122726,0.447821,0.957067,0.222791,-0.079598,0.199077
19.880000,0.401932,-0.242721,1.011634,-0.106673,-0.049551,-0.132685,-0.254526,-0.427612,0.935976,0.092882,-0.002361,0.073668,-0.464463,0.021160,0.954820,-0.426323,-0.128594,0.133103,0.402265,0.154292,0.923861,0.304999,0.104962,0.202548,-0.118254,0.446154,0.961030,0.224377,-0.087067,0.197163
19.900000,0.399743,-0.243666,1.009057,-0.112163,-0.044996,-0.125088,-0.252758,-0.427545,0.937393,0.083862,0.009136,0.068008,-0.472920,0.018604,0.957513,-0.419339,-0.127010,0.136179,0.408282,0.156283,0.927867,0.296631,0.094175,0.198034,-0.113752,0.444339,0.964953,0.225701,-0.094383,0.195178
19.920000,0.397445,-0.244523,1.006631,-0.117651,-0.040816,-0.117528,-0.251171,-0.427247,0.938695,0.074848,0.020574,0.062177,-0.481236,0.016080,0.960269,-0.412346,-0.125406,0.139457,0.414129,0.158062,0.931782,0.288055,0.083866,0.193459,-0.109227,0.442379,0.968836,0.226785,-0.101542,0.193130
19.940000,0.395037,-0.245301,1.004355,-0.123184,-0.037033,-0.110072,-0.249764,-0.426722,0.939879,0.065891,0.031938,0.056195,-0.489414,0.013588,0.963092,-0.405370,-0.123756,0.142942,0.419803,0.159641,0.935605,0.279316,0.074109,0.188848,-0.104683,0.440278,0.972678,0.227646,-0.108542,0.191028
19.960000,0.392518,-0.246007,1.002227,-0.128763,-0.033649,-0.102720,-0.248535,-0.425970,0.940942,0.056990,0.043229,0.050061,-0.497451,0.011130,0.965988,-0.398412,-0.122058,0.146634,0.425300,0.161030,0.939335,0.270414,0.064902,0.184201,-0.100123,0.438039,0.976477,0.228286,-0.115382,0.188873
19.980000,0.389886,-0.246649,1.000245,-0.134386,-0.030663,-0.095473,-0.247484,-0.424993,0.941880,0.048146,0.054447,0.043776,-0.505350,0.008706,0.968959,-0.391472,-0.120314,0.150534,0.430618,0.162241,0.942973,0.261348,0.056246,0.179517,-0.095553,0.435664,0.980233,0.228705,-0.122061,0.186664
20.000000,0.387142,-0.247236,0.998407,-0.140055,-0.028075,-0.088329,-0.246609,-0.423793,0.942692,0.039358,0.065592,0.037340,-0.513110,0.006318,0.972010,-0.384549,-0.118522,0.154640,0.435753,0.163284,0.946516,0.252118,0.048141,0.174797,-0.090976,0.433157,0.983943,0.228901,-0.128582,0.184402
20.020000,0.384284,-0.247775,0.996711,-0.145793,-0.025868,-0.081339,-0.245909,-0.422370,0.943373,0.030691,0.076670,0.030783,-0.520732,0.003966,0.975146,-0.377633,-0.116646,0.158958,0.440702,0.164171,0.949964,0.242776,0.040630,0.170055,-0.086398,0.430522,0.987608,0.228903,-0.134943,0.182093
20.040000,0.381310,-0.248273,0.995153,-0.151623,-0.024025,-0.074554,-0.245380,-0.420727,0.943922,0.022212,0.087688,0.024133,-0.528216,0.001653,0.978370,-0.370712,-0.114652,0.163490,0.445464,0.164913,0.953318,0.233371,0.033756,0.165305,-0.081821,0.427761,0.991227,0.228735,-0.141149,0.179746
20.060000,0.378218,-0.248738,0.993728,-0.157546,-0.022546,-0.067974,-0.245019,-0.418863,0.944338,0.013920,0.098646,0.017393,-0.535561,-0.000619,0.981687,-0.363787,-0.112538,0.168236,0.450037,0.165525,0.956577,0.223904,0.027521,0.160549,-0.077250,0.424877,0.994798,0.228399,-0.147198,0.177360
20.080000,0.375007,-0.249178,0.992432,-0.163562,-0.021430,-0.061598,-0.244822,-0.416781,0.944618,0.005815,0.109545,0.010560,-0.542767,-0.002848,0.985101,-0.356858,-0.110305,0.173197,0.454419,0.166019,0.959740,0.214376,0.021923,0.155786,-0.072686,0.421874,0.998321,0.227893,-0.153090,0.174935
20.100000,0.371675,-0.249598,0.991262,-0.169670,-0.020679,-0.055426,-0.244785,-0.414482,0.944760,-0.002103,0.120384,0.003636,-0.549835,-0.005031,0.988616,-0.349924,-0.107953,0.178372,0.458611,0.166406,0.962808,0.204784,0.016963,0.151015,-0.068135,0.418754,1.001795,0.227218,-0.158826,0.172471
20.120000,0.368220,-0.250007,0.990214,-0.175877,-0.020235,-0.049484,-0.244905,-0.411966,0.944763,-0.009769,0.131164,-0.003348,-0.556764,-0.007165,0.992237,-0.342925,-0.105445,0.183755,0.462611,0.166701,0.965780,0.195168,0.012652,0.146222,-0.063599,0.415522,1.005220,0.226393,-0.164417,0.169978
20.140000,0.364639,-0.250409,0.989281,-0.182191,-0.020042,-0.043797,-0.245174,-0.409236,0.944626,-0.017117,0.141888,-0.010363,-0.563551,-0.009247,0.995968,-0.335802,-0.102744,0.189340,0.466418,0.166917,0.968657,0.185561,0.009002,0.141392,-0.059080,0.412179,1.008594,0.225437,-0.169877,0.167463
20.160000,0.360931,-0.250810,0.988460,-0.188612,-0.020101,-0.038364,-0.245587,-0.406291,0.944348,-0.024148,0.152555,-0.017407,-0.570195,-0.011274,0.999812,-0.328554,-0.099851,0.195126,0.470033,0.167066,0.971436,0.175965,0.006012,0.136524,-0.054582,0.408728,1.011918,0.224349,-0.175204,0.164928
20.180000,0.357094,-0.251215,0.987745,-0.195140,-0.020410,-0.033185,-0.246138,-0.403134,0.943929,-0.030862,0.163165,-0.024480,-0.576692,-0.013240,1.003774,-0.321182,-0.096766,0.201114,0.473457,0.167162,0.974117,0.166379,0.003682,0.131619,-0.050107,0.405171,1.015191,0.223130,-0.180400,0.162372
20.200000,0.353125,-0.251628,0.987131,-0.201775,-0.020971,-0.028261,-0.246820,-0.399765,0.943369,-0.037258,0.173719,-0.031583,-0.583041,-0.015143,1.007858,-0.313686,-0.093488,0.207303,0.476688,0.167218,0.976700,0.156804,0.002013,0.126676,-0.045658,0.401512,1.018413,0.221779,-0.185464,0.159794
20.220000,0.349022,-0.252055,0.986613,-0.208520,-0.021705,-0.023585,-0.247626,-0.396185,0.942666,-0.043304,0.184215,-0.038689,-0.589238,-0.016978,1.012068,-0.305974,-0.090000,0.213664,0.479729,0.167246,0.979184,0.147254,0.000959,0.121677,-0.041237,0.397754,1.021583,0.220310,-0.190407,0.157195
20.240000,0.344783,-0.252497,0.986186,-0.215378,-0.022536,-0.019152,-0.248549,-0.392397,0.941821,-0.048966,0.194655,-0.045771,-0.595278,-0.018741,1.016406,-0.297955,-0.086284,0.220169,0.482579,0.167260,0.981567,0.137745,0.000474,0.116605,-0.036846,0.393897,1.024700,0.218736,-0.195241,0.154573
20.260000,0.340406,-0.252957,0.985845,-0.222349,-0.023462,-0.014961,-0.249582,-0.388400,0.940835,-0.054245,0.205037,-0.052829,-0.601155,-0.020428,1.020875,-0.289629,-0.082341,0.226818,0.485239,0.167269,0.983848,0.128276,0.000559,0.111460,-0.032488,0.389945,1.027766,0.217057,-0.199965,0.151927
20.280000,0.335889,-0.253436,0.985586,-0.229434,-0.024486,-0.011013,-0.250716,-0.384195,0.939708,-0.059141,0.215363,-0.059863,-0.606861,-0.022034,1.025479,-0.280997,-0.078171,0.233611,0.487710,0.167286,0.986025,0.118847,0.001213,0.106242,-0.028164,0.385899,1.030777,0.215273,-0.204581,0.149258
20.300000,0.331228,-0.253937,0.985403,-0.236632,-0.025605,-0.007307,-0.251945,-0.379785,0.938441,-0.063654,0.225631,-0.066873,-0.612392,-0.023553,1.030221,-0.272058,-0.073773,0.240547,0.489993,0.167321,0.988097,0.109459,0.002436,0.100950,-0.023878,0.381762,1.033736,0.213385,-0.209087,0.146566
20.320000,0.326423,-0.254460,0.985292,-0.243957,-0.026736,-0.003806,-0.253260,-0.375171,0.937034,-0.067777,0.235843,-0.073835,-0.617741,-0.024983,1.035102,-0.262721,-0.069152,0.247581,0.492089,0.167387,0.990062,0.100127,0.004156,0.095574,-0.019630,0.377536,1.036640,0.211395,-0.213503,0.143849
20.340000,0.321469,-0.255006,0.985250,-0.251426,-0.027793,-0.000473,-0.254653,-0.370352,0.935488,-0.071503,0.245999,-0.080723,-0.622898,-0.026318,1.040124,-0.252896,-0.064313,0.254667,0.493999,0.167490,0.991919,0.090869,0.006300,0.090103,-0.015423,0.373222,1.039489,0.209305,-0.217848,0.141107
20.360000,0.316365,-0.255572,0.985272,-0.259038,-0.028776,0.002693,-0.256118,-0.365331,0.933805,-0.074832,0.256099,-0.087537,-0.627854,-0.027554,1.045289,-0.242581,-0.059255,0.261804,0.495724,0.167641,0.993666,0.081685,0.008868,0.084537,-0.011258,0.368823,1.042284,0.207117,-0.222121,0.138340
20.380000,0.311107,-0.256156,0.985356,-0.266793,-0.029685,0.005691,-0.257644,-0.360109,0.931987,-0.077765,0.266144,-0.094278,-0.632598,-0.028687,1.050597,-0.231778,-0.053978,0.268993,0.497267,0.167848,0.995300,0.072573,0.011861,0.078876,-0.007139,0.364338,1.045023,0.204831,-0.226323,0.135548
20.400000,0.305692,-0.256759,0.985499,-0.274691,-0.030520,0.008522,-0.259225,-0.354686,0.930034,-0.080301,0.276133,-0.100945,-0.637121,-0.029712,1.056049,-0.220486,-0.048483,0.276234,0.498628,0.168119,0.996820,0.063535,0.015278,0.073119,-0.003066,0.359770,1.047706,0.202445,-0.230454,0.132730
20.420000,0.300118,-0.257376,0.985696,-0.282741,-0.031208,0.011224,-0.260854,-0.349064,0.927950,-0.082447,0.286073,-0.107496,-0.641414,-0.030625,1.061646,-0.208646,-0.042806,0.283464,0.499808,0.168461,0.998224,0.054549,0.019017,0.067273,0.000959,0.355120,1.050332,0.199966,-0.234544,0.129889
20.440000,0.294381,-0.258005,0.985947,-0.290953,-0.031674,0.013835,-0.262521,-0.343243,0.925736,-0.084211,0.295968,-0.113887,-0.645463,-0.031423,1.067387,-0.196200,-0.036986,0.290623,0.500810,0.168881,0.999510,0.045594,0.022976,0.061341,0.004932,0.350389,1.052901,0.197398,-0.238624,0.127026
20.460000,0.288479,-0.258642,0.986249,-0.299326,-0.031920,0.016356,-0.264219,-0.337225,0.923395,-0.085593,0.305820,-0.120119,-0.649258,-0.032103,1.073271,-0.183146,-0.031021,0.297710,0.501632,0.169382,1.000677,0.036669,0.027157,0.055324,0.008854,0.345575,1.055413,0.194743,-0.242695,0.124140
20.480000,0.282407,-0.259281,0.986601,-0.307861,-0.031945,0.018787,-0.265942,-0.331011,0.920932,-0.086594,0.315628,-0.126192,-0.652785,-0.032663,1.079295,-0.169486,-0.024912,0.304725,0.502277,0.169969,1.001723,0.027775,0.031557,0.049222,0.012722,0.340681,1.057867,0.191999,-0.246757,0.121234
20.500000,0.276163,-0.259918,0.987000,-0.316557,-0.031749,0.021128,-0.267681,-0.324600,0.918349,-0.087212,0.325393,-0.132105,-0.656033,-0.033099,1.085459,-0.155218,-0.018660,0.311669,0.502743,0.170646,1.002646,0.018911,0.036178,0.043035,0.016533,0.335705,1.060262,0.189167,-0.250808,0.118305
20.520000,0.269744,-0.260549,0.987445,-0.325398,-0.031273,0.023401,-0.269428,-0.317995,0.915649,-0.087462,0.335108,-0.137804,-0.658990,-0.033409,1.091761,-0.140327,-0.012331,0.318471,0.503033,0.171416,1.003444,0.010019,0.040898,0.036788,0.020288,0.330648,1.062599,0.186254,-0.254885,0.115352
20.540000,0.263146,-0.261167,0.987936,-0.334364,-0.030461,0.025631,-0.271177,-0.311196,0.912838,-0.087360,0.344771,-0.143235,-0.661642,-0.033592,1.098196,-0.124797,-0.005994,0.325060,0.503144,0.172281,1.004117,0.001039,0.045594,0.030507,0.023983,0.325509,1.064876,0.183268,-0.259019,0.112372
20.560000,0.256368,-0.261765,0.988470,-0.343456,-0.029312,0.027817,-0.272920,-0.304205,0.909922,-0.086905,0.354380,-0.148398,-0.663977,-0.033649,1.104762,-0.108625,0.000351,0.331437,0.503074,0.173240,1.004664,-0.008027,0.050265,0.024190,0.027618,0.320287,1.067093,0.180209,-0.263211,0.109367
20.580000,0.249407,-0.262337,0.989048,-0.352674,-0.027825,0.029960,-0.274651,-0.297021,0.906904,-0.086096,0.363935,-0.153293,-0.665983,-0.033578,1.111453,-0.091814,0.006704,0.337601,0.502822,0.174292,1.005084,-0.017181,0.054913,0.017839,0.031191,0.314981,1.069250,0.177077,-0.267462,0.106335
20.600000,0.242261,-0.262876,0.989668,-0.362017,-0.026002,0.032059,-0.276362,-0.289648,0.903792,-0.084935,0.373438,-0.157919,-0.667646,-0.033380,1.118264,-0.074363,0.013065,0.343553,0.502386,0.175436,1.005377,-0.026422,0.059538,0.011453,0.034701,0.309588,1.071347,0.173872,-0.271770,0.103276
20.620000,0.234926,-0.263374,0.990330,-0.371439,-0.023801,0.034109,-0.278046,-0.282084,0.900590,-0.083438,0.382885,-0.162217,-0.668953,-0.033056,1.125193,-0.056297,0.019360,0.349220,0.501764,0.176672,1.005542,-0.035809,0.064011,0.005079,0.038145,0.304109,1.073381,0.170602,-0.276166,0.100195
20.640000,0.227403,-0.263825,0.991032,-0.380890,-0.021184,0.036106,-0.279697,-0.274333,0.897306,-0.081623,0.392276,-0.166128,-0.669893,-0.032607,1.132231,-0.037641,0.025512,0.354532,0.500952,0.177995,1.005581,-0.045399,0.068206,-0.001234,0.041524,0.298541,1.075354,0.167275,-0.280678,0.097096
20.660000,0.219690,-0.264219,0.991774,-0.390370,-0.018150,0.038049,-0.281309,-0.266394,0.893947,-0.079489,0.401611,-0.169651,-0.670455,-0.032036,1.139372,-0.018395,0.031523,0.359487,0.499947,0.179399,1.005493,-0.055195,0.072122,-0.007486,0.044836,0.292881,1.077265,0.163891,-0.285306,0.093978
20.680000,0.211788,-0.264548,0.992554,-0.399880,-0.014699,0.039938,-0.282874,-0.258269,0.890522,-0.077036,0.410889,-0.172786,-0.670625,-0.031347,1.146608,0.001441,0.037392,0.364087,0.498743,0.180878,1.005282,-0.065194,0.075760,-0.013679,0.048079,0.287128,1.079113,0.160450,-0.290049,0.090841
20.700000,0.203695,-0.264804,0.993371,-0.409419,-0.010831,0.041773,-0.284388,-0.249958,0.887038,-0.074266,0.420111,-0.175534,-0.670393,-0.030542,1.153933,0.021867,0.043120,0.368330,0.497338,0.182427,1.004947,-0.075398,0.079119,-0.019811,0.051254,0.281278,1.080899,0.156952,-0.294909,0.087685
20.720000,0.195411,-0.264979,0.994224,-0.418914,-0.006524,0.043544,-0.285843,-0.241465,0.883504,-0.071191,0.429249,-0.177841,-0.669747,-0.029624,1.161338,0.042820,0.048638,0.372152,0.495726,0.184040,1.004490,-0.085839,0.082095,-0.025829,0.054357,0.275331,1.082621,0.153407,-0.299899,0.084512
20.740000,0.186939,-0.265062,0.995112,-0.428290,-0.001755,0.045240,-0.287234,-0.232789,0.879928,-0.067829,0.438274,-0.179653,-0.668677,-0.028598,1.168816,0.064241,0.053878,0.375485,0.493902,0.185708,1.003915,-0.096550,0.084583,-0.031679,0.057390,0.269282,1.084279,0.149826,-0.305033,0.081324
20.760000,0.178281,-0.265046,0.996034,-0.437548,0.003475,0.046861,-0.288554,-0.223934,0.876321,-0.064180,0.447186,-0.180971,-0.667174,-0.027470,1.176355,0.086128,0.058842,0.378330,0.491862,0.187420,1.003224,-0.107531,0.086582,-0.037361,0.060350,0.263128,1.085873,0.146207,-0.310312,0.078120
20.780000,0.169438,-0.264920,0.996986,-0.446687,0.009167,0.048407,-0.289799,-0.214903,0.872692,-0.060242,0.455985,-0.181795,-0.665229,-0.026246,1.183946,0.108481,0.063528,0.380687,0.489599,0.189168,1.002421,-0.118783,0.088093,-0.042875,0.063238,0.256868,1.087404,0.142551,-0.315735,0.074900
20.800000,0.160414,-0.264676,0.997969,-0.455708,0.015320,0.049877,-0.290962,-0.205696,0.869052,-0.056016,0.464671,-0.182125,-0.662832,-0.024931,1.191579,0.131301,0.067936,0.382556,0.487109,0.190941,1.001510,-0.130304,0.089115,-0.048221,0.066052,0.250498,1.088869,0.138858,-0.321303,0.071664
20.820000,0.151211,-0.264304,0.998981,-0.464524,0.021927,0.051267,-0.292038,-0.196317,0.865411,-0.051514,0.473191,-0.181919,-0.659975,-0.023531,1.199244,0.154485,0.072019,0.383883,0.484385,0.192729,1.000494,-0.142092,0.089584,-0.053347,0.068792,0.244015,1.090270,0.135141,-0.327006,0.068420
20.840000,0.141835,-0.263796,1.000019,-0.473048,0.028977,0.052572,-0.293021,-0.186770,0.861779,-0.046744,0.481492,-0.181137,-0.656651,-0.022053,1.206930,0.177932,0.075726,0.384613,0.481423,0.194520,0.999378,-0.154139,0.089434,-0.058199,0.071457,0.237417,1.091606,0.131412,-0.332835,0.065178
20.860000,0.132291,-0.263142,1.001083,-0.481280,0.036472,0.053791,-0.293906,-0.177059,0.858169,-0.041707,0.489575,-0.179779,-0.652856,-0.020504,1.214625,0.201642,0.079059,0.384747,0.478218,0.196302,0.998168,-0.166447,0.088665,-0.062778,0.074048,0.230701,1.092877,0.127672,-0.338790,0.061936
20.880000,0.122586,-0.262334,1.002171,-0.489220,0.044412,0.054925,-0.294687,-0.167188,0.854592,-0.036403,0.497439,-0.177846,-0.648583,-0.018893,1.222316,0.225615,0.082017,0.384286,0.474764,0.198062,0.996869,-0.179016,0.087277,-0.067084,0.076564,0.223864,1.094084,0.123920,-0.344872,0.058695
20.900000,0.112724,-0.261363,1.003280,-0.496869,0.052795,0.055973,-0.295360,-0.157162,0.851059,-0.030832,0.505084,-0.175336,-0.643829,-0.017226,1.229992,0.249850,0.084600,0.383228,0.471056,0.199789,0.995486,-0.191845,0.085271,-0.071116,0.079005,0.216905,1.095225,0.120157,-0.351080,0.055455
20.920000,0.102713,-0.260219,1.004409,-0.504152,0.061591,0.056938,-0.295919,-0.146987,0.847583,-0.025001,0.512436,-0.172238,-0.638589,-0.015511,1.237641,0.274221,0.086790,0.381538,0.467089,0.201469,0.994026,-0.204902,0.082620,-0.074840,0.081370,0.209821,1.096302,0.116400,-0.357388,0.052229
20.940000,0.092561,-0.258897,1.005557,-0.510997,0.070765,0.057823,-0.296358,-0.136667,0.844174,-0.018918,0.519423,-0.168541,-0.632860,-0.013757,1.245249,0.298599,0.088571,0.379179,0.462858,0.203089,0.992495,-0.218153,0.079299,-0.078223,0.083661,0.202609,1.097314,0.112666,-0.363769,0.049032
20.960000,0.082276,-0.257386,1.006721,-0.517402,0.080319,0.058628,-0.296674,-0.126212,0.840845,-0.012584,0.526044,-0.164246,-0.626645,-0.011971,1.252804,0.322986,0.089942,0.376152,0.458361,0.204636,0.990900,-0.231600,0.075306,-0.081264,0.085877,0.195269,1.098263,0.108957,-0.370224,0.045863
20.980000,0.071868,-0.255681,1.007901,-0.523368,0.090252,0.059353,-0.296860,-0.115628,0.837608,-0.005997,0.532299,-0.159351,-0.619941,-0.010162,1.260291,0.347380,0.090903,0.372455,0.453593,0.206097,0.989247,-0.245241,0.070644,-0.083964,0.088020,0.187800,1.099149,0.105271,-0.376752,0.042722
21.000000,0.061345,-0.253774,1.009095,-0.528896,0.100565,0.059998,-0.296912,-0.104923,0.834475,0.000842,0.538189,-0.153857,-0.612749,-0.008338,1.267697,0.371783,0.091454,0.368091,0.448550,0.207458,0.987543,-0.259076,0.065310,-0.086322,0.090088,0.180199,1.099972,0.101610,-0.383354,0.039610
21.020000,0.050716,-0.251657,1.010301,-0.533912,0.111189,0.060574,-0.296825,-0.094103,0.831458,0.007921,0.543648,-0.147793,-0.605070,-0.006507,1.275010,0.396051,0.091615,0.363051,0.443229,0.208705,0.985796,-0.273046,0.059322,-0.088324,0.092084,0.172465,1.100734,0.097993,-0.389992,0.036542
21.040000,0.039992,-0.249325,1.011517,-0.538346,0.122057,0.061090,-0.296594,-0.083180,0.828567,0.015229,0.548613,-0.141188,-0.596909,-0.004676,1.282215,0.420044,0.091406,0.357332,0.437628,0.209826,0.984013,-0.287087,0.052696,-0.089953,0.094008,0.164599,1.101434,0.094443,-0.396630,0.033532
21.060000,0.029186,-0.246773,1.012744,-0.542197,0.133170,0.061548,-0.296214,-0.072162,0.825814,0.022766,0.553084,-0.134042,-0.588271,-0.002853,1.289299,0.443761,0.090828,0.350933,0.431745,0.210809,0.982201,-0.301201,0.045431,-0.091211,0.095862,0.156600,1.102075,0.090960,-0.403266,0.030581
21.080000,0.018308,-0.243996,1.013979,-0.545465,0.144527,0.061948,-0.295681,-0.061060,0.823209,0.030531,0.557060,-0.126355,-0.579160,-0.001045,1.296248,0.467203,0.089880,0.343854,0.425579,0.211639,0.980367,-0.315387,0.037527,-0.092098,0.097647,0.148468,1.102658,0.087543,-0.409902,0.027690
21.100000,0.007371,-0.240990,1.015221,-0.548150,0.156128,0.062288,-0.294991,-0.049883,0.820763,0.038525,0.560543,-0.118128,-0.569584,0.000740,1.303048,0.490369,0.088562,0.336094,0.419129,0.212305,0.978519,-0.329645,0.028985,-0.092612,0.099365,0.140204,1.103183,0.084193,-0.416537,0.024857
21.120000,-0.003614,-0.237750,1.016470,-0.550218,0.167895,0.062583,-0.294139,-0.038642,0.818487,0.046724,0.563494,-0.109416,-0.559548,0.002495,1.309687,0.513131,0.086920,0.327679,0.412393,0.212795,0.976665,-0.343911,0.019843,-0.092757,0.101016,0.131807,1.103653,0.080928,-0.423107,0.022096
21.140000,-0.014634,-0.234274,1.017725,-0.551633,0.179747,0.062844,-0.293121,-0.027347,0.816389,0.055104,0.565877,-0.100276,-0.549063,0.004215,1.316151,0.535364,0.084998,0.318631,0.405373,0.213095,0.974811,-0.358119,0.010143,-0.092532,0.102602,0.123281,1.104068,0.077768,-0.429547,0.019419
21.160000,-0.025675,-0.230559,1.018984,-0.552396,0.191686,0.063073,-0.291934,-0.016011,0.814479,0.063664,0.567693,-0.090708,-0.538137,0.005893,1.322428,0.557066,0.082798,0.308951,0.398069,0.213197,0.972966,-0.372270,-0.000116,-0.091938,0.104127,0.114626,1.104430,0.074711,-0.435857,0.016827
21.180000,-0.036725,-0.226606,1.020247,-0.552507,0.203710,0.063269,-0.290573,-0.004643,0.812764,0.072405,0.568941,-0.080712,-0.526783,0.007525,1.328505,0.578238,0.080318,0.298639,0.390483,0.213087,0.971136,-0.386364,-0.010935,-0.090974,0.105592,0.105847,1.104741,0.071760,-0.442038,0.014319
21.200000,-0.047771,-0.222410,1.021514,-0.551965,0.215821,0.063432,-0.289036,0.006743,0.811253,0.081326,0.569621,-0.070288,-0.515011,0.009104,1.334369,0.598879,0.077559,0.287694,0.382615,0.212755,0.969329,-0.400400,-0.022313,-0.089642,0.106998,0.096946,1.105003,0.068912,-0.448090,0.011896
21.220000,-0.058799,-0.217973,1.022784,-0.550778,0.227924,0.063570,-0.287319,0.018138,0.809955,0.090385,0.569723,-0.059529,-0.502832,0.010626,1.340009,0.618892,0.074570,0.276179,0.374467,0.212191,0.967553,-0.414320,-0.034190,-0.087950,0.108349,0.087925,1.105218,0.066183,-0.453946,0.009568
21.240000,-0.069798,-0.213294,1.024057,-0.548953,0.239927,0.063692,-0.285420,0.029528,0.808874,0.099535,0.569239,-0.048525,-0.490261,0.012086,1.345413,0.638180,0.071401,0.264154,0.366043,0.211385,0.965814,-0.428065,-0.046506,-0.085905,0.109646,0.078790,1.105387,0.063589,-0.459541,0.007348
21.260000,-0.080753,-0.208376,1.025332,-0.546489,0.251830,0.063799,-0.283337,0.040903,0.808015,0.108778,0.568167,-0.037278,-0.477310,0.013480,1.350572,0.656742,0.068052,0.251619,0.357346,0.210328,0.964119,-0.441633,-0.059261,-0.083510,0.110893,0.069545,1.105513,0.061130,-0.464875,0.005234
21.280000,-0.091653,-0.203222,1.026609,-0.543387,0.263633,0.063889,-0.281069,0.052251,0.807384,0.118114,0.566509,-0.025786,-0.463996,0.014807,1.355475,0.674578,0.064523,0.238574,0.348379,0.209012,0.962476,-0.455026,-0.072456,-0.080762,0.112092,0.060196,1.105597,0.058804,-0.469949,0.003227
21.300000,-0.102484,-0.197832,1.027887,-0.539647,0.275336,0.063963,-0.278612,0.063560,0.806985,0.127541,0.564263,-0.014051,-0.450332,0.016060,1.360111,0.691688,0.060814,0.225019,0.339146,0.207427,0.960891,-0.468244,-0.086090,-0.077663,0.113246,0.050749,1.105642,0.056613,-0.474761,0.001327
21.320000,-0.113235,-0.192209,1.029167,-0.535298,0.286861,0.064029,-0.275967,0.074818,0.806823,0.137003,0.561449,-0.002173,-0.436333,0.017238,1.364472,0.708005,0.056982,0.211034,0.329651,0.205566,0.959371,-0.481205,-0.100049,-0.074234,0.114358,0.041208,1.105651,0.054554,-0.479265,-0.000457
21.340000,-0.123892,-0.186359,1.030449,-0.530369,0.298132,0.064096,-0.273132,0.086014,0.806899,0.146441,0.558087,0.009747,-0.422017,0.018339,1.368550,0.723458,0.053087,0.196698,0.319900,0.203423,0.957924,-0.493830,-0.114219,-0.070496,0.115429,0.031581,1.105625,0.052623,-0.483414,-0.002117
21.360000,-0.134446,-0.180286,1.031731,-0.524861,0.309147,0.064164,-0.270109,0.097138,0.807213,0.155855,0.554175,0.021708,-0.407401,0.019361,1.372338,0.738048,0.049127,0.182011,0.309900,0.200996,0.956554,-0.506118,-0.128598,-0.066449,0.116464,0.021874,1.105567,0.050821,-0.487207,-0.003651
21.380000,-0.144883,-0.173995,1.033015,-0.518774,0.319906,0.064233,-0.266898,0.108177,0.807767,0.165244,0.549715,0.033710,-0.392501,0.020304,1.375828,0.751775,0.045103,0.166972,0.299658,0.198278,0.955268,-0.518070,-0.143188,-0.062094,0.117463,0.012095,1.105480,0.049148,-0.490645,-0.005061
21.400000,-0.155193,-0.167491,1.034300,-0.512108,0.330411,0.064304,-0.263500,0.119123,0.808562,0.174610,0.544707,0.045754,-0.377336,0.021165,1.379015,0.764640,0.041015,0.151582,0.289180,0.195267,0.954072,-0.529686,-0.157988,-0.057429,0.118430,0.002250,1.105365,0.047603,-0.493727,-0.006346
21.420000,-0.165364,-0.160781,1.035587,-0.504921,0.340584,0.064379,-0.259914,0.129962,0.809597,0.183893,0.539186,0.057744,-0.361922,0.021944,1.381890,0.776598,0.036916,0.135930,0.278473,0.191958,0.952972,-0.540892,-0.172875,-0.052478,0.119368,-0.007652,1.105227,0.046176,-0.496420,-0.007501
21.440000,-0.175387,-0.153871,1.036876,-0.497272,0.350349,0.064463,-0.256145,0.140687,0.810871,0.193037,0.533192,0.069585,-0.346278,0.022642,1.384451,0.787606,0.032859,0.120102,0.267547,0.188352,0.951975,-0.551616,-0.187725,-0.047261,0.120278,-0.017604,1.105066,0.044856,-0.498690,-0.008523
21.460000,-0.185252,-0.146769,1.038166,-0.489162,0.359706,0.064558,-0.252194,0.151287,0.812379,0.202041,0.526722,0.081276,-0.330424,0.023259,1.386693,0.797665,0.028844,0.104098,0.256412,0.184449,0.951084,-0.561859,-0.202538,-0.041779,0.121163,-0.027597,1.104887,0.043642,-0.500537,-0.009411
21.480000,-0.194950,-0.139485,1.039458,-0.480589,0.368654,0.064661,-0.248064,0.161753,0.814121,0.210906,0.519779,0.092818,-0.314378,0.023796,1.388613,0.806775,0.024872,0.087920,0.245076,0.180251,0.950305,-0.571620,-0.217313,-0.036032,0.122025,-0.037622,1.104691,0.042535,-0.501961,-0.010166
21.500000,-0.204472,-0.132026,1.040752,-0.471555,0.377194,0.064774,-0.243759,0.172075,0.816091,0.219630,0.512361,0.104211,-0.298159,0.024254,1.390209,0.814934,0.020941,0.071567,0.233550,0.175757,0.949644,-0.580899,-0.232052,-0.030020,0.122865,-0.047672,1.104481,0.041534,-0.502963,-0.010787
21.520000,-0.213810,-0.124400,1.042049,-0.462126,0.385263,0.064896,-0.239280,0.182244,0.818288,0.228146,0.504532,0.115375,-0.281787,0.024634,1.391475,0.822140,0.017107,0.055133,0.221844,0.170970,0.949106,-0.589638,-0.246640,-0.023762,0.123686,-0.057738,1.104260,0.040623,-0.503521,-0.011272
21.540000,-0.222955,-0.116619,1.043348,-0.452370,0.392795,0.065029,-0.234635,0.192254,0.820704,0.236384,0.496356,0.126233,-0.265280,0.024939,1.392414,0.828386,0.013421,0.038715,0.209968,0.165893,0.948695,-0.597778,-0.260966,-0.017277,0.124490,-0.067810,1.104031,0.039784,-0.503615,-0.011621
21.560000,-0.231902,-0.108692,1.044650,-0.442286,0.399792,0.065171,-0.229827,0.202096,0.823335,0.244344,0.487832,0.136785,-0.248658,0.025172,1.393024,0.833672,0.009883,0.022311,0.197936,0.160533,0.948417,-0.605320,-0.275029,-0.010566,0.125278,-0.077879,1.103796,0.039018,-0.503245,-0.011833
21.580000,-0.240644,-0.100631,1.045955,-0.431875,0.406253,0.065324,-0.224863,0.211765,0.826174,0.252026,0.478961,0.147030,-0.231939,0.025336,1.393306,0.837998,0.006495,0.005922,0.185760,0.154894,0.948274,-0.612265,-0.288830,-0.003628,0.126052,-0.087937,1.103559,0.038324,-0.502412,-0.011907
21.600000,-0.249175,-0.092446,1.047263,-0.421136,0.412179,0.065486,-0.219748,0.221252,0.829214,0.259431,0.469743,0.156969,-0.215144,0.025433,1.393261,0.841366,0.003255,-0.010452,0.173450,0.148981,0.948273,-0.618611,-0.302368,0.003537,0.126812,-0.097973,1.103321,0.037702,-0.501116,-0.011844
21.620000,-0.257488,-0.084148,1.048575,-0.410137,0.417527,0.065658,-0.214488,0.230553,0.832450,0.266491,0.460240,0.166552,-0.198291,0.025467,1.392889,0.843800,0.000171,-0.026692,0.161019,0.142801,0.948417,-0.624328,-0.315533,0.010871,0.127560,-0.107978,1.103086,0.037134,-0.499351,-0.011643
21.640000,-0.265579,-0.075749,1.049890,-0.398943,0.422257,0.065838,-0.209091,0.239661,0.835873,0.273142,0.450515,0.175732,-0.181398,0.025441,1.392195,0.845328,-0.002749,-0.042677,0.148481,0.136363,0.948709,-0.629389,-0.328217,0.018318,0.128297,-0.117944,1.102856,0.036599,-0.497114,-0.011301
21.660000,-0.273444,-0.067261,1.051208,-0.387555,0.426368,0.066027,-0.203565,0.248572,0.839476,0.279383,0.440567,0.184507,-0.164484,0.025358,1.391184,0.845949,-0.005505,-0.058408,0.135848,0.129676,0.949150,-0.633791,-0.340419,0.025877,0.129024,-0.127860,1.102635,0.036098,-0.494405,-0.010819
21.680000,-0.281080,-0.058698,1.052531,-0.375972,0.429860,0.066225,-0.197918,0.257282,0.843251,0.285214,0.430397,0.192879,-0.147566,0.025222,1.389861,0.845665,-0.008097,-0.073885,0.123134,0.122750,0.949744,-0.637536,-0.352140,0.033549,0.129741,-0.137717,1.102424,0.035631,-0.491224,-0.010196
21.700000,-0.288482,-0.050071,1.053857,-0.364195,0.432733,0.066432,-0.192159,0.265786,0.847189,0.290635,0.420005,0.200846,-0.130663,0.025035,1.388230,0.844474,-0.010526,-0.089107,0.110351,0.115594,0.950493,-0.640623,-0.363379,0.041334,0.130450,-0.147505,1.102228,0.035197,-0.487570,-0.009433
21.720000,-0.295647,-0.041393,1.055188,-0.352303,0.434983,0.066649,-0.186296,0.274081,0.851282,0.295602,0.409462,0.208380,-0.113793,0.024802,1.386299,0.842418,-0.012791,-0.103946,0.097513,0.108218,0.951398,-0.643036,-0.374053,0.049157,0.131150,-0.157217,1.102048,0.034787,-0.483483,-0.008542
21.740000,-0.302574,-0.032676,1.056523,-0.340375,0.436604,0.066882,-0.180338,0.282164,0.855521,0.300072,0.398839,0.215450,-0.096972,0.024525,1.384076,0.839536,-0.014892,-0.118273,0.084634,0.100636,0.952459,-0.644760,-0.384080,0.056945,0.131841,-0.166842,1.101887,0.034391,-0.479000,-0.007535
21.760000,-0.309262,-0.023933,1.057864,-0.328411,0.437597,0.067128,-0.174296,0.290034,0.859897,0.304045,0.388136,0.222056,-0.080217,0.024207,1.381571,0.835830,-0.016829,-0.132086,0.071728,0.092859,0.953676,-0.645795,-0.393460,0.064698,0.132525,-0.176374,1.101747,0.034009,-0.474122,-0.006412
21.780000,-0.315710,-0.015176,1.059209,-0.316412,0.437962,0.067388,-0.168180,0.297689,0.864400,0.307520,0.377353,0.228199,-0.063545,0.023853,1.378796,0.831299,-0.018601,-0.145387,0.058807,0.084902,0.955047,-0.646140,-0.402192,0.072415,0.133202,-0.185804,1.101631,0.033641,-0.468849,-0.005174
21.800000,-0.321918,-0.006419,1.060559,-0.304377,0.437699,0.067662,-0.161999,0.305128,0.869022,0.310498,0.366489,0.233878,-0.046971,0.023464,1.375759,0.825943,-0.020209,-0.158175,0.045887,0.076776,0.956572,-0.645796,-0.410277,0.080096,0.133871,-0.195125,1.101541,0.033286,-0.463180,-0.003819
21.820000,-0.327886,0.002328,1.061915,-0.292387,0.436833,0.067957,-0.155763,0.312348,0.873752,0.312963,0.355608,0.239088,-0.030512,0.023045,1.372473,0.819823,-0.021664,-0.170349,0.032980,0.068495,0.958250,-0.644776,-0.417667,0.087668,0.134533,-0.204329,1.101479,0.032938,-0.457159,-0.002364
21.840000,-0.333614,0.011051,1.063278,-0.280525,0.435391,0.068277,-0.149484,0.319352,0.878582,0.314903,0.344768,0.243825,-0.014182,0.022599,1.368950,0.812999,-0.022977,-0.181807,0.020100,0.060074,0.960077,-0.643097,-0.424316,0.095055,0.135189,-0.213410,1.101447,0.032590,-0.450832,-0.000822
21.860000,-0.339107,0.019739,1.064647,-0.268791,0.433374,0.068624,-0.143171,0.326139,0.883502,0.316315,0.333972,0.248088,0.002003,0.022127,1.365205,0.805470,-0.024147,-0.192548,0.007260,0.051528,0.962051,-0.640757,-0.430223,0.102258,0.135837,-0.222360,1.101447,0.032242,-0.444196,0.000806
21.880000,-0.344367,0.028382,1.066023,-0.257183,0.430781,0.068996,-0.136835,0.332711,0.888502,0.317201,0.323218,0.251878,0.018032,0.021634,1.361253,0.797236,-0.025175,-0.202574,-0.005526,0.042870,0.964166,-0.637757,-0.435388,0.109276,0.136478,-0.231175,1.101480,0.031893,-0.437253,0.002521
21.900000,-0.349396,0.036967,1.067407,-0.245704,0.427612,0.069395,-0.130486,0.339068,0.893574,0.317559,0.312507,0.255195,0.033888,0.021121,1.357107,0.788299,-0.026061,-0.211883,-0.018246,0.034117,0.966421,-0.634097,-0.439812,0.116110,0.137113,-0.239848,1.101548,0.031544,-0.430002,0.004322
21.920000,-0.354196,0.045483,1.068799,-0.234408,0.423916,0.069822,-0.124136,0.345212,0.898707,0.317411,0.301885,0.258053,0.049559,0.020592,1.352783,0.778720,-0.026819,-0.220425,-0.030886,0.025283,0.968809,-0.629803,-0.443482,0.122707,0.137740,-0.248374,1.101653,0.031190,-0.422485,0.006193
21.940000,-0.358774,0.053920,1.070200,-0.223355,0.419744,0.070277,-0.117793,0.351145,0.903893,0.316774,0.291396,0.260471,0.065033,0.020049,1.348296,0.768564,-0.027466,-0.228147,-0.043434,0.016383,0.971327,-0.624901,-0.446387,0.129014,0.138360,-0.256746,1.101796,0.030828,-0.414744,0.008119
21.960000,-0.363132,0.062270,1.071610,-0.212543,0.415095,0.070762,-0.111468,0.356869,0.909123,0.315649,0.281041,0.262446,0.080298,0.019494,1.343662,0.757830,-0.028000,-0.235048,-0.055878,0.007432,0.973968,-0.619391,-0.448527,0.135033,0.138973,-0.264962,1.101978,0.030457,-0.406779,0.010100
21.980000,-0.367277,0.070521,1.073030,-0.201974,0.409970,0.071277,-0.105170,0.362387,0.914388,0.314037,0.270819,0.263980,0.095342,0.018930,1.338899,0.746519,-0.028423,-0.241130,-0.068205,-0.001553,0.976726,-0.613274,-0.449903,0.140761,0.139578,-0.273016,1.102200,0.030077,-0.398590,0.012136
22.000000,-0.371213,0.078665,1.074461,-0.191646,0.404368,0.071820,-0.098910,0.367703,0.919679,0.311936,0.260732,0.265071,0.110155,0.018358,1.334023,0.734630,-0.028734,-0.246391,-0.080405,-0.010559,0.979596,-0.606548,-0.450513,0.146201,0.140176,-0.280904,1.102464,0.029688,-0.390177,0.014227
22.020000,-0.374945,0.086693,1.075903,-0.181591,0.398344,0.072391,-0.092696,0.372818,0.924988,0.309390,0.250807,0.265760,0.124724,0.017781,1.329049,0.722228,-0.028947,-0.250834,-0.092463,-0.019569,0.982572,-0.599249,-0.450378,0.151327,0.140766,-0.288622,1.102770,0.029289,-0.381577,0.016356
22.040000,-0.378478,0.094596,1.077357,-0.171840,0.391953,0.072988,-0.086537,0.377736,0.930307,0.306440,0.241074,0.266085,0.139041,0.017201,1.323995,0.709378,-0.029077,-0.254461,-0.104371,-0.028569,0.985647,-0.591412,-0.449516,0.156115,0.141347,-0.296166,1.103118,0.028876,-0.372828,0.018508
22.060000,-0.381820,0.102369,1.078823,-0.162393,0.385197,0.073612,-0.080441,0.382462,0.935629,0.303089,0.231534,0.266046,0.153096,0.016619,1.318876,0.696080,-0.029123,-0.257271,-0.116116,-0.037544,0.988815,-0.583036,-0.447926,0.160566,0.141921,-0.303534,1.103510,0.028451,-0.363930,0.020682
22.080000,-0.384976,0.110002,1.080302,-0.153251,0.378073,0.074261,-0.074416,0.386999,0.940947,0.299334,0.222185,0.265643,0.166881,0.016036,1.313709,0.682333,-0.029086,-0.259265,-0.127689,-0.046481,0.992068,-0.574121,-0.445610,0.164679,0.142485,-0.310722,1.103946,0.028014,-0.354882,0.022879
22.100000,-0.387952,0.117489,1.081794,-0.144412,0.370583,0.074937,-0.068470,0.391351,0.946252,0.295176,0.213029,0.264876,0.180387,0.015456,1.308511,0.668138,-0.028966,-0.260443,-0.139077,-0.055364,0.995400,-0.564667,-0.442566,0.168455,0.143041,-0.317728,1.104426,0.027563,-0.345686,0.025098
22.120000,-0.390755,0.124823,1.083299,-0.135885,0.362784,0.075633,-0.062611,0.395521,0.951540,0.290672,0.204083,0.263794,0.193604,0.014878,1.303297,0.653571,-0.028776,-0.260852,-0.150272,-0.064179,0.998804,-0.554723,-0.438842,0.171894,0.143588,-0.324549,1.104950,0.027099,-0.336379,0.027322
22.140000,-0.393390,0.131999,1.084819,-0.127675,0.354731,0.076343,-0.056845,0.399515,0.956803,0.285875,0.195366,0.262448,0.206528,0.014305,1.298081,0.638709,-0.028527,-0.260543,-0.161263,-0.072914,1.002273,-0.544336,-0.434484,0.174997,0.144125,-0.331183,1.105518,0.026623,-0.327004,0.029534
22.160000,-0.395864,0.139011,1.086353,-0.119784,0.346426,0.077068,-0.051178,0.403337,0.962036,0.280787,0.186879,0.260838,0.219151,0.013737,1.292880,0.623552,-0.028220,-0.259515,-0.172043,-0.081554,1.005801,-0.533506,-0.429492,0.177763,0.144653,-0.337629,1.106131,0.026134,-0.317558,0.031733
22.180000,-0.398183,0.145854,1.087902,-0.112211,0.337868,0.077807,-0.045616,0.406992,0.967234,0.275408,0.178620,0.258964,0.231468,0.013177,1.287706,0.608100,-0.027854,-0.257769,-0.182601,-0.090089,1.009381,-0.522234,-0.423866,0.180193,0.145170,-0.343885,1.106788,0.025632,-0.308043,0.033919
22.200000,-0.400354,0.152524,1.089465,-0.104956,0.329057,0.078560,-0.040164,0.410484,0.972393,0.269736,0.170590,0.256825,0.243473,0.012624,1.282574,0.592352,-0.027431,-0.255303,-0.192929,-0.098505,1.013007,-0.510519,-0.417606,0.182287,0.145678,-0.349950,1.107488,0.025117,-0.298458,0.036093
22.220000,-0.402384,0.159015,1.091044,-0.098011,0.320058,0.079318,-0.034828,0.413817,0.977506,0.263833,0.162798,0.254475,0.255160,0.012080,1.277498,0.576385,-0.026959,-0.252191,-0.203019,-0.106790,1.016671,-0.498430,-0.410786,0.184062,0.146175,-0.355823,1.108231,0.024591,-0.288846,0.038239
22.240000,-0.404277,0.165325,1.092638,-0.091367,0.310933,0.080071,-0.029612,0.416997,0.982571,0.257757,0.155255,0.251964,0.266527,0.011546,1.272490,0.560276,-0.026450,-0.248502,-0.212864,-0.114933,1.020367,-0.486037,-0.403479,0.185539,0.146661,-0.361504,1.109017,0.024055,-0.279248,0.040343
22.260000,-0.406040,0.171452,1.094247,-0.085025,0.301683,0.080817,-0.024519,0.420029,0.987583,0.251508,0.147960,0.249293,0.277570,0.011022,1.267562,0.544024,-0.025904,-0.244238,-0.222458,-0.122925,1.024090,-0.473338,-0.395684,0.186715,0.147137,-0.366993,1.109845,0.023511,-0.269666,0.042405
22.280000,-0.407680,0.177392,1.095871,-0.078983,0.292307,0.081558,-0.019552,0.422917,0.992541,0.245087,0.140913,0.246462,0.288287,0.010510,1.262724,0.527630,-0.025320,-0.239399,-0.231796,-0.130757,1.027834,-0.460334,-0.387403,0.187592,0.147602,-0.372291,1.110713,0.022957,-0.260098,0.044425
22.300000,-0.409202,0.183143,1.097509,-0.073243,0.282806,0.082293,-0.014716,0.425667,0.997441,0.238494,0.134114,0.243471,0.298675,0.010009,1.257989,0.511093,-0.024699,-0.233983,-0.240870,-0.138418,1.031592,-0.447026,-0.378635,0.188169,0.148055,-0.377397,1.111621,0.022393,-0.250545,0.046402
22.320000,-0.410611,0.188704,1.099162,-0.067789,0.273244,0.083014,-0.010013,0.428284,1.002279,0.231780,0.127563,0.240365,0.308731,0.009522,1.253368,0.494496,-0.024049,-0.228082,-0.249675,-0.145900,1.035359,-0.433504,-0.369478,0.188473,0.148497,-0.382313,1.112569,0.021824,-0.241053,0.048323
22.340000,-0.411915,0.194073,1.100830,-0.062606,0.263684,0.083713,-0.005446,0.430771,1.007055,0.224997,0.121260,0.237192,0.318455,0.009048,1.248869,0.477923,-0.023381,-0.221787,-0.258209,-0.153195,1.039129,-0.419859,-0.360028,0.188528,0.148928,-0.387040,1.113554,0.021252,-0.231669,0.050174
22.360000,-0.413117,0.199251,1.102511,-0.057693,0.254125,0.084390,-0.001014,0.433136,1.011766,0.218146,0.115207,0.233949,0.327848,0.008587,1.244499,0.461373,-0.022693,-0.215097,-0.266469,-0.160299,1.042898,-0.406093,-0.350287,0.188335,0.149348,-0.391580,1.114575,0.020677,-0.222392,0.051955
22.380000,-0.414224,0.204238,1.104205,-0.053052,0.244569,0.085045,0.003280,0.435381,1.016412,0.211227,0.109401,0.230639,0.336910,0.008140,1.240268,0.444846,-0.021986,-0.208012,-0.274452,-0.167205,1.046661,-0.392204,-0.340254,0.187894,0.149755,-0.395936,1.115632,0.020099,-0.213223,0.053666
22.400000,-0.415241,0.209034,1.105912,-0.048682,0.235014,0.085677,0.007435,0.437513,1.020992,0.204239,0.103845,0.227260,0.345642,0.007707,1.236181,0.428343,-0.021259,-0.200533,-0.282156,-0.173907,1.050412,-0.378192,-0.329929,0.187205,0.150151,-0.400110,1.116721,0.019519,-0.204162,0.055308
22.420000,-0.416173,0.213639,1.107632,-0.044564,0.225519,0.086280,0.011449,0.439537,1.025503,0.197237,0.098531,0.223850,0.354044,0.007290,1.232248,0.411947,-0.020521,-0.192754,-0.289580,-0.180401,1.054148,-0.364153,-0.319413,0.186302,0.150536,-0.404104,1.117843,0.018939,-0.195246,0.056868
22.440000,-0.417025,0.218055,1.109363,-0.040680,0.216141,0.086847,0.015324,0.441456,1.029946,0.190274,0.093454,0.220446,0.362121,0.006887,1.228473,0.395740,-0.019780,-0.184773,-0.296723,-0.186683,1.057863,-0.350180,-0.308806,0.185218,0.150909,-0.407921,1.118995,0.018363,-0.186513,0.058335
22.460000,-0.417802,0.222285,1.111106,-0.037031,0.206880,0.087377,0.019061,0.443277,1.034321,0.183349,0.088614,0.217048,0.369875,0.006498,1.224859,0.379722,-0.019035,-0.176588,-0.303587,-0.192752,1.061555,-0.336273,-0.298108,0.183953,0.151271,-0.411565,1.120176,0.017791,-0.177962,0.059709
22.480000,-0.418508,0.226331,1.112858,-0.033615,0.197736,0.087871,0.022659,0.445002,1.038628,0.176465,0.084012,0.213656,0.377311,0.006125,1.221411,0.363895,-0.018286,-0.168200,-0.310174,-0.198607,1.065220,-0.322433,-0.287319,0.182507,0.151621,-0.415041,1.121383,0.017222,-0.169594,0.060990
22.500000,-0.419148,0.230195,1.114620,-0.030434,0.188708,0.088328,0.026119,0.446639,1.042867,0.169619,0.079647,0.210270,0.384432,0.005767,1.218132,0.348257,-0.017534,-0.159609,-0.316485,-0.204245,1.068854,-0.308659,-0.276440,0.180881,0.151960,-0.418350,1.122615,0.016657,-0.161408,0.062178
22.520000,-0.419727,0.233881,1.116391,-0.027468,0.179843,0.088741,0.029444,0.448190,1.047039,0.162851,0.075507,0.206915,0.391243,0.005424,1.215027,0.332875,-0.016784,-0.150899,-0.322521,-0.209664,1.072454,-0.295031,-0.265557,0.179107,0.152287,-0.421498,1.123870,0.016099,-0.153431,0.063264
22.540000,-0.420248,0.237391,1.118170,-0.024696,0.171183,0.089102,0.032634,0.449660,1.051144,0.156202,0.071581,0.203613,0.397749,0.005096,1.212096,0.317818,-0.016043,-0.142155,-0.328288,-0.214867,1.076018,-0.281628,-0.254756,0.177217,0.152604,-0.424489,1.125145,0.015549,-0.145689,0.064238
22.560000,-0.420716,0.240729,1.119955,-0.022118,0.162729,0.089412,0.035693,0.451054,1.055183,0.149669,0.067870,0.200365,0.403958,0.004782,1.209341,0.303084,-0.015310,-0.133378,-0.333788,-0.219855,1.079542,-0.268449,-0.244039,0.175211,0.152909,-0.427328,1.126438,0.015008,-0.138180,0.065099
22.580000,-0.421134,0.243901,1.121746,-0.019736,0.154481,0.089670,0.038622,0.452377,1.059159,0.143255,0.064373,0.197172,0.409875,0.004483,1.206761,0.288673,-0.014585,-0.124567,-0.339027,-0.224630,1.083025,-0.255496,-0.233404,0.173090,0.153204,-0.430018,1.127748,0.014475,-0.130906,0.065848
22.600000,-0.421507,0.246910,1.123541,-0.017548,0.146440,0.089876,0.041424,0.453631,1.063071,0.136958,0.061091,0.194033,0.415507,0.004199,1.204359,0.274586,-0.013868,-0.115722,-0.344009,-0.229192,1.086465,-0.242768,-0.222852,0.170853,0.153488,-0.432565,1.129072,0.013952,-0.123867,0.066486
22.620000,-0.421837,0.249760,1.125340,-0.015534,0.138628,0.090022,0.044101,0.454821,1.066920,0.130802,0.058006,0.190958,0.420861,0.003928,1.202132,0.260867,-0.013164,-0.106911,-0.348740,-0.233545,1.089859,-0.230318,-0.212445,0.168525,0.153762,-0.434974,1.130407,0.013438,-0.117064,0.067006
22.640000,-0.422129,0.252457,1.127142,-0.013672,0.131068,0.090098,0.046657,0.455952,1.070709,0.124810,0.055104,0.187957,0.425944,0.003672,1.200081,0.247557,-0.012476,-0.098201,-0.353224,-0.237691,1.093206,-0.218198,-0.202244,0.166129,0.154026,-0.437249,1.131751,0.012935,-0.110500,0.067405
22.660000,-0.422385,0.255005,1.128944,-0.011962,0.123760,0.090105,0.049095,0.457027,1.074439,0.118983,0.052384,0.185029,0.430766,0.003429,1.198204,0.234657,-0.011804,-0.089593,-0.357470,-0.241636,1.096504,-0.206409,-0.192251,0.163666,0.154279,-0.439396,1.133102,0.012441,-0.104177,0.067682
22.680000,-0.422609,0.257409,1.130745,-0.010405,0.116705,0.090042,0.051417,0.458049,1.078111,0.113321,0.049846,0.182175,0.435333,0.003200,1.196497,0.222167,-0.011149,-0.081086,-0.361483,-0.245383,1.099752,-0.194950,-0.182464,0.161136,0.154523,-0.441418,1.134457,0.011959,-0.098092,0.067837
22.700000,-0.422803,0.259674,1.132545,-0.009000,0.109902,0.089909,0.053628,0.459022,1.081727,0.107823,0.047491,0.179394,0.439655,0.002983,1.194960,0.210086,-0.010510,-0.072681,-0.365270,-0.248936,1.102949,-0.183821,-0.172885,0.158539,0.154758,-0.443321,1.135815,0.011486,-0.092248,0.067871
22.720000,-0.422970,0.261807,1.134341,-0.007727,0.103354,0.089698,0.055731,0.459950,1.085287,0.102498,0.045299,0.176685,0.443739,0.002779,1.193589,0.198431,-0.009889,-0.064424,-0.368838,-0.252300,1.106093,-0.173043,-0.163544,0.155886,0.154983,-0.445110,1.137172,0.011023,-0.086633,0.067782
22.740000,-0.423112,0.263810,1.136132,-0.006563,0.097064,0.089398,0.057730,0.460835,1.088795,0.097353,0.043250,0.174045,0.447595,0.002587,1.192381,0.187213,-0.009288,-0.056361,-0.372194,-0.255479,1.109184,-0.162637,-0.154474,0.153190,0.155199,-0.446788,1.138525,0.010571,-0.081239,0.067569
22.760000,-0.423233,0.265691,1.137917,-0.005508,0.091030,0.089010,0.059627,0.461681,1.092250,0.092388,0.041345,0.171473,0.451231,0.002408,1.191333,0.176434,-0.008707,-0.048494,-0.375346,-0.258480,1.112220,-0.152603,-0.145676,0.150451,0.155406,-0.448361,1.139873,0.010128,-0.076067,0.067231
22.780000,-0.423333,0.267453,1.139692,-0.004563,0.085253,0.088533,0.061426,0.462490,1.095654,0.087603,0.039584,0.168971,0.454655,0.002239,1.190440,0.166094,-0.008147,-0.040821,-0.378301,-0.261308,1.115202,-0.142940,-0.137149,0.147668,0.155604,-0.449832,1.141214,0.009695,-0.071115,0.066768
22.800000,-0.423416,0.269103,1.141457,-0.003728,0.079734,0.087968,0.063132,0.463265,1.099009,0.082999,0.037966,0.166537,0.457878,0.002082,1.189699,0.156192,-0.007606,-0.033344,-0.381066,-0.263968,1.118127,-0.133648,-0.128892,0.144842,0.155794,-0.451207,1.142543,0.009271,-0.066385,0.066180
22.820000,-0.423483,0.270644,1.143210,-0.002983,0.074461,0.087309,0.064747,0.464009,1.102316,0.078578,0.036473,0.164161,0.460906,0.001935,1.189105,0.146719,-0.007086,-0.026087,-0.383649,-0.266466,1.120995,-0.124725,-0.120916,0.141975,0.155975,-0.452489,1.143860,0.008857,-0.061859,0.065474
22.840000,-0.423536,0.272083,1.144949,-0.002309,0.069422,0.086549,0.066276,0.464724,1.105576,0.074342,0.035087,0.161834,0.463749,0.001798,1.188654,0.137664,-0.006587,-0.019077,-0.386058,-0.268807,1.123805,-0.116165,-0.113227,0.139067,0.156148,-0.453682,1.145161,0.008451,-0.057523,0.064653
22.860000,-0.423576,0.273423,1.146672,-0.001708,0.064619,0.085688,0.067722,0.465413,1.108789,0.070291,0.033807,0.159555,0.466415,0.001671,1.188340,0.129027,-0.006110,-0.012314,-0.388298,-0.270997,1.126557,-0.107969,-0.105826,0.136119,0.156313,-0.454791,1.146445,0.008054,-0.053376,0.063718
22.880000,-0.423605,0.274669,1.148376,-0.001177,0.060051,0.084727,0.069089,0.466077,1.111958,0.066425,0.032633,0.157324,0.468913,0.001553,1.188160,0.120809,-0.005653,-0.005798,-0.390379,-0.273042,1.129250,-0.100136,-0.098713,0.133131,0.156470,-0.455819,1.147709,0.007666,-0.049419,0.062669
22.900000,-0.423624,0.275826,1.150060,-0.000718,0.055717,0.083664,0.070381,0.466719,1.115083,0.062744,0.031566,0.155141,0.471251,0.001445,1.188107,0.113009,-0.005216,0.000471,-0.392306,-0.274947,1.131882,-0.092668,-0.091888,0.130103,0.156620,-0.456769,1.148951,0.007286,-0.045651,0.061506
22.920000,-0.423634,0.276899,1.151722,-0.000317,0.051600,0.082507,0.071600,0.467341,1.118164,0.059240,0.030586,0.152994,0.473436,0.001345,1.188177,0.105602,-0.004801,0.006486,-0.394088,-0.276719,1.134454,-0.085546,-0.085344,0.127032,0.156762,-0.457646,1.150169,0.006915,-0.042056,0.060241
22.940000,-0.423637,0.277892,1.153360,0.000038,0.047678,0.081260,0.072751,0.467943,1.121203,0.055902,0.029677,0.150867,0.475477,0.001253,1.188364,0.098563,-0.004405,0.012240,-0.395730,-0.278363,1.136963,-0.078752,-0.079076,0.123915,0.156896,-0.458452,1.151360,0.006552,-0.038619,0.058885
22.960000,-0.423633,0.278808,1.154972,0.000349,0.043953,0.079923,0.073837,0.468528,1.124199,0.052732,0.028838,0.148761,0.477381,0.001168,1.188665,0.091891,-0.004028,0.017734,-0.397240,-0.279884,1.139410,-0.072288,-0.073083,0.120751,0.157024,-0.459192,1.152524,0.006197,-0.035340,0.057438
22.980000,-0.423623,0.279651,1.156556,0.000615,0.040424,0.078496,0.074862,0.469097,1.127153,0.049728,0.028069,0.146677,0.479155,0.001091,1.189072,0.085586,-0.003671,0.022966,-0.398624,-0.281288,1.141793,-0.066152,-0.067365,0.117542,0.157144,-0.459867,1.153657,0.005850,-0.032219,0.055899
23.000000,-0.423608,0.280426,1.158111,0.000835,0.037091,0.076980,0.075828,0.469651,1.130066,0.046891,0.027369,0.144613,0.480807,0.001021,1.189581,0.079649,-0.003334,0.027937,-0.399888,-0.282580,1.144111,-0.060344,-0.061922,0.114287,0.157258,-0.460481,1.154759,0.005510,-0.029255,0.054270
23.020000,-0.423590,0.281136,1.159635,0.001020,0.033936,0.075382,0.076738,0.470192,1.132938,0.044207,0.026725,0.142557,0.482343,0.000958,1.190188,0.074049,-0.003015,0.032651,-0.401040,-0.283766,1.146364,-0.054842,-0.056739,0.110988,0.157365,-0.461038,1.155828,0.005179,-0.026437,0.052568
23.040000,-0.423568,0.281784,1.161126,0.001180,0.030940,0.073709,0.077597,0.470721,1.135768,0.041663,0.026120,0.140495,0.483771,0.000901,1.190886,0.068754,-0.002713,0.037110,-0.402084,-0.284852,1.148551,-0.049619,-0.051802,0.107647,0.157465,-0.461540,1.156862,0.004857,-0.023753,0.050811
23.060000,-0.423543,0.282375,1.162582,0.001315,0.028102,0.071961,0.078406,0.471237,1.138558,0.039259,0.025556,0.138426,0.485096,0.000849,1.191670,0.063766,-0.002429,0.041314,-0.403026,-0.285840,1.150670,-0.044678,-0.047110,0.104264,0.157559,-0.461989,1.157860,0.004542,-0.021203,0.049000
23.080000,-0.423515,0.282909,1.164004,0.001424,0.025423,0.070138,0.079168,0.471743,1.141305,0.036995,0.025030,0.136352,0.486324,0.000803,1.192537,0.059083,-0.002161,0.045263,-0.403873,-0.286738,1.152721,-0.040017,-0.042662,0.100839,0.157647,-0.462389,1.158821,0.004237,-0.018786,0.047133
23.100000,-0.423486,0.283392,1.165387,0.001508,0.022903,0.068240,0.079887,0.472239,1.144012,0.034871,0.024545,0.134270,0.487461,0.000763,1.193479,0.054707,-0.001911,0.048958,-0.404629,-0.287548,1.154703,-0.035636,-0.038460,0.097372,0.157729,-0.462742,1.159745,0.003939,-0.016503,0.045212
23.120000,-0.423455,0.283827,1.166733,0.001574,0.020526,0.066278,0.080564,0.472725,1.146676,0.032874,0.024088,0.132171,0.488514,0.000727,1.194493,0.050605,-0.001677,0.052405,-0.405300,-0.288277,1.156616,-0.031512,-0.034485,0.093873,0.157805,-0.463050,1.160629,0.003651,-0.014347,0.043261
23.140000,-0.423423,0.284214,1.168038,0.001627,0.018276,0.064261,0.081202,0.473202,1.149298,0.030989,0.023648,0.130042,0.489487,0.000695,1.195574,0.046749,-0.001458,0.055613,-0.405891,-0.288929,1.158458,-0.027619,-0.030719,0.090351,0.157875,-0.463316,1.161475,0.003372,-0.012312,0.041307
23.160000,-0.423390,0.284558,1.169303,0.001669,0.016153,0.062191,0.081804,0.473671,1.151878,0.029216,0.023224,0.127882,0.490385,0.000668,1.196716,0.043137,-0.001252,0.058581,-0.406406,-0.289508,1.160230,-0.023958,-0.027163,0.086808,0.157940,-0.463543,1.162282,0.003104,-0.010399,0.039348
23.180000,-0.423356,0.284861,1.170525,0.001698,0.014156,0.060067,0.082372,0.474132,1.154413,0.027556,0.022818,0.125692,0.491214,0.000645,1.197916,0.039769,-0.001061,0.061309,-0.406851,-0.290017,1.161930,-0.020529,-0.023816,0.083242,0.157999,-0.463733,1.163049,0.002845,-0.008607,0.037386
23.200000,-0.423322,0.285126,1.171705,0.001716,0.012287,0.057889,0.082907,0.474584,1.156905,0.026008,0.022429,0.123473,0.491978,0.000626,1.199167,0.036646,-0.000885,0.063798,-0.407229,-0.290462,1.163559,-0.017331,-0.020678,0.079653,0.158053,-0.463888,1.163777,0.002597,-0.006936,0.035420
23.220000,-0.423288,0.285354,1.172841,0.001725,0.010532,0.055672,0.083413,0.475029,1.159352,0.024560,0.022048,0.121214,0.492681,0.000610,1.200466,0.033739,-0.000721,0.066055,-0.407545,-0.290845,1.165116,-0.014343,-0.017732,0.076063,0.158103,-0.464011,1.164466,0.002359,-0.005378,0.033468
23.240000,-0.423253,0.285548,1.173932,0.001731,0.008880,0.053431,0.083890,0.475466,1.161753,0.023199,0.021669,0.118909,0.493328,0.000597,1.201808,0.031020,-0.000570,0.068091,-0.407804,-0.291172,1.166602,-0.011543,-0.014960,0.072492,0.158148,-0.464104,1.165116,0.002131,-0.003924,0.031547
23.260000,-0.423219,0.285709,1.174978,0.001732,0.007330,0.051167,0.084341,0.475896,1.164108,0.021925,0.021291,0.116556,0.493923,0.000587,1.203188,0.028489,-0.000429,0.069905,-0.408008,-0.291445,1.168016,-0.008932,-0.012362,0.068940,0.158188,-0.464169,1.165728,0.001913,-0.002573,0.029656
23.280000,-0.423184,0.285841,1.175978,0.001728,0.005883,0.048879,0.084768,0.476318,1.166415,0.020738,0.020913,0.114156,0.494469,0.000580,1.204602,0.026146,-0.000301,0.071496,-0.408162,-0.291668,1.169359,-0.006509,-0.009939,0.065407,0.158224,-0.464208,1.166302,0.001706,-0.001327,0.027797
23.300000,-0.423149,0.285945,1.176933,0.001721,0.004539,0.046568,0.085171,0.476732,1.168674,0.019638,0.020537,0.111709,0.494970,0.000575,1.206046,0.023991,-0.000184,0.072866,-0.408270,-0.291844,1.170632,-0.004274,-0.007690,0.061892,0.158257,-0.464223,1.166840,0.001509,-0.000186,0.025969
23.320000,-0.423115,0.286024,1.177841,0.001710,0.003288,0.044257,0.085554,0.477139,1.170883,0.018612,0.020157,0.109212,0.495430,0.000572,1.207516,0.021999,-0.000077,0.074023,-0.408335,-0.291976,1.171835,-0.002210,-0.005601,0.058421,0.158285,-0.464216,1.167342,0.001322,0.000862,0.024183
23.340000,-0.423081,0.286078,1.178703,0.001698,0.002125,0.041967,0.085916,0.477538,1.173042,0.017649,0.019768,0.106662,0.495851,0.000572,1.209006,0.020146,0.000020,0.074977,-0.408359,-0.292069,1.172970,-0.000301,-0.003658,0.055018,0.158309,-0.464189,1.167808,0.001145,0.001823,0.022451
23.360000,-0.423047,0.286109,1.179520,0.001683,0.001047,0.039699,0.086260,0.477930,1.175149,0.016748,0.019372,0.104059,0.496237,0.000573,1.210513,0.018430,0.000109,0.075727,-0.408348,-0.292124,1.174037,0.001453,-0.001861,0.051683,0.158331,-0.464143,1.168240,0.000978,0.002699,0.020773
23.380000,-0.423014,0.286120,1.180291,0.001666,0.000057,0.037454,0.086586,0.478313,1.177204,0.015909,0.018967,0.101402,0.496589,0.000576,1.212034,0.016853,0.000189,0.076274,-0.408302,-0.292144,1.175037,0.003052,-0.000211,0.048416,0.158349,-0.464081,1.168639,0.000821,0.003489,0.019149
23.400000,-0.422981,0.286112,1.181018,0.001646,-0.000848,0.035230,0.086897,0.478688,1.179205,0.015133,0.018554,0.098692,0.496912,0.000581,1.213563,0.015414,0.000259,0.076618,-0.408227,-0.292133,1.175974,0.004497,0.001294,0.045217,0.158364,-0.464004,1.169006,0.000674,0.004193,0.017578
23.420000,-0.422948,0.286087,1.181701,0.001625,-0.001674,0.033044,0.087192,0.479055,1.181151,0.014406,0.018131,0.095935,0.497207,0.000586,1.215097,0.014093,0.000322,0.076769,-0.408123,-0.292093,1.176847,0.005804,0.002667,0.042100,0.158376,-0.463914,1.169343,0.000536,0.004821,0.016067
23.440000,-0.422916,0.286046,1.182340,0.001604,-0.002431,0.030908,0.087473,0.479413,1.183042,0.013713,0.017697,0.093136,0.497476,0.000593,1.216633,0.012867,0.000378,0.076741,-0.407995,-0.292027,1.177658,0.006990,0.003923,0.039080,0.158385,-0.463812,1.169649,0.000408,0.005380,0.014625
23.460000,-0.422884,0.285990,1.182938,0.001581,-0.003117,0.028824,0.087741,0.479763,1.184877,0.013055,0.017252,0.090295,0.497722,0.000601,1.218166,0.011737,0.000428,0.076532,-0.407845,-0.291937,1.178410,0.008054,0.005062,0.036155,0.158392,-0.463699,1.169928,0.000288,0.005871,0.013250
23.480000,-0.422852,0.285921,1.183494,0.001558,-0.003734,0.026792,0.087996,0.480103,1.186654,0.012431,0.016796,0.087411,0.497946,0.000610,1.219693,0.010703,0.000470,0.076143,-0.407674,-0.291826,1.179105,0.008997,0.006084,0.033326,0.158397,-0.463578,1.170180,0.000177,0.006295,0.011943
23.500000,-0.422821,0.285841,1.184010,0.001534,-0.004282,0.024811,0.088238,0.480435,1.188373,0.011843,0.016329,0.084486,0.498151,0.000620,1.221210,0.009764,0.000507,0.075573,-0.407486,-0.291695,1.179744,0.009819,0.006989,0.030594,0.158399,-0.463448,1.170406,0.000075,0.006650,0.010703
23.520000,-0.422791,0.285750,1.184486,0.001510,-0.004767,0.022890,0.088470,0.480757,1.190033,0.011279,0.015851,0.081528,0.498337,0.000631,1.222714,0.008903,0.000537,0.074839,-0.407282,-0.291547,1.180330,0.010534,0.007791,0.027963,0.158400,-0.463312,1.170608,-0.000018,0.006945,0.009536
23.540000,-0.422761,0.285651,1.184926,0.001485,-0.005198,0.021037,0.088690,0.481069,1.191634,0.010730,0.015363,0.078545,0.498507,0.000642,1.224203,0.008102,0.000563,0.073958,-0.407065,-0.291384,1.180863,0.011159,0.008504,0.025442,0.158399,-0.463171,1.170788,-0.000104,0.007187,0.008444
23.560000,-0.422732,0.285543,1.185328,0.001461,-0.005575,0.019253,0.088899,0.481371,1.193175,0.010196,0.014864,0.075539,0.498662,0.000653,1.225672,0.007362,0.000584,0.072930,-0.406836,-0.291207,1.181348,0.011693,0.009128,0.023029,0.158396,-0.463025,1.170947,-0.000181,0.007376,0.007429
23.580000,-0.422703,0.285428,1.185696,0.001436,-0.005898,0.017538,0.089098,0.481663,1.194655,0.009676,0.014356,0.072508,0.498802,0.000665,1.227119,0.006680,0.000601,0.071755,-0.406598,-0.291019,1.181785,0.012137,0.009662,0.020725,0.158391,-0.462876,1.171086,-0.000251,0.007512,0.006489
23.600000,-0.422674,0.285307,1.186030,0.001412,-0.006167,0.015892,0.089286,0.481945,1.196075,0.009171,0.013836,0.069454,0.498929,0.000677,1.228541,0.006059,0.000614,0.070432,-0.406351,-0.290821,1.182178,0.012489,0.010106,0.018530,0.158386,-0.462725,1.171207,-0.000313,0.007596,0.005626
23.620000,-0.422646,0.285182,1.186332,0.001387,-0.006389,0.014319,0.089464,0.482217,1.197433,0.008677,0.013309,0.066390,0.499045,0.000690,1.229935,0.005485,0.000622,0.068982,-0.406099,-0.290615,1.182527,0.012764,0.010474,0.016446,0.158379,-0.462572,1.171311,-0.000367,0.007633,0.004841
23.640000,-0.422619,0.285052,1.186604,0.001363,-0.006570,0.012823,0.089633,0.482477,1.198730,0.008188,0.012777,0.063332,0.499149,0.000702,1.231300,0.004944,0.000628,0.067427,-0.405841,-0.290403,1.182836,0.012973,0.010775,0.014473,0.158371,-0.462420,1.171401,-0.000414,0.007630,0.004137
23.660000,-0.422592,0.284919,1.186846,0.001338,-0.006710,0.011406,0.089792,0.482728,1.199967,0.007706,0.012240,0.060280,0.499243,0.000715,1.232632,0.004437,0.000631,0.065765,-0.405580,-0.290185,1.183107,0.013118,0.011012,0.012612,0.158362,-0.462267,1.171477,-0.000454,0.007586,0.003515
23.680000,-0.422565,0.284784,1.187060,0.001314,-0.006810,0.010067,0.089941,0.482967,1.201142,0.007230,0.011697,0.057233,0.499327,0.000727,1.233930,0.003964,0.000631,0.063997,-0.405317,-0.289963,1.183341,0.013198,0.011183,0.010863,0.158353,-0.462117,1.171542,-0.000487,0.007502,0.002973
23.700000,-0.422539,0.284647,1.187249,0.001290,-0.006869,0.008805,0.090081,0.483196,1.202256,0.006761,0.011149,0.054192,0.499402,0.000740,1.235191,0.003525,0.000628,0.062123,-0.405053,-0.289738,1.183542,0.013213,0.011289,0.009226,0.158343,-0.461968,1.171597,-0.000514,0.007378,0.002513
23.720000,-0.422513,0.284509,1.187413,0.001265,-0.006893,0.007624,0.090212,0.483413,1.203310,0.006300,0.010601,0.051178,0.499468,0.000752,1.236414,0.003112,0.000623,0.060167,-0.404789,-0.289511,1.183711,0.013173,0.011339,0.007700,0.158332,-0.461822,1.171643,-0.000533,0.007219,0.002136
23.740000,-0.422488,0.284371,1.187554,0.001241,-0.006887,0.006525,0.090333,0.483620,1.204303,0.005852,0.010057,0.048216,0.499526,0.000765,1.237597,0.002718,0.000616,0.058153,-0.404526,-0.289285,1.183851,0.013089,0.011343,0.006283,0.158322,-0.461679,1.171683,-0.000547,0.007028,0.001844
23.760000,-0.422464,0.284234,1.187675,0.001216,-0.006851,0.005508,0.090446,0.483815,1.205239,0.005417,0.009519,0.045305,0.499577,0.000777,1.238740,0.002344,0.000608,0.056081,-0.404265,-0.289058,1.183963,0.012961,0.011302,0.004976,0.158311,-0.461541,1.171718,-0.000555,0.006806,0.001637
23.780000,-0.422440,0.284098,1.187775,0.001191,-0.006786,0.004573,0.090550,0.484000,1.206116,0.004993,0.008986,0.042445,0.499620,0.000789,1.239840,0.001989,0.000598,0.053952,-0.404008,-0.288833,1.184051,0.012789,0.011215,0.003778,0.158299,-0.461407,1.171749,-0.000556,0.006554,0.001514
23.800000,-0.422416,0.283963,1.187858,0.001165,-0.006691,0.003721,0.090646,0.484175,1.206937,0.004582,0.008457,0.039635,0.499656,0.000801,1.240897,0.001654,0.000587,0.051764,-0.403754,-0.288610,1.184115,0.012572,0.011083,0.002690,0.158288,-0.461279,1.171779,-0.000551,0.006270,0.001477
23.820000,-0.422393,0.283830,1.187925,0.001139,-0.006570,0.002952,0.090734,0.484339,1.207702,0.004186,0.007937,0.036890,0.499686,0.000813,1.241910,0.001337,0.000574,0.049547,-0.403505,-0.288390,1.184159,0.012319,0.010912,0.001709,0.158277,-0.461156,1.171809,-0.000540,0.005959,0.001525
23.840000,-0.422371,0.283700,1.187977,0.001112,-0.006427,0.002267,0.090813,0.484492,1.208413,0.003805,0.007428,0.034222,0.499710,0.000824,1.242879,0.001038,0.000561,0.047327,-0.403262,-0.288173,1.184184,0.012037,0.010710,0.000832,0.158267,-0.461041,1.171840,-0.000524,0.005624,0.001661
23.860000,-0.422349,0.283573,1.188016,0.001083,-0.006263,0.001666,0.090886,0.484636,1.209071,0.003441,0.006930,0.031632,0.499728,0.000835,1.243804,0.000756,0.000546,0.045106,-0.403024,-0.287962,1.184193,0.011727,0.010479,0.000061,0.158257,-0.460932,1.171876,-0.000502,0.005265,0.001885
23.880000,-0.422327,0.283450,1.188044,0.001054,-0.006077,0.001149,0.090951,0.484770,1.209679,0.003094,0.006443,0.029120,0.499740,0.000846,1.244683,0.000492,0.000531,0.042883,-0.402793,-0.287755,1.184187,0.011388,0.010216,-0.000605,0.158247,-0.460830,1.171916,-0.000475,0.004881,0.002197
23.900000,-0.422307,0.283330,1.188062,0.001023,-0.005870,0.000717,0.091010,0.484894,1.210236,0.002762,0.005968,0.026685,0.499748,0.000856,1.245519,0.000245,0.000515,0.040658,-0.402569,-0.287553,1.184169,0.011020,0.009923,-0.001167,0.158238,-0.460737,1.171964,-0.000442,0.004473,0.002596
23.920000,-0.422286,0.283215,1.188073,0.000990,-0.005643,0.000369,0.091062,0.485008,1.210747,0.002448,0.005506,0.024335,0.499750,0.000866,1.246310,0.000015,0.000498,0.038449,-0.402352,-0.287358,1.184141,0.010629,0.009605,-0.001626,0.158229,-0.460651,1.172021,-0.000403,0.004043,0.003085
23.940000,-0.422267,0.283105,1.188078,0.000955,-0.005401,0.000107,0.091108,0.485114,1.211210,0.002153,0.005058,0.022075,0.499748,0.000876,1.247057,-0.000199,0.000481,0.036276,-0.402143,-0.287169,1.184105,0.010220,0.009267,-0.001985,0.158222,-0.460575,1.172088,-0.000360,0.003593,0.003663
23.960000,-0.422248,0.282999,1.188078,0.000917,-0.005142,-0.000070,0.091148,0.485211,1.211630,0.001877,0.004625,0.019906,0.499742,0.000886,1.247761,-0.000398,0.000464,0.034139,-0.401943,-0.286987,1.184063,0.009793,0.008910,-0.002244,0.158215,-0.460508,1.172168,-0.000311,0.003124,0.004330
23.980000,-0.422230,0.282899,1.188076,0.000877,-0.004868,-0.000162,0.091183,0.485299,1.212007,0.001619,0.004206,0.017829,0.499733,0.000895,1.248423,-0.000582,0.000446,0.032037,-0.401752,-0.286813,1.184016,0.009348,0.008533,-0.002403,0.158209,-0.460450,1.172262,-0.000258,0.002635,0.005088
24.000000,-0.422213,0.282805,1.188072,0.000834,-0.004577,-0.000169,0.091213,0.485379,1.212344,0.001380,0.003802,0.015842,0.499719,0.000903,1.249043,-0.000750,0.000428,0.029971,-0.401570,-0.286646,1.183967,0.008885,0.008137,-0.002463,0.158205,-0.460403,1.172372,-0.000199,0.002126,0.005935
24.020000,-0.422197,0.282716,1.188069,0.000788,-0.004272,-0.000090,0.091238,0.485451,1.212642,0.001161,0.003414,0.013949,0.499703,0.000912,1.249622,-0.000903,0.000410,0.027952,-0.401397,-0.286487,1.183918,0.008407,0.007724,-0.002424,0.158201,-0.460365,1.172500,-0.000135,0.001598,0.006873
24.040000,-0.422182,0.282634,1.188069,0.000738,-0.003955,0.000076,0.091259,0.485516,1.212903,0.000962,0.003042,0.012153,0.499683,0.000920,1.250161,-0.001043,0.000392,0.025991,-0.401233,-0.286337,1.183871,0.007919,0.007300,-0.002289,0.158199,-0.460339,1.172647,-0.000066,0.001055,0.007901
24.060000,-0.422167,0.282558,1.188073,0.000684,-0.003625,0.000328,0.091277,0.485573,1.213128,0.000784,0.002686,0.010452,0.499661,0.000927,1.250662,-0.001170,0.000374,0.024090,-0.401080,-0.286195,1.183827,0.007419,0.006862,-0.002059,0.158199,-0.460323,1.172817,0.000008,0.000494,0.009019
24.080000,-0.422154,0.282489,1.188083,0.000625,-0.003282,0.000666,0.091291,0.485623,1.213321,0.000626,0.002346,0.008847,0.499637,0.000935,1.251125,-0.001282,0.000356,0.022247,-0.400937,-0.286063,1.183789,0.006908,0.006413,-0.001732,0.158200,-0.460319,1.173009,0.000087,-0.000083,0.010228
24.100000,-0.422143,0.282427,1.188100,0.000562,-0.002927,0.001090,0.091302,0.485667,1.213483,0.000488,0.002022,0.007338,0.499610,0.000942,1.251552,-0.001382,0.000338,0.020464,-0.400804,-0.285939,1.183759,0.006386,0.005951,-0.001310,0.158202,-0.460327,1.173226,0.000171,-0.000676,0.011527
24.120000,-0.422132,0.282372,1.188127,0.000494,-0.002560,0.001602,0.091311,0.485704,1.213615,0.000372,0.001714,0.005925,0.499581,0.000948,1.251944,-0.001468,0.000320,0.018746,-0.400681,-0.285825,1.183737,0.005855,0.005480,-0.000793,0.158206,-0.460346,1.173470,0.000259,-0.001285,0.012915
24.140000,-0.422123,0.282325,1.188165,0.000420,-0.002182,0.002200,0.091317,0.485736,1.213721,0.000277,0.001423,0.004609,0.499551,0.000954,1.252303,-0.001543,0.000302,0.017100,-0.400570,-0.285720,1.183727,0.005316,0.005000,-0.000184,0.158212,-0.460378,1.173743,0.000352,-0.001908,0.014390
24.160000,-0.422115,0.282285,1.188216,0.000340,-0.001794,0.002886,0.091322,0.485761,1.213800,0.000204,0.001149,0.003389,0.499520,0.000960,1.252629,-0.001606,0.000285,0.015526,-0.400469,-0.285625,1.183731,0.004769,0.004513,0.000518,0.158221,-0.460423,1.174047,0.000450,-0.002544,0.015953
24.180000,-0.422109,0.282253,1.188281,0.000254,-0.001395,0.003659,0.091325,0.485782,1.213857,0.000152,0.000890,0.002266,0.499487,0.000966,1.252924,-0.001657,0.000267,0.014025,-0.400379,-0.285539,1.183749,0.004216,0.004017,0.001313,0.158231,-0.460480,1.174382,0.000552,-0.003194,0.017603
24.200000,-0.422105,0.282229,1.188363,0.000161,-0.000986,0.004520,0.091328,0.485797,1.213892,0.000123,0.000649,0.001240,0.499454,0.000971,1.253190,-0.001695,0.000250,0.012595,-0.400300,-0.285464,1.183784,0.003655,0.003514,0.002200,0.158243,-0.460550,1.174751,0.000659,-0.003858,0.019341
24.220000,-0.422103,0.282213,1.188462,0.000061,-0.000567,0.005467,0.091330,0.485808,1.213907,0.000115,0.000423,0.000309,0.499419,0.000976,1.253428,-0.001723,0.000234,0.011242,-0.400233,-0.285399,1.183837,0.003087,0.003005,0.003178,0.158257,-0.460634,1.175156,0.000771,-0.004534,0.021161
24.240000,-0.422103,0.282206,1.188582,-0.000047,-0.000138,0.006502,0.091333,0.485814,1.213905,0.000131,0.000214,-0.000527,0.499385,0.000980,1.253640,-0.001739,0.000217,0.009967,-0.400177,-0.285344,1.183911,0.002513,0.002490,0.004246,0.158273,-0.460732,1.175598,0.000887,-0.005219,0.023060
24.260000,-0.422105,0.282208,1.188723,-0.000163,0.000300,0.007624,0.091336,0.485817,1.213887,0.000169,0.000022,-0.001267,0.499350,0.000985,1.253828,-0.001744,0.000201,0.008771,-0.400132,-0.285299,1.184008,0.001934,0.001970,0.005403,0.158292,-0.460843,1.176079,0.001007,-0.005915,0.025038
24.280000,-0.422109,0.282218,1.188887,-0.000288,0.000748,0.008833,0.091340,0.485815,1.213855,0.000231,-0.000155,-0.001912,0.499315,0.000988,1.253992,-0.001738,0.000185,0.007654,-0.400099,-0.285265,1.184128,0.001349,0.001444,0.006649,0.158314,-0.460969,1.176600,0.001131,-0.006621,0.027094
24.300000,-0.422116,0.282238,1.189077,-0.000421,0.001205,0.010130,0.091345,0.485810,1.213811,0.000315,-0.000315,-0.002461,0.499280,0.000992,1.254134,-0.001721,0.000169,0.006617,-0.400078,-0.285242,1.184274,0.000758,0.000914,0.007985,0.158338,-0.461108,1.177163,0.001260,-0.007337,0.029228
24.320000,-0.422126,0.282267,1.189293,-0.000563,0.001671,0.011512,0.091353,0.485803,1.213757,0.000422,-0.000459,-0.002916,0.499246,0.000995,1.254257,-0.001693,0.000154,0.005659,-0.400069,-0.285229,1.184448,0.000162,0.000379,0.009407,0.158364,-0.461262,1.177770,0.001392,-0.008059,0.031431
24.340000,-0.422139,0.282305,1.189538,-0.000715,0.002145,0.012978,0.091362,0.485792,1.213695,0.000554,-0.000587,-0.003276,0.499213,0.000998,1.254361,-0.001655,0.000139,0.004784,-0.400072,-0.285227,1.184651,-0.000439,-0.000160,0.010914,0.158393,-0.461430,1.178421,0.001528,-0.008786,0.033695
24.360000,-0.422155,0.282353,1.189813,-0.000878,0.002627,0.014529,0.091375,0.485779,1.213626,0.000710,-0.000699,-0.003542,0.499180,0.001001,1.254449,-0.001605,0.000124,0.003990,-0.400087,-0.285235,1.184885,-0.001045,-0.000702,0.012504,0.158425,-0.461614,1.179118,0.001667,-0.009517,0.036017
24.380000,-0.422174,0.282410,1.190120,-0.001052,0.003118,0.016163,0.091391,0.485764,1.213554,0.000890,-0.000795,-0.003713,0.499149,0.001003,1.254521,-0.001545,0.000109,0.003279,-0.400114,-0.285255,1.185152,-0.001656,-0.001248,0.014179,0.158460,-0.461811,1.179862,0.001810,-0.010252,0.038400
24.400000,-0.422197,0.282477,1.190460,-0.001235,0.003617,0.017882,0.091411,0.485748,1.213479,0.001094,-0.000875,-0.003790,0.499118,0.001005,1.254581,-0.001474,0.000095,0.002649,-0.400153,-0.285285,1.185453,-0.002272,-0.001797,0.015937,0.158498,-0.462024,1.180655,0.001956,-0.010991,0.040843
24.420000,-0.422224,0.282555,1.190835,-0.001430,0.004122,0.019681,0.091435,0.485729,1.213403,0.001322,-0.000939,-0.003772,0.499090,0.001007,1.254628,-0.001392,0.000081,0.002102,-0.400205,-0.285327,1.185790,-0.002892,-0.002349,0.017775,0.158538,-0.462251,1.181496,0.002105,-0.011729,0.043329
24.440000,-0.422254,0.282642,1.191248,-0.001637,0.004634,0.021556,0.091464,0.485710,1.213328,0.001575,-0.000987,-0.003659,0.499063,0.001008,1.254665,-0.001298,0.000067,0.001639,-0.400269,-0.285379,1.186164,-0.003516,-0.002903,0.019686,0.158582,-0.462493,1.182388,0.002256,-0.012462,0.045842
24.460000,-0.422289,0.282740,1.191698,-0.001856,0.005152,0.023506,0.091498,0.485690,1.213257,0.001853,-0.001019,-0.003451,0.499038,0.001010,1.254694,-0.001194,0.000053,0.001258,-0.400345,-0.285443,1.186578,-0.004144,-0.003458,0.021672,0.158629,-0.462749,1.183330,0.002409,-0.013189,0.048382
24.480000,-0.422329,0.282848,1.192188,-0.002088,0.005676,0.025532,0.091538,0.485669,1.213191,0.002156,-0.001035,-0.003149,0.499015,0.001010,1.254716,-0.001078,0.000039,0.000961,-0.400434,-0.285517,1.187032,-0.004776,-0.004015,0.023731,0.158678,-0.463020,1.184323,0.002564,-0.013910,0.050949
24.500000,-0.422373,0.282967,1.192720,-0.002331,0.006206,0.027634,0.091584,0.485649,1.213132,0.002484,-0.001035,-0.002751,0.498995,0.001011,1.254733,-0.000951,0.000026,0.000746,-0.400536,-0.285603,1.187528,-0.005411,-0.004574,0.025865,0.158731,-0.463306,1.185368,0.002721,-0.014626,0.053544
24.520000,-0.422422,0.283097,1.193294,-0.002587,0.006740,0.029803,0.091637,0.485628,1.213081,0.002837,-0.001018,-0.002258,0.498977,0.001011,1.254747,-0.000812,0.000013,0.000616,-0.400651,-0.285700,1.188067,-0.006049,-0.005132,0.028063,0.158787,-0.463605,1.186465,0.002879,-0.015328,0.056140
24.540000,-0.422476,0.283237,1.193912,-0.002856,0.007276,0.032030,0.091698,0.485608,1.213042,0.003214,-0.000985,-0.001668,0.498962,0.001012,1.254758,-0.000661,-0.000000,0.000569,-0.400778,-0.285809,1.188651,-0.006689,-0.005690,0.030317,0.158846,-0.463919,1.187614,0.003037,-0.016011,0.058712
24.560000,-0.422536,0.283388,1.194576,-0.003139,0.007814,0.034315,0.091766,0.485589,1.213015,0.003617,-0.000936,-0.000980,0.498951,0.001011,1.254770,-0.000498,-0.000013,0.000605,-0.400918,-0.285928,1.189280,-0.007329,-0.006246,0.032627,0.158909,-0.464245,1.188813,0.003194,-0.016673,0.061259
24.580000,-0.422602,0.283549,1.195285,-0.003434,0.008354,0.036658,0.091843,0.485571,1.213003,0.004045,-0.000870,-0.000197,0.498943,0.001011,1.254783,-0.000323,-0.000026,0.000726,-0.401071,-0.286058,1.189956,-0.007971,-0.006800,0.034992,0.158974,-0.464585,1.190064,0.003351,-0.017315,0.063782
24.600000,-0.422674,0.283722,1.196043,-0.003743,0.008895,0.039060,0.091928,0.485554,1.213008,0.004498,-0.000788,0.000684,0.498938,0.001010,1.254799,-0.000136,-0.000038,0.000930,-0.401237,-0.286200,1.190680,-0.008613,-0.007353,0.037413,0.159043,-0.464938,1.191365,0.003507,-0.017936,0.066280
24.620000,-0.422752,0.283905,1.196848,-0.004065,0.009435,0.041504,0.092023,0.485539,1.213031,0.004976,-0.000689,0.001663,0.498937,0.001010,1.254821,0.000064,-0.000051,0.001218,-0.401416,-0.286352,1.191453,-0.009255,-0.007902,0.039875,0.159114,-0.465303,1.192715,0.003662,-0.018526,0.068717
24.640000,-0.422836,0.284099,1.197703,-0.004400,0.009970,0.043976,0.092127,0.485527,1.213075,0.005477,-0.000573,0.002740,0.498941,0.001008,1.254849,0.000278,-0.000064,0.001591,-0.401607,-0.286516,1.192275,-0.009892,-0.008444,0.042361,0.159189,-0.465679,1.194113,0.003812,-0.019075,0.071054
24.660000,-0.422928,0.284304,1.198607,-0.004748,0.010500,0.046475,0.092242,0.485517,1.213142,0.006002,-0.000440,0.003917,0.498948,0.001007,1.254885,0.000504,-0.000076,0.002047,-0.401812,-0.286690,1.193147,-0.010525,-0.008979,0.044872,0.159267,-0.466065,1.195556,0.003959,-0.019582,0.073291
24.680000,-0.423026,0.284519,1.199562,-0.005109,0.011024,0.049001,0.092368,0.485509,1.213233,0.006551,-0.000289,0.005193,0.498961,0.001005,1.254931,0.000744,-0.000089,0.002588,-0.402028,-0.286875,1.194070,-0.011153,-0.009507,0.047408,0.159347,-0.466462,1.197044,0.004101,-0.020047,0.075428
24.700000,-0.423132,0.284745,1.200568,-0.005483,0.011543,0.051555,0.092504,0.485505,1.213350,0.007124,-0.000121,0.006568,0.498978,0.001003,1.254989,0.000997,-0.000101,0.003212,-0.402258,-0.287070,1.195044,-0.011777,-0.010028,0.049968,0.159431,-0.466867,1.198573,0.004240,-0.020471,0.077466
24.720000,-0.423246,0.284981,1.201624,-0.005869,0.012051,0.054111,0.092653,0.485504,1.213496,0.007719,0.000064,0.008043,0.499001,0.001001,1.255060,0.001264,-0.000114,0.003921,-0.402499,-0.287276,1.196069,-0.012393,-0.010538,0.052529,0.159517,-0.467280,1.200141,0.004373,-0.020851,0.079371
24.740000,-0.423367,0.285227,1.202732,-0.006266,0.012543,0.056646,0.092813,0.485508,1.213673,0.008335,0.000268,0.009618,0.499029,0.000999,1.255146,0.001545,-0.000126,0.004713,-0.402753,-0.287492,1.197145,-0.012994,-0.011032,0.055067,0.159606,-0.467701,1.201746,0.004498,-0.021187,0.081112
24.760000,-0.423496,0.285482,1.203890,-0.006674,0.013018,0.059160,0.092986,0.485515,1.213881,0.008970,0.000490,0.011293,0.499063,0.000996,1.255249,0.001840,-0.000139,0.005589,-0.403019,-0.287717,1.198271,-0.013582,-0.011509,0.057580,0.159697,-0.468127,1.203385,0.004616,-0.021478,0.082688
24.780000,-0.423634,0.285747,1.205098,-0.007093,0.013477,0.061652,0.093172,0.485528,1.214125,0.009626,0.000730,0.013069,0.499103,0.000993,1.255371,0.002150,-0.000151,0.006548,-0.403297,-0.287952,1.199448,-0.014156,-0.011971,0.060071,0.159790,-0.468560,1.205053,0.004726,-0.021724,0.084100
24.800000,-0.423780,0.286021,1.206356,-0.007523,0.013919,0.064122,0.093371,0.485545,1.214405,0.010303,0.000988,0.014944,0.499149,0.000990,1.255512,0.002474,-0.000164,0.007592,-0.403585,-0.288196,1.200674,-0.014716,-0.012417,0.062537,0.159886,-0.468996,1.206747,0.004828,-0.021926,0.085347
24.820000,-0.423935,0.286304,1.207663,-0.007962,0.014336,0.066535,0.093584,0.485567,1.214723,0.010996,0.001265,0.016918,0.499202,0.000987,1.255675,0.002812,-0.000177,0.008717,-0.403885,-0.288449,1.201949,-0.015255,-0.012840,0.064945,0.159983,-0.469436,1.208465,0.004921,-0.022083,0.086411
24.840000,-0.424099,0.286595,1.209017,-0.008407,0.014721,0.068854,0.093811,0.485595,1.215082,0.011702,0.001561,0.018989,0.499261,0.000983,1.255861,0.003165,-0.000189,0.009924,-0.404195,-0.288709,1.203271,-0.015765,-0.013233,0.067258,0.160083,-0.469879,1.210203,0.005004,-0.022194,0.087273
24.860000,-0.424271,0.286893,1.210416,-0.008859,0.015073,0.071080,0.094053,0.485630,1.215484,0.012422,0.001876,0.021156,0.499328,0.000979,1.256072,0.003533,-0.000202,0.011212,-0.404515,-0.288978,1.204639,-0.016247,-0.013598,0.069477,0.160183,-0.470324,1.211955,0.005075,-0.022260,0.087933
24.880000,-0.424453,0.287197,1.211859,-0.009317,0.015392,0.073212,0.094308,0.485671,1.215929,0.013156,0.002210,0.023421,0.499403,0.000975,1.256310,0.003915,-0.000215,0.012581,-0.404845,-0.289253,1.206050,-0.016700,-0.013932,0.071601,0.160286,-0.470769,1.213719,0.005135,-0.022280,0.088391
24.900000,-0.424644,0.287508,1.213344,-0.009782,0.015678,0.075250,0.094579,0.485718,1.216421,0.013902,0.002563,0.025783,0.499485,0.000971,1.256576,0.004311,-0.000228,0.014032,-0.405183,-0.289535,1.207502,-0.017124,-0.014237,0.073630,0.160389,-0.471215,1.215489,0.005184,-0.022256,0.088647
24.920000,-0.424844,0.287824,1.214868,-0.010247,0.015929,0.077165,0.094865,0.485773,1.216961,0.014656,0.002935,0.028235,0.499575,0.000966,1.256872,0.004722,-0.000241,0.015560,-0.405530,-0.289822,1.208994,-0.017516,-0.014511,0.075534,0.160493,-0.471659,1.217263,0.005221,-0.022186,0.088698
24.940000,-0.425054,0.288145,1.216430,-0.010707,0.016142,0.078927,0.095165,0.485836,1.217551,0.015412,0.003326,0.030774,0.499674,0.000961,1.257199,0.005146,-0.000253,0.017162,-0.405884,-0.290115,1.210523,-0.017870,-0.014749,0.077283,0.160598,-0.472102,1.219036,0.005245,-0.022071,0.088540
24.960000,-0.425273,0.288470,1.218024,-0.011162,0.016317,0.080535,0.095481,0.485906,1.218193,0.016169,0.003736,0.033398,0.499781,0.000956,1.257559,0.005583,-0.000266,0.018839,-0.406244,-0.290412,1.212084,-0.018188,-0.014953,0.078876,0.160703,-0.472542,1.220803,0.005255,-0.021911,0.088174
24.980000,-0.425500,0.288797,1.219650,-0.011611,0.016455,0.081990,0.095812,0.485985,1.218887,0.016928,0.004165,0.036107,0.499897,0.000950,1.257953,0.006034,-0.000279,0.020590,-0.406611,-0.290713,1.213677,-0.018469,-0.015122,0.080313,0.160808,-0.472978,1.222561,0.005251,-0.021706,0.087600
25.000000,-0.425737,0.289128,1.221303,-0.012056,0.016555,0.083291,0.096158,0.486073,1.219637,0.017688,0.004614,0.038903,0.500023,0.000945,1.258383,0.006499,-0.000291,0.022416,-0.406983,-0.291017,1.215296,-0.018713,-0.015256,0.081595,0.160913,-0.473410,1.224306,0.005234,-0.021455,0.086818
25.020000,-0.425983,0.289459,1.222980,-0.012485,0.016619,0.084420,0.096519,0.486170,1.220444,0.018441,0.005081,0.041771,0.500158,0.000939,1.258850,0.006975,-0.000304,0.024309,-0.407359,-0.291323,1.216939,-0.018919,-0.015357,0.082701,0.161017,-0.473836,1.226033,0.005203,-0.021162,0.085839
25.040000,-0.426236,0.289792,1.224679,-0.012888,0.016652,0.085355,0.096896,0.486276,1.221309,0.019177,0.005565,0.044702,0.500302,0.000933,1.259356,0.007462,-0.000316,0.026262,-0.407739,-0.291631,1.218603,-0.019086,-0.015426,0.083612,0.161121,-0.474256,1.227738,0.005159,-0.020828,0.084675
25.060000,-0.426498,0.290125,1.226393,-0.013267,0.016652,0.086098,0.097286,0.486393,1.222233,0.019896,0.006068,0.047693,0.500456,0.000926,1.259901,0.007959,-0.000328,0.028276,-0.408122,-0.291940,1.220282,-0.019213,-0.015463,0.084328,0.161223,-0.474669,1.229419,0.005102,-0.020453,0.083325
25.080000,-0.426767,0.290458,1.228121,-0.013620,0.016620,0.086647,0.097691,0.486519,1.223217,0.020599,0.006588,0.050746,0.500620,0.000919,1.260487,0.008466,-0.000340,0.030350,-0.408508,-0.292249,1.221974,-0.019302,-0.015468,0.084850,0.161325,-0.475074,1.231070,0.005031,-0.020037,0.081791
25.100000,-0.427043,0.290790,1.229858,-0.013948,0.016556,0.087004,0.098110,0.486656,1.224263,0.021286,0.007127,0.053861,0.500795,0.000912,1.261115,0.008984,-0.000352,0.032485,-0.408894,-0.292558,1.223675,-0.019351,-0.015442,0.085176,0.161424,-0.475470,1.232689,0.004947,-0.019580,0.080072
25.120000,-0.427325,0.291120,1.231600,-0.014242,0.016460,0.087162,0.098543,0.486804,1.225372,0.021943,0.007681,0.057016,0.500980,0.000905,1.261787,0.009508,-0.000363,0.034667,-0.409281,-0.292867,1.225380,-0.019359,-0.015384,0.085304,0.161522,-0.475857,1.234272,0.004851,-0.019088,0.078195
25.140000,-0.427612,0.291448,1.233343,-0.014493,0.016335,0.087119,0.098988,0.486964,1.226544,0.022557,0.008249,0.060189,0.501175,0.000898,1.262502,0.010037,-0.000374,0.036885,-0.409668,-0.293173,1.227086,-0.019325,-0.015295,0.085230,0.161618,-0.476233,1.235816,0.004745,-0.018566,0.076185
25.160000,-0.427904,0.291773,1.235083,-0.014703,0.016180,0.086872,0.099445,0.487135,1.227779,0.023129,0.008832,0.063382,0.501381,0.000890,1.263263,0.010570,-0.000384,0.039139,-0.410054,-0.293478,1.228788,-0.019249,-0.015175,0.084953,0.161712,-0.476599,1.237318,0.004628,-0.018014,0.074044
25.180000,-0.428200,0.292095,1.236817,-0.014870,0.015996,0.086423,0.099913,0.487317,1.229079,0.023658,0.009429,0.066593,0.501598,0.000883,1.264068,0.011107,-0.000394,0.041428,-0.410438,-0.293780,1.230483,-0.019130,-0.015025,0.084475,0.161803,-0.476954,1.238777,0.004502,-0.017433,0.071771
25.200000,-0.428498,0.292413,1.238539,-0.014994,0.015782,0.085771,0.100391,0.487512,1.230443,0.024145,0.010040,0.069822,0.501825,0.000875,1.264920,0.011647,-0.000403,0.043752,-0.410819,-0.294079,1.232166,-0.018969,-0.014843,0.083795,0.161892,-0.477296,1.240188,0.004364,-0.016823,0.069366
25.220000,-0.428799,0.292726,1.240246,-0.015072,0.015539,0.084924,0.100878,0.487719,1.231872,0.024571,0.010662,0.073037,0.502064,0.000866,1.265818,0.012187,-0.000412,0.046092,-0.411196,-0.294374,1.233833,-0.018766,-0.014632,0.082920,0.161978,-0.477626,1.241551,0.004220,-0.016193,0.066873
25.240000,-0.429101,0.293034,1.241935,-0.015100,0.015269,0.083887,0.101373,0.487938,1.233364,0.024921,0.011291,0.076204,0.502313,0.000858,1.266763,0.012720,-0.000419,0.048427,-0.411569,-0.294664,1.235481,-0.018520,-0.014392,0.081860,0.162061,-0.477944,1.242863,0.004071,-0.015553,0.064334
25.260000,-0.429403,0.293337,1.243600,-0.015076,0.014971,0.082661,0.101874,0.488170,1.234920,0.025192,0.011927,0.079322,0.502573,0.000850,1.267755,0.013247,-0.000426,0.050757,-0.411937,-0.294949,1.237106,-0.018231,-0.014123,0.080613,0.162141,-0.478248,1.244124,0.003917,-0.014904,0.061750
25.280000,-0.429704,0.293633,1.245240,-0.015001,0.014647,0.081245,0.102380,0.488415,1.236537,0.025386,0.012570,0.082391,0.502843,0.000841,1.268794,0.013767,-0.000431,0.053083,-0.412298,-0.295229,1.238704,-0.017899,-0.013825,0.079181,0.162217,-0.478540,1.245333,0.003759,-0.014246,0.059120
25.300000,-0.430003,0.293922,1.246849,-0.014875,0.014294,0.079641,0.102889,0.488673,1.238215,0.025503,0.013220,0.085411,0.503123,0.000832,1.269879,0.014281,-0.000436,0.055404,-0.412653,-0.295502,1.240272,-0.017525,-0.013498,0.077562,0.162291,-0.478818,1.246488,0.003596,-0.013578,0.056445
25.320000,-0.430298,0.294205,1.248424,-0.014706,0.013919,0.077873,0.103400,0.488944,1.239953,0.025542,0.013872,0.088350,0.503414,0.000824,1.271010,0.014781,-0.000439,0.057690,-0.412999,-0.295769,1.241806,-0.017116,-0.013147,0.075785,0.162361,-0.479083,1.247590,0.003430,-0.012908,0.053756
25.340000,-0.430591,0.294479,1.249963,-0.014499,0.013526,0.075967,0.103910,0.489228,1.241748,0.025505,0.014519,0.091175,0.503714,0.000815,1.272186,0.015259,-0.000441,0.059911,-0.413337,-0.296028,1.243303,-0.016677,-0.012777,0.073874,0.162428,-0.479334,1.248639,0.003265,-0.012243,0.051082
25.360000,-0.430878,0.294745,1.251462,-0.014257,0.013114,0.073925,0.104419,0.489525,1.243599,0.025391,0.015162,0.093885,0.504024,0.000806,1.273406,0.015715,-0.000441,0.062068,-0.413666,-0.296280,1.244760,-0.016209,-0.012387,0.071830,0.162492,-0.479573,1.249634,0.003098,-0.011582,0.048424
25.380000,-0.431161,0.295003,1.252919,-0.013977,0.012683,0.071746,0.104925,0.489835,1.245503,0.025201,0.015800,0.096480,0.504343,0.000797,1.274668,0.016148,-0.000439,0.064160,-0.413985,-0.296523,1.246175,-0.015712,-0.011977,0.069653,0.162552,-0.479798,1.250576,0.002932,-0.010927,0.045782
25.400000,-0.431437,0.295253,1.254331,-0.013661,0.012234,0.069430,0.105427,0.490157,1.247457,0.024935,0.016433,0.098961,0.504670,0.000789,1.275972,0.016560,-0.000436,0.066188,-0.414294,-0.296758,1.247545,-0.015185,-0.011548,0.067343,0.162609,-0.480010,1.251465,0.002765,-0.010276,0.043155
25.420000,-0.431707,0.295493,1.255696,-0.013318,0.011774,0.067019,0.105922,0.490492,1.249460,0.024609,0.017053,0.101301,0.505005,0.000780,1.277315,0.016945,-0.000431,0.068120,-0.414592,-0.296985,1.248868,-0.014640,-0.011106,0.064943,0.162663,-0.480209,1.252302,0.002599,-0.009634,0.040565
25.440000,-0.431970,0.295724,1.257012,-0.012955,0.011308,0.064556,0.106411,0.490839,1.251508,0.024242,0.017650,0.103475,0.505347,0.000771,1.278696,0.017297,-0.000425,0.069927,-0.414880,-0.297203,1.250143,-0.014084,-0.010659,0.062498,0.162713,-0.480395,1.253088,0.002435,-0.009006,0.038032
25.460000,-0.432225,0.295945,1.258278,-0.012574,0.010838,0.062041,0.106892,0.491198,1.253598,0.023833,0.018223,0.105481,0.505697,0.000763,1.280111,0.017616,-0.000417,0.071608,-0.415156,-0.297411,1.251368,-0.013518,-0.010207,0.060006,0.162760,-0.480569,1.253824,0.002274,-0.008393,0.035557
25.480000,-0.432472,0.296157,1.259493,-0.012174,0.010363,0.059474,0.107364,0.491568,1.255726,0.023382,0.018774,0.107321,0.506052,0.000755,1.281559,0.017903,-0.000408,0.073163,-0.415420,-0.297611,1.252543,-0.012942,-0.009748,0.057469,0.162804,-0.480731,1.254511,0.002116,-0.007793,0.033138
25.500000,-0.432712,0.296360,1.260656,-0.011755,0.009882,0.056854,0.107827,0.491948,1.257890,0.022889,0.019301,0.108993,0.506413,0.000747,1.283037,0.018158,-0.000398,0.074593,-0.415673,-0.297801,1.253666,-0.012356,-0.009285,0.054886,0.162845,-0.480881,1.255150,0.001960,-0.007208,0.030776
25.520000,-0.432943,0.296552,1.261767,-0.011323,0.009402,0.054212,0.108279,0.492340,1.260085,0.022370,0.019797,0.110489,0.506778,0.000739,1.284542,0.018377,-0.000386,0.075870,-0.415915,-0.297982,1.254738,-0.011767,-0.008821,0.052289,0.162883,-0.481020,1.255742,0.001808,-0.006640,0.028485
25.540000,-0.433165,0.296736,1.262825,-0.010886,0.008925,0.051578,0.108722,0.492740,1.262308,0.021842,0.020255,0.111797,0.507147,0.000731,1.286071,0.018560,-0.000374,0.076969,-0.416144,-0.298154,1.255758,-0.011181,-0.008361,0.049708,0.162917,-0.481147,1.256290,0.001659,-0.006091,0.026278
25.560000,-0.433378,0.296909,1.263830,-0.010442,0.008453,0.048950,0.109153,0.493149,1.264556,0.021303,0.020674,0.112917,0.507520,0.000724,1.287619,0.018704,-0.000361,0.077890,-0.416362,-0.298317,1.256726,-0.010599,-0.007905,0.047145,0.162949,-0.481263,1.256794,0.001516,-0.005563,0.024154
25.580000,-0.433582,0.297074,1.264783,-0.009993,0.007984,0.046330,0.109574,0.493567,1.266824,0.020755,0.021055,0.113850,0.507895,0.000717,1.289185,0.018812,-0.000347,0.078633,-0.416568,-0.298470,1.257644,-0.010021,-0.007454,0.044598,0.162978,-0.481369,1.257256,0.001377,-0.005054,0.022114
25.600000,-0.433778,0.297229,1.265683,-0.009537,0.007520,0.043718,0.109983,0.493991,1.269108,0.020196,0.021398,0.114595,0.508272,0.000710,1.290764,0.018882,-0.000333,0.079197,-0.416763,-0.298615,1.258510,-0.009446,-0.007007,0.042068,0.163004,-0.481466,1.257679,0.001242,-0.004566,0.020158
25.620000,-0.433964,0.297375,1.266532,-0.009079,0.007063,0.041132,0.110381,0.494422,1.271406,0.019635,0.021697,0.115149,0.508650,0.000703,1.292352,0.018912,-0.000318,0.079573,-0.416946,-0.298751,1.259327,-0.008879,-0.006568,0.039577,0.163028,-0.481552,1.258063,0.001112,-0.004099,0.018293
25.640000,-0.434141,0.297511,1.267329,-0.008624,0.006616,0.038593,0.110769,0.494859,1.273713,0.019080,0.021949,0.115508,0.509029,0.000697,1.293945,0.018902,-0.000304,0.079750,-0.417118,-0.298878,1.260094,-0.008325,-0.006140,0.037146,0.163049,-0.481630,1.258411,0.000988,-0.003655,0.016529
25.660000,-0.434309,0.297639,1.268076,-0.008171,0.006178,0.036101,0.111145,0.495300,1.276025,0.018531,0.022154,0.115673,0.509406,0.000691,1.295540,0.018851,-0.000289,0.079729,-0.417279,-0.298996,1.260813,-0.007783,-0.005722,0.034775,0.163067,-0.481699,1.258725,0.000870,-0.003235,0.014864
25.680000,-0.434468,0.297759,1.268773,-0.007720,0.005751,0.033656,0.111510,0.495745,1.278339,0.017987,0.022312,0.115644,0.509782,0.000686,1.297133,0.018759,-0.000275,0.079510,-0.417429,-0.299107,1.261485,-0.007254,-0.005316,0.032465,0.163083,-0.481759,1.259007,0.000758,-0.002839,0.013300
25.700000,-0.434618,0.297869,1.269422,-0.007272,0.005333,0.031257,0.111864,0.496192,1.280650,0.017449,0.022423,0.115419,0.510156,0.000680,1.298719,0.018626,-0.000261,0.079093,-0.417569,-0.299209,1.262112,-0.006738,-0.004920,0.030215,0.163097,-0.481812,1.259258,0.000651,-0.002466,0.011836
25.720000,-0.434759,0.297972,1.270024,-0.006829,0.004926,0.028917,0.112208,0.496641,1.282954,0.016919,0.022485,0.115003,0.510527,0.000675,1.300295,0.018453,-0.000247,0.078484,-0.417699,-0.299304,1.262694,-0.006238,-0.004537,0.028039,0.163109,-0.481858,1.259481,0.000550,-0.002117,0.010478
25.740000,-0.434891,0.298067,1.270579,-0.006392,0.004532,0.026649,0.112541,0.497091,1.285248,0.016401,0.022498,0.114395,0.510894,0.000670,1.301857,0.018241,-0.000233,0.077691,-0.417819,-0.299391,1.263234,-0.005757,-0.004170,0.025953,0.163120,-0.481897,1.259678,0.000457,-0.001795,0.009229
25.760000,-0.435014,0.298153,1.271090,-0.005964,0.004151,0.024452,0.112864,0.497541,1.287529,0.015893,0.022460,0.113597,0.511256,0.000666,1.303402,0.017989,-0.000220,0.076713,-0.417929,-0.299470,1.263733,-0.005294,-0.003817,0.023956,0.163128,-0.481930,1.259851,0.000370,-0.001497,0.008091
25.780000,-0.435129,0.298233,1.271558,-0.005543,0.003783,0.022326,0.113177,0.497989,1.289791,0.015397,0.022373,0.112608,0.511613,0.000662,1.304925,0.017698,-0.000206,0.075551,-0.418031,-0.299543,1.264193,-0.004849,-0.003480,0.022048,0.163134,-0.481957,1.260002,0.000289,-0.001226,0.007063
25.800000,-0.435236,0.298305,1.271984,-0.005129,0.003427,0.020271,0.113480,0.498436,1.292032,0.014911,0.022237,0.111428,0.511964,0.000658,1.306423,0.017368,-0.000194,0.074203,-0.418123,-0.299610,1.264616,-0.004424,-0.003158,0.020230,0.163139,-0.481979,1.260134,0.000216,-0.000980,0.006145
25.820000,-0.435335,0.298370,1.272369,-0.004724,0.003085,0.018295,0.113773,0.498879,1.294247,0.014435,0.022052,0.110066,0.512308,0.000654,1.307892,0.017003,-0.000181,0.072695,-0.418208,-0.299670,1.265003,-0.004019,-0.002852,0.018510,0.163143,-0.481997,1.260249,0.000149,-0.000760,0.005340
25.840000,-0.435425,0.298428,1.272716,-0.004329,0.002757,0.016404,0.114057,0.499317,1.296433,0.013967,0.021823,0.108529,0.512644,0.000650,1.309329,0.016608,-0.000170,0.071047,-0.418284,-0.299724,1.265357,-0.003637,-0.002564,0.016898,0.163145,-0.482010,1.260348,0.000090,-0.000568,0.004653
25.860000,-0.435508,0.298480,1.273026,-0.003944,0.002443,0.014599,0.114332,0.499751,1.298587,0.013506,0.021548,0.106819,0.512972,0.000647,1.310733,0.016183,-0.000158,0.069261,-0.418353,-0.299773,1.265679,-0.003277,-0.002293,0.015394,0.163147,-0.482019,1.260436,0.000038,-0.000402,0.004083
25.880000,-0.435583,0.298526,1.273301,-0.003569,0.002144,0.012879,0.114598,0.500179,1.300705,0.013052,0.021228,0.104934,0.513291,0.000644,1.312099,0.015727,-0.000147,0.067336,-0.418416,-0.299816,1.265973,-0.002939,-0.002040,0.013999,0.163147,-0.482026,1.260512,-0.000006,-0.000264,0.003629
25.900000,-0.435651,0.298566,1.273542,-0.003204,0.001858,0.011244,0.114854,0.500600,1.302783,0.012607,0.020862,0.102874,0.513601,0.000641,1.313425,0.015241,-0.000136,0.065273,-0.418471,-0.299854,1.266240,-0.002624,-0.001805,0.012712,0.163146,-0.482030,1.260581,-0.000043,-0.000152,0.003292
25.920000,-0.435711,0.298600,1.273751,-0.002849,0.001587,0.009699,0.115102,0.501013,1.304819,0.012166,0.020457,0.100658,0.513901,0.000639,1.314709,0.014734,-0.000126,0.063112,-0.418521,-0.299888,1.266482,-0.002332,-0.001588,0.011539,0.163145,-0.482032,1.260645,-0.000072,-0.000069,0.003075
25.940000,-0.435765,0.298630,1.273930,-0.002505,0.001330,0.008247,0.115341,0.501418,1.306809,0.011726,0.020017,0.098304,0.514190,0.000636,1.315949,0.014215,-0.000116,0.060894,-0.418565,-0.299918,1.266702,-0.002066,-0.001391,0.010487,0.163144,-0.482033,1.260705,-0.000093,-0.000014,0.002979
25.960000,-0.435811,0.298654,1.274082,-0.002173,0.001088,0.006889,0.115571,0.501814,1.308750,0.011289,0.019544,0.095811,0.514469,0.000634,1.317145,0.013683,-0.000106,0.058619,-0.418603,-0.299944,1.266903,-0.001824,-0.001213,0.009555,0.163142,-0.482033,1.260765,-0.000105,0.000013,0.003005
25.980000,-0.435852,0.298673,1.274207,-0.001851,0.000860,0.005624,0.115793,0.502200,1.310640,0.010853,0.019037,0.093179,0.514737,0.000632,1.318294,0.013140,-0.000097,0.056287,-0.418638,-0.299967,1.267085,-0.001607,-0.001054,0.008744,0.163139,-0.482033,1.260826,-0.000110,0.000012,0.003153
26.000000,-0.435886,0.298688,1.274307,-0.001541,0.000646,0.004453,0.116005,0.502575,1.312476,0.010418,0.018495,0.090408,0.514995,0.000630,1.319396,0.012584,-0.000088,0.053899,-0.418668,-0.299986,1.267253,-0.001415,-0.000915,0.008053,0.163137,-0.482033,1.260892,-0.000106,-0.000018,0.003422
26.020000,-0.435913,0.298699,1.274385,-0.001241,0.000446,0.003378,0.116209,0.502939,1.314256,0.009983,0.017929,0.087529,0.515241,0.000628,1.320450,0.012022,-0.000079,0.051482,-0.418694,-0.300003,1.267408,-0.001248,-0.000795,0.007488,0.163135,-0.482034,1.260964,-0.000093,-0.000077,0.003815
26.040000,-0.435935,0.298706,1.274443,-0.000952,0.000261,0.002401,0.116405,0.503292,1.315977,0.009546,0.017346,0.084573,0.515476,0.000627,1.321455,0.011460,-0.000070,0.049066,-0.418718,-0.300018,1.267554,-0.001108,-0.000696,0.007051,0.163134,-0.482036,1.261045,-0.000072,-0.000165,0.004333
26.060000,-0.435951,0.298710,1.274482,-0.000674,0.000090,0.001522,0.116591,0.503633,1.317638,0.009106,0.016749,0.081540,0.515699,0.000626,1.322412,0.010899,-0.000062,0.046652,-0.418739,-0.300031,1.267691,-0.000994,-0.000617,0.006743,0.163132,-0.482041,1.261138,-0.000041,-0.000283,0.004976
26.080000,-0.435962,0.298710,1.274504,-0.000408,-0.000067,0.000742,0.116769,0.503962,1.319238,0.008663,0.016135,0.078430,0.515912,0.000624,1.323321,0.010338,-0.000054,0.044238,-0.418758,-0.300043,1.267824,-0.000907,-0.000558,0.006565,0.163132,-0.482048,1.261245,-0.000002,-0.000431,0.005745
26.100000,-0.435968,0.298707,1.274512,-0.000152,-0.000210,0.000060,0.116938,0.504278,1.320775,0.008217,0.015506,0.075242,0.516113,0.000623,1.324182,0.009777,-0.000046,0.041825,-0.418775,-0.300054,1.267955,-0.000846,-0.000520,0.006515,0.163132,-0.482058,1.261369,0.000046,-0.000608,0.006639
26.120000,-0.435968,0.298702,1.274508,0.000093,-0.000339,-0.000521,0.117097,0.504582,1.322247,0.007772,0.014868,0.072016,0.516303,0.000623,1.324994,0.009221,-0.000038,0.039433,-0.418792,-0.300064,1.268086,-0.000812,-0.000503,0.006597,0.163134,-0.482072,1.261512,0.000104,-0.000816,0.007660
26.140000,-0.435964,0.298694,1.274492,0.000328,-0.000453,-0.001000,0.117248,0.504873,1.323655,0.007333,0.014230,0.068790,0.516482,0.000622,1.325759,0.008673,-0.000031,0.037080,-0.418808,-0.300074,1.268220,-0.000805,-0.000507,0.006814,0.163137,-0.482091,1.261676,0.000172,-0.001054,0.008807
26.160000,-0.435955,0.298684,1.274468,0.000551,-0.000555,-0.001377,0.117391,0.505151,1.324999,0.006898,0.013592,0.065563,0.516650,0.000621,1.326478,0.008133,-0.000023,0.034767,-0.418824,-0.300084,1.268359,-0.000826,-0.000532,0.007165,0.163141,-0.482115,1.261865,0.000249,-0.001323,0.010081
26.180000,-0.435942,0.298672,1.274438,0.000764,-0.000642,-0.001651,0.117524,0.505417,1.326278,0.006468,0.012953,0.062337,0.516807,0.000621,1.327150,0.007602,-0.000015,0.032494,-0.418841,-0.300095,1.268507,-0.000875,-0.000578,0.007651,0.163147,-0.482144,1.262080,0.000336,-0.001623,0.011482
26.200000,-0.435925,0.298658,1.274403,0.000967,-0.000715,-0.001822,0.117650,0.505669,1.327492,0.006043,0.012313,0.059110,0.516954,0.000621,1.327778,0.007079,-0.000008,0.030260,-0.418860,-0.300108,1.268666,-0.000951,-0.000646,0.008271,0.163154,-0.482180,1.262325,0.000433,-0.001954,0.013010
26.220000,-0.435904,0.298643,1.274366,0.001159,-0.000775,-0.001889,0.117766,0.505909,1.328642,0.005626,0.011678,0.055909,0.517090,0.000621,1.328361,0.006566,-0.000000,0.028078,-0.418880,-0.300121,1.268839,-0.001055,-0.000735,0.009028,0.163164,-0.482222,1.262601,0.000540,-0.002315,0.014664
26.240000,-0.435879,0.298627,1.274328,0.001340,-0.000821,-0.001849,0.117875,0.506137,1.329729,0.005218,0.011052,0.052758,0.517217,0.000621,1.328901,0.006066,0.000008,0.025960,-0.418902,-0.300137,1.269028,-0.001187,-0.000845,0.009922,0.163176,-0.482272,1.262912,0.000657,-0.002708,0.016443
26.260000,-0.435850,0.298610,1.274292,0.001511,-0.000853,-0.001701,0.117975,0.506351,1.330753,0.004820,0.010436,0.049657,0.517333,0.000621,1.329400,0.005580,0.000015,0.023906,-0.418927,-0.300155,1.269237,-0.001348,-0.000978,0.010953,0.163190,-0.482331,1.263260,0.000785,-0.003133,0.018347
26.280000,-0.435818,0.298593,1.274261,0.001671,-0.000871,-0.001447,0.118067,0.506554,1.331716,0.004431,0.009828,0.046606,0.517440,0.000621,1.329858,0.005106,0.000023,0.021917,-0.418956,-0.300176,1.269467,-0.001537,-0.001132,0.012121,0.163208,-0.482398,1.263647,0.000924,-0.003589,0.020376
26.300000,-0.435783,0.298576,1.274235,0.001821,-0.000876,-0.001086,0.118152,0.506745,1.332618,0.004052,0.009230,0.043606,0.517537,0.000622,1.330277,0.004645,0.000031,0.019991,-0.418989,-0.300201,1.269722,-0.001755,-0.001308,0.013427,0.163227,-0.482475,1.264076,0.001073,-0.004076,0.022529
26.320000,-0.435746,0.298558,1.274218,0.001960,-0.000866,-0.000615,0.118230,0.506923,1.333460,0.003685,0.008643,0.040671,0.517626,0.000623,1.330658,0.004199,0.000039,0.018136,-0.419026,-0.300229,1.270005,-0.002001,-0.001506,0.014869,0.163251,-0.482561,1.264549,0.001233,-0.004595,0.024803
26.340000,-0.435705,0.298541,1.274211,0.002088,-0.000843,-0.000031,0.118300,0.507090,1.334245,0.003329,0.008072,0.037816,0.517705,0.000623,1.331003,0.003767,0.000048,0.016360,-0.419069,-0.300261,1.270318,-0.002275,-0.001726,0.016447,0.163277,-0.482659,1.265069,0.001403,-0.005145,0.027193
26.360000,-0.435662,0.298525,1.274217,0.002205,-0.000806,0.000664,0.118363,0.507246,1.334974,0.002986,0.007514,0.035041,0.517777,0.000624,1.331313,0.003351,0.000056,0.014662,-0.419118,-0.300298,1.270664,-0.002579,-0.001968,0.018161,0.163307,-0.482767,1.265637,0.001585,-0.005725,0.029698
26.380000,-0.435617,0.298509,1.274239,0.002312,-0.000755,0.001472,0.118419,0.507391,1.335647,0.002656,0.006972,0.032346,0.517839,0.000626,1.331590,0.002950,0.000065,0.013042,-0.419172,-0.300340,1.271045,-0.002911,-0.002232,0.020011,0.163340,-0.482888,1.266257,0.001777,-0.006336,0.032319
26.400000,-0.435570,0.298494,1.274277,0.002407,-0.000690,0.002392,0.118469,0.507525,1.336268,0.002338,0.006443,0.029731,0.517895,0.000627,1.331835,0.002565,0.000074,0.011501,-0.419234,-0.300388,1.271465,-0.003271,-0.002518,0.021996,0.163378,-0.483021,1.266931,0.001981,-0.006979,0.035055
26.420000,-0.435521,0.298481,1.274335,0.002491,-0.000610,0.003427,0.118513,0.507649,1.336837,0.002033,0.005931,0.027204,0.517942,0.000629,1.332051,0.002195,0.000084,0.010042,-0.419303,-0.300441,1.271926,-0.003660,-0.002826,0.024113,0.163420,-0.483167,1.267660,0.002195,-0.007651,0.037897
26.440000,-0.435470,0.298470,1.274415,0.002563,-0.000516,0.004579,0.118551,0.507763,1.337357,0.001742,0.005435,0.024772,0.517983,0.000630,1.332237,0.001841,0.000093,0.008670,-0.419381,-0.300501,1.272431,-0.004077,-0.003156,0.026358,0.163466,-0.483327,1.268447,0.002420,-0.008351,0.040834
26.460000,-0.435418,0.298461,1.274519,0.002622,-0.000408,0.005849,0.118583,0.507866,1.337829,0.001465,0.004957,0.022435,0.518016,0.000632,1.332398,0.001504,0.000104,0.007384,-0.419467,-0.300567,1.272981,-0.004522,-0.003507,0.028730,0.163516,-0.483501,1.269294,0.002655,-0.009079,0.043867
26.480000,-0.435365,0.298454,1.274650,0.002670,-0.000285,0.007235,0.118609,0.507961,1.338255,0.001202,0.004495,0.020194,0.518043,0.000635,1.332533,0.001183,0.000114,0.006185,-0.419562,-0.300641,1.273581,-0.004994,-0.003879,0.031229,0.163572,-0.483690,1.270203,0.002902,-0.009836,0.046994
26.500000,-0.435312,0.298450,1.274809,0.002705,-0.000147,0.008739,0.118631,0.508046,1.338637,0.000952,0.004050,0.018048,0.518063,0.000637,1.332646,0.000877,0.000125,0.005072,-0.419667,-0.300723,1.274231,-0.005495,-0.004273,0.033856,0.163633,-0.483895,1.271175,0.003159,-0.010621,0.050217
26.520000,-0.435257,0.298448,1.275000,0.002727,0.000005,0.010362,0.118648,0.508123,1.338977,0.000717,0.003621,0.016000,0.518078,0.000640,1.332737,0.000588,0.000136,0.004048,-0.419782,-0.300812,1.274936,-0.006023,-0.004687,0.036600,0.163698,-0.484116,1.272212,0.003426,-0.011431,0.053516
26.540000,-0.435203,0.298450,1.275225,0.002734,0.000173,0.012105,0.118660,0.508191,1.339278,0.000497,0.003210,0.014053,0.518087,0.000642,1.332808,0.000316,0.000148,0.003115,-0.419908,-0.300910,1.275696,-0.006576,-0.005121,0.039453,0.163770,-0.484352,1.273316,0.003703,-0.012263,0.056872
26.560000,-0.435148,0.298455,1.275485,0.002727,0.000355,0.013969,0.118668,0.508252,1.339540,0.000292,0.002816,0.012207,0.518091,0.000646,1.332862,0.000060,0.000160,0.002273,-0.420045,-0.301017,1.276514,-0.007154,-0.005575,0.042413,0.163847,-0.484606,1.274487,0.003989,-0.013118,0.060286
26.580000,-0.435094,0.298464,1.275784,0.002705,0.000554,0.015952,0.118671,0.508304,1.339767,0.000101,0.002439,0.010463,0.518090,0.000649,1.332900,-0.000180,0.000173,0.001523,-0.420194,-0.301133,1.277393,-0.007758,-0.006048,0.045481,0.163929,-0.484877,1.275727,0.004285,-0.013994,0.063758
26.600000,-0.435040,0.298477,1.276124,0.002669,0.000767,0.018056,0.118672,0.508349,1.339959,-0.000075,0.002079,0.008819,0.518084,0.000652,1.332924,-0.000404,0.000186,0.000864,-0.420356,-0.301259,1.278334,-0.008388,-0.006541,0.048656,0.164018,-0.485166,1.277038,0.004590,-0.014892,0.067287
26.620000,-0.434987,0.298495,1.276507,0.002617,0.000996,0.020279,0.118669,0.508387,1.340120,-0.000236,0.001735,0.007276,0.518073,0.000656,1.332935,-0.000611,0.000200,0.000298,-0.420530,-0.301395,1.279340,-0.009041,-0.007052,0.051922,0.164113,-0.485473,1.278419,0.004903,-0.015807,0.070844
26.640000,-0.434935,0.298517,1.276936,0.002547,0.001241,0.022620,0.118662,0.508419,1.340251,-0.000381,0.001407,0.005835,0.518059,0.000660,1.332936,-0.000801,0.000214,-0.000172,-0.420717,-0.301541,1.280412,-0.009714,-0.007578,0.055260,0.164214,-0.485798,1.279872,0.005223,-0.016732,0.074397
26.660000,-0.434885,0.298545,1.277413,0.002458,0.001501,0.025078,0.118653,0.508444,1.340354,-0.000511,0.001096,0.004496,0.518042,0.000665,1.332929,-0.000975,0.000229,-0.000548,-0.420918,-0.301698,1.281551,-0.010407,-0.008120,0.058669,0.164322,-0.486142,1.281395,0.005551,-0.017668,0.077947
26.680000,-0.434837,0.298577,1.277940,0.002353,0.001778,0.027655,0.118642,0.508463,1.340432,-0.000626,0.000800,0.003258,0.518020,0.000670,1.332915,-0.001133,0.000244,-0.000828,-0.421134,-0.301866,1.282759,-0.011121,-0.008678,0.062151,0.164436,-0.486505,1.282989,0.005884,-0.018616,0.081493
26.700000,-0.434791,0.298616,1.278520,0.002229,0.002070,0.030349,0.118628,0.508476,1.340485,-0.000725,0.000520,0.002121,0.517996,0.000675,1.332896,-0.001274,0.000260,-0.001014,-0.421363,-0.302046,1.284037,-0.011855,-0.009251,0.065704,0.164557,-0.486887,1.284655,0.006225,-0.019573,0.085036
26.720000,-0.434748,0.298660,1.279155,0.002085,0.002378,0.033155,0.118613,0.508484,1.340517,-0.000809,0.000255,0.001085,0.517970,0.000680,1.332875,-0.001398,0.000276,-0.001102,-0.421608,-0.302236,1.285387,-0.012604,-0.009836,0.069300,0.164685,-0.487288,1.286391,0.006570,-0.020533,0.088530
26.740000,-0.434708,0.298711,1.279847,0.001919,0.002703,0.036068,0.118596,0.508486,1.340529,-0.000876,0.000005,0.000149,0.517941,0.000686,1.332853,-0.001505,0.000293,-0.001092,-0.421868,-0.302439,1.286810,-0.013365,-0.010430,0.072909,0.164820,-0.487708,1.288195,0.006917,-0.021485,0.091929
26.760000,-0.434671,0.298769,1.280598,0.001730,0.003043,0.039086,0.118578,0.508484,1.340524,-0.000927,-0.000231,-0.000687,0.517909,0.000692,1.332832,-0.001596,0.000310,-0.000982,-0.422143,-0.302654,1.288304,-0.014138,-0.011032,0.076531,0.164962,-0.488148,1.290067,0.007265,-0.022430,0.095233
26.780000,-0.434639,0.298833,1.281411,0.001519,0.003399,0.042210,0.118559,0.508477,1.340502,-0.000962,-0.000452,-0.001423,0.517877,0.000698,1.332814,-0.001669,0.000327,-0.000774,-0.422433,-0.302880,1.289871,-0.014921,-0.011643,0.080167,0.165111,-0.488606,1.292004,0.007616,-0.023367,0.098442
26.800000,-0.434611,0.298905,1.282287,0.001287,0.003771,0.045440,0.118540,0.508466,1.340467,-0.000980,-0.000659,-0.002060,0.517843,0.000705,1.332802,-0.001725,0.000345,-0.000467,-0.422740,-0.303119,1.291511,-0.015715,-0.012262,0.083816,0.165267,-0.489082,1.294004,0.007968,-0.024297,0.101556
26.820000,-0.434588,0.298984,1.283229,0.001029,0.004158,0.048763,0.118520,0.508451,1.340421,-0.000981,-0.000852,-0.002597,0.517808,0.000712,1.332796,-0.001764,0.000363,-0.000059,-0.423062,-0.303371,1.293223,-0.016514,-0.012884,0.087433,0.165430,-0.489577,1.296065,0.008317,-0.025208,0.104541
26.840000,-0.434570,0.299071,1.284238,0.000744,0.004560,0.052165,0.118501,0.508432,1.340364,-0.000966,-0.001032,-0.003037,0.517772,0.000719,1.332800,-0.001785,0.000382,0.000453,-0.423400,-0.303635,1.295008,-0.017308,-0.013503,0.090975,0.165599,-0.490090,1.298185,0.008658,-0.026088,0.107361
26.860000,-0.434558,0.299166,1.285316,0.000431,0.004977,0.055645,0.118482,0.508410,1.340300,-0.000932,-0.001200,-0.003378,0.517737,0.000727,1.332815,-0.001788,0.000401,0.001067,-0.423754,-0.303911,1.296862,-0.018100,-0.014118,0.094442,0.165776,-0.490621,1.300359,0.008990,-0.026937,0.110016
26.880000,-0.434553,0.299270,1.286464,0.000091,0.005409,0.059205,0.118463,0.508384,1.340230,-0.000881,-0.001354,-0.003621,0.517701,0.000735,1.332843,-0.001772,0.000420,0.001785,-0.424124,-0.304199,1.298785,-0.018887,-0.014731,0.097833,0.165959,-0.491168,1.302584,0.009314,-0.027755,0.112507
26.900000,-0.434555,0.299383,1.287685,-0.000276,0.005856,0.062844,0.118446,0.508355,1.340156,-0.000813,-0.001496,-0.003765,0.517666,0.000744,1.332887,-0.001739,0.000439,0.002606,-0.424510,-0.304500,1.300775,-0.019671,-0.015341,0.101149,0.166148,-0.491731,1.304858,0.009629,-0.028542,0.114833
26.920000,-0.434564,0.299505,1.288979,-0.000673,0.006316,0.066537,0.118431,0.508324,1.340080,-0.000727,-0.001625,-0.003812,0.517632,0.000753,1.332948,-0.001687,0.000458,0.003531,-0.424911,-0.304813,1.302830,-0.020441,-0.015941,0.104345,0.166344,-0.492309,1.307176,0.009930,-0.029286,0.116974
26.940000,-0.434582,0.299636,1.290346,-0.001103,0.006788,0.070261,0.118418,0.508291,1.340004,-0.000621,-0.001743,-0.003760,0.517599,0.000762,1.333029,-0.001614,0.000478,0.004564,-0.425327,-0.305138,1.304947,-0.021185,-0.016521,0.107377,0.166545,-0.492902,1.309535,0.010212,-0.029975,0.118911
26.960000,-0.434608,0.299776,1.291789,-0.001566,0.007272,0.074015,0.118406,0.508255,1.339930,-0.000497,-0.001848,-0.003611,0.517567,0.000772,1.333132,-0.001522,0.000497,0.005704,-0.425758,-0.305474,1.307124,-0.021903,-0.017083,0.110246,0.166752,-0.493508,1.311931,0.010474,-0.030609,0.120644
26.980000,-0.434645,0.299927,1.293307,-0.002061,0.007767,0.077799,0.118398,0.508217,1.339860,-0.000353,-0.001942,-0.003363,0.517538,0.000782,1.333258,-0.001410,0.000516,0.006952,-0.426203,-0.305821,1.309356,-0.022595,-0.017626,0.112951,0.166964,-0.494126,1.314360,0.010717,-0.031187,0.122172
27.000000,-0.434691,0.300087,1.294901,-0.002590,0.008274,0.081614,0.118392,0.508177,1.339796,-0.000190,-0.002023,-0.003018,0.517511,0.000793,1.333410,-0.001278,0.000535,0.008306,-0.426662,-0.306179,1.311641,-0.023261,-0.018150,0.115493,0.167181,-0.494755,1.316817,0.010940,-0.031710,0.123496
27.020000,-0.434748,0.300258,1.296572,-0.003153,0.008791,0.085421,0.118390,0.508136,1.339740,-0.000008,-0.002094,-0.002575,0.517487,0.000804,1.333591,-0.001125,0.000554,0.009768,-0.427133,-0.306547,1.313975,-0.023890,-0.018648,0.117846,0.167402,-0.495394,1.319298,0.011139,-0.032167,0.124604
27.040000,-0.434817,0.300439,1.298318,-0.003753,0.009313,0.089181,0.118392,0.508093,1.339694,0.000196,-0.002152,-0.002032,0.517466,0.000815,1.333802,-0.000950,0.000572,0.011339,-0.427617,-0.306924,1.316353,-0.024470,-0.019110,0.119986,0.167626,-0.496041,1.321800,0.011309,-0.032548,0.125487
27.060000,-0.434899,0.300630,1.300139,-0.004392,0.009841,0.092893,0.118398,0.508050,1.339659,0.000420,-0.002199,-0.001390,0.517449,0.000826,1.334045,-0.000752,0.000590,0.013018,-0.428112,-0.307311,1.318773,-0.025000,-0.019537,0.121914,0.167854,-0.496695,1.324316,0.011450,-0.032853,0.126144
27.080000,-0.434993,0.300832,1.302033,-0.005067,0.010376,0.096559,0.118409,0.508005,1.339639,0.000665,-0.002235,-0.000649,0.517436,0.000838,1.334323,-0.000532,0.000606,0.014807,-0.428617,-0.307706,1.321228,-0.025481,-0.019928,0.123629,0.168084,-0.497354,1.326844,0.011563,-0.033082,0.126575
27.100000,-0.435102,0.301045,1.304001,-0.005780,0.010916,0.100177,0.118425,0.507960,1.339634,0.000930,-0.002259,0.000190,0.517428,0.000851,1.334638,-0.000290,0.000623,0.016704,-0.429131,-0.308108,1.323716,-0.025913,-0.020284,0.125130,0.168316,-0.498018,1.329378,0.011646,-0.033234,0.126781
27.120000,-0.435225,0.301269,1.306040,-0.006526,0.011459,0.103721,0.118446,0.507915,1.339647,0.001218,-0.002271,0.001130,0.517425,0.000863,1.334992,-0.000024,0.000638,0.018709,-0.429653,-0.308517,1.326232,-0.026286,-0.020597,0.126408,0.168550,-0.498683,1.331913,0.011699,-0.033309,0.126759
27.140000,-0.435363,0.301504,1.308149,-0.007301,0.012002,0.107165,0.118474,0.507870,1.339680,0.001528,-0.002272,0.002170,0.517427,0.000876,1.335387,0.000267,0.000652,0.020820,-0.430182,-0.308931,1.328771,-0.026590,-0.020861,0.127450,0.168784,-0.499350,1.334447,0.011722,-0.033303,0.126511
27.160000,-0.435517,0.301749,1.310326,-0.008103,0.012544,0.110507,0.118508,0.507824,1.339735,0.001860,-0.002260,0.003311,0.517435,0.000889,1.335826,0.000583,0.000665,0.023036,-0.430716,-0.309351,1.331329,-0.026824,-0.021074,0.128256,0.169018,-0.500015,1.336972,0.011714,-0.033218,0.126036
27.180000,-0.435687,0.302005,1.312569,-0.008934,0.013086,0.113748,0.118548,0.507779,1.339813,0.002215,-0.002236,0.004553,0.517450,0.000903,1.336309,0.000924,0.000676,0.025358,-0.431254,-0.309774,1.333900,-0.026989,-0.021238,0.128826,0.169252,-0.500678,1.339487,0.011675,-0.033052,0.125333
27.200000,-0.435874,0.302272,1.314875,-0.009792,0.013627,0.116888,0.118596,0.507735,1.339917,0.002592,-0.002200,0.005896,0.517473,0.000916,1.336841,0.001290,0.000685,0.027785,-0.431795,-0.310200,1.336480,-0.027086,-0.021351,0.129161,0.169485,-0.501337,1.341984,0.011605,-0.032807,0.124404
27.220000,-0.436079,0.302550,1.317243,-0.010667,0.014164,0.119913,0.118652,0.507691,1.340050,0.002993,-0.002152,0.007340,0.517502,0.000930,1.337421,0.001682,0.000693,0.030313,-0.432337,-0.310628,1.339065,-0.027112,-0.021413,0.129260,0.169716,-0.501990,1.344461,0.011507,-0.032490,0.123261
27.240000,-0.436301,0.302839,1.319671,-0.011544,0.014691,0.122806,0.118716,0.507649,1.340212,0.003416,-0.002090,0.008885,0.517540,0.000944,1.338054,0.002102,0.000699,0.032934,-0.432879,-0.311056,1.341649,-0.027066,-0.021421,0.129126,0.169945,-0.502636,1.346913,0.011384,-0.032108,0.121918
27.260000,-0.436541,0.303138,1.322155,-0.012424,0.015208,0.125568,0.118789,0.507608,1.340406,0.003863,-0.002015,0.010532,0.517586,0.000958,1.338739,0.002550,0.000702,0.035649,-0.433419,-0.311484,1.344228,-0.026950,-0.021376,0.128757,0.170171,-0.503273,1.349337,0.011236,-0.031663,0.120376
27.280000,-0.436798,0.303447,1.324693,-0.013308,0.015716,0.128199,0.118871,0.507569,1.340634,0.004334,-0.001926,0.012279,0.517642,0.000972,1.339480,0.003025,0.000703,0.038458,-0.433957,-0.311911,1.346798,-0.026762,-0.021277,0.128153,0.170395,-0.503902,1.351727,0.011063,-0.031153,0.118634
27.300000,-0.437073,0.303766,1.327282,-0.014194,0.016214,0.130699,0.118963,0.507531,1.340898,0.004828,-0.001824,0.014129,0.517708,0.000986,1.340278,0.003528,0.000701,0.041361,-0.434489,-0.312335,1.349353,-0.026502,-0.021124,0.127316,0.170614,-0.504519,1.354081,0.010864,-0.030579,0.116693
27.320000,-0.437366,0.304096,1.329920,-0.015069,0.016697,0.133072,0.119064,0.507496,1.341199,0.005345,-0.001707,0.016078,0.517783,0.001000,1.341135,0.004059,0.000696,0.044345,-0.435016,-0.312755,1.351889,-0.026180,-0.020922,0.126260,0.170829,-0.505125,1.356394,0.010642,-0.029949,0.114577
27.340000,-0.437676,0.304434,1.332604,-0.015919,0.017160,0.135322,0.119177,0.507463,1.341541,0.005885,-0.001574,0.018125,0.517870,0.001014,1.342053,0.004620,0.000688,0.047396,-0.435536,-0.313171,1.354402,-0.025803,-0.020675,0.125000,0.171039,-0.505717,1.358663,0.010400,-0.029272,0.112314
27.360000,-0.438002,0.304782,1.335332,-0.016744,0.017603,0.137449,0.119300,0.507433,1.341925,0.006449,-0.001426,0.020270,0.517968,0.001028,1.343032,0.005210,0.000676,0.050516,-0.436048,-0.313582,1.356887,-0.025371,-0.020383,0.123537,0.171245,-0.506295,1.360885,0.010137,-0.028548,0.109903
27.380000,-0.438345,0.305138,1.338101,-0.017544,0.018026,0.139453,0.119435,0.507406,1.342353,0.007035,-0.001262,0.022513,0.518079,0.001041,1.344074,0.005829,0.000660,0.053705,-0.436551,-0.313986,1.359342,-0.024884,-0.020045,0.121871,0.171445,-0.506858,1.363058,0.009853,-0.027776,0.107344
27.400000,-0.438704,0.305503,1.340909,-0.018319,0.018429,0.141334,0.119581,0.507382,1.342826,0.007644,-0.001083,0.024855,0.518202,0.001054,1.345180,0.006477,0.000640,0.056961,-0.437043,-0.314384,1.361761,-0.024342,-0.019662,0.120002,0.171639,-0.507406,1.365178,0.009548,-0.026957,0.104637
27.420000,-0.439078,0.305875,1.343753,-0.019060,0.018808,0.143093,0.119741,0.507363,1.343348,0.008274,-0.000886,0.027289,0.518338,0.001067,1.346352,0.007155,0.000616,0.060263,-0.437524,-0.314773,1.364141,-0.023754,-0.019238,0.117957,0.171827,-0.507936,1.367243,0.009224,-0.026100,0.101820
27.440000,-0.439466,0.306255,1.346632,-0.019759,0.019159,0.144729,0.119913,0.507347,1.343918,0.008925,-0.000671,0.029810,0.518488,0.001079,1.347591,0.007861,0.000587,0.063587,-0.437993,-0.315153,1.366478,-0.023127,-0.018777,0.115763,0.172008,-0.508450,1.369250,0.008884,-0.025214,0.098932
27.460000,-0.439868,0.306641,1.349542,-0.020418,0.019482,0.146244,0.120098,0.507336,1.344541,0.009595,-0.000437,0.032418,0.518653,0.001090,1.348896,0.008596,0.000552,0.066935,-0.438449,-0.315523,1.368770,-0.022460,-0.018278,0.113421,0.172182,-0.508945,1.371199,0.008527,-0.024300,0.095974
27.480000,-0.440283,0.307034,1.352481,-0.021034,0.019777,0.147636,0.120296,0.507330,1.345216,0.010286,-0.000185,0.035113,0.518832,0.001101,1.350269,0.009361,0.000512,0.070305,-0.438891,-0.315884,1.371014,-0.021754,-0.017742,0.110931,0.172349,-0.509421,1.373089,0.008152,-0.023357,0.092945
27.500000,-0.440709,0.307432,1.355446,-0.021609,0.020044,0.148905,0.120509,0.507329,1.345946,0.010996,0.000085,0.037895,0.519027,0.001111,1.351708,0.010154,0.000467,0.073698,-0.439319,-0.316233,1.373206,-0.021010,-0.017169,0.108292,0.172508,-0.509879,1.374917,0.007761,-0.022386,0.089844
27.520000,-0.441147,0.307836,1.358436,-0.022137,0.020281,0.150054,0.120736,0.507333,1.346732,0.011723,0.000376,0.040753,0.519239,0.001119,1.353216,0.010974,0.000416,0.077079,-0.439731,-0.316570,1.375345,-0.020234,-0.016562,0.105544,0.172659,-0.510317,1.376682,0.007355,-0.021397,0.086726
27.540000,-0.441594,0.308243,1.361448,-0.022613,0.020484,0.151082,0.120978,0.507344,1.347576,0.012463,0.000688,0.043674,0.519466,0.001127,1.354791,0.011820,0.000357,0.080411,-0.440128,-0.316895,1.377428,-0.019436,-0.015927,0.102727,0.172802,-0.510735,1.378386,0.006935,-0.020402,0.083643
27.560000,-0.442051,0.308655,1.364479,-0.023037,0.020653,0.151989,0.121235,0.507361,1.348479,0.013217,0.001022,0.046659,0.519712,0.001134,1.356432,0.012690,0.000292,0.083694,-0.440508,-0.317207,1.379454,-0.018615,-0.015262,0.099840,0.172936,-0.511133,1.380028,0.006503,-0.019400,0.080595
27.580000,-0.442515,0.309069,1.367526,-0.023409,0.020789,0.152776,0.121507,0.507385,1.349443,0.013984,0.001377,0.049707,0.519974,0.001139,1.358139,0.013586,0.000219,0.086929,-0.440872,-0.317506,1.381421,-0.017772,-0.014568,0.096883,0.173062,-0.511511,1.381610,0.006057,-0.018391,0.077582
27.600000,-0.442987,0.309486,1.370589,-0.023728,0.020891,0.153442,0.121794,0.507416,1.350468,0.014764,0.001754,0.052819,0.520255,0.001142,1.359909,0.014508,0.000139,0.090115,-0.441219,-0.317790,1.383328,-0.016905,-0.013846,0.093857,0.173178,-0.511868,1.383132,0.005598,-0.017376,0.074604
27.620000,-0.443464,0.309905,1.373663,-0.023992,0.020957,0.153990,0.122098,0.507455,1.351556,0.015552,0.002154,0.055973,0.520555,0.001144,1.361743,0.015448,0.000051,0.093224,-0.441548,-0.318059,1.385175,-0.016026,-0.013099,0.090814,0.173286,-0.512206,1.384595,0.005126,-0.016362,0.071698
27.640000,-0.443946,0.310324,1.376748,-0.024194,0.020984,0.154422,0.122417,0.507502,1.352707,0.016341,0.002578,0.059150,0.520873,0.001144,1.363638,0.016399,-0.000046,0.096224,-0.441860,-0.318314,1.386961,-0.015142,-0.012332,0.087807,0.173383,-0.512523,1.386000,0.004642,-0.015355,0.068901
27.660000,-0.444432,0.310744,1.379839,-0.024337,0.020974,0.154739,0.122751,0.507558,1.353922,0.017132,0.003026,0.062348,0.521211,0.001142,1.365591,0.017362,-0.000153,0.099117,-0.442154,-0.318552,1.388688,-0.014253,-0.011546,0.084836,0.173471,-0.512820,1.387351,0.004146,-0.014355,0.066212
27.680000,-0.444919,0.311163,1.382936,-0.024419,0.020925,0.154941,0.123102,0.507624,1.355201,0.017924,0.003498,0.065569,0.521568,0.001138,1.367601,0.018337,-0.000269,0.101903,-0.442430,-0.318775,1.390355,-0.013361,-0.010741,0.081901,0.173549,-0.513097,1.388650,0.003637,-0.013363,0.063631
27.700000,-0.445408,0.311580,1.386036,-0.024441,0.020837,0.155027,0.123468,0.507699,1.356545,0.018717,0.003995,0.068812,0.521944,0.001132,1.369667,0.019324,-0.000395,0.104580,-0.442689,-0.318982,1.391964,-0.012465,-0.009916,0.079002,0.173617,-0.513355,1.389897,0.003117,-0.012379,0.061159
27.720000,-0.445896,0.311996,1.389137,-0.024399,0.020710,0.155001,0.123850,0.507784,1.357954,0.019503,0.004517,0.072043,0.522341,0.001122,1.371784,0.020310,-0.000532,0.107130,-0.442929,-0.319172,1.393515,-0.011570,-0.009075,0.076174,0.173674,-0.513592,1.391097,0.002583,-0.011406,0.058818
27.740000,-0.446383,0.312409,1.392236,-0.024289,0.020540,0.154870,0.124248,0.507879,1.359426,0.020272,0.005064,0.075231,0.522757,0.001110,1.373951,0.021282,-0.000680,0.109532,-0.443151,-0.319345,1.395012,-0.010684,-0.008219,0.073454,0.173720,-0.513811,1.392251,0.002037,-0.010448,0.056632
27.760000,-0.446868,0.312817,1.395331,-0.024113,0.020329,0.154631,0.124661,0.507986,1.360963,0.021024,0.005638,0.078375,0.523192,0.001095,1.376164,0.022240,-0.000841,0.111787,-0.443356,-0.319500,1.396454,-0.009806,-0.007348,0.070841,0.173755,-0.514010,1.393363,0.001478,-0.009507,0.054600
27.780000,-0.447347,0.313221,1.398420,-0.023869,0.020076,0.154286,0.125089,0.508105,1.362561,0.021758,0.006237,0.081474,0.523646,0.001076,1.378421,0.023185,-0.001014,0.113893,-0.443544,-0.319639,1.397846,-0.008937,-0.006463,0.068335,0.173779,-0.514191,1.394436,0.000906,-0.008580,0.052723
27.800000,-0.447822,0.313620,1.401502,-0.023558,0.019780,0.153834,0.125531,0.508236,1.364221,0.022476,0.006862,0.084530,0.524119,0.001054,1.380719,0.024116,-0.001199,0.115851,-0.443714,-0.319759,1.399188,-0.008076,-0.005563,0.065936,0.173791,-0.514354,1.395473,0.000321,-0.007670,0.051001
27.820000,-0.448289,0.314012,1.404573,-0.023177,0.019442,0.153281,0.125988,0.508380,1.365942,0.023178,0.007504,0.087515,0.524611,0.001028,1.383054,0.025022,-0.001398,0.117659,-0.443867,-0.319861,1.400484,-0.007228,-0.004650,0.063665,0.173792,-0.514498,1.396477,-0.000278,-0.006777,0.049445
27.840000,-0.448748,0.314397,1.407632,-0.022725,0.019059,0.152633,0.126458,0.508536,1.367721,0.023865,0.008156,0.090402,0.525120,0.000998,1.385424,0.025891,-0.001611,0.119313,-0.444003,-0.319945,1.401736,-0.006397,-0.003724,0.061543,0.173780,-0.514625,1.397452,-0.000891,-0.005904,0.048068
27.860000,-0.449198,0.314774,1.410678,-0.022201,0.018632,0.151890,0.126943,0.508706,1.369557,0.024538,0.008816,0.093190,0.525646,0.000964,1.387826,0.026723,-0.001839,0.120814,-0.444123,-0.320010,1.402947,-0.005582,-0.002785,0.059571,0.173756,-0.514734,1.398401,-0.001518,-0.005050,0.046869
27.880000,-0.449636,0.315142,1.413707,-0.021605,0.018161,0.151051,0.127440,0.508889,1.371448,0.025196,0.009486,0.095879,0.526189,0.000925,1.390256,0.027518,-0.002081,0.122161,-0.444226,-0.320056,1.404120,-0.004785,-0.001834,0.057747,0.173719,-0.514827,1.399328,-0.002160,-0.004216,0.045848
27.900000,-0.450062,0.315501,1.416719,-0.020937,0.017646,0.150117,0.127950,0.509085,1.373392,0.025839,0.010165,0.098470,0.526747,0.000881,1.392711,0.028277,-0.002338,0.123354,-0.444314,-0.320083,1.405258,-0.004004,-0.000870,0.056074,0.173669,-0.514903,1.400236,-0.002816,-0.003402,0.045006
27.920000,-0.450473,0.315848,1.419711,-0.020197,0.017087,0.149094,0.128473,0.509296,1.375386,0.026479,0.010836,0.100943,0.527319,0.000831,1.395189,0.028991,-0.002611,0.124396,-0.444387,-0.320091,1.406364,-0.003244,0.000106,0.054558,0.173606,-0.514963,1.401130,-0.003487,-0.002608,0.044345
27.940000,-0.450869,0.316184,1.422682,-0.019387,0.016486,0.147988,0.129009,0.509519,1.377429,0.027126,0.011480,0.103279,0.527906,0.000776,1.397686,0.029654,-0.002900,0.125288,-0.444444,-0.320079,1.407441,-0.002506,0.001095,0.053210,0.173530,-0.515008,1.402011,-0.004174,-0.001836,0.043868
27.960000,-0.451248,0.316507,1.425630,-0.018507,0.015840,0.146800,0.129559,0.509755,1.379516,0.027781,0.012099,0.105476,0.528505,0.000715,1.400199,0.030266,-0.003205,0.126031,-0.444487,-0.320047,1.408493,-0.001792,0.002096,0.052028,0.173439,-0.515037,1.402885,-0.004876,-0.001086,0.043573
27.980000,-0.451609,0.316817,1.428554,-0.017555,0.015152,0.145530,0.130121,0.510002,1.381647,0.028443,0.012691,0.107536,0.529116,0.000648,1.402726,0.030828,-0.003526,0.126624,-0.444516,-0.319995,1.409523,-0.001100,0.003109,0.051014,0.173335,-0.515051,1.403756,-0.005593,-0.000357,0.043462
28.000000,-0.451950,0.317113,1.431451,-0.016533,0.014421,0.144176,0.130696,0.510262,1.383817,0.029113,0.013258,0.109458,0.529738,0.000574,1.405263,0.031338,-0.003864,0.127068,-0.444531,-0.319922,1.410535,-0.000432,0.004134,0.050167,0.173216,-0.515051,1.404625,-0.006325,0.000350,0.043534
28.020000,-0.452270,0.317394,1.434320,-0.015445,0.013650,0.142748,0.131285,0.510533,1.386024,0.029796,0.013784,0.111233,0.530369,0.000493,1.407808,0.031795,-0.004218,0.127366,-0.444533,-0.319829,1.411531,0.000211,0.005171,0.049486,0.173082,-0.515037,1.405498,-0.007073,0.001035,0.043783
28.040000,-0.452567,0.317659,1.437160,-0.014299,0.012843,0.141252,0.131888,0.510813,1.388265,0.030499,0.014256,0.112851,0.531009,0.000405,1.410357,0.032195,-0.004589,0.127521,-0.444523,-0.319716,1.412515,0.000826,0.006219,0.048969,0.172933,-0.515010,1.406378,-0.007834,0.001697,0.044203
28.060000,-0.452841,0.317907,1.439970,-0.013094,0.012000,0.139688,0.132505,0.511102,1.390537,0.031221,0.014674,0.114313,0.531657,0.000309,1.412908,0.032538,-0.004976,0.127534,-0.444501,-0.319581,1.413491,0.001412,0.007278,0.048615,0.172768,-0.514970,1.407267,-0.008611,0.002336,0.044793
28.080000,-0.453090,0.318138,1.442747,-0.011829,0.011120,0.138056,0.133137,0.511400,1.392837,0.031963,0.015038,0.115617,0.532310,0.000206,1.415458,0.032825,-0.005380,0.127404,-0.444467,-0.319424,1.414461,0.001970,0.008348,0.048426,0.172588,-0.514917,1.408171,-0.009402,0.002952,0.045554
28.100000,-0.453314,0.318352,1.445492,-0.010505,0.010205,0.136356,0.133784,0.511704,1.395161,0.032724,0.015348,0.116764,0.532969,0.000094,1.418003,0.033056,-0.005801,0.127132,-0.444422,-0.319247,1.415429,0.002500,0.009429,0.048400,0.172392,-0.514852,1.409091,-0.010207,0.003545,0.046486
28.120000,-0.453510,0.318546,1.448201,-0.009134,0.009260,0.134600,0.134446,0.512013,1.397506,0.033504,0.015597,0.117755,0.533632,-0.000026,1.420542,0.033230,-0.006237,0.126725,-0.444367,-0.319047,1.416398,0.002999,0.010519,0.048527,0.172180,-0.514775,1.410031,-0.011025,0.004115,0.047573
28.140000,-0.453679,0.318722,1.450875,-0.007725,0.008292,0.132799,0.135124,0.512327,1.399870,0.034302,0.015780,0.118588,0.534298,-0.000156,1.423071,0.033348,-0.006689,0.126190,-0.444302,-0.318826,1.417371,0.003464,0.011616,0.048795,0.171951,-0.514687,1.410994,-0.011853,0.004659,0.048799
28.160000,-0.453819,0.318878,1.453513,-0.006278,0.007302,0.130952,0.135818,0.512644,1.402249,0.035118,0.015896,0.119264,0.534966,-0.000294,1.425589,0.033410,-0.007155,0.125529,-0.444229,-0.318583,1.418351,0.003894,0.012721,0.049205,0.171706,-0.514589,1.411984,-0.012691,0.005178,0.050166
28.180000,-0.453930,0.319014,1.456113,-0.004795,0.006289,0.129060,0.136529,0.512962,1.404639,0.035952,0.015946,0.119783,0.535634,-0.000442,1.428092,0.033417,-0.007636,0.124740,-0.444147,-0.318317,1.419340,0.004291,0.013832,0.049756,0.171443,-0.514480,1.413002,-0.013540,0.005673,0.051673
28.200000,-0.454011,0.319129,1.458675,-0.003274,0.005253,0.127123,0.137257,0.513281,1.407039,0.036803,0.015929,0.120145,0.536302,-0.000599,1.430577,0.033367,-0.008133,0.123824,-0.444057,-0.318029,1.420342,0.004654,0.014951,0.050447,0.171164,-0.514362,1.414052,-0.014399,0.006142,0.053319
28.220000,-0.454061,0.319224,1.461198,-0.001733,0.004204,0.125158,0.138001,0.513599,1.409444,0.037666,0.015846,0.120358,0.536969,-0.000767,1.433044,0.033265,-0.008642,0.122794,-0.443961,-0.317719,1.421359,0.004980,0.016073,0.051259,0.170867,-0.514235,1.415136,-0.015264,0.006584,0.055081
28.240000,-0.454080,0.319297,1.463681,-0.000188,0.003154,0.123184,0.138763,0.513915,1.411852,0.038535,0.015696,0.120431,0.537632,-0.000945,1.435489,0.033112,-0.009162,0.121666,-0.443858,-0.317386,1.422393,0.005264,0.017193,0.052170,0.170553,-0.514099,1.416256,-0.016130,0.006997,0.056932
28.260000,-0.454068,0.319350,1.466125,0.001362,0.002102,0.121199,0.139543,0.514227,1.414261,0.039410,0.015480,0.120364,0.538293,-0.001134,1.437910,0.032909,-0.009692,0.120438,-0.443750,-0.317031,1.423446,0.005508,0.018312,0.053179,0.170222,-0.513955,1.417413,-0.016997,0.007382,0.058873
28.280000,-0.454025,0.319382,1.468529,0.002917,0.001048,0.119205,0.140340,0.514533,1.416666,0.040289,0.015197,0.120157,0.538948,-0.001333,1.440305,0.032656,-0.010233,0.119111,-0.443638,-0.316654,1.424521,0.005710,0.019429,0.054287,0.169873,-0.513804,1.418611,-0.017866,0.007737,0.060903
28.300000,-0.453952,0.319392,1.470893,0.004475,-0.000007,0.117201,0.141154,0.514834,1.419066,0.041175,0.014847,0.119810,0.539599,-0.001543,1.442673,0.032353,-0.010785,0.117685,-0.443522,-0.316254,1.425619,0.005871,0.020544,0.055494,0.169507,-0.513646,1.419850,-0.018735,0.008063,0.063023
28.320000,-0.453847,0.319381,1.473217,0.006023,-0.001055,0.115205,0.141987,0.515127,1.421458,0.042055,0.014437,0.119341,0.540242,-0.001764,1.445012,0.032005,-0.011343,0.116182,-0.443404,-0.315832,1.426741,0.005986,0.021651,0.056768,0.169124,-0.513482,1.421132,-0.019599,0.008356,0.065195
28.340000,-0.453711,0.319350,1.475502,0.007546,-0.002085,0.113238,0.142836,0.515411,1.423839,0.042918,0.013970,0.118766,0.540879,-0.001997,1.447320,0.031616,-0.011904,0.114624,-0.443283,-0.315388,1.427890,0.006052,0.022739,0.058076,0.168724,-0.513312,1.422458,-0.020447,0.008613,0.067384
28.360000,-0.453545,0.319298,1.477747,0.009045,-0.003096,0.111297,0.143703,0.515685,1.426207,0.043765,0.013447,0.118087,0.541507,-0.002241,1.449597,0.031187,-0.012467,0.113013,-0.443162,-0.314923,1.429064,0.006066,0.023811,0.059421,0.168306,-0.513137,1.423828,-0.021282,0.008835,0.069588
28.380000,-0.453349,0.319226,1.479954,0.010518,-0.004090,0.109385,0.144587,0.515949,1.428562,0.044596,0.012869,0.117302,0.542126,-0.002496,1.451841,0.030718,-0.013032,0.111347,-0.443041,-0.314436,1.430267,0.006031,0.024865,0.060800,0.167872,-0.512959,1.425242,-0.022102,0.009020,0.071808
28.400000,-0.453124,0.319135,1.482123,0.011967,-0.005065,0.107500,0.145487,0.516200,1.430899,0.045411,0.012234,0.116412,0.542735,-0.002762,1.454050,0.030208,-0.013600,0.109627,-0.442921,-0.313928,1.431497,0.005945,0.025902,0.062215,0.167422,-0.512777,1.426700,-0.022907,0.009170,0.074045
28.420000,-0.452871,0.319024,1.484254,0.013391,-0.006021,0.105646,0.146403,0.516438,1.433218,0.046193,0.011553,0.115444,0.543334,-0.003040,1.456225,0.029665,-0.014164,0.107884,-0.442803,-0.313400,1.432755,0.005812,0.026917,0.063641,0.166956,-0.512592,1.428203,-0.023694,0.009287,0.076267
28.440000,-0.452589,0.318894,1.486349,0.014793,-0.006956,0.103826,0.147335,0.516662,1.435516,0.046928,0.010837,0.114424,0.543921,-0.003328,1.458366,0.029095,-0.014719,0.106153,-0.442689,-0.312852,1.434042,0.005635,0.027907,0.065054,0.166475,-0.512406,1.429751,-0.024458,0.009378,0.078447
28.460000,-0.452279,0.318746,1.488407,0.016171,-0.007870,0.102042,0.148280,0.516871,1.437794,0.047616,0.010084,0.113352,0.544497,-0.003628,1.460472,0.028499,-0.015263,0.104432,-0.442578,-0.312284,1.435357,0.005415,0.028871,0.066455,0.165978,-0.512217,1.431341,-0.025200,0.009440,0.080583
28.480000,-0.451942,0.318579,1.490431,0.017526,-0.008762,0.100292,0.149239,0.517065,1.440050,0.048257,0.009295,0.112228,0.545061,-0.003939,1.462543,0.027877,-0.015798,0.102722,-0.442473,-0.311697,1.436700,0.005151,0.029810,0.067844,0.165467,-0.512028,1.432974,-0.025919,0.009475,0.082675
28.500000,-0.451578,0.318395,1.492419,0.018858,-0.009633,0.098576,0.150210,0.517242,1.442283,0.048851,0.008470,0.111052,0.545612,-0.004260,1.464581,0.027227,-0.016322,0.101022,-0.442373,-0.311092,1.438071,0.004844,0.030723,0.069220,0.164941,-0.511838,1.434648,-0.026616,0.009483,0.084724
28.520000,-0.451188,0.318194,1.494374,0.020161,-0.010482,0.096892,0.151192,0.517403,1.444492,0.049388,0.007619,0.109846,0.546150,-0.004592,1.466584,0.026553,-0.016828,0.099344,-0.442279,-0.310468,1.439469,0.004508,0.031603,0.070575,0.164402,-0.511649,1.436362,-0.027284,0.009475,0.086710
28.540000,-0.450772,0.317976,1.496295,0.021431,-0.011306,0.095235,0.152185,0.517547,1.446677,0.049862,0.006753,0.108631,0.546674,-0.004933,1.468555,0.025854,-0.017305,0.097699,-0.442192,-0.309828,1.440894,0.004157,0.032444,0.071900,0.163850,-0.511459,1.438116,-0.027917,0.009462,0.088611
28.560000,-0.450331,0.317742,1.498183,0.022667,-0.012106,0.093606,0.153187,0.517673,1.448837,0.050272,0.005872,0.107407,0.547184,-0.005284,1.470492,0.025131,-0.017754,0.096088,-0.442113,-0.309171,1.442345,0.003793,0.033246,0.073195,0.163286,-0.511270,1.439906,-0.028516,0.009445,0.090428
28.580000,-0.449866,0.317492,1.500039,0.023870,-0.012882,0.092005,0.154196,0.517782,1.450973,0.050618,0.004977,0.106174,0.547679,-0.005643,1.472398,0.024383,-0.018175,0.094510,-0.442041,-0.308498,1.443821,0.003415,0.034008,0.074460,0.162710,-0.511082,1.441732,-0.029081,0.009423,0.092161
28.600000,-0.449376,0.317227,1.501864,0.025040,-0.013634,0.090431,0.155211,0.517872,1.453084,0.050900,0.004066,0.104932,0.548159,-0.006010,1.474273,0.023612,-0.018568,0.092965,-0.441976,-0.307811,1.445323,0.003024,0.034731,0.075695,0.162123,-0.510894,1.443592,-0.029611,0.009396,0.093810
28.620000,-0.448864,0.316947,1.503657,0.026169,-0.014359,0.088883,0.156231,0.517945,1.455170,0.051117,0.003151,0.103697,0.548624,-0.006385,1.476117,0.022822,-0.018929,0.091465,-0.441920,-0.307109,1.446849,0.002623,0.035408,0.076901,0.161526,-0.510706,1.445484,-0.030105,0.009371,0.095364
28.640000,-0.448330,0.316653,1.505419,0.027250,-0.015055,0.087358,0.157255,0.517998,1.457232,0.051268,0.002243,0.102486,0.549072,-0.006767,1.477932,0.022020,-0.019253,0.090018,-0.441871,-0.306395,1.448399,0.002217,0.036031,0.078080,0.160919,-0.510519,1.447406,-0.030562,0.009354,0.096811
28.660000,-0.447775,0.316345,1.507151,0.028282,-0.015722,0.085857,0.158281,0.518034,1.459270,0.051352,0.001343,0.101298,0.549504,-0.007155,1.479718,0.021207,-0.019542,0.088626,-0.441831,-0.305668,1.449972,0.001807,0.036602,0.079231,0.160303,-0.510332,1.449356,-0.030982,0.009344,0.098151
28.680000,-0.447199,0.316024,1.508854,0.029267,-0.016360,0.084380,0.159309,0.518052,1.461284,0.051371,0.000449,0.100135,0.549920,-0.007549,1.481477,0.020382,-0.019796,0.087288,-0.441799,-0.304931,1.451568,0.001393,0.037120,0.080355,0.159680,-0.510145,1.451331,-0.031364,0.009342,0.099385
28.700000,-0.446604,0.315691,1.510527,0.030205,-0.016969,0.082925,0.160336,0.518052,1.463275,0.051324,-0.000438,0.098995,0.550320,-0.007947,1.483210,0.019545,-0.020013,0.086004,-0.441775,-0.304184,1.453186,0.000975,0.037585,0.081451,0.159049,-0.509958,1.453330,-0.031710,0.009348,0.100512
28.720000,-0.445991,0.315345,1.512171,0.031092,-0.017550,0.081490,0.161361,0.518035,1.465244,0.051217,-0.001305,0.097892,0.550702,-0.008349,1.484918,0.018708,-0.020197,0.084784,-0.441760,-0.303428,1.454826,0.000546,0.038000,0.082517,0.158412,-0.509771,1.455351,-0.032017,0.009364,0.101531
28.740000,-0.445361,0.314989,1.513786,0.031929,-0.018103,0.080071,0.162384,0.518000,1.467191,0.051055,-0.002142,0.096837,0.551068,-0.008755,1.486602,0.017884,-0.020347,0.083636,-0.441754,-0.302664,1.456486,0.000100,0.038371,0.083550,0.157769,-0.509583,1.457391,-0.032285,0.009393,0.102438
28.760000,-0.444714,0.314622,1.515374,0.032714,-0.018628,0.078666,0.163403,0.517949,1.469118,0.050838,-0.002947,0.095831,0.551418,-0.009163,1.488264,0.017072,-0.020466,0.082560,-0.441756,-0.301893,1.458168,-0.000363,0.038695,0.084550,0.157121,-0.509395,1.459448,-0.032513,0.009434,0.103234
28.780000,-0.444053,0.314244,1.516933,0.033449,-0.019126,0.077276,0.164417,0.517883,1.471025,0.050567,-0.003721,0.094874,0.551751,-0.009573,1.489905,0.016272,-0.020552,0.081556,-0.441768,-0.301117,1.459868,-0.000843,0.038975,0.085517,0.156468,-0.509206,1.461519,-0.032702,0.009489,0.103918
28.800000,-0.443377,0.313857,1.518465,0.034132,-0.019596,0.075902,0.165425,0.517801,1.472913,0.050241,-0.004464,0.093965,0.552069,-0.009985,1.491527,0.015484,-0.020605,0.080625,-0.441790,-0.300335,1.461588,-0.001339,0.039209,0.086451,0.155813,-0.509015,1.463604,-0.032851,0.009556,0.104491
28.820000,-0.442688,0.313460,1.519969,0.034767,-0.020040,0.074542,0.166427,0.517704,1.474784,0.049872,-0.005162,0.093115,0.552371,-0.010397,1.493130,0.014727,-0.020633,0.079773,-0.441822,-0.299549,1.463326,-0.001851,0.039398,0.087349,0.155155,-0.508823,1.465698,-0.032960,0.009638,0.104957
28.840000,-0.441986,0.313055,1.521447,0.035356,-0.020460,0.073196,0.167420,0.517595,1.476638,0.049472,-0.005801,0.092333,0.552658,-0.010810,1.494718,0.014019,-0.020641,0.079009,-0.441864,-0.298759,1.465082,-0.002376,0.039543,0.088209,0.154495,-0.508630,1.467801,-0.033027,0.009733,0.105318
28.860000,-0.441274,0.312642,1.522897,0.035899,-0.020856,0.071865,0.168405,0.517473,1.478478,0.049041,-0.006381,0.091618,0.552932,-0.011223,1.496291,0.013361,-0.020630,0.078333,-0.441917,-0.297967,1.466854,-0.002913,0.039643,0.089030,0.153834,-0.508434,1.469910,-0.033053,0.009843,0.105575
28.880000,-0.440551,0.312221,1.524321,0.036395,-0.021228,0.070548,0.169382,0.517340,1.480303,0.048579,-0.006903,0.090972,0.553193,-0.011635,1.497852,0.012751,-0.020599,0.077744,-0.441981,-0.297174,1.468643,-0.003464,0.039699,0.089813,0.153173,-0.508236,1.472024,-0.033038,0.009967,0.105728
28.900000,-0.439818,0.311793,1.525719,0.036846,-0.021576,0.069246,0.170348,0.517197,1.482117,0.048086,-0.007365,0.090393,0.553442,-0.012046,1.499402,0.012190,-0.020550,0.077242,-0.442056,-0.296380,1.470446,-0.004027,0.039711,0.090557,0.152513,-0.508035,1.474139,-0.032981,0.010106,0.105777
28.920000,-0.439077,0.311358,1.527091,0.037256,-0.021902,0.067960,0.171305,0.517045,1.483920,0.047575,-0.007769,0.089877,0.553681,-0.012457,1.500942,0.011682,-0.020487,0.076821,-0.442142,-0.295586,1.472265,-0.004604,0.039684,0.091265,0.151854,-0.507832,1.476254,-0.032882,0.010258,0.105729
28.940000,-0.438328,0.310917,1.528438,0.037629,-0.022208,0.066694,0.172251,0.516887,1.485712,0.047058,-0.008116,0.089420,0.553910,-0.012866,1.502475,0.011233,-0.020419,0.076474,-0.442240,-0.294792,1.474097,-0.005197,0.039626,0.091941,0.151198,-0.507625,1.478367,-0.032741,0.010423,0.105592
28.960000,-0.437572,0.310470,1.529759,0.037967,-0.022496,0.065447,0.173187,0.516721,1.487497,0.046537,-0.008405,0.089020,0.554130,-0.013274,1.504002,0.010840,-0.020344,0.076201,-0.442350,-0.294001,1.475942,-0.005804,0.039534,0.092583,0.150545,-0.507415,1.480477,-0.032556,0.010601,0.105366
28.980000,-0.436810,0.310018,1.531056,0.038268,-0.022763,0.064219,0.174113,0.516551,1.489274,0.046010,-0.008636,0.088679,0.554344,-0.013680,1.505524,0.010506,-0.020263,0.076001,-0.442472,-0.293211,1.477800,-0.006426,0.039411,0.093194,0.149896,-0.507201,1.482581,-0.032329,0.010791,0.105051
29.000000,-0.436042,0.309560,1.532328,0.038534,-0.023012,0.063011,0.175028,0.516376,1.491044,0.045478,-0.008810,0.088395,0.554551,-0.014084,1.507042,0.010229,-0.020175,0.075876,-0.442607,-0.292425,1.479670,-0.007062,0.039255,0.093771,0.149252,-0.506983,1.484679,-0.032058,0.010995,0.104646
29.020000,-0.435269,0.309097,1.533576,0.038761,-0.023237,0.061830,0.175932,0.516199,1.492810,0.044945,-0.008940,0.088152,0.554753,-0.014487,1.508559,0.009996,-0.020082,0.075801,-0.442755,-0.291641,1.481551,-0.007703,0.039068,0.094310,0.148614,-0.506761,1.486767,-0.031745,0.011208,0.104163
29.040000,-0.434492,0.308630,1.534802,0.038946,-0.023437,0.060687,0.176825,0.516019,1.494571,0.044412,-0.009040,0.087930,0.554951,-0.014887,1.510074,0.009792,-0.019985,0.075754,-0.442915,-0.290862,1.483442,-0.008338,0.038853,0.094804,0.147982,-0.506535,1.488845,-0.031389,0.011429,0.103610
29.060000,-0.433711,0.308160,1.536004,0.039089,-0.023610,0.059581,0.177708,0.515837,1.496327,0.043880,-0.009110,0.087729,0.555145,-0.015286,1.511589,0.009617,-0.019882,0.075736,-0.443088,-0.290087,1.485342,-0.008966,0.038609,0.095254,0.147358,-0.506304,1.490911,-0.030989,0.011657,0.102989
29.080000,-0.432928,0.307686,1.537185,0.039191,-0.023758,0.058511,0.178581,0.515655,1.498080,0.043349,-0.009149,0.087550,0.555336,-0.015682,1.513104,0.009471,-0.019774,0.075745,-0.443274,-0.289318,1.487252,-0.009589,0.038336,0.095660,0.146743,-0.506068,1.492964,-0.030546,0.011893,0.102299
29.100000,-0.432144,0.307210,1.538345,0.039251,-0.023879,0.057479,0.179442,0.515471,1.499829,0.042819,-0.009159,0.087392,0.555524,-0.016077,1.514619,0.009355,-0.019661,0.075783,-0.443472,-0.288554,1.489168,-0.010205,0.038034,0.096022,0.146137,-0.505828,1.495002,-0.030060,0.012136,0.101541
29.120000,-0.431359,0.306731,1.539484,0.039269,-0.023973,0.056491,0.180293,0.515288,1.501576,0.042297,-0.009149,0.087239,0.555710,-0.016469,1.516135,0.009260,-0.019546,0.075828,-0.443682,-0.287797,1.491092,-0.010809,0.037715,0.096331,0.145541,-0.505583,1.497025,-0.029532,0.012380,0.100725
29.140000,-0.430573,0.306251,1.540605,0.039243,-0.024037,0.055556,0.181134,0.515106,1.503319,0.041787,-0.009130,0.087075,0.555895,-0.016859,1.517652,0.009178,-0.019433,0.075862,-0.443904,-0.287046,1.493021,-0.011397,0.037387,0.096579,0.144956,-0.505333,1.499031,-0.028962,0.012619,0.099864
29.160000,-0.429789,0.305770,1.541707,0.039174,-0.024070,0.054673,0.181965,0.514923,1.505058,0.041290,-0.009102,0.086899,0.556077,-0.017246,1.519170,0.009109,-0.019322,0.075885,-0.444138,-0.286301,1.494955,-0.011967,0.037052,0.096766,0.144383,-0.505078,1.501019,-0.028350,0.012854,0.098957
29.180000,-0.429007,0.305288,1.542792,0.039062,-0.024075,0.053843,0.182786,0.514741,1.506795,0.040807,-0.009065,0.086712,0.556259,-0.017632,1.520688,0.009053,-0.019213,0.075896,-0.444383,-0.285564,1.496892,-0.012520,0.036709,0.096893,0.143822,-0.504819,1.502989,-0.027697,0.013084,0.098005
29.200000,-0.428227,0.304807,1.543861,0.038907,-0.024049,0.053066,0.183597,0.514561,1.508527,0.040337,-0.009019,0.086513,0.556440,-0.018015,1.522206,0.009010,-0.019105,0.075895,-0.444638,-0.284833,1.498830,-0.013056,0.036358,0.096958,0.143275,-0.504555,1.504939,-0.027003,0.013309,0.097008
29.220000,-0.427451,0.304327,1.544915,0.038717,-0.023998,0.052334,0.184400,0.514381,1.510255,0.039887,-0.008970,0.086291,0.556619,-0.018396,1.523723,0.008978,-0.019004,0.075868,-0.444905,-0.284109,1.500769,-0.013576,0.036009,0.096956,0.142742,-0.504286,1.506869,-0.026273,0.013526,0.095974
29.240000,-0.426678,0.303847,1.545955,0.038500,-0.023927,0.051640,0.185193,0.514202,1.511978,0.039465,-0.008923,0.086031,0.556799,-0.018775,1.525240,0.008955,-0.018914,0.075801,-0.445181,-0.283392,1.502708,-0.014082,0.035673,0.096880,0.142224,-0.504014,1.508778,-0.025516,0.013731,0.094913
29.260000,-0.425911,0.303370,1.546981,0.038258,-0.023834,0.050983,0.185978,0.514024,1.513696,0.039071,-0.008878,0.085734,0.556978,-0.019152,1.526755,0.008941,-0.018835,0.075693,-0.445468,-0.282682,1.504644,-0.014574,0.035350,0.096729,0.141722,-0.503737,1.510665,-0.024729,0.013925,0.093824
29.280000,-0.425148,0.302894,1.547994,0.037988,-0.023721,0.050364,0.186756,0.513847,1.515407,0.038704,-0.008835,0.085401,0.557156,-0.019528,1.528267,0.008937,-0.018767,0.075544,-0.445764,-0.281978,1.506577,-0.015052,0.035038,0.096505,0.141235,-0.503457,1.512531,-0.023915,0.014107,0.092708
29.300000,-0.424391,0.302421,1.548996,0.037693,-0.023587,0.049783,0.187527,0.513670,1.517112,0.038364,-0.008795,0.085030,0.557335,-0.019903,1.529776,0.008941,-0.018710,0.075355,-0.446070,-0.281281,1.508504,-0.015516,0.034740,0.096206,0.140765,-0.503173,1.514373,-0.023072,0.014277,0.091564
29.320000,-0.423641,0.301951,1.549986,0.037383,-0.023440,0.049227,0.188291,0.513495,1.518808,0.038059,-0.008760,0.084614,0.557514,-0.020277,1.531281,0.008956,-0.018669,0.075117,-0.446385,-0.280589,1.510424,-0.015971,0.034468,0.095829,0.140313,-0.502886,1.516193,-0.022214,0.014435,0.090397
29.340000,-0.422896,0.301483,1.550965,0.037070,-0.023288,0.048682,0.189049,0.513320,1.520496,0.037796,-0.008731,0.084143,0.557694,-0.020650,1.532781,0.008984,-0.018648,0.074819,-0.446709,-0.279902,1.512336,-0.016421,0.034240,0.095369,0.139877,-0.502596,1.517989,-0.021356,0.014578,0.089214
29.360000,-0.422158,0.301019,1.551933,0.036755,-0.023132,0.048149,0.189803,0.513146,1.522174,0.037575,-0.008709,0.083618,0.557874,-0.021023,1.534274,0.009024,-0.018648,0.074462,-0.447042,-0.279219,1.514239,-0.016866,0.034054,0.094826,0.139458,-0.502303,1.519762,-0.020497,0.014707,0.088014
29.380000,-0.421426,0.300558,1.552891,0.036438,-0.022970,0.047627,0.190553,0.512972,1.523840,0.037395,-0.008694,0.083038,0.558055,-0.021396,1.535759,0.009077,-0.018669,0.074046,-0.447383,-0.278539,1.516129,-0.017306,0.033912,0.094200,0.139057,-0.502007,1.521510,-0.019637,0.014823,0.086797
29.400000,-0.420700,0.300100,1.553838,0.036118,-0.022803,0.047117,0.191299,0.512798,1.525495,0.037257,-0.008686,0.082403,0.558237,-0.021770,1.537235,0.009143,-0.018710,0.073571,-0.447734,-0.277862,1.518006,-0.017741,0.033812,0.093491,0.138673,-0.501710,1.523233,-0.018777,0.014924,0.085563
29.420000,-0.419981,0.299646,1.554776,0.035805,-0.022638,0.046608,0.192043,0.512624,1.527136,0.037166,-0.008684,0.081709,0.558420,-0.022145,1.538701,0.009225,-0.018776,0.073033,-0.448093,-0.277186,1.519868,-0.018177,0.033764,0.092699,0.138306,-0.501411,1.524932,-0.017935,0.015010,0.084316
29.440000,-0.419268,0.299195,1.555703,0.035508,-0.022482,0.046089,0.192786,0.512450,1.528763,0.037130,-0.008689,0.080950,0.558606,-0.022521,1.540156,0.009327,-0.018872,0.072426,-0.448461,-0.276511,1.521713,-0.018620,0.033778,0.091822,0.137955,-0.501110,1.526606,-0.017131,0.015083,0.083059
29.460000,-0.418561,0.298747,1.556619,0.035228,-0.022334,0.045561,0.193529,0.512276,1.530374,0.037148,-0.008700,0.080127,0.558794,-0.022900,1.541598,0.009450,-0.018996,0.071750,-0.448838,-0.275835,1.523540,-0.019070,0.033853,0.090862,0.137620,-0.500807,1.528254,-0.016364,0.015142,0.081793
29.480000,-0.417859,0.298301,1.557525,0.034963,-0.022195,0.045023,0.194272,0.512102,1.531967,0.037219,-0.008718,0.079239,0.558984,-0.023281,1.543026,0.009592,-0.019149,0.071006,-0.449224,-0.275156,1.525347,-0.019526,0.033990,0.089817,0.137300,-0.500504,1.529878,-0.015635,0.015187,0.080517
29.500000,-0.417162,0.297859,1.558420,0.034715,-0.022065,0.044476,0.195018,0.511928,1.533543,0.037345,-0.008743,0.078286,0.559177,-0.023666,1.544438,0.009755,-0.019332,0.070194,-0.449619,-0.274475,1.527132,-0.019989,0.034188,0.088688,0.136995,-0.500200,1.531475,-0.014944,0.015217,0.079231
29.520000,-0.416470,0.297419,1.559304,0.034492,-0.021951,0.043910,0.195766,0.511753,1.535098,0.037529,-0.008773,0.077266,0.559374,-0.024055,1.545833,0.009943,-0.019546,0.069311,-0.450023,-0.273788,1.528894,-0.020464,0.034453,0.087477,0.136702,-0.499895,1.533047,-0.014313,0.015235,0.077939
29.540000,-0.415782,0.296981,1.560176,0.034303,-0.021859,0.043316,0.196519,0.511577,1.536633,0.037777,-0.008807,0.076177,0.559575,-0.024448,1.547210,0.010159,-0.019797,0.068357,-0.450438,-0.273096,1.530631,-0.020956,0.034789,0.086184,0.136422,-0.499591,1.534593,-0.013764,0.015240,0.076645
29.560000,-0.415098,0.296544,1.561036,0.034147,-0.021790,0.042695,0.197278,0.511400,1.538145,0.038087,-0.008846,0.075019,0.559781,-0.024847,1.548567,0.010404,-0.020083,0.067332,-0.450862,-0.272396,1.532341,-0.021466,0.035197,0.084811,0.136151,-0.499286,1.536113,-0.013298,0.015233,0.075348
29.580000,-0.414416,0.296109,1.561884,0.034025,-0.021744,0.042045,0.198043,0.511223,1.539633,0.038461,-0.008888,0.073791,0.559992,-0.025252,1.549902,0.010677,-0.020405,0.066234,-0.451296,-0.271688,1.534023,-0.021993,0.035676,0.083358,0.135889,-0.498981,1.537606,-0.012915,0.015213,0.074048
29.600000,-0.413736,0.295674,1.562718,0.033937,-0.021721,0.041367,0.198817,0.511045,1.541096,0.038899,-0.008935,0.072495,0.560208,-0.025663,1.551216,0.010979,-0.020763,0.065066,-0.451742,-0.270969,1.535675,-0.022538,0.036226,0.081823,0.135634,-0.498678,1.539074,-0.012615,0.015181,0.072746
29.620000,-0.413058,0.295240,1.563538,0.033891,-0.021729,0.040653,0.199600,0.510865,1.542532,0.039402,-0.008985,0.071129,0.560431,-0.026082,1.552505,0.011313,-0.021158,0.063826,-0.452198,-0.270238,1.537295,-0.023105,0.036850,0.080211,0.135384,-0.498374,1.540516,-0.012423,0.015138,0.071445
29.640000,-0.412380,0.294805,1.564344,0.033899,-0.021776,0.039895,0.200393,0.510685,1.543941,0.039974,-0.009035,0.069696,0.560661,-0.026510,1.553768,0.011682,-0.021593,0.062518,-0.452666,-0.269494,1.538883,-0.023699,0.037548,0.078527,0.135136,-0.498072,1.541932,-0.012363,0.015086,0.070149
29.660000,-0.411702,0.294369,1.565134,0.033959,-0.021861,0.039091,0.201199,0.510504,1.545320,0.040614,-0.009087,0.068194,0.560899,-0.026946,1.555005,0.012086,-0.022067,0.061141,-0.453146,-0.268736,1.540436,-0.024319,0.038321,0.076768,0.134888,-0.497771,1.543322,-0.012435,0.015023,0.068857
29.680000,-0.411022,0.293930,1.565907,0.034071,-0.021985,0.038242,0.202018,0.510322,1.546668,0.041323,-0.009140,0.066624,0.561145,-0.027393,1.556213,0.012526,-0.022582,0.059694,-0.453639,-0.267961,1.541953,-0.024965,0.039168,0.074937,0.134638,-0.497471,1.544687,-0.012640,0.014952,0.067570
29.700000,-0.410339,0.293489,1.566663,0.034237,-0.022149,0.037349,0.202852,0.510138,1.547984,0.042100,-0.009194,0.064986,0.561400,-0.027850,1.557392,0.013001,-0.023136,0.058178,-0.454145,-0.267169,1.543433,-0.025637,0.040089,0.073032,0.134382,-0.497173,1.546025,-0.012977,0.014870,0.066287
29.720000,-0.409652,0.293044,1.567401,0.034450,-0.022347,0.036406,0.203703,0.509954,1.549267,0.042946,-0.009247,0.063282,0.561665,-0.028318,1.558540,0.013513,-0.023730,0.056597,-0.454665,-0.266357,1.544874,-0.026338,0.041084,0.071059,0.134118,-0.496876,1.547338,-0.013462,0.014781,0.065003
29.740000,-0.408961,0.292595,1.568119,0.034706,-0.022578,0.035409,0.204571,0.509769,1.550515,0.043860,-0.009300,0.061516,0.561941,-0.028799,1.559656,0.014063,-0.024364,0.054954,-0.455199,-0.265525,1.546275,-0.027071,0.042150,0.069023,0.133842,-0.496582,1.548625,-0.014109,0.014686,0.063713
29.760000,-0.408263,0.292141,1.568817,0.035006,-0.022841,0.034358,0.205458,0.509582,1.551727,0.044843,-0.009350,0.059688,0.562228,-0.029293,1.560738,0.014652,-0.025038,0.053249,-0.455748,-0.264670,1.547634,-0.027834,0.043288,0.066925,0.133552,-0.496289,1.549887,-0.014918,0.014585,0.062417
29.780000,-0.407560,0.291681,1.569493,0.035349,-0.023137,0.033252,0.206365,0.509395,1.552902,0.045894,-0.009400,0.057798,0.562527,-0.029801,1.561785,0.015279,-0.025753,0.051482,-0.456312,-0.263793,1.548951,-0.028629,0.044497,0.064765,0.133244,-0.495998,1.551122,-0.015889,0.014479,0.061114
29.800000,-0.406849,0.291215,1.570146,0.035736,-0.023464,0.032093,0.207294,0.509206,1.554039,0.047014,-0.009448,0.055845,0.562839,-0.030324,1.562797,0.015945,-0.026508,0.049653,-0.456893,-0.262890,1.550225,-0.029455,0.045778,0.062542,0.132916,-0.495710,1.552331,-0.017022,0.014366,0.059805
29.820000,-0.406130,0.290742,1.570776,0.036162,-0.023821,0.030879,0.208246,0.509017,1.555136,0.048198,-0.009494,0.053835,0.563165,-0.030862,1.563771,0.016647,-0.027301,0.047767,-0.457491,-0.261961,1.551453,-0.030313,0.047126,0.060263,0.132563,-0.495424,1.553514,-0.018320,0.014250,0.058479
29.840000,-0.405402,0.290262,1.571381,0.036626,-0.024206,0.029611,0.209222,0.508826,1.556192,0.049444,-0.009537,0.051773,0.563505,-0.031416,1.564707,0.017386,-0.028131,0.045830,-0.458106,-0.261005,1.552635,-0.031201,0.048536,0.057936,0.132182,-0.495140,1.554670,-0.019786,0.014132,0.057124
29.860000,-0.404665,0.289774,1.571960,0.037126,-0.024619,0.028290,0.210224,0.508635,1.557206,0.050752,-0.009578,0.049660,0.563861,-0.031987,1.565604,0.018161,-0.028997,0.043843,-0.458739,-0.260019,1.553770,-0.032119,0.050009,0.055560,0.131770,-0.494858,1.555799,-0.021420,0.014013,0.055739
29.880000,-0.403917,0.289277,1.572512,0.037664,-0.025060,0.026914,0.211253,0.508443,1.558178,0.052121,-0.009617,0.047494,0.564232,-0.032576,1.566460,0.018972,-0.029900,0.041804,-0.459391,-0.259004,1.554857,-0.033069,0.051544,0.053135,0.131324,-0.494579,1.556899,-0.023222,0.013892,0.054326
29.900000,-0.403158,0.288771,1.573037,0.038239,-0.025528,0.025485,0.212309,0.508251,1.559106,0.053552,-0.009653,0.045277,0.564620,-0.033183,1.567276,0.019819,-0.030839,0.039715,-0.460062,-0.257957,1.555895,-0.034049,0.053141,0.050662,0.130840,-0.494303,1.557972,-0.025192,0.013770,0.052885
29.920000,-0.402387,0.288256,1.573532,0.038847,-0.026021,0.024005,0.213395,0.508057,1.559989,0.055037,-0.009687,0.043014,0.565025,-0.033810,1.568049,0.020697,-0.031810,0.037581,-0.460753,-0.256878,1.556883,-0.035056,0.054794,0.048147,0.130315,-0.494029,1.559015,-0.027319,0.013649,0.051401
29.940000,-0.401604,0.287730,1.573996,0.039486,-0.026537,0.022477,0.214511,0.507863,1.560826,0.056569,-0.009719,0.040713,0.565448,-0.034456,1.568779,0.021602,-0.032809,0.035410,-0.461464,-0.255765,1.557821,-0.036087,0.056493,0.045600,0.129746,-0.493757,1.560027,-0.029591,0.013533,0.049861
29.960000,-0.400808,0.287194,1.574430,0.040156,-0.027076,0.020901,0.215658,0.507668,1.561617,0.058149,-0.009751,0.038374,0.565889,-0.035122,1.569465,0.022535,-0.033837,0.033201,-0.462197,-0.254618,1.558707,-0.037142,0.058240,0.043020,0.129130,-0.493487,1.561009,-0.032009,0.013420,0.048266
29.980000,-0.399998,0.286647,1.574832,0.040856,-0.027638,0.019278,0.216837,0.507473,1.562361,0.059775,-0.009781,0.035997,0.566349,-0.035810,1.570106,0.023494,-0.034892,0.030954,-0.462950,-0.253435,1.559541,-0.038220,0.060035,0.040408,0.128465,-0.493220,1.561958,-0.034572,0.013311,0.046616
30.000000,-0.399173,0.286088,1.575201,0.041587,-0.028223,0.017607,0.218050,0.507277,1.563057,0.061448,-0.009809,0.033582,0.566829,-0.036518,1.570703,0.024481,-0.035976,0.028670,-0.463726,-0.252216,1.560323,-0.039322,0.061877,0.037762,0.127747,-0.492955,1.562873,-0.037280,0.013207,0.044909
30.020000,-0.398334,0.285518,1.575536,0.042344,-0.028827,0.015893,0.219296,0.507081,1.563704,0.063158,-0.009839,0.031135,0.567329,-0.037249,1.571253,0.025487,-0.037081,0.026356,-0.464523,-0.250960,1.561051,-0.040441,0.063756,0.035091,0.126973,-0.492692,1.563754,-0.040125,0.013107,0.043148
30.040000,-0.397479,0.284935,1.575837,0.043125,-0.029448,0.014139,0.220576,0.506884,1.564302,0.064894,-0.009870,0.028666,0.567849,-0.038002,1.571757,0.026504,-0.038202,0.024018,-0.465343,-0.249666,1.561726,-0.041570,0.065662,0.032404,0.126141,-0.492430,1.564598,-0.043098,0.013012,0.041333
30.060000,-0.396609,0.284340,1.576101,0.043928,-0.030086,0.012348,0.221892,0.506686,1.564850,0.066655,-0.009904,0.026173,0.568389,-0.038777,1.572214,0.027533,-0.039338,0.021656,-0.466186,-0.248333,1.562348,-0.042709,0.067596,0.029701,0.125248,-0.492171,1.565406,-0.046200,0.012923,0.039464
30.080000,-0.395722,0.283732,1.576330,0.044755,-0.030741,0.010517,0.223242,0.506487,1.565349,0.068443,-0.009940,0.023658,0.568950,-0.039575,1.572623,0.028574,-0.040490,0.019271,-0.467052,-0.246962,1.562914,-0.043858,0.069558,0.026981,0.124292,-0.491914,1.566177,-0.049429,0.012839,0.037540
30.100000,-0.394819,0.283110,1.576522,0.045605,-0.031413,0.008648,0.224629,0.506288,1.565797,0.070256,-0.009978,0.021119,0.569532,-0.040397,1.572984,0.029626,-0.041657,0.016863,-0.467940,-0.245551,1.563427,-0.045017,0.071546,0.024244,0.123270,-0.491658,1.566908,-0.052788,0.012760,0.035563
30.120000,-0.393898,0.282475,1.576676,0.046474,-0.032098,0.006744,0.226053,0.506088,1.566193,0.072083,-0.010022,0.018563,0.570135,-0.041242,1.573297,0.030680,-0.042832,0.014436,-0.468852,-0.244100,1.563884,-0.046178,0.073552,0.021497,0.122180,-0.491403,1.567599,-0.056249,0.012689,0.033530
30.140000,-0.392959,0.281826,1.576791,0.047359,-0.032794,0.004811,0.227513,0.505887,1.566539,0.073911,-0.010074,0.015997,0.570759,-0.042110,1.573562,0.031727,-0.044009,0.011998,-0.469787,-0.242609,1.564286,-0.047332,0.075564,0.018748,0.121020,-0.491150,1.568249,-0.059787,0.012628,0.031439
30.160000,-0.392003,0.281163,1.576868,0.048259,-0.033501,0.002848,0.229009,0.505685,1.566833,0.075740,-0.010134,0.013421,0.571404,-0.043002,1.573777,0.032765,-0.045186,0.009548,-0.470746,-0.241077,1.564634,-0.048478,0.077581,0.015995,0.119788,-0.490898,1.568856,-0.063404,0.012577,0.029290
30.180000,-0.391029,0.280486,1.576905,0.049174,-0.034217,0.000855,0.230542,0.505482,1.567076,0.077571,-0.010202,0.010835,0.572070,-0.043917,1.573943,0.033796,-0.046364,0.007085,-0.471727,-0.239505,1.564926,-0.049618,0.079605,0.013240,0.118483,-0.490647,1.569420,-0.067098,0.012536,0.027084
30.200000,-0.390036,0.279794,1.576902,0.050105,-0.034944,-0.001169,0.232112,0.505277,1.567267,0.079403,-0.010279,0.008239,0.572756,-0.044857,1.574060,0.034819,-0.047544,0.004611,-0.472730,-0.237893,1.565163,-0.050750,0.081635,0.010481,0.117103,-0.490396,1.569939,-0.070870,0.012504,0.024820
30.220000,-0.389025,0.279088,1.576858,0.051048,-0.035679,-0.003219,0.233718,0.505071,1.567405,0.081227,-0.010367,0.005636,0.573462,-0.045819,1.574128,0.035825,-0.048718,0.002127,-0.473756,-0.236240,1.565346,-0.051867,0.083663,0.007724,0.115648,-0.490147,1.570412,-0.074699,0.012484,0.022501
30.240000,-0.387994,0.278367,1.576773,0.052002,-0.036420,-0.005294,0.235361,0.504862,1.567492,0.083031,-0.010469,0.003031,0.574189,-0.046805,1.574145,0.036805,-0.049882,-0.000363,-0.474805,-0.234546,1.565472,-0.052962,0.085681,0.004971,0.114115,-0.489897,1.570839,-0.078565,0.012477,0.020131
30.260000,-0.386945,0.277631,1.576646,0.052966,-0.037167,-0.007394,0.237040,0.504652,1.567526,0.084817,-0.010586,0.000423,0.574934,-0.047814,1.574113,0.037760,-0.051035,-0.002859,-0.475875,-0.232813,1.565544,-0.054034,0.087689,0.002222,0.112505,-0.489647,1.571217,-0.082468,0.012483,0.017709
30.280000,-0.385876,0.276881,1.576477,0.053940,-0.037919,-0.009519,0.238754,0.504439,1.567509,0.086583,-0.010718,-0.002188,0.575699,-0.048846,1.574031,0.038690,-0.052177,-0.005361,-0.476966,-0.231039,1.565561,-0.055084,0.089687,-0.000522,0.110816,-0.489398,1.571547,-0.086407,0.012502,0.015236
30.300000,-0.384787,0.276115,1.576265,0.054924,-0.038677,-0.011668,0.240503,0.504223,1.567439,0.088331,-0.010865,-0.004802,0.576482,-0.049901,1.573899,0.039594,-0.053308,-0.007869,-0.478078,-0.229225,1.565524,-0.056111,0.091675,-0.003262,0.109048,-0.489147,1.571826,-0.090382,0.012533,0.012712
30.320000,-0.383679,0.275333,1.576010,0.055917,-0.039441,-0.013843,0.242287,0.504004,1.567317,0.090055,-0.011029,-0.007419,0.577283,-0.050979,1.573716,0.040468,-0.054426,-0.010384,-0.479210,-0.227372,1.565431,-0.057112,0.093650,-0.005998,0.107201,-0.488896,1.572055,-0.094380,0.012578,0.010139
30.340000,-0.382550,0.274537,1.575712,0.056921,-0.040209,-0.016043,0.244105,0.503782,1.567142,0.091754,-0.011212,-0.010039,0.578100,-0.052078,1.573483,0.041308,-0.055530,-0.012907,-0.480362,-0.225479,1.565284,-0.058084,0.095612,-0.008731,0.105273,-0.488644,1.572231,-0.098386,0.012638,0.007523
30.360000,-0.381402,0.273725,1.575368,0.057933,-0.040982,-0.018268,0.245957,0.503555,1.566915,0.093426,-0.011414,-0.012663,0.578935,-0.053200,1.573200,0.042115,-0.056619,-0.015437,-0.481533,-0.223548,1.565082,-0.059027,0.097559,-0.011460,0.103265,-0.488390,1.572355,-0.102401,0.012713,0.004863
30.380000,-0.380233,0.272898,1.574981,0.058956,-0.041761,-0.020518,0.247842,0.503325,1.566636,0.095072,-0.011636,-0.015290,0.579785,-0.054343,1.572866,0.042887,-0.057693,-0.017975,-0.482723,-0.221577,1.564825,-0.059941,0.099492,-0.014187,0.101177,-0.488135,1.572426,-0.106423,0.012803,0.002159
30.400000,-0.379043,0.272055,1.574548,0.059988,-0.042544,-0.022793,0.249759,0.503090,1.566304,0.096691,-0.011877,-0.017921,0.580650,-0.055507,1.572481,0.043626,-0.058752,-0.020521,-0.483931,-0.219568,1.564514,-0.060827,0.101411,-0.016910,0.099008,-0.487878,1.572441,-0.110454,0.012907,-0.000589
30.420000,-0.377833,0.271196,1.574069,0.061030,-0.043332,-0.025095,0.251709,0.502850,1.565919,0.098285,-0.012139,-0.020557,0.581529,-0.056693,1.572045,0.044329,-0.059797,-0.023076,-0.485156,-0.217521,1.564149,-0.061683,0.103317,-0.019632,0.096759,-0.487619,1.572402,-0.114483,0.013027,-0.003377
30.440000,-0.376602,0.270321,1.573544,0.062084,-0.044127,-0.027424,0.253691,0.502604,1.565481,0.099853,-0.012422,-0.023200,0.582423,-0.057899,1.571558,0.044998,-0.060828,-0.025643,-0.486398,-0.215435,1.563729,-0.062511,0.105212,-0.022355,0.094429,-0.487357,1.572306,-0.118502,0.013162,-0.006201
30.460000,-0.375350,0.269431,1.572972,0.063149,-0.044928,-0.029780,0.255703,0.502353,1.564991,0.101395,-0.012727,-0.025851,0.583329,-0.059126,1.571019,0.045631,-0.061845,-0.028222,-0.487656,-0.213312,1.563255,-0.063309,0.107095,-0.025081,0.092019,-0.487092,1.572154,-0.122511,0.013314,-0.009062
30.480000,-0.374076,0.268524,1.572352,0.064225,-0.045735,-0.032163,0.257746,0.502095,1.564447,0.102912,-0.013054,-0.028509,0.584248,-0.060373,1.570429,0.046229,-0.062848,-0.030812,-0.488930,-0.211152,1.562726,-0.064079,0.108967,-0.027807,0.089529,-0.486824,1.571943,-0.126509,0.013481,-0.011959
30.500000,-0.372781,0.267601,1.571685,0.065313,-0.046548,-0.034574,0.259819,0.501830,1.563850,0.104403,-0.013403,-0.031175,0.585178,-0.061640,1.569786,0.046791,-0.063838,-0.033415,-0.490219,-0.208954,1.562142,-0.064820,0.110827,-0.030536,0.086958,-0.486553,1.571675,-0.130496,0.013665,-0.014892
30.520000,-0.371463,0.266662,1.570969,0.066412,-0.047368,-0.037012,0.261922,0.501559,1.563200,0.105871,-0.013773,-0.033849,0.586119,-0.062926,1.569092,0.047319,-0.064815,-0.036030,-0.491523,-0.206719,1.561504,-0.065534,0.112678,-0.033268,0.084309,-0.486278,1.571348,-0.134467,0.013864,-0.017858
30.540000,-0.370124,0.265706,1.570204,0.067524,-0.048194,-0.039478,0.264054,0.501279,1.562496,0.107319,-0.014164,-0.036534,0.587071,-0.064232,1.568345,0.047816,-0.065781,-0.038659,-0.492840,-0.204447,1.560812,-0.066223,0.114523,-0.036005,0.081580,-0.485998,1.570960,-0.138416,0.014081,-0.020853
30.560000,-0.368762,0.264734,1.569390,0.068649,-0.049028,-0.041971,0.266215,0.500992,1.561739,0.108746,-0.014577,-0.039229,0.588032,-0.065557,1.567546,0.048280,-0.066737,-0.041303,-0.494172,-0.202138,1.560064,-0.066888,0.116361,-0.038748,0.078772,-0.485714,1.570513,-0.142343,0.014314,-0.023878
30.580000,-0.367378,0.263745,1.568525,0.069786,-0.049870,-0.044492,0.268404,0.500696,1.560927,0.110152,-0.015011,-0.041935,0.589002,-0.066902,1.566693,0.048713,-0.067682,-0.043962,-0.495516,-0.199792,1.559262,-0.067527,0.118193,-0.041497,0.075886,-0.485426,1.570005,-0.146247,0.014563,-0.026933
30.600000,-0.365971,0.262739,1.567610,0.070936,-0.050718,-0.047040,0.270621,0.500391,1.560061,0.111539,-0.015466,-0.044651,0.589980,-0.068265,1.565787,0.049113,-0.068616,-0.046635,-0.496872,-0.197410,1.558404,-0.068142,0.120019,-0.044251,0.072923,-0.485132,1.569436,-0.150129,0.014830,-0.030017
30.620000,-0.364541,0.261716,1.566643,0.072098,-0.051574,-0.049613,0.272865,0.500077,1.559141,0.112908,-0.015941,-0.047376,0.590966,-0.069646,1.564827,0.049485,-0.069542,-0.049321,-0.498241,-0.194992,1.557491,-0.068736,0.121840,-0.047011,0.069881,-0.484832,1.568804,-0.153986,0.015113,-0.033128
30.640000,-0.363087,0.260676,1.565625,0.073272,-0.052437,-0.052209,0.275137,0.499754,1.558166,0.114263,-0.016433,-0.050110,0.591959,-0.071046,1.563814,0.049832,-0.070460,-0.052019,-0.499622,-0.192537,1.556524,-0.069311,0.123659,-0.049776,0.066763,-0.484527,1.568110,-0.157813,0.015414,-0.036265
30.660000,-0.361610,0.259619,1.564555,0.074458,-0.053306,-0.054827,0.277436,0.499420,1.557136,0.115603,-0.016944,-0.052853,0.592959,-0.072465,1.562747,0.050155,-0.071371,-0.054729,-0.501014,-0.190045,1.555500,-0.069868,0.125475,-0.052546,0.063569,-0.484216,1.567354,-0.161611,0.015732,-0.039425
30.680000,-0.360108,0.258544,1.563432,0.075656,-0.054183,-0.057467,0.279761,0.499076,1.556052,0.116930,-0.017472,-0.055604,0.593965,-0.073901,1.561625,0.050452,-0.072275,-0.057451,-0.502416,-0.187518,1.554422,-0.070407,0.127289,-0.055320,0.060299,-0.483898,1.566533,-0.165380,0.016067,-0.042611
30.700000,-0.358583,0.257452,1.562256,0.076866,-0.055067,-0.060130,0.282113,0.498721,1.554912,0.118243,-0.018019,-0.058364,0.594977,-0.075356,1.560449,0.050724,-0.073173,-0.060186,-0.503830,-0.184954,1.553288,-0.070928,0.129100,-0.058100,0.056954,-0.483573,1.565649,-0.169120,0.016420,-0.045821
30.720000,-0.357034,0.256341,1.561027,0.078085,-0.055956,-0.062809,0.284491,0.498355,1.553717,0.119544,-0.018579,-0.061128,0.595994,-0.076828,1.559217,0.050976,-0.074064,-0.062926,-0.505253,-0.182354,1.552098,-0.071434,0.130909,-0.060881,0.053534,-0.483241,1.564700,-0.172829,0.016791,-0.049055
30.740000,-0.355460,0.255213,1.559744,0.079312,-0.056849,-0.065497,0.286894,0.497978,1.552467,0.120837,-0.019150,-0.063891,0.597016,-0.078318,1.557931,0.051214,-0.074951,-0.065669,-0.506687,-0.179717,1.550852,-0.071930,0.132716,-0.063658,0.050041,-0.482901,1.563687,-0.176506,0.017180,-0.052311
30.760000,-0.353861,0.254067,1.558407,0.080545,-0.057747,-0.068194,0.289324,0.497589,1.551162,0.122122,-0.019732,-0.066652,0.598042,-0.079826,1.556591,0.051436,-0.075833,-0.068412,-0.508131,-0.177045,1.549551,-0.072416,0.134520,-0.066431,0.046474,-0.482554,1.562608,-0.180150,0.017587,-0.055589
30.780000,-0.352238,0.252903,1.557016,0.081786,-0.058649,-0.070900,0.291779,0.497188,1.549801,0.123398,-0.020324,-0.069413,0.599073,-0.081351,1.555195,0.051643,-0.076711,-0.071157,-0.509584,-0.174337,1.548195,-0.072892,0.136321,-0.069200,0.042835,-0.482198,1.561463,-0.183762,0.018013,-0.058890
30.800000,-0.350590,0.251721,1.555571,0.083034,-0.059554,-0.073615,0.294260,0.496776,1.548385,0.124665,-0.020927,-0.072172,0.600108,-0.082894,1.553744,0.051835,-0.077584,-0.073903,-0.511046,-0.171592,1.546783,-0.073358,0.138121,-0.071966,0.039124,-0.481833,1.560252,-0.187341,0.018457,-0.062213
30.820000,-0.348916,0.250521,1.554071,0.084288,-0.060463,-0.076334,0.296766,0.496351,1.546914,0.125925,-0.021538,-0.074927,0.601147,-0.084455,1.552239,0.052015,-0.078453,-0.076646,-0.512518,-0.168812,1.545317,-0.073816,0.139916,-0.074726,0.035342,-0.481459,1.558974,-0.190887,0.018920,-0.065559
30.840000,-0.347218,0.249303,1.552517,0.085543,-0.061373,-0.079054,0.299297,0.495914,1.545388,0.127178,-0.022154,-0.077675,0.602189,-0.086032,1.550679,0.052186,-0.079318,-0.079384,-0.513999,-0.165995,1.543795,-0.074267,0.141708,-0.077476,0.031489,-0.481076,1.557629,-0.194401,0.019403,-0.068927
30.860000,-0.345495,0.248066,1.550909,0.086802,-0.062283,-0.081772,0.301853,0.495465,1.543807,0.128425,-0.022776,-0.080414,0.603234,-0.087627,1.549064,0.052348,-0.080179,-0.082115,-0.515489,-0.163143,1.542218,-0.074713,0.143494,-0.080217,0.027566,-0.480683,1.556217,-0.197880,0.019906,-0.072318
30.880000,-0.343746,0.246812,1.549246,0.088062,-0.063195,-0.084491,0.304434,0.495003,1.542172,0.129664,-0.023402,-0.083146,0.604282,-0.089240,1.547394,0.052501,-0.081036,-0.084841,-0.516987,-0.160256,1.540586,-0.075153,0.145276,-0.082949,0.023574,-0.480280,1.554737,-0.201327,0.020429,-0.075732
30.900000,-0.341972,0.245539,1.547529,0.089326,-0.064108,-0.087208,0.307039,0.494529,1.540481,0.130897,-0.024034,-0.085871,0.605334,-0.090869,1.545670,0.052644,-0.081889,-0.087560,-0.518495,-0.157332,1.538900,-0.075586,0.147054,-0.085671,0.019513,-0.479866,1.553188,-0.204740,0.020971,-0.079169
30.920000,-0.340173,0.244247,1.545758,0.090589,-0.065020,-0.089922,0.309670,0.494042,1.538737,0.132123,-0.024670,-0.088585,0.606388,-0.092515,1.543892,0.052781,-0.082737,-0.090271,-0.520011,-0.154374,1.537159,-0.076015,0.148825,-0.088383,0.015385,-0.479441,1.551570,-0.208118,0.021532,-0.082624
30.940000,-0.338349,0.242938,1.543933,0.091851,-0.065931,-0.092629,0.312324,0.493542,1.536938,0.133341,-0.025306,-0.091288,0.607445,-0.094178,1.542059,0.052911,-0.083581,-0.092972,-0.521535,-0.151379,1.535364,-0.076438,0.150589,-0.091081,0.011189,-0.479004,1.549882,-0.211459,0.022109,-0.086093
30.960000,-0.336499,0.241610,1.542053,0.093110,-0.066839,-0.095329,0.315003,0.493030,1.535085,0.134552,-0.025945,-0.093979,0.608505,-0.095858,1.540173,0.053035,-0.084419,-0.095661,-0.523068,-0.148350,1.533516,-0.076858,0.152344,-0.093766,0.006926,-0.478556,1.548126,-0.214763,0.022703,-0.089576
30.980000,-0.334624,0.240264,1.540119,0.094367,-0.067746,-0.098022,0.317706,0.492504,1.533179,0.135755,-0.026584,-0.096657,0.609567,-0.097555,1.538233,0.053154,-0.085253,-0.098340,-0.524609,-0.145286,1.531614,-0.077272,0.154091,-0.096439,0.002598,-0.478096,1.546299,-0.218031,0.023314,-0.093073
31.000000,-0.332724,0.238900,1.538132,0.095623,-0.068651,-0.100707,0.320433,0.491966,1.531219,0.136949,-0.027225,-0.099324,0.610631,-0.099268,1.536239,0.053266,-0.086081,-0.101008,-0.526159,-0.142187,1.529658,-0.077682,0.155829,-0.099099,-0.001795,-0.477623,1.544403,-0.221261,0.023941,-0.096583
31.020000,-0.330799,0.237518,1.536091,0.096874,-0.069552,-0.103383,0.323184,0.491415,1.529206,0.138135,-0.027867,-0.101978,0.611697,-0.100998,1.534193,0.053372,-0.086904,-0.103664,-0.527717,-0.139053,1.527650,-0.078086,0.157557,-0.101744,-0.006252,-0.477138,1.542436,-0.224449,0.024581,-0.100097
31.040000,-0.328849,0.236118,1.533997,0.098118,-0.070448,-0.106048,0.325959,0.490851,1.527140,0.139310,-0.028507,-0.104618,0.612766,-0.102744,1.532093,0.053474,-0.087719,-0.106306,-0.529282,-0.135884,1.525589,-0.078485,0.159273,-0.104375,-0.010772,-0.476640,1.540399,-0.227590,0.025230,-0.103602
31.060000,-0.326875,0.234700,1.531849,0.099357,-0.071340,-0.108702,0.328757,0.490275,1.525022,0.140475,-0.029146,-0.107244,0.613836,-0.104507,1.529940,0.053570,-0.088528,-0.108935,-0.530856,-0.132682,1.523475,-0.078879,0.160976,-0.106992,-0.015355,-0.476129,1.538292,-0.230684,0.025887,-0.107099
31.080000,-0.324875,0.233265,1.529649,0.100589,-0.072226,-0.111344,0.331578,0.489686,1.522851,0.141629,-0.029784,-0.109855,0.614908,-0.106286,1.527736,0.053661,-0.089330,-0.111550,-0.532438,-0.129445,1.521309,-0.079268,0.162667,-0.109593,-0.019999,-0.475605,1.536115,-0.233730,0.026552,-0.110588
31.100000,-0.322851,0.231811,1.527396,0.101815,-0.073108,-0.113975,0.334422,0.489084,1.520627,0.142773,-0.030421,-0.112452,0.615982,-0.108080,1.525479,0.053747,-0.090125,-0.114152,-0.534027,-0.126175,1.519091,-0.079651,0.164345,-0.112180,-0.024704,-0.475067,1.533869,-0.236728,0.027225,-0.114068
31.120000,-0.320803,0.230340,1.525090,0.103033,-0.073984,-0.116594,0.337288,0.488469,1.518353,0.143904,-0.031056,-0.115035,0.617058,-0.109891,1.523170,0.053827,-0.090912,-0.116740,-0.535624,-0.122872,1.516822,-0.080028,0.166008,-0.114752,-0.029468,-0.474516,1.531552,-0.239675,0.027904,-0.117531
31.140000,-0.318730,0.228852,1.522732,0.104241,-0.074853,-0.119199,0.340178,0.487841,1.516026,0.145021,-0.031688,-0.117602,0.618136,-0.111717,1.520809,0.053902,-0.091690,-0.119314,-0.537228,-0.119535,1.514501,-0.080397,0.167654,-0.117309,-0.034290,-0.473951,1.529167,-0.242566,0.028583,-0.120967
31.160000,-0.316633,0.227346,1.520322,0.105439,-0.075714,-0.121791,0.343089,0.487201,1.513649,0.146124,-0.032318,-0.120155,0.619214,-0.113558,1.518397,0.053971,-0.092459,-0.121873,-0.538839,-0.116166,1.512130,-0.080759,0.169283,-0.119850,-0.039170,-0.473372,1.526714,-0.245400,0.029263,-0.124374
31.180000,-0.314512,0.225823,1.517860,0.106627,-0.076568,-0.124369,0.346023,0.486549,1.511220,0.147212,-0.032945,-0.122693,0.620294,-0.115415,1.515934,0.054034,-0.093218,-0.124418,-0.540458,-0.112764,1.509708,-0.081114,0.170896,-0.122377,-0.044106,-0.472780,1.524193,-0.248179,0.029944,-0.127754
31.200000,-0.312368,0.224284,1.515347,0.107805,-0.077414,-0.126934,0.348978,0.485884,1.508741,0.148287,-0.033569,-0.125217,0.621376,-0.117287,1.513420,0.054091,-0.093968,-0.126949,-0.542084,-0.109330,1.507235,-0.081462,0.172491,-0.124888,-0.049097,-0.472175,1.521604,-0.250902,0.030625,-0.131107
31.220000,-0.310200,0.222727,1.512783,0.108972,-0.078253,-0.129486,0.351954,0.485206,1.506211,0.149345,-0.034190,-0.127725,0.622458,-0.119174,1.510856,0.054142,-0.094708,-0.129465,-0.543717,-0.105864,1.504712,-0.081801,0.174066,-0.127384,-0.054142,-0.471555,1.518949,-0.253564,0.031304,-0.134423
31.240000,-0.308009,0.221154,1.510168,0.110126,-0.079082,-0.132023,0.354951,0.484516,1.503632,0.150385,-0.034808,-0.130219,0.623541,-0.121075,1.508242,0.054185,-0.095437,-0.131967,-0.545356,-0.102367,1.502140,-0.082130,0.175621,-0.129866,-0.059239,-0.470922,1.516227,-0.256164,0.031975,-0.137692
31.260000,-0.305795,0.219564,1.507502,0.111268,-0.079902,-0.134546,0.357969,0.483814,1.501003,0.151407,-0.035423,-0.132699,0.624625,-0.122991,1.505578,0.054221,-0.096154,-0.134454,-0.547002,-0.098840,1.499518,-0.082450,0.177155,-0.132332,-0.064388,-0.470276,1.513441,-0.258699,0.032641,-0.140914
31.280000,-0.303559,0.217958,1.504786,0.112397,-0.080712,-0.137055,0.361007,0.483099,1.498324,0.152411,-0.036034,-0.135163,0.625710,-0.124921,1.502864,0.054251,-0.096859,-0.136927,-0.548654,-0.095281,1.496846,-0.082760,0.178667,-0.134785,-0.069587,-0.469617,1.510591,-0.261171,0.033299,-0.144090
31.300000,-0.301300,0.216335,1.502020,0.113513,-0.081514,-0.139549,0.364066,0.482372,1.495596,0.153397,-0.036641,-0.137614,0.626795,-0.126865,1.500101,0.054273,-0.097553,-0.139386,-0.550312,-0.091693,1.494126,-0.083061,0.180159,-0.137222,-0.074834,-0.468944,1.507678,-0.263580,0.033951,-0.147219
31.320000,-0.299018,0.214697,1.499204,0.114615,-0.082305,-0.142030,0.367143,0.481633,1.492820,0.154363,-0.037245,-0.140050,0.627881,-0.128823,1.497289,0.054287,-0.098235,-0.141831,-0.551976,-0.088075,1.491358,-0.083350,0.181627,-0.139645,-0.080129,-0.468259,1.504703,-0.265921,0.034592,-0.150291
31.340000,-0.296715,0.213043,1.496339,0.115702,-0.083086,-0.144496,0.370240,0.480883,1.489994,0.155307,-0.037845,-0.142472,0.628967,-0.130795,1.494428,0.054292,-0.098903,-0.144263,-0.553646,-0.084428,1.488541,-0.083627,0.183071,-0.142054,-0.085471,-0.467561,1.501667,-0.268191,0.035219,-0.153296
31.360000,-0.294390,0.211374,1.493425,0.116774,-0.083855,-0.146949,0.373355,0.480120,1.487121,0.156230,-0.038441,-0.144880,0.630052,-0.132779,1.491518,0.054288,-0.099558,-0.146680,-0.555321,-0.080752,1.485676,-0.083893,0.184490,-0.144448,-0.090857,-0.466850,1.498571,-0.270391,0.035832,-0.156234
31.380000,-0.292044,0.209689,1.490461,0.117831,-0.084614,-0.149386,0.376489,0.479345,1.484199,0.157131,-0.039034,-0.147274,0.631138,-0.134777,1.488560,0.054275,-0.100198,-0.149083,-0.557002,-0.077049,1.482763,-0.084146,0.185885,-0.146829,-0.096286,-0.466128,1.495418,-0.272520,0.036430,-0.159105
31.400000,-0.289677,0.207989,1.487449,0.118874,-0.085362,-0.151810,0.379640,0.478558,1.481230,0.158011,-0.039623,-0.149654,0.632223,-0.136787,1.485555,0.054254,-0.100826,-0.151473,-0.558687,-0.073317,1.479803,-0.084386,0.187254,-0.149195,-0.101757,-0.465393,1.492208,-0.274579,0.037013,-0.161909
31.420000,-0.287289,0.206275,1.484389,0.119900,-0.086099,-0.154219,0.382809,0.477760,1.478213,0.158868,-0.040208,-0.152020,0.633308,-0.138810,1.482502,0.054223,-0.101439,-0.153849,-0.560377,-0.069559,1.476795,-0.084614,0.188598,-0.151547,-0.107269,-0.464647,1.488942,-0.276568,0.037582,-0.164647
31.440000,-0.284881,0.204545,1.481281,0.120910,-0.086824,-0.156614,0.385995,0.476950,1.475149,0.159699,-0.040788,-0.154372,0.634392,-0.140844,1.479401,0.054181,-0.102036,-0.156210,-0.562071,-0.065774,1.473741,-0.084827,0.189914,-0.153885,-0.112819,-0.463890,1.485622,-0.278490,0.038137,-0.167322
31.460000,-0.282453,0.202802,1.478125,0.121903,-0.087537,-0.158993,0.389197,0.476129,1.472039,0.160506,-0.041365,-0.156710,0.635475,-0.142891,1.476253,0.054130,-0.102618,-0.158558,-0.563770,-0.061962,1.470640,-0.085026,0.191202,-0.156209,-0.118408,-0.463122,1.482249,-0.280344,0.038678,-0.169934
31.480000,-0.280005,0.201044,1.474921,0.122879,-0.088237,-0.161358,0.392415,0.475295,1.468881,0.161288,-0.041938,-0.159033,0.636557,-0.144949,1.473059,0.054067,-0.103185,-0.160891,-0.565472,-0.058126,1.467493,-0.085210,0.192463,-0.158518,-0.124033,-0.462343,1.478825,-0.282130,0.039205,-0.172482
31.500000,-0.277538,0.199272,1.471670,0.123839,-0.088926,-0.163708,0.395648,0.474451,1.465677,0.162046,-0.042507,-0.161343,0.637638,-0.147018,1.469818,0.053994,-0.103736,-0.163211,-0.567178,-0.054264,1.464299,-0.085380,0.193696,-0.160813,-0.129692,-0.461554,1.475351,-0.283849,0.039717,-0.174968
31.520000,-0.275052,0.197487,1.468373,0.124781,-0.089602,-0.166042,0.398897,0.473595,1.462427,0.162777,-0.043072,-0.163637,0.638717,-0.149098,1.466530,0.053910,-0.104272,-0.165515,-0.568887,-0.050378,1.461060,-0.085535,0.194899,-0.163094,-0.135386,-0.460754,1.471827,-0.285499,0.040214,-0.177387
31.540000,-0.272547,0.195688,1.465029,0.125704,-0.090264,-0.168360,0.402159,0.472728,1.459132,0.163481,-0.043633,-0.165916,0.639794,-0.151189,1.463197,0.053815,-0.104790,-0.167804,-0.570600,-0.046468,1.457776,-0.085673,0.196072,-0.165358,-0.141112,-0.459945,1.468256,-0.287077,0.040695,-0.179737
31.560000,-0.270024,0.193876,1.461639,0.126610,-0.090914,-0.170661,0.405436,0.471850,1.455791,0.164157,-0.044190,-0.168179,0.640870,-0.153290,1.459818,0.053707,-0.105291,-0.170077,-0.572314,-0.042535,1.454446,-0.085795,0.197215,-0.167606,-0.146869,-0.459127,1.464638,-0.288584,0.041159,-0.182018
31.580000,-0.267483,0.192052,1.458202,0.127496,-0.091550,-0.172945,0.408725,0.470961,1.452405,0.164806,-0.044742,-0.170426,0.641943,-0.155401,1.456394,0.053588,-0.105775,-0.172335,-0.574031,-0.038580,1.451071,-0.085901,0.198327,-0.169838,-0.152655,-0.458299,1.460975,-0.290019,0.041606,-0.184230
31.600000,-0.264924,0.190215,1.454721,0.128365,-0.092173,-0.175213,0.412028,0.470060,1.448974,0.165427,-0.045290,-0.172658,0.643013,-0.157521,1.452925,0.053457,-0.106241,-0.174576,-0.575750,-0.034602,1.447652,-0.085990,0.199408,-0.172054,-0.158469,-0.457463,1.457269,-0.291384,0.042038,-0.186374
31.620000,-0.262348,0.188365,1.451194,0.129214,-0.092783,-0.177462,0.415342,0.469149,1.445499,0.166019,-0.045834,-0.174872,0.644081,-0.159650,1.449411,0.053313,-0.106690,-0.176800,-0.577471,-0.030604,1.444189,-0.086062,0.200457,-0.174253,-0.164310,-0.456618,1.453521,-0.292681,0.042455,-0.188457
31.640000,-0.259756,0.186503,1.447623,0.130042,-0.093377,-0.179690,0.418668,0.468227,1.441979,0.166581,-0.046372,-0.177065,0.645145,-0.161788,1.445853,0.053157,-0.107121,-0.179004,-0.579193,-0.026584,1.440682,-0.086117,0.201472,-0.176431,-0.170176,-0.455764,1.449731,-0.293917,0.042863,-0.190488
31.660000,-0.257147,0.184630,1.444007,0.130851,-0.093957,-0.181897,0.422005,0.467294,1.438416,0.167113,-0.046906,-0.179239,0.646207,-0.163935,1.442251,0.052989,-0.107532,-0.181188,-0.580915,-0.022545,1.437132,-0.086153,0.202454,-0.178589,-0.176066,-0.454903,1.445902,-0.295092,0.043259,-0.192468
31.680000,-0.254522,0.182745,1.440347,0.131638,-0.094522,-0.184083,0.425353,0.466351,1.434810,0.167614,-0.047435,-0.181394,0.647265,-0.166089,1.438606,0.052807,-0.107925,-0.183352,-0.582639,-0.018486,1.433539,-0.086172,0.203402,-0.180727,-0.181979,-0.454034,1.442033,-0.296204,0.043646,-0.194397
31.700000,-0.251881,0.180849,1.436643,0.132406,-0.095073,-0.186249,0.428710,0.465397,1.431161,0.168085,-0.047959,-0.183528,0.648319,-0.168252,1.434917,0.052613,-0.108299,-0.185496,-0.584362,-0.014409,1.429903,-0.086173,0.204316,-0.182845,-0.187914,-0.453157,1.438126,-0.297254,0.044022,-0.196274
31.720000,-0.249226,0.178942,1.432897,0.133151,-0.095607,-0.188390,0.432076,0.464432,1.427469,0.168525,-0.048477,-0.185639,0.649369,-0.170421,1.431186,0.052406,-0.108653,-0.187617,-0.586085,-0.010314,1.426225,-0.086155,0.205194,-0.184940,-0.193869,-0.452273,1.434182,-0.298244,0.044389,-0.198103
31.740000,-0.246555,0.177025,1.429108,0.133874,-0.096126,-0.190504,0.435450,0.463458,1.423735,0.168932,-0.048989,-0.187724,0.650415,-0.172598,1.427413,0.052186,-0.108987,-0.189711,-0.587808,-0.006202,1.422506,-0.086119,0.206034,-0.187007,-0.199843,-0.451382,1.430202,-0.299173,0.044748,-0.199888
31.760000,-0.243871,0.175097,1.425277,0.134573,-0.096628,-0.192589,0.438833,0.462473,1.419960,0.169305,-0.049495,-0.189782,0.651457,-0.174781,1.423598,0.051953,-0.109300,-0.191779,-0.589530,-0.002073,1.418745,-0.086063,0.206837,-0.189048,-0.205835,-0.450483,1.426187,-0.300042,0.045100,-0.201629
31.780000,-0.241173,0.173160,1.421405,0.135249,-0.097113,-0.194647,0.442222,0.461478,1.416144,0.169646,-0.049995,-0.191812,0.652493,-0.176970,1.419742,0.051706,-0.109592,-0.193819,-0.591251,0.002072,1.414944,-0.085989,0.207602,-0.191061,-0.211844,-0.449578,1.422137,-0.300850,0.045444,-0.203325
31.800000,-0.238461,0.171213,1.417491,0.135902,-0.097581,-0.196677,0.445619,0.460473,1.412288,0.169954,-0.050488,-0.193817,0.653525,-0.179164,1.415845,0.051447,-0.109864,-0.195833,-0.592969,0.006231,1.411103,-0.085895,0.208330,-0.193048,-0.217869,-0.448666,1.418054,-0.301599,0.045781,-0.204977
31.820000,-0.235737,0.169257,1.413538,0.136531,-0.098032,-0.198674,0.449020,0.459459,1.408392,0.170227,-0.050975,-0.195789,0.654551,-0.181364,1.411909,0.051174,-0.110114,-0.197814,-0.594686,0.010404,1.407222,-0.085782,0.209017,-0.195002,-0.223908,-0.447747,1.413939,-0.302286,0.046110,-0.206585
31.840000,-0.233000,0.167292,1.409545,0.137132,-0.098464,-0.200633,0.452427,0.458434,1.404456,0.170463,-0.051453,-0.197724,0.655572,-0.183569,1.407933,0.050889,-0.110341,-0.199758,-0.596401,0.014591,1.403303,-0.085650,0.209662,-0.196918,-0.229960,-0.446821,1.409791,-0.302912,0.046433,-0.208149
31.860000,-0.230252,0.165318,1.405513,0.137707,-0.098876,-0.202554,0.455839,0.457400,1.400483,0.170664,-0.051922,-0.199623,0.656587,-0.185777,1.403919,0.050590,-0.110545,-0.201665,-0.598112,0.018791,1.399346,-0.085497,0.210265,-0.198798,-0.236024,-0.445889,1.405613,-0.303475,0.046749,-0.209670
31.880000,-0.227492,0.163337,1.401443,0.138255,-0.099269,-0.204437,0.459254,0.456357,1.396472,0.170829,-0.052383,-0.201484,0.657595,-0.187990,1.399867,0.050279,-0.110726,-0.203535,-0.599820,0.023002,1.395352,-0.085324,0.210824,-0.200640,-0.242099,-0.444951,1.401405,-0.303977,0.047059,-0.211148
31.900000,-0.224722,0.161348,1.397335,0.138776,-0.099643,-0.206282,0.462672,0.455305,1.392424,0.170957,-0.052836,-0.203309,0.658598,-0.190206,1.395778,0.049954,-0.110885,-0.205368,-0.601525,0.027223,1.391321,-0.085132,0.211341,-0.202445,-0.248183,-0.444007,1.397167,-0.304418,0.047362,-0.212582
31.920000,-0.221941,0.159351,1.393192,0.139268,-0.099996,-0.208083,0.466092,0.454244,1.388340,0.171048,-0.053279,-0.205090,0.659593,-0.192425,1.391652,0.049617,-0.111019,-0.207157,-0.603225,0.031455,1.387254,-0.084919,0.211813,-0.204206,-0.254275,-0.443057,1.392902,-0.304794,0.047658,-0.213971
31.940000,-0.219151,0.157348,1.389012,0.139729,-0.100327,-0.209832,0.469513,0.453174,1.384220,0.171099,-0.053711,-0.206821,0.660582,-0.194647,1.387492,0.049267,-0.111128,-0.208895,-0.604922,0.035696,1.383153,-0.084686,0.212236,-0.205917,-0.260374,-0.442101,1.388609,-0.305104,0.047946,-0.215311
31.960000,-0.216352,0.155338,1.384799,0.140158,-0.100635,-0.211529,0.472935,0.452096,1.380067,0.171111,-0.054131,-0.208502,0.661564,-0.196870,1.383297,0.048906,-0.111211,-0.210583,-0.606613,0.039944,1.379018,-0.084433,0.212611,-0.207577,-0.266479,-0.441139,1.384290,-0.305348,0.048227,-0.216603
31.980000,-0.213545,0.153323,1.380552,0.140556,-0.100920,-0.213176,0.476357,0.451009,1.375881,0.171083,-0.054540,-0.210132,0.662538,-0.199095,1.379069,0.048532,-0.111269,-0.212220,-0.608299,0.044200,1.374850,-0.084160,0.212937,-0.209187,-0.272587,-0.440172,1.379945,-0.305525,0.048500,-0.217846
32.000000,-0.210730,0.151302,1.376272,0.140922,-0.101183,-0.214771,0.479778,0.449914,1.371662,0.171015,-0.054938,-0.211713,0.663505,-0.201321,1.374808,0.048145,-0.111302,-0.213807,-0.609979,0.048461,1.370651,-0.083866,0.213214,-0.210746,-0.278699,-0.439199,1.375576,-0.305636,0.048765,-0.219041
32.020000,-0.207908,0.149276,1.371961,0.141255,-0.101421,-0.216307,0.483198,0.448812,1.367413,0.170907,-0.055322,-0.213236,0.664464,-0.203547,1.370517,0.047747,-0.111308,-0.215336,-0.611653,0.052728,1.366420,-0.083551,0.213440,-0.212247,-0.284812,-0.438221,1.371184,-0.305678,0.049022,-0.220183
32.040000,-0.205080,0.147245,1.367620,0.141550,-0.101633,-0.217776,0.486614,0.447701,1.363133,0.170755,-0.055691,-0.214693,0.665415,-0.205773,1.366195,0.047339,-0.111285,-0.216798,-0.613321,0.056998,1.362161,-0.083217,0.213610,-0.213683,-0.290926,-0.437238,1.366769,-0.305646,0.049269,-0.221266
32.060000,-0.202247,0.145211,1.363251,0.141808,-0.101818,-0.219178,0.490028,0.446584,1.358825,0.170560,-0.056045,-0.216084,0.666358,-0.207998,1.361845,0.046919,-0.111234,-0.218194,-0.614982,0.061272,1.357874,-0.082861,0.213725,-0.215052,-0.297038,-0.436251,1.362333,-0.305540,0.049505,-0.222290
32.080000,-0.199408,0.143173,1.358854,0.142029,-0.101977,-0.220513,0.493437,0.445460,1.354490,0.170321,-0.056383,-0.217410,0.667292,-0.210222,1.357468,0.046488,-0.111155,-0.219524,-0.616635,0.065547,1.353559,-0.082486,0.213784,-0.216356,-0.303147,-0.435258,1.357878,-0.305362,0.049732,-0.223256
32.100000,-0.196566,0.141132,1.354431,0.142212,-0.102108,-0.221782,0.496840,0.444329,1.350129,0.170040,-0.056707,-0.218670,0.668217,-0.212444,1.353065,0.046046,-0.111048,-0.220787,-0.618281,0.069823,1.349220,-0.082089,0.213788,-0.217593,-0.309252,-0.434261,1.353404,-0.305110,0.049948,-0.224164
32.120000,-0.193720,0.139088,1.349983,0.142356,-0.102211,-0.222975,0.500238,0.443192,1.345744,0.169713,-0.057013,-0.219856,0.669133,-0.214664,1.348637,0.045594,-0.110910,-0.221976,-0.619919,0.074098,1.344856,-0.081673,0.213733,-0.218757,-0.315351,-0.433260,1.348912,-0.304780,0.050152,-0.225006
32.140000,-0.190872,0.137043,1.345512,0.142456,-0.102283,-0.224083,0.503628,0.442048,1.341336,0.169340,-0.057299,-0.220958,0.670041,-0.216881,1.344186,0.045133,-0.110741,-0.223081,-0.621548,0.078372,1.340470,-0.081236,0.213615,-0.219837,-0.321442,-0.432255,1.344404,-0.304367,0.050343,-0.225775
32.160000,-0.188022,0.134997,1.341020,0.142513,-0.102324,-0.225108,0.507011,0.440900,1.336906,0.168920,-0.057565,-0.221979,0.670939,-0.219093,1.339714,0.044663,-0.110541,-0.224103,-0.623168,0.082642,1.336063,-0.080779,0.213435,-0.220836,-0.327525,-0.431247,1.339881,-0.303872,0.050519,-0.226472
32.180000,-0.185171,0.132951,1.336508,0.142526,-0.102333,-0.226048,0.510385,0.439746,1.332457,0.168453,-0.057811,-0.222916,0.671827,-0.221302,1.335223,0.044184,-0.110310,-0.225041,-0.624779,0.086909,1.331637,-0.080303,0.213191,-0.221751,-0.333597,-0.430235,1.335345,-0.303295,0.050682,-0.227096
32.200000,-0.182321,0.130904,1.331979,0.142496,-0.102311,-0.226905,0.513749,0.438587,1.327990,0.167939,-0.058038,-0.223770,0.672706,-0.223506,1.330713,0.043697,-0.110047,-0.225896,-0.626380,0.091170,1.327194,-0.079806,0.212885,-0.222584,-0.339656,-0.429220,1.330798,-0.302636,0.050830,-0.227647
32.220000,-0.179472,0.128859,1.327433,0.142418,-0.102255,-0.227668,0.517102,0.437425,1.323507,0.167376,-0.058242,-0.224533,0.673575,-0.225704,1.326188,0.043201,-0.109752,-0.226659,-0.627971,0.095424,1.322735,-0.079289,0.212512,-0.223325,-0.345702,-0.428202,1.326240,-0.301889,0.050962,-0.228118
32.240000,-0.176625,0.126814,1.322873,0.142291,-0.102164,-0.228330,0.520444,0.436258,1.319009,0.166763,-0.058422,-0.225195,0.674434,-0.227895,1.321648,0.042699,-0.109422,-0.227320,-0.629551,0.099670,1.318261,-0.078753,0.212069,-0.223966,-0.351731,-0.427181,1.321674,-0.301050,0.051076,-0.228499
32.260000,-0.173781,0.124772,1.318300,0.142113,-0.102036,-0.228889,0.523772,0.435088,1.314500,0.166100,-0.058576,-0.225756,0.675283,-0.230080,1.317095,0.042190,-0.109057,-0.227880,-0.631121,0.103906,1.313777,-0.078197,0.211555,-0.224508,-0.357743,-0.426159,1.317101,-0.300119,0.051171,-0.228792
32.280000,-0.170941,0.122733,1.313718,0.141884,-0.101872,-0.229347,0.527087,0.433915,1.309980,0.165386,-0.058706,-0.226217,0.676122,-0.232258,1.312533,0.041674,-0.108659,-0.228338,-0.632679,0.108131,1.309282,-0.077623,0.210971,-0.224949,-0.363735,-0.425135,1.312523,-0.299096,0.051248,-0.228995
32.300000,-0.168106,0.120698,1.309127,0.141606,-0.101672,-0.229703,0.530387,0.432740,1.305452,0.164621,-0.058810,-0.226577,0.676950,-0.234426,1.307963,0.041153,-0.108225,-0.228695,-0.634226,0.112344,1.304779,-0.077029,0.210317,-0.225291,-0.369706,-0.424109,1.307942,-0.297980,0.051306,-0.229110
32.320000,-0.165277,0.118666,1.304530,0.141273,-0.101433,-0.229948,0.533672,0.431563,1.300918,0.163805,-0.058887,-0.226828,0.677768,-0.236586,1.303386,0.040626,-0.107756,-0.228942,-0.635760,0.116544,1.300271,-0.076416,0.209588,-0.225524,-0.375654,-0.423082,1.303359,-0.296768,0.051343,-0.229126
32.340000,-0.162455,0.116641,1.299930,0.140883,-0.101153,-0.230073,0.536939,0.430384,1.296379,0.162935,-0.058934,-0.226960,0.678575,-0.238736,1.298806,0.040096,-0.107250,-0.229069,-0.637282,0.120727,1.295759,-0.075785,0.208782,-0.225640,-0.381576,-0.422055,1.298777,-0.295454,0.051356,-0.229037
32.360000,-0.159642,0.114621,1.295328,0.140435,-0.100831,-0.230079,0.540189,0.429206,1.291840,0.162012,-0.058950,-0.226975,0.679371,-0.240876,1.294224,0.039562,-0.106707,-0.229078,-0.638791,0.124894,1.291246,-0.075137,0.207897,-0.225639,-0.387471,-0.421028,1.294198,-0.294039,0.051346,-0.228841
32.380000,-0.156838,0.112608,1.290728,0.139931,-0.100469,-0.229964,0.543419,0.428027,1.287301,0.161035,-0.058936,-0.226870,0.680157,-0.243004,1.289643,0.039025,-0.106126,-0.228967,-0.640288,0.129043,1.286734,-0.074470,0.206935,-0.225521,-0.393337,-0.420002,1.289624,-0.292522,0.051312,-0.228539
32.400000,-0.154045,0.110602,1.286130,0.139368,-0.100065,-0.229731,0.546630,0.426848,1.282766,0.160004,-0.058891,-0.226648,0.680932,-0.245121,1.285066,0.038484,-0.105508,-0.228737,-0.641770,0.133171,1.282226,-0.073785,0.205896,-0.225286,-0.399171,-0.418976,1.285057,-0.290903,0.051254,-0.228130
32.420000,-0.151264,0.108605,1.281539,0.138745,-0.099618,-0.229369,0.549819,0.425671,1.278236,0.158919,-0.058814,-0.226299,0.681697,-0.247224,1.280495,0.037941,-0.104851,-0.228379,-0.643239,0.137278,1.277724,-0.073084,0.204775,-0.224926,-0.404972,-0.417952,1.280500,-0.289179,0.051170,-0.227607
32.440000,-0.148496,0.106618,1.276957,0.138058,-0.099124,-0.228870,0.552986,0.424496,1.273715,0.157778,-0.058700,-0.225814,0.682450,-0.249315,1.275932,0.037399,-0.104155,-0.227885,-0.644693,0.141362,1.273230,-0.072366,0.203570,-0.224433,-0.410738,-0.416929,1.275954,-0.287346,0.051057,-0.226961
32.460000,-0.145742,0.104641,1.272385,0.137306,-0.098585,-0.228235,0.556130,0.423323,1.269205,0.156580,-0.058550,-0.225195,0.683193,-0.251390,1.271380,0.036856,-0.103418,-0.227255,-0.646133,0.145420,1.268747,-0.071632,0.202281,-0.223808,-0.416466,-0.415910,1.271422,-0.285403,0.050916,-0.226192
32.480000,-0.143004,0.102675,1.267828,0.136490,-0.097999,-0.227463,0.559249,0.422154,1.264708,0.155326,-0.058365,-0.224441,0.683924,-0.253451,1.266843,0.036313,-0.102642,-0.226489,-0.647559,0.149452,1.264278,-0.070882,0.200907,-0.223049,-0.422153,-0.414893,1.266907,-0.283350,0.050746,-0.225299
32.500000,-0.140283,0.100721,1.263288,0.135611,-0.097367,-0.226555,0.562343,0.420989,1.260228,0.154017,-0.058144,-0.223551,0.684645,-0.255496,1.262322,0.035770,-0.101827,-0.225587,-0.648969,0.153456,1.259826,-0.070116,0.199449,-0.222158,-0.427799,-0.413880,1.262411,-0.281188,0.050547,-0.224284
32.520000,-0.137580,0.098780,1.258767,0.134664,-0.096688,-0.225503,0.565409,0.419829,1.255767,0.152650,-0.057884,-0.222519,0.685355,-0.257524,1.257820,0.035229,-0.100970,-0.224542,-0.650363,0.157430,1.255393,-0.069334,0.197905,-0.221128,-0.433400,-0.412871,1.257937,-0.278915,0.050317,-0.223139
32.540000,-0.134897,0.096854,1.254269,0.133647,-0.095958,-0.224300,0.568448,0.418674,1.251328,0.151227,-0.057584,-0.221338,0.686054,-0.259534,1.253341,0.034692,-0.100072,-0.223345,-0.651742,0.161372,1.250982,-0.068540,0.196272,-0.219951,-0.438955,-0.411868,1.253486,-0.276527,0.050054,-0.221857
32.560000,-0.132234,0.094942,1.249796,0.132561,-0.095178,-0.222945,0.571458,0.417526,1.246914,0.149746,-0.057242,-0.220007,0.686743,-0.261526,1.248887,0.034158,-0.099133,-0.221998,-0.653105,0.165280,1.246596,-0.067731,0.194551,-0.218628,-0.444460,-0.410869,1.249063,-0.274026,0.049758,-0.220438
32.580000,-0.129595,0.093047,1.245352,0.131405,-0.094348,-0.221440,0.574438,0.416385,1.242529,0.148208,-0.056860,-0.218526,0.687421,-0.263499,1.244462,0.033628,-0.098153,-0.220501,-0.654451,0.169153,1.242238,-0.066909,0.192740,-0.217160,-0.449915,-0.409877,1.244670,-0.271410,0.049429,-0.218882
32.600000,-0.126979,0.091169,1.240939,0.130179,-0.093468,-0.219783,0.577386,0.415252,1.238174,0.146613,-0.056437,-0.216896,0.688088,-0.265452,1.240068,0.033101,-0.097131,-0.218852,-0.655781,0.172989,1.237911,-0.066073,0.190841,-0.215545,-0.455316,-0.408892,1.240309,-0.268680,0.049067,-0.217188
32.620000,-0.124388,0.089309,1.236561,0.128882,-0.092537,-0.217970,0.580302,0.414127,1.233854,0.144961,-0.055971,-0.215111,0.688745,-0.267384,1.235709,0.032580,-0.096067,-0.217048,-0.657094,0.176786,1.233617,-0.065225,0.188853,-0.213779,-0.460661,-0.407915,1.235983,-0.265837,0.048671,-0.215353
32.640000,-0.121824,0.087468,1.232222,0.127512,-0.091553,-0.215996,0.583184,0.413013,1.229571,0.143253,-0.055461,-0.213166,0.689391,-0.269295,1.231387,0.032066,-0.094962,-0.215083,-0.658390,0.180543,1.229360,-0.064367,0.186775,-0.211859,-0.465949,-0.406946,1.231696,-0.262881,0.048238,-0.213372
32.660000,-0.119288,0.085647,1.227923,0.126068,-0.090517,-0.213860,0.586032,0.411909,1.225328,0.141488,-0.054906,-0.211062,0.690027,-0.271183,1.227107,0.031561,-0.093816,-0.212957,-0.659668,0.184257,1.225144,-0.063499,0.184608,-0.209785,-0.471176,-0.405986,1.227449,-0.259812,0.047769,-0.211245
32.680000,-0.116782,0.083847,1.223668,0.124552,-0.089429,-0.211563,0.588843,0.410817,1.221130,0.139668,-0.054306,-0.208797,0.690654,-0.273047,1.222870,0.031062,-0.092628,-0.210670,-0.660930,0.187926,1.220970,-0.062621,0.182350,-0.207555,-0.476340,-0.405035,1.223247,-0.256629,0.047264,-0.208971
32.700000,-0.114306,0.082070,1.219461,0.122963,-0.088288,-0.209104,0.591618,0.409737,1.216978,0.137792,-0.053661,-0.206373,0.691270,-0.274887,1.218681,0.030571,-0.091399,-0.208222,-0.662173,0.191550,1.216843,-0.061732,0.180004,-0.205171,-0.481440,-0.404095,1.219091,-0.253334,0.046723,-0.206551
32.720000,-0.111863,0.080316,1.215305,0.121311,-0.087103,-0.206501,0.594355,0.408671,1.212876,0.135869,-0.052977,-0.203805,0.691877,-0.276703,1.214542,0.030089,-0.090135,-0.205629,-0.663399,0.195126,1.212764,-0.060836,0.177580,-0.202646,-0.486473,-0.403167,1.214986,-0.249941,0.046149,-0.203997
32.740000,-0.109454,0.078586,1.211202,0.119608,-0.085880,-0.203768,0.597052,0.407618,1.208826,0.133911,-0.052260,-0.201110,0.692474,-0.278493,1.210457,0.029616,-0.088844,-0.202907,-0.664607,0.198653,1.208738,-0.059936,0.175093,-0.199995,-0.491437,-0.402250,1.210932,-0.246466,0.045546,-0.201321
32.760000,-0.107080,0.076881,1.207155,0.117853,-0.084620,-0.200907,0.599711,0.406581,1.204832,0.131916,-0.051510,-0.198286,0.693061,-0.280256,1.206427,0.029151,-0.087525,-0.200057,-0.665796,0.202129,1.204765,-0.059033,0.172541,-0.197217,-0.496331,-0.401345,1.206934,-0.242909,0.044914,-0.198523
32.780000,-0.104740,0.075202,1.203167,0.116047,-0.083324,-0.197916,0.602329,0.405558,1.200896,0.129886,-0.050725,-0.195335,0.693640,-0.281993,1.202455,0.028696,-0.086179,-0.197078,-0.666968,0.205554,1.200850,-0.058126,0.169926,-0.194313,-0.501153,-0.400453,1.202992,-0.239269,0.044252,-0.195603
32.800000,-0.102438,0.073548,1.199239,0.114189,-0.081990,-0.194797,0.604906,0.404552,1.197019,0.127819,-0.049908,-0.192257,0.694209,-0.283703,1.198545,0.028250,-0.084805,-0.193971,-0.668121,0.208926,1.196994,-0.057215,0.167247,-0.191283,-0.505902,-0.399575,1.199110,-0.235548,0.043561,-0.192561
32.820000,-0.100173,0.071922,1.195376,0.112289,-0.080626,-0.191566,0.607441,0.403562,1.193206,0.125727,-0.049062,-0.189068,0.694770,-0.285386,1.194697,0.027815,-0.083411,-0.190753,-0.669257,0.212244,1.193199,-0.056304,0.164518,-0.188143,-0.510575,-0.398711,1.195291,-0.231761,0.042844,-0.189412
32.840000,-0.097947,0.070323,1.191577,0.110357,-0.079239,-0.188243,0.609935,0.402590,1.189457,0.123619,-0.048191,-0.185786,0.695322,-0.287040,1.190915,0.027391,-0.082002,-0.187441,-0.670374,0.215506,1.189468,-0.055397,0.161751,-0.184910,-0.515172,-0.397861,1.191535,-0.227927,0.042105,-0.186172
32.860000,-0.095759,0.068753,1.187847,0.108393,-0.077830,-0.184826,0.612386,0.401635,1.185775,0.121495,-0.047297,-0.182412,0.695865,-0.288666,1.187200,0.026980,-0.080580,-0.184036,-0.671472,0.218713,1.185803,-0.054494,0.158946,-0.181584,-0.519691,-0.397027,1.187844,-0.224046,0.041344,-0.182841
32.880000,-0.093611,0.067210,1.184185,0.106397,-0.076397,-0.181315,0.614795,0.400698,1.182162,0.119355,-0.046379,-0.178946,0.696401,-0.290263,1.183554,0.026581,-0.079144,-0.180539,-0.672553,0.221864,1.182206,-0.053595,0.156104,-0.178164,-0.524133,-0.396208,1.184222,-0.220116,0.040560,-0.179419
32.900000,-0.091503,0.065697,1.180595,0.104369,-0.074942,-0.177712,0.617160,0.399780,1.178618,0.117199,-0.045437,-0.175386,0.696929,-0.291831,1.179979,0.026194,-0.077694,-0.176948,-0.673616,0.224957,1.178677,-0.052699,0.153225,-0.174652,-0.528496,-0.395405,1.180668,-0.216139,0.039754,-0.175906
32.920000,-0.089437,0.064213,1.177077,0.102319,-0.073470,-0.174034,0.619483,0.398881,1.175147,0.115037,-0.044476,-0.171754,0.697449,-0.293371,1.176477,0.025820,-0.076238,-0.173283,-0.674661,0.227993,1.175220,-0.051812,0.150321,-0.171065,-0.532779,-0.394618,1.177186,-0.212132,0.038929,-0.172319
32.940000,-0.087411,0.062758,1.173634,0.100257,-0.071990,-0.170300,0.621762,0.398001,1.171748,0.112880,-0.043501,-0.168065,0.697962,-0.294881,1.173048,0.025461,-0.074780,-0.169562,-0.675689,0.230970,1.171835,-0.050936,0.147407,-0.167421,-0.536981,-0.393848,1.173776,-0.208114,0.038090,-0.168676
32.960000,-0.085426,0.061333,1.170265,0.098182,-0.070501,-0.166512,0.623998,0.397141,1.168424,0.110725,-0.042511,-0.164322,0.698467,-0.296362,1.169695,0.025117,-0.073322,-0.165786,-0.676699,0.233889,1.168524,-0.050072,0.144482,-0.163721,-0.541103,-0.393094,1.170439,-0.204085,0.037236,-0.164978
32.980000,-0.083484,0.059938,1.166973,0.096094,-0.069002,-0.162667,0.626191,0.396300,1.165176,0.108575,-0.041506,-0.160524,0.698966,-0.297814,1.166417,0.024788,-0.071864,-0.161955,-0.677692,0.236749,1.165287,-0.049220,0.141546,-0.159964,-0.545144,-0.392358,1.167177,-0.200044,0.036368,-0.161223
33.000000,-0.081583,0.058573,1.163759,0.093994,-0.067495,-0.158768,0.628341,0.395480,1.162004,0.106429,-0.040487,-0.156670,0.699459,-0.299236,1.163217,0.024474,-0.070405,-0.158068,-0.678668,0.239551,1.162125,-0.048379,0.138599,-0.156151,-0.549105,-0.391640,1.163991,-0.195991,0.035485,-0.157413
33.020000,-0.079724,0.057239,1.160623,0.091891,-0.065986,-0.154833,0.630448,0.394681,1.158909,0.104296,-0.039459,-0.152781,0.699946,-0.300630,1.160095,0.024176,-0.068953,-0.154146,-0.679627,0.242293,1.159041,-0.047553,0.135656,-0.152301,-0.552984,-0.390939,1.160881,-0.191947,0.034592,-0.153566
33.040000,-0.077907,0.055934,1.157566,0.089796,-0.064482,-0.150883,0.632513,0.393902,1.155893,0.102187,-0.038427,-0.148878,0.700426,-0.301995,1.157051,0.023895,-0.067514,-0.150209,-0.680570,0.244977,1.156034,-0.046746,0.132730,-0.148435,-0.556783,-0.390256,1.157848,-0.187929,0.033692,-0.149702
33.060000,-0.076132,0.054659,1.154588,0.087708,-0.062984,-0.146919,0.634536,0.393144,1.152954,0.100102,-0.037390,-0.144959,0.700901,-0.303331,1.154086,0.023631,-0.066088,-0.146257,-0.681497,0.247603,1.153104,-0.045958,0.129822,-0.144551,-0.560501,-0.389591,1.154893,-0.183939,0.032787,-0.145822
33.080000,-0.074399,0.053414,1.151689,0.085629,-0.061491,-0.142940,0.636517,0.392407,1.150094,0.098041,-0.036349,-0.141026,0.701372,-0.304638,1.151201,0.023384,-0.064675,-0.142291,-0.682408,0.250170,1.150252,-0.045190,0.126931,-0.140652,-0.564140,-0.388945,1.152015,-0.179976,0.031877,-0.141925
33.100000,-0.072707,0.052200,1.148870,0.083557,-0.060004,-0.138946,0.638457,0.391690,1.147313,0.096003,-0.035304,-0.137077,0.701837,-0.305918,1.148395,0.023155,-0.063276,-0.138310,-0.683305,0.252680,1.147478,-0.044440,0.124057,-0.136735,-0.567701,-0.388316,1.149216,-0.176041,0.030960,-0.138011
33.120000,-0.071056,0.051014,1.146131,0.081501,-0.058529,-0.134957,0.640357,0.390994,1.144611,0.093998,-0.034259,-0.133133,0.702298,-0.307169,1.145669,0.022944,-0.061895,-0.134333,-0.684186,0.255132,1.144782,-0.043712,0.121214,-0.132821,-0.571182,-0.387706,1.146495,-0.172150,0.030042,-0.134099
33.140000,-0.069447,0.049858,1.143472,0.079473,-0.057073,-0.130991,0.642218,0.390320,1.141988,0.092035,-0.033219,-0.129211,0.702755,-0.308394,1.143021,0.022751,-0.060541,-0.130379,-0.685053,0.257529,1.142165,-0.043010,0.118414,-0.128928,-0.574587,-0.387114,1.143852,-0.168322,0.029127,-0.130208
33.160000,-0.067877,0.048731,1.140891,0.077470,-0.055636,-0.127049,0.644039,0.389666,1.139443,0.090113,-0.032185,-0.125312,0.703208,-0.309591,1.140453,0.022578,-0.059212,-0.126449,-0.685907,0.259869,1.139625,-0.042333,0.115657,-0.125057,-0.577916,-0.386541,1.141286,-0.164558,0.028214,-0.126338
33.180000,-0.066348,0.047633,1.138390,0.075494,-0.054218,-0.123130,0.645822,0.389032,1.136975,0.088232,-0.031157,-0.121436,0.703658,-0.310762,1.137963,0.022423,-0.057908,-0.122542,-0.686747,0.262155,1.137162,-0.041681,0.112944,-0.121206,-0.581170,-0.385986,1.138798,-0.160856,0.027305,-0.122489
33.200000,-0.064857,0.046562,1.135966,0.073544,-0.052818,-0.119235,0.647569,0.388419,1.134585,0.086394,-0.030134,-0.117584,0.704105,-0.311908,1.135551,0.022287,-0.056630,-0.118659,-0.687574,0.264387,1.134776,-0.041054,0.110274,-0.117377,-0.584350,-0.385449,1.136387,-0.157216,0.026398,-0.118661
33.220000,-0.063406,0.045520,1.133620,0.071626,-0.051442,-0.115376,0.649278,0.387827,1.132272,0.084602,-0.029119,-0.113766,0.704550,-0.313028,1.133217,0.022170,-0.055381,-0.114811,-0.688389,0.266567,1.132467,-0.040455,0.107655,-0.113581,-0.587459,-0.384930,1.134051,-0.153651,0.025497,-0.114866
33.240000,-0.061992,0.044505,1.131351,0.069745,-0.050092,-0.111564,0.650953,0.387254,1.130034,0.082862,-0.028115,-0.109994,0.704992,-0.314123,1.130959,0.022073,-0.054165,-0.111010,-0.689192,0.268694,1.130233,-0.039884,0.105095,-0.109830,-0.590497,-0.384429,1.131792,-0.150170,0.024603,-0.111115
33.260000,-0.060616,0.043516,1.129157,0.067902,-0.048769,-0.107799,0.652593,0.386702,1.127871,0.081175,-0.027122,-0.106269,0.705433,-0.315194,1.128776,0.021995,-0.052982,-0.107257,-0.689985,0.270771,1.128073,-0.039342,0.102593,-0.106125,-0.593466,-0.383946,1.129607,-0.146774,0.023718,-0.107409
33.280000,-0.059276,0.042554,1.127038,0.066096,-0.047473,-0.104082,0.654200,0.386169,1.125783,0.079539,-0.026140,-0.102591,0.705872,-0.316243,1.126668,0.021937,-0.051832,-0.103551,-0.690766,0.272798,1.125988,-0.038830,0.100151,-0.102464,-0.596368,-0.383480,1.127495,-0.143462,0.022841,-0.103748
33.300000,-0.057971,0.041617,1.124994,0.064327,-0.046204,-0.100413,0.655775,0.385656,1.123767,0.077956,-0.025170,-0.098960,0.706310,-0.317268,1.124634,0.021899,-0.050715,-0.099892,-0.691538,0.274777,1.123975,-0.038346,0.097768,-0.098849,-0.599205,-0.383032,1.125456,-0.140234,0.021972,-0.100131
33.320000,-0.056702,0.040705,1.123021,0.062603,-0.044966,-0.096812,0.657319,0.385163,1.121824,0.076428,-0.024216,-0.095396,0.706748,-0.318271,1.122672,0.021878,-0.049633,-0.096301,-0.692300,0.276709,1.122033,-0.037889,0.095451,-0.095299,-0.601978,-0.382601,1.123489,-0.137101,0.021117,-0.096580
33.340000,-0.055467,0.039818,1.121121,0.060930,-0.043766,-0.093299,0.658833,0.384688,1.119951,0.074957,-0.023284,-0.091919,0.707185,-0.319254,1.120781,0.021868,-0.048590,-0.092799,-0.693054,0.278596,1.120162,-0.037458,0.093208,-0.091836,-0.604690,-0.382187,1.121593,-0.134071,0.020280,-0.093115
33.360000,-0.054265,0.038954,1.119289,0.059309,-0.042602,-0.089876,0.660318,0.384231,1.118147,0.073543,-0.022375,-0.088529,0.707623,-0.320215,1.118959,0.021872,-0.047584,-0.089385,-0.693799,0.280438,1.118359,-0.037053,0.091040,-0.088459,-0.607342,-0.381790,1.119764,-0.131145,0.019462,-0.089736
33.380000,-0.053094,0.038114,1.117525,0.057739,-0.041475,-0.086541,0.661775,0.383792,1.116409,0.072186,-0.021488,-0.085228,0.708060,-0.321157,1.117205,0.021889,-0.046617,-0.086060,-0.694536,0.282238,1.116623,-0.036673,0.088946,-0.085169,-0.609937,-0.381409,1.118003,-0.128323,0.018663,-0.086443
33.400000,-0.051955,0.037295,1.115827,0.056220,-0.040384,-0.083295,0.663205,0.383371,1.114737,0.070887,-0.020624,-0.082014,0.708498,-0.322080,1.115516,0.021918,-0.045687,-0.082823,-0.695266,0.283996,1.114952,-0.036318,0.086926,-0.081966,-0.612476,-0.381043,1.116306,-0.125604,0.017882,-0.083236
33.420000,-0.050845,0.036498,1.114192,0.054754,-0.039333,-0.080148,0.664611,0.382967,1.113128,0.069644,-0.019784,-0.078898,0.708937,-0.322985,1.113892,0.021956,-0.044796,-0.079686,-0.695989,0.285715,1.113344,-0.035986,0.084982,-0.078860,-0.614961,-0.380693,1.114672,-0.122990,0.017124,-0.080127
33.440000,-0.049764,0.035722,1.112620,0.053345,-0.038321,-0.077112,0.665992,0.382580,1.111580,0.068457,-0.018973,-0.075891,0.709377,-0.323872,1.112328,0.022002,-0.043942,-0.076659,-0.696706,0.287396,1.111797,-0.035674,0.083117,-0.075863,-0.617396,-0.380358,1.113100,-0.120484,0.016390,-0.077126
33.460000,-0.048711,0.034965,1.111107,0.051992,-0.037350,-0.074187,0.667349,0.382208,1.110092,0.067324,-0.018190,-0.072993,0.709817,-0.324743,1.110824,0.022053,-0.043127,-0.073742,-0.697416,0.289041,1.110309,-0.035383,0.081329,-0.072974,-0.619781,-0.380037,1.111587,-0.118084,0.015681,-0.074233
33.480000,-0.047684,0.034227,1.109652,0.050695,-0.036419,-0.071372,0.668685,0.381852,1.108660,0.066247,-0.017436,-0.070204,0.710259,-0.325598,1.109378,0.022111,-0.042350,-0.070935,-0.698121,0.290650,1.108877,-0.035112,0.079619,-0.070194,-0.622120,-0.379731,1.110130,-0.115791,0.014997,-0.071449
33.500000,-0.046683,0.033508,1.108252,0.049455,-0.035528,-0.068668,0.670000,0.381511,1.107283,0.065225,-0.016709,-0.067525,0.710702,-0.326437,1.107986,0.022175,-0.041610,-0.068238,-0.698821,0.292226,1.107500,-0.034862,0.077988,-0.067522,-0.624414,-0.379437,1.108728,-0.113605,0.014337,-0.068773
33.520000,-0.045706,0.032806,1.106904,0.048271,-0.034678,-0.066080,0.671294,0.381183,1.105958,0.064255,-0.016013,-0.064961,0.711146,-0.327262,1.106648,0.022242,-0.040907,-0.065658,-0.699516,0.293770,1.106175,-0.034627,0.076433,-0.064966,-0.626665,-0.379157,1.107378,-0.111523,0.013704,-0.066212
33.540000,-0.044752,0.032120,1.105608,0.047144,-0.033869,-0.063616,0.672570,0.380870,1.104684,0.063334,-0.015349,-0.062519,0.711591,-0.328074,1.105359,0.022308,-0.040239,-0.063201,-0.700206,0.295284,1.104901,-0.034406,0.074953,-0.062532,-0.628875,-0.378889,1.106079,-0.109541,0.013101,-0.063773
33.560000,-0.043819,0.031451,1.104359,0.046074,-0.033100,-0.061275,0.673828,0.380569,1.103457,0.062460,-0.014717,-0.060199,0.712038,-0.328872,1.104119,0.022372,-0.039606,-0.060868,-0.700892,0.296768,1.103673,-0.034198,0.073548,-0.060220,-0.631047,-0.378633,1.104827,-0.107661,0.012526,-0.061456
33.580000,-0.042908,0.030796,1.103156,0.045060,-0.032373,-0.059058,0.675069,0.380281,1.102275,0.061635,-0.014118,-0.058000,0.712486,-0.329658,1.102924,0.022435,-0.039007,-0.058657,-0.701574,0.298226,1.102491,-0.034002,0.072219,-0.058029,-0.633183,-0.378388,1.103620,-0.105882,0.011981,-0.059260
33.600000,-0.042017,0.030156,1.101996,0.044104,-0.031686,-0.056964,0.676294,0.380004,1.101136,0.060859,-0.013551,-0.055924,0.712936,-0.330432,1.101772,0.022497,-0.038442,-0.056569,-0.702252,0.299658,1.101351,-0.033820,0.070965,-0.055961,-0.635283,-0.378153,1.102455,-0.104204,0.011465,-0.057186
33.620000,-0.041144,0.029529,1.100876,0.043201,-0.031037,-0.054990,0.677503,0.379739,1.100037,0.060126,-0.013016,-0.053967,0.713386,-0.331196,1.100660,0.022556,-0.037910,-0.054601,-0.702927,0.301065,1.100252,-0.033648,0.069781,-0.054011,-0.637351,-0.377929,1.101331,-0.102620,0.010977,-0.055230
33.640000,-0.040288,0.028914,1.099795,0.042350,-0.030426,-0.053132,0.678699,0.379484,1.098976,0.059435,-0.012511,-0.052125,0.713838,-0.331949,1.099587,0.022611,-0.037408,-0.052749,-0.703598,0.302449,1.099190,-0.033485,0.068665,-0.052176,-0.639389,-0.377714,1.100245,-0.101125,0.010517,-0.053390
33.660000,-0.039449,0.028311,1.098750,0.041550,-0.029851,-0.051390,0.679881,0.379238,1.097951,0.058784,-0.012037,-0.050398,0.714291,-0.332692,1.098549,0.022661,-0.036936,-0.051013,-0.704266,0.303812,1.098164,-0.033330,0.067615,-0.050457,-0.641397,-0.377508,1.099195,-0.099719,0.010086,-0.051664
33.680000,-0.038626,0.027720,1.097739,0.040802,-0.029314,-0.049765,0.681051,0.379002,1.096960,0.058174,-0.011594,-0.048786,0.714744,-0.333427,1.097545,0.022708,-0.036494,-0.049393,-0.704931,0.305154,1.097171,-0.033184,0.066631,-0.048852,-0.643378,-0.377311,1.098178,-0.098400,0.009682,-0.050053
33.700000,-0.037817,0.027138,1.096759,0.040105,-0.028813,-0.048256,0.682208,0.378774,1.095999,0.057604,-0.011182,-0.047289,0.715199,-0.334152,1.096573,0.022750,-0.036081,-0.047889,-0.705594,0.306478,1.096209,-0.033047,0.065714,-0.047363,-0.645333,-0.377121,1.097192,-0.097171,0.009307,-0.048558
33.720000,-0.037021,0.026567,1.095808,0.039455,-0.028346,-0.046855,0.683355,0.378554,1.095067,0.057072,-0.010799,-0.045899,0.715654,-0.334870,1.095629,0.022787,-0.035696,-0.046493,-0.706253,0.307783,1.095276,-0.032917,0.064859,-0.045980,-0.647265,-0.376938,1.096235,-0.096023,0.008957,-0.047169
33.740000,-0.036238,0.026004,1.094884,0.038849,-0.027910,-0.045554,0.684491,0.378342,1.094163,0.056573,-0.010442,-0.044608,0.716110,-0.335580,1.094712,0.022821,-0.035335,-0.045196,-0.706910,0.309073,1.094369,-0.032794,0.064059,-0.044696,-0.649175,-0.376762,1.095305,-0.094949,0.008632,-0.045879
33.760000,-0.035467,0.025450,1.093985,0.038286,-0.027505,-0.044352,0.685618,0.378137,1.093282,0.056108,-0.010111,-0.043416,0.716567,-0.336284,1.093821,0.022849,-0.035000,-0.043998,-0.707565,0.310346,1.093487,-0.032677,0.063316,-0.043511,-0.651064,-0.376593,1.094399,-0.093950,0.008331,-0.044688
33.780000,-0.034707,0.024904,1.093109,0.037767,-0.027132,-0.043250,0.686736,0.377937,1.092425,0.055676,-0.009807,-0.042322,0.717024,-0.336981,1.092952,0.022874,-0.034689,-0.042900,-0.708218,0.311606,1.092628,-0.032568,0.062628,-0.042424,-0.652933,-0.376429,1.093517,-0.093025,0.008054,-0.043595
33.800000,-0.033956,0.024365,1.092255,0.037291,-0.026790,-0.042248,0.687846,0.377744,1.091589,0.055279,-0.009530,-0.041327,0.717482,-0.337671,1.092104,0.022894,-0.034403,-0.041901,-0.708868,0.312852,1.091790,-0.032464,0.061997,-0.041436,-0.654785,-0.376270,1.092655,-0.092174,0.007801,-0.042601
33.820000,-0.033215,0.023832,1.091419,0.036854,-0.026476,-0.041335,0.688947,0.377556,1.090772,0.054911,-0.009276,-0.040421,0.717940,-0.338357,1.091275,0.022910,-0.034140,-0.040992,-0.709516,0.314086,1.090970,-0.032367,0.061417,-0.040536,-0.656621,-0.376117,1.091812,-0.091391,0.007570,-0.041696
33.840000,-0.032482,0.023306,1.090601,0.036453,-0.026187,-0.040501,0.690042,0.377373,1.089972,0.054572,-0.009044,-0.039594,0.718398,-0.339037,1.090464,0.022923,-0.033896,-0.040162,-0.710163,0.315309,1.090168,-0.032275,0.060882,-0.039714,-0.658441,-0.375967,1.090986,-0.090669,0.007358,-0.040869
33.860000,-0.031757,0.022785,1.089798,0.036087,-0.025924,-0.039747,0.691130,0.377194,1.089187,0.054259,-0.008833,-0.038846,0.718857,-0.339713,1.089668,0.022933,-0.033673,-0.039411,-0.710807,0.316521,1.089381,-0.032190,0.060393,-0.038971,-0.660248,-0.375822,1.090177,-0.090007,0.007167,-0.040121
33.880000,-0.031038,0.022268,1.089010,0.035756,-0.025686,-0.039073,0.692213,0.377019,1.088417,0.053975,-0.008644,-0.038176,0.719316,-0.340384,1.088887,0.022939,-0.033471,-0.038739,-0.711450,0.317725,1.088608,-0.032110,0.059949,-0.038307,-0.662042,-0.375681,1.089381,-0.089407,0.006994,-0.039452
33.900000,-0.030326,0.021757,1.088235,0.035460,-0.025473,-0.038478,0.693290,0.376848,1.087660,0.053717,-0.008476,-0.037585,0.719774,-0.341052,1.088118,0.022942,-0.033288,-0.038147,-0.712092,0.318920,1.087848,-0.032035,0.059551,-0.037721,-0.663825,-0.375542,1.088598,-0.088867,0.006841,-0.038862
33.920000,-0.029620,0.021249,1.087471,0.035195,-0.025283,-0.037952,0.694362,0.376680,1.086913,0.053485,-0.008326,-0.037063,0.720233,-0.341716,1.087361,0.022942,-0.033124,-0.037624,-0.712732,0.320107,1.087099,-0.031966,0.059194,-0.037204,-0.665597,-0.375407,1.087826,-0.088381,0.006706,-0.038340
33.940000,-0.028918,0.020745,1.086716,0.034958,-0.025112,-0.037486,0.695429,0.376515,1.086177,0.053274,-0.008194,-0.036600,0.720692,-0.342377,1.086613,0.022941,-0.032975,-0.037159,-0.713370,0.321288,1.086360,-0.031902,0.058872,-0.036745,-0.667360,-0.375274,1.087064,-0.087943,0.006585,-0.037878
33.960000,-0.028221,0.020245,1.085971,0.034747,-0.024961,-0.037079,0.696493,0.376352,1.085449,0.053086,-0.008077,-0.036196,0.721151,-0.343035,1.085874,0.022937,-0.032843,-0.036754,-0.714008,0.322462,1.085629,-0.031843,0.058586,-0.036344,-0.669115,-0.375143,1.086311,-0.087553,0.006479,-0.037474
33.980000,-0.027528,0.019747,1.085233,0.034564,-0.024829,-0.036731,0.697553,0.376192,1.084729,0.052919,-0.007977,-0.035850,0.721610,-0.343691,1.085142,0.022932,-0.032726,-0.036408,-0.714644,0.323631,1.084906,-0.031790,0.058336,-0.036002,-0.670863,-0.375015,1.085565,-0.087211,0.006388,-0.037128
34.000000,-0.026838,0.019251,1.084501,0.034408,-0.024717,-0.036442,0.698610,0.376033,1.084015,0.052775,-0.007893,-0.035563,0.722068,-0.344344,1.084417,0.022924,-0.032625,-0.036120,-0.715279,0.324796,1.084188,-0.031741,0.058122,-0.035718,-0.672604,-0.374888,1.084825,-0.086916,0.006312,-0.036841
34.020000,-0.026152,0.018758,1.083775,0.034276,-0.024621,-0.036202,0.699664,0.375876,1.083306,0.052649,-0.007822,-0.035325,0.722527,-0.344996,1.083697,0.022916,-0.032538,-0.035882,-0.715914,0.325956,1.083476,-0.031697,0.057938,-0.035482,-0.674340,-0.374762,1.084091,-0.086663,0.006248,-0.036603
34.040000,-0.025467,0.018267,1.083053,0.034162,-0.024539,-0.036000,0.700716,0.375720,1.082601,0.052540,-0.007763,-0.035124,0.722985,-0.345646,1.082982,0.022906,-0.032463,-0.035681,-0.716547,0.327114,1.082769,-0.031658,0.057779,-0.035284,-0.676071,-0.374638,1.083361,-0.086445,0.006194,-0.036403
34.060000,-0.024785,0.017776,1.082335,0.034068,-0.024471,-0.035837,0.701766,0.375566,1.081900,0.052447,-0.007714,-0.034962,0.723443,-0.346294,1.082270,0.022897,-0.032400,-0.035519,-0.717180,0.328268,1.082065,-0.031623,0.057647,-0.035124,-0.677798,-0.374514,1.082634,-0.086261,0.006151,-0.036241
34.080000,-0.024104,0.017288,1.081619,0.033992,-0.024417,-0.035713,0.702814,0.375412,1.081203,0.052370,-0.007677,-0.034839,0.723901,-0.346942,1.081561,0.022886,-0.032348,-0.035395,-0.717812,0.329420,1.081364,-0.031593,0.057540,-0.035002,-0.679521,-0.374392,1.081911,-0.086112,0.006117,-0.036118
34.100000,-0.023425,0.016800,1.080906,0.033936,-0.024377,-0.035627,0.703860,0.375258,1.080507,0.052310,-0.007651,-0.034753,0.724358,-0.347588,1.080854,0.022876,-0.032307,-0.035310,-0.718444,0.330569,1.080664,-0.031567,0.057458,-0.034918,-0.681242,-0.374270,1.081189,-0.085998,0.006094,-0.036033
34.120000,-0.022747,0.016312,1.080194,0.033894,-0.024347,-0.035567,0.704906,0.375106,1.079812,0.052263,-0.007632,-0.034694,0.724816,-0.348234,1.080148,0.022866,-0.032276,-0.035251,-0.719075,0.331718,1.079967,-0.031546,0.057397,-0.034860,-0.682961,-0.374148,1.080469,-0.085910,0.006077,-0.035973
34.140000,-0.022069,0.015826,1.079483,0.033862,-0.024323,-0.035520,0.705951,0.374953,1.079119,0.052227,-0.007618,-0.034647,0.725273,-0.348879,1.079443,0.022858,-0.032252,-0.035204,-0.719706,0.332865,1.079270,-0.031529,0.057348,-0.034814,-0.684679,-0.374026,1.079750,-0.085842,0.006064,-0.035927
34.160000,-0.021392,0.015340,1.078773,0.033838,-0.024306,-0.035487,0.706995,0.374801,1.078426,0.052200,-0.007607,-0.034614,0.725730,-0.349524,1.078740,0.022852,-0.032235,-0.035171,-0.720336,0.334012,1.078574,-0.031518,0.057314,-0.034782,-0.686395,-0.373905,1.079032,-0.085794,0.006055,-0.035894
34.180000,-0.020716,0.014853,1.078063,0.033824,-0.024296,-0.035467,0.708039,0.374649,1.077734,0.052185,-0.007601,-0.034595,0.726187,-0.350169,1.078036,0.022849,-0.032224,-0.035152,-0.720966,0.335158,1.077879,-0.031511,0.057294,-0.034762,-0.688111,-0.373784,1.078314,-0.085765,0.006050,-0.035874
34.200000,-0.020039,0.014368,1.077354,0.033820,-0.024293,-0.035460,0.709083,0.374497,1.077042,0.052180,-0.007599,-0.034588,0.726644,-0.350813,1.077334,0.022848,-0.032221,-0.035145,-0.721597,0.336304,1.077184,-0.031508,0.057287,-0.034756,-0.689826,-0.373663,1.077597,-0.085755,0.006048,-0.035867
34.220000,-0.019363,0.013882,1.076645,0.033824,-0.024296,-0.035467,0.710126,0.374345,1.076351,0.052185,-0.007601,-0.034595,0.727101,-0.351458,1.076631,0.022849,-0.032224,-0.035152,-0.722227,0.337450,1.076488,-0.031511,0.057294,-0.034762,-0.691541,-0.373542,1.076880,-0.085765,0.006050,-0.035874
34.240000,-0.018686,0.013396,1.075935,0.033838,-0.024306,-0.035487,0.711170,0.374193,1.075658,0.052200,-0.007607,-0.034614,0.727558,-0.352102,1.075927,0.022852,-0.032235,-0.035171,-0.722857,0.338596,1.075793,-0.031518,0.057314,-0.034782,-0.693257,-0.373421,1.076162,-0.085794,0.006055,-0.035894
34.260000,-0.018009,0.012909,1.075225,0.033862,-0.024323,-0.035520,0.712214,0.374040,1.074966,0.052227,-0.007618,-0.034647,0.728015,-0.352747,1.075224,0.022858,-0.032252,-0.035204,-0.723488,0.339742,1.075097,-0.031529,0.057348,-0.034814,-0.694973,-0.373300,1.075444,-0.085842,0.006064,-0.035927
34.280000,-0.017332,0.012423,1.074514,0.033894,-0.024347,-0.035567,0.713259,0.373888,1.074273,0.052263,-0.007632,-0.034694,0.728472,-0.353392,1.074519,0.022866,-0.032276,-0.035251,-0.724118,0.340890,1.074400,-0.031546,0.057397,-0.034860,-0.696690,-0.373179,1.074725,-0.085910,0.006077,-0.035973
