time[s],drone0_posx[m],drone0_posy[m],drone0_posz[m],drone0_velx[m/s],drone0_vely[m/s],drone0_velz[m/s],drone1_posx[m],drone1_posy[m],drone1_posz[m],drone1_velx[m/s],drone1_vely[m/s],drone1_velz[m/s],drone2_posx[m],drone2_posy[m],drone2_posz[m],drone2_velx[m/s],drone2_vely[m/s],drone2_velz[m/s],drone3_posx[m],drone3_posy[m],drone3_posz[m],drone3_velx[m/s],drone3_vely[m/s],drone3_velz[m/s],drone4_posx[m],drone4_posy[m],drone4_posz[m],drone4_velx[m/s],drone4_vely[m/s],drone4_velz[m/s]
0.000000,0.050525,0.006682,1.001659,-0.432376,0.027221,0.000924,0.768582,0.328848,1.005005,-0.493212,0.178591,-0.001073,0.729417,-0.386073,0.992817,-0.001942,0.570282,-0.002119,-0.738802,0.386372,1.000292,0.133925,-0.687533,-0.007973,-0.777664,-0.344751,0.996778,0.706232,-0.061676,0.002461
0.020000,0.041877,0.007226,1.001678,-0.432469,0.027205,0.000924,0.758717,0.332421,1.004984,-0.493365,0.178633,-0.001075,0.729377,-0.374667,0.992775,-0.001990,0.570352,-0.002115,-0.736123,0.372621,1.000133,0.134014,-0.687624,-0.007970,-0.763539,-0.345985,0.996827,0.706383,-0.061679,0.002464
0.040000,0.033225,0.007770,1.001696,-0.432750,0.027157,0.000924,0.748846,0.335994,1.004962,-0.493823,0.178759,-0.001082,0.729336,-0.363258,0.992733,-0.002132,0.570559,-0.002102,-0.733441,0.358866,0.999974,0.134281,-0.687896,-0.007962,-0.749407,-0.347218,0.996876,0.706836,-0.061687,0.002471
0.060000,0.024565,0.008312,1.001715,-0.433218,0.027076,0.000925,0.738962,0.339571,1.004941,-0.494585,0.178969,-0.001093,0.729292,-0.351844,0.992691,-0.002370,0.570905,-0.002080,-0.730751,0.345104,0.999814,0.134726,-0.688348,-0.007948,-0.735263,-0.348452,0.996926,0.707591,-0.061702,0.002484
0.080000,0.015895,0.008852,1.001733,-0.433873,0.026964,0.000925,0.729060,0.343154,1.004919,-0.495653,0.179264,-0.001108,0.729241,-0.340421,0.992650,-0.002702,0.571389,-0.002049,-0.728050,0.331331,0.999656,0.135348,-0.688982,-0.007929,-0.721101,-0.349686,0.996976,0.708647,-0.061723,0.002501
0.100000,0.007209,0.009390,1.001752,-0.434714,0.026819,0.000926,0.719134,0.346743,1.004896,-0.497026,0.179642,-0.001128,0.729183,-0.328987,0.992609,-0.003129,0.572012,-0.002010,-0.725336,0.317543,0.999497,0.136148,-0.689797,-0.007904,-0.706915,-0.350921,0.997026,0.710005,-0.061749,0.002523
0.120000,-0.001495,0.009925,1.001770,-0.435762,0.026622,0.000926,0.709177,0.350340,1.004873,-0.498768,0.180122,-0.001154,0.729115,-0.317540,0.992569,-0.003683,0.572770,-0.001960,-0.722603,0.303738,0.999340,0.137183,-0.690795,-0.007869,-0.692699,-0.352156,0.997077,0.711716,-0.061778,0.002552
0.140000,-0.010223,0.010455,1.001789,-0.437034,0.026351,0.000927,0.699180,0.353948,1.004850,-0.500944,0.180720,-0.001186,0.729034,-0.306076,0.992531,-0.004396,0.573663,-0.001899,-0.719847,0.289910,0.999183,0.138509,-0.691978,-0.007820,-0.678444,-0.353392,0.997128,0.713828,-0.061804,0.002587
0.160000,-0.018978,0.010978,1.001807,-0.438531,0.026007,0.000927,0.689136,0.357570,1.004826,-0.503553,0.181437,-0.001224,0.728938,-0.294592,0.992493,-0.005267,0.574690,-0.001827,-0.717061,0.276057,0.999027,0.140126,-0.693348,-0.007757,-0.664143,-0.354628,0.997180,0.716343,-0.061827,0.002630
0.180000,-0.027765,0.011494,1.001826,-0.440252,0.025589,0.000926,0.679035,0.361206,1.004801,-0.506595,0.182272,-0.001269,0.728823,-0.283087,0.992458,-0.006298,0.575852,-0.001744,-0.714240,0.262175,0.998872,0.142035,-0.694903,-0.007680,-0.649788,-0.355865,0.997233,0.719260,-0.061849,0.002680
0.200000,-0.036590,0.012001,1.001844,-0.442198,0.025099,0.000926,0.668869,0.364861,1.004775,-0.510070,0.183225,-0.001320,0.728685,-0.271557,0.992424,-0.007487,0.577147,-0.001649,-0.711377,0.248260,0.998720,0.144235,-0.696643,-0.007589,-0.635370,-0.357102,0.997287,0.722579,-0.061868,0.002737
0.220000,-0.045455,0.012498,1.001863,-0.444351,0.024519,0.000926,0.658630,0.368536,1.004748,-0.513972,0.184296,-0.001378,0.728522,-0.260001,0.992392,-0.008852,0.578535,-0.001544,-0.708468,0.234308,0.998569,0.146747,-0.698514,-0.007482,-0.620882,-0.358340,0.997343,0.726278,-0.061870,0.002800
0.240000,-0.054365,0.012982,1.001881,-0.446693,0.023836,0.000925,0.648308,0.372234,1.004720,-0.518290,0.185482,-0.001442,0.728330,-0.248416,0.992362,-0.010408,0.579975,-0.001428,-0.705505,0.220319,0.998421,0.149593,-0.700460,-0.007357,-0.606317,-0.359577,0.997399,0.730331,-0.061840,0.002870
0.260000,-0.063324,0.013451,1.001900,-0.449223,0.023048,0.000925,0.637895,0.375956,1.004690,-0.523027,0.186782,-0.001513,0.728104,-0.236801,0.992335,-0.012155,0.581465,-0.001301,-0.702482,0.206290,0.998275,0.152771,-0.702482,-0.007215,-0.591666,-0.360813,0.997458,0.734741,-0.061777,0.002945
0.280000,-0.072335,0.013903,1.001918,-0.451943,0.022156,0.000925,0.627384,0.379706,1.004659,-0.528180,0.188198,-0.001590,0.727842,-0.225157,0.992310,-0.014093,0.583006,-0.001164,-0.699392,0.192219,0.998132,0.156282,-0.704579,-0.007054,-0.576925,-0.362048,0.997517,0.739506,-0.061682,0.003025
0.300000,-0.081403,0.014336,1.001937,-0.454851,0.021160,0.000925,0.616765,0.383485,1.004627,-0.533752,0.189729,-0.001674,0.727539,-0.213481,0.992288,-0.016223,0.584599,-0.001017,-0.696229,0.178106,0.997993,0.160127,-0.706750,-0.006876,-0.562084,-0.363280,0.997579,0.744626,-0.061556,0.003112
0.320000,-0.090530,0.014748,1.001955,-0.457904,0.020051,0.000925,0.606031,0.387296,1.004592,-0.539678,0.191362,-0.001764,0.727192,-0.201773,0.992269,-0.018547,0.586180,-0.000860,-0.692985,0.163949,0.997857,0.164298,-0.708920,-0.006680,-0.547137,-0.364510,0.997642,0.750045,-0.061385,0.003202
0.340000,-0.099720,0.015137,1.001974,-0.461058,0.018817,0.000925,0.595176,0.391140,1.004556,-0.545896,0.193081,-0.001859,0.726796,-0.190034,0.992254,-0.021072,0.587690,-0.000695,-0.689655,0.149750,0.997726,0.168788,-0.711009,-0.006467,-0.532080,-0.365735,0.997707,0.755702,-0.061157,0.003296
0.360000,-0.108973,0.015500,1.001992,-0.464313,0.017460,0.000924,0.584194,0.395020,1.004518,-0.552406,0.194887,-0.001958,0.726348,-0.178266,0.992242,-0.023796,0.589127,-0.000521,-0.686231,0.135509,0.997599,0.173597,-0.713019,-0.006236,-0.516908,-0.366956,0.997774,0.761599,-0.060873,0.003392
0.380000,-0.118293,0.015835,1.002011,-0.467669,0.015979,0.000923,0.573078,0.398936,1.004478,-0.559208,0.196780,-0.002062,0.725843,-0.166469,0.992233,-0.026719,0.590493,-0.000340,-0.682709,0.121229,0.997476,0.178726,-0.714949,-0.005987,-0.501615,-0.368170,0.997842,0.767735,-0.060533,0.003491
0.400000,-0.127680,0.016139,1.002029,-0.471126,0.014374,0.000921,0.561823,0.402891,1.004436,-0.566301,0.198761,-0.002170,0.725278,-0.154646,0.992228,-0.029842,0.591786,-0.000150,-0.679080,0.106912,0.997359,0.184174,-0.716798,-0.005720,-0.486197,-0.369377,0.997913,0.774111,-0.060137,0.003593
0.420000,-0.137138,0.016409,1.002048,-0.474619,0.012638,0.000919,0.550425,0.406887,1.004391,-0.573604,0.200787,-0.002282,0.724648,-0.142799,0.992227,-0.033158,0.592955,0.000046,-0.675340,0.092559,0.997248,0.189923,-0.718489,-0.005438,-0.470649,-0.370575,0.997986,0.780646,-0.059663,0.003695
0.440000,-0.146665,0.016643,1.002066,-0.478084,0.010763,0.000915,0.538878,0.410923,1.004344,-0.581035,0.202818,-0.002396,0.723950,-0.130929,0.992230,-0.036661,0.593948,0.000247,-0.671481,0.078174,0.997142,0.195954,-0.719941,-0.005140,-0.454970,-0.371762,0.998061,0.787258,-0.059088,0.003797
0.460000,-0.156261,0.016839,1.002084,-0.481519,0.008748,0.000909,0.527182,0.415000,1.004295,-0.588592,0.204854,-0.002512,0.723180,-0.119042,0.992237,-0.040350,0.594765,0.000454,-0.667500,0.063762,0.997042,0.202267,-0.721155,-0.004828,-0.439159,-0.372938,0.998138,0.793949,-0.058413,0.003897
0.480000,-0.165926,0.016992,1.002102,-0.484927,0.006594,0.000902,0.515334,0.419117,1.004244,-0.596276,0.206894,-0.002630,0.722335,-0.107140,0.992248,-0.044226,0.595405,0.000665,-0.663389,0.049329,0.996949,0.208861,-0.722130,-0.004501,-0.423212,-0.374098,0.998217,0.800717,-0.057637,0.003996
0.500000,-0.175658,0.017101,1.002120,-0.488305,0.004300,0.000894,0.503330,0.423275,1.004190,-0.604088,0.208940,-0.002750,0.721410,-0.095227,0.992264,-0.048288,0.595869,0.000881,-0.659143,0.034879,0.996862,0.215737,-0.722866,-0.004160,-0.407129,-0.375242,0.998298,0.807564,-0.056762,0.004095
0.520000,-0.185457,0.017163,1.002138,-0.491580,0.001857,0.000883,0.491170,0.427474,1.004134,-0.611940,0.210930,-0.002870,0.720402,-0.083307,0.992284,-0.052527,0.596125,0.001101,-0.654757,0.020417,0.996783,0.222879,-0.723297,-0.003806,-0.390909,-0.376368,0.998381,0.814405,-0.055757,0.004190
0.540000,-0.195320,0.017175,1.002156,-0.494676,-0.000745,0.000870,0.478853,0.431712,1.004075,-0.619747,0.212804,-0.002988,0.719308,-0.071384,0.992308,-0.056930,0.596141,0.001322,-0.650226,0.005950,0.996710,0.230270,-0.723353,-0.003441,-0.374554,-0.377472,0.998465,0.821159,-0.054595,0.004279
0.560000,-0.205243,0.017132,1.002173,-0.497593,-0.003505,0.000855,0.466381,0.435986,1.004014,-0.627508,0.214563,-0.003106,0.718124,-0.059463,0.992336,-0.061499,0.595916,0.001544,-0.645545,-0.008515,0.996645,0.237909,-0.723034,-0.003067,-0.358064,-0.378551,0.998552,0.827825,-0.053275,0.004364
0.580000,-0.215223,0.017033,1.002190,-0.500331,-0.006425,0.000836,0.453753,0.440294,1.003951,-0.635224,0.216205,-0.003221,0.716847,-0.047549,0.992370,-0.066233,0.595450,0.001769,-0.640708,-0.022969,0.996587,0.245798,-0.722340,-0.002682,-0.341441,-0.379602,0.998640,0.834403,-0.051798,0.004442
0.600000,-0.225255,0.016874,1.002206,-0.502890,-0.009504,0.000815,0.440972,0.444633,1.003885,-0.642894,0.217732,-0.003336,0.715474,-0.035646,0.992407,-0.071132,0.594745,0.001994,-0.635711,-0.037406,0.996538,0.253935,-0.721273,-0.002287,-0.324688,-0.380621,0.998729,0.840893,-0.050162,0.004516
0.620000,-0.235336,0.016652,1.002222,-0.505194,-0.012756,0.000791,0.428038,0.449002,1.003818,-0.650444,0.219076,-0.003447,0.714001,-0.023760,0.992449,-0.076188,0.593793,0.002220,-0.630549,-0.051817,0.996496,0.262318,-0.719778,-0.001884,-0.307807,-0.381607,0.998820,0.847217,-0.048335,0.004582
0.640000,-0.245461,0.016363,1.002238,-0.507164,-0.016195,0.000764,0.414955,0.453394,1.003748,-0.657798,0.220170,-0.003553,0.712425,-0.011896,0.992496,-0.081392,0.592591,0.002443,-0.625217,-0.066194,0.996462,0.270942,-0.717803,-0.001476,-0.290801,-0.382553,0.998913,0.853296,-0.046283,0.004639
0.660000,-0.255621,0.016003,1.002253,-0.508803,-0.019821,0.000733,0.401728,0.457807,1.003675,-0.664955,0.221014,-0.003655,0.710744,-0.000058,0.992547,-0.086744,0.591138,0.002665,-0.619710,-0.080526,0.996437,0.279808,-0.715348,-0.001063,-0.273676,-0.383457,0.999006,0.859131,-0.044006,0.004686
0.680000,-0.265811,0.015569,1.002267,-0.510108,-0.023635,0.000699,0.388359,0.462233,1.003601,-0.671917,0.221608,-0.003752,0.708954,0.011748,0.992602,-0.092244,0.589434,0.002884,-0.614023,-0.094805,0.996420,0.288916,-0.712413,-0.000645,-0.256438,-0.384312,0.999100,0.864721,-0.041504,0.004724
0.700000,-0.276023,0.015056,1.002281,-0.511081,-0.027636,0.000662,0.374852,0.466669,1.003525,-0.678682,0.221952,-0.003845,0.707053,0.023517,0.992662,-0.097892,0.587479,0.003102,-0.608152,-0.109020,0.996411,0.298266,-0.708998,-0.000223,-0.239089,-0.385115,0.999195,0.870067,-0.038776,0.004752
0.720000,-0.286251,0.014462,1.002294,-0.511646,-0.031823,0.000622,0.361213,0.471109,1.003448,-0.685196,0.221984,-0.003931,0.705038,0.035245,0.992727,-0.103685,0.585285,0.003316,-0.602091,-0.123161,0.996411,0.307832,-0.705099,0.000202,-0.221637,-0.385861,0.999290,0.875098,-0.035788,0.004769
0.740000,-0.296486,0.013782,1.002306,-0.511727,-0.036197,0.000578,0.347446,0.475546,1.003368,-0.691401,0.221643,-0.004010,0.702905,0.046927,0.992795,-0.109620,0.582864,0.003525,-0.595837,-0.137220,0.996419,0.317590,-0.700712,0.000626,-0.204088,-0.386545,0.999386,0.879747,-0.032504,0.004774
0.760000,-0.306717,0.013013,1.002317,-0.511326,-0.040758,0.000532,0.333559,0.479973,1.003287,-0.697298,0.220928,-0.004082,0.700652,0.058558,0.992867,-0.115698,0.580217,0.003729,-0.589386,-0.151187,0.996436,0.327540,-0.695836,0.001049,-0.186450,-0.387160,0.999481,0.884013,-0.028924,0.004767
0.780000,-0.316935,0.012151,1.002327,-0.510441,-0.045505,0.000483,0.319557,0.484381,1.003205,-0.702886,0.219840,-0.004146,0.698276,0.070134,0.992944,-0.121918,0.577342,0.003927,-0.582734,-0.165051,0.996461,0.337683,-0.690472,0.001472,-0.168730,-0.387700,0.999576,0.887895,-0.025049,0.004748
0.800000,-0.327131,0.011191,1.002336,-0.509073,-0.050439,0.000430,0.305446,0.488764,1.003121,-0.708166,0.218379,-0.004203,0.695774,0.081650,0.993025,-0.128281,0.574241,0.004121,-0.575878,-0.178802,0.996495,0.348017,-0.684619,0.001894,-0.150936,-0.388160,0.999671,0.891395,-0.020878,0.004716
0.820000,-0.337295,0.010132,1.002344,-0.507164,-0.055558,0.000376,0.291232,0.493113,1.003037,-0.713104,0.216491,-0.004252,0.693144,0.093103,0.993109,-0.134788,0.570930,0.004308,-0.568813,-0.192432,0.996537,0.358514,-0.678291,0.002312,-0.133077,-0.388533,0.999765,0.894458,-0.016379,0.004672
0.840000,-0.347414,0.008968,1.002351,-0.504658,-0.060859,0.000320,0.276924,0.497420,1.002951,-0.717664,0.214123,-0.004291,0.690382,0.104486,0.993197,-0.141444,0.567424,0.004488,-0.561536,-0.205931,0.996587,0.369146,-0.671497,0.002726,-0.115161,-0.388812,0.999858,0.897028,-0.011519,0.004616
0.860000,-0.357477,0.007696,1.002357,-0.501553,-0.066342,0.000263,0.262528,0.501675,1.002865,-0.721847,0.211274,-0.004322,0.687485,0.115798,0.993288,-0.148248,0.563724,0.004660,-0.554046,-0.219289,0.996646,0.379913,-0.664240,0.003134,-0.097199,-0.388991,0.999949,0.899107,-0.006299,0.004548
0.880000,-0.367472,0.006313,1.002362,-0.497850,-0.072007,0.000204,0.248053,0.505868,1.002779,-0.725653,0.207946,-0.004344,0.684451,0.127034,0.993383,-0.155200,0.559830,0.004824,-0.546339,-0.232497,0.996713,0.390815,-0.656519,0.003537,-0.079200,-0.389062,1.000039,0.900694,-0.000718,0.004469
0.900000,-0.377387,0.004815,1.002365,-0.493548,-0.077855,0.000144,0.233505,0.509990,1.002692,-0.729082,0.204137,-0.004357,0.681276,0.138190,0.993481,-0.162301,0.555742,0.004981,-0.538412,-0.245547,0.996787,0.401851,-0.648333,0.003935,-0.061175,-0.389017,1.000128,0.901789,0.005223,0.004377
0.920000,-0.387210,0.003198,1.002367,-0.488624,-0.083870,0.000084,0.218892,0.514030,1.002604,-0.732120,0.199809,-0.004361,0.677958,0.149263,0.993582,-0.169554,0.551475,0.005129,-0.530264,-0.258428,0.996870,0.412987,-0.639713,0.004326,-0.043132,-0.388850,1.000214,0.902360,0.011552,0.004275
0.940000,-0.396928,0.001459,1.002368,-0.483050,-0.090036,0.000025,0.204222,0.517978,1.002517,-0.734755,0.194922,-0.004356,0.674493,0.160248,0.993686,-0.176967,0.547042,0.005268,-0.521892,-0.271132,0.996960,0.424191,-0.630685,0.004707,-0.025084,-0.388553,1.000299,0.902372,0.018296,0.004166
0.960000,-0.406527,-0.000405,1.002368,-0.476828,-0.096353,-0.000034,0.189504,0.521823,1.002430,-0.736986,0.189477,-0.004341,0.670878,0.171143,0.993793,-0.184539,0.542443,0.005399,-0.513296,-0.283652,0.997058,0.435461,-0.621251,0.005081,-0.007041,-0.388116,1.000381,0.901826,0.025456,0.004049
0.980000,-0.415996,-0.002396,1.002367,-0.469956,-0.102821,-0.000092,0.174746,0.525554,1.002344,-0.738814,0.183473,-0.004317,0.667110,0.181945,0.993902,-0.192270,0.537680,0.005520,-0.504473,-0.295980,0.997164,0.446798,-0.611410,0.005445,0.010985,-0.387532,1.000461,0.900723,0.033030,0.003925
1.000000,-0.425321,-0.004519,1.002365,-0.462436,-0.109440,-0.000149,0.159955,0.529158,1.002258,-0.740238,0.176910,-0.004284,0.663186,0.192649,0.994014,-0.200160,0.532750,0.005632,-0.495424,-0.308106,0.997276,0.458202,-0.601163,0.005801,0.028984,-0.386792,1.000538,0.899061,0.041020,0.003793
1.020000,-0.434490,-0.006775,1.002361,-0.454277,-0.116186,-0.000204,0.145139,0.532626,1.002172,-0.741262,0.169774,-0.004242,0.659103,0.203254,0.994127,-0.208213,0.527666,0.005735,-0.486145,-0.320024,0.997396,0.469631,-0.590549,0.006147,0.046944,-0.385888,1.000612,0.896821,0.049436,0.003656
1.040000,-0.443488,-0.009167,1.002357,-0.445489,-0.123033,-0.000256,0.130307,0.535945,1.002088,-0.741891,0.162050,-0.004191,0.654856,0.213755,0.994243,-0.216433,0.522437,0.005828,-0.476638,-0.331726,0.997522,0.481046,-0.579608,0.006481,0.064853,-0.384811,1.000684,0.893982,0.058287,0.003517
1.060000,-0.452305,-0.011697,1.002351,-0.436073,-0.129982,-0.000305,0.115466,0.539104,1.002005,-0.742125,0.153738,-0.004131,0.650444,0.224150,0.994361,-0.224820,0.517063,0.005912,-0.466903,-0.343206,0.997655,0.492445,-0.568342,0.006803,0.082699,-0.383554,1.000753,0.890544,0.067575,0.003375
1.080000,-0.460927,-0.014367,1.002344,-0.426028,-0.137032,-0.000351,0.100624,0.542091,1.001923,-0.741963,0.144838,-0.004063,0.645863,0.234436,0.994480,-0.233374,0.511545,0.005987,-0.456941,-0.354457,0.997794,0.503830,-0.556748,0.007114,0.100471,-0.382106,1.000819,0.886506,0.077299,0.003231
1.100000,-0.469342,-0.017179,1.002337,-0.415355,-0.144184,-0.000394,0.085790,0.544894,1.001842,-0.741405,0.135351,-0.003985,0.641108,0.244611,0.994600,-0.242094,0.505881,0.006051,-0.446750,-0.365474,0.997939,0.515200,-0.544828,0.007414,0.118155,-0.380459,1.000882,0.881870,0.087459,0.003084
1.120000,-0.477537,-0.020135,1.002329,-0.404075,-0.151418,-0.000432,0.070971,0.547501,1.001763,-0.740467,0.125290,-0.003899,0.636178,0.254671,0.994722,-0.250978,0.500079,0.006107,-0.436333,-0.376249,0.998090,0.526504,-0.532617,0.007701,0.135741,-0.378604,1.000943,0.876624,0.098037,0.002937
1.140000,-0.485501,-0.023236,1.002320,-0.392212,-0.158713,-0.000465,0.056174,0.549902,1.001686,-0.739164,0.114671,-0.003805,0.631068,0.264613,0.994844,-0.260020,0.494143,0.006154,-0.425691,-0.386777,0.998247,0.537690,-0.520147,0.007974,0.153216,-0.376535,1.001000,0.870760,0.109016,0.002791
1.160000,-0.493222,-0.026483,1.002310,-0.379764,-0.166071,-0.000493,0.041407,0.552084,1.001611,-0.737497,0.103495,-0.003704,0.625776,0.274436,0.994968,-0.269221,0.488075,0.006192,-0.414826,-0.397053,0.998409,0.548759,-0.507420,0.008233,0.170568,-0.374241,1.001054,0.864277,0.120394,0.002647
1.180000,-0.500688,-0.029879,1.002300,-0.366732,-0.173490,-0.000515,0.026676,0.554038,1.001538,-0.735464,0.091759,-0.003594,0.620298,0.284135,0.995092,-0.278579,0.481873,0.006221,-0.403741,-0.407072,0.998576,0.559710,-0.494436,0.008478,0.187783,-0.371716,1.001106,0.857176,0.132173,0.002504
1.200000,-0.507887,-0.033423,1.002290,-0.353117,-0.180971,-0.000531,0.011990,0.555751,1.001468,-0.733066,0.079466,-0.003476,0.614632,0.293710,0.995216,-0.288097,0.475538,0.006241,-0.392439,-0.416828,0.998748,0.570543,-0.481194,0.008710,0.204851,-0.368952,1.001154,0.849456,0.144353,0.002363
1.220000,-0.514809,-0.037118,1.002279,-0.338961,-0.188494,-0.000540,-0.002644,0.557213,1.001399,-0.730327,0.066657,-0.003351,0.608773,0.303156,0.995341,-0.297758,0.469081,0.006252,-0.380921,-0.426318,0.998925,0.581216,-0.467718,0.008927,0.221757,-0.365940,1.001200,0.841116,0.156882,0.002224
1.240000,-0.521442,-0.040963,1.002268,-0.324309,-0.196040,-0.000542,-0.017221,0.558414,1.001334,-0.727269,0.053375,-0.003219,0.602720,0.312472,0.995466,-0.307547,0.462513,0.006256,-0.369191,-0.435536,0.999105,0.591684,-0.454035,0.009130,0.238491,-0.362674,1.001243,0.832156,0.169713,0.002089
1.260000,-0.527778,-0.044960,1.002257,-0.309160,-0.203607,-0.000535,-0.031733,0.559345,1.001271,-0.723894,0.039619,-0.003080,0.596471,0.321656,0.995592,-0.317465,0.455835,0.006252,-0.357255,-0.444478,0.999290,0.601947,-0.440143,0.009319,0.255040,-0.359149,1.001284,0.822576,0.182845,0.001957
1.280000,-0.533805,-0.049108,1.002247,-0.293515,-0.211197,-0.000519,-0.046174,0.559996,1.001210,-0.720200,0.025389,-0.002934,0.590021,0.330705,0.995716,-0.327512,0.449045,0.006241,-0.345115,-0.453140,0.999478,0.612006,-0.426042,0.009495,0.271390,-0.355358,1.001322,0.812375,0.196278,0.001828
1.300000,-0.539515,-0.053408,1.002236,-0.277374,-0.218809,-0.000496,-0.060539,0.560357,1.001153,-0.716188,0.010686,-0.002781,0.583369,0.339617,0.995841,-0.337687,0.442144,0.006222,-0.332776,-0.461518,0.999670,0.621861,-0.411733,0.009656,0.287530,-0.351296,1.001357,0.801554,0.210012,0.001704
1.320000,-0.544897,-0.057860,1.002227,-0.260797,-0.226418,-0.000464,-0.074820,0.560420,1.001099,-0.711888,-0.004421,-0.002622,0.576513,0.348390,0.995965,-0.347965,0.435153,0.006195,-0.320242,-0.469608,0.999864,0.631480,-0.397246,0.009804,0.303448,-0.346956,1.001390,0.790119,0.223995,0.001583
1.340000,-0.549944,-0.062464,1.002218,-0.243848,-0.234000,-0.000425,-0.089012,0.560178,1.001048,-0.707328,-0.019865,-0.002458,0.569450,0.357023,0.996089,-0.358320,0.428091,0.006163,-0.307518,-0.477407,1.000062,0.640832,-0.382615,0.009938,0.319131,-0.342335,1.001420,0.778077,0.238174,0.001469
1.360000,-0.554649,-0.067220,1.002210,-0.226525,-0.241556,-0.000377,-0.103111,0.559624,1.001001,-0.702508,-0.035643,-0.002288,0.562179,0.365513,0.996212,-0.368753,0.420958,0.006125,-0.294611,-0.484912,1.000262,0.649917,-0.367838,0.010060,0.334567,-0.337428,1.001449,0.765428,0.252550,0.001360
1.380000,-0.559003,-0.072126,1.002203,-0.208828,-0.249084,-0.000321,-0.117111,0.558750,1.000957,-0.697428,-0.051758,-0.002112,0.554699,0.373860,0.996334,-0.379263,0.413755,0.006081,-0.281524,-0.492120,1.000464,0.658736,-0.352917,0.010170,0.349744,-0.332232,1.001475,0.752172,0.267123,0.001258
1.400000,-0.562999,-0.077183,1.002197,-0.190759,-0.256586,-0.000257,-0.131007,0.557551,1.000916,-0.692089,-0.068207,-0.001931,0.547008,0.382063,0.996455,-0.389849,0.406482,0.006031,-0.268263,-0.499028,1.000668,0.667288,-0.337849,0.010266,0.364650,-0.326742,1.001499,0.738309,0.281892,0.001161
1.420000,-0.566631,-0.082390,1.002193,-0.172384,-0.264034,-0.000186,-0.144793,0.556020,1.000880,-0.686523,-0.084902,-0.001746,0.539105,0.390119,0.996575,-0.400481,0.399166,0.005976,-0.254834,-0.505633,1.000874,0.675558,-0.322672,0.010350,0.379273,-0.320955,1.001521,0.723876,0.296786,0.001070
1.440000,-0.569893,-0.087744,1.002190,-0.153773,-0.271402,-0.000110,-0.158466,0.554154,1.000847,-0.680765,-0.101752,-0.001557,0.530989,0.398029,0.996694,-0.411125,0.391836,0.005916,-0.241243,-0.511934,1.001082,0.683529,-0.307418,0.010423,0.393601,-0.314870,1.001542,0.708908,0.311731,0.000984
1.460000,-0.572781,-0.093245,1.002188,-0.134924,-0.278691,-0.000028,-0.172022,0.551949,1.000817,-0.674815,-0.118756,-0.001364,0.522660,0.405793,0.996812,-0.421782,0.384491,0.005853,-0.227495,-0.517929,1.001291,0.691202,-0.292088,0.010484,0.407625,-0.308485,1.001561,0.693405,0.326729,0.000905
1.480000,-0.575289,-0.098891,1.002189,-0.115840,-0.285900,0.000058,-0.185457,0.549403,1.000792,-0.668672,-0.135915,-0.001168,0.514118,0.413409,0.996928,-0.432451,0.377131,0.005785,-0.213596,-0.523617,1.001502,0.698577,-0.276682,0.010534,0.421334,-0.301801,1.001578,0.677368,0.341778,0.000832
1.500000,-0.577413,-0.104681,1.002191,-0.096519,-0.293030,0.000150,-0.198768,0.546511,1.000771,-0.662336,-0.153228,-0.000969,0.505362,0.420878,0.997043,-0.443133,0.369757,0.005713,-0.199554,-0.528996,1.001713,0.705653,-0.261201,0.010573,0.434717,-0.294814,1.001594,0.660797,0.356878,0.000765
1.520000,-0.579148,-0.110612,1.002195,-0.077046,-0.300054,0.000245,-0.211950,0.543273,1.000753,-0.655847,-0.170610,-0.000767,0.496393,0.428199,0.997157,-0.453792,0.362399,0.005638,-0.185372,-0.534065,1.001924,0.712410,-0.245680,0.010599,0.447763,-0.287526,1.001609,0.643755,0.371957,0.000703
1.540000,-0.580494,-0.116682,1.002201,-0.057508,-0.306947,0.000340,-0.225001,0.539687,1.000740,-0.649244,-0.187973,-0.000565,0.487211,0.435374,0.997269,-0.464395,0.355086,0.005561,-0.171060,-0.538823,1.002136,0.718826,-0.230156,0.010613,0.460464,-0.279936,1.001622,0.626306,0.386939,0.000647
1.560000,-0.581448,-0.122889,1.002208,-0.037904,-0.313709,0.000436,-0.237919,0.535754,1.000731,-0.642526,-0.205319,-0.000362,0.477817,0.442403,0.997379,-0.474940,0.347819,0.005481,-0.156622,-0.543271,1.002349,0.724901,-0.214629,0.010615,0.472812,-0.272049,1.001635,0.608451,0.401825,0.000597
1.580000,-0.582010,-0.129229,1.002218,-0.018235,-0.320340,0.000532,-0.250701,0.531475,1.000726,-0.635694,-0.222646,-0.000159,0.468213,0.449287,0.997488,-0.485428,0.340597,0.005399,-0.142066,-0.547408,1.002561,0.730635,-0.199100,0.010603,0.484799,-0.263864,1.001646,0.590189,0.416614,0.000552
1.600000,-0.582177,-0.135701,1.002230,0.001500,-0.326840,0.000629,-0.263346,0.526849,1.000724,-0.628747,-0.239956,0.000044,0.458400,0.456027,0.997595,-0.495859,0.333422,0.005314,-0.127399,-0.551235,1.002773,0.736028,-0.183567,0.010579,0.496417,-0.255385,1.001657,0.571520,0.431306,0.000513
1.620000,-0.581950,-0.142302,1.002243,0.021214,-0.333186,0.000724,-0.275851,0.521877,1.000727,-0.621718,-0.257168,0.000246,0.448380,0.462624,0.997700,-0.506203,0.326311,0.005227,-0.112627,-0.554751,1.002984,0.741062,-0.168064,0.010541,0.507658,-0.246613,1.001667,0.552524,0.445822,0.000479
1.640000,-0.581329,-0.149028,1.002259,0.040819,-0.339357,0.000814,-0.288214,0.516563,1.000734,-0.614639,-0.274202,0.000445,0.438153,0.469080,0.997804,-0.516431,0.319286,0.005139,-0.097759,-0.557958,1.003194,0.745721,-0.152621,0.010489,0.518517,-0.237554,1.001676,0.533280,0.460080,0.000449
1.660000,-0.580318,-0.155875,1.002276,0.060315,-0.345352,0.000899,-0.300436,0.510910,1.000745,-0.607509,-0.291058,0.000641,0.427723,0.475396,0.997906,-0.526543,0.312347,0.005049,-0.082801,-0.560856,1.003404,0.750004,-0.137239,0.010421,0.528988,-0.228212,1.001685,0.513790,0.474079,0.000423
1.680000,-0.578918,-0.162841,1.002294,0.079703,-0.351172,0.000980,-0.312514,0.504922,1.000760,-0.600329,-0.307736,0.000834,0.417092,0.481575,0.998006,-0.536538,0.305493,0.004958,-0.067761,-0.563448,1.003611,0.753912,-0.121917,0.010337,0.539066,-0.218592,1.001693,0.494052,0.487821,0.000402
1.700000,-0.577130,-0.169921,1.002315,0.098982,-0.356817,0.001056,-0.324449,0.498602,1.000778,-0.593099,-0.324236,0.001024,0.406262,0.487617,0.998104,-0.546417,0.298724,0.004866,-0.052647,-0.565733,1.003817,0.757443,-0.106656,0.010239,0.548748,-0.208700,1.001701,0.474067,0.501306,0.000386
1.720000,-0.574959,-0.177112,1.002337,0.118078,-0.362261,0.001125,-0.336238,0.491954,1.000801,-0.585842,-0.340501,0.001208,0.395236,0.493524,0.998201,-0.556160,0.292046,0.004772,-0.037466,-0.567715,1.004021,0.760598,-0.091487,0.010125,0.558028,-0.198542,1.001708,0.453931,0.514444,0.000372
1.740000,-0.572409,-0.184410,1.002360,0.136917,-0.367481,0.001185,-0.347882,0.484984,1.000827,-0.578582,-0.356473,0.001386,0.384017,0.499299,0.998295,-0.565749,0.285466,0.004677,-0.022225,-0.569394,1.004222,0.763371,-0.076445,0.009996,0.566905,-0.188126,1.001716,0.433739,0.527149,0.000361
1.760000,-0.569484,-0.191810,1.002384,0.155499,-0.372476,0.001234,-0.359381,0.477697,1.000856,-0.571319,-0.372151,0.001556,0.372607,0.504944,0.998388,-0.575184,0.278984,0.004580,-0.006933,-0.570773,1.004420,0.765765,-0.061529,0.009850,0.575377,-0.177459,1.001723,0.413492,0.539419,0.000352
1.780000,-0.566191,-0.199307,1.002409,0.173824,-0.377246,0.001275,-0.370735,0.470100,1.000889,-0.564054,-0.387537,0.001719,0.361011,0.510459,0.998478,-0.584465,0.272599,0.004482,0.008403,-0.571856,1.004616,0.767779,-0.046738,0.009689,0.583444,-0.166552,1.001730,0.393189,0.551256,0.000346
1.800000,-0.562533,-0.206898,1.002435,0.191891,-0.381791,0.001306,-0.381944,0.462198,1.000925,-0.556785,-0.402630,0.001874,0.349230,0.515848,0.998567,-0.593592,0.266311,0.004383,0.023775,-0.572644,1.004808,0.769412,-0.032074,0.009511,0.591105,-0.155412,1.001737,0.372831,0.562659,0.000341
1.820000,-0.558517,-0.214577,1.002461,0.209646,-0.386086,0.001325,-0.393007,0.453997,1.000964,-0.549531,-0.417386,0.002022,0.337268,0.521112,0.998654,-0.602545,0.260123,0.004282,0.039177,-0.573140,1.004996,0.770674,-0.017569,0.009318,0.598358,-0.144049,1.001743,0.352505,0.573562,0.000339
1.840000,-0.554150,-0.222340,1.002488,0.227034,-0.390104,0.001330,-0.403925,0.445505,1.001006,-0.542312,-0.431764,0.002160,0.325129,0.526254,0.998738,-0.611305,0.254035,0.004182,0.054600,-0.573348,1.005180,0.771572,-0.003258,0.009110,0.605206,-0.132473,1.001750,0.332298,0.583898,0.000339
1.860000,-0.549438,-0.230180,1.002514,0.244054,-0.393845,0.001322,-0.414699,0.436729,1.001050,-0.535126,-0.445762,0.002288,0.312817,0.531274,0.998821,-0.619872,0.248048,0.004081,0.070037,-0.573271,1.005360,0.772108,0.010860,0.008887,0.611650,-0.120696,1.001757,0.312210,0.593668,0.000340
1.880000,-0.544390,-0.238092,1.002541,0.260706,-0.397309,0.001301,-0.425330,0.427677,1.001097,-0.527973,-0.459380,0.002408,0.300336,0.536176,0.998901,-0.628246,0.242162,0.003981,0.085482,-0.572915,1.005536,0.772281,0.024784,0.008649,0.617695,-0.108730,1.001764,0.292242,0.602871,0.000343
1.900000,-0.539013,-0.246070,1.002566,0.276991,-0.400496,0.001265,-0.435818,0.418356,1.001146,-0.520854,-0.472620,0.002517,0.287689,0.540962,0.998980,-0.636426,0.236376,0.003880,0.100926,-0.572281,1.005706,0.772090,0.038515,0.008397,0.623341,-0.096585,1.001771,0.272392,0.611508,0.000348
1.920000,-0.533313,-0.254109,1.002591,0.292879,-0.403380,0.001215,-0.446165,0.408775,1.001198,-0.513783,-0.485450,0.002618,0.274880,0.545632,0.999057,-0.644388,0.230686,0.003780,0.116363,-0.571376,1.005872,0.771551,0.052017,0.008130,0.628592,-0.084274,1.001778,0.252734,0.619529,0.000356
1.940000,-0.527300,-0.262203,1.002615,0.308340,-0.405932,0.001147,-0.456370,0.398941,1.001251,-0.506775,-0.497843,0.002708,0.261915,0.550190,0.999131,-0.652105,0.225088,0.003680,0.131786,-0.570202,1.006031,0.770677,0.065257,0.007852,0.633452,-0.071809,1.001785,0.233338,0.626883,0.000365
1.960000,-0.520982,-0.270344,1.002637,0.323375,-0.408153,0.001061,-0.466436,0.388864,1.001306,-0.499828,-0.509797,0.002790,0.248798,0.554636,0.999204,-0.659577,0.219582,0.003582,0.147188,-0.568767,1.006185,0.769468,0.078233,0.007561,0.637927,-0.059203,1.001792,0.214204,0.633571,0.000376
1.980000,-0.514368,-0.278527,1.002657,0.337983,-0.410042,0.000959,-0.476364,0.378552,1.001363,-0.492943,-0.521313,0.002862,0.235533,0.558974,0.999275,-0.666805,0.214167,0.003485,0.162562,-0.567075,1.006334,0.767924,0.090947,0.007259,0.642022,-0.046470,1.001800,0.195333,0.639592,0.000390
2.000000,-0.507466,-0.286744,1.002675,0.352164,-0.411601,0.000839,-0.486154,0.368014,1.001420,-0.486121,-0.532391,0.002924,0.222127,0.563203,0.999343,-0.673788,0.208844,0.003389,0.177902,-0.565131,1.006476,0.766045,0.103398,0.006944,0.645742,-0.033624,1.001808,0.176725,0.644948,0.000406
2.020000,-0.500285,-0.294989,1.002691,0.365897,-0.412822,0.000701,-0.495809,0.357259,1.001479,-0.479368,-0.543005,0.002978,0.208584,0.567328,0.999410,-0.680501,0.203610,0.003296,0.193202,-0.562941,1.006611,0.763848,0.115552,0.006619,0.649093,-0.020677,1.001816,0.158441,0.649629,0.000424
2.040000,-0.492833,-0.303254,1.002703,0.379163,-0.413699,0.000543,-0.505330,0.346297,1.001540,-0.472691,-0.553128,0.003024,0.194909,0.571348,0.999475,-0.686919,0.198463,0.003206,0.208454,-0.560511,1.006740,0.761349,0.127374,0.006286,0.652082,-0.007643,1.001825,0.140545,0.653629,0.000446
2.060000,-0.485121,-0.311534,1.002712,0.391961,-0.414231,0.000364,-0.514717,0.335138,1.001600,-0.466089,-0.562760,0.003062,0.181109,0.575267,0.999538,-0.693040,0.193403,0.003121,0.223654,-0.557848,1.006863,0.758549,0.138864,0.005944,0.654717,0.005464,1.001834,0.123036,0.656948,0.000471
2.080000,-0.477158,-0.319821,1.002717,0.404291,-0.414420,0.000166,-0.523974,0.323790,1.001662,-0.459564,-0.571902,0.003093,0.167189,0.579085,0.999600,-0.698866,0.188430,0.003039,0.238794,-0.554959,1.006978,0.755448,0.150023,0.005595,0.657006,0.018630,1.001844,0.105914,0.659585,0.000500
2.100000,-0.468953,-0.328109,1.002719,0.416154,-0.414264,-0.000051,-0.533100,0.312265,1.001724,-0.453114,-0.580553,0.003117,0.153156,0.582805,0.999660,-0.704397,0.183544,0.002962,0.253870,-0.551849,1.007087,0.752045,0.160850,0.005238,0.658957,0.031843,1.001854,0.089179,0.661541,0.000532
2.120000,-0.460515,-0.336390,1.002715,0.427549,-0.413776,-0.000292,-0.542099,0.300571,1.001787,-0.446741,-0.588688,0.003134,0.139016,0.586427,0.999719,-0.709599,0.178748,0.002891,0.268874,-0.548527,1.007188,0.748366,0.171317,0.004875,0.660576,0.045087,1.001865,0.072877,0.662831,0.000565
2.140000,-0.451854,-0.344658,1.002707,0.438478,-0.412970,-0.000559,-0.550970,0.288721,1.001849,-0.440445,-0.596282,0.003148,0.124775,0.589955,0.999776,-0.714439,0.174043,0.002830,0.283803,-0.544999,1.007281,0.744438,0.181396,0.004508,0.661875,0.058351,1.001877,0.057053,0.663468,0.000599
2.160000,-0.442979,-0.352906,1.002693,0.448941,-0.411845,-0.000852,-0.559717,0.276724,1.001912,-0.434225,-0.603334,0.003158,0.110440,0.593390,0.999832,-0.718918,0.169432,0.002777,0.298650,-0.541274,1.007368,0.740259,0.191087,0.004138,0.662862,0.071622,1.001889,0.041708,0.663454,0.000631
2.180000,-0.433899,-0.361129,1.002673,0.458938,-0.410401,-0.001170,-0.568340,0.264591,1.001976,-0.428083,-0.609844,0.003163,0.096020,0.596733,0.999887,-0.723035,0.164912,0.002733,0.313411,-0.537358,1.007447,0.735830,0.200389,0.003765,0.663546,0.084885,1.001902,0.026841,0.662787,0.000664
2.200000,-0.424624,-0.369320,1.002646,0.468468,-0.408638,-0.001515,-0.576841,0.252334,1.002039,-0.422017,-0.615813,0.003165,0.081522,0.599987,0.999941,-0.726790,0.160484,0.002698,0.328082,-0.533261,1.007519,0.731151,0.209304,0.003388,0.663938,0.098129,1.001916,0.012452,0.661469,0.000696
2.220000,-0.415163,-0.377473,1.002612,0.477550,-0.406572,-0.001889,-0.585221,0.239962,1.002102,-0.416021,-0.621231,0.003162,0.066951,0.603153,0.999995,-0.730165,0.156140,0.002672,0.342656,-0.528989,1.007582,0.726256,0.217818,0.003008,0.664048,0.111340,1.001930,-0.001438,0.659538,0.000730
2.240000,-0.405525,-0.385581,1.002570,0.486202,-0.404221,-0.002294,-0.593482,0.227488,1.002165,-0.410088,-0.626089,0.003153,0.052318,0.606233,1.000048,-0.733139,0.151869,0.002656,0.357131,-0.524551,1.007639,0.721179,0.225920,0.002628,0.663884,0.124507,1.001945,-0.014808,0.657034,0.000767
2.260000,-0.395718,-0.393640,1.002520,0.494425,-0.401583,-0.002730,-0.601625,0.214922,1.002228,-0.404217,-0.630389,0.003140,0.037628,0.609228,1.000101,-0.735713,0.147672,0.002650,0.371502,-0.519955,1.007688,0.715921,0.233609,0.002246,0.663459,0.137617,1.001961,-0.027659,0.653957,0.000807
2.280000,-0.385751,-0.401643,1.002461,0.502217,-0.398660,-0.003198,-0.609651,0.202276,1.002291,-0.398409,-0.634128,0.003122,0.022892,0.612140,1.000154,-0.737888,0.143549,0.002653,0.385766,-0.515209,1.007729,0.710481,0.240887,0.001864,0.662781,0.150661,1.001977,-0.039991,0.650306,0.000851
2.300000,-0.375632,-0.409584,1.002392,0.509579,-0.395450,-0.003698,-0.617562,0.189561,1.002353,-0.392663,-0.637309,0.003098,0.008116,0.614971,1.000207,-0.739662,0.139500,0.002665,0.399920,-0.510322,1.007762,0.704860,0.247752,0.001480,0.661863,0.163626,1.001995,-0.051804,0.646083,0.000898
2.320000,-0.365371,-0.417459,1.002312,0.516534,-0.391972,-0.004230,-0.625358,0.176788,1.002415,-0.386965,-0.639930,0.003073,-0.006692,0.617721,1.000261,-0.741024,0.135520,0.002688,0.413960,-0.505302,1.007788,0.699080,0.254209,0.001099,0.660713,0.176501,1.002013,-0.063096,0.641341,0.000948
2.340000,-0.354974,-0.425262,1.002222,0.523103,-0.388241,-0.004794,-0.633041,0.163968,1.002476,-0.381301,-0.641991,0.003051,-0.021523,0.620392,1.000315,-0.741964,0.131608,0.002721,0.427882,-0.500157,1.007806,0.693165,0.260261,0.000726,0.659342,0.189276,1.002033,-0.073866,0.636137,0.001000
2.360000,-0.344449,-0.432987,1.002120,0.529287,-0.384257,-0.005392,-0.640610,0.151112,1.002537,-0.375669,-0.643494,0.003031,-0.036368,0.622986,1.000370,-0.742480,0.127761,0.002765,0.441685,-0.494894,1.007817,0.687115,0.265910,0.000361,0.657762,0.201943,1.002053,-0.084113,0.630470,0.001053
2.380000,-0.333805,-0.440630,1.002006,0.535085,-0.380021,-0.006022,-0.648068,0.138231,1.002597,-0.370071,-0.644437,0.003014,-0.051219,0.625503,1.000426,-0.742574,0.123981,0.002819,0.455366,-0.489523,1.007821,0.680930,0.271154,0.000003,0.655981,0.214492,1.002075,-0.093839,0.624341,0.001109
2.400000,-0.323048,-0.448186,1.001879,0.540498,-0.375533,-0.006685,-0.655413,0.125338,1.002658,-0.364506,-0.644821,0.003000,-0.066068,0.627945,1.000483,-0.742244,0.120268,0.002883,0.468922,-0.484051,1.007817,0.674610,0.275994,-0.000346,0.654012,0.226914,1.002097,-0.103042,0.617749,0.001167
2.420000,-0.312187,-0.455650,1.001739,0.545561,-0.370818,-0.007380,-0.662648,0.112442,1.002717,-0.358961,-0.644661,0.002996,-0.080906,0.630314,1.000541,-0.741489,0.116615,0.002963,0.482350,-0.478486,1.007807,0.668166,0.280440,-0.000684,0.651863,0.239199,1.002121,-0.111739,0.610751,0.001231
2.440000,-0.301228,-0.463017,1.001584,0.550311,-0.365905,-0.008109,-0.669772,0.099555,1.002777,-0.353424,-0.643973,0.003009,-0.095725,0.632610,1.000601,-0.740307,0.113016,0.003063,0.495648,-0.472836,1.007790,0.661611,0.284501,-0.001007,0.649545,0.251342,1.002147,-0.119946,0.603401,0.001303
2.460000,-0.290177,-0.470285,1.001414,0.554748,-0.360793,-0.008869,-0.676785,0.086687,1.002838,-0.347893,-0.642756,0.003041,-0.110515,0.634835,1.000664,-0.738699,0.109472,0.003182,0.508813,-0.467108,1.007767,0.654944,0.288179,-0.001313,0.647068,0.263333,1.002174,-0.127662,0.595701,0.001385
2.480000,-0.279040,-0.477448,1.001229,0.558871,-0.355481,-0.009662,-0.683688,0.073848,1.002899,-0.342369,-0.641011,0.003090,-0.125270,0.636990,1.000729,-0.736664,0.105983,0.003322,0.521845,-0.461311,1.007738,0.648166,0.291472,-0.001603,0.644442,0.275167,1.002202,-0.134887,0.587650,0.001476
2.500000,-0.267824,-0.484503,1.001027,0.562682,-0.349970,-0.010488,-0.690480,0.061050,1.002962,-0.336852,-0.638738,0.003157,-0.139979,0.639075,1.000797,-0.734201,0.102548,0.003481,0.534739,-0.455452,1.007703,0.641275,0.294380,-0.001878,0.641676,0.286837,1.002233,-0.141621,0.579248,0.001576
2.520000,-0.256535,-0.491445,1.000809,0.566209,-0.344285,-0.011340,-0.697162,0.048302,1.003026,-0.331330,-0.635960,0.003247,-0.154635,0.641092,1.000868,-0.731312,0.099165,0.003666,0.547495,-0.449538,1.007663,0.634275,0.296920,-0.002133,0.638780,0.298335,1.002265,-0.147889,0.570530,0.001693
2.540000,-0.245177,-0.498273,1.000574,0.569486,-0.338450,-0.012211,-0.703733,0.035615,1.003092,-0.325791,-0.632702,0.003364,-0.169229,0.643042,1.000944,-0.727996,0.095832,0.003879,0.560109,-0.443578,1.007617,0.627167,0.299105,-0.002367,0.635764,0.309656,1.002301,-0.153715,0.561533,0.001833
2.560000,-0.233757,-0.504982,1.000321,0.572512,-0.332465,-0.013102,-0.710193,0.022997,1.003160,-0.320236,-0.628964,0.003508,-0.183752,0.644925,1.001023,-0.724254,0.092548,0.004122,0.572581,-0.437577,1.007568,0.619951,0.300937,-0.002579,0.632635,0.320795,1.002339,-0.159097,0.552256,0.001998
2.580000,-0.222279,-0.511571,1.000050,0.575286,-0.326330,-0.014013,-0.716542,0.010459,1.003232,-0.314664,-0.624746,0.003680,-0.198196,0.646744,1.001109,-0.720084,0.089313,0.004395,0.584907,-0.431542,1.007514,0.612628,0.302414,-0.002769,0.629403,0.331745,1.002381,-0.164037,0.542699,0.002186
2.600000,-0.210747,-0.518035,0.999760,0.577810,-0.320046,-0.014943,-0.722780,-0.001989,1.003308,-0.309075,-0.620047,0.003879,-0.212552,0.648498,1.001199,-0.715488,0.086128,0.004697,0.597085,-0.425482,1.007457,0.605197,0.303538,-0.002937,0.626076,0.342501,1.002426,-0.168534,0.532862,0.002398
2.620000,-0.199168,-0.524372,0.999452,0.580092,-0.313640,-0.015884,-0.728905,-0.014340,1.003388,-0.303464,-0.614905,0.004108,-0.226813,0.650189,1.001297,-0.710478,0.082989,0.005031,0.609114,-0.419403,1.007397,0.597656,0.304326,-0.003081,0.622664,0.353057,1.002477,-0.172618,0.522763,0.002639
2.640000,-0.187545,-0.530580,0.999125,0.582144,-0.307142,-0.016828,-0.734918,-0.026583,1.003472,-0.297825,-0.609354,0.004366,-0.240969,0.651818,1.001401,-0.705067,0.079891,0.005399,0.620991,-0.413311,1.007334,0.590001,0.304798,-0.003200,0.619174,0.363410,1.002532,-0.176317,0.512420,0.002914
2.660000,-0.175884,-0.536657,0.998779,0.583964,-0.300550,-0.017774,-0.740818,-0.038711,1.003562,-0.292160,-0.603395,0.004655,-0.255013,0.653385,1.001513,-0.699254,0.076835,0.005801,0.632713,-0.407213,1.007269,0.582233,0.304953,-0.003294,0.615614,0.373552,1.002594,-0.179633,0.501832,0.003222
2.680000,-0.164188,-0.542601,0.998414,0.585554,-0.293866,-0.018723,-0.746604,-0.050716,1.003659,-0.286467,-0.597028,0.004974,-0.268936,0.654892,1.001633,-0.693041,0.073821,0.006237,0.644279,-0.401115,1.007203,0.574352,0.304791,-0.003364,0.611991,0.383481,1.002661,-0.182564,0.490999,0.003563
2.700000,-0.152463,-0.548411,0.998030,0.586913,-0.287089,-0.019674,-0.752276,-0.062589,1.003762,-0.280747,-0.590253,0.005323,-0.282732,0.656338,1.001763,-0.686426,0.070848,0.006707,0.655686,-0.395024,1.007135,0.566357,0.304313,-0.003408,0.608314,0.393191,1.002736,-0.185111,0.479922,0.003938
2.720000,-0.140713,-0.554084,0.997627,0.588020,-0.280230,-0.020612,-0.757834,-0.074323,1.003872,-0.274993,-0.583099,0.005705,-0.296391,0.657726,1.001902,-0.679436,0.067915,0.007216,0.666933,-0.388945,1.007067,0.558245,0.303538,-0.003427,0.604589,0.402677,1.002819,-0.187302,0.468625,0.004349
2.740000,-0.128944,-0.559620,0.997205,0.588853,-0.273303,-0.021524,-0.763276,-0.085911,1.003990,-0.269202,-0.575598,0.006123,-0.309907,0.659055,1.002052,-0.672096,0.065020,0.007768,0.678015,-0.382884,1.006998,0.550012,0.302487,-0.003421,0.600824,0.411934,1.002911,-0.189167,0.457132,0.004799
2.760000,-0.117161,-0.565016,0.996766,0.589413,-0.266307,-0.022407,-0.768602,-0.097345,1.004117,-0.263372,-0.567749,0.006577,-0.323272,0.660327,1.002213,-0.664407,0.062162,0.008364,0.688932,-0.376847,1.006930,0.541658,0.301161,-0.003390,0.597025,0.420961,1.003011,-0.190704,0.445444,0.005289
2.780000,-0.105369,-0.570271,0.996309,0.589700,-0.259241,-0.023264,-0.773810,-0.108619,1.004253,-0.257503,-0.559552,0.007067,-0.336481,0.661542,1.002386,-0.656367,0.059342,0.009003,0.699681,-0.370840,1.006863,0.533182,0.299558,-0.003334,0.593198,0.429751,1.003122,-0.191915,0.433561,0.005818
2.800000,-0.093575,-0.575385,0.995836,0.589714,-0.252107,-0.024093,-0.778901,-0.119725,1.004400,-0.251596,-0.551006,0.007592,-0.349525,0.662701,1.002573,-0.647978,0.056559,0.009685,0.710259,-0.364867,1.006797,0.524586,0.297679,-0.003253,0.589350,0.438302,1.003244,-0.192799,0.421481,0.006387
2.820000,-0.081783,-0.580355,0.995346,0.589417,-0.244915,-0.024876,-0.783874,-0.130657,1.004557,-0.245652,-0.542152,0.008152,-0.362398,0.663805,1.002774,-0.639260,0.053809,0.010411,0.720664,-0.358934,1.006733,0.515868,0.295547,-0.003148,0.585488,0.446609,1.003378,-0.193389,0.409244,0.006994
2.840000,-0.070000,-0.585181,0.994841,0.588773,-0.237678,-0.025596,-0.788727,-0.141409,1.004726,-0.239673,-0.533026,0.008746,-0.375093,0.664853,1.002990,-0.630233,0.051088,0.011182,0.730893,-0.353046,1.006671,0.507025,0.293184,-0.003023,0.581616,0.454671,1.003524,-0.193716,0.396884,0.007639
2.860000,-0.058234,-0.589862,0.994322,0.587783,-0.230395,-0.026253,-0.793461,-0.151976,1.004907,-0.233659,-0.523630,0.009372,-0.387605,0.665848,1.003222,-0.620896,0.048395,0.011999,0.740944,-0.347208,1.006612,0.498059,0.290590,-0.002877,0.577741,0.462484,1.003684,-0.193782,0.384404,0.008322
2.880000,-0.046491,-0.594397,0.993791,0.586446,-0.223066,-0.026846,-0.798073,-0.162352,1.005101,-0.227609,-0.513963,0.010032,-0.399927,0.666789,1.003470,-0.611250,0.045730,0.012860,0.750814,-0.341424,1.006556,0.488969,0.287766,-0.002709,0.573867,0.470046,1.003857,-0.193586,0.371802,0.009044
2.900000,-0.034779,-0.598784,0.993249,0.584762,-0.215692,-0.027377,-0.802565,-0.172533,1.005309,-0.221525,-0.504026,0.010726,-0.412053,0.667678,1.003736,-0.601295,0.043093,0.013766,0.760502,-0.335699,1.006504,0.479755,0.284710,-0.002520,0.569999,0.477355,1.004046,-0.193128,0.359078,0.009804
2.920000,-0.023103,-0.603024,0.992697,0.582697,-0.208289,-0.027827,-0.806934,-0.182512,1.005531,-0.215410,-0.493855,0.011450,-0.423977,0.668513,1.004021,-0.591056,0.040480,0.014715,0.770004,-0.330037,1.006455,0.470417,0.281443,-0.002311,0.566143,0.484409,1.004250,-0.192437,0.346278,0.010602
2.940000,-0.011474,-0.607116,0.992137,0.580217,-0.200874,-0.028181,-0.811181,-0.192286,1.005767,-0.209269,-0.483490,0.012205,-0.435693,0.669297,1.004325,-0.580556,0.037886,0.015702,0.779318,-0.324443,1.006411,0.460955,0.277983,-0.002080,0.562303,0.491206,1.004470,-0.191541,0.333446,0.011439
2.960000,0.000103,-0.611059,0.991570,0.577323,-0.193446,-0.028440,-0.815305,-0.201850,1.006019,-0.203102,-0.472931,0.012990,-0.447197,0.670029,1.004649,-0.569797,0.035312,0.016728,0.788441,-0.318919,1.006372,0.451370,0.274329,-0.001828,0.558483,0.497746,1.004708,-0.190441,0.320581,0.012315
2.980000,0.011617,-0.614854,0.991000,0.574014,-0.186006,-0.028603,-0.819305,-0.211202,1.006287,-0.196909,-0.462176,0.013805,-0.458483,0.670709,1.004995,-0.558778,0.032757,0.017793,0.797372,-0.313471,1.006338,0.441660,0.270484,-0.001555,0.554687,0.504029,1.004963,-0.189137,0.307683,0.013230
3.000000,0.023060,-0.618499,0.990427,0.570291,-0.178554,-0.028670,-0.823181,-0.220336,1.006571,-0.190689,-0.451228,0.014650,-0.469547,0.671339,1.005361,-0.547499,0.030222,0.018896,0.806107,-0.308101,1.006310,0.431826,0.266445,-0.001261,0.550919,0.510053,1.005237,-0.187629,0.294754,0.014184
3.020000,0.034425,-0.621996,0.989853,0.566146,-0.171108,-0.028624,-0.826932,-0.229250,1.006873,-0.184458,-0.440136,0.015519,-0.480382,0.671918,1.005751,-0.536000,0.027705,0.020031,0.814644,-0.302814,1.006288,0.421891,0.262241,-0.000949,0.547183,0.515819,1.005531,-0.185945,0.281853,0.015173
3.040000,0.045703,-0.625344,0.989283,0.561573,-0.163684,-0.028449,-0.830559,-0.237941,1.007192,-0.178229,-0.428951,0.016406,-0.490986,0.672448,1.006163,-0.524323,0.025204,0.021189,0.822982,-0.297613,1.006272,0.411876,0.257899,-0.000620,0.543482,0.521328,1.005844,-0.184114,0.269042,0.016194
3.060000,0.056886,-0.628543,0.988716,0.556572,-0.156283,-0.028144,-0.834062,-0.246407,1.007529,-0.172003,-0.417673,0.017311,-0.501354,0.672927,1.006598,-0.512466,0.022719,0.022371,0.831118,-0.292499,1.006263,0.401781,0.253419,-0.000274,0.539819,0.526582,1.006179,-0.182136,0.256321,0.017246
3.080000,0.067963,-0.631595,0.988158,0.551142,-0.148905,-0.027709,-0.837439,-0.254647,1.007885,-0.165780,-0.406302,0.018234,-0.511483,0.673356,1.007058,-0.500430,0.020251,0.023576,0.839052,-0.287477,1.006262,0.391606,0.248802,0.000089,0.536198,0.531581,1.006534,-0.180010,0.243690,0.018331
3.100000,0.078928,-0.634500,0.987609,0.545285,-0.141550,-0.027145,-0.840693,-0.262659,1.008259,-0.159559,-0.394839,0.019175,-0.521370,0.673737,1.007542,-0.488216,0.017800,0.024805,0.846782,-0.282548,1.006267,0.381352,0.244046,0.000468,0.532620,0.536330,1.006912,-0.177738,0.231149,0.019447
3.120000,0.089772,-0.637257,0.987073,0.539019,-0.134231,-0.026438,-0.843822,-0.270440,1.008652,-0.153356,-0.383335,0.020124,-0.531011,0.674069,1.008050,-0.475865,0.015363,0.026045,0.854306,-0.277716,1.006280,0.371047,0.239182,0.000859,0.529089,0.540828,1.007312,-0.175347,0.218754,0.020587
3.140000,0.100487,-0.639869,0.986552,0.532365,-0.126960,-0.025578,-0.846827,-0.277992,1.009064,-0.147188,-0.371841,0.021071,-0.540404,0.674352,1.008583,-0.463421,0.012938,0.027285,0.861624,-0.272981,1.006301,0.360720,0.234237,0.001261,0.525607,0.545081,1.007736,-0.172865,0.206563,0.021743
3.160000,0.111064,-0.642336,0.986051,0.525322,-0.119738,-0.024564,-0.849710,-0.285314,1.009495,-0.141055,-0.360357,0.022015,-0.549547,0.674586,1.009141,-0.450885,0.010526,0.028525,0.868735,-0.268347,1.006331,0.350371,0.229213,0.001671,0.522175,0.549092,1.008182,-0.170293,0.194574,0.022916
3.180000,0.121497,-0.644659,0.985571,0.517890,-0.112565,-0.023396,-0.852470,-0.292406,1.009944,-0.134955,-0.348883,0.022956,-0.558438,0.674773,1.009724,-0.438256,0.008126,0.029764,0.875639,-0.263813,1.006368,0.340000,0.224108,0.002091,0.518796,0.552866,1.008652,-0.167631,0.182789,0.024105
3.200000,0.131777,-0.646839,0.985116,0.510069,-0.105440,-0.022074,-0.855108,-0.299270,1.010413,-0.128891,-0.337419,0.023896,-0.567077,0.674911,1.010332,-0.425535,0.005739,0.031002,0.882335,-0.259383,1.006414,0.329607,0.218923,0.002520,0.515470,0.556405,1.009147,-0.164878,0.171206,0.025311
3.220000,0.141897,-0.648877,0.984689,0.501901,-0.098374,-0.020594,-0.857626,-0.305904,1.010900,-0.122874,-0.326004,0.024827,-0.575460,0.675002,1.010964,-0.412773,0.003366,0.032228,0.888823,-0.255057,1.006469,0.319205,0.213673,0.002959,0.512201,0.559715,1.009665,-0.162061,0.159862,0.026525
3.240000,0.151851,-0.650774,0.984293,0.493423,-0.091378,-0.018952,-0.860024,-0.312310,1.011406,-0.116919,-0.314676,0.025746,-0.583588,0.675046,1.011621,-0.400020,0.001013,0.033430,0.895103,-0.250836,1.006533,0.308805,0.208376,0.003410,0.508988,0.562801,1.010208,-0.159204,0.148793,0.027741
3.260000,0.161632,-0.652533,0.983932,0.484638,-0.084451,-0.017148,-0.862303,-0.318491,1.011930,-0.111025,-0.303435,0.026652,-0.591461,0.675043,1.012301,-0.387279,-0.001323,0.034607,0.901175,-0.246722,1.006606,0.298409,0.203029,0.003871,0.505833,0.565669,1.010775,-0.156309,0.137997,0.028958
3.280000,0.171234,-0.654153,0.983608,0.475543,-0.077594,-0.015182,-0.864465,-0.324448,1.012472,-0.105194,-0.292281,0.027545,-0.599079,0.674993,1.013005,-0.374547,-0.003641,0.035760,0.907039,-0.242715,1.006688,0.288016,0.197634,0.004344,0.502736,0.568323,1.011366,-0.153375,0.127477,0.030177
3.300000,0.180652,-0.655637,0.983326,0.466141,-0.070807,-0.013054,-0.866511,-0.330183,1.013032,-0.099423,-0.281214,0.028425,-0.606442,0.674897,1.013732,-0.361826,-0.005940,0.036889,0.912696,-0.238817,1.006780,0.277626,0.192190,0.004829,0.499698,0.570770,1.011982,-0.150402,0.117230,0.031397
3.320000,0.189878,-0.656986,0.983087,0.456465,-0.064089,-0.010776,-0.868442,-0.335698,1.013609,-0.093725,-0.270262,0.029289,-0.613552,0.674756,1.014481,-0.349155,-0.008219,0.037986,0.918144,-0.235028,1.006881,0.267261,0.186718,0.005323,0.496720,0.573014,1.012622,-0.147414,0.107280,0.032613
3.340000,0.198909,-0.658201,0.982896,0.446550,-0.057441,-0.008359,-0.870261,-0.340994,1.014203,-0.088109,-0.259455,0.030135,-0.620409,0.674569,1.015251,-0.336573,-0.010474,0.039046,0.923386,-0.231348,1.006993,0.256945,0.181236,0.005826,0.493802,0.575063,1.013286,-0.144434,0.097647,0.033818
3.360000,0.207739,-0.659284,0.982754,0.436396,-0.050863,-0.005805,-0.871967,-0.346077,1.014814,-0.082576,-0.248792,0.030963,-0.627016,0.674337,1.016042,-0.324081,-0.012706,0.040067,0.928423,-0.227779,1.007114,0.246677,0.175745,0.006338,0.490943,0.576922,1.013974,-0.141462,0.088332,0.035013
3.380000,0.216363,-0.660236,0.982664,0.426004,-0.044354,-0.003113,-0.873564,-0.350947,1.015441,-0.077125,-0.238273,0.031772,-0.633373,0.674061,1.016853,-0.311678,-0.014914,0.041050,0.933254,-0.224319,1.007246,0.236458,0.170245,0.006859,0.488143,0.578599,1.014687,-0.138499,0.079335,0.036197
3.400000,0.224777,-0.661058,0.982630,0.415373,-0.037915,-0.000283,-0.875053,-0.355609,1.016085,-0.071757,-0.227898,0.032563,-0.639483,0.673741,1.017684,-0.299363,-0.017099,0.041995,0.937881,-0.220969,1.007389,0.226286,0.164736,0.007388,0.485403,0.580098,1.015422,-0.135544,0.070655,0.037370
3.420000,0.232977,-0.661753,0.982654,0.404549,-0.031553,0.002662,-0.876435,-0.360064,1.016744,-0.066480,-0.217689,0.033334,-0.645348,0.673377,1.018533,-0.287169,-0.019258,0.042900,0.942306,-0.217729,1.007542,0.216175,0.159227,0.007930,0.482721,0.581427,1.016181,-0.132619,0.062296,0.038526
3.440000,0.240958,-0.662321,0.982737,0.393576,-0.025276,0.005700,-0.877713,-0.364317,1.017418,-0.061302,-0.207669,0.034084,-0.650971,0.672970,1.019400,-0.275123,-0.021388,0.043763,0.946529,-0.214600,1.007706,0.206136,0.153728,0.008487,0.480098,0.582592,1.016963,-0.129746,0.054261,0.039658
3.460000,0.248719,-0.662765,0.982882,0.382456,-0.019085,0.008829,-0.878888,-0.368372,1.018107,-0.056224,-0.197836,0.034813,-0.656354,0.672522,1.020283,-0.263227,-0.023490,0.044582,0.950552,-0.211580,1.007881,0.196168,0.148239,0.009059,0.477531,0.583600,1.017767,-0.126926,0.046551,0.040767
3.480000,0.256255,-0.663085,0.983091,0.371188,-0.012979,0.012052,-0.879962,-0.372232,1.018810,-0.051244,-0.188192,0.035521,-0.661501,0.672031,1.021183,-0.251481,-0.025564,0.045360,0.954376,-0.208670,1.008068,0.186271,0.142761,0.009647,0.475020,0.584456,1.018594,-0.124157,0.039165,0.041851
3.500000,0.263565,-0.663284,0.983365,0.359772,-0.006958,0.015366,-0.880938,-0.375901,1.019528,-0.046365,-0.178736,0.036209,-0.666415,0.671499,1.022097,-0.239883,-0.027609,0.046095,0.958003,-0.205870,1.008267,0.176447,0.137292,0.010249,0.472564,0.585168,1.019441,-0.121441,0.032103,0.042911
3.520000,0.270646,-0.663364,0.983706,0.348251,-0.001033,0.018742,-0.881818,-0.379383,1.020259,-0.041592,-0.169486,0.036876,-0.671098,0.670927,1.023026,-0.228459,-0.029624,0.046788,0.961434,-0.203178,1.008478,0.166712,0.131847,0.010867,0.470162,0.585742,1.020310,-0.118795,0.025356,0.043941
3.540000,0.277495,-0.663326,0.984115,0.336668,0.004787,0.022149,-0.882603,-0.382682,1.021003,-0.036933,-0.160460,0.037521,-0.675554,0.670315,1.023968,-0.217230,-0.031606,0.047441,0.964672,-0.200595,1.008702,0.157087,0.126438,0.011499,0.467812,0.586185,1.021199,-0.116238,0.018918,0.044934
3.560000,0.284112,-0.663173,0.984592,0.325022,0.010501,0.025588,-0.883296,-0.385803,1.021759,-0.032388,-0.151659,0.038145,-0.679788,0.669663,1.024923,-0.206198,-0.033554,0.048054,0.967719,-0.198120,1.008938,0.147572,0.121067,0.012146,0.465512,0.586501,1.022107,-0.113770,0.012787,0.045891
3.580000,0.290495,-0.662907,0.985139,0.313314,0.016110,0.029057,-0.883899,-0.388750,1.022528,-0.027957,-0.143082,0.038748,-0.683803,0.668973,1.025890,-0.195362,-0.035470,0.048627,0.970576,-0.195752,1.009188,0.138165,0.115732,0.012808,0.463261,0.586698,1.023034,-0.111391,0.006964,0.046811
3.600000,0.296644,-0.662530,0.985755,0.301544,0.021613,0.032558,-0.884415,-0.391528,1.023309,-0.023640,-0.134729,0.039329,-0.687604,0.668244,1.026868,-0.184722,-0.037353,0.049159,0.973246,-0.193491,1.009451,0.128868,0.110434,0.013485,0.461056,0.586782,1.023979,-0.109101,0.001448,0.047695
3.620000,0.302557,-0.662043,0.986441,0.289737,0.027000,0.036054,-0.884845,-0.394141,1.024101,-0.019438,-0.126604,0.039891,-0.691194,0.667479,1.027856,-0.174298,-0.039201,0.049654,0.975731,-0.191335,1.009728,0.119692,0.105179,0.014180,0.458896,0.586758,1.024942,-0.106910,-0.003780,0.048539
3.640000,0.308234,-0.661450,0.987197,0.277920,0.032264,0.039509,-0.885193,-0.396593,1.024905,-0.015352,-0.118709,0.040436,-0.694577,0.666676,1.028854,-0.164107,-0.041013,0.050115,0.978034,-0.189283,1.010018,0.110647,0.099973,0.014895,0.456779,0.586632,1.025920,-0.104829,-0.008740,0.049341
3.660000,0.313674,-0.660754,0.988021,0.266093,0.037404,0.042922,-0.885460,-0.398890,1.025719,-0.011381,-0.111043,0.040962,-0.697760,0.665838,1.029861,-0.154151,-0.042787,0.050542,0.980158,-0.187336,1.010323,0.101733,0.094817,0.015631,0.454702,0.586410,1.026915,-0.102857,-0.013432,0.050100
3.680000,0.318877,-0.659955,0.988913,0.254256,0.042419,0.046294,-0.885649,-0.401037,1.026543,-0.007526,-0.103608,0.041471,-0.700745,0.664965,1.030876,-0.144429,-0.044525,0.050934,0.982105,-0.185490,1.010644,0.092950,0.089709,0.016387,0.452664,0.586097,1.027924,-0.100994,-0.017855,0.050816
3.700000,0.323844,-0.659058,0.989873,0.242409,0.047309,0.049624,-0.885762,-0.403036,1.027377,-0.003787,-0.096403,0.041962,-0.703538,0.664058,1.031898,-0.134942,-0.046227,0.051291,0.983877,-0.183747,1.010979,0.084299,0.084651,0.017164,0.450661,0.585698,1.028947,-0.099240,-0.022010,0.051490
3.720000,0.328574,-0.658064,0.990898,0.230580,0.052066,0.052880,-0.885801,-0.404894,1.028221,-0.000160,-0.089420,0.042439,-0.706144,0.663116,1.032927,-0.125705,-0.047891,0.051618,0.985478,-0.182104,1.011330,0.075795,0.079653,0.017959,0.448693,0.585218,1.029983,-0.097599,-0.025922,0.052120
3.740000,0.333067,-0.656976,0.991987,0.218800,0.056678,0.056030,-0.885769,-0.406615,1.029075,0.003360,-0.082651,0.042903,-0.708568,0.662142,1.033962,-0.116734,-0.049517,0.051917,0.986910,-0.180560,1.011698,0.067454,0.074725,0.018769,0.446757,0.584662,1.031032,-0.096074,-0.029615,0.052707
3.760000,0.337326,-0.655797,0.993138,0.207068,0.061146,0.059074,-0.885668,-0.408202,1.029937,0.006772,-0.076095,0.043354,-0.710816,0.661136,1.035004,-0.108031,-0.051105,0.052188,0.988177,-0.179114,1.012081,0.059276,0.069868,0.019593,0.444850,0.584035,1.032091,-0.094665,-0.033089,0.053249
3.780000,0.341350,-0.654531,0.994349,0.195385,0.065469,0.062012,-0.885499,-0.409660,1.030809,0.010077,-0.069752,0.043794,-0.712891,0.660098,1.036050,-0.099594,-0.052656,0.052431,0.989282,-0.177765,1.012481,0.051260,0.065081,0.020432,0.442969,0.583340,1.033161,-0.093372,-0.036344,0.053747
3.800000,0.345142,-0.653180,0.995618,0.183749,0.069648,0.064843,-0.885265,-0.410993,1.031689,0.013275,-0.063623,0.044221,-0.714801,0.659030,1.037101,-0.091423,-0.054168,0.052646,0.990228,-0.176511,1.012899,0.043407,0.060365,0.021286,0.441114,0.582583,1.034241,-0.092195,-0.039380,0.054201
3.820000,0.348701,-0.651746,0.996942,0.172196,0.073679,0.067546,-0.884969,-0.412206,1.032578,0.016368,-0.057705,0.044635,-0.716550,0.657932,1.038155,-0.083525,-0.055644,0.052836,0.991019,-0.175350,1.013333,0.035725,0.055725,0.022153,0.439281,0.581766,1.035329,-0.091133,-0.042223,0.054611
3.840000,0.352030,-0.650234,0.998319,0.160760,0.077561,0.070099,-0.884611,-0.413303,1.033474,0.019360,-0.051996,0.045036,-0.718144,0.656804,1.039214,-0.075902,-0.057085,0.053004,0.991658,-0.174281,1.013785,0.028222,0.051169,0.023032,0.437468,0.580895,1.036425,-0.090184,-0.044897,0.054980
3.860000,0.355132,-0.648645,0.999745,0.149440,0.081292,0.072503,-0.884195,-0.414287,1.034379,0.022250,-0.046494,0.045424,-0.719588,0.655649,1.040275,-0.068556,-0.058490,0.053150,0.992149,-0.173303,1.014254,0.020898,0.046695,0.023924,0.435673,0.579971,1.037528,-0.089348,-0.047403,0.055306
3.880000,0.358009,-0.646983,1.001218,0.138237,0.084874,0.074756,-0.883722,-0.415164,1.035291,0.025039,-0.041200,0.045798,-0.720888,0.654465,1.041340,-0.061485,-0.059860,0.053274,0.992496,-0.172413,1.014742,0.013753,0.042305,0.024827,0.433893,0.579000,1.038637,-0.088625,-0.049740,0.055590
3.900000,0.360662,-0.645251,1.002734,0.127151,0.088305,0.076860,-0.883194,-0.415937,1.036211,0.027727,-0.036115,0.046159,-0.722049,0.653254,1.042406,-0.054691,-0.061195,0.053375,0.992701,-0.171610,1.015247,0.006788,0.037997,0.025743,0.432127,0.577983,1.039751,-0.088015,-0.051909,0.055831
3.920000,0.363096,-0.643452,1.004291,0.116213,0.091579,0.078805,-0.882613,-0.416610,1.037138,0.030320,-0.031230,0.046505,-0.723077,0.652018,1.043475,-0.048170,-0.062497,0.053457,0.992768,-0.170892,1.015771,0.000014,0.033786,0.026663,0.430372,0.576924,1.040870,-0.087512,-0.053933,0.056032
3.940000,0.365312,-0.641589,1.005885,0.105457,0.094690,0.080580,-0.881982,-0.417187,1.038071,0.032826,-0.026536,0.046835,-0.723978,0.650755,1.044544,-0.041917,-0.063772,0.053518,0.992703,-0.170258,1.016314,-0.006554,0.029684,0.027578,0.428626,0.575827,1.041992,-0.087113,-0.055835,0.056195
3.960000,0.367315,-0.639665,1.007513,0.094881,0.097638,0.082187,-0.881301,-0.417673,1.039011,0.035245,-0.022033,0.047149,-0.724756,0.649467,1.045615,-0.035933,-0.065019,0.053561,0.992508,-0.169704,1.016875,-0.012917,0.025692,0.028490,0.426887,0.574692,1.043118,-0.086816,-0.057615,0.056320
3.980000,0.369109,-0.637684,1.009172,0.084486,0.100422,0.083625,-0.880573,-0.418070,1.039957,0.037577,-0.017722,0.047446,-0.725417,0.648154,1.046687,-0.030217,-0.066238,0.053584,0.992187,-0.169229,1.017453,-0.019075,0.021810,0.029398,0.425152,0.573523,1.044245,-0.086622,-0.059273,0.056406
4.000000,0.370696,-0.635649,1.010857,0.074271,0.103042,0.084894,-0.879798,-0.418383,1.040909,0.039821,-0.013602,0.047727,-0.725966,0.646817,1.047758,-0.024770,-0.067430,0.053587,0.991746,-0.168831,1.018050,-0.025028,0.018037,0.030301,0.423421,0.572322,1.045374,-0.086531,-0.060809,0.056453
4.020000,0.372081,-0.633564,1.012566,0.064265,0.105500,0.085994,-0.878980,-0.418615,1.041866,0.041989,-0.009666,0.047985,-0.726409,0.645457,1.048830,-0.019581,-0.068600,0.053570,0.991188,-0.168507,1.018665,-0.030774,0.014381,0.031194,0.421691,0.571091,1.046503,-0.086535,-0.062243,0.056465
4.040000,0.373268,-0.631430,1.014296,0.054494,0.107796,0.086922,-0.878119,-0.418771,1.042828,0.044090,-0.005908,0.048214,-0.726751,0.644074,1.049901,-0.014641,-0.069756,0.053531,0.990516,-0.168255,1.019298,-0.036312,0.010846,0.032069,0.419959,0.569833,1.047632,-0.086627,-0.063595,0.056444
4.060000,0.374262,-0.629253,1.016042,0.044957,0.109931,0.087680,-0.877217,-0.418853,1.043794,0.046126,-0.002327,0.048413,-0.726997,0.642667,1.050971,-0.009949,-0.070899,0.053470,0.989737,-0.168072,1.019948,-0.041642,0.007434,0.032927,0.418225,0.568548,1.048760,-0.086808,-0.064865,0.056389
4.080000,0.375068,-0.627034,1.017802,0.035656,0.111904,0.088267,-0.876275,-0.418865,1.044764,0.048095,0.001077,0.048582,-0.727151,0.641238,1.052040,-0.005506,-0.072028,0.053387,0.988852,-0.167957,1.020615,-0.046765,0.004145,0.033767,0.416486,0.567238,1.049887,-0.087077,-0.066053,0.056300
4.100000,0.375690,-0.624778,1.019572,0.026590,0.113715,0.088683,-0.875294,-0.418811,1.045737,0.049998,0.004304,0.048722,-0.727219,0.639786,1.053106,-0.001311,-0.073143,0.053282,0.987867,-0.167906,1.021299,-0.051679,0.000977,0.034590,0.414741,0.565906,1.051012,-0.087435,-0.067159,0.056179
4.120000,0.376133,-0.622487,1.021348,0.017773,0.115367,0.088938,-0.874275,-0.418694,1.046713,0.051846,0.007366,0.048828,-0.727205,0.638312,1.054171,0.002652,-0.074249,0.053154,0.986786,-0.167917,1.021999,-0.056396,-0.002067,0.035388,0.412988,0.564553,1.052134,-0.087872,-0.068198,0.056026
4.140000,0.376403,-0.620164,1.023128,0.009219,0.116861,0.089042,-0.873220,-0.418517,1.047690,0.053650,0.010275,0.048895,-0.727114,0.636816,1.055232,0.006399,-0.075353,0.053003,0.985613,-0.167988,1.022714,-0.060923,-0.004986,0.036156,0.411226,0.563179,1.053253,-0.088382,-0.069188,0.055845
4.160000,0.376504,-0.617813,1.024909,0.000927,0.118197,0.088994,-0.872129,-0.418284,1.048668,0.055409,0.013032,0.048923,-0.726950,0.635298,1.056291,0.009930,-0.076454,0.052828,0.984351,-0.168116,1.023445,-0.065261,-0.007782,0.036893,0.409452,0.561785,1.054368,-0.088963,-0.070127,0.055635
4.180000,0.376441,-0.615437,1.026687,-0.007103,0.119376,0.088795,-0.871004,-0.417997,1.049647,0.057123,0.015635,0.048913,-0.726718,0.633758,1.057345,0.013245,-0.077552,0.052631,0.983004,-0.168298,1.024190,-0.069411,-0.010453,0.037600,0.407667,0.560374,1.055478,-0.089616,-0.071017,0.055397
4.200000,0.376221,-0.613039,1.028460,-0.014870,0.120397,0.088445,-0.869845,-0.417659,1.050625,0.058792,0.018086,0.048864,-0.726422,0.632196,1.058396,0.016345,-0.078647,0.052410,0.981575,-0.168533,1.024948,-0.073372,-0.012999,0.038276,0.405867,0.558945,1.056584,-0.090341,-0.071857,0.055131
4.220000,0.375848,-0.610623,1.030224,-0.022372,0.121267,0.087958,-0.868653,-0.417274,1.051601,0.060428,0.020398,0.048773,-0.726066,0.630612,1.059442,0.019247,-0.079744,0.052165,0.980070,-0.168817,1.025720,-0.077159,-0.015427,0.038920,0.404053,0.557500,1.057683,-0.091129,-0.072659,0.054838
4.240000,0.375328,-0.608190,1.031977,-0.029608,0.121992,0.087350,-0.867428,-0.416844,1.052575,0.062039,0.022586,0.048637,-0.725653,0.629006,1.060482,0.021972,-0.080846,0.051896,0.978490,-0.169149,1.026505,-0.080789,-0.017742,0.039529,0.402222,0.556039,1.058777,-0.091973,-0.073436,0.054521
4.260000,0.374666,-0.605744,1.033717,-0.036578,0.122572,0.086619,-0.866171,-0.416372,1.053546,0.063626,0.024651,0.048456,-0.725188,0.627378,1.061517,0.024520,-0.081953,0.051603,0.976839,-0.169526,1.027301,-0.084260,-0.019945,0.040103,0.400373,0.554563,1.059864,-0.092873,-0.074188,0.054180
4.280000,0.373867,-0.603288,1.035441,-0.043281,0.123007,0.085768,-0.864883,-0.415859,1.054513,0.065190,0.026592,0.048230,-0.724674,0.625728,1.062546,0.026890,-0.083066,0.051286,0.975121,-0.169946,1.028109,-0.087574,-0.022034,0.040642,0.398507,0.553072,1.060944,-0.093827,-0.074914,0.053816
4.300000,0.372936,-0.600825,1.037147,-0.049718,0.123297,0.084794,-0.863564,-0.415309,1.055475,0.066729,0.028410,0.047958,-0.724114,0.624055,1.063569,0.029082,-0.084184,0.050944,0.973337,-0.170407,1.028927,-0.090730,-0.024011,0.041147,0.396620,0.551566,1.062016,-0.094838,-0.075616,0.053427
4.320000,0.371880,-0.598357,1.038832,-0.055898,0.123453,0.083714,-0.862214,-0.414723,1.056431,0.068254,0.030118,0.047640,-0.723511,0.622360,1.064584,0.031117,-0.085311,0.050579,0.971492,-0.170906,1.029754,-0.093747,-0.025885,0.041619,0.394713,0.550047,1.063081,-0.095896,-0.076301,0.053015
4.340000,0.370702,-0.595887,1.040495,-0.061830,0.123488,0.082543,-0.860834,-0.414105,1.057380,0.069775,0.031734,0.047272,-0.722870,0.620643,1.065592,0.033014,-0.086449,0.050187,0.969588,-0.171442,1.030591,-0.096642,-0.027666,0.042059,0.392784,0.548514,1.064137,-0.096995,-0.076980,0.052583
4.360000,0.369408,-0.593418,1.042133,-0.067515,0.123401,0.081281,-0.859423,-0.413455,1.058322,0.071290,0.033257,0.046855,-0.722192,0.618902,1.066591,0.034774,-0.087599,0.049771,0.967628,-0.172012,1.031437,-0.099417,-0.029355,0.042467,0.390833,0.546968,1.065184,-0.098134,-0.077651,0.052130
4.380000,0.368003,-0.590952,1.043746,-0.072952,0.123193,0.079928,-0.857982,-0.412775,1.059254,0.072801,0.034687,0.046388,-0.721480,0.617139,1.067582,0.036396,-0.088761,0.049330,0.965612,-0.172615,1.032290,-0.102071,-0.030951,0.042843,0.388858,0.545408,1.066222,-0.099314,-0.078316,0.051655
4.400000,0.366492,-0.588491,1.045330,-0.078141,0.122863,0.078485,-0.856511,-0.412068,1.060177,0.074307,0.036023,0.045872,-0.720737,0.615352,1.068564,0.037880,-0.089934,0.048863,0.963546,-0.173249,1.033150,-0.104604,-0.032454,0.043187,0.386860,0.543835,1.067250,-0.100535,-0.078974,0.051160
4.420000,0.364879,-0.586038,1.046884,-0.083103,0.122434,0.076965,-0.855010,-0.411335,1.061089,0.075816,0.037281,0.045305,-0.719965,0.613541,1.069537,0.039246,-0.091121,0.048370,0.961429,-0.173913,1.034017,-0.107035,-0.033877,0.043504,0.384837,0.542249,1.068268,-0.101790,-0.079632,0.050645
4.440000,0.363169,-0.583594,1.048408,-0.087856,0.121932,0.075387,-0.853478,-0.410577,1.061989,0.077339,0.038476,0.044685,-0.719168,0.611707,1.070499,0.040514,-0.092324,0.047850,0.959265,-0.174604,1.034890,-0.109384,-0.035232,0.043798,0.382788,0.540650,1.069276,-0.103073,-0.080295,0.050110
4.460000,0.361366,-0.581161,1.049899,-0.092400,0.121355,0.073748,-0.851916,-0.409796,1.062876,0.078874,0.039608,0.044013,-0.718346,0.609848,1.071450,0.041684,-0.093544,0.047303,0.957054,-0.175322,1.035769,-0.111651,-0.036518,0.044068,0.380714,0.539037,1.070273,-0.104383,-0.080964,0.049556
4.480000,0.359475,-0.578741,1.051358,-0.096735,0.120704,0.072050,-0.850323,-0.408993,1.063749,0.080422,0.040676,0.043288,-0.717501,0.607965,1.072391,0.042754,-0.094779,0.046729,0.954799,-0.176064,1.036653,-0.113836,-0.037736,0.044314,0.378613,0.537411,1.071258,-0.105722,-0.081639,0.048983
4.500000,0.357498,-0.576334,1.052781,-0.100862,0.119979,0.070292,-0.848699,-0.408169,1.064607,0.081982,0.041680,0.042510,-0.716636,0.606057,1.073319,0.043726,-0.096031,0.046128,0.952501,-0.176831,1.037541,-0.115938,-0.038885,0.044537,0.376484,0.535772,1.072232,-0.107089,-0.082320,0.048390
4.520000,0.355441,-0.573942,1.054169,-0.104798,0.119218,0.068488,-0.847044,-0.407326,1.065449,0.083563,0.042635,0.041679,-0.715752,0.604124,1.074236,0.044618,-0.097301,0.045499,0.950162,-0.177619,1.038434,-0.117975,-0.039972,0.044730,0.374329,0.534118,1.073193,-0.108479,-0.083011,0.047778
4.540000,0.353307,-0.571565,1.055520,-0.108562,0.118460,0.066654,-0.845356,-0.406464,1.066274,0.085172,0.043554,0.040794,-0.714852,0.602165,1.075139,0.045448,-0.098590,0.044839,0.947783,-0.178429,1.039330,-0.119964,-0.041000,0.044886,0.372145,0.532451,1.074143,-0.109887,-0.083716,0.047147
4.560000,0.351100,-0.569203,1.056835,-0.112154,0.117705,0.064788,-0.843637,-0.405584,1.067080,0.086809,0.044437,0.039854,-0.713935,0.600180,1.076029,0.046217,-0.099898,0.044150,0.945364,-0.179259,1.040229,-0.121905,-0.041970,0.045005,0.369933,0.530770,1.075079,-0.111313,-0.084435,0.046496
4.580000,0.348822,-0.566857,1.058112,-0.115573,0.116952,0.062891,-0.841884,-0.404687,1.067868,0.088474,0.045283,0.038861,-0.713003,0.598169,1.076905,0.046923,-0.101226,0.043430,0.942907,-0.180108,1.041130,-0.123798,-0.042882,0.045087,0.367693,0.529074,1.076002,-0.112756,-0.085168,0.045825
4.600000,0.346478,-0.564525,1.059350,-0.118820,0.116202,0.060963,-0.840098,-0.403773,1.068634,0.090166,0.046094,0.037812,-0.712058,0.596131,1.077766,0.047568,-0.102574,0.042681,0.940412,-0.180974,1.042032,-0.125642,-0.043736,0.045133,0.365423,0.527363,1.076912,-0.114218,-0.085915,0.045135
4.620000,0.344071,-0.562208,1.060550,-0.121913,0.115481,0.059013,-0.838277,-0.402843,1.069380,0.091893,0.046880,0.036709,-0.711101,0.594066,1.078612,0.048168,-0.103941,0.041899,0.937881,-0.181857,1.042935,-0.127451,-0.044536,0.045138,0.363124,0.525637,1.077808,-0.115694,-0.086678,0.044424
4.640000,0.341603,-0.559906,1.061711,-0.124870,0.114813,0.057047,-0.836422,-0.401898,1.070102,0.093661,0.047653,0.035552,-0.710132,0.591973,1.079442,0.048739,-0.105330,0.041084,0.935314,-0.182755,1.043838,-0.129238,-0.045286,0.045097,0.360795,0.523896,1.078689,-0.117180,-0.087458,0.043692
4.660000,0.339077,-0.557616,1.062832,-0.127692,0.114199,0.055067,-0.834530,-0.400937,1.070801,0.095468,0.048415,0.034341,-0.709152,0.589852,1.080255,0.049283,-0.106740,0.040235,0.932712,-0.183668,1.044739,-0.131001,-0.045987,0.045011,0.358436,0.522139,1.079555,-0.118676,-0.088257,0.042939
4.680000,0.336496,-0.555337,1.063913,-0.130379,0.113639,0.053071,-0.832603,-0.399962,1.071476,0.097316,0.049163,0.033075,-0.708161,0.587703,1.081051,0.049798,-0.108171,0.039352,0.930074,-0.184594,1.045638,-0.132741,-0.046638,0.044879,0.356048,0.520365,1.080406,-0.120183,-0.089073,0.042164
4.700000,0.333862,-0.553070,1.064955,-0.132929,0.113133,0.051061,-0.830637,-0.398971,1.072124,0.099203,0.049900,0.031754,-0.707160,0.585525,1.081829,0.050285,-0.109622,0.038436,0.927402,-0.185533,1.046534,-0.134459,-0.047239,0.044701,0.353629,0.518576,1.081242,-0.121699,-0.089907,0.041367
4.720000,0.331179,-0.550811,1.065956,-0.135362,0.112697,0.049039,-0.828634,-0.397966,1.072745,0.101135,0.050633,0.030381,-0.706150,0.583318,1.082588,0.050759,-0.111094,0.037483,0.924696,-0.186483,1.047425,-0.136163,-0.047794,0.044475,0.351180,0.516769,1.082061,-0.123222,-0.090758,0.040547
4.740000,0.328449,-0.548561,1.066916,-0.137694,0.112348,0.047008,-0.826592,-0.396946,1.073339,0.103115,0.051372,0.028956,-0.705130,0.581082,1.083328,0.051236,-0.112586,0.036492,0.921956,-0.187444,1.048312,-0.137864,-0.048306,0.044197,0.348700,0.514945,1.082863,-0.124748,-0.091626,0.039703
4.760000,0.325672,-0.546317,1.067836,-0.139925,0.112086,0.044969,-0.824509,-0.395911,1.073903,0.105141,0.052118,0.027479,-0.704100,0.578815,1.084048,0.051714,-0.114098,0.035463,0.919182,-0.188415,1.049193,-0.139561,-0.048774,0.043868,0.346190,0.513104,1.083649,-0.126276,-0.092512,0.038833
4.780000,0.322852,-0.544077,1.068715,-0.142056,0.111912,0.042921,-0.822386,-0.394861,1.074438,0.107216,0.052871,0.025951,-0.703061,0.576517,1.084746,0.052195,-0.115630,0.034396,0.916373,-0.189395,1.050067,-0.141254,-0.049199,0.043486,0.343649,0.511245,1.084417,-0.127808,-0.093414,0.037939
4.800000,0.319991,-0.541840,1.069553,-0.144086,0.111824,0.040863,-0.820220,-0.393796,1.074941,0.109338,0.053630,0.024371,-0.702012,0.574189,1.085423,0.052678,-0.117181,0.033291,0.913531,-0.190383,1.050932,-0.142944,-0.049580,0.043053,0.341078,0.509367,1.085166,-0.129343,-0.094334,0.037019
4.820000,0.317089,-0.539604,1.070349,-0.146029,0.111834,0.038797,-0.818012,-0.392716,1.075412,0.111508,0.054402,0.022743,-0.700954,0.571830,1.086078,0.053176,-0.118749,0.032145,0.910656,-0.191378,1.051788,-0.144636,-0.049918,0.042566,0.338475,0.507471,1.085897,-0.130877,-0.095267,0.036073
4.840000,0.314150,-0.537366,1.071105,-0.147898,0.111952,0.036722,-0.815760,-0.391620,1.075851,0.113727,0.055194,0.021070,-0.699885,0.569439,1.086709,0.053704,-0.120330,0.030957,0.907746,-0.192379,1.052634,-0.146334,-0.050214,0.042022,0.335843,0.505556,1.086609,-0.132405,-0.096210,0.035097
4.860000,0.311174,-0.535125,1.071818,-0.149693,0.112178,0.034638,-0.813463,-0.390508,1.076255,0.115994,0.056007,0.019353,-0.698805,0.567017,1.087316,0.054261,-0.121925,0.029726,0.904802,-0.193386,1.053469,-0.148039,-0.050467,0.041422,0.333179,0.503623,1.087301,-0.133927,-0.097163,0.034091
4.880000,0.308163,-0.532878,1.072490,-0.151414,0.112511,0.032545,-0.811120,-0.389379,1.076624,0.118309,0.056840,0.017591,-0.697714,0.564562,1.087898,0.054848,-0.123532,0.028452,0.901824,-0.194398,1.054291,-0.149751,-0.050678,0.040766,0.330486,0.501670,1.087972,-0.135443,-0.098127,0.033056
4.900000,0.305118,-0.530624,1.073120,-0.153062,0.112952,0.030443,-0.808730,-0.388234,1.076958,0.120672,0.057693,0.015784,-0.696611,0.562075,1.088454,0.055464,-0.125153,0.027136,0.898812,-0.195413,1.055099,-0.151470,-0.050847,0.040053,0.327762,0.499697,1.088623,-0.136953,-0.099101,0.031991
4.920000,0.302041,-0.528359,1.073708,-0.154646,0.113501,0.028332,-0.806292,-0.387071,1.077255,0.123076,0.058566,0.013940,-0.695496,0.559556,1.088983,0.056118,-0.126785,0.025776,0.895766,-0.196431,1.055893,-0.153200,-0.050976,0.039284,0.325007,0.497706,1.089252,-0.138456,-0.100083,0.030895
4.940000,0.298932,-0.526083,1.074253,-0.156179,0.114159,0.026213,-0.803807,-0.385891,1.077516,0.125511,0.059458,0.012067,-0.694366,0.557004,1.089484,0.056818,-0.128426,0.024373,0.892684,-0.197452,1.056670,-0.154945,-0.051066,0.038457,0.322223,0.495694,1.089858,-0.139949,-0.101072,0.029767
4.960000,0.295794,-0.523792,1.074756,-0.157660,0.114924,0.024086,-0.801272,-0.384693,1.077738,0.127978,0.060371,0.010164,-0.693223,0.554419,1.089957,0.057563,-0.130077,0.022925,0.889568,-0.198474,1.057430,-0.156705,-0.051118,0.037573,0.319410,0.493663,1.090442,-0.141433,-0.102068,0.028605
4.980000,0.292626,-0.521485,1.075217,-0.159090,0.115798,0.021952,-0.798687,-0.383476,1.077922,0.130476,0.061303,0.008232,-0.692063,0.551801,1.090401,0.058355,-0.131737,0.021434,0.886416,-0.199496,1.058173,-0.158481,-0.051132,0.036632,0.316566,0.491611,1.091002,-0.142907,-0.103071,0.027411
5.000000,0.289431,-0.519159,1.075634,-0.160467,0.116780,0.019809,-0.796053,-0.382241,1.078067,0.133005,0.062255,0.006270,-0.690888,0.549149,1.090814,0.059193,-0.133406,0.019898,0.883228,-0.200519,1.058895,-0.160272,-0.051107,0.035634,0.313693,0.489540,1.091538,-0.144371,-0.104080,0.026184
5.020000,0.286208,-0.516813,1.076009,-0.161801,0.117861,0.017661,-0.793367,-0.380986,1.078173,0.135546,0.063218,0.004292,-0.689695,0.546465,1.091197,0.060079,-0.135084,0.018320,0.880005,-0.201540,1.059598,-0.162082,-0.051047,0.034581,0.310791,0.487448,1.092050,-0.145826,-0.105095,0.024924
5.040000,0.282959,-0.514444,1.076341,-0.163098,0.119031,0.015510,-0.790631,-0.379712,1.078239,0.138081,0.064184,0.002309,-0.688485,0.543746,1.091547,0.061017,-0.136767,0.016700,0.876745,-0.202560,1.060278,-0.163912,-0.050956,0.033473,0.307860,0.485336,1.092535,-0.147271,-0.106117,0.023630
5.060000,0.279684,-0.512051,1.076629,-0.164358,0.120289,0.013357,-0.787844,-0.378419,1.078265,0.140608,0.065153,0.000323,-0.687254,0.540994,1.091864,0.062005,-0.138457,0.015040,0.873448,-0.203578,1.060936,-0.165763,-0.050834,0.032312,0.304901,0.483203,1.092995,-0.148706,-0.107144,0.022303
5.080000,0.276385,-0.509632,1.076875,-0.165582,0.121637,0.011202,-0.785006,-0.377106,1.078252,0.143127,0.066125,-0.001666,-0.686004,0.538208,1.092148,0.063045,-0.140153,0.013338,0.870114,-0.204594,1.061570,-0.167635,-0.050679,0.031098,0.301912,0.481050,1.093427,-0.150131,-0.108178,0.020942
5.100000,0.273061,-0.507185,1.077077,-0.166770,0.123074,0.009045,-0.782119,-0.375774,1.078198,0.145640,0.067100,-0.003660,-0.684732,0.535388,1.092398,0.064135,-0.141856,0.011595,0.866743,-0.205605,1.062180,-0.169527,-0.050494,0.029829,0.298895,0.478876,1.093832,-0.151546,-0.109217,0.019548
5.120000,0.269714,-0.504709,1.077237,-0.167923,0.124580,0.006892,-0.779181,-0.374422,1.078105,0.148113,0.068061,-0.005638,-0.683438,0.532533,1.092612,0.065273,-0.143562,0.009815,0.863333,-0.206613,1.062763,-0.171441,-0.050281,0.028511,0.295850,0.476681,1.094209,-0.152951,-0.110262,0.018121
5.140000,0.266345,-0.502202,1.077353,-0.169046,0.126137,0.004750,-0.776195,-0.373051,1.077973,0.150515,0.068991,-0.007581,-0.682121,0.529645,1.092790,0.066455,-0.145270,0.008004,0.859885,-0.207616,1.063320,-0.173374,-0.050045,0.027147,0.292777,0.474466,1.094557,-0.154348,-0.111313,0.016662
5.160000,0.262953,-0.499663,1.077427,-0.170137,0.127745,0.002620,-0.773161,-0.371662,1.077802,0.152846,0.069890,-0.009490,-0.680780,0.526723,1.092932,0.067680,-0.146979,0.006159,0.856398,-0.208615,1.063849,-0.175329,-0.049787,0.025737,0.289677,0.472229,1.094875,-0.155734,-0.112369,0.015173
5.180000,0.259539,-0.497092,1.077458,-0.171196,0.129402,0.000501,-0.770081,-0.370256,1.077594,0.155105,0.070758,-0.011363,-0.679414,0.523766,1.093036,0.068949,-0.148690,0.004283,0.852872,-0.209608,1.064349,-0.177303,-0.049505,0.024281,0.286548,0.469971,1.095163,-0.157111,-0.113432,0.013652
5.200000,0.256105,-0.494487,1.077447,-0.172225,0.131110,-0.001606,-0.766957,-0.368832,1.077348,0.157293,0.071595,-0.013202,-0.678021,0.520775,1.093103,0.070262,-0.150401,0.002374,0.849306,-0.210595,1.064820,-0.179299,-0.049201,0.022780,0.283392,0.467692,1.095421,-0.158479,-0.114500,0.012100
5.220000,0.252651,-0.491847,1.077394,-0.173219,0.132839,-0.003691,-0.763790,-0.367392,1.077066,0.159394,0.072392,-0.014996,-0.676603,0.517750,1.093131,0.071609,-0.152109,0.000441,0.845700,-0.211576,1.065260,-0.181310,-0.048880,0.021240,0.280209,0.465391,1.095647,-0.159837,-0.115574,0.010519
5.240000,0.249176,-0.489173,1.077299,-0.174175,0.134561,-0.005739,-0.760582,-0.365937,1.076748,0.161390,0.073138,-0.016735,-0.675157,0.514691,1.093120,0.072978,-0.153808,-0.001508,0.842053,-0.212550,1.065669,-0.183333,-0.048545,0.019667,0.276999,0.463069,1.095841,-0.161184,-0.116652,0.008914
5.260000,0.245684,-0.486465,1.077165,-0.175093,0.136275,-0.007751,-0.757335,-0.364467,1.076397,0.163282,0.073835,-0.018419,-0.673684,0.511598,1.093071,0.074372,-0.155498,-0.003472,0.838366,-0.213517,1.066046,-0.185368,-0.048198,0.018061,0.273762,0.460725,1.096004,-0.162521,-0.117734,0.007284
5.280000,0.242173,-0.483722,1.076990,-0.175973,0.137981,-0.009728,-0.754052,-0.362984,1.076012,0.165069,0.074482,-0.020049,-0.672182,0.508471,1.092981,0.075789,-0.157178,-0.005453,0.834638,-0.214478,1.066391,-0.187415,-0.047838,0.016424,0.270498,0.458359,1.096133,-0.163847,-0.118821,0.005630
5.300000,0.238645,-0.480946,1.076776,-0.176816,0.139679,-0.011669,-0.750733,-0.361488,1.075595,0.166752,0.075080,-0.021624,-0.670652,0.505311,1.092852,0.077229,-0.158850,-0.007450,0.830869,-0.215431,1.066703,-0.189473,-0.047466,0.014754,0.267208,0.455972,1.096229,-0.165162,-0.119912,0.003950
5.320000,0.235101,-0.478135,1.076523,-0.177609,0.141331,-0.013556,-0.747382,-0.359981,1.075147,0.168315,0.075618,-0.023136,-0.669093,0.502117,1.092683,0.078676,-0.160504,-0.009450,0.827059,-0.216376,1.066981,-0.191534,-0.047086,0.013061,0.263892,0.453563,1.096291,-0.166464,-0.121006,0.002251
5.340000,0.231541,-0.475293,1.076234,-0.178344,0.142898,-0.015369,-0.744002,-0.358464,1.074670,0.169740,0.076087,-0.024576,-0.667505,0.498891,1.092474,0.080113,-0.162130,-0.011440,0.823208,-0.217314,1.067226,-0.193586,-0.046704,0.011356,0.260549,0.451132,1.096318,-0.167750,-0.122098,0.000539
5.360000,0.227967,-0.472420,1.075909,-0.179021,0.144379,-0.017109,-0.740594,-0.356938,1.074165,0.171030,0.076487,-0.025943,-0.665888,0.495632,1.092226,0.081540,-0.163729,-0.013421,0.819316,-0.218245,1.067436,-0.195630,-0.046321,0.009637,0.257182,0.448679,1.096312,-0.169020,-0.123191,-0.001187
5.380000,0.224381,-0.469518,1.075550,-0.179638,0.145775,-0.018776,-0.737161,-0.355405,1.073633,0.172183,0.076818,-0.027239,-0.664243,0.492342,1.091938,0.082957,-0.165300,-0.015392,0.815383,-0.219167,1.067611,-0.197666,-0.045935,0.007906,0.253789,0.446204,1.096271,-0.170274,-0.124283,-0.002926
5.400000,0.220782,-0.466589,1.075158,-0.180197,0.147086,-0.020369,-0.733707,-0.353866,1.073076,0.173199,0.077079,-0.028462,-0.662570,0.489020,1.091610,0.084365,-0.166844,-0.017354,0.811409,-0.220082,1.067752,-0.199694,-0.045548,0.006162,0.250371,0.443707,1.096195,-0.171513,-0.125374,-0.004679
5.420000,0.217173,-0.463636,1.074736,-0.180693,0.148290,-0.021881,-0.730234,-0.352322,1.072495,0.174065,0.077264,-0.029606,-0.660869,0.485668,1.091244,0.085738,-0.168346,-0.019288,0.807395,-0.220989,1.067857,-0.201697,-0.045164,0.004419,0.246928,0.441189,1.096084,-0.172730,-0.126460,-0.006436
5.440000,0.213555,-0.460659,1.074284,-0.181122,0.149366,-0.023300,-0.726746,-0.350776,1.071892,0.174770,0.077364,-0.030664,-0.659141,0.482287,1.090839,0.087055,-0.169792,-0.021177,0.803342,-0.221889,1.067929,-0.203659,-0.044789,0.002690,0.243462,0.438649,1.095937,-0.173920,-0.127536,-0.008190
5.460000,0.209929,-0.457662,1.073804,-0.181483,0.150316,-0.024628,-0.723245,-0.349228,1.071269,0.175312,0.077380,-0.031637,-0.657387,0.478877,1.090397,0.088316,-0.171182,-0.023020,0.799249,-0.222781,1.067965,-0.205581,-0.044424,0.000975,0.239972,0.436088,1.095756,-0.175083,-0.128602,-0.009941
5.480000,0.206296,-0.454647,1.073299,-0.181777,0.151137,-0.025864,-0.719734,-0.347681,1.070627,0.175691,0.077310,-0.032523,-0.655609,0.475440,1.089918,0.089519,-0.172515,-0.024817,0.795119,-0.223666,1.067968,-0.207461,-0.044067,-0.000726,0.236459,0.433505,1.095540,-0.176219,-0.129657,-0.011687
5.500000,0.202658,-0.451617,1.072770,-0.182003,0.151831,-0.027008,-0.716218,-0.346136,1.069969,0.175909,0.077157,-0.033324,-0.653807,0.471977,1.089405,0.090666,-0.173792,-0.026569,0.790951,-0.224543,1.067936,-0.209300,-0.043720,-0.002414,0.232923,0.430901,1.095289,-0.177329,-0.130703,-0.013430
5.520000,0.199016,-0.448575,1.072220,-0.182158,0.152382,-0.028054,-0.712699,-0.344596,1.069295,0.175954,0.076912,-0.034033,-0.651983,0.468489,1.088856,0.091726,-0.174993,-0.028251,0.786747,-0.225415,1.067871,-0.211075,-0.043388,-0.004069,0.229366,0.428277,1.095003,-0.178403,-0.131730,-0.015158
5.540000,0.195372,-0.445523,1.071649,-0.182238,0.152773,-0.028995,-0.709181,-0.343061,1.068608,0.175816,0.076571,-0.034644,-0.650138,0.464978,1.088275,0.092669,-0.176097,-0.029840,0.782509,-0.226279,1.067774,-0.212762,-0.043075,-0.005676,0.225787,0.425632,1.094683,-0.179433,-0.132731,-0.016858
5.560000,0.191727,-0.442465,1.071061,-0.182243,0.153006,-0.029832,-0.705668,-0.341533,1.067910,0.175496,0.076133,-0.035158,-0.648277,0.461445,1.087663,0.093495,-0.177104,-0.031336,0.778237,-0.227138,1.067645,-0.214360,-0.042784,-0.007233,0.222189,0.422968,1.094329,-0.180418,-0.133707,-0.018530
5.580000,0.188083,-0.439404,1.070456,-0.182173,0.153079,-0.030563,-0.702163,-0.340016,1.067202,0.174993,0.075599,-0.035575,-0.646399,0.457894,1.087022,0.094204,-0.178014,-0.032738,0.773935,-0.227991,1.067485,-0.215870,-0.042512,-0.008741,0.218571,0.420284,1.093942,-0.181359,-0.134656,-0.020176
5.600000,0.184441,-0.436343,1.069839,-0.182027,0.152993,-0.031190,-0.698669,-0.338510,1.066487,0.174308,0.074968,-0.035894,-0.644509,0.454326,1.086354,0.094797,-0.178828,-0.034047,0.769603,-0.228838,1.067295,-0.217292,-0.042262,-0.010201,0.214935,0.417582,1.093522,-0.182256,-0.135580,-0.021794
5.620000,0.180803,-0.433285,1.069210,-0.181802,0.152738,-0.031708,-0.695191,-0.337018,1.065767,0.173434,0.074236,-0.036111,-0.642608,0.450742,1.085661,0.095259,-0.179535,-0.035249,0.765244,-0.229681,1.067077,-0.218596,-0.042037,-0.011589,0.211281,0.414861,1.093070,-0.183096,-0.136467,-0.023369
5.640000,0.177169,-0.430234,1.068571,-0.181495,0.152307,-0.032115,-0.691733,-0.335541,1.065044,0.172363,0.073400,-0.036221,-0.640700,0.447145,1.084945,0.095574,-0.180126,-0.036330,0.760860,-0.230520,1.066832,-0.219750,-0.041844,-0.012885,0.207611,0.412124,1.092587,-0.183868,-0.137306,-0.024886
5.660000,0.173543,-0.427194,1.067926,-0.181106,0.151699,-0.032409,-0.688298,-0.334082,1.064319,0.171096,0.072460,-0.036225,-0.638786,0.443537,1.084209,0.095744,-0.180601,-0.037291,0.756455,-0.231355,1.066562,-0.220755,-0.041683,-0.014087,0.203927,0.409369,1.092075,-0.184572,-0.138098,-0.026344
5.680000,0.169926,-0.424168,1.067276,-0.180635,0.150914,-0.032591,-0.684891,-0.332644,1.063595,0.169633,0.071416,-0.036121,-0.636871,0.439922,1.083454,0.095769,-0.180960,-0.038131,0.752031,-0.232188,1.066269,-0.221610,-0.041553,-0.015197,0.200229,0.406600,1.091534,-0.185207,-0.138843,-0.027745
5.700000,0.166318,-0.421159,1.066623,-0.180082,0.149952,-0.032661,-0.681514,-0.331227,1.062875,0.167974,0.070267,-0.035910,-0.634957,0.436300,1.082684,0.095647,-0.181202,-0.038851,0.747592,-0.233018,1.065955,-0.222316,-0.041456,-0.016214,0.196519,0.403816,1.090966,-0.185774,-0.139540,-0.029088
5.720000,0.162723,-0.418171,1.065970,-0.179444,0.148811,-0.032617,-0.678173,-0.329834,1.062160,0.166130,0.069021,-0.035596,-0.633046,0.432674,1.081901,0.095373,-0.181323,-0.039443,0.743140,-0.233846,1.065622,-0.222859,-0.041391,-0.017127,0.192799,0.401019,1.090371,-0.186258,-0.140176,-0.030353
5.740000,0.159141,-0.415207,1.065319,-0.178720,0.147488,-0.032459,-0.674870,-0.328466,1.061452,0.164115,0.067685,-0.035183,-0.631143,0.429048,1.081108,0.094939,-0.181317,-0.039900,0.738678,-0.234673,1.065271,-0.223223,-0.041361,-0.017925,0.189069,0.398210,1.089752,-0.186644,-0.140738,-0.031522
5.760000,0.155575,-0.412272,1.064672,-0.177908,0.145984,-0.032187,-0.671609,-0.327127,1.060753,0.161928,0.066258,-0.034670,-0.629250,0.425423,1.080306,0.094344,-0.181184,-0.040222,0.734212,-0.235501,1.064905,-0.223410,-0.041366,-0.018607,0.185333,0.395390,1.089111,-0.186932,-0.141225,-0.032594
5.780000,0.152025,-0.409369,1.064032,-0.177010,0.144298,-0.031799,-0.668394,-0.325817,1.060066,0.159569,0.064740,-0.034057,-0.627370,0.421801,1.079500,0.093589,-0.180923,-0.040409,0.729743,-0.236328,1.064527,-0.223419,-0.041404,-0.019173,0.181593,0.392561,1.088449,-0.187121,-0.141638,-0.033571
5.800000,0.148495,-0.406502,1.063401,-0.176026,0.142430,-0.031298,-0.665228,-0.324538,1.059391,0.157038,0.063132,-0.033344,-0.625507,0.418186,1.078691,0.092674,-0.180536,-0.040461,0.725276,-0.237157,1.064139,-0.223251,-0.041477,-0.019624,0.177849,0.389725,1.087769,-0.187213,-0.141976,-0.034451
5.820000,0.144985,-0.403673,1.062781,-0.174954,0.140385,-0.030683,-0.662114,-0.323292,1.058733,0.154345,0.061439,-0.032535,-0.623664,0.414581,1.077882,0.091600,-0.180020,-0.040377,0.720814,-0.237988,1.063743,-0.222899,-0.041584,-0.019956,0.174105,0.386883,1.087072,-0.187189,-0.142225,-0.035212
5.840000,0.141497,-0.400887,1.062174,-0.173796,0.138168,-0.029956,-0.659055,-0.322081,1.058091,0.151500,0.059667,-0.031633,-0.621844,0.410987,1.077076,0.090366,-0.179375,-0.040156,0.716362,-0.238821,1.063342,-0.222359,-0.041724,-0.020162,0.170363,0.384036,1.086361,-0.187034,-0.142368,-0.035831
5.860000,0.138034,-0.398148,1.061584,-0.172551,0.135778,-0.029117,-0.656055,-0.320906,1.057468,0.148504,0.057816,-0.030637,-0.620051,0.407407,1.076277,0.088973,-0.178601,-0.039796,0.711921,-0.239657,1.062937,-0.221631,-0.041897,-0.020244,0.166625,0.381189,1.085639,-0.186746,-0.142405,-0.036308
5.880000,0.134596,-0.395457,1.061011,-0.171219,0.133215,-0.028166,-0.653116,-0.319769,1.056866,0.145356,0.055887,-0.029549,-0.618286,0.403843,1.075486,0.087420,-0.177697,-0.039299,0.707498,-0.240497,1.062533,-0.220714,-0.042103,-0.020202,0.162894,0.378341,1.084910,-0.186326,-0.142338,-0.036643
5.900000,0.131186,-0.392820,1.060458,-0.169801,0.130480,-0.027103,-0.650242,-0.318671,1.056287,0.142056,0.053878,-0.028367,-0.616555,0.400299,1.074706,0.085709,-0.176665,-0.038664,0.703094,-0.241341,1.062130,-0.219609,-0.042343,-0.020034,0.159172,0.375496,1.084175,-0.185774,-0.142164,-0.036837
5.920000,0.127804,-0.390239,1.059927,-0.168299,0.127584,-0.025932,-0.647435,-0.317614,1.055732,0.138616,0.051798,-0.027096,-0.614859,0.396778,1.073940,0.083846,-0.175507,-0.037896,0.698714,-0.242191,1.061732,-0.218320,-0.042613,-0.019744,0.155463,0.372655,1.083437,-0.185090,-0.141884,-0.036884
5.940000,0.124454,-0.387718,1.059421,-0.166718,0.124539,-0.024658,-0.644698,-0.316599,1.055203,0.135050,0.049653,-0.025740,-0.613202,0.393280,1.073191,0.081839,-0.174227,-0.036997,0.694362,-0.243046,1.061341,-0.216849,-0.042911,-0.019332,0.151770,0.369821,1.082700,-0.184273,-0.141497,-0.036782
5.960000,0.121136,-0.385259,1.058942,-0.165056,0.121344,-0.023281,-0.642033,-0.315628,1.054703,0.131356,0.047443,-0.024299,-0.611587,0.389809,1.072461,0.079688,-0.172827,-0.035968,0.690042,-0.243907,1.060960,-0.215198,-0.043238,-0.018799,0.148093,0.366996,1.081967,-0.183324,-0.141001,-0.036528
5.980000,0.117852,-0.382865,1.058491,-0.163314,0.118000,-0.021800,-0.639444,-0.314702,1.054232,0.127534,0.045169,-0.022773,-0.610015,0.386368,1.071753,0.077393,-0.171304,-0.034809,0.685756,-0.244776,1.060590,-0.213366,-0.043593,-0.018144,0.144438,0.364182,1.081240,-0.182242,-0.140397,-0.036125
6.000000,0.114604,-0.380540,1.058070,-0.161493,0.114507,-0.020216,-0.636933,-0.313822,1.053792,0.123586,0.042830,-0.021162,-0.608492,0.382958,1.071069,0.074954,-0.169661,-0.033520,0.681508,-0.245651,1.060235,-0.211353,-0.043977,-0.017367,0.140805,0.361381,1.080523,-0.181028,-0.139686,-0.035571
6.020000,0.111393,-0.378286,1.057683,-0.159599,0.110883,-0.018537,-0.634502,-0.312989,1.053386,0.119526,0.040436,-0.019473,-0.607018,0.379582,1.070413,0.072385,-0.167905,-0.032109,0.677303,-0.246535,1.059896,-0.209172,-0.044385,-0.016475,0.137197,0.358595,1.079818,-0.179689,-0.138871,-0.034872
6.040000,0.108221,-0.376105,1.057329,-0.157640,0.107147,-0.016769,-0.632153,-0.312205,1.053014,0.115371,0.037996,-0.017710,-0.605597,0.376242,1.069786,0.069701,-0.166047,-0.030585,0.673142,-0.247427,1.059577,-0.206835,-0.044815,-0.015475,0.133618,0.355827,1.079129,-0.178233,-0.137959,-0.034032
6.060000,0.105088,-0.374001,1.057012,-0.155616,0.103299,-0.014914,-0.629887,-0.311470,1.052678,0.111121,0.035509,-0.015874,-0.604231,0.372941,1.069190,0.066903,-0.164086,-0.028948,0.669030,-0.248327,1.059278,-0.204343,-0.045266,-0.014366,0.130069,0.353077,1.078458,-0.176660,-0.136948,-0.033051
6.080000,0.101997,-0.371974,1.056733,-0.153527,0.099338,-0.012971,-0.627708,-0.310785,1.052379,0.106775,0.032977,-0.013965,-0.602922,0.369680,1.068629,0.063989,-0.162022,-0.027197,0.664970,-0.249237,1.059003,-0.201696,-0.045738,-0.013149,0.126552,0.350349,1.077808,-0.174970,-0.135840,-0.031930
6.100000,0.098947,-0.370028,1.056494,-0.151373,0.095266,-0.010940,-0.625617,-0.310151,1.052120,0.102334,0.030398,-0.011983,-0.601672,0.366461,1.068103,0.060960,-0.159856,-0.025334,0.660964,-0.250157,1.058753,-0.198893,-0.046231,-0.011823,0.123071,0.347644,1.077182,-0.173163,-0.134634,-0.030668
6.120000,0.095942,-0.368164,1.056296,-0.149165,0.091106,-0.008832,-0.623615,-0.309569,1.051901,0.097819,0.027784,-0.009936,-0.600484,0.363286,1.067616,0.057836,-0.157601,-0.023370,0.657015,-0.251087,1.058530,-0.195955,-0.046741,-0.010400,0.119626,0.344965,1.076582,-0.171254,-0.133340,-0.029277
6.140000,0.092981,-0.366384,1.056141,-0.146915,0.086882,-0.006659,-0.621705,-0.309040,1.051723,0.093247,0.025147,-0.007832,-0.599359,0.360157,1.067169,0.054637,-0.155274,-0.021319,0.653126,-0.252027,1.058337,-0.192903,-0.047264,-0.008890,0.116221,0.342311,1.076011,-0.169257,-0.131968,-0.027769
6.160000,0.090066,-0.364689,1.056030,-0.144624,0.082595,-0.004421,-0.619886,-0.308563,1.051588,0.088621,0.022485,-0.005670,-0.598299,0.357076,1.066764,0.051363,-0.152873,-0.019180,0.649300,-0.252977,1.058175,-0.189737,-0.047800,-0.007294,0.112857,0.339686,1.075472,-0.167172,-0.130520,-0.026144
6.180000,0.087196,-0.363081,1.055965,-0.142289,0.078244,-0.002116,-0.618160,-0.308140,1.051496,0.083939,0.019801,-0.003452,-0.597305,0.354043,1.066402,0.048014,-0.150399,-0.016953,0.645537,-0.253939,1.058046,-0.186457,-0.048348,-0.005611,0.109535,0.337091,1.074966,-0.164999,-0.128995,-0.024402
6.200000,0.084374,-0.361560,1.055946,-0.139913,0.073829,0.000254,-0.616529,-0.307771,1.051450,0.079203,0.017092,-0.001176,-0.596379,0.351060,1.066086,0.044591,-0.147851,-0.014639,0.641842,-0.254912,1.057951,-0.183063,-0.048909,-0.003841,0.106257,0.334527,1.074497,-0.162739,-0.127392,-0.022544
6.220000,0.081600,-0.360128,1.055975,-0.137509,0.069378,0.002675,-0.614992,-0.307457,1.051450,0.074432,0.014372,0.001146,-0.595522,0.348129,1.065817,0.041116,-0.145248,-0.012254,0.638215,-0.255895,1.057893,-0.179582,-0.049478,-0.001998,0.103026,0.331996,1.074065,-0.160409,-0.125727,-0.020585
6.240000,0.078874,-0.358785,1.056053,-0.135091,0.064917,0.005135,-0.613552,-0.307197,1.051496,0.069650,0.011652,0.003507,-0.594735,0.345250,1.065596,0.037612,-0.142609,-0.009812,0.634659,-0.256891,1.057872,-0.176038,-0.050052,-0.000097,0.099841,0.329498,1.073674,-0.158029,-0.124013,-0.018542
6.260000,0.076197,-0.357531,1.056181,-0.132659,0.060446,0.007633,-0.612206,-0.306991,1.051590,0.064856,0.008932,0.005906,-0.594018,0.342425,1.065425,0.034079,-0.139932,-0.007314,0.631174,-0.257897,1.057889,-0.172433,-0.050629,0.001864,0.096705,0.327036,1.073324,-0.155599,-0.122250,-0.016415
6.280000,0.073568,-0.356367,1.056359,-0.130213,0.055965,0.010170,-0.610957,-0.306839,1.051733,0.060051,0.006213,0.008343,-0.593372,0.339653,1.065304,0.030517,-0.137219,-0.004760,0.627762,-0.258916,1.057947,-0.168766,-0.051211,0.003884,0.093618,0.324609,1.073018,-0.153119,-0.120438,-0.014205
6.300000,0.070988,-0.355293,1.056588,-0.127753,0.051475,0.012744,-0.609805,-0.306742,1.051924,0.055233,0.003493,0.010818,-0.592797,0.336936,1.065235,0.026927,-0.134469,-0.002150,0.624424,-0.259946,1.058045,-0.165037,-0.051796,0.005963,0.090581,0.322218,1.072757,-0.150589,-0.118578,-0.011910
6.320000,0.068458,-0.354308,1.056869,-0.125294,0.046999,0.015342,-0.608748,-0.306699,1.052166,0.050422,0.000784,0.013322,-0.592295,0.334275,1.065219,0.023330,-0.131700,0.000501,0.621161,-0.260988,1.058186,-0.161273,-0.052383,0.008087,0.087594,0.319866,1.072542,-0.148027,-0.116684,-0.009549
6.340000,0.065976,-0.353412,1.057202,-0.122850,0.042564,0.017950,-0.607787,-0.306711,1.052457,0.045637,-0.001905,0.015845,-0.591864,0.331668,1.065255,0.019747,-0.128931,0.003175,0.617973,-0.262041,1.058369,-0.157499,-0.052967,0.010242,0.084660,0.317551,1.072375,-0.145454,-0.114772,-0.007140
6.360000,0.063544,-0.352605,1.057587,-0.120421,0.038169,0.020567,-0.606922,-0.306776,1.052800,0.040877,-0.004573,0.018388,-0.591505,0.329118,1.065346,0.016178,-0.126162,0.005874,0.614861,-0.263106,1.058596,-0.153716,-0.053548,0.012428,0.081776,0.315275,1.072257,-0.142869,-0.112841,-0.004682
6.380000,0.061159,-0.351885,1.058025,-0.118007,0.033813,0.023194,-0.606152,-0.306893,1.053193,0.036143,-0.007222,0.020950,-0.591217,0.326622,1.065490,0.012624,-0.123392,0.008597,0.611825,-0.264183,1.058866,-0.149923,-0.054126,0.014646,0.078945,0.313038,1.072188,-0.140273,-0.110891,-0.002174
6.400000,0.058823,-0.351252,1.058515,-0.115608,0.029498,0.025830,-0.605476,-0.307064,1.053638,0.031434,-0.009850,0.023532,-0.591000,0.324182,1.065690,0.009084,-0.120623,0.011344,0.608864,-0.265271,1.059182,-0.146121,-0.054702,0.016894,0.076165,0.310839,1.072170,-0.137664,-0.108923,0.000382
6.420000,0.056535,-0.350705,1.059058,-0.113235,0.025239,0.028464,-0.604895,-0.307287,1.054134,0.026771,-0.012447,0.026120,-0.590853,0.321797,1.065944,0.005572,-0.117868,0.014102,0.605980,-0.266371,1.059542,-0.142328,-0.055273,0.019163,0.073438,0.308681,1.072203,-0.135059,-0.106949,0.002972
6.440000,0.054294,-0.350242,1.059653,-0.110899,0.021054,0.031083,-0.604405,-0.307562,1.054682,0.022174,-0.015002,0.028700,-0.590776,0.319467,1.066254,0.002104,-0.115140,0.016859,0.603171,-0.267482,1.059948,-0.138565,-0.055839,0.021442,0.070763,0.306561,1.072289,-0.132471,-0.104979,0.005584
6.460000,0.052099,-0.349862,1.060301,-0.108600,0.016943,0.033687,-0.604007,-0.307887,1.055282,0.017645,-0.017513,0.031274,-0.590769,0.317191,1.066619,-0.001321,-0.112440,0.019615,0.600437,-0.268605,1.060400,-0.134831,-0.056399,0.023730,0.068139,0.304482,1.072427,-0.129900,-0.103015,0.008216
6.480000,0.049949,-0.349564,1.061001,-0.106338,0.012906,0.036277,-0.603699,-0.308262,1.055933,0.013182,-0.019982,0.033840,-0.590829,0.314969,1.067038,-0.004704,-0.109768,0.022369,0.597778,-0.269738,1.060897,-0.131125,-0.056953,0.026027,0.065567,0.302441,1.072618,-0.127347,-0.101056,0.010870
6.500000,0.047845,-0.349346,1.061752,-0.104114,0.008942,0.038852,-0.603479,-0.308686,1.056636,0.008786,-0.022409,0.036399,-0.590956,0.312800,1.067513,-0.008043,-0.107124,0.025122,0.595192,-0.270883,1.061441,-0.127449,-0.057502,0.028335,0.063045,0.300439,1.072862,-0.124811,-0.099103,0.013544
6.520000,0.045784,-0.349206,1.062554,-0.101935,0.005064,0.041401,-0.603347,-0.309158,1.057389,0.004471,-0.024785,0.038939,-0.591150,0.310684,1.068043,-0.011329,-0.104518,0.027864,0.592679,-0.272038,1.062031,-0.123815,-0.058044,0.030643,0.060574,0.298477,1.073160,-0.122304,-0.097164,0.016227
6.540000,0.043767,-0.349142,1.063408,-0.099812,0.001283,0.043914,-0.603300,-0.309677,1.058193,0.000251,-0.027104,0.041448,-0.591409,0.308619,1.068628,-0.014554,-0.101962,0.030583,0.590239,-0.273204,1.062667,-0.120239,-0.058581,0.032944,0.058153,0.296553,1.073511,-0.119835,-0.095249,0.018909
6.560000,0.041792,-0.349154,1.064311,-0.097744,-0.002402,0.046389,-0.603336,-0.310242,1.059047,-0.003873,-0.029364,0.043927,-0.591732,0.306605,1.069266,-0.017717,-0.099456,0.033279,0.587869,-0.274381,1.063349,-0.116719,-0.059111,0.035238,0.055781,0.294667,1.073916,-0.117406,-0.093358,0.021590
6.580000,0.039857,-0.349238,1.065263,-0.095730,-0.005989,0.048828,-0.603454,-0.310851,1.059950,-0.007902,-0.031567,0.046375,-0.592118,0.304641,1.069959,-0.020818,-0.096998,0.035952,0.585570,-0.275569,1.064076,-0.113256,-0.059635,0.037525,0.053456,0.292818,1.074375,-0.115016,-0.091491,0.024268
6.600000,0.037962,-0.349393,1.066264,-0.093772,-0.009479,0.051229,-0.603652,-0.311504,1.060902,-0.011836,-0.033712,0.048793,-0.592564,0.302725,1.070704,-0.023857,-0.094591,0.038603,0.583339,-0.276767,1.064850,-0.109850,-0.060152,0.039805,0.051180,0.291007,1.074887,-0.112665,-0.089648,0.026945
6.620000,0.036106,-0.349616,1.067312,-0.091877,-0.012863,0.053582,-0.603927,-0.312199,1.061901,-0.015663,-0.035793,0.051168,-0.593071,0.300857,1.071503,-0.026827,-0.092241,0.041222,0.581175,-0.277975,1.065668,-0.106511,-0.060664,0.042070,0.048949,0.289232,1.075452,-0.110362,-0.087837,0.029610
6.640000,0.034286,-0.349906,1.068407,-0.090052,-0.016132,0.055874,-0.604278,-0.312935,1.062948,-0.019374,-0.037804,0.053489,-0.593637,0.299035,1.072353,-0.029723,-0.089959,0.043797,0.579078,-0.279193,1.066532,-0.103250,-0.061171,0.044314,0.046765,0.287493,1.076071,-0.108114,-0.086066,0.032254
6.660000,0.032503,-0.350261,1.069546,-0.088298,-0.019286,0.058106,-0.604701,-0.313711,1.064041,-0.022968,-0.039745,0.055756,-0.594260,0.297258,1.073254,-0.032542,-0.087745,0.046330,0.577045,-0.280422,1.067441,-0.100067,-0.061672,0.046536,0.044625,0.285789,1.076742,-0.105922,-0.084333,0.034877
6.680000,0.030754,-0.350677,1.070730,-0.086614,-0.022324,0.060277,-0.605195,-0.314525,1.065178,-0.026444,-0.041617,0.057969,-0.594938,0.295525,1.074206,-0.035287,-0.085597,0.048820,0.575075,-0.281660,1.068393,-0.096961,-0.062167,0.048736,0.042528,0.284119,1.077466,-0.103785,-0.082640,0.037478
6.700000,0.029038,-0.351153,1.071957,-0.085001,-0.025248,0.062388,-0.605758,-0.315375,1.066359,-0.029804,-0.043420,0.060128,-0.595671,0.293833,1.075207,-0.037956,-0.083517,0.051267,0.573166,-0.282908,1.069390,-0.093933,-0.062658,0.050914,0.040473,0.282483,1.078241,-0.101704,-0.080986,0.040058
6.720000,0.027354,-0.351686,1.073225,-0.083462,-0.028056,0.064433,-0.606387,-0.316261,1.067583,-0.033037,-0.045147,0.062220,-0.596456,0.292183,1.076256,-0.040544,-0.081513,0.053660,0.571317,-0.284166,1.070430,-0.090992,-0.063143,0.053063,0.038459,0.280880,1.079068,-0.099685,-0.079379,0.042606
6.740000,0.025699,-0.352275,1.074534,-0.082001,-0.030749,0.066407,-0.607079,-0.317181,1.068847,-0.036133,-0.046793,0.064232,-0.597292,0.290572,1.077353,-0.043045,-0.079592,0.055988,0.569525,-0.285434,1.071512,-0.088145,-0.063625,0.055175,0.036485,0.279308,1.079945,-0.097735,-0.077823,0.045114
6.760000,0.024073,-0.352915,1.075881,-0.080616,-0.033327,0.068310,-0.607831,-0.318132,1.070151,-0.039092,-0.048358,0.066164,-0.598177,0.288999,1.078495,-0.045458,-0.077756,0.058252,0.567790,-0.286711,1.072637,-0.085394,-0.064102,0.057251,0.034549,0.277766,1.080872,-0.095853,-0.076321,0.047581
6.780000,0.022474,-0.353607,1.077266,-0.079309,-0.035790,0.070142,-0.608641,-0.319114,1.071493,-0.041914,-0.049842,0.068015,-0.599110,0.287462,1.079682,-0.047784,-0.076003,0.060450,0.566109,-0.287998,1.073802,-0.082738,-0.064574,0.059290,0.032650,0.276255,1.081848,-0.094041,-0.074871,0.050007
6.800000,0.020900,-0.354346,1.078686,-0.078079,-0.038138,0.071903,-0.609507,-0.320125,1.072871,-0.044599,-0.051246,0.069787,-0.600088,0.285958,1.080913,-0.050022,-0.074334,0.062583,0.564480,-0.289294,1.075008,-0.080178,-0.065043,0.061293,0.030787,0.274771,1.082872,-0.092297,-0.073474,0.052392
6.820000,0.019350,-0.355132,1.080142,-0.076927,-0.040376,0.073593,-0.610424,-0.321164,1.074284,-0.047145,-0.052566,0.071471,-0.601110,0.284488,1.082185,-0.052173,-0.072753,0.064646,0.562901,-0.290600,1.076253,-0.077721,-0.065507,0.063250,0.028958,0.273315,1.083944,-0.090628,-0.072136,0.054725
6.840000,0.017823,-0.355961,1.081630,-0.075852,-0.042509,0.075210,-0.611392,-0.322227,1.075730,-0.049549,-0.053802,0.073060,-0.602174,0.283048,1.083498,-0.054238,-0.071261,0.066635,0.561370,-0.291915,1.077538,-0.075376,-0.065968,0.065152,0.027161,0.271885,1.085061,-0.089040,-0.070864,0.056995
6.860000,0.016316,-0.356831,1.083149,-0.074854,-0.044538,0.076755,-0.612405,-0.323315,1.077206,-0.051811,-0.054954,0.074553,-0.603279,0.281637,1.084850,-0.056216,-0.069860,0.068548,0.559885,-0.293239,1.078859,-0.073144,-0.066426,0.067000,0.025396,0.270480,1.086223,-0.087532,-0.069658,0.059203
6.880000,0.014828,-0.357741,1.084699,-0.073934,-0.046463,0.078227,-0.613463,-0.324425,1.078711,-0.053931,-0.056021,0.075950,-0.604422,0.280253,1.086240,-0.058107,-0.068549,0.070388,0.558444,-0.294572,1.080217,-0.071025,-0.066879,0.068794,0.023660,0.269098,1.087429,-0.086105,-0.068517,0.061347
6.900000,0.013358,-0.358689,1.086278,-0.073091,-0.048283,0.079627,-0.614562,-0.325555,1.080243,-0.055909,-0.057003,0.077252,-0.605603,0.278894,1.087665,-0.059911,-0.067328,0.072152,0.557044,-0.295914,1.081611,-0.069018,-0.067329,0.070534,0.021951,0.267739,1.088676,-0.084759,-0.067442,0.063428
6.920000,0.011904,-0.359672,1.087884,-0.072323,-0.050007,0.080957,-0.615699,-0.326705,1.081800,-0.057747,-0.057901,0.078454,-0.606818,0.277559,1.089125,-0.061632,-0.066196,0.073842,0.555683,-0.297265,1.083038,-0.067125,-0.067776,0.072216,0.020269,0.266400,1.089965,-0.083495,-0.066435,0.065441
6.940000,0.010464,-0.360689,1.089516,-0.071628,-0.051643,0.082219,-0.616871,-0.327871,1.083381,-0.059447,-0.058715,0.079553,-0.608067,0.276246,1.090618,-0.063274,-0.065154,0.075456,0.554358,-0.298625,1.084499,-0.065349,-0.068221,0.073835,0.018611,0.265081,1.091294,-0.082315,-0.065500,0.067382
6.960000,0.009038,-0.361737,1.091172,-0.071006,-0.053190,0.083412,-0.618076,-0.329053,1.084982,-0.061008,-0.059444,0.080547,-0.609349,0.274952,1.092143,-0.064837,-0.064201,0.076994,0.553068,-0.299994,1.085991,-0.063690,-0.068665,0.075393,0.016976,0.263780,1.092660,-0.081218,-0.064634,0.069250
6.980000,0.007624,-0.362816,1.092852,-0.070457,-0.054649,0.084537,-0.619310,-0.330248,1.086602,-0.062431,-0.060089,0.081438,-0.610660,0.273677,1.093697,-0.066321,-0.063337,0.078456,0.551810,-0.301371,1.087514,-0.062148,-0.069107,0.076889,0.015361,0.262495,1.094063,-0.080205,-0.063840,0.071044
7.000000,0.006219,-0.363923,1.094553,-0.069981,-0.056019,0.085595,-0.620572,-0.331456,1.088239,-0.063716,-0.060649,0.082224,-0.612001,0.272418,1.095281,-0.067726,-0.062562,0.079843,0.550581,-0.302758,1.089066,-0.060723,-0.069547,0.078322,0.013767,0.261226,1.095501,-0.079276,-0.063116,0.072766
7.020000,0.004824,-0.365056,1.096275,-0.069574,-0.057310,0.086587,-0.621858,-0.332674,1.089890,-0.064866,-0.061126,0.082906,-0.613369,0.271174,1.096891,-0.069058,-0.061872,0.081157,0.549380,-0.304153,1.090647,-0.059412,-0.069986,0.079694,0.012190,0.259970,1.096973,-0.078429,-0.062463,0.074414
7.040000,0.003436,-0.366215,1.098016,-0.069232,-0.058529,0.087519,-0.623166,-0.333900,1.091554,-0.065886,-0.061520,0.083479,-0.614763,0.269943,1.098526,-0.070322,-0.061265,0.082399,0.548204,-0.305557,1.092254,-0.058213,-0.070425,0.081002,0.010629,0.258727,1.098477,-0.077662,-0.061879,0.075988
7.060000,0.002054,-0.367397,1.099776,-0.068955,-0.059678,0.088390,-0.624492,-0.335134,1.093229,-0.066775,-0.061831,0.083946,-0.616181,0.268723,1.100186,-0.071518,-0.060741,0.083569,0.547051,-0.306970,1.093886,-0.057126,-0.070865,0.082248,0.009083,0.257494,1.100012,-0.076975,-0.061365,0.077487
7.080000,0.000677,-0.368601,1.101552,-0.068743,-0.060756,0.089200,-0.625836,-0.336373,1.094911,-0.067534,-0.062060,0.084305,-0.617623,0.267513,1.101869,-0.072646,-0.060299,0.084669,0.545918,-0.308392,1.095543,-0.056151,-0.071305,0.083430,0.007550,0.256272,1.101576,-0.076369,-0.060921,0.078911
7.100000,-0.000696,-0.369827,1.103343,-0.068596,-0.061762,0.089950,-0.627193,-0.337616,1.096600,-0.068163,-0.062206,0.084557,-0.619087,0.266310,1.103572,-0.073706,-0.059939,0.085697,0.544804,-0.309822,1.097223,-0.055288,-0.071745,0.084550,0.006028,0.255057,1.103168,-0.075843,-0.060547,0.080261
7.120000,-0.002067,-0.371071,1.105149,-0.068510,-0.062706,0.090642,-0.628561,-0.338861,1.098293,-0.068666,-0.062271,0.084701,-0.620571,0.265114,1.105296,-0.074704,-0.059657,0.086658,0.543706,-0.311262,1.098925,-0.054531,-0.072185,0.085609,0.004515,0.253849,1.104786,-0.075393,-0.060239,0.081539
7.140000,-0.003437,-0.372334,1.106969,-0.068479,-0.063596,0.091283,-0.629939,-0.340106,1.099987,-0.069049,-0.062255,0.084739,-0.622074,0.263924,1.107038,-0.075647,-0.059447,0.087555,0.542622,-0.312710,1.100647,-0.053875,-0.072628,0.086609,0.003011,0.252647,1.106429,-0.075015,-0.059995,0.082745
7.160000,-0.004806,-0.373615,1.108800,-0.068503,-0.064430,0.091871,-0.631323,-0.341350,1.101682,-0.069311,-0.062159,0.084669,-0.623596,0.262736,1.108798,-0.076533,-0.059309,0.088387,0.541550,-0.314167,1.102389,-0.053320,-0.073071,0.087549,0.001514,0.251449,1.108096,-0.074709,-0.059815,0.083881
7.180000,-0.006177,-0.374911,1.110643,-0.068583,-0.065211,0.092407,-0.632710,-0.342592,1.103374,-0.069452,-0.061983,0.084492,-0.625135,0.261551,1.110573,-0.077363,-0.059243,0.089156,0.540488,-0.315633,1.104149,-0.052866,-0.073516,0.088429,0.000023,0.250254,1.109784,-0.074475,-0.059700,0.084946
7.200000,-0.007550,-0.376223,1.112496,-0.068718,-0.065936,0.092891,-0.634100,-0.343829,1.105061,-0.069473,-0.061726,0.084207,-0.626690,0.260366,1.112364,-0.078138,-0.059250,0.089861,0.539435,-0.317107,1.105926,-0.052513,-0.073963,0.089251,-0.001465,0.249061,1.111493,-0.074314,-0.059648,0.085940
7.220000,-0.008926,-0.377548,1.114358,-0.068903,-0.066614,0.093327,-0.635489,-0.345060,1.106741,-0.069379,-0.061391,0.083817,-0.628261,0.259180,1.114167,-0.078862,-0.059322,0.090506,0.538387,-0.318591,1.107718,-0.052253,-0.074411,0.090015,-0.002950,0.247868,1.113221,-0.074219,-0.059656,0.086867
7.240000,-0.010306,-0.378887,1.116229,-0.069132,-0.067252,0.093719,-0.636874,-0.346284,1.108413,-0.069175,-0.060979,0.083324,-0.629845,0.257993,1.115984,-0.079541,-0.059454,0.091096,0.537344,-0.320084,1.109526,-0.052079,-0.074860,0.090726,-0.004434,0.246674,1.114967,-0.074185,-0.059719,0.087729
7.260000,-0.011692,-0.380238,1.118107,-0.069406,-0.067850,0.094068,-0.638255,-0.347499,1.110073,-0.068862,-0.060490,0.082727,-0.631442,0.256802,1.117811,-0.080175,-0.059646,0.091630,0.536304,-0.321586,1.111347,-0.051991,-0.075312,0.091383,-0.005918,0.245479,1.116730,-0.074212,-0.059837,0.088528
7.280000,-0.013083,-0.381601,1.119991,-0.069725,-0.068406,0.094373,-0.639628,-0.348703,1.111721,-0.068440,-0.059925,0.082026,-0.633051,0.255606,1.119648,-0.080764,-0.059898,0.092109,0.535264,-0.323096,1.113181,-0.051988,-0.075765,0.091987,-0.007403,0.244280,1.118508,-0.074301,-0.060011,0.089262
7.300000,-0.014481,-0.382974,1.121881,-0.070088,-0.068923,0.094634,-0.640992,-0.349895,1.113354,-0.067908,-0.059283,0.081222,-0.634672,0.254405,1.121495,-0.081308,-0.060210,0.092533,0.534223,-0.324616,1.115026,-0.052072,-0.076219,0.092536,-0.008891,0.243078,1.120300,-0.074450,-0.060239,0.089932
7.320000,-0.015887,-0.384358,1.123776,-0.070489,-0.069405,0.094856,-0.642344,-0.351074,1.114969,-0.067274,-0.058567,0.080318,-0.636303,0.253198,1.123349,-0.081812,-0.060574,0.092906,0.533180,-0.326145,1.116882,-0.052234,-0.076675,0.093036,-0.010382,0.241870,1.122105,-0.074655,-0.060517,0.090543
7.340000,-0.017301,-0.385750,1.125675,-0.070925,-0.069857,0.095042,-0.643682,-0.352238,1.116566,-0.066544,-0.057780,0.079319,-0.637944,0.251982,1.125211,-0.082280,-0.060985,0.093232,0.532134,-0.327683,1.118747,-0.052465,-0.077131,0.093488,-0.011877,0.240657,1.123921,-0.074907,-0.060840,0.091097
7.360000,-0.018724,-0.387152,1.127578,-0.071393,-0.070281,0.095192,-0.645005,-0.353385,1.118141,-0.065717,-0.056923,0.078223,-0.639594,0.250758,1.127078,-0.082713,-0.061443,0.093511,0.531081,-0.329230,1.120621,-0.052765,-0.077588,0.093893,-0.013378,0.239437,1.125748,-0.075208,-0.061207,0.091595
7.380000,-0.020157,-0.388561,1.129483,-0.071895,-0.070675,0.095307,-0.646310,-0.354514,1.119694,-0.064795,-0.055995,0.077032,-0.641253,0.249524,1.128951,-0.083110,-0.061946,0.093744,0.530023,-0.330787,1.122503,-0.053134,-0.078045,0.094251,-0.014886,0.238208,1.127585,-0.075558,-0.061619,0.092038
7.400000,-0.021600,-0.389978,1.131390,-0.072430,-0.071040,0.095386,-0.647596,-0.355624,1.121222,-0.063776,-0.054996,0.075745,-0.642918,0.248280,1.130828,-0.083471,-0.062496,0.093931,0.528956,-0.332352,1.124391,-0.053573,-0.078504,0.094562,-0.016401,0.236971,1.129429,-0.075956,-0.062075,0.092424
7.420000,-0.023054,-0.391403,1.133298,-0.072994,-0.071380,0.095432,-0.648861,-0.356713,1.122723,-0.062671,-0.053932,0.074369,-0.644591,0.247024,1.132708,-0.083801,-0.063086,0.094074,0.527879,-0.333927,1.126285,-0.054074,-0.078962,0.094830,-0.017924,0.235725,1.131281,-0.076396,-0.062570,0.092758
7.440000,-0.024520,-0.392833,1.135207,-0.073580,-0.071700,0.095450,-0.650102,-0.357781,1.124196,-0.061486,-0.052809,0.072911,-0.646270,0.245756,1.134590,-0.084102,-0.063709,0.094180,0.526792,-0.335511,1.128184,-0.054627,-0.079419,0.095056,-0.019457,0.234468,1.133139,-0.076871,-0.063097,0.093045
7.460000,-0.025998,-0.394271,1.137116,-0.074189,-0.071999,0.095438,-0.651319,-0.358825,1.125639,-0.060223,-0.051626,0.071371,-0.647955,0.244475,1.136475,-0.084376,-0.064364,0.094246,0.525694,-0.337104,1.130087,-0.055232,-0.079875,0.095242,-0.020999,0.233201,1.135003,-0.077381,-0.063658,0.093284
7.480000,-0.027488,-0.395713,1.139024,-0.074821,-0.072277,0.095397,-0.652511,-0.359846,1.127051,-0.058881,-0.050383,0.069749,-0.649645,0.243181,1.138360,-0.084621,-0.065053,0.094274,0.524583,-0.338706,1.131993,-0.055891,-0.080330,0.095386,-0.022552,0.231922,1.136871,-0.077926,-0.064252,0.093474
7.500000,-0.028991,-0.397161,1.140932,-0.075475,-0.072535,0.095327,-0.653674,-0.360840,1.128429,-0.057461,-0.049081,0.068046,-0.651340,0.241873,1.140245,-0.084839,-0.065775,0.094263,0.523458,-0.340317,1.133902,-0.056603,-0.080784,0.095491,-0.024117,0.230631,1.138742,-0.078507,-0.064879,0.093617
7.520000,-0.030507,-0.398615,1.142837,-0.076148,-0.072775,0.095230,-0.654809,-0.361809,1.129772,-0.055974,-0.047729,0.066271,-0.653039,0.240550,1.142130,-0.085031,-0.066524,0.094216,0.522318,-0.341937,1.135812,-0.057359,-0.081236,0.095557,-0.025693,0.229327,1.140615,-0.079116,-0.065533,0.093716
7.540000,-0.032037,-0.400072,1.144741,-0.076833,-0.073001,0.095109,-0.655913,-0.362749,1.131079,-0.054433,-0.046336,0.064436,-0.654741,0.239212,1.144014,-0.085201,-0.067293,0.094138,0.521163,-0.343566,1.137724,-0.058154,-0.081685,0.095588,-0.027282,0.228009,1.142490,-0.079748,-0.066209,0.093775
7.560000,-0.033580,-0.401535,1.146641,-0.077533,-0.073212,0.094964,-0.656986,-0.363662,1.132349,-0.052839,-0.044904,0.062542,-0.656446,0.237858,1.145896,-0.085349,-0.068083,0.094028,0.519992,-0.345204,1.139636,-0.058986,-0.082130,0.095584,-0.028883,0.226678,1.144366,-0.080403,-0.066906,0.093793
7.580000,-0.035138,-0.403001,1.148539,-0.078245,-0.073409,0.094794,-0.658026,-0.364545,1.133580,-0.051189,-0.043431,0.060588,-0.658155,0.236488,1.147775,-0.085474,-0.068894,0.093886,0.518804,-0.346851,1.141547,-0.059856,-0.082572,0.095544,-0.030498,0.225333,1.146241,-0.081080,-0.067626,0.093771
7.600000,-0.036710,-0.404471,1.150433,-0.078971,-0.073590,0.094601,-0.659033,-0.365399,1.134772,-0.049486,-0.041918,0.058574,-0.659865,0.235102,1.149651,-0.085577,-0.069725,0.093712,0.517597,-0.348507,1.143457,-0.060763,-0.083011,0.095469,-0.032126,0.223973,1.148116,-0.081779,-0.068367,0.093708
7.620000,-0.038297,-0.405944,1.152323,-0.079707,-0.073760,0.094385,-0.660005,-0.366222,1.135923,-0.047747,-0.040381,0.056518,-0.661578,0.233699,1.151523,-0.085660,-0.070572,0.093510,0.516373,-0.350172,1.145366,-0.061702,-0.083445,0.095362,-0.033769,0.222598,1.149989,-0.082495,-0.069126,0.093608
7.640000,-0.039898,-0.407421,1.154208,-0.080448,-0.073919,0.094147,-0.660943,-0.367014,1.137033,-0.045988,-0.038835,0.054435,-0.663292,0.232279,1.153391,-0.085725,-0.071429,0.093280,0.515129,-0.351845,1.147272,-0.062666,-0.083874,0.095223,-0.035426,0.221208,1.151860,-0.083222,-0.069895,0.093475
7.660000,-0.041515,-0.408901,1.156089,-0.081196,-0.074067,0.093889,-0.661845,-0.367775,1.138100,-0.044211,-0.037281,0.052327,-0.665007,0.230842,1.155254,-0.085773,-0.072296,0.093024,0.513866,-0.353527,1.149174,-0.063655,-0.084297,0.095053,-0.037098,0.219802,1.153728,-0.083960,-0.070677,0.093307
7.680000,-0.043146,-0.410384,1.157964,-0.081948,-0.074205,0.093610,-0.662711,-0.368505,1.139126,-0.042415,-0.035718,0.050193,-0.666722,0.229387,1.157112,-0.085802,-0.073173,0.092742,0.512583,-0.355217,1.151073,-0.064669,-0.084715,0.094852,-0.038785,0.218381,1.155592,-0.084709,-0.071471,0.093105
7.700000,-0.044793,-0.411869,1.159833,-0.082707,-0.074332,0.093310,-0.663541,-0.369204,1.140108,-0.040600,-0.034146,0.048033,-0.668439,0.227915,1.158964,-0.085814,-0.074060,0.092433,0.511279,-0.356915,1.152968,-0.065707,-0.085127,0.094620,-0.040486,0.216943,1.157452,-0.085469,-0.072276,0.092869
7.720000,-0.046455,-0.413357,1.161696,-0.083469,-0.074451,0.092989,-0.664335,-0.369871,1.141047,-0.038791,-0.032589,0.045871,-0.670155,0.226425,1.160809,-0.085810,-0.074953,0.092100,0.509954,-0.358622,1.154858,-0.066766,-0.085533,0.094359,-0.042204,0.215490,1.159307,-0.086234,-0.073089,0.092601
7.740000,-0.048132,-0.414847,1.163552,-0.084230,-0.074561,0.092649,-0.665093,-0.370508,1.141943,-0.037013,-0.031072,0.043733,-0.671871,0.224917,1.162648,-0.085791,-0.075848,0.091744,0.508608,-0.360336,1.156742,-0.067840,-0.085932,0.094069,-0.043936,0.214020,1.161156,-0.087000,-0.073905,0.092304
7.760000,-0.049824,-0.416339,1.165402,-0.084992,-0.074663,0.092289,-0.665816,-0.371114,1.142796,-0.035266,-0.029593,0.041618,-0.673586,0.223391,1.164479,-0.085758,-0.076744,0.091366,0.507241,-0.362059,1.158621,-0.068930,-0.086322,0.093750,-0.045684,0.212533,1.162999,-0.087767,-0.074724,0.091978
7.780000,-0.051531,-0.417834,1.167244,-0.085755,-0.074758,0.091909,-0.666504,-0.371692,1.143608,-0.033550,-0.028154,0.039526,-0.675301,0.221847,1.166302,-0.085711,-0.077641,0.090965,0.505851,-0.363789,1.160492,-0.070035,-0.086706,0.093403,-0.047447,0.211031,1.164835,-0.088534,-0.075546,0.091622
7.800000,-0.053254,-0.419330,1.169078,-0.086517,-0.074845,0.091510,-0.667158,-0.372241,1.144378,-0.031866,-0.026754,0.037457,-0.677015,0.220285,1.168117,-0.085650,-0.078541,0.090541,0.504439,-0.365527,1.162357,-0.071155,-0.087081,0.093027,-0.049225,0.209511,1.166664,-0.089302,-0.076372,0.091237
7.820000,-0.054992,-0.420827,1.170904,-0.087278,-0.074925,0.091091,-0.667779,-0.372762,1.145106,-0.030230,-0.025410,0.035427,-0.678727,0.218706,1.169923,-0.085576,-0.079438,0.090096,0.503005,-0.367273,1.164213,-0.072288,-0.087449,0.092623,-0.051019,0.207976,1.168484,-0.090067,-0.077198,0.090825
7.840000,-0.056745,-0.422327,1.172722,-0.088036,-0.074998,0.090651,-0.668368,-0.373257,1.145795,-0.028661,-0.024141,0.033453,-0.680438,0.217108,1.171721,-0.085490,-0.080331,0.089630,0.501548,-0.369025,1.166061,-0.073429,-0.087807,0.092192,-0.052828,0.206424,1.170296,-0.090824,-0.078020,0.090386
7.860000,-0.058513,-0.423827,1.174530,-0.088791,-0.075065,0.090192,-0.668926,-0.373728,1.146445,-0.027158,-0.022947,0.031533,-0.682147,0.215492,1.173509,-0.085393,-0.081219,0.089145,0.500067,-0.370785,1.167901,-0.074580,-0.088156,0.091733,-0.054651,0.204855,1.172099,-0.091573,-0.078840,0.089921
7.880000,-0.060297,-0.425329,1.176329,-0.089542,-0.075125,0.089712,-0.669454,-0.374176,1.147057,-0.025722,-0.021827,0.029669,-0.683853,0.213859,1.175286,-0.085285,-0.082103,0.088639,0.498564,-0.372551,1.169730,-0.075739,-0.088497,0.091246,-0.056490,0.203270,1.173893,-0.092314,-0.079655,0.089431
7.900000,-0.062095,-0.426832,1.178118,-0.090291,-0.075179,0.089211,-0.669955,-0.374602,1.147632,-0.024353,-0.020782,0.027860,-0.685558,0.212208,1.177054,-0.085166,-0.082982,0.088113,0.497038,-0.374325,1.171550,-0.076908,-0.088828,0.090731,-0.058344,0.201669,1.175677,-0.093048,-0.080468,0.088914
7.920000,-0.063908,-0.428336,1.179897,-0.091035,-0.075227,0.088690,-0.670429,-0.375008,1.148171,-0.023062,-0.019824,0.026115,-0.687260,0.210540,1.178811,-0.085037,-0.083854,0.087567,0.495488,-0.376104,1.173359,-0.078084,-0.089149,0.090189,-0.060212,0.200051,1.177449,-0.093770,-0.081274,0.088372
7.940000,-0.065736,-0.429841,1.181666,-0.091775,-0.075269,0.088145,-0.670878,-0.375395,1.148677,-0.021862,-0.018968,0.024445,-0.688959,0.208854,1.180557,-0.084899,-0.084717,0.087002,0.493914,-0.377890,1.175158,-0.079266,-0.089461,0.089617,-0.062095,0.198418,1.179211,-0.094477,-0.082072,0.087805
7.960000,-0.067579,-0.431347,1.183423,-0.092510,-0.075306,0.087579,-0.671304,-0.375767,1.149150,-0.020753,-0.018211,0.022849,-0.690656,0.207151,1.182291,-0.084753,-0.085572,0.086417,0.492317,-0.379683,1.176944,-0.080453,-0.089761,0.089017,-0.063991,0.196769,1.180961,-0.095170,-0.082862,0.087215
7.980000,-0.069437,-0.432853,1.185169,-0.093241,-0.075336,0.086989,-0.671709,-0.376125,1.149591,-0.019735,-0.017556,0.021326,-0.692349,0.205431,1.184013,-0.084598,-0.086417,0.085814,0.490696,-0.381481,1.178718,-0.081646,-0.090052,0.088389,-0.065901,0.195103,1.182700,-0.095847,-0.083644,0.086600
8.000000,-0.071309,-0.434360,1.186902,-0.093967,-0.075361,0.086377,-0.672094,-0.376470,1.150003,-0.018808,-0.017001,0.019878,-0.694040,0.203695,1.185723,-0.084435,-0.087254,0.085191,0.489051,-0.383285,1.180479,-0.082845,-0.090333,0.087731,-0.067825,0.193423,1.184425,-0.096510,-0.084417,0.085960
8.020000,-0.073195,-0.435868,1.188624,-0.094688,-0.075380,0.085740,-0.672462,-0.376805,1.150387,-0.017980,-0.016557,0.018509,-0.695727,0.201941,1.187421,-0.084264,-0.088080,0.084549,0.487382,-0.385094,1.182227,-0.084049,-0.090602,0.087045,-0.069762,0.191727,1.186138,-0.097154,-0.085181,0.085297
8.040000,-0.075096,-0.437376,1.190332,-0.095405,-0.075392,0.085076,-0.672814,-0.377133,1.150744,-0.017258,-0.016231,0.017223,-0.697410,0.200172,1.189105,-0.084088,-0.088895,0.083887,0.485689,-0.386909,1.183961,-0.085257,-0.090861,0.086327,-0.071711,0.190016,1.187837,-0.097777,-0.085932,0.084609
8.060000,-0.077012,-0.438883,1.192027,-0.096117,-0.075399,0.084386,-0.673153,-0.377455,1.151077,-0.016642,-0.016025,0.016020,-0.699090,0.198386,1.190776,-0.083906,-0.089699,0.083206,0.483972,-0.388728,1.185680,-0.086470,-0.091108,0.085578,-0.073673,0.188290,1.189522,-0.098379,-0.086671,0.083898
8.080000,-0.078941,-0.440391,1.193707,-0.096824,-0.075399,0.083670,-0.673480,-0.377775,1.151386,-0.016134,-0.015939,0.014902,-0.700766,0.196584,1.192433,-0.083718,-0.090490,0.082506,0.482231,-0.390553,1.187384,-0.087688,-0.091344,0.084799,-0.075646,0.186549,1.191193,-0.098960,-0.087399,0.083163
8.100000,-0.080884,-0.441899,1.195373,-0.097526,-0.075393,0.082926,-0.673799,-0.378094,1.151673,-0.015732,-0.015971,0.013866,-0.702439,0.194766,1.194076,-0.083524,-0.091271,0.081787,0.480465,-0.392382,1.189072,-0.088911,-0.091568,0.083988,-0.077631,0.184794,1.192848,-0.099520,-0.088114,0.082404
8.120000,-0.082842,-0.443407,1.197024,-0.098224,-0.075380,0.082154,-0.674110,-0.378414,1.151941,-0.015441,-0.016129,0.012916,-0.704107,0.192933,1.195704,-0.083326,-0.092038,0.081048,0.478674,-0.394216,1.190743,-0.090138,-0.091781,0.083145,-0.079627,0.183024,1.194489,-0.100056,-0.088816,0.081621
8.140000,-0.084813,-0.444915,1.198659,-0.098917,-0.075360,0.081350,-0.674417,-0.378740,1.152190,-0.015266,-0.016419,0.012052,-0.705772,0.191085,1.197318,-0.083125,-0.092793,0.080289,0.476859,-0.396053,1.192397,-0.091370,-0.091982,0.082268,-0.081633,0.181241,1.196113,-0.100564,-0.089503,0.080814
8.160000,-0.086799,-0.446421,1.200278,-0.099606,-0.075333,0.080514,-0.674722,-0.379072,1.152423,-0.015206,-0.016840,0.011274,-0.707432,0.189221,1.198916,-0.082921,-0.093534,0.079509,0.475019,-0.397895,1.194034,-0.092606,-0.092170,0.081357,-0.083649,0.179444,1.197721,-0.101046,-0.090174,0.079982
8.180000,-0.088798,-0.447928,1.201879,-0.100291,-0.075298,0.079646,-0.675026,-0.379414,1.152642,-0.015261,-0.017392,0.010583,-0.709089,0.187343,1.200498,-0.082713,-0.094261,0.078710,0.473155,-0.399740,1.195651,-0.093847,-0.092345,0.080412,-0.085675,0.177634,1.199312,-0.101500,-0.090831,0.079127
8.200000,-0.090810,-0.449433,1.203463,-0.100971,-0.075255,0.078746,-0.675333,-0.379769,1.152847,-0.015433,-0.018076,0.009978,-0.710741,0.185451,1.202064,-0.082503,-0.094975,0.077890,0.471265,-0.401589,1.197250,-0.095093,-0.092508,0.079434,-0.087709,0.175811,1.200886,-0.101927,-0.091472,0.078247
8.220000,-0.092836,-0.450938,1.205029,-0.101647,-0.075204,0.077812,-0.675644,-0.380138,1.153042,-0.015721,-0.018894,0.009458,-0.712389,0.183544,1.203614,-0.082291,-0.095675,0.077050,0.469351,-0.403440,1.198829,-0.096343,-0.092658,0.078419,-0.089751,0.173976,1.202442,-0.102324,-0.092097,0.077343
8.240000,-0.094876,-0.452441,1.206576,-0.102319,-0.075144,0.076840,-0.675963,-0.380525,1.153226,-0.016127,-0.019849,0.009023,-0.714032,0.181624,1.205146,-0.082078,-0.096359,0.076188,0.467412,-0.405295,1.200386,-0.097597,-0.092793,0.077367,-0.091802,0.172128,1.203980,-0.102687,-0.092703,0.076414
8.260000,-0.096929,-0.453944,1.208102,-0.102986,-0.075073,0.075830,-0.676290,-0.380933,1.153403,-0.016652,-0.020941,0.008672,-0.715672,0.179690,1.206661,-0.081866,-0.097027,0.075306,0.465447,-0.407152,1.201923,-0.098854,-0.092915,0.076277,-0.093859,0.170268,1.205498,-0.103017,-0.093291,0.075460
8.280000,-0.098996,-0.455444,1.209609,-0.103648,-0.074993,0.074783,-0.676629,-0.381364,1.153574,-0.017295,-0.022170,0.008406,-0.717307,0.177743,1.208158,-0.081653,-0.097680,0.074402,0.463457,-0.409011,1.203437,-0.100116,-0.093022,0.075150,-0.095922,0.168396,1.206998,-0.103313,-0.093860,0.074482
8.300000,-0.101075,-0.456943,1.211093,-0.104306,-0.074903,0.073697,-0.676983,-0.381821,1.153740,-0.018057,-0.023535,0.008224,-0.718938,0.175783,1.209637,-0.081439,-0.098317,0.073477,0.461442,-0.410873,1.204929,-0.101382,-0.093115,0.073986,-0.097991,0.166513,1.208478,-0.103575,-0.094411,0.073478
8.320000,-0.103168,-0.458440,1.212556,-0.104958,-0.074801,0.072572,-0.677353,-0.382306,1.153903,-0.018935,-0.025036,0.008124,-0.720565,0.173811,1.211097,-0.081227,-0.098937,0.072531,0.459402,-0.412736,1.206396,-0.102651,-0.093192,0.072783,-0.100065,0.164620,1.209937,-0.103800,-0.094941,0.072450
8.340000,-0.105273,-0.459935,1.213996,-0.105604,-0.074686,0.071402,-0.677741,-0.382823,1.154065,-0.019927,-0.026672,0.008102,-0.722187,0.171826,1.212538,-0.081018,-0.099539,0.071563,0.457336,-0.414600,1.207840,-0.103921,-0.093252,0.071540,-0.102143,0.162716,1.211375,-0.103985,-0.095449,0.071397
8.360000,-0.107392,-0.461428,1.215412,-0.106244,-0.074557,0.070190,-0.678150,-0.383374,1.154228,-0.021034,-0.028441,0.008160,-0.723805,0.169829,1.213959,-0.080811,-0.100121,0.070572,0.455245,-0.416466,1.209258,-0.105192,-0.093295,0.070257,-0.104224,0.160802,1.212793,-0.104128,-0.095933,0.070319
8.380000,-0.109523,-0.462917,1.216803,-0.106878,-0.074415,0.068933,-0.678583,-0.383962,1.154392,-0.022255,-0.030345,0.008296,-0.725420,0.167821,1.215361,-0.080606,-0.100685,0.069560,0.453129,-0.418332,1.210650,-0.106465,-0.093321,0.068935,-0.106308,0.158879,1.214188,-0.104230,-0.096394,0.069215
8.400000,-0.111667,-0.464404,1.218169,-0.107505,-0.074260,0.067633,-0.679041,-0.384589,1.154560,-0.023591,-0.032382,0.008512,-0.727030,0.165802,1.216742,-0.080404,-0.101231,0.068526,0.450987,-0.420198,1.212015,-0.107738,-0.093331,0.067572,-0.108393,0.156946,1.215561,-0.104291,-0.096833,0.068087
8.420000,-0.113823,-0.465888,1.219508,-0.108124,-0.074088,0.066288,-0.679527,-0.385258,1.154733,-0.025036,-0.034547,0.008802,-0.728636,0.163772,1.218102,-0.080206,-0.101755,0.067471,0.448819,-0.422065,1.213352,-0.109010,-0.093320,0.066168,-0.110479,0.155005,1.216911,-0.104307,-0.097246,0.066935
8.440000,-0.115992,-0.467368,1.220820,-0.108732,-0.073898,0.064894,-0.680043,-0.385971,1.154913,-0.026583,-0.036832,0.009162,-0.730238,0.161732,1.219440,-0.080013,-0.102255,0.066393,0.446626,-0.423931,1.214661,-0.110277,-0.093289,0.064725,-0.112565,0.153057,1.218238,-0.104274,-0.097629,0.065758
8.460000,-0.118172,-0.468844,1.222104,-0.109330,-0.073690,0.063451,-0.680591,-0.386732,1.155100,-0.028232,-0.039238,0.009592,-0.731836,0.159682,1.220757,-0.079825,-0.102732,0.065294,0.444408,-0.425796,1.215941,-0.111538,-0.093236,0.063240,-0.114650,0.151100,1.219541,-0.104191,-0.097984,0.064557
8.480000,-0.120365,-0.470315,1.223358,-0.109917,-0.073463,0.061961,-0.681173,-0.387542,1.155297,-0.029984,-0.041764,0.010093,-0.733431,0.157623,1.222052,-0.079642,-0.103185,0.064173,0.442165,-0.427660,1.217191,-0.112794,-0.093163,0.061715,-0.116732,0.149137,1.220820,-0.104058,-0.098311,0.063332
8.500000,-0.122569,-0.471782,1.224582,-0.110493,-0.073218,0.060422,-0.681792,-0.388403,1.155504,-0.031838,-0.044410,0.010663,-0.735022,0.155555,1.223324,-0.079464,-0.103615,0.063031,0.439896,-0.429523,1.218409,-0.114045,-0.093068,0.060149,-0.118812,0.147168,1.222075,-0.103876,-0.098608,0.062083
8.520000,-0.124785,-0.473244,1.225775,-0.111054,-0.072951,0.058833,-0.682448,-0.389319,1.155724,-0.033783,-0.047161,0.011298,-0.736610,0.153478,1.224573,-0.079292,-0.104018,0.061868,0.437603,-0.431383,1.219596,-0.115285,-0.092949,0.058543,-0.120887,0.145193,1.223304,-0.103639,-0.098873,0.060812
8.540000,-0.127011,-0.474700,1.226935,-0.111597,-0.072659,0.057194,-0.683143,-0.390290,1.155957,-0.035808,-0.050004,0.011990,-0.738194,0.151394,1.225799,-0.079128,-0.104390,0.060685,0.435285,-0.433241,1.220751,-0.116507,-0.092803,0.056899,-0.122957,0.143214,1.224507,-0.103344,-0.099101,0.059520
8.560000,-0.129248,-0.476150,1.228062,-0.112121,-0.072342,0.055504,-0.683880,-0.391320,1.156204,-0.037912,-0.052938,0.012740,-0.739775,0.149303,1.227000,-0.078972,-0.104731,0.059482,0.432943,-0.435095,1.221872,-0.117713,-0.092630,0.055218,-0.125020,0.141230,1.225684,-0.102990,-0.099293,0.058207
8.580000,-0.131496,-0.477593,1.229155,-0.112627,-0.072001,0.053763,-0.684660,-0.392408,1.156467,-0.040096,-0.055964,0.013547,-0.741353,0.147205,1.228178,-0.078822,-0.105043,0.058259,0.430577,-0.436946,1.222959,-0.118903,-0.092431,0.053498,-0.127076,0.139242,1.226835,-0.102577,-0.099449,0.056873
8.600000,-0.133753,-0.479030,1.230212,-0.113114,-0.071634,0.051971,-0.685485,-0.393559,1.156746,-0.042359,-0.059080,0.014412,-0.742928,0.145101,1.229331,-0.078680,-0.105323,0.057017,0.428187,-0.438792,1.224012,-0.120075,-0.092204,0.051739,-0.129123,0.137252,1.227959,-0.102105,-0.099568,0.055517
8.620000,-0.136020,-0.480459,1.231233,-0.113576,-0.071239,0.050129,-0.686355,-0.394772,1.157043,-0.044682,-0.062263,0.015326,-0.744500,0.142992,1.230458,-0.078547,-0.105569,0.055756,0.425774,-0.440634,1.225029,-0.121221,-0.091948,0.049947,-0.131160,0.135260,1.229056,-0.101570,-0.099647,0.054144
8.640000,-0.138296,-0.481879,1.232217,-0.114009,-0.070812,0.048238,-0.687272,-0.396049,1.157359,-0.047047,-0.065487,0.016281,-0.746070,0.140879,1.231561,-0.078422,-0.105776,0.054480,0.423338,-0.442470,1.226009,-0.122333,-0.091658,0.048123,-0.133185,0.133266,1.230125,-0.100967,-0.099681,0.052756
8.660000,-0.140580,-0.483291,1.233162,-0.114411,-0.070353,0.046297,-0.688237,-0.397392,1.157695,-0.049454,-0.068753,0.017275,-0.747637,0.138762,1.232637,-0.078306,-0.105944,0.053188,0.420881,-0.444300,1.226953,-0.123411,-0.091334,0.046268,-0.135198,0.131273,1.231166,-0.100296,-0.099669,0.051353
8.680000,-0.142872,-0.484693,1.234068,-0.114782,-0.069862,0.044306,-0.689251,-0.398800,1.158051,-0.051902,-0.072060,0.018309,-0.749202,0.136641,1.233688,-0.078200,-0.106073,0.051881,0.418402,-0.446123,1.227860,-0.124454,-0.090977,0.044382,-0.137197,0.129280,1.232179,-0.099557,-0.099613,0.049935
8.700000,-0.145171,-0.486085,1.234934,-0.115123,-0.069338,0.042265,-0.690314,-0.400274,1.158428,-0.054392,-0.075408,0.019384,-0.750765,0.134519,1.234713,-0.078103,-0.106162,0.050557,0.415903,-0.447939,1.228728,-0.125463,-0.090586,0.042466,-0.139180,0.127288,1.233163,-0.098751,-0.099511,0.048502
8.720000,-0.147477,-0.487466,1.235759,-0.115426,-0.068778,0.040178,-0.691427,-0.401816,1.158826,-0.056894,-0.078760,0.020486,-0.752326,0.132395,1.235710,-0.078015,-0.106208,0.049222,0.413384,-0.449746,1.229558,-0.126425,-0.090159,0.040525,-0.141146,0.125300,1.234119,-0.097873,-0.099361,0.047058
8.740000,-0.149788,-0.488836,1.236541,-0.115682,-0.068178,0.038048,-0.692589,-0.403425,1.159247,-0.059382,-0.082076,0.021604,-0.753886,0.130271,1.236681,-0.077937,-0.106206,0.047877,0.410846,-0.451545,1.230349,-0.127328,-0.089690,0.038566,-0.143094,0.123314,1.235045,-0.096921,-0.099156,0.045609
8.760000,-0.152104,-0.490193,1.237280,-0.115892,-0.067538,0.035875,-0.693802,-0.405099,1.159691,-0.061853,-0.085358,0.022739,-0.755444,0.128147,1.237625,-0.077868,-0.106155,0.046522,0.408291,-0.453333,1.231101,-0.128173,-0.089180,0.036590,-0.145022,0.121334,1.235943,-0.095894,-0.098898,0.044154
8.780000,-0.154424,-0.491537,1.237976,-0.116056,-0.066859,0.033658,-0.695063,-0.406839,1.160157,-0.064310,-0.088604,0.023889,-0.757000,0.126025,1.238542,-0.077809,-0.106055,0.045159,0.405720,-0.455112,1.231813,-0.128960,-0.088630,0.034597,-0.146929,0.119359,1.236811,-0.094793,-0.098586,0.042693
8.800000,-0.156746,-0.492867,1.238626,-0.116174,-0.066139,0.031398,-0.696374,-0.408643,1.160646,-0.066750,-0.091815,0.025055,-0.758556,0.123905,1.239432,-0.077761,-0.105907,0.043787,0.403133,-0.456878,1.232485,-0.129689,-0.088039,0.032586,-0.148814,0.117391,1.237651,-0.093617,-0.098221,0.041227
8.820000,-0.159070,-0.494182,1.239232,-0.116236,-0.065375,0.029102,-0.697733,-0.410511,1.161159,-0.069151,-0.094960,0.026224,-0.760111,0.121789,1.240294,-0.077721,-0.105706,0.042410,0.400533,-0.458633,1.233116,-0.130344,-0.087403,0.030568,-0.150674,0.115430,1.238461,-0.092365,-0.097799,0.039762
8.840000,-0.161395,-0.495482,1.239790,-0.116232,-0.064564,0.026775,-0.699140,-0.412441,1.161695,-0.071488,-0.098007,0.027382,-0.761665,0.119678,1.241128,-0.077690,-0.105448,0.041033,0.397920,-0.460374,1.233707,-0.130911,-0.086720,0.028554,-0.152508,0.113479,1.239241,-0.091038,-0.097316,0.038304
8.860000,-0.163719,-0.496765,1.240302,-0.116163,-0.063705,0.024419,-0.700592,-0.414431,1.162254,-0.073761,-0.100956,0.028531,-0.763219,0.117572,1.241935,-0.077669,-0.105133,0.039657,0.395297,-0.462101,1.234258,-0.131389,-0.085989,0.026543,-0.154315,0.111538,1.239993,-0.089634,-0.096773,0.036855
8.880000,-0.166041,-0.498030,1.240767,-0.116028,-0.062800,0.022032,-0.702090,-0.416478,1.162836,-0.075970,-0.103808,0.029669,-0.764772,0.115473,1.242714,-0.077656,-0.104761,0.038281,0.392665,-0.463813,1.234769,-0.131780,-0.085210,0.024536,-0.156093,0.109609,1.240715,-0.088154,-0.096170,0.035413
8.900000,-0.168360,-0.499276,1.241183,-0.115827,-0.061846,0.019616,-0.703631,-0.418582,1.163441,-0.078116,-0.106562,0.030798,-0.766325,0.113382,1.243466,-0.077652,-0.104332,0.036906,0.390026,-0.465509,1.235240,-0.132083,-0.084384,0.022533,-0.157840,0.107692,1.241409,-0.086598,-0.095507,0.033979
8.920000,-0.170674,-0.500503,1.241551,-0.115550,-0.060843,0.017181,-0.705214,-0.420740,1.164068,-0.080181,-0.109199,0.031902,-0.767878,0.111300,1.244191,-0.077656,-0.103842,0.035537,0.387382,-0.467188,1.235671,-0.132280,-0.083507,0.020549,-0.159556,0.105789,1.242075,-0.084969,-0.094782,0.032561
8.940000,-0.172981,-0.501710,1.241871,-0.115185,-0.059786,0.014739,-0.706837,-0.422949,1.164717,-0.082150,-0.111699,0.032969,-0.769431,0.109228,1.244888,-0.077665,-0.103291,0.034182,0.384736,-0.468849,1.236062,-0.132355,-0.082578,0.018598,-0.161239,0.103901,1.242712,-0.083271,-0.093995,0.031169
8.960000,-0.175280,-0.502894,1.242141,-0.114733,-0.058677,0.012288,-0.708499,-0.425207,1.165386,-0.084023,-0.114062,0.033998,-0.770985,0.107169,1.245558,-0.077680,-0.102676,0.032839,0.382089,-0.470491,1.236415,-0.132309,-0.081596,0.016682,-0.162886,0.102029,1.243322,-0.081504,-0.093146,0.029802
8.980000,-0.177570,-0.504056,1.242362,-0.114193,-0.057514,0.009830,-0.710197,-0.427511,1.166076,-0.085800,-0.116289,0.034990,-0.772538,0.105122,1.246201,-0.077701,-0.101999,0.031509,0.379444,-0.472113,1.236730,-0.132140,-0.080561,0.014799,-0.164498,0.100175,1.243904,-0.079668,-0.092235,0.028460
9.000000,-0.179848,-0.505195,1.242534,-0.113566,-0.056298,0.007364,-0.711930,-0.429858,1.166786,-0.087480,-0.118379,0.035945,-0.774093,0.103089,1.246818,-0.077728,-0.101259,0.030192,0.376804,-0.473713,1.237007,-0.131848,-0.079474,0.012951,-0.166073,0.098340,1.244460,-0.077762,-0.091261,0.027144
9.020000,-0.182112,-0.506308,1.242657,-0.112840,-0.055029,0.004907,-0.713696,-0.432245,1.167514,-0.089061,-0.120331,0.036849,-0.775647,0.101072,1.247409,-0.077758,-0.100457,0.028895,0.374171,-0.475291,1.237248,-0.131416,-0.078328,0.011146,-0.167608,0.096525,1.244990,-0.075798,-0.090228,0.025865
9.040000,-0.184360,-0.507395,1.242731,-0.112006,-0.053705,0.002477,-0.715492,-0.434670,1.168259,-0.090540,-0.122146,0.037688,-0.777203,0.099071,1.247974,-0.077786,-0.099594,0.027628,0.371549,-0.476846,1.237453,-0.130824,-0.077118,0.009393,-0.169104,0.094732,1.245495,-0.073786,-0.089140,0.024634
9.060000,-0.186591,-0.508456,1.242756,-0.111063,-0.052327,0.000072,-0.717317,-0.437130,1.169021,-0.091917,-0.123823,0.038463,-0.778759,0.097088,1.248514,-0.077814,-0.098668,0.026389,0.368939,-0.478376,1.237624,-0.130072,-0.075844,0.007694,-0.170559,0.092960,1.245976,-0.071727,-0.087995,0.023451
9.080000,-0.188802,-0.509488,1.242734,-0.110011,-0.050896,-0.002307,-0.719168,-0.439622,1.169797,-0.093192,-0.125362,0.039174,-0.780315,0.095125,1.249030,-0.077841,-0.097681,0.025180,0.366347,-0.479879,1.237761,-0.129160,-0.074506,0.006047,-0.171973,0.091212,1.246433,-0.069619,-0.086794,0.022315
9.100000,-0.190991,-0.510491,1.242664,-0.108850,-0.049410,-0.004660,-0.721044,-0.442144,1.170587,-0.094365,-0.126764,0.039820,-0.781873,0.093182,1.249522,-0.077867,-0.096631,0.023999,0.363774,-0.481355,1.237866,-0.128089,-0.073105,0.004452,-0.173344,0.089489,1.246869,-0.067463,-0.085537,0.021228
9.120000,-0.193155,-0.511464,1.242547,-0.107575,-0.047870,-0.006978,-0.722942,-0.444692,1.171390,-0.095434,-0.128024,0.040399,-0.783430,0.091260,1.249990,-0.077890,-0.095524,0.022850,0.361224,-0.482803,1.237940,-0.126852,-0.071635,0.002910,-0.174671,0.087791,1.247283,-0.065273,-0.084233,0.020188
9.140000,-0.195293,-0.512406,1.242385,-0.106179,-0.046276,-0.009251,-0.724861,-0.447264,1.172203,-0.096396,-0.129141,0.040908,-0.784988,0.089361,1.250436,-0.077908,-0.094360,0.021736,0.358701,-0.484220,1.237983,-0.125446,-0.070094,0.001420,-0.175955,0.086120,1.247677,-0.063065,-0.082891,0.019194
9.160000,-0.197402,-0.513315,1.242178,-0.104662,-0.044628,-0.011480,-0.726797,-0.449856,1.173026,-0.097252,-0.130114,0.041346,-0.786546,0.087486,1.250860,-0.077919,-0.093141,0.020656,0.356208,-0.485606,1.237997,-0.123871,-0.068481,-0.000020,-0.177194,0.084476,1.248051,-0.060836,-0.081509,0.018245
9.180000,-0.199479,-0.514190,1.241926,-0.103024,-0.042927,-0.013664,-0.728750,-0.452467,1.173856,-0.098001,-0.130943,0.041714,-0.788105,0.085636,1.251263,-0.077925,-0.091867,0.019611,0.353747,-0.486959,1.237983,-0.122126,-0.066796,-0.001407,-0.178388,0.082860,1.248407,-0.058589,-0.080089,0.017343
9.200000,-0.201522,-0.515032,1.241631,-0.101265,-0.041172,-0.015804,-0.730717,-0.455093,1.174694,-0.098644,-0.131628,0.042011,-0.789663,0.083812,1.251645,-0.077925,-0.090537,0.018600,0.351324,-0.488278,1.237941,-0.120211,-0.065039,-0.002743,-0.179537,0.081272,1.248745,-0.056322,-0.078630,0.016487
9.220000,-0.203529,-0.515837,1.241294,-0.099382,-0.039362,-0.017890,-0.732695,-0.457731,1.175536,-0.099185,-0.132174,0.042237,-0.791222,0.082015,1.252007,-0.077918,-0.089159,0.017623,0.348940,-0.489560,1.237873,-0.118128,-0.063210,-0.004029,-0.180641,0.079715,1.249067,-0.054044,-0.077137,0.015672
9.240000,-0.205496,-0.516606,1.240916,-0.097371,-0.037497,-0.019916,-0.734683,-0.460379,1.176383,-0.099627,-0.132586,0.042390,-0.792780,0.080246,1.252350,-0.077900,-0.087739,0.016676,0.346600,-0.490806,1.237780,-0.115878,-0.061307,-0.005267,-0.181699,0.078187,1.249372,-0.051763,-0.075616,0.014896
9.260000,-0.207423,-0.517336,1.240498,-0.095232,-0.035576,-0.021880,-0.736679,-0.463034,1.177231,-0.099970,-0.132863,0.042471,-0.794338,0.078505,1.252674,-0.077872,-0.086278,0.015761,0.344306,-0.492012,1.237663,-0.113460,-0.059331,-0.006456,-0.182711,0.076690,1.249663,-0.049478,-0.074066,0.014159
9.280000,-0.209305,-0.518028,1.240041,-0.092966,-0.033601,-0.023783,-0.738681,-0.465693,1.178081,-0.100214,-0.133006,0.042479,-0.795895,0.076795,1.252980,-0.077833,-0.084776,0.014877,0.342062,-0.493178,1.237522,-0.110876,-0.057281,-0.007596,-0.183678,0.075225,1.249939,-0.047190,-0.072486,0.013460
9.300000,-0.211140,-0.518680,1.239547,-0.090572,-0.031570,-0.025625,-0.740687,-0.468353,1.178930,-0.100360,-0.133015,0.042414,-0.797451,0.075114,1.253269,-0.077784,-0.083233,0.014025,0.339872,-0.494303,1.237359,-0.108125,-0.055158,-0.008688,-0.184599,0.073791,1.250201,-0.044898,-0.070878,0.012799
9.320000,-0.212927,-0.519291,1.239017,-0.088061,-0.029488,-0.027406,-0.742695,-0.471012,1.179777,-0.100408,-0.132887,0.042284,-0.799006,0.073466,1.253542,-0.077722,-0.081660,0.013198,0.337739,-0.495384,1.237175,-0.105214,-0.052963,-0.009734,-0.185474,0.072390,1.250451,-0.042609,-0.069247,0.012170
9.340000,-0.214662,-0.519859,1.238451,-0.085444,-0.027359,-0.029126,-0.744703,-0.473668,1.180621,-0.100360,-0.132618,0.042095,-0.800560,0.071848,1.253797,-0.077644,-0.080070,0.012391,0.335665,-0.496421,1.236970,-0.102150,-0.050698,-0.010736,-0.186303,0.071021,1.250688,-0.040330,-0.067599,0.011568
9.360000,-0.216344,-0.520385,1.237852,-0.082720,-0.025183,-0.030785,-0.746709,-0.476316,1.181461,-0.100216,-0.132210,0.041849,-0.802112,0.070263,1.254037,-0.077550,-0.078462,0.011603,0.333654,-0.497412,1.236746,-0.098935,-0.048363,-0.011695,-0.187087,0.069686,1.250914,-0.038059,-0.065934,0.010992
9.380000,-0.217970,-0.520866,1.237220,-0.079890,-0.022959,-0.032384,-0.748711,-0.478955,1.182295,-0.099975,-0.131662,0.041545,-0.803662,0.068710,1.254262,-0.077440,-0.076837,0.010836,0.331708,-0.498355,1.236503,-0.095567,-0.045959,-0.012611,-0.187826,0.068384,1.251128,-0.035796,-0.064252,0.010442
9.400000,-0.219539,-0.521303,1.236557,-0.076953,-0.020688,-0.033922,-0.750707,-0.481582,1.183122,-0.099637,-0.130974,0.041182,-0.805209,0.067189,1.254471,-0.077313,-0.075194,0.010088,0.329832,-0.499249,1.236242,-0.092047,-0.043485,-0.013483,-0.188519,0.067116,1.251332,-0.033543,-0.062553,0.009918
9.420000,-0.221048,-0.521694,1.235864,-0.073912,-0.018372,-0.035401,-0.752696,-0.484193,1.183942,-0.099207,-0.130149,0.040768,-0.806754,0.065702,1.254665,-0.077167,-0.073550,0.009352,0.328027,-0.500094,1.235964,-0.088404,-0.040950,-0.014321,-0.189168,0.065882,1.251525,-0.031306,-0.060846,0.009412
9.440000,-0.222495,-0.522037,1.235141,-0.070769,-0.016014,-0.036826,-0.754675,-0.486787,1.184752,-0.098690,-0.129189,0.040309,-0.808296,0.064247,1.254845,-0.076997,-0.071920,0.008617,0.326296,-0.500887,1.235669,-0.084667,-0.038366,-0.015135,-0.189772,0.064682,1.251708,-0.029092,-0.059139,0.008915
9.460000,-0.223878,-0.522334,1.234391,-0.067524,-0.013612,-0.038195,-0.756643,-0.489360,1.185554,-0.098084,-0.128094,0.039805,-0.809834,0.062825,1.255010,-0.076804,-0.070306,0.007883,0.324641,-0.501628,1.235358,-0.080837,-0.035731,-0.015923,-0.190331,0.063516,1.251882,-0.026902,-0.057433,0.008428
9.480000,-0.225195,-0.522582,1.233614,-0.064177,-0.011168,-0.039509,-0.758598,-0.491910,1.186344,-0.097390,-0.126865,0.039256,-0.811368,0.061435,1.255160,-0.076586,-0.068705,0.007152,0.323064,-0.502316,1.235032,-0.076913,-0.033046,-0.016687,-0.190848,0.062385,1.252045,-0.024735,-0.055727,0.007950
9.500000,-0.226444,-0.522780,1.232811,-0.060727,-0.008681,-0.040767,-0.760538,-0.494434,1.187124,-0.096607,-0.125501,0.038661,-0.812897,0.060077,1.255296,-0.076345,-0.067120,0.006422,0.321565,-0.502950,1.234691,-0.072896,-0.030311,-0.017426,-0.191321,0.061287,1.252200,-0.022592,-0.054022,0.007482
9.520000,-0.227623,-0.522929,1.231984,-0.057173,-0.006155,-0.041970,-0.762462,-0.496929,1.187891,-0.095745,-0.124009,0.038035,-0.814421,0.058750,1.255417,-0.076075,-0.065567,0.005684,0.320148,-0.503528,1.234335,-0.068814,-0.027536,-0.018150,-0.191752,0.060224,1.252345,-0.020487,-0.052334,0.007015
9.540000,-0.228730,-0.523026,1.231133,-0.053514,-0.003591,-0.043118,-0.764367,-0.499393,1.188645,-0.094811,-0.122392,0.037390,-0.815940,0.057454,1.255523,-0.075773,-0.064064,0.004926,0.318813,-0.504051,1.233965,-0.064697,-0.024732,-0.018865,-0.192141,0.059194,1.252480,-0.018434,-0.050681,0.006542
9.560000,-0.229763,-0.523072,1.230259,-0.049750,-0.000991,-0.044210,-0.766253,-0.501824,1.189386,-0.093805,-0.120652,0.036725,-0.817452,0.056187,1.255614,-0.075438,-0.062611,0.004148,0.317560,-0.504517,1.233581,-0.060545,-0.021900,-0.019573,-0.192489,0.058196,1.252606,-0.016434,-0.049063,0.006064
9.580000,-0.230720,-0.523066,1.229365,-0.045881,0.001645,-0.045246,-0.768119,-0.504218,1.190114,-0.092728,-0.118789,0.036042,-0.818957,0.054949,1.255689,-0.075070,-0.061208,0.003351,0.316391,-0.504927,1.233182,-0.056359,-0.019038,-0.020274,-0.192799,0.057231,1.252723,-0.014486,-0.047480,0.005580
9.600000,-0.231598,-0.523006,1.228450,-0.041906,0.004318,-0.046227,-0.769962,-0.506575,1.190828,-0.091578,-0.116802,0.035339,-0.820455,0.053739,1.255748,-0.074670,-0.059856,0.002534,0.315306,-0.505279,1.232770,-0.052138,-0.016147,-0.020967,-0.193069,0.056297,1.252829,-0.012591,-0.045932,0.005089
9.620000,-0.232395,-0.522893,1.227516,-0.037833,0.007023,-0.047160,-0.771782,-0.508890,1.191527,-0.090370,-0.114706,0.034626,-0.821944,0.052554,1.255790,-0.074233,-0.058568,0.001688,0.314306,-0.505572,1.232344,-0.047903,-0.013236,-0.021659,-0.193303,0.055393,1.252926,-0.010759,-0.044430,0.004585
9.640000,-0.233110,-0.522725,1.226564,-0.033671,0.009753,-0.048053,-0.773577,-0.511162,1.192213,-0.089117,-0.112517,0.033915,-0.823424,0.051395,1.255815,-0.073756,-0.057359,0.000804,0.313390,-0.505808,1.231903,-0.043678,-0.010313,-0.022356,-0.193500,0.054519,1.253013,-0.009000,-0.042988,0.004059
9.660000,-0.233741,-0.522502,1.225594,-0.029418,0.012509,-0.048905,-0.775346,-0.513390,1.192884,-0.087818,-0.110234,0.033203,-0.824894,0.050260,1.255822,-0.073239,-0.056229,-0.000119,0.312559,-0.505985,1.231449,-0.039462,-0.007378,-0.023060,-0.193663,0.053673,1.253088,-0.007314,-0.041604,0.003510
9.680000,-0.234287,-0.522224,1.224608,-0.025075,0.015291,-0.049718,-0.777089,-0.515571,1.193541,-0.086475,-0.107857,0.032492,-0.826353,0.049146,1.255810,-0.072681,-0.055178,-0.001081,0.311812,-0.506103,1.230981,-0.035254,-0.004431,-0.023768,-0.193793,0.052855,1.253153,-0.005701,-0.040278,0.002939
9.700000,-0.234744,-0.521891,1.223606,-0.020642,0.018098,-0.050491,-0.778805,-0.517703,1.194183,-0.085086,-0.105387,0.031781,-0.827801,0.048052,1.255779,-0.072083,-0.054206,-0.002081,0.311149,-0.506162,1.230499,-0.031056,-0.001473,-0.024483,-0.193892,0.052062,1.253206,-0.004161,-0.039012,0.002346
9.720000,-0.235112,-0.521500,1.222588,-0.016127,0.020924,-0.051229,-0.780492,-0.519786,1.194812,-0.083666,-0.102836,0.031084,-0.829236,0.046977,1.255727,-0.071445,-0.053318,-0.003124,0.310569,-0.506162,1.230002,-0.026887,0.001488,-0.025207,-0.193960,0.051294,1.253247,-0.002699,-0.037810,0.001728
9.740000,-0.235388,-0.521054,1.221557,-0.011540,0.023761,-0.051938,-0.782151,-0.521816,1.195427,-0.082227,-0.100217,0.030414,-0.830658,0.045919,1.255653,-0.070765,-0.052518,-0.004213,0.310073,-0.506103,1.229490,-0.022767,0.004442,-0.025948,-0.194000,0.050549,1.253275,-0.001319,-0.036679,0.001085
9.760000,-0.235573,-0.520550,1.220511,-0.006881,0.026607,-0.052618,-0.783781,-0.523794,1.196029,-0.080770,-0.097529,0.029769,-0.832066,0.044875,1.255558,-0.070044,-0.051806,-0.005349,0.309658,-0.505984,1.228964,-0.018696,0.007389,-0.026703,-0.194013,0.049826,1.253290,-0.000020,-0.035618,0.000415
9.780000,-0.235663,-0.519989,1.219452,-0.002149,0.029465,-0.053268,-0.785382,-0.525717,1.196618,-0.079296,-0.094772,0.029152,-0.833460,0.043846,1.255439,-0.069281,-0.051182,-0.006532,0.309325,-0.505807,1.228422,-0.014674,0.010328,-0.027474,-0.194001,0.049124,1.253291,0.001198,-0.034628,-0.000280
9.800000,-0.235658,-0.519371,1.218381,0.002655,0.032333,-0.053889,-0.786953,-0.527584,1.197195,-0.077803,-0.091946,0.028561,-0.834837,0.042828,1.255296,-0.068477,-0.050647,-0.007762,0.309071,-0.505571,1.227865,-0.010702,0.013260,-0.028261,-0.193966,0.048440,1.253278,0.002333,-0.033708,-0.001002
9.820000,-0.235557,-0.518696,1.217297,0.007512,0.035203,-0.054490,-0.788494,-0.529395,1.197761,-0.076303,-0.089069,0.028005,-0.836199,0.041819,1.255128,-0.067635,-0.050195,-0.009036,0.308896,-0.505277,1.227291,-0.006794,0.016175,-0.029065,-0.193909,0.047775,1.253251,0.003388,-0.032858,-0.001749
9.840000,-0.235358,-0.517963,1.216201,0.012404,0.038066,-0.055084,-0.790005,-0.531147,1.198316,-0.074809,-0.086155,0.027496,-0.837542,0.040819,1.254935,-0.066757,-0.049823,-0.010352,0.308799,-0.504924,1.226702,-0.002967,0.019062,-0.029889,-0.193831,0.047126,1.253208,0.004363,-0.032076,-0.002522
9.860000,-0.235060,-0.517173,1.215094,0.017331,0.040923,-0.055668,-0.791486,-0.532841,1.198861,-0.073319,-0.083205,0.027033,-0.838869,0.039826,1.254714,-0.065844,-0.049531,-0.011711,0.308777,-0.504515,1.226096,0.000779,0.021922,-0.030734,-0.193735,0.046491,1.253150,0.005257,-0.031363,-0.003320
9.880000,-0.234664,-0.516326,1.213974,0.022292,0.043773,-0.056244,-0.792938,-0.534475,1.199397,-0.071835,-0.080219,0.026615,-0.840176,0.038837,1.254466,-0.064896,-0.049318,-0.013113,0.308829,-0.504048,1.225472,0.004445,0.024755,-0.031599,-0.193621,0.045871,1.253075,0.006072,-0.030719,-0.004143
9.900000,-0.234168,-0.515422,1.212844,0.027288,0.046617,-0.056812,-0.794360,-0.536049,1.199926,-0.070357,-0.077197,0.026243,-0.841464,0.037853,1.254189,-0.063913,-0.049185,-0.014557,0.308954,-0.503525,1.224832,0.008030,0.027560,-0.032485,-0.193492,0.045262,1.252984,0.006806,-0.030143,-0.004991
9.920000,-0.233572,-0.514462,1.211702,0.032307,0.049447,-0.057372,-0.795752,-0.537563,1.200447,-0.068888,-0.074149,0.025929,-0.842732,0.036870,1.253883,-0.062903,-0.049118,-0.016034,0.309150,-0.502946,1.224173,0.011536,0.030332,-0.033387,-0.193350,0.044665,1.252876,0.007465,-0.029631,-0.005857
9.940000,-0.232876,-0.513445,1.210549,0.037340,0.052254,-0.057929,-0.797115,-0.539015,1.200963,-0.067436,-0.071082,0.025687,-0.843980,0.035888,1.253548,-0.061873,-0.049106,-0.017535,0.309415,-0.502311,1.223496,0.014966,0.033064,-0.034302,-0.193194,0.044077,1.252750,0.008053,-0.029177,-0.006734
9.960000,-0.232079,-0.512372,1.209385,0.042387,0.055040,-0.058481,-0.798450,-0.540406,1.201475,-0.065999,-0.067998,0.025515,-0.845207,0.034905,1.253182,-0.060823,-0.049147,-0.019060,0.309748,-0.501623,1.222801,0.018318,0.035758,-0.035231,-0.193028,0.043497,1.252606,0.008571,-0.028781,-0.007623
9.980000,-0.231180,-0.511243,1.208210,0.047446,0.057804,-0.059028,-0.799756,-0.541735,1.201984,-0.064579,-0.064897,0.025414,-0.846413,0.033921,1.252785,-0.059754,-0.049242,-0.020608,0.310147,-0.500881,1.222087,0.021593,0.038412,-0.036173,-0.192852,0.042925,1.252445,0.009018,-0.028442,-0.008522
10.000000,-0.230181,-0.510060,1.207024,0.052519,0.060546,-0.059571,-0.801033,-0.543002,1.202492,-0.063174,-0.061777,0.025383,-0.847597,0.032935,1.252357,-0.058665,-0.049392,-0.022180,0.310611,-0.500087,1.221354,0.024791,0.041027,-0.037129,-0.192668,0.042359,1.252265,0.009395,-0.028162,-0.009433
10.020000,-0.229080,-0.508822,1.205827,0.057584,0.063256,-0.060115,-0.802283,-0.544206,1.203000,-0.061782,-0.058649,0.025432,-0.848760,0.031945,1.251898,-0.057570,-0.049574,-0.023759,0.311138,-0.499241,1.220601,0.027931,0.043600,-0.038087,-0.192476,0.041798,1.252067,0.009712,-0.027929,-0.010344
10.040000,-0.227878,-0.507530,1.204619,0.062618,0.065925,-0.060664,-0.803504,-0.545348,1.203510,-0.060401,-0.055521,0.025570,-0.849900,0.030952,1.251407,-0.056482,-0.049767,-0.025326,0.311728,-0.498343,1.219830,0.031032,0.046129,-0.039039,-0.192279,0.041242,1.251852,0.009979,-0.027732,-0.011247
10.060000,-0.226575,-0.506185,1.203400,0.067621,0.068553,-0.061220,-0.804699,-0.546427,1.204024,-0.059029,-0.052393,0.025796,-0.851019,0.029955,1.250885,-0.055402,-0.049971,-0.026882,0.312379,-0.497396,1.219040,0.034094,0.048613,-0.039985,-0.192078,0.040689,1.251618,0.010197,-0.027573,-0.012140
10.080000,-0.225173,-0.504788,1.202170,0.072594,0.071140,-0.061781,-0.805866,-0.547443,1.204543,-0.057667,-0.049264,0.026111,-0.852116,0.028953,1.250332,-0.054330,-0.050186,-0.028427,0.313092,-0.496399,1.218231,0.037117,0.051053,-0.040923,-0.191872,0.040138,1.251366,0.010366,-0.027450,-0.013024
10.100000,-0.223672,-0.503339,1.200929,0.077536,0.073686,-0.062347,-0.807005,-0.548397,1.205069,-0.056316,-0.046136,0.026514,-0.853192,0.027947,1.249748,-0.053265,-0.050412,-0.029960,0.313864,-0.495354,1.217403,0.040102,0.053448,-0.041854,-0.191663,0.039590,1.251097,0.010485,-0.027363,-0.013899
10.120000,-0.222072,-0.501841,1.199676,0.082428,0.076179,-0.062916,-0.808118,-0.549289,1.205604,-0.054960,-0.043009,0.027006,-0.854247,0.026937,1.249134,-0.052216,-0.050635,-0.031472,0.314696,-0.494261,1.216557,0.043059,0.055794,-0.042773,-0.191453,0.039044,1.250810,0.010569,-0.027299,-0.014747
10.140000,-0.220375,-0.500293,1.198412,0.087250,0.078609,-0.063480,-0.809204,-0.550118,1.206150,-0.053586,-0.039884,0.027587,-0.855281,0.025922,1.248489,-0.051192,-0.050841,-0.032955,0.315586,-0.493123,1.215692,0.046003,0.058087,-0.043672,-0.191241,0.038498,1.250507,0.010633,-0.027242,-0.015551
10.160000,-0.218582,-0.498697,1.197137,0.092003,0.080975,-0.064042,-0.810262,-0.550884,1.206708,-0.052193,-0.036763,0.028257,-0.856295,0.024903,1.247816,-0.050194,-0.051029,-0.034408,0.316536,-0.491938,1.214810,0.048932,0.060326,-0.044552,-0.191028,0.037954,1.250188,0.010676,-0.027193,-0.016312
10.180000,-0.216695,-0.497054,1.195851,0.096686,0.083277,-0.064600,-0.811291,-0.551588,1.207280,-0.050781,-0.033645,0.029017,-0.857289,0.023881,1.247113,-0.049220,-0.051199,-0.035832,0.317543,-0.490710,1.213910,0.051847,0.062511,-0.045412,-0.190814,0.037411,1.249855,0.010699,-0.027151,-0.017028
10.200000,-0.214715,-0.495366,1.194553,0.101299,0.085516,-0.065155,-0.812293,-0.552230,1.207869,-0.049350,-0.030529,0.029865,-0.858264,0.022855,1.246382,-0.048272,-0.051352,-0.037225,0.318609,-0.489438,1.212994,0.054747,0.064643,-0.046253,-0.190600,0.036868,1.249508,0.010701,-0.027116,-0.017701
10.220000,-0.212644,-0.493634,1.193245,0.105815,0.087675,-0.065703,-0.813265,-0.552809,1.208476,-0.047878,-0.027416,0.030797,-0.859220,0.021827,1.245624,-0.047357,-0.051470,-0.038587,0.319733,-0.488125,1.212060,0.057638,0.066714,-0.047072,-0.190386,0.036326,1.249147,0.010694,-0.027078,-0.018322
10.240000,-0.210484,-0.491860,1.191925,0.110204,0.089738,-0.066242,-0.814207,-0.553326,1.209102,-0.046342,-0.024303,0.031807,-0.860158,0.020797,1.244839,-0.046484,-0.051537,-0.039913,0.320915,-0.486770,1.211111,0.060524,0.068719,-0.047866,-0.190172,0.035785,1.248775,0.010690,-0.027026,-0.018884
10.260000,-0.208237,-0.490045,1.190595,0.114466,0.091707,-0.066771,-0.815118,-0.553781,1.209748,-0.044741,-0.021192,0.032895,-0.861080,0.019766,1.244028,-0.045654,-0.051552,-0.041204,0.322154,-0.485376,1.210146,0.063405,0.070658,-0.048634,-0.189958,0.035245,1.248392,0.010689,-0.026959,-0.019388
10.280000,-0.205906,-0.488192,1.189254,0.118602,0.093580,-0.067290,-0.815997,-0.554174,1.210418,-0.043076,-0.018082,0.034061,-0.861985,0.018735,1.243191,-0.044866,-0.051517,-0.042460,0.323451,-0.483944,1.209166,0.066281,0.072530,-0.049378,-0.189744,0.034707,1.248000,0.010691,-0.026878,-0.019832
10.300000,-0.203494,-0.486303,1.187904,0.122611,0.095357,-0.067799,-0.816841,-0.554505,1.211111,-0.041346,-0.014973,0.035305,-0.862875,0.017706,1.242330,-0.044121,-0.051429,-0.043681,0.324805,-0.482475,1.208171,0.069153,0.074336,-0.050096,-0.189531,0.034170,1.247599,0.010696,-0.026782,-0.020217
10.320000,-0.201002,-0.484379,1.186543,0.126470,0.097029,-0.068296,-0.817650,-0.554773,1.211830,-0.039529,-0.011862,0.036615,-0.863750,0.016678,1.241444,-0.043424,-0.051282,-0.044863,0.326217,-0.480971,1.207162,0.072030,0.076069,-0.050788,-0.189316,0.033636,1.247192,0.010712,-0.026664,-0.020540
10.340000,-0.198436,-0.482422,1.185172,0.130154,0.098582,-0.068777,-0.818421,-0.554979,1.212576,-0.037599,-0.008747,0.037977,-0.864612,0.015655,1.240536,-0.042782,-0.051064,-0.046006,0.327687,-0.479433,1.206140,0.074924,0.077723,-0.051452,-0.189102,0.033104,1.246778,0.010746,-0.026517,-0.020797
10.360000,-0.195797,-0.480436,1.183792,0.133664,0.100019,-0.069244,-0.819153,-0.555123,1.213350,-0.035557,-0.005628,0.039392,-0.865462,0.014636,1.239604,-0.042195,-0.050777,-0.047108,0.329214,-0.477863,1.205104,0.077835,0.079298,-0.052089,-0.188887,0.032575,1.246360,0.010799,-0.026340,-0.020987
10.380000,-0.193090,-0.478422,1.182402,0.137000,0.101337,-0.069696,-0.819843,-0.555204,1.214152,-0.033403,-0.002504,0.040860,-0.866300,0.013624,1.238652,-0.041664,-0.050420,-0.048169,0.330800,-0.476262,1.204056,0.080763,0.080795,-0.052697,-0.188670,0.032050,1.245939,0.010870,-0.026134,-0.021112
10.400000,-0.190319,-0.476383,1.181004,0.140160,0.102539,-0.070133,-0.820488,-0.555223,1.214985,-0.031137,0.000624,0.042381,-0.867128,0.012620,1.237678,-0.041188,-0.049993,-0.049190,0.332445,-0.474632,1.202996,0.083708,0.082213,-0.053278,-0.188452,0.031530,1.245516,0.010959,-0.025898,-0.021171
10.420000,-0.187485,-0.474322,1.179597,0.143138,0.103617,-0.070554,-0.821087,-0.555179,1.215848,-0.028743,0.003759,0.043934,-0.867948,0.011625,1.236684,-0.040770,-0.049486,-0.050172,0.334149,-0.472974,1.201925,0.086675,0.083544,-0.053831,-0.188231,0.031015,1.245093,0.011073,-0.025627,-0.021169
10.440000,-0.184594,-0.472239,1.178182,0.145924,0.104568,-0.070959,-0.821637,-0.555073,1.216742,-0.026207,0.006905,0.045500,-0.868760,0.010641,1.235671,-0.040414,-0.048889,-0.051116,0.335912,-0.471290,1.200843,0.089666,0.084782,-0.054359,-0.188008,0.030505,1.244670,0.011218,-0.025315,-0.021110
10.460000,-0.181650,-0.470140,1.176759,0.148519,0.105390,-0.071349,-0.822135,-0.554903,1.217668,-0.023529,0.010062,0.047079,-0.869565,0.009670,1.234640,-0.040119,-0.048200,-0.052023,0.337735,-0.469583,1.199751,0.092683,0.085926,-0.054859,-0.187782,0.030002,1.244249,0.011394,-0.024963,-0.020996
10.480000,-0.178655,-0.468025,1.175328,0.150922,0.106084,-0.071723,-0.822577,-0.554670,1.218625,-0.020708,0.013229,0.048670,-0.870365,0.008714,1.233591,-0.039885,-0.047421,-0.052892,0.339620,-0.467854,1.198649,0.095725,0.086977,-0.055334,-0.187553,0.029507,1.243830,0.011601,-0.024570,-0.020825
10.500000,-0.175614,-0.465897,1.173890,0.153134,0.106650,-0.072081,-0.822962,-0.554374,1.219615,-0.017744,0.016407,0.050273,-0.871161,0.007774,1.232524,-0.039712,-0.046552,-0.053724,0.341565,-0.466105,1.197538,0.098792,0.087935,-0.055782,-0.187318,0.029020,1.243416,0.011839,-0.024136,-0.020598
10.520000,-0.172531,-0.463760,1.172445,0.155162,0.107094,-0.072426,-0.823286,-0.554014,1.220636,-0.014640,0.019599,0.051863,-0.871954,0.006852,1.231442,-0.039603,-0.045578,-0.054522,0.343571,-0.464337,1.196418,0.101885,0.088794,-0.056207,-0.187079,0.028542,1.243007,0.012112,-0.023665,-0.020330
10.540000,-0.169409,-0.461614,1.170993,0.157018,0.107421,-0.072759,-0.823547,-0.553590,1.221689,-0.011398,0.022808,0.053412,-0.872745,0.005951,1.230344,-0.039556,-0.044489,-0.055290,0.345640,-0.462554,1.195290,0.105001,0.089547,-0.056609,-0.186833,0.028073,1.242603,0.012422,-0.023158,-0.020033
10.560000,-0.166251,-0.459463,1.169534,0.158700,0.107631,-0.073081,-0.823741,-0.553101,1.222772,-0.008018,0.026035,0.054922,-0.873536,0.005073,1.229230,-0.039574,-0.043283,-0.056029,0.347772,-0.460756,1.194154,0.108142,0.090196,-0.056991,-0.186582,0.027616,1.242206,0.012769,-0.022616,-0.019708
10.580000,-0.163062,-0.457310,1.168070,0.160208,0.107724,-0.073392,-0.823867,-0.552548,1.223886,-0.004501,0.029279,0.056391,-0.874329,0.004221,1.228103,-0.039656,-0.041960,-0.056737,0.349966,-0.458947,1.193010,0.111308,0.090740,-0.057351,-0.186322,0.027169,1.241815,0.013154,-0.022038,-0.019356
10.600000,-0.159844,-0.455155,1.166599,0.161543,0.107700,-0.073692,-0.823920,-0.551930,1.225028,-0.000845,0.032541,0.057820,-0.875123,0.003396,1.226961,-0.039802,-0.040521,-0.057416,0.352224,-0.457127,1.191860,0.114498,0.091180,-0.057690,-0.186055,0.026734,1.241432,0.013576,-0.021425,-0.018975
10.620000,-0.156601,-0.453002,1.165122,0.162734,0.107568,-0.073984,-0.823900,-0.551246,1.226198,0.002924,0.035816,0.059183,-0.875921,0.002601,1.225806,-0.040012,-0.038957,-0.058068,0.354546,-0.455300,1.190703,0.117710,0.091513,-0.058011,-0.185779,0.026312,1.241056,0.014035,-0.020779,-0.018583
10.640000,-0.153335,-0.450853,1.163640,0.163808,0.107336,-0.074273,-0.823803,-0.550497,1.227394,0.006779,0.039102,0.060454,-0.876724,0.001838,1.224639,-0.040285,-0.037259,-0.058697,0.356933,-0.453467,1.189540,0.120943,0.091739,-0.058317,-0.185494,0.025903,1.240688,0.014531,-0.020105,-0.018194
10.660000,-0.150049,-0.448710,1.162151,0.164767,0.107004,-0.074559,-0.823628,-0.549682,1.228615,0.010723,0.042399,0.061634,-0.877533,0.001111,1.223459,-0.040622,-0.035428,-0.059302,0.359384,-0.451631,1.188370,0.124197,0.091858,-0.058609,-0.185198,0.025508,1.240328,0.015064,-0.019401,-0.017808
10.680000,-0.146745,-0.446574,1.160657,0.165611,0.106571,-0.074842,-0.823373,-0.548801,1.229859,0.014753,0.045705,0.062722,-0.878349,0.000422,1.222267,-0.041023,-0.033464,-0.059884,0.361901,-0.449794,1.187195,0.127471,0.091870,-0.058888,-0.184891,0.025128,1.239976,0.015633,-0.018668,-0.017426
10.700000,-0.143426,-0.444448,1.159158,0.166338,0.106039,-0.075122,-0.823037,-0.547854,1.231124,0.018871,0.049022,0.063718,-0.879174,-0.000226,1.221063,-0.041488,-0.031366,-0.060443,0.364483,-0.447957,1.186015,0.130766,0.091774,-0.059151,-0.184572,0.024762,1.239631,0.016239,-0.017906,-0.017048
10.720000,-0.140092,-0.442333,1.157652,0.166991,0.105423,-0.075403,-0.822618,-0.546840,1.232407,0.023040,0.052339,0.064602,-0.880009,-0.000832,1.219849,-0.042014,-0.029135,-0.060979,0.367131,-0.446123,1.184829,0.134079,0.091574,-0.059404,-0.184241,0.024411,1.239294,0.016866,-0.017127,-0.016691
10.740000,-0.136746,-0.440231,1.156141,0.167610,0.104738,-0.075690,-0.822116,-0.545760,1.233707,0.027224,0.055647,0.065352,-0.880855,-0.001391,1.218624,-0.042596,-0.026774,-0.061493,0.369846,-0.444295,1.183639,0.137407,0.091271,-0.059648,-0.183897,0.024077,1.238963,0.017500,-0.016343,-0.016372
10.760000,-0.133388,-0.438144,1.154625,0.168195,0.103985,-0.075982,-0.821529,-0.544615,1.235020,0.031424,0.058945,0.065968,-0.881713,-0.001902,1.217390,-0.043235,-0.024281,-0.061985,0.372628,-0.442473,1.182443,0.140752,0.090866,-0.059884,-0.183541,0.023758,1.238639,0.018140,-0.015553,-0.016092
10.780000,-0.130019,-0.436072,1.153102,0.168746,0.103163,-0.076279,-0.820858,-0.543403,1.236345,0.035638,0.062234,0.066450,-0.882585,-0.002361,1.216145,-0.043931,-0.021657,-0.062456,0.375476,-0.440661,1.181243,0.144113,0.090359,-0.060112,-0.183172,0.023455,1.238319,0.018787,-0.014759,-0.015851
10.800000,-0.126639,-0.434018,1.151573,0.169263,0.102273,-0.076582,-0.820103,-0.542125,1.237677,0.039867,0.065513,0.066798,-0.883471,-0.002767,1.214891,-0.044683,-0.018901,-0.062905,0.378392,-0.438860,1.180039,0.147489,0.089749,-0.060331,-0.182790,0.023167,1.238004,0.019439,-0.013959,-0.015648
10.820000,-0.123248,-0.431982,1.150039,0.169782,0.101332,-0.076887,-0.819264,-0.540782,1.239016,0.044077,0.068780,0.066998,-0.884373,-0.003116,1.213629,-0.045486,-0.016026,-0.063334,0.381376,-0.437072,1.178830,0.150877,0.089047,-0.060545,-0.182394,0.022896,1.237693,0.020085,-0.013165,-0.015496
10.840000,-0.119847,-0.429965,1.148498,0.170337,0.100358,-0.077192,-0.818341,-0.539374,1.240356,0.048232,0.072031,0.067038,-0.885291,-0.003407,1.212358,-0.046333,-0.013040,-0.063747,0.384427,-0.435298,1.177617,0.154271,0.088261,-0.060757,-0.181986,0.022641,1.237384,0.020710,-0.012388,-0.015406
10.860000,-0.116435,-0.427967,1.146951,0.170928,0.099350,-0.077495,-0.817335,-0.537901,1.241696,0.052333,0.075266,0.066918,-0.886226,-0.003637,1.211079,-0.047223,-0.009945,-0.064143,0.387547,-0.433542,1.176400,0.157672,0.087391,-0.060966,-0.181566,0.022401,1.237076,0.021314,-0.011627,-0.015380
10.880000,-0.113010,-0.425991,1.145398,0.171556,0.098308,-0.077797,-0.816248,-0.536364,1.243032,0.056379,0.078486,0.066637,-0.887180,-0.003804,1.209793,-0.048158,-0.006740,-0.064522,0.390734,-0.431803,1.175179,0.161079,0.086438,-0.061173,-0.181134,0.022175,1.236769,0.021897,-0.010883,-0.015416
10.900000,-0.109572,-0.424035,1.143839,0.172221,0.097234,-0.078098,-0.815080,-0.534762,1.244361,0.060371,0.081691,0.066195,-0.888153,-0.003906,1.208498,-0.049136,-0.003425,-0.064884,0.393990,-0.430085,1.173953,0.164493,0.085402,-0.061377,-0.180690,0.021965,1.236459,0.022460,-0.010156,-0.015515
10.920000,-0.106120,-0.422102,1.142274,0.172962,0.096141,-0.078393,-0.813834,-0.533096,1.245679,0.064271,0.084874,0.065595,-0.889146,-0.003941,1.207197,-0.050146,-0.000019,-0.065231,0.397314,-0.428388,1.172723,0.167912,0.084296,-0.061581,-0.180236,0.021769,1.236148,0.023000,-0.009446,-0.015684
10.940000,-0.102653,-0.420190,1.140704,0.173819,0.095045,-0.078677,-0.812510,-0.531367,1.246983,0.068042,0.088033,0.064838,-0.890159,-0.003906,1.205889,-0.051177,0.003461,-0.065564,0.400707,-0.426713,1.171490,0.171338,0.083135,-0.061787,-0.179770,0.021587,1.235832,0.023518,-0.008757,-0.015930
10.960000,-0.099167,-0.418300,1.139127,0.174793,0.093948,-0.078950,-0.811113,-0.529575,1.248271,0.071683,0.091166,0.063924,-0.891193,-0.003802,1.204575,-0.052230,0.007013,-0.065883,0.404168,-0.425063,1.170252,0.174769,0.081920,-0.061993,-0.179295,0.021419,1.235510,0.024013,-0.008088,-0.016252
10.980000,-0.095660,-0.416432,1.137546,0.175883,0.092847,-0.079211,-0.809644,-0.527721,1.249539,0.075195,0.094274,0.062853,-0.892248,-0.003625,1.203254,-0.053303,0.010639,-0.066189,0.407697,-0.423437,1.169010,0.178205,0.080650,-0.062201,-0.178810,0.021263,1.235181,0.024485,-0.007438,-0.016650
11.000000,-0.092131,-0.414586,1.135959,0.177089,0.091745,-0.079462,-0.808106,-0.525804,1.250784,0.078578,0.097356,0.061625,-0.893325,-0.003376,1.201927,-0.054398,0.014338,-0.066481,0.411296,-0.421837,1.167764,0.181647,0.079324,-0.062410,-0.178316,0.021121,1.234843,0.024934,-0.006808,-0.017125
11.020000,-0.088576,-0.412762,1.134367,0.178438,0.090653,-0.079691,-0.806502,-0.523826,1.252003,0.081805,0.100416,0.060251,-0.894424,-0.003052,1.200595,-0.055504,0.018090,-0.066760,0.414963,-0.420264,1.166514,0.185094,0.077964,-0.062624,-0.177813,0.020991,1.234495,0.025358,-0.006198,-0.017678
11.040000,-0.084992,-0.410960,1.132772,0.179954,0.089587,-0.079889,-0.804835,-0.521788,1.253193,0.084850,0.103457,0.058740,-0.895545,-0.002652,1.199257,-0.056612,0.021873,-0.067026,0.418700,-0.418719,1.165259,0.188543,0.076588,-0.062845,-0.177302,0.020873,1.234136,0.025758,-0.005608,-0.018308
11.060000,-0.081377,-0.409178,1.131172,0.181638,0.088545,-0.080054,-0.803109,-0.519688,1.254352,0.087714,0.106477,0.057092,-0.896689,-0.002176,1.197914,-0.057722,0.025689,-0.067281,0.422505,-0.417201,1.164000,0.191997,0.075196,-0.063073,-0.176783,0.020767,1.233763,0.026132,-0.005037,-0.019017
11.080000,-0.077726,-0.407418,1.129570,0.183490,0.087528,-0.080188,-0.801327,-0.517529,1.255476,0.090396,0.109478,0.055307,-0.897854,-0.001624,1.196566,-0.058835,0.029536,-0.067524,0.426380,-0.415711,1.162736,0.195453,0.073788,-0.063308,-0.176257,0.020671,1.233374,0.026480,-0.004486,-0.019805
11.100000,-0.074036,-0.405677,1.127965,0.185509,0.086536,-0.080290,-0.799494,-0.515309,1.256563,0.092897,0.112459,0.053386,-0.899042,-0.000995,1.195213,-0.059950,0.033416,-0.067754,0.430323,-0.414249,1.161467,0.198913,0.072365,-0.063550,-0.175724,0.020587,1.232970,0.026804,-0.003954,-0.020670
11.120000,-0.070304,-0.403956,1.126358,0.187710,0.085573,-0.080352,-0.797613,-0.513031,1.257611,0.095203,0.115411,0.051340,-0.900252,-0.000287,1.193856,-0.061059,0.037307,-0.067975,0.434336,-0.412816,1.160194,0.202380,0.070947,-0.063801,-0.175185,0.020513,1.232547,0.027104,-0.003442,-0.021608
11.140000,-0.066526,-0.402254,1.124751,0.190106,0.084640,-0.080366,-0.795687,-0.510693,1.258616,0.097304,0.118327,0.049184,-0.901484,0.000497,1.192494,-0.062153,0.041187,-0.068187,0.438419,-0.411411,1.158915,0.205859,0.069558,-0.064062,-0.174640,0.020449,1.232105,0.027385,-0.002950,-0.022612
11.160000,-0.062698,-0.400570,1.123144,0.192697,0.083739,-0.080332,-0.793722,-0.508298,1.259577,0.099198,0.121206,0.046916,-0.902738,0.001360,1.191128,-0.063231,0.045058,-0.068391,0.442571,-0.410034,1.157631,0.209349,0.068197,-0.064333,-0.174089,0.020395,1.231642,0.027645,-0.002477,-0.023681
11.180000,-0.058817,-0.398904,1.121538,0.195483,0.082868,-0.080251,-0.791721,-0.505845,1.260492,0.100887,0.124047,0.044538,-0.904014,0.002300,1.189759,-0.064295,0.048919,-0.068588,0.446793,-0.408683,1.156342,0.212850,0.066864,-0.064615,-0.173534,0.020350,1.231157,0.027885,-0.002024,-0.024817
11.200000,-0.054878,-0.397255,1.119934,0.198464,0.082030,-0.080121,-0.789688,-0.503336,1.261358,0.102369,0.126852,0.042048,-0.905310,0.003317,1.188385,-0.065344,0.052770,-0.068776,0.451085,-0.407359,1.155047,0.216362,0.065559,-0.064907,-0.172974,0.020314,1.230649,0.028104,-0.001590,-0.026019
11.220000,-0.050877,-0.395623,1.118333,0.201623,0.081207,-0.079944,-0.787627,-0.500771,1.262173,0.103647,0.129615,0.039461,-0.906627,0.004410,1.187008,-0.066364,0.056584,-0.068956,0.455447,-0.406060,1.153746,0.219882,0.064306,-0.065208,-0.172410,0.020286,1.230116,0.028305,-0.001177,-0.027272
11.240000,-0.046812,-0.394007,1.116737,0.204940,0.080386,-0.079718,-0.785543,-0.498152,1.262936,0.104724,0.132333,0.036792,-0.907964,0.005580,1.185627,-0.067344,0.060334,-0.069130,0.459880,-0.404786,1.152438,0.223408,0.063132,-0.065518,-0.171842,0.020267,1.229558,0.028487,-0.000785,-0.028564
11.260000,-0.042678,-0.392407,1.115145,0.208417,0.079565,-0.079443,-0.783440,-0.495478,1.263644,0.105598,0.135006,0.034041,-0.909321,0.006823,1.184242,-0.068284,0.064020,-0.069297,0.464383,-0.403535,1.151125,0.226938,0.062034,-0.065838,-0.171271,0.020255,1.228973,0.028652,-0.000416,-0.029894
11.280000,-0.038474,-0.390824,1.113559,0.212052,0.078746,-0.079119,-0.781321,-0.492752,1.264297,0.106271,0.137632,0.031207,-0.910695,0.008140,1.182855,-0.069182,0.067642,-0.069457,0.468958,-0.402304,1.149805,0.230473,0.061015,-0.066166,-0.170696,0.020250,1.228362,0.028798,-0.000068,-0.031262
11.300000,-0.034195,-0.389258,1.111981,0.215846,0.077928,-0.078747,-0.779190,-0.489973,1.264892,0.106741,0.140214,0.028290,-0.912088,0.009529,1.181464,-0.070040,0.071200,-0.069610,0.473602,-0.401094,1.148478,0.234013,0.060073,-0.066504,-0.170119,0.020252,1.227723,0.028927,0.000258,-0.032668
11.320000,-0.029839,-0.387707,1.110410,0.219760,0.077089,-0.078330,-0.777052,-0.487144,1.265428,0.107028,0.142743,0.025306,-0.913497,0.010987,1.180071,-0.070849,0.074672,-0.069756,0.478318,-0.399901,1.147145,0.237550,0.059229,-0.066848,-0.169539,0.020260,1.227055,0.029039,0.000559,-0.034090
11.340000,-0.025404,-0.386174,1.108848,0.223751,0.076209,-0.077874,-0.774910,-0.484264,1.265904,0.107149,0.145216,0.022266,-0.914921,0.012515,1.178674,-0.071601,0.078035,-0.069897,0.483104,-0.398724,1.145804,0.241079,0.058504,-0.067198,-0.168957,0.020274,1.226359,0.029139,0.000834,-0.035508
11.360000,-0.020889,-0.384659,1.107295,0.227822,0.075287,-0.077378,-0.772768,-0.481335,1.266319,0.107105,0.147630,0.019172,-0.916360,0.014108,1.177275,-0.072296,0.081289,-0.070031,0.487961,-0.397560,1.144457,0.244598,0.057898,-0.067552,-0.168374,0.020293,1.225635,0.029226,0.001081,-0.036921
11.380000,-0.016291,-0.383163,1.105753,0.231970,0.074323,-0.076842,-0.770627,-0.478359,1.266671,0.106895,0.149987,0.016024,-0.917813,0.015766,1.175873,-0.072934,0.084435,-0.070159,0.492888,-0.396407,1.143102,0.248107,0.057411,-0.067911,-0.167788,0.020317,1.224882,0.029299,0.001301,-0.038329
11.400000,-0.011610,-0.381687,1.104222,0.236198,0.073317,-0.076267,-0.768493,-0.475336,1.266959,0.106519,0.152287,0.012821,-0.919277,0.017485,1.174468,-0.073515,0.087472,-0.070280,0.497885,-0.395263,1.141740,0.251608,0.057043,-0.068275,-0.167202,0.020345,1.224102,0.029359,0.001494,-0.039732
11.420000,-0.006843,-0.380231,1.102702,0.240450,0.072253,-0.075659,-0.766367,-0.472268,1.267183,0.106013,0.154532,0.009576,-0.920753,0.019264,1.173062,-0.074031,0.090384,-0.070395,0.502952,-0.394124,1.140371,0.255090,0.056808,-0.068641,-0.166614,0.020377,1.223293,0.029414,0.001658,-0.041118
11.440000,-0.001992,-0.378797,1.101196,0.244673,0.071115,-0.075025,-0.764253,-0.469155,1.267342,0.105411,0.156729,0.006302,-0.922238,0.021099,1.171653,-0.074478,0.093155,-0.070502,0.508089,-0.392989,1.138995,0.258545,0.056722,-0.069003,-0.166025,0.020411,1.222457,0.029472,0.001791,-0.042475
11.460000,0.002944,-0.377387,1.099702,0.248867,0.069901,-0.074367,-0.762152,-0.465999,1.267435,0.104713,0.158876,0.002999,-0.923731,0.022989,1.170242,-0.074853,0.095786,-0.070603,0.513294,-0.391854,1.137611,0.261973,0.056785,-0.069362,-0.165435,0.020448,1.221594,0.029534,0.001894,-0.043803
11.480000,0.007963,-0.376002,1.098221,0.253033,0.068613,-0.073683,-0.760065,-0.462801,1.267462,0.103920,0.160974,-0.000333,-0.925232,0.024930,1.168829,-0.075157,0.098277,-0.070697,0.518567,-0.390717,1.136220,0.265375,0.056995,-0.069718,-0.164844,0.020487,1.220705,0.029599,0.001966,-0.045102
11.500000,0.013065,-0.374643,1.096754,0.257169,0.067251,-0.072974,-0.757995,-0.459561,1.267422,0.103032,0.163022,-0.003694,-0.926737,0.026919,1.167414,-0.075391,0.100627,-0.070784,0.523909,-0.389574,1.134822,0.268750,0.057354,-0.070071,-0.164251,0.020527,1.219791,0.029667,0.002008,-0.046372
11.520000,0.018249,-0.373312,1.095302,0.261215,0.065799,-0.072247,-0.755944,-0.456280,1.267314,0.102089,0.165036,-0.007074,-0.928247,0.028954,1.165997,-0.075547,0.102828,-0.070863,0.529317,-0.388422,1.133417,0.272083,0.057860,-0.070416,-0.163657,0.020567,1.218851,0.029751,0.002021,-0.047607
11.540000,0.023512,-0.372011,1.093865,0.265109,0.064246,-0.071513,-0.753912,-0.452959,1.267139,0.101134,0.167033,-0.010462,-0.929759,0.031031,1.164579,-0.075618,0.104872,-0.070933,0.534792,-0.387258,1.132006,0.275360,0.058512,-0.070746,-0.163061,0.020607,1.217887,0.029865,0.002007,-0.048801
11.560000,0.028852,-0.370743,1.092442,0.268852,0.062590,-0.070769,-0.751899,-0.449599,1.266895,0.100166,0.169011,-0.013858,-0.931271,0.033148,1.163160,-0.075604,0.106759,-0.070996,0.540331,-0.386080,1.130588,0.278582,0.059311,-0.071063,-0.162462,0.020647,1.216899,0.030009,0.001965,-0.049955
11.580000,0.034265,-0.369509,1.091034,0.272442,0.060832,-0.070018,-0.749905,-0.446199,1.266584,0.099187,0.170971,-0.017262,-0.932782,0.035300,1.161740,-0.075505,0.108489,-0.071050,0.545935,-0.384885,1.129163,0.281747,0.060255,-0.071366,-0.161860,0.020686,1.215889,0.030181,0.001896,-0.051067
11.600000,0.039749,-0.368310,1.089641,0.275881,0.058971,-0.069257,-0.747932,-0.442760,1.266205,0.098194,0.172914,-0.020675,-0.934291,0.037486,1.160318,-0.075321,0.110063,-0.071095,0.551601,-0.383669,1.127733,0.284857,0.061345,-0.071656,-0.161255,0.020723,1.214856,0.030384,0.001799,-0.052139
11.620000,0.045299,-0.367150,1.088264,0.279108,0.057009,-0.068497,-0.745977,-0.439282,1.265757,0.097228,0.174861,-0.024088,-0.935794,0.039702,1.158896,-0.075056,0.111477,-0.071131,0.557328,-0.382430,1.126297,0.287893,0.062563,-0.071925,-0.160645,0.020757,1.213803,0.030622,0.001677,-0.053172
11.640000,0.050912,-0.366031,1.086901,0.282066,0.054945,-0.067744,-0.744042,-0.435765,1.265241,0.096325,0.176838,-0.027493,-0.937292,0.041944,1.157473,-0.074711,0.112731,-0.071158,0.563116,-0.381166,1.124856,0.290840,0.063890,-0.072169,-0.160030,0.020790,1.212730,0.030904,0.001531,-0.054168
11.660000,0.056580,-0.364953,1.085554,0.284754,0.052780,-0.066998,-0.742124,-0.432209,1.264658,0.095487,0.178844,-0.030890,-0.938782,0.044210,1.156050,-0.074288,0.113825,-0.071175,0.568961,-0.379874,1.123411,0.293697,0.065326,-0.072387,-0.159408,0.020819,1.211637,0.031229,0.001361,-0.055126
11.680000,0.062300,-0.363920,1.084221,0.287172,0.050514,-0.066261,-0.740222,-0.428611,1.264006,0.094712,0.180879,-0.034279,-0.940263,0.046496,1.154626,-0.073786,0.114759,-0.071181,0.574863,-0.378552,1.121961,0.296464,0.066871,-0.072580,-0.158780,0.020844,1.210525,0.031597,0.001168,-0.056047
11.700000,0.068065,-0.362933,1.082903,0.289320,0.048146,-0.065531,-0.738335,-0.424973,1.263286,0.094002,0.182942,-0.037660,-0.941733,0.048799,1.153202,-0.073204,0.115532,-0.071178,0.580819,-0.377198,1.120508,0.299141,0.068525,-0.072747,-0.158144,0.020865,1.209395,0.032007,0.000950,-0.056931
11.720000,0.073871,-0.361995,1.081600,0.291150,0.045687,-0.064816,-0.736461,-0.421293,1.262500,0.093394,0.185052,-0.041029,-0.943191,0.051116,1.151779,-0.072545,0.116153,-0.071165,0.586828,-0.375811,1.119051,0.301706,0.070255,-0.072885,-0.157500,0.020882,1.208248,0.032458,0.000713,-0.057781
11.740000,0.079709,-0.361106,1.080311,0.292614,0.043144,-0.064121,-0.734598,-0.417571,1.261645,0.092926,0.187224,-0.044380,-0.944635,0.053444,1.150356,-0.071807,0.116631,-0.071139,0.592887,-0.374388,1.117592,0.304136,0.072025,-0.072988,-0.156846,0.020893,1.207084,0.032948,0.000459,-0.058602
11.760000,0.085573,-0.360270,1.079035,0.293711,0.040517,-0.063448,-0.732743,-0.413804,1.260724,0.092600,0.189460,-0.047714,-0.946063,0.055781,1.148933,-0.070991,0.116966,-0.071103,0.598993,-0.372929,1.116132,0.306431,0.073836,-0.073057,-0.156181,0.020900,1.205904,0.033474,0.000190,-0.059394
11.780000,0.091455,-0.359486,1.077773,0.294443,0.037808,-0.062796,-0.730893,-0.409992,1.259737,0.092413,0.191757,-0.051030,-0.947474,0.058122,1.147512,-0.070097,0.117157,-0.071054,0.605143,-0.371434,1.114670,0.308590,0.075689,-0.073093,-0.155506,0.020901,1.204709,0.034039,-0.000094,-0.060156
11.800000,0.097348,-0.358758,1.076523,0.294809,0.035016,-0.062165,-0.729046,-0.406133,1.258683,0.092368,0.194118,-0.054329,-0.948866,0.060466,1.146091,-0.069125,0.117206,-0.070995,0.611335,-0.369901,1.113208,0.310615,0.077583,-0.073094,-0.154820,0.020896,1.203498,0.034642,-0.000395,-0.060888
11.820000,0.103245,-0.358086,1.075286,0.294777,0.032163,-0.061559,-0.727198,-0.402227,1.257564,0.092485,0.196552,-0.057609,-0.950238,0.062810,1.144672,-0.068086,0.117133,-0.070923,0.617567,-0.368331,1.111747,0.312489,0.079480,-0.073060,-0.154120,0.020885,1.202273,0.035281,-0.000707,-0.061596
11.840000,0.109136,-0.357472,1.074060,0.294316,0.029274,-0.060986,-0.725345,-0.398271,1.256379,0.092788,0.199072,-0.060868,-0.951589,0.065151,1.143255,-0.066992,0.116964,-0.070838,0.623834,-0.366722,1.110286,0.314197,0.081343,-0.072990,-0.153408,0.020868,1.201034,0.035954,-0.001025,-0.062284
11.860000,0.115014,-0.356915,1.072846,0.293425,0.026348,-0.060443,-0.723485,-0.394263,1.255129,0.093276,0.201677,-0.064105,-0.952918,0.067487,1.141839,-0.065843,0.116697,-0.070741,0.630133,-0.365077,1.108827,0.315739,0.083172,-0.072884,-0.152682,0.020844,1.199782,0.036663,-0.001351,-0.062951
11.880000,0.120870,-0.356418,1.071642,0.292106,0.023385,-0.059931,-0.721613,-0.390203,1.253815,0.093950,0.204367,-0.067321,-0.954222,0.069818,1.140425,-0.064639,0.116332,-0.070631,0.636462,-0.363396,1.107371,0.317116,0.084967,-0.072741,-0.151941,0.020814,1.198516,0.037406,-0.001683,-0.063598
11.900000,0.126696,-0.355980,1.070449,0.290356,0.020386,-0.059451,-0.719726,-0.386088,1.252437,0.094809,0.207143,-0.070515,-0.955503,0.072140,1.139014,-0.063380,0.115870,-0.070508,0.642817,-0.361679,1.105918,0.318326,0.086728,-0.072561,-0.151185,0.020777,1.197238,0.038184,-0.002022,-0.064225
11.920000,0.132482,-0.355603,1.069264,0.288179,0.017378,-0.059006,-0.717819,-0.381917,1.250995,0.095868,0.210005,-0.073689,-0.956757,0.074452,1.137605,-0.062085,0.115345,-0.070371,0.649194,-0.359927,1.104469,0.319376,0.088416,-0.072346,-0.150414,0.020733,1.195948,0.038998,-0.002364,-0.064835
11.940000,0.138220,-0.355285,1.068088,0.285575,0.014388,-0.058600,-0.715890,-0.377687,1.249489,0.097139,0.212955,-0.076841,-0.957986,0.076754,1.136199,-0.060772,0.114792,-0.070220,0.655591,-0.358143,1.103024,0.320267,0.089991,-0.072098,-0.149625,0.020682,1.194645,0.039847,-0.002705,-0.065433
11.960000,0.143902,-0.355027,1.066920,0.282545,0.011417,-0.058233,-0.713932,-0.373398,1.247921,0.098625,0.215992,-0.079971,-0.959188,0.079044,1.134796,-0.059443,0.114211,-0.070053,0.662004,-0.356328,1.101585,0.321002,0.091453,-0.071815,-0.148820,0.020625,1.193330,0.040732,-0.003045,-0.066017
11.980000,0.149519,-0.354828,1.065759,0.279087,0.008465,-0.057905,-0.711943,-0.369047,1.246291,0.100324,0.219117,-0.083080,-0.960364,0.081322,1.133397,-0.058097,0.113602,-0.069871,0.668430,-0.354486,1.100152,0.321579,0.092803,-0.071499,-0.147996,0.020560,1.192004,0.041652,-0.003384,-0.066588
12.000000,0.155063,-0.354688,1.064603,0.275203,0.005532,-0.057617,-0.709918,-0.364633,1.244598,0.102236,0.222330,-0.086168,-0.961512,0.083588,1.132001,-0.056733,0.112965,-0.069675,0.674866,-0.352617,1.098726,0.321999,0.094040,-0.071148,-0.147153,0.020489,1.190667,0.042608,-0.003722,-0.067146
12.020000,0.160524,-0.354607,1.063454,0.270919,0.002640,-0.057369,-0.707852,-0.360153,1.242844,0.104351,0.225616,-0.089236,-0.962633,0.085841,1.130610,-0.055386,0.112337,-0.069462,0.681309,-0.350725,1.097306,0.322275,0.095134,-0.070766,-0.146291,0.020411,1.189319,0.043592,-0.004058,-0.067697
12.040000,0.165897,-0.354582,1.062308,0.266262,-0.000185,-0.057166,-0.705743,-0.355608,1.241029,0.106660,0.228962,-0.092285,-0.963728,0.088081,1.129223,-0.054091,0.111755,-0.069233,0.687756,-0.348813,1.095895,0.322418,0.096054,-0.070356,-0.145409,0.020327,1.187959,0.044594,-0.004389,-0.068248
12.060000,0.171172,-0.354614,1.061167,0.261232,-0.002946,-0.057007,-0.703585,-0.350994,1.239153,0.109161,0.232367,-0.095317,-0.964797,0.090311,1.127841,-0.052845,0.111219,-0.068988,0.694205,-0.346884,1.094492,0.322430,0.096799,-0.069918,-0.144507,0.020236,1.186589,0.045616,-0.004715,-0.068799
12.080000,0.176344,-0.354700,1.060028,0.255828,-0.005640,-0.056892,-0.701375,-0.346313,1.237216,0.111855,0.235831,-0.098329,-0.965842,0.092531,1.126463,-0.051651,0.110728,-0.068726,0.700652,-0.344942,1.093098,0.322309,0.097371,-0.069452,-0.143585,0.020138,1.185207,0.046656,-0.005038,-0.069349
12.100000,0.181403,-0.354839,1.058891,0.250052,-0.008269,-0.056822,-0.699109,-0.341561,1.235220,0.114742,0.239354,-0.101324,-0.966863,0.094741,1.125092,-0.050507,0.110283,-0.068448,0.707096,-0.342990,1.091714,0.322056,0.097769,-0.068958,-0.142641,0.020034,1.183815,0.047716,-0.005355,-0.069900
12.120000,0.186343,-0.355030,1.057755,0.243950,-0.010807,-0.056796,-0.696784,-0.336738,1.233163,0.117801,0.242912,-0.104302,-0.967863,0.096942,1.123726,-0.049451,0.109908,-0.068152,0.713534,-0.341032,1.090340,0.321689,0.097972,-0.068439,-0.141676,0.019924,1.182411,0.048787,-0.005667,-0.070453
12.140000,0.191159,-0.355270,1.056619,0.237567,-0.013227,-0.056815,-0.694396,-0.331844,1.231048,0.121009,0.246481,-0.107264,-0.968842,0.099137,1.122366,-0.048520,0.109627,-0.067839,0.719963,-0.339073,1.088977,0.321225,0.097960,-0.067900,-0.140690,0.019808,1.180996,0.049863,-0.005969,-0.071014
12.160000,0.195844,-0.355558,1.055482,0.230905,-0.015531,-0.056880,-0.691943,-0.326879,1.228873,0.124367,0.250061,-0.110211,-0.969804,0.101328,1.121012,-0.047713,0.109440,-0.067507,0.726382,-0.337115,1.087624,0.320665,0.097732,-0.067341,-0.139681,0.019686,1.179571,0.050944,-0.006261,-0.071582
12.180000,0.200393,-0.355891,1.054343,0.223962,-0.017719,-0.056991,-0.689421,-0.321842,1.226639,0.127874,0.253651,-0.113144,-0.970752,0.103516,1.119666,-0.047032,0.109347,-0.067157,0.732789,-0.335165,1.086283,0.320007,0.097288,-0.066762,-0.138652,0.019557,1.178133,0.052030,-0.006545,-0.072156
12.200000,0.204801,-0.356266,1.053202,0.216740,-0.019789,-0.057147,-0.686827,-0.316733,1.224347,0.131530,0.257253,-0.116061,-0.971687,0.105703,1.118326,-0.046474,0.109349,-0.066789,0.739182,-0.333225,1.084954,0.319253,0.096628,-0.066162,-0.137600,0.019424,1.176684,0.053120,-0.006819,-0.072738
12.220000,0.209062,-0.356681,1.052057,0.209304,-0.021700,-0.057347,-0.684159,-0.311552,1.221997,0.135300,0.260829,-0.118963,-0.972612,0.107890,1.116994,-0.046069,0.109448,-0.066404,0.745559,-0.331301,1.083637,0.318411,0.095764,-0.065546,-0.136527,0.019285,1.175224,0.054204,-0.007079,-0.073328
12.240000,0.213172,-0.357133,1.050908,0.201722,-0.023409,-0.057588,-0.681414,-0.306300,1.219589,0.139145,0.264342,-0.121852,-0.973531,0.110081,1.115670,-0.045844,0.109649,-0.066000,0.751918,-0.329396,1.082332,0.317490,0.094704,-0.064918,-0.135432,0.019141,1.173751,0.055269,-0.007318,-0.073926
12.260000,0.217129,-0.357616,1.049753,0.193992,-0.024916,-0.057870,-0.678592,-0.300979,1.217123,0.143067,0.267793,-0.124728,-0.974447,0.112277,1.114354,-0.045799,0.109953,-0.065579,0.758258,-0.327514,1.081040,0.316490,0.093450,-0.064276,-0.134316,0.018992,1.172266,0.056317,-0.007538,-0.074532
12.280000,0.220931,-0.358128,1.048593,0.186115,-0.026220,-0.058193,-0.675691,-0.295589,1.214600,0.147065,0.271181,-0.127591,-0.975364,0.114480,1.113047,-0.045933,0.110359,-0.065140,0.764577,-0.325659,1.079761,0.315411,0.092001,-0.063621,-0.133180,0.018839,1.170770,0.057347,-0.007737,-0.075147
12.300000,0.224573,-0.358664,1.047425,0.178091,-0.027323,-0.058558,-0.672709,-0.290132,1.212019,0.151139,0.274506,-0.130440,-0.976285,0.116692,1.111749,-0.046246,0.110867,-0.064683,0.770874,-0.323836,1.078496,0.314253,0.090357,-0.062954,-0.132023,0.018683,1.169261,0.058359,-0.007915,-0.075769
12.320000,0.228054,-0.359219,1.046250,0.170000,-0.028171,-0.058958,-0.669645,-0.284609,1.209382,0.155245,0.277723,-0.133274,-0.977215,0.118915,1.110460,-0.046754,0.111456,-0.064209,0.777147,-0.322046,1.077243,0.313031,0.088548,-0.062278,-0.130845,0.018523,1.167739,0.059343,-0.008069,-0.076400
12.340000,0.231373,-0.359788,1.045067,0.161920,-0.028711,-0.059390,-0.666499,-0.279024,1.206689,0.159336,0.280784,-0.136092,-0.978157,0.121151,1.109181,-0.047471,0.112107,-0.063718,0.783395,-0.320295,1.076005,0.311760,0.086601,-0.061597,-0.129649,0.018360,1.166204,0.060287,-0.008191,-0.077040
12.360000,0.234531,-0.360365,1.043874,0.153852,-0.028942,-0.059852,-0.663272,-0.273379,1.203939,0.163412,0.283689,-0.138895,-0.979115,0.123400,1.107911,-0.048396,0.112820,-0.063212,0.789617,-0.318583,1.074779,0.310439,0.084516,-0.060912,-0.128434,0.018196,1.164657,0.061193,-0.008284,-0.077688
12.380000,0.237527,-0.360944,1.042672,0.145795,-0.028866,-0.060345,-0.659963,-0.267677,1.201133,0.167474,0.286440,-0.141682,-0.980094,0.125664,1.106652,-0.049530,0.113594,-0.062689,0.795812,-0.316915,1.073568,0.309069,0.082294,-0.060221,-0.127202,0.018029,1.163097,0.062060,-0.008345,-0.078344
12.400000,0.240363,-0.361518,1.041460,0.137750,-0.028482,-0.060870,-0.656573,-0.261922,1.198272,0.171522,0.289035,-0.144453,-0.981098,0.127944,1.105404,-0.050873,0.114429,-0.062150,0.801979,-0.315292,1.072371,0.307649,0.079934,-0.059527,-0.125952,0.017862,1.161523,0.062888,-0.008376,-0.079009
12.420000,0.243038,-0.362081,1.040237,0.129796,-0.027735,-0.061416,-0.653103,-0.256117,1.195355,0.175508,0.291436,-0.147202,-0.982130,0.130241,1.104166,-0.052409,0.115279,-0.061596,0.808117,-0.313718,1.071187,0.306193,0.077482,-0.058832,-0.124686,0.017694,1.159936,0.063668,-0.008374,-0.079682
12.440000,0.245556,-0.362625,1.039003,0.122014,-0.026568,-0.061976,-0.649553,-0.250266,1.192384,0.179384,0.293606,-0.149920,-0.983195,0.132555,1.102940,-0.054121,0.116098,-0.061028,0.814227,-0.312193,1.070017,0.304711,0.074981,-0.058141,-0.123406,0.017527,1.158336,0.064393,-0.008338,-0.080363
12.460000,0.247920,-0.363141,1.037758,0.114404,-0.024983,-0.062549,-0.645928,-0.244375,1.189358,0.183151,0.295545,-0.152608,-0.984296,0.134885,1.101725,-0.056011,0.116885,-0.060446,0.820306,-0.310719,1.068861,0.303204,0.072432,-0.057455,-0.122111,0.017361,1.156722,0.065062,-0.008267,-0.081052
12.480000,0.250133,-0.363621,1.036501,0.106964,-0.022978,-0.063136,-0.642228,-0.238446,1.186280,0.186808,0.297252,-0.155267,-0.985437,0.137230,1.100522,-0.058079,0.117640,-0.059850,0.826355,-0.309296,1.067719,0.301672,0.069834,-0.056773,-0.120804,0.017197,1.155094,0.065675,-0.008162,-0.081748
12.500000,0.252199,-0.364057,1.035233,0.099696,-0.020555,-0.063736,-0.638456,-0.232486,1.183148,0.190355,0.298728,-0.157895,-0.986621,0.139590,1.099331,-0.060323,0.118363,-0.059240,0.832372,-0.307926,1.066590,0.300115,0.067188,-0.056096,-0.119484,0.017035,1.153452,0.066232,-0.008021,-0.082453
12.520000,0.254122,-0.364440,1.033952,0.092666,-0.017679,-0.064338,-0.634615,-0.226499,1.179964,0.193756,0.299941,-0.160478,-0.987851,0.141964,1.098153,-0.062722,0.118997,-0.058620,0.838359,-0.306609,1.065475,0.298523,0.064558,-0.055427,-0.118155,0.016876,1.151796,0.066735,-0.007855,-0.083164
12.540000,0.255908,-0.364761,1.032659,0.085939,-0.014317,-0.064928,-0.630707,-0.220490,1.176729,0.196977,0.300861,-0.163000,-0.989130,0.144349,1.096987,-0.065254,0.119483,-0.057994,0.844313,-0.305343,1.064373,0.296887,0.062006,-0.054771,-0.116815,0.016721,1.150125,0.067187,-0.007670,-0.083882
12.560000,0.257562,-0.365010,1.031355,0.079515,-0.010468,-0.065507,-0.626737,-0.214466,1.173444,0.200016,0.301487,-0.165462,-0.990462,0.146742,1.095833,-0.067919,0.119820,-0.057362,0.850234,-0.304128,1.063284,0.295207,0.059534,-0.054128,-0.115468,0.016569,1.148440,0.067587,-0.007467,-0.084605
12.580000,0.259091,-0.365177,1.030039,0.073395,-0.006134,-0.066075,-0.622708,-0.208433,1.170111,0.202874,0.301820,-0.167863,-0.991848,0.149141,1.094692,-0.070717,0.120011,-0.056724,0.856121,-0.302961,1.062208,0.293483,0.057142,-0.053497,-0.114112,0.016422,1.146741,0.067936,-0.007246,-0.085333
12.600000,0.260500,-0.365252,1.028712,0.067578,-0.001313,-0.066632,-0.618623,-0.202395,1.166730,0.205551,0.301859,-0.170204,-0.993291,0.151542,1.093564,-0.073647,0.120053,-0.056079,0.861973,-0.301842,1.061144,0.291715,0.054828,-0.052879,-0.112750,0.016280,1.145027,0.068233,-0.007008,-0.086068
12.620000,0.261796,-0.365226,1.027374,0.062102,0.003989,-0.067160,-0.614487,-0.196360,1.163303,0.208031,0.301590,-0.172457,-0.994794,0.153942,1.092449,-0.076674,0.119875,-0.055436,0.867789,-0.300767,1.060093,0.289893,0.052663,-0.052278,-0.111383,0.016142,1.143298,0.068489,-0.006756,-0.086809
12.640000,0.262986,-0.365089,1.026026,0.057004,0.009766,-0.067642,-0.610303,-0.190334,1.159833,0.210299,0.300998,-0.174599,-0.996359,0.156335,1.091347,-0.079759,0.119403,-0.054801,0.873568,-0.299734,1.059053,0.288007,0.050716,-0.051697,-0.110011,0.016009,1.141555,0.068713,-0.006497,-0.087555
12.660000,0.264079,-0.364832,1.024669,0.052284,0.016020,-0.068079,-0.606077,-0.184323,1.156320,0.212353,0.300082,-0.176628,-0.997985,0.158716,1.090257,-0.082902,0.118637,-0.054174,0.879309,-0.298737,1.058025,0.286058,0.048988,-0.051135,-0.108635,0.015882,1.139796,0.068906,-0.006231,-0.088307
12.680000,0.265080,-0.364445,1.023303,0.047942,0.022749,-0.068470,-0.601811,-0.178333,1.152768,0.214194,0.298842,-0.178544,-0.999675,0.161078,1.089180,-0.086104,0.117578,-0.053555,0.885010,-0.297773,1.057008,0.284046,0.047477,-0.050594,-0.107255,0.015760,1.138022,0.069068,-0.005957,-0.089066
12.700000,0.265999,-0.363919,1.021930,0.043978,0.029954,-0.068816,-0.597510,-0.172371,1.149179,0.215823,0.297280,-0.180348,-1.001430,0.163417,1.088115,-0.089365,0.116226,-0.052945,0.890671,-0.296837,1.056001,0.281969,0.046185,-0.050073,-0.105872,0.015644,1.136233,0.069199,-0.005676,-0.089830
12.720000,0.266842,-0.363244,1.020551,0.040391,0.037579,-0.069095,-0.593179,-0.166444,1.145555,0.217244,0.295400,-0.182001,-1.003250,0.165725,1.087062,-0.092644,0.114514,-0.052354,0.896289,-0.295924,1.055004,0.279813,0.045190,-0.049574,-0.104487,0.015533,1.134429,0.069312,-0.005397,-0.090602
12.740000,0.267617,-0.362413,1.019167,0.037181,0.045570,-0.069285,-0.588822,-0.160557,1.141901,0.218462,0.293210,-0.183465,-1.005135,0.167995,1.086020,-0.095900,0.112376,-0.051795,0.901862,-0.295027,1.054018,0.277561,0.044573,-0.049099,-0.103100,0.015428,1.132609,0.069422,-0.005127,-0.091383
12.760000,0.268332,-0.361419,1.017780,0.034347,0.053926,-0.069386,-0.584442,-0.154718,1.138218,0.219477,0.290710,-0.184740,-1.007086,0.170217,1.084990,-0.099134,0.109812,-0.051266,0.907390,-0.294138,1.053040,0.275212,0.044332,-0.048648,-0.101710,0.015328,1.130774,0.069527,-0.004869,-0.092173
12.780000,0.268993,-0.360254,1.016392,0.031889,0.062648,-0.069400,-0.580044,-0.148931,1.134512,0.220290,0.287899,-0.185826,-1.009101,0.172384,1.083969,-0.102345,0.106822,-0.050769,0.912870,-0.293251,1.052072,0.272768,0.044469,-0.048221,-0.100319,0.015233,1.128922,0.069629,-0.004621,-0.092971
12.800000,0.269610,-0.358911,1.015005,0.029808,0.071735,-0.069325,-0.575632,-0.143204,1.130786,0.220900,0.284778,-0.186724,-1.011179,0.174487,1.082959,-0.105534,0.103406,-0.050303,0.918300,-0.292357,1.051111,0.270227,0.044982,-0.047818,-0.098925,0.015143,1.127055,0.069726,-0.004383,-0.093778
12.820000,0.270188,-0.357383,1.013620,0.028079,0.081098,-0.069136,-0.571209,-0.137542,1.127045,0.221328,0.281361,-0.187385,-1.013321,0.176517,1.081957,-0.108641,0.099521,-0.049883,0.923679,-0.291448,1.050159,0.267574,0.045938,-0.047441,-0.097530,0.015058,1.125171,0.069831,-0.004165,-0.094598
12.840000,0.270735,-0.355665,1.012240,0.026678,0.090649,-0.068810,-0.566780,-0.131951,1.123293,0.221595,0.277664,-0.187762,-1.015524,0.178465,1.080963,-0.111610,0.095123,-0.049525,0.929002,-0.290516,1.049214,0.264792,0.047404,-0.047092,-0.096132,0.014976,1.123271,0.069954,-0.003975,-0.095431
12.860000,0.271257,-0.353755,1.010868,0.025604,0.100388,-0.068345,-0.562347,-0.126437,1.119536,0.221701,0.273686,-0.187855,-1.017785,0.180319,1.079976,-0.114439,0.090211,-0.049227,0.934269,-0.289549,1.048275,0.261883,0.049380,-0.046770,-0.094731,0.014899,1.121354,0.070095,-0.003814,-0.096280
12.880000,0.271761,-0.351649,1.009507,0.024858,0.110313,-0.067743,-0.557913,-0.121005,1.115781,0.221645,0.269428,-0.187664,-1.020101,0.182070,1.078993,-0.117130,0.084787,-0.048991,0.939477,-0.288537,1.047343,0.258845,0.051865,-0.046477,-0.093328,0.014824,1.119420,0.070254,-0.003681,-0.097143
12.900000,0.272254,-0.349342,1.008159,0.024439,0.120427,-0.067003,-0.553482,-0.115662,1.112032,0.221428,0.264889,-0.187189,-1.022469,0.183707,1.078016,-0.119681,0.078850,-0.048815,0.944622,-0.287471,1.046416,0.255678,0.054860,-0.046211,-0.091921,0.014751,1.117468,0.070431,-0.003577,-0.098020
12.920000,0.272741,-0.346831,1.006828,0.024309,0.130634,-0.066093,-0.549057,-0.110412,1.108295,0.221076,0.260094,-0.186382,-1.024887,0.185220,1.077040,-0.122042,0.072379,-0.048710,0.949703,-0.286339,1.045494,0.252374,0.058405,-0.045975,-0.090511,0.014680,1.115499,0.070632,-0.003506,-0.098916
12.940000,0.273228,-0.344116,1.005517,0.024428,0.140840,-0.064984,-0.544640,-0.105260,1.104579,0.220615,0.255068,-0.185195,-1.027349,0.186598,1.076067,-0.124161,0.065353,-0.048684,0.954716,-0.285131,1.044577,0.248922,0.062543,-0.045771,-0.089096,0.014611,1.113511,0.070861,-0.003476,-0.099834
12.960000,0.273720,-0.341197,1.004230,0.024797,0.151047,-0.063675,-0.540233,-0.100210,1.100890,0.220045,0.249811,-0.183629,-1.029852,0.187831,1.075093,-0.126038,0.057772,-0.048737,0.959659,-0.283834,1.043663,0.245321,0.067272,-0.045599,-0.087676,0.014541,1.111505,0.071117,-0.003484,-0.100773
12.980000,0.274221,-0.338074,1.002971,0.025415,0.161253,-0.062165,-0.535838,-0.095269,1.097236,0.219366,0.244324,-0.181682,-1.032389,0.188906,1.074117,-0.127674,0.049636,-0.048869,0.964528,-0.282436,1.042752,0.241573,0.072593,-0.045459,-0.086251,0.014471,1.109480,0.071402,-0.003533,-0.101735
13.000000,0.274738,-0.334747,1.001745,0.026283,0.171459,-0.060456,-0.531459,-0.090439,1.093625,0.218578,0.238605,-0.179356,-1.034957,0.189812,1.073137,-0.129069,0.040944,-0.049080,0.969321,-0.280926,1.041844,0.237677,0.078505,-0.045351,-0.084820,0.014399,1.107436,0.071715,-0.003621,-0.102719
13.020000,0.275274,-0.331217,1.000555,0.027350,0.181584,-0.058513,-0.527096,-0.085726,1.090065,0.217699,0.232685,-0.176627,-1.037550,0.190540,1.072153,-0.130180,0.031713,-0.049372,0.974034,-0.279292,1.040938,0.233630,0.085015,-0.045277,-0.083382,0.014326,1.105371,0.072055,-0.003748,-0.103725
13.040000,0.275833,-0.327485,0.999406,0.028567,0.191547,-0.056304,-0.522751,-0.081133,1.086563,0.216747,0.226595,-0.173473,-1.040162,0.191077,1.071162,-0.130968,0.021954,-0.049748,0.978665,-0.277521,1.040033,0.229431,0.092128,-0.045238,-0.081937,0.014249,1.103286,0.072419,-0.003915,-0.104755
13.060000,0.276418,-0.323556,0.998304,0.029934,0.201348,-0.053829,-0.518427,-0.076663,1.083129,0.215722,0.220333,-0.169894,-1.042787,0.191414,1.070162,-0.131432,0.011670,-0.050207,0.983211,-0.275603,1.039128,0.225080,0.099842,-0.045234,-0.080485,0.014169,1.101181,0.072809,-0.004121,-0.105808
13.080000,0.277031,-0.319432,0.997255,0.031450,0.210987,-0.051087,-0.514123,-0.072321,1.079770,0.214623,0.213900,-0.165890,-1.045417,0.191541,1.069153,-0.131571,0.000860,-0.050749,0.987667,-0.273524,1.038223,0.220576,0.108160,-0.045265,-0.079025,0.014084,1.099054,0.073225,-0.004366,-0.106886
13.100000,0.277677,-0.315117,0.996263,0.033117,0.220464,-0.048078,-0.509842,-0.068108,1.076496,0.213452,0.207296,-0.161461,-1.048047,0.191445,1.068132,-0.131386,-0.010476,-0.051375,0.992033,-0.271272,1.037317,0.215919,0.117079,-0.045331,-0.077556,0.013994,1.096905,0.073665,-0.004650,-0.107986
13.120000,0.278357,-0.310615,0.995333,0.034884,0.229719,-0.044795,-0.505585,-0.064030,1.073314,0.212207,0.200546,-0.156618,-1.050670,0.191118,1.067098,-0.130846,-0.022294,-0.052079,0.996303,-0.268837,1.036410,0.211112,0.126556,-0.045431,-0.076078,0.013898,1.094734,0.074123,-0.004971,-0.109108
13.140000,0.279073,-0.305931,0.994473,0.036705,0.238691,-0.041232,-0.501354,-0.060087,1.070234,0.210887,0.193675,-0.151372,-1.053278,0.190551,1.066048,-0.129920,-0.034546,-0.052856,1.000476,-0.266207,1.035500,0.206155,0.136544,-0.045562,-0.074591,0.013795,1.092541,0.074591,-0.005326,-0.110248
13.160000,0.279825,-0.301069,0.993686,0.038579,0.247381,-0.037387,-0.497150,-0.056283,1.067262,0.209494,0.186683,-0.145724,-1.055864,0.189734,1.064983,-0.128608,-0.047234,-0.053706,1.004548,-0.263372,1.034587,0.201049,0.147043,-0.045726,-0.073094,0.013685,1.090324,0.075070,-0.005714,-0.111405
13.180000,0.280616,-0.296037,0.992979,0.040507,0.255789,-0.033262,-0.492975,-0.052621,1.064407,0.208026,0.179570,-0.139674,-1.058420,0.188658,1.063900,-0.126909,-0.060358,-0.054629,1.008517,-0.260321,1.033671,0.195794,0.158053,-0.045921,-0.071588,0.013566,1.088084,0.075560,-0.006136,-0.112581
13.200000,0.281446,-0.290840,0.992357,0.042487,0.263914,-0.028855,-0.488830,-0.049101,1.061678,0.206484,0.172335,-0.133221,-1.060938,0.187316,1.062797,-0.124825,-0.073916,-0.055626,1.012379,-0.257046,1.032750,0.190390,0.169575,-0.046149,-0.070072,0.013439,1.085821,0.076059,-0.006592,-0.113774
13.220000,0.282316,-0.285483,0.991827,0.044483,0.271725,-0.024192,-0.484716,-0.045728,1.059081,0.204868,0.165010,-0.126415,-1.063411,0.185699,1.061674,-0.122359,-0.087845,-0.056676,1.016132,-0.253536,1.031825,0.184834,0.181534,-0.046403,-0.068546,0.013302,1.083533,0.076556,-0.007078,-0.114980
13.240000,0.283225,-0.279973,0.991391,0.046458,0.279192,-0.019298,-0.480636,-0.042502,1.056623,0.203175,0.157625,-0.119306,-1.065830,0.183801,1.060530,-0.119516,-0.102077,-0.057762,1.019771,-0.249782,1.030894,0.179127,0.193858,-0.046679,-0.067010,0.013156,1.081222,0.077037,-0.007591,-0.116192
13.260000,0.284174,-0.274317,0.991056,0.048410,0.286314,-0.014171,-0.476590,-0.039423,1.054311,0.201408,0.150179,-0.111893,-1.068189,0.181614,1.059363,-0.116297,-0.116614,-0.058882,1.023296,-0.245779,1.029957,0.173266,0.206545,-0.046977,-0.065464,0.012999,1.078886,0.077501,-0.008131,-0.117411
13.280000,0.285161,-0.268523,0.990826,0.050341,0.293090,-0.008813,-0.472580,-0.036495,1.052150,0.199564,0.142674,-0.104177,-1.070479,0.179134,1.058174,-0.112702,-0.131455,-0.060037,1.026701,-0.241518,1.029015,0.167254,0.219596,-0.047296,-0.063910,0.012830,1.076525,0.077950,-0.008697,-0.118636
13.300000,0.286187,-0.262596,0.990705,0.052249,0.299522,-0.003224,-0.468608,-0.033717,1.050146,0.197646,0.135109,-0.096158,-1.072694,0.176354,1.056962,-0.108731,-0.146600,-0.061227,1.029985,-0.236993,1.028065,0.161089,0.233012,-0.047636,-0.062347,0.012650,1.074140,0.078382,-0.009290,-0.119868
13.320000,0.287251,-0.256544,0.990698,0.054095,0.305598,0.002545,-0.464675,-0.031091,1.048305,0.195650,0.127505,-0.087908,-1.074826,0.173269,1.055725,-0.104413,-0.161968,-0.062427,1.033144,-0.232196,1.027109,0.154772,0.246696,-0.047990,-0.060775,0.012459,1.071731,0.078783,-0.009900,-0.121096
13.340000,0.288350,-0.250375,0.990808,0.055840,0.311307,0.008438,-0.460782,-0.028617,1.046630,0.193576,0.119885,-0.079498,-1.076869,0.169874,1.054465,-0.099778,-0.177478,-0.063612,1.036175,-0.227124,1.026146,0.148302,0.260553,-0.048351,-0.059196,0.012254,1.069296,0.079135,-0.010517,-0.122310
13.360000,0.289484,-0.244094,0.991037,0.057481,0.316649,0.014458,-0.456932,-0.026295,1.045126,0.191425,0.112247,-0.070929,-1.078815,0.166168,1.053181,-0.094827,-0.193129,-0.064782,1.039075,-0.221772,1.025175,0.141680,0.274584,-0.048718,-0.057610,0.012038,1.066838,0.079439,-0.011141,-0.123509
13.380000,0.290649,-0.237711,0.991387,0.059021,0.321625,0.020602,-0.453126,-0.024127,1.043794,0.189195,0.104591,-0.062202,-1.080660,0.162148,1.051874,-0.089559,-0.208922,-0.065938,1.041841,-0.216139,1.024197,0.134905,0.288787,-0.049091,-0.056018,0.011809,1.064356,0.079695,-0.011772,-0.124694
13.400000,0.291844,-0.231232,0.991862,0.060458,0.326233,0.026872,-0.449365,-0.022112,1.042639,0.186888,0.096919,-0.053315,-1.082396,0.157811,1.050543,-0.083975,-0.224858,-0.067079,1.044470,-0.210220,1.023211,0.127978,0.303165,-0.049470,-0.054422,0.011567,1.061851,0.079902,-0.012410,-0.125864
13.420000,0.293066,-0.224664,0.992462,0.061762,0.330482,0.033203,-0.445651,-0.020250,1.041662,0.184504,0.089240,-0.044351,-1.084017,0.153154,1.049191,-0.078108,-0.240842,-0.068180,1.046959,-0.204012,1.022218,0.120896,0.317612,-0.049846,-0.052823,0.011312,1.059322,0.080046,-0.013041,-0.127006
13.440000,0.294313,-0.218015,0.993190,0.062902,0.334377,0.039530,-0.441985,-0.018542,1.040865,0.182044,0.081563,-0.035393,-1.085518,0.148177,1.047817,-0.071994,-0.256783,-0.069218,1.049305,-0.197516,1.021218,0.113658,0.332026,-0.050211,-0.051221,0.011045,1.056771,0.080111,-0.013654,-0.128107
13.460000,0.295581,-0.211291,0.994043,0.063878,0.337918,0.045854,-0.438369,-0.016988,1.040246,0.179510,0.073888,-0.026440,-1.086895,0.142883,1.046422,-0.065631,-0.272682,-0.070193,1.051504,-0.190731,1.020210,0.106265,0.346407,-0.050565,-0.049619,0.010766,1.054198,0.080097,-0.014249,-0.129166
13.480000,0.296867,-0.204501,0.995024,0.064690,0.341106,0.052175,-0.434805,-0.015587,1.039807,0.176900,0.066217,-0.017493,-1.088142,0.137270,1.045009,-0.059021,-0.288537,-0.071105,1.053554,-0.183659,1.019195,0.098715,0.360755,-0.050907,-0.048018,0.010476,1.051604,0.080004,-0.014824,-0.130184
13.500000,0.298168,-0.197650,0.996130,0.065337,0.343941,0.058492,-0.431294,-0.014339,1.039547,0.174215,0.058548,-0.008551,-1.089254,0.131341,1.043579,-0.052162,-0.304349,-0.071953,1.055452,-0.176301,1.018174,0.091010,0.375071,-0.051238,-0.046419,0.010174,1.048991,0.079831,-0.015381,-0.131160
13.520000,0.299480,-0.190745,0.997363,0.065791,0.346447,0.064743,-0.427837,-0.013245,1.039465,0.171463,0.050883,0.000303,-1.090227,0.125097,1.042132,-0.045093,-0.320031,-0.072721,1.057194,-0.168657,1.017146,0.083161,0.389261,-0.051547,-0.044825,0.009861,1.046358,0.079573,-0.015912,-0.132068
13.540000,0.300798,-0.183794,0.998719,0.066022,0.348650,0.070865,-0.424436,-0.012304,1.039558,0.168652,0.043224,0.008987,-1.091057,0.118542,1.040670,-0.037853,-0.335496,-0.073392,1.058777,-0.160732,1.016112,0.075180,0.403235,-0.051827,-0.043237,0.009537,1.043709,0.079220,-0.016410,-0.132880
13.560000,0.302119,-0.176801,1.000197,0.066029,0.350549,0.076858,-0.421091,-0.011516,1.039823,0.165784,0.035571,0.017502,-1.091740,0.111679,1.039197,-0.030441,-0.350745,-0.073967,1.060200,-0.152530,1.015073,0.067068,0.416992,-0.052077,-0.041657,0.009204,1.041044,0.078774,-0.016875,-0.133597
13.580000,0.303438,-0.169774,1.001793,0.065813,0.352146,0.082722,-0.417805,-0.010881,1.040257,0.162857,0.027924,0.025847,-1.092273,0.104513,1.037712,-0.022857,-0.365776,-0.074446,1.061459,-0.144054,1.014029,0.058824,0.430532,-0.052296,-0.040086,0.008862,1.038365,0.078235,-0.017308,-0.134219
13.600000,0.304750,-0.162717,1.003505,0.065373,0.353439,0.088458,-0.414577,-0.010399,1.040856,0.159872,0.020282,0.034023,-1.092653,0.097049,1.036220,-0.015102,-0.380590,-0.074827,1.062552,-0.135310,1.012981,0.050450,0.443856,-0.052485,-0.038528,0.008512,1.035676,0.077601,-0.017708,-0.134746
13.620000,0.306051,-0.155638,1.005330,0.064697,0.354460,0.094003,-0.411410,-0.010069,1.041616,0.156849,0.012645,0.041945,-1.092876,0.089292,1.034720,-0.007206,-0.395103,-0.075103,1.063476,-0.126302,1.011930,0.041961,0.456882,-0.052634,-0.036983,0.008154,1.032976,0.076866,-0.018069,-0.135147
13.640000,0.307336,-0.148541,1.007263,0.063774,0.355237,0.099296,-0.408304,-0.009893,1.042531,0.153811,0.005011,0.049529,-1.092941,0.081248,1.033216,0.000800,-0.409234,-0.075262,1.064230,-0.117037,1.010876,0.033377,0.469531,-0.052730,-0.035454,0.007790,1.030271,0.076021,-0.018388,-0.135392
13.660000,0.308600,-0.141430,1.009300,0.062602,0.355772,0.104338,-0.405258,-0.009869,1.043595,0.150758,-0.002620,0.056776,-1.092844,0.072925,1.031710,0.008917,-0.422982,-0.075304,1.064811,-0.107523,1.009821,0.024698,0.481803,-0.052775,-0.033943,0.007419,1.027562,0.075066,-0.018664,-0.135482
13.680000,0.309839,-0.134311,1.011435,0.061183,0.356063,0.109128,-0.402273,-0.009998,1.044800,0.147688,-0.010248,0.063685,-1.092583,0.064331,1.030205,0.017142,-0.436347,-0.075230,1.065217,-0.097767,1.008766,0.015922,0.493696,-0.052767,-0.032452,0.007044,1.024853,0.074002,-0.018896,-0.135415
13.700000,0.311046,-0.127189,1.013663,0.059516,0.356112,0.113666,-0.399350,-0.010279,1.046140,0.144603,-0.017873,0.070256,-1.092157,0.055473,1.028702,0.025478,-0.449329,-0.075040,1.065447,-0.087778,1.007711,0.007052,0.505212,-0.052708,-0.030984,0.006664,1.022146,0.072828,-0.019085,-0.135193
13.720000,0.312218,-0.120068,1.015980,0.057607,0.355947,0.117895,-0.396489,-0.010713,1.047607,0.141531,-0.025490,0.076406,-1.091564,0.046361,1.027204,0.033892,-0.461863,-0.074731,1.065499,-0.077562,1.006658,-0.001884,0.516286,-0.052587,-0.029540,0.006280,1.019446,0.071552,-0.019229,-0.134790
13.740000,0.313349,-0.112952,1.018377,0.055465,0.355601,0.121757,-0.393689,-0.011298,1.049193,0.138504,-0.033094,0.082050,-1.090801,0.037002,1.025713,0.042351,-0.473884,-0.074301,1.065371,-0.067130,1.005608,-0.010856,0.526854,-0.052394,-0.028122,0.005895,1.016756,0.070182,-0.019324,-0.134178
13.760000,0.314435,-0.105845,1.020848,0.053088,0.355072,0.125252,-0.390949,-0.012036,1.050886,0.135520,-0.040686,0.087190,-1.089869,0.027409,1.024233,0.050856,-0.485393,-0.073750,1.065064,-0.056491,1.004562,-0.019863,0.536914,-0.052130,-0.026733,0.005508,1.014080,0.068719,-0.019370,-0.133360
13.780000,0.315471,-0.098751,1.023384,0.050476,0.354361,0.128380,-0.388268,-0.012926,1.052677,0.132580,-0.048265,0.091824,-1.088767,0.017590,1.022764,0.059407,-0.496388,-0.073079,1.064577,-0.045656,1.003523,-0.028905,0.546468,-0.051793,-0.025374,0.005120,1.011423,0.067161,-0.019367,-0.132334
13.800000,0.316452,-0.091672,1.025980,0.047631,0.353468,0.131141,-0.385645,-0.013967,1.054556,0.129683,-0.055832,0.095952,-1.087493,0.007557,1.021310,0.068003,-0.506870,-0.072287,1.063908,-0.034636,1.002491,-0.037982,0.555514,-0.051385,-0.024047,0.004733,1.008788,0.065509,-0.019316,-0.131100
13.820000,0.317375,-0.084613,1.028627,0.044577,0.352417,0.133480,-0.383080,-0.015159,1.056511,0.126863,-0.063370,0.099507,-1.086046,-0.002681,1.019874,0.076619,-0.516792,-0.071377,1.063057,-0.023439,1.001468,-0.047057,0.564019,-0.050896,-0.022754,0.004348,1.006180,0.063773,-0.019216,-0.129644
13.840000,0.318234,-0.077576,1.031316,0.041341,0.351234,0.135344,-0.380570,-0.016501,1.058532,0.124151,-0.070861,0.102420,-1.084428,-0.013111,1.018456,0.085231,-0.526106,-0.070353,1.062026,-0.012079,1.000456,-0.056090,0.571946,-0.050318,-0.021497,0.003965,1.003604,0.061960,-0.019068,-0.127951
13.860000,0.319027,-0.070565,1.034038,0.037922,0.349920,0.136733,-0.378113,-0.017993,1.060604,0.121547,-0.078305,0.104690,-1.082637,-0.023721,1.017060,0.093837,-0.534812,-0.069213,1.060814,-0.000565,0.999456,-0.065081,0.579296,-0.049649,-0.020276,0.003586,1.001064,0.060072,-0.018872,-0.126020
13.880000,0.319750,-0.063581,1.036782,0.034320,0.348474,0.137647,-0.375708,-0.019633,1.062715,0.119051,-0.085704,0.106318,-1.080674,-0.034499,1.015688,0.102437,-0.542910,-0.067958,1.059423,0.011089,0.998470,-0.074030,0.586068,-0.048892,-0.019094,0.003211,0.998565,0.058109,-0.018626,-0.123851
13.900000,0.320399,-0.056627,1.039541,0.030536,0.346896,0.138085,-0.373351,-0.021421,1.064852,0.116663,-0.093056,0.107304,-1.078540,-0.045434,1.014343,0.111033,-0.550400,-0.066589,1.057853,0.022873,0.997501,-0.082938,0.592263,-0.048044,-0.017952,0.002841,0.996112,0.056069,-0.018333,-0.121445
13.920000,0.320970,-0.049705,1.042302,0.026617,0.345202,0.138015,-0.371040,-0.023355,1.067003,0.114407,-0.100332,0.107628,-1.076233,-0.056511,1.013025,0.119598,-0.557270,-0.065112,1.056106,0.034776,0.996549,-0.091785,0.597860,-0.047104,-0.016852,0.002478,0.993709,0.053971,-0.017993,-0.118800
13.940000,0.321463,-0.042819,1.045058,0.022608,0.343410,0.137404,-0.368773,-0.025433,1.069153,0.112307,-0.107503,0.107269,-1.073756,-0.067720,1.011739,0.128105,-0.563506,-0.063536,1.054182,0.046784,0.995617,-0.100549,0.602842,-0.046067,-0.015794,0.002121,0.991361,0.051831,-0.017608,-0.115915
13.960000,0.321874,-0.035970,1.047795,0.018510,0.341518,0.136253,-0.366547,-0.027654,1.071289,0.110363,-0.114570,0.106228,-1.071110,-0.079047,1.010485,0.136555,-0.569108,-0.061861,1.052084,0.058885,0.994707,-0.109232,0.607208,-0.044934,-0.014779,0.001774,0.989074,0.049650,-0.017179,-0.112789
13.980000,0.322202,-0.029159,1.050504,0.014323,0.339527,0.134560,-0.364358,-0.030015,1.073397,0.108574,-0.121531,0.104506,-1.068294,-0.090480,1.009265,0.144948,-0.574077,-0.060086,1.049814,0.071068,0.993821,-0.117833,0.610958,-0.043705,-0.013808,0.001435,0.986851,0.047427,-0.016705,-0.109423
14.000000,0.322446,-0.022389,1.053174,0.010048,0.337437,0.132327,-0.362203,-0.032515,1.075465,0.106941,-0.128387,0.102101,-1.065312,-0.102006,1.008082,0.153283,-0.578413,-0.058212,1.047372,0.083319,0.992960,-0.126353,0.614091,-0.042380,-0.012882,0.001106,0.984698,0.045163,-0.016186,-0.105816
14.020000,0.322604,-0.015662,1.055794,0.005722,0.335257,0.129549,-0.360079,-0.035150,1.077477,0.105471,-0.135106,0.099047,-1.062164,-0.113613,1.006937,0.161552,-0.582116,-0.056252,1.044760,0.095628,0.992126,-0.134771,0.616617,-0.040962,-0.012002,0.000787,0.982620,0.042874,-0.015628,-0.101983
14.040000,0.322675,-0.008980,1.058352,0.001386,0.332996,0.126225,-0.357983,-0.037918,1.079422,0.104171,-0.141657,0.095377,-1.058850,-0.125287,1.005832,0.169745,-0.585188,-0.054221,1.041982,0.107980,0.991322,-0.143069,0.618543,-0.039456,-0.011167,0.000481,0.980620,0.040575,-0.015036,-0.097935
14.060000,0.322659,-0.002343,1.060839,-0.002960,0.330654,0.122353,-0.355911,-0.040815,1.081288,0.103041,-0.148038,0.091091,-1.055374,-0.137016,1.004769,0.177862,-0.587628,-0.052118,1.039038,0.120365,0.990548,-0.151245,0.619869,-0.037862,-0.010379,0.000186,0.978704,0.038268,-0.014410,-0.093674
14.080000,0.322557,0.004246,1.063243,-0.007317,0.328231,0.117933,-0.353860,-0.043838,1.083062,0.102081,-0.154251,0.086188,-1.051736,-0.148788,1.003748,0.185904,-0.589436,-0.049942,1.035933,0.132771,0.989808,-0.159301,0.620596,-0.036179,-0.009637,-0.000095,0.976875,0.035951,-0.013749,-0.089199
14.100000,0.322367,0.010786,1.065553,-0.011684,0.325728,0.112967,-0.351827,-0.046984,1.084732,0.101292,-0.160296,0.080669,-1.047939,-0.160589,1.002772,0.193870,-0.590613,-0.047696,1.032667,0.145185,0.989102,-0.167236,0.620723,-0.034408,-0.008941,-0.000364,0.975138,0.033625,-0.013055,-0.084510
14.120000,0.322089,0.017275,1.067758,-0.016030,0.323148,0.107489,-0.349807,-0.050249,1.086285,0.100670,-0.166141,0.074605,-1.043982,-0.172408,1.001841,0.201749,-0.591185,-0.045394,1.029244,0.157596,0.988432,-0.175047,0.620272,-0.032561,-0.008292,-0.000617,0.973496,0.031303,-0.012332,-0.079627
14.140000,0.321726,0.023711,1.069849,-0.020321,0.320500,0.101535,-0.347799,-0.053628,1.087713,0.100211,-0.171758,0.068068,-1.039869,-0.184233,1.000956,0.209529,-0.591179,-0.043054,1.025666,0.169992,0.987800,-0.182733,0.619268,-0.030648,-0.007689,-0.000857,0.971954,0.028999,-0.011587,-0.074569
14.160000,0.321277,0.030094,1.071816,-0.024557,0.317781,0.095104,-0.345798,-0.057118,1.089005,0.099917,-0.177147,0.061057,-1.035602,-0.196051,1.000119,0.217211,-0.590596,-0.040676,1.021935,0.182363,0.987207,-0.190291,0.617709,-0.028672,-0.007132,-0.001081,0.970514,0.026712,-0.010820,-0.069336
14.180000,0.320744,0.036422,1.073650,-0.028740,0.314993,0.088198,-0.343801,-0.060713,1.090152,0.099787,-0.182307,0.053574,-1.031182,-0.207853,0.999329,0.224794,-0.589435,-0.038260,1.018055,0.194697,0.986653,-0.197724,0.615596,-0.026630,-0.006620,-0.001289,0.969181,0.024444,-0.010032,-0.063929
14.200000,0.320128,0.042693,1.075341,-0.032867,0.312135,0.080815,-0.341805,-0.064408,1.091144,0.099821,-0.187239,0.045617,-1.026611,-0.219625,0.998589,0.232279,-0.587697,-0.035806,1.014027,0.206983,0.986142,-0.205030,0.612928,-0.024524,-0.006154,-0.001482,0.967958,0.022193,-0.009221,-0.058347
14.220000,0.319430,0.048907,1.076880,-0.036922,0.309214,0.073025,-0.339807,-0.068200,1.091974,0.100013,-0.191921,0.037279,-1.021891,-0.231357,0.997897,0.239671,-0.585419,-0.033329,1.009855,0.219211,0.985673,-0.212212,0.609744,-0.022373,-0.005732,-0.001658,0.966848,0.019969,-0.008395,-0.052616
14.240000,0.318651,0.055062,1.078260,-0.040884,0.306237,0.064898,-0.337804,-0.072083,1.092634,0.100359,-0.196330,0.028651,-1.017024,-0.243038,0.997255,0.246974,-0.582640,-0.030843,1.005540,0.231370,0.985247,-0.219270,0.606081,-0.020194,-0.005355,-0.001818,0.965854,0.017782,-0.007559,-0.046763
14.260000,0.317795,0.061156,1.079473,-0.044756,0.303203,0.056433,-0.335792,-0.076052,1.093118,0.100859,-0.200467,0.019732,-1.012013,-0.254659,0.996664,0.254189,-0.579361,-0.028347,1.001085,0.243451,0.984865,-0.226204,0.601939,-0.017988,-0.005021,-0.001960,0.964979,0.015632,-0.006714,-0.040787
14.280000,0.316862,0.067189,1.080515,-0.048535,0.300112,0.047631,-0.333768,-0.080100,1.093421,0.101512,-0.204333,0.010525,-1.006857,-0.266209,0.996122,0.261316,-0.575580,-0.025843,0.996492,0.255444,0.984528,-0.233015,0.597318,-0.015756,-0.004729,-0.002086,0.964224,0.013518,-0.005859,-0.034688
14.300000,0.315854,0.073160,1.081376,-0.052223,0.296965,0.038491,-0.331730,-0.084223,1.093537,0.102319,-0.207926,0.001027,-1.001561,-0.277679,0.995630,0.268355,-0.571298,-0.023329,0.991765,0.267340,0.984235,-0.239702,0.592218,-0.013496,-0.004480,-0.002195,0.963592,0.011442,-0.004996,-0.028466
14.320000,0.314774,0.079068,1.082053,-0.055817,0.293770,0.029102,-0.329674,-0.088416,1.093461,0.103272,-0.211242,-0.008662,-0.996124,-0.289058,0.995188,0.275316,-0.566568,-0.020821,0.986905,0.279130,0.983988,-0.246290,0.586682,-0.011229,-0.004271,-0.002286,0.963086,0.009407,-0.004129,-0.022155
14.340000,0.313622,0.084911,1.082539,-0.059316,0.290532,0.019553,-0.327598,-0.092671,1.093190,0.104363,-0.214275,-0.018443,-0.990548,-0.300339,0.994797,0.282210,-0.561442,-0.018330,0.981914,0.290805,0.983786,-0.252804,0.580754,-0.008972,-0.004103,-0.002360,0.962706,0.007418,-0.003264,-0.015791
14.360000,0.312402,0.090689,1.082834,-0.062719,0.287254,0.009844,-0.325499,-0.096985,1.092722,0.105593,-0.217026,-0.028316,-0.984836,-0.311513,0.994455,0.289036,-0.555920,-0.015858,0.976793,0.302357,0.983629,-0.259243,0.574434,-0.006727,-0.003974,-0.002417,0.962454,0.005477,-0.002403,-0.009372
14.380000,0.311114,0.096401,1.082932,-0.066027,0.283933,-0.000025,-0.323374,-0.101350,1.092057,0.106961,-0.219494,-0.038281,-0.978987,-0.322573,0.994163,0.295796,-0.550002,-0.013404,0.971545,0.313780,0.983517,-0.265608,0.567723,-0.004492,-0.003884,-0.002456,0.962332,0.003583,-0.001544,-0.002899
14.400000,0.309761,0.102046,1.082832,-0.069240,0.280572,-0.010054,-0.321220,-0.105763,1.091191,0.108467,-0.221679,-0.048339,-0.973004,-0.333511,0.993919,0.302487,-0.543689,-0.010969,0.966169,0.325064,0.983449,-0.271899,0.560618,-0.002269,-0.003831,-0.002478,0.962339,0.001736,-0.000688,0.003629
14.420000,0.308345,0.107623,1.082530,-0.072369,0.277173,-0.020149,-0.319034,-0.110216,1.090123,0.110104,-0.223587,-0.058396,-0.966888,-0.344318,0.993724,0.309130,-0.537025,-0.008566,0.960669,0.336202,0.983426,-0.278152,0.553174,-0.000074,-0.003814,-0.002484,0.962477,-0.000065,0.000158,0.010169
14.440000,0.306867,0.113132,1.082026,-0.075428,0.273743,-0.030217,-0.316815,-0.114704,1.088855,0.111863,-0.225225,-0.068361,-0.960639,-0.354990,0.993576,0.315742,-0.530058,-0.006207,0.955043,0.347189,0.983446,-0.284406,0.545443,0.002076,-0.003833,-0.002472,0.962745,-0.001818,0.000990,0.016680
14.460000,0.305328,0.118573,1.081321,-0.078416,0.270282,-0.040258,-0.314559,-0.119223,1.087389,0.113744,-0.226592,-0.078233,-0.954259,-0.365519,0.993475,0.322322,-0.522787,-0.003894,0.949293,0.358018,0.983509,-0.290661,0.537423,0.004180,-0.003886,-0.002444,0.963144,-0.003524,0.001806,0.023161
14.480000,0.303731,0.123943,1.080416,-0.081332,0.266788,-0.050271,-0.312264,-0.123766,1.085727,0.115748,-0.227688,-0.088014,-0.947747,-0.375899,0.993420,0.328872,-0.515212,-0.001626,0.943417,0.368684,0.983613,-0.296915,0.529116,0.006239,-0.003973,-0.002400,0.963672,-0.005182,0.002608,0.029614
14.500000,0.302075,0.129244,1.079310,-0.084178,0.263263,-0.060257,-0.309928,-0.128329,1.083869,0.117875,-0.228514,-0.097701,-0.941104,-0.386125,0.993410,0.335391,-0.507333,0.000597,0.937416,0.379181,0.983758,-0.303171,0.520521,0.008252,-0.004093,-0.002340,0.964328,-0.006794,0.003394,0.036038
14.520000,0.300364,0.134474,1.078006,-0.086968,0.259712,-0.070130,-0.307548,-0.132905,1.081820,0.120116,-0.229079,-0.107216,-0.934331,-0.396191,0.993443,0.341890,-0.499191,0.002764,0.931290,0.389503,0.983943,-0.309463,0.511683,0.010208,-0.004245,-0.002264,0.965113,-0.008360,0.004160,0.042386
14.540000,0.298597,0.139632,1.076507,-0.089719,0.256139,-0.079802,-0.305123,-0.137490,1.079582,0.122464,-0.229393,-0.116476,-0.927429,-0.406091,0.993520,0.348379,-0.490825,0.004868,0.925037,0.399647,0.984166,-0.315829,0.502648,0.012094,-0.004427,-0.002174,0.966023,-0.009883,0.004904,0.048613
14.560000,0.296775,0.144719,1.074815,-0.092429,0.252545,-0.089274,-0.302649,-0.142079,1.077162,0.124920,-0.229456,-0.125482,-0.920396,-0.415822,0.993638,0.354860,-0.482235,0.006906,0.918656,0.409608,0.984426,-0.322269,0.493415,0.013912,-0.004640,-0.002068,0.967056,-0.011364,0.005623,0.054717
14.580000,0.294900,0.149734,1.072937,-0.095100,0.248930,-0.098546,-0.300125,-0.146667,1.074565,0.127482,-0.229267,-0.134234,-0.913234,-0.425379,0.993796,0.361330,-0.473421,0.008880,0.912146,0.419382,0.984722,-0.328782,0.483985,0.015660,-0.004882,-0.001949,0.968211,-0.012802,0.006320,0.060700
14.600000,0.292972,0.154676,1.070875,-0.097731,0.245294,-0.107617,-0.297549,-0.151248,1.071795,0.130152,-0.228828,-0.142732,-0.905943,-0.434758,0.993992,0.367792,-0.464384,0.010790,0.905504,0.428966,0.985052,-0.335368,0.474356,0.017338,-0.005152,-0.001816,0.969484,-0.014197,0.006993,0.066561
14.620000,0.290991,0.159546,1.068634,-0.100344,0.241637,-0.116417,-0.294919,-0.155818,1.068858,0.132910,-0.228163,-0.150907,-0.898522,-0.443953,0.994227,0.374263,-0.455168,0.012626,0.898730,0.438355,0.985415,-0.342061,0.464575,0.018941,-0.005449,-0.001669,0.970872,-0.015550,0.007638,0.072255
14.640000,0.288958,0.164342,1.066221,-0.102961,0.237962,-0.124874,-0.292232,-0.160373,1.065761,0.135740,-0.227299,-0.158692,-0.890972,-0.452964,0.994497,0.380763,-0.445815,0.014382,0.891821,0.447548,0.985809,-0.348893,0.454684,0.020462,-0.005773,-0.001510,0.972372,-0.016859,0.008250,0.077735
14.660000,0.286873,0.169064,1.063641,-0.105582,0.234269,-0.132988,-0.289489,-0.164909,1.062513,0.138640,-0.226234,-0.166086,-0.883292,-0.461785,0.994801,0.387293,-0.436328,0.016056,0.884774,0.456542,0.986233,-0.355863,0.444684,0.021901,-0.006123,-0.001340,0.973980,-0.018125,0.008828,0.083001
14.680000,0.284735,0.173712,1.060903,-0.108208,0.230557,-0.140759,-0.286686,-0.169421,1.059120,0.141611,-0.224969,-0.173090,-0.875480,-0.470416,0.995139,0.393852,-0.426705,0.017649,0.877586,0.465335,0.986684,-0.362972,0.434575,0.023259,-0.006498,-0.001157,0.975691,-0.019349,0.009374,0.088054
14.700000,0.282544,0.178286,1.058013,-0.110837,0.226826,-0.148187,-0.283824,-0.173906,1.055592,0.144653,-0.223503,-0.179703,-0.867537,-0.478852,0.995507,0.400439,-0.416946,0.019161,0.870254,0.473924,0.987162,-0.370219,0.424357,0.024534,-0.006897,-0.000965,0.977501,-0.020529,0.009886,0.092894
14.720000,0.280301,0.182785,1.054978,-0.113485,0.223088,-0.155220,-0.280900,-0.178360,1.051935,0.147760,-0.221858,-0.185871,-0.859462,-0.487093,0.995904,0.407087,-0.407097,0.020584,0.862776,0.482308,0.987665,-0.377630,0.414074,0.025725,-0.007319,-0.000762,0.979405,-0.021665,0.010355,0.097478
14.740000,0.278005,0.187210,1.051807,-0.116165,0.219354,-0.161805,-0.277913,-0.182779,1.048160,0.150925,-0.220052,-0.191540,-0.851253,-0.495136,0.996330,0.413827,-0.397202,0.021912,0.855147,0.490487,0.988191,-0.385232,0.403771,0.026828,-0.007763,-0.000551,0.981398,-0.022756,0.010773,0.101764
14.760000,0.275654,0.191559,1.048509,-0.118878,0.215623,-0.167943,-0.274862,-0.187161,1.044277,0.154150,-0.218086,-0.196709,-0.842909,-0.502981,0.996780,0.420657,-0.387262,0.023145,0.847365,0.498459,0.988738,-0.393022,0.393449,0.027846,-0.008229,-0.000332,0.983474,-0.023802,0.011140,0.105751
14.780000,0.273249,0.195835,1.045093,-0.121622,0.211896,-0.173634,-0.271746,-0.191502,1.040295,0.157432,-0.215959,-0.201380,-0.834426,-0.510626,0.997255,0.427579,-0.377276,0.024283,0.839425,0.506225,0.989304,-0.401002,0.383107,0.028776,-0.008715,-0.000106,0.985626,-0.024803,0.011454,0.109441
14.800000,0.270789,0.200035,1.041567,-0.124399,0.208173,-0.178878,-0.268564,-0.195798,1.036225,0.160774,-0.213671,-0.205550,-0.825805,-0.518071,0.997751,0.434593,-0.367245,0.025325,0.831324,0.513783,0.989888,-0.409172,0.372744,0.029620,-0.009221,0.000126,0.987849,-0.025759,0.011717,0.112832
14.820000,0.268273,0.204162,1.037941,-0.127229,0.204459,-0.183636,-0.265315,-0.200048,1.032077,0.164161,-0.211251,-0.209178,-0.817042,-0.525316,0.998267,0.441742,-0.357211,0.026265,0.823057,0.521135,0.990488,-0.417549,0.362407,0.030376,-0.009745,0.000363,0.990137,-0.026649,0.011934,0.115891
14.840000,0.265699,0.208214,1.034225,-0.130132,0.200760,-0.187872,-0.261998,-0.204248,1.027862,0.167581,-0.208724,-0.212217,-0.808134,-0.532360,0.998801,0.449071,-0.347217,0.027099,0.814620,0.528280,0.991103,-0.426148,0.352139,0.031044,-0.010286,0.000603,0.992482,-0.027453,0.012113,0.118581
14.860000,0.263067,0.212192,1.030429,-0.133109,0.197076,-0.191584,-0.258612,-0.208396,1.023592,0.171034,-0.206091,-0.214668,-0.799078,-0.539205,0.999350,0.456581,-0.337263,0.027824,0.806010,0.535221,0.991729,-0.434971,0.341940,0.031625,-0.010843,0.000847,0.994878,-0.028170,0.012253,0.120903
14.880000,0.260375,0.216097,1.026565,-0.136160,0.193407,-0.194773,-0.255156,-0.212491,1.019279,0.174520,-0.203351,-0.216532,-0.789870,-0.545851,0.999913,0.464271,-0.327349,0.028443,0.797220,0.541958,0.992367,-0.444018,0.331811,0.032119,-0.011412,0.001093,0.997316,-0.028801,0.012354,0.122857
14.900000,0.257620,0.219929,1.022642,-0.139284,0.189753,-0.197440,-0.251631,-0.216529,1.014935,0.178038,-0.200506,-0.217807,-0.780506,-0.552299,1.000487,0.472141,-0.317475,0.028953,0.788247,0.548494,0.993014,-0.453287,0.321751,0.032524,-0.011994,0.001341,0.999790,-0.029345,0.012416,0.124443
14.920000,0.254803,0.223687,1.018671,-0.142492,0.186122,-0.199558,-0.248035,-0.220510,1.010571,0.181580,-0.197572,-0.218473,-0.770982,-0.558550,1.001070,0.480224,-0.307682,0.029354,0.779087,0.554829,0.993667,-0.462794,0.311803,0.032842,-0.012586,0.001589,1.002291,-0.029793,0.012436,0.125636
14.940000,0.251920,0.227374,1.014663,-0.145796,0.182522,-0.201105,-0.244367,-0.224432,1.006200,0.185136,-0.194568,-0.218506,-0.761295,-0.564607,1.001661,0.488551,-0.298013,0.029641,0.769734,0.560967,0.994327,-0.472549,0.302009,0.033072,-0.013185,0.001838,1.004812,-0.030137,0.012409,0.126411
14.960000,0.248970,0.230988,1.010631,-0.149195,0.178954,-0.202078,-0.240629,-0.228293,1.001835,0.188706,-0.191494,-0.217907,-0.751439,-0.570472,1.002255,0.497122,-0.288467,0.029815,0.760183,0.566910,0.994990,-0.482554,0.292369,0.033215,-0.013790,0.002085,1.007345,-0.030375,0.012335,0.126770
14.980000,0.245951,0.234532,1.006584,-0.152690,0.175417,-0.202480,-0.236819,-0.232091,0.997488,0.192289,-0.188349,-0.216676,-0.741409,-0.576147,1.002852,0.505938,-0.279045,0.029877,0.750430,0.572662,0.995655,-0.492809,0.282883,0.033270,-0.014399,0.002331,1.009880,-0.030508,0.012215,0.126711
15.000000,0.242862,0.238005,1.002535,-0.156280,0.171912,-0.202309,-0.232937,-0.235826,0.993172,0.195887,-0.185133,-0.214812,-0.731200,-0.581634,1.003450,0.514998,-0.269746,0.029825,0.740469,0.578227,0.996320,-0.503313,0.273551,0.033238,-0.015010,0.002574,1.012410,-0.030535,0.012048,0.126235
15.020000,0.239700,0.241409,0.998496,-0.159959,0.168443,-0.201557,-0.228984,-0.239496,0.988900,0.199490,-0.181857,-0.212324,-0.720807,-0.586938,1.004045,0.524307,-0.260597,0.029663,0.730296,0.583606,0.996984,-0.514059,0.264400,0.033119,-0.015620,0.002813,1.014927,-0.030449,0.011843,0.125334
15.040000,0.236463,0.244743,0.994477,-0.163722,0.165016,-0.200217,-0.224958,-0.243100,0.984683,0.203092,-0.178528,-0.209219,-0.710226,-0.592060,1.004636,0.533872,-0.251627,0.029396,0.719905,0.588804,0.997644,-0.525042,0.255456,0.032916,-0.016227,0.003047,1.017421,-0.030238,0.011607,0.124001
15.060000,0.233150,0.248010,0.990491,-0.167568,0.161630,-0.198287,-0.220860,-0.246637,0.980535,0.206692,-0.175148,-0.205498,-0.699451,-0.597004,1.005220,0.543690,-0.242835,0.029024,0.709293,0.593825,0.998300,-0.536260,0.246718,0.032629,-0.016829,0.003277,1.019884,-0.029904,0.011339,0.122236
15.080000,0.229760,0.251209,0.986549,-0.171498,0.158286,-0.195770,-0.216690,-0.250106,0.976467,0.210290,-0.171715,-0.201160,-0.688476,-0.601774,1.005796,0.553764,-0.234221,0.028545,0.698453,0.598674,0.998949,-0.547714,0.238188,0.032257,-0.017422,0.003501,1.022308,-0.029446,0.011041,0.120038
15.100000,0.226290,0.254341,0.982664,-0.175511,0.154983,-0.192663,-0.212448,-0.253505,0.972493,0.213885,-0.168231,-0.196205,-0.677298,-0.606374,1.006361,0.564092,-0.225785,0.027961,0.687383,0.603354,0.999589,-0.559404,0.229864,0.031801,-0.018006,0.003718,1.024683,-0.028864,0.010712,0.117409
15.120000,0.222739,0.257408,0.978847,-0.179577,0.151721,-0.188983,-0.208135,-0.256834,0.968623,0.217468,-0.164702,-0.190675,-0.665911,-0.610807,1.006914,0.574665,-0.217546,0.027281,0.676076,0.607870,1.000220,-0.571302,0.221761,0.031264,-0.018576,0.003929,1.027001,-0.028156,0.010363,0.114361
15.140000,0.219107,0.260410,0.975109,-0.183664,0.148497,-0.184744,-0.203750,-0.260093,0.964869,0.221026,-0.161136,-0.184609,-0.654310,-0.615077,1.007452,0.585471,-0.209523,0.026515,0.664529,0.612226,1.000840,-0.583382,0.213892,0.030650,-0.019131,0.004133,1.029254,-0.027319,0.010004,0.110911
15.160000,0.215392,0.263348,0.971461,-0.187774,0.145313,-0.179946,-0.199294,-0.263280,0.961242,0.224560,-0.157533,-0.178008,-0.642491,-0.619189,1.007974,0.596512,-0.201717,0.025663,0.652739,0.616427,1.001446,-0.595643,0.206257,0.029958,-0.019668,0.004329,1.031435,-0.026354,0.009636,0.107058
15.180000,0.211595,0.266223,0.967914,-0.191905,0.142168,-0.174590,-0.194768,-0.266394,0.957752,0.228068,-0.153892,-0.170871,-0.630448,-0.623147,1.008478,0.607788,-0.194126,0.024726,0.640702,0.620478,1.002037,-0.608086,0.198856,0.029190,-0.020184,0.004518,1.033534,-0.025260,0.009259,0.102802
15.200000,0.207716,0.269035,0.964481,-0.196059,0.139062,-0.168676,-0.190171,-0.269435,0.954411,0.231553,-0.150215,-0.163199,-0.618178,-0.626956,1.008962,0.619297,-0.186751,0.023703,0.628415,0.624383,1.002613,-0.620711,0.191689,0.028343,-0.020678,0.004699,1.035544,-0.024037,0.008873,0.098143
15.220000,0.203753,0.271786,0.961171,-0.200206,0.135995,-0.162239,-0.185506,-0.272402,0.951228,0.235000,-0.146505,-0.155056,-0.605675,-0.630619,1.009425,0.631007,-0.179600,0.022608,0.615873,0.628147,1.003171,-0.633473,0.184755,0.027427,-0.021145,0.004873,1.037457,-0.022692,0.008485,0.093116
15.240000,0.199708,0.274475,0.957994,-0.204317,0.132965,-0.155316,-0.180772,-0.275295,0.948211,0.238397,-0.142769,-0.146507,-0.592936,-0.634141,1.009866,0.642883,-0.172680,0.021457,0.603075,0.631775,1.003709,-0.646328,0.178055,0.026448,-0.021585,0.005039,1.039267,-0.021231,0.008103,0.087756
15.260000,0.195581,0.277105,0.954961,-0.208392,0.129974,-0.147906,-0.175970,-0.278113,0.945370,0.241744,-0.139007,-0.137552,-0.579958,-0.637528,1.010283,0.654925,-0.165990,0.020248,0.590019,0.635271,1.004228,-0.659277,0.171589,0.025405,-0.021994,0.005197,1.040965,-0.019654,0.007726,0.082064
15.280000,0.191372,0.279675,0.952081,-0.212432,0.127021,-0.140009,-0.171102,-0.280855,0.942712,0.245041,-0.135217,-0.128191,-0.566738,-0.640782,1.010676,0.667133,-0.159532,0.018982,0.576704,0.638640,1.004725,-0.672320,0.165356,0.024299,-0.022370,0.005348,1.042547,-0.017962,0.007355,0.076039
15.300000,0.187084,0.282186,0.949364,-0.216435,0.124106,-0.131626,-0.166169,-0.283521,0.940245,0.248288,-0.131401,-0.118423,-0.553272,-0.643910,1.011042,0.679507,-0.153305,0.017659,0.563126,0.641887,1.005200,-0.685455,0.159356,0.023130,-0.022711,0.005491,1.044005,-0.016153,0.006990,0.069681
15.320000,0.182715,0.284639,0.946819,-0.220375,0.121219,-0.122817,-0.161171,-0.286111,0.937977,0.251474,-0.127559,-0.108326,-0.539557,-0.646916,1.011382,0.691975,-0.147299,0.016295,0.549285,0.645016,1.005650,-0.698613,0.153574,0.021906,-0.023015,0.005628,1.045332,-0.014242,0.006634,0.063040
15.340000,0.178269,0.287035,0.944454,-0.224220,0.118351,-0.113641,-0.156110,-0.288624,0.935914,0.254586,-0.123692,-0.097976,-0.525593,-0.649804,1.011694,0.704466,-0.141507,0.014909,0.535182,0.648031,1.006076,-0.711721,0.147996,0.020637,-0.023280,0.005757,1.046525,-0.012243,0.006293,0.056166
15.360000,0.173747,0.289373,0.942276,-0.227972,0.115501,-0.104098,-0.150988,-0.291059,0.934060,0.257624,-0.119799,-0.087374,-0.511378,-0.652578,1.011978,0.716979,-0.135928,0.013499,0.520817,0.650937,1.006475,-0.724780,0.142620,0.019322,-0.023504,0.005879,1.047577,-0.010154,0.005965,0.049058
15.380000,0.169151,0.291655,0.940293,-0.231630,0.112670,-0.094188,-0.145806,-0.293415,0.932420,0.260590,-0.115881,-0.076519,-0.496913,-0.655242,1.012233,0.729514,-0.130562,0.012065,0.506191,0.653737,1.006848,-0.737788,0.137448,0.017961,-0.023686,0.005996,1.048486,-0.007977,0.005652,0.041717
15.400000,0.164483,0.293880,0.938511,-0.235194,0.109858,-0.083912,-0.140565,-0.295694,0.931001,0.263481,-0.111937,-0.065412,-0.482198,-0.657802,1.012460,0.742071,-0.125410,0.010608,0.491305,0.656436,1.007193,-0.750748,0.132478,0.016554,-0.023823,0.006106,1.049245,-0.005712,0.005352,0.034143
15.420000,0.159744,0.296049,0.936938,-0.238640,0.107047,-0.073354,-0.135267,-0.297893,0.929805,0.266289,-0.107964,-0.054132,-0.467231,-0.660260,1.012658,0.754562,-0.120452,0.009144,0.476162,0.659038,1.007510,-0.763574,0.127689,0.015113,-0.023914,0.006210,1.049850,-0.003374,0.005070,0.026393
15.440000,0.154938,0.298162,0.935578,-0.241946,0.104218,-0.062598,-0.129914,-0.300012,0.928836,0.269002,-0.103959,-0.042758,-0.452016,-0.662621,1.012826,0.766897,-0.115670,0.007688,0.460764,0.661545,1.007798,-0.776185,0.123059,0.013648,-0.023958,0.006308,1.050299,-0.000982,0.004809,0.018527
15.460000,0.150067,0.300218,0.934435,-0.245110,0.101371,-0.051647,-0.124508,-0.302051,0.928095,0.271621,-0.099921,-0.031290,-0.436556,-0.664888,1.012965,0.779077,-0.111064,0.006241,0.445116,0.663961,1.008056,-0.788580,0.118587,0.012160,-0.023953,0.006402,1.050590,0.001464,0.004569,0.010543
15.480000,0.145135,0.302217,0.933514,-0.248133,0.098507,-0.040498,-0.119050,-0.304009,0.927585,0.274146,-0.095851,-0.019728,-0.420854,-0.667065,1.013076,0.791101,-0.106635,0.004803,0.429222,0.666289,1.008284,-0.800760,0.114275,0.010648,-0.023899,0.006491,1.050720,0.003965,0.004350,0.002443
15.500000,0.140143,0.304158,0.932817,-0.251014,0.095626,-0.029152,-0.113543,-0.305885,0.927307,0.276576,-0.091747,-0.008073,-0.404913,-0.669155,1.013158,0.802970,-0.102381,0.003374,0.413087,0.668533,1.008482,-0.812724,0.110121,0.009113,-0.023794,0.006576,1.050687,0.006520,0.004153,-0.005774
15.520000,0.135095,0.306041,0.932348,-0.253740,0.092705,-0.017710,-0.107988,-0.307678,0.927262,0.278907,-0.087602,0.003590,-0.388737,-0.671161,1.013211,0.814592,-0.098280,0.001967,0.396715,0.670695,1.008648,-0.824389,0.106100,0.007566,-0.023638,0.006658,1.050489,0.009111,0.003986,-0.014047
15.540000,0.129994,0.307866,0.932108,-0.256296,0.089725,-0.006274,-0.102387,-0.309388,0.927450,0.281132,-0.083405,0.015174,-0.372332,-0.673087,1.013236,0.825879,-0.094307,0.000595,0.380114,0.672778,1.008784,-0.835671,0.102188,0.006019,-0.023429,0.006736,1.050125,0.011720,0.003861,-0.022314
15.560000,0.124844,0.309630,0.932097,-0.258681,0.086684,0.005156,-0.096743,-0.311014,0.927869,0.283253,-0.079157,0.026678,-0.355704,-0.674934,1.013235,0.836830,-0.090463,-0.000741,0.363291,0.674783,1.008889,-0.846570,0.098383,0.004472,-0.023169,0.006812,1.049597,0.014346,0.003776,-0.030575
15.580000,0.119648,0.311333,0.932315,-0.260897,0.083582,0.016581,-0.091058,-0.312554,0.928517,0.285268,-0.074858,0.038103,-0.338861,-0.676706,1.013207,0.847445,-0.086746,-0.002042,0.346254,0.676714,1.008963,-0.857087,0.094686,0.002925,-0.022855,0.006887,1.048902,0.016989,0.003733,-0.038831
15.600000,0.114410,0.312973,0.932760,-0.262942,0.080421,0.028000,-0.085333,-0.314008,0.929392,0.287179,-0.070507,0.049448,-0.321809,-0.678405,1.013153,0.857725,-0.083158,-0.003308,0.329010,0.678571,1.009006,-0.867220,0.091097,0.001379,-0.022489,0.006962,1.048043,0.019650,0.003730,-0.047081
15.620000,0.109132,0.314549,0.933434,-0.264814,0.077181,0.039313,-0.079571,-0.315374,0.930493,0.288982,-0.066104,0.060627,-0.304555,-0.680033,1.013075,0.867589,-0.079676,-0.004529,0.311568,0.680358,1.009018,-0.876897,0.087591,-0.000156,-0.022069,0.007037,1.047020,0.022306,0.003765,-0.055261
15.640000,0.103818,0.316060,0.934332,-0.266511,0.073847,0.050417,-0.073774,-0.316652,0.931816,0.290674,-0.061646,0.071552,-0.287108,-0.681592,1.012973,0.876960,-0.076275,-0.005696,0.293938,0.682075,1.009000,-0.886041,0.084141,-0.001668,-0.021597,0.007113,1.045834,0.024937,0.003835,-0.063307
15.660000,0.098472,0.317502,0.935449,-0.268032,0.070419,0.061314,-0.067945,-0.317840,0.933354,0.292257,-0.057135,0.082224,-0.269479,-0.683085,1.012848,0.885837,-0.072955,-0.006808,0.276130,0.683724,1.008952,-0.894654,0.080749,-0.003155,-0.021072,0.007190,1.044488,0.027542,0.003939,-0.071221
15.680000,0.093098,0.318876,0.936783,-0.269378,0.066895,0.072003,-0.062085,-0.318937,0.935103,0.293730,-0.052569,0.092641,-0.251678,-0.684511,1.012701,0.894221,-0.069718,-0.007865,0.258155,0.685306,1.008874,-0.902734,0.077414,-0.004619,-0.020495,0.007271,1.042986,0.030122,0.004077,-0.079000
15.700000,0.087699,0.320178,0.938328,-0.270549,0.063277,0.082485,-0.056196,-0.319942,0.937058,0.295093,-0.047949,0.102805,-0.233714,-0.685874,1.012533,0.902112,-0.066562,-0.008869,0.240024,0.686821,1.008767,-0.910283,0.074135,-0.006060,-0.019867,0.007354,1.041329,0.032675,0.004251,-0.086646
15.720000,0.082277,0.321406,0.940080,-0.271552,0.059564,0.092672,-0.050282,-0.320855,0.939213,0.296341,-0.043275,0.112638,-0.215597,-0.687174,1.012346,0.909457,-0.063466,-0.009813,0.221748,0.688271,1.008632,-0.917251,0.070891,-0.007469,-0.019189,0.007441,1.039521,0.035179,0.004457,-0.094096
15.740000,0.076838,0.322559,0.942032,-0.272394,0.055759,0.102481,-0.044344,-0.321673,0.941561,0.297471,-0.038545,0.122066,-0.197340,-0.688413,1.012141,0.916203,-0.060405,-0.010692,0.203338,0.689657,1.008469,-0.923593,0.067657,-0.008840,-0.018461,0.007532,1.037567,0.037610,0.004693,-0.101287
15.760000,0.071383,0.323636,0.944177,-0.273076,0.051861,0.111909,-0.038384,-0.322396,0.944093,0.298482,-0.033759,0.131087,-0.178953,-0.689590,1.011919,0.922351,-0.057381,-0.011508,0.184808,0.690978,1.008278,-0.929308,0.064434,-0.010171,-0.017685,0.007629,1.035472,0.039967,0.004961,-0.108219
15.780000,0.065916,0.324633,0.946506,-0.273598,0.047869,0.120958,-0.032405,-0.323023,0.946801,0.299374,-0.028918,0.139703,-0.160450,-0.690708,1.011681,0.927900,-0.054393,-0.012259,0.166170,0.692234,1.008062,-0.934395,0.061221,-0.011463,-0.016863,0.007731,1.033240,0.042250,0.005259,-0.114892
15.800000,0.060440,0.325550,0.949013,-0.273960,0.043785,0.129628,-0.026410,-0.323552,0.949678,0.300149,-0.024021,0.147913,-0.141841,-0.691766,1.011429,0.932851,-0.051441,-0.012946,0.147436,0.693427,1.007820,-0.938856,0.058020,-0.012716,-0.015995,0.007839,1.030878,0.044460,0.005588,-0.121306
15.820000,0.054958,0.326384,0.951688,-0.274179,0.039609,0.137854,-0.020400,-0.323983,0.952715,0.300798,-0.019086,0.155655,-0.123140,-0.692766,1.011164,0.937185,-0.048489,-0.013569,0.128620,0.694555,1.007554,-0.942679,0.054803,-0.013925,-0.015085,0.007955,1.028390,0.046573,0.005938,-0.127402
15.840000,0.049473,0.327134,0.954523,-0.274275,0.035346,0.145572,-0.014379,-0.324316,0.955901,0.301317,-0.014130,0.162870,-0.104358,-0.693706,1.010887,0.940882,-0.045501,-0.014128,0.109734,0.695619,1.007264,-0.945854,0.051548,-0.015086,-0.014133,0.008077,1.025784,0.048566,0.006300,-0.133122
15.860000,0.043988,0.327797,0.957508,-0.274247,0.030994,0.152781,-0.008348,-0.324548,0.959226,0.301705,-0.009153,0.169556,-0.085509,-0.694586,1.010599,0.943943,-0.042478,-0.014625,0.090790,0.696617,1.006951,-0.948382,0.048254,-0.016199,-0.013143,0.008207,1.023068,0.050440,0.006674,-0.138465
15.880000,0.038504,0.328373,0.960631,-0.274095,0.026553,0.159483,-0.002311,-0.324682,0.962680,0.301962,-0.004154,0.175713,-0.066605,-0.695405,1.010302,0.946367,-0.039419,-0.015059,0.071803,0.697549,1.006616,-0.950261,0.044921,-0.017263,-0.012116,0.008344,1.020248,0.052193,0.007059,-0.143431
15.900000,0.033025,0.328859,0.963884,-0.273818,0.022024,0.165676,0.003729,-0.324715,0.966251,0.302089,0.000865,0.181342,-0.047658,-0.696162,1.009997,0.948155,-0.036324,-0.015429,0.052784,0.698413,1.006260,-0.951492,0.041549,-0.018279,-0.011056,0.008489,1.017333,0.053826,0.007456,-0.148021
15.920000,0.027552,0.329253,0.967255,-0.273445,0.017422,0.171315,0.009771,-0.324647,0.969929,0.302077,0.005892,0.186395,-0.028682,-0.696857,1.009686,0.949316,-0.033159,-0.015740,0.033747,0.699210,1.005885,-0.952100,0.038109,-0.019243,-0.009964,0.008642,1.014330,0.055319,0.007845,-0.152184
15.940000,0.022088,0.329555,0.970732,-0.273000,0.012763,0.176350,0.015812,-0.324479,0.973703,0.301919,0.010913,0.190823,-0.009690,-0.697488,1.009368,0.949859,-0.029888,-0.015995,0.014704,0.699937,1.005491,-0.952108,0.034573,-0.020152,-0.008844,0.008803,1.011249,0.056651,0.008207,-0.155867
15.960000,0.016633,0.329764,0.974305,-0.272485,0.008046,0.180784,0.021847,-0.324210,0.977558,0.301615,0.015929,0.194627,0.009308,-0.698052,1.009046,0.949784,-0.026512,-0.016194,-0.004333,0.700592,1.005079,-0.951517,0.030941,-0.021007,-0.007699,0.008970,1.008098,0.057822,0.008540,-0.159072
15.980000,0.011189,0.329877,0.977960,-0.271898,0.003272,0.184614,0.027875,-0.323842,0.981484,0.301165,0.020938,0.197806,0.028298,-0.698547,1.008721,0.949091,-0.023031,-0.016338,-0.023353,0.701174,1.004651,-0.950326,0.027213,-0.021806,-0.006533,0.009144,1.004889,0.058831,0.008845,-0.161799
16.000000,0.005757,0.329894,0.981685,-0.271241,-0.001560,0.187843,0.033893,-0.323373,0.985466,0.300568,0.025942,0.200360,0.047267,-0.698972,1.008393,0.947781,-0.019444,-0.016425,-0.042342,0.701680,1.004208,-0.948536,0.023389,-0.022550,-0.005347,0.009324,1.001630,0.059680,0.009122,-0.164047
16.020000,0.000339,0.329814,0.985469,-0.270539,-0.006436,0.190439,0.039897,-0.322804,0.989494,0.299823,0.030916,0.202261,0.066205,-0.699324,1.008064,0.945880,-0.015713,-0.016463,-0.061290,0.702109,1.003750,-0.946196,0.019432,-0.023235,-0.004147,0.009509,0.998330,0.060351,0.009361,-0.165780
16.040000,-0.005064,0.329636,0.989298,-0.269819,-0.011345,0.192372,0.045885,-0.322137,0.993552,0.298927,0.035834,0.203479,0.085099,-0.699600,1.007735,0.943418,-0.011800,-0.016455,-0.080187,0.702456,1.003279,-0.943354,0.015306,-0.023857,-0.002934,0.009698,0.995002,0.060827,0.009551,-0.166962
16.060000,-0.010453,0.329360,0.993160,-0.269082,-0.016287,0.193644,0.051853,-0.321371,0.997628,0.297880,0.040698,0.204015,0.103938,-0.699795,1.007406,0.940394,-0.007706,-0.016402,-0.099021,0.702720,1.002796,-0.940011,0.011009,-0.024415,-0.001715,0.009890,0.991656,0.061109,0.009692,-0.167592
16.080000,-0.015827,0.328985,0.997040,-0.268328,-0.021262,0.194254,0.057799,-0.320509,1.001708,0.296682,0.045507,0.203868,0.122711,-0.699907,1.007079,0.936808,-0.003428,-0.016303,-0.117784,0.702896,1.002302,-0.936167,0.006543,-0.024911,-0.000491,0.010085,0.988302,0.061197,0.009783,-0.167672
16.100000,-0.021186,0.328509,1.000925,-0.267556,-0.026268,0.194202,0.063719,-0.319551,1.005778,0.295333,0.050262,0.203038,0.141406,-0.699931,1.006754,0.932661,0.001031,-0.016160,-0.136465,0.702980,1.001800,-0.931821,0.001908,-0.025344,0.000732,0.010281,0.984953,0.061090,0.009826,-0.167200
16.120000,-0.026530,0.327934,1.004803,-0.266787,-0.031292,0.193481,0.069611,-0.318499,1.009825,0.293834,0.054938,0.201525,0.160014,-0.699864,1.006433,0.927993,0.005706,-0.015977,-0.155054,0.702971,1.001289,-0.927027,-0.002930,-0.025707,0.001951,0.010478,0.981618,0.060785,0.009800,-0.166166
16.140000,-0.031858,0.327258,1.008660,-0.266041,-0.036318,0.192085,0.075472,-0.317355,1.013835,0.292187,0.059513,0.199328,0.178523,-0.699701,1.006115,0.922847,0.010629,-0.015762,-0.173543,0.702862,1.000772,-0.921837,-0.008002,-0.025994,0.003162,0.010673,0.978310,0.060282,0.009689,-0.164559
16.160000,-0.037171,0.326481,1.012482,-0.265319,-0.041344,0.190013,0.081298,-0.316119,1.017794,0.290390,0.063987,0.196447,0.196924,-0.699437,1.005803,0.917222,0.015802,-0.015512,-0.191925,0.702649,1.000250,-0.916250,-0.013308,-0.026204,0.004361,0.010865,0.975039,0.059578,0.009491,-0.162378
16.180000,-0.042471,0.325604,1.016256,-0.264621,-0.046372,0.187267,0.087086,-0.314796,1.021688,0.288445,0.068359,0.192883,0.215209,-0.699067,1.005495,0.911118,0.021223,-0.015229,-0.210190,0.702328,0.999724,-0.910267,-0.018848,-0.026339,0.005544,0.011052,0.971818,0.058675,0.009206,-0.159624
16.200000,-0.047756,0.324626,1.019968,-0.263947,-0.051402,0.183845,0.092834,-0.313386,1.025505,0.286351,0.072630,0.188635,0.233366,-0.698587,1.005194,0.904535,0.026893,-0.014913,-0.228333,0.701893,0.999197,-0.903887,-0.024623,-0.026398,0.006707,0.011233,0.968658,0.057572,0.008835,-0.156297
16.220000,-0.053029,0.323548,1.023606,-0.263308,-0.056417,0.179771,0.098539,-0.311891,1.029229,0.284112,0.076782,0.183737,0.251387,-0.697990,1.004899,0.897520,0.032840,-0.014569,-0.246344,0.701341,0.998669,-0.897164,-0.030664,-0.026375,0.007845,0.011405,0.965570,0.056279,0.008366,-0.152415
16.240000,-0.058289,0.322370,1.027155,-0.262718,-0.061402,0.175068,0.104198,-0.310315,1.032850,0.281735,0.080798,0.178222,0.269264,-0.697271,1.004611,0.890119,0.039092,-0.014203,-0.264217,0.700665,0.998142,-0.890149,-0.037002,-0.026265,0.008956,0.011566,0.962565,0.054808,0.007788,-0.147996
16.260000,-0.063538,0.321092,1.030604,-0.262175,-0.066357,0.169737,0.109808,-0.308660,1.036354,0.279218,0.084677,0.172090,0.286989,-0.696424,1.004331,0.882332,0.045650,-0.013815,-0.281948,0.699859,0.997619,-0.882842,-0.043637,-0.026068,0.010036,0.011715,0.959654,0.053157,0.007101,-0.143041
16.280000,-0.068776,0.319716,1.033940,-0.261681,-0.071283,0.163777,0.115366,-0.306929,1.039729,0.276563,0.088420,0.165342,0.304555,-0.695443,1.004059,0.874159,0.052513,-0.013404,-0.299529,0.698917,0.997100,-0.875244,-0.050570,-0.025785,0.011082,0.011850,0.956847,0.051327,0.006305,-0.137549
16.300000,-0.074005,0.318241,1.037151,-0.261234,-0.076178,0.157188,0.120869,-0.305124,1.042964,0.273768,0.092026,0.157978,0.321953,-0.694322,1.003795,0.865600,0.059682,-0.012970,-0.316955,0.697834,0.996588,-0.867353,-0.057799,-0.025415,0.012088,0.011967,0.954156,0.049318,0.005400,-0.131521
16.320000,-0.079226,0.316669,1.040224,-0.260836,-0.081036,0.150026,0.126316,-0.303249,1.046045,0.270842,0.095487,0.150063,0.339177,-0.693054,1.003540,0.856693,0.067172,-0.012519,-0.334221,0.696603,0.996084,-0.859219,-0.065349,-0.024953,0.013053,0.012065,0.951590,0.047151,0.004384,-0.125004
16.340000,-0.084439,0.315000,1.043149,-0.260487,-0.085849,0.142345,0.131702,-0.301306,1.048963,0.267794,0.098796,0.141667,0.356219,-0.691632,1.003294,0.847476,0.075002,-0.012053,-0.351323,0.695218,0.995591,-0.850887,-0.073243,-0.024394,0.013973,0.012142,0.949158,0.044847,0.003257,-0.118045
16.360000,-0.089646,0.313235,1.045914,-0.260188,-0.090616,0.134146,0.137027,-0.299298,1.051708,0.264623,0.101952,0.132788,0.373074,-0.690051,1.003058,0.837948,0.083170,-0.011573,-0.368256,0.693671,0.995109,-0.842358,-0.081481,-0.023739,0.014846,0.012195,0.946871,0.042405,0.002018,-0.110645
16.380000,-0.094847,0.311376,1.048511,-0.259938,-0.095339,0.125429,0.142286,-0.297229,1.054271,0.261329,0.104955,0.123426,0.389735,-0.688303,1.002831,0.828110,0.091677,-0.011078,-0.385016,0.691956,0.994642,-0.833631,-0.090063,-0.022986,0.015669,0.012222,0.944735,0.039826,0.000667,-0.102802
16.400000,-0.100044,0.309422,1.050928,-0.259737,-0.100017,0.116193,0.147479,-0.295101,1.056642,0.257912,0.107806,0.113582,0.406196,-0.686382,1.002615,0.817962,0.100523,-0.010569,-0.401600,0.690066,0.994190,-0.824707,-0.098989,-0.022136,0.016438,0.012220,0.942762,0.037110,-0.000796,-0.094518
16.420000,-0.105237,0.307375,1.053156,-0.259574,-0.104651,0.106519,0.152602,-0.292918,1.058812,0.254381,0.110506,0.103352,0.422451,-0.684280,1.002409,0.807541,0.109712,-0.010050,-0.418003,0.687995,0.993757,-0.815615,-0.108257,-0.021185,0.017152,0.012189,0.940957,0.034283,-0.002362,-0.085862
16.440000,-0.110427,0.305236,1.055186,-0.259437,-0.109240,0.096490,0.157653,-0.290682,1.060774,0.250744,0.113058,0.092834,0.438496,-0.681991,1.002213,0.796883,0.119250,-0.009527,-0.434223,0.685734,0.993344,-0.806381,-0.117864,-0.020131,0.017809,0.012125,0.939329,0.031371,-0.004023,-0.076905
16.460000,-0.115615,0.303006,1.057013,-0.259326,-0.113786,0.086103,0.162631,-0.288396,1.062523,0.247001,0.115462,0.082026,0.454325,-0.679508,1.002028,0.785990,0.129137,-0.008998,-0.450257,0.683278,0.992952,-0.797007,-0.127813,-0.018971,0.018407,0.012027,0.937883,0.028374,-0.005780,-0.067646
16.480000,-0.120800,0.300685,1.058628,-0.259241,-0.118287,0.075361,0.167533,-0.286064,1.064053,0.243152,0.117719,0.070929,0.469934,-0.676823,1.001853,0.774860,0.139373,-0.008464,-0.466103,0.680619,0.992585,-0.787493,-0.138101,-0.017708,0.018943,0.011894,0.936625,0.025293,-0.007631,-0.058086
16.500000,-0.125984,0.298275,1.060025,-0.259182,-0.122745,0.064261,0.172356,-0.283689,1.065359,0.239196,0.119827,0.059544,0.485318,-0.673931,1.001689,0.763495,0.149958,-0.007926,-0.481756,0.677751,0.992245,-0.777838,-0.148729,-0.016340,0.019418,0.011722,0.935562,0.022126,-0.009578,-0.048224
16.520000,-0.131167,0.295775,1.061197,-0.259128,-0.127162,0.052901,0.177100,-0.281272,1.066434,0.235137,0.121807,0.047972,0.500472,-0.670823,1.001536,0.751928,0.160881,-0.007387,-0.497215,0.674668,0.991932,-0.768062,-0.159686,-0.014874,0.019828,0.011510,0.934698,0.018903,-0.011604,-0.038145
16.540000,-0.136349,0.293188,1.062140,-0.259059,-0.131541,0.041374,0.181761,-0.278817,1.067277,0.230979,0.123677,0.036318,0.515394,-0.667493,1.001394,0.740195,0.172133,-0.006852,-0.512478,0.671362,0.991650,-0.758184,-0.170959,-0.013317,0.020174,0.011257,0.934037,0.015651,-0.013694,-0.027932
16.560000,-0.141530,0.290514,1.062851,-0.258974,-0.135884,0.029681,0.186338,-0.276326,1.067886,0.226722,0.125439,0.024580,0.530079,-0.663935,1.001262,0.728296,0.183713,-0.006321,-0.527542,0.667827,0.991400,-0.748205,-0.182548,-0.011669,0.020454,0.010962,0.933581,0.012370,-0.015848,-0.017585
16.580000,-0.146708,0.287753,1.063326,-0.258874,-0.140190,0.017821,0.190829,-0.273800,1.068260,0.222365,0.127091,0.012758,0.544525,-0.660142,1.001141,0.716230,0.195622,-0.005793,-0.542405,0.664058,0.991184,-0.738123,-0.194453,-0.009928,0.020668,0.010623,0.933334,0.009060,-0.018065,-0.007104
16.600000,-0.151885,0.284907,1.063562,-0.258759,-0.144458,0.005795,0.195232,-0.271243,1.068396,0.217908,0.128635,0.000853,0.558727,-0.656108,1.001030,0.703998,0.207860,-0.005270,-0.557066,0.660047,0.991004,-0.727940,-0.206675,-0.008096,0.020816,0.010239,0.933298,0.005720,-0.020346,0.003511
16.620000,-0.157058,0.281975,1.063557,-0.258602,-0.148692,-0.006299,0.199545,-0.268655,1.068294,0.213359,0.130095,-0.011035,0.572684,-0.651826,1.000930,0.691634,0.220398,-0.004755,-0.571522,0.655789,0.990861,-0.717665,-0.219182,-0.006192,0.020897,0.009809,0.933475,0.002378,-0.022668,0.014175
16.640000,-0.162228,0.278959,1.063311,-0.258377,-0.152894,-0.018362,0.203766,-0.266039,1.067955,0.208725,0.131498,-0.022809,0.586392,-0.647290,1.000840,0.679173,0.233207,-0.004251,-0.585772,0.651278,0.990757,-0.707307,-0.231944,-0.004233,0.020911,0.009332,0.933865,-0.000941,-0.025010,0.024802
16.660000,-0.167393,0.275860,1.062823,-0.258084,-0.157065,-0.030395,0.207894,-0.263396,1.067382,0.204006,0.132844,-0.034469,0.599850,-0.642496,1.000760,0.666614,0.246287,-0.003759,-0.599814,0.646510,0.990692,-0.696865,-0.244959,-0.002221,0.020860,0.008808,0.934467,-0.004236,-0.027373,0.035393
16.680000,-0.172551,0.272677,1.062095,-0.257724,-0.161204,-0.042398,0.211926,-0.260726,1.066577,0.199203,0.134132,-0.046013,0.613056,-0.637437,1.000689,0.653958,0.259638,-0.003278,-0.613646,0.641478,0.990668,-0.686340,-0.258229,-0.000155,0.020742,0.008237,0.935280,-0.007508,-0.029755,0.045948
16.700000,-0.177701,0.269412,1.061127,-0.257295,-0.165312,-0.054371,0.215861,-0.258031,1.065542,0.194315,0.135363,-0.057442,0.626008,-0.632109,1.000629,0.641205,0.273261,-0.002809,-0.627267,0.636179,0.990686,-0.675732,-0.271753,0.001965,0.020559,0.007618,0.936305,-0.010756,-0.032158,0.056466
16.720000,-0.182842,0.266065,1.059921,-0.256774,-0.169386,-0.066222,0.219698,-0.255312,1.064281,0.189357,0.136562,-0.068670,0.638704,-0.626505,1.000577,0.628393,0.287104,-0.002353,-0.640675,0.630607,0.990747,-0.665042,-0.285482,0.004109,0.020312,0.006950,0.937538,-0.013954,-0.034558,0.066864
16.740000,-0.187972,0.262636,1.058480,-0.256135,-0.173425,-0.077861,0.223435,-0.252569,1.062798,0.184346,0.137756,-0.079609,0.651143,-0.620623,1.000534,0.615559,0.301116,-0.001912,-0.653868,0.624758,0.990850,-0.654275,-0.299365,0.006247,0.020002,0.006236,0.938978,-0.017076,-0.036932,0.077058
16.760000,-0.193087,0.259128,1.056808,-0.255378,-0.177429,-0.089287,0.227071,-0.249802,1.061098,0.179281,0.138943,-0.090260,0.663326,-0.614459,1.000500,0.602704,0.315298,-0.001487,-0.666845,0.618631,0.990997,-0.643428,-0.313403,0.008380,0.019630,0.005473,0.940619,-0.020121,-0.039280,0.087048
16.780000,-0.198186,0.255539,1.054910,-0.254503,-0.181398,-0.100501,0.230606,-0.247011,1.059189,0.174162,0.140125,-0.100623,0.675251,-0.608010,1.000475,0.589828,0.329650,-0.001077,-0.679605,0.612221,0.991186,-0.632503,-0.327595,0.010507,0.019198,0.004664,0.942458,-0.023090,-0.041604,0.096835
16.800000,-0.203266,0.251872,1.052789,-0.253511,-0.185331,-0.111504,0.234038,-0.244197,1.057075,0.168989,0.141301,-0.110697,0.686919,-0.601272,1.000457,0.576931,0.344170,-0.000682,-0.692145,0.605526,0.991417,-0.621499,-0.341941,0.012628,0.018707,0.003809,0.944491,-0.025982,-0.043901,0.106417
16.820000,-0.208325,0.248127,1.050452,-0.252382,-0.189219,-0.122214,0.237365,-0.241359,1.054764,0.163788,0.142493,-0.120412,0.698329,-0.594243,1.000447,0.564054,0.358792,-0.000304,-0.704464,0.598543,0.991690,-0.610420,-0.356376,0.014716,0.018159,0.002909,0.946713,-0.028777,-0.046146,0.115720
16.840000,-0.213360,0.244304,1.047903,-0.251100,-0.193050,-0.132555,0.240589,-0.238497,1.052262,0.158584,0.143721,-0.129694,0.709482,-0.586920,1.000445,0.551240,0.373447,0.000056,-0.716561,0.591271,0.992005,-0.599271,-0.370832,0.016746,0.017556,0.001964,0.949118,-0.031454,-0.048312,0.124668
16.860000,-0.218368,0.240405,1.045152,-0.249663,-0.196826,-0.142524,0.243709,-0.235610,1.049579,0.153377,0.144987,-0.138545,0.720379,-0.579305,1.000449,0.538489,0.388133,0.000398,-0.728435,0.583710,0.992360,-0.588051,-0.385311,0.018716,0.016902,0.000977,0.951697,-0.034012,-0.050400,0.133261
16.880000,-0.223346,0.236431,1.042205,-0.248072,-0.200545,-0.152124,0.246724,-0.232697,1.046723,0.148166,0.146290,-0.146963,0.731021,-0.571395,1.000461,0.525800,0.402852,0.000721,-0.740083,0.575858,0.992753,-0.576761,-0.399811,0.020628,0.016197,-0.000051,0.954446,-0.036453,-0.052408,0.141499
16.900000,-0.228290,0.232383,1.039069,-0.246327,-0.204208,-0.161353,0.249635,-0.229758,1.043703,0.142953,0.147629,-0.154950,0.741411,-0.563190,1.000478,0.513174,0.417604,0.001027,-0.751505,0.567717,0.993185,-0.565400,-0.414334,0.022481,0.015444,-0.001119,0.957355,-0.038775,-0.054336,0.149382
16.920000,-0.233198,0.228263,1.035754,-0.244408,-0.207807,-0.170141,0.252442,-0.226791,1.040528,0.137765,0.149026,-0.162442,0.751549,-0.554691,1.000502,0.500639,0.432308,0.001314,-0.762698,0.559285,0.993652,-0.553973,-0.428802,0.024252,0.014647,-0.002224,0.960418,-0.040959,-0.056158,0.156844
16.940000,-0.238065,0.224072,1.032267,-0.242295,-0.211336,-0.178417,0.255146,-0.223796,1.037209,0.132632,0.150499,-0.169379,0.761437,-0.545899,1.000531,0.488225,0.446886,0.001583,-0.773663,0.550566,0.994154,-0.542485,-0.443139,0.025921,0.013807,-0.003364,0.963626,-0.042986,-0.057843,0.163819
16.960000,-0.242888,0.219810,1.028620,-0.239988,-0.214794,-0.186182,0.257748,-0.220771,1.033757,0.127554,0.152050,-0.175759,0.771079,-0.536816,1.000565,0.475931,0.461338,0.001832,-0.784397,0.541561,0.994688,-0.530937,-0.457346,0.027486,0.012928,-0.004537,0.966968,-0.044856,-0.059393,0.170307
16.980000,-0.247663,0.215480,1.024823,-0.237487,-0.218181,-0.193435,0.260249,-0.217714,1.030182,0.122532,0.153677,-0.181582,0.780476,-0.527446,1.000604,0.463758,0.475663,0.002062,-0.794900,0.532273,0.995253,-0.519328,-0.471422,0.028948,0.012014,-0.005739,0.970435,-0.046569,-0.060806,0.176307
17.000000,-0.252387,0.211083,1.020886,-0.234793,-0.221498,-0.200177,0.262650,-0.214623,1.026497,0.117564,0.155382,-0.186849,0.789630,-0.517791,1.000647,0.451705,0.489862,0.002274,-0.805170,0.522705,0.995846,-0.507658,-0.485367,0.030307,0.011066,-0.006968,0.974017,-0.048126,-0.062084,0.181821
17.020000,-0.257054,0.206621,1.016820,-0.231897,-0.224737,-0.206345,0.264952,-0.211498,1.022713,0.112681,0.157180,-0.191509,0.798545,-0.507853,1.000695,0.439793,0.503861,0.002466,-0.815206,0.512859,0.996464,-0.495938,-0.499120,0.031550,0.010090,-0.008221,0.977704,-0.049514,-0.063196,0.186793
17.040000,-0.261661,0.202095,1.012637,-0.228790,-0.227891,-0.211874,0.267158,-0.208335,1.018841,0.107910,0.159091,-0.195510,0.807223,-0.497638,1.000746,0.428042,0.517589,0.002641,-0.825007,0.502742,0.997107,-0.484178,-0.512616,0.032666,0.009087,-0.009495,0.981484,-0.050725,-0.064115,0.191171
17.060000,-0.266204,0.197506,1.008349,-0.225473,-0.230960,-0.216766,0.269269,-0.205133,1.014897,0.103252,0.161113,-0.198852,0.815667,-0.487151,1.000800,0.416452,0.531044,0.002798,-0.834573,0.492356,0.997770,-0.472380,-0.525858,0.033653,0.008062,-0.010785,0.985347,-0.051759,-0.064839,0.194954
17.080000,-0.270679,0.192857,1.003970,-0.221946,-0.233944,-0.221021,0.271288,-0.201890,1.010892,0.098707,0.163247,-0.201535,0.823882,-0.476398,1.000858,0.405023,0.544228,0.002936,-0.843902,0.481709,0.998452,-0.460542,-0.538843,0.034513,0.007018,-0.012087,0.989279,-0.052614,-0.065368,0.198142
17.100000,-0.275080,0.188149,0.999513,-0.218208,-0.236843,-0.224637,0.273218,-0.198603,1.006840,0.094274,0.165493,-0.203559,0.831869,-0.465384,1.000917,0.393756,0.557140,0.003056,-0.852995,0.470804,0.999150,-0.448665,-0.551574,0.035244,0.005959,-0.013398,0.993268,-0.053292,-0.065704,0.200736
17.120000,-0.279405,0.183384,0.994990,-0.214256,-0.239656,-0.227567,0.275060,-0.195269,1.002754,0.089976,0.167859,-0.204898,0.839633,-0.454115,1.000980,0.382652,0.569727,0.003160,-0.861849,0.459648,0.999861,-0.436759,-0.563991,0.035840,0.004887,-0.014714,0.997304,-0.053794,-0.065824,0.202702
17.140000,-0.283649,0.178563,0.990415,-0.210088,-0.242381,-0.229761,0.276818,-0.191888,0.998648,0.085836,0.170356,-0.205526,0.847177,-0.442597,1.001044,0.371714,0.581939,0.003248,-0.870465,0.448247,1.000582,-0.424836,-0.576039,0.036292,0.003808,-0.016030,1.001372,-0.054124,-0.065707,0.204009
17.160000,-0.287807,0.173689,0.985804,-0.205703,-0.245018,-0.231218,0.278495,-0.188454,0.994538,0.081853,0.172984,-0.205441,0.854503,-0.430840,1.001109,0.360942,0.593775,0.003320,-0.878842,0.436609,1.001312,-0.412896,-0.587717,0.036601,0.002724,-0.017341,1.005460,-0.054281,-0.065354,0.204656
17.180000,-0.291876,0.168763,0.981171,-0.201100,-0.247569,-0.231940,0.280093,-0.184967,0.990435,0.078027,0.175741,-0.204646,0.861615,-0.418849,1.001176,0.350336,0.605234,0.003377,-0.886980,0.424741,1.002045,-0.400937,-0.599026,0.036765,0.001638,-0.018642,1.009554,-0.054266,-0.064764,0.204643
17.200000,-0.295850,0.163787,0.976531,-0.196280,-0.250031,-0.231925,0.281617,-0.181424,0.986356,0.074358,0.178629,-0.203139,0.868517,-0.406633,1.001244,0.339895,0.616318,0.003419,-0.894879,0.412650,1.002781,-0.388962,-0.609964,0.036786,0.000554,-0.019930,1.013641,-0.054078,-0.063938,0.203970
17.220000,-0.299726,0.158762,0.971899,-0.191254,-0.252405,-0.231157,0.283069,-0.177821,0.982315,0.070857,0.181643,-0.200937,0.875212,-0.394199,1.001313,0.329609,0.626990,0.003446,-0.902539,0.400345,1.003516,-0.376979,-0.620495,0.036666,-0.000524,-0.021198,1.017708,-0.053729,-0.062873,0.202639
17.240000,-0.303499,0.153691,0.967290,-0.186031,-0.254687,-0.229618,0.284452,-0.174157,0.978323,0.067531,0.184777,-0.198057,0.881703,-0.381556,1.001382,0.319463,0.637214,0.003460,-0.909959,0.387834,1.004247,-0.364999,-0.630580,0.036407,-0.001594,-0.022443,1.021742,-0.053230,-0.061566,0.200651
17.260000,-0.307166,0.148575,0.962720,-0.180611,-0.256878,-0.227308,0.285771,-0.170429,0.974397,0.064381,0.188033,-0.194498,0.887992,-0.368713,1.001451,0.309460,0.646990,0.003461,-0.917139,0.375125,1.004971,-0.353021,-0.640219,0.036008,-0.002652,-0.023659,1.025730,-0.052581,-0.060017,0.198007
17.280000,-0.310722,0.143417,0.958203,-0.174994,-0.258978,-0.224227,0.287029,-0.166635,0.970548,0.061408,0.191411,-0.190262,0.894082,-0.355680,1.001521,0.299597,0.656317,0.003448,-0.924080,0.362228,1.005686,-0.341046,-0.649412,0.035471,-0.003696,-0.024842,1.029658,-0.051782,-0.058226,0.194706
17.300000,-0.314164,0.138217,0.953756,-0.169181,-0.260987,-0.220375,0.288229,-0.162772,0.966791,0.058611,0.194909,-0.185348,0.899977,-0.342464,1.001589,0.289876,0.665196,0.003422,-0.930781,0.349151,1.006389,-0.329074,-0.658159,0.034795,-0.004723,-0.025987,1.033514,-0.050833,-0.056194,0.190749
17.320000,-0.317488,0.132978,0.949393,-0.163192,-0.262903,-0.215774,0.289374,-0.158838,0.963138,0.055984,0.198512,-0.179819,0.905678,-0.329075,1.001657,0.280279,0.673611,0.003384,-0.937243,0.335904,1.007077,-0.317112,-0.666446,0.033990,-0.005729,-0.027088,1.037284,-0.049752,-0.053936,0.186176
17.340000,-0.320691,0.127701,0.945130,-0.157049,-0.264723,-0.210445,0.290469,-0.154831,0.959602,0.053522,0.202204,-0.173741,0.911188,-0.315522,1.001725,0.270790,0.681548,0.003334,-0.943465,0.322497,1.007748,-0.305168,-0.674259,0.033067,-0.006712,-0.028143,1.040957,-0.048556,-0.051469,0.181026
17.360000,-0.323769,0.122390,0.940980,-0.150753,-0.266450,-0.204388,0.291516,-0.150749,0.956192,0.051226,0.205983,-0.167112,0.916510,-0.301816,1.001791,0.261409,0.689005,0.003271,-0.949449,0.308937,1.008399,-0.293243,-0.681597,0.032026,-0.007670,-0.029146,1.044521,-0.047247,-0.048793,0.175301
17.380000,-0.326720,0.117044,0.936959,-0.144302,-0.268081,-0.197603,0.292519,-0.146591,0.952921,0.049094,0.209851,-0.159933,0.921645,-0.287965,1.001855,0.252135,0.695983,0.003197,-0.955195,0.295236,1.009028,-0.281336,-0.688461,0.030866,-0.008601,-0.030093,1.047965,-0.045823,-0.045908,0.168998
17.400000,-0.329540,0.111667,0.933081,-0.137698,-0.269617,-0.190091,0.293481,-0.142355,0.949799,0.047127,0.213807,-0.152204,0.926596,-0.273980,1.001918,0.242969,0.702482,0.003111,-0.960703,0.281402,1.009633,-0.269447,-0.694851,0.029588,-0.009502,-0.030980,1.051277,-0.044285,-0.042814,0.162120
17.420000,-0.332227,0.106260,0.929360,-0.130967,-0.271057,-0.181918,0.294405,-0.138038,0.946836,0.045307,0.217827,-0.144019,0.931365,-0.259869,1.001980,0.233888,0.708506,0.003014,-0.965973,0.267445,1.010211,-0.257582,-0.700772,0.028209,-0.010372,-0.031804,1.054447,-0.042654,-0.039542,0.154740
17.440000,-0.334778,0.100825,0.925808,-0.124135,-0.272401,-0.173151,0.295294,-0.133641,0.944040,0.043614,0.221885,-0.135470,0.935952,-0.245643,1.002039,0.224868,0.714057,0.002906,-0.971006,0.253374,1.010761,-0.245746,-0.706230,0.026747,-0.011208,-0.032561,1.057464,-0.040952,-0.036122,0.146933
17.460000,-0.337192,0.095365,0.922438,-0.117204,-0.273649,-0.163791,0.296151,-0.129163,0.941419,0.042049,0.225981,-0.126557,0.940360,-0.231310,1.002096,0.215909,0.719135,0.002787,-0.975803,0.239199,1.011280,-0.233939,-0.711225,0.025202,-0.012009,-0.033248,1.060321,-0.039179,-0.032555,0.138698
17.480000,-0.339466,0.089880,0.919260,-0.110172,-0.274800,-0.153836,0.296977,-0.124602,0.938980,0.040612,0.230115,-0.117282,0.944589,-0.216881,1.002150,0.207011,0.723741,0.002658,-0.980364,0.224928,1.011768,-0.222161,-0.715757,0.023575,-0.012775,-0.033862,1.063009,-0.037335,-0.028840,0.130037
17.500000,-0.341598,0.084373,0.916288,-0.103041,-0.275855,-0.143288,0.297776,-0.119958,0.936731,0.039303,0.234288,-0.107643,0.948641,-0.202364,1.002202,0.198175,0.727875,0.002518,-0.984690,0.210572,1.012223,-0.210412,-0.719826,0.021865,-0.013502,-0.034401,1.065520,-0.035420,-0.024977,0.120949
17.520000,-0.343587,0.078846,0.913532,-0.095834,-0.276814,-0.132248,0.298550,-0.115230,0.934676,0.038092,0.238469,-0.097743,0.952516,-0.187769,1.002251,0.189368,0.731551,0.002369,-0.988781,0.196138,1.012642,-0.198687,-0.723448,0.020093,-0.014191,-0.034861,1.067845,-0.033456,-0.021004,0.111528
17.540000,-0.345431,0.073301,0.911001,-0.088576,-0.277681,-0.120816,0.299300,-0.110419,0.932822,0.036948,0.242628,-0.087686,0.956215,-0.173105,1.002297,0.180559,0.734786,0.002211,-0.992637,0.181637,1.013026,-0.186982,-0.726640,0.018281,-0.014840,-0.035240,1.069979,-0.031465,-0.016959,0.101869
17.560000,-0.347129,0.067740,0.908702,-0.081267,-0.278455,-0.108993,0.300028,-0.105525,0.931170,0.035871,0.246764,-0.077470,0.959739,-0.158380,1.002339,0.171747,0.737580,0.002044,-0.996260,0.167076,1.013373,-0.175298,-0.729401,0.016429,-0.015450,-0.035539,1.071918,-0.029447,-0.012841,0.091971
17.580000,-0.348681,0.062164,0.906644,-0.073908,-0.279135,-0.096779,0.300736,-0.100549,0.929724,0.034861,0.250877,-0.067097,0.963085,-0.143604,1.002379,0.162934,0.739933,0.001869,-0.999649,0.152463,1.013683,-0.163633,-0.731732,0.014537,-0.016018,-0.035754,1.073657,-0.027401,-0.008651,0.081836
17.600000,-0.350085,0.056575,0.904833,-0.066498,-0.279722,-0.084173,0.301423,-0.095490,0.928487,0.033918,0.254968,-0.056565,0.966256,-0.128786,1.002414,0.154117,0.741844,0.001686,-1.002806,0.137809,1.013955,-0.151988,-0.733633,0.012604,-0.016546,-0.035884,1.075190,-0.025329,-0.004389,0.071462
17.620000,-0.351341,0.050975,0.903278,-0.059054,-0.280220,-0.071300,0.302092,-0.090351,0.927462,0.033011,0.259004,-0.045972,0.969250,-0.113934,1.002446,0.145271,0.743320,0.001495,-1.005729,0.123121,1.014187,-0.140354,-0.735114,0.010655,-0.017031,-0.035929,1.076514,-0.023251,-0.000093,0.060948
17.640000,-0.352447,0.045367,0.901982,-0.051596,-0.280630,-0.058283,0.302744,-0.085131,0.926648,0.032106,0.262955,-0.035412,0.972066,-0.099056,1.002474,0.136369,0.744366,0.001300,-1.008420,0.108407,1.014381,-0.128721,-0.736186,0.008711,-0.017476,-0.035888,1.077628,-0.021188,0.004198,0.050394
17.660000,-0.353405,0.039751,0.900948,-0.044123,-0.280954,-0.045121,0.303377,-0.079833,0.926045,0.031204,0.266819,-0.024885,0.974704,-0.084162,1.002498,0.127409,0.744982,0.001099,-1.010878,0.093676,1.014536,-0.117088,-0.736849,0.006772,-0.017879,-0.035761,1.078530,-0.019140,0.008483,0.039799
17.680000,-0.354212,0.034129,0.900179,-0.036635,-0.281191,-0.031815,0.303992,-0.074459,0.925653,0.030305,0.270598,-0.014391,0.977162,-0.069260,1.002518,0.118392,0.745169,0.000893,-1.013103,0.078936,1.014652,-0.105457,-0.737103,0.004838,-0.018241,-0.035549,1.079219,-0.017107,0.012763,0.029163
17.700000,-0.354870,0.028504,0.899676,-0.029132,-0.281342,-0.018365,0.304589,-0.069010,0.925469,0.029408,0.274291,-0.003931,0.979439,-0.054358,1.002534,0.109318,0.744926,0.000682,-1.015096,0.064195,1.014729,-0.093826,-0.736949,0.002909,-0.018563,-0.035251,1.079696,-0.015089,0.017038,0.018486
17.720000,-0.355378,0.022876,0.899444,-0.021625,-0.281408,-0.004894,0.305168,-0.063488,0.925495,0.028484,0.277867,0.006415,0.981534,-0.039465,1.002545,0.100162,0.744267,0.000467,-1.016856,0.049461,1.014768,-0.082178,-0.736393,0.001006,-0.018845,-0.034867,1.079959,-0.013103,0.021272,0.007858
17.740000,-0.355735,0.017248,0.899480,-0.014125,-0.281391,0.008472,0.305728,-0.057896,0.925725,0.027503,0.281296,0.016569,0.983445,-0.024590,1.002552,0.090900,0.743204,0.000251,-1.018383,0.034742,1.014770,-0.070496,-0.735445,-0.000854,-0.019088,-0.034400,1.080011,-0.011166,0.025430,-0.002632
17.760000,-0.355943,0.011621,0.899782,-0.006632,-0.281290,0.021735,0.306268,-0.052237,0.926156,0.026464,0.284577,0.026529,0.985170,-0.009740,1.002555,0.081531,0.741738,0.000033,-1.019676,0.020046,1.014734,-0.058780,-0.734103,-0.002669,-0.019292,-0.033851,1.079855,-0.009279,0.029511,-0.012984
17.780000,-0.356000,0.005997,0.900349,0.000853,-0.281107,0.034894,0.306786,-0.046514,0.926785,0.025367,0.287710,0.036296,0.986706,0.005077,1.002554,0.072056,0.739868,-0.000187,-1.020734,0.005380,1.014663,-0.047029,-0.732368,-0.004441,-0.019459,-0.033220,1.079493,-0.007440,0.033516,-0.023199
17.800000,-0.355908,0.000377,0.901177,0.008331,-0.280841,0.047950,0.307282,-0.040730,0.927607,0.024213,0.290696,0.045870,0.988051,0.019852,1.002548,0.062474,0.737595,-0.000408,-1.021557,-0.009247,1.014557,-0.035244,-0.730240,-0.006168,-0.019590,-0.032511,1.078928,-0.005651,0.037444,-0.033275
17.820000,-0.355667,-0.005236,0.902265,0.015794,-0.280492,0.060794,0.307754,-0.034887,0.928618,0.022976,0.293516,0.055190,0.989204,0.034578,1.002537,0.052765,0.734922,-0.000629,-1.022144,-0.023827,1.014417,-0.023406,-0.727722,-0.007837,-0.019686,-0.031723,1.078163,-0.003931,0.041265,-0.043140
17.840000,-0.355277,-0.010842,0.903607,0.023232,-0.280062,0.073320,0.308200,-0.028990,0.929812,0.021630,0.296151,0.064196,0.990161,0.049247,1.002522,0.042910,0.731855,-0.000848,-1.022493,-0.038353,1.014244,-0.011494,-0.724817,-0.009433,-0.019748,-0.030861,1.077204,-0.002300,0.044948,-0.052723
17.860000,-0.354738,-0.016438,0.905196,0.030646,-0.279551,0.085528,0.308619,-0.023042,0.931183,0.020175,0.298601,0.072889,0.990919,0.063850,1.002503,0.032908,0.728392,-0.001065,-1.022603,-0.052817,1.014040,0.000490,-0.721525,-0.010958,-0.019778,-0.029926,1.076056,-0.000758,0.048493,-0.062023
17.880000,-0.354051,-0.022023,0.907026,0.038036,-0.278958,0.097417,0.309007,-0.017047,0.932726,0.018611,0.300865,0.081268,0.991476,0.078380,1.002480,0.022760,0.724533,-0.001280,-1.022473,-0.067211,1.013806,0.012546,-0.717846,-0.012409,-0.019779,-0.028922,1.074725,0.000694,0.051899,-0.071040
17.900000,-0.353217,-0.027596,0.909091,0.045402,-0.278283,0.108989,0.309362,-0.011009,0.934432,0.016938,0.302944,0.089333,0.991829,0.092828,1.002452,0.012464,0.720280,-0.001493,-1.022100,-0.081528,1.013544,0.024675,-0.713780,-0.013789,-0.019751,-0.027851,1.073216,0.002057,0.055167,-0.079773
17.920000,-0.352235,-0.033154,0.911383,0.052718,-0.277523,0.120160,0.309683,-0.004931,0.936296,0.015146,0.304824,0.097042,0.991974,0.107188,1.002420,0.002007,0.715644,-0.001703,-1.021485,-0.095760,1.013255,0.036889,-0.709336,-0.015089,-0.019697,-0.026716,1.071536,0.003325,0.058273,-0.088171
17.940000,-0.351109,-0.038696,0.913894,0.059961,-0.276674,0.130850,0.309967,0.001183,0.938311,0.013224,0.306488,0.104353,0.991908,0.121452,1.002384,-0.008628,0.710640,-0.001910,-1.020624,-0.109899,1.012941,0.049202,-0.704522,-0.016300,-0.019619,-0.025521,1.069692,0.004489,0.061192,-0.096177
17.960000,-0.349838,-0.044220,0.916614,0.067130,-0.275735,0.141058,0.310211,0.007327,0.940468,0.011171,0.307937,0.111266,0.991627,0.135611,1.002344,-0.019440,0.705266,-0.002113,-1.019516,-0.123938,1.012604,0.061612,-0.699338,-0.017425,-0.019518,-0.024270,1.067692,0.005550,0.063924,-0.103793
17.980000,-0.348424,-0.049725,0.919533,0.074224,-0.274707,0.150784,0.310413,0.013499,0.942759,0.008988,0.309170,0.117782,0.991129,0.149660,1.002300,-0.030429,0.699523,-0.002313,-1.018159,-0.137870,1.012245,0.074121,-0.693784,-0.018461,-0.019397,-0.022966,1.065543,0.006509,0.066469,-0.111018
18.000000,-0.346869,-0.055208,0.922642,0.081245,-0.273590,0.160028,0.310570,0.019693,0.945177,0.006675,0.310189,0.123899,0.990409,0.163590,1.002251,-0.041596,0.693410,-0.002510,-1.016551,-0.151687,1.011866,0.086728,-0.687861,-0.019410,-0.019259,-0.021612,1.063254,0.007364,0.068828,-0.117853
18.020000,-0.345175,-0.060668,0.925930,0.088162,-0.272380,0.168737,0.310679,0.025905,0.947712,0.004227,0.310987,0.129590,0.989464,0.177394,1.002199,-0.052948,0.686949,-0.002702,-1.014689,-0.165382,1.011469,0.099434,-0.681587,-0.020270,-0.019104,-0.020214,1.060832,0.008111,0.070981,-0.124263
18.040000,-0.343343,-0.066103,0.929387,0.094945,-0.271074,0.176858,0.310738,0.032131,0.950357,0.001639,0.311557,0.134826,0.988290,0.191066,1.002143,-0.064492,0.680160,-0.002888,-1.012573,-0.178948,1.011056,0.112241,-0.674980,-0.021041,-0.018935,-0.018775,1.058286,0.008745,0.072910,-0.130214
18.060000,-0.341378,-0.071510,0.933001,0.101594,-0.269672,0.184390,0.310744,0.038365,0.953102,-0.001089,0.311899,0.139607,0.986883,0.204598,1.002084,-0.076230,0.673043,-0.003067,-1.010199,-0.192379,1.010628,0.125149,-0.668041,-0.021723,-0.018755,-0.017299,1.055626,0.009266,0.074615,-0.135707
18.080000,-0.339281,-0.076889,0.936759,0.108109,-0.268175,0.191334,0.310694,0.044605,0.955938,-0.003957,0.312014,0.143934,0.985239,0.217985,1.002021,-0.088161,0.665597,-0.003239,-1.007566,-0.205668,1.010187,0.138157,-0.660770,-0.022316,-0.018565,-0.015792,1.052861,0.009674,0.076096,-0.140742
18.100000,-0.337054,-0.082237,0.940650,0.114489,-0.266583,0.197689,0.310585,0.050844,0.958857,-0.006965,0.311902,0.147805,0.983355,0.231220,1.001954,-0.100285,0.657823,-0.003406,-1.004672,-0.218808,1.009736,0.151265,-0.653166,-0.022819,-0.018368,-0.014257,1.050000,0.009968,0.077354,-0.145318
18.120000,-0.334702,-0.087552,0.944662,0.120713,-0.264899,0.203426,0.310414,0.057080,0.961847,-0.010110,0.311568,0.151204,0.981227,0.244296,1.001884,-0.112607,0.649752,-0.003565,-1.001515,-0.231793,1.009275,0.164465,-0.645259,-0.023236,-0.018167,-0.012699,1.047051,0.010159,0.078379,-0.149420
18.140000,-0.332227,-0.092832,0.948783,0.126760,-0.263130,0.208517,0.310179,0.063306,0.964901,-0.013389,0.311020,0.154114,0.978850,0.257208,1.001812,-0.125129,0.641417,-0.003716,-0.998093,-0.244616,1.008807,0.177749,-0.637077,-0.023569,-0.017963,-0.011123,1.044026,0.010259,0.079167,-0.153034
18.160000,-0.329633,-0.098076,0.952999,0.132627,-0.261274,0.212962,0.309878,0.069519,0.968009,-0.016802,0.310257,0.156534,0.976220,0.269951,1.001736,-0.137851,0.632816,-0.003859,-0.994404,-0.257274,1.008333,0.191116,-0.628620,-0.023817,-0.017757,-0.009534,1.040933,0.010267,0.079716,-0.156159
18.180000,-0.326923,-0.103283,0.957297,0.138317,-0.259333,0.216759,0.309506,0.075715,0.971160,-0.020349,0.309280,0.158466,0.973334,0.282519,1.001657,-0.150775,0.623951,-0.003993,-0.990448,-0.269759,1.007855,0.204565,-0.619887,-0.023982,-0.017553,-0.007936,1.037783,0.010184,0.080027,-0.158795
18.200000,-0.324101,-0.108449,0.961665,0.143828,-0.257306,0.219910,0.309063,0.081889,0.974344,-0.024029,0.308088,0.159908,0.970188,0.294907,1.001576,-0.163900,0.614821,-0.004120,-0.986221,-0.282067,1.007374,0.218098,-0.610879,-0.024063,-0.017351,-0.006334,1.034585,0.010008,0.080100,-0.160943
18.220000,-0.321171,-0.113574,0.966089,0.149149,-0.255204,0.222408,0.308544,0.088037,0.977553,-0.027837,0.306696,0.160860,0.966777,0.307110,1.001493,-0.177218,0.605466,-0.004235,-0.981723,-0.294193,1.006893,0.231694,-0.601638,-0.024066,-0.017153,-0.004734,1.031348,0.009756,0.079938,-0.162604
18.240000,-0.318137,-0.118657,0.970557,0.154266,-0.253039,0.224246,0.307949,0.094155,0.980775,-0.031765,0.305120,0.161324,0.963098,0.319125,1.001407,-0.190723,0.595924,-0.004332,-0.976953,-0.306132,1.006412,0.245334,-0.592204,-0.023998,-0.016961,-0.003138,1.028084,0.009442,0.079545,-0.163780
18.260000,-0.315002,-0.123695,0.975055,0.159179,-0.250811,0.225425,0.307273,0.100240,0.984002,-0.035814,0.303358,0.161299,0.959147,0.330946,1.001319,-0.204414,0.586195,-0.004412,-0.971910,-0.317880,1.005933,0.259016,-0.582578,-0.023858,-0.016775,-0.001553,1.024801,0.009068,0.078921,-0.164471
18.280000,-0.311771,-0.128689,0.979569,0.163890,-0.248519,0.225945,0.306515,0.106288,0.987224,-0.039984,0.301412,0.160785,0.954920,0.342571,1.001231,-0.218291,0.576279,-0.004475,-0.966592,-0.329433,1.005458,0.272741,-0.572760,-0.023647,-0.016598,0.000017,1.021508,0.008631,0.078066,-0.164678
18.300000,-0.308448,-0.133636,0.984088,0.168397,-0.246165,0.225805,0.305673,0.112296,0.990430,-0.044274,0.299281,0.159782,0.950414,0.353996,1.001141,-0.232355,0.566177,-0.004520,-0.961000,-0.340789,1.004988,0.286509,-0.562750,-0.023364,-0.016431,0.001568,1.018217,0.008134,0.076980,-0.164400
18.320000,-0.305036,-0.138535,0.988597,0.172702,-0.243761,0.225032,0.304744,0.118259,0.993612,-0.048669,0.296985,0.158310,0.945625,0.365217,1.001050,-0.246593,0.555930,-0.004545,-0.955132,-0.351942,1.004524,0.300283,-0.552585,-0.023018,-0.016273,0.003095,1.014935,0.007591,0.075683,-0.163656
18.340000,-0.301541,-0.143386,0.993085,0.176805,-0.241320,0.223652,0.303725,0.124174,0.996760,-0.053153,0.294543,0.156392,0.940549,0.376233,1.000959,-0.260993,0.545578,-0.004545,-0.948989,-0.362892,1.004068,0.314026,-0.542302,-0.022618,-0.016127,0.004594,1.011673,0.007018,0.074195,-0.162462
18.360000,-0.297966,-0.148188,0.997539,0.180707,-0.238843,0.221665,0.302617,0.130039,0.999865,-0.057725,0.291955,0.154027,0.935184,0.387040,1.000868,-0.275556,0.535121,-0.004520,-0.942571,-0.373634,1.003620,0.327738,-0.531902,-0.022162,-0.015993,0.006061,1.008440,0.006416,0.072515,-0.160820
18.380000,-0.294314,-0.152939,1.001948,0.184407,-0.236330,0.219072,0.301416,0.135851,1.002918,-0.062387,0.289222,0.151215,0.929526,0.397637,1.000778,-0.290282,0.524559,-0.004470,-0.935879,-0.384167,1.003182,0.341418,-0.521386,-0.021652,-0.015871,0.007493,1.005244,0.005784,0.070643,-0.158730
18.400000,-0.290591,-0.157641,1.006298,0.187906,-0.233781,0.215872,0.300121,0.141607,1.005910,-0.067136,0.286343,0.147956,0.923572,0.408021,1.000690,-0.305170,0.513893,-0.004395,-0.928914,-0.394488,1.002754,0.355068,-0.510751,-0.021087,-0.015762,0.008886,1.002094,0.005123,0.068581,-0.156190
18.420000,-0.286799,-0.162291,1.010579,0.191220,-0.231206,0.212123,0.298730,0.147304,1.008833,-0.071951,0.283337,0.144291,0.917318,0.418192,1.000603,-0.320184,0.503159,-0.004293,-0.921677,-0.404596,1.002338,0.368653,-0.500033,-0.020477,-0.015666,0.010235,0.998999,0.004441,0.066358,-0.153236
18.440000,-0.282943,-0.166889,1.014780,0.194364,-0.228613,0.207882,0.297242,0.152940,1.011680,-0.076806,0.280224,0.140259,0.910764,0.428148,1.000518,-0.335289,0.492393,-0.004161,-0.914169,-0.414489,1.001935,0.382140,-0.489265,-0.019833,-0.015584,0.011539,0.995967,0.003748,0.064007,-0.149900
18.460000,-0.279026,-0.171435,1.018891,0.197338,-0.226004,0.203151,0.295657,0.158512,1.014441,-0.081702,0.277005,0.135863,0.903906,0.437887,1.000436,-0.350483,0.481595,-0.004000,-0.906392,-0.424167,1.001545,0.395528,-0.478446,-0.019153,-0.015516,0.012795,0.993005,0.003044,0.061528,-0.146183
18.480000,-0.275051,-0.175929,1.022903,0.200142,-0.223379,0.197928,0.293974,0.164019,1.017112,-0.086639,0.273678,0.131100,0.896744,0.447411,1.000358,-0.365767,0.470766,-0.003808,-0.898349,-0.433627,1.001169,0.408819,-0.467576,-0.018438,-0.015462,0.013999,0.990122,0.002329,0.058920,-0.142084
18.500000,-0.271021,-0.180370,1.026805,0.202777,-0.220736,0.192214,0.292192,0.169459,1.019683,-0.091616,0.270244,0.125972,0.889275,0.456718,1.000284,-0.381140,0.459905,-0.003587,-0.890040,-0.442869,1.000808,0.422011,-0.456656,-0.017688,-0.015423,0.015151,0.987324,0.001602,0.056184,-0.137604
18.520000,-0.266940,-0.184758,1.030588,0.205270,-0.218080,0.186093,0.290309,0.174829,1.022148,-0.096604,0.266721,0.120538,0.881498,0.465807,1.000215,-0.396549,0.449048,-0.003335,-0.881469,-0.451893,1.000462,0.435079,-0.445712,-0.016913,-0.015398,0.016246,0.984620,0.000867,0.053356,-0.132793
18.540000,-0.262811,-0.189093,1.034246,0.207650,-0.215413,0.179649,0.288328,0.180127,1.024503,-0.101573,0.263124,0.114859,0.873413,0.474680,1.000151,-0.411938,0.438230,-0.003054,-0.872638,-0.460698,1.000132,0.447993,-0.434773,-0.016125,-0.015388,0.017284,0.982015,0.000123,0.050471,-0.127701
18.560000,-0.258635,-0.193375,1.037772,0.209917,-0.212735,0.172883,0.286247,0.185353,1.026741,-0.106524,0.259454,0.108936,0.865020,0.483337,1.000093,-0.427306,0.427451,-0.002743,-0.863550,-0.469284,0.999817,0.460754,-0.423837,-0.015321,-0.015394,0.018265,0.979514,-0.000629,0.047531,-0.122330
18.580000,-0.254415,-0.197602,1.041160,0.212071,-0.210045,0.165794,0.284067,0.190505,1.028859,-0.111456,0.255710,0.102767,0.856321,0.491778,1.000042,-0.442654,0.416710,-0.002402,-0.854209,-0.477651,0.999519,0.473363,-0.412905,-0.014504,-0.015414,0.019185,0.977123,-0.001389,0.044534,-0.116678
18.600000,-0.250153,-0.201776,1.044402,0.214112,-0.207345,0.158383,0.281789,0.195581,1.030850,-0.116369,0.251894,0.096353,0.847314,0.500005,0.999997,-0.457982,0.406009,-0.002030,-0.844617,-0.485800,0.999237,0.485819,-0.401978,-0.013672,-0.015449,0.020045,0.974849,-0.002157,0.041481,-0.110746
18.620000,-0.245851,-0.205896,1.047493,0.216073,-0.204631,0.150749,0.279412,0.200580,1.032712,-0.121237,0.248016,0.089765,0.838002,0.508019,0.999961,-0.473240,0.395377,-0.001631,-0.834777,-0.493731,0.998972,0.498103,-0.391083,-0.012834,-0.015500,0.020844,0.972695,-0.002936,0.038404,-0.104598
18.640000,-0.241510,-0.209961,1.050431,0.217988,-0.201902,0.142994,0.276940,0.205501,1.034440,-0.126034,0.244090,0.083073,0.828386,0.515821,0.999932,-0.488378,0.384843,-0.001207,-0.824694,-0.501444,0.998724,0.510195,-0.380252,-0.011998,-0.015567,0.021582,0.970666,-0.003729,0.035338,-0.098297
18.660000,-0.237132,-0.213972,1.053212,0.219856,-0.199157,0.135117,0.274371,0.210344,1.036034,-0.130759,0.240116,0.076277,0.818468,0.523414,0.999913,-0.503395,0.374408,-0.000756,-0.814371,-0.508941,0.998492,0.522096,-0.369484,-0.011164,-0.015649,0.022258,0.968764,-0.004537,0.032280,-0.091844
18.680000,-0.232717,-0.217928,1.055835,0.221678,-0.196397,0.127119,0.271710,0.215106,1.037491,-0.135413,0.236093,0.069378,0.808251,0.530798,0.999902,-0.518292,0.364071,-0.000279,-0.803811,-0.516224,0.998277,0.533805,-0.358779,-0.010332,-0.015748,0.022873,0.966993,-0.005359,0.029232,-0.085238
18.700000,-0.228265,-0.221828,1.058296,0.223454,-0.193621,0.119000,0.268955,0.219787,1.038808,-0.139995,0.232021,0.062375,0.797737,0.537977,0.999902,-0.533069,0.353834,0.000223,-0.793020,-0.523293,0.998079,0.545322,-0.348137,-0.009502,-0.015864,0.023427,0.965356,-0.006195,0.026194,-0.078479
18.720000,-0.223778,-0.225672,1.060595,0.225212,-0.190824,0.110859,0.266110,0.224386,1.039985,-0.144492,0.227905,0.055337,0.786929,0.544952,0.999911,-0.547679,0.343713,0.000749,-0.782000,-0.530150,0.997897,0.556633,-0.337581,-0.008680,-0.015996,0.023921,0.963854,-0.007049,0.023189,-0.071638
18.740000,-0.219257,-0.229461,1.062731,0.226983,-0.187998,0.102796,0.263176,0.228903,1.041022,-0.148887,0.223748,0.048333,0.775831,0.551726,0.999932,-0.562076,0.333726,0.001294,-0.770756,-0.536797,0.997731,0.567723,-0.327135,-0.007870,-0.016146,0.024355,0.962490,-0.007926,0.020240,-0.064781
18.760000,-0.214699,-0.233192,1.064707,0.228765,-0.185143,0.094813,0.260156,0.233336,1.041919,-0.153181,0.219550,0.041362,0.764447,0.558302,0.999963,-0.576261,0.323875,0.001858,-0.759292,-0.543236,0.997582,0.578592,-0.316798,-0.007074,-0.016313,0.024731,0.961263,-0.008824,0.017348,-0.057909
18.780000,-0.210106,-0.236866,1.066524,0.230560,-0.182260,0.086908,0.257050,0.237685,1.042677,-0.157374,0.215311,0.034424,0.752782,0.564682,1.000006,-0.590232,0.314159,0.002443,-0.747614,-0.549469,0.997448,0.589240,-0.306570,-0.006290,-0.016499,0.025049,0.960174,-0.009744,0.014513,-0.051022
18.800000,-0.205477,-0.240482,1.068184,0.232366,-0.179348,0.079082,0.253861,0.241948,1.043296,-0.161466,0.211031,0.027520,0.740839,0.570870,1.000061,-0.603990,0.304577,0.003047,-0.735724,-0.555499,0.997330,0.599667,-0.296452,-0.005520,-0.016703,0.025312,0.959222,-0.010686,0.011734,-0.044120
18.820000,-0.200811,-0.244040,1.069689,0.234203,-0.176397,0.071416,0.250592,0.246126,1.043778,-0.165448,0.206722,0.020706,0.728624,0.576866,1.000128,-0.617502,0.295143,0.003666,-0.723629,-0.561328,0.997228,0.609866,-0.286468,-0.004766,-0.016927,0.025519,0.958409,-0.011647,0.009029,-0.037267
18.840000,-0.196108,-0.247538,1.071042,0.236089,-0.173397,0.063992,0.247244,0.250217,1.044125,-0.169309,0.202395,0.014036,0.716141,0.582676,1.000208,-0.630733,0.285869,0.004294,-0.711331,-0.566959,0.997140,0.619833,-0.276642,-0.004034,-0.017169,0.025674,0.957731,-0.012627,0.006415,-0.030526
18.860000,-0.191367,-0.250975,1.072250,0.238022,-0.170347,0.056809,0.243820,0.254221,1.044340,-0.173051,0.198050,0.007512,0.703397,0.588302,1.000300,-0.643683,0.276754,0.004933,-0.698837,-0.572395,0.997066,0.629567,-0.266975,-0.003322,-0.017432,0.025777,0.957187,-0.013625,0.003890,-0.023896
18.880000,-0.186587,-0.254351,1.073316,0.240005,-0.167247,0.049869,0.240323,0.258139,1.044427,-0.176672,0.193687,0.001132,0.690396,0.593748,1.000405,-0.656354,0.267799,0.005583,-0.686150,-0.577639,0.997007,0.639067,-0.257467,-0.002630,-0.017714,0.025830,0.956774,-0.014640,0.001457,-0.017378
18.900000,-0.181767,-0.257665,1.074246,0.242035,-0.164098,0.043171,0.236754,0.261969,1.044387,-0.180173,0.189307,-0.005103,0.677144,0.599015,1.000523,-0.668743,0.259003,0.006242,-0.673276,-0.582695,0.996961,0.648335,-0.248118,-0.001959,-0.018017,0.025835,0.956491,-0.015674,-0.000887,-0.010971
18.920000,-0.176905,-0.260915,1.075045,0.244110,-0.160899,0.036767,0.233117,0.265711,1.044224,-0.183566,0.184919,-0.011148,0.663648,0.604109,1.000655,-0.680829,0.250373,0.006904,-0.660218,-0.587565,0.996928,0.657365,-0.238946,-0.001313,-0.018341,0.025795,0.956335,-0.016716,-0.003132,-0.004727
18.940000,-0.172002,-0.264101,1.075719,0.246225,-0.157650,0.030708,0.229412,0.269365,1.043942,-0.186861,0.180535,-0.016956,0.649913,0.609031,1.000799,-0.692589,0.241915,0.007562,-0.646983,-0.592254,0.996908,0.666154,-0.229969,-0.000694,-0.018686,0.025711,0.956301,-0.017758,-0.005268,0.001304
18.960000,-0.167056,-0.267221,1.076276,0.248380,-0.154351,0.024994,0.225643,0.272932,1.043547,-0.190059,0.176155,-0.022527,0.635947,0.613787,1.000957,-0.704022,0.233630,0.008216,-0.633574,-0.596765,0.996900,0.674701,-0.221189,-0.000102,-0.019052,0.025585,0.956385,-0.018799,-0.007297,0.007123
18.980000,-0.162066,-0.270274,1.076721,0.250575,-0.151002,0.019626,0.221811,0.276412,1.043043,-0.193159,0.171779,-0.027863,0.621755,0.618378,1.001128,-0.715128,0.225516,0.008866,-0.619996,-0.601103,0.996904,0.683006,-0.212605,0.000462,-0.019438,0.025420,0.956584,-0.019839,-0.009217,0.012728
19.000000,-0.157033,-0.273260,1.077063,0.252810,-0.147604,0.014603,0.217917,0.279803,1.042434,-0.196162,0.167406,-0.032962,0.607344,0.622808,1.001312,-0.725908,0.217575,0.009513,-0.606255,-0.605271,0.996918,0.691070,-0.204217,0.000999,-0.019845,0.025217,0.956893,-0.020879,-0.011030,0.018120
19.020000,-0.151954,-0.276178,1.077308,0.255060,-0.144144,0.009940,0.213965,0.283108,1.041726,-0.199078,0.163057,-0.037798,0.592721,0.627082,1.001508,-0.736342,0.209807,0.010147,-0.592355,-0.609273,0.996944,0.698897,-0.196041,0.001504,-0.020273,0.024979,0.957307,-0.021903,-0.012740,0.023268
19.040000,-0.146830,-0.279026,1.077463,0.257299,-0.140612,0.005652,0.209955,0.286326,1.040924,-0.201919,0.158752,-0.042343,0.577892,0.631202,1.001718,-0.746410,0.202210,0.010760,-0.578301,-0.613114,0.996978,0.706492,-0.188093,0.001974,-0.020721,0.024708,0.957822,-0.022895,-0.014353,0.028137
19.060000,-0.141662,-0.281802,1.077536,0.259529,-0.137009,0.001739,0.205888,0.289458,1.040034,-0.204685,0.154491,-0.046596,0.562867,0.635171,1.001939,-0.756112,0.194787,0.011354,-0.564097,-0.616798,0.997022,0.713855,-0.180375,0.002407,-0.021189,0.024406,0.958431,-0.023856,-0.015870,0.032728
19.080000,-0.136449,-0.284506,1.077535,0.261748,-0.133333,-0.001798,0.201768,0.292506,1.039062,-0.207375,0.150274,-0.050559,0.547650,0.638994,1.002172,-0.765448,0.187536,0.011927,-0.549748,-0.620330,0.997074,0.720986,-0.172885,0.002805,-0.021675,0.024074,0.959129,-0.024785,-0.017289,0.037041
19.100000,-0.131192,-0.287135,1.077467,0.263957,-0.129585,-0.004961,0.197594,0.295470,1.038014,-0.209990,0.146101,-0.054231,0.532251,0.642674,1.002416,-0.774418,0.180457,0.012480,-0.535259,-0.623715,0.997134,0.727884,-0.165623,0.003167,-0.022180,0.023715,0.959911,-0.025683,-0.018611,0.041076
19.120000,-0.125891,-0.289688,1.077339,0.266114,-0.125769,-0.007772,0.193368,0.298350,1.036895,-0.212554,0.141969,-0.057604,0.516676,0.646214,1.002671,-0.783006,0.173547,0.013004,-0.520634,-0.626957,0.997201,0.734558,-0.158599,0.003491,-0.022702,0.023330,0.960770,-0.026521,-0.019833,0.044821
19.140000,-0.120548,-0.292165,1.077158,0.268176,-0.121886,-0.010255,0.189092,0.301149,1.035712,-0.215093,0.137874,-0.060668,0.500934,0.649617,1.002936,-0.791195,0.166801,0.013490,-0.505878,-0.630061,0.997274,0.741015,-0.151822,0.003777,-0.023240,0.022922,0.961702,-0.027272,-0.020948,0.048260
19.160000,-0.115165,-0.294563,1.076931,0.270145,-0.117937,-0.012410,0.184765,0.303865,1.034470,-0.217607,0.133815,-0.063424,0.485031,0.652887,1.003210,-0.798984,0.160218,0.013939,-0.490995,-0.633031,0.997352,0.747254,-0.145291,0.004025,-0.023792,0.022493,0.962699,-0.027936,-0.021959,0.051395
19.180000,-0.109743,-0.296882,1.076664,0.272019,-0.113922,-0.014236,0.180388,0.306502,1.033177,-0.220095,0.129794,-0.065872,0.468977,0.656027,1.003493,-0.806375,0.153800,0.014351,-0.475989,-0.635874,0.997434,0.753276,-0.139008,0.004234,-0.024357,0.022045,0.963755,-0.028513,-0.022863,0.054226
19.200000,-0.104285,-0.299120,1.076364,0.273798,-0.109841,-0.015735,0.175961,0.309057,1.031838,-0.222557,0.125809,-0.068011,0.452779,0.659040,1.003784,-0.813367,0.147545,0.014724,-0.460865,-0.638593,0.997521,0.759081,-0.132970,0.004404,-0.024932,0.021579,0.964866,-0.029004,-0.023663,0.056752
19.220000,-0.098792,-0.301275,1.076036,0.275442,-0.105704,-0.016961,0.171486,0.311534,1.030459,-0.225015,0.121864,-0.069848,0.436445,0.661930,1.004082,-0.819949,0.141447,0.015053,-0.445628,-0.641194,0.997610,0.764661,-0.127180,0.004537,-0.025516,0.021099,0.966023,-0.029393,-0.024380,0.058977
19.240000,-0.093268,-0.303348,1.075687,0.276906,-0.101520,-0.017973,0.166961,0.313932,1.029046,-0.227488,0.117962,-0.071388,0.419984,0.664699,1.004385,-0.826113,0.135500,0.015329,-0.430281,-0.643682,0.997702,0.770011,-0.121638,0.004637,-0.026107,0.020604,0.967223,-0.029666,-0.025039,0.060905
19.260000,-0.087717,-0.305336,1.075319,0.278191,-0.097290,-0.018769,0.162386,0.316253,1.027605,-0.229977,0.114102,-0.072631,0.403403,0.667351,1.004694,-0.831858,0.129703,0.015551,-0.414829,-0.646062,0.997795,0.775131,-0.116342,0.004701,-0.026702,0.020097,0.968458,-0.029824,-0.025639,0.062535
19.280000,-0.082142,-0.307239,1.074937,0.279297,-0.093013,-0.019351,0.157761,0.318497,1.026142,-0.232481,0.110284,-0.073576,0.386712,0.669888,1.005007,-0.837184,0.124058,0.015721,-0.399277,-0.648338,0.997890,0.780021,-0.111295,0.004731,-0.027299,0.019579,0.969722,-0.029867,-0.026181,0.063868
19.300000,-0.076546,-0.309056,1.074546,0.280223,-0.088689,-0.019718,0.153087,0.320665,1.024664,-0.235001,0.106509,-0.074224,0.369919,0.672314,1.005323,-0.842092,0.118562,0.015838,-0.383629,-0.650515,0.997984,0.784681,-0.106495,0.004727,-0.027896,0.019051,0.971010,-0.029794,-0.026665,0.064903
19.320000,-0.070934,-0.310786,1.074150,0.280949,-0.084340,-0.019948,0.148361,0.322757,1.023175,-0.237555,0.102757,-0.074594,0.353031,0.674631,1.005640,-0.846586,0.113211,0.015898,-0.367891,-0.652599,0.998079,0.789105,-0.101928,0.004693,-0.028490,0.018513,0.972316,-0.029596,-0.027078,0.065661
19.340000,-0.065310,-0.312430,1.073749,0.281452,-0.079987,-0.020122,0.143584,0.324775,1.021682,-0.240161,0.099010,-0.074704,0.336058,0.676843,1.005958,-0.850673,0.107996,0.015899,-0.352067,-0.654594,0.998172,0.793290,-0.097581,0.004637,-0.029079,0.017968,0.973635,-0.029263,-0.027410,0.066160
19.360000,-0.059678,-0.313986,1.073345,0.281732,-0.075631,-0.020239,0.138754,0.326718,1.020189,-0.242818,0.095268,-0.074554,0.319007,0.678952,1.006276,-0.854351,0.102918,0.015840,-0.336161,-0.656504,0.998264,0.797235,-0.093453,0.004557,-0.029660,0.017417,0.974961,-0.028795,-0.027659,0.066400
19.380000,-0.054042,-0.315455,1.072940,0.281789,-0.071270,-0.020299,0.133871,0.328586,1.018701,-0.245528,0.091530,-0.074145,0.301887,0.680961,1.006592,-0.857622,0.097976,0.015720,-0.320179,-0.658333,0.998354,0.800940,-0.089545,0.004454,-0.030230,0.016862,0.976289,-0.028192,-0.027827,0.066381
19.400000,-0.048408,-0.316837,1.072534,0.281622,-0.066905,-0.020302,0.128933,0.330379,1.017225,-0.248290,0.087797,-0.073476,0.284705,0.682872,1.006904,-0.860485,0.093172,0.015541,-0.304125,-0.660087,0.998442,0.804406,-0.085855,0.004327,-0.030787,0.016305,0.977615,-0.027453,-0.027913,0.066104
19.420000,-0.042779,-0.318131,1.072128,0.281240,-0.062555,-0.020309,0.123939,0.332097,1.015764,-0.251098,0.084034,-0.072570,0.267470,0.684689,1.007213,-0.862952,0.088488,0.015307,-0.288004,-0.661769,0.998527,0.807632,-0.082353,0.004185,-0.031327,0.015746,0.978932,-0.026585,-0.027922,0.065599
19.440000,-0.037159,-0.319339,1.071721,0.280647,-0.058239,-0.020381,0.118889,0.333740,1.014323,-0.253949,0.080205,-0.071453,0.250189,0.686412,1.007516,-0.865037,0.083908,0.015024,-0.271821,-0.663382,0.998609,0.810618,-0.079003,0.004033,-0.031849,0.015188,0.980237,-0.025593,-0.027859,0.064900
19.460000,-0.031554,-0.320461,1.071312,0.279845,-0.053957,-0.020518,0.113781,0.335305,1.012907,-0.256843,0.076312,-0.070123,0.232871,0.688046,1.007813,-0.866739,0.079432,0.014691,-0.255581,-0.664930,0.998688,0.813365,-0.075807,0.003873,-0.032350,0.014632,0.981527,-0.024476,-0.027725,0.064004
19.480000,-0.025967,-0.321498,1.070900,0.278833,-0.049708,-0.020720,0.108615,0.336792,1.011520,-0.259779,0.072353,-0.068581,0.215522,0.689590,1.008104,-0.868059,0.075061,0.014309,-0.239288,-0.666415,0.998764,0.815872,-0.072765,0.003704,-0.032828,0.014080,0.982796,-0.023235,-0.027520,0.062913
19.500000,-0.020402,-0.322450,1.070483,0.277611,-0.045492,-0.020986,0.103389,0.338199,1.010165,-0.262757,0.068330,-0.066827,0.198151,0.691049,1.008386,-0.868996,0.070793,0.013878,-0.222948,-0.667841,0.998837,0.818139,-0.069876,0.003526,-0.033279,0.013532,0.984042,-0.021870,-0.027243,0.061627
19.520000,-0.014864,-0.323318,1.070060,0.276218,-0.041321,-0.021333,0.098104,0.339524,1.008848,-0.265760,0.064212,-0.064893,0.180765,0.692423,1.008658,-0.869583,0.066607,0.013406,-0.206564,-0.669211,0.998905,0.820174,-0.067093,0.003345,-0.033702,0.012990,0.985260,-0.020393,-0.026899,0.060180
19.540000,-0.009354,-0.324103,1.069629,0.274691,-0.037204,-0.021776,0.092759,0.340766,1.007571,-0.268766,0.059971,-0.062810,0.163370,0.693713,1.008922,-0.869852,0.062477,0.012904,-0.190143,-0.670526,0.998970,0.821981,-0.064370,0.003167,-0.034094,0.012456,0.986448,-0.018818,-0.026494,0.058607
19.560000,-0.003877,-0.324806,1.069188,0.273031,-0.033143,-0.022315,0.087354,0.341922,1.006337,-0.271778,0.055608,-0.060578,0.145973,0.694922,1.009174,-0.869805,0.058404,0.012371,-0.173687,-0.671786,0.999032,0.823561,-0.061707,0.002992,-0.034454,0.011931,0.987604,-0.017144,-0.026028,0.056907
19.580000,0.001566,-0.325429,1.068735,0.271237,-0.029136,-0.022949,0.081888,0.342990,1.005149,-0.274795,0.051122,-0.058198,0.128580,0.696050,1.009416,-0.869440,0.054388,0.011807,-0.157202,-0.672994,0.999090,0.824914,-0.059103,0.002820,-0.034779,0.011416,0.988724,-0.015373,-0.025501,0.055081
19.600000,0.006972,-0.325972,1.068269,0.269310,-0.025184,-0.023680,0.076362,0.343966,1.004010,-0.277816,0.046513,-0.055669,0.111197,0.697098,1.009646,-0.868758,0.050429,0.011213,-0.140692,-0.674151,0.999145,0.826040,-0.056559,0.002652,-0.035068,0.010911,0.989806,-0.013503,-0.024912,0.053129
19.620000,0.012338,-0.326437,1.067788,0.267293,-0.021284,-0.024488,0.070775,0.344850,1.002923,-0.280824,0.041768,-0.053023,0.093831,0.698067,1.009865,-0.867800,0.046489,0.010602,-0.124161,-0.675257,0.999196,0.826952,-0.054019,0.002490,-0.035319,0.010420,0.990848,-0.011552,-0.024269,0.051082
19.640000,0.017663,-0.326824,1.067289,0.265229,-0.017433,-0.025357,0.065129,0.345636,1.001889,-0.283798,0.036872,-0.050292,0.076487,0.698957,1.010070,-0.866605,0.042529,0.009988,-0.107615,-0.676311,0.999244,0.827662,-0.051428,0.002338,-0.035530,0.009941,0.991849,-0.009539,-0.023580,0.048971
19.660000,0.022947,-0.327134,1.066773,0.263119,-0.013631,-0.026287,0.059424,0.346323,1.000912,-0.286740,0.031826,-0.047476,0.059169,0.699768,1.010264,-0.865175,0.038549,0.009371,-0.091056,-0.677313,0.999290,0.828170,-0.048787,0.002195,-0.035700,0.009477,0.992807,-0.007463,-0.022843,0.046795
19.680000,0.028187,-0.327369,1.066238,0.260962,-0.009878,-0.027276,0.053660,0.346908,0.999991,-0.289648,0.026630,-0.044574,0.041881,0.700499,1.010445,-0.863508,0.034549,0.008751,-0.074489,-0.678262,0.999332,0.828476,-0.046096,0.002062,-0.035828,0.009028,0.993720,-0.005324,-0.022060,0.044555
19.700000,0.033385,-0.327530,1.065682,0.258758,-0.006174,-0.028326,0.047838,0.347388,0.999129,-0.292523,0.021284,-0.041587,0.024630,0.701150,1.010614,-0.861606,0.030530,0.008129,-0.057919,-0.679157,0.999372,0.828581,-0.043354,0.001939,-0.035912,0.008595,0.994588,-0.003122,-0.021230,0.042250
19.720000,0.038538,-0.327616,1.065104,0.256544,-0.002508,-0.029399,0.041959,0.347759,0.998328,-0.295345,0.015788,-0.038541,0.007419,0.701720,1.010771,-0.859506,0.026450,0.007518,-0.041348,-0.679996,0.999410,0.828490,-0.040503,0.001826,-0.035952,0.008179,0.995410,-0.000878,-0.020360,0.039905
19.740000,0.043647,-0.327630,1.064506,0.254354,0.001133,-0.030457,0.036025,0.348018,0.997588,-0.298092,0.010144,-0.035460,-0.009749,0.702207,1.010915,-0.857246,0.022271,0.006932,-0.024780,-0.680776,0.999445,0.828212,-0.037481,0.001724,-0.035947,0.007780,0.996184,0.001390,-0.019456,0.037545
19.760000,0.048712,-0.327571,1.063886,0.252191,0.004747,-0.031501,0.030036,0.348163,0.996910,-0.300765,0.004352,-0.032346,-0.026870,0.702610,1.011048,-0.854826,0.017991,0.006372,-0.008220,-0.681494,0.999479,0.827747,-0.034290,0.001633,-0.035897,0.007401,0.996912,0.003681,-0.018518,0.035169
19.780000,0.053734,-0.327440,1.063246,0.250052,0.008335,-0.032531,0.023994,0.348191,0.996294,-0.303364,-0.001588,-0.029198,-0.043941,0.702926,1.011170,-0.852246,0.013611,0.005837,0.008328,-0.682146,0.999511,0.827093,-0.030930,0.001552,-0.035800,0.007040,0.997591,0.005995,-0.017548,0.032778
19.800000,0.058714,-0.327238,1.062585,0.247938,0.011897,-0.033547,0.017902,0.348099,0.995742,-0.305889,-0.007677,-0.026015,-0.060959,0.703154,1.011282,-0.849506,0.009131,0.005327,0.024862,-0.682730,0.999541,0.826253,-0.027400,0.001482,-0.035657,0.006699,0.998223,0.008332,-0.016543,0.030371
19.820000,0.063652,-0.326965,1.061904,0.245876,0.015439,-0.034509,0.011760,0.347883,0.995254,-0.308319,-0.013905,-0.022821,-0.077921,0.703291,1.011383,-0.846633,0.004511,0.004854,0.041377,-0.683241,0.999570,0.825221,-0.023652,0.001422,-0.035467,0.006378,0.998806,0.010671,-0.015507,0.027966
19.840000,0.068550,-0.326621,1.061205,0.243891,0.018966,-0.035379,0.005570,0.347542,0.994829,-0.310634,-0.020262,-0.019637,-0.094824,0.703333,1.011476,-0.843656,-0.000288,0.004427,0.057870,-0.683674,0.999598,0.823995,-0.019638,0.001370,-0.035230,0.006079,0.999341,0.012993,-0.014441,0.025580
19.860000,0.073408,-0.326206,1.060490,0.241984,0.022479,-0.036155,-0.000665,0.347072,0.994468,-0.312833,-0.026750,-0.016464,-0.111666,0.703278,1.011561,-0.840574,-0.005266,0.004047,0.074336,-0.684025,0.999625,0.822575,-0.015358,0.001327,-0.034947,0.005801,0.999829,0.015297,-0.013344,0.023213
19.880000,0.078230,-0.325722,1.059760,0.240154,0.025978,-0.036839,-0.006943,0.346471,0.994170,-0.314918,-0.033367,-0.013301,-0.128446,0.703121,1.011638,-0.837387,-0.010422,0.003713,0.090771,-0.684287,0.999651,0.820960,-0.010812,0.001292,-0.034618,0.005545,1.000270,0.017582,-0.012218,0.020866
19.900000,0.083015,-0.325167,1.059017,0.238401,0.029462,-0.037430,-0.013261,0.345736,0.993936,-0.316887,-0.040114,-0.010148,-0.145161,0.702860,1.011710,-0.834096,-0.015758,0.003426,0.107173,-0.684455,0.999677,0.819152,-0.006000,0.001265,-0.034244,0.005313,1.000664,0.019850,-0.011061,0.018539
19.920000,0.087766,-0.324543,1.058263,0.236736,0.032940,-0.037907,-0.019617,0.344866,0.993764,-0.318721,-0.046978,-0.007025,-0.161809,0.702490,1.011776,-0.830704,-0.021298,0.003190,0.123536,-0.684525,0.999702,0.817148,-0.000887,0.001245,-0.033824,0.005103,1.001012,0.022085,-0.009874,0.016241
19.940000,0.092485,-0.323850,1.057501,0.235171,0.036419,-0.038251,-0.026009,0.343857,0.993655,-0.320400,-0.053945,-0.003949,-0.178388,0.702006,1.011838,-0.827215,-0.027067,0.003007,0.139857,-0.684489,0.999727,0.814947,0.004560,0.001229,-0.033361,0.004918,1.001314,0.024271,-0.008657,0.013985
19.960000,0.097174,-0.323086,1.056734,0.233705,0.039900,-0.038460,-0.032432,0.342707,0.993606,-0.321923,-0.061016,-0.000921,-0.194897,0.701406,1.011896,-0.823630,-0.033066,0.002878,0.156133,-0.684340,0.999751,0.812551,0.010343,0.001219,-0.032854,0.004757,1.001571,0.026408,-0.007408,0.011769
19.980000,0.101834,-0.322253,1.055964,0.232339,0.043383,-0.038536,-0.038885,0.341415,0.993617,-0.323291,-0.068190,0.002059,-0.211333,0.700682,1.011953,-0.819949,-0.039295,0.002804,0.172358,-0.684073,0.999775,0.809958,0.016460,0.001213,-0.032305,0.004622,1.001785,0.028497,-0.006129,0.009593
20.000000,0.106468,-0.321351,1.055194,0.231072,0.046867,-0.038478,-0.045363,0.339979,0.993688,-0.324503,-0.075467,0.004991,-0.227694,0.699832,1.012009,-0.816171,-0.045753,0.002783,0.188530,-0.683679,0.999800,0.807169,0.022913,0.001211,-0.031714,0.004512,1.001955,0.030536,-0.004819,0.007459
20.020000,0.111078,-0.320379,1.054426,0.229893,0.050362,-0.038286,-0.051864,0.338396,0.993817,-0.325550,-0.082809,0.007868,-0.243979,0.698851,1.012065,-0.812287,-0.052458,0.002814,0.204644,-0.683154,0.999824,0.804174,0.029706,0.001213,-0.031084,0.004429,1.002084,0.032515,-0.003488,0.005372
20.040000,0.115664,-0.319336,1.053663,0.228792,0.053878,-0.037959,-0.058384,0.336666,0.994002,-0.326421,-0.090177,0.010681,-0.260185,0.697732,1.012122,-0.808290,-0.059430,0.002895,0.220695,-0.682489,0.999848,0.800964,0.036844,0.001216,-0.030414,0.004373,1.002171,0.034421,-0.002144,0.003339
20.060000,0.120230,-0.318223,1.052908,0.227768,0.057415,-0.037498,-0.064919,0.334789,0.994244,-0.327116,-0.097570,0.013431,-0.276310,0.696472,1.012181,-0.804179,-0.066669,0.003026,0.236681,-0.681678,0.999872,0.797541,0.044328,0.001220,-0.029707,0.004343,1.002218,0.036254,-0.000789,0.001360
20.080000,0.124776,-0.317040,1.052164,0.226821,0.060972,-0.036902,-0.071467,0.332763,0.994539,-0.327636,-0.104989,0.016117,-0.292351,0.695064,1.012243,-0.799954,-0.074173,0.003207,0.252595,-0.680714,0.999897,0.793902,0.052157,0.001225,-0.028965,0.004341,1.002225,0.038014,0.000579,-0.000565
20.100000,0.129303,-0.315784,1.051433,0.225952,0.064549,-0.036172,-0.078024,0.330589,0.994888,-0.327980,-0.112434,0.018740,-0.308307,0.693503,1.012309,-0.795615,-0.081944,0.003439,0.268435,-0.679589,0.999921,0.790050,0.060332,0.001232,-0.028187,0.004367,1.002195,0.039701,0.001959,-0.002435
20.120000,0.133814,-0.314458,1.050718,0.225145,0.068146,-0.035325,-0.084585,0.328266,0.995288,-0.328138,-0.119864,0.021303,-0.324175,0.691784,1.012381,-0.791139,-0.089991,0.003715,0.284196,-0.678298,0.999946,0.785988,0.068830,0.001239,-0.027377,0.004420,1.002128,0.041300,0.003353,-0.004247
20.140000,0.138309,-0.313059,1.050021,0.224385,0.071762,-0.034377,-0.091148,0.325795,0.995740,-0.328100,-0.127239,0.023810,-0.339952,0.689901,1.012458,-0.786506,-0.098323,0.004031,0.299874,-0.676834,0.999971,0.781722,0.077629,0.001245,-0.026536,0.004501,1.002026,0.042797,0.004764,-0.005997
20.160000,0.142790,-0.311587,1.049343,0.223673,0.075396,-0.033329,-0.097708,0.323177,0.996240,-0.327865,-0.134557,0.026262,-0.355634,0.687849,1.012542,-0.781714,-0.106942,0.004386,0.315464,-0.675191,0.999996,0.777253,0.086727,0.001249,-0.025666,0.004610,1.001889,0.044192,0.006191,-0.007684
20.180000,0.147257,-0.310043,1.048688,0.223008,0.079049,-0.032182,-0.104261,0.320413,0.996790,-0.327434,-0.141821,0.028658,-0.371219,0.685622,1.012634,-0.776763,-0.115846,0.004780,0.330962,-0.673363,1.000021,0.772580,0.096126,0.001251,-0.024769,0.004749,1.001719,0.045484,0.007635,-0.009309
20.200000,0.151710,-0.308425,1.048057,0.222391,0.082721,-0.030934,-0.110804,0.317504,0.997386,-0.326806,-0.149028,0.030999,-0.386704,0.683213,1.012734,-0.771655,-0.125037,0.005213,0.346365,-0.671344,1.000046,0.767704,0.105826,0.001253,-0.023847,0.004916,1.001517,0.046674,0.009095,-0.010871
20.220000,0.156152,-0.306733,1.047451,0.221792,0.086425,-0.029615,-0.117332,0.314453,0.998029,-0.325978,-0.156139,0.033279,-0.402084,0.680618,1.012843,-0.766373,-0.134503,0.005673,0.361669,-0.669128,1.000071,0.762625,0.115798,0.001252,-0.022903,0.005112,1.001285,0.047760,0.010554,-0.012366
20.240000,0.160582,-0.304968,1.046873,0.221182,0.090175,-0.028254,-0.123842,0.311260,0.998717,-0.324945,-0.163110,0.035495,-0.417357,0.677831,1.012961,-0.760905,-0.144236,0.006149,0.376869,-0.666710,1.000096,0.757347,0.126015,0.001246,-0.021937,0.005338,1.001023,0.048743,0.011995,-0.013791
20.260000,0.164999,-0.303126,1.046321,0.220562,0.093972,-0.026852,-0.130329,0.307929,0.999449,-0.323708,-0.169943,0.037645,-0.432519,0.674847,1.013089,-0.755249,-0.154235,0.006640,0.391962,-0.664086,1.000121,0.751870,0.136477,0.001237,-0.020954,0.005592,1.000733,0.049623,0.013418,-0.015145
20.280000,0.169404,-0.301208,1.045799,0.219932,0.097816,-0.025407,-0.136789,0.304463,1.000222,-0.322268,-0.176637,0.039730,-0.447566,0.671660,1.013227,-0.749407,-0.164500,0.007147,0.406943,-0.661250,1.000146,0.746193,0.147183,0.001223,-0.019953,0.005874,1.000418,0.050399,0.014823,-0.016429
20.300000,0.173797,-0.299213,1.045305,0.219291,0.101706,-0.023922,-0.143218,0.300864,1.001037,-0.320623,-0.183193,0.041751,-0.462494,0.668265,1.013375,-0.743377,-0.175031,0.007669,0.421808,-0.658197,1.000170,0.740317,0.158135,0.001205,-0.018938,0.006185,1.000077,0.051071,0.016210,-0.017642
20.320000,0.178176,-0.297140,1.044842,0.218613,0.105647,-0.022425,-0.149612,0.297136,1.001892,-0.318765,-0.189574,0.043690,-0.477300,0.664658,1.013533,-0.737142,-0.185791,0.008192,0.436554,-0.654923,1.000194,0.734256,0.169292,0.001182,-0.017911,0.006523,0.999712,0.051630,0.017576,-0.018779
20.340000,0.182541,-0.294987,1.044408,0.217869,0.109642,-0.020949,-0.155967,0.293283,1.002784,-0.316688,-0.195747,0.045532,-0.491979,0.660833,1.013702,-0.730681,-0.196744,0.008699,0.451177,-0.651424,1.000217,0.728028,0.180613,0.001153,-0.016874,0.006888,0.999326,0.052064,0.018919,-0.019835
20.360000,0.186890,-0.292754,1.044004,0.217060,0.113692,-0.019493,-0.162278,0.289308,1.003713,-0.314391,-0.201709,0.047276,-0.506526,0.656787,1.013881,-0.723996,-0.207887,0.009191,0.465674,-0.647697,1.000240,0.721632,0.192100,0.001117,-0.015829,0.007279,0.998920,0.052376,0.020238,-0.020810
20.380000,0.191223,-0.290439,1.043628,0.216186,0.117797,-0.018057,-0.168541,0.285216,1.004675,-0.311873,-0.207463,0.048924,-0.520937,0.652516,1.014070,-0.717086,-0.219223,0.009667,0.480041,-0.643739,1.000262,0.715068,0.203751,0.001075,-0.014780,0.007697,0.998494,0.052563,0.021534,-0.021704
20.400000,0.195537,-0.288041,1.043282,0.215247,0.121956,-0.016642,-0.174752,0.281011,1.005669,-0.309136,-0.213007,0.050474,-0.535208,0.648016,1.014268,-0.709952,-0.230751,0.010129,0.494276,-0.639546,1.000283,0.708336,0.215568,0.001027,-0.013728,0.008140,0.998052,0.052627,0.022806,-0.022517
20.420000,0.199832,-0.285560,1.042962,0.214219,0.126175,-0.015276,-0.180905,0.276697,1.006693,-0.306179,-0.218309,0.051902,-0.549333,0.643285,1.014475,-0.702592,-0.242413,0.010557,0.508374,-0.635116,1.000303,0.701463,0.227500,0.000971,-0.012675,0.008609,0.997594,0.052583,0.024023,-0.023242
20.440000,0.204105,-0.282994,1.042670,0.213079,0.130458,-0.013991,-0.186997,0.272280,1.007744,-0.303004,-0.223337,0.053185,-0.563310,0.638319,1.014690,-0.695006,-0.254153,0.010934,0.522333,-0.630446,1.000322,0.694475,0.239499,0.000907,-0.011625,0.009101,0.997123,0.052448,0.025154,-0.023869
20.460000,0.208354,-0.280342,1.042402,0.211827,0.134806,-0.012785,-0.193024,0.267766,1.008819,-0.299612,-0.228090,0.054322,-0.577132,0.633118,1.014912,-0.687195,-0.265972,0.011260,0.536152,-0.625535,1.000339,0.687374,0.251565,0.000834,-0.010578,0.009615,0.996640,0.052222,0.026198,-0.024400
20.480000,0.212577,-0.277601,1.042158,0.210462,0.139219,-0.011659,-0.198980,0.263159,1.009916,-0.296001,-0.232569,0.055314,-0.590796,0.627680,1.015140,-0.679158,-0.277868,0.011535,0.549828,-0.620383,1.000355,0.680157,0.263697,0.000753,-0.009537,0.010148,0.996148,0.051906,0.027157,-0.024833
20.500000,0.216772,-0.274772,1.041935,0.208986,0.143696,-0.010613,-0.204862,0.258465,1.011031,-0.292173,-0.236773,0.056161,-0.604297,0.622003,1.015373,-0.670895,-0.289842,0.011758,0.563358,-0.614987,1.000369,0.672827,0.275896,0.000662,-0.008503,0.010700,0.995647,0.051498,0.028029,-0.025170
20.520000,0.220936,-0.271853,1.041733,0.207380,0.148240,-0.009667,-0.210666,0.253690,1.012161,-0.288136,-0.240678,0.056835,-0.617630,0.616086,1.015610,-0.662419,-0.301828,0.011913,0.576740,-0.609347,1.000381,0.665395,0.288105,0.000561,-0.007477,0.011269,0.995141,0.051013,0.028781,-0.025398
20.540000,0.225066,-0.268842,1.041548,0.205630,0.152851,-0.008843,-0.216387,0.248840,1.013303,-0.283898,-0.244259,0.057310,-0.630792,0.609930,1.015849,-0.653743,-0.313759,0.011982,0.589973,-0.603463,1.000391,0.657874,0.300269,0.000447,-0.006462,0.011850,0.994632,0.050465,0.029380,-0.025506
20.560000,0.229160,-0.265739,1.041378,0.203735,0.157531,-0.008140,-0.222020,0.243921,1.014452,-0.279461,-0.247516,0.057586,-0.643779,0.603536,1.016088,-0.644867,-0.325636,0.011966,0.603054,-0.597336,1.000399,0.650265,0.312387,0.000320,-0.005459,0.012443,0.994122,0.049854,0.029825,-0.025494
20.580000,0.233215,-0.262541,1.041221,0.201695,0.162278,-0.007559,-0.227564,0.238941,1.015605,-0.274823,-0.250449,0.057662,-0.656586,0.596905,1.016327,-0.635792,-0.337458,0.011863,0.615983,-0.590968,1.000404,0.642568,0.324460,0.000179,-0.004469,0.013042,0.993613,0.049180,0.030117,-0.025362
20.600000,0.237227,-0.259247,1.041075,0.199510,0.167093,-0.007098,-0.233012,0.233906,1.016757,-0.269986,-0.253058,0.057539,-0.669209,0.590038,1.016562,-0.626516,-0.349225,0.011675,0.628757,-0.584358,1.000406,0.634782,0.336487,0.000026,-0.003492,0.013646,0.993108,0.048442,0.030255,-0.025110
20.620000,0.241194,-0.255856,1.040937,0.197171,0.171970,-0.006767,-0.238362,0.228821,1.017905,-0.264966,-0.255339,0.057202,-0.681645,0.582937,1.016793,-0.617057,-0.360871,0.011387,0.641374,-0.577509,1.000405,0.626911,0.348407,-0.000145,-0.002531,0.014251,0.992610,0.047650,0.030207,-0.024727
20.640000,0.245113,-0.252368,1.040804,0.194669,0.176904,-0.006573,-0.243610,0.223694,1.019044,-0.259781,-0.257287,0.056634,-0.693890,0.575605,1.017017,-0.607433,-0.372329,0.010985,0.653832,-0.570423,1.000400,0.618960,0.360162,-0.000335,-0.001587,0.014853,0.992120,0.046813,0.029938,-0.024201
20.660000,0.248980,-0.248780,1.040673,0.192004,0.181895,-0.006515,-0.248752,0.218532,1.020169,-0.254431,-0.258903,0.055836,-0.705941,0.568045,1.017232,-0.597642,-0.383597,0.010469,0.666131,-0.563104,1.000391,0.610928,0.371750,-0.000545,-0.000659,0.015447,0.991643,0.045929,0.029450,-0.023533
20.680000,0.252792,-0.245092,1.040542,0.189177,0.186942,-0.006595,-0.253786,0.213340,1.021276,-0.248916,-0.260185,0.054807,-0.717795,0.560262,1.017435,-0.587684,-0.394677,0.009840,0.678269,-0.555554,1.000378,0.602816,0.383171,-0.000775,0.000250,0.016030,0.991180,0.045001,0.028742,-0.022722
20.700000,0.256546,-0.241302,1.040408,0.186186,0.192046,-0.006811,-0.258708,0.208127,1.022360,-0.243236,-0.261135,0.053549,-0.729448,0.552259,1.017625,-0.577561,-0.405569,0.009096,0.690244,-0.547778,1.000360,0.594623,0.394426,-0.001024,0.001141,0.016596,0.990735,0.044026,0.027813,-0.021768
20.720000,0.260238,-0.237410,1.040269,0.183024,0.197187,-0.007153,-0.263514,0.202897,1.023416,-0.237407,-0.261760,0.052058,-0.740896,0.544041,1.017798,-0.567294,-0.416226,0.008232,0.702053,-0.539779,1.000337,0.586336,0.405452,-0.001298,0.002011,0.017141,0.990310,0.043026,0.026635,-0.020669
20.740000,0.263866,-0.233414,1.040121,0.179685,0.202345,-0.007610,-0.268203,0.197658,1.024441,-0.231443,-0.262070,0.050335,-0.752139,0.535612,1.017953,-0.556905,-0.426603,0.007239,0.713696,-0.531562,1.000308,0.577941,0.416188,-0.001601,0.002862,0.017659,0.989909,0.042019,0.025177,-0.019420
20.760000,0.267424,-0.229316,1.039964,0.176167,0.207520,-0.008183,-0.272771,0.192416,1.025428,-0.225344,-0.262063,0.048378,-0.763172,0.526978,1.018087,-0.546394,-0.436700,0.006118,0.725170,-0.523133,1.000273,0.569437,0.426634,-0.001932,0.003692,0.018146,0.989534,0.041006,0.023439,-0.018021
20.780000,0.270911,-0.225113,1.039793,0.172470,0.212713,-0.008871,-0.277216,0.187178,1.026374,-0.219110,-0.261739,0.046188,-0.773994,0.518146,1.018197,-0.535762,-0.446517,0.004869,0.736473,-0.514498,1.000231,0.560826,0.436790,-0.002291,0.004502,0.018595,0.989189,0.039986,0.021422,-0.016473
20.800000,0.274322,-0.220807,1.039608,0.168596,0.217923,-0.009674,-0.281535,0.181949,1.027274,-0.212741,-0.261100,0.043765,-0.784601,0.509120,1.018281,-0.525009,-0.456055,0.003492,0.747603,-0.505663,1.000181,0.552106,0.446655,-0.002678,0.005291,0.019001,0.988876,0.038960,0.019124,-0.014775
20.820000,0.277654,-0.216396,1.039406,0.164535,0.223127,-0.010558,-0.285725,0.176736,1.028123,-0.206264,-0.260162,0.041122,-0.794993,0.499906,1.018336,-0.514152,-0.465273,0.001995,0.758556,-0.496634,1.000123,0.543258,0.456177,-0.003099,0.006060,0.019358,0.988599,0.037950,0.016526,-0.012933
20.840000,0.280902,-0.211882,1.039185,0.160281,0.228304,-0.011489,-0.289785,0.171544,1.028918,-0.199703,-0.258941,0.038271,-0.805167,0.490511,1.018360,-0.503210,-0.474133,0.000387,0.769332,-0.487419,1.000057,0.534262,0.465303,-0.003556,0.006809,0.019660,0.988360,0.036977,0.013611,-0.010954
20.860000,0.284064,-0.207264,1.038946,0.155834,0.233453,-0.012467,-0.293712,0.166380,1.029653,-0.193058,-0.257439,0.035213,-0.815121,0.480943,1.018351,-0.492182,-0.482635,-0.001333,0.779926,-0.478025,0.999981,0.525117,0.474034,-0.004052,0.007540,0.019900,0.988162,0.036043,0.010377,-0.008837
20.880000,0.287134,-0.202544,1.038686,0.151194,0.238574,-0.013493,-0.297506,0.161249,1.030325,-0.186330,-0.255654,0.031948,-0.824854,0.471208,1.018306,-0.481068,-0.490780,-0.003163,0.790336,-0.468460,0.999895,0.515823,0.482368,-0.004585,0.008251,0.020073,0.988007,0.035147,0.006825,-0.006583
20.900000,0.290110,-0.197722,1.038406,0.146360,0.243668,-0.014565,-0.301165,0.156156,1.030929,-0.179518,-0.253587,0.028474,-0.834363,0.461314,1.018223,-0.469869,-0.498566,-0.005105,0.800558,-0.458733,0.999797,0.506380,0.490306,-0.005156,0.008946,0.020171,0.987899,0.034289,0.002954,-0.004192
20.920000,0.292987,-0.192798,1.038104,0.141316,0.248711,-0.015635,-0.304686,0.151107,1.031462,-0.172632,-0.251270,0.024816,-0.843648,0.451268,1.018101,-0.458589,-0.505961,-0.007145,0.810590,-0.448851,0.999688,0.496763,0.497812,-0.005768,0.009623,0.020189,0.987841,0.033487,-0.001231,-0.001670
20.940000,0.295761,-0.187774,1.037781,0.136042,0.253681,-0.016654,-0.308070,0.146107,1.031921,-0.165679,-0.248734,0.020993,-0.852706,0.441078,1.017937,-0.447232,-0.512933,-0.009271,0.820427,-0.438823,0.999566,0.486946,0.504849,-0.006425,0.010286,0.020120,0.987833,0.032763,-0.005725,0.000976
20.960000,0.298427,-0.182651,1.037438,0.130541,0.258580,-0.017621,-0.311313,0.141159,1.032301,-0.158660,-0.245979,0.017006,-0.861537,0.430754,1.017730,-0.435798,-0.519481,-0.011482,0.830066,-0.428660,0.999431,0.476928,0.511417,-0.007129,0.010934,0.019958,0.987880,0.032115,-0.010529,0.003746
20.980000,0.300981,-0.177431,1.037076,0.124811,0.263406,-0.018538,-0.314416,0.136269,1.032600,-0.151575,-0.243006,0.012856,-0.870138,0.420302,1.017477,-0.424288,-0.525605,-0.013779,0.839503,-0.418370,0.999281,0.466710,0.517516,-0.007878,0.011571,0.019697,0.987984,0.031543,-0.015641,0.006640
21.000000,0.303418,-0.172115,1.036697,0.118852,0.268160,-0.019402,-0.317376,0.131440,1.032814,-0.144423,-0.239813,0.008541,-0.878508,0.409732,1.017178,-0.412701,-0.531305,-0.016161,0.848733,-0.407963,0.999115,0.456292,0.523146,-0.008673,0.012197,0.019330,0.988147,0.031048,-0.021064,0.009657
21.020000,0.305734,-0.166705,1.036301,0.112655,0.272821,-0.020162,-0.320192,0.126678,1.032941,-0.137202,-0.236440,0.004088,-0.886645,0.399053,1.016830,-0.401025,-0.536555,-0.018619,0.857753,-0.397447,0.998934,0.445650,0.528292,-0.009516,0.012813,0.018852,0.988371,0.030638,-0.026777,0.012789
21.040000,0.307923,-0.161203,1.035891,0.106208,0.277371,-0.020763,-0.322863,0.121984,1.032977,-0.129910,-0.232924,-0.000478,-0.894548,0.388273,1.016433,-0.389249,-0.541328,-0.021145,0.866558,-0.386834,0.998734,0.434761,0.532937,-0.010410,0.013423,0.018257,0.988659,0.030322,-0.032762,0.016025
21.060000,0.309980,-0.155611,1.035471,0.099511,0.281807,-0.021205,-0.325388,0.117362,1.032921,-0.122545,-0.229266,-0.005157,-0.902214,0.377403,1.015984,-0.377373,-0.545625,-0.023737,0.875142,-0.376133,0.998517,0.423625,0.537082,-0.011354,0.014027,0.017540,0.989013,0.030101,-0.039019,0.019366
21.080000,0.311902,-0.149932,1.035044,0.092565,0.286132,-0.021489,-0.327765,0.112814,1.032770,-0.115108,-0.225465,-0.009950,-0.909642,0.366451,1.015483,-0.365397,-0.549446,-0.026397,0.883501,-0.365354,0.998280,0.412242,0.540727,-0.012349,0.014627,0.016695,0.989434,0.029974,-0.045548,0.022811
21.100000,0.313681,-0.144167,1.034613,0.085370,0.290344,-0.021613,-0.329992,0.108344,1.032522,-0.107600,-0.221521,-0.014855,-0.916830,0.355428,1.014928,-0.353321,-0.552790,-0.029123,0.891630,-0.354507,0.998023,0.400612,0.543871,-0.013394,0.015226,0.015716,0.989926,0.029941,-0.052349,0.026361
21.120000,0.315315,-0.138319,1.034181,0.077917,0.294439,-0.021537,-0.332068,0.103954,1.032175,-0.100014,-0.217473,-0.019847,-0.923774,0.344343,1.014317,-0.341131,-0.555631,-0.031906,0.899524,-0.343603,0.997744,0.388726,0.546520,-0.014490,0.015826,0.014599,0.990490,0.030001,-0.059390,0.030005
21.140000,0.316796,-0.132390,1.033753,0.070199,0.298414,-0.021216,-0.333992,0.099645,1.031728,-0.092347,-0.213357,-0.024901,-0.930474,0.333206,1.013651,-0.328812,-0.557942,-0.034734,0.907177,-0.332650,0.997443,0.376574,0.548681,-0.015636,0.016427,0.013339,0.991127,0.030156,-0.066638,0.033730
21.160000,0.318121,-0.126383,1.033334,0.062215,0.302267,-0.020652,-0.335762,0.095420,1.031179,-0.084598,-0.209174,-0.030015,-0.936926,0.322029,1.012928,-0.316364,-0.559723,-0.037607,0.914585,-0.321659,0.997118,0.364156,0.550352,-0.016832,0.017033,0.011932,0.991839,0.030404,-0.074094,0.037537
21.180000,0.319283,-0.120300,1.032929,0.053966,0.306000,-0.019844,-0.337375,0.091279,1.030527,-0.076768,-0.204923,-0.035191,-0.943128,0.310821,1.012146,-0.303789,-0.560973,-0.040525,0.921742,-0.310639,0.996769,0.351473,0.551534,-0.018077,0.017644,0.010374,0.992629,0.030746,-0.081757,0.041425
21.200000,0.320278,-0.114144,1.032542,0.045452,0.309612,-0.018792,-0.338832,0.087224,1.029771,-0.068856,-0.200606,-0.040429,-0.949077,0.299594,1.011306,-0.291084,-0.561694,-0.043489,0.928642,-0.299601,0.996395,0.338524,0.552227,-0.019373,0.018263,0.008660,0.993497,0.031182,-0.089627,0.045395
21.220000,0.321100,-0.107916,1.032179,0.036679,0.313094,-0.017471,-0.340129,0.083255,1.028909,-0.060851,-0.196251,-0.045708,-0.954770,0.288357,1.010407,-0.278241,-0.561871,-0.046485,0.935281,-0.288553,0.995994,0.325316,0.552453,-0.020715,0.018892,0.006788,0.994445,0.031693,-0.097659,0.049432
21.240000,0.321743,-0.101621,1.031845,0.027654,0.316438,-0.015855,-0.341265,0.079374,1.027942,-0.052740,-0.191889,-0.051010,-0.960205,0.277122,1.009447,-0.265249,-0.561490,-0.049503,0.941653,-0.277505,0.995566,0.311857,0.552235,-0.022098,0.019531,0.004753,0.995474,0.032260,-0.105807,0.053523
21.260000,0.322204,-0.095260,1.031546,0.018376,0.319644,-0.013944,-0.342238,0.075579,1.026869,-0.044525,-0.187521,-0.056335,-0.965379,0.265901,1.008426,-0.252107,-0.560552,-0.052543,0.947753,-0.266467,0.995110,0.298148,0.551572,-0.023523,0.020182,0.002555,0.996586,0.032884,-0.114071,0.057666
21.280000,0.322477,-0.088836,1.031289,0.008846,0.322712,-0.011738,-0.343045,0.071873,1.025689,-0.036205,-0.183147,-0.061683,-0.970289,0.254704,1.007345,-0.238816,-0.559055,-0.055604,0.953577,-0.255446,0.994625,0.284187,0.550465,-0.024990,0.020847,0.000190,0.997781,0.033565,-0.122451,0.061862
21.300000,0.322556,-0.082352,1.031079,-0.000936,0.325642,-0.009236,-0.343685,0.068254,1.024401,-0.027780,-0.178766,-0.067054,-0.974931,0.243543,1.006202,-0.225376,-0.557002,-0.058686,0.959119,-0.244451,0.994110,0.269976,0.548914,-0.026499,0.021525,-0.002344,0.999061,0.034303,-0.130947,0.066111
21.320000,0.322438,-0.075811,1.030922,-0.010956,0.328410,-0.006431,-0.344156,0.064722,1.023006,-0.019241,-0.174399,-0.072435,-0.979303,0.232428,1.004997,-0.211789,-0.554391,-0.061775,0.964375,-0.233492,0.993564,0.255537,0.546952,-0.028039,0.022219,-0.005049,1.000426,0.035077,-0.139503,0.070390
21.340000,0.322116,-0.069217,1.030824,-0.021200,0.330994,-0.003313,-0.344454,0.061277,1.021504,-0.010579,-0.170068,-0.077812,-0.983401,0.221371,1.003731,-0.198055,-0.551223,-0.064854,0.969339,-0.222575,0.992988,0.240893,0.544614,-0.029602,0.022929,-0.007924,1.001877,0.035867,-0.148062,0.074679
21.360000,0.321588,-0.062573,1.030791,-0.031668,0.333394,0.000118,-0.344578,0.057919,1.019894,-0.001794,-0.165772,-0.083186,-0.987224,0.210383,1.002403,-0.184175,-0.547498,-0.067924,0.974009,-0.211710,0.992380,0.226044,0.541900,-0.031189,0.023654,-0.010971,1.003413,0.036674,-0.156624,0.078975
21.380000,0.320848,-0.055883,1.030831,-0.042359,0.335609,0.003862,-0.344525,0.054646,1.018176,0.007115,-0.161511,-0.088557,-0.990767,0.199474,1.001014,-0.170149,-0.543217,-0.070985,0.978380,-0.200902,0.991740,0.210991,0.538810,-0.032798,0.024396,-0.014189,1.005036,0.037497,-0.165188,0.083280
21.400000,0.319892,-0.049150,1.030948,-0.053274,0.337640,0.007919,-0.344293,0.051458,1.016352,0.016146,-0.157286,-0.093925,-0.994029,0.188658,0.999564,-0.155976,-0.538378,-0.074037,0.982447,-0.190160,0.991068,0.195734,0.535344,-0.034429,0.025154,-0.017579,1.006745,0.038336,-0.173756,0.087593
21.420000,0.318716,-0.042378,1.031149,-0.064382,0.339445,0.012281,-0.343878,0.048355,1.014420,0.025310,-0.153111,-0.099277,-0.997006,0.177943,0.998053,-0.141674,-0.532999,-0.077058,0.986208,-0.179490,0.990363,0.180310,0.531544,-0.036067,0.025929,-0.021139,1.008539,0.039144,-0.182263,0.091885
21.440000,0.317316,-0.035574,1.031441,-0.075649,0.340983,0.016940,-0.343279,0.045333,1.012381,0.034613,-0.149002,-0.104602,-0.999695,0.167341,0.996482,-0.127256,-0.527093,-0.080028,0.989659,-0.168900,0.989625,0.164758,0.527453,-0.037694,0.026719,-0.024868,1.010420,0.039874,-0.190646,0.096127
21.460000,0.315689,-0.028741,1.031829,-0.087078,0.342255,0.021897,-0.342493,0.042394,1.010236,0.044057,-0.144958,-0.109899,-1.002095,0.156863,0.994852,-0.112724,-0.520661,-0.082946,0.992797,-0.158394,0.988855,0.149079,0.523072,-0.039309,0.027523,-0.028764,1.012384,0.040525,-0.198905,0.100317
21.480000,0.313832,-0.021885,1.032319,-0.098667,0.343261,0.027152,-0.341516,0.039535,1.007985,0.053640,-0.140980,-0.115169,-1.004203,0.146518,0.993165,-0.098077,-0.513702,-0.085812,0.995621,-0.147979,0.988053,0.133272,0.518399,-0.040914,0.028340,-0.032824,1.014432,0.041097,-0.207041,0.104457
21.500000,0.311741,-0.015012,1.032917,-0.110416,0.344000,0.032704,-0.340346,0.036754,1.005629,0.063364,-0.137067,-0.120411,-1.006017,0.136318,0.991420,-0.083314,-0.506218,-0.088627,0.998128,-0.137660,0.987219,0.117337,0.513436,-0.042508,0.029167,-0.037045,1.016562,0.041591,-0.215052,0.108546
21.520000,0.309414,-0.008127,1.033629,-0.122274,0.344430,0.038524,-0.338981,0.034052,1.003169,0.073226,-0.133227,-0.125612,-1.007535,0.126273,0.989620,-0.068462,-0.498233,-0.091370,1.000314,-0.127443,0.986353,0.101321,0.508227,-0.044067,0.030003,-0.041425,1.018773,0.041966,-0.222878,0.112551
21.540000,0.306850,-0.001237,1.034460,-0.134187,0.344509,0.044580,-0.337416,0.031425,1.000605,0.083224,-0.129470,-0.130758,-1.008755,0.116392,0.987766,-0.053545,-0.489771,-0.094020,1.002180,-0.117333,0.985457,0.085270,0.502818,-0.045571,0.030844,-0.045958,1.021063,0.042181,-0.230459,0.116439
21.560000,0.304047,0.005651,1.035414,-0.146156,0.344237,0.050873,-0.335651,0.028872,0.997939,0.093358,-0.125795,-0.135847,-1.009677,0.106685,0.985860,-0.038563,-0.480834,-0.096579,1.003725,-0.107332,0.984531,0.069184,0.497208,-0.047018,0.031689,-0.050641,1.023430,0.042235,-0.237794,0.120211
21.580000,0.301003,0.012530,1.036496,-0.158180,0.343615,0.057404,-0.333681,0.026392,0.995171,0.103628,-0.122201,-0.140881,-1.010298,0.097162,0.983903,-0.023516,-0.471420,-0.099045,1.004947,-0.097446,0.983576,0.053062,0.491398,-0.048408,0.032533,-0.055469,1.025871,0.042128,-0.244883,0.123865
21.600000,0.297719,0.019393,1.037711,-0.170260,0.342641,0.064171,-0.331505,0.023984,0.992304,0.114035,-0.118690,-0.145859,-1.010617,0.087832,0.981899,-0.008404,-0.461531,-0.101420,1.005847,-0.087677,0.982595,0.036906,0.485387,-0.049741,0.033373,-0.060435,1.028384,0.041862,-0.251727,0.127403
21.620000,0.294193,0.026233,1.039064,-0.182327,0.341295,0.071118,-0.329119,0.021644,0.989338,0.124565,-0.115258,-0.150772,-1.010633,0.078704,0.979847,0.006735,-0.451196,-0.103683,1.006424,-0.078031,0.981587,0.020758,0.479215,-0.051003,0.034206,-0.065536,1.030966,0.041400,-0.258293,0.130802
21.640000,0.290426,0.033042,1.040557,-0.194315,0.339552,0.078190,-0.326521,0.019373,0.986274,0.135206,-0.111902,-0.155610,-1.010347,0.069786,0.977752,0.021864,-0.440447,-0.105815,1.006678,-0.068510,0.980555,0.004661,0.472917,-0.052175,0.035027,-0.070765,1.033615,0.040707,-0.264552,0.134042
21.660000,0.286421,0.039812,1.042192,-0.206223,0.337414,0.085386,-0.323710,0.017168,0.983114,0.145959,-0.108622,-0.160373,-1.009759,0.061088,0.975616,0.036982,-0.429284,-0.107816,1.006610,-0.059115,0.979501,-0.011385,0.466495,-0.053259,0.035833,-0.076116,1.036327,0.039784,-0.270502,0.137122
21.680000,0.282178,0.046536,1.043973,-0.218051,0.334881,0.092706,-0.320682,0.015027,0.979859,0.156822,-0.105419,-0.165061,-1.008868,0.052618,0.973440,0.052090,-0.417706,-0.109687,1.006223,-0.049851,0.978425,-0.027380,0.459948,-0.054254,0.036617,-0.081583,1.039099,0.038630,-0.276144,0.140042
21.700000,0.277699,0.053205,1.045902,-0.229800,0.331952,0.100151,-0.317436,0.012950,0.976512,0.167796,-0.102292,-0.169674,-1.007676,0.044383,0.971229,0.067187,-0.405714,-0.111427,1.005515,-0.040718,0.977331,-0.043323,0.453277,-0.055161,0.037376,-0.087159,1.041927,0.037246,-0.281478,0.142802
21.720000,0.272987,0.059811,1.047980,-0.241394,0.328629,0.107643,-0.313970,0.010935,0.973073,0.178854,-0.099240,-0.174200,-1.006181,0.036392,0.968984,0.082233,-0.393353,-0.113029,1.004490,-0.031720,0.976220,-0.059172,0.446517,-0.055967,0.038105,-0.092840,1.044810,0.035621,-0.286499,0.145394
21.740000,0.268045,0.066347,1.050207,-0.252759,0.324913,0.115106,-0.310282,0.008980,0.969544,0.189967,-0.096261,-0.178626,-1.004387,0.028651,0.966709,0.097187,-0.380666,-0.114486,1.003149,-0.022858,0.975093,-0.074883,0.439704,-0.056662,0.038799,-0.098617,1.047742,0.033747,-0.291202,0.147810
21.760000,0.262878,0.072805,1.052584,-0.263896,0.320805,0.122541,-0.306371,0.007084,0.965928,0.201136,-0.093355,-0.182952,-1.002294,0.021167,0.964406,0.112050,-0.367654,-0.115799,1.001496,-0.014132,0.973954,-0.090456,0.432838,-0.057245,0.039453,-0.104486,1.050721,0.031624,-0.295587,0.150051
21.780000,0.257491,0.079177,1.055109,-0.274805,0.316305,0.129947,-0.302236,0.005246,0.962227,0.212360,-0.090522,-0.187179,-0.999905,0.013947,0.962078,0.126821,-0.354318,-0.116967,0.999532,-0.005545,0.972804,-0.105891,0.425919,-0.057716,0.040063,-0.110439,1.053743,0.029252,-0.299654,0.152115
21.800000,0.251888,0.085455,1.057781,-0.285485,0.311412,0.137323,-0.297876,0.003463,0.958442,0.223641,-0.087763,-0.191306,-0.997222,0.006997,0.959728,0.141500,-0.340657,-0.117990,0.997261,0.002904,0.971646,-0.121187,0.418948,-0.058076,0.040622,-0.116470,1.056804,0.026630,-0.303403,0.154004
21.820000,0.246073,0.091631,1.060601,-0.295862,0.306148,0.144605,-0.293290,0.001735,0.954576,0.234938,-0.085076,-0.195315,-0.994246,0.000323,0.957359,0.156054,-0.326728,-0.118883,0.994686,0.011213,0.970482,-0.136312,0.411950,-0.058324,0.041126,-0.122573,1.059902,0.023771,-0.306848,0.155719
21.840000,0.240056,0.097698,1.063564,-0.305863,0.300534,0.151725,-0.288479,0.000059,0.950630,0.246213,-0.082461,-0.199185,-0.990981,-0.006071,0.954973,0.170450,-0.312588,-0.119659,0.991810,0.019382,0.969314,-0.151232,0.404952,-0.058458,0.041571,-0.128742,1.063032,0.020689,-0.310003,0.157261
21.860000,0.233841,0.103650,1.066669,-0.315487,0.294570,0.158683,-0.283442,-0.001564,0.946609,0.257468,-0.079919,-0.202918,-0.987429,-0.012180,0.952574,0.184686,-0.298239,-0.120320,0.988638,0.027411,0.968144,-0.165948,0.397955,-0.058479,0.041952,-0.134971,1.066191,0.017382,-0.312869,0.158631
21.880000,0.227439,0.109479,1.069911,-0.324735,0.288256,0.165479,-0.278180,-0.003138,0.942515,0.268700,-0.077450,-0.206512,-0.983595,-0.017999,0.950161,0.198763,-0.283679,-0.120864,0.985174,0.035300,0.966975,-0.180459,0.390958,-0.058387,0.042265,-0.141255,1.069376,0.013851,-0.315444,0.159829
21.900000,0.220855,0.115178,1.073287,-0.333606,0.281593,0.172113,-0.272694,-0.004663,0.938349,0.279912,-0.075052,-0.209969,-0.979480,-0.023525,0.947740,0.212681,-0.268909,-0.121291,0.981421,0.043049,0.965810,-0.194766,0.383962,-0.058182,0.042505,-0.147587,1.072583,0.010095,-0.317731,0.160855
21.920000,0.214097,0.120741,1.076794,-0.342033,0.274612,0.178537,-0.266984,-0.006140,0.934117,0.291043,-0.072712,-0.213261,-0.975089,-0.028755,0.945310,0.226420,-0.253995,-0.121626,0.977384,0.050659,0.964649,-0.208846,0.376986,-0.057872,0.042668,-0.153962,1.075809,0.006144,-0.319751,0.161715
21.940000,0.207177,0.126161,1.080427,-0.349946,0.267346,0.184704,-0.261053,-0.007572,0.929820,0.302037,-0.070413,-0.216362,-0.970424,-0.033685,0.942875,0.239960,-0.239005,-0.121892,0.973069,0.058129,0.963495,-0.222678,0.370052,-0.057464,0.042749,-0.160375,1.079051,0.002024,-0.321529,0.162414
21.960000,0.200103,0.131432,1.084180,-0.357347,0.259795,0.190614,-0.254904,-0.008957,0.925464,0.312893,-0.068156,-0.219271,-0.965491,-0.038314,0.940435,0.253300,-0.223939,-0.122089,0.968479,0.065461,0.962351,-0.236262,0.363159,-0.056960,0.042747,-0.166822,1.082305,-0.002265,-0.323064,0.162953
21.980000,0.192886,0.136550,1.088049,-0.364234,0.251959,0.196267,-0.248538,-0.010298,0.921051,0.323612,-0.065941,-0.221989,-0.960294,-0.042642,0.937992,0.266440,-0.208797,-0.122217,0.963620,0.072656,0.961218,-0.249598,0.356307,-0.056358,0.042658,-0.173296,1.085568,-0.006721,-0.324358,0.163332
22.000000,0.185537,0.141509,1.092029,-0.370609,0.243839,0.201662,-0.241960,-0.011595,0.916585,0.334193,-0.063768,-0.224516,-0.954835,-0.046666,0.935547,0.279381,-0.193578,-0.122276,0.958497,0.079714,0.960097,-0.262685,0.349497,-0.055658,0.042477,-0.179794,1.088837,-0.011347,-0.325408,0.163550
22.020000,0.178066,0.146302,1.096114,-0.376435,0.235467,0.206764,-0.235172,-0.012849,0.912072,0.344580,-0.061615,-0.226826,-0.949120,-0.050385,0.933101,0.292100,-0.178369,-0.122295,0.953114,0.086636,0.958992,-0.275510,0.342744,-0.054871,0.042203,-0.186311,1.092109,-0.016111,-0.326227,0.163619
22.040000,0.170483,0.150926,1.100298,-0.381679,0.226878,0.211536,-0.228179,-0.014060,0.907514,0.354720,-0.059463,-0.228893,-0.943153,-0.053801,0.930655,0.304575,-0.163259,-0.122304,0.947478,0.093424,0.957903,-0.288059,0.336067,-0.054004,0.041832,-0.192842,1.095381,-0.020987,-0.326824,0.163549
22.060000,0.162802,0.155376,1.104573,-0.386340,0.218071,0.215977,-0.220985,-0.015227,0.902917,0.364612,-0.057310,-0.230718,-0.936939,-0.056916,0.928209,0.316807,-0.148247,-0.122303,0.941594,0.100079,0.956832,-0.300332,0.329464,-0.053058,0.041363,-0.199382,1.098650,-0.025974,-0.327199,0.163340
22.080000,0.155034,0.159648,1.108934,-0.390418,0.209048,0.220088,-0.213596,-0.016352,0.898287,0.374256,-0.055157,-0.232302,-0.930482,-0.059732,0.925763,0.328795,-0.133332,-0.122292,0.935467,0.106603,0.955781,-0.312329,0.322936,-0.052033,0.040793,-0.205928,1.101913,-0.031071,-0.327353,0.162991
22.100000,0.147189,0.163736,1.113375,-0.393913,0.199807,0.223869,-0.206016,-0.017434,0.893627,0.383652,-0.053004,-0.233642,-0.923788,-0.062250,0.923318,0.340539,-0.118516,-0.122272,0.929102,0.112997,0.954751,-0.324049,0.316483,-0.050929,0.040119,-0.212475,1.105169,-0.036280,-0.327284,0.162504
22.120000,0.139281,0.167639,1.117887,-0.396813,0.190370,0.227315,-0.198252,-0.018472,0.888943,0.392768,-0.050836,-0.234711,-0.916862,-0.064473,0.920872,0.352029,-0.103897,-0.122271,0.922507,0.119263,0.953744,-0.335491,0.310113,-0.049757,0.039341,-0.219018,1.108413,-0.041568,-0.326997,0.161875
22.140000,0.131321,0.171350,1.122465,-0.399104,0.180759,0.230421,-0.190308,-0.019467,0.884241,0.401569,-0.048636,-0.235479,-0.909709,-0.066408,0.918426,0.363253,-0.089575,-0.122319,0.915685,0.125402,0.952761,-0.346652,0.303837,-0.048527,0.038456,-0.225553,1.111643,-0.046906,-0.326492,0.161102
22.160000,0.123321,0.174868,1.127102,-0.400788,0.170974,0.233189,-0.182191,-0.020417,0.879526,0.410058,-0.046406,-0.235945,-0.902334,-0.068058,0.915979,0.374213,-0.075551,-0.122418,0.908642,0.131417,0.951804,-0.357532,0.297653,-0.047240,0.037464,-0.232076,1.114856,-0.052294,-0.325770,0.160186
22.180000,0.115294,0.178188,1.131790,-0.401863,0.161015,0.235617,-0.173907,-0.021323,0.874805,0.418232,-0.044145,-0.236110,-0.894742,-0.069432,0.913529,0.384907,-0.061823,-0.122565,0.901385,0.137309,0.950872,-0.368131,0.291561,-0.045897,0.036364,-0.238583,1.118049,-0.057731,-0.324832,0.159126
22.200000,0.107251,0.181307,1.136524,-0.402329,0.150882,0.237706,-0.165464,-0.022183,0.870083,0.426094,-0.041854,-0.235974,-0.886939,-0.070533,0.911076,0.395335,-0.048393,-0.122763,0.893919,0.143080,0.949968,-0.378450,0.285562,-0.044496,0.035155,-0.245068,1.121220,-0.063218,-0.323676,0.157923
22.220000,0.099204,0.184222,1.141296,-0.402204,0.140585,0.239473,-0.156866,-0.022997,0.865368,0.433626,-0.039546,-0.235502,-0.878931,-0.071370,0.908619,0.405490,-0.035347,-0.123014,0.886249,0.148732,0.949093,-0.388490,0.279666,-0.043049,0.033835,-0.251528,1.124365,-0.068736,-0.322280,0.156564
22.240000,0.091166,0.186930,1.146101,-0.401505,0.130134,0.240934,-0.148121,-0.023765,0.860666,0.440813,-0.037236,-0.234659,-0.870722,-0.071950,0.906155,0.415361,-0.022771,-0.123324,0.878381,0.154268,0.948247,-0.398255,0.273881,-0.041565,0.032405,-0.257958,1.127481,-0.074266,-0.320623,0.155039
22.260000,0.083148,0.189426,1.150932,-0.400231,0.119528,0.242090,-0.139236,-0.024486,0.855984,0.447655,-0.034925,-0.233447,-0.862318,-0.072284,0.903685,0.424949,-0.010665,-0.123692,0.870321,0.159688,0.947430,-0.407745,0.268207,-0.040044,0.030864,-0.264351,1.130565,-0.079808,-0.318703,0.153346
22.280000,0.075161,0.191710,1.155782,-0.398383,0.108768,0.242940,-0.130217,-0.025162,0.851330,0.454153,-0.032613,-0.231864,-0.853726,-0.072380,0.901207,0.434254,0.000970,-0.124119,0.862073,0.164997,0.946645,-0.416960,0.262646,-0.038488,0.029213,-0.270704,1.133614,-0.085362,-0.316521,0.151487
22.300000,0.067217,0.193776,1.160647,-0.395960,0.097854,0.243484,-0.121072,-0.025791,0.846712,0.460305,-0.030299,-0.229911,-0.844950,-0.072248,0.898720,0.443276,0.012135,-0.124605,0.853644,0.170195,0.945891,-0.425899,0.257196,-0.036895,0.027450,-0.277011,1.136624,-0.090929,-0.314077,0.149461
22.320000,0.059326,0.195623,1.165520,-0.393007,0.086818,0.243745,-0.111807,-0.026374,0.842136,0.466104,-0.027965,-0.227590,-0.835996,-0.071898,0.896223,0.452022,0.022751,-0.125123,0.845039,0.175285,0.945169,-0.434577,0.251856,-0.035274,0.025576,-0.283266,1.139591,-0.096485,-0.311391,0.147269
22.340000,0.051499,0.197248,1.170395,-0.389570,0.075693,0.243745,-0.102430,-0.026909,0.837611,0.471540,-0.025593,-0.224903,-0.826871,-0.071342,0.893715,0.460501,0.032738,-0.125650,0.836263,0.180270,0.944480,-0.443004,0.246624,-0.033632,0.023591,-0.289465,1.142513,-0.102006,-0.308481,0.144912
22.360000,0.043746,0.198650,1.175268,-0.385647,0.064479,0.243483,-0.092948,-0.027397,0.833143,0.476615,-0.023181,-0.221851,-0.817578,-0.070593,0.891197,0.468712,0.042096,-0.126185,0.827321,0.185151,0.943824,-0.451181,0.241499,-0.031971,0.021496,-0.295603,1.145387,-0.107494,-0.305348,0.142390
22.380000,0.036077,0.199827,1.180133,-0.381240,0.053175,0.242961,-0.083368,-0.027836,0.828739,0.481326,-0.020731,-0.218433,-0.808124,-0.069663,0.888668,0.476655,0.050825,-0.126728,0.818217,0.189930,0.943202,-0.459108,0.236482,-0.030289,0.019291,-0.301677,1.148208,-0.112946,-0.301992,0.139702
22.400000,0.028500,0.200777,1.184985,-0.376349,0.041783,0.242176,-0.073697,-0.028226,0.824408,0.485676,-0.018243,-0.214650,-0.798514,-0.068564,0.886128,0.484331,0.058926,-0.127279,0.808958,0.194611,0.942613,-0.466785,0.231573,-0.028587,0.016978,-0.307682,1.150974,-0.118365,-0.298413,0.136849
22.420000,0.021026,0.201498,1.189818,-0.371027,0.030375,0.241152,-0.063943,-0.028566,0.820155,0.489663,-0.015702,-0.210535,-0.788752,-0.067310,0.883577,0.491762,0.066353,-0.127798,0.799547,0.199194,0.942058,-0.474228,0.226769,-0.026871,0.014557,-0.313612,1.153681,-0.123739,-0.294624,0.133838
22.440000,0.013662,0.201992,1.194629,-0.365330,0.019026,0.239908,-0.054113,-0.028854,0.815988,0.493290,-0.013096,-0.206121,-0.778845,-0.065915,0.881016,0.498974,0.073064,-0.128247,0.789990,0.203682,0.941538,-0.481452,0.222066,-0.025146,0.012029,-0.319465,1.156326,-0.129060,-0.290639,0.130677
22.460000,0.006415,0.202259,1.199413,-0.359257,0.007737,0.238444,-0.044214,-0.029089,0.811913,0.496557,-0.010425,-0.201410,-0.768795,-0.064392,0.878447,0.505966,0.079057,-0.128624,0.780291,0.208077,0.941052,-0.488457,0.217465,-0.023413,0.009395,-0.325237,1.158907,-0.134327,-0.286458,0.127365
22.480000,-0.000706,0.202302,1.204165,-0.352809,-0.003493,0.236761,-0.034253,-0.029270,0.807934,0.499462,-0.007688,-0.196400,-0.758608,-0.062757,0.875872,0.512737,0.084334,-0.128931,0.770453,0.212382,0.940602,-0.495244,0.212966,-0.021671,0.006656,-0.330922,1.161420,-0.139540,-0.282080,0.123902
22.500000,-0.007695,0.202120,1.208882,-0.345986,-0.014664,0.234859,-0.024238,-0.029396,0.804059,0.502007,-0.004885,-0.191092,-0.748287,-0.061024,0.873290,0.519289,0.088893,-0.129167,0.760482,0.216597,0.940186,-0.501812,0.208568,-0.019920,0.003814,-0.336518,1.163862,-0.144699,-0.277506,0.120289
22.520000,-0.014544,0.201716,1.213558,-0.338841,-0.025689,0.232748,-0.014175,-0.029465,0.800292,0.504200,-0.002009,-0.185523,-0.737837,-0.059206,0.870706,0.525653,0.092728,-0.129301,0.750382,0.220725,0.939805,-0.508191,0.204259,-0.018165,0.000868,-0.342021,1.166230,-0.149809,-0.272745,0.116543
22.540000,-0.021247,0.201094,1.218191,-0.331427,-0.036483,0.230439,-0.004072,-0.029476,0.796639,0.506051,0.000949,-0.179731,-0.727262,-0.057320,0.868119,0.531860,0.095829,-0.129303,0.740156,0.224768,0.939459,-0.514410,0.200025,-0.016410,-0.002179,-0.347427,1.168523,-0.154874,-0.267806,0.112682
22.560000,-0.027799,0.200258,1.222775,-0.323745,-0.047044,0.227932,0.006064,-0.029427,0.793104,0.507558,0.003990,-0.173716,-0.716564,-0.055378,0.865534,0.537911,0.098196,-0.129172,0.729807,0.228726,0.939148,-0.520468,0.195865,-0.014656,-0.005326,-0.352732,1.170737,-0.159894,-0.262689,0.108706
22.580000,-0.034195,0.199214,1.227307,-0.315794,-0.057374,0.225226,0.016228,-0.029316,0.789692,0.508724,0.007112,-0.167478,-0.705746,-0.053397,0.862953,0.543807,0.099831,-0.128908,0.719338,0.232603,0.938873,-0.526367,0.191781,-0.012902,-0.008574,-0.357933,1.172870,-0.164869,-0.257394,0.104615
22.600000,-0.040429,0.197965,1.231782,-0.307574,-0.067471,0.222323,0.026411,-0.029142,0.786407,0.509546,0.010317,-0.161017,-0.694813,-0.051390,0.860379,0.549546,0.100732,-0.128513,0.708753,0.236398,0.938632,-0.532106,0.187771,-0.011147,-0.011921,-0.363027,1.174921,-0.169800,-0.251921,0.100409
22.620000,-0.046496,0.196517,1.236198,-0.299137,-0.077263,0.219207,0.036607,-0.028903,0.783253,0.510044,0.013608,-0.154370,-0.683766,-0.049372,0.857814,0.555148,0.100943,-0.127959,0.698055,0.240114,0.938427,-0.537714,0.183828,-0.009397,-0.015366,-0.368009,1.176886,-0.174689,-0.246290,0.096112
22.640000,-0.052393,0.194877,1.240549,-0.290534,-0.086674,0.215864,0.046811,-0.028597,0.780233,0.510234,0.016990,-0.147576,-0.672608,-0.047356,0.855262,0.560633,0.100508,-0.127223,0.687245,0.243752,0.938256,-0.543223,0.179941,-0.007655,-0.018908,-0.372878,1.178765,-0.179542,-0.240520,0.091749
22.660000,-0.058116,0.193053,1.244831,-0.281766,-0.095705,0.212293,0.057015,-0.028222,0.777350,0.510118,0.020464,-0.140634,-0.661341,-0.045356,0.852726,0.566000,0.099426,-0.126305,0.676327,0.247312,0.938121,-0.548631,0.176113,-0.005920,-0.022547,-0.377629,1.180556,-0.184359,-0.234612,0.087318
22.680000,-0.063663,0.191051,1.249039,-0.272832,-0.104356,0.208495,0.067213,-0.027778,0.774608,0.509694,0.024029,-0.133545,-0.649968,-0.043384,0.850211,0.571250,0.097699,-0.125204,0.665301,0.250796,0.938020,-0.553940,0.172341,-0.004192,-0.026282,-0.382261,1.182257,-0.189139,-0.228565,0.082821
22.700000,-0.069029,0.188881,1.253169,-0.263732,-0.112626,0.204469,0.077400,-0.027261,0.772010,0.508963,0.027685,-0.126308,-0.638492,-0.041452,0.847719,0.576383,0.095325,-0.123920,0.654170,0.254206,0.937953,-0.559148,0.168627,-0.002472,-0.030112,-0.386771,1.183868,-0.193882,-0.222381,0.078257
22.720000,-0.074211,0.186549,1.257217,-0.254507,-0.120463,0.200202,0.087570,-0.026670,0.769557,0.507941,0.031434,-0.118959,-0.626914,-0.039575,0.845255,0.581416,0.092368,-0.122446,0.642935,0.257542,0.937921,-0.564289,0.164968,-0.000764,-0.034037,-0.391156,1.185387,-0.198600,-0.216089,0.073642
22.740000,-0.079208,0.184066,1.261176,-0.245198,-0.127814,0.195681,0.097716,-0.026003,0.767252,0.506644,0.035275,-0.111534,-0.615236,-0.037761,0.842823,0.586366,0.088891,-0.120773,0.631598,0.260805,0.937922,-0.569394,0.161360,0.000930,-0.038056,-0.395414,1.186814,-0.203302,-0.209723,0.068994
22.760000,-0.084019,0.181440,1.265042,-0.235804,-0.134680,0.190905,0.107834,-0.025258,0.765096,0.505071,0.039210,-0.104033,-0.603460,-0.036022,0.840426,0.591234,0.084894,-0.118901,0.620160,0.263997,0.937958,-0.574464,0.157803,0.002610,-0.042169,-0.399544,1.188147,-0.207988,-0.203281,0.064313
22.780000,-0.088640,0.178682,1.268810,-0.226325,-0.141059,0.185874,0.117917,-0.024434,0.763091,0.503222,0.043237,-0.096456,-0.591587,-0.034369,0.838068,0.596020,0.080377,-0.116831,0.608620,0.267118,0.938027,-0.579497,0.154298,0.004274,-0.046376,-0.403545,1.189386,-0.212660,-0.196764,0.059598
22.800000,-0.093071,0.175801,1.272475,-0.216762,-0.146952,0.180588,0.127961,-0.023528,0.761238,0.501097,0.047358,-0.088804,-0.579619,-0.032811,0.835754,0.600723,0.075340,-0.114562,0.596980,0.270169,0.938129,-0.584495,0.150845,0.005924,-0.050676,-0.407414,1.190530,-0.217315,-0.190172,0.054850
22.820000,-0.097310,0.172807,1.276032,-0.207154,-0.152343,0.175046,0.137960,-0.022539,0.759539,0.498730,0.051560,-0.081112,-0.567558,-0.031358,0.833487,0.605357,0.069863,-0.112101,0.585240,0.273152,0.938263,-0.589472,0.147443,0.007556,-0.055068,-0.411151,1.191580,-0.221960,-0.183530,0.050084
22.840000,-0.101357,0.169711,1.279475,-0.197540,-0.157213,0.169243,0.147909,-0.021465,0.757994,0.496154,0.055831,-0.073419,-0.555405,-0.030019,0.831271,0.609936,0.064027,-0.109455,0.573401,0.276067,0.938431,-0.594441,0.144094,0.009167,-0.059554,-0.414755,1.192534,-0.226599,-0.176863,0.045317
22.860000,-0.105212,0.166522,1.282800,-0.187921,-0.161562,0.163182,0.157804,-0.020305,0.756602,0.493368,0.060172,-0.065725,-0.543161,-0.028800,0.829110,0.614460,0.057830,-0.106623,0.561463,0.278916,0.938630,-0.599403,0.140797,0.010758,-0.064132,-0.418225,1.193392,-0.231230,-0.170169,0.040547
22.880000,-0.108874,0.163252,1.286001,-0.178296,-0.165391,0.156860,0.167642,-0.019058,0.755365,0.490373,0.064582,-0.058028,-0.530827,-0.027708,0.827007,0.618928,0.051274,-0.103605,0.549425,0.281699,0.938861,-0.604357,0.137552,0.012327,-0.068803,-0.421562,1.194156,-0.235856,-0.163451,0.035776
22.900000,-0.112344,0.159910,1.289073,-0.168666,-0.168700,0.150280,0.177418,-0.017721,0.754281,0.487168,0.069061,-0.050331,-0.518405,-0.026751,0.824967,0.623342,0.044357,-0.100403,0.537289,0.284418,0.939123,-0.609305,0.134359,0.013875,-0.073566,-0.424763,1.194823,-0.240475,-0.156706,0.031004
22.920000,-0.115621,0.156507,1.292011,-0.159066,-0.171509,0.143455,0.187128,-0.016295,0.753351,0.483783,0.073599,-0.042661,-0.505894,-0.025936,0.822992,0.627707,0.037157,-0.097024,0.525053,0.287074,0.939416,-0.614245,0.131212,0.015398,-0.078422,-0.427830,1.195396,-0.245082,-0.149955,0.026244
22.940000,-0.118707,0.153053,1.294809,-0.149533,-0.173839,0.136402,0.196768,-0.014777,0.752574,0.480247,0.078183,-0.035048,-0.493297,-0.025266,0.821087,0.632030,0.029750,-0.093479,0.512719,0.289667,0.939739,-0.619180,0.128105,0.016891,-0.083370,-0.430762,1.195873,-0.249671,-0.143216,0.021512
22.960000,-0.121603,0.149557,1.297465,-0.140067,-0.175691,0.129121,0.206336,-0.013167,0.751949,0.476560,0.082814,-0.027492,-0.480613,-0.024747,0.819254,0.636310,0.022136,-0.089767,0.500286,0.292198,0.940091,-0.624109,0.125037,0.018354,-0.088409,-0.433559,1.196257,-0.254243,-0.136489,0.016808
22.980000,-0.124310,0.146028,1.299973,-0.130667,-0.177064,0.121611,0.215829,-0.011464,0.751474,0.472722,0.087492,-0.019993,-0.467844,-0.024382,0.817497,0.640548,0.014314,-0.085889,0.487755,0.294669,0.940473,-0.629031,0.122009,0.019787,-0.093539,-0.436221,1.196546,-0.258798,-0.129773,0.012131
23.000000,-0.126830,0.142477,1.302328,-0.121334,-0.177958,0.113873,0.225244,-0.009667,0.751149,0.468733,0.092217,-0.012552,-0.454992,-0.024176,0.815820,0.644744,0.006286,-0.081845,0.475125,0.297079,0.940882,-0.633948,0.119020,0.021191,-0.098761,-0.438750,1.196742,-0.263335,-0.123070,0.007483
23.020000,-0.129164,0.138913,1.304526,-0.112094,-0.178418,0.105933,0.234578,-0.007775,0.750972,0.464613,0.096980,-0.005186,-0.442055,-0.024132,0.814225,0.648901,-0.001887,-0.077639,0.462397,0.299430,0.941320,-0.638855,0.116058,0.022560,-0.104072,-0.441144,1.196845,-0.267839,-0.116391,0.002874
23.040000,-0.131314,0.135343,1.306564,-0.102973,-0.178489,0.097816,0.243828,-0.005788,0.750941,0.460382,0.101774,0.002083,-0.429036,-0.024252,0.812715,0.653022,-0.010141,-0.073278,0.449571,0.301721,0.941785,-0.643747,0.113108,0.023888,-0.109474,-0.443406,1.196857,-0.272294,-0.109748,-0.001683
23.060000,-0.133283,0.131776,1.308438,-0.093972,-0.178169,0.089522,0.252992,-0.003704,0.751055,0.456042,0.106599,0.009257,-0.415934,-0.024538,0.811295,0.657107,-0.018476,-0.068761,0.436647,0.303954,0.942275,-0.648626,0.110172,0.025176,-0.114964,-0.445534,1.196778,-0.276701,-0.103141,-0.006188
23.080000,-0.135074,0.128219,1.310144,-0.085090,-0.177459,0.081052,0.262069,-0.001524,0.751311,0.451591,0.111454,0.016335,-0.402752,-0.024991,0.809966,0.661156,-0.026892,-0.064088,0.423626,0.306128,0.942791,-0.653490,0.107248,0.026424,-0.120541,-0.447531,1.196610,-0.281059,-0.096571,-0.010640
23.100000,-0.136688,0.124680,1.311679,-0.076327,-0.176360,0.072405,0.271055,0.000754,0.751707,0.447029,0.116339,0.023317,-0.389488,-0.025614,0.808732,0.665169,-0.035389,-0.059259,0.410507,0.308244,0.943332,-0.658341,0.104337,0.027631,-0.126206,-0.449397,1.196353,-0.285368,-0.090038,-0.015041
23.120000,-0.138128,0.121167,1.313039,-0.067710,-0.174927,0.063622,0.279950,0.003130,0.752242,0.442376,0.121229,0.030186,-0.376145,-0.026407,0.807597,0.669141,-0.043913,-0.054284,0.397292,0.310302,0.943896,-0.663159,0.101445,0.028796,-0.131956,-0.451133,1.196009,-0.289600,-0.083547,-0.019380
23.140000,-0.139397,0.117685,1.314223,-0.059267,-0.173217,0.054745,0.288750,0.005603,0.752914,0.437648,0.126097,0.036926,-0.362723,-0.027370,0.806562,0.673064,-0.052410,-0.049172,0.383981,0.312302,0.944483,-0.667928,0.098574,0.029915,-0.137789,-0.452740,1.195578,-0.293727,-0.077106,-0.023649
23.160000,-0.140500,0.114240,1.315228,-0.050997,-0.171230,0.045772,0.297455,0.008174,0.753719,0.432846,0.130944,0.043537,-0.349223,-0.028503,0.805631,0.676941,-0.060881,-0.043924,0.370575,0.314245,0.945093,-0.672648,0.095726,0.030990,-0.143704,-0.454218,1.195063,-0.297749,-0.070715,-0.027848
23.180000,-0.141438,0.110837,1.316053,-0.042901,-0.168967,0.036706,0.306063,0.010841,0.754654,0.427970,0.135768,0.050019,-0.335646,-0.029805,0.804806,0.680770,-0.069325,-0.038539,0.357076,0.316131,0.945723,-0.677317,0.092901,0.032020,-0.149698,-0.455569,1.194465,-0.301667,-0.064373,-0.031975
23.200000,-0.142217,0.107483,1.316696,-0.034978,-0.166426,0.027544,0.314573,0.013604,0.755719,0.423020,0.140570,0.056371,-0.321992,-0.031276,0.804090,0.684551,-0.077743,-0.033018,0.343483,0.317961,0.946373,-0.681937,0.090098,0.033005,-0.155770,-0.456793,1.193785,-0.305479,-0.058081,-0.036033
23.220000,-0.142839,0.104182,1.317155,-0.027253,-0.163668,0.018337,0.322984,0.016463,0.756908,0.418009,0.145324,0.062582,-0.308264,-0.032915,0.803486,0.688261,-0.086085,-0.027390,0.329799,0.319735,0.947043,-0.686478,0.087322,0.033944,-0.161917,-0.457892,1.193024,-0.309161,-0.051854,-0.040009
23.240000,-0.143309,0.100937,1.317429,-0.019748,-0.160751,0.009133,0.331293,0.019417,0.758221,0.412949,0.150003,0.068642,-0.294463,-0.034719,0.802995,0.691875,-0.094305,-0.021681,0.316025,0.321454,0.947731,-0.690913,0.084575,0.034836,-0.168135,-0.458868,1.192185,-0.312688,-0.045708,-0.043894
23.260000,-0.143630,0.097753,1.317520,-0.012465,-0.157674,-0.000069,0.339501,0.022463,0.759653,0.407842,0.154607,0.074548,-0.280590,-0.036686,0.802619,0.695395,-0.102403,-0.015893,0.302163,0.323119,0.948436,-0.695239,0.081859,0.035680,-0.174423,-0.459721,1.191269,-0.316059,-0.039644,-0.047688
23.280000,-0.143809,0.094631,1.317427,-0.005403,-0.154438,-0.009267,0.347607,0.025601,0.761202,0.402686,0.159135,0.080303,-0.266647,-0.038814,0.802360,0.698819,-0.110377,-0.010026,0.288216,0.324729,0.949157,-0.699459,0.079173,0.036478,-0.180777,-0.460454,1.190278,-0.319275,-0.033660,-0.051390
23.300000,-0.143848,0.091576,1.317149,0.001437,-0.151043,-0.018462,0.355608,0.028828,0.762864,0.397482,0.163589,0.085905,-0.252638,-0.041100,0.802218,0.702148,-0.118230,-0.004080,0.274185,0.326286,0.949895,-0.703571,0.076517,0.037227,-0.187193,-0.461068,1.189214,-0.322335,-0.027758,-0.055001
23.320000,-0.143753,0.088590,1.316689,0.008048,-0.147538,-0.027597,0.363506,0.032143,0.764637,0.392236,0.167943,0.091348,-0.238562,-0.043542,0.802197,0.705345,-0.125918,0.001919,0.260074,0.327790,0.950646,-0.707541,0.073893,0.037931,-0.193669,-0.461565,1.188079,-0.325223,-0.021959,-0.058511
23.340000,-0.143528,0.085675,1.316046,0.014418,-0.143971,-0.036617,0.371298,0.035545,0.766517,0.386955,0.172172,0.096627,-0.224425,-0.046136,0.802295,0.708372,-0.133400,0.007942,0.245885,0.329242,0.951412,-0.711333,0.071305,0.038588,-0.200201,-0.461947,1.186874,-0.327922,-0.016285,-0.061910
23.360000,-0.143178,0.082832,1.315225,0.020548,-0.140343,-0.045520,0.378984,0.039030,0.768501,0.381639,0.176276,0.101741,-0.210229,-0.048877,0.802515,0.711228,-0.140678,0.013989,0.231622,0.330642,0.952189,-0.714946,0.068752,0.039200,-0.206785,-0.462217,1.185603,-0.330433,-0.010737,-0.065198
23.380000,-0.142707,0.080062,1.314226,0.026438,-0.136653,-0.054307,0.386563,0.042595,0.770585,0.376286,0.180255,0.106690,-0.195977,-0.051761,0.802855,0.713916,-0.147750,0.020060,0.217288,0.331992,0.952979,-0.718381,0.066233,0.039766,-0.213417,-0.462378,1.184267,-0.332754,-0.005314,-0.068376
23.400000,-0.142122,0.077366,1.313053,0.032088,-0.132902,-0.062978,0.394035,0.046239,0.772767,0.370899,0.184109,0.111474,-0.181673,-0.054785,0.803317,0.716433,-0.154617,0.026155,0.202888,0.333292,0.953780,-0.721638,0.063750,0.040287,-0.220094,-0.462431,1.182869,-0.334887,-0.000017,-0.071442
23.420000,-0.141425,0.074746,1.311708,0.037495,-0.129120,-0.071486,0.401399,0.049958,0.775043,0.365474,0.187817,0.116093,-0.167321,-0.057944,0.803901,0.718742,-0.161249,0.032240,0.188424,0.334542,0.954590,-0.724679,0.061303,0.040764,-0.226811,-0.462379,1.181410,-0.336835,0.005130,-0.074392
23.440000,-0.140623,0.072202,1.310195,0.042656,-0.125340,-0.079786,0.408654,0.053750,0.777410,0.360012,0.191357,0.120547,-0.152925,-0.061234,0.804606,0.720807,-0.167620,0.038278,0.173902,0.335744,0.955410,-0.727466,0.058892,0.041200,-0.233566,-0.462227,1.179894,-0.338601,0.010102,-0.077219
23.460000,-0.139721,0.069732,1.308518,0.047571,-0.121561,-0.087876,0.415799,0.057612,0.779864,0.354511,0.194729,0.124835,-0.138490,-0.064648,0.805432,0.722626,-0.173727,0.044271,0.159327,0.336898,0.956238,-0.729999,0.056517,0.041596,-0.240354,-0.461976,1.178322,-0.340186,0.014899,-0.079923
23.480000,-0.138722,0.067339,1.306682,0.052239,-0.117784,-0.095756,0.422834,0.061539,0.782402,0.348972,0.197933,0.128959,-0.124022,-0.068181,0.806377,0.724199,-0.179573,0.050218,0.144704,0.338005,0.957074,-0.732278,0.054178,0.041952,-0.247172,-0.461632,1.176698,-0.341590,0.019521,-0.082504
23.500000,-0.137633,0.065021,1.304689,0.056661,-0.114007,-0.103428,0.429757,0.065528,0.785021,0.343395,0.200969,0.132916,-0.109524,-0.071829,0.807440,0.725527,-0.185155,0.056119,0.130038,0.339065,0.957916,-0.734303,0.051876,0.042266,-0.254016,-0.461197,1.175023,-0.342812,0.023968,-0.084962
23.520000,-0.136458,0.062779,1.302546,0.060839,-0.110255,-0.110854,0.436569,0.069576,0.787718,0.337780,0.203815,0.136704,-0.095003,-0.075585,0.808621,0.726576,-0.190459,0.061938,0.115334,0.340080,0.958764,-0.736032,0.049612,0.042543,-0.260883,-0.460674,1.173300,-0.343857,0.028232,-0.087295
23.540000,-0.135201,0.060611,1.300257,0.064779,-0.106549,-0.117998,0.443268,0.073679,0.790488,0.332127,0.206445,0.140316,-0.080463,-0.079445,0.809917,0.727311,-0.195467,0.067640,0.100599,0.341050,0.959617,-0.737423,0.047389,0.042784,-0.267769,-0.460069,1.171532,-0.344726,0.032301,-0.089501
23.560000,-0.133868,0.058516,1.297828,0.068478,-0.102890,-0.124861,0.449854,0.077832,0.793329,0.326435,0.208861,0.143752,-0.065912,-0.083402,0.811326,0.727733,-0.200179,0.073225,0.085839,0.341976,0.960475,-0.738474,0.045207,0.042989,-0.274671,-0.459384,1.169721,-0.345419,0.036176,-0.091580
23.580000,-0.132463,0.056495,1.295264,0.071938,-0.099277,-0.131441,0.456326,0.082032,0.796237,0.320705,0.211063,0.147012,-0.051356,-0.087450,0.812845,0.727840,-0.204595,0.078691,0.071062,0.342859,0.961337,-0.739186,0.043066,0.043158,-0.281585,-0.458623,1.167870,-0.345938,0.039858,-0.093532
23.600000,-0.130992,0.054545,1.292572,0.075159,-0.095712,-0.137739,0.462682,0.086273,0.799209,0.314936,0.213050,0.150096,-0.036801,-0.091584,0.814473,0.727634,-0.208716,0.084041,0.056274,0.343699,0.962201,-0.739560,0.040967,0.043292,-0.288507,-0.457791,1.165981,-0.346281,0.043346,-0.095357
23.620000,-0.129459,0.052666,1.289757,0.078149,-0.092208,-0.143733,0.468923,0.090552,0.802240,0.309134,0.214805,0.152998,-0.022253,-0.095797,0.816206,0.727086,-0.212534,0.089244,0.041482,0.344498,0.963068,-0.739566,0.038911,0.043393,-0.295435,-0.456890,1.164056,-0.346450,0.046641,-0.097055
23.640000,-0.127868,0.050856,1.286825,0.080919,-0.088780,-0.149400,0.475047,0.094864,0.805327,0.303303,0.216310,0.155710,-0.007720,-0.100083,0.818041,0.726167,-0.216042,0.094271,0.026694,0.345256,0.963937,-0.739176,0.036903,0.043462,-0.302364,-0.455926,1.162099,-0.346446,0.049745,-0.098627
23.660000,-0.126223,0.049114,1.283783,0.083468,-0.085429,-0.154739,0.481055,0.099203,0.808467,0.297443,0.217566,0.158231,0.006791,-0.104436,0.819976,0.724878,-0.219240,0.099123,0.011918,0.345974,0.964806,-0.738389,0.034943,0.043501,-0.309292,-0.454902,1.160112,-0.346268,0.052658,-0.100074
23.680000,-0.124530,0.047438,1.280638,0.085798,-0.082154,-0.159752,0.486945,0.103565,0.811655,0.291554,0.218572,0.160563,0.021273,-0.108851,0.822005,0.723218,-0.222128,0.103800,-0.002839,0.346654,0.965677,-0.737205,0.033031,0.043510,-0.316214,-0.453821,1.158097,-0.345918,0.055380,-0.101394
23.700000,-0.122793,0.045827,1.277395,0.087907,-0.078956,-0.164437,0.492717,0.107944,0.814888,0.285636,0.219329,0.162704,0.035718,-0.113320,0.824127,0.721187,-0.224705,0.108301,-0.017568,0.347296,0.966547,-0.735625,0.031166,0.043487,-0.323127,-0.452688,1.156057,-0.345395,0.057910,-0.102589
23.720000,-0.121015,0.044280,1.274062,0.089811,-0.075842,-0.168789,0.498370,0.112336,0.818162,0.279702,0.219831,0.164649,0.050118,-0.117837,0.826336,0.718765,-0.226974,0.112609,-0.032261,0.347901,0.967416,-0.733641,0.029352,0.043435,-0.330028,-0.451506,1.153994,-0.344699,0.060256,-0.103660
23.740000,-0.119202,0.042793,1.270646,0.091527,-0.072822,-0.172804,0.503905,0.116736,0.821473,0.273767,0.220076,0.166392,0.064466,-0.122396,0.828630,0.715933,-0.228935,0.116707,-0.046911,0.348470,0.968284,-0.731245,0.027592,0.043356,-0.336914,-0.450279,1.151911,-0.343829,0.062425,-0.104609
23.760000,-0.117356,0.041366,1.267153,0.093054,-0.069895,-0.176481,0.509321,0.121138,0.824816,0.267828,0.220063,0.167933,0.078752,-0.126992,0.831003,0.712689,-0.230589,0.120594,-0.061508,0.349005,0.969150,-0.728437,0.025886,0.043250,-0.343780,-0.449010,1.149811,-0.342784,0.064416,-0.105436
23.780000,-0.115481,0.039997,1.263589,0.094392,-0.067061,-0.179819,0.514618,0.125537,0.828189,0.261888,0.219792,0.169272,0.092970,-0.131618,0.833452,0.709034,-0.231934,0.124270,-0.076045,0.349506,0.970014,-0.725218,0.024233,0.043116,-0.350624,-0.447703,1.147695,-0.341566,0.066230,-0.106141
23.800000,-0.113581,0.038683,1.259962,0.095542,-0.064320,-0.182820,0.519796,0.129928,0.831586,0.255945,0.219263,0.170408,0.107111,-0.136267,0.835972,0.704968,-0.232972,0.127736,-0.090514,0.349975,0.970874,-0.721587,0.022635,0.042955,-0.357442,-0.446362,1.145566,-0.340175,0.067867,-0.106723
23.820000,-0.111660,0.037423,1.256278,0.096510,-0.061671,-0.185479,0.524856,0.134306,0.835004,0.250024,0.218491,0.171341,0.121166,-0.140935,0.838560,0.700481,-0.233709,0.130987,-0.104906,0.350412,0.971732,-0.717561,0.021091,0.042767,-0.364230,-0.444990,1.143427,-0.338609,0.069336,-0.107186
23.840000,-0.109722,0.036216,1.252545,0.097304,-0.059110,-0.187793,0.529797,0.138666,0.838438,0.244147,0.217492,0.172068,0.135127,-0.145614,0.841210,0.695562,-0.234155,0.134019,-0.119214,0.350819,0.972585,-0.713158,0.019605,0.042553,-0.370985,-0.443590,1.141279,-0.336869,0.070648,-0.107531
23.860000,-0.107769,0.035058,1.248769,0.097924,-0.056638,-0.189761,0.534622,0.143004,0.841885,0.238316,0.216266,0.172589,0.148986,-0.150299,0.843919,0.690211,-0.234309,0.136833,-0.133430,0.351196,0.973434,-0.708377,0.018175,0.042312,-0.377704,-0.442165,1.139126,-0.334956,0.071801,-0.107758
23.880000,-0.105806,0.033950,1.244957,0.098370,-0.054255,-0.191384,0.539330,0.147315,0.845340,0.232529,0.214812,0.172905,0.162733,-0.154984,0.846682,0.684429,-0.234171,0.139428,-0.147547,0.351546,0.974277,-0.703218,0.016803,0.042044,-0.384382,-0.440719,1.136970,-0.332868,0.072796,-0.107868
23.900000,-0.103836,0.032888,1.241116,0.098642,-0.051961,-0.192662,0.543923,0.151595,0.848800,0.226787,0.213131,0.173015,0.176360,-0.159664,0.849495,0.678215,-0.233741,0.141804,-0.161556,0.351869,0.975115,-0.697682,0.015487,0.041749,-0.391017,-0.439254,1.134812,-0.330607,0.073633,-0.107860
23.920000,-0.101861,0.031870,1.237253,0.098757,-0.049754,-0.193616,0.548402,0.155839,0.852260,0.221106,0.211248,0.172935,0.189859,-0.164332,0.852353,0.671579,-0.233035,0.143963,-0.175452,0.352166,0.975947,-0.691794,0.014228,0.041429,-0.397605,-0.437774,1.132656,-0.328174,0.074323,-0.107737
23.940000,-0.099886,0.030897,1.233373,0.098735,-0.047630,-0.194266,0.552768,0.160044,0.855716,0.215504,0.209187,0.172684,0.203221,-0.168984,0.855252,0.664532,-0.232070,0.145908,-0.189226,0.352438,0.976772,-0.685578,0.013026,0.041084,-0.404143,-0.436282,1.130504,-0.325572,0.074875,-0.107503
23.960000,-0.097913,0.029965,1.229484,0.098574,-0.045590,-0.194614,0.557023,0.164205,0.859166,0.209979,0.206949,0.172259,0.216437,-0.173613,0.858188,0.657072,-0.230846,0.147638,-0.202873,0.352687,0.977590,-0.679034,0.011881,0.040714,-0.410627,-0.434780,1.128357,-0.322802,0.075291,-0.107156
23.980000,-0.095944,0.029073,1.225591,0.098275,-0.043634,-0.194658,0.561168,0.168320,0.862605,0.204532,0.204533,0.171663,0.229501,-0.178216,0.861156,0.649200,-0.229362,0.149154,-0.216385,0.352914,0.978401,-0.672162,0.010793,0.040320,-0.417054,-0.433271,1.126218,-0.319863,0.075570,-0.106697
24.000000,-0.093983,0.028219,1.221700,0.097838,-0.041761,-0.194400,0.565205,0.172385,0.866031,0.199163,0.201939,0.170893,0.242403,-0.182786,0.864152,0.640917,-0.227619,0.150455,-0.229757,0.353119,0.979203,-0.664964,0.009762,0.039900,-0.423421,-0.431758,1.124090,-0.316755,0.075713,-0.106126
24.020000,-0.092032,0.027402,1.217817,0.097279,-0.039967,-0.193863,0.569135,0.176397,0.869440,0.193884,0.199199,0.169976,0.255135,-0.187319,0.867173,0.632251,-0.225639,0.151549,-0.242982,0.353305,0.979997,-0.657465,0.008787,0.039460,-0.429723,-0.430244,1.121974,-0.313486,0.075729,-0.105447
24.040000,-0.090092,0.026620,1.213947,0.096615,-0.038246,-0.193074,0.572961,0.180352,0.872829,0.188706,0.196341,0.168937,0.267690,-0.191810,0.870213,0.623231,-0.223446,0.152444,-0.256054,0.353471,0.980781,-0.649697,0.007864,0.039005,-0.435959,-0.428730,1.119872,-0.310062,0.075631,-0.104664
24.060000,-0.088168,0.025871,1.210095,0.095846,-0.036598,-0.192031,0.576684,0.184250,0.876197,0.183630,0.193366,0.167776,0.280062,-0.196255,0.873269,0.613858,-0.221040,0.153139,-0.268968,0.353620,0.981557,-0.641657,0.006996,0.038535,-0.442125,-0.427219,1.117788,-0.306484,0.075418,-0.103776
24.080000,-0.086259,0.025155,1.206267,0.094971,-0.035024,-0.190735,0.580307,0.188086,0.879540,0.178655,0.190274,0.166493,0.292242,-0.200650,0.876337,0.604132,-0.218420,0.153634,-0.281718,0.353751,0.982323,-0.633347,0.006181,0.038050,-0.448217,-0.425714,1.115722,-0.302751,0.075090,-0.102784
24.100000,-0.084370,0.024470,1.202468,0.093992,-0.033524,-0.189186,0.583831,0.191860,0.882856,0.173782,0.187066,0.165088,0.304225,-0.204991,0.879413,0.594053,-0.215587,0.153930,-0.294300,0.353867,0.983079,-0.624766,0.005419,0.037549,-0.454234,-0.424217,1.113677,-0.298864,0.074647,-0.101688
24.120000,-0.082500,0.023814,1.198701,0.092922,-0.032090,-0.187412,0.587259,0.195568,0.886143,0.169014,0.183763,0.163582,0.316002,-0.209273,0.882493,0.583666,-0.212568,0.154039,-0.306707,0.353969,0.983824,-0.615939,0.004709,0.037040,-0.460171,-0.422729,1.111655,-0.294835,0.074101,-0.100493
24.140000,-0.080653,0.023186,1.194973,0.091778,-0.030719,-0.185438,0.590592,0.199210,0.889399,0.164354,0.180390,0.161998,0.327570,-0.213492,0.885574,0.573018,-0.209392,0.153973,-0.318936,0.354056,0.984560,-0.606892,0.004047,0.036528,-0.466026,-0.421253,1.109658,-0.290677,0.073463,-0.099205
24.160000,-0.078830,0.022585,1.191285,0.090559,-0.029408,-0.183265,0.593834,0.202783,0.892622,0.159803,0.176945,0.160337,0.338921,-0.217647,0.888651,0.562110,-0.206057,0.153732,-0.330981,0.354131,0.985286,-0.597625,0.003434,0.036014,-0.471797,-0.419791,1.107688,-0.286390,0.072733,-0.097824
24.180000,-0.077031,0.022009,1.187643,0.089265,-0.028159,-0.180893,0.596985,0.206287,0.895811,0.155359,0.173430,0.158597,0.350052,-0.221734,0.891722,0.550940,-0.202565,0.153315,-0.342839,0.354194,0.986001,-0.588137,0.002870,0.035497,-0.477481,-0.418344,1.105746,-0.281973,0.071910,-0.096350
24.200000,-0.075260,0.021458,1.184051,0.087896,-0.026971,-0.178322,0.600049,0.209720,0.898965,0.151024,0.169844,0.156779,0.360957,-0.225749,0.894782,0.539508,-0.198914,0.152724,-0.354505,0.354246,0.986705,-0.578429,0.002355,0.034979,-0.483075,-0.416915,1.103834,-0.277428,0.070996,-0.094782
24.220000,-0.073516,0.020930,1.180512,0.086467,-0.025839,-0.175581,0.603027,0.213081,0.902082,0.146798,0.166209,0.154902,0.371631,-0.229689,0.897830,0.527880,-0.195139,0.151975,-0.365975,0.354288,0.987400,-0.568523,0.001885,0.034464,-0.488577,-0.415505,1.101955,-0.272771,0.070000,-0.093129
24.240000,-0.071801,0.020424,1.177029,0.084993,-0.024758,-0.172700,0.605921,0.216368,0.905161,0.142682,0.162547,0.152988,0.382071,-0.233554,0.900861,0.516118,-0.191270,0.151083,-0.377245,0.354322,0.988084,-0.558439,0.001460,0.033962,-0.493985,-0.414116,1.100110,-0.268020,0.068935,-0.091396
24.260000,-0.070116,0.019939,1.173604,0.083473,-0.023726,-0.169678,0.608735,0.219582,0.908201,0.138677,0.158858,0.151036,0.392275,-0.237340,0.903872,0.504222,-0.187308,0.150051,-0.388312,0.354347,0.988758,-0.548178,0.001078,0.033471,-0.499298,-0.412748,1.098300,-0.263176,0.067800,-0.089586
24.280000,-0.068463,0.019475,1.170242,0.081908,-0.022745,-0.166516,0.611469,0.222723,0.911202,0.134783,0.155143,0.149046,0.402239,-0.241045,0.906862,0.492193,-0.183252,0.148876,-0.399171,0.354365,0.989423,-0.537741,0.000741,0.032993,-0.504512,-0.411404,1.096527,-0.258237,0.066596,-0.087696
24.300000,-0.066840,0.019029,1.166945,0.080298,-0.021815,-0.163213,0.614127,0.225788,0.914163,0.130999,0.151400,0.147018,0.411962,-0.244669,0.909826,0.480031,-0.179104,0.147560,-0.409820,0.354377,0.990078,-0.527126,0.000447,0.032525,-0.509626,-0.410085,1.094792,-0.253205,0.065322,-0.085728
24.320000,-0.065251,0.018602,1.163715,0.078656,-0.020930,-0.159800,0.616710,0.228778,0.917083,0.127327,0.147654,0.144969,0.421440,-0.248209,0.912763,0.467795,-0.174892,0.146128,-0.420255,0.354383,0.990724,-0.516348,0.000194,0.032077,-0.514640,-0.408792,1.093098,-0.248099,0.063990,-0.083689
24.340000,-0.063694,0.018192,1.160553,0.076996,-0.020086,-0.156308,0.619221,0.231694,0.919962,0.123768,0.143926,0.142919,0.430674,-0.251664,0.915671,0.455549,-0.170647,0.144607,-0.430473,0.354385,0.991361,-0.505420,-0.000018,0.031653,-0.519550,-0.407526,1.091445,-0.242939,0.062608,-0.081588
24.360000,-0.062171,0.017798,1.157463,0.075320,-0.019284,-0.152737,0.621661,0.234536,0.922800,0.120322,0.140218,0.140866,0.439662,-0.255035,0.918547,0.443291,-0.166369,0.142997,-0.440471,0.354383,0.991990,-0.494342,-0.000192,0.031255,-0.524357,-0.406288,1.089835,-0.237726,0.061179,-0.079425
24.380000,-0.060682,0.017420,1.154444,0.073626,-0.018523,-0.149087,0.624034,0.237303,0.925596,0.116990,0.136528,0.138811,0.448405,-0.258319,0.921390,0.431021,-0.162058,0.141298,-0.450246,0.354377,0.992612,-0.483115,-0.000326,0.030883,-0.529059,-0.405079,1.088269,-0.232460,0.059701,-0.077199
24.400000,-0.059226,0.017057,1.151500,0.071915,-0.017803,-0.145358,0.626342,0.239997,0.928352,0.113771,0.132857,0.136754,0.456903,-0.261517,0.924198,0.418740,-0.157714,0.139510,-0.459794,0.354370,0.993226,-0.471738,-0.000420,0.030535,-0.533655,-0.403900,1.086747,-0.227140,0.058175,-0.074911
24.420000,-0.057805,0.016708,1.148630,0.070200,-0.017120,-0.141578,0.628586,0.242618,0.931067,0.110667,0.129227,0.134708,0.465155,-0.264628,0.926970,0.406494,-0.153360,0.137658,-0.469114,0.354361,0.993833,-0.460246,-0.000479,0.030217,-0.538144,-0.402752,1.085273,-0.221784,0.056608,-0.072567
24.440000,-0.056418,0.016372,1.145837,0.068491,-0.016472,-0.137776,0.630769,0.245166,0.933741,0.107677,0.125660,0.132687,0.473163,-0.267651,0.929704,0.394330,-0.149019,0.135770,-0.478204,0.354351,0.994435,-0.448674,-0.000504,0.029933,-0.542526,-0.401636,1.083845,-0.216409,0.055011,-0.070174
24.460000,-0.055065,0.016049,1.143119,0.066790,-0.015857,-0.133953,0.632894,0.247644,0.936374,0.104802,0.122156,0.130690,0.480929,-0.270588,0.932401,0.382246,-0.144692,0.133844,-0.487061,0.354341,0.995031,-0.437021,-0.000497,0.029681,-0.546800,-0.400552,1.082466,-0.211017,0.053382,-0.067733
24.480000,-0.053746,0.015737,1.140479,0.065096,-0.015276,-0.130107,0.634962,0.250053,0.938968,0.102042,0.118715,0.128718,0.488453,-0.273439,0.935058,0.370245,-0.140378,0.131881,-0.495684,0.354331,0.995622,-0.425287,-0.000456,0.029463,-0.550967,-0.399501,1.081136,-0.205605,0.051722,-0.065243
24.500000,-0.052461,0.015437,1.137915,0.063410,-0.014729,-0.126240,0.636976,0.252393,0.941523,0.099397,0.115337,0.126770,0.495739,-0.276204,0.937676,0.358325,-0.136078,0.129881,-0.504072,0.354323,0.996210,-0.413473,-0.000383,0.029277,-0.555024,-0.398483,1.079857,-0.200175,0.050030,-0.062704
24.520000,-0.051210,0.015148,1.135429,0.061739,-0.014213,-0.122370,0.638939,0.254667,0.944039,0.096864,0.112040,0.124853,0.502787,-0.278882,0.940253,0.346541,-0.131815,0.127869,-0.512223,0.354316,0.996794,-0.401632,-0.000281,0.029126,-0.558974,-0.397500,1.078628,-0.194753,0.048320,-0.060135
24.540000,-0.049992,0.014869,1.133020,0.060092,-0.013723,-0.118520,0.640851,0.256876,0.946518,0.094441,0.108840,0.122971,0.509602,-0.281477,0.942790,0.334950,-0.127614,0.125869,-0.520137,0.354312,0.997375,-0.389818,-0.000154,0.029010,-0.562815,-0.396550,1.077451,-0.189363,0.046606,-0.057557
24.560000,-0.048806,0.014599,1.130688,0.058468,-0.013260,-0.114687,0.642717,0.259021,0.948958,0.092127,0.105738,0.121125,0.516187,-0.283987,0.945288,0.323550,-0.123476,0.123882,-0.527816,0.354310,0.997954,-0.378031,-0.000002,0.028929,-0.566548,-0.395635,1.076326,-0.184006,0.044888,-0.054967
24.580000,-0.047653,0.014338,1.128433,0.056869,-0.012824,-0.110874,0.644537,0.261106,0.951363,0.089923,0.102733,0.119315,0.522545,-0.286416,0.947746,0.312342,-0.119399,0.121908,-0.535259,0.354312,0.998532,-0.366271,0.000174,0.028883,-0.570175,-0.394755,1.075253,-0.178682,0.043165,-0.052367
24.600000,-0.046531,0.014086,1.126253,0.055293,-0.012415,-0.107078,0.646315,0.263131,0.953731,0.087828,0.099826,0.117540,0.528682,-0.288764,0.950164,0.301327,-0.115385,0.119946,-0.542467,0.354317,0.999110,-0.354537,0.000375,0.028872,-0.573696,-0.393909,1.074231,-0.173390,0.041438,-0.049757
24.620000,-0.045441,0.013841,1.124149,0.053749,-0.012030,-0.103329,0.648051,0.265100,0.956065,0.085833,0.097021,0.115798,0.534600,-0.291032,0.952544,0.290550,-0.111452,0.118016,-0.549441,0.354327,0.999687,-0.342892,0.000596,0.028895,-0.577111,-0.393097,1.073262,-0.168156,0.039722,-0.047163
24.640000,-0.044381,0.013604,1.122120,0.052245,-0.011668,-0.099653,0.649748,0.267013,0.958363,0.083927,0.094322,0.114086,0.540306,-0.293223,0.954885,0.280061,-0.107621,0.116135,-0.556183,0.354341,1.000266,-0.331395,0.000832,0.028948,-0.580423,-0.392320,1.072345,-0.163004,0.038031,-0.044610
24.660000,-0.043351,0.013374,1.120163,0.050781,-0.011329,-0.096050,0.651409,0.268873,0.960628,0.082112,0.091728,0.112404,0.545804,-0.295338,0.957190,0.269857,-0.103892,0.114303,-0.562697,0.354360,1.000846,-0.320048,0.001084,0.029031,-0.583632,-0.391576,1.071478,-0.157934,0.036367,-0.042100
24.680000,-0.042350,0.013151,1.118277,0.049357,-0.011012,-0.092519,0.653033,0.270683,0.962860,0.080386,0.089241,0.110751,0.551102,-0.297379,0.959458,0.259941,-0.100264,0.112522,-0.568986,0.354385,1.001427,-0.308849,0.001351,0.029146,-0.586741,-0.390865,1.070660,-0.152946,0.034728,-0.039631
24.700000,-0.041376,0.012934,1.116461,0.047973,-0.010719,-0.089062,0.654625,0.272443,0.965059,0.078750,0.086860,0.109128,0.556204,-0.299349,0.961691,0.250310,-0.096737,0.110790,-0.575052,0.354415,1.002012,-0.297800,0.001632,0.029291,-0.589750,-0.390187,1.069892,-0.148041,0.033115,-0.037205
24.720000,-0.040430,0.012722,1.114714,0.046632,-0.010445,-0.085695,0.656184,0.274158,0.967225,0.077191,0.084583,0.107526,0.561116,-0.301249,0.963890,0.240992,-0.093323,0.109119,-0.580900,0.354450,1.002599,-0.286955,0.001926,0.029466,-0.592663,-0.389540,1.069172,-0.143230,0.031538,-0.034839
24.740000,-0.039511,0.012516,1.113033,0.045339,-0.010190,-0.082432,0.657713,0.275827,0.969360,0.075696,0.082406,0.105937,0.565846,-0.303082,0.966056,0.232009,-0.090031,0.107520,-0.586532,0.354492,1.003190,-0.276369,0.002227,0.029668,-0.595480,-0.388925,1.068498,-0.138528,0.030006,-0.032551
24.760000,-0.038616,0.012314,1.111416,0.044094,-0.009953,-0.079275,0.659212,0.277455,0.971463,0.074266,0.080331,0.104361,0.570399,-0.304851,0.968191,0.223362,-0.086862,0.105993,-0.591956,0.354539,1.003786,-0.266043,0.002536,0.029898,-0.598205,-0.388340,1.067869,-0.133934,0.028519,-0.030342
24.780000,-0.037747,0.012118,1.109861,0.042896,-0.009734,-0.076223,0.660684,0.279041,0.973534,0.072901,0.078357,0.102797,0.574782,-0.306558,0.970296,0.215051,-0.083815,0.104538,-0.597176,0.354593,1.004387,-0.255976,0.002852,0.030156,-0.600838,-0.387784,1.067284,-0.129449,0.027078,-0.028211
24.800000,-0.036900,0.011925,1.108366,0.041745,-0.009533,-0.073277,0.662129,0.280590,0.975575,0.071599,0.076484,0.101246,0.579003,-0.308205,0.972373,0.207076,-0.080891,0.103155,-0.602197,0.354653,1.004992,-0.246168,0.003176,0.030441,-0.603383,-0.387256,1.066740,-0.125071,0.025682,-0.026158
24.820000,-0.036077,0.011736,1.106929,0.040644,-0.009349,-0.070447,0.663548,0.282101,0.977584,0.070352,0.074705,0.099706,0.583068,-0.309794,0.974423,0.199440,-0.078091,0.101845,-0.607024,0.354720,1.005604,-0.236659,0.003504,0.030751,-0.605842,-0.386756,1.066237,-0.120806,0.024334,-0.024189
24.840000,-0.035274,0.011551,1.105548,0.039592,-0.009179,-0.067742,0.664943,0.283578,0.979563,0.069149,0.073012,0.098173,0.586983,-0.311329,0.976447,0.192144,-0.075417,0.100611,-0.611665,0.354794,1.006223,-0.227490,0.003833,0.031079,-0.608216,-0.386282,1.065772,-0.116657,0.023038,-0.022309
24.860000,-0.034492,0.011369,1.104219,0.038591,-0.009023,-0.065164,0.666314,0.285022,0.981511,0.067990,0.071405,0.096648,0.590756,-0.312812,0.978448,0.185189,-0.072869,0.099452,-0.616126,0.354874,1.006848,-0.218661,0.004163,0.031428,-0.610509,-0.385834,1.065344,-0.112624,0.021794,-0.020518
24.880000,-0.033730,0.011190,1.102940,0.037639,-0.008881,-0.062712,0.667663,0.286435,0.983429,0.066875,0.069883,0.095131,0.594393,-0.314245,0.980426,0.178575,-0.070446,0.098368,-0.620414,0.354960,1.007480,-0.210171,0.004493,0.031796,-0.612722,-0.385410,1.064951,-0.108707,0.020601,-0.018816
24.900000,-0.032987,0.011014,1.101710,0.036738,-0.008754,-0.060385,0.668990,0.287818,0.985316,0.065804,0.068448,0.093622,0.597901,-0.315630,0.982383,0.172302,-0.068149,0.097359,-0.624535,0.355053,1.008120,-0.202020,0.004824,0.032183,-0.614858,-0.385010,1.064591,-0.104907,0.019460,-0.017204
24.920000,-0.032260,0.010840,1.100524,0.035886,-0.008638,-0.058184,0.670295,0.289174,0.987174,0.064772,0.067090,0.092125,0.601287,-0.316972,0.984321,0.166362,-0.065975,0.096420,-0.628497,0.355153,1.008767,-0.194226,0.005152,0.032582,-0.616919,-0.384632,1.064262,-0.101224,0.018370,-0.015679
24.940000,-0.031551,0.010668,1.099381,0.035080,-0.008533,-0.056107,0.671581,0.290502,0.989001,0.063771,0.065799,0.090645,0.604558,-0.318270,0.986240,0.160746,-0.063920,0.095542,-0.632307,0.355259,1.009423,-0.186805,0.005473,0.032986,-0.618908,-0.384275,1.063963,-0.097663,0.017332,-0.014239
24.960000,-0.030857,0.010498,1.098279,0.034321,-0.008439,-0.054153,0.672846,0.291806,0.990800,0.062803,0.064575,0.089182,0.607719,-0.319529,0.988143,0.155455,-0.061984,0.094727,-0.635972,0.355372,1.010087,-0.179756,0.005788,0.033395,-0.620826,-0.383938,1.063692,-0.094222,0.016344,-0.012884
24.980000,-0.030178,0.010330,1.097214,0.033608,-0.008354,-0.052322,0.674093,0.293086,0.992569,0.061868,0.063419,0.087736,0.610778,-0.320750,0.990030,0.150489,-0.060168,0.093974,-0.639500,0.355491,1.010759,-0.173080,0.006096,0.033807,-0.622677,-0.383621,1.063447,-0.090902,0.015407,-0.011614
25.000000,-0.029512,0.010164,1.096185,0.032943,-0.008279,-0.050616,0.675321,0.294343,0.994309,0.060965,0.062331,0.086307,0.613741,-0.321937,0.991902,0.145848,-0.058471,0.093283,-0.642898,0.355616,1.011439,-0.166777,0.006398,0.034225,-0.624463,-0.383321,1.063227,-0.087703,0.014522,-0.010430
25.020000,-0.028860,0.009999,1.095189,0.032321,-0.008213,-0.049025,0.676532,0.295579,0.996021,0.060093,0.061301,0.084908,0.616614,-0.323090,0.993761,0.141514,-0.056886,0.092644,-0.646173,0.355747,1.012128,-0.160841,0.006690,0.034639,-0.626186,-0.383039,1.063029,-0.084629,0.013686,-0.009326
25.040000,-0.028219,0.009835,1.094224,0.031740,-0.008154,-0.047544,0.677725,0.296796,0.997706,0.059252,0.060320,0.083549,0.619403,-0.324213,0.995608,0.137472,-0.055407,0.092045,-0.649334,0.355883,1.012825,-0.155266,0.006970,0.035041,-0.627849,-0.382774,1.062853,-0.081688,0.012897,-0.008295
25.060000,-0.027590,0.009673,1.093287,0.031200,-0.008101,-0.046172,0.678902,0.297993,0.999364,0.058443,0.059389,0.082232,0.622115,-0.325307,0.997443,0.133721,-0.054034,0.091488,-0.652386,0.356025,1.013529,-0.150053,0.007238,0.035433,-0.629455,-0.382523,1.062697,-0.078877,0.012156,-0.007339
25.080000,-0.026971,0.009511,1.092376,0.030700,-0.008054,-0.044909,0.680063,0.299171,1.000995,0.057664,0.058507,0.080955,0.624754,-0.326375,0.999268,0.130262,-0.052767,0.090971,-0.655338,0.356173,1.014242,-0.145201,0.007494,0.035813,-0.631005,-0.382287,1.062559,-0.076198,0.011463,-0.006458
25.100000,-0.026362,0.009351,1.091489,0.030241,-0.008015,-0.043754,0.681209,0.300333,1.002602,0.056916,0.057674,0.079720,0.627327,-0.327418,1.001083,0.127094,-0.051606,0.090495,-0.658197,0.356325,1.014962,-0.140711,0.007737,0.036182,-0.632504,-0.382064,1.062438,-0.073651,0.010818,-0.005650
25.120000,-0.025761,0.009191,1.090625,0.029819,-0.007980,-0.042699,0.682340,0.301479,1.004184,0.056199,0.056887,0.078534,0.629840,-0.328440,1.002888,0.124192,-0.050541,0.090053,-0.660969,0.356482,1.015689,-0.136561,0.007966,0.036536,-0.633952,-0.381854,1.062333,-0.071246,0.010219,-0.004911
25.140000,-0.025169,0.009032,1.089781,0.029430,-0.007949,-0.041734,0.683457,0.302609,1.005744,0.055515,0.056140,0.077404,0.632296,-0.329441,1.004685,0.121530,-0.049562,0.089638,-0.663661,0.356644,1.016423,-0.132730,0.008182,0.036872,-0.635354,-0.381655,1.062241,-0.068995,0.009664,-0.004232
25.160000,-0.024584,0.008873,1.088955,0.029075,-0.007923,-0.040857,0.684561,0.303725,1.007281,0.054864,0.055434,0.076331,0.634702,-0.330423,1.006474,0.119108,-0.048671,0.089250,-0.666280,0.356809,1.017164,-0.129218,0.008383,0.037188,-0.636713,-0.381467,1.062163,-0.066899,0.009154,-0.003615
25.180000,-0.024005,0.008715,1.088146,0.028754,-0.007900,-0.040070,0.685652,0.304827,1.008797,0.054245,0.054768,0.075314,0.637062,-0.331388,1.008255,0.116927,-0.047866,0.088889,-0.668832,0.356979,1.017910,-0.126024,0.008570,0.037486,-0.638031,-0.381289,1.062096,-0.064957,0.008689,-0.003059
25.200000,-0.023433,0.008557,1.087352,0.028466,-0.007881,-0.039372,0.686731,0.305916,1.010294,0.053658,0.054143,0.074354,0.639381,-0.332338,1.010029,0.114986,-0.047148,0.088556,-0.671323,0.357152,1.018663,-0.123150,0.008742,0.037765,-0.639312,-0.381119,1.062040,-0.063169,0.008267,-0.002564
25.220000,-0.022867,0.008399,1.086571,0.028209,-0.007865,-0.038753,0.687798,0.306993,1.011772,0.053106,0.053559,0.073455,0.641663,-0.333274,1.011797,0.113256,-0.046506,0.088247,-0.673760,0.357328,1.019421,-0.120564,0.008900,0.038025,-0.640559,-0.380958,1.061993,-0.061533,0.007887,-0.002122
25.240000,-0.022305,0.008242,1.085801,0.027977,-0.007851,-0.038202,0.688855,0.308058,1.013233,0.052591,0.053015,0.072622,0.643913,-0.334199,1.013559,0.111708,-0.045931,0.087960,-0.676148,0.357508,1.020184,-0.118236,0.009045,0.038263,-0.641775,-0.380803,1.061955,-0.060046,0.007544,-0.001727
25.260000,-0.021747,0.008085,1.085042,0.027772,-0.007840,-0.037719,0.689902,0.309113,1.014677,0.052113,0.052511,0.071854,0.646133,-0.335112,1.015316,0.110341,-0.045422,0.087695,-0.678491,0.357690,1.020951,-0.116166,0.009175,0.038480,-0.642962,-0.380656,1.061924,-0.058709,0.007239,-0.001379
25.280000,-0.021194,0.007929,1.084292,0.027594,-0.007830,-0.037304,0.690940,0.310159,1.016107,0.051672,0.052047,0.071152,0.648327,-0.336016,1.017067,0.109157,-0.044979,0.087453,-0.680796,0.357875,1.021723,-0.114355,0.009291,0.038677,-0.644124,-0.380514,1.061900,-0.057522,0.006971,-0.001077
25.300000,-0.020643,0.007772,1.083549,0.027441,-0.007823,-0.036957,0.691969,0.311196,1.017524,0.051268,0.051624,0.070516,0.650500,-0.336912,1.018814,0.108154,-0.044602,0.087232,-0.683067,0.358062,1.022498,-0.112803,0.009394,0.038852,-0.645264,-0.380377,1.061881,-0.056485,0.006741,-0.000821
25.320000,-0.020096,0.007616,1.082813,0.027311,-0.007817,-0.036667,0.692991,0.312224,1.018928,0.050905,0.051245,0.069948,0.652655,-0.337800,1.020557,0.107303,-0.044280,0.087034,-0.685310,0.358250,1.023277,-0.111471,0.009484,0.039008,-0.646384,-0.380244,1.061866,-0.055583,0.006543,-0.000604
25.340000,-0.019551,0.007459,1.082082,0.027200,-0.007813,-0.036422,0.694006,0.313246,1.020322,0.050586,0.050912,0.069452,0.654793,-0.338683,1.022296,0.106572,-0.044004,0.086862,-0.687527,0.358441,1.024058,-0.110325,0.009562,0.039143,-0.647488,-0.380115,1.061856,-0.054802,0.006372,-0.000418
25.360000,-0.019008,0.007303,1.081356,0.027107,-0.007809,-0.036223,0.695015,0.314261,1.021707,0.050313,0.050627,0.069027,0.656918,-0.339561,1.024032,0.105961,-0.043773,0.086716,-0.689724,0.358633,1.024843,-0.109365,0.009628,0.039260,-0.648577,-0.379989,1.061850,-0.054143,0.006229,-0.000263
25.380000,-0.018466,0.007147,1.080633,0.027033,-0.007807,-0.036068,0.696019,0.315271,1.023084,0.050084,0.050389,0.068674,0.659032,-0.340434,1.025765,0.105470,-0.043587,0.086595,-0.691903,0.358826,1.025629,-0.108589,0.009683,0.039357,-0.649655,-0.379865,1.061846,-0.053605,0.006114,-0.000139
25.400000,-0.017926,0.006991,1.079913,0.026977,-0.007805,-0.035960,0.697019,0.316277,1.024454,0.049900,0.050198,0.068391,0.661138,-0.341305,1.027496,0.105100,-0.043446,0.086500,-0.694069,0.359020,1.026417,-0.107998,0.009726,0.039434,-0.650722,-0.379744,1.061844,-0.053188,0.006025,-0.000046
25.420000,-0.017387,0.006835,1.079195,0.026936,-0.007805,-0.035882,0.698015,0.317279,1.025820,0.049755,0.050047,0.068170,0.663237,-0.342173,1.029225,0.104821,-0.043340,0.086425,-0.696224,0.359215,1.027206,-0.107550,0.009759,0.039495,-0.651783,-0.379624,1.061844,-0.052868,0.005958,0.000024
25.440000,-0.016849,0.006679,1.078478,0.026903,-0.007804,-0.035822,0.699009,0.318279,1.027181,0.049642,0.049929,0.067997,0.665331,-0.343038,1.030953,0.104604,-0.043257,0.086367,-0.698371,0.359410,1.027996,-0.107201,0.009785,0.039543,-0.652838,-0.379506,1.061845,-0.052619,0.005906,0.000078
25.460000,-0.016311,0.006523,1.077762,0.026880,-0.007804,-0.035779,0.700001,0.319277,1.028540,0.049561,0.049846,0.067874,0.667422,-0.343903,1.032680,0.104449,-0.043198,0.086326,-0.700513,0.359606,1.028788,-0.106952,0.009804,0.039577,-0.653888,-0.379388,1.061847,-0.052441,0.005869,0.000117
25.480000,-0.015773,0.006366,1.077046,0.026867,-0.007804,-0.035753,0.700992,0.320273,1.029897,0.049512,0.049795,0.067800,0.669510,-0.344766,1.034406,0.104356,-0.043162,0.086301,-0.702650,0.359802,1.029579,-0.106802,0.009815,0.039597,-0.654936,-0.379271,1.061849,-0.052334,0.005847,0.000140
25.500000,-0.015236,0.006210,1.076331,0.026862,-0.007803,-0.035745,0.701982,0.321269,1.031252,0.049496,0.049778,0.067775,0.671596,-0.345630,1.036132,0.104325,-0.043150,0.086292,-0.704785,0.359999,1.030371,-0.106753,0.009818,0.039604,-0.655982,-0.379154,1.061852,-0.052298,0.005839,0.000148
25.520000,-0.014699,0.006054,1.075616,0.026867,-0.007804,-0.035753,0.702972,0.322264,1.032608,0.049512,0.049795,0.067800,0.673683,-0.346493,1.037858,0.104356,-0.043162,0.086301,-0.706921,0.360195,1.031163,-0.106802,0.009815,0.039597,-0.657028,-0.379037,1.061855,-0.052334,0.005847,0.000140
25.540000,-0.014162,0.005898,1.074901,0.026880,-0.007804,-0.035779,0.703962,0.323261,1.033965,0.049561,0.049846,0.067874,0.675771,-0.347356,1.039584,0.104449,-0.043198,0.086326,-0.709058,0.360391,1.031955,-0.106952,0.009804,0.039577,-0.658076,-0.378920,1.061858,-0.052441,0.005869,0.000117
