time[s],drone0_posx[m],drone0_posy[m],drone0_posz[m],drone0_velx[m/s],drone0_vely[m/s],drone0_velz[m/s],drone1_posx[m],drone1_posy[m],drone1_posz[m],drone1_velx[m/s],drone1_vely[m/s],drone1_velz[m/s],drone2_posx[m],drone2_posy[m],drone2_posz[m],drone2_velx[m/s],drone2_vely[m/s],drone2_velz[m/s],drone3_posx[m],drone3_posy[m],drone3_posz[m],drone3_velx[m/s],drone3_vely[m/s],drone3_velz[m/s],drone4_posx[m],drone4_posy[m],drone4_posz[m],drone4_velx[m/s],drone4_vely[m/s],drone4_velz[m/s]
0.000000,-0.034998,-0.094027,1.011867,-0.158706,-0.465193,0.107822,0.432536,0.321198,0.999458,-0.903085,-0.501425,0.181240,0.600474,-0.343929,1.004162,-0.317303,-0.135103,0.137690,-0.655889,0.317042,1.006650,-0.052860,-0.344992,0.107909,-0.661136,-0.317739,1.005943,-0.065816,-0.187661,0.092052
0.020000,-0.038172,-0.103331,1.014023,-0.158670,-0.465138,0.107811,0.414476,0.311169,1.003083,-0.902940,-0.501466,0.181262,0.594129,-0.346631,1.006915,-0.317207,-0.135107,0.137693,-0.656947,0.310143,1.008809,-0.052901,-0.344963,0.107900,-0.662453,-0.321492,1.007784,-0.065847,-0.187706,0.092042
0.040000,-0.041345,-0.112632,1.016179,-0.158562,-0.464974,0.107777,0.396421,0.301139,1.006709,-0.902506,-0.501588,0.181326,0.587787,-0.349333,1.009669,-0.316918,-0.135118,0.137700,-0.658006,0.303244,1.010966,-0.053025,-0.344877,0.107872,-0.663770,-0.325248,1.009625,-0.065938,-0.187839,0.092014
0.060000,-0.044514,-0.121929,1.018334,-0.158381,-0.464700,0.107720,0.378377,0.291105,1.010336,-0.901782,-0.501792,0.181434,0.581453,-0.352036,1.012423,-0.316437,-0.135137,0.137712,-0.659068,0.296348,1.013123,-0.053232,-0.344732,0.107826,-0.665091,-0.329006,1.011465,-0.066091,-0.188060,0.091967
0.080000,-0.047679,-0.131219,1.020487,-0.158129,-0.464317,0.107641,0.360351,0.281067,1.013967,-0.900769,-0.502077,0.181585,0.575131,-0.354739,1.015178,-0.315763,-0.135163,0.137728,-0.660136,0.289455,1.015279,-0.053521,-0.344531,0.107761,-0.666414,-0.332771,1.013303,-0.066305,-0.188371,0.091901
0.100000,-0.050839,-0.140501,1.022639,-0.157804,-0.463824,0.107538,0.342349,0.271022,1.017600,-0.899466,-0.502444,0.181779,0.568824,-0.357443,1.017933,-0.314897,-0.135197,0.137750,-0.661210,0.282567,1.017434,-0.053892,-0.344271,0.107677,-0.667743,-0.336542,1.015140,-0.066580,-0.188770,0.091815
0.120000,-0.053991,-0.149771,1.024789,-0.157353,-0.463165,0.107388,0.324375,0.260969,1.021238,-0.897782,-0.502885,0.182012,0.562537,-0.360147,1.020688,-0.313756,-0.135201,0.137760,-0.662292,0.275685,1.019586,-0.054330,-0.343911,0.107553,-0.669078,-0.340322,1.016976,-0.066889,-0.189255,0.091696
0.140000,-0.057132,-0.159026,1.026934,-0.156722,-0.462281,0.107164,0.306440,0.250906,1.024881,-0.895627,-0.503395,0.182278,0.556276,-0.362850,1.023443,-0.312259,-0.135140,0.137744,-0.663383,0.268812,1.021735,-0.054817,-0.343408,0.107367,-0.670419,-0.344113,1.018808,-0.067206,-0.189822,0.091529
0.160000,-0.060258,-0.168261,1.029075,-0.155911,-0.461173,0.106867,0.288553,0.240832,1.028529,-0.892999,-0.503973,0.182577,0.550049,-0.365552,1.026197,-0.310405,-0.135012,0.137702,-0.664485,0.261950,1.023880,-0.055353,-0.342761,0.107119,-0.671766,-0.347915,1.020636,-0.067531,-0.190472,0.091312
0.180000,-0.063367,-0.177472,1.031208,-0.154920,-0.459840,0.106496,0.270724,0.230746,1.032184,-0.889899,-0.504619,0.182909,0.543862,-0.368250,1.028951,-0.308195,-0.134818,0.137632,-0.665598,0.255102,1.026020,-0.055939,-0.341971,0.106810,-0.673120,-0.351732,1.022460,-0.067863,-0.191205,0.091046
0.200000,-0.066454,-0.186653,1.033334,-0.153749,-0.458283,0.106052,0.252961,0.220647,1.035846,-0.886326,-0.505334,0.183275,0.537723,-0.370944,1.031702,-0.305627,-0.134557,0.137537,-0.666723,0.248272,1.028152,-0.056574,-0.341037,0.106438,-0.674481,-0.355564,1.024278,-0.068203,-0.192020,0.090732
0.220000,-0.069516,-0.195801,1.035450,-0.152359,-0.456459,0.105517,0.235274,0.210533,1.039515,-0.882221,-0.506064,0.183649,0.531640,-0.373632,1.034452,-0.302664,-0.134180,0.137394,-0.667861,0.241462,1.030277,-0.057215,-0.339932,0.105996,-0.675848,-0.359413,1.026089,-0.068492,-0.192897,0.090359
0.240000,-0.072547,-0.204909,1.037554,-0.150712,-0.454322,0.104872,0.217676,0.200405,1.043192,-0.877522,-0.506758,0.184003,0.525620,-0.376310,1.037198,-0.299264,-0.133635,0.137183,-0.669011,0.234676,1.032392,-0.057817,-0.338627,0.105474,-0.677220,-0.363280,1.027892,-0.068672,-0.193813,0.089917
0.260000,-0.075542,-0.213972,1.039644,-0.148807,-0.451874,0.104118,0.200177,0.190263,1.046875,-0.872229,-0.507415,0.184340,0.519672,-0.378976,1.039939,-0.295428,-0.132923,0.136904,-0.670173,0.227918,1.034495,-0.058380,-0.337122,0.104873,-0.678594,-0.367166,1.029685,-0.068743,-0.194769,0.089406
0.280000,-0.078497,-0.222982,1.041718,-0.146644,-0.449113,0.103256,0.182790,0.180108,1.050565,-0.866343,-0.508035,0.184657,0.513806,-0.381626,1.042673,-0.291156,-0.132043,0.136556,-0.671346,0.221192,1.036586,-0.058904,-0.335417,0.104193,-0.679969,-0.371071,1.031468,-0.068704,-0.195765,0.088826
0.300000,-0.081406,-0.231934,1.043774,-0.144224,-0.446042,0.102284,0.165527,0.169942,1.054261,-0.859863,-0.508618,0.184956,0.508029,-0.384257,1.045400,-0.286448,-0.130995,0.136141,-0.672529,0.214503,1.038662,-0.059389,-0.333513,0.103433,-0.681341,-0.374997,1.033238,-0.068556,-0.196801,0.088178
0.320000,-0.084264,-0.240822,1.045809,-0.141545,-0.442648,0.101201,0.148400,0.159764,1.057963,-0.852757,-0.509093,0.185204,0.502351,-0.386864,1.048118,-0.281316,-0.129746,0.135643,-0.673721,0.207853,1.040723,-0.059802,-0.331406,0.102601,-0.682710,-0.378943,1.034994,-0.068248,-0.197860,0.087467
0.340000,-0.087066,-0.249638,1.047821,-0.138605,-0.438924,0.100006,0.131422,0.149579,1.061669,-0.844995,-0.509387,0.185370,0.496779,-0.389445,1.050826,-0.275776,-0.128264,0.135048,-0.674920,0.201248,1.042766,-0.060108,-0.329092,0.101703,-0.684070,-0.382911,1.036736,-0.067729,-0.198922,0.086700
0.360000,-0.089807,-0.258377,1.049808,-0.135404,-0.434870,0.098699,0.114605,0.139390,1.065377,-0.836577,-0.509499,0.185454,0.491322,-0.391993,1.053520,-0.269827,-0.126547,0.134354,-0.676125,0.194691,1.044791,-0.060307,-0.326573,0.100741,-0.685417,-0.386900,1.038462,-0.066999,-0.199989,0.085876
0.380000,-0.092481,-0.267031,1.051768,-0.131943,-0.430484,0.097281,0.097963,0.129201,1.069087,-0.827501,-0.509430,0.185456,0.485989,-0.394505,1.056199,-0.263469,-0.124596,0.133562,-0.677332,0.188186,1.046795,-0.060399,-0.323847,0.099714,-0.686748,-0.390911,1.040171,-0.066058,-0.201060,0.084997
0.400000,-0.095083,-0.275594,1.053699,-0.128221,-0.425768,0.095750,0.081509,0.119014,1.072795,-0.817769,-0.509181,0.185375,0.480786,-0.396976,1.058862,-0.256703,-0.122412,0.132673,-0.678540,0.181738,1.048779,-0.060385,-0.320916,0.098621,-0.688058,-0.394943,1.041861,-0.064905,-0.202136,0.084061
0.420000,-0.097608,-0.284059,1.055597,-0.124256,-0.420727,0.094120,0.065256,0.108835,1.076501,-0.807387,-0.508673,0.185180,0.475723,-0.399400,1.061505,-0.249594,-0.119985,0.131678,-0.679747,0.175351,1.050740,-0.060250,-0.317807,0.097472,-0.689343,-0.398996,1.043533,-0.063522,-0.203203,0.083078
0.440000,-0.100052,-0.292421,1.057463,-0.120068,-0.415368,0.092405,0.049218,0.098669,1.080201,-0.796365,-0.507833,0.184839,0.470804,-0.401773,1.064128,-0.242211,-0.117310,0.130572,-0.680949,0.169027,1.052677,-0.059979,-0.314550,0.096277,-0.690598,-0.403071,1.045184,-0.061886,-0.204251,0.082057
0.460000,-0.102409,-0.300672,1.059293,-0.115656,-0.409691,0.090604,0.033406,0.088524,1.083893,-0.784701,-0.506658,0.184351,0.466036,-0.404091,1.066727,-0.234554,-0.114385,0.129354,-0.682145,0.162770,1.054590,-0.059573,-0.311145,0.095035,-0.691817,-0.407166,1.046815,-0.059997,-0.205278,0.080998
0.480000,-0.104676,-0.308806,1.061086,-0.111019,-0.403695,0.088718,0.017834,0.078405,1.087574,-0.772396,-0.505150,0.183718,0.461424,-0.406347,1.069301,-0.226622,-0.111212,0.128024,-0.683331,0.156582,1.056478,-0.059032,-0.307593,0.093746,-0.692996,-0.411282,1.048424,-0.057857,-0.206285,0.079902
0.500000,-0.106849,-0.316818,1.062841,-0.106159,-0.397381,0.086746,0.002515,0.068320,1.091241,-0.759450,-0.503309,0.182938,0.456973,-0.408538,1.071848,-0.218416,-0.107789,0.126582,-0.684505,0.150467,1.058340,-0.058356,-0.303892,0.092409,-0.694129,-0.415417,1.050011,-0.055464,-0.207272,0.078768
0.520000,-0.108922,-0.324700,1.064556,-0.101116,-0.390781,0.084713,-0.012540,0.058276,1.094891,-0.745901,-0.501064,0.181987,0.452689,-0.410657,1.074364,-0.210015,-0.104133,0.125031,-0.685665,0.144427,1.060174,-0.057552,-0.300082,0.091040,-0.695213,-0.419572,1.051575,-0.052818,-0.208227,0.077613
0.540000,-0.110892,-0.332447,1.066229,-0.095932,-0.383926,0.082640,-0.027318,0.048281,1.098519,-0.731788,-0.498349,0.180838,0.448573,-0.412701,1.076848,-0.201498,-0.100259,0.123372,-0.686807,0.138464,1.061981,-0.056627,-0.296200,0.089651,-0.696240,-0.423746,1.053115,-0.049915,-0.209137,0.076452
0.560000,-0.112758,-0.340055,1.067861,-0.090606,-0.376816,0.080528,-0.041808,0.038345,1.102123,-0.717111,-0.495161,0.179492,0.444629,-0.414666,1.079298,-0.192866,-0.096168,0.121606,-0.687929,0.132580,1.063760,-0.055580,-0.292248,0.088241,-0.697208,-0.427938,1.054633,-0.046757,-0.210003,0.075286
0.580000,-0.114516,-0.347518,1.069450,-0.085139,-0.369451,0.078377,-0.055998,0.028477,1.105698,-0.701869,-0.491501,0.177949,0.440859,-0.416547,1.081712,-0.184118,-0.091859,0.119732,-0.689029,0.126775,1.065511,-0.054412,-0.288224,0.086812,-0.698109,-0.432146,1.056127,-0.043344,-0.210824,0.074115
0.600000,-0.116163,-0.354831,1.070996,-0.079531,-0.361831,0.076187,-0.069879,0.018688,1.109240,-0.686064,-0.487370,0.176208,0.437265,-0.418339,1.084087,-0.175255,-0.087332,0.117751,-0.690105,0.121051,1.067233,-0.053123,-0.284129,0.085363,-0.698940,-0.436370,1.057597,-0.039674,-0.211601,0.072938
0.620000,-0.117696,-0.361990,1.072498,-0.073827,-0.353989,0.073986,-0.083438,0.008986,1.112745,-0.669764,-0.482719,0.174253,0.433849,-0.420039,1.086421,-0.166342,-0.082623,0.115677,-0.691153,0.115410,1.068925,-0.051731,-0.279997,0.083905,-0.699694,-0.440610,1.059044,-0.035771,-0.212314,0.071765
0.640000,-0.119115,-0.368989,1.073956,-0.068073,-0.345956,0.071801,-0.096666,-0.000617,1.116208,-0.653041,-0.477501,0.172066,0.430612,-0.421643,1.088713,-0.157443,-0.077765,0.113523,-0.692173,0.109851,1.070589,-0.050256,-0.275859,0.082450,-0.700369,-0.444862,1.060468,-0.031657,-0.212944,0.070605
0.660000,-0.120419,-0.375827,1.075370,-0.062271,-0.337734,0.069633,-0.109556,-0.010110,1.119626,-0.635893,-0.471716,0.169647,0.427552,-0.423148,1.090961,-0.148559,-0.072758,0.111288,-0.693163,0.104376,1.072223,-0.048699,-0.271718,0.080996,-0.700959,-0.449127,1.061868,-0.027331,-0.213491,0.069459
0.680000,-0.121606,-0.382498,1.076741,-0.056418,-0.329322,0.067481,-0.122099,-0.019482,1.122993,-0.618322,-0.465364,0.166997,0.424669,-0.424552,1.093164,-0.139691,-0.067604,0.108974,-0.694121,0.098983,1.073829,-0.047058,-0.267571,0.079545,-0.701461,-0.453401,1.063246,-0.022793,-0.213954,0.068325
0.700000,-0.122675,-0.388998,1.078069,-0.050517,-0.320720,0.065345,-0.134287,-0.028721,1.126304,-0.600326,-0.458444,0.164114,0.421964,-0.425852,1.095320,-0.130837,-0.062300,0.106580,-0.695045,0.093673,1.075405,-0.045333,-0.263420,0.078096,-0.701870,-0.457684,1.064602,-0.018044,-0.214335,0.067204
0.720000,-0.123626,-0.395325,1.079355,-0.044608,-0.311960,0.063252,-0.146110,-0.037816,1.129556,-0.581982,-0.450942,0.160999,0.419435,-0.427044,1.097427,-0.122048,-0.056896,0.104129,-0.695934,0.088446,1.076953,-0.043548,-0.259299,0.076658,-0.702181,-0.461974,1.065935,-0.013119,-0.214618,0.066102
0.740000,-0.124460,-0.401476,1.080600,-0.038736,-0.303075,0.061229,-0.157564,-0.046755,1.132742,-0.563365,-0.442839,0.157650,0.417081,-0.428127,1.099485,-0.113375,-0.051437,0.101641,-0.696786,0.083300,1.078472,-0.041723,-0.255242,0.075239,-0.702393,-0.466268,1.067246,-0.008057,-0.214791,0.065024
0.760000,-0.125176,-0.407447,1.081805,-0.032900,-0.294064,0.059275,-0.168643,-0.055525,1.135860,-0.544476,-0.434137,0.154068,0.414899,-0.429101,1.101492,-0.104817,-0.045924,0.099116,-0.697602,0.078236,1.079962,-0.039859,-0.251251,0.073839,-0.702503,-0.470565,1.068536,-0.002855,-0.214853,0.063970
0.780000,-0.125776,-0.413238,1.082971,-0.027100,-0.284927,0.057390,-0.179341,-0.064116,1.138904,-0.525313,-0.424834,0.150253,0.412888,-0.429964,1.103449,-0.096375,-0.040357,0.096556,-0.698380,0.073250,1.081425,-0.037955,-0.247324,0.072457,-0.702507,-0.474862,1.069805,0.002485,-0.214804,0.062940
0.800000,-0.126260,-0.418844,1.084101,-0.021336,-0.275665,0.055575,-0.189654,-0.072515,1.141869,-0.505878,-0.414933,0.146205,0.411044,-0.430715,1.105354,-0.088048,-0.034736,0.093960,-0.699120,0.068342,1.082861,-0.036012,-0.243461,0.071095,-0.702402,-0.479157,1.071053,0.007964,-0.214645,0.061934
0.820000,-0.126630,-0.424264,1.085195,-0.015642,-0.266328,0.053845,-0.199575,-0.080710,1.144750,-0.486257,-0.404456,0.141936,0.409365,-0.431353,1.107207,-0.079872,-0.029110,0.091352,-0.699821,0.063511,1.084269,-0.034048,-0.239686,0.069756,-0.702188,-0.483447,1.072282,0.013535,-0.214352,0.060950
0.840000,-0.126887,-0.429497,1.086255,-0.010049,-0.256965,0.052218,-0.209103,-0.088689,1.147545,-0.466538,-0.393429,0.137459,0.407848,-0.431879,1.109009,-0.071884,-0.023527,0.088758,-0.700482,0.058754,1.085651,-0.032080,-0.236019,0.068444,-0.701861,-0.487730,1.073492,0.019152,-0.213903,0.059988
0.860000,-0.127033,-0.434542,1.087284,-0.004559,-0.247578,0.050692,-0.218236,-0.096443,1.150247,-0.446722,-0.381853,0.132775,0.406488,-0.432294,1.110758,-0.064084,-0.017987,0.086178,-0.701104,0.054070,1.087007,-0.030109,-0.232460,0.067160,-0.701421,-0.492002,1.074682,0.024816,-0.213297,0.059047
0.880000,-0.127070,-0.439400,1.088284,0.000828,-0.238165,0.049268,-0.226971,-0.103960,1.152854,-0.426809,-0.369726,0.127884,0.405283,-0.432599,1.112456,-0.056471,-0.012491,0.083612,-0.701686,0.049455,1.088338,-0.028136,-0.229011,0.065902,-0.700868,-0.496260,1.075854,0.030526,-0.212535,0.058128
0.900000,-0.127000,-0.444069,1.089256,0.006114,-0.228727,0.047946,-0.235308,-0.111228,1.155361,-0.406797,-0.357049,0.122785,0.404228,-0.432794,1.114102,-0.049045,-0.007038,0.081060,-0.702229,0.044908,1.089644,-0.026159,-0.225670,0.064673,-0.700200,-0.500502,1.077007,0.036283,-0.211616,0.057230
0.920000,-0.126826,-0.448549,1.090202,0.011275,-0.219319,0.046729,-0.243243,-0.118239,1.157764,-0.386781,-0.343892,0.117512,0.403320,-0.432881,1.115698,-0.041829,-0.001665,0.078543,-0.702733,0.040427,1.090925,-0.024187,-0.222450,0.063472,-0.699416,-0.504724,1.078143,0.042043,-0.210531,0.056358
0.940000,-0.126550,-0.452842,1.091125,0.016291,-0.209996,0.045620,-0.250779,-0.124981,1.160061,-0.366852,-0.330325,0.112097,0.402553,-0.432862,1.117245,-0.034845,0.003590,0.076083,-0.703197,0.036009,1.092183,-0.022229,-0.219363,0.062302,-0.698518,-0.508922,1.079262,0.047765,-0.209270,0.055516
0.960000,-0.126175,-0.456949,1.092028,0.021161,-0.200759,0.044620,-0.257918,-0.131449,1.162247,-0.347011,-0.316348,0.106541,0.401924,-0.432738,1.118742,-0.028092,0.008727,0.073678,-0.703622,0.031652,1.093417,-0.020284,-0.216410,0.061163,-0.697506,-0.513094,1.080364,0.053447,-0.207833,0.054705
0.980000,-0.125705,-0.460873,1.092911,0.025885,-0.191608,0.043729,-0.264660,-0.137633,1.164322,-0.327258,-0.301960,0.100844,0.401428,-0.432513,1.120192,-0.021570,0.013746,0.071330,-0.704008,0.027352,1.094629,-0.018353,-0.213590,0.060055,-0.696381,-0.517234,1.081450,0.059091,-0.206219,0.053924
1.000000,-0.125141,-0.464614,1.093778,0.030464,-0.182541,0.042946,-0.271009,-0.143524,1.166280,-0.307592,-0.287161,0.095006,0.401060,-0.432189,1.121596,-0.015279,0.018648,0.069037,-0.704356,0.023107,1.095820,-0.016436,-0.210903,0.058977,-0.695143,-0.521341,1.082521,0.064696,-0.204428,0.053174
1.020000,-0.124487,-0.468175,1.094630,0.034888,-0.173608,0.042265,-0.276965,-0.149117,1.168121,-0.288094,-0.272061,0.089067,0.400815,-0.431768,1.122954,-0.009228,0.023417,0.066811,-0.704666,0.018915,1.096989,-0.014540,-0.208345,0.057928,-0.693793,-0.525410,1.083577,0.070233,-0.202468,0.052459
1.040000,-0.123746,-0.471560,1.095469,0.039152,-0.164854,0.041678,-0.282534,-0.154406,1.169843,-0.268846,-0.256769,0.083070,0.400689,-0.431254,1.124269,-0.003424,0.028038,0.064662,-0.704938,0.014773,1.098137,-0.012674,-0.205911,0.056907,-0.692334,-0.529439,1.084620,0.075676,-0.200343,0.051786
1.060000,-0.122922,-0.474771,1.096297,0.043254,-0.156281,0.041185,-0.287721,-0.159386,1.171443,-0.249846,-0.241284,0.077014,0.400677,-0.430648,1.125541,0.002133,0.032510,0.062588,-0.705173,0.010678,1.099265,-0.010837,-0.203601,0.055911,-0.690767,-0.533423,1.085649,0.081022,-0.198054,0.051154
1.080000,-0.122017,-0.477812,1.097117,0.047195,-0.147887,0.040786,-0.292530,-0.164056,1.172923,-0.231094,-0.225607,0.070899,0.400773,-0.429954,1.126773,0.007443,0.036835,0.060591,-0.705372,0.006628,1.100374,-0.009029,-0.201416,0.054943,-0.689094,-0.537360,1.086666,0.086274,-0.195601,0.050563
1.100000,-0.121035,-0.480687,1.097929,0.050974,-0.139673,0.040482,-0.296966,-0.168409,1.174279,-0.212592,-0.209738,0.064726,0.400973,-0.429175,1.127965,0.012506,0.041011,0.058670,-0.705534,0.002620,1.101463,-0.007251,-0.199355,0.054002,-0.687317,-0.541246,1.087672,0.091429,-0.192984,0.050013
1.120000,-0.119979,-0.483400,1.098737,0.054598,-0.131669,0.040258,-0.301036,-0.172445,1.175512,-0.194410,-0.193811,0.058545,0.401272,-0.428315,1.129120,0.017327,0.045039,0.056825,-0.705662,-0.001347,1.102534,-0.005505,-0.197406,0.053088,-0.685437,-0.545078,1.088667,0.096461,-0.190228,0.049504
1.140000,-0.118852,-0.485956,1.099540,0.058073,-0.123903,0.040100,-0.304745,-0.176162,1.176621,-0.176621,-0.177961,0.052408,0.401664,-0.427375,1.130239,0.021912,0.048920,0.055057,-0.705755,-0.005276,1.103587,-0.003794,-0.195557,0.052201,-0.683459,-0.548854,1.089652,0.101341,-0.187358,0.049035
1.160000,-0.117657,-0.488358,1.100341,0.061399,-0.116376,0.040008,-0.308103,-0.179564,1.177608,-0.159224,-0.162189,0.046314,0.402147,-0.426359,1.131323,0.026261,0.052653,0.053366,-0.705814,-0.009170,1.104622,-0.002118,-0.193808,0.051342,-0.681385,-0.552572,1.090629,0.106069,-0.184375,0.048607
1.180000,-0.116398,-0.490612,1.101141,0.064575,-0.109088,0.039982,-0.311117,-0.182651,1.178474,-0.142220,-0.146495,0.040264,0.402713,-0.425270,1.132374,0.030374,0.056238,0.051752,-0.705840,-0.013029,1.105641,-0.000478,-0.192158,0.050510,-0.679217,-0.556229,1.091597,0.110645,-0.181278,0.048219
1.200000,-0.115075,-0.492723,1.101941,0.067603,-0.102039,0.040023,-0.313794,-0.185424,1.179219,-0.125608,-0.130878,0.034257,0.403360,-0.424110,1.133393,0.034250,0.059675,0.050214,-0.705833,-0.016857,1.106643,0.001127,-0.190609,0.049706,-0.676960,-0.559822,1.092558,0.115068,-0.178068,0.047871
1.220000,-0.113694,-0.494696,1.102742,0.070488,-0.095240,0.040115,-0.316144,-0.187887,1.179845,-0.109451,-0.115477,0.028345,0.404082,-0.422884,1.134383,0.037904,0.062969,0.048751,-0.705795,-0.020654,1.107629,0.002695,-0.189145,0.048932,-0.674616,-0.563351,1.093512,0.119323,-0.174766,0.047564
1.240000,-0.112257,-0.496535,1.103546,0.073238,-0.088703,0.040247,-0.318176,-0.190046,1.180354,-0.093809,-0.100430,0.022577,0.404875,-0.421593,1.135344,0.041349,0.066124,0.047360,-0.705726,-0.024423,1.108600,0.004227,-0.187750,0.048191,-0.672188,-0.566812,1.094460,0.123393,-0.171393,0.047297
1.260000,-0.110766,-0.498246,1.104352,0.075850,-0.082427,0.040417,-0.319900,-0.191907,1.180749,-0.078682,-0.085738,0.016955,0.405734,-0.420240,1.136278,0.044583,0.069142,0.046043,-0.705626,-0.028165,1.109557,0.005721,-0.186424,0.047482,-0.669681,-0.570206,1.095404,0.127279,-0.167950,0.047071
1.280000,-0.109224,-0.499833,1.105163,0.078327,-0.076412,0.040625,-0.321327,-0.193477,1.181033,-0.064071,-0.071399,0.011477,0.406657,-0.418828,1.137186,0.047609,0.072021,0.044798,-0.705497,-0.031881,1.110500,0.007177,-0.185168,0.046806,-0.667098,-0.573530,1.096343,0.130981,-0.164436,0.046885
1.300000,-0.107634,-0.501304,1.105977,0.080668,-0.070659,0.040872,-0.322466,-0.194765,1.181209,-0.049975,-0.057415,0.006145,0.407637,-0.417360,1.138070,0.050424,0.074762,0.043625,-0.705339,-0.035572,1.111429,0.008597,-0.183980,0.046163,-0.664443,-0.576783,1.097280,0.134498,-0.160851,0.046740
1.320000,-0.105998,-0.502662,1.106798,0.082883,-0.065162,0.041145,-0.323329,-0.195777,1.181280,-0.036435,-0.043882,0.000995,0.408672,-0.415838,1.138932,0.053045,0.077367,0.042523,-0.705153,-0.039240,1.112346,0.009979,-0.182847,0.045557,-0.661720,-0.579964,1.098213,0.137827,-0.157229,0.046628
1.340000,-0.104319,-0.503912,1.107623,0.084982,-0.059915,0.041432,-0.323928,-0.196524,1.181250,-0.023491,-0.030898,-0.003934,0.409758,-0.414266,1.139772,0.055487,0.079840,0.041487,-0.704940,-0.042886,1.113252,0.011323,-0.181752,0.044992,-0.658932,-0.583072,1.099145,0.140964,-0.153605,0.046543
1.360000,-0.102599,-0.505060,1.108455,0.086967,-0.054919,0.041732,-0.324273,-0.197017,1.181124,-0.011142,-0.018463,-0.008642,0.410891,-0.412646,1.140591,0.057749,0.082180,0.040519,-0.704701,-0.046511,1.114146,0.012629,-0.180696,0.044469,-0.656082,-0.586108,1.100075,0.143910,-0.149977,0.046485
1.380000,-0.100841,-0.506110,1.109293,0.088836,-0.050173,0.042047,-0.324377,-0.197266,1.180906,0.000611,-0.006576,-0.013129,0.412067,-0.410980,1.141393,0.059832,0.084388,0.039617,-0.704435,-0.050114,1.115031,0.013897,-0.179679,0.043988,-0.653176,-0.589071,1.101005,0.146663,-0.146347,0.046453
1.400000,-0.099047,-0.507068,1.110137,0.090590,-0.045677,0.042376,-0.324252,-0.197283,1.180601,0.011768,0.004761,-0.017396,0.413283,-0.409271,1.142177,0.061736,0.086463,0.038782,-0.704145,-0.053698,1.115906,0.015128,-0.178700,0.043547,-0.650217,-0.591962,1.101933,0.149226,-0.142713,0.046448
1.420000,-0.097218,-0.507939,1.110988,0.092238,-0.041418,0.042711,-0.323911,-0.197080,1.180212,0.022319,0.015508,-0.021423,0.414535,-0.407522,1.142944,0.063476,0.088413,0.038009,-0.703831,-0.057262,1.116773,0.016322,-0.177747,0.043154,-0.647209,-0.594780,1.102863,0.151605,-0.139094,0.046464
1.440000,-0.095358,-0.508727,1.111845,0.093790,-0.037384,0.043046,-0.323364,-0.196667,1.179745,0.032253,0.025622,-0.025191,0.415821,-0.405735,1.143697,0.065068,0.090244,0.037295,-0.703493,-0.060808,1.117633,0.017478,-0.176806,0.042813,-0.644154,-0.597526,1.103792,0.153812,-0.135504,0.046495
1.460000,-0.093467,-0.509436,1.112710,0.095247,-0.033574,0.043379,-0.322625,-0.196059,1.179206,0.041569,0.035104,-0.028700,0.417137,-0.403913,1.144437,0.066514,0.091956,0.036638,-0.703132,-0.064335,1.118486,0.018597,-0.175879,0.042525,-0.641057,-0.600200,1.104723,0.155847,-0.131945,0.046542
1.480000,-0.091549,-0.510071,1.113581,0.096607,-0.029989,0.043712,-0.321705,-0.195267,1.178599,0.050268,0.043953,-0.031950,0.418480,-0.402058,1.145163,0.067812,0.093550,0.036040,-0.702749,-0.067843,1.119334,0.019679,-0.174964,0.042289,-0.637921,-0.602804,1.105654,0.157708,-0.128416,0.046605
1.500000,-0.089604,-0.510637,1.114458,0.097872,-0.026629,0.044043,-0.320618,-0.194305,1.177930,0.058350,0.052169,-0.034942,0.419848,-0.400172,1.145879,0.068963,0.095025,0.035500,-0.702345,-0.071333,1.120178,0.020723,-0.174062,0.042106,-0.634750,-0.605337,1.106587,0.159396,-0.124917,0.046682
1.520000,-0.087634,-0.511138,1.115342,0.099050,-0.023476,0.044369,-0.319375,-0.193185,1.177203,0.065836,0.059760,-0.037673,0.421238,-0.398258,1.146584,0.069982,0.096391,0.035012,-0.701920,-0.074806,1.121019,0.021734,-0.173177,0.041966,-0.631547,-0.607801,1.107521,0.160936,-0.121464,0.046768
1.540000,-0.085642,-0.511577,1.116233,0.100153,-0.020516,0.044684,-0.317988,-0.191919,1.176424,0.072745,0.066735,-0.040146,0.422647,-0.396317,1.147279,0.070883,0.097658,0.034569,-0.701476,-0.078261,1.121857,0.022712,-0.172312,0.041862,-0.628313,-0.610196,1.108458,0.162350,-0.118071,0.046855
1.560000,-0.083629,-0.511960,1.117130,0.101180,-0.017748,0.044989,-0.316469,-0.190519,1.175599,0.079079,0.073093,-0.042358,0.424072,-0.394352,1.147967,0.071666,0.098826,0.034172,-0.701012,-0.081698,1.122693,0.023660,-0.171467,0.041792,-0.625053,-0.612524,1.109396,0.163639,-0.114739,0.046944
1.580000,-0.081595,-0.512288,1.118032,0.102130,-0.015172,0.045282,-0.314829,-0.188999,1.174732,0.084838,0.078834,-0.044312,0.425513,-0.392364,1.148647,0.072333,0.099895,0.033820,-0.700530,-0.085119,1.123529,0.024575,-0.170642,0.041758,-0.621769,-0.614786,1.110335,0.164803,-0.111468,0.047034
1.600000,-0.079544,-0.512568,1.118941,0.103005,-0.012788,0.045565,-0.313079,-0.187370,1.173828,0.090020,0.083958,-0.046005,0.426965,-0.390357,1.149320,0.072882,0.100864,0.033514,-0.700029,-0.088524,1.124364,0.025459,-0.169837,0.041759,-0.618462,-0.616983,1.111277,0.165841,-0.108257,0.047125
1.620000,-0.077476,-0.512801,1.119855,0.103813,-0.010579,0.045833,-0.311232,-0.185645,1.172893,0.094665,0.088501,-0.047451,0.428427,-0.388330,1.149987,0.073326,0.101746,0.033244,-0.699511,-0.091913,1.125199,0.026316,-0.169055,0.041784,-0.615136,-0.619117,1.112220,0.166779,-0.105115,0.047208
1.640000,-0.075392,-0.512992,1.120774,0.104566,-0.008527,0.046083,-0.309296,-0.183834,1.171932,0.098811,0.092502,-0.048660,0.429897,-0.386287,1.150650,0.073677,0.102553,0.033003,-0.698977,-0.095287,1.126035,0.027149,-0.168299,0.041820,-0.611791,-0.621188,1.113165,0.167639,-0.102049,0.047272
1.660000,-0.073293,-0.513143,1.121698,0.105263,-0.006632,0.046314,-0.307283,-0.181948,1.170948,0.102456,0.095959,-0.049632,0.431374,-0.384229,1.151308,0.073936,0.103284,0.032790,-0.698426,-0.098645,1.126872,0.027960,-0.167570,0.041867,-0.608431,-0.623199,1.114111,0.168422,-0.099059,0.047320
1.680000,-0.071182,-0.513258,1.122626,0.105904,-0.004894,0.046525,-0.305201,-0.179999,1.169948,0.105602,0.098872,-0.050368,0.432854,-0.382157,1.151962,0.074103,0.103940,0.032606,-0.697858,-0.101989,1.127710,0.028749,-0.166867,0.041927,-0.605055,-0.625151,1.115058,0.169129,-0.096145,0.047349
1.700000,-0.069058,-0.513340,1.123559,0.106490,-0.003313,0.046719,-0.303062,-0.177997,1.168935,0.108249,0.101242,-0.050867,0.434337,-0.380072,1.152612,0.074178,0.104520,0.032450,-0.697276,-0.105320,1.128549,0.029514,-0.166190,0.041998,-0.601666,-0.627045,1.116005,0.169758,-0.093308,0.047360
1.720000,-0.066922,-0.513392,1.124495,0.107029,-0.001873,0.046889,-0.300874,-0.175953,1.167915,0.110442,0.103123,-0.051150,0.435821,-0.377976,1.153260,0.074170,0.105038,0.032311,-0.696678,-0.108637,1.129390,0.030260,-0.165544,0.042071,-0.598265,-0.628884,1.116952,0.170334,-0.090551,0.047346
1.740000,-0.064777,-0.513416,1.125434,0.107533,-0.000555,0.047032,-0.298647,-0.173875,1.166891,0.112228,0.104570,-0.051234,0.437304,-0.375871,1.153905,0.074088,0.105506,0.032179,-0.696065,-0.111942,1.130232,0.030991,-0.164930,0.042138,-0.594853,-0.630668,1.117898,0.170881,-0.087878,0.047298
1.760000,-0.062621,-0.513415,1.126376,0.108002,0.000641,0.047148,-0.296388,-0.171773,1.165867,0.113606,0.105583,-0.051120,0.438784,-0.373756,1.154547,0.073934,0.105926,0.032053,-0.695438,-0.115235,1.131075,0.031708,-0.164350,0.042197,-0.591430,-0.632400,1.118844,0.171398,-0.085290,0.047216
1.780000,-0.060457,-0.513391,1.127320,0.108435,0.001714,0.047238,-0.294105,-0.169655,1.164847,0.114578,0.106161,-0.050808,0.440260,-0.371634,1.155187,0.073706,0.106296,0.031934,-0.694797,-0.118516,1.131920,0.032409,-0.163803,0.042249,-0.587997,-0.634080,1.119787,0.171887,-0.082786,0.047101
1.800000,-0.058284,-0.513347,1.128265,0.108832,0.002665,0.047300,-0.291808,-0.167529,1.163836,0.115142,0.106305,-0.050299,0.441732,-0.369505,1.155824,0.073405,0.106617,0.031821,-0.694142,-0.121787,1.132765,0.033096,-0.163289,0.042294,-0.584555,-0.635712,1.120727,0.172345,-0.080367,0.046952
1.820000,-0.056104,-0.513285,1.129212,0.109203,0.003510,0.047332,-0.289502,-0.165405,1.162836,0.115347,0.106077,-0.049615,0.443196,-0.367369,1.156460,0.073038,0.106902,0.031703,-0.693473,-0.125048,1.133612,0.033771,-0.162813,0.042323,-0.581103,-0.637295,1.121665,0.172797,-0.078035,0.046764
1.840000,-0.053916,-0.513207,1.130158,0.109557,0.004264,0.047327,-0.287196,-0.163288,1.161852,0.115241,0.105541,-0.048781,0.444653,-0.365229,1.157092,0.072610,0.107164,0.031568,-0.692791,-0.128300,1.134458,0.034439,-0.162378,0.042330,-0.577643,-0.638834,1.122598,0.173264,-0.075790,0.046529
1.860000,-0.051722,-0.513115,1.131105,0.109894,0.004929,0.047288,-0.284895,-0.161185,1.160886,0.114824,0.104695,-0.047796,0.446100,-0.363083,1.157722,0.072123,0.107403,0.031416,-0.692096,-0.131543,1.135305,0.035100,-0.161985,0.042312,-0.574173,-0.640328,1.123526,0.173745,-0.073632,0.046247
1.880000,-0.049520,-0.513011,1.132050,0.110214,0.005504,0.047213,-0.282605,-0.159102,1.159941,0.114096,0.103541,-0.046661,0.447537,-0.360933,1.158349,0.071576,0.107618,0.031246,-0.691387,-0.134780,1.136150,0.035754,-0.161634,0.042272,-0.570693,-0.641779,1.124447,0.174241,-0.071563,0.045918
1.900000,-0.047313,-0.512896,1.132993,0.110518,0.005989,0.047103,-0.280333,-0.157046,1.159021,0.113057,0.102077,-0.045375,0.448963,-0.358778,1.158972,0.070968,0.107810,0.031058,-0.690666,-0.138009,1.136995,0.036400,-0.161324,0.042208,-0.567203,-0.643191,1.125362,0.174752,-0.069581,0.045543
1.920000,-0.045100,-0.512772,1.133934,0.110812,0.006398,0.046955,-0.278084,-0.155021,1.158127,0.111751,0.100364,-0.043962,0.450376,-0.356620,1.159591,0.070306,0.107990,0.030844,-0.689931,-0.141233,1.137839,0.037043,-0.161059,0.042115,-0.563703,-0.644563,1.126269,0.175295,-0.067686,0.045117
1.940000,-0.042881,-0.512640,1.134871,0.111104,0.006746,0.046765,-0.275864,-0.153032,1.157263,0.110220,0.098460,-0.042446,0.451775,-0.354459,1.160205,0.069592,0.108167,0.030591,-0.689184,-0.144452,1.138680,0.037685,-0.160840,0.041986,-0.560191,-0.645899,1.127166,0.175886,-0.065875,0.044635
1.960000,-0.040656,-0.512502,1.135804,0.111394,0.007032,0.046534,-0.273677,-0.151084,1.156430,0.108466,0.096365,-0.040827,0.453159,-0.352294,1.160814,0.068826,0.108343,0.030300,-0.688424,-0.147667,1.139518,0.038326,-0.160667,0.041821,-0.556667,-0.647199,1.128054,0.176526,-0.064149,0.044097
1.980000,-0.038425,-0.512359,1.136732,0.111683,0.007256,0.046260,-0.271527,-0.149179,1.155631,0.106488,0.094079,-0.039104,0.454527,-0.350125,1.161417,0.068010,0.108517,0.029971,-0.687651,-0.150879,1.140352,0.038966,-0.160541,0.041621,-0.553130,-0.648465,1.128930,0.177215,-0.062509,0.043503
2.000000,-0.036188,-0.512212,1.137654,0.111969,0.007419,0.045946,-0.269419,-0.147322,1.154867,0.104286,0.091603,-0.037279,0.455879,-0.347953,1.162013,0.067142,0.108688,0.029604,-0.686865,-0.154089,1.141182,0.039606,-0.160462,0.041385,-0.549578,-0.649700,1.129793,0.177953,-0.060953,0.042854
2.020000,-0.033946,-0.512063,1.138570,0.112259,0.007531,0.045590,-0.267357,-0.145516,1.154140,0.101903,0.088988,-0.035378,0.457213,-0.345778,1.162601,0.066226,0.108863,0.029194,-0.686067,-0.157298,1.142007,0.040246,-0.160427,0.041112,-0.546011,-0.650904,1.130644,0.178747,-0.059476,0.042148
2.040000,-0.031698,-0.511911,1.139477,0.112555,0.007604,0.045192,-0.265344,-0.143763,1.153452,0.099384,0.086288,-0.033431,0.458528,-0.343599,1.163180,0.065265,0.109048,0.028736,-0.685256,-0.160506,1.142827,0.040888,-0.160432,0.040799,-0.542428,-0.652079,1.131479,0.179604,-0.058073,0.041384
2.060000,-0.029444,-0.511759,1.140377,0.112858,0.007636,0.044752,-0.263382,-0.142065,1.152803,0.096727,0.083503,-0.031438,0.459823,-0.341416,1.163750,0.064259,0.109241,0.028229,-0.684431,-0.163715,1.143639,0.041532,-0.160479,0.040446,-0.538827,-0.653227,1.132298,0.180524,-0.056743,0.040562
2.080000,-0.027184,-0.511606,1.141267,0.113167,0.007629,0.044270,-0.261476,-0.140423,1.152195,0.093933,0.080632,-0.029398,0.461098,-0.339229,1.164309,0.063209,0.109443,0.027673,-0.683594,-0.166925,1.144444,0.042178,-0.160567,0.040052,-0.535206,-0.654349,1.133101,0.181507,-0.055487,0.039683
2.100000,-0.024917,-0.511454,1.142147,0.113484,0.007582,0.043747,-0.259626,-0.138840,1.151627,0.091002,0.077675,-0.027311,0.462351,-0.337038,1.164857,0.062113,0.109655,0.027070,-0.682744,-0.170138,1.145241,0.042826,-0.160695,0.039619,-0.531566,-0.655447,1.133885,0.182554,-0.054304,0.038746
2.120000,-0.022644,-0.511303,1.143017,0.113808,0.007502,0.043185,-0.257836,-0.137317,1.151102,0.087975,0.074674,-0.025209,0.463582,-0.334843,1.165392,0.060975,0.109877,0.026417,-0.681881,-0.173354,1.146029,0.043476,-0.160859,0.039147,-0.527904,-0.656522,1.134651,0.183662,-0.053187,0.037754
2.140000,-0.020365,-0.511154,1.143875,0.114142,0.007399,0.042585,-0.256107,-0.135853,1.150619,0.084894,0.071667,-0.023124,0.464790,-0.332643,1.165913,0.059798,0.110110,0.025714,-0.681005,-0.176573,1.146807,0.044125,-0.161051,0.038638,-0.524219,-0.657575,1.135395,0.184830,-0.052129,0.036710
2.160000,-0.018078,-0.511007,1.144720,0.114484,0.007271,0.041949,-0.254441,-0.134450,1.150177,0.081757,0.068656,-0.021054,0.465974,-0.330438,1.166420,0.058581,0.110355,0.024962,-0.680116,-0.179796,1.147574,0.044776,-0.161271,0.038091,-0.520510,-0.658608,1.136119,0.186058,-0.051130,0.035614
2.180000,-0.015785,-0.510863,1.145552,0.114836,0.007119,0.041276,-0.252837,-0.133107,1.149777,0.078566,0.065640,-0.019001,0.467133,-0.328228,1.166911,0.057325,0.110611,0.024159,-0.679214,-0.183024,1.148330,0.045427,-0.161520,0.037506,-0.516776,-0.659621,1.136819,0.187346,-0.050190,0.034465
2.200000,-0.013485,-0.510723,1.146371,0.115197,0.006943,0.040566,-0.251298,-0.131824,1.149417,0.075320,0.062618,-0.016964,0.468266,-0.326014,1.167386,0.056030,0.110879,0.023307,-0.678299,-0.186257,1.149074,0.046078,-0.161797,0.036884,-0.513016,-0.660616,1.137497,0.188693,-0.049308,0.033264
2.220000,-0.011177,-0.510586,1.147175,0.115565,0.006747,0.039824,-0.249825,-0.130602,1.149098,0.072048,0.059617,-0.014965,0.469374,-0.323793,1.167843,0.054698,0.111155,0.022408,-0.677371,-0.189496,1.149805,0.046728,-0.162095,0.036228,-0.509228,-0.661593,1.138150,0.190090,-0.048478,0.032018
2.240000,-0.008862,-0.510453,1.147964,0.115938,0.006537,0.039055,-0.248417,-0.129440,1.148818,0.068780,0.056661,-0.013027,0.470454,-0.321567,1.168282,0.053332,0.111439,0.021466,-0.676430,-0.192741,1.150523,0.047372,-0.162403,0.035542,-0.505412,-0.662555,1.138777,0.191527,-0.047691,0.030732
2.260000,-0.006540,-0.510324,1.148737,0.116316,0.006313,0.038258,-0.247074,-0.128335,1.148576,0.065517,0.053749,-0.011150,0.471507,-0.319336,1.168701,0.051934,0.111729,0.020480,-0.675476,-0.195992,1.151227,0.048012,-0.162724,0.034826,-0.501567,-0.663501,1.139379,0.193002,-0.046946,0.029407
2.280000,-0.004210,-0.510200,1.149494,0.116700,0.006075,0.037433,-0.245796,-0.127289,1.148372,0.062257,0.050882,-0.009334,0.472531,-0.317098,1.169101,0.050502,0.112026,0.019451,-0.674510,-0.199250,1.151916,0.048647,-0.163055,0.034080,-0.497692,-0.664433,1.139953,0.194516,-0.046245,0.028043
2.300000,-0.001872,-0.510081,1.150234,0.117089,0.005823,0.036581,-0.244583,-0.126300,1.148203,0.059002,0.048059,-0.007578,0.473527,-0.314855,1.169479,0.049037,0.112330,0.018378,-0.673530,-0.202514,1.152590,0.049277,-0.163398,0.033305,-0.493786,-0.665351,1.140500,0.196070,-0.045587,0.026640
2.320000,0.000474,-0.509968,1.150957,0.117478,0.005560,0.035708,-0.243436,-0.125366,1.148068,0.055768,0.045295,-0.005892,0.474493,-0.312605,1.169836,0.047544,0.112635,0.017269,-0.672539,-0.205786,1.153248,0.049898,-0.163742,0.032506,-0.489849,-0.666257,1.141019,0.197644,-0.044966,0.025209
2.340000,0.002827,-0.509859,1.151662,0.117863,0.005289,0.034821,-0.242352,-0.124488,1.147966,0.052573,0.042602,-0.004283,0.475428,-0.310349,1.170170,0.046027,0.112936,0.016129,-0.671534,-0.209064,1.153890,0.050505,-0.164079,0.031689,-0.485880,-0.667150,1.141508,0.199220,-0.044374,0.023760
2.360000,0.005188,-0.509756,1.152350,0.118243,0.005009,0.033918,-0.241332,-0.123662,1.147896,0.049418,0.039981,-0.002751,0.476333,-0.308088,1.170481,0.044486,0.113233,0.014959,-0.670518,-0.212349,1.154515,0.051099,-0.164407,0.030855,-0.481880,-0.668032,1.141969,0.200798,-0.043811,0.022293
2.380000,0.007557,-0.509659,1.153019,0.118619,0.004722,0.033002,-0.240375,-0.122888,1.147856,0.046302,0.037432,-0.001296,0.477208,-0.305820,1.170768,0.042921,0.113527,0.013759,-0.669491,-0.215640,1.155124,0.051678,-0.164727,0.030004,-0.477848,-0.668903,1.142400,0.202377,-0.043278,0.020809
2.400000,0.009933,-0.509567,1.153670,0.118990,0.004426,0.032071,-0.239480,-0.122164,1.147844,0.043225,0.034955,0.000081,0.478050,-0.303546,1.171031,0.041332,0.113816,0.012529,-0.668451,-0.218938,1.155715,0.052243,-0.165038,0.029135,-0.473785,-0.669763,1.142801,0.203958,-0.042775,0.019307
2.420000,0.012317,-0.509482,1.154302,0.119349,0.004124,0.031133,-0.238646,-0.121489,1.147859,0.040199,0.032555,0.001384,0.478861,-0.301267,1.171269,0.039728,0.114095,0.011279,-0.667401,-0.222241,1.156289,0.052789,-0.165332,0.028257,-0.469690,-0.670614,1.143172,0.205514,-0.042296,0.017803
2.440000,0.014707,-0.509402,1.154915,0.119688,0.003818,0.030198,-0.237872,-0.120861,1.147899,0.037234,0.030241,0.002613,0.479639,-0.298983,1.171482,0.038116,0.114355,0.010018,-0.666340,-0.225551,1.156845,0.053308,-0.165596,0.027378,-0.465565,-0.671455,1.143513,0.207017,-0.041836,0.016312
2.460000,0.017104,-0.509329,1.155509,0.120007,0.003507,0.029264,-0.237156,-0.120279,1.147963,0.034331,0.028011,0.003770,0.480385,-0.296693,1.171670,0.036497,0.114596,0.008747,-0.665269,-0.228865,1.157384,0.053801,-0.165832,0.026499,-0.461410,-0.672288,1.143825,0.208467,-0.041395,0.014834
2.480000,0.019507,-0.509262,1.156085,0.120306,0.003192,0.028332,-0.236498,-0.119740,1.148049,0.031490,0.025865,0.004854,0.481099,-0.294399,1.171832,0.034871,0.114819,0.007466,-0.664188,-0.232184,1.157905,0.054268,-0.166039,0.025618,-0.457226,-0.673111,1.144107,0.209865,-0.040973,0.013369
2.500000,0.021916,-0.509201,1.156643,0.120585,0.002872,0.027402,-0.235896,-0.119244,1.148156,0.028711,0.023805,0.005865,0.481780,-0.292101,1.171968,0.033238,0.115023,0.006175,-0.663098,-0.235506,1.158409,0.054709,-0.166217,0.024736,-0.453015,-0.673927,1.144360,0.211211,-0.040570,0.011918
2.520000,0.024330,-0.509147,1.157182,0.120837,0.002547,0.026482,-0.235349,-0.118788,1.148283,0.025996,0.021829,0.006812,0.482429,-0.289798,1.172079,0.031600,0.115199,0.004885,-0.662000,-0.238832,1.158895,0.055117,-0.166357,0.023861,-0.448778,-0.674734,1.144584,0.212469,-0.040182,0.010497
2.540000,0.026749,-0.509100,1.157702,0.121055,0.002216,0.025577,-0.234856,-0.118370,1.148428,0.023348,0.019938,0.007702,0.483044,-0.287493,1.172164,0.029959,0.115337,0.003606,-0.660894,-0.242160,1.159363,0.055487,-0.166449,0.022999,-0.444517,-0.675534,1.144780,0.213606,-0.039805,0.009125
2.560000,0.029172,-0.509059,1.158205,0.121239,0.001879,0.024687,-0.234415,-0.117990,1.148591,0.020766,0.018132,0.008536,0.483627,-0.285185,1.172223,0.028315,0.115436,0.002340,-0.659781,-0.245490,1.159815,0.055817,-0.166493,0.022151,-0.440235,-0.676326,1.144949,0.214621,-0.039439,0.007802
2.580000,0.031599,-0.509024,1.158690,0.121389,0.001537,0.023814,-0.234025,-0.117644,1.148770,0.018250,0.016411,0.009314,0.484177,-0.282876,1.172257,0.026669,0.115498,0.001085,-0.658661,-0.248820,1.160250,0.056108,-0.166489,0.021318,-0.435933,-0.677112,1.145092,0.215516,-0.039084,0.006528
2.600000,0.034028,-0.508997,1.159157,0.121505,0.001188,0.022957,-0.233684,-0.117333,1.148963,0.015800,0.014774,0.010035,0.484694,-0.280565,1.172267,0.025020,0.115521,-0.000158,-0.657537,-0.252149,1.160668,0.056360,-0.166437,0.020498,-0.431615,-0.677890,1.145211,0.216289,-0.038740,0.005302
2.620000,0.036459,-0.508977,1.159608,0.121581,0.000831,0.022121,-0.233392,-0.117053,1.149171,0.013414,0.013219,0.010712,0.485177,-0.278255,1.172251,0.023366,0.115495,-0.001378,-0.656407,-0.255477,1.161070,0.056567,-0.166328,0.019698,-0.427283,-0.678661,1.145305,0.216921,-0.038400,0.004132
2.640000,0.038891,-0.508964,1.160042,0.121612,0.000463,0.021312,-0.233147,-0.116803,1.149391,0.011089,0.011741,0.011355,0.485628,-0.275946,1.172212,0.021707,0.115408,-0.002560,-0.655274,-0.258802,1.161456,0.056723,-0.166156,0.018925,-0.422939,-0.679426,1.145376,0.217395,-0.038057,0.003025
2.660000,0.041323,-0.508959,1.160461,0.121597,0.000085,0.020531,-0.232948,-0.116583,1.149625,0.008825,0.010341,0.011967,0.486046,-0.273639,1.172149,0.020041,0.115261,-0.003707,-0.654139,-0.262123,1.161827,0.056828,-0.165919,0.018179,-0.418588,-0.680184,1.145426,0.217710,-0.037712,0.001981
2.680000,0.043754,-0.508961,1.160864,0.121535,-0.000303,0.019778,-0.232794,-0.116389,1.149870,0.006623,0.009018,0.012545,0.486430,-0.271336,1.172064,0.018370,0.115053,-0.004818,-0.653002,-0.265438,1.162183,0.056881,-0.165618,0.017460,-0.414232,-0.680934,1.145456,0.217866,-0.037363,0.001000
2.700000,0.046184,-0.508971,1.161252,0.121429,-0.000702,0.019051,-0.232683,-0.116221,1.150126,0.004481,0.007773,0.013090,0.486780,-0.269038,1.171957,0.016693,0.114785,-0.005892,-0.651864,-0.268747,1.162525,0.056884,-0.165253,0.016768,-0.409874,-0.681678,1.145467,0.217862,-0.037012,0.000082
2.720000,0.048611,-0.508989,1.161626,0.121271,-0.001114,0.018357,-0.232614,-0.116078,1.150393,0.002395,0.006599,0.013613,0.487097,-0.266745,1.171828,0.015006,0.114445,-0.006917,-0.650727,-0.272048,1.162854,0.056830,-0.164818,0.016108,-0.405519,-0.682415,1.145460,0.217689,-0.036654,-0.000769
2.740000,0.051034,-0.509015,1.161987,0.121059,-0.001541,0.017699,-0.232587,-0.115957,1.150671,0.000362,0.005491,0.014121,0.487381,-0.264460,1.171680,0.013308,0.114022,-0.007878,-0.649591,-0.275339,1.163170,0.056716,-0.164308,0.015485,-0.401168,-0.683144,1.145436,0.217337,-0.036286,-0.001547
2.760000,0.053453,-0.509051,1.162334,0.120792,-0.001983,0.017076,-0.232600,-0.115858,1.150958,-0.001620,0.004449,0.014615,0.487630,-0.262185,1.171514,0.011599,0.113515,-0.008777,-0.648458,-0.278620,1.163474,0.056542,-0.163721,0.014901,-0.396826,-0.683866,1.145398,0.216804,-0.035908,-0.002253
2.780000,0.055866,-0.509095,1.162670,0.120470,-0.002440,0.016490,-0.232651,-0.115779,1.151255,-0.003550,0.003472,0.015096,0.487845,-0.259920,1.171330,0.009877,0.112926,-0.009613,-0.647330,-0.281888,1.163766,0.056307,-0.163060,0.014353,-0.392497,-0.684580,1.145347,0.216091,-0.035520,-0.002887
2.800000,0.058271,-0.509148,1.162994,0.120094,-0.002913,0.015940,-0.232741,-0.115718,1.151562,-0.005429,0.002561,0.015563,0.488025,-0.257668,1.171130,0.008143,0.112254,-0.010386,-0.646207,-0.285141,1.164048,0.056011,-0.162322,0.013844,-0.388184,-0.685287,1.145283,0.215199,-0.035122,-0.003449
2.820000,0.060669,-0.509211,1.163308,0.119659,-0.003402,0.015429,-0.232868,-0.115676,1.151878,-0.007260,0.001708,0.016022,0.488170,-0.255431,1.170915,0.006396,0.111489,-0.011082,-0.645090,-0.288380,1.164320,0.055652,-0.161507,0.013375,-0.383890,-0.685985,1.145209,0.214124,-0.034713,-0.003936
2.840000,0.063057,-0.509285,1.163612,0.119164,-0.003909,0.014958,-0.233031,-0.115650,1.152203,-0.009048,0.000908,0.016481,0.488281,-0.253209,1.170687,0.004634,0.110621,-0.011687,-0.643981,-0.291601,1.164583,0.055229,-0.160611,0.012951,-0.379620,-0.686675,1.145126,0.212866,-0.034292,-0.004346
2.860000,0.065435,-0.509368,1.163906,0.118609,-0.004433,0.014529,-0.233230,-0.115639,1.152537,-0.010794,0.000159,0.016939,0.488355,-0.251007,1.170448,0.002856,0.109650,-0.012200,-0.642881,-0.294804,1.164839,0.054740,-0.159636,0.012572,-0.375377,-0.687357,1.145036,0.211424,-0.033858,-0.004679
2.880000,0.067801,-0.509462,1.164193,0.117993,-0.004976,0.014140,-0.233463,-0.115643,1.152880,-0.012497,-0.000538,0.017396,0.488395,-0.248824,1.170199,0.001063,0.108576,-0.012621,-0.641792,-0.297986,1.165087,0.054187,-0.158580,0.012237,-0.371164,-0.688029,1.144940,0.209799,-0.033413,-0.004935
2.900000,0.070154,-0.509567,1.164472,0.117316,-0.005536,0.013793,-0.233729,-0.115660,1.153233,-0.014157,-0.001184,0.017852,0.488398,-0.246664,1.169944,-0.000746,0.107399,-0.012952,-0.640714,-0.301146,1.165328,0.053568,-0.157445,0.011948,-0.366986,-0.688693,1.144839,0.207989,-0.032955,-0.005115
2.920000,0.072493,-0.509683,1.164745,0.116579,-0.006113,0.013486,-0.234029,-0.115690,1.153594,-0.015778,-0.001784,0.018312,0.488365,-0.244529,1.169682,-0.002563,0.106131,-0.013194,-0.639649,-0.304283,1.165565,0.052885,-0.156231,0.011704,-0.362846,-0.689348,1.144736,0.206003,-0.032487,-0.005218
2.940000,0.074817,-0.509812,1.165012,0.115779,-0.006706,0.013221,-0.234360,-0.115731,1.153965,-0.017360,-0.002347,0.018776,0.488295,-0.242420,1.169416,-0.004380,0.104782,-0.013354,-0.638599,-0.307395,1.165797,0.052140,-0.154941,0.011508,-0.358747,-0.689993,1.144631,0.203847,-0.032007,-0.005244
2.960000,0.077124,-0.509952,1.165274,0.114917,-0.007314,0.012996,-0.234723,-0.115784,1.154345,-0.018905,-0.002873,0.019247,0.488190,-0.240338,1.169148,-0.006197,0.103353,-0.013429,-0.637564,-0.310480,1.166025,0.051332,-0.153574,0.011358,-0.354693,-0.690628,1.144526,0.201520,-0.031517,-0.005195
2.980000,0.079413,-0.510104,1.165532,0.113994,-0.007939,0.012812,-0.235116,-0.115846,1.154735,-0.020413,-0.003360,0.019723,0.488047,-0.238286,1.168880,-0.008014,0.101842,-0.013421,-0.636546,-0.313538,1.166252,0.050461,-0.152132,0.011256,-0.350688,-0.691253,1.144424,0.199023,-0.031016,-0.005069
3.000000,0.081684,-0.510269,1.165787,0.113009,-0.008579,0.012669,-0.235539,-0.115918,1.155134,-0.021883,-0.003810,0.020205,0.487869,-0.236265,1.168612,-0.009832,0.100252,-0.013329,-0.635546,-0.316565,1.166476,0.049528,-0.150613,0.011201,-0.346734,-0.691868,1.144324,0.196356,-0.030504,-0.004868
3.020000,0.083933,-0.510448,1.166039,0.111963,-0.009232,0.012564,-0.235991,-0.115998,1.155543,-0.023318,-0.004228,0.020693,0.487654,-0.234276,1.168347,-0.011645,0.098592,-0.013164,-0.634565,-0.319562,1.166700,0.048537,-0.149024,0.011192,-0.342834,-0.692473,1.144229,0.193534,-0.029984,-0.004593
3.040000,0.086162,-0.510639,1.166290,0.110858,-0.009893,0.012495,-0.236472,-0.116087,1.155962,-0.024723,-0.004619,0.021186,0.487403,-0.232322,1.168086,-0.013451,0.096874,-0.012936,-0.633605,-0.322526,1.166924,0.047494,-0.147372,0.011227,-0.338993,-0.693068,1.144141,0.190573,-0.029457,-0.004250
3.060000,0.088367,-0.510843,1.166539,0.109695,-0.010562,0.012460,-0.236980,-0.116183,1.156391,-0.026097,-0.004985,0.021684,0.487116,-0.230402,1.167830,-0.015248,0.095099,-0.012646,-0.632666,-0.325456,1.167149,0.046398,-0.145656,0.011306,-0.335212,-0.693651,1.144060,0.187474,-0.028922,-0.003839
3.080000,0.090549,-0.511061,1.166788,0.108473,-0.011239,0.012461,-0.237515,-0.116286,1.156829,-0.027439,-0.005324,0.022187,0.486793,-0.228518,1.167581,-0.017037,0.093265,-0.012293,-0.631750,-0.328352,1.167377,0.045251,-0.143876,0.011429,-0.331495,-0.694225,1.143988,0.184235,-0.028380,-0.003358
3.100000,0.092706,-0.511293,1.167038,0.107193,-0.011924,0.012497,-0.238077,-0.116396,1.157278,-0.028751,-0.005636,0.022696,0.486435,-0.226672,1.167339,-0.018817,0.091374,-0.011877,-0.630856,-0.331211,1.167607,0.044051,-0.142032,0.011596,-0.327844,-0.694787,1.143926,0.180858,-0.027831,-0.002808
3.120000,0.094836,-0.511538,1.167288,0.105857,-0.012612,0.012562,-0.238665,-0.116511,1.157737,-0.030029,-0.005926,0.023207,0.486041,-0.224863,1.167106,-0.020586,0.089433,-0.011404,-0.629988,-0.334033,1.167841,0.042808,-0.140135,0.011803,-0.324262,-0.695338,1.143876,0.177365,-0.027278,-0.002197
3.140000,0.096940,-0.511797,1.167540,0.104470,-0.013294,0.012651,-0.239278,-0.116632,1.158207,-0.031273,-0.006196,0.023716,0.485611,-0.223095,1.166883,-0.022339,0.087452,-0.010879,-0.629144,-0.336816,1.168079,0.041530,-0.138192,0.012046,-0.320750,-0.695878,1.143838,0.173781,-0.026721,-0.001530
3.160000,0.099015,-0.512070,1.167795,0.103031,-0.013972,0.012765,-0.239916,-0.116759,1.158686,-0.032482,-0.006446,0.024224,0.485147,-0.221366,1.166671,-0.024077,0.085429,-0.010304,-0.628327,-0.339560,1.168323,0.040217,-0.136205,0.012324,-0.317311,-0.696407,1.143815,0.170105,-0.026162,-0.000809
3.180000,0.101061,-0.512356,1.168051,0.101541,-0.014646,0.012903,-0.240577,-0.116890,1.159175,-0.033657,-0.006676,0.024730,0.484648,-0.219678,1.166471,-0.025799,0.083365,-0.009677,-0.627536,-0.342264,1.168572,0.038869,-0.134174,0.012638,-0.313946,-0.696924,1.143806,0.166338,-0.025600,-0.000034
3.200000,0.103076,-0.512656,1.168311,0.099999,-0.015315,0.013065,-0.241262,-0.117026,1.159675,-0.034797,-0.006887,0.025235,0.484115,-0.218031,1.166284,-0.027505,0.081260,-0.008999,-0.626772,-0.344927,1.168828,0.037487,-0.132098,0.012988,-0.310658,-0.697431,1.143814,0.162479,-0.025035,0.000796
3.220000,0.105060,-0.512969,1.168574,0.098411,-0.015971,0.013244,-0.241969,-0.117166,1.160185,-0.035896,-0.007079,0.025733,0.483548,-0.216427,1.166112,-0.029193,0.079119,-0.008272,-0.626037,-0.347547,1.169092,0.036080,-0.129988,0.013368,-0.307448,-0.697926,1.143839,0.158557,-0.024470,0.001671
3.240000,0.107012,-0.513295,1.168841,0.096780,-0.016608,0.013434,-0.242697,-0.117309,1.160704,-0.036948,-0.007256,0.026220,0.482948,-0.214867,1.165954,-0.030856,0.076949,-0.007496,-0.625329,-0.350126,1.169363,0.034658,-0.127853,0.013773,-0.304316,-0.698409,1.143881,0.154601,-0.023906,0.002581
3.260000,0.108931,-0.513633,1.169111,0.095106,-0.017225,0.013635,-0.243447,-0.117456,1.161234,-0.037954,-0.007416,0.026693,0.482314,-0.213350,1.165812,-0.032497,0.074747,-0.006672,-0.624650,-0.352661,1.169643,0.033221,-0.125695,0.014203,-0.301264,-0.698882,1.143942,0.150611,-0.023343,0.003525
3.280000,0.110816,-0.513983,1.169386,0.093391,-0.017823,0.013847,-0.244215,-0.117605,1.161772,-0.038914,-0.007560,0.027155,0.481648,-0.211877,1.165687,-0.034114,0.072516,-0.005801,-0.624000,-0.355154,1.169932,0.031770,-0.123512,0.014657,-0.298292,-0.699343,1.144022,0.146586,-0.022781,0.004503
3.300000,0.112667,-0.514346,1.169665,0.091633,-0.018401,0.014070,-0.245003,-0.117758,1.162320,-0.039826,-0.007688,0.027605,0.480950,-0.210449,1.165580,-0.035708,0.070254,-0.004881,-0.623380,-0.357602,1.170230,0.030304,-0.121305,0.015137,-0.295401,-0.699793,1.144122,0.142527,-0.022221,0.005516
3.320000,0.114481,-0.514719,1.169949,0.089836,-0.018953,0.014299,-0.245808,-0.117913,1.162876,-0.040686,-0.007801,0.028038,0.480220,-0.209067,1.165492,-0.037270,0.067975,-0.003920,-0.622788,-0.360006,1.170537,0.028830,-0.119080,0.015637,-0.292591,-0.700232,1.144243,0.138463,-0.021663,0.006552
3.340000,0.116260,-0.515104,1.170237,0.088004,-0.019475,0.014531,-0.246630,-0.118070,1.163441,-0.041487,-0.007901,0.028449,0.479459,-0.207730,1.165424,-0.038791,0.065689,-0.002925,-0.622226,-0.362365,1.170855,0.027355,-0.116844,0.016156,-0.289862,-0.700660,1.144385,0.134422,-0.021110,0.007599
3.360000,0.118001,-0.515498,1.170530,0.086137,-0.019966,0.014764,-0.247467,-0.118229,1.164014,-0.042230,-0.007986,0.028838,0.478669,-0.206439,1.165375,-0.040270,0.063397,-0.001896,-0.621694,-0.364679,1.171184,0.025879,-0.114595,0.016692,-0.287214,-0.701076,1.144547,0.130403,-0.020560,0.008658
3.380000,0.119705,-0.515902,1.170828,0.084234,-0.020427,0.014999,-0.248319,-0.118389,1.164594,-0.042913,-0.008058,0.029205,0.477849,-0.205194,1.165348,-0.041708,0.061100,-0.000834,-0.621191,-0.366949,1.171523,0.024403,-0.112336,0.017246,-0.284646,-0.701482,1.144731,0.126407,-0.020015,0.009728
3.400000,0.121370,-0.516315,1.171130,0.082296,-0.020856,0.015235,-0.249183,-0.118551,1.165182,-0.043537,-0.008115,0.029551,0.477001,-0.203996,1.165342,-0.043105,0.058797,0.000262,-0.620718,-0.369173,1.171874,0.022925,-0.110064,0.017817,-0.282157,-0.701877,1.144936,0.122434,-0.019474,0.010809
3.420000,0.122997,-0.516736,1.171437,0.080327,-0.021250,0.015467,-0.250060,-0.118714,1.165776,-0.044094,-0.008159,0.029867,0.476125,-0.202843,1.165359,-0.044453,0.056498,0.001385,-0.620274,-0.371351,1.172236,0.021453,-0.107785,0.018400,-0.279748,-0.702261,1.145163,0.118506,-0.018937,0.011891
3.440000,0.124583,-0.517165,1.171749,0.078331,-0.021602,0.015686,-0.250947,-0.118877,1.166376,-0.044575,-0.008189,0.030143,0.475223,-0.201736,1.165398,-0.045744,0.054213,0.002526,-0.619860,-0.373484,1.172610,0.019995,-0.105502,0.018987,-0.277417,-0.702635,1.145412,0.114643,-0.018406,0.012964
3.460000,0.126130,-0.517600,1.172065,0.076309,-0.021912,0.015893,-0.251842,-0.119041,1.166982,-0.044981,-0.008206,0.030381,0.474296,-0.200674,1.165460,-0.046978,0.051943,0.003685,-0.619474,-0.375571,1.172995,0.018550,-0.103216,0.019579,-0.275162,-0.702997,1.145682,0.110847,-0.017880,0.014026
3.480000,0.127636,-0.518041,1.172384,0.074260,-0.022180,0.016087,-0.252745,-0.119205,1.167591,-0.045310,-0.008208,0.030580,0.473344,-0.199658,1.165545,-0.048156,0.049687,0.004863,-0.619118,-0.377613,1.173393,0.017118,-0.100927,0.020174,-0.272982,-0.703350,1.145973,0.107116,-0.017359,0.015079
3.500000,0.129100,-0.518487,1.172708,0.072184,-0.022406,0.016269,-0.253654,-0.119370,1.168205,-0.045564,-0.008197,0.030739,0.472370,-0.198686,1.165655,-0.049278,0.047446,0.006060,-0.618790,-0.379608,1.173802,0.015700,-0.098634,0.020775,-0.270877,-0.703692,1.146285,0.103451,-0.016843,0.016122
3.520000,0.130523,-0.518937,1.173035,0.070088,-0.022586,0.016430,-0.254567,-0.119533,1.168821,-0.045739,-0.008173,0.030856,0.471373,-0.197760,1.165788,-0.050337,0.045227,0.007267,-0.618490,-0.381558,1.174224,0.014302,-0.096340,0.021369,-0.268844,-0.704024,1.146618,0.099868,-0.016333,0.017145
3.540000,0.131903,-0.519390,1.173365,0.067978,-0.022714,0.016560,-0.255483,-0.119696,1.169439,-0.045832,-0.008136,0.030924,0.470357,-0.196877,1.165945,-0.051328,0.043039,0.008475,-0.618217,-0.383462,1.174657,0.012934,-0.094049,0.021950,-0.266881,-0.704345,1.146970,0.096383,-0.015827,0.018139
3.560000,0.133242,-0.519845,1.173697,0.065855,-0.022790,0.016660,-0.256400,-0.119859,1.170057,-0.045842,-0.008086,0.030945,0.469321,-0.196038,1.166127,-0.052251,0.040883,0.009686,-0.617972,-0.385320,1.175102,0.011594,-0.091760,0.022515,-0.264988,-0.704657,1.147343,0.092997,-0.015325,0.019102
3.580000,0.134538,-0.520301,1.174031,0.063718,-0.022815,0.016728,-0.257316,-0.120020,1.170676,-0.045770,-0.008023,0.030918,0.468267,-0.195242,1.166333,-0.053107,0.038757,0.010900,-0.617753,-0.387132,1.175557,0.010283,-0.089472,0.023066,-0.263161,-0.704958,1.147734,0.089709,-0.014829,0.020036
3.600000,0.135790,-0.520757,1.174366,0.061568,-0.022789,0.016767,-0.258230,-0.120179,1.171294,-0.045616,-0.007948,0.030844,0.467197,-0.194487,1.166563,-0.053895,0.036662,0.012115,-0.617561,-0.388899,1.176024,0.009000,-0.087187,0.023602,-0.261399,-0.705250,1.148144,0.086519,-0.014336,0.020939
3.620000,0.137000,-0.521212,1.174702,0.059412,-0.022711,0.016772,-0.259140,-0.120338,1.171909,-0.045382,-0.007860,0.030721,0.466112,-0.193775,1.166817,-0.054612,0.034606,0.013323,-0.617393,-0.390620,1.176501,0.007755,-0.084907,0.024111,-0.259699,-0.705532,1.148572,0.083441,-0.013847,0.021803
3.640000,0.138167,-0.521665,1.175037,0.057257,-0.022585,0.016741,-0.260045,-0.120494,1.172522,-0.045069,-0.007762,0.030550,0.465013,-0.193103,1.167096,-0.055255,0.032596,0.014516,-0.617250,-0.392295,1.176988,0.006556,-0.082634,0.024580,-0.258060,-0.705804,1.149016,0.080486,-0.013361,0.022617
3.660000,0.139290,-0.522115,1.175371,0.055104,-0.022409,0.016675,-0.260943,-0.120648,1.173131,-0.044677,-0.007652,0.030330,0.463902,-0.192471,1.167398,-0.055825,0.030631,0.015692,-0.617131,-0.393925,1.177484,0.005404,-0.080369,0.025011,-0.256479,-0.706066,1.149476,0.077655,-0.012876,0.023381
3.680000,0.140371,-0.522561,1.175704,0.052952,-0.022184,0.016573,-0.261832,-0.120800,1.173735,-0.044207,-0.007532,0.030062,0.462780,-0.191877,1.167723,-0.056322,0.028712,0.016853,-0.617034,-0.395510,1.177988,0.004297,-0.078110,0.025402,-0.254953,-0.706319,1.149951,0.074948,-0.012393,0.024095
3.700000,0.141409,-0.523002,1.176034,0.050802,-0.021909,0.016436,-0.262710,-0.120949,1.174333,-0.043658,-0.007400,0.029745,0.461650,-0.191322,1.168072,-0.056745,0.026839,0.017997,-0.616958,-0.397050,1.178500,0.003237,-0.075860,0.025753,-0.253480,-0.706562,1.150439,0.072365,-0.011912,0.024759
3.720000,0.142403,-0.523438,1.176361,0.048665,-0.021592,0.016267,-0.263577,-0.121096,1.174925,-0.043038,-0.007259,0.029384,0.460511,-0.190803,1.168443,-0.057095,0.025018,0.019116,-0.616904,-0.398544,1.179018,0.002227,-0.073616,0.026058,-0.252058,-0.706795,1.150941,0.069908,-0.011432,0.025369
3.740000,0.143355,-0.523866,1.176684,0.046550,-0.021240,0.016071,-0.264431,-0.121239,1.175508,-0.042354,-0.007110,0.028982,0.459366,-0.190321,1.168836,-0.057372,0.023257,0.020198,-0.616869,-0.399994,1.179542,0.001270,-0.071380,0.026309,-0.250683,-0.707019,1.151454,0.067580,-0.010955,0.025922
3.760000,0.144265,-0.524287,1.177003,0.044459,-0.020853,0.015847,-0.265271,-0.121380,1.176084,-0.041605,-0.006952,0.028538,0.458217,-0.189873,1.169251,-0.057576,0.021557,0.021243,-0.616853,-0.401400,1.180070,0.000368,-0.069151,0.026507,-0.249354,-0.707233,1.151977,0.065380,-0.010479,0.026417
3.780000,0.145134,-0.524700,1.177318,0.042392,-0.020431,0.015596,-0.266095,-0.121517,1.176650,-0.040792,-0.006786,0.028053,0.457064,-0.189458,1.169686,-0.057707,0.019916,0.022252,-0.616854,-0.402760,1.180602,-0.000480,-0.066929,0.026650,-0.248067,-0.707438,1.152510,0.063309,-0.010005,0.026855
3.800000,0.145961,-0.525104,1.177627,0.040347,-0.019973,0.015317,-0.266902,-0.121651,1.177206,-0.039915,-0.006613,0.027528,0.455909,-0.189076,1.170141,-0.057766,0.018335,0.023224,-0.616871,-0.404077,1.181136,-0.001275,-0.064715,0.026740,-0.246821,-0.707634,1.153051,0.061366,-0.009533,0.027235
3.820000,0.146748,-0.525499,1.177931,0.038342,-0.019494,0.015022,-0.267691,-0.121782,1.177751,-0.038987,-0.006433,0.026969,0.454754,-0.188724,1.170614,-0.057757,0.016816,0.024156,-0.616904,-0.405349,1.181671,-0.002015,-0.062508,0.026773,-0.245612,-0.707820,1.153599,0.059547,-0.009063,0.027560
3.840000,0.147495,-0.525884,1.178228,0.036393,-0.019007,0.014721,-0.268462,-0.121909,1.178284,-0.038021,-0.006249,0.026386,0.453599,-0.188403,1.171106,-0.057687,0.015361,0.025042,-0.616952,-0.406577,1.182206,-0.002701,-0.060308,0.026747,-0.244438,-0.707996,1.154153,0.057846,-0.008597,0.027831
3.860000,0.148204,-0.526259,1.178519,0.034499,-0.018511,0.014414,-0.269212,-0.122032,1.178806,-0.037017,-0.006061,0.025777,0.452447,-0.188109,1.171616,-0.057556,0.013970,0.025884,-0.617012,-0.407761,1.182741,-0.003332,-0.058114,0.026663,-0.243297,-0.708164,1.154712,0.056263,-0.008136,0.028049
3.880000,0.148876,-0.526624,1.178804,0.032662,-0.018007,0.014102,-0.269942,-0.122151,1.179315,-0.035975,-0.005869,0.025144,0.451297,-0.187843,1.172141,-0.057364,0.012642,0.026681,-0.617085,-0.408902,1.183273,-0.003909,-0.055927,0.026519,-0.242187,-0.708322,1.155275,0.054798,-0.007678,0.028213
3.900000,0.149511,-0.526979,1.179083,0.030880,-0.017495,0.013784,-0.270651,-0.122267,1.179811,-0.034894,-0.005673,0.024486,0.450152,-0.187603,1.172683,-0.057110,0.011379,0.027432,-0.617168,-0.409999,1.183801,-0.004432,-0.053747,0.026317,-0.241104,-0.708471,1.155840,0.053452,-0.007223,0.028323
3.920000,0.150111,-0.527324,1.179356,0.029163,-0.016983,0.013469,-0.271338,-0.122378,1.180294,-0.033795,-0.005475,0.023816,0.449013,-0.187388,1.173238,-0.056806,0.010178,0.028140,-0.617262,-0.411052,1.184325,-0.004903,-0.051575,0.026058,-0.240048,-0.708611,1.156407,0.052212,-0.006776,0.028388
3.940000,0.150678,-0.527658,1.179622,0.027520,-0.016483,0.013163,-0.272003,-0.122486,1.180764,-0.032698,-0.005280,0.023148,0.447880,-0.187196,1.173808,-0.056462,0.009038,0.028805,-0.617364,-0.412062,1.184843,-0.005324,-0.049413,0.025745,-0.239015,-0.708742,1.156975,0.051069,-0.006337,0.028413
3.960000,0.151213,-0.527983,1.179882,0.025951,-0.015994,0.012868,-0.272646,-0.122589,1.181220,-0.031602,-0.005086,0.022480,0.446755,-0.187026,1.174390,-0.056078,0.007959,0.029427,-0.617474,-0.413028,1.185354,-0.005697,-0.047261,0.025377,-0.238004,-0.708864,1.157544,0.050023,-0.005906,0.028400
3.980000,0.151716,-0.528298,1.180137,0.024457,-0.015515,0.012584,-0.273267,-0.122689,1.181663,-0.030507,-0.004894,0.021814,0.445638,-0.186877,1.174985,-0.055654,0.006941,0.030007,-0.617591,-0.413952,1.185858,-0.006020,-0.045119,0.024956,-0.237014,-0.708978,1.158111,0.049073,-0.005485,0.028348
4.000000,0.152191,-0.528604,1.180386,0.023036,-0.015048,0.012309,-0.273866,-0.122785,1.182093,-0.029414,-0.004703,0.021149,0.444529,-0.186748,1.175590,-0.055189,0.005984,0.030543,-0.617715,-0.414833,1.186352,-0.006294,-0.042988,0.024480,-0.236041,-0.709084,1.158677,0.048219,-0.005072,0.028257
4.020000,0.152638,-0.528900,1.180629,0.021693,-0.014597,0.012050,-0.274443,-0.122877,1.182509,-0.028335,-0.004516,0.020494,0.443430,-0.186637,1.176206,-0.054700,0.005086,0.031042,-0.617843,-0.415672,1.186837,-0.006524,-0.040872,0.023956,-0.235084,-0.709181,1.159241,0.047447,-0.004672,0.028140
4.040000,0.153060,-0.529188,1.180868,0.020433,-0.014171,0.011813,-0.275000,-0.122966,1.182913,-0.027284,-0.004335,0.019857,0.442341,-0.186544,1.176832,-0.054201,0.004241,0.031510,-0.617975,-0.416468,1.187310,-0.006714,-0.038777,0.023394,-0.234142,-0.709271,1.159803,0.046741,-0.004289,0.028010
4.060000,0.153456,-0.529467,1.181102,0.019253,-0.013768,0.011596,-0.275535,-0.123051,1.183304,-0.026261,-0.004158,0.019239,0.441262,-0.186467,1.177466,-0.053691,0.003451,0.031946,-0.618111,-0.417223,1.187772,-0.006864,-0.036704,0.022791,-0.233214,-0.709353,1.160362,0.046101,-0.003922,0.027866
4.080000,0.153830,-0.529739,1.181332,0.018156,-0.013389,0.011400,-0.276050,-0.123132,1.183682,-0.025266,-0.003987,0.018638,0.440194,-0.186406,1.178109,-0.053172,0.002715,0.032350,-0.618250,-0.417937,1.188221,-0.006976,-0.034653,0.022149,-0.232298,-0.709428,1.160917,0.045527,-0.003572,0.027709
4.100000,0.154183,-0.530003,1.181558,0.017140,-0.013033,0.011225,-0.276546,-0.123210,1.184049,-0.024299,-0.003822,0.018056,0.439135,-0.186358,1.178760,-0.052643,0.002034,0.032723,-0.618390,-0.418609,1.188658,-0.007047,-0.032623,0.021468,-0.231393,-0.709496,1.161470,0.045019,-0.003239,0.027538
4.120000,0.154516,-0.530260,1.181781,0.016205,-0.012704,0.011075,-0.277022,-0.123285,1.184405,-0.023367,-0.003662,0.017497,0.438088,-0.186324,1.179418,-0.052123,0.001403,0.033074,-0.618531,-0.419242,1.189080,-0.007086,-0.030626,0.020760,-0.230497,-0.709557,1.162019,0.044570,-0.002920,0.027356
4.140000,0.154832,-0.530511,1.182001,0.015352,-0.012407,0.010951,-0.277481,-0.123357,1.184749,-0.022479,-0.003510,0.016964,0.437050,-0.186302,1.180083,-0.051631,0.000817,0.033413,-0.618673,-0.419835,1.189488,-0.007100,-0.028675,0.020038,-0.229609,-0.709613,1.162564,0.044172,-0.002613,0.027164
4.160000,0.155131,-0.530757,1.182219,0.014580,-0.012140,0.010854,-0.277922,-0.123425,1.185084,-0.021635,-0.003365,0.016460,0.436022,-0.186291,1.180755,-0.051168,0.000278,0.033741,-0.618815,-0.420389,1.189881,-0.007087,-0.026769,0.019303,-0.228730,-0.709662,1.163105,0.043824,-0.002319,0.026963
4.180000,0.155416,-0.530997,1.182436,0.013890,-0.011904,0.010785,-0.278346,-0.123491,1.185408,-0.020835,-0.003228,0.015982,0.435003,-0.186290,1.181433,-0.050733,-0.000216,0.034057,-0.618957,-0.420906,1.190260,-0.007049,-0.024908,0.018555,-0.227856,-0.709705,1.163642,0.043527,-0.002036,0.026752
4.200000,0.155687,-0.531233,1.182651,0.013281,-0.011699,0.010742,-0.278755,-0.123555,1.185723,-0.020078,-0.003097,0.015532,0.433993,-0.186299,1.182117,-0.050326,-0.000664,0.034361,-0.619097,-0.421386,1.190624,-0.006985,-0.023092,0.017793,-0.226988,-0.709743,1.164175,0.043281,-0.001766,0.026531
4.220000,0.155947,-0.531465,1.182866,0.012750,-0.011525,0.010728,-0.279150,-0.123615,1.186030,-0.019368,-0.002975,0.015111,0.432990,-0.186317,1.182807,-0.049956,-0.001070,0.034656,-0.619236,-0.421830,1.190972,-0.006901,-0.021328,0.017027,-0.226125,-0.709776,1.164704,0.043075,-0.001510,0.026307
4.240000,0.156198,-0.531694,1.183080,0.012294,-0.011385,0.010742,-0.279531,-0.123674,1.186328,-0.018710,-0.002860,0.014720,0.431994,-0.186342,1.183503,-0.049633,-0.001440,0.034946,-0.619373,-0.422239,1.191305,-0.006803,-0.019622,0.016266,-0.225265,-0.709804,1.165228,0.042901,-0.001270,0.026085
4.260000,0.156440,-0.531921,1.183296,0.011913,-0.011278,0.010784,-0.279899,-0.123730,1.186618,-0.018101,-0.002753,0.014358,0.431005,-0.186374,1.184205,-0.049356,-0.001772,0.035231,-0.619508,-0.422615,1.191622,-0.006689,-0.017974,0.015509,-0.224408,-0.709827,1.165747,0.042757,-0.001046,0.025865
4.280000,0.156675,-0.532146,1.183512,0.011606,-0.011203,0.010856,-0.280255,-0.123784,1.186902,-0.017544,-0.002653,0.014026,0.430020,-0.186413,1.184912,-0.049125,-0.002067,0.035510,-0.619640,-0.422958,1.191925,-0.006561,-0.016383,0.014758,-0.223554,-0.709846,1.166262,0.042644,-0.000839,0.025648
4.300000,0.156904,-0.532369,1.183730,0.011375,-0.011162,0.010956,-0.280601,-0.123836,1.187180,-0.017037,-0.002562,0.013724,0.429039,-0.186457,1.185625,-0.048940,-0.002326,0.035784,-0.619770,-0.423271,1.192213,-0.006417,-0.014851,0.014012,-0.222702,-0.709861,1.166773,0.042562,-0.000647,0.025433
4.320000,0.157130,-0.532592,1.183950,0.011213,-0.011153,0.011084,-0.280937,-0.123886,1.187451,-0.016581,-0.002478,0.013450,0.428062,-0.186505,1.186344,-0.048800,-0.002551,0.036048,-0.619897,-0.423553,1.192486,-0.006264,-0.013379,0.013276,-0.221852,-0.709872,1.167280,0.042507,-0.000467,0.025216
4.340000,0.157353,-0.532816,1.184173,0.011115,-0.011174,0.011238,-0.281264,-0.123935,1.187718,-0.016174,-0.002401,0.013202,0.427087,-0.186558,1.187067,-0.048704,-0.002747,0.036300,-0.620021,-0.423806,1.192744,-0.006103,-0.011969,0.012557,-0.221002,-0.709879,1.167782,0.042477,-0.000294,0.024995
4.360000,0.157575,-0.533040,1.184400,0.011080,-0.011226,0.011417,-0.281584,-0.123982,1.187980,-0.015819,-0.002332,0.012981,0.426113,-0.186615,1.187796,-0.048652,-0.002915,0.036538,-0.620141,-0.424032,1.192988,-0.005936,-0.010623,0.011856,-0.220153,-0.709884,1.168279,0.042470,-0.000127,0.024768
4.380000,0.157797,-0.533265,1.184630,0.011109,-0.011309,0.011623,-0.281897,-0.124028,1.188237,-0.015513,-0.002269,0.012787,0.425141,-0.186675,1.188529,-0.048644,-0.003054,0.036764,-0.620258,-0.424232,1.193218,-0.005763,-0.009340,0.011171,-0.219303,-0.709884,1.168772,0.042486,0.000033,0.024537
4.400000,0.158020,-0.533492,1.184865,0.011202,-0.011423,0.011855,-0.282205,-0.124073,1.188491,-0.015258,-0.002215,0.012619,0.424167,-0.186737,1.189266,-0.048680,-0.003164,0.036976,-0.620371,-0.424406,1.193435,-0.005583,-0.008120,0.010503,-0.218453,-0.709882,1.169261,0.042527,0.000186,0.024301
4.420000,0.158245,-0.533722,1.185105,0.011350,-0.011563,0.012110,-0.282508,-0.124117,1.188742,-0.015049,-0.002166,0.012473,0.423193,-0.186801,1.190008,-0.048763,-0.003248,0.037175,-0.620481,-0.424557,1.193638,-0.005399,-0.006963,0.009855,-0.217602,-0.709877,1.169744,0.042587,0.000333,0.024060
4.440000,0.158474,-0.533955,1.185350,0.011547,-0.011728,0.012383,-0.282807,-0.124160,1.188990,-0.014884,-0.002124,0.012345,0.422217,-0.186867,1.190753,-0.048895,-0.003311,0.037360,-0.620587,-0.424685,1.193829,-0.005215,-0.005869,0.009231,-0.216749,-0.709869,1.170223,0.042659,0.000475,0.023817
4.460000,0.158708,-0.534191,1.185600,0.011791,-0.011917,0.012675,-0.283104,-0.124202,1.189236,-0.014763,-0.002087,0.012234,0.421237,-0.186933,1.191502,-0.049077,-0.003352,0.037533,-0.620690,-0.424792,1.194008,-0.005030,-0.004839,0.008632,-0.215895,-0.709858,1.170697,0.042746,0.000611,0.023570
4.480000,0.158946,-0.534432,1.185857,0.012084,-0.012129,0.012986,-0.283398,-0.124243,1.189480,-0.014685,-0.002055,0.012142,0.420253,-0.187001,1.192254,-0.049308,-0.003372,0.037691,-0.620789,-0.424879,1.194175,-0.004845,-0.003873,0.008056,-0.215039,-0.709845,1.171166,0.042845,0.000741,0.023320
4.500000,0.159191,-0.534677,1.186120,0.012424,-0.012366,0.013316,-0.283691,-0.124284,1.189722,-0.014650,-0.002030,0.012067,0.419264,-0.187068,1.193009,-0.049588,-0.003370,0.037837,-0.620884,-0.424947,1.194330,-0.004659,-0.002970,0.007504,-0.214181,-0.709829,1.171630,0.042958,0.000866,0.023067
4.520000,0.159443,-0.534926,1.186389,0.012802,-0.012620,0.013659,-0.283984,-0.124325,1.189963,-0.014653,-0.002009,0.012003,0.418269,-0.187135,1.193768,-0.049923,-0.003349,0.037972,-0.620975,-0.424998,1.194475,-0.004473,-0.002129,0.006978,-0.213321,-0.709810,1.172089,0.043077,0.000981,0.022817
4.540000,0.159704,-0.535181,1.186666,0.013208,-0.012887,0.014009,-0.284278,-0.124365,1.190202,-0.014686,-0.001992,0.011944,0.417267,-0.187202,1.194528,-0.050319,-0.003312,0.038101,-0.621063,-0.425033,1.194610,-0.004292,-0.001351,0.006480,-0.212458,-0.709789,1.172543,0.043194,0.001084,0.022577
4.560000,0.159972,-0.535442,1.186950,0.013641,-0.013167,0.014365,-0.284572,-0.124404,1.190440,-0.014750,-0.001978,0.011889,0.416256,-0.187268,1.195292,-0.050775,-0.003259,0.038224,-0.621147,-0.425053,1.194734,-0.004113,-0.000634,0.006009,-0.211593,-0.709767,1.172992,0.043309,0.001173,0.022347
4.580000,0.160249,-0.535708,1.187241,0.014102,-0.013458,0.014728,-0.284868,-0.124444,1.190678,-0.014844,-0.001967,0.011838,0.415236,-0.187332,1.196057,-0.051292,-0.003190,0.038340,-0.621227,-0.425059,1.194850,-0.003937,0.000020,0.005565,-0.210726,-0.709743,1.173436,0.043423,0.001248,0.022127
4.600000,0.160536,-0.535980,1.187539,0.014590,-0.013763,0.015097,-0.285166,-0.124483,1.190914,-0.014969,-0.001960,0.011792,0.414204,-0.187395,1.196825,-0.051869,-0.003106,0.038450,-0.621304,-0.425052,1.194957,-0.003764,0.000613,0.005149,-0.209856,-0.709717,1.173877,0.043535,0.001311,0.021916
4.620000,0.160833,-0.536259,1.187845,0.015093,-0.014071,0.015465,-0.285467,-0.124522,1.191149,-0.015116,-0.001954,0.011741,0.413160,-0.187456,1.197595,-0.052516,-0.003008,0.038560,-0.621378,-0.425035,1.195056,-0.003596,0.001145,0.004761,-0.208985,-0.709690,1.174313,0.043641,0.001362,0.021714
4.640000,0.161140,-0.536543,1.188158,0.015597,-0.014374,0.015821,-0.285771,-0.124561,1.191384,-0.015275,-0.001949,0.011675,0.412103,-0.187515,1.198368,-0.053239,-0.002899,0.038679,-0.621448,-0.425007,1.195148,-0.003433,0.001617,0.004401,-0.208111,-0.709663,1.174745,0.043741,0.001405,0.021517
4.660000,0.161457,-0.536834,1.188477,0.016104,-0.014674,0.016166,-0.286078,-0.124600,1.191616,-0.015445,-0.001944,0.011596,0.411030,-0.187572,1.199142,-0.054040,-0.002778,0.038804,-0.621515,-0.424970,1.195233,-0.003275,0.002029,0.004070,-0.207235,-0.709634,1.175174,0.043832,0.001440,0.021325
4.680000,0.161784,-0.537130,1.188804,0.016612,-0.014968,0.016499,-0.286388,-0.124639,1.191847,-0.015628,-0.001939,0.011503,0.409941,-0.187627,1.199920,-0.054918,-0.002646,0.038938,-0.621579,-0.424926,1.195311,-0.003122,0.002382,0.003767,-0.206358,-0.709605,1.175599,0.043916,0.001466,0.021139
4.700000,0.162121,-0.537432,1.189137,0.017122,-0.015259,0.016822,-0.286703,-0.124678,1.192076,-0.015823,-0.001935,0.011395,0.408833,-0.187678,1.200700,-0.055873,-0.002503,0.039079,-0.621640,-0.424875,1.195383,-0.002975,0.002674,0.003493,-0.205479,-0.709575,1.176019,0.043992,0.001484,0.020959
4.720000,0.162469,-0.537740,1.189477,0.017618,-0.015534,0.017121,-0.287021,-0.124716,1.192303,-0.016031,-0.001931,0.011273,0.407705,-0.187727,1.201483,-0.056902,-0.002351,0.039228,-0.621698,-0.424820,1.195451,-0.002833,0.002907,0.003246,-0.204598,-0.709546,1.176437,0.044056,0.001492,0.020787
4.740000,0.162826,-0.538054,1.189822,0.018083,-0.015782,0.017385,-0.287344,-0.124755,1.192527,-0.016254,-0.001927,0.011135,0.406556,-0.187772,1.202269,-0.058004,-0.002190,0.039382,-0.621753,-0.424760,1.195513,-0.002697,0.003082,0.003028,-0.203716,-0.709516,1.176851,0.044102,0.001488,0.020624
4.760000,0.163192,-0.538371,1.190172,0.018518,-0.016002,0.017613,-0.287672,-0.124793,1.192748,-0.016492,-0.001923,0.010980,0.405385,-0.187814,1.203058,-0.059177,-0.002022,0.039544,-0.621806,-0.424697,1.195572,-0.002567,0.003198,0.002837,-0.202834,-0.709486,1.177262,0.044133,0.001473,0.020472
4.780000,0.163566,-0.538693,1.190526,0.018923,-0.016196,0.017806,-0.288004,-0.124832,1.192966,-0.016744,-0.001920,0.010810,0.404189,-0.187853,1.203851,-0.060423,-0.001846,0.039711,-0.621856,-0.424632,1.195627,-0.002443,0.003256,0.002674,-0.201951,-0.709457,1.177670,0.044146,0.001447,0.020330
4.800000,0.163949,-0.539019,1.190884,0.019297,-0.016363,0.017963,-0.288342,-0.124870,1.193181,-0.017012,-0.001917,0.010624,0.402967,-0.187888,1.204647,-0.061740,-0.001662,0.039885,-0.621904,-0.424567,1.195679,-0.002325,0.003255,0.002539,-0.201068,-0.709428,1.178075,0.044142,0.001410,0.020198
4.820000,0.164338,-0.539348,1.191244,0.019636,-0.016500,0.018080,-0.288685,-0.124909,1.193391,-0.017306,-0.001916,0.010429,0.401719,-0.187919,1.205446,-0.063116,-0.001472,0.040056,-0.621949,-0.424502,1.195729,-0.002213,0.003196,0.002431,-0.200186,-0.709401,1.178478,0.044121,0.001365,0.020070
4.840000,0.164734,-0.539679,1.191607,0.019936,-0.016602,0.018150,-0.289034,-0.124947,1.193598,-0.017639,-0.001919,0.010234,0.400442,-0.187947,1.206249,-0.064535,-0.001277,0.040217,-0.621992,-0.424439,1.195777,-0.002107,0.003078,0.002348,-0.199304,-0.709374,1.178878,0.044082,0.001318,0.019941
4.860000,0.165135,-0.540012,1.191970,0.020197,-0.016669,0.018174,-0.289391,-0.124985,1.193800,-0.018012,-0.001925,0.010037,0.399137,-0.187970,1.207055,-0.065998,-0.001076,0.040367,-0.622033,-0.424379,1.195823,-0.002006,0.002902,0.002292,-0.198422,-0.709348,1.179276,0.044025,0.001268,0.019810
4.880000,0.165542,-0.540345,1.192334,0.020419,-0.016703,0.018151,-0.289755,-0.125024,1.193999,-0.018423,-0.001936,0.009840,0.397802,-0.187990,1.207864,-0.067505,-0.000870,0.040506,-0.622073,-0.424324,1.195868,-0.001911,0.002668,0.002261,-0.197543,-0.709323,1.179670,0.043950,0.001217,0.019676
4.900000,0.165952,-0.540680,1.192696,0.020602,-0.016701,0.018082,-0.290128,-0.125063,1.194194,-0.018873,-0.001949,0.009642,0.396437,-0.188005,1.208675,-0.069055,-0.000659,0.040634,-0.622110,-0.424273,1.195914,-0.001822,0.002375,0.002256,-0.196665,-0.709299,1.180063,0.043857,0.001162,0.019542
4.920000,0.166365,-0.541013,1.193056,0.020752,-0.016670,0.017969,-0.290510,-0.125102,1.194385,-0.019371,-0.001968,0.009448,0.395040,-0.188016,1.209489,-0.070637,-0.000444,0.040746,-0.622146,-0.424229,1.195959,-0.001738,0.002023,0.002276,-0.195789,-0.709277,1.180452,0.043745,0.001106,0.019403
4.940000,0.166782,-0.541346,1.193414,0.020879,-0.016612,0.017811,-0.290903,-0.125142,1.194572,-0.019924,-0.001993,0.009264,0.393611,-0.188023,1.210305,-0.072241,-0.000225,0.040834,-0.622179,-0.424193,1.196005,-0.001658,0.001611,0.002318,-0.194915,-0.709255,1.180839,0.043611,0.001050,0.019260
4.960000,0.167200,-0.541678,1.193769,0.020980,-0.016527,0.017609,-0.291307,-0.125182,1.194756,-0.020534,-0.002025,0.009091,0.392150,-0.188025,1.211122,-0.073865,-0.000003,0.040899,-0.622212,-0.424165,1.196052,-0.001584,0.001141,0.002384,-0.194044,-0.709235,1.181222,0.043455,0.000993,0.019112
4.980000,0.167621,-0.542007,1.194118,0.021057,-0.016415,0.017364,-0.291725,-0.125223,1.194936,-0.021199,-0.002062,0.008927,0.390656,-0.188023,1.211941,-0.075511,0.000222,0.040941,-0.622243,-0.424147,1.196100,-0.001513,0.000610,0.002473,-0.193177,-0.709215,1.181603,0.043277,0.000936,0.018959
5.000000,0.168042,-0.542334,1.194463,0.021110,-0.016277,0.017074,-0.292156,-0.125264,1.195113,-0.021920,-0.002106,0.008774,0.389130,-0.188016,1.212760,-0.077178,0.000451,0.040960,-0.622272,-0.424141,1.196151,-0.001448,0.000020,0.002585,-0.192313,-0.709197,1.181981,0.043078,0.000879,0.018801
5.020000,0.168465,-0.542658,1.194801,0.021158,-0.016124,0.016749,-0.292602,-0.125307,1.195287,-0.022702,-0.002157,0.008634,0.387569,-0.188005,1.213579,-0.078857,0.000682,0.040951,-0.622301,-0.424147,1.196204,-0.001386,-0.000630,0.002717,-0.191454,-0.709180,1.182355,0.042854,0.000818,0.018641
5.040000,0.168889,-0.542979,1.195133,0.021221,-0.015968,0.016395,-0.293064,-0.125351,1.195458,-0.023548,-0.002216,0.008511,0.385975,-0.187989,1.214397,-0.080540,0.000915,0.040911,-0.622328,-0.424167,1.196260,-0.001327,-0.001341,0.002870,-0.190599,-0.709165,1.182726,0.042602,0.000751,0.018485
5.060000,0.169314,-0.543297,1.195457,0.021300,-0.015809,0.016012,-0.293544,-0.125396,1.195627,-0.024460,-0.002283,0.008406,0.384348,-0.187968,1.215215,-0.082228,0.001150,0.040838,-0.622354,-0.424201,1.196319,-0.001270,-0.002114,0.003041,-0.189750,-0.709150,1.183095,0.042322,0.000679,0.018330
5.080000,0.169741,-0.543611,1.195773,0.021393,-0.015646,0.015601,-0.294043,-0.125442,1.195795,-0.025436,-0.002359,0.008318,0.382686,-0.187943,1.216031,-0.083919,0.001388,0.040734,-0.622379,-0.424252,1.196381,-0.001217,-0.002947,0.003232,-0.188907,-0.709137,1.183460,0.042014,0.000600,0.018178
5.100000,0.170170,-0.543923,1.196081,0.021502,-0.015480,0.015162,-0.294562,-0.125490,1.195960,-0.026477,-0.002442,0.008248,0.380991,-0.187913,1.216844,-0.085614,0.001627,0.040598,-0.622403,-0.424319,1.196448,-0.001167,-0.003842,0.003442,-0.188070,-0.709126,1.183822,0.041677,0.000516,0.018028
5.120000,0.170601,-0.544231,1.196379,0.021641,-0.015320,0.014698,-0.295103,-0.125540,1.196125,-0.027582,-0.002534,0.008197,0.379262,-0.187878,1.217654,-0.087307,0.001868,0.040427,-0.622425,-0.424406,1.196519,-0.001118,-0.004798,0.003668,-0.187240,-0.709117,1.184181,0.041313,0.000429,0.017876
5.140000,0.171036,-0.544535,1.196668,0.021826,-0.015174,0.014216,-0.295666,-0.125591,1.196288,-0.028751,-0.002634,0.008167,0.377499,-0.187838,1.218461,-0.088992,0.002109,0.040217,-0.622447,-0.424512,1.196595,-0.001069,-0.005817,0.003909,-0.186417,-0.709109,1.184537,0.040922,0.000343,0.017717
5.160000,0.171475,-0.544838,1.196948,0.022058,-0.015041,0.013713,-0.296253,-0.125645,1.196451,-0.029985,-0.002744,0.008158,0.375702,-0.187793,1.219263,-0.090668,0.002353,0.039970,-0.622468,-0.424639,1.196676,-0.001022,-0.006897,0.004165,-0.185603,-0.709103,1.184889,0.040504,0.000258,0.017551
5.180000,0.171919,-0.545137,1.197217,0.022336,-0.014922,0.013191,-0.296866,-0.125701,1.196615,-0.031282,-0.002863,0.008171,0.373872,-0.187744,1.220059,-0.092337,0.002597,0.039686,-0.622488,-0.424788,1.196762,-0.000975,-0.008039,0.004434,-0.184797,-0.709099,1.185239,0.040060,0.000174,0.017377
5.200000,0.172368,-0.545435,1.197475,0.022660,-0.014817,0.012650,-0.297505,-0.125760,1.196778,-0.032644,-0.002990,0.008204,0.372008,-0.187690,1.220850,-0.093997,0.002842,0.039363,-0.622507,-0.424961,1.196853,-0.000928,-0.009243,0.004718,-0.184001,-0.709096,1.185584,0.039588,0.000090,0.017196
5.220000,0.172825,-0.545730,1.197723,0.023042,-0.014732,0.012091,-0.298172,-0.125821,1.196943,-0.034063,-0.003127,0.008260,0.370112,-0.187630,1.221634,-0.095646,0.003088,0.038999,-0.622525,-0.425158,1.196950,-0.000881,-0.010509,0.005013,-0.183214,-0.709095,1.185926,0.039090,0.000008,0.017007
5.240000,0.173291,-0.546024,1.197959,0.023492,-0.014672,0.011516,-0.298868,-0.125885,1.197109,-0.035534,-0.003272,0.008337,0.368183,-0.187566,1.222410,-0.097279,0.003335,0.038594,-0.622542,-0.425381,1.197054,-0.000831,-0.011835,0.005316,-0.182437,-0.709096,1.186265,0.038567,-0.000072,0.016808
5.260000,0.173765,-0.546317,1.198183,0.024011,-0.014636,0.010925,-0.299593,-0.125952,1.197277,-0.037056,-0.003426,0.008437,0.366221,-0.187497,1.223177,-0.098896,0.003582,0.038145,-0.622559,-0.425632,1.197163,-0.000780,-0.013221,0.005626,-0.181671,-0.709098,1.186599,0.038018,-0.000149,0.016601
5.280000,0.174251,-0.546610,1.198396,0.024599,-0.014625,0.010317,-0.300350,-0.126022,1.197446,-0.038630,-0.003588,0.008558,0.364227,-0.187423,1.223935,-0.100498,0.003830,0.037655,-0.622574,-0.425911,1.197279,-0.000726,-0.014667,0.005944,-0.180917,-0.709102,1.186929,0.037444,-0.000224,0.016385
5.300000,0.174750,-0.546902,1.198596,0.025255,-0.014640,0.009694,-0.301139,-0.126095,1.197619,-0.040255,-0.003760,0.008701,0.362201,-0.187344,1.224683,-0.102085,0.004079,0.037121,-0.622588,-0.426219,1.197401,-0.000670,-0.016174,0.006270,-0.180174,-0.709107,1.187254,0.036845,-0.000298,0.016159
5.320000,0.175262,-0.547195,1.198783,0.025986,-0.014682,0.009053,-0.301961,-0.126172,1.197795,-0.041919,-0.003939,0.008864,0.360144,-0.187260,1.225420,-0.103655,0.004328,0.036543,-0.622600,-0.426558,1.197530,-0.000610,-0.017737,0.006599,-0.179443,-0.709114,1.187575,0.036221,-0.000371,0.015928
5.340000,0.175790,-0.547490,1.198958,0.026798,-0.014753,0.008396,-0.302816,-0.126253,1.197974,-0.043607,-0.004126,0.009047,0.358055,-0.187171,1.226144,-0.105207,0.004578,0.035919,-0.622612,-0.426929,1.197665,-0.000546,-0.019355,0.006927,-0.178725,-0.709122,1.187891,0.035575,-0.000445,0.015696
5.360000,0.176335,-0.547786,1.199119,0.027692,-0.014855,0.007721,-0.303705,-0.126337,1.198157,-0.045319,-0.004319,0.009249,0.355936,-0.187076,1.226856,-0.106741,0.004827,0.035248,-0.622622,-0.427333,1.197807,-0.000476,-0.021026,0.007254,-0.178020,-0.709131,1.188203,0.034905,-0.000522,0.015461
5.380000,0.176898,-0.548084,1.199267,0.028667,-0.014987,0.007029,-0.304629,-0.126426,1.198344,-0.047055,-0.004520,0.009470,0.353786,-0.186977,1.227554,-0.108256,0.005078,0.034531,-0.622631,-0.427770,1.197955,-0.000401,-0.022750,0.007580,-0.177329,-0.709143,1.188510,0.034213,-0.000601,0.015224
5.400000,0.177482,-0.548385,1.199400,0.029724,-0.015150,0.006320,-0.305588,-0.126518,1.198536,-0.048817,-0.004729,0.009710,0.351605,-0.186873,1.228237,-0.109754,0.005328,0.033767,-0.622638,-0.428243,1.198110,-0.000321,-0.024529,0.007905,-0.176652,-0.709156,1.188812,0.033498,-0.000681,0.014985
5.420000,0.178088,-0.548690,1.199519,0.030863,-0.015341,0.005592,-0.306582,-0.126615,1.198732,-0.050580,-0.004942,0.009966,0.349396,-0.186764,1.228904,-0.111234,0.005579,0.032956,-0.622644,-0.428752,1.198271,-0.000234,-0.026353,0.008222,-0.175989,-0.709170,1.189109,0.032767,-0.000759,0.014738
5.440000,0.178717,-0.548999,1.199624,0.032085,-0.015562,0.004842,-0.307611,-0.126716,1.198934,-0.052323,-0.005160,0.010235,0.347156,-0.186650,1.229555,-0.112698,0.005830,0.032094,-0.622647,-0.429297,1.198439,-0.000139,-0.028216,0.008528,-0.175341,-0.709186,1.189401,0.032026,-0.000831,0.014479
5.460000,0.179372,-0.549313,1.199713,0.033391,-0.015813,0.004070,-0.308674,-0.126821,1.199142,-0.054045,-0.005382,0.010517,0.344888,-0.186531,1.230188,-0.114145,0.006082,0.031182,-0.622649,-0.429881,1.198612,-0.000035,-0.030119,0.008820,-0.174708,-0.709203,1.189688,0.031275,-0.000895,0.014208
5.480000,0.180053,-0.549632,1.199786,0.034779,-0.016093,0.003277,-0.309772,-0.126931,1.199355,-0.055747,-0.005608,0.010812,0.342591,-0.186407,1.230802,-0.115575,0.006334,0.030220,-0.622649,-0.430502,1.198791,0.000077,-0.032060,0.009100,-0.174090,-0.709222,1.189969,0.030515,-0.000953,0.013923
5.500000,0.180763,-0.549957,1.199844,0.036251,-0.016402,0.002463,-0.310904,-0.127046,1.199574,-0.057429,-0.005837,0.011119,0.340265,-0.186278,1.231396,-0.116989,0.006586,0.029208,-0.622646,-0.431163,1.198976,0.000197,-0.034039,0.009367,-0.173488,-0.709241,1.190245,0.029746,-0.001004,0.013626
5.520000,0.181504,-0.550288,1.199885,0.037801,-0.016737,0.001624,-0.312069,-0.127165,1.199800,-0.059078,-0.006069,0.011422,0.337911,-0.186143,1.231970,-0.118388,0.006839,0.028144,-0.622641,-0.431864,1.199166,0.000328,-0.036045,0.009614,-0.172901,-0.709262,1.190514,0.028976,-0.001046,0.013315
5.540000,0.182276,-0.550626,1.199908,0.039422,-0.017094,0.000757,-0.313267,-0.127289,1.200031,-0.060684,-0.006301,0.011705,0.335529,-0.186004,1.232522,-0.119776,0.007092,0.027027,-0.622633,-0.432605,1.199360,0.000470,-0.038062,0.009833,-0.172329,-0.709283,1.190777,0.028215,-0.001076,0.012988
5.560000,0.183081,-0.550972,1.199915,0.041116,-0.017473,-0.000138,-0.314496,-0.127417,1.200268,-0.062246,-0.006533,0.011968,0.333120,-0.185860,1.233051,-0.121152,0.007346,0.025857,-0.622622,-0.433387,1.199559,0.000623,-0.040092,0.010025,-0.171772,-0.709305,1.191034,0.027463,-0.001095,0.012645
5.580000,0.183921,-0.551326,1.199903,0.042882,-0.017874,-0.001060,-0.315756,-0.127550,1.200510,-0.063765,-0.006765,0.012210,0.330683,-0.185710,1.233556,-0.122516,0.007600,0.024633,-0.622608,-0.434209,1.199761,0.000789,-0.042135,0.010188,-0.171230,-0.709327,1.191283,0.026720,-0.001101,0.012286
5.600000,0.184797,-0.551687,1.199872,0.044719,-0.018298,-0.002009,-0.317047,-0.127687,1.200756,-0.065240,-0.006997,0.012432,0.328220,-0.185556,1.234036,-0.123869,0.007855,0.023356,-0.622590,-0.435072,1.199966,0.000966,-0.044190,0.010324,-0.170703,-0.709349,1.191525,0.025985,-0.001095,0.011912
5.620000,0.185710,-0.552058,1.199822,0.046642,-0.018752,-0.002982,-0.318366,-0.127830,1.201007,-0.066668,-0.007229,0.012623,0.325729,-0.185396,1.234490,-0.125213,0.008109,0.022025,-0.622569,-0.435976,1.200174,0.001156,-0.046236,0.010423,-0.170191,-0.709370,1.191759,0.025273,-0.001077,0.011524
5.640000,0.186663,-0.552438,1.199753,0.048662,-0.019245,-0.003974,-0.319713,-0.127977,1.201261,-0.068049,-0.007460,0.012774,0.323211,-0.185231,1.234916,-0.126552,0.008365,0.020638,-0.622544,-0.436921,1.200383,0.001360,-0.048252,0.010475,-0.169692,-0.709392,1.191986,0.024595,-0.001045,0.011126
5.660000,0.187657,-0.552828,1.199663,0.050781,-0.019775,-0.004985,-0.321087,-0.128128,1.201517,-0.069381,-0.007689,0.012883,0.320667,-0.185062,1.235315,-0.127886,0.008621,0.019196,-0.622515,-0.437906,1.200593,0.001580,-0.050238,0.010480,-0.169207,-0.709412,1.192204,0.023951,-0.001000,0.010717
5.680000,0.188695,-0.553229,1.199553,0.052997,-0.020344,-0.006015,-0.322488,-0.128284,1.201776,-0.070664,-0.007918,0.012952,0.318096,-0.184887,1.235684,-0.129215,0.008877,0.017698,-0.622481,-0.438931,1.200802,0.001814,-0.052195,0.010438,-0.168734,-0.709432,1.192415,0.023341,-0.000941,0.010297
5.700000,0.189778,-0.553642,1.199422,0.055310,-0.020951,-0.007064,-0.323914,-0.128445,1.202035,-0.071899,-0.008145,0.012980,0.315498,-0.184706,1.236022,-0.130540,0.009134,0.016144,-0.622442,-0.439994,1.201010,0.002062,-0.054122,0.010349,-0.168273,-0.709450,1.192616,0.022766,-0.000869,0.009867
5.720000,0.190908,-0.554067,1.199271,0.057725,-0.021601,-0.008127,-0.325364,-0.128610,1.202295,-0.073092,-0.008371,0.012961,0.312874,-0.184521,1.236329,-0.131863,0.009392,0.014535,-0.622398,-0.441095,1.201216,0.002327,-0.056014,0.010209,-0.167823,-0.709466,1.192809,0.022233,-0.000782,0.009427
5.740000,0.192088,-0.554506,1.199097,0.060243,-0.022296,-0.009198,-0.326837,-0.128780,1.202553,-0.074250,-0.008598,0.012892,0.310224,-0.184331,1.236603,-0.133189,0.009649,0.012870,-0.622349,-0.442234,1.201418,0.002610,-0.057864,0.010012,-0.167383,-0.709481,1.192993,0.021750,-0.000679,0.008977
5.760000,0.193318,-0.554959,1.198903,0.062865,-0.023039,-0.010278,-0.328333,-0.128954,1.202810,-0.075373,-0.008823,0.012771,0.307546,-0.184135,1.236844,-0.134517,0.009907,0.011150,-0.622294,-0.443410,1.201616,0.002909,-0.059673,0.009757,-0.166952,-0.709493,1.193168,0.021317,-0.000561,0.008517
5.780000,0.194603,-0.555428,1.198686,0.065591,-0.023828,-0.011367,-0.329852,-0.129133,1.203064,-0.076460,-0.009049,0.012598,0.304843,-0.183934,1.237049,-0.135847,0.010165,0.009374,-0.622232,-0.444621,1.201808,0.003227,-0.061442,0.009446,-0.166530,-0.709503,1.193334,0.020934,-0.000427,0.008047
5.800000,0.195943,-0.555913,1.198448,0.068420,-0.024663,-0.012464,-0.331391,-0.129316,1.203314,-0.077512,-0.009274,0.012374,0.302113,-0.183729,1.237218,-0.137180,0.010424,0.007542,-0.622164,-0.445867,1.201993,0.003561,-0.063169,0.009078,-0.166115,-0.709510,1.193490,0.020601,-0.000277,0.007567
5.820000,0.197340,-0.556415,1.198188,0.071343,-0.025544,-0.013563,-0.332952,-0.129504,1.203559,-0.078543,-0.009500,0.012099,0.299356,-0.183518,1.237350,-0.138519,0.010682,0.005656,-0.622090,-0.447147,1.202171,0.003915,-0.064862,0.008653,-0.165706,-0.709514,1.193636,0.020322,-0.000111,0.007076
5.840000,0.198797,-0.556935,1.197905,0.074352,-0.026471,-0.014655,-0.334533,-0.129696,1.203797,-0.079566,-0.009728,0.011769,0.296572,-0.183301,1.237444,-0.139866,0.010940,0.003718,-0.622008,-0.448461,1.202339,0.004288,-0.066527,0.008169,-0.165302,-0.709515,1.193773,0.020100,0.000074,0.006572
5.860000,0.200315,-0.557474,1.197601,0.077445,-0.027443,-0.015742,-0.336135,-0.129893,1.204029,-0.080582,-0.009959,0.011387,0.293761,-0.183080,1.237499,-0.141221,0.011197,0.001729,-0.621918,-0.449808,1.202497,0.004681,-0.068165,0.007626,-0.164901,-0.709511,1.193899,0.019935,0.000276,0.006056
5.880000,0.201895,-0.558033,1.197276,0.080623,-0.028461,-0.016824,-0.337756,-0.130094,1.204252,-0.081590,-0.010191,0.010952,0.290923,-0.182853,1.237513,-0.142585,0.011454,-0.000313,-0.621820,-0.451188,1.202644,0.005094,-0.069774,0.007025,-0.164504,-0.709503,1.194015,0.019827,0.000497,0.005527
5.900000,0.203540,-0.558613,1.196928,0.083886,-0.029525,-0.017899,-0.339398,-0.130300,1.204467,-0.082592,-0.010425,0.010463,0.288057,-0.182622,1.237486,-0.143958,0.011710,-0.002406,-0.621714,-0.452599,1.202778,0.005527,-0.071355,0.006366,-0.164108,-0.709491,1.194120,0.019776,0.000735,0.004986
5.920000,0.205251,-0.559214,1.196560,0.087210,-0.030628,-0.018959,-0.341060,-0.130511,1.204671,-0.083605,-0.010663,0.009924,0.285164,-0.182385,1.237416,-0.145340,0.011965,-0.004547,-0.621599,-0.454042,1.202898,0.005981,-0.072925,0.005652,-0.163712,-0.709474,1.194214,0.019782,0.000993,0.004430
5.940000,0.207029,-0.559838,1.196170,0.090569,-0.031765,-0.019992,-0.342743,-0.130727,1.204863,-0.084651,-0.010906,0.009339,0.282244,-0.182143,1.237304,-0.146733,0.012217,-0.006729,-0.621475,-0.455516,1.203003,0.006456,-0.074500,0.004887,-0.163316,-0.709451,1.194297,0.019844,0.001271,0.003855
5.960000,0.208874,-0.560485,1.195760,0.093964,-0.032936,-0.021000,-0.344446,-0.130948,1.205044,-0.085730,-0.011154,0.008705,0.279295,-0.181896,1.237147,-0.148137,0.012468,-0.008954,-0.621341,-0.457022,1.203093,0.006952,-0.076080,0.004070,-0.162918,-0.709423,1.194368,0.019962,0.001569,0.003263
5.980000,0.210788,-0.561156,1.195330,0.097394,-0.034141,-0.021981,-0.346172,-0.131173,1.205211,-0.086841,-0.011407,0.008025,0.276318,-0.181645,1.236945,-0.149552,0.012717,-0.011221,-0.621197,-0.458559,1.203166,0.007470,-0.077664,0.003202,-0.162517,-0.709388,1.194428,0.020136,0.001887,0.002653
6.000000,0.212770,-0.561851,1.194881,0.100861,-0.035379,-0.022936,-0.347920,-0.131404,1.205365,-0.087984,-0.011666,0.007298,0.273313,-0.181388,1.236698,-0.150978,0.012963,-0.013530,-0.621042,-0.460128,1.203221,0.008009,-0.079254,0.002282,-0.162112,-0.709347,1.194474,0.020367,0.002226,0.002025
6.020000,0.214822,-0.562571,1.194413,0.104319,-0.036640,-0.023851,-0.349692,-0.131640,1.205503,-0.089163,-0.011929,0.006524,0.270279,-0.181126,1.236404,-0.152414,0.013206,-0.015872,-0.620876,-0.461729,1.203257,0.008570,-0.080849,0.001314,-0.161702,-0.709299,1.194509,0.020649,0.002586,0.001376
6.040000,0.216943,-0.563316,1.193928,0.107728,-0.037909,-0.024710,-0.351487,-0.131881,1.205625,-0.090380,-0.012196,0.005706,0.267216,-0.180860,1.236063,-0.153858,0.013445,-0.018237,-0.620699,-0.463362,1.203273,0.009150,-0.082453,0.000299,-0.161286,-0.709244,1.194529,0.020978,0.002968,0.000703
6.060000,0.219131,-0.564087,1.193425,0.111086,-0.039188,-0.025516,-0.353307,-0.132128,1.205731,-0.091635,-0.012468,0.004842,0.264125,-0.180588,1.235674,-0.155310,0.013679,-0.020627,-0.620510,-0.465028,1.203268,0.009751,-0.084063,-0.000761,-0.160863,-0.709180,1.194536,0.021354,0.003371,0.000005
6.080000,0.221386,-0.564884,1.192907,0.114394,-0.040476,-0.026266,-0.355153,-0.132380,1.205819,-0.092928,-0.012743,0.003935,0.261004,-0.180312,1.235238,-0.156770,0.013908,-0.023040,-0.620309,-0.466725,1.203242,0.010373,-0.085682,-0.001868,-0.160432,-0.709109,1.194529,0.021778,0.003797,-0.000718
6.100000,0.223706,-0.565706,1.192375,0.117651,-0.041773,-0.026962,-0.357024,-0.132637,1.205888,-0.094259,-0.013022,0.002982,0.257854,-0.180032,1.234752,-0.158238,0.014132,-0.025477,-0.620095,-0.468455,1.203193,0.011014,-0.087308,-0.003022,-0.159991,-0.709028,1.194508,0.022249,0.004245,-0.001465
6.120000,0.226091,-0.566555,1.191829,0.120823,-0.043066,-0.027596,-0.358923,-0.132901,1.205938,-0.095613,-0.013302,0.001984,0.254674,-0.179747,1.234218,-0.159710,0.014350,-0.027923,-0.619868,-0.470217,1.203121,0.011674,-0.088926,-0.004218,-0.159541,-0.708939,1.194471,0.022759,0.004715,-0.002240
6.140000,0.228539,-0.567429,1.191272,0.123873,-0.044340,-0.028161,-0.360849,-0.133169,1.205967,-0.096975,-0.013580,0.000942,0.251465,-0.179458,1.233635,-0.161179,0.014559,-0.030364,-0.619628,-0.472012,1.203024,0.012349,-0.090521,-0.005456,-0.159081,-0.708840,1.194418,0.023298,0.005207,-0.003046
6.160000,0.231045,-0.568328,1.190703,0.126802,-0.045597,-0.028657,-0.362802,-0.133444,1.205975,-0.098344,-0.013855,-0.000144,0.248227,-0.179165,1.233004,-0.162647,0.014760,-0.032799,-0.619374,-0.473838,1.202903,0.013040,-0.092093,-0.006735,-0.158609,-0.708730,1.194349,0.023867,0.005721,-0.003883
6.180000,0.233610,-0.569253,1.190126,0.129610,-0.046836,-0.029084,-0.364783,-0.133724,1.205961,-0.099720,-0.014129,-0.001275,0.244960,-0.178868,1.232324,-0.164113,0.014952,-0.035229,-0.619106,-0.475695,1.202755,0.013747,-0.093642,-0.008054,-0.158126,-0.708611,1.194262,0.024465,0.006258,-0.004752
6.200000,0.236229,-0.570202,1.189540,0.132296,-0.048057,-0.029443,-0.366791,-0.134009,1.205924,-0.101104,-0.014400,-0.002451,0.241663,-0.178567,1.231595,-0.165577,0.015135,-0.037652,-0.618824,-0.477583,1.202580,0.014468,-0.095167,-0.009415,-0.157630,-0.708480,1.194158,0.025094,0.006818,-0.005652
6.220000,0.238901,-0.571175,1.188949,0.134837,-0.049247,-0.029734,-0.368827,-0.134300,1.205862,-0.102488,-0.014666,-0.003668,0.238337,-0.178262,1.230818,-0.167030,0.015308,-0.040049,-0.618527,-0.479502,1.202378,0.015204,-0.096665,-0.010810,-0.157122,-0.708338,1.194036,0.025755,0.007400,-0.006584
6.240000,0.241621,-0.572171,1.188351,0.137209,-0.050393,-0.029959,-0.370891,-0.134596,1.205777,-0.103864,-0.014922,-0.004925,0.234982,-0.177955,1.229993,-0.168462,0.015468,-0.042398,-0.618216,-0.481450,1.202147,0.015953,-0.098129,-0.012234,-0.156600,-0.708184,1.193895,0.026453,0.008007,-0.007550
6.260000,0.244388,-0.573190,1.187751,0.139412,-0.051495,-0.030119,-0.372982,-0.134897,1.205665,-0.105232,-0.015170,-0.006221,0.231598,-0.177644,1.229122,-0.169874,0.015614,-0.044698,-0.617889,-0.483427,1.201888,0.016714,-0.099559,-0.013686,-0.156064,-0.708017,1.193734,0.027186,0.008638,-0.008549
6.280000,0.247197,-0.574231,1.187147,0.141446,-0.052553,-0.030213,-0.375100,-0.135202,1.205528,-0.106593,-0.015408,-0.007556,0.228187,-0.177330,1.228205,-0.171264,0.015748,-0.046950,-0.617547,-0.485432,1.201600,0.017487,-0.100956,-0.015167,-0.155512,-0.707838,1.193553,0.027955,0.009293,-0.009581
6.300000,0.250045,-0.575292,1.186543,0.143311,-0.053566,-0.030242,-0.377245,-0.135513,1.205363,-0.107945,-0.015637,-0.008930,0.224748,-0.177014,1.227244,-0.172634,0.015868,-0.049153,-0.617189,-0.487465,1.201281,0.018273,-0.102320,-0.016676,-0.154945,-0.707645,1.193350,0.028760,0.009972,-0.010646
6.320000,0.252928,-0.576373,1.185938,0.144993,-0.054529,-0.030205,-0.379417,-0.135828,1.205170,-0.109275,-0.015855,-0.010334,0.221282,-0.176696,1.226240,-0.173965,0.015970,-0.051288,-0.616816,-0.489524,1.200933,0.019062,-0.103637,-0.018200,-0.154362,-0.707439,1.193126,0.029601,0.010672,-0.011739
6.340000,0.255843,-0.577473,1.185335,0.146480,-0.055435,-0.030105,-0.381616,-0.136147,1.204949,-0.110568,-0.016061,-0.011760,0.217790,-0.176375,1.225193,-0.175238,0.016049,-0.053335,-0.616427,-0.491610,1.200553,0.019844,-0.104895,-0.019724,-0.153761,-0.707218,1.192881,0.030478,0.011388,-0.012854
6.360000,0.258786,-0.578590,1.184734,0.147771,-0.056283,-0.029941,-0.383840,-0.136470,1.204700,-0.111823,-0.016254,-0.013207,0.214273,-0.176054,1.224107,-0.176454,0.016106,-0.055294,-0.616022,-0.493720,1.200144,0.020619,-0.106094,-0.021250,-0.153142,-0.706983,1.192612,0.031391,0.012122,-0.013991
6.380000,0.261753,-0.579724,1.184138,0.148868,-0.057073,-0.029713,-0.386089,-0.136797,1.204421,-0.113042,-0.016435,-0.014675,0.210732,-0.175731,1.222982,-0.177613,0.016139,-0.057165,-0.615602,-0.495853,1.199703,0.021387,-0.107234,-0.022776,-0.152505,-0.706733,1.192321,0.032340,0.012872,-0.015149
6.400000,0.264739,-0.580873,1.183546,0.149769,-0.057807,-0.029420,-0.388361,-0.137127,1.204112,-0.114223,-0.016603,-0.016164,0.207168,-0.175408,1.221821,-0.178715,0.016149,-0.058947,-0.615167,-0.498009,1.199233,0.022149,-0.108315,-0.024303,-0.151849,-0.706468,1.192006,0.033325,0.013640,-0.016329
6.420000,0.267742,-0.582036,1.182961,0.150472,-0.058481,-0.029066,-0.390657,-0.137461,1.203774,-0.115361,-0.016759,-0.017665,0.203584,-0.175085,1.220625,-0.179755,0.016136,-0.060634,-0.614716,-0.500185,1.198731,0.022893,-0.109333,-0.025813,-0.151172,-0.706188,1.191668,0.034340,0.014418,-0.017522
6.440000,0.270757,-0.583212,1.182384,0.150973,-0.059095,-0.028650,-0.392975,-0.137798,1.203406,-0.116452,-0.016902,-0.019165,0.199979,-0.174763,1.219396,-0.180728,0.016103,-0.062218,-0.614251,-0.502382,1.198200,0.023610,-0.110284,-0.027289,-0.150475,-0.705892,1.191305,0.035379,0.015201,-0.018720
6.460000,0.273780,-0.584399,1.181816,0.151274,-0.059648,-0.028173,-0.395315,-0.138137,1.203008,-0.117494,-0.017033,-0.020665,0.196355,-0.174441,1.218137,-0.181636,0.016048,-0.063697,-0.613772,-0.504596,1.197640,0.024299,-0.111169,-0.028732,-0.149757,-0.705580,1.190919,0.036442,0.015990,-0.019924
6.480000,0.276806,-0.585597,1.181257,0.151373,-0.060141,-0.027636,-0.397675,-0.138479,1.202579,-0.118489,-0.017151,-0.022166,0.192714,-0.174121,1.216849,-0.182477,0.015971,-0.065073,-0.613280,-0.506828,1.197051,0.024961,-0.111986,-0.030141,-0.149017,-0.705252,1.190508,0.037529,0.016784,-0.021132
6.500000,0.279833,-0.586804,1.180710,0.151271,-0.060572,-0.027038,-0.400054,-0.138823,1.202121,-0.119436,-0.017257,-0.023666,0.189056,-0.173803,1.215535,-0.183251,0.015873,-0.066346,-0.612774,-0.509075,1.196435,0.025596,-0.112737,-0.031517,-0.148255,-0.704908,1.190073,0.038639,0.017582,-0.022344
6.520000,0.282856,-0.588020,1.180176,0.150973,-0.060945,-0.026382,-0.402452,-0.139169,1.201633,-0.120323,-0.017354,-0.025151,0.185384,-0.173486,1.214196,-0.183947,0.015750,-0.067505,-0.612256,-0.511337,1.195791,0.026183,-0.113408,-0.032833,-0.147471,-0.704549,1.189614,0.039760,0.018377,-0.023550
6.540000,0.285871,-0.589242,1.179656,0.150487,-0.061261,-0.025673,-0.404867,-0.139517,1.201115,-0.121141,-0.017445,-0.026602,0.181699,-0.173173,1.212835,-0.184549,0.015598,-0.068542,-0.611727,-0.513611,1.195122,0.026702,-0.113990,-0.034066,-0.146665,-0.704173,1.189132,0.040879,0.019159,-0.024736
6.560000,0.288874,-0.590470,1.179150,0.149812,-0.061519,-0.024909,-0.407297,-0.139867,1.200569,-0.121888,-0.017530,-0.028020,0.178003,-0.172863,1.211455,-0.185058,0.015418,-0.069455,-0.611188,-0.515896,1.194429,0.027154,-0.114480,-0.035215,-0.145836,-0.703782,1.188625,0.041994,0.019928,-0.025902
6.580000,0.291862,-0.591702,1.178660,0.148948,-0.061720,-0.024092,-0.409742,-0.140218,1.199995,-0.122566,-0.017610,-0.029405,0.174297,-0.172556,1.210058,-0.185475,0.015208,-0.070246,-0.610641,-0.518190,1.193714,0.027538,-0.114880,-0.036280,-0.144985,-0.703376,1.188096,0.043107,0.020683,-0.027048
6.600000,0.294831,-0.592938,1.178186,0.147895,-0.061863,-0.023220,-0.412199,-0.140571,1.199393,-0.123174,-0.017685,-0.030757,0.170584,-0.172255,1.208646,-0.185798,0.014970,-0.070914,-0.610087,-0.520491,1.192978,0.027855,-0.115190,-0.037261,-0.144112,-0.702955,1.187543,0.044217,0.021426,-0.028175
6.620000,0.297777,-0.594176,1.177731,0.146669,-0.061953,-0.022302,-0.414668,-0.140926,1.198765,-0.123708,-0.017757,-0.032058,0.166866,-0.171958,1.207222,-0.186012,0.014697,-0.071449,-0.609528,-0.522797,1.192224,0.028102,-0.115407,-0.038151,-0.143217,-0.702519,1.186969,0.045303,0.022142,-0.029264
6.640000,0.300697,-0.595416,1.177295,0.145284,-0.061993,-0.021343,-0.417147,-0.141281,1.198111,-0.124166,-0.017830,-0.033290,0.163145,-0.171667,1.205789,-0.186098,0.014383,-0.071842,-0.608964,-0.525106,1.191453,0.028278,-0.115531,-0.038941,-0.142300,-0.702070,1.186373,0.046343,0.022820,-0.030299
6.660000,0.303587,-0.596656,1.176878,0.143742,-0.061983,-0.020345,-0.419634,-0.141639,1.197433,-0.124548,-0.017905,-0.034454,0.159423,-0.171383,1.204350,-0.186057,0.014029,-0.072093,-0.608397,-0.527417,1.190667,0.028381,-0.115562,-0.039631,-0.141363,-0.701607,1.185757,0.047337,0.023459,-0.031280
6.680000,0.306445,-0.597895,1.176481,0.142042,-0.061923,-0.019306,-0.422128,-0.141998,1.196733,-0.124853,-0.017980,-0.035549,0.155703,-0.171106,1.202906,-0.185889,0.013633,-0.072202,-0.607829,-0.529728,1.189868,0.028414,-0.115499,-0.040222,-0.140407,-0.701132,1.185122,0.048285,0.024058,-0.032206
6.700000,0.309268,-0.599132,1.176106,0.140184,-0.061814,-0.018227,-0.424628,-0.142358,1.196012,-0.125081,-0.018057,-0.036576,0.151988,-0.170838,1.201462,-0.185594,0.013196,-0.072168,-0.607261,-0.532037,1.189059,0.028374,-0.115343,-0.040713,-0.139432,-0.700645,1.184469,0.049187,0.024619,-0.033077
6.720000,0.312052,-0.600367,1.175752,0.138194,-0.061661,-0.017121,-0.427131,-0.142720,1.195271,-0.125225,-0.018141,-0.037511,0.148280,-0.170579,1.200021,-0.185173,0.012720,-0.071996,-0.606695,-0.534341,1.188241,0.028258,-0.115089,-0.041099,-0.138440,-0.700147,1.183800,0.050013,0.025123,-0.033871
6.740000,0.314795,-0.601598,1.175421,0.136098,-0.061468,-0.016000,-0.429636,-0.143084,1.194512,-0.125277,-0.018239,-0.038331,0.144582,-0.170329,1.198584,-0.184627,0.012204,-0.071686,-0.606131,-0.536640,1.187416,0.028059,-0.114732,-0.041375,-0.137432,-0.699640,1.183115,0.050730,0.025553,-0.034563
6.760000,0.317495,-0.602826,1.175112,0.133896,-0.061237,-0.014864,-0.432142,-0.143450,1.193738,-0.125236,-0.018349,-0.039036,0.140896,-0.170091,1.197154,-0.183955,0.011650,-0.071239,-0.605573,-0.538930,1.186586,0.027777,-0.114273,-0.041542,-0.136411,-0.699126,1.182418,0.051340,0.025909,-0.035154
6.780000,0.320150,-0.604048,1.174826,0.131588,-0.060967,-0.013712,-0.434645,-0.143818,1.192952,-0.125103,-0.018472,-0.039627,0.137225,-0.169863,1.195735,-0.183159,0.011056,-0.070656,-0.605021,-0.541210,1.185755,0.027412,-0.113711,-0.041598,-0.135379,-0.698605,1.181710,0.051842,0.026190,-0.035643
6.800000,0.322758,-0.605264,1.174564,0.129174,-0.060658,-0.012545,-0.437145,-0.144189,1.192154,-0.124877,-0.018609,-0.040103,0.133571,-0.169649,1.194329,-0.182237,0.010424,-0.069936,-0.604477,-0.543478,1.184923,0.026965,-0.113047,-0.041545,-0.134338,-0.698079,1.180993,0.052237,0.026398,-0.036030
6.820000,0.325316,-0.606474,1.174325,0.126672,-0.060314,-0.011369,-0.439640,-0.144562,1.191348,-0.124560,-0.018758,-0.040462,0.129936,-0.169447,1.192938,-0.181185,0.009751,-0.069079,-0.603943,-0.545731,1.184094,0.026439,-0.112286,-0.041384,-0.133291,-0.697549,1.180269,0.052511,0.026526,-0.036308
6.840000,0.327824,-0.607676,1.174109,0.124098,-0.059940,-0.010189,-0.442127,-0.144939,1.190536,-0.124151,-0.018922,-0.040702,0.126324,-0.169259,1.191566,-0.180000,0.009035,-0.068088,-0.603420,-0.547968,1.183268,0.025838,-0.111434,-0.041119,-0.132239,-0.697018,1.179541,0.052653,0.026569,-0.036468
6.860000,0.330280,-0.608871,1.173917,0.121453,-0.059536,-0.009006,-0.444605,-0.145319,1.189721,-0.123652,-0.019098,-0.040823,0.122737,-0.169086,1.190216,-0.178682,0.008276,-0.066961,-0.602910,-0.550188,1.182450,0.025162,-0.110493,-0.040750,-0.131186,-0.696487,1.178811,0.052663,0.026527,-0.036511
6.880000,0.332682,-0.610058,1.173749,0.118736,-0.059101,-0.007819,-0.447072,-0.145703,1.188904,-0.123061,-0.019289,-0.040825,0.119178,-0.168928,1.188889,-0.177230,0.007475,-0.065700,-0.602414,-0.552387,1.181639,0.024411,-0.109460,-0.040277,-0.130133,-0.695958,1.178082,0.052540,0.026400,-0.036435
6.900000,0.335029,-0.611235,1.173604,0.115948,-0.058637,-0.006629,-0.449527,-0.146091,1.188089,-0.122379,-0.019492,-0.040707,0.115649,-0.168787,1.187589,-0.175644,0.006630,-0.064304,-0.601934,-0.554566,1.180839,0.023585,-0.108338,-0.039699,-0.129085,-0.695432,1.177355,0.052285,0.026188,-0.036242
6.920000,0.337319,-0.612403,1.173484,0.113103,-0.058146,-0.005437,-0.451967,-0.146483,1.187277,-0.121606,-0.019709,-0.040474,0.112153,-0.168663,1.186318,-0.173941,0.005750,-0.062788,-0.601471,-0.556720,1.180052,0.022689,-0.107128,-0.039025,-0.128043,-0.694911,1.176633,0.051909,0.025900,-0.035939
6.940000,0.339553,-0.613561,1.173387,0.110216,-0.057632,-0.004248,-0.454391,-0.146879,1.186471,-0.120743,-0.019940,-0.040129,0.108692,-0.168557,1.185078,-0.172138,0.004839,-0.061168,-0.601027,-0.558850,1.179279,0.021727,-0.105835,-0.038259,-0.127009,-0.694396,1.175918,0.051424,0.025547,-0.035536
6.960000,0.341728,-0.614708,1.173314,0.107286,-0.057096,-0.003060,-0.456796,-0.147281,1.185672,-0.119789,-0.020183,-0.039672,0.105268,-0.168470,1.183872,-0.170234,0.003898,-0.059443,-0.600602,-0.560953,1.178522,0.020699,-0.104458,-0.037404,-0.125986,-0.693889,1.175212,0.050828,0.025129,-0.035032
6.980000,0.343844,-0.615844,1.173264,0.104314,-0.056537,-0.001874,-0.459182,-0.147687,1.184884,-0.118745,-0.020439,-0.039104,0.101883,-0.168401,1.182701,-0.168229,0.002927,-0.057615,-0.600199,-0.563028,1.177783,0.019605,-0.102997,-0.036459,-0.124977,-0.693391,1.174517,0.050123,0.024644,-0.034428
7.000000,0.345900,-0.616969,1.173239,0.101300,-0.055956,-0.000690,-0.461545,-0.148098,1.184109,-0.117610,-0.020709,-0.038424,0.098539,-0.168353,1.181568,-0.166124,0.001926,-0.055681,-0.599818,-0.565073,1.177064,0.018446,-0.101452,-0.035423,-0.123982,-0.692904,1.173836,0.049309,0.024094,-0.033723
7.020000,0.347895,-0.618082,1.173237,0.098257,-0.055355,0.000491,-0.463885,-0.148515,1.183348,-0.116391,-0.020987,-0.037646,0.095239,-0.168325,1.180474,-0.163929,0.000898,-0.053658,-0.599461,-0.567086,1.176367,0.017234,-0.099834,-0.034311,-0.123005,-0.692428,1.173169,0.048393,0.023487,-0.032929
7.040000,0.349830,-0.619183,1.173258,0.095198,-0.054738,0.001669,-0.466200,-0.148938,1.182604,-0.115097,-0.021268,-0.036781,0.091983,-0.168317,1.179422,-0.161657,-0.000151,-0.051559,-0.599129,-0.569065,1.175692,0.015982,-0.098155,-0.033136,-0.122047,-0.691965,1.172519,0.047384,0.022829,-0.032056
7.060000,0.351703,-0.620272,1.173304,0.092124,-0.054106,0.002842,-0.468489,-0.149366,1.181877,-0.113727,-0.021552,-0.035831,0.088773,-0.168331,1.178412,-0.159308,-0.001223,-0.049385,-0.598822,-0.571011,1.175042,0.014690,-0.096414,-0.031898,-0.121110,-0.691515,1.171887,0.046284,0.022123,-0.031106
7.080000,0.353515,-0.621347,1.173372,0.089035,-0.053457,0.004010,-0.470749,-0.149800,1.181171,-0.112282,-0.021839,-0.034795,0.085611,-0.168366,1.177447,-0.156881,-0.002316,-0.047135,-0.598542,-0.572922,1.174417,0.013359,-0.094610,-0.030598,-0.120196,-0.691080,1.171275,0.045090,0.021366,-0.030077
7.100000,0.355265,-0.622410,1.173464,0.085930,-0.052792,0.005175,-0.472980,-0.150239,1.180486,-0.110760,-0.022129,-0.033673,0.082498,-0.168424,1.176527,-0.154377,-0.003431,-0.044810,-0.598288,-0.574795,1.173818,0.011989,-0.092745,-0.029234,-0.119307,-0.690661,1.170685,0.043805,0.020560,-0.028971
7.120000,0.356952,-0.623459,1.173579,0.082820,-0.052114,0.006337,-0.475179,-0.150685,1.179825,-0.109174,-0.022416,-0.032484,0.079436,-0.168504,1.175655,-0.151812,-0.004561,-0.042426,-0.598063,-0.576631,1.173248,0.010597,-0.090833,-0.027827,-0.118445,-0.690258,1.170117,0.042444,0.019716,-0.027802
7.140000,0.358577,-0.624494,1.173717,0.079716,-0.051425,0.007496,-0.477346,-0.151136,1.179187,-0.107534,-0.022692,-0.031248,0.076426,-0.168606,1.174831,-0.149207,-0.005697,-0.040000,-0.597865,-0.578428,1.172705,0.009202,-0.088890,-0.026393,-0.117610,-0.689872,1.169573,0.041027,0.018845,-0.026588
7.160000,0.360141,-0.625516,1.173879,0.076619,-0.050725,0.008654,-0.479480,-0.151593,1.178575,-0.105840,-0.022958,-0.029964,0.073468,-0.168731,1.174055,-0.146559,-0.006838,-0.037533,-0.597694,-0.580187,1.172192,0.007804,-0.086915,-0.024933,-0.116804,-0.689504,1.169054,0.039552,0.017949,-0.025329
7.180000,0.361642,-0.626523,1.174064,0.073527,-0.050014,0.009809,-0.481579,-0.152054,1.177989,-0.104093,-0.023213,-0.028633,0.070564,-0.168880,1.173330,-0.143870,-0.007987,-0.035024,-0.597552,-0.581905,1.171708,0.006404,-0.084909,-0.023446,-0.116028,-0.689154,1.168560,0.038021,0.017025,-0.024023
7.200000,0.363082,-0.627516,1.174271,0.070441,-0.049292,0.010962,-0.483643,-0.152521,1.177430,-0.102293,-0.023457,-0.027254,0.067714,-0.169051,1.172655,-0.141139,-0.009141,-0.032473,-0.597438,-0.583583,1.171254,0.005000,-0.082870,-0.021934,-0.115284,-0.688823,1.168093,0.036432,0.016076,-0.022672
7.220000,0.364460,-0.628495,1.174502,0.067377,-0.048562,0.012106,-0.485671,-0.152992,1.176899,-0.100447,-0.023685,-0.025847,0.064919,-0.169245,1.172031,-0.138386,-0.010293,-0.029898,-0.597352,-0.585219,1.170831,0.003610,-0.080811,-0.020413,-0.114571,-0.688512,1.167653,0.034807,0.015112,-0.021293
7.240000,0.365777,-0.629459,1.174755,0.064349,-0.047823,0.013236,-0.487661,-0.153468,1.176396,-0.098562,-0.023891,-0.024431,0.062178,-0.169463,1.171459,-0.135628,-0.011433,-0.027315,-0.597294,-0.586815,1.170438,0.002248,-0.078739,-0.018901,-0.113891,-0.688219,1.167241,0.033168,0.014147,-0.019904
7.260000,0.367034,-0.630408,1.175031,0.061357,-0.047078,0.014351,-0.489613,-0.153948,1.175922,-0.096639,-0.024074,-0.023005,0.059493,-0.169703,1.170938,-0.132867,-0.012561,-0.024725,-0.597262,-0.588369,1.170075,0.000915,-0.076656,-0.017398,-0.113245,-0.687946,1.166857,0.031514,0.013181,-0.018505
7.280000,0.368232,-0.631342,1.175329,0.058402,-0.046324,0.015451,-0.491526,-0.154431,1.175476,-0.094679,-0.024235,-0.021571,0.056864,-0.169965,1.170470,-0.130102,-0.013679,-0.022126,-0.597257,-0.589881,1.169742,-0.000390,-0.074562,-0.015905,-0.112631,-0.687692,1.166501,0.029844,0.012213,-0.017096
7.300000,0.369371,-0.632261,1.175649,0.055483,-0.045564,0.016537,-0.493400,-0.154917,1.175059,-0.092679,-0.024373,-0.020127,0.054289,-0.170250,1.170053,-0.127334,-0.014784,-0.019520,-0.597278,-0.591351,1.169439,-0.001665,-0.072456,-0.014421,-0.112051,-0.687457,1.166173,0.028160,0.011243,-0.015677
7.320000,0.370451,-0.633164,1.175991,0.052611,-0.044796,0.017600,-0.495233,-0.155406,1.174671,-0.090648,-0.024484,-0.018690,0.051770,-0.170556,1.169689,-0.124575,-0.015872,-0.016919,-0.597323,-0.592779,1.169165,-0.002901,-0.070346,-0.012960,-0.111505,-0.687242,1.165874,0.026479,0.010281,-0.014263
7.340000,0.371475,-0.634053,1.176353,0.049798,-0.044021,0.018634,-0.497026,-0.155896,1.174311,-0.088589,-0.024563,-0.017274,0.049306,-0.170884,1.169376,-0.121839,-0.016933,-0.014337,-0.597393,-0.594165,1.168920,-0.004084,-0.068239,-0.011534,-0.110992,-0.687046,1.165603,0.024819,0.009337,-0.012868
7.360000,0.372444,-0.634925,1.176736,0.047042,-0.043240,0.019638,-0.498777,-0.156388,1.173980,-0.086504,-0.024609,-0.015879,0.046897,-0.171233,1.169115,-0.119127,-0.017968,-0.011772,-0.597486,-0.595509,1.168703,-0.005216,-0.066136,-0.010145,-0.110512,-0.686868,1.165359,0.023179,0.008410,-0.011493
7.380000,0.373357,-0.635782,1.177138,0.044345,-0.042451,0.020614,-0.500486,-0.156880,1.173676,-0.084392,-0.024622,-0.014506,0.044541,-0.171603,1.168905,-0.116438,-0.018978,-0.009226,-0.597602,-0.596811,1.168514,-0.006295,-0.064036,-0.008792,-0.110064,-0.686709,1.165143,0.021561,0.007501,-0.010137
7.400000,0.374218,-0.636623,1.177560,0.041705,-0.041656,0.021560,-0.502152,-0.157373,1.173399,-0.082253,-0.024603,-0.013155,0.042239,-0.171992,1.168746,-0.113773,-0.019962,-0.006697,-0.597738,-0.598070,1.168351,-0.007323,-0.061939,-0.007475,-0.109649,-0.686568,1.164954,0.019963,0.006609,-0.008801
7.420000,0.375026,-0.637448,1.178001,0.039131,-0.040854,0.022469,-0.503776,-0.157864,1.173150,-0.080093,-0.024549,-0.011835,0.039990,-0.172401,1.168637,-0.111136,-0.020916,-0.004196,-0.597894,-0.599288,1.168215,-0.008292,-0.059851,-0.006203,-0.109266,-0.686445,1.164791,0.018397,0.005741,-0.007494
7.440000,0.375784,-0.638257,1.178459,0.036628,-0.040043,0.023333,-0.505356,-0.158354,1.172926,-0.077916,-0.024455,-0.010559,0.037793,-0.172829,1.168578,-0.108534,-0.021836,-0.001731,-0.598069,-0.600465,1.168103,-0.009193,-0.057778,-0.004985,-0.108913,-0.686338,1.164654,0.016873,0.004903,-0.006229
7.460000,0.376492,-0.639050,1.178934,0.034198,-0.039225,0.024152,-0.506892,-0.158842,1.172727,-0.075721,-0.024323,-0.009327,0.035648,-0.173274,1.168568,-0.105966,-0.022722,0.000698,-0.598261,-0.601600,1.168015,-0.010028,-0.055720,-0.003821,-0.108590,-0.686248,1.164541,0.015390,0.004095,-0.005005
7.480000,0.377152,-0.639826,1.179424,0.031839,-0.038398,0.024925,-0.508384,-0.159327,1.172552,-0.073511,-0.024151,-0.008137,0.033554,-0.173737,1.168606,-0.103432,-0.023575,0.003090,-0.598470,-0.602693,1.167950,-0.010797,-0.053676,-0.002711,-0.108297,-0.686174,1.164453,0.013950,0.003317,-0.003822
7.500000,0.377766,-0.640586,1.179930,0.029553,-0.037564,0.025654,-0.509832,-0.159808,1.172401,-0.071283,-0.023941,-0.006991,0.031511,-0.174217,1.168691,-0.100933,-0.024394,0.005446,-0.598693,-0.603747,1.167906,-0.011499,-0.051648,-0.001656,-0.108032,-0.686116,1.164388,0.012551,0.002568,-0.002679
7.520000,0.378335,-0.641329,1.180450,0.027343,-0.036720,0.026329,-0.511236,-0.160284,1.172272,-0.069042,-0.023692,-0.005894,0.029517,-0.174713,1.168823,-0.098469,-0.025175,0.007760,-0.598929,-0.604760,1.167883,-0.012132,-0.049636,-0.000659,-0.107795,-0.686071,1.164346,0.011201,0.001853,-0.001585
7.540000,0.378860,-0.642055,1.180983,0.025214,-0.035867,0.026943,-0.512594,-0.160755,1.172165,-0.066791,-0.023403,-0.004853,0.027572,-0.175224,1.169001,-0.096044,-0.025917,0.010024,-0.599178,-0.605732,1.167879,-0.012694,-0.047645,0.000276,-0.107584,-0.686041,1.164324,0.009907,0.001175,-0.000545
7.560000,0.379344,-0.642763,1.181527,0.023165,-0.035003,0.027495,-0.513907,-0.161220,1.172078,-0.064531,-0.023076,-0.003868,0.025675,-0.175749,1.169224,-0.093657,-0.026620,0.012239,-0.599437,-0.606665,1.167894,-0.013185,-0.045673,0.001146,-0.107398,-0.686024,1.164323,0.008668,0.000534,0.000439
7.580000,0.379787,-0.643455,1.182082,0.021196,-0.034130,0.027985,-0.515175,-0.161678,1.172010,-0.062261,-0.022710,-0.002938,0.023825,-0.176288,1.169490,-0.091309,-0.027283,0.014404,-0.599705,-0.607559,1.167925,-0.013606,-0.043721,0.001954,-0.107237,-0.686020,1.164342,0.007486,-0.000070,0.001369
7.600000,0.380192,-0.644129,1.182646,0.019308,-0.033247,0.028413,-0.516398,-0.162129,1.171960,-0.059981,-0.022305,-0.002065,0.022022,-0.176840,1.169800,-0.088998,-0.027906,0.016519,-0.599980,-0.608414,1.167971,-0.013955,-0.041789,0.002699,-0.107098,-0.686027,1.164378,0.006359,-0.000637,0.002244
7.620000,0.380560,-0.644785,1.183218,0.017503,-0.032352,0.028771,-0.517574,-0.162570,1.171927,-0.057697,-0.021864,-0.001248,0.020265,-0.177404,1.170151,-0.086726,-0.028487,0.018580,-0.600262,-0.609231,1.168032,-0.014236,-0.039880,0.003380,-0.106982,-0.686045,1.164431,0.005292,-0.001166,0.003061
7.640000,0.380893,-0.645423,1.183797,0.015784,-0.031447,0.029050,-0.518706,-0.163003,1.171910,-0.055415,-0.021388,-0.000491,0.018553,-0.177980,1.170543,-0.084491,-0.029024,0.020580,-0.600549,-0.610010,1.168106,-0.014449,-0.037998,0.003998,-0.106886,-0.686073,1.164500,0.004289,-0.001656,0.003816
7.660000,0.381192,-0.646042,1.184380,0.014149,-0.030529,0.029249,-0.519791,-0.163426,1.171907,-0.053135,-0.020879,0.000207,0.016885,-0.178565,1.170974,-0.082295,-0.029518,0.022520,-0.600840,-0.610751,1.168192,-0.014596,-0.036144,0.004552,-0.106810,-0.686111,1.164583,0.003349,-0.002107,0.004509
7.680000,0.381459,-0.646644,1.184966,0.012600,-0.029600,0.029370,-0.520831,-0.163838,1.171918,-0.050857,-0.020335,0.000845,0.015261,-0.179160,1.171443,-0.080136,-0.029968,0.024400,-0.601133,-0.611456,1.168288,-0.014676,-0.034316,0.005043,-0.106752,-0.686157,1.164680,0.002472,-0.002519,0.005142
7.700000,0.381697,-0.647226,1.185554,0.011136,-0.028660,0.029411,-0.521825,-0.164239,1.171940,-0.048581,-0.019757,0.001425,0.013679,-0.179763,1.171949,-0.078015,-0.030374,0.026219,-0.601426,-0.612124,1.168393,-0.014690,-0.032515,0.005470,-0.106711,-0.686211,1.164788,0.001659,-0.002892,0.005712
7.720000,0.381905,-0.647790,1.186142,0.009755,-0.027709,0.029373,-0.522774,-0.164628,1.171974,-0.046315,-0.019151,0.001947,0.012140,-0.180375,1.172491,-0.075929,-0.030736,0.027972,-0.601720,-0.612757,1.168506,-0.014643,-0.030744,0.005837,-0.106685,-0.686273,1.164908,0.000908,-0.003227,0.006222
7.740000,0.382087,-0.648335,1.186729,0.008454,-0.026748,0.029255,-0.523678,-0.165005,1.172018,-0.044067,-0.018524,0.002416,0.010642,-0.180993,1.173068,-0.073875,-0.031053,0.029654,-0.602012,-0.613354,1.168626,-0.014543,-0.029007,0.006149,-0.106674,-0.686340,1.165037,0.000217,-0.003525,0.006671
7.760000,0.382244,-0.648860,1.187312,0.007234,-0.025779,0.029057,-0.524537,-0.165369,1.172070,-0.041838,-0.017876,0.002831,0.009185,-0.181616,1.173677,-0.071853,-0.031327,0.031265,-0.602301,-0.613917,1.168752,-0.014391,-0.027303,0.006406,-0.106676,-0.686413,1.165174,-0.000415,-0.003786,0.007060
7.780000,0.382377,-0.649366,1.187890,0.006094,-0.024800,0.028779,-0.525352,-0.165720,1.172131,-0.039628,-0.017206,0.003191,0.007768,-0.182245,1.174318,-0.069864,-0.031555,0.032805,-0.602587,-0.614446,1.168882,-0.014185,-0.025634,0.006606,-0.106690,-0.686491,1.165319,-0.000986,-0.004010,0.007387
7.800000,0.382488,-0.649852,1.188462,0.005034,-0.023811,0.028421,-0.526122,-0.166057,1.172198,-0.037435,-0.016515,0.003498,0.006390,-0.182878,1.174989,-0.067906,-0.031740,0.034273,-0.602868,-0.614943,1.169016,-0.013926,-0.023998,0.006751,-0.106715,-0.686573,1.165469,-0.001498,-0.004197,0.007655
7.820000,0.382579,-0.650318,1.189027,0.004049,-0.022818,0.027991,-0.526849,-0.166380,1.172270,-0.035276,-0.015812,0.003758,0.005051,-0.183515,1.175688,-0.065978,-0.031879,0.035664,-0.603144,-0.615406,1.169152,-0.013626,-0.022402,0.006849,-0.106750,-0.686659,1.165625,-0.001954,-0.004351,0.007866
7.840000,0.382651,-0.650764,1.189582,0.003134,-0.021823,0.027497,-0.527534,-0.166689,1.172348,-0.033163,-0.015107,0.003979,0.003751,-0.184153,1.176415,-0.064077,-0.031974,0.036970,-0.603413,-0.615839,1.169289,-0.013296,-0.020853,0.006908,-0.106793,-0.686747,1.165784,-0.002359,-0.004474,0.008026
7.860000,0.382705,-0.651191,1.190126,0.002289,-0.020827,0.026938,-0.528176,-0.166984,1.172429,-0.031096,-0.014399,0.004160,0.002488,-0.184793,1.177166,-0.062203,-0.032023,0.038193,-0.603675,-0.616241,1.169428,-0.012935,-0.019351,0.006929,-0.106844,-0.686838,1.165945,-0.002713,-0.004566,0.008134
7.880000,0.382743,-0.651598,1.190659,0.001513,-0.019830,0.026316,-0.528778,-0.167265,1.172514,-0.029077,-0.013689,0.004302,0.001263,-0.185434,1.177942,-0.060356,-0.032027,0.039332,-0.603930,-0.616613,1.169566,-0.012545,-0.017897,0.006911,-0.106901,-0.686930,1.166109,-0.003016,-0.004629,0.008191
7.900000,0.382766,-0.651984,1.191178,0.000807,-0.018831,0.025629,-0.529339,-0.167532,1.172601,-0.027104,-0.012976,0.004405,0.000074,-0.186074,1.178739,-0.058536,-0.031985,0.040387,-0.604177,-0.616957,1.169704,-0.012124,-0.016489,0.006855,-0.106964,-0.687023,1.166273,-0.003268,-0.004661,0.008197
7.920000,0.382775,-0.652351,1.191684,0.000164,-0.017839,0.024895,-0.529862,-0.167784,1.172690,-0.025185,-0.012267,0.004475,-0.001079,-0.186713,1.179557,-0.056742,-0.031898,0.041350,-0.604415,-0.617273,1.169840,-0.011682,-0.015131,0.006768,-0.107031,-0.687116,1.166436,-0.003476,-0.004668,0.008160
7.940000,0.382773,-0.652698,1.192174,-0.000423,-0.016862,0.024131,-0.530347,-0.168023,1.172780,-0.023328,-0.011569,0.004519,-0.002196,-0.187350,1.180392,-0.054972,-0.031765,0.042214,-0.604644,-0.617563,1.169975,-0.011228,-0.013825,0.006657,-0.107103,-0.687209,1.166599,-0.003646,-0.004655,0.008090
7.960000,0.382759,-0.653025,1.192649,-0.000954,-0.015898,0.023335,-0.530796,-0.168247,1.172870,-0.021533,-0.010881,0.004537,-0.003278,-0.187983,1.181245,-0.053227,-0.031585,0.042978,-0.604864,-0.617827,1.170106,-0.010762,-0.012572,0.006522,-0.107177,-0.687302,1.166760,-0.003780,-0.004623,0.007987
7.980000,0.382735,-0.653334,1.193107,-0.001428,-0.014949,0.022509,-0.531209,-0.168458,1.172961,-0.019800,-0.010204,0.004528,-0.004325,-0.188613,1.182111,-0.051506,-0.031360,0.043643,-0.605075,-0.618066,1.170235,-0.010283,-0.011371,0.006363,-0.107254,-0.687394,1.166918,-0.003877,-0.004571,0.007850
8.000000,0.382702,-0.653623,1.193549,-0.001847,-0.014014,0.021653,-0.531588,-0.168655,1.173051,-0.018129,-0.009537,0.004494,-0.005339,-0.189237,1.182990,-0.049810,-0.031088,0.044208,-0.605275,-0.618282,1.170361,-0.009792,-0.010222,0.006180,-0.107332,-0.687485,1.167074,-0.003936,-0.004499,0.007681
8.020000,0.382661,-0.653895,1.193973,-0.002216,-0.013098,0.020777,-0.531935,-0.168840,1.173141,-0.016523,-0.008885,0.004439,-0.006318,-0.189856,1.183879,-0.048136,-0.030772,0.044670,-0.605466,-0.618475,1.170482,-0.009295,-0.009126,0.005979,-0.107411,-0.687574,1.167225,-0.003965,-0.004413,0.007486
8.040000,0.382614,-0.654148,1.194380,-0.002542,-0.012205,0.019895,-0.532250,-0.169011,1.173229,-0.014986,-0.008252,0.004368,-0.007264,-0.190468,1.184776,-0.046481,-0.030415,0.045028,-0.605647,-0.618647,1.170600,-0.008799,-0.008082,0.005766,-0.107490,-0.687661,1.167373,-0.003969,-0.004315,0.007273
8.060000,0.382560,-0.654383,1.194769,-0.002825,-0.011336,0.019006,-0.532535,-0.169170,1.173315,-0.013516,-0.007638,0.004283,-0.008177,-0.191072,1.185679,-0.044847,-0.030016,0.045281,-0.605818,-0.618799,1.170713,-0.008304,-0.007090,0.005541,-0.107569,-0.687746,1.167516,-0.003949,-0.004208,0.007042
8.080000,0.382501,-0.654601,1.195140,-0.003066,-0.010489,0.018110,-0.532791,-0.169316,1.173400,-0.012115,-0.007042,0.004184,-0.009058,-0.191668,1.186586,-0.043232,-0.029575,0.045428,-0.605979,-0.618931,1.170821,-0.007810,-0.006150,0.005304,-0.107648,-0.687829,1.167654,-0.003904,-0.004089,0.006793
8.100000,0.382438,-0.654803,1.195493,-0.003263,-0.009666,0.017207,-0.533020,-0.169452,1.173483,-0.010783,-0.006466,0.004069,-0.009907,-0.192255,1.187495,-0.041637,-0.029092,0.045471,-0.606131,-0.619045,1.170925,-0.007317,-0.005263,0.005055,-0.107725,-0.687910,1.167788,-0.003834,-0.003960,0.006526
8.120000,0.382371,-0.654988,1.195828,-0.003424,-0.008868,0.016306,-0.533222,-0.169575,1.173563,-0.009519,-0.005912,0.003944,-0.010724,-0.192832,1.188404,-0.040060,-0.028572,0.045412,-0.606272,-0.619142,1.171024,-0.006829,-0.004427,0.004798,-0.107801,-0.687988,1.167915,-0.003746,-0.003824,0.006247
8.140000,0.382301,-0.655158,1.196145,-0.003554,-0.008098,0.015414,-0.533401,-0.169688,1.173640,-0.008323,-0.005381,0.003814,-0.011509,-0.193398,1.189311,-0.038499,-0.028016,0.045253,-0.606404,-0.619223,1.171117,-0.006353,-0.003640,0.004539,-0.107875,-0.688063,1.168037,-0.003643,-0.003684,0.005962
8.160000,0.382229,-0.655312,1.196445,-0.003653,-0.007355,0.014531,-0.533556,-0.169791,1.173715,-0.007197,-0.004875,0.003678,-0.012264,-0.193952,1.190214,-0.036954,-0.027424,0.044996,-0.606526,-0.619288,1.171205,-0.005887,-0.002902,0.004278,-0.107947,-0.688135,1.168154,-0.003527,-0.003541,0.005672
8.180000,0.382155,-0.655452,1.196727,-0.003722,-0.006639,0.013658,-0.533689,-0.169883,1.173788,-0.006140,-0.004393,0.003538,-0.012988,-0.194494,1.191110,-0.035425,-0.026798,0.044639,-0.606639,-0.619339,1.171288,-0.005433,-0.002213,0.004014,-0.108016,-0.688204,1.168264,-0.003398,-0.003395,0.005375
8.200000,0.382080,-0.655578,1.196991,-0.003760,-0.005951,0.012794,-0.533802,-0.169967,1.173857,-0.005151,-0.003936,0.003392,-0.013681,-0.195024,1.191999,-0.033912,-0.026137,0.044184,-0.606744,-0.619377,1.171366,-0.004989,-0.001574,0.003748,-0.108083,-0.688271,1.168369,-0.003254,-0.003246,0.005073
8.220000,0.382005,-0.655690,1.197239,-0.003773,-0.005291,0.011945,-0.533896,-0.170041,1.173923,-0.004230,-0.003504,0.003244,-0.014344,-0.195540,1.192877,-0.032415,-0.025445,0.043638,-0.606839,-0.619402,1.171438,-0.004559,-0.000981,0.003483,-0.108146,-0.688334,1.168467,-0.003102,-0.003095,0.004770
8.240000,0.381929,-0.655790,1.197469,-0.003766,-0.004660,0.011115,-0.533972,-0.170107,1.173987,-0.003376,-0.003100,0.003100,-0.014978,-0.196041,1.193744,-0.030933,-0.024729,0.043011,-0.606926,-0.619416,1.171505,-0.004148,-0.000434,0.003224,-0.108207,-0.688395,1.168560,-0.002945,-0.002948,0.004472
8.260000,0.381854,-0.655877,1.197683,-0.003739,-0.004057,0.010305,-0.534031,-0.170165,1.174047,-0.002588,-0.002723,0.002958,-0.015582,-0.196529,1.194597,-0.029468,-0.023987,0.042303,-0.607005,-0.619420,1.171567,-0.003755,0.000069,0.002970,-0.108264,-0.688452,1.168646,-0.002785,-0.002802,0.004177
8.280000,0.381780,-0.655952,1.197882,-0.003692,-0.003483,0.009514,-0.534076,-0.170216,1.174105,-0.001866,-0.002374,0.002819,-0.016156,-0.197001,1.195435,-0.028018,-0.023220,0.041513,-0.607076,-0.619414,1.171624,-0.003381,0.000527,0.002722,-0.108318,-0.688507,1.168727,-0.002620,-0.002660,0.003887
8.300000,0.381707,-0.656016,1.198064,-0.003625,-0.002937,0.008743,-0.534106,-0.170260,1.174160,-0.001211,-0.002052,0.002683,-0.016702,-0.197457,1.196257,-0.026584,-0.022427,0.040642,-0.607140,-0.619399,1.171676,-0.003025,0.000940,0.002479,-0.108369,-0.688559,1.168802,-0.002451,-0.002519,0.003601
8.320000,0.381635,-0.656070,1.198231,-0.003543,-0.002420,0.007994,-0.534124,-0.170298,1.174212,-0.000620,-0.001759,0.002553,-0.017220,-0.197898,1.197061,-0.025169,-0.021617,0.039704,-0.607198,-0.619377,1.171723,-0.002689,0.001310,0.002244,-0.108416,-0.688608,1.168871,-0.002282,-0.002384,0.003323
8.340000,0.381565,-0.656113,1.198384,-0.003451,-0.001930,0.007271,-0.534131,-0.170331,1.174262,-0.000092,-0.001496,0.002433,-0.017709,-0.198322,1.197845,-0.023777,-0.020797,0.038711,-0.607248,-0.619347,1.171766,-0.002379,0.001640,0.002022,-0.108460,-0.688654,1.168935,-0.002117,-0.002255,0.003057
8.360000,0.381497,-0.656147,1.198522,-0.003347,-0.001469,0.006573,-0.534129,-0.170358,1.174310,0.000374,-0.001262,0.002322,-0.018171,-0.198730,1.198609,-0.022406,-0.019966,0.037666,-0.607293,-0.619311,1.171804,-0.002092,0.001930,0.001812,-0.108501,-0.688698,1.168993,-0.001956,-0.002134,0.002804
8.380000,0.381431,-0.656172,1.198647,-0.003234,-0.001035,0.005901,-0.534117,-0.170381,1.174355,0.000777,-0.001057,0.002221,-0.018606,-0.199120,1.199351,-0.021058,-0.019124,0.036567,-0.607332,-0.619270,1.171838,-0.001829,0.002179,0.001614,-0.108538,-0.688739,1.169047,-0.001799,-0.002019,0.002563
8.400000,0.381368,-0.656189,1.198759,-0.003109,-0.000630,0.005253,-0.534098,-0.170401,1.174399,0.001117,-0.000882,0.002130,-0.019014,-0.199494,1.200071,-0.019732,-0.018272,0.035414,-0.607366,-0.619224,1.171869,-0.001590,0.002388,0.001427,-0.108573,-0.688779,1.169096,-0.001647,-0.001912,0.002335
8.420000,0.381307,-0.656197,1.198857,-0.002978,-0.000252,0.004633,-0.534073,-0.170417,1.174440,0.001397,-0.000737,0.002051,-0.019395,-0.199851,1.200767,-0.018435,-0.017420,0.034229,-0.607396,-0.619175,1.171896,-0.001378,0.002558,0.001256,-0.108604,-0.688816,1.169140,-0.001502,-0.001814,0.002122
8.440000,0.381249,-0.656199,1.198944,-0.002844,0.000100,0.004042,-0.534042,-0.170431,1.174481,0.001617,-0.000624,0.001988,-0.019751,-0.200191,1.201440,-0.017176,-0.016578,0.033032,-0.607422,-0.619122,1.171919,-0.001195,0.002692,0.001103,-0.108633,-0.688851,1.169181,-0.001370,-0.001726,0.001929
8.460000,0.381193,-0.656194,1.199019,-0.002708,0.000425,0.003479,-0.534008,-0.170442,1.174520,0.001779,-0.000541,0.001941,-0.020082,-0.200514,1.202089,-0.015955,-0.015745,0.031825,-0.607444,-0.619067,1.171940,-0.001042,0.002789,0.000967,-0.108659,-0.688885,1.169218,-0.001248,-0.001650,0.001755
8.480000,0.381140,-0.656182,1.199083,-0.002569,0.000723,0.002944,-0.533972,-0.170452,1.174558,0.001882,-0.000490,0.001909,-0.020390,-0.200821,1.202713,-0.014771,-0.014922,0.030606,-0.607463,-0.619011,1.171958,-0.000917,0.002849,0.000850,-0.108683,-0.688917,1.169251,-0.001139,-0.001584,0.001601
8.500000,0.381090,-0.656165,1.199137,-0.002427,0.000995,0.002438,-0.533933,-0.170462,1.174596,0.001925,-0.000469,0.001892,-0.020674,-0.201111,1.203313,-0.013625,-0.014109,0.029377,-0.607481,-0.618954,1.171974,-0.000821,0.002873,0.000750,-0.108705,-0.688948,1.169282,-0.001041,-0.001529,0.001466
8.520000,0.381043,-0.656143,1.199181,-0.002286,0.001240,0.001962,-0.533895,-0.170471,1.174634,0.001912,-0.000480,0.001894,-0.020935,-0.201386,1.203888,-0.012521,-0.013312,0.028151,-0.607496,-0.618896,1.171988,-0.000757,0.002862,0.000671,-0.108725,-0.688979,1.169310,-0.000959,-0.001487,0.001353
8.540000,0.380999,-0.656115,1.199216,-0.002149,0.001460,0.001515,-0.533857,-0.170481,1.174672,0.001842,-0.000524,0.001916,-0.021175,-0.201644,1.204439,-0.011463,-0.012539,0.026943,-0.607511,-0.618839,1.172001,-0.000726,0.002816,0.000615,-0.108743,-0.689008,1.169336,-0.000895,-0.001458,0.001267
8.560000,0.380957,-0.656084,1.199242,-0.002016,0.001655,0.001099,-0.533822,-0.170493,1.174711,0.001717,-0.000600,0.001960,-0.021394,-0.201887,1.204966,-0.010451,-0.011789,0.025754,-0.607526,-0.618784,1.172013,-0.000728,0.002737,0.000582,-0.108761,-0.689037,1.169361,-0.000849,-0.001444,0.001205
8.580000,0.380918,-0.656049,1.199260,-0.001887,0.001824,0.000712,-0.533789,-0.170506,1.174751,0.001536,-0.000708,0.002023,-0.021593,-0.202116,1.205469,-0.009485,-0.011063,0.024582,-0.607541,-0.618730,1.172024,-0.000765,0.002624,0.000573,-0.108777,-0.689066,1.169384,-0.000823,-0.001444,0.001170
8.600000,0.380882,-0.656011,1.199271,-0.001763,0.001968,0.000356,-0.533761,-0.170521,1.174792,0.001299,-0.000848,0.002108,-0.021773,-0.202330,1.205949,-0.008566,-0.010360,0.023430,-0.607556,-0.618679,1.172036,-0.000834,0.002477,0.000587,-0.108794,-0.689095,1.169408,-0.000815,-0.001457,0.001160
8.620000,0.380848,-0.655971,1.199274,-0.001646,0.002086,0.000030,-0.533737,-0.170540,1.174835,0.001007,-0.001021,0.002215,-0.021936,-0.202530,1.206407,-0.007695,-0.009685,0.022305,-0.607574,-0.618631,1.172048,-0.000940,0.002297,0.000627,-0.108810,-0.689124,1.169431,-0.000829,-0.001486,0.001179
8.640000,0.380816,-0.655928,1.199272,-0.001538,0.002180,-0.000264,-0.533721,-0.170562,1.174881,0.000661,-0.001228,0.002348,-0.022082,-0.202718,1.206842,-0.006875,-0.009041,0.021217,-0.607594,-0.618587,1.172061,-0.001083,0.002084,0.000695,-0.108827,-0.689154,1.169455,-0.000868,-0.001531,0.001229
8.660000,0.380786,-0.655884,1.199264,-0.001441,0.002249,-0.000528,-0.533711,-0.170589,1.174929,0.000263,-0.001467,0.002505,-0.022211,-0.202892,1.207256,-0.006106,-0.008431,0.020166,-0.607618,-0.618548,1.172076,-0.001264,0.001839,0.000792,-0.108845,-0.689186,1.169480,-0.000933,-0.001593,0.001311
8.680000,0.380758,-0.655838,1.199251,-0.001354,0.002293,-0.000760,-0.533711,-0.170621,1.174981,-0.000190,-0.001740,0.002688,-0.022326,-0.203055,1.207649,-0.005387,-0.007852,0.019153,-0.607645,-0.618514,1.172093,-0.001482,0.001562,0.000917,-0.108864,-0.689218,1.169508,-0.001023,-0.001671,0.001424
8.700000,0.380732,-0.655792,1.199234,-0.001277,0.002312,-0.000961,-0.533719,-0.170659,1.175037,-0.000696,-0.002047,0.002896,-0.022427,-0.203207,1.208022,-0.004719,-0.007305,0.018176,-0.607677,-0.618486,1.172113,-0.001739,0.001253,0.001071,-0.108886,-0.689253,1.169538,-0.001138,-0.001766,0.001569
8.720000,0.380707,-0.655746,1.199213,-0.001213,0.002307,-0.001131,-0.533739,-0.170703,1.175097,-0.001254,-0.002387,0.003130,-0.022515,-0.203348,1.208376,-0.004102,-0.006794,0.017243,-0.607715,-0.618464,1.172136,-0.002035,0.000911,0.001256,-0.108910,-0.689289,1.169571,-0.001282,-0.001878,0.001748
8.740000,0.380683,-0.655700,1.199189,-0.001165,0.002276,-0.001268,-0.533770,-0.170755,1.175163,-0.001864,-0.002760,0.003393,-0.022592,-0.203479,1.208712,-0.003538,-0.006320,0.016357,-0.607759,-0.618450,1.172163,-0.002372,0.000539,0.001474,-0.108938,-0.689328,1.169608,-0.001458,-0.002008,0.001963
8.760000,0.380660,-0.655655,1.199162,-0.001132,0.002220,-0.001373,-0.533814,-0.170814,1.175233,-0.002525,-0.003168,0.003684,-0.022657,-0.203601,1.209031,-0.003026,-0.005883,0.015519,-0.607810,-0.618443,1.172195,-0.002751,0.000134,0.001725,-0.108969,-0.689369,1.169649,-0.001665,-0.002157,0.002215
8.780000,0.380638,-0.655612,1.199134,-0.001114,0.002139,-0.001445,-0.533871,-0.170881,1.175310,-0.003237,-0.003609,0.004003,-0.022713,-0.203714,1.209333,-0.002566,-0.005484,0.014729,-0.607869,-0.618444,1.172233,-0.003171,-0.000302,0.002010,-0.109004,-0.689414,1.169697,-0.001903,-0.002325,0.002504
8.800000,0.380616,-0.655570,1.199105,-0.001112,0.002032,-0.001485,-0.533943,-0.170958,1.175394,-0.004001,-0.004084,0.004351,-0.022760,-0.203820,1.209620,-0.002159,-0.005122,0.013987,-0.607937,-0.618455,1.172276,-0.003633,-0.000769,0.002328,-0.109045,-0.689463,1.169750,-0.002174,-0.002510,0.002829
8.820000,0.380593,-0.655530,1.199075,-0.001128,0.001901,-0.001492,-0.534032,-0.171045,1.175484,-0.004814,-0.004592,0.004729,-0.022800,-0.203919,1.209893,-0.001804,-0.004799,0.013294,-0.608015,-0.618475,1.172326,-0.004138,-0.001268,0.002682,-0.109092,-0.689515,1.169810,-0.002478,-0.002715,0.003194
8.840000,0.380570,-0.655494,1.199045,-0.001164,0.001742,-0.001465,-0.534136,-0.171142,1.175583,-0.005676,-0.005134,0.005136,-0.022833,-0.204012,1.210152,-0.001503,-0.004517,0.012654,-0.608103,-0.618506,1.172383,-0.004686,-0.001797,0.003073,-0.109144,-0.689571,1.169878,-0.002820,-0.002939,0.003600
8.860000,0.380547,-0.655461,1.199017,-0.001221,0.001558,-0.001404,-0.534259,-0.171251,1.175690,-0.006586,-0.005708,0.005574,-0.022860,-0.204100,1.210399,-0.001254,-0.004275,0.012066,-0.608203,-0.618547,1.172449,-0.005279,-0.002357,0.003501,-0.109205,-0.689632,1.169954,-0.003199,-0.003182,0.004046
8.880000,0.380521,-0.655432,1.198989,-0.001298,0.001347,-0.001308,-0.534400,-0.171371,1.175806,-0.007544,-0.006316,0.006043,-0.022883,-0.204184,1.210635,-0.001057,-0.004073,0.011529,-0.608315,-0.618600,1.172524,-0.005916,-0.002948,0.003967,-0.109273,-0.689699,1.170040,-0.003615,-0.003445,0.004534
8.900000,0.380495,-0.655407,1.198965,-0.001396,0.001110,-0.001179,-0.534561,-0.171503,1.175932,-0.008550,-0.006956,0.006542,-0.022903,-0.204263,1.210861,-0.000914,-0.003912,0.011045,-0.608440,-0.618666,1.172608,-0.006597,-0.003570,0.004471,-0.109349,-0.689770,1.170136,-0.004069,-0.003727,0.005063
8.920000,0.380465,-0.655388,1.198943,-0.001516,0.000846,-0.001014,-0.534742,-0.171649,1.176068,-0.009602,-0.007628,0.007071,-0.022920,-0.204340,1.211077,-0.000823,-0.003791,0.010613,-0.608579,-0.618743,1.172703,-0.007322,-0.004221,0.005014,-0.109436,-0.689848,1.170243,-0.004562,-0.004029,0.005635
8.940000,0.380434,-0.655374,1.198924,-0.001661,0.000554,-0.000814,-0.534945,-0.171809,1.176215,-0.010696,-0.008331,0.007630,-0.022936,-0.204415,1.211286,-0.000785,-0.003712,0.010232,-0.608733,-0.618835,1.172809,-0.008092,-0.004902,0.005597,-0.109532,-0.689932,1.170362,-0.005096,-0.004350,0.006250
8.960000,0.380399,-0.655366,1.198910,-0.001831,0.000233,-0.000577,-0.535171,-0.171983,1.176373,-0.011834,-0.009063,0.008219,-0.022952,-0.204489,1.211487,-0.000799,-0.003674,0.009902,-0.608903,-0.618940,1.172927,-0.008907,-0.005613,0.006221,-0.109640,-0.690022,1.170493,-0.005673,-0.004690,0.006909
8.980000,0.380360,-0.655364,1.198901,-0.002026,-0.000115,-0.000303,-0.535419,-0.172172,1.176544,-0.013014,-0.009825,0.008838,-0.022968,-0.204563,1.211682,-0.000866,-0.003677,0.009623,-0.609089,-0.619059,1.173058,-0.009767,-0.006352,0.006885,-0.109759,-0.690119,1.170638,-0.006291,-0.005049,0.007613
9.000000,0.380318,-0.655370,1.198898,-0.002246,-0.000492,0.000007,-0.535691,-0.172376,1.176727,-0.014236,-0.010618,0.009488,-0.022987,-0.204637,1.211872,-0.000986,-0.003722,0.009396,-0.609294,-0.619194,1.173203,-0.010671,-0.007121,0.007589,-0.109892,-0.690224,1.170798,-0.006950,-0.005427,0.008360
9.020000,0.380270,-0.655384,1.198902,-0.002492,-0.000897,0.000354,-0.535989,-0.172596,1.176924,-0.015496,-0.011437,0.010166,-0.023008,-0.204712,1.212058,-0.001158,-0.003809,0.009218,-0.609516,-0.619344,1.173362,-0.011619,-0.007917,0.008334,-0.110038,-0.690337,1.170973,-0.007652,-0.005824,0.009152
9.040000,0.380218,-0.655407,1.198913,-0.002767,-0.001333,0.000740,-0.536311,-0.172834,1.177134,-0.016789,-0.012281,0.010871,-0.023033,-0.204789,1.212241,-0.001382,-0.003936,0.009086,-0.609759,-0.619511,1.173536,-0.012609,-0.008739,0.009120,-0.110198,-0.690457,1.171164,-0.008399,-0.006238,0.009988
9.060000,0.380159,-0.655438,1.198932,-0.003071,-0.001799,0.001165,-0.536660,-0.173088,1.177359,-0.018114,-0.013148,0.011602,-0.023064,-0.204869,1.212422,-0.001658,-0.004104,0.009001,-0.610021,-0.619694,1.173727,-0.013641,-0.009586,0.009947,-0.110374,-0.690586,1.171373,-0.009189,-0.006669,0.010868
9.080000,0.380095,-0.655479,1.198960,-0.003403,-0.002294,0.001629,-0.537036,-0.173360,1.177598,-0.019472,-0.014038,0.012360,-0.023100,-0.204954,1.212602,-0.001987,-0.004313,0.008962,-0.610305,-0.619895,1.173934,-0.014714,-0.010459,0.010815,-0.110566,-0.690724,1.171599,-0.010023,-0.007118,0.011792
9.100000,0.380023,-0.655530,1.198997,-0.003764,-0.002820,0.002132,-0.537440,-0.173649,1.177853,-0.020863,-0.014953,0.013145,-0.023144,-0.205042,1.212781,-0.002367,-0.004563,0.008970,-0.610610,-0.620113,1.174160,-0.015830,-0.011358,0.011724,-0.110775,-0.690871,1.171845,-0.010901,-0.007583,0.012760
9.120000,0.379944,-0.655592,1.199045,-0.004155,-0.003377,0.002675,-0.537871,-0.173958,1.178124,-0.022278,-0.015885,0.013953,-0.023195,-0.205136,1.212961,-0.002799,-0.004853,0.009020,-0.610938,-0.620349,1.174404,-0.016984,-0.012279,0.012673,-0.111002,-0.691027,1.172110,-0.011822,-0.008064,0.013771
9.140000,0.379857,-0.655665,1.199104,-0.004577,-0.003965,0.003258,-0.538331,-0.174285,1.178411,-0.023708,-0.016829,0.014779,-0.023256,-0.205237,1.213142,-0.003282,-0.005181,0.009108,-0.611290,-0.620604,1.174667,-0.018172,-0.013217,0.013659,-0.111248,-0.691194,1.172396,-0.012786,-0.008557,0.014821
9.160000,0.379761,-0.655751,1.199176,-0.005030,-0.004584,0.003883,-0.538819,-0.174631,1.178715,-0.025153,-0.017786,0.015625,-0.023327,-0.205344,1.213325,-0.003816,-0.005549,0.009234,-0.611665,-0.620878,1.174950,-0.019393,-0.014174,0.014682,-0.111514,-0.691370,1.172703,-0.013792,-0.009063,0.015913
9.180000,0.379655,-0.655849,1.199260,-0.005514,-0.005235,0.004548,-0.539337,-0.174996,1.179036,-0.026615,-0.018755,0.016489,-0.023409,-0.205459,1.213511,-0.004401,-0.005956,0.009399,-0.612065,-0.621171,1.175254,-0.020649,-0.015150,0.015743,-0.111800,-0.691556,1.173033,-0.014841,-0.009582,0.017044
9.200000,0.379540,-0.655960,1.199358,-0.006029,-0.005917,0.005255,-0.539884,-0.175381,1.179375,-0.028091,-0.019736,0.017372,-0.023503,-0.205582,1.213701,-0.005037,-0.006401,0.009601,-0.612491,-0.621484,1.175580,-0.021938,-0.016143,0.016842,-0.112108,-0.691753,1.173385,-0.015933,-0.010113,0.018215
9.220000,0.379414,-0.656086,1.199471,-0.006575,-0.006630,0.006003,-0.540461,-0.175786,1.179732,-0.029592,-0.020736,0.018276,-0.023611,-0.205715,1.213896,-0.005723,-0.006884,0.009836,-0.612943,-0.621817,1.175928,-0.023254,-0.017149,0.017974,-0.112438,-0.691961,1.173761,-0.017063,-0.010653,0.019422
9.240000,0.379277,-0.656226,1.199598,-0.007154,-0.007375,0.006793,-0.541068,-0.176211,1.180106,-0.031124,-0.021761,0.019203,-0.023732,-0.205858,1.214095,-0.006457,-0.007401,0.010096,-0.613422,-0.622170,1.176299,-0.024588,-0.018160,0.019134,-0.112791,-0.692179,1.174162,-0.018230,-0.011197,0.020659
9.260000,0.379128,-0.656381,1.199743,-0.007764,-0.008150,0.007624,-0.541706,-0.176657,1.180500,-0.032689,-0.022811,0.020153,-0.023869,-0.206011,1.214300,-0.007239,-0.007953,0.010383,-0.613927,-0.622543,1.176694,-0.025941,-0.019176,0.020324,-0.113167,-0.692409,1.174588,-0.019433,-0.011746,0.021926
9.280000,0.378966,-0.656552,1.199904,-0.008406,-0.008956,0.008497,-0.542376,-0.177124,1.180913,-0.034286,-0.023886,0.021126,-0.024022,-0.206176,1.214511,-0.008070,-0.008539,0.010696,-0.614459,-0.622937,1.177112,-0.027312,-0.020198,0.021541,-0.113568,-0.692649,1.175039,-0.020672,-0.012299,0.023223
9.300000,0.378791,-0.656739,1.200083,-0.009080,-0.009793,0.009412,-0.543078,-0.177612,1.181345,-0.035914,-0.024986,0.022123,-0.024192,-0.206353,1.214728,-0.008949,-0.009160,0.011034,-0.615019,-0.623351,1.177556,-0.028701,-0.021226,0.022788,-0.113994,-0.692901,1.175517,-0.021947,-0.012857,0.024550
9.320000,0.378603,-0.656944,1.200280,-0.009784,-0.010660,0.010367,-0.543812,-0.178123,1.181798,-0.037577,-0.026114,0.023140,-0.024381,-0.206543,1.214952,-0.009874,-0.009813,0.011391,-0.615607,-0.623786,1.178024,-0.030096,-0.022248,0.024054,-0.114446,-0.693163,1.176022,-0.023251,-0.013413,0.025897
9.340000,0.378400,-0.657166,1.200498,-0.010518,-0.011553,0.011362,-0.544581,-0.178657,1.182271,-0.039275,-0.027270,0.024177,-0.024588,-0.206746,1.215183,-0.010843,-0.010492,0.011757,-0.616223,-0.624241,1.178518,-0.031484,-0.023256,0.025333,-0.114925,-0.693437,1.176553,-0.024576,-0.013961,0.027257
9.360000,0.378182,-0.657406,1.200735,-0.011281,-0.012475,0.012396,-0.545384,-0.179214,1.182765,-0.041009,-0.028456,0.025233,-0.024815,-0.206963,1.215422,-0.011854,-0.011199,0.012133,-0.616867,-0.624716,1.179038,-0.032865,-0.024249,0.026623,-0.115430,-0.693722,1.177112,-0.025924,-0.014501,0.028627
9.380000,0.377948,-0.657665,1.200994,-0.012073,-0.013424,0.013470,-0.546222,-0.179795,1.183280,-0.042779,-0.029671,0.026309,-0.025062,-0.207194,1.215669,-0.012908,-0.011934,0.012519,-0.617538,-0.625211,1.179583,-0.034238,-0.025227,0.027925,-0.115962,-0.694017,1.177698,-0.027293,-0.015032,0.030010
9.400000,0.377699,-0.657943,1.201274,-0.012895,-0.014400,0.014584,-0.547095,-0.180401,1.183817,-0.044584,-0.030915,0.027404,-0.025331,-0.207440,1.215923,-0.014006,-0.012696,0.012914,-0.618236,-0.625725,1.180155,-0.035604,-0.026191,0.029238,-0.116521,-0.694323,1.178312,-0.028684,-0.015556,0.031403
9.420000,0.377432,-0.658241,1.201577,-0.013743,-0.015400,0.015733,-0.548005,-0.181032,1.184376,-0.046419,-0.032185,0.028511,-0.025623,-0.207702,1.216185,-0.015141,-0.013479,0.013309,-0.618962,-0.626258,1.180752,-0.036943,-0.027124,0.030550,-0.117109,-0.694639,1.178954,-0.030085,-0.016062,0.032793
9.440000,0.377149,-0.658559,1.201904,-0.014613,-0.016418,0.016915,-0.548952,-0.181689,1.184958,-0.048278,-0.033476,0.029625,-0.025937,-0.207980,1.216455,-0.016310,-0.014278,0.013693,-0.619714,-0.626810,1.181376,-0.038237,-0.028013,0.031846,-0.117725,-0.694965,1.179624,-0.031484,-0.016541,0.034165
9.460000,0.376848,-0.658898,1.202254,-0.015506,-0.017456,0.018129,-0.549936,-0.182371,1.185561,-0.050159,-0.034790,0.030744,-0.026275,-0.208273,1.216733,-0.017512,-0.015093,0.014065,-0.620491,-0.627379,1.182026,-0.039485,-0.028858,0.033126,-0.118368,-0.695301,1.180321,-0.032880,-0.016994,0.035518
9.480000,0.376528,-0.659258,1.202629,-0.016422,-0.018513,0.019376,-0.550959,-0.183081,1.186188,-0.052065,-0.036125,0.031869,-0.026638,-0.208583,1.217018,-0.018747,-0.015924,0.014427,-0.621293,-0.627964,1.182701,-0.040687,-0.029658,0.034391,-0.119040,-0.695645,1.181045,-0.034273,-0.017420,0.036853
9.500000,0.376190,-0.659639,1.203029,-0.017360,-0.019589,0.020655,-0.552019,-0.183817,1.186836,-0.053993,-0.037482,0.033000,-0.027025,-0.208910,1.217310,-0.020016,-0.016770,0.014777,-0.622118,-0.628565,1.183402,-0.041843,-0.030413,0.035640,-0.119739,-0.695997,1.181795,-0.035664,-0.017820,0.038170
9.520000,0.375834,-0.660041,1.203456,-0.018314,-0.020677,0.021960,-0.553118,-0.184580,1.187508,-0.055929,-0.038851,0.034124,-0.027439,-0.209254,1.217609,-0.021309,-0.017624,0.015102,-0.622966,-0.629180,1.184127,-0.042940,-0.031119,0.036852,-0.120466,-0.696358,1.182571,-0.037044,-0.018187,0.039462
9.540000,0.375458,-0.660466,1.203908,-0.019279,-0.021769,0.023284,-0.554256,-0.185371,1.188201,-0.057857,-0.040222,0.035228,-0.027878,-0.209615,1.217914,-0.022619,-0.018476,0.015390,-0.623835,-0.629809,1.184875,-0.043961,-0.031772,0.038004,-0.121221,-0.696725,1.183373,-0.038404,-0.018516,0.040722
9.560000,0.375063,-0.660912,1.204387,-0.020253,-0.022865,0.024626,-0.555433,-0.186189,1.188916,-0.059775,-0.041593,0.036312,-0.028343,-0.209993,1.218224,-0.023945,-0.019326,0.015640,-0.624724,-0.630451,1.185647,-0.044909,-0.032372,0.039097,-0.122002,-0.697098,1.184200,-0.039745,-0.018807,0.041952
9.580000,0.374648,-0.661380,1.204893,-0.021237,-0.023965,0.025986,-0.556647,-0.187034,1.189653,-0.061685,-0.042965,0.037377,-0.028836,-0.210388,1.218539,-0.025288,-0.020174,0.015853,-0.625631,-0.631104,1.186439,-0.045782,-0.032918,0.040131,-0.122811,-0.697477,1.185051,-0.041065,-0.019059,0.043150
9.600000,0.374213,-0.661871,1.205427,-0.022231,-0.025069,0.027365,-0.557900,-0.187907,1.190411,-0.063587,-0.044339,0.038422,-0.029355,-0.210800,1.218858,-0.026648,-0.021020,0.016028,-0.626555,-0.631767,1.187251,-0.046580,-0.033411,0.041105,-0.123645,-0.697860,1.185926,-0.042366,-0.019273,0.044318
9.620000,0.373758,-0.662383,1.205988,-0.023224,-0.026164,0.028751,-0.559190,-0.188808,1.191190,-0.065467,-0.045705,0.039442,-0.029902,-0.211229,1.219180,-0.028033,-0.021869,0.016163,-0.627494,-0.632440,1.188083,-0.047295,-0.033846,0.042005,-0.124505,-0.698247,1.186823,-0.043644,-0.019439,0.045439
9.640000,0.373284,-0.662917,1.206577,-0.024207,-0.027240,0.030132,-0.560518,-0.189736,1.191989,-0.067314,-0.047056,0.040432,-0.030477,-0.211675,1.219504,-0.029452,-0.022725,0.016259,-0.628446,-0.633120,1.188931,-0.047918,-0.034220,0.042816,-0.125391,-0.698637,1.187743,-0.044897,-0.019548,0.046498
9.660000,0.372790,-0.663472,1.207193,-0.025178,-0.028296,0.031507,-0.561883,-0.190690,1.192807,-0.069127,-0.048391,0.041393,-0.031080,-0.212138,1.219830,-0.030905,-0.023588,0.016314,-0.629410,-0.633808,1.189795,-0.048448,-0.034532,0.043539,-0.126301,-0.699029,1.188683,-0.046124,-0.019600,0.047496
9.680000,0.372277,-0.664049,1.207837,-0.026139,-0.029332,0.032878,-0.563283,-0.191671,1.193644,-0.070907,-0.049711,0.042325,-0.031713,-0.212619,1.220157,-0.032393,-0.024457,0.016329,-0.630383,-0.634501,1.190672,-0.048885,-0.034783,0.044173,-0.127235,-0.699421,1.189642,-0.047325,-0.019593,0.048433
9.700000,0.371745,-0.664646,1.208508,-0.027089,-0.030348,0.034244,-0.564719,-0.192678,1.194500,-0.072653,-0.051015,0.043227,-0.032376,-0.213117,1.220483,-0.033915,-0.025334,0.016304,-0.631365,-0.635199,1.191561,-0.049231,-0.034972,0.044718,-0.128194,-0.699812,1.190620,-0.048501,-0.019530,0.049307
9.720000,0.371194,-0.665263,1.209206,-0.028025,-0.031335,0.035584,-0.566189,-0.193712,1.195373,-0.074365,-0.052306,0.044082,-0.033070,-0.213632,1.220809,-0.035483,-0.026223,0.016247,-0.632352,-0.635900,1.192460,-0.049484,-0.035100,0.045168,-0.129175,-0.700202,1.191614,-0.049648,-0.019401,0.050110
9.740000,0.370624,-0.665899,1.209931,-0.028942,-0.032285,0.036879,-0.567693,-0.194770,1.196263,-0.076042,-0.053586,0.044873,-0.033796,-0.214166,1.221133,-0.037110,-0.027132,0.016168,-0.633343,-0.636603,1.193367,-0.049645,-0.035170,0.045519,-0.130179,-0.700588,1.192624,-0.050761,-0.019198,0.050832
9.760000,0.370036,-0.666554,1.210681,-0.029841,-0.033198,0.038128,-0.569231,-0.195855,1.197168,-0.077684,-0.054854,0.045599,-0.034555,-0.214717,1.221455,-0.038796,-0.028061,0.016067,-0.634337,-0.637306,1.194280,-0.049716,-0.035179,0.045770,-0.131205,-0.700969,1.193647,-0.051840,-0.018922,0.051473
9.780000,0.369430,-0.667226,1.211456,-0.030722,-0.034073,0.039332,-0.570800,-0.196965,1.198086,-0.079291,-0.056112,0.046261,-0.035348,-0.215288,1.221775,-0.040540,-0.029008,0.015944,-0.635331,-0.638009,1.195197,-0.049694,-0.035130,0.045922,-0.132253,-0.701344,1.194682,-0.052885,-0.018572,0.052032
9.800000,0.368807,-0.667916,1.212254,-0.031585,-0.034912,0.040490,-0.572402,-0.198099,1.199018,-0.080863,-0.057359,0.046859,-0.036177,-0.215878,1.222093,-0.042343,-0.029976,0.015798,-0.636324,-0.638711,1.196116,-0.049582,-0.035021,0.045974,-0.133321,-0.701711,1.195728,-0.053897,-0.018149,0.052511
9.820000,0.368167,-0.668623,1.213075,-0.032428,-0.035707,0.041591,-0.574035,-0.199259,1.199960,-0.082397,-0.058592,0.047381,-0.037042,-0.216487,1.222407,-0.044209,-0.030963,0.015635,-0.637314,-0.639410,1.197036,-0.049377,-0.034853,0.045926,-0.134408,-0.702069,1.196782,-0.054874,-0.017648,0.052905
9.840000,0.367510,-0.669344,1.213917,-0.033249,-0.036456,0.042623,-0.575698,-0.200443,1.200912,-0.083891,-0.059808,0.047816,-0.037946,-0.217117,1.222718,-0.046143,-0.031971,0.015462,-0.638299,-0.640105,1.197953,-0.049081,-0.034627,0.045778,-0.135515,-0.702417,1.197843,-0.055815,-0.017068,0.053213
9.860000,0.366837,-0.670081,1.214780,-0.034048,-0.037156,0.043586,-0.577390,-0.201651,1.201872,-0.085344,-0.061006,0.048162,-0.038888,-0.217766,1.223026,-0.048145,-0.033001,0.015278,-0.639277,-0.640794,1.198866,-0.048694,-0.034341,0.045531,-0.136641,-0.702752,1.198910,-0.056721,-0.016407,0.053434
9.880000,0.366149,-0.670830,1.215660,-0.034825,-0.037809,0.044480,-0.579111,-0.202883,1.202838,-0.086756,-0.062188,0.048421,-0.039872,-0.218437,1.223329,-0.050215,-0.034051,0.015083,-0.640246,-0.641478,1.199773,-0.048215,-0.033996,0.045184,-0.137784,-0.703073,1.199980,-0.057591,-0.015666,0.053569
9.900000,0.365444,-0.671593,1.216558,-0.035581,-0.038414,0.045306,-0.580860,-0.204138,1.203809,-0.088127,-0.063352,0.048593,-0.040897,-0.219128,1.223629,-0.052352,-0.035122,0.014877,-0.641205,-0.642154,1.200673,-0.047644,-0.033592,0.044738,-0.138944,-0.703378,1.201052,-0.058426,-0.014844,0.053618
9.920000,0.364725,-0.672366,1.217472,-0.036314,-0.038969,0.046058,-0.582636,-0.205417,1.204781,-0.089461,-0.064499,0.048672,-0.041966,-0.219842,1.223924,-0.054553,-0.036209,0.014663,-0.642151,-0.642821,1.201562,-0.046991,-0.033137,0.044199,-0.140121,-0.703666,1.202124,-0.059225,-0.013944,0.053583
9.940000,0.363992,-0.673151,1.218400,-0.037024,-0.039472,0.046730,-0.584438,-0.206718,1.205755,-0.090760,-0.065632,0.048654,-0.043080,-0.220577,1.224215,-0.056812,-0.037305,0.014443,-0.643084,-0.643479,1.202440,-0.046265,-0.032635,0.043575,-0.141313,-0.703935,1.203195,-0.059990,-0.012966,0.053467
9.960000,0.363245,-0.673945,1.219341,-0.037710,-0.039923,0.047324,-0.586266,-0.208042,1.206727,-0.092025,-0.066749,0.048541,-0.044239,-0.221334,1.224502,-0.059129,-0.038411,0.014217,-0.644001,-0.644126,1.203305,-0.045467,-0.032089,0.042866,-0.142520,-0.704184,1.204262,-0.060719,-0.011910,0.053271
9.980000,0.362484,-0.674748,1.220293,-0.038373,-0.040322,0.047839,-0.588119,-0.209388,1.207696,-0.093255,-0.067850,0.048331,-0.045445,-0.222113,1.224784,-0.061504,-0.039526,0.013986,-0.644902,-0.644762,1.204154,-0.044596,-0.031497,0.042071,-0.143741,-0.704411,1.205325,-0.061414,-0.010777,0.052995
10.000000,0.361710,-0.675558,1.221254,-0.039012,-0.040669,0.048275,-0.589996,-0.210756,1.208659,-0.094450,-0.068936,0.048024,-0.046700,-0.222915,1.225061,-0.063938,-0.040651,0.013750,-0.645785,-0.645386,1.204987,-0.043652,-0.030859,0.041191,-0.144976,-0.704614,1.206382,-0.062073,-0.009566,0.052638
10.020000,0.360923,-0.676374,1.222223,-0.039627,-0.040963,0.048632,-0.591897,-0.212145,1.209616,-0.095607,-0.069999,0.047621,-0.048003,-0.223739,1.225334,-0.066413,-0.041771,0.013507,-0.646648,-0.645996,1.205801,-0.042645,-0.030182,0.040238,-0.146224,-0.704793,1.207430,-0.062699,-0.008282,0.052209
10.040000,0.360125,-0.677196,1.223199,-0.040215,-0.041204,0.048909,-0.593820,-0.213556,1.210564,-0.096720,-0.071029,0.047121,-0.049356,-0.224586,1.225602,-0.068913,-0.042875,0.013259,-0.647490,-0.646593,1.206596,-0.041585,-0.029472,0.039225,-0.147484,-0.704945,1.208470,-0.063290,-0.006929,0.051713
10.060000,0.359315,-0.678022,1.224179,-0.040778,-0.041391,0.049106,-0.595765,-0.214986,1.211500,-0.097790,-0.072029,0.046525,-0.050760,-0.225454,1.225864,-0.071439,-0.043962,0.013005,-0.648311,-0.647175,1.207370,-0.040472,-0.028729,0.038151,-0.148755,-0.705070,1.209498,-0.063847,-0.005507,0.051153
10.080000,0.358494,-0.678851,1.225162,-0.041314,-0.041526,0.049224,-0.597731,-0.216437,1.212424,-0.098817,-0.072996,0.045833,-0.052214,-0.226344,1.226122,-0.073990,-0.045032,0.012744,-0.649109,-0.647742,1.208122,-0.039305,-0.027952,0.037017,-0.150038,-0.705165,1.210515,-0.064370,-0.004016,0.050527
10.100000,0.357663,-0.679682,1.226147,-0.041824,-0.041607,0.049262,-0.599718,-0.217906,1.213333,-0.099801,-0.073932,0.045045,-0.053720,-0.227255,1.226374,-0.076567,-0.046084,0.012478,-0.649883,-0.648293,1.208850,-0.038085,-0.027142,0.035823,-0.151330,-0.705230,1.211519,-0.064859,-0.002457,0.049835
10.120000,0.356821,-0.680515,1.227132,-0.042305,-0.041636,0.049224,-0.601723,-0.219394,1.214225,-0.100744,-0.074833,0.044165,-0.055277,-0.228187,1.226621,-0.079138,-0.047098,0.012203,-0.650632,-0.648827,1.209554,-0.036832,-0.026312,0.034587,-0.152632,-0.705263,1.212508,-0.065314,-0.000834,0.049089
10.140000,0.355971,-0.681348,1.228116,-0.042756,-0.041612,0.049110,-0.603747,-0.220899,1.215099,-0.101647,-0.075695,0.043199,-0.056885,-0.229139,1.226862,-0.081674,-0.048050,0.011916,-0.651356,-0.649345,1.210234,-0.035568,-0.025477,0.033329,-0.153942,-0.705263,1.213482,-0.065733,0.000846,0.048300
10.160000,0.355111,-0.682179,1.229096,-0.043175,-0.041537,0.048922,-0.605789,-0.222421,1.215953,-0.102512,-0.076518,0.042147,-0.058543,-0.230109,1.227097,-0.084174,-0.048941,0.011617,-0.652054,-0.649846,1.210887,-0.034293,-0.024636,0.032047,-0.155261,-0.705229,1.214440,-0.066118,0.002584,0.047468
10.180000,0.354244,-0.683009,1.230072,-0.043563,-0.041410,0.048660,-0.607847,-0.223960,1.216784,-0.103338,-0.077301,0.041008,-0.060252,-0.231096,1.227327,-0.086639,-0.049772,0.011307,-0.652727,-0.650331,1.211515,-0.033006,-0.023790,0.030743,-0.156587,-0.705159,1.215381,-0.066468,0.004379,0.046592
10.200000,0.353369,-0.683835,1.231042,-0.043919,-0.041230,0.048324,-0.609922,-0.225513,1.217592,-0.104125,-0.078046,0.039783,-0.062009,-0.232099,1.227549,-0.089067,-0.050541,0.010985,-0.653375,-0.650798,1.212117,-0.031708,-0.022939,0.029416,-0.157919,-0.705053,1.216303,-0.066784,0.006232,0.045674
10.220000,0.352487,-0.684658,1.232005,-0.044241,-0.041000,0.047917,-0.612012,-0.227081,1.218375,-0.104879,-0.078752,0.038482,-0.063814,-0.233117,1.227766,-0.091439,-0.051232,0.010640,-0.653996,-0.651248,1.212692,-0.030413,-0.022091,0.028079,-0.159258,-0.704910,1.217207,-0.067063,0.008133,0.044726
10.240000,0.351600,-0.685475,1.232958,-0.044524,-0.040720,0.047444,-0.614117,-0.228663,1.219131,-0.105607,-0.079417,0.037114,-0.065666,-0.234148,1.227975,-0.093730,-0.051829,0.010263,-0.654591,-0.651682,1.213240,-0.029134,-0.021256,0.026743,-0.160602,-0.704728,1.218092,-0.067304,0.010074,0.043764
10.260000,0.350707,-0.686286,1.233902,-0.044768,-0.040390,0.046905,-0.616236,-0.230258,1.219859,-0.106309,-0.080043,0.035678,-0.067563,-0.235190,1.228176,-0.095942,-0.052332,0.009853,-0.655161,-0.652099,1.213762,-0.027872,-0.020433,0.025409,-0.161950,-0.704506,1.218958,-0.067507,0.012054,0.042787
10.280000,0.349809,-0.687090,1.234834,-0.044973,-0.040010,0.046300,-0.618369,-0.231864,1.220558,-0.106986,-0.080628,0.034175,-0.069503,-0.236241,1.228369,-0.098074,-0.052740,0.009411,-0.655706,-0.652499,1.214256,-0.026626,-0.019623,0.024076,-0.163302,-0.704245,1.219804,-0.067672,0.014074,0.041796
10.300000,0.348908,-0.687886,1.235754,-0.045139,-0.039580,0.045630,-0.620516,-0.233482,1.221226,-0.107636,-0.081174,0.032605,-0.071485,-0.237299,1.228552,-0.100126,-0.053053,0.008935,-0.656226,-0.652884,1.214725,-0.025397,-0.018825,0.022745,-0.164656,-0.703943,1.220630,-0.067799,0.016133,0.040790
10.320000,0.348004,-0.688673,1.236659,-0.045261,-0.039102,0.044898,-0.622675,-0.235111,1.221862,-0.108259,-0.081671,0.030982,-0.073507,-0.238362,1.228726,-0.102078,-0.053257,0.008420,-0.656722,-0.653252,1.215166,-0.024194,-0.018045,0.021423,-0.166013,-0.703600,1.221435,-0.067879,0.018219,0.039787
10.340000,0.347098,-0.689450,1.237549,-0.045334,-0.038577,0.044111,-0.624846,-0.236749,1.222465,-0.108855,-0.082110,0.029320,-0.075567,-0.239428,1.228889,-0.103911,-0.053339,0.007859,-0.657194,-0.653606,1.215582,-0.023023,-0.017286,0.020116,-0.167371,-0.703214,1.222221,-0.067902,0.020317,0.038804
10.360000,0.346191,-0.690216,1.238423,-0.045360,-0.038005,0.043267,-0.627029,-0.238395,1.223034,-0.109423,-0.082491,0.027619,-0.077663,-0.240495,1.229040,-0.105623,-0.053297,0.007252,-0.657643,-0.653944,1.215971,-0.021885,-0.016550,0.018825,-0.168729,-0.702787,1.222988,-0.067868,0.022429,0.037842
10.380000,0.345284,-0.690970,1.239279,-0.045336,-0.037386,0.042368,-0.629222,-0.240048,1.223569,-0.109964,-0.082815,0.025879,-0.079792,-0.241559,1.229179,-0.107216,-0.053133,0.006599,-0.658070,-0.654268,1.216335,-0.020781,-0.015836,0.017549,-0.170086,-0.702317,1.223735,-0.067777,0.024553,0.036901
10.400000,0.344378,-0.691711,1.240117,-0.045264,-0.036721,0.041412,-0.631427,-0.241707,1.224069,-0.110477,-0.083081,0.024099,-0.081951,-0.242619,1.229304,-0.108689,-0.052846,0.005900,-0.658475,-0.654577,1.216673,-0.019710,-0.015144,0.016289,-0.171440,-0.701805,1.224464,-0.067629,0.026691,0.035980
10.420000,0.343474,-0.692438,1.240936,-0.045138,-0.036010,0.040406,-0.633641,-0.243371,1.224533,-0.110967,-0.083286,0.022299,-0.084138,-0.243672,1.229414,-0.110029,-0.052430,0.005159,-0.658859,-0.654874,1.216986,-0.018677,-0.014475,0.015048,-0.172790,-0.701249,1.225174,-0.067415,0.028830,0.035086
10.440000,0.342573,-0.693151,1.241733,-0.044954,-0.035256,0.039354,-0.635865,-0.245038,1.224961,-0.111439,-0.083426,0.020497,-0.086351,-0.244716,1.229510,-0.111223,-0.051879,0.004381,-0.659222,-0.655157,1.217275,-0.017684,-0.013832,0.013829,-0.174136,-0.700651,1.225867,-0.067124,0.030960,0.034228
10.460000,0.341676,-0.693848,1.242509,-0.044710,-0.034458,0.038255,-0.638099,-0.246708,1.225353,-0.111893,-0.083500,0.018693,-0.088586,-0.245747,1.229589,-0.112271,-0.051194,0.003565,-0.659566,-0.655427,1.217540,-0.016731,-0.013213,0.012631,-0.175475,-0.700011,1.226544,-0.066757,0.033080,0.033405
10.480000,0.340785,-0.694529,1.243263,-0.044408,-0.033616,0.037111,-0.640341,-0.248378,1.225709,-0.112329,-0.083510,0.016886,-0.090841,-0.246762,1.229652,-0.113173,-0.050375,0.002712,-0.659892,-0.655685,1.217781,-0.015820,-0.012619,0.011456,-0.176806,-0.699328,1.227204,-0.066313,0.035190,0.032616
10.500000,0.339900,-0.695193,1.243994,-0.044048,-0.032731,0.035921,-0.642592,-0.250048,1.226028,-0.112747,-0.083454,0.015077,-0.093112,-0.247761,1.229697,-0.113930,-0.049422,0.001821,-0.660199,-0.655932,1.217998,-0.014950,-0.012051,0.010302,-0.178127,-0.698604,1.227849,-0.065793,0.037291,0.031863
10.520000,0.339023,-0.695838,1.244700,-0.043624,-0.031804,0.034690,-0.644851,-0.251716,1.226312,-0.113145,-0.083324,0.013290,-0.095397,-0.248738,1.229725,-0.114526,-0.048334,0.000894,-0.660490,-0.656168,1.218193,-0.014121,-0.011505,0.009170,-0.179437,-0.697837,1.228479,-0.065196,0.039374,0.031138
10.540000,0.338155,-0.696464,1.245381,-0.043133,-0.030838,0.033423,-0.647118,-0.253380,1.226560,-0.113524,-0.083111,0.011549,-0.097692,-0.249693,1.229733,-0.114948,-0.047111,-0.000068,-0.660764,-0.656392,1.218365,-0.013333,-0.010983,0.008061,-0.180734,-0.697029,1.229094,-0.064519,0.041433,0.030436
10.560000,0.337298,-0.697071,1.246036,-0.042574,-0.029833,0.032119,-0.649392,-0.255039,1.226774,-0.113884,-0.082814,0.009854,-0.099994,-0.250622,1.229722,-0.115197,-0.045754,-0.001065,-0.661024,-0.656607,1.218515,-0.012587,-0.010482,0.006975,-0.182017,-0.696180,1.229696,-0.063765,0.043467,0.029756
10.580000,0.336453,-0.697657,1.246665,-0.041947,-0.028789,0.030779,-0.651673,-0.256692,1.226955,-0.114223,-0.082433,0.008204,-0.102299,-0.251522,1.229690,-0.115271,-0.044263,-0.002097,-0.661268,-0.656812,1.218644,-0.011882,-0.010004,0.005911,-0.183284,-0.695290,1.230285,-0.062932,0.045477,0.029099
10.600000,0.335621,-0.698222,1.247267,-0.041254,-0.027706,0.029403,-0.653960,-0.258336,1.227103,-0.114543,-0.081968,0.006600,-0.104603,-0.252392,1.229638,-0.115171,-0.042637,-0.003164,-0.661499,-0.657007,1.218752,-0.011220,-0.009548,0.004871,-0.184534,-0.694361,1.230860,-0.062021,0.047462,0.028464
10.620000,0.334803,-0.698765,1.247841,-0.040489,-0.026586,0.027995,-0.656254,-0.259970,1.227219,-0.114827,-0.081405,0.005057,-0.106904,-0.253227,1.229563,-0.114901,-0.040883,-0.004267,-0.661717,-0.657194,1.218839,-0.010596,-0.009111,0.003852,-0.185764,-0.693392,1.231423,-0.061034,0.049409,0.027844
10.640000,0.334002,-0.699286,1.248387,-0.039652,-0.025432,0.026560,-0.658553,-0.261592,1.227306,-0.115061,-0.080727,0.003588,-0.109198,-0.254026,1.229467,-0.114467,-0.039011,-0.005406,-0.661923,-0.657372,1.218906,-0.010009,-0.008690,0.002853,-0.186975,-0.692385,1.231974,-0.059973,0.051305,0.027228
10.660000,0.333218,-0.699782,1.248904,-0.038742,-0.024244,0.025098,-0.660856,-0.263198,1.227363,-0.115244,-0.079934,0.002193,-0.111482,-0.254787,1.229347,-0.113869,-0.037018,-0.006582,-0.662118,-0.657542,1.218953,-0.009460,-0.008284,0.001875,-0.188163,-0.691340,1.232513,-0.058839,0.053149,0.026618
10.680000,0.332452,-0.700255,1.249391,-0.037759,-0.023022,0.023609,-0.663163,-0.264788,1.227394,-0.115376,-0.079028,0.000874,-0.113752,-0.255506,1.229203,-0.113105,-0.034906,-0.007794,-0.662302,-0.657703,1.218981,-0.008948,-0.007893,0.000918,-0.189328,-0.690259,1.233039,-0.057631,0.054942,0.026013
10.700000,0.331708,-0.700703,1.249848,-0.036702,-0.021766,0.022093,-0.665471,-0.266359,1.227399,-0.115457,-0.078007,-0.000371,-0.116005,-0.256182,1.229035,-0.112177,-0.032674,-0.009043,-0.662476,-0.657857,1.218990,-0.008473,-0.007518,-0.000019,-0.190468,-0.689143,1.233553,-0.056350,0.056684,0.025413
10.720000,0.330985,-0.701126,1.250274,-0.035572,-0.020479,0.020555,-0.667780,-0.267908,1.227379,-0.115474,-0.076873,-0.001548,-0.118238,-0.256812,1.228841,-0.111092,-0.030337,-0.010327,-0.662641,-0.658004,1.218981,-0.008030,-0.007153,-0.000936,-0.191581,-0.687992,1.234055,-0.054998,0.058365,0.024807
10.740000,0.330285,-0.701522,1.250670,-0.034369,-0.019164,0.019001,-0.670089,-0.269433,1.227337,-0.115413,-0.075630,-0.002661,-0.120448,-0.257395,1.228622,-0.109857,-0.027908,-0.011644,-0.662797,-0.658144,1.218953,-0.007617,-0.006793,-0.001836,-0.192667,-0.686809,1.234545,-0.053578,0.059977,0.024182
10.760000,0.329611,-0.701892,1.251034,-0.033091,-0.017821,0.017430,-0.672396,-0.270932,1.227273,-0.115273,-0.074276,-0.003712,-0.122631,-0.257928,1.228375,-0.108473,-0.025388,-0.012995,-0.662946,-0.658276,1.218907,-0.007232,-0.006438,-0.002719,-0.193724,-0.685594,1.235022,-0.052088,0.061518,0.023539
10.780000,0.328962,-0.702235,1.251367,-0.031739,-0.016450,0.015842,-0.674700,-0.272403,1.227189,-0.115056,-0.072812,-0.004699,-0.124786,-0.258410,1.228102,-0.106939,-0.022776,-0.014379,-0.663087,-0.658401,1.218844,-0.006876,-0.006088,-0.003584,-0.194750,-0.684348,1.235487,-0.050531,0.062990,0.022877
10.800000,0.328342,-0.702550,1.251668,-0.030314,-0.015051,0.014238,-0.676998,-0.273844,1.227086,-0.114761,-0.071237,-0.005624,-0.126908,-0.258838,1.227800,-0.105255,-0.020072,-0.015796,-0.663221,-0.658519,1.218764,-0.006548,-0.005744,-0.004431,-0.195745,-0.683074,1.235937,-0.048904,0.064392,0.022197
10.820000,0.327750,-0.702837,1.251936,-0.028816,-0.013628,0.012625,-0.679290,-0.275252,1.226965,-0.114386,-0.069566,-0.006501,-0.128995,-0.259212,1.227470,-0.103433,-0.017300,-0.017243,-0.663349,-0.658631,1.218667,-0.006244,-0.005398,-0.005262,-0.196706,-0.681773,1.236374,-0.047213,0.065718,0.021492
10.840000,0.327189,-0.703095,1.252173,-0.027249,-0.012184,0.011010,-0.681573,-0.276626,1.226826,-0.113928,-0.067812,-0.007343,-0.131044,-0.259530,1.227110,-0.101484,-0.014482,-0.018715,-0.663471,-0.658735,1.218554,-0.005957,-0.005045,-0.006078,-0.197633,-0.680446,1.236797,-0.045459,0.066963,0.020757
10.860000,0.326661,-0.703324,1.252377,-0.025612,-0.010718,0.009393,-0.683846,-0.277964,1.226671,-0.113389,-0.065976,-0.008153,-0.133054,-0.259791,1.226721,-0.099407,-0.011620,-0.020212,-0.663587,-0.658833,1.218424,-0.005687,-0.004683,-0.006878,-0.198524,-0.679095,1.237204,-0.043644,0.068127,0.019991
10.880000,0.326165,-0.703523,1.252548,-0.023905,-0.009231,0.007775,-0.686108,-0.279264,1.226500,-0.112767,-0.064057,-0.008928,-0.135020,-0.259995,1.226301,-0.097203,-0.008712,-0.021734,-0.663698,-0.658923,1.218279,-0.005434,-0.004314,-0.007663,-0.199378,-0.677722,1.237596,-0.041768,0.069210,0.019193
10.900000,0.325705,-0.703693,1.252688,-0.022129,-0.007723,0.006155,-0.688356,-0.280526,1.226314,-0.112063,-0.062056,-0.009670,-0.136941,-0.260139,1.225851,-0.094872,-0.005759,-0.023281,-0.663805,-0.659005,1.218118,-0.005199,-0.003937,-0.008432,-0.200194,-0.676327,1.237972,-0.039829,0.070211,0.018365
10.920000,0.325281,-0.703832,1.252795,-0.020286,-0.006198,0.004547,-0.690590,-0.281746,1.226114,-0.111278,-0.059988,-0.010387,-0.138814,-0.260225,1.225370,-0.092436,-0.002784,-0.024853,-0.663907,-0.659080,1.217942,-0.004974,-0.003544,-0.009186,-0.200971,-0.674914,1.238331,-0.037832,0.071134,0.017505
10.940000,0.324894,-0.703941,1.252870,-0.018382,-0.004662,0.002963,-0.692807,-0.282925,1.225899,-0.110414,-0.057871,-0.011088,-0.140638,-0.260251,1.224857,-0.089920,0.000191,-0.026450,-0.664004,-0.659147,1.217750,-0.004753,-0.003129,-0.009924,-0.201707,-0.673482,1.238672,-0.035778,0.071982,0.016612
10.960000,0.324546,-0.704019,1.252913,-0.016416,-0.003114,0.001403,-0.695006,-0.284061,1.225670,-0.109470,-0.055705,-0.011772,-0.142410,-0.260217,1.224312,-0.087323,0.003167,-0.028072,-0.664097,-0.659205,1.217545,-0.004536,-0.002692,-0.010646,-0.202402,-0.672035,1.238995,-0.033669,0.072754,0.015686
10.980000,0.324238,-0.704065,1.252926,-0.014388,-0.001555,-0.000133,-0.697185,-0.285153,1.225428,-0.108447,-0.053488,-0.012440,-0.144130,-0.260124,1.223734,-0.084646,0.006142,-0.029719,-0.664185,-0.659254,1.217325,-0.004322,-0.002231,-0.011353,-0.203054,-0.670573,1.239299,-0.031504,0.073451,0.014727
11.000000,0.323971,-0.704081,1.252908,-0.012299,0.000016,-0.001645,-0.699343,-0.286200,1.225173,-0.107344,-0.051223,-0.013092,-0.145796,-0.259972,1.223123,-0.081888,0.009117,-0.031390,-0.664270,-0.659294,1.217091,-0.004112,-0.001748,-0.012043,-0.203661,-0.669097,1.239584,-0.029284,0.074073,0.013735
11.020000,0.323746,-0.704065,1.252861,-0.010147,0.001594,-0.003120,-0.701479,-0.287201,1.224904,-0.106168,-0.048923,-0.013728,-0.147405,-0.259760,1.222478,-0.079070,0.012070,-0.033081,-0.664350,-0.659324,1.216843,-0.003897,-0.001234,-0.012716,-0.204225,-0.667610,1.239848,-0.027012,0.074622,0.012717
11.040000,0.323565,-0.704017,1.252784,-0.007936,0.003176,-0.004545,-0.703590,-0.288157,1.224624,-0.104925,-0.046605,-0.014351,-0.148958,-0.259489,1.221800,-0.076214,0.014979,-0.034784,-0.664425,-0.659343,1.216582,-0.003671,-0.000681,-0.013368,-0.204742,-0.666113,1.240092,-0.024696,0.075101,0.011682
11.060000,0.323429,-0.703938,1.252679,-0.005663,0.004761,-0.005921,-0.705675,-0.289066,1.224330,-0.103615,-0.044269,-0.014960,-0.150454,-0.259161,1.221087,-0.073319,0.017845,-0.036499,-0.664496,-0.659351,1.216308,-0.003433,-0.000090,-0.014000,-0.205212,-0.664607,1.240316,-0.022334,0.075510,0.010627
11.080000,0.323339,-0.703826,1.252547,-0.003329,0.006349,-0.007248,-0.707734,-0.289927,1.224025,-0.102238,-0.041915,-0.015555,-0.151891,-0.258776,1.220340,-0.070385,0.020668,-0.038227,-0.664563,-0.659346,1.216022,-0.003183,0.000541,-0.014612,-0.205635,-0.663093,1.240517,-0.019926,0.075848,0.009555
11.100000,0.323296,-0.703684,1.252389,-0.000934,0.007941,-0.008526,-0.709764,-0.290742,1.223708,-0.100794,-0.039543,-0.016137,-0.153269,-0.258334,1.219558,-0.067413,0.023447,-0.039968,-0.664624,-0.659329,1.215724,-0.002920,0.001210,-0.015203,-0.206009,-0.661573,1.240698,-0.017473,0.076116,0.008464
11.120000,0.323302,-0.703509,1.252207,0.001522,0.009531,-0.009741,-0.711765,-0.291509,1.223380,-0.099293,-0.037164,-0.016696,-0.154587,-0.257838,1.218741,-0.064422,0.026173,-0.041713,-0.664679,-0.659298,1.215414,-0.002638,0.001925,-0.015769,-0.206333,-0.660049,1.240856,-0.014982,0.076321,0.007373
11.140000,0.323358,-0.703302,1.252000,0.004041,0.011115,-0.010880,-0.713736,-0.292229,1.223041,-0.097748,-0.034792,-0.017224,-0.155846,-0.257288,1.217889,-0.061431,0.028836,-0.043454,-0.664729,-0.659252,1.215094,-0.002326,0.002696,-0.016304,-0.206608,-0.658521,1.240993,-0.012458,0.076470,0.006301
11.160000,0.323464,-0.703064,1.251772,0.006623,0.012692,-0.011942,-0.715675,-0.292901,1.222691,-0.096156,-0.032425,-0.017721,-0.157044,-0.256685,1.217003,-0.058440,0.031438,-0.045191,-0.664772,-0.659190,1.214762,-0.001986,0.003522,-0.016810,-0.206831,-0.656990,1.241108,-0.009901,0.076562,0.005249
11.180000,0.323623,-0.702795,1.251523,0.009267,0.014263,-0.012928,-0.717582,-0.293526,1.222332,-0.094520,-0.030065,-0.018187,-0.158183,-0.256031,1.216081,-0.055450,0.033977,-0.046924,-0.664808,-0.659110,1.214421,-0.001616,0.004403,-0.017285,-0.207004,-0.655459,1.241203,-0.007312,0.076598,0.004215
11.200000,0.323835,-0.702494,1.251255,0.011973,0.015828,-0.013838,-0.719455,-0.294103,1.221964,-0.092838,-0.027711,-0.018621,-0.159262,-0.255326,1.215126,-0.052460,0.036453,-0.048654,-0.664837,-0.659013,1.214071,-0.001218,0.005338,-0.017729,-0.207124,-0.653927,1.241277,-0.004691,0.076578,0.003200
11.220000,0.324102,-0.702162,1.250970,0.014730,0.017382,-0.014664,-0.721295,-0.294634,1.221587,-0.091129,-0.025373,-0.019017,-0.160282,-0.254573,1.214135,-0.049493,0.038862,-0.050372,-0.664857,-0.658896,1.213712,-0.000792,0.006329,-0.018137,-0.207191,-0.652396,1.241331,-0.002049,0.076512,0.002216
11.240000,0.324425,-0.701799,1.250669,0.017525,0.018920,-0.015399,-0.723100,-0.295119,1.221204,-0.089413,-0.023064,-0.019367,-0.161242,-0.253772,1.213111,-0.046573,0.041198,-0.052070,-0.664868,-0.658760,1.213346,-0.000340,0.007376,-0.018500,-0.207206,-0.650867,1.241366,0.000599,0.076411,0.001274
11.260000,0.324803,-0.701405,1.250355,0.020358,0.020443,-0.016042,-0.724871,-0.295557,1.220813,-0.087690,-0.020782,-0.019672,-0.162145,-0.252926,1.212053,-0.043699,0.043461,-0.053748,-0.664870,-0.658601,1.212973,0.000139,0.008479,-0.018818,-0.207167,-0.649340,1.241382,0.003256,0.076273,0.000375
11.280000,0.325239,-0.700981,1.250028,0.023229,0.021950,-0.016594,-0.726608,-0.295950,1.220417,-0.085959,-0.018528,-0.019931,-0.162991,-0.252034,1.210961,-0.040872,0.045651,-0.055407,-0.664862,-0.658420,1.212594,0.000644,0.009638,-0.019093,-0.207075,-0.647816,1.241381,0.005920,0.076100,-0.000482
11.300000,0.325733,-0.700527,1.249692,0.026137,0.023442,-0.017055,-0.728310,-0.296298,1.220016,-0.084220,-0.016302,-0.020144,-0.163780,-0.251100,1.209837,-0.038091,0.047768,-0.057046,-0.664844,-0.658215,1.212209,0.001176,0.010852,-0.019323,-0.206930,-0.646296,1.241363,0.008592,0.075891,-0.001296
11.320000,0.326285,-0.700043,1.249347,0.029063,0.024913,-0.017424,-0.729977,-0.296602,1.219612,-0.082494,-0.014111,-0.020307,-0.164515,-0.250124,1.208680,-0.035377,0.049810,-0.058657,-0.664815,-0.657986,1.211821,0.001729,0.012115,-0.019501,-0.206732,-0.644780,1.241329,0.011257,0.075657,-0.002065
11.340000,0.326895,-0.699531,1.248995,0.031984,0.026359,-0.017700,-0.731610,-0.296863,1.219204,-0.080799,-0.011961,-0.020413,-0.165196,-0.249108,1.207491,-0.032753,0.051779,-0.060231,-0.664775,-0.657730,1.211430,0.002297,0.013419,-0.019620,-0.206480,-0.643270,1.241281,0.013902,0.075407,-0.002783
11.360000,0.327564,-0.698989,1.248639,0.034900,0.027780,-0.017882,-0.733209,-0.297081,1.218795,-0.079136,-0.009853,-0.020462,-0.165825,-0.248054,1.206271,-0.030218,0.053672,-0.061768,-0.664723,-0.657449,1.211037,0.002880,0.014763,-0.019680,-0.206176,-0.641764,1.241219,0.016525,0.075143,-0.003450
11.380000,0.328291,-0.698420,1.248281,0.037813,0.029175,-0.017971,-0.734775,-0.297257,1.218386,-0.077505,-0.007785,-0.020454,-0.166405,-0.246962,1.205020,-0.027772,0.055491,-0.063269,-0.664660,-0.657140,1.210643,0.003478,0.016148,-0.019681,-0.205819,-0.640264,1.241143,0.019128,0.074863,-0.004068
11.400000,0.329077,-0.697822,1.247921,0.040721,0.030545,-0.017968,-0.736309,-0.297393,1.217978,-0.075905,-0.005759,-0.020389,-0.166937,-0.245834,1.203740,-0.025415,0.057235,-0.064734,-0.664584,-0.656802,1.210250,0.004091,0.017575,-0.019622,-0.205411,-0.638770,1.241056,0.021710,0.074569,-0.004636
11.420000,0.329920,-0.697198,1.247563,0.043600,0.031885,-0.017885,-0.737812,-0.297488,1.217571,-0.074352,-0.003786,-0.020267,-0.167422,-0.244673,1.202431,-0.023158,0.058900,-0.066150,-0.664496,-0.656436,1.209858,0.004709,0.019032,-0.019511,-0.204951,-0.637281,1.240958,0.024261,0.074272,-0.005149
11.440000,0.330820,-0.696547,1.247206,0.046427,0.033190,-0.017738,-0.739284,-0.297545,1.217167,-0.072861,-0.001878,-0.020086,-0.167864,-0.243479,1.201094,-0.021013,0.060482,-0.067509,-0.664396,-0.656041,1.209470,0.005319,0.020510,-0.019353,-0.204441,-0.635799,1.240851,0.026770,0.073986,-0.005605
11.460000,0.331777,-0.695871,1.246853,0.049202,0.034461,-0.017527,-0.740727,-0.297564,1.216768,-0.071433,-0.000033,-0.019845,-0.168264,-0.242254,1.199731,-0.018978,0.061979,-0.068810,-0.664283,-0.655616,1.209085,0.005922,0.022010,-0.019148,-0.203881,-0.634322,1.240734,0.029237,0.073711,-0.006002
11.480000,0.332788,-0.695169,1.246506,0.051925,0.035696,-0.017252,-0.742142,-0.297546,1.216374,-0.070066,0.001747,-0.019546,-0.168624,-0.241000,1.198342,-0.017055,0.063394,-0.070053,-0.664159,-0.655160,1.208704,0.006517,0.023532,-0.018897,-0.203271,-0.632850,1.240611,0.031662,0.073446,-0.006341
11.500000,0.333853,-0.694443,1.246164,0.054595,0.036896,-0.016912,-0.743530,-0.297494,1.215986,-0.068761,0.003463,-0.019188,-0.168947,-0.239719,1.196929,-0.015243,0.064725,-0.071238,-0.664023,-0.654674,1.208329,0.007106,0.025074,-0.018600,-0.202614,-0.631384,1.240481,0.034045,0.073192,-0.006622
11.520000,0.334971,-0.693693,1.245829,0.057199,0.038059,-0.016518,-0.744893,-0.297408,1.215607,-0.067520,0.005117,-0.018763,-0.169234,-0.238412,1.195493,-0.013541,0.065971,-0.072355,-0.663875,-0.654157,1.207960,0.007690,0.026619,-0.018272,-0.201910,-0.629923,1.240346,0.036377,0.072953,-0.006855
11.540000,0.336141,-0.692921,1.245503,0.059725,0.039180,-0.016081,-0.746231,-0.297290,1.215236,-0.066344,0.006711,-0.018263,-0.169489,-0.237081,1.194036,-0.011949,0.067132,-0.073393,-0.663715,-0.653610,1.207598,0.008273,0.028146,-0.017928,-0.201160,-0.628466,1.240207,0.038651,0.072731,-0.007052
11.560000,0.337360,-0.692126,1.245186,0.062172,0.040261,-0.015602,-0.747547,-0.297140,1.214877,-0.065233,0.008244,-0.017688,-0.169713,-0.235727,1.192558,-0.010466,0.068207,-0.074353,-0.663544,-0.653032,1.207243,0.008856,0.029655,-0.017567,-0.200364,-0.627013,1.240064,0.040867,0.072527,-0.007212
11.580000,0.338627,-0.691311,1.244880,0.064541,0.041300,-0.015079,-0.748841,-0.296961,1.214529,-0.064188,0.009718,-0.017038,-0.169908,-0.234353,1.191062,-0.009093,0.069197,-0.075234,-0.663361,-0.652424,1.206896,0.009438,0.031147,-0.017191,-0.199525,-0.625565,1.239919,0.043024,0.072341,-0.007335
11.600000,0.339941,-0.690475,1.244584,0.066831,0.042298,-0.014513,-0.750115,-0.296752,1.214196,-0.063208,0.011132,-0.016313,-0.170077,-0.232960,1.189549,-0.007830,0.070101,-0.076036,-0.663166,-0.651786,1.206556,0.010020,0.032622,-0.016799,-0.198644,-0.624119,1.239771,0.045122,0.072173,-0.007421
11.620000,0.341300,-0.689619,1.244299,0.069043,0.043258,-0.013908,-0.751370,-0.296516,1.213877,-0.062286,0.012482,-0.015525,-0.170222,-0.231550,1.188021,-0.006667,0.070923,-0.076753,-0.662960,-0.651119,1.206224,0.010600,0.034068,-0.016399,-0.197721,-0.622678,1.239622,0.047159,0.072025,-0.007479
11.640000,0.342702,-0.688745,1.244027,0.071176,0.044180,-0.013269,-0.752606,-0.296253,1.213575,-0.061415,0.013766,-0.014685,-0.170345,-0.230124,1.186480,-0.005596,0.071666,-0.077377,-0.662742,-0.650423,1.205900,0.011179,0.035474,-0.016000,-0.196758,-0.621238,1.239472,0.049130,0.071899,-0.007514
11.660000,0.344146,-0.687852,1.243769,0.073231,0.045067,-0.012596,-0.753826,-0.295965,1.213290,-0.060595,0.014984,-0.013792,-0.170447,-0.228683,1.184927,-0.004617,0.072330,-0.077908,-0.662513,-0.649700,1.205584,0.011758,0.036840,-0.015601,-0.195756,-0.619801,1.239322,0.051036,0.071795,-0.007527
11.680000,0.345631,-0.686942,1.243524,0.075208,0.045917,-0.011887,-0.755031,-0.295654,1.213024,-0.059825,0.016135,-0.012847,-0.170530,-0.227231,1.183364,-0.003729,0.072914,-0.078347,-0.662272,-0.648950,1.205276,0.012335,0.038166,-0.015203,-0.194717,-0.618366,1.239171,0.052877,0.071712,-0.007519
11.700000,0.347154,-0.686016,1.243294,0.077106,0.046730,-0.011144,-0.756220,-0.295321,1.212777,-0.059106,0.017220,-0.011850,-0.170596,-0.225767,1.181793,-0.002934,0.073419,-0.078692,-0.662020,-0.648174,1.204976,0.012911,0.039453,-0.014805,-0.193641,-0.616933,1.239021,0.054652,0.071652,-0.007489
11.720000,0.348715,-0.685073,1.243078,0.078932,0.047511,-0.010372,-0.757395,-0.294966,1.212550,-0.058424,0.018235,-0.010826,-0.170648,-0.224295,1.180217,-0.002214,0.073849,-0.078937,-0.661756,-0.647372,1.204683,0.013485,0.040699,-0.014412,-0.192531,-0.615500,1.238872,0.056362,0.071614,-0.007439
11.740000,0.350311,-0.684115,1.242879,0.080691,0.048265,-0.009577,-0.758557,-0.294592,1.212344,-0.057767,0.019179,-0.009800,-0.170685,-0.222814,1.178637,-0.001555,0.074209,-0.079073,-0.661480,-0.646546,1.204399,0.014058,0.041904,-0.014029,-0.191387,-0.614068,1.238724,0.058008,0.071601,-0.007371
11.760000,0.351942,-0.683143,1.242695,0.082383,0.048992,-0.008758,-0.759706,-0.294199,1.212158,-0.057134,0.020051,-0.008773,-0.170710,-0.221327,1.177055,-0.000956,0.074500,-0.079101,-0.661193,-0.645696,1.204122,0.014628,0.043068,-0.013656,-0.190211,-0.612636,1.238577,0.059589,0.071612,-0.007286
11.780000,0.353606,-0.682156,1.242529,0.084008,0.049692,-0.007916,-0.760842,-0.293790,1.211993,-0.056525,0.020851,-0.007744,-0.170724,-0.219834,1.175473,-0.000418,0.074720,-0.079020,-0.660895,-0.644824,1.203853,0.015195,0.044191,-0.013292,-0.189004,-0.611203,1.238433,0.061105,0.071648,-0.007182
11.800000,0.355302,-0.681155,1.242379,0.085566,0.050364,-0.007050,-0.761967,-0.293366,1.211848,-0.055940,0.021579,-0.006713,-0.170727,-0.218338,1.173895,0.000060,0.074871,-0.078830,-0.660585,-0.643929,1.203590,0.015761,0.045274,-0.012938,-0.187768,-0.609770,1.238290,0.062556,0.071707,-0.007061
11.820000,0.357028,-0.680142,1.242247,0.087068,0.051017,-0.006169,-0.763080,-0.292927,1.211724,-0.055370,0.022237,-0.005696,-0.170722,-0.216840,1.172321,0.000494,0.074961,-0.078533,-0.660265,-0.643013,1.203335,0.016322,0.046314,-0.012599,-0.186502,-0.608335,1.238150,0.063946,0.071792,-0.006927
11.840000,0.358784,-0.679115,1.242132,0.088525,0.051656,-0.005279,-0.764182,-0.292477,1.211620,-0.054803,0.022825,-0.004710,-0.170708,-0.215340,1.170754,0.000900,0.074997,-0.078128,-0.659933,-0.642077,1.203086,0.016878,0.047309,-0.012281,-0.185210,-0.606898,1.238013,0.065277,0.071903,-0.006786
11.860000,0.360569,-0.678075,1.242036,0.089935,0.052282,-0.004381,-0.765272,-0.292015,1.211536,-0.054241,0.023345,-0.003753,-0.170686,-0.213840,1.169197,0.001278,0.074979,-0.077616,-0.659590,-0.641121,1.202844,0.017428,0.048260,-0.011983,-0.183892,-0.605459,1.237879,0.066550,0.072041,-0.006637
11.880000,0.362381,-0.677024,1.241957,0.091300,0.052896,-0.003474,-0.766351,-0.291543,1.211470,-0.053682,0.023795,-0.002826,-0.170657,-0.212341,1.167650,0.001627,0.074909,-0.076996,-0.659236,-0.640147,1.202607,0.017971,0.049167,-0.011705,-0.182549,-0.604016,1.237748,0.067764,0.072205,-0.006481
11.900000,0.364221,-0.675960,1.241897,0.092619,0.053496,-0.002559,-0.767420,-0.291063,1.211422,-0.053126,0.024177,-0.001929,-0.170621,-0.210844,1.166117,0.001949,0.074785,-0.076270,-0.658871,-0.639155,1.202375,0.018509,0.050029,-0.011448,-0.181182,-0.602570,1.237620,0.068920,0.072395,-0.006317
11.920000,0.366086,-0.674884,1.241855,0.093906,0.054094,-0.001646,-0.768477,-0.290577,1.211392,-0.052569,0.024497,-0.001072,-0.170579,-0.209350,1.164600,0.002253,0.074619,-0.075446,-0.658495,-0.638146,1.202149,0.019043,0.050855,-0.011212,-0.179792,-0.601120,1.237495,0.070021,0.072608,-0.006153
11.940000,0.367977,-0.673796,1.241831,0.095177,0.054697,-0.000743,-0.769522,-0.290084,1.211379,-0.052003,0.024766,-0.000264,-0.170531,-0.207860,1.163100,0.002550,0.074424,-0.074536,-0.658109,-0.637121,1.201927,0.019575,0.051650,-0.010997,-0.178381,-0.599666,1.237373,0.071070,0.072840,-0.005995
11.960000,0.369893,-0.672696,1.241825,0.096431,0.055307,0.000148,-0.770557,-0.289586,1.211382,-0.051427,0.024982,0.000493,-0.170477,-0.206374,1.161619,0.002840,0.074200,-0.073539,-0.657712,-0.636080,1.201709,0.020105,0.052417,-0.010803,-0.176950,-0.598207,1.237255,0.072069,0.073092,-0.005843
11.980000,0.371834,-0.671584,1.241837,0.097668,0.055923,0.001029,-0.771579,-0.289085,1.211399,-0.050844,0.025146,0.001201,-0.170418,-0.204892,1.160159,0.003123,0.073946,-0.072455,-0.657305,-0.635024,1.201495,0.020633,0.053153,-0.010630,-0.175499,-0.596742,1.237140,0.073017,0.073362,-0.005697
12.000000,0.373799,-0.670459,1.241866,0.098889,0.056546,0.001898,-0.772590,-0.288581,1.211429,-0.050251,0.025258,0.001858,-0.170352,-0.203416,1.158722,0.003398,0.073662,-0.071284,-0.656887,-0.633954,1.201283,0.021160,0.053860,-0.010478,-0.174029,-0.595272,1.237027,0.073914,0.073652,-0.005557
12.020000,0.375789,-0.669322,1.241913,0.100116,0.057188,0.002752,-0.773589,-0.288075,1.211473,-0.049650,0.025327,0.002464,-0.170282,-0.201946,1.157308,0.003670,0.073363,-0.070047,-0.656458,-0.632870,1.201075,0.021685,0.054543,-0.010349,-0.172542,-0.593796,1.236917,0.074764,0.073960,-0.005426
12.040000,0.377804,-0.668171,1.241976,0.101373,0.057866,0.003585,-0.774576,-0.287568,1.211527,-0.049043,0.025361,0.003014,-0.170206,-0.200481,1.155920,0.003939,0.073061,-0.068762,-0.656020,-0.631772,1.200869,0.022211,0.055209,-0.010242,-0.171039,-0.592313,1.236810,0.075573,0.074285,-0.005306
12.060000,0.379845,-0.667007,1.242056,0.102661,0.058579,0.004398,-0.775551,-0.287061,1.211593,-0.048428,0.025362,0.003509,-0.170124,-0.199023,1.154558,0.004206,0.072758,-0.067432,-0.655570,-0.630662,1.200665,0.022736,0.055857,-0.010159,-0.169520,-0.590824,1.236705,0.076341,0.074627,-0.005197
12.080000,0.381911,-0.665828,1.242152,0.103979,0.059327,0.005190,-0.776513,-0.286554,1.211667,-0.047806,0.025328,0.003950,-0.170037,-0.197571,1.153223,0.004471,0.072452,-0.066055,-0.655110,-0.629538,1.200463,0.023261,0.056487,-0.010100,-0.167986,-0.589328,1.236602,0.077067,0.074987,-0.005098
12.100000,0.384004,-0.664633,1.242263,0.105327,0.060109,0.005962,-0.777463,-0.286048,1.211750,-0.047177,0.025261,0.004335,-0.169945,-0.196125,1.151916,0.004734,0.072145,-0.064631,-0.654640,-0.628402,1.200261,0.023786,0.057100,-0.010064,-0.166437,-0.587825,1.236501,0.077751,0.075364,-0.005011
12.120000,0.386124,-0.663423,1.242390,0.106708,0.060930,0.006708,-0.778400,-0.285543,1.211840,-0.046551,0.025169,0.004670,-0.169848,-0.194685,1.150638,0.004998,0.071851,-0.063188,-0.654159,-0.627254,1.200060,0.024315,0.057708,-0.010046,-0.164876,-0.586314,1.236402,0.078397,0.075754,-0.004939
12.140000,0.388273,-0.662196,1.242531,0.108127,0.061790,0.007422,-0.779325,-0.285041,1.211937,-0.045936,0.025063,0.004957,-0.169745,-0.193251,1.149389,0.005268,0.071588,-0.061752,-0.653667,-0.626094,1.199859,0.024854,0.058327,-0.010043,-0.163302,-0.584794,1.236303,0.079009,0.076152,-0.004885
12.160000,0.390450,-0.660951,1.242687,0.109582,0.062691,0.008105,-0.780238,-0.284541,1.212038,-0.045332,0.024943,0.005196,-0.169637,-0.191822,1.148168,0.005543,0.071354,-0.060323,-0.653164,-0.624921,1.199658,0.025401,0.058955,-0.010053,-0.161716,-0.583267,1.236206,0.079585,0.076559,-0.004850
12.180000,0.392656,-0.659688,1.242855,0.111073,0.063632,0.008757,-0.781139,-0.284043,1.212144,-0.044741,0.024809,0.005388,-0.169524,-0.190397,1.146976,0.005824,0.071151,-0.058901,-0.652651,-0.623736,1.199457,0.025958,0.059593,-0.010077,-0.160119,-0.581732,1.236109,0.080127,0.076974,-0.004834
12.200000,0.394893,-0.658406,1.243037,0.112601,0.064613,0.009377,-0.782028,-0.283549,1.212254,-0.044161,0.024661,0.005532,-0.169404,-0.188975,1.145812,0.006110,0.070977,-0.057486,-0.652126,-0.622537,1.199255,0.026524,0.060240,-0.010114,-0.158511,-0.580188,1.236013,0.080634,0.077398,-0.004836
12.220000,0.397160,-0.657103,1.243230,0.114147,0.065625,0.009958,-0.782905,-0.283057,1.212365,-0.043611,0.024510,0.005639,-0.169279,-0.187557,1.144676,0.006399,0.070852,-0.056108,-0.651590,-0.621326,1.199052,0.027102,0.060911,-0.010162,-0.156893,-0.578636,1.235916,0.081109,0.077828,-0.004857
12.240000,0.399459,-0.655781,1.243435,0.115692,0.066657,0.010494,-0.783772,-0.282568,1.212479,-0.043112,0.024367,0.005716,-0.169148,-0.186141,1.143567,0.006692,0.070792,-0.054798,-0.651042,-0.620101,1.198849,0.027698,0.061619,-0.010214,-0.155267,-0.577075,1.235818,0.081555,0.078262,-0.004895
12.260000,0.401788,-0.654437,1.243650,0.117237,0.067711,0.010984,-0.784630,-0.282082,1.212594,-0.042661,0.024232,0.005764,-0.169011,-0.184725,1.142484,0.006988,0.070798,-0.053556,-0.650482,-0.618861,1.198644,0.028311,0.062364,-0.010271,-0.153631,-0.575506,1.235720,0.081973,0.078701,-0.004952
12.280000,0.404148,-0.653072,1.243874,0.118781,0.068785,0.011429,-0.785479,-0.281599,1.212709,-0.042261,0.024106,0.005784,-0.168869,-0.183308,1.141424,0.007287,0.070869,-0.052381,-0.649909,-0.617606,1.198438,0.028941,0.063145,-0.010333,-0.151988,-0.573927,1.235620,0.082363,0.079144,-0.005027
12.300000,0.406539,-0.651685,1.244106,0.120325,0.069879,0.011829,-0.786321,-0.281118,1.212825,-0.041910,0.023989,0.005774,-0.168720,-0.181890,1.140388,0.007589,0.071006,-0.051274,-0.649324,-0.616335,1.198231,0.029588,0.063964,-0.010400,-0.150337,-0.572340,1.235519,0.082724,0.079591,-0.005120
12.320000,0.408961,-0.650277,1.244347,0.121854,0.070987,0.012178,-0.787156,-0.280639,1.212940,-0.041619,0.023886,0.005744,-0.168565,-0.180468,1.139373,0.007889,0.071224,-0.050268,-0.648726,-0.615047,1.198022,0.030251,0.064820,-0.010465,-0.148679,-0.570744,1.235415,0.083058,0.080037,-0.005225
12.340000,0.411413,-0.648846,1.244593,0.123355,0.072101,0.012473,-0.787986,-0.280162,1.213055,-0.041398,0.023804,0.005702,-0.168404,-0.179040,1.138376,0.008185,0.071537,-0.049394,-0.648114,-0.613742,1.197812,0.030927,0.065716,-0.010523,-0.147015,-0.569138,1.235309,0.083367,0.080480,-0.005334
12.360000,0.413895,-0.647393,1.244845,0.124829,0.073222,0.012714,-0.788812,-0.279687,1.213168,-0.041248,0.023743,0.005647,-0.168238,-0.177606,1.137396,0.008476,0.071946,-0.048653,-0.647488,-0.612418,1.197601,0.031618,0.066651,-0.010572,-0.145345,-0.567524,1.235202,0.083651,0.080917,-0.005449
12.380000,0.416406,-0.645917,1.245101,0.126275,0.074348,0.012901,-0.789636,-0.279213,1.213280,-0.041168,0.023704,0.005579,-0.168065,-0.176162,1.136429,0.008763,0.072451,-0.048044,-0.646849,-0.611075,1.197389,0.032322,0.067625,-0.010614,-0.143669,-0.565902,1.235091,0.083911,0.081351,-0.005569
12.400000,0.418946,-0.644419,1.245361,0.127694,0.075480,0.013034,-0.790460,-0.278739,1.213391,-0.041158,0.023685,0.005498,-0.167887,-0.174707,1.135473,0.009044,0.073051,-0.047568,-0.646195,-0.609713,1.197177,0.033040,0.068638,-0.010647,-0.141988,-0.564270,1.234979,0.084145,0.081780,-0.005694
12.420000,0.421514,-0.642898,1.245622,0.129076,0.076613,0.013111,-0.791283,-0.278265,1.213500,-0.041221,0.023690,0.005412,-0.167704,-0.173239,1.134526,0.009315,0.073757,-0.047244,-0.645527,-0.608330,1.196963,0.033764,0.069679,-0.010664,-0.140303,-0.562631,1.234864,0.084356,0.082201,-0.005825
12.440000,0.424109,-0.641354,1.245885,0.130412,0.077743,0.013129,-0.792109,-0.277791,1.213608,-0.041358,0.023718,0.005328,-0.167515,-0.171756,1.133582,0.009568,0.074582,-0.047089,-0.644845,-0.606926,1.196750,0.034486,0.070735,-0.010656,-0.138614,-0.560982,1.234746,0.084544,0.082612,-0.005965
12.460000,0.426730,-0.639788,1.246147,0.131703,0.078868,0.013089,-0.792938,-0.277316,1.213713,-0.041570,0.023771,0.005245,-0.167321,-0.170255,1.132641,0.009804,0.075523,-0.047103,-0.644148,-0.605500,1.196537,0.035206,0.071806,-0.010622,-0.136922,-0.559326,1.234625,0.084708,0.083013,-0.006114
12.480000,0.429376,-0.638199,1.246408,0.132948,0.079990,0.012991,-0.793772,-0.276840,1.213818,-0.041856,0.023849,0.005163,-0.167123,-0.168734,1.131697,0.010023,0.076583,-0.047288,-0.643437,-0.604053,1.196325,0.035925,0.072892,-0.010564,-0.135226,-0.557662,1.234501,0.084850,0.083404,-0.006271
12.500000,0.432047,-0.636588,1.246666,0.134147,0.081108,0.012835,-0.794613,-0.276362,1.213920,-0.042217,0.023951,0.005083,-0.166920,-0.167191,1.130748,0.010224,0.077760,-0.047641,-0.642711,-0.602584,1.196115,0.036642,0.073993,-0.010480,-0.133528,-0.555990,1.234374,0.084968,0.083784,-0.006436
12.520000,0.434742,-0.634955,1.246921,0.135297,0.082219,0.012620,-0.795461,-0.275882,1.214021,-0.042646,0.024074,0.005011,-0.166714,-0.165623,1.129790,0.010404,0.079057,-0.048168,-0.641971,-0.601094,1.195906,0.037350,0.075099,-0.010370,-0.131828,-0.554311,1.234244,0.085064,0.084148,-0.006606
12.540000,0.437459,-0.633300,1.247171,0.136391,0.083320,0.012346,-0.796319,-0.275399,1.214121,-0.043137,0.024215,0.004951,-0.166504,-0.164028,1.128820,0.010558,0.080477,-0.048873,-0.641217,-0.599581,1.195700,0.038043,0.076200,-0.010232,-0.130126,-0.552624,1.234110,0.085137,0.084493,-0.006775
12.560000,0.440197,-0.631622,1.247415,0.137429,0.084412,0.012014,-0.797187,-0.274913,1.214219,-0.043690,0.024375,0.004906,-0.166292,-0.162403,1.127834,0.010685,0.082020,-0.049755,-0.640449,-0.598046,1.195497,0.038722,0.077296,-0.010067,-0.128422,-0.550931,1.233973,0.085188,0.084818,-0.006944
12.580000,0.442956,-0.629923,1.247651,0.138413,0.085494,0.011623,-0.798067,-0.274424,1.214317,-0.044306,0.024552,0.004873,-0.166077,-0.160746,1.126829,0.010786,0.083685,-0.050815,-0.639668,-0.596489,1.195298,0.039387,0.078387,-0.009875,-0.126718,-0.549232,1.233832,0.085217,0.085123,-0.007113
12.600000,0.445733,-0.628203,1.247879,0.139341,0.086567,0.011173,-0.798960,-0.273931,1.214414,-0.044983,0.024748,0.004854,-0.165861,-0.159055,1.125801,0.010862,0.085474,-0.052052,-0.638874,-0.594910,1.195102,0.040036,0.079473,-0.009655,-0.125014,-0.547526,1.233688,0.085224,0.085408,-0.007282
12.620000,0.448529,-0.626461,1.248098,0.140213,0.087629,0.010666,-0.799867,-0.273434,1.214511,-0.045708,0.024954,0.004853,-0.165643,-0.157326,1.124746,0.010913,0.087380,-0.053457,-0.638067,-0.593310,1.194912,0.040664,0.080545,-0.009400,-0.123309,-0.545815,1.233541,0.085210,0.085671,-0.007449
12.640000,0.451341,-0.624698,1.248305,0.141026,0.088679,0.010104,-0.800788,-0.272933,1.214608,-0.046465,0.025162,0.004876,-0.165424,-0.155559,1.123661,0.010941,0.089398,-0.055017,-0.637248,-0.591688,1.194727,0.041263,0.081597,-0.009100,-0.121605,-0.544100,1.233390,0.085177,0.085912,-0.007613
12.660000,0.454170,-0.622914,1.248501,0.141783,0.089718,0.009486,-0.801725,-0.272427,1.214706,-0.047254,0.025372,0.004922,-0.165205,-0.153750,1.122544,0.010948,0.091529,-0.056734,-0.636417,-0.590046,1.194548,0.041832,0.082629,-0.008757,-0.119902,-0.542379,1.233236,0.085124,0.086130,-0.007773
12.680000,0.457012,-0.621109,1.248684,0.142481,0.090745,0.008812,-0.802679,-0.271918,1.214805,-0.048076,0.025584,0.004992,-0.164986,-0.151897,1.121391,0.010931,0.093773,-0.058607,-0.635575,-0.588383,1.194377,0.042373,0.083639,-0.008369,-0.118201,-0.540655,1.233079,0.085052,0.086324,-0.007931
12.700000,0.459868,-0.619284,1.248853,0.143121,0.091760,0.008083,-0.803649,-0.271404,1.214906,-0.048929,0.025798,0.005084,-0.164768,-0.149998,1.120199,0.010893,0.096129,-0.060637,-0.634722,-0.586701,1.194214,0.042885,0.084629,-0.007937,-0.116501,-0.538926,1.232919,0.084960,0.086496,-0.008085
12.720000,0.462737,-0.617439,1.249007,0.143706,0.092764,0.007302,-0.804636,-0.270886,1.215009,-0.049791,0.026002,0.005205,-0.164551,-0.148051,1.118964,0.010829,0.098586,-0.062812,-0.633859,-0.584998,1.194060,0.043363,0.085593,-0.007460,-0.114802,-0.537195,1.232756,0.084850,0.086643,-0.008229
12.740000,0.465616,-0.615573,1.249145,0.144236,0.093757,0.006473,-0.805640,-0.270364,1.215115,-0.050637,0.026181,0.005356,-0.164335,-0.146054,1.117685,0.010736,0.101131,-0.065123,-0.632988,-0.583277,1.193916,0.043801,0.086526,-0.006938,-0.113107,-0.535461,1.232590,0.084721,0.086761,-0.008354
12.760000,0.468506,-0.613689,1.249266,0.144712,0.094738,0.005596,-0.806661,-0.269839,1.215223,-0.051466,0.026337,0.005539,-0.164122,-0.144005,1.116359,0.010614,0.103764,-0.067568,-0.632108,-0.581538,1.193782,0.044200,0.087427,-0.006371,-0.111414,-0.533725,1.232422,0.084574,0.086850,-0.008461
12.780000,0.471404,-0.611784,1.249369,0.145134,0.095709,0.004670,-0.807699,-0.269311,1.215336,-0.052279,0.026469,0.005753,-0.163911,-0.141903,1.114982,0.010464,0.106485,-0.070149,-0.631220,-0.579780,1.193661,0.044560,0.088297,-0.005759,-0.109724,-0.531987,1.232252,0.084408,0.086912,-0.008550
12.800000,0.474311,-0.609860,1.249452,0.145502,0.096668,0.003696,-0.808752,-0.268780,1.215454,-0.053075,0.026576,0.005998,-0.163703,-0.139745,1.113552,0.010285,0.109294,-0.072866,-0.630326,-0.578006,1.193552,0.044880,0.089136,-0.005102,-0.108037,-0.530248,1.232080,0.084224,0.086945,-0.008620
12.820000,0.477224,-0.607917,1.249516,0.145820,0.097616,0.002680,-0.809822,-0.268248,1.215576,-0.053838,0.026655,0.006269,-0.163500,-0.137531,1.112066,0.010081,0.112169,-0.075688,-0.629425,-0.576215,1.193457,0.045161,0.089934,-0.004411,-0.106355,-0.528509,1.231907,0.084023,0.086952,-0.008667
12.840000,0.480143,-0.605956,1.249559,0.146093,0.098555,0.001628,-0.810906,-0.267714,1.215705,-0.054549,0.026699,0.006560,-0.163300,-0.135258,1.110524,0.009858,0.115087,-0.078588,-0.628519,-0.574409,1.193376,0.045401,0.090680,-0.003696,-0.104677,-0.526770,1.231734,0.083808,0.086933,-0.008686
12.860000,0.483068,-0.603975,1.249581,0.146321,0.099484,0.000541,-0.812003,-0.267180,1.215839,-0.055209,0.026708,0.006870,-0.163105,-0.132927,1.108922,0.009614,0.118047,-0.081565,-0.627609,-0.572588,1.193310,0.045601,0.091374,-0.002958,-0.103003,-0.525032,1.231560,0.083578,0.086889,-0.008677
12.880000,0.485996,-0.601976,1.249581,0.146503,0.100403,-0.000581,-0.813114,-0.266646,1.215980,-0.055816,0.026683,0.007199,-0.162916,-0.130536,1.107260,0.009349,0.121051,-0.084620,-0.626696,-0.570754,1.193258,0.045761,0.092016,-0.002196,-0.101334,-0.523295,1.231387,0.083334,0.086820,-0.008640
12.900000,0.488927,-0.599959,1.249558,0.146640,0.101312,-0.001740,-0.814235,-0.266113,1.216127,-0.056373,0.026624,0.007548,-0.162732,-0.128085,1.105537,0.009065,0.124097,-0.087752,-0.625779,-0.568908,1.193222,0.045880,0.092607,-0.001411,-0.099670,-0.521560,1.231214,0.083075,0.086726,-0.008575
12.920000,0.491861,-0.597924,1.249511,0.146738,0.102211,-0.002923,-0.815368,-0.265581,1.216282,-0.056867,0.026531,0.007907,-0.162553,-0.125572,1.103750,0.008763,0.127158,-0.090931,-0.624861,-0.567050,1.193202,0.045965,0.093146,-0.000618,-0.098011,-0.519826,1.231044,0.082806,0.086610,-0.008484
12.940000,0.494797,-0.595871,1.249441,0.146804,0.103100,-0.004122,-0.816510,-0.265052,1.216443,-0.057289,0.026406,0.008264,-0.162381,-0.122998,1.101900,0.008447,0.130204,-0.094125,-0.623941,-0.565183,1.193197,0.046023,0.093636,0.000170,-0.096357,-0.518095,1.230875,0.082529,0.086477,-0.008372
12.960000,0.497733,-0.593800,1.249346,0.146838,0.103980,-0.005336,-0.817659,-0.264525,1.216612,-0.057638,0.026248,0.008621,-0.162215,-0.120364,1.099985,0.008116,0.133236,-0.097334,-0.623020,-0.563305,1.193208,0.046052,0.094075,0.000952,-0.094710,-0.516367,1.230709,0.082245,0.086326,-0.008239
12.980000,0.500670,-0.591712,1.249227,0.146839,0.104849,-0.006566,-0.818815,-0.264002,1.216788,-0.057915,0.026058,0.008977,-0.162057,-0.117669,1.098006,0.007771,0.136253,-0.100559,-0.622099,-0.561420,1.193235,0.046054,0.094465,0.001728,-0.093068,-0.514642,1.230546,0.081954,0.086158,-0.008084
13.000000,0.503607,-0.589606,1.249083,0.146809,0.105709,-0.007811,-0.819975,-0.263483,1.216971,-0.058120,0.025837,0.009333,-0.161905,-0.114914,1.095963,0.007412,0.139256,-0.103800,-0.621178,-0.559527,1.193277,0.046027,0.094804,0.002499,-0.091431,-0.512921,1.230386,0.081656,0.085972,-0.007907
13.020000,0.506542,-0.587483,1.248915,0.146753,0.106557,-0.009056,-0.821139,-0.262969,1.217161,-0.058251,0.025586,0.009680,-0.161760,-0.112099,1.093854,0.007032,0.142214,-0.107026,-0.620258,-0.557628,1.193335,0.045979,0.095098,0.003253,-0.089801,-0.511204,1.230230,0.081355,0.085776,-0.007719
13.040000,0.509477,-0.585344,1.248721,0.146682,0.107391,-0.010287,-0.822305,-0.262460,1.217358,-0.058305,0.025310,0.010010,-0.161624,-0.109226,1.091682,0.006625,0.145098,-0.110209,-0.619339,-0.555723,1.193407,0.045914,0.095349,0.003982,-0.088177,-0.509490,1.230077,0.081056,0.085575,-0.007527
13.060000,0.512409,-0.583188,1.248503,0.146594,0.108211,-0.011502,-0.823471,-0.261957,1.217562,-0.058284,0.025010,0.010324,-0.161495,-0.106296,1.089446,0.006191,0.147906,-0.113350,-0.618421,-0.553814,1.193494,0.045833,0.095559,0.004684,-0.086559,-0.507781,1.229929,0.080758,0.085371,-0.007333
13.080000,0.515340,-0.581016,1.248261,0.146489,0.109017,-0.012702,-0.824636,-0.261460,1.217771,-0.058187,0.024684,0.010621,-0.161376,-0.103310,1.087148,0.005730,0.150640,-0.116447,-0.617506,-0.551901,1.193595,0.045736,0.095726,0.005361,-0.084947,-0.506075,1.229784,0.080462,0.085162,-0.007136
13.100000,0.518269,-0.578827,1.247995,0.146368,0.109809,-0.013887,-0.825798,-0.260970,1.217986,-0.058014,0.024334,0.010902,-0.161266,-0.100271,1.084789,0.005241,0.153300,-0.119501,-0.616592,-0.549986,1.193708,0.045623,0.095851,0.006012,-0.083341,-0.504374,1.229643,0.080166,0.084950,-0.006936
13.120000,0.521195,-0.576623,1.247706,0.146239,0.110582,-0.015036,-0.826956,-0.260487,1.218207,-0.057772,0.023965,0.011162,-0.161167,-0.097179,1.082369,0.004727,0.155864,-0.122485,-0.615681,-0.548068,1.193835,0.045500,0.095944,0.006630,-0.081740,-0.502677,1.229506,0.079877,0.084739,-0.006736
13.140000,0.524118,-0.574404,1.247394,0.146112,0.111330,-0.016126,-0.828108,-0.260011,1.218433,-0.057468,0.023584,0.011396,-0.161078,-0.094037,1.079890,0.004187,0.158315,-0.125374,-0.614772,-0.546148,1.193973,0.045376,0.096013,0.007206,-0.080145,-0.500985,1.229374,0.079597,0.084534,-0.006540
13.160000,0.527039,-0.572170,1.247061,0.145985,0.112052,-0.017157,-0.829254,-0.259543,1.218663,-0.057102,0.023191,0.011603,-0.160999,-0.090847,1.077354,0.003621,0.160651,-0.128167,-0.613866,-0.544227,1.194123,0.045250,0.096059,0.007742,-0.078556,-0.499296,1.229245,0.079327,0.084334,-0.006346
13.180000,0.529958,-0.569922,1.246708,0.145860,0.112750,-0.018130,-0.830392,-0.259084,1.218897,-0.056674,0.022786,0.011783,-0.160933,-0.087611,1.074764,0.003031,0.162874,-0.130865,-0.612962,-0.542306,1.194283,0.045122,0.096082,0.008236,-0.076972,-0.497611,1.229120,0.079067,0.084141,-0.006156
13.200000,0.532874,-0.567661,1.246337,0.145735,0.113422,-0.019045,-0.831521,-0.258632,1.219134,-0.056183,0.022368,0.011938,-0.160878,-0.084333,1.072120,0.002415,0.164982,-0.133467,-0.612061,-0.540384,1.194452,0.044992,0.096081,0.008690,-0.075394,-0.495930,1.228999,0.078816,0.083953,-0.005969
13.220000,0.535787,-0.565386,1.245947,0.145617,0.114062,-0.019902,-0.832639,-0.258189,1.219374,-0.055646,0.021948,0.012064,-0.160836,-0.081013,1.069426,0.001776,0.166966,-0.135949,-0.611162,-0.538463,1.194630,0.044865,0.096065,0.009099,-0.073820,-0.494253,1.228881,0.078580,0.083779,-0.005792
13.240000,0.538698,-0.563098,1.245541,0.145509,0.114663,-0.020703,-0.833746,-0.257754,1.219616,-0.055079,0.021535,0.012161,-0.160807,-0.077655,1.066683,0.001119,0.168818,-0.138285,-0.610266,-0.536542,1.194816,0.044747,0.096042,0.009461,-0.072250,-0.492579,1.228767,0.078364,0.083625,-0.005632
13.260000,0.541608,-0.560799,1.245119,0.145412,0.115226,-0.021447,-0.834842,-0.257327,1.219860,-0.054480,0.021129,0.012228,-0.160792,-0.074261,1.063895,0.000443,0.170537,-0.140476,-0.609372,-0.534621,1.195008,0.044637,0.096011,0.009775,-0.070685,-0.490908,1.228656,0.078168,0.083492,-0.005488
13.280000,0.544515,-0.558490,1.244683,0.145325,0.115749,-0.022136,-0.835925,-0.256909,1.220105,-0.053851,0.020729,0.012265,-0.160790,-0.070834,1.061065,-0.000252,0.172123,-0.142521,-0.608481,-0.532701,1.195206,0.044535,0.095974,0.010042,-0.069123,-0.489239,1.228547,0.077991,0.083380,-0.005361
13.300000,0.547421,-0.556170,1.244234,0.145250,0.116234,-0.022769,-0.836996,-0.256498,1.220351,-0.053190,0.020336,0.012273,-0.160802,-0.067377,1.058196,-0.000966,0.173576,-0.144421,-0.607591,-0.530782,1.195409,0.044442,0.095929,0.010262,-0.067565,-0.487572,1.228441,0.077834,0.083289,-0.005250
13.320000,0.550325,-0.553840,1.243773,0.145190,0.116688,-0.023356,-0.838053,-0.256095,1.220596,-0.052522,0.019963,0.012252,-0.160829,-0.063892,1.055289,-0.001692,0.174894,-0.146162,-0.606703,-0.528864,1.195617,0.044362,0.095886,0.010434,-0.066010,-0.485907,1.228337,0.077701,0.083222,-0.005156
13.340000,0.553228,-0.551502,1.243300,0.145150,0.117118,-0.023909,-0.839097,-0.255699,1.220841,-0.051869,0.019622,0.012202,-0.160870,-0.060382,1.052350,-0.002421,0.176072,-0.147730,-0.605816,-0.526947,1.195826,0.044299,0.095855,0.010557,-0.064457,-0.484243,1.228235,0.077595,0.083185,-0.005079
13.360000,0.556131,-0.549156,1.242817,0.145132,0.117523,-0.024427,-0.840128,-0.255310,1.221084,-0.051231,0.019314,0.012124,-0.160925,-0.056850,1.049381,-0.003153,0.177110,-0.149125,-0.604931,-0.525030,1.196038,0.044255,0.095836,0.010631,-0.062906,-0.482580,1.228134,0.077516,0.083178,-0.005018
13.380000,0.559034,-0.546801,1.242323,0.145134,0.117905,-0.024911,-0.841146,-0.254927,1.221325,-0.050608,0.019038,0.012017,-0.160996,-0.053299,1.046386,-0.003889,0.178008,-0.150348,-0.604046,-0.523113,1.196251,0.044230,0.095828,0.010657,-0.061356,-0.480916,1.228034,0.077464,0.083200,-0.004973
13.400000,0.561937,-0.544440,1.241821,0.145156,0.118263,-0.025361,-0.842152,-0.254548,1.221564,-0.050000,0.018795,0.011881,-0.161081,-0.049731,1.043369,-0.004629,0.178767,-0.151397,-0.603162,-0.521196,1.196464,0.044222,0.095832,0.010634,-0.059807,-0.479252,1.227935,0.077439,0.083251,-0.004945
13.420000,0.564840,-0.542071,1.241309,0.145203,0.118607,-0.025784,-0.843146,-0.254175,1.221800,-0.049420,0.018593,0.011716,-0.161181,-0.046149,1.040332,-0.005360,0.179397,-0.152276,-0.602277,-0.519280,1.196676,0.044234,0.095852,0.010566,-0.058258,-0.477586,1.227836,0.077443,0.083336,-0.004938
13.440000,0.567745,-0.539696,1.240789,0.145276,0.118944,-0.026187,-0.844129,-0.253804,1.222033,-0.048880,0.018442,0.011518,-0.161295,-0.042556,1.037279,-0.006069,0.179908,-0.152987,-0.601392,-0.517362,1.196887,0.044267,0.095896,0.010457,-0.056709,-0.475918,1.227737,0.077476,0.083459,-0.004959
13.460000,0.570652,-0.537313,1.240262,0.145377,0.119274,-0.026570,-0.845102,-0.253437,1.222261,-0.048380,0.018341,0.011288,-0.161424,-0.038954,1.034213,-0.006757,0.180302,-0.153530,-0.600506,-0.515444,1.197094,0.044322,0.095962,0.010307,-0.055159,-0.474247,1.227637,0.077539,0.083621,-0.005006
13.480000,0.573560,-0.534925,1.239727,0.145506,0.119599,-0.026934,-0.846065,-0.253070,1.222484,-0.047920,0.018291,0.011026,-0.161565,-0.035345,1.031139,-0.007422,0.180577,-0.153905,-0.599619,-0.513524,1.197299,0.044398,0.096050,0.010116,-0.053607,-0.472573,1.227537,0.077630,0.083822,-0.005081
13.500000,0.576472,-0.532529,1.239185,0.145662,0.119918,-0.027277,-0.847019,-0.252705,1.222702,-0.047501,0.018291,0.010732,-0.161720,-0.031731,1.028058,-0.008066,0.180735,-0.154112,-0.598730,-0.511602,1.197499,0.044495,0.096161,0.009884,-0.052054,-0.470894,1.227434,0.077751,0.084061,-0.005182
13.520000,0.579387,-0.530128,1.238636,0.145845,0.120237,-0.027609,-0.847965,-0.252338,1.222913,-0.047125,0.018346,0.010402,-0.161888,-0.028116,1.024975,-0.008678,0.180797,-0.154167,-0.597839,-0.509677,1.197694,0.044619,0.096302,0.009609,-0.050497,-0.469210,1.227329,0.077901,0.084339,-0.005309
13.540000,0.582306,-0.527720,1.238080,0.146057,0.120565,-0.027934,-0.848904,-0.251970,1.223118,-0.046795,0.018463,0.010032,-0.162067,-0.024500,1.021892,-0.009249,0.180787,-0.154086,-0.596945,-0.507749,1.197883,0.044772,0.096480,0.009288,-0.048937,-0.467520,1.227222,0.078079,0.084656,-0.005458
13.560000,0.585229,-0.525305,1.237518,0.146298,0.120901,-0.028254,-0.849837,-0.251599,1.223314,-0.046511,0.018641,0.009621,-0.162257,-0.020885,1.018813,-0.009778,0.180705,-0.153870,-0.596048,-0.505818,1.198065,0.044956,0.096695,0.008922,-0.047374,-0.465824,1.227111,0.078285,0.085013,-0.005631
13.580000,0.588158,-0.522884,1.236950,0.146567,0.121245,-0.028568,-0.850765,-0.251224,1.223502,-0.046273,0.018880,0.009170,-0.162458,-0.017272,1.015739,-0.010266,0.180550,-0.153517,-0.595147,-0.503881,1.198239,0.045170,0.096946,0.008511,-0.045806,-0.464119,1.226996,0.078520,0.085410,-0.005828
13.600000,0.591092,-0.520455,1.236376,0.146864,0.121598,-0.028876,-0.851688,-0.250844,1.223681,-0.046081,0.019179,0.008678,-0.162668,-0.013663,1.012673,-0.010712,0.180323,-0.153029,-0.594241,-0.501939,1.198405,0.045415,0.097235,0.008054,-0.044233,-0.462407,1.226877,0.078783,0.085845,-0.006047
13.620000,0.594033,-0.518020,1.235795,0.147188,0.121961,-0.029182,-0.852608,-0.250457,1.223849,-0.045929,0.019541,0.008140,-0.162886,-0.010060,1.009618,-0.011107,0.180042,-0.152430,-0.593330,-0.499992,1.198561,0.045691,0.097563,0.007554,-0.042654,-0.460685,1.226754,0.079072,0.086322,-0.006293
13.640000,0.596980,-0.515577,1.235208,0.147536,0.122338,-0.029489,-0.853526,-0.250062,1.224006,-0.045810,0.019968,0.007550,-0.163112,-0.006462,1.006576,-0.011439,0.179724,-0.151744,-0.592413,-0.498037,1.198707,0.045998,0.097932,0.007015,-0.041070,-0.458954,1.226625,0.079385,0.086839,-0.006570
13.660000,0.599934,-0.513126,1.234615,0.147908,0.122729,-0.029798,-0.854441,-0.249658,1.224151,-0.045724,0.020458,0.006907,-0.163343,-0.002871,1.003549,-0.011710,0.179369,-0.150972,-0.591490,-0.496074,1.198842,0.046337,0.098343,0.006436,-0.039479,-0.457211,1.226491,0.079721,0.087399,-0.006877
13.680000,0.602896,-0.510668,1.234016,0.148304,0.123133,-0.030108,-0.855355,-0.249243,1.224282,-0.045672,0.021013,0.006212,-0.163580,0.000713,1.000538,-0.011918,0.178978,-0.150113,-0.590559,-0.494103,1.198964,0.046707,0.098795,0.005817,-0.037881,-0.455458,1.226350,0.080082,0.088000,-0.007215
13.700000,0.605867,-0.508201,1.233411,0.148724,0.123551,-0.030420,-0.856268,-0.248817,1.224399,-0.045652,0.021631,0.005465,-0.163820,0.004288,0.997545,-0.012065,0.178550,-0.149168,-0.589621,-0.492122,1.199074,0.047109,0.099289,0.005158,-0.036275,-0.453691,1.226202,0.080466,0.088642,-0.007583
13.720000,0.608846,-0.505725,1.232800,0.149165,0.123984,-0.030738,-0.857181,-0.248377,1.224500,-0.045668,0.022318,0.004663,-0.164062,0.007854,0.994572,-0.012128,0.178097,-0.148168,-0.588675,-0.490131,1.199170,0.047545,0.099828,0.004457,-0.034662,-0.451912,1.226047,0.080871,0.089323,-0.007978
13.740000,0.611833,-0.503241,1.232182,0.149622,0.124435,-0.031069,-0.858095,-0.247923,1.224585,-0.045721,0.023077,0.003805,-0.164304,0.011412,0.991618,-0.012084,0.177630,-0.147143,-0.587719,-0.488128,1.199252,0.048020,0.100416,0.003710,-0.033041,-0.450118,1.225883,0.081291,0.090038,-0.008396
13.760000,0.614831,-0.500748,1.231557,0.150096,0.124904,-0.031412,-0.859010,-0.247454,1.224652,-0.045813,0.023908,0.002889,-0.164544,0.014960,0.988686,-0.011934,0.177150,-0.146092,-0.586754,-0.486114,1.199318,0.048532,0.101053,0.002919,-0.031410,-0.448310,1.225711,0.081728,0.090789,-0.008837
13.780000,0.617837,-0.498245,1.230925,0.150586,0.125390,-0.031768,-0.859928,-0.246967,1.224700,-0.045941,0.024812,0.001918,-0.164781,0.018498,0.985775,-0.011677,0.176656,-0.145017,-0.585778,-0.484086,1.199368,0.049082,0.101739,0.002082,-0.029771,-0.446486,1.225529,0.082180,0.091574,-0.009302
13.800000,0.620854,-0.495732,1.230286,0.151093,0.125893,-0.032136,-0.860848,-0.246461,1.224728,-0.046108,0.025787,0.000889,-0.165011,0.022026,0.982885,-0.011314,0.176149,-0.143917,-0.584790,-0.482044,1.199401,0.049671,0.102474,0.001200,-0.028123,-0.444647,1.225338,0.082649,0.092394,-0.009789
13.820000,0.623881,-0.493209,1.229639,0.151612,0.126416,-0.032523,-0.861772,-0.245935,1.224735,-0.046326,0.026842,-0.000193,-0.165232,0.025544,0.980018,-0.010826,0.175632,-0.142823,-0.583791,-0.479987,1.199416,0.050295,0.103257,0.000276,-0.026465,-0.442790,1.225138,0.083129,0.093248,-0.010302
13.840000,0.626919,-0.490675,1.228985,0.152138,0.126959,-0.032936,-0.862702,-0.245386,1.224720,-0.046609,0.027984,-0.001327,-0.165443,0.029051,0.977172,-0.010193,0.175110,-0.141767,-0.582778,-0.477913,1.199412,0.050956,0.104087,-0.000687,-0.024798,-0.440917,1.224926,0.083617,0.094134,-0.010845
13.860000,0.629967,-0.488131,1.228322,0.152673,0.127523,-0.033374,-0.863637,-0.244815,1.224682,-0.046958,0.029212,-0.002513,-0.165639,0.032548,0.974347,-0.009414,0.174581,-0.140747,-0.581752,-0.475823,1.199388,0.051653,0.104964,-0.001689,-0.023121,-0.439025,1.224704,0.084113,0.095053,-0.011416
13.880000,0.633026,-0.485574,1.227650,0.153215,0.128106,-0.033838,-0.864580,-0.244217,1.224619,-0.047373,0.030528,-0.003749,-0.165818,0.036034,0.971542,-0.008491,0.174047,-0.139765,-0.580712,-0.473714,1.199344,0.052386,0.105888,-0.002731,-0.021433,-0.437114,1.224469,0.084617,0.096005,-0.012015
13.900000,0.636095,-0.483006,1.226968,0.153764,0.128711,-0.034327,-0.865533,-0.243593,1.224532,-0.047853,0.031930,-0.005038,-0.165978,0.039510,0.968756,-0.007423,0.173507,-0.138821,-0.579656,-0.471587,1.199279,0.053155,0.106860,-0.003811,-0.019736,-0.435184,1.224223,0.085129,0.096989,-0.012644
13.920000,0.639176,-0.480426,1.226276,0.154318,0.129337,-0.034847,-0.866495,-0.242940,1.224417,-0.048402,0.033421,-0.006374,-0.166114,0.042974,0.965989,-0.006200,0.172960,-0.137938,-0.578585,-0.469440,1.199192,0.053962,0.107879,-0.004931,-0.018028,-0.433234,1.223963,0.085643,0.098001,-0.013297
13.940000,0.642268,-0.477833,1.225574,0.154871,0.129986,-0.035406,-0.867469,-0.242256,1.224276,-0.049027,0.035002,-0.007756,-0.166225,0.046428,0.963238,-0.004814,0.172404,-0.137142,-0.577498,-0.467272,1.199081,0.054808,0.108948,-0.006095,-0.016310,-0.431264,1.223691,0.086154,0.099036,-0.013971
13.960000,0.645371,-0.475226,1.224860,0.155425,0.130659,-0.036003,-0.868457,-0.241539,1.224107,-0.049725,0.036673,-0.009184,-0.166306,0.049871,0.960503,-0.003264,0.171840,-0.136432,-0.576393,-0.465082,1.198948,0.055693,0.110066,-0.007301,-0.014582,-0.429273,1.223404,0.086662,0.100093,-0.014664
13.980000,0.648485,-0.472606,1.224134,0.155980,0.131354,-0.036639,-0.869459,-0.240788,1.223909,-0.050499,0.038434,-0.010657,-0.166354,0.053302,0.957780,-0.001549,0.171267,-0.135809,-0.575270,-0.462869,1.198789,0.056618,0.111234,-0.008550,-0.012844,-0.427260,1.223104,0.087167,0.101173,-0.015378
14.000000,0.651610,-0.469972,1.223394,0.156534,0.132074,-0.037312,-0.870477,-0.240001,1.223680,-0.051346,0.040285,-0.012175,-0.166367,0.056721,0.955070,0.000329,0.170685,-0.135273,-0.574128,-0.460632,1.198605,0.057582,0.112451,-0.009842,-0.011095,-0.425226,1.222789,0.087669,0.102275,-0.016113
14.020000,0.654746,-0.467323,1.222641,0.157087,0.132819,-0.038030,-0.871513,-0.239176,1.223421,-0.052263,0.042221,-0.013734,-0.166340,0.060129,0.952369,0.002374,0.170089,-0.134839,-0.572966,-0.458370,1.198395,0.058583,0.113714,-0.011172,-0.009337,-0.423169,1.222459,0.088165,0.103399,-0.016870
14.040000,0.657894,-0.464659,1.221873,0.157636,0.133592,-0.038797,-0.872568,-0.238312,1.223131,-0.053244,0.044235,-0.015329,-0.166271,0.063525,0.949675,0.004589,0.169474,-0.134524,-0.571784,-0.456083,1.198158,0.059619,0.115022,-0.012536,-0.007569,-0.421090,1.222114,0.088652,0.104542,-0.017653
14.060000,0.661052,-0.461979,1.221089,0.158182,0.134393,-0.039614,-0.873643,-0.237406,1.222808,-0.054288,0.046329,-0.016960,-0.166155,0.066908,0.946987,0.006974,0.168839,-0.134327,-0.570581,-0.453769,1.197893,0.060691,0.116373,-0.013933,-0.005791,-0.418987,1.221753,0.089130,0.105705,-0.018461
14.080000,0.664221,-0.459283,1.220288,0.158725,0.135222,-0.040481,-0.874740,-0.236458,1.222452,-0.055396,0.048501,-0.018628,-0.165990,0.070278,0.944302,0.009530,0.168186,-0.134248,-0.569356,-0.451428,1.197601,0.061797,0.117769,-0.015363,-0.004004,-0.416861,1.221376,0.089600,0.106888,-0.019295
14.100000,0.667401,-0.456570,1.219469,0.159265,0.136080,-0.041398,-0.875859,-0.235466,1.222063,-0.056568,0.050753,-0.020331,-0.165773,0.073635,0.941616,0.012256,0.167513,-0.134287,-0.568109,-0.449058,1.197279,0.062938,0.119209,-0.016827,-0.002207,-0.414712,1.220981,0.090061,0.108091,-0.020155
14.120000,0.670592,-0.453840,1.218631,0.159802,0.136970,-0.042370,-0.877003,-0.234427,1.221639,-0.057787,0.053069,-0.022062,-0.165499,0.076978,0.938929,0.015143,0.166815,-0.134450,-0.566839,-0.446659,1.196927,0.064115,0.120694,-0.018326,-0.000401,-0.412538,1.220569,0.090510,0.109309,-0.021036
14.140000,0.673793,-0.451091,1.217774,0.160339,0.137897,-0.043400,-0.878171,-0.233342,1.221180,-0.059038,0.055434,-0.023814,-0.165166,0.080307,0.936238,0.018186,0.166086,-0.134742,-0.565544,-0.444230,1.196545,0.065330,0.122225,-0.019861,0.001413,-0.410339,1.220140,0.090943,0.110539,-0.021934
14.160000,0.677005,-0.448324,1.216895,0.160875,0.138860,-0.044491,-0.879365,-0.232210,1.220686,-0.060321,0.057849,-0.025586,-0.164771,0.083622,0.933539,0.021382,0.165327,-0.135162,-0.564225,-0.441770,1.196133,0.066582,0.123803,-0.021432,0.003236,-0.408116,1.219692,0.091361,0.111779,-0.022850
14.180000,0.680228,-0.445536,1.215994,0.161411,0.139861,-0.045640,-0.880584,-0.231028,1.220156,-0.061634,0.060314,-0.027378,-0.164310,0.086920,0.930830,0.024733,0.164536,-0.135711,-0.562881,-0.439278,1.195688,0.067872,0.125427,-0.023040,0.005068,-0.405868,1.219225,0.091763,0.113031,-0.023783
14.200000,0.683462,-0.442729,1.215069,0.161947,0.140898,-0.046849,-0.881830,-0.229797,1.219591,-0.062980,0.062828,-0.029190,-0.163780,0.090203,0.928109,0.028238,0.163716,-0.136388,-0.561510,-0.436752,1.195211,0.069200,0.127098,-0.024684,0.006907,-0.403595,1.218740,0.092150,0.114294,-0.024733
14.220000,0.686706,-0.439900,1.214119,0.162487,0.141979,-0.048120,-0.883103,-0.228515,1.218989,-0.064346,0.065382,-0.031020,-0.163179,0.093469,0.925374,0.031889,0.162860,-0.137182,-0.560113,-0.434193,1.194700,0.070562,0.128814,-0.026358,0.008754,-0.401296,1.218236,0.092523,0.115568,-0.025703
14.240000,0.689961,-0.437049,1.213144,0.163038,0.143111,-0.049458,-0.884404,-0.227181,1.218350,-0.065723,0.067965,-0.032866,-0.162504,0.096717,0.922621,0.035678,0.161966,-0.138083,-0.558687,-0.431600,1.194156,0.071957,0.130572,-0.028055,0.010608,-0.398972,1.217712,0.092881,0.116852,-0.026696
14.260000,0.693227,-0.434175,1.212141,0.163600,0.144294,-0.050861,-0.885732,-0.225796,1.217674,-0.067110,0.070576,-0.034727,-0.161751,0.099947,0.919850,0.039605,0.161032,-0.139090,-0.557234,-0.428970,1.193578,0.073385,0.132373,-0.029776,0.012469,-0.396622,1.217168,0.093226,0.118146,-0.027713
14.280000,0.696505,-0.431277,1.211109,0.164172,0.145528,-0.052330,-0.887089,-0.224358,1.216961,-0.068508,0.073217,-0.036604,-0.160919,0.103158,0.917057,0.043670,0.160060,-0.140203,-0.555752,-0.426304,1.192965,0.074845,0.134217,-0.031521,0.014337,-0.394246,1.216603,0.093556,0.119450,-0.028753
14.300000,0.699794,-0.428354,1.210047,0.164756,0.146813,-0.053864,-0.888473,-0.222867,1.216210,-0.069917,0.075886,-0.038497,-0.160004,0.106349,0.914241,0.047873,0.159049,-0.141423,-0.554240,-0.423601,1.192317,0.076337,0.136104,-0.033289,0.016211,-0.391844,1.216018,0.093873,0.120764,-0.029817
14.320000,0.703095,-0.425404,1.208954,0.165356,0.148150,-0.055457,-0.889885,-0.221323,1.215421,-0.071337,0.078569,-0.040396,-0.159003,0.109520,0.911400,0.052178,0.157988,-0.142728,-0.552698,-0.420860,1.191633,0.077861,0.138034,-0.035079,0.018091,-0.389415,1.215411,0.094177,0.122086,-0.030900
14.340000,0.706409,-0.422428,1.207829,0.165981,0.149540,-0.057098,-0.891326,-0.219724,1.214594,-0.072771,0.081253,-0.042292,-0.157916,0.112668,0.908531,0.056550,0.156867,-0.144100,-0.551125,-0.418080,1.190914,0.079417,0.140009,-0.036888,0.019978,-0.386960,1.214782,0.094470,0.123413,-0.031999
14.360000,0.709735,-0.419422,1.206670,0.166629,0.150984,-0.058789,-0.892796,-0.218072,1.213729,-0.074218,0.083936,-0.044186,-0.156741,0.115794,0.905635,0.060989,0.155685,-0.145537,-0.549521,-0.415259,1.190158,0.081004,0.142028,-0.038717,0.021870,-0.384479,1.214131,0.094752,0.124745,-0.033113
14.380000,0.713074,-0.416388,1.205477,0.167300,0.152480,-0.060529,-0.894295,-0.216367,1.212826,-0.075679,0.086618,-0.046077,-0.155476,0.118895,0.902710,0.065495,0.154443,-0.147039,-0.547885,-0.412398,1.189365,0.082623,0.144091,-0.040566,0.023768,-0.381971,1.213457,0.095023,0.126083,-0.034244
14.400000,0.716427,-0.413323,1.204248,0.167996,0.154029,-0.062319,-0.895824,-0.214608,1.211886,-0.077153,0.089300,-0.047966,-0.154120,0.121971,0.899753,0.070067,0.153140,-0.148608,-0.546216,-0.409495,1.188535,0.084273,0.146199,-0.042434,0.025671,-0.379435,1.212761,0.095282,0.127426,-0.035390
14.420000,0.719794,-0.410226,1.202984,0.168722,0.155627,-0.064137,-0.897381,-0.212795,1.210908,-0.078645,0.091967,-0.049845,-0.152673,0.125021,0.896765,0.074654,0.151776,-0.150213,-0.544514,-0.406550,1.187668,0.085949,0.148349,-0.044311,0.027579,-0.376873,1.212041,0.095535,0.128773,-0.036553
14.440000,0.723176,-0.407097,1.201683,0.169488,0.157268,-0.065964,-0.898969,-0.210929,1.209892,-0.080158,0.094603,-0.051710,-0.151135,0.128042,0.893745,0.079201,0.150347,-0.151827,-0.542778,-0.403561,1.186763,0.087647,0.150538,-0.046184,0.029492,-0.374284,1.211298,0.095785,0.130123,-0.037736
14.460000,0.726574,-0.403935,1.200345,0.170293,0.158953,-0.067798,-0.900588,-0.209011,1.208840,-0.081693,0.097209,-0.053559,-0.149505,0.131034,0.890692,0.083709,0.148856,-0.153449,-0.541008,-0.400528,1.185820,0.089366,0.152766,-0.048055,0.031411,-0.371669,1.210532,0.096032,0.131476,-0.038939
14.480000,0.729988,-0.400739,1.198971,0.171137,0.160681,-0.069641,-0.902237,-0.207041,1.207750,-0.083249,0.099784,-0.055394,-0.147786,0.133996,0.887607,0.088178,0.147300,-0.155079,-0.539203,-0.397450,1.184840,0.091106,0.155035,-0.049922,0.033334,-0.369025,1.209741,0.096277,0.132833,-0.040161
14.500000,0.733420,-0.397508,1.197559,0.172020,0.162452,-0.071492,-0.903918,-0.205020,1.206624,-0.084827,0.102329,-0.057214,-0.145979,0.136926,0.884489,0.092608,0.145681,-0.156717,-0.537363,-0.394327,1.183823,0.092868,0.157342,-0.051786,0.035262,-0.366355,1.208925,0.096519,0.134193,-0.041403
14.520000,0.736869,-0.394241,1.196111,0.172955,0.164269,-0.073338,-0.905631,-0.202948,1.205462,-0.086429,0.104831,-0.059019,-0.144083,0.139822,0.881338,0.096953,0.143996,-0.158325,-0.535488,-0.391156,1.182769,0.094644,0.159686,-0.053640,0.037194,-0.363658,1.208085,0.096765,0.135552,-0.042658
14.540000,0.740338,-0.390937,1.194626,0.173951,0.166132,-0.075164,-0.907375,-0.200827,1.204263,-0.088057,0.107279,-0.060808,-0.142101,0.142685,0.878156,0.101168,0.142240,-0.159865,-0.533578,-0.387939,1.181678,0.096429,0.162062,-0.055474,0.039132,-0.360933,1.207219,0.097022,0.136909,-0.043923
14.560000,0.743828,-0.387595,1.193105,0.175010,0.168042,-0.076971,-0.909153,-0.198657,1.203029,-0.089711,0.109673,-0.062584,-0.140037,0.145512,0.874944,0.105254,0.140414,-0.161336,-0.531631,-0.384674,1.180550,0.098222,0.164472,-0.057289,0.041075,-0.358181,1.206328,0.097291,0.138261,-0.045196
14.580000,0.747339,-0.384215,1.191547,0.176132,0.169998,-0.078758,-0.910964,-0.196440,1.201760,-0.091392,0.112012,-0.064344,-0.137892,0.148301,0.871703,0.109209,0.138517,-0.162738,-0.529649,-0.381360,1.179386,0.100023,0.166915,-0.059086,0.043024,-0.355403,1.205411,0.097571,0.139610,-0.046479
14.600000,0.750874,-0.380795,1.189954,0.177316,0.172001,-0.080525,-0.912809,-0.194177,1.200456,-0.093099,0.114297,-0.066089,-0.135669,0.151052,0.868435,0.113035,0.136551,-0.164073,-0.527630,-0.377997,1.178187,0.101833,0.169390,-0.060864,0.044978,-0.352597,1.204468,0.097862,0.140956,-0.047770
14.620000,0.754432,-0.377334,1.188326,0.178568,0.174048,-0.082263,-0.914688,-0.191869,1.199117,-0.094837,0.116514,-0.067823,-0.133372,0.153763,0.865141,0.116691,0.134509,-0.165290,-0.525575,-0.374584,1.176952,0.103646,0.171898,-0.062615,0.046939,-0.349764,1.203500,0.098170,0.142296,-0.049068
14.640000,0.758017,-0.373833,1.186664,0.179894,0.176136,-0.083962,-0.916603,-0.189517,1.197743,-0.096608,0.118650,-0.069549,-0.131003,0.156432,0.861824,0.120138,0.132385,-0.166342,-0.523484,-0.371121,1.175682,0.105457,0.174437,-0.064334,0.048905,-0.346905,1.202506,0.098498,0.143630,-0.050371
14.660000,0.761628,-0.370289,1.184968,0.181292,0.178264,-0.085622,-0.918553,-0.187124,1.196335,-0.098413,0.120704,-0.071266,-0.128568,0.159057,0.858488,0.123375,0.130181,-0.167230,-0.521357,-0.367606,1.174379,0.107266,0.177007,-0.066020,0.050879,-0.344019,1.201485,0.098849,0.144957,-0.051678
14.680000,0.765269,-0.366702,1.183240,0.182764,0.180433,-0.087242,-0.920539,-0.184690,1.194892,-0.100252,0.122676,-0.072975,-0.126069,0.161638,0.855136,0.126404,0.127896,-0.167952,-0.519194,-0.364040,1.173042,0.109073,0.179608,-0.067672,0.052859,-0.341107,1.200438,0.099220,0.146277,-0.052990
14.700000,0.768939,-0.363071,1.181479,0.184309,0.182643,-0.088823,-0.922563,-0.182217,1.193416,-0.102126,0.124567,-0.074676,-0.123513,0.164173,0.851771,0.129224,0.125529,-0.168510,-0.516994,-0.360422,1.171672,0.110878,0.182241,-0.069292,0.054848,-0.338168,1.199365,0.099613,0.147590,-0.054306
14.720000,0.772642,-0.359396,1.179687,0.185929,0.184886,-0.090359,-0.924625,-0.179708,1.191905,-0.104033,0.126362,-0.076362,-0.120902,0.166659,0.848397,0.131804,0.123080,-0.168842,-0.514759,-0.356750,1.170271,0.112675,0.184899,-0.070873,0.056844,-0.335203,1.198266,0.100043,0.148893,-0.055635
14.740000,0.776377,-0.355676,1.177865,0.187629,0.187151,-0.091843,-0.926725,-0.177163,1.190361,-0.105974,0.128046,-0.078027,-0.118243,0.169095,0.845020,0.134113,0.120544,-0.168889,-0.512487,-0.353026,1.168838,0.114456,0.187577,-0.072412,0.058850,-0.332213,1.197140,0.100529,0.150182,-0.056983
14.760000,0.780147,-0.351910,1.176014,0.189407,0.189441,-0.093277,-0.928864,-0.174587,1.188784,-0.107949,0.129620,-0.079671,-0.115539,0.171480,0.841644,0.136151,0.117923,-0.168651,-0.510181,-0.349247,1.167374,0.116223,0.190274,-0.073907,0.060866,-0.329196,1.195987,0.101069,0.151456,-0.058350
14.780000,0.783954,-0.348098,1.174134,0.191264,0.191754,-0.094659,-0.931043,-0.171979,1.187175,-0.109958,0.131082,-0.081295,-0.112798,0.173812,0.838275,0.137919,0.115217,-0.168126,-0.507839,-0.345415,1.165882,0.117974,0.192990,-0.075360,0.062893,-0.326155,1.194806,0.101665,0.152716,-0.059738
14.800000,0.787798,-0.344239,1.172228,0.193199,0.194091,-0.095990,-0.933262,-0.169344,1.185533,-0.112002,0.132435,-0.082897,-0.110024,0.176088,0.834921,0.139415,0.112424,-0.167317,-0.505462,-0.341527,1.164360,0.119710,0.195726,-0.076770,0.064933,-0.323088,1.193597,0.102315,0.153961,-0.061145
14.820000,0.791682,-0.340334,1.170295,0.195210,0.196441,-0.097271,-0.935523,-0.166683,1.183859,-0.114073,0.133666,-0.084474,-0.107224,0.178308,0.831585,0.140635,0.109548,-0.166164,-0.503050,-0.337586,1.162811,0.121426,0.198460,-0.078136,0.066986,-0.319996,1.192360,0.103039,0.155196,-0.062574
14.840000,0.795607,-0.336382,1.168337,0.197292,0.198793,-0.098500,-0.937825,-0.163998,1.182154,-0.116165,0.134768,-0.086020,-0.104401,0.180470,0.828277,0.141571,0.106589,-0.164610,-0.500605,-0.333589,1.161235,0.123120,0.201168,-0.079457,0.069055,-0.316880,1.191094,0.103853,0.156424,-0.064030
14.860000,0.799575,-0.332382,1.166355,0.199445,0.201147,-0.099679,-0.940170,-0.161293,1.180418,-0.118279,0.135739,-0.087535,-0.101563,0.182571,0.825003,0.142224,0.103548,-0.162655,-0.498126,-0.329539,1.159633,0.124790,0.203852,-0.080733,0.071141,-0.313739,1.189798,0.104758,0.157645,-0.065510
14.880000,0.803586,-0.328336,1.164350,0.201669,0.203503,-0.100807,-0.942557,-0.158569,1.178653,-0.120414,0.136581,-0.089020,-0.098714,0.184611,0.821773,0.142594,0.100426,-0.160299,-0.495613,-0.325435,1.158006,0.126437,0.206510,-0.081964,0.073246,-0.310574,1.188473,0.105754,0.158860,-0.067017
14.900000,0.807642,-0.324242,1.162323,0.203964,0.205862,-0.101884,-0.944986,-0.155831,1.176858,-0.122571,0.137292,-0.090474,-0.095861,0.186588,0.818594,0.142681,0.097221,-0.157543,-0.493068,-0.321279,1.156355,0.128061,0.209144,-0.083151,0.075371,-0.307385,1.187118,0.106841,0.160068,-0.068549
14.920000,0.811745,-0.320101,1.160275,0.206313,0.208203,-0.102912,-0.947460,-0.153079,1.175034,-0.124732,0.137874,-0.091893,-0.093008,0.188499,0.815474,0.142495,0.093929,-0.154350,-0.490491,-0.317070,1.154680,0.129652,0.211728,-0.084297,0.077520,-0.304171,1.185731,0.108030,0.161272,-0.070110
14.940000,0.815895,-0.315914,1.158207,0.208696,0.210509,-0.103893,-0.949976,-0.150316,1.173182,-0.126883,0.138326,-0.093273,-0.090163,0.190344,0.812423,0.142045,0.090544,-0.150685,-0.487882,-0.312810,1.152983,0.131200,0.214241,-0.085408,0.079693,-0.300934,1.184313,0.109334,0.162475,-0.071705
14.960000,0.820093,-0.311681,1.156120,0.211114,0.212778,-0.104826,-0.952535,-0.147546,1.171303,-0.129022,0.138649,-0.094614,-0.087328,0.192120,0.809450,0.141333,0.087066,-0.146549,-0.485243,-0.308501,1.151264,0.132705,0.216682,-0.086483,0.081894,-0.297672,1.182863,0.110752,0.163676,-0.073334
14.980000,0.824339,-0.307403,1.154014,0.213567,0.215011,-0.105712,-0.955137,-0.144771,1.169398,-0.131150,0.138843,-0.095915,-0.084511,0.193826,0.806564,0.140357,0.083496,-0.141941,-0.482575,-0.304143,1.149524,0.134167,0.219050,-0.087523,0.084124,-0.294387,1.181379,0.112284,0.164876,-0.074995
15.000000,0.828636,-0.303081,1.151892,0.216055,0.217208,-0.106550,-0.957781,-0.141994,1.167467,-0.133267,0.138908,-0.097177,-0.081716,0.195460,0.803776,0.139119,0.079834,-0.136862,-0.479877,-0.299739,1.147764,0.135585,0.221346,-0.088527,0.086386,-0.291077,1.179863,0.113930,0.166075,-0.076690
15.020000,0.832982,-0.298716,1.149753,0.218541,0.219341,-0.107340,-0.960467,-0.139216,1.165511,-0.135342,0.138846,-0.098396,-0.078948,0.197019,0.801093,0.137641,0.076059,-0.131310,-0.477152,-0.295290,1.145983,0.136946,0.223549,-0.089502,0.088682,-0.287744,1.178312,0.115692,0.167272,-0.078419
15.040000,0.837377,-0.294308,1.147598,0.220990,0.221383,-0.108081,-0.963194,-0.136441,1.163531,-0.137347,0.138660,-0.099566,-0.076212,0.198501,0.798526,0.135951,0.072152,-0.125284,-0.474400,-0.290798,1.144184,0.138234,0.225635,-0.090456,0.091015,-0.284387,1.176726,0.117569,0.168464,-0.080182
15.060000,0.841821,-0.289861,1.145430,0.223402,0.223332,-0.108773,-0.965960,-0.133670,1.161529,-0.139280,0.138351,-0.100689,-0.073511,0.199904,0.796085,0.134046,0.068113,-0.118786,-0.471623,-0.286265,1.142365,0.139449,0.227606,-0.091389,0.093386,-0.281005,1.175104,0.119562,0.169652,-0.081979
15.080000,0.846313,-0.285375,1.143248,0.225777,0.225189,-0.109416,-0.968765,-0.130907,1.159504,-0.141142,0.137919,-0.101763,-0.070851,0.201225,0.793778,0.131927,0.063943,-0.111814,-0.468822,-0.281695,1.140528,0.140592,0.229461,-0.092301,0.095798,-0.277601,1.173446,0.121670,0.170836,-0.083810
15.100000,0.850852,-0.280854,1.141053,0.228115,0.226954,-0.110010,-0.971606,-0.128154,1.157459,-0.142933,0.137363,-0.102789,-0.068236,0.202461,0.791615,0.129595,0.059641,-0.104369,-0.465999,-0.277088,1.138673,0.141661,0.231200,-0.093191,0.098253,-0.274172,1.171751,0.123894,0.172016,-0.085675
15.120000,0.855437,-0.276298,1.138848,0.230380,0.228608,-0.110561,-0.974481,-0.125414,1.155393,-0.144630,0.136690,-0.103768,-0.065669,0.203609,0.789606,0.127084,0.055194,-0.096505,-0.463156,-0.272447,1.136801,0.142636,0.232815,-0.094068,0.100754,-0.270720,1.170019,0.126219,0.173184,-0.087568
15.140000,0.860066,-0.271710,1.136631,0.232536,0.230135,-0.111073,-0.977390,-0.122687,1.153308,-0.146209,0.135907,-0.104698,-0.063153,0.204668,0.787758,0.124431,0.050589,-0.088276,-0.460295,-0.267776,1.134911,0.143494,0.234298,-0.094940,0.103303,-0.267245,1.168249,0.128629,0.174334,-0.089481
15.160000,0.864738,-0.267094,1.134405,0.234585,0.231532,-0.111546,-0.980329,-0.119978,1.151205,-0.147672,0.135013,-0.105580,-0.060692,0.205632,0.786077,0.121635,0.045825,-0.079683,-0.457417,-0.263076,1.133003,0.144235,0.235649,-0.095806,0.105900,-0.263747,1.166440,0.131124,0.175464,-0.091415
15.180000,0.869449,-0.262450,1.132170,0.236526,0.232801,-0.111981,-0.983296,-0.117288,1.149085,-0.149016,0.134009,-0.106413,-0.058289,0.206499,0.784573,0.118697,0.040904,-0.070725,-0.454526,-0.258351,1.131078,0.144859,0.236868,-0.096667,0.108548,-0.260226,1.164592,0.133704,0.176576,-0.093369
15.200000,0.874198,-0.257782,1.129926,0.238358,0.233941,-0.112377,-0.986289,-0.114618,1.146949,-0.150244,0.132895,-0.107199,-0.055945,0.207267,0.783251,0.115616,0.035824,-0.061403,-0.451624,-0.253603,1.129136,0.145366,0.237956,-0.097522,0.111249,-0.256684,1.162705,0.136369,0.177668,-0.095344
15.220000,0.878982,-0.253093,1.127675,0.240046,0.234943,-0.112739,-0.989305,-0.111973,1.144798,-0.151331,0.131669,-0.107932,-0.053665,0.207931,0.782118,0.112430,0.030579,-0.051812,-0.448712,-0.248834,1.127177,0.145745,0.238910,-0.098378,0.114003,-0.253120,1.160778,0.139110,0.178747,-0.097328
15.240000,0.883799,-0.248386,1.125417,0.241553,0.235796,-0.113071,-0.992341,-0.109352,1.142632,-0.152254,0.130331,-0.108607,-0.051449,0.208489,0.781180,0.109178,0.025162,-0.042049,-0.445795,-0.244047,1.125201,0.145985,0.239729,-0.099238,0.116814,-0.249534,1.158812,0.141914,0.179816,-0.099309
15.260000,0.888643,-0.243662,1.123152,0.242878,0.236501,-0.113373,-0.995394,-0.106760,1.140454,-0.153013,0.128880,-0.109226,-0.049298,0.208937,0.780438,0.105860,0.019574,-0.032113,-0.442874,-0.239245,1.123208,0.146087,0.240413,-0.100104,0.119680,-0.245927,1.156806,0.144784,0.180876,-0.101287
15.280000,0.893512,-0.238927,1.120882,0.244023,0.237058,-0.113646,-0.998460,-0.104198,1.138264,-0.153609,0.127317,-0.109788,-0.047215,0.209271,0.779896,0.102476,0.013814,-0.022005,-0.439952,-0.234431,1.121197,0.146049,0.240962,-0.100975,0.122605,-0.242299,1.154760,0.147718,0.181927,-0.103262
15.300000,0.898403,-0.234181,1.118607,0.244986,0.237467,-0.113888,-1.001537,-0.101668,1.136063,-0.154041,0.125642,-0.110292,-0.045200,0.209488,0.779559,0.099026,0.007883,-0.011724,-0.437033,-0.229608,1.119169,0.145873,0.241377,-0.101850,0.125590,-0.238650,1.152675,0.150716,0.182969,-0.105234
15.320000,0.903311,-0.229429,1.116327,0.245746,0.237728,-0.114100,-1.004621,-0.099173,1.133852,-0.154292,0.123849,-0.110737,-0.043254,0.209585,0.779428,0.095539,0.001790,-0.001361,-0.434118,-0.224777,1.117123,0.145555,0.241656,-0.102728,0.128634,-0.234980,1.150551,0.153757,0.184005,-0.107194
15.340000,0.908231,-0.224673,1.114043,0.246280,0.237842,-0.114278,-1.007708,-0.096715,1.131634,-0.154347,0.121934,-0.111121,-0.041378,0.209559,0.779504,0.092045,-0.004455,0.008996,-0.431212,-0.219942,1.115060,0.145093,0.241802,-0.103604,0.131740,-0.231290,1.148388,0.156818,0.185038,-0.109133
15.360000,0.913160,-0.219916,1.111756,0.246587,0.237810,-0.114423,-1.010793,-0.094297,1.129408,-0.154205,0.119898,-0.111443,-0.039572,0.209406,0.779788,0.088545,-0.010852,0.019346,-0.428316,-0.215106,1.112979,0.144487,0.241813,-0.104479,0.134907,-0.227579,1.146186,0.159899,0.186070,-0.111050
15.380000,0.918093,-0.215162,1.109466,0.246669,0.237630,-0.114536,-1.013874,-0.091920,1.127176,-0.153866,0.117740,-0.111703,-0.037836,0.209124,0.780278,0.085038,-0.017400,0.029689,-0.425433,-0.210271,1.110881,0.143737,0.241691,-0.105353,0.138136,-0.223847,1.143946,0.162999,0.187099,-0.112946
15.400000,0.923026,-0.210412,1.107174,0.246524,0.237303,-0.114615,-1.016947,-0.089588,1.124940,-0.153331,0.115460,-0.111901,-0.036171,0.208709,0.780975,0.081524,-0.024101,0.040025,-0.422567,-0.205439,1.108765,0.142844,0.241434,-0.106225,0.141427,-0.220095,1.141668,0.166119,0.188126,-0.114820
15.420000,0.927953,-0.205670,1.104882,0.246137,0.236838,-0.114648,-1.020006,-0.087302,1.122701,-0.152578,0.113057,-0.112037,-0.034575,0.208159,0.781879,0.078027,-0.030937,0.050293,-0.419720,-0.200614,1.106632,0.141806,0.241048,-0.107090,0.144781,-0.216322,1.139353,0.169230,0.189144,-0.116659
15.440000,0.932869,-0.200939,1.102589,0.245491,0.236244,-0.114621,-1.023048,-0.085066,1.120459,-0.151589,0.110529,-0.112108,-0.033049,0.207471,0.782986,0.074571,-0.037893,0.060431,-0.416896,-0.195798,1.104481,0.140626,0.240538,-0.107940,0.148196,-0.212529,1.137002,0.172303,0.190147,-0.118446
15.460000,0.937770,-0.196221,1.100297,0.244585,0.235519,-0.114535,-1.026068,-0.082882,1.118217,-0.150363,0.107875,-0.112114,-0.031592,0.206642,0.784295,0.071154,-0.044967,0.070439,-0.414096,-0.190994,1.102314,0.139302,0.239902,-0.108777,0.151673,-0.208716,1.134616,0.175336,0.191134,-0.120183
15.480000,0.942651,-0.191519,1.098008,0.243420,0.234666,-0.114391,-1.029061,-0.080752,1.115975,-0.148899,0.105096,-0.112055,-0.030203,0.205671,0.785803,0.067778,-0.052161,0.080318,-0.411325,-0.186203,1.100130,0.137835,0.239143,-0.109598,0.155209,-0.204884,1.132195,0.178331,0.192106,-0.121869
15.500000,0.947506,-0.186836,1.095722,0.241995,0.233682,-0.114186,-1.032023,-0.078679,1.113735,-0.147198,0.102191,-0.111932,-0.028881,0.204555,0.787507,0.064443,-0.059474,0.090066,-0.408584,-0.181429,1.097930,0.136224,0.238258,-0.110406,0.158806,-0.201032,1.129741,0.181287,0.193063,-0.123504
15.520000,0.952329,-0.182173,1.093441,0.240316,0.232580,-0.113901,-1.034948,-0.076665,1.111498,-0.145257,0.099162,-0.111737,-0.027625,0.203291,0.789404,0.061163,-0.066889,0.099656,-0.405877,-0.176673,1.095714,0.134469,0.237262,-0.111196,0.162460,-0.197162,1.127255,0.184181,0.194001,-0.125075
15.540000,0.957116,-0.177533,1.091167,0.238387,0.231369,-0.113511,-1.037831,-0.074713,1.109266,-0.143070,0.096010,-0.111460,-0.026434,0.201879,0.791492,0.057956,-0.074386,0.109060,-0.403206,-0.171939,1.093483,0.132567,0.236166,-0.111966,0.166172,-0.193272,1.124739,0.186990,0.194918,-0.126570
15.560000,0.961863,-0.172919,1.088901,0.236209,0.230049,-0.113018,-1.040669,-0.072826,1.107040,-0.140638,0.092733,-0.111102,-0.025306,0.200315,0.793765,0.054822,-0.081967,0.118278,-0.400575,-0.167227,1.091236,0.130520,0.234971,-0.112715,0.169939,-0.189365,1.122193,0.189714,0.195814,-0.127989
15.580000,0.966563,-0.168332,1.086647,0.233780,0.228622,-0.112421,-1.043455,-0.071005,1.104823,-0.137960,0.089333,-0.110664,-0.024240,0.198600,0.796222,0.051760,-0.089631,0.127310,-0.397986,-0.162541,1.088974,0.128325,0.233677,-0.113445,0.173760,-0.185440,1.119620,0.192352,0.196689,-0.129332
15.600000,0.971212,-0.163775,1.084405,0.231102,0.227086,-0.111721,-1.046185,-0.069253,1.102614,-0.135037,0.085810,-0.110144,-0.023235,0.196730,0.798857,0.048771,-0.097378,0.136156,-0.395443,-0.157881,1.086698,0.125985,0.232283,-0.114154,0.177633,-0.181498,1.117020,0.194905,0.197543,-0.130598
15.620000,0.975806,-0.159249,1.082179,0.228176,0.225452,-0.110895,-1.048855,-0.067573,1.100417,-0.131880,0.082171,-0.109536,-0.022289,0.194704,0.801667,0.045864,-0.105192,0.144806,-0.392948,-0.153250,1.084408,0.123504,0.230802,-0.114856,0.181556,-0.177538,1.114396,0.197355,0.198369,-0.131779
15.640000,0.980338,-0.154757,1.079970,0.225004,0.223731,-0.109922,-1.051459,-0.065967,1.098234,-0.128498,0.078426,-0.108833,-0.021400,0.192522,0.804647,0.043050,-0.113058,0.153253,-0.390504,-0.148649,1.082104,0.120888,0.229244,-0.115565,0.185526,-0.173563,1.111750,0.199684,0.199162,-0.132867
15.660000,0.984804,-0.150301,1.077783,0.221586,0.221923,-0.108802,-1.053993,-0.064437,1.096065,-0.124891,0.074574,-0.108034,-0.020566,0.190181,0.807795,0.040327,-0.120973,0.161494,-0.388113,-0.144081,1.079785,0.118137,0.227609,-0.116281,0.189542,-0.169572,1.109082,0.201893,0.199921,-0.133861
15.680000,0.989200,-0.145881,1.075619,0.217921,0.220027,-0.107534,-1.056453,-0.062985,1.093913,-0.121060,0.070615,-0.107140,-0.019786,0.187682,0.811106,0.037697,-0.128940,0.169532,-0.385779,-0.139546,1.077453,0.115252,0.225897,-0.117004,0.193601,-0.165566,1.106396,0.203981,0.200647,-0.134761
15.700000,0.993519,-0.141500,1.073482,0.214011,0.218044,-0.106119,-1.058834,-0.061613,1.091780,-0.117005,0.066550,-0.106150,-0.019058,0.185023,0.814575,0.035159,-0.136958,0.177365,-0.383504,-0.135045,1.075105,0.112232,0.224110,-0.117733,0.197701,-0.161546,1.103693,0.205948,0.201339,-0.135567
15.720000,0.997759,-0.137160,1.071376,0.209875,0.215977,-0.104547,-1.061132,-0.060324,1.089667,-0.112727,0.062382,-0.105062,-0.018379,0.182204,0.818199,0.032704,-0.145008,0.184981,-0.381291,-0.130582,1.072743,0.109076,0.222253,-0.118491,0.201838,-0.157513,1.100974,0.207764,0.201988,-0.136273
15.740000,1.001913,-0.132862,1.069302,0.205532,0.213826,-0.102806,-1.063342,-0.059118,1.087578,-0.108228,0.058113,-0.103873,-0.017749,0.179223,0.821973,0.030323,-0.153074,0.192366,-0.379142,-0.126156,1.070365,0.105783,0.220337,-0.119301,0.206010,-0.153467,1.098242,0.209399,0.202583,-0.136875
15.760000,1.005978,-0.128607,1.067264,0.200983,0.211593,-0.100897,-1.065460,-0.058000,1.085513,-0.103509,0.053744,-0.102583,-0.017166,0.176081,0.825892,0.028016,-0.161156,0.199522,-0.377060,-0.121769,1.067971,0.102352,0.218361,-0.120162,0.210213,-0.149410,1.095500,0.210852,0.203125,-0.137371
15.780000,1.009951,-0.124398,1.065267,0.196229,0.209278,-0.098820,-1.067481,-0.056969,1.083475,-0.098568,0.049275,-0.101192,-0.016628,0.172777,0.829952,0.025783,-0.169253,0.206447,-0.375049,-0.117422,1.065558,0.098783,0.216325,-0.121074,0.214443,-0.145343,1.092748,0.212125,0.203615,-0.137763
15.800000,1.013826,-0.120237,1.063313,0.191268,0.206880,-0.096574,-1.069401,-0.056029,1.081466,-0.093408,0.044705,-0.099700,-0.016134,0.169311,0.834148,0.023625,-0.177365,0.213141,-0.373110,-0.113116,1.063127,0.095077,0.214229,-0.122038,0.218697,-0.141266,1.089990,0.213215,0.204051,-0.138048
15.820000,1.017600,-0.116124,1.061405,0.186126,0.204395,-0.094163,-1.071216,-0.055182,1.079488,-0.088038,0.040051,-0.098106,-0.015682,0.165682,0.838476,0.021553,-0.185475,0.219588,-0.371246,-0.108853,1.060676,0.091250,0.212072,-0.123075,0.222970,-0.137181,1.087227,0.214103,0.204437,-0.138224
15.840000,1.021270,-0.112061,1.059547,0.180827,0.201818,-0.091589,-1.072921,-0.054428,1.077543,-0.082470,0.035328,-0.096410,-0.015271,0.161892,0.842930,0.019581,-0.193566,0.225771,-0.369461,-0.104633,1.058204,0.087318,0.209854,-0.124210,0.227259,-0.133089,1.084462,0.214763,0.204778,-0.138283
15.860000,1.024832,-0.108052,1.057743,0.175370,0.199150,-0.088852,-1.074513,-0.053769,1.075632,-0.076704,0.030536,-0.094611,-0.014899,0.157940,0.847505,0.017708,-0.201638,0.231688,-0.367754,-0.100459,1.055707,0.083279,0.207575,-0.125442,0.231559,-0.128990,1.081696,0.215198,0.205073,-0.138227
15.880000,1.028284,-0.104096,1.055994,0.169757,0.196391,-0.085952,-1.075988,-0.053207,1.073759,-0.070740,0.025675,-0.092710,-0.014562,0.153826,0.852196,0.015935,-0.209690,0.237340,-0.366130,-0.096331,1.053185,0.079136,0.205234,-0.126771,0.235866,-0.124886,1.078933,0.215407,0.205322,-0.138054
15.900000,1.031622,-0.100197,1.054306,0.163987,0.193541,-0.082889,-1.077341,-0.052743,1.071924,-0.064578,0.020745,-0.090707,-0.014261,0.149552,0.856997,0.014261,-0.217723,0.242728,-0.364590,-0.092250,1.050636,0.074887,0.202832,-0.128196,0.240174,-0.120778,1.076175,0.215389,0.205526,-0.137766
15.920000,1.034843,-0.096355,1.052680,0.158083,0.190600,-0.079671,-1.078570,-0.052377,1.070131,-0.058237,0.015776,-0.088604,-0.013991,0.145118,0.861903,0.012652,-0.225685,0.247836,-0.363135,-0.088218,1.048057,0.070571,0.200367,-0.129734,0.244480,-0.116665,1.073424,0.215146,0.205677,-0.137355
15.940000,1.037944,-0.092573,1.051120,0.152067,0.187570,-0.076307,-1.079670,-0.052112,1.068381,-0.051737,0.010799,-0.086404,-0.013754,0.140525,0.866909,0.011073,-0.233526,0.252648,-0.361767,-0.084236,1.045446,0.066223,0.197837,-0.131397,0.248778,-0.112551,1.070682,0.214678,0.205768,-0.136817
15.960000,1.040925,-0.088853,1.049628,0.145939,0.184449,-0.072797,-1.080638,-0.051945,1.066676,-0.045077,0.005814,-0.084106,-0.013548,0.135778,0.872007,0.009524,-0.241247,0.257166,-0.360486,-0.080305,1.042800,0.061845,0.195241,-0.133187,0.253065,-0.108435,1.067952,0.213987,0.205800,-0.136149
15.980000,1.043781,-0.085196,1.048209,0.139700,0.181239,-0.069140,-1.081472,-0.051879,1.065017,-0.038258,0.000820,-0.081711,-0.013373,0.130876,0.877193,0.008005,-0.248845,0.261388,-0.359293,-0.076427,1.040117,0.057436,0.192580,-0.135104,0.257336,-0.104319,1.065237,0.213071,0.205774,-0.135354
16.000000,1.046512,-0.081604,1.046864,0.133349,0.177940,-0.065337,-1.082168,-0.051913,1.063408,-0.031280,-0.004182,-0.079219,-0.013228,0.125825,0.882461,0.006517,-0.256323,0.265315,-0.358189,-0.072602,1.037395,0.052997,0.189853,-0.137146,0.261587,-0.100205,1.062538,0.211930,0.205687,-0.134430
16.020000,1.049114,-0.078079,1.045596,0.126892,0.174549,-0.061402,-1.082722,-0.052046,1.061849,-0.024160,-0.009145,-0.076648,-0.013112,0.120625,0.887804,0.005058,-0.263609,0.268941,-0.357174,-0.068833,1.034631,0.048557,0.187050,-0.139317,0.265812,-0.096092,1.059860,0.210551,0.205538,-0.133375
16.040000,1.051587,-0.074623,1.044409,0.120334,0.171065,-0.057349,-1.083133,-0.052278,1.060342,-0.016914,-0.014020,-0.074016,-0.013025,0.115282,0.893216,0.003628,-0.270634,0.272261,-0.356247,-0.065121,1.031821,0.044147,0.184160,-0.141616,0.270007,-0.091983,1.057204,0.208921,0.205322,-0.132186
16.060000,1.053927,-0.071237,1.043303,0.113674,0.167488,-0.053179,-1.083398,-0.052606,1.058889,-0.009544,-0.018808,-0.071322,-0.012967,0.109801,0.898692,0.002226,-0.277397,0.275274,-0.355408,-0.061467,1.028965,0.039767,0.181183,-0.144044,0.274167,-0.087880,1.054574,0.207039,0.205038,-0.130861
16.080000,1.056133,-0.067924,1.042282,0.106914,0.163818,-0.048891,-1.083514,-0.053030,1.057490,-0.002048,-0.023508,-0.068567,-0.012936,0.104188,0.904225,0.000853,-0.283898,0.277980,-0.354656,-0.057874,1.026059,0.035417,0.178119,-0.146601,0.278287,-0.083782,1.051971,0.204905,0.204687,-0.129403
16.100000,1.058203,-0.064685,1.041348,0.100052,0.160055,-0.044485,-1.083479,-0.053546,1.056147,0.005573,-0.028121,-0.065752,-0.012933,0.098447,0.909809,-0.000491,-0.290137,0.280379,-0.353991,-0.054343,1.023100,0.031098,0.174968,-0.149287,0.282362,-0.079693,1.049398,0.202520,0.204270,-0.127810
16.120000,1.060135,-0.061522,1.040503,0.093095,0.156205,-0.039980,-1.083290,-0.054153,1.054860,0.013297,-0.032595,-0.062896,-0.012956,0.092584,0.915438,-0.001810,-0.296061,0.282477,-0.353411,-0.050876,1.020087,0.026830,0.171722,-0.152095,0.286386,-0.075612,1.046859,0.199880,0.203782,-0.126083
16.140000,1.061926,-0.058437,1.039750,0.086047,0.152272,-0.035397,-1.082947,-0.054849,1.053631,0.021103,-0.036881,-0.060022,-0.013005,0.086607,0.921106,-0.003111,-0.301613,0.284277,-0.352917,-0.047475,1.017016,0.022638,0.168376,-0.155017,0.290355,-0.071542,1.044356,0.196982,0.203222,-0.124223
16.160000,1.063576,-0.055432,1.039088,0.078910,0.148256,-0.030734,-1.082446,-0.055627,1.052459,0.028990,-0.040979,-0.057130,-0.013080,0.080522,0.926808,-0.004391,-0.306795,0.285781,-0.352505,-0.044142,1.013885,0.018520,0.164928,-0.158054,0.294264,-0.067484,1.041891,0.193827,0.202589,-0.122231
16.180000,1.065082,-0.052507,1.038521,0.071683,0.144158,-0.025991,-1.081786,-0.056486,1.051346,0.036959,-0.044888,-0.054220,-0.013180,0.074338,0.932536,-0.005652,-0.311606,0.286987,-0.352176,-0.040878,1.010693,0.014477,0.161380,-0.161206,0.298107,-0.063439,1.039468,0.190414,0.201884,-0.120106
16.200000,1.066443,-0.049666,1.038049,0.064367,0.139978,-0.021170,-1.080967,-0.057422,1.050291,0.045010,-0.048608,-0.051291,-0.013306,0.068061,0.938285,-0.006894,-0.316046,0.287896,-0.351926,-0.037687,1.007436,0.010508,0.157730,-0.164472,0.301879,-0.059409,1.037088,0.186743,0.201106,-0.117849
16.220000,1.067656,-0.046909,1.037674,0.056971,0.135727,-0.016289,-1.079986,-0.058429,1.049294,0.053116,-0.052097,-0.048361,-0.013456,0.061699,0.944050,-0.008112,-0.320088,0.288522,-0.351755,-0.034570,1.004113,0.006626,0.153979,-0.167841,0.305575,-0.055395,1.034755,0.182831,0.200261,-0.115461
16.240000,1.068721,-0.044237,1.037398,0.049507,0.131419,-0.011369,-1.078842,-0.059504,1.048356,0.061249,-0.055312,-0.045447,-0.013630,0.055260,0.949824,-0.009305,-0.323703,0.288878,-0.351660,-0.031529,1.000722,0.002842,0.150126,-0.171300,0.309190,-0.051399,1.032470,0.178694,0.199357,-0.112944
16.260000,1.069636,-0.041652,1.037220,0.041976,0.127054,-0.006408,-1.077535,-0.060640,1.047476,0.069410,-0.058252,-0.042548,-0.013828,0.048753,0.955603,-0.010472,-0.326893,0.288964,-0.351640,-0.028566,0.997261,-0.000846,0.146171,-0.174849,0.312721,-0.047421,1.030238,0.174332,0.198392,-0.110298
16.280000,1.070400,-0.039155,1.037142,0.034376,0.122632,-0.001408,-1.076065,-0.061832,1.046654,0.077598,-0.060918,-0.039664,-0.014049,0.042187,0.961381,-0.011613,-0.329657,0.288781,-0.351693,-0.025682,0.993727,-0.004435,0.142115,-0.178488,0.316162,-0.043463,1.028059,0.169745,0.197367,-0.107524
16.300000,1.071010,-0.036747,1.037164,0.026709,0.118152,0.003632,-1.074431,-0.063075,1.045890,0.085814,-0.063309,-0.036796,-0.014292,0.035570,0.967152,-0.012727,-0.331994,0.288328,-0.351817,-0.022882,0.990120,-0.007927,0.137957,-0.182216,0.319509,-0.039527,1.025938,0.164932,0.196282,-0.104621
16.320000,1.071468,-0.034430,1.037287,0.018990,0.113623,0.008696,-1.072633,-0.064362,1.045182,0.094026,-0.065402,-0.033953,-0.014558,0.028910,0.972912,-0.013814,-0.333890,0.287626,-0.352010,-0.020165,0.986438,-0.011318,0.133699,-0.186004,0.322758,-0.035613,1.023875,0.159918,0.195144,-0.101605
16.340000,1.071770,-0.032203,1.037512,0.011235,0.109054,0.013769,-1.070671,-0.065689,1.044531,0.102203,-0.067172,-0.031145,-0.014845,0.022217,0.978656,-0.014870,-0.335331,0.286693,-0.352269,-0.017534,0.982680,-0.014606,0.129345,-0.189820,0.325905,-0.031721,1.021874,0.154726,0.193961,-0.098491
16.360000,1.071917,-0.030068,1.037838,0.003444,0.104444,0.018850,-1.068545,-0.067047,1.043936,0.110345,-0.068620,-0.028372,-0.015152,0.015500,0.984379,-0.015896,-0.336315,0.285531,-0.352593,-0.014992,0.978845,-0.017790,0.124893,-0.193664,0.328946,-0.027854,1.019936,0.149357,0.192734,-0.095281
16.380000,1.071907,-0.028025,1.038266,-0.004384,0.099794,0.023939,-1.066257,-0.068431,1.043396,0.118451,-0.069745,-0.025635,-0.015480,0.008768,0.990076,-0.016891,-0.336843,0.284138,-0.352980,-0.012539,0.974933,-0.020869,0.120343,-0.197535,0.331878,-0.024012,1.018063,0.143810,0.191462,-0.091973
16.400000,1.071741,-0.026076,1.038795,-0.012247,0.095102,0.029038,-1.063807,-0.069835,1.042910,0.126523,-0.070547,-0.022933,-0.015828,0.002029,0.995743,-0.017857,-0.336914,0.282516,-0.353427,-0.010179,0.970944,-0.023845,0.115697,-0.201435,0.334697,-0.020196,1.016258,0.138085,0.190145,-0.088567
16.420000,1.071417,-0.024221,1.039427,-0.020132,0.090381,0.034134,-1.061197,-0.071251,1.042479,0.134532,-0.071015,-0.020269,-0.016194,-0.004706,1.001375,-0.018790,-0.336542,0.280685,-0.353933,-0.007912,0.966876,-0.026712,0.110955,-0.205325,0.337400,-0.016407,1.014521,0.132214,0.188792,-0.085091
16.440000,1.070936,-0.022461,1.040161,-0.028026,0.085638,0.039218,-1.058427,-0.072673,1.042099,0.142452,-0.071136,-0.017645,-0.016579,-0.011429,1.006969,-0.019693,-0.335738,0.278668,-0.354495,-0.005741,0.962731,-0.029462,0.106119,-0.209171,0.339985,-0.012645,1.012855,0.126226,0.187409,-0.081568
16.460000,1.070296,-0.020796,1.040996,-0.035928,0.080874,0.044291,-1.055499,-0.074094,1.041772,0.150282,-0.070911,-0.015063,-0.016982,-0.018133,1.012520,-0.020563,-0.334504,0.276464,-0.355111,-0.003668,0.958509,-0.032097,0.101190,-0.212970,0.342449,-0.008911,1.011259,0.120123,0.185997,-0.078000
16.480000,1.069499,-0.019226,1.041932,-0.043838,0.076089,0.049351,-1.052416,-0.075507,1.041497,0.158022,-0.070340,-0.012521,-0.017402,-0.024807,1.018026,-0.021402,-0.332837,0.274074,-0.355778,-0.001694,0.954212,-0.034615,0.096167,-0.216725,0.344789,-0.005205,1.009735,0.113904,0.184556,-0.074386
16.500000,1.068543,-0.017753,1.042970,-0.051756,0.071283,0.054399,-1.049179,-0.076905,1.041271,0.165672,-0.069422,-0.010020,-0.017838,-0.031443,1.023482,-0.022209,-0.330739,0.271497,-0.356495,0.000178,0.949841,-0.037018,0.091051,-0.220433,0.347004,-0.001529,1.008284,0.107568,0.183085,-0.070726
16.520000,1.067428,-0.016375,1.044108,-0.059674,0.066465,0.059433,-1.045790,-0.078282,1.041096,0.173202,-0.068161,-0.007557,-0.018290,-0.038034,1.028885,-0.022985,-0.328245,0.268754,-0.357258,0.001947,0.945396,-0.039293,0.085847,-0.224065,0.349091,0.002118,1.006906,0.101164,0.181598,-0.067044
16.540000,1.066156,-0.015094,1.045347,-0.067584,0.061647,0.064447,-1.042252,-0.079630,1.040969,0.180581,-0.066561,-0.005130,-0.018757,-0.044571,1.034231,-0.023731,-0.325390,0.265868,-0.358066,0.003612,0.940879,-0.041426,0.080560,-0.227588,0.351050,0.005735,1.005602,0.094738,0.180106,-0.063362
16.560000,1.064725,-0.013909,1.046686,-0.075486,0.056826,0.069444,-1.038568,-0.080942,1.040890,0.187810,-0.064621,-0.002739,-0.019239,-0.051047,1.039519,-0.024445,-0.322173,0.262838,-0.358914,0.005169,0.936293,-0.043419,0.075192,-0.231003,0.352881,0.009322,1.004372,0.088290,0.178608,-0.059681
16.580000,1.063136,-0.012821,1.048125,-0.083380,0.052005,0.074422,-1.034740,-0.082212,1.040859,0.194887,-0.062342,-0.000384,-0.019735,-0.057455,1.044744,-0.025129,-0.318596,0.259663,-0.359801,0.006619,0.931640,-0.045270,0.069741,-0.234309,0.354582,0.012880,1.003215,0.081821,0.177105,-0.056001
16.600000,1.061390,-0.011829,1.049663,-0.091265,0.047182,0.079381,-1.030773,-0.083433,1.040875,0.201813,-0.059723,0.001935,-0.020244,-0.063788,1.049904,-0.025783,-0.314657,0.256345,-0.360724,0.007958,0.926921,-0.046980,0.064209,-0.237507,0.356153,0.016407,1.002131,0.075330,0.175597,-0.052321
16.620000,1.059486,-0.010934,1.051300,-0.099134,0.042367,0.084327,-1.026669,-0.084599,1.040936,0.208557,-0.056784,0.004223,-0.020766,-0.070039,1.054997,-0.026407,-0.310411,0.252903,-0.361679,0.009187,0.922140,-0.048528,0.058608,-0.240570,0.357595,0.019903,1.001122,0.068854,0.174097,-0.048664
16.640000,1.057425,-0.010134,1.053036,-0.106982,0.037569,0.089262,-1.022432,-0.085703,1.041043,0.215087,-0.053544,0.006483,-0.021300,-0.076203,1.060020,-0.027003,-0.305912,0.249357,-0.362664,0.010302,0.917299,-0.049895,0.052952,-0.243473,0.358908,0.023371,1.000185,0.062433,0.172620,-0.045054
16.660000,1.055207,-0.009431,1.054870,-0.114807,0.032788,0.094187,-1.018067,-0.086739,1.041195,0.221403,-0.050003,0.008715,-0.021846,-0.082274,1.064970,-0.027572,-0.301159,0.245707,-0.363674,0.011304,0.912402,-0.051079,0.047241,-0.246217,0.360093,0.026808,0.999319,0.056066,0.171165,-0.041491
16.680000,1.052833,-0.008823,1.056803,-0.122610,0.028024,0.099102,-1.013577,-0.087701,1.041392,0.227505,-0.046161,0.010919,-0.022403,-0.088248,1.069847,-0.028113,-0.296154,0.241953,-0.364706,0.012192,0.907452,-0.052081,0.041476,-0.248800,0.361151,0.030217,0.998525,0.049752,0.169733,-0.037974
16.700000,1.050302,-0.008310,1.058834,-0.130391,0.023277,0.104006,-1.008968,-0.088583,1.041632,0.233392,-0.042018,0.013096,-0.022970,-0.094119,1.074648,-0.028626,-0.290897,0.238096,-0.365756,0.012963,0.902451,-0.052901,0.035656,-0.251223,0.362083,0.033598,0.997800,0.043492,0.168323,-0.034504
16.720000,1.047617,-0.007891,1.060963,-0.138140,0.018565,0.108911,-1.004243,-0.089380,1.041915,0.239043,-0.037607,0.015260,-0.023547,-0.099882,1.079370,-0.029114,-0.285442,0.234156,-0.366821,0.013618,0.897404,-0.053510,0.029802,-0.253460,0.362891,0.036950,0.997144,0.037301,0.166941,-0.031088
16.740000,1.044777,-0.007567,1.063191,-0.145847,0.013905,0.113824,-0.999408,-0.090086,1.042242,0.244434,-0.032962,0.017426,-0.024134,-0.105535,1.084014,-0.029578,-0.279845,0.230155,-0.367895,0.014155,0.892314,-0.053876,0.023934,-0.255487,0.363576,0.040276,0.996556,0.031194,0.165595,-0.027733
16.760000,1.041783,-0.007335,1.065516,-0.153513,0.009299,0.118747,-0.994468,-0.090697,1.042613,0.249565,-0.028081,0.019594,-0.024730,-0.111075,1.088576,-0.030018,-0.274108,0.226093,-0.368974,0.014575,0.887186,-0.054000,0.018053,-0.257302,0.364139,0.043575,0.996034,0.025171,0.164283,-0.024440
16.780000,1.038637,-0.007195,1.067941,-0.161137,0.004745,0.123678,-0.989427,-0.091208,1.043026,0.254437,-0.022965,0.021764,-0.025335,-0.116499,1.093057,-0.030435,-0.268229,0.221970,-0.370053,0.014877,0.882024,-0.053882,0.012158,-0.258906,0.364583,0.046847,0.995578,0.019232,0.163005,-0.021209
16.800000,1.035338,-0.007145,1.070464,-0.168720,0.000243,0.128619,-0.984292,-0.091614,1.043483,0.259048,-0.017613,0.023937,-0.025948,-0.121803,1.097455,-0.030829,-0.262210,0.217787,-0.371128,0.015061,0.876831,-0.053522,0.006249,-0.260299,0.364909,0.050095,0.995186,0.013378,0.161763,-0.018039
16.820000,1.031888,-0.007184,1.073086,-0.176251,-0.004184,0.133575,-0.979067,-0.091911,1.043984,0.263392,-0.012075,0.026125,-0.026568,-0.126986,1.101768,-0.031202,-0.256104,0.213569,-0.372192,0.015127,0.871613,-0.052901,0.000354,-0.261452,0.365119,0.053318,0.994856,0.007621,0.160559,-0.014940
16.840000,1.028289,-0.007311,1.075807,-0.183720,-0.008515,0.138551,-0.973758,-0.092096,1.044528,0.267461,-0.006396,0.028343,-0.027196,-0.132047,1.105997,-0.031556,-0.249966,0.209342,-0.373242,0.015075,0.866375,-0.051997,-0.005500,-0.262337,0.365215,0.056518,0.994587,0.001973,0.159398,-0.011919
16.860000,1.024540,-0.007524,1.078628,-0.191128,-0.012750,0.143547,-0.968371,-0.092166,1.045118,0.271256,-0.000577,0.030590,-0.027830,-0.136985,1.110142,-0.031892,-0.243798,0.205107,-0.374270,0.014907,0.861122,-0.050810,-0.011313,-0.262953,0.365199,0.059694,0.994379,-0.003564,0.158280,-0.008977
16.880000,1.020644,-0.007821,1.081549,-0.198474,-0.016890,0.148562,-0.962910,-0.092118,1.045752,0.274775,0.005381,0.032867,-0.028471,-0.141799,1.114202,-0.032209,-0.237598,0.200863,-0.375272,0.014623,0.855859,-0.049342,-0.017086,-0.263301,0.365073,0.062849,0.994228,-0.008990,0.157206,-0.006113
16.900000,1.016602,-0.008199,1.084570,-0.205758,-0.020933,0.153598,-0.957381,-0.091950,1.046432,0.278020,0.011480,0.035174,-0.029118,-0.146489,1.118176,-0.032508,-0.231367,0.196611,-0.376242,0.014224,0.850591,-0.047592,-0.022818,-0.263380,0.364840,0.065983,0.994134,-0.014307,0.156173,-0.003328
16.920000,1.012414,-0.008657,1.087693,-0.212974,-0.024857,0.158661,-0.951791,-0.091658,1.047159,0.280997,0.017667,0.037516,-0.029771,-0.151054,1.122066,-0.032792,-0.225158,0.192376,-0.377174,0.013711,0.845325,-0.045548,-0.028477,-0.263169,0.364501,0.069096,0.994094,-0.019518,0.155183,-0.000614
16.940000,1.008083,-0.009193,1.090917,-0.220115,-0.028637,0.163757,-0.946143,-0.091243,1.047933,0.283715,0.023893,0.039900,-0.030430,-0.155495,1.125872,-0.033065,-0.219025,0.188184,-0.378062,0.013086,0.840067,-0.043200,-0.034028,-0.262647,0.364060,0.072190,0.994109,-0.024629,0.154235,0.002035
16.960000,1.003610,-0.009802,1.094243,-0.227182,-0.032273,0.168886,-0.940444,-0.090702,1.048756,0.286173,0.030158,0.042325,-0.031094,-0.159815,1.129594,-0.033327,-0.212969,0.184036,-0.378900,0.012351,0.834822,-0.040547,-0.039472,-0.261813,0.363517,0.075266,0.994175,-0.029639,0.153327,0.004621
16.980000,0.998996,-0.010483,1.097673,-0.234174,-0.035765,0.174049,-0.934698,-0.090036,1.049627,0.288370,0.036461,0.044791,-0.031763,-0.164015,1.133233,-0.033578,-0.206988,0.179931,-0.379682,0.011508,0.829596,-0.037589,-0.044809,-0.260668,0.362875,0.078324,0.994293,-0.034548,0.152461,0.007141
17.000000,0.994244,-0.011232,1.101206,-0.241092,-0.039113,0.179245,-0.928911,-0.089243,1.050547,0.290308,0.042803,0.047298,-0.032437,-0.168095,1.136791,-0.033817,-0.201083,0.175869,-0.380402,0.010559,0.824397,-0.034327,-0.050039,-0.259211,0.362136,0.081365,0.994461,-0.039356,0.151635,0.009598
17.020000,0.989353,-0.012046,1.104843,-0.247931,-0.042300,0.184479,-0.923087,-0.088324,1.051519,0.292008,0.049145,0.049845,-0.033116,-0.172059,1.140269,-0.034049,-0.195298,0.171873,-0.381053,0.009507,0.819230,-0.030760,-0.055124,-0.257424,0.361301,0.084389,0.994677,-0.044070,0.150851,0.011996
17.040000,0.984327,-0.012922,1.108585,-0.254689,-0.045309,0.189755,-0.917232,-0.087278,1.052542,0.293491,0.055448,0.052429,-0.033799,-0.175908,1.143667,-0.034279,-0.189676,0.167963,-0.381630,0.008355,0.814102,-0.026887,-0.060027,-0.255287,0.360373,0.087399,0.994940,-0.048693,0.150107,0.014340
17.060000,0.979166,-0.013857,1.112433,-0.261364,-0.048139,0.195073,-0.911349,-0.086106,1.053616,0.294759,0.061712,0.055050,-0.034487,-0.179647,1.146988,-0.034505,-0.184218,0.164140,-0.382126,0.007107,0.809021,-0.022709,-0.064748,-0.252802,0.359354,0.090394,0.995250,-0.053227,0.149405,0.016631
17.080000,0.973873,-0.014847,1.116388,-0.267958,-0.050791,0.200433,-0.905443,-0.084810,1.054744,0.295811,0.067937,0.057708,-0.035179,-0.183278,1.150233,-0.034729,-0.178923,0.160403,-0.382536,0.005767,0.803993,-0.018225,-0.069286,-0.249967,0.358245,0.093375,0.995605,-0.057671,0.148742,0.018869
17.100000,0.968448,-0.015888,1.120451,-0.274469,-0.053265,0.205835,-0.899518,-0.083389,1.055925,0.296646,0.074123,0.060403,-0.035876,-0.186805,1.153404,-0.034949,-0.173793,0.156753,-0.382853,0.004337,0.799024,-0.013436,-0.073642,-0.246783,0.357048,0.096344,0.996004,-0.062025,0.148121,0.021054
17.120000,0.962895,-0.016976,1.124622,-0.280910,-0.055530,0.211271,-0.893578,-0.081845,1.057160,0.297287,0.080224,0.063130,-0.036577,-0.190231,1.156504,-0.035171,-0.168854,0.153201,-0.383072,0.002822,0.794124,-0.008353,-0.077782,-0.243243,0.355764,0.099301,0.996447,-0.066299,0.147540,0.023192
17.140000,0.957212,-0.018107,1.128902,-0.287294,-0.057558,0.216735,-0.887628,-0.080181,1.058450,0.297755,0.086196,0.065886,-0.037283,-0.193561,1.159533,-0.035398,-0.164135,0.149759,-0.383186,0.001227,0.789297,-0.002989,-0.081671,-0.239343,0.354396,0.102246,0.996932,-0.070503,0.147002,0.025290
17.160000,0.951403,-0.019277,1.133291,-0.293621,-0.059349,0.222227,-0.881669,-0.078398,1.059796,0.298048,0.092036,0.068670,-0.037993,-0.196798,1.162495,-0.035631,-0.159636,0.146426,-0.383189,-0.000443,0.784552,0.002657,-0.085308,-0.235082,0.352945,0.105181,0.997458,-0.074636,0.146506,0.027348
17.180000,0.945468,-0.020480,1.137791,-0.299890,-0.060902,0.227747,-0.875707,-0.076500,1.061197,0.298168,0.097746,0.071483,-0.038708,-0.199948,1.165391,-0.035869,-0.155358,0.143203,-0.383077,-0.002183,0.779896,0.008584,-0.088695,-0.230460,0.351411,0.108106,0.998025,-0.078698,0.146053,0.029367
17.200000,0.939408,-0.021711,1.142401,-0.306102,-0.062217,0.233294,-0.869744,-0.074489,1.062655,0.298115,0.103326,0.074323,-0.039428,-0.203014,1.168224,-0.036112,-0.151300,0.140089,-0.382844,-0.003989,0.775336,0.014793,-0.091831,-0.225477,0.349797,0.111023,0.998632,-0.082690,0.145642,0.031346
17.220000,0.933224,-0.022966,1.147123,-0.312275,-0.063251,0.238843,-0.863783,-0.072369,1.064170,0.297920,0.108719,0.077186,-0.040153,-0.206001,1.170995,-0.036366,-0.147479,0.137088,-0.382484,-0.005855,0.770880,0.021255,-0.094683,-0.220134,0.348104,0.113932,0.999279,-0.086622,0.145277,0.033290
17.240000,0.926917,-0.024239,1.151955,-0.318428,-0.063962,0.244369,-0.857828,-0.070142,1.065743,0.297614,0.113870,0.080063,-0.040883,-0.208915,1.173708,-0.036633,-0.143912,0.134200,-0.381992,-0.007774,0.766533,0.027944,-0.097220,-0.214432,0.346333,0.116835,0.999964,-0.090507,0.144963,0.035204
17.260000,0.920487,-0.025523,1.156897,-0.324561,-0.064349,0.249871,-0.851879,-0.067815,1.067373,0.297198,0.118778,0.082954,-0.041618,-0.211759,1.176364,-0.036914,-0.140598,0.131427,-0.381365,-0.009741,0.762305,0.034859,-0.099441,-0.208371,0.344484,0.119731,1.000687,-0.094345,0.144699,0.037087
17.280000,0.913935,-0.026811,1.161950,-0.330674,-0.064412,0.255350,-0.845941,-0.065393,1.069061,0.296671,0.123443,0.085860,-0.042359,-0.214540,1.178966,-0.037208,-0.137539,0.128769,-0.380597,-0.011750,0.758201,0.042001,-0.101347,-0.201950,0.342559,0.122623,1.001447,-0.098135,0.144487,0.038941
17.300000,0.907260,-0.028097,1.167111,-0.336766,-0.064152,0.260805,-0.840013,-0.062879,1.070807,0.296035,0.127865,0.088781,-0.043106,-0.217263,1.181515,-0.037517,-0.134733,0.126224,-0.379683,-0.013793,0.754229,0.049370,-0.102936,-0.195171,0.340559,0.125511,1.002244,-0.101878,0.144325,0.040764
17.320000,0.900464,-0.029375,1.172382,-0.342862,-0.063530,0.266202,-0.834100,-0.060280,1.072612,0.295331,0.131989,0.091711,-0.043860,-0.219931,1.184015,-0.037842,-0.132183,0.123787,-0.378621,-0.015865,0.750396,0.056927,-0.104191,-0.188051,0.338484,0.128396,1.003078,-0.105589,0.144220,0.042563
17.340000,0.893546,-0.030636,1.177759,-0.348984,-0.062507,0.271507,-0.828200,-0.057602,1.074476,0.294606,0.135762,0.094644,-0.044620,-0.222552,1.186468,-0.038188,-0.129889,0.121450,-0.377405,-0.017958,0.746709,0.064635,-0.105092,-0.180613,0.336336,0.131280,1.003947,-0.109285,0.144178,0.044344
17.360000,0.886504,-0.031872,1.183241,-0.355133,-0.061084,0.276720,-0.822316,-0.054852,1.076398,0.293857,0.139182,0.097580,-0.045388,-0.225129,1.188874,-0.038555,-0.127852,0.119213,-0.376034,-0.020066,0.743174,0.072495,-0.105639,-0.172854,0.334113,0.134164,1.004851,-0.112965,0.144199,0.046108
17.380000,0.879340,-0.033076,1.188827,-0.361308,-0.059260,0.281841,-0.816446,-0.052037,1.078379,0.293086,0.142250,0.100519,-0.046163,-0.227667,1.191237,-0.038941,-0.126071,0.117076,-0.374504,-0.022182,0.739797,0.080506,-0.105831,-0.164776,0.331817,0.137049,1.005791,-0.116630,0.144283,0.047854
17.400000,0.872052,-0.034240,1.194514,-0.367510,-0.057036,0.286870,-0.810592,-0.049164,1.080419,0.292292,0.144966,0.103461,-0.046945,-0.230173,1.193558,-0.039348,-0.124548,0.115040,-0.372813,-0.024297,0.736585,0.088668,-0.105670,-0.156378,0.329448,0.139936,1.006765,-0.120278,0.144430,0.049582
17.420000,0.864639,-0.035355,1.200301,-0.373765,-0.054403,0.291761,-0.804754,-0.046241,1.082517,0.291536,0.147294,0.106395,-0.047737,-0.232651,1.195839,-0.039778,-0.123270,0.113089,-0.370957,-0.026406,0.733544,0.096947,-0.105150,-0.147691,0.327006,0.142826,1.007774,-0.123927,0.144648,0.051296
17.440000,0.857101,-0.036413,1.206183,-0.380100,-0.051351,0.296465,-0.798930,-0.043276,1.084675,0.290879,0.149198,0.109312,-0.048537,-0.235105,1.198082,-0.040233,-0.122230,0.111210,-0.368934,-0.028501,0.730679,0.105309,-0.104266,-0.138747,0.324491,0.145722,1.008817,-0.127591,0.144946,0.053001
17.460000,0.849435,-0.037406,1.212158,-0.386516,-0.047881,0.300985,-0.793118,-0.040276,1.086890,0.290320,0.150678,0.112210,-0.049346,-0.237542,1.200288,-0.040712,-0.121425,0.109404,-0.366744,-0.030574,0.727996,0.113753,-0.103019,-0.129545,0.321902,0.148625,1.009894,-0.131271,0.145323,0.054695
17.480000,0.841640,-0.038326,1.218222,-0.393012,-0.043992,0.305319,-0.787317,-0.037251,1.089163,0.289860,0.151735,0.115090,-0.050165,-0.239964,1.202459,-0.041216,-0.120857,0.107670,-0.364384,-0.032619,0.725499,0.122279,-0.101408,-0.120086,0.319240,0.151536,1.011005,-0.134967,0.145779,0.056380
17.500000,0.833714,-0.039163,1.224370,-0.399589,-0.039685,0.309468,-0.781523,-0.034209,1.091493,0.289498,0.152368,0.117952,-0.050995,-0.242377,1.204595,-0.041745,-0.120524,0.106007,-0.361852,-0.034628,0.723194,0.130888,-0.099433,-0.110370,0.316503,0.154456,1.012149,-0.138678,0.146315,0.058056
17.520000,0.825655,-0.039910,1.230599,-0.406264,-0.034973,0.313390,-0.775736,-0.031159,1.093881,0.289301,0.152561,0.120780,-0.051835,-0.244786,1.206699,-0.042299,-0.120407,0.104411,-0.359148,-0.036594,0.721086,0.139550,-0.097097,-0.100436,0.313693,0.157389,1.013327,-0.142420,0.146939,0.059726
17.540000,0.817462,-0.040559,1.236904,-0.413055,-0.029869,0.317045,-0.769950,-0.028110,1.096324,0.289334,0.152298,0.123558,-0.052687,-0.247195,1.208772,-0.042877,-0.120482,0.102874,-0.356270,-0.038510,0.719178,0.148236,-0.094402,-0.090326,0.310806,0.160335,1.014538,-0.146209,0.147658,0.061397
17.560000,0.809132,-0.041103,1.243279,-0.419963,-0.024375,0.320433,-0.764161,-0.025071,1.098823,0.289596,0.151579,0.126286,-0.053551,-0.249607,1.210815,-0.043479,-0.120751,0.101397,-0.353218,-0.040368,0.717474,0.156947,-0.091349,-0.080038,0.307844,0.163296,1.015783,-0.150043,0.148472,0.063067
17.580000,0.800663,-0.041532,1.249719,-0.426987,-0.018489,0.323553,-0.758364,-0.022050,1.101375,0.290089,0.150404,0.128963,-0.054426,-0.252026,1.212828,-0.044106,-0.121212,0.099980,-0.349992,-0.042161,0.715977,0.165682,-0.087938,-0.069573,0.304804,0.166274,1.017061,-0.153924,0.149382,0.064738
17.600000,0.792052,-0.041839,1.256219,-0.434128,-0.012212,0.326406,-0.752556,-0.019057,1.103981,0.290811,0.148772,0.131590,-0.055315,-0.254457,1.214814,-0.044758,-0.121866,0.098623,-0.346591,-0.043883,0.714692,0.174441,-0.084169,-0.058931,0.301687,0.169272,1.018372,-0.157852,0.150387,0.066409
17.620000,0.783297,-0.042018,1.262773,-0.441389,-0.005585,0.328961,-0.746730,-0.016102,1.106638,0.291820,0.146690,0.134149,-0.056217,-0.256902,1.216774,-0.045430,-0.122675,0.097320,-0.343014,-0.045526,0.713621,0.183203,-0.080050,-0.048156,0.298490,0.172290,1.019717,-0.161833,0.151493,0.068083
17.640000,0.774396,-0.042061,1.269375,-0.448775,0.001349,0.331185,-0.740881,-0.013193,1.109346,0.293173,0.144164,0.136620,-0.057132,-0.259365,1.218707,-0.046120,-0.123599,0.096066,-0.339263,-0.047083,0.712766,0.191950,-0.075591,-0.037294,0.295213,0.175332,1.021096,-0.165877,0.152705,0.069761
17.660000,0.765345,-0.041962,1.276019,-0.456285,0.008591,0.333080,-0.735001,-0.010338,1.112103,0.294869,0.141192,0.139005,-0.058062,-0.261847,1.220617,-0.046828,-0.124638,0.094862,-0.335336,-0.048547,0.712130,0.200681,-0.070791,-0.026345,0.291854,0.178399,1.022508,-0.169984,0.154024,0.071443
17.680000,0.756144,-0.041715,1.282696,-0.463920,0.016140,0.334645,-0.729084,-0.007548,1.114906,0.296909,0.137776,0.141302,-0.059005,-0.264351,1.222502,-0.047553,-0.125793,0.093705,-0.331236,-0.049912,0.711713,0.209395,-0.065651,-0.015308,0.288413,0.181494,1.023953,-0.174153,0.155449,0.073131
17.700000,0.746788,-0.041314,1.289402,-0.471679,0.023997,0.335880,-0.723122,-0.004830,1.117754,0.299293,0.133914,0.143512,-0.059964,-0.266879,1.224365,-0.048295,-0.127063,0.092598,-0.326961,-0.051171,0.711518,0.218093,-0.060170,-0.004184,0.284888,0.184618,1.025433,-0.178384,0.156981,0.074823
17.720000,0.737276,-0.040754,1.296129,-0.479545,0.032085,0.336767,-0.717109,-0.002194,1.120646,0.302051,0.129641,0.145613,-0.060937,-0.269434,1.226206,-0.049049,-0.128409,0.091528,-0.322512,-0.052317,0.711546,0.226753,-0.054374,0.006987,0.281277,0.187774,1.026946,-0.182671,0.158615,0.076518
17.740000,0.727605,-0.040030,1.302870,-0.487500,0.040327,0.337290,-0.711037,0.000353,1.123578,0.305214,0.124987,0.147583,-0.061926,-0.272016,1.228026,-0.049806,-0.129792,0.090482,-0.317891,-0.053344,0.711798,0.235352,-0.048290,0.018164,0.277581,0.190963,1.028494,-0.187009,0.160350,0.078216
17.760000,0.717775,-0.039140,1.309618,-0.495543,0.048725,0.337447,-0.704898,0.002803,1.126548,0.308784,0.119952,0.149424,-0.062930,-0.274626,1.229826,-0.050567,-0.131212,0.089461,-0.313099,-0.054246,0.712273,0.243891,-0.041916,0.029347,0.273797,0.194188,1.030075,-0.191398,0.162185,0.079917
17.780000,0.707783,-0.038080,1.316366,-0.503676,0.057277,0.337240,-0.698683,0.005148,1.129554,0.312759,0.114538,0.151133,-0.063949,-0.277265,1.231605,-0.051331,-0.132669,0.088464,-0.308136,-0.055019,0.712972,0.252368,-0.035253,0.040536,0.269924,0.197451,1.031690,-0.195837,0.164119,0.081621
17.800000,0.697627,-0.036847,1.323106,-0.511897,0.065983,0.336668,-0.692385,0.007382,1.132593,0.317139,0.108743,0.152712,-0.064983,-0.279933,1.233364,-0.052100,-0.134163,0.087492,-0.303004,-0.055655,0.713894,0.260786,-0.028301,0.051730,0.265963,0.200754,1.033340,-0.200326,0.166154,0.083327
17.820000,0.687307,-0.035440,1.329830,-0.520180,0.074746,0.335720,-0.685995,0.009496,1.135661,0.321929,0.102609,0.154137,-0.066033,-0.282631,1.235105,-0.052865,-0.135666,0.086532,-0.297705,-0.056149,0.715041,0.269122,-0.021099,0.062897,0.261911,0.204098,1.035024,-0.204860,0.168287,0.085033
17.840000,0.676820,-0.033858,1.336532,-0.528499,0.083464,0.334388,-0.679505,0.011484,1.138757,0.327129,0.096180,0.155384,-0.067097,-0.285359,1.236826,-0.053620,-0.137151,0.085572,-0.292240,-0.056497,0.716410,0.277358,-0.013684,0.074001,0.257768,0.207486,1.036741,-0.209431,0.170515,0.086737
17.860000,0.666167,-0.032102,1.343203,-0.536852,0.092140,0.332671,-0.672907,0.013341,1.141875,0.332742,0.089455,0.156453,-0.068177,-0.288117,1.238528,-0.054365,-0.138617,0.084613,-0.286611,-0.056695,0.718000,0.285494,-0.006056,0.085042,0.253534,0.210919,1.038493,-0.214039,0.172840,0.088438
17.880000,0.655346,-0.030173,1.349836,-0.545241,0.100772,0.330569,-0.666193,0.015060,1.145014,0.338766,0.082433,0.157344,-0.069272,-0.290904,1.240210,-0.055099,-0.140065,0.083654,-0.280821,-0.056738,0.719811,0.293529,0.001783,0.096020,0.249206,0.214400,1.040279,-0.218686,0.175261,0.090136
17.900000,0.644357,-0.028071,1.356423,-0.553664,0.109360,0.328082,-0.659354,0.016636,1.148168,0.345202,0.075116,0.158057,-0.070381,-0.293720,1.241874,-0.055823,-0.141495,0.082694,-0.274871,-0.056622,0.721841,0.301464,0.009835,0.106936,0.244786,0.217930,1.042098,-0.223370,0.177778,0.091831
17.920000,0.633199,-0.025799,1.362957,-0.562097,0.117803,0.325218,-0.652382,0.018063,1.151335,0.352040,0.067546,0.158570,-0.071505,-0.296564,1.243518,-0.056531,-0.142890,0.081723,-0.268763,-0.056343,0.724088,0.309279,0.018053,0.117762,0.240272,0.221512,1.043952,-0.228062,0.180371,0.093518
17.940000,0.621873,-0.023361,1.369430,-0.570512,0.125995,0.321984,-0.645270,0.019337,1.154509,0.359274,0.059768,0.158857,-0.072642,-0.299435,1.245143,-0.057216,-0.144233,0.080729,-0.262501,-0.055899,0.726550,0.316955,0.026389,0.128472,0.235664,0.225146,1.045839,-0.232735,0.183022,0.095193
17.960000,0.610379,-0.020761,1.375834,-0.578910,0.133938,0.318381,-0.638008,0.020453,1.157687,0.366903,0.051781,0.158919,-0.073793,-0.302332,1.246747,-0.057878,-0.145524,0.079710,-0.256086,-0.055287,0.729226,0.324493,0.034843,0.139065,0.230962,0.228833,1.047760,-0.237388,0.185731,0.096855
17.980000,0.598717,-0.018005,1.382162,-0.587290,0.141632,0.314408,-0.630591,0.021407,1.160865,0.374926,0.043585,0.158757,-0.074957,-0.305255,1.248331,-0.058518,-0.146764,0.078668,-0.249522,-0.054505,0.732112,0.331893,0.043416,0.149542,0.226168,0.232575,1.049713,-0.242020,0.188498,0.098504
18.000000,0.586887,-0.015097,1.388408,-0.595653,0.149076,0.310065,-0.623009,0.022195,1.164036,0.383344,0.035181,0.158370,-0.076134,-0.308203,1.249894,-0.059135,-0.147952,0.077602,-0.242811,-0.053550,0.735207,0.339154,0.052107,0.159902,0.221282,0.236373,1.051700,-0.246633,0.191322,0.100140
18.020000,0.574891,-0.012044,1.394563,-0.603971,0.156172,0.305360,-0.615255,0.022813,1.167198,0.392130,0.026616,0.157747,-0.077323,-0.311173,1.251435,-0.059724,-0.149074,0.076508,-0.235957,-0.052420,0.738507,0.346268,0.060871,0.170116,0.216303,0.240228,1.053719,-0.251178,0.194171,0.101760
18.040000,0.562729,-0.008854,1.400620,-0.612214,0.162821,0.300298,-0.607321,0.023258,1.170345,0.401254,0.017938,0.156880,-0.078523,-0.314165,1.252954,-0.060276,-0.150114,0.075382,-0.228961,-0.051115,0.742010,0.353229,0.069661,0.180154,0.211235,0.244140,1.055770,-0.255605,0.197009,0.103359
18.060000,0.550403,-0.005534,1.406572,-0.620383,0.169023,0.294880,-0.599202,0.023530,1.173471,0.410718,0.009146,0.155768,-0.079733,-0.317177,1.254450,-0.060792,-0.151072,0.074225,-0.221828,-0.049633,0.745712,0.360035,0.078477,0.190017,0.206080,0.248109,1.057853,-0.259917,0.199839,0.104937
18.080000,0.537914,-0.002096,1.412413,-0.628478,0.174779,0.289106,-0.590890,0.023624,1.176574,0.420521,0.000240,0.154411,-0.080954,-0.320207,1.255922,-0.061273,-0.151948,0.073036,-0.214561,-0.047975,0.749610,0.366687,0.087319,0.199705,0.200839,0.252134,1.059967,-0.264111,0.202659,0.106494
18.100000,0.525264,0.001454,1.418134,-0.636499,0.180087,0.282976,-0.582379,0.023538,1.179646,0.430663,-0.008780,0.152809,-0.082184,-0.323254,1.257371,-0.061718,-0.152743,0.071816,-0.207162,-0.046140,0.753699,0.373185,0.096187,0.209217,0.195516,0.256215,1.062112,-0.268190,0.205469,0.108031
18.120000,0.512455,0.005104,1.423729,-0.644412,0.184874,0.276490,-0.573662,0.023272,1.182684,0.441100,-0.017873,0.150971,-0.083422,-0.326317,1.258795,-0.062122,-0.153446,0.070558,-0.199635,-0.044128,0.757977,0.379519,0.105030,0.218528,0.190113,0.260352,1.064288,-0.272106,0.208227,0.109544
18.140000,0.499489,0.008845,1.429191,-0.652183,0.189062,0.269649,-0.564733,0.022823,1.185684,0.451788,-0.027001,0.148908,-0.084669,-0.329392,1.260193,-0.062480,-0.154046,0.069258,-0.191982,-0.041940,0.762439,0.385679,0.113793,0.227615,0.184633,0.264543,1.066494,-0.275814,0.210892,0.111031
18.160000,0.486368,0.012663,1.434513,-0.659812,0.192652,0.262454,-0.555589,0.022192,1.188639,0.462726,-0.036163,0.146619,-0.085921,-0.332478,1.261565,-0.062790,-0.154543,0.067915,-0.184209,-0.039577,0.767080,0.391665,0.122478,0.236476,0.179082,0.268787,1.068729,-0.279315,0.213463,0.112492
18.180000,0.473097,0.016547,1.439687,-0.667299,0.195644,0.254904,-0.546223,0.021376,1.191547,0.473915,-0.045359,0.144105,-0.087180,-0.335573,1.262909,-0.063054,-0.154938,0.066529,-0.176317,-0.037041,0.771897,0.397477,0.131084,0.245112,0.173462,0.273081,1.070994,-0.282608,0.215940,0.113927
18.200000,0.459677,0.020485,1.444707,-0.674644,0.198038,0.247000,-0.536630,0.020377,1.194402,0.485355,-0.054590,0.141364,-0.088443,-0.338675,1.264226,-0.063272,-0.155230,0.065102,-0.168311,-0.034334,0.776883,0.403115,0.139612,0.253523,0.167779,0.277424,1.073286,-0.285694,0.218323,0.115336
18.220000,0.446112,0.024464,1.449565,-0.681821,0.199803,0.238729,-0.526807,0.019193,1.197200,0.496992,-0.063830,0.138432,-0.089710,-0.341781,1.265513,-0.063445,-0.155417,0.063619,-0.160194,-0.031458,0.782036,0.408562,0.148013,0.261687,0.162036,0.281813,1.075607,-0.288546,0.220565,0.116717
18.240000,0.432406,0.028472,1.454253,-0.688803,0.200908,0.230079,-0.516750,0.017824,1.199938,0.508774,-0.073053,0.135344,-0.090981,-0.344891,1.266770,-0.063577,-0.155500,0.062069,-0.151970,-0.028415,0.787349,0.413801,0.156241,0.269586,0.156239,0.286245,1.077955,-0.291140,0.222619,0.118070
18.260000,0.418562,0.032496,1.458765,-0.695590,0.201351,0.221051,-0.506455,0.016271,1.202613,0.520702,-0.082260,0.132099,-0.092253,-0.348000,1.267995,-0.063668,-0.155478,0.060452,-0.143643,-0.025209,0.792817,0.418833,0.164296,0.277219,0.150392,0.290717,1.080329,-0.293475,0.224484,0.119394
18.280000,0.404584,0.036522,1.463093,-0.702182,0.201134,0.211643,-0.495921,0.014534,1.205221,0.532775,-0.091450,0.128696,-0.093527,-0.351109,1.269188,-0.063717,-0.155350,0.058769,-0.135218,-0.021844,0.798436,0.423656,0.172178,0.284585,0.144501,0.295223,1.082730,-0.295551,0.226162,0.120690
18.300000,0.390476,0.040537,1.467228,-0.708580,0.200257,0.201856,-0.485143,0.012613,1.207760,0.544992,-0.100624,0.125137,-0.094802,-0.354214,1.270346,-0.063724,-0.155117,0.057018,-0.126698,-0.018323,0.804199,0.428272,0.179887,0.291685,0.138572,0.299762,1.085157,-0.297369,0.227652,0.121957
18.320000,0.376242,0.044528,1.471164,-0.714763,0.198714,0.191682,-0.474121,0.010509,1.210226,0.557276,-0.109753,0.121467,-0.096076,-0.357313,1.271468,-0.063682,-0.154773,0.055192,-0.118088,-0.014650,0.810101,0.432655,0.187387,0.298508,0.132608,0.304328,1.087608,-0.298918,0.228922,0.123192
18.340000,0.361887,0.048481,1.474893,-0.720710,0.196499,0.181110,-0.462852,0.008223,1.212618,0.569547,-0.118807,0.117732,-0.097349,-0.360404,1.272553,-0.063580,-0.154314,0.053284,-0.109394,-0.010829,0.816137,0.436782,0.194644,0.305043,0.126617,0.308917,1.090084,-0.300189,0.229942,0.124393
18.360000,0.347415,0.052383,1.478406,-0.726420,0.193614,0.170142,-0.451339,0.005757,1.214935,0.581804,-0.127788,0.113931,-0.098619,-0.363485,1.273599,-0.063420,-0.153738,0.051293,-0.100619,-0.006866,0.822301,0.440651,0.201656,0.311290,0.120603,0.313524,1.092584,-0.301183,0.230711,0.125560
18.380000,0.332831,0.056221,1.481696,-0.731894,0.190058,0.158776,-0.439580,0.003112,1.217175,0.594048,-0.136693,0.110064,-0.099885,-0.366553,1.274604,-0.063201,-0.153046,0.049218,-0.091769,-0.002765,0.828587,0.444262,0.208426,0.317250,0.114571,0.318144,1.095106,-0.301899,0.231230,0.126691
18.400000,0.318141,0.059981,1.484755,-0.737132,0.185832,0.147013,-0.427577,0.000290,1.219337,0.606278,-0.145525,0.106133,-0.101146,-0.369606,1.275567,-0.062923,-0.152238,0.047061,-0.082850,0.001470,0.834989,0.447617,0.214951,0.322921,0.108529,0.322772,1.097651,-0.302338,0.231499,0.127788
18.420000,0.303348,0.063650,1.487574,-0.742119,0.180965,0.134856,-0.415330,-0.002708,1.221420,0.618399,-0.154242,0.102178,-0.102401,-0.372641,1.276486,-0.062573,-0.151309,0.044809,-0.073866,0.005832,0.841502,0.450690,0.221213,0.328311,0.102480,0.327402,1.100218,-0.302505,0.231494,0.128844
18.440000,0.288458,0.067216,1.490146,-0.746838,0.175489,0.122307,-0.402842,-0.005879,1.223424,0.630315,-0.162801,0.098242,-0.103649,-0.375657,1.277359,-0.062137,-0.150254,0.042450,-0.064825,0.010316,0.848120,0.453455,0.227190,0.333425,0.096430,0.332029,1.102805,-0.302406,0.231193,0.129852
18.460000,0.273476,0.070666,1.492464,-0.751291,0.169404,0.109367,-0.390119,-0.009219,1.225350,0.642025,-0.171204,0.094326,-0.104886,-0.378651,1.278183,-0.061617,-0.149072,0.039983,-0.055730,0.014917,0.854837,0.455912,0.232882,0.338263,0.090385,0.336648,1.105411,-0.302041,0.230596,0.130812
18.480000,0.258408,0.073988,1.494518,-0.755476,0.162709,0.096036,-0.377163,-0.012726,1.227197,0.653530,-0.179451,0.090430,-0.106113,-0.381619,1.278957,-0.061012,-0.147765,0.037408,-0.046590,0.019630,0.861649,0.458062,0.238290,0.342826,0.084350,0.341251,1.108037,-0.301410,0.229702,0.131725
18.500000,0.243259,0.077170,1.496302,-0.759395,0.155406,0.082313,-0.363979,-0.016396,1.228967,0.664829,-0.187541,0.086552,-0.107326,-0.384560,1.279679,-0.060322,-0.146332,0.034726,-0.037410,0.024447,0.868548,0.459904,0.243414,0.347113,0.078331,0.345834,1.110680,-0.300514,0.228512,0.132591
18.520000,0.228034,0.080201,1.497808,-0.763031,0.147566,0.068237,-0.350572,-0.020226,1.230660,0.675838,-0.195441,0.082720,-0.108525,-0.387472,1.280345,-0.059529,-0.144774,0.031927,-0.028196,0.029364,0.875531,0.461421,0.248238,0.351142,0.072331,0.350390,1.113340,-0.299371,0.227029,0.133401
18.540000,0.212740,0.083070,1.499030,-0.766367,0.139262,0.053845,-0.336948,-0.024212,1.232276,0.686470,-0.203119,0.078960,-0.109707,-0.390351,1.280955,-0.058616,-0.143094,0.029001,-0.018955,0.034375,0.882593,0.462592,0.252748,0.354931,0.066357,0.354913,1.116016,-0.298002,0.225255,0.134151
18.560000,0.197381,0.085768,1.499960,-0.769404,0.130494,0.039138,-0.323115,-0.028349,1.233818,0.696726,-0.210575,0.075271,-0.110869,-0.393195,1.281505,-0.057582,-0.141292,0.025948,-0.009695,0.039472,0.889727,0.463419,0.256943,0.358482,0.060413,0.359398,1.118706,-0.296406,0.223190,0.134839
18.580000,0.181965,0.088286,1.500593,-0.772141,0.121262,0.024115,-0.309081,-0.032634,1.235288,0.706606,-0.217808,0.071654,-0.112009,-0.396001,1.281992,-0.056429,-0.139367,0.022767,-0.000421,0.044650,0.896930,0.463901,0.260824,0.361793,0.054503,0.363839,1.121409,-0.294583,0.220834,0.135465
18.600000,0.166498,0.090615,1.500923,-0.774579,0.111565,0.008777,-0.294853,-0.037060,1.236685,0.716110,-0.224819,0.068109,-0.113125,-0.398769,1.282414,-0.055156,-0.137319,0.019459,0.008859,0.049903,0.904197,0.464038,0.264391,0.364865,0.048631,0.368229,1.124124,-0.292533,0.218188,0.136031
18.620000,0.150984,0.092746,1.500943,-0.776695,0.101507,-0.006795,-0.280440,-0.041625,1.238012,0.725177,-0.231581,0.064642,-0.114214,-0.401493,1.282769,-0.053741,-0.135149,0.016027,0.018138,0.055224,0.911523,0.463823,0.267637,0.367725,0.042803,0.372564,1.126850,-0.290288,0.215269,0.136532
18.640000,0.135432,0.094674,1.500650,-0.778466,0.091190,-0.022523,-0.265850,-0.046322,1.239271,0.733743,-0.238068,0.061260,-0.115274,-0.404174,1.283055,-0.052164,-0.132856,0.012475,0.027409,0.060606,0.918905,0.463245,0.270559,0.370402,0.037021,0.376838,1.129585,-0.287878,0.212093,0.136967
18.660000,0.119848,0.096392,1.500041,-0.779891,0.080613,-0.038405,-0.251093,-0.051146,1.240463,0.741811,-0.244281,0.057964,-0.116300,-0.406807,1.283268,-0.050424,-0.130440,0.008802,0.036666,0.066044,0.926338,0.462306,0.273156,0.372895,0.031289,0.381046,1.132328,-0.285303,0.208662,0.137335
18.680000,0.104239,0.097897,1.499113,-0.780970,0.069776,-0.054442,-0.236181,-0.056091,1.241590,0.749379,-0.250219,0.054752,-0.117290,-0.409390,1.283406,-0.048522,-0.127902,0.005009,0.045899,0.071530,0.933820,0.461005,0.275427,0.375205,0.025610,0.385183,1.135078,-0.282563,0.204976,0.137637
18.700000,0.088612,0.099182,1.497862,-0.781705,0.058680,-0.070634,-0.221122,-0.061153,1.242654,0.756448,-0.255882,0.051626,-0.118240,-0.411922,1.283467,-0.046458,-0.125241,0.001095,0.055103,0.077059,0.941345,0.459343,0.277373,0.377332,0.019987,0.389244,1.137833,-0.279658,0.201033,0.137873
18.720000,0.072973,0.100243,1.496287,-0.782086,0.047432,-0.086870,-0.205926,-0.066324,1.243656,0.762982,-0.261241,0.048582,-0.119147,-0.414399,1.283449,-0.044216,-0.122464,-0.002923,0.064271,0.082623,0.948912,0.457327,0.279002,0.379294,0.014424,0.393223,1.140592,-0.276614,0.196858,0.138048
18.740000,0.057331,0.101079,1.494388,-0.782106,0.036141,-0.103040,-0.190606,-0.071600,1.244598,0.768946,-0.266263,0.045615,-0.120007,-0.416820,1.283350,-0.041784,-0.119579,-0.007029,0.073394,0.088217,0.956516,0.454964,0.280320,0.381109,0.008923,0.397117,1.143355,-0.273454,0.192471,0.138169
18.760000,0.041691,0.101688,1.492166,-0.781766,0.024807,-0.119143,-0.175172,-0.076973,1.245481,0.774338,-0.270951,0.042727,-0.120817,-0.419182,1.283167,-0.039160,-0.116585,-0.011224,0.082467,0.093834,0.964155,0.452255,0.281329,0.382778,0.003487,0.400920,1.146119,-0.270178,0.187872,0.138235
18.780000,0.026062,0.102071,1.489622,-0.781065,0.013429,-0.135180,-0.159636,-0.082436,1.246307,0.779160,-0.275303,0.039916,-0.121572,-0.421483,1.282900,-0.036345,-0.113483,-0.015506,0.091482,0.099468,0.971826,0.449200,0.282028,0.384300,-0.001883,0.404630,1.148884,-0.266788,0.183063,0.138246
18.800000,0.010451,0.102225,1.486759,-0.780003,0.002007,-0.151151,-0.144010,-0.087983,1.247078,0.783412,-0.279320,0.037184,-0.122269,-0.423720,1.282546,-0.033340,-0.110272,-0.019877,0.100433,0.105113,0.979526,0.445799,0.282416,0.385676,-0.007184,0.408242,1.151648,-0.263282,0.178043,0.138203
18.820000,-0.005135,0.102151,1.483577,-0.778582,-0.009363,-0.166947,-0.128304,-0.093606,1.247795,0.787086,-0.282991,0.034523,-0.122904,-0.425893,1.282105,-0.030124,-0.106958,-0.024324,0.109312,0.110763,0.987252,0.442079,0.282513,0.386913,-0.012414,0.411751,1.154411,-0.259678,0.172832,0.138112
18.840000,-0.020690,0.101851,1.480083,-0.776801,-0.020585,-0.182460,-0.112530,-0.099300,1.248460,0.790177,-0.286302,0.031927,-0.123473,-0.427998,1.281573,-0.026679,-0.103546,-0.028833,0.118114,0.116412,0.995002,0.438067,0.282337,0.388019,-0.017570,0.415154,1.157172,-0.255994,0.167451,0.137978
18.860000,-0.036205,0.101329,1.476281,-0.774661,-0.031661,-0.197689,-0.096700,-0.105056,1.249073,0.792685,-0.289255,0.029396,-0.123970,-0.430034,1.280951,-0.023004,-0.100036,-0.033406,0.126833,0.122054,1.002772,0.433763,0.281887,0.388993,-0.022653,0.418448,1.159930,-0.252230,0.161902,0.137803
18.880000,-0.051674,0.100586,1.472177,-0.772161,-0.042589,-0.212634,-0.080827,-0.110868,1.249636,0.794610,-0.291849,0.026930,-0.124391,-0.431999,1.280236,-0.019100,-0.096428,-0.038042,0.135462,0.127685,1.010561,0.429168,0.281164,0.389836,-0.027659,0.421629,1.162684,-0.248385,0.156183,0.137586
18.900000,-0.067089,0.099626,1.467778,-0.769302,-0.053370,-0.227296,-0.064920,-0.116728,1.250151,0.795952,-0.294085,0.024529,-0.124732,-0.433890,1.279429,-0.014967,-0.092722,-0.042741,0.143997,0.133299,1.018365,0.424281,0.280167,0.390548,-0.032588,0.424694,1.165433,-0.244461,0.150294,0.137328
18.920000,-0.082444,0.098453,1.463088,-0.766085,-0.063941,-0.241587,-0.048992,-0.122629,1.250618,0.796717,-0.295957,0.022199,-0.124989,-0.435707,1.278526,-0.010608,-0.088922,-0.047499,0.152432,0.138890,1.026182,0.419138,0.278918,0.391130,-0.037437,0.427639,1.168177,-0.240471,0.144254,0.137028
18.940000,-0.097730,0.097070,1.458117,-0.762510,-0.074239,-0.255419,-0.033055,-0.128563,1.251039,0.796911,-0.297460,0.019946,-0.125155,-0.437447,1.277528,-0.006026,-0.085030,-0.052311,0.160761,0.144454,1.034009,0.413776,0.277434,0.391584,-0.042206,0.430463,1.170914,-0.236428,0.138080,0.136690
18.960000,-0.112942,0.095485,1.452874,-0.758578,-0.084266,-0.268794,-0.017120,-0.134525,1.251416,0.796535,-0.298593,0.017769,-0.125228,-0.439108,1.276434,-0.001221,-0.081047,-0.057176,0.168982,0.149986,1.041844,0.408193,0.275718,0.391910,-0.046894,0.433162,1.173644,-0.232334,0.131772,0.136312
18.980000,-0.128071,0.093702,1.447368,-0.754288,-0.094020,-0.281711,-0.001197,-0.140505,1.251750,0.795588,-0.299357,0.015669,-0.125203,-0.440688,1.275241,0.003806,-0.076973,-0.062094,0.177088,0.155481,1.049685,0.402390,0.273768,0.392108,-0.051499,0.435733,1.176366,-0.228187,0.125331,0.135895
19.000000,-0.143111,0.091726,1.441609,-0.749640,-0.103501,-0.294169,0.014700,-0.146496,1.252043,0.794071,-0.299751,0.013646,-0.125074,-0.442186,1.273949,0.009057,-0.072808,-0.067067,0.185076,0.160935,1.057528,0.396367,0.271585,0.392179,-0.056021,0.438174,1.179080,-0.223988,0.118755,0.135438
19.020000,-0.158054,0.089564,1.435605,-0.744632,-0.112681,-0.306115,0.030562,-0.152492,1.252297,0.791989,-0.299777,0.011712,-0.124839,-0.443600,1.272558,0.014508,-0.068559,-0.072086,0.192941,0.166343,1.065371,0.390153,0.269179,0.392122,-0.060458,0.440482,1.181784,-0.219751,0.112068,0.134943
19.040000,-0.172894,0.087221,1.429368,-0.739262,-0.121528,-0.317494,0.046376,-0.158485,1.252512,0.789349,-0.299436,0.009883,-0.124493,-0.444928,1.271066,0.020140,-0.064233,-0.077145,0.200681,0.171701,1.073212,0.383775,0.266564,0.391939,-0.064811,0.442656,1.184477,-0.215490,0.105292,0.134411
19.060000,-0.187622,0.084705,1.422909,-0.733530,-0.130043,-0.328307,0.062132,-0.164467,1.252693,0.786150,-0.298727,0.008157,-0.124032,-0.446169,1.269472,0.025951,-0.059830,-0.082243,0.208291,0.177004,1.081048,0.377234,0.263738,0.391630,-0.069078,0.444694,1.187160,-0.211205,0.098425,0.133842
19.080000,-0.202232,0.082021,1.416240,-0.727436,-0.138225,-0.338553,0.077818,-0.170432,1.252839,0.782394,-0.297650,0.006534,-0.123454,-0.447320,1.267776,0.031942,-0.055351,-0.087382,0.215769,0.182249,1.088876,0.370530,0.260702,0.391194,-0.073259,0.446593,1.189831,-0.206896,0.091469,0.133236
19.100000,-0.216717,0.079178,1.409371,-0.720980,-0.146075,-0.348233,0.093424,-0.176371,1.252955,0.778079,-0.296207,0.005015,-0.122753,-0.448382,1.265976,0.038113,-0.050795,-0.092561,0.223111,0.187431,1.096695,0.363663,0.257456,0.390633,-0.077354,0.448352,1.192489,-0.202562,0.084424,0.132592
19.120000,-0.231069,0.076181,1.402314,-0.714163,-0.153583,-0.357321,0.108938,-0.182277,1.253041,0.773215,-0.294403,0.003606,-0.121928,-0.449352,1.264073,0.044422,-0.046174,-0.097764,0.230315,0.192546,1.104500,0.356665,0.254012,0.389940,-0.081361,0.449969,1.195134,-0.198216,0.077303,0.131915
19.140000,-0.245281,0.073037,1.395082,-0.706986,-0.160738,-0.365791,0.124349,-0.188145,1.253100,0.767812,-0.292247,0.002312,-0.120976,-0.450229,1.262066,0.050830,-0.041499,-0.102978,0.237377,0.197590,1.112291,0.349568,0.250384,0.389112,-0.085282,0.451443,1.197766,-0.193868,0.070123,0.131206
19.160000,-0.259346,0.069754,1.387687,-0.699448,-0.167540,-0.373645,0.139647,-0.193965,1.253134,0.761869,-0.289738,0.001134,-0.119894,-0.451011,1.259954,0.057335,-0.036770,-0.108202,0.244297,0.202560,1.120064,0.342374,0.246571,0.388147,-0.089116,0.452774,1.200382,-0.189519,0.062882,0.130466
19.180000,-0.273257,0.066338,1.380140,-0.691550,-0.173990,-0.380882,0.154820,-0.199732,1.253146,0.755386,-0.286877,0.000072,-0.118682,-0.451699,1.257738,0.063937,-0.031988,-0.113435,0.251071,0.207452,1.127816,0.335080,0.242574,0.387047,-0.092863,0.453958,1.202984,-0.185169,0.055582,0.129695
19.200000,-0.287006,0.062796,1.372455,-0.683291,-0.180087,-0.387501,0.169858,-0.205438,1.253138,0.748363,-0.283663,-0.000874,-0.117336,-0.452291,1.255417,0.070638,-0.027153,-0.118679,0.257699,0.212262,1.135545,0.327689,0.238393,0.385812,-0.096523,0.454996,1.205570,-0.180817,0.048221,0.128894
19.220000,-0.300586,0.059137,1.364644,-0.674689,-0.185834,-0.393497,0.184751,-0.211076,1.253112,0.740829,-0.280107,-0.001706,-0.115856,-0.452785,1.252991,0.077387,-0.022273,-0.123914,0.264179,0.216987,1.143248,0.320238,0.234047,0.384435,-0.100096,0.455887,1.208140,-0.176470,0.040815,0.128068
19.240000,-0.313991,0.055365,1.356720,-0.665761,-0.191232,-0.398860,0.199488,-0.216640,1.253070,0.732811,-0.276220,-0.002426,-0.114241,-0.453181,1.250460,0.084135,-0.017359,-0.129122,0.270509,0.221623,1.150921,0.312766,0.229559,0.382912,-0.103582,0.456629,1.210693,-0.172134,0.033376,0.127227
19.260000,-0.327214,0.051490,1.348694,-0.656508,-0.196282,-0.403592,0.214060,-0.222123,1.253015,0.724310,-0.272002,-0.003034,-0.112491,-0.453479,1.247826,0.090882,-0.012411,-0.134302,0.276689,0.226168,1.158563,0.305274,0.224927,0.381243,-0.106981,0.457222,1.213229,-0.167810,0.025904,0.126369
19.280000,-0.340249,0.047516,1.340580,-0.646929,-0.200984,-0.407691,0.228458,-0.227518,1.252950,0.715326,-0.267453,-0.003530,-0.110605,-0.453677,1.245088,0.097628,-0.007428,-0.139454,0.282719,0.230619,1.166170,0.297762,0.220151,0.379428,-0.110294,0.457665,1.215747,-0.163496,0.018399,0.125496
19.300000,-0.353089,0.043453,1.332391,-0.637023,-0.205338,-0.411159,0.242670,-0.232818,1.252875,0.705858,-0.262572,-0.003913,-0.108585,-0.453776,1.242248,0.104373,-0.002411,-0.144579,0.288599,0.234973,1.173739,0.290229,0.215232,0.377467,-0.113521,0.457957,1.218248,-0.159194,0.010862,0.124606
19.320000,-0.365728,0.039305,1.324138,-0.626827,-0.209352,-0.414005,0.256689,-0.238018,1.252794,0.695946,-0.257369,-0.004194,-0.106431,-0.453774,1.239305,0.111066,0.002625,-0.149653,0.294329,0.239227,1.181268,0.282718,0.210202,0.375359,-0.116662,0.458099,1.220731,-0.154903,0.003305,0.123705
19.340000,-0.378161,0.035081,1.315835,-0.616372,-0.213036,-0.416239,0.270505,-0.243111,1.252708,0.685627,-0.251853,-0.004384,-0.104143,-0.453671,1.236262,0.117656,0.007666,-0.154653,0.299909,0.243381,1.188753,0.275272,0.205091,0.373102,-0.119717,0.458090,1.223196,-0.150624,-0.004259,0.122797
19.360000,-0.390381,0.030786,1.307493,-0.605659,-0.216388,-0.417860,0.284111,-0.248090,1.252619,0.674903,-0.246023,-0.004483,-0.101725,-0.453467,1.233120,0.124144,0.012711,-0.159580,0.305340,0.247431,1.196191,0.267891,0.199900,0.370696,-0.122687,0.457929,1.225643,-0.146356,-0.011829,0.121883
19.380000,-0.402385,0.026427,1.299124,-0.594688,-0.219409,-0.418868,0.297499,-0.252950,1.252529,0.663772,-0.239881,-0.004491,-0.099178,-0.453162,1.229880,0.130529,0.017761,-0.164434,0.310625,0.251376,1.203580,0.260575,0.194628,0.368141,-0.125572,0.457616,1.228072,-0.142099,-0.019407,0.120963
19.400000,-0.414167,0.022012,1.290742,-0.583459,-0.222100,-0.419264,0.310659,-0.257684,1.252440,0.652234,-0.233425,-0.004407,-0.096505,-0.452757,1.226543,0.136812,0.022816,-0.169213,0.315763,0.255215,1.210916,0.253323,0.189276,0.365438,-0.128371,0.457152,1.230482,-0.137854,-0.026992,0.120036
19.420000,-0.425722,0.017545,1.282358,-0.572012,-0.224471,-0.419083,0.323586,-0.262285,1.252353,0.640331,-0.226666,-0.004250,-0.093707,-0.452250,1.223112,0.142953,0.027869,-0.173901,0.320758,0.258947,1.218196,0.246177,0.183885,0.362592,-0.131086,0.456537,1.232873,-0.133615,-0.034572,0.119103
19.440000,-0.437047,0.013035,1.273982,-0.560384,-0.226533,-0.418361,0.336270,-0.266748,1.252270,0.628104,-0.219612,-0.004035,-0.090788,-0.451642,1.219588,0.148915,0.032914,-0.178479,0.325612,0.262571,1.225418,0.239179,0.178496,0.359609,-0.133716,0.455770,1.235246,-0.129376,-0.042134,0.118167
19.460000,-0.448136,0.008486,1.265627,-0.548577,-0.228287,-0.417098,0.348708,-0.271067,1.252192,0.615551,-0.212263,-0.003764,-0.087751,-0.450933,1.215973,0.154697,0.037951,-0.182948,0.330326,0.266087,1.232580,0.232329,0.173109,0.356489,-0.136261,0.454851,1.237600,-0.125136,-0.049679,0.117226
19.480000,-0.458988,0.003905,1.257302,-0.536589,-0.229733,-0.415293,0.360890,-0.275237,1.252120,0.602673,-0.204620,-0.003435,-0.084601,-0.450124,1.212270,0.160299,0.042980,-0.187306,0.334906,0.269495,1.239677,0.225625,0.167724,0.353231,-0.138721,0.453783,1.239935,-0.120897,-0.057207,0.116282
19.500000,-0.469599,-0.000701,1.249019,-0.524422,-0.230871,-0.412948,0.372812,-0.279250,1.252055,0.589470,-0.196682,-0.003050,-0.081341,-0.449214,1.208482,0.165722,0.048001,-0.191555,0.339352,0.272796,1.246708,0.219070,0.162341,0.349837,-0.141097,0.452563,1.242251,-0.116658,-0.064718,0.115334
19.520000,-0.479964,-0.005327,1.240787,-0.512114,-0.231712,-0.410111,0.384467,-0.283102,1.251998,0.575988,-0.188458,-0.002632,-0.077974,-0.448204,1.204609,0.170949,0.053016,-0.195691,0.343670,0.275989,1.253670,0.212701,0.157006,0.346316,-0.143387,0.451194,1.244548,-0.112409,-0.072208,0.114380
19.540000,-0.490083,-0.009968,1.232617,-0.499705,-0.232269,-0.406831,0.395850,-0.286787,1.251950,0.562272,-0.179957,-0.002202,-0.074504,-0.447094,1.200655,0.175965,0.058024,-0.199713,0.347862,0.279076,1.260560,0.206559,0.151766,0.342676,-0.145593,0.449675,1.246826,-0.108142,-0.079676,0.113419
19.560000,-0.499952,-0.014616,1.224517,-0.487194,-0.232540,-0.403107,0.406957,-0.290299,1.251910,0.548321,-0.171179,-0.001763,-0.070936,-0.445883,1.196621,0.180770,0.063027,-0.203621,0.351934,0.282060,1.267376,0.200645,0.146621,0.338919,-0.147713,0.448007,1.249085,-0.103856,-0.087122,0.112452
19.580000,-0.509570,-0.019267,1.216496,-0.474583,-0.232528,-0.398940,0.417782,-0.293632,1.251880,0.534137,-0.162125,-0.001313,-0.067275,-0.444573,1.192511,0.185363,0.068023,-0.207413,0.355889,0.284942,1.274116,0.194957,0.141572,0.335044,-0.149747,0.446190,1.251324,-0.099552,-0.094544,0.111479
19.600000,-0.518935,-0.023915,1.208562,-0.461869,-0.232230,-0.394330,0.428321,-0.296782,1.251858,0.519718,-0.152793,-0.000852,-0.063523,-0.443162,1.188325,0.189745,0.073014,-0.211092,0.359733,0.287724,1.280777,0.189496,0.136617,0.331051,-0.151695,0.444225,1.253544,-0.095230,-0.101944,0.110499
19.620000,-0.528044,-0.028555,1.200725,-0.449094,-0.231661,-0.389337,0.438569,-0.299742,1.251845,0.505123,-0.143213,-0.000398,-0.059686,-0.441652,1.184068,0.193918,0.077998,-0.214667,0.363471,0.290408,1.287357,0.184273,0.131791,0.326954,-0.153556,0.442113,1.255744,-0.090879,-0.109324,0.109512
19.640000,-0.536898,-0.033180,1.192991,-0.436297,-0.230831,-0.384024,0.448525,-0.302509,1.251842,0.490407,-0.133411,0.000034,-0.055768,-0.440042,1.179739,0.197887,0.082975,-0.218150,0.367106,0.292996,1.293854,0.179300,0.127131,0.322767,-0.155330,0.439853,1.257924,-0.086492,-0.116687,0.108518
19.660000,-0.545496,-0.037786,1.185366,-0.423476,-0.229742,-0.378389,0.458185,-0.305077,1.251847,0.475571,-0.123387,0.000442,-0.051772,-0.438333,1.175342,0.201650,0.087944,-0.221541,0.370644,0.295494,1.300267,0.174576,0.122635,0.318490,-0.157016,0.437445,1.260085,-0.082069,-0.124032,0.107516
19.680000,-0.553837,-0.042368,1.177858,-0.410633,-0.228394,-0.372434,0.467547,-0.307443,1.251859,0.460614,-0.113142,0.000828,-0.047703,-0.436525,1.170878,0.205209,0.092907,-0.224841,0.374091,0.297903,1.306593,0.170101,0.118304,0.314123,-0.158612,0.434891,1.262225,-0.077609,-0.131360,0.106508
19.700000,-0.561921,-0.046920,1.170471,-0.397767,-0.226786,-0.366157,0.476608,-0.309601,1.251880,0.445538,-0.102676,0.001191,-0.043565,-0.434617,1.166349,0.208562,0.097861,-0.228049,0.377450,0.300227,1.312831,0.165876,0.114137,0.309666,-0.160120,0.432191,1.264345,-0.073112,-0.138671,0.105492
19.720000,-0.569748,-0.051438,1.163213,-0.384894,-0.224930,-0.359627,0.485368,-0.311549,1.251907,0.430394,-0.092025,0.001523,-0.039362,-0.432610,1.161757,0.211728,0.102823,-0.231175,0.380727,0.302470,1.318980,0.161884,0.110142,0.305136,-0.161537,0.429345,1.266445,-0.068577,-0.145973,0.104472
19.740000,-0.577317,-0.055916,1.156087,-0.372028,-0.222838,-0.352911,0.493824,-0.313281,1.251940,0.415238,-0.081226,0.001814,-0.035097,-0.430504,1.157103,0.214725,0.107803,-0.234230,0.383927,0.304634,1.325037,0.158108,0.106325,0.300552,-0.162862,0.426352,1.268524,-0.064002,-0.153274,0.103451
19.760000,-0.584629,-0.060350,1.149098,-0.359170,-0.220512,-0.346008,0.501977,-0.314797,1.251979,0.400068,-0.070280,0.002065,-0.030774,-0.428298,1.152388,0.217553,0.112804,-0.237214,0.387053,0.306724,1.331001,0.154548,0.102686,0.295914,-0.164096,0.423214,1.270583,-0.059389,-0.160574,0.102429
19.780000,-0.591684,-0.064735,1.142248,-0.346320,-0.217949,-0.338918,0.509827,-0.316092,1.252023,0.384885,-0.059186,0.002276,-0.026396,-0.425992,1.147615,0.220212,0.117824,-0.240127,0.390110,0.308743,1.336873,0.151204,0.099224,0.291221,-0.165238,0.419929,1.272621,-0.054736,-0.167874,0.101406
19.800000,-0.598482,-0.069066,1.135542,-0.333478,-0.215152,-0.331642,0.517372,-0.317163,1.252070,0.369688,-0.047945,0.002446,-0.021967,-0.423585,1.142784,0.222702,0.122863,-0.242969,0.393103,0.310694,1.342650,0.148076,0.095941,0.286474,-0.166286,0.416499,1.274639,-0.050044,-0.175173,0.100381
19.820000,-0.605023,-0.073339,1.128983,-0.320633,-0.212131,-0.324254,0.524615,-0.318009,1.252120,0.354548,-0.036608,0.002582,-0.017489,-0.421077,1.137896,0.225045,0.127939,-0.245748,0.396034,0.312581,1.348332,0.145132,0.092821,0.281700,-0.167239,0.412922,1.276636,-0.045317,-0.182479,0.099362
19.840000,-0.611307,-0.077550,1.122573,-0.307778,-0.208899,-0.316825,0.531555,-0.318627,1.252173,0.339533,-0.025228,0.002687,-0.012966,-0.418467,1.132954,0.227265,0.133066,-0.248472,0.398909,0.314408,1.353918,0.142337,0.089847,0.276928,-0.168098,0.409199,1.278613,-0.040558,-0.189801,0.098356
19.860000,-0.617334,-0.081694,1.116311,-0.294911,-0.205457,-0.309358,0.538197,-0.319018,1.252227,0.324643,-0.013804,0.002762,-0.008399,-0.415754,1.127958,0.229362,0.138246,-0.251142,0.401729,0.316176,1.359409,0.139693,0.087022,0.272158,-0.168861,0.405330,1.280571,-0.035768,-0.197138,0.097362
19.880000,-0.623103,-0.085767,1.110198,-0.282033,-0.201804,-0.301851,0.544542,-0.319179,1.252283,0.309879,-0.002336,0.002807,-0.003792,-0.412937,1.122909,0.231335,0.143478,-0.253757,0.404498,0.317890,1.364804,0.137198,0.084343,0.267390,-0.169529,0.401314,1.282508,-0.030946,-0.204491,0.096380
19.900000,-0.628615,-0.089765,1.104237,-0.269143,-0.197940,-0.294305,0.550593,-0.319111,1.252340,0.295239,0.009175,0.002821,0.000853,-0.410014,1.117808,0.233186,0.148762,-0.256317,0.407218,0.319551,1.370104,0.134854,0.081813,0.262624,-0.170099,0.397150,1.284426,-0.026093,-0.211860,0.095410
19.920000,-0.633869,-0.093683,1.098426,-0.256220,-0.193891,-0.286785,0.556353,-0.318812,1.252396,0.280797,0.020667,0.002823,0.005535,-0.406986,1.112656,0.234944,0.154126,-0.258821,0.409892,0.321163,1.375309,0.132615,0.079398,0.257890,-0.170572,0.392839,1.286325,-0.021222,-0.219239,0.094459
19.940000,-0.638864,-0.097519,1.092765,-0.243241,-0.189685,-0.279355,0.561826,-0.318285,1.252452,0.266622,0.032078,0.002828,0.010251,-0.403849,1.107455,0.236642,0.159597,-0.261267,0.412523,0.322727,1.380420,0.130439,0.077070,0.253221,-0.170948,0.388381,1.288204,-0.016346,-0.226622,0.093535
19.960000,-0.643598,-0.101270,1.087251,-0.230206,-0.185321,-0.272017,0.567019,-0.317530,1.252509,0.252714,0.043408,0.002837,0.015000,-0.400601,1.102206,0.238280,0.165174,-0.263655,0.415110,0.324246,1.385439,0.128326,0.074827,0.248616,-0.171226,0.383774,1.290066,-0.011465,-0.234010,0.092636
19.980000,-0.648071,-0.104931,1.081884,-0.217114,-0.180798,-0.264769,0.571937,-0.316549,1.252566,0.239075,0.054657,0.002849,0.019781,-0.397241,1.096910,0.239857,0.170859,-0.265986,0.417656,0.325721,1.390365,0.126275,0.072670,0.244075,-0.171406,0.379020,1.291910,-0.006579,-0.241403,0.091763
20.000000,-0.652282,-0.108501,1.076660,-0.203966,-0.176118,-0.257611,0.576584,-0.315344,1.252623,0.225702,0.065824,0.002865,0.024594,-0.393766,1.091567,0.241374,0.176650,-0.268259,0.420162,0.327154,1.395202,0.124286,0.070598,0.239598,-0.171489,0.374118,1.293737,-0.001688,-0.248801,0.090916
20.020000,-0.656230,-0.111975,1.071578,-0.190740,-0.171304,-0.250594,0.580967,-0.313917,1.252681,0.212659,0.076829,0.002906,0.029436,-0.390174,1.086180,0.242854,0.182569,-0.270461,0.422628,0.328545,1.399950,0.122324,0.068578,0.235209,-0.171474,0.369068,1.295547,0.003189,-0.256203,0.090105
20.040000,-0.659911,-0.115352,1.066635,-0.177413,-0.166381,-0.243766,0.585093,-0.312272,1.252740,0.200006,0.087589,0.002993,0.034308,-0.386462,1.080749,0.244319,0.188636,-0.272578,0.425055,0.329897,1.404611,0.120353,0.066578,0.230932,-0.171362,0.363870,1.297341,0.008033,-0.263609,0.089340
20.060000,-0.663325,-0.118629,1.061826,-0.163984,-0.161348,-0.237126,0.588970,-0.310415,1.252801,0.187744,0.098103,0.003128,0.039209,-0.382628,1.075277,0.245770,0.194851,-0.274612,0.427442,0.331209,1.409188,0.118372,0.064596,0.226765,-0.171153,0.358524,1.299121,0.012845,-0.271019,0.088621
20.080000,-0.666470,-0.121805,1.057149,-0.150455,-0.156206,-0.230676,0.592605,-0.308350,1.252865,0.175871,0.108373,0.003309,0.044138,-0.378667,1.069765,0.247206,0.201213,-0.276561,0.429790,0.332481,1.413683,0.116381,0.062634,0.222711,-0.170848,0.353029,1.300886,0.017625,-0.278434,0.087948
20.100000,-0.669343,-0.124877,1.052598,-0.136825,-0.150955,-0.224415,0.596007,-0.306082,1.252933,0.164389,0.118399,0.003536,0.049097,-0.374578,1.064215,0.248628,0.207724,-0.278426,0.432097,0.333714,1.418097,0.114381,0.060691,0.218767,-0.170448,0.347386,1.302639,0.022373,-0.285852,0.087322
20.120000,-0.671942,-0.127843,1.048171,-0.123064,-0.145624,-0.218364,0.599184,-0.303616,1.253007,0.153320,0.128081,0.003831,0.054084,-0.370357,1.058629,0.250048,0.214393,-0.280180,0.434365,0.334908,1.422434,0.112354,0.058741,0.214943,-0.169954,0.341595,1.304380,0.027060,-0.293254,0.086754
20.140000,-0.674264,-0.130702,1.043862,-0.109144,-0.140244,-0.212547,0.602143,-0.300961,1.253087,0.142688,0.137324,0.004213,0.059099,-0.366001,1.053009,0.251481,0.221229,-0.281797,0.436591,0.336064,1.426696,0.110283,0.056761,0.211245,-0.169366,0.335657,1.306110,0.031658,-0.300620,0.086257
20.160000,-0.676307,-0.133452,1.039667,-0.095064,-0.134814,-0.206962,0.604894,-0.298126,1.253176,0.132493,0.146127,0.004683,0.064143,-0.361507,1.047358,0.252925,0.228234,-0.283276,0.438776,0.337179,1.430885,0.108168,0.054750,0.207674,-0.168688,0.329571,1.307830,0.036166,-0.307948,0.085831
20.180000,-0.678066,-0.136094,1.035582,-0.080824,-0.129333,-0.201610,0.607446,-0.295119,1.253275,0.122734,0.154491,0.005241,0.069216,-0.356871,1.041679,0.254380,0.235407,-0.284617,0.440917,0.338253,1.435003,0.106007,0.052708,0.204230,-0.167920,0.323339,1.309543,0.040586,-0.315240,0.085477
20.200000,-0.679539,-0.138625,1.031601,-0.066424,-0.123804,-0.196490,0.609806,-0.291949,1.253386,0.113412,0.162414,0.005886,0.074318,-0.352089,1.035974,0.255848,0.242748,-0.285821,0.443016,0.339287,1.439055,0.103803,0.050635,0.200913,-0.167065,0.316961,1.311250,0.044917,-0.322496,0.085194
20.220000,-0.680722,-0.141046,1.027721,-0.051850,-0.118256,-0.191605,0.611985,-0.288626,1.253511,0.104519,0.169828,0.006633,0.079450,-0.347160,1.030247,0.257311,0.250249,-0.286851,0.445069,0.340278,1.443041,0.101548,0.048512,0.197719,-0.166124,0.310439,1.312952,0.049131,-0.329695,0.084998
20.240000,-0.681611,-0.143356,1.023935,-0.037086,-0.112722,-0.186955,0.613990,-0.285160,1.253652,0.096045,0.176662,0.007496,0.084611,-0.342078,1.024502,0.258757,0.257904,-0.287669,0.447077,0.341227,1.446964,0.099237,0.046319,0.194643,-0.165101,0.303774,1.314651,0.053202,-0.336818,0.084905
20.260000,-0.682204,-0.145555,1.020241,-0.022134,-0.107202,-0.182541,0.615830,-0.281563,1.253812,0.087991,0.182916,0.008474,0.089800,-0.336843,1.018742,0.260184,0.265711,-0.288275,0.449038,0.342131,1.450827,0.096869,0.044055,0.191688,-0.163997,0.296967,1.316349,0.057128,-0.343865,0.084915
20.280000,-0.682495,-0.147644,1.016632,-0.006992,-0.101697,-0.178362,0.617512,-0.277847,1.253992,0.080357,0.188591,0.009569,0.095018,-0.331449,1.012972,0.261593,0.273670,-0.288671,0.450952,0.342989,1.454633,0.094445,0.041722,0.188851,-0.162817,0.290020,1.318048,0.060911,-0.350835,0.085028
20.300000,-0.682482,-0.149623,1.013105,0.008339,-0.096205,-0.174420,0.619047,-0.274024,1.254195,0.073143,0.193686,0.010779,0.100264,-0.325895,1.007196,0.262983,0.281783,-0.288854,0.452816,0.343799,1.458382,0.091964,0.039318,0.186133,-0.161562,0.282934,1.319750,0.064550,-0.357730,0.085243
20.320000,-0.682161,-0.151492,1.009654,0.023853,-0.090752,-0.170698,0.620441,-0.270104,1.254424,0.066309,0.198174,0.012104,0.105537,-0.320177,1.001420,0.264325,0.290014,-0.288777,0.454630,0.344561,1.462079,0.089420,0.036833,0.183526,-0.160236,0.275712,1.321458,0.068014,-0.364516,0.085569
20.340000,-0.681527,-0.153253,1.006276,0.039547,-0.085365,-0.167183,0.621701,-0.266101,1.254680,0.059815,0.202028,0.013543,0.110836,-0.314294,0.995647,0.265589,0.298331,-0.288390,0.456392,0.345272,1.465724,0.086805,0.034254,0.181018,-0.158843,0.268355,1.323174,0.071273,-0.371160,0.086011
20.360000,-0.680578,-0.154907,1.002965,0.055419,-0.080042,-0.163874,0.622836,-0.262027,1.254967,0.053663,0.205248,0.015095,0.116160,-0.308243,0.989886,0.266775,0.306733,-0.287691,0.458101,0.345930,1.469320,0.084119,0.031582,0.178611,-0.157386,0.260866,1.324900,0.074326,-0.377662,0.086569
20.380000,-0.679309,-0.156455,0.999719,0.071469,-0.074784,-0.160772,0.623850,-0.257895,1.255285,0.047851,0.207833,0.016761,0.121507,-0.302024,0.984142,0.267883,0.315221,-0.286682,0.459756,0.346534,1.472869,0.081362,0.028816,0.176304,-0.155871,0.253249,1.326638,0.077175,-0.384022,0.087243
20.400000,-0.677718,-0.157899,0.996533,0.087699,-0.069590,-0.157876,0.624752,-0.253718,1.255638,0.042379,0.209784,0.018542,0.126875,-0.295634,0.978421,0.268913,0.323793,-0.285362,0.461355,0.347082,1.476373,0.078534,0.025956,0.174098,-0.154301,0.245506,1.328390,0.079819,-0.390241,0.088034
20.420000,-0.675800,-0.159240,0.993403,0.104079,-0.064490,-0.155150,0.625547,-0.249508,1.256027,0.037175,0.211141,0.020425,0.132262,-0.289072,0.972730,0.269827,0.332401,-0.283670,0.462897,0.347572,1.479833,0.075614,0.022990,0.171982,-0.152680,0.237641,1.330160,0.082238,-0.396297,0.088941
20.440000,-0.673554,-0.160479,0.990326,0.120581,-0.059511,-0.152557,0.626240,-0.245276,1.256455,0.032166,0.211944,0.022400,0.137667,-0.282338,0.967077,0.270586,0.340995,-0.281541,0.464379,0.348001,1.483253,0.072578,0.019902,0.169949,-0.151013,0.229656,1.331949,0.084413,-0.402169,0.089965
20.460000,-0.670976,-0.161621,0.987300,0.137206,-0.054653,-0.150098,0.626835,-0.241034,1.256924,0.027350,0.212194,0.024467,0.143085,-0.275432,0.961471,0.271191,0.349573,-0.278977,0.465800,0.348367,1.486632,0.069428,0.016693,0.167998,-0.149305,0.221555,1.333759,0.086345,-0.407858,0.091105
20.480000,-0.668065,-0.162666,0.984321,0.153953,-0.049917,-0.147772,0.627335,-0.236792,1.257435,0.022729,0.211890,0.026627,0.148513,-0.268355,0.955921,0.271641,0.358138,-0.275976,0.467156,0.348668,1.489973,0.066162,0.013363,0.166130,-0.147561,0.213342,1.335594,0.088034,-0.413363,0.092361
20.500000,-0.664817,-0.163618,0.981388,0.170822,-0.045302,-0.145579,0.627745,-0.232562,1.257990,0.018302,0.211033,0.028878,0.153949,-0.261107,0.950435,0.271937,0.366687,-0.272541,0.468445,0.348901,1.493278,0.062781,0.009913,0.164343,-0.145785,0.205022,1.337454,0.089479,-0.418685,0.093734
20.520000,-0.661231,-0.164479,0.978498,0.187771,-0.040835,-0.143459,0.628068,-0.228354,1.258590,0.013991,0.209704,0.031203,0.159389,-0.253688,0.945023,0.272043,0.375158,-0.268618,0.469666,0.349064,1.496547,0.059251,0.006334,0.162629,-0.143983,0.196596,1.339344,0.090672,-0.423815,0.095214
20.540000,-0.657306,-0.165253,0.975650,0.204757,-0.036544,-0.141351,0.628305,-0.224176,1.259238,0.009717,0.207988,0.033581,0.164830,-0.246101,0.939694,0.271927,0.383485,-0.264156,0.470814,0.349153,1.499783,0.055535,0.002620,0.160978,-0.142160,0.188070,1.341264,0.091607,-0.428747,0.096792
20.560000,-0.653041,-0.165942,0.972844,0.221780,-0.032429,-0.139256,0.628457,-0.220037,1.259934,0.005480,0.205883,0.036012,0.170265,-0.238350,0.934460,0.271588,0.391668,-0.259156,0.471886,0.349168,1.502987,0.051635,-0.001229,0.159391,-0.140321,0.179448,1.343216,0.092283,-0.433481,0.098468
20.580000,-0.648435,-0.166551,0.970079,0.238840,-0.028490,-0.137173,0.628525,-0.215943,1.260679,0.001280,0.203390,0.038496,0.175692,-0.230436,0.929331,0.271026,0.399708,-0.253617,0.472878,0.349103,1.506159,0.047549,-0.005213,0.157866,-0.138470,0.170733,1.345203,0.092701,-0.438015,0.100242
20.600000,-0.643487,-0.167083,0.967357,0.255937,-0.024727,-0.135103,0.628509,-0.211904,1.261474,-0.002883,0.200509,0.041033,0.181105,-0.222362,0.924319,0.270240,0.407605,-0.247540,0.473787,0.348958,1.509302,0.043279,-0.009332,0.156404,-0.136614,0.161929,1.347226,0.092859,-0.442351,0.102114
20.620000,-0.638197,-0.167542,0.964676,0.273016,-0.021169,-0.132983,0.628409,-0.207925,1.262320,-0.007072,0.197345,0.043593,0.186500,-0.214133,0.919433,0.269210,0.415310,-0.240908,0.474608,0.348729,1.512416,0.038772,-0.013582,0.154995,-0.134758,0.153040,1.349288,0.092775,-0.446480,0.104065
20.640000,-0.632567,-0.167932,0.962038,0.290024,-0.017848,-0.130751,0.628225,-0.204011,1.263218,-0.011348,0.194003,0.046145,0.191871,-0.205751,0.914686,0.267912,0.422777,-0.233704,0.475336,0.348414,1.515502,0.033976,-0.017958,0.153628,-0.132905,0.144071,1.351389,0.092465,-0.450393,0.106075
20.660000,-0.626597,-0.168257,0.959446,0.306961,-0.014763,-0.128409,0.627955,-0.200166,1.264166,-0.015714,0.190483,0.048689,0.197214,-0.197223,0.910089,0.266346,0.430004,-0.225929,0.475965,0.348010,1.518561,0.028892,-0.022461,0.152302,-0.131060,0.135026,1.353531,0.091929,-0.454090,0.108146
20.680000,-0.620289,-0.168524,0.956902,0.323826,-0.011915,-0.125955,0.627596,-0.196393,1.265165,-0.020167,0.186784,0.051224,0.202523,-0.188553,0.905653,0.264513,0.436993,-0.217582,0.476489,0.347515,1.521594,0.023519,-0.027091,0.151018,-0.129229,0.125909,1.355716,0.091167,-0.457571,0.110276
20.700000,-0.613644,-0.168735,0.954409,0.340620,-0.009303,-0.123390,0.627147,-0.192696,1.266215,-0.024709,0.182908,0.053751,0.207793,-0.179745,0.901389,0.262413,0.443744,-0.208664,0.476904,0.346926,1.524602,0.017857,-0.031847,0.149776,-0.127415,0.116724,1.357943,0.090178,-0.460836,0.112465
20.720000,-0.606665,-0.168897,0.951968,0.357280,-0.006953,-0.120656,0.626607,-0.189077,1.267315,-0.029370,0.178971,0.056231,0.213018,-0.170805,0.897310,0.260046,0.450224,-0.199191,0.477201,0.346240,1.527586,0.011835,-0.036730,0.148560,-0.125623,0.107477,1.360214,0.088995,-0.463882,0.114687
20.740000,-0.599354,-0.169015,0.949584,0.373742,-0.004890,-0.117696,0.625972,-0.185537,1.268464,-0.034181,0.175093,0.058624,0.218193,-0.161738,0.893425,0.257413,0.456402,-0.189179,0.477374,0.345456,1.530545,0.005381,-0.041738,0.147356,-0.123857,0.098170,1.362530,0.087649,-0.466706,0.116913
20.760000,-0.591716,-0.169095,0.947262,0.390006,-0.003115,-0.114510,0.625239,-0.182073,1.269659,-0.039141,0.171273,0.060931,0.223313,-0.152551,0.889746,0.254516,0.462279,-0.178630,0.477414,0.344570,1.533480,-0.001505,-0.046872,0.146163,-0.122118,0.088810,1.364891,0.086139,-0.469308,0.119144
20.780000,-0.583755,-0.169142,0.945005,0.406072,-0.001626,-0.111098,0.624405,-0.178685,1.270900,-0.044252,0.167511,0.063152,0.228372,-0.143249,0.886284,0.251353,0.467855,-0.167543,0.477311,0.343580,1.536391,-0.008823,-0.052132,0.144982,-0.120412,0.079400,1.367296,0.084466,-0.471688,0.121379
20.800000,-0.575475,-0.169162,0.942819,0.421941,-0.000425,-0.107459,0.623468,-0.175372,1.272185,-0.049513,0.163808,0.065286,0.233365,-0.133839,0.883048,0.247925,0.473128,-0.155918,0.477058,0.342484,1.539279,-0.016574,-0.057518,0.143813,-0.118741,0.069944,1.369746,0.082629,-0.473846,0.123619
20.820000,-0.566879,-0.169161,0.940709,0.437550,0.000476,-0.103547,0.622423,-0.172132,1.273511,-0.054924,0.160249,0.067300,0.238287,-0.124326,0.880050,0.244240,0.478086,-0.143806,0.476645,0.341278,1.542144,-0.024822,-0.063038,0.142633,-0.117108,0.060447,1.372241,0.080673,-0.475778,0.125832
20.840000,-0.557975,-0.169145,0.938680,0.452836,0.001065,-0.099312,0.621270,-0.168961,1.274876,-0.060486,0.156923,0.069161,0.243133,-0.114717,0.877299,0.240306,0.482713,-0.131256,0.476061,0.339961,1.544984,-0.033634,-0.068699,0.141420,-0.115514,0.050914,1.374779,0.078643,-0.477483,0.127989
20.860000,-0.548768,-0.169120,0.936738,0.467799,0.001341,-0.094755,0.620003,-0.165854,1.276276,-0.066200,0.153829,0.070868,0.247898,-0.105020,0.874803,0.236123,0.487010,-0.118268,0.475296,0.338529,1.547800,-0.043010,-0.074502,0.140174,-0.113963,0.041349,1.377360,0.076537,-0.478960,0.130089
20.880000,-0.539265,-0.169093,0.934892,0.482439,0.001306,-0.089875,0.618621,-0.162806,1.277709,-0.072065,0.150966,0.072422,0.252576,-0.095239,0.872571,0.231692,0.490976,-0.104843,0.474337,0.336980,1.550591,-0.052950,-0.080446,0.138896,-0.112453,0.031757,1.379982,0.074355,-0.480209,0.132132
20.900000,-0.529473,-0.169070,0.933146,0.496756,0.000958,-0.084673,0.617119,-0.159813,1.279172,-0.078081,0.148336,0.073823,0.257164,-0.085383,0.870612,0.227012,0.494611,-0.090981,0.473174,0.335310,1.553356,-0.063453,-0.086532,0.137584,-0.110989,0.022143,1.382645,0.072099,-0.481229,0.134118
20.920000,-0.519398,-0.169057,0.931507,0.510697,0.000316,-0.079120,0.615496,-0.156871,1.280661,-0.084244,0.145991,0.075057,0.261655,-0.075457,0.868934,0.222103,0.497909,-0.076749,0.471795,0.333518,1.556094,-0.074531,-0.092766,0.136218,-0.109570,0.012510,1.385346,0.069821,-0.482016,0.136019
20.940000,-0.509048,-0.169060,0.929983,0.524209,-0.000603,-0.073186,0.613749,-0.153971,1.282173,-0.090548,0.143982,0.076111,0.266047,-0.065469,0.867544,0.216982,0.500859,-0.062219,0.470189,0.331599,1.558804,-0.086195,-0.099153,0.134776,-0.108196,0.002864,1.388085,0.067572,-0.482561,0.137807
20.960000,-0.498432,-0.169083,0.928582,0.537291,-0.001797,-0.066872,0.611874,-0.151109,1.283704,-0.096994,0.142309,0.076984,0.270333,-0.055425,0.866448,0.211651,0.503463,-0.047388,0.468343,0.329551,1.561485,-0.098445,-0.105693,0.133258,-0.106867,-0.006791,1.390858,0.065353,-0.482864,0.139481
20.980000,-0.487559,-0.169133,0.927311,0.549945,-0.003268,-0.060178,0.609868,-0.148277,1.285251,-0.103582,0.140974,0.077676,0.274511,-0.045332,0.865651,0.206108,0.505721,-0.032257,0.466247,0.327370,1.564134,-0.111280,-0.112387,0.131663,-0.105581,-0.016449,1.393663,0.063165,-0.482927,0.141042
21.000000,-0.476437,-0.169216,0.926177,0.562170,-0.005015,-0.053104,0.607729,-0.145468,1.286810,-0.110311,0.139975,0.078188,0.278576,-0.035198,0.865159,0.200355,0.507632,-0.016826,0.463888,0.325054,1.566751,-0.124702,-0.119235,0.129991,-0.104340,-0.026107,1.396499,0.061007,-0.482748,0.142490
21.020000,-0.465075,-0.169335,0.925189,0.573929,-0.006989,-0.045647,0.605455,-0.142675,1.288378,-0.117190,0.139336,0.078534,0.282524,-0.025029,0.864979,0.194412,0.509198,-0.001183,0.461256,0.322600,1.569333,-0.138638,-0.126241,0.128227,-0.103141,-0.035758,1.399362,0.058920,-0.482322,0.143806
21.040000,-0.453483,-0.169496,0.924354,0.585186,-0.009142,-0.037806,0.603041,-0.139892,1.289951,-0.124230,0.139080,0.078731,0.286351,-0.014833,0.865113,0.188300,0.510423,0.014587,0.458340,0.320003,1.571879,-0.153016,-0.133411,0.126351,-0.101982,-0.045398,1.402250,0.056946,-0.481643,0.144969
21.060000,-0.441671,-0.169702,0.923680,0.595940,-0.011472,-0.029580,0.600484,-0.137110,1.291526,-0.131430,0.139206,0.078776,0.290055,-0.004615,0.865563,0.182019,0.511304,0.030482,0.455132,0.317262,1.574386,-0.167837,-0.140745,0.124365,-0.100862,-0.055022,1.405160,0.055086,-0.480710,0.145980
21.080000,-0.429649,-0.169956,0.923173,0.606191,-0.013980,-0.020970,0.597782,-0.134321,1.293101,-0.138789,0.139715,0.078672,0.293631,0.005617,0.866333,0.175570,0.511844,0.046503,0.451623,0.314372,1.576853,-0.183100,-0.148243,0.122267,-0.099778,-0.064624,1.408088,0.053338,-0.479523,0.146838
21.100000,-0.417427,-0.170263,0.922843,0.615940,-0.016667,-0.011976,0.594932,-0.131519,1.294672,-0.146309,0.140607,0.078418,0.297077,0.015857,0.867424,0.168951,0.512041,0.062651,0.447805,0.311331,1.579276,-0.198805,-0.155905,0.120059,-0.098728,-0.074201,1.411032,0.051703,-0.478084,0.147545
21.120000,-0.405015,-0.170624,0.922697,0.625173,-0.019460,-0.002633,0.591929,-0.128694,1.296237,-0.154038,0.141877,0.078048,0.300388,0.026097,0.868839,0.162183,0.511907,0.078831,0.443669,0.308135,1.581654,-0.214841,-0.163716,0.117725,-0.097709,-0.083746,1.413989,0.050214,-0.476399,0.148090
21.140000,-0.392423,-0.171041,0.922740,0.633880,-0.022291,0.007024,0.588768,-0.125841,1.297793,-0.162029,0.143520,0.077600,0.303563,0.036331,0.870577,0.155284,0.511451,0.094951,0.439210,0.304782,1.583984,-0.231095,-0.171663,0.115248,-0.096718,-0.093255,1.416955,0.048902,-0.474477,0.148465
21.160000,-0.379663,-0.171516,0.922980,0.642059,-0.025158,0.016996,0.585446,-0.122951,1.299340,-0.170281,0.145537,0.077072,0.306599,0.046553,0.872637,0.148253,0.510675,0.111010,0.434424,0.301268,1.586263,-0.247568,-0.179744,0.112630,-0.095752,-0.102724,1.419926,0.047768,-0.472319,0.148670
21.180000,-0.366745,-0.172048,0.923422,0.649710,-0.028061,0.027281,0.581955,-0.120017,1.300876,-0.178793,0.147927,0.076465,0.309492,0.056756,0.875017,0.141092,0.509578,0.127009,0.429306,0.297591,1.588489,-0.264259,-0.187961,0.109869,-0.094806,-0.112147,1.422900,0.046811,-0.469925,0.148705
21.200000,-0.353678,-0.172638,0.924073,0.656834,-0.031001,0.037880,0.578292,-0.117032,1.302398,-0.187567,0.150691,0.075779,0.312241,0.066934,0.877717,0.133799,0.508160,0.142948,0.423852,0.293749,1.590657,-0.281170,-0.196312,0.106966,-0.093878,-0.121519,1.425873,0.046032,-0.467293,0.148569
21.220000,-0.340475,-0.173288,0.924939,0.663426,-0.033886,0.048743,0.574451,-0.113987,1.303907,-0.196667,0.153818,0.075063,0.314844,0.077080,0.880734,0.126398,0.506426,0.158747,0.418059,0.289738,1.592766,-0.298166,-0.204764,0.103910,-0.092963,-0.130837,1.428842,0.045465,-0.464425,0.148265
21.240000,-0.327145,-0.173993,0.926024,0.669478,-0.036624,0.059819,0.570423,-0.110876,1.305401,-0.206158,0.157297,0.074366,0.317297,0.087189,0.884065,0.118911,0.504380,0.174326,0.411926,0.285558,1.594812,-0.315115,-0.213280,0.100691,-0.092058,-0.140095,1.431803,0.045145,-0.461317,0.147796
21.260000,-0.313699,-0.174751,0.927333,0.674992,-0.039215,0.071110,0.566202,-0.107693,1.306881,-0.216040,0.161128,0.073687,0.319599,0.097253,0.887706,0.111338,0.502022,0.189687,0.405454,0.281206,1.596793,-0.332017,-0.221860,0.097310,-0.091156,-0.149288,1.434753,0.045072,-0.457970,0.147161
21.280000,-0.300149,-0.175560,0.928870,0.679967,-0.041659,0.082614,0.561779,-0.104429,1.308349,-0.226314,0.165311,0.073027,0.321750,0.107267,0.891651,0.103678,0.499353,0.204827,0.398645,0.276683,1.598704,-0.348872,-0.230505,0.093764,-0.090253,-0.158412,1.437688,0.045245,-0.454385,0.146362
21.300000,-0.286504,-0.176417,0.930639,0.684404,-0.043956,0.094332,0.557146,-0.101078,1.309803,-0.236980,0.169846,0.072386,0.323746,0.117225,0.895897,0.095933,0.496371,0.219749,0.391500,0.271986,1.600542,-0.365680,-0.239214,0.090056,-0.089345,-0.167462,1.440606,0.045666,-0.450561,0.145396
21.320000,-0.272776,-0.177317,0.932644,0.688315,-0.046011,0.106198,0.552297,-0.097633,1.311244,-0.248069,0.174672,0.071808,0.325587,0.127120,0.900439,0.088119,0.493086,0.234386,0.384019,0.267114,1.602305,-0.382334,-0.247935,0.086189,-0.088425,-0.176433,1.443503,0.046356,-0.446504,0.144273
21.340000,-0.258975,-0.178255,0.934888,0.691714,-0.047729,0.118145,0.547221,-0.094090,1.312676,-0.259617,0.179728,0.071341,0.327270,0.136947,0.905271,0.080256,0.489503,0.248673,0.376208,0.262069,1.603989,-0.398728,-0.256615,0.082166,-0.087488,-0.185320,1.446376,0.047341,-0.442221,0.142997
21.360000,-0.245111,-0.179224,0.937371,0.694600,-0.049112,0.130174,0.541909,-0.090443,1.314099,-0.271621,0.185013,0.070982,0.328796,0.146698,0.910384,0.072342,0.485623,0.262610,0.368072,0.256850,1.605591,-0.414861,-0.265254,0.077987,-0.086529,-0.194120,1.449222,0.048619,-0.437712,0.141570
21.380000,-0.231194,-0.180217,0.940095,0.696974,-0.050157,0.142284,0.536353,-0.086688,1.315516,-0.284084,0.190528,0.070734,0.330164,0.156369,0.915773,0.064378,0.481446,0.276198,0.359615,0.251459,1.607107,-0.430734,-0.273852,0.073653,-0.085542,-0.202827,1.452038,0.050192,-0.432977,0.139992
21.400000,-0.217235,-0.181228,0.943063,0.698836,-0.050867,0.154475,0.530543,-0.082820,1.316929,-0.297004,0.196273,0.070594,0.331371,0.165954,0.921430,0.056364,0.476972,0.289436,0.350844,0.245896,1.608536,-0.446346,-0.282409,0.069163,-0.084520,-0.211438,1.454821,0.052059,-0.428015,0.138262
21.420000,-0.203244,-0.182249,0.946274,0.700191,-0.051168,0.166687,0.524469,-0.078836,1.318340,-0.310391,0.202180,0.070603,0.332418,0.175446,0.927347,0.048316,0.472210,0.302278,0.341764,0.240163,1.609873,-0.461604,-0.290885,0.064525,-0.083457,-0.219946,1.457567,0.054234,-0.422826,0.136383
21.440000,-0.189231,-0.183272,0.949730,0.701045,-0.050991,0.178858,0.518124,-0.074732,1.319754,-0.324256,0.208179,0.070799,0.333304,0.184841,0.933518,0.040251,0.467170,0.314679,0.332383,0.234261,1.611116,-0.476415,-0.299239,0.059749,-0.082348,-0.228349,1.460275,0.056730,-0.417408,0.134360
21.460000,-0.175206,-0.184286,0.953428,0.701398,-0.050334,0.190988,0.511496,-0.070508,1.321174,-0.338599,0.214271,0.071181,0.334028,0.194131,0.939932,0.032170,0.461853,0.326639,0.322710,0.228194,1.612262,-0.490779,-0.307471,0.054834,-0.081186,-0.236641,1.462941,0.059549,-0.411761,0.132192
21.480000,-0.161179,-0.185282,0.957369,0.701251,-0.049199,0.203078,0.504577,-0.066161,1.322603,-0.353420,0.220457,0.071750,0.334590,0.203313,0.946580,0.024071,0.456257,0.338158,0.312755,0.221963,1.613308,-0.504695,-0.315581,0.049779,-0.079964,-0.244818,1.465562,0.062690,-0.405886,0.129879
21.500000,-0.147159,-0.186250,0.961551,0.700603,-0.047585,0.215127,0.497356,-0.061689,1.324045,-0.368718,0.226735,0.072505,0.334991,0.212380,0.953455,0.015955,0.450383,0.349235,0.302525,0.215572,1.614252,-0.518164,-0.323569,0.044585,-0.078676,-0.252875,1.468135,0.066153,-0.399781,0.127422
21.520000,-0.133158,-0.187182,0.965974,0.699456,-0.045467,0.227086,0.489825,-0.057091,1.325504,-0.384459,0.233028,0.073464,0.335229,0.221327,0.960547,0.007836,0.444244,0.359845,0.292032,0.209022,1.615091,-0.531118,-0.331412,0.039278,-0.077316,-0.260808,1.470658,0.069933,-0.393434,0.124817
21.540000,-0.119184,-0.188066,0.970634,0.697812,-0.042820,0.238904,0.481975,-0.052368,1.326985,-0.400608,0.239257,0.074643,0.335304,0.230148,0.967845,-0.000272,0.437852,0.369961,0.281285,0.202316,1.615823,-0.543492,-0.339087,0.033883,-0.075877,-0.268611,1.473127,0.074025,-0.386831,0.122062
21.560000,-0.105249,-0.188891,0.975529,0.695672,-0.039644,0.250583,0.473798,-0.047521,1.328491,-0.417165,0.245421,0.076041,0.335218,0.238839,0.975342,-0.008371,0.431207,0.379583,0.270296,0.195459,1.616446,-0.555285,-0.346593,0.028400,-0.074353,-0.276279,1.475539,0.078429,-0.379970,0.119158
21.580000,-0.091361,-0.189648,0.980656,0.693036,-0.035939,0.262121,0.465286,-0.042552,1.330028,-0.434130,0.251522,0.077659,0.334970,0.247395,0.983026,-0.016458,0.424310,0.388712,0.259077,0.188454,1.616958,-0.566497,-0.353931,0.022829,-0.072737,-0.283808,1.477892,0.083145,-0.372853,0.116104
21.600000,-0.077530,-0.190325,0.986013,0.689902,-0.031705,0.273519,0.456430,-0.037461,1.331599,-0.451503,0.257559,0.079496,0.334560,0.255810,0.990887,-0.024536,0.417159,0.397348,0.247640,0.181303,1.617358,-0.577128,-0.361101,0.017170,-0.071025,-0.291192,1.480182,0.088173,-0.365479,0.112900
21.620000,-0.063768,-0.190912,0.991595,0.686285,-0.026934,0.284711,0.447223,-0.032250,1.333209,-0.469207,0.263453,0.081542,0.333988,0.264079,0.998916,-0.032596,0.409772,0.405481,0.235996,0.174011,1.617644,-0.587130,-0.368078,0.011455,-0.069209,-0.298425,1.482407,0.093473,-0.357849,0.109569
21.640000,-0.050082,-0.191399,0.997399,0.682195,-0.021618,0.295631,0.437660,-0.026924,1.334862,-0.487166,0.269125,0.083783,0.333256,0.272199,1.007103,-0.040631,0.402166,0.413102,0.224159,0.166581,1.617816,-0.596451,-0.374839,0.005716,-0.067284,-0.305504,1.484564,0.099003,-0.349966,0.106132
21.660000,-0.036483,-0.191773,1.003419,0.677633,-0.015758,0.306279,0.427735,-0.021487,1.336562,-0.505379,0.274575,0.086221,0.332363,0.280164,1.015437,-0.048640,0.394341,0.420212,0.212143,0.159019,1.617873,-0.605093,-0.381384,-0.000046,-0.065247,-0.312422,1.486652,0.104764,-0.341828,0.102589
21.680000,-0.022980,-0.192026,1.009649,0.672599,-0.009353,0.316654,0.417443,-0.015943,1.338312,-0.523846,0.279803,0.088855,0.331310,0.287971,1.023908,-0.056624,0.386296,0.426811,0.199960,0.151328,1.617814,-0.613055,-0.387712,-0.005832,-0.063092,-0.319175,1.488667,0.110755,-0.333436,0.098941
21.700000,-0.009582,-0.192144,1.016083,0.667092,-0.002402,0.326757,0.406779,-0.010296,1.340117,-0.542569,0.284809,0.091684,0.330098,0.295615,1.032506,-0.064583,0.378032,0.432898,0.187625,0.143512,1.617639,-0.620337,-0.393825,-0.011642,-0.060815,-0.325758,1.490609,0.116977,-0.324790,0.095186
21.720000,0.003701,-0.192118,1.022717,0.661120,0.005067,0.336531,0.395739,-0.004552,1.341981,-0.561435,0.289513,0.094674,0.328727,0.303091,1.041220,-0.072523,0.369570,0.438478,0.175151,0.135576,1.617349,-0.626905,-0.399713,-0.017438,-0.058412,-0.332165,1.492474,0.123375,-0.315893,0.091353
21.740000,0.016859,-0.191938,1.029542,0.654688,0.013029,0.345919,0.384322,0.001282,1.343905,-0.580336,0.293833,0.097788,0.327197,0.310396,1.050042,-0.080451,0.360929,0.443555,0.162554,0.127525,1.616942,-0.632723,-0.405367,-0.023182,-0.055879,-0.338392,1.494262,0.129894,-0.306747,0.087468
21.760000,0.029885,-0.191594,1.036551,0.647797,0.021485,0.354921,0.372526,0.007198,1.345893,-0.599270,0.297770,0.101027,0.325509,0.317527,1.058959,-0.088367,0.352112,0.448129,0.149847,0.119363,1.616422,-0.637790,-0.410789,-0.028875,-0.053215,-0.344433,1.495972,0.136534,-0.297352,0.083531
21.780000,0.042768,-0.191075,1.043736,0.640445,0.030434,0.363538,0.360351,0.013190,1.347947,-0.618239,0.301324,0.104390,0.323663,0.324480,1.067963,-0.096270,0.343116,0.452201,0.137047,0.111095,1.615788,-0.642107,-0.415978,-0.034516,-0.050417,-0.350284,1.497603,0.143296,-0.287708,0.079541
21.800000,0.055500,-0.190373,1.051090,0.632635,0.039876,0.371768,0.347796,0.019249,1.350070,-0.637241,0.304494,0.107878,0.321659,0.331251,1.077044,-0.104161,0.333944,0.455769,0.124168,0.102725,1.615041,-0.645675,-0.420934,-0.040106,-0.047483,-0.355940,1.499154,0.150178,-0.277815,0.075499
21.820000,0.068071,-0.189477,1.058604,0.624370,0.049742,0.379566,0.334862,0.025367,1.352263,-0.656147,0.307223,0.111444,0.319496,0.337836,1.086191,-0.112058,0.324613,0.458845,0.111225,0.094259,1.614184,-0.648469,-0.425648,-0.045606,-0.044410,-0.361395,1.500623,0.157122,-0.267682,0.071435
21.840000,0.080472,-0.188381,1.066269,0.615658,0.059964,0.386885,0.321552,0.031534,1.354528,-0.674824,0.309452,0.115041,0.317176,0.344234,1.095395,-0.119977,0.315147,0.461441,0.098235,0.085701,1.613218,-0.650469,-0.430114,-0.050980,-0.041198,-0.366646,1.502011,0.164067,-0.257317,0.067379
21.860000,0.092694,-0.187077,1.074076,0.606498,0.070541,0.393724,0.307870,0.037742,1.356865,-0.693274,0.311182,0.118670,0.314697,0.350441,1.104645,-0.127919,0.305543,0.463556,0.085212,0.077056,1.612146,-0.651673,-0.434331,-0.056227,-0.037847,-0.371687,1.503318,0.171013,-0.246720,0.063332
21.880000,0.104728,-0.185557,1.082015,0.596889,0.081474,0.400083,0.293822,0.043978,1.359275,-0.711495,0.312413,0.122330,0.312059,0.356455,1.113934,-0.135885,0.295803,0.465191,0.072173,0.068329,1.610970,-0.652082,-0.438298,-0.061347,-0.034357,-0.376513,1.504545,0.177961,-0.235891,0.059293
21.900000,0.116566,-0.183815,1.090076,0.586833,0.092763,0.405964,0.279412,0.050235,1.361758,-0.729489,0.313144,0.126022,0.309262,0.362273,1.123250,-0.143873,0.285925,0.466345,0.059134,0.059526,1.609693,-0.651696,-0.442016,-0.066341,-0.030729,-0.381121,1.505690,0.184910,-0.224830,0.055262
21.920000,0.128199,-0.181845,1.098250,0.576346,0.104314,0.411335,0.264645,0.056500,1.364315,-0.747136,0.313329,0.129701,0.306304,0.367891,1.132584,-0.151889,0.275953,0.467033,0.046111,0.050651,1.608317,-0.650497,-0.445468,-0.071179,-0.026961,-0.385505,1.506755,0.191821,-0.213544,0.051267
21.940000,0.139618,-0.179642,1.106526,0.565445,0.116033,0.416167,0.249530,0.062764,1.366946,-0.764317,0.312918,0.133321,0.303186,0.373310,1.141928,-0.159938,0.265927,0.467269,0.033120,0.041709,1.606847,-0.648468,-0.448633,-0.075832,-0.023056,-0.389661,1.507741,0.198652,-0.202042,0.047339
21.960000,0.150814,-0.177202,1.114893,0.554130,0.127920,0.420460,0.234075,0.069013,1.369648,-0.781034,0.311913,0.136884,0.299906,0.378528,1.151272,-0.168020,0.255848,0.467055,0.020177,0.032707,1.605285,-0.645607,-0.451514,-0.080301,-0.019016,-0.393585,1.508649,0.205403,-0.190324,0.043476
21.980000,0.161780,-0.174524,1.123341,0.542401,0.139976,0.424213,0.218291,0.075236,1.372421,-0.797285,0.310313,0.140389,0.296465,0.383544,1.160607,-0.176135,0.245715,0.466389,0.007301,0.023650,1.603636,-0.641916,-0.454108,-0.084585,-0.014841,-0.397272,1.509481,0.212076,-0.178390,0.039678
22.000000,0.172507,-0.171602,1.131858,0.530258,0.152200,0.427428,0.202187,0.081422,1.375263,-0.813071,0.308118,0.143835,0.292861,0.388356,1.169925,-0.184283,0.235528,0.465272,-0.005494,0.014545,1.601903,-0.637395,-0.456418,-0.088684,-0.010533,-0.400719,1.510237,0.218669,-0.166239,0.035946
22.020000,0.182988,-0.168435,1.140434,0.517732,0.164497,0.430096,0.185772,0.087557,1.378173,-0.828289,0.305308,0.147187,0.289093,0.392965,1.179215,-0.192460,0.225319,0.463723,-0.018189,0.005396,1.600090,-0.632053,-0.458440,-0.092577,-0.006095,-0.403921,1.510919,0.225146,-0.153904,0.032301
22.040000,0.193214,-0.165022,1.149058,0.504853,0.176773,0.432211,0.169060,0.093630,1.381150,-0.842838,0.301861,0.150406,0.285162,0.397369,1.188471,-0.200662,0.215117,0.461760,-0.030770,-0.003791,1.598201,-0.625901,-0.460172,-0.096239,-0.001528,-0.406874,1.511530,0.231470,-0.141419,0.028767
22.060000,0.203180,-0.161364,1.157719,0.491622,0.189028,0.433773,0.152063,0.099627,1.384189,-0.856717,0.297778,0.153492,0.281067,0.401570,1.197683,-0.208889,0.204924,0.459383,-0.043220,-0.013009,1.596242,-0.618941,-0.461615,-0.099672,0.003163,-0.409577,1.512070,0.237642,-0.128783,0.025342
22.080000,0.212877,-0.157461,1.166406,0.478038,0.201261,0.434781,0.134796,0.105537,1.387288,-0.869926,0.293059,0.156445,0.276806,0.405566,1.206843,-0.217142,0.194740,0.456593,-0.055523,-0.022254,1.594216,-0.611170,-0.462769,-0.102876,0.007976,-0.412025,1.512544,0.243661,-0.115996,0.022028
22.100000,0.222299,-0.153314,1.175107,0.464102,0.213473,0.435236,0.117271,0.111345,1.390446,-0.882466,0.287703,0.159266,0.272381,0.409359,1.215944,-0.225419,0.184563,0.453389,-0.067662,-0.031518,1.592128,-0.602591,-0.463633,-0.105850,0.012909,-0.414215,1.512952,0.249528,-0.103059,0.018824
22.120000,0.231439,-0.148923,1.183812,0.449854,0.225579,0.435154,0.099502,0.117041,1.393658,-0.894253,0.281711,0.161930,0.267790,0.412949,1.224976,-0.233713,0.174422,0.449790,-0.079621,-0.040797,1.589984,-0.593217,-0.464205,-0.108585,0.017956,-0.416146,1.513298,0.255219,-0.090006,0.015742
22.140000,0.240291,-0.144292,1.192509,0.435337,0.237492,0.434551,0.081506,0.122610,1.396922,-0.905204,0.275082,0.164411,0.263032,0.416337,1.233933,-0.242013,0.164341,0.445814,-0.091385,-0.050084,1.587787,-0.583066,-0.464481,-0.111071,0.023116,-0.417815,1.513583,0.260712,-0.076873,0.012793
22.160000,0.248850,-0.139425,1.201190,0.420550,0.249214,0.433428,0.063300,0.128040,1.400233,-0.915321,0.267818,0.166710,0.258109,0.419523,1.242806,-0.250319,0.154323,0.441460,-0.102938,-0.059374,1.585542,-0.572136,-0.464463,-0.113306,0.028383,-0.419221,1.513810,0.266007,-0.063659,0.009979
22.180000,0.257111,-0.134325,1.209843,0.405493,0.260744,0.431784,0.044899,0.133318,1.403589,-0.924602,0.259917,0.168826,0.253019,0.422510,1.251589,-0.258632,0.144366,0.436730,-0.114265,-0.068661,1.583256,-0.560428,-0.464149,-0.115292,0.033755,-0.420361,1.513983,0.271105,-0.050366,0.007298
22.200000,0.265068,-0.128996,1.218458,0.390166,0.272082,0.429619,0.026321,0.138432,1.406985,-0.933047,0.251380,0.170760,0.247764,0.425298,1.260273,-0.266951,0.134470,0.431623,-0.125350,-0.077938,1.580932,-0.547942,-0.463541,-0.117029,0.039226,-0.421235,1.514103,0.276005,-0.036991,0.004751
22.220000,0.272716,-0.123443,1.227025,0.374612,0.283167,0.426963,0.007583,0.143369,1.410418,-0.940586,0.242225,0.172498,0.242342,0.427889,1.268851,-0.275252,0.124655,0.426159,-0.136178,-0.087200,1.578576,-0.534699,-0.462631,-0.118517,0.044794,-0.421840,1.514174,0.280694,-0.023574,0.002340
22.240000,0.280052,-0.117672,1.235533,0.358874,0.293936,0.423845,-0.011296,0.148117,1.413883,-0.947146,0.232470,0.174024,0.236754,0.430285,1.277317,-0.283510,0.114940,0.420359,-0.146733,-0.096441,1.576193,-0.520720,-0.461414,-0.119757,0.050453,-0.422178,1.514198,0.285160,-0.010149,0.000067
22.260000,0.287070,-0.111688,1.243975,0.342951,0.304391,0.420267,-0.030296,0.152664,1.417377,-0.952728,0.222116,0.175339,0.231001,0.432487,1.285663,-0.291725,0.105325,0.414223,-0.157002,-0.105655,1.573788,-0.506004,-0.459889,-0.120749,0.056199,-0.422246,1.514177,0.289402,0.003281,-0.002066
22.280000,0.293768,-0.105498,1.252341,0.326843,0.314530,0.416227,-0.049398,0.156998,1.420896,-0.957331,0.211162,0.176444,0.225085,0.434499,1.293884,-0.299897,0.095809,0.407750,-0.166969,-0.114835,1.571365,-0.490551,-0.458058,-0.121494,0.062027,-0.422046,1.514116,0.293420,0.016719,-0.004061
22.300000,0.300143,-0.099109,1.260621,0.310551,0.324354,0.411725,-0.068583,0.161106,1.424434,-0.960955,0.199608,0.177337,0.219006,0.436320,1.301971,-0.308027,0.086393,0.400942,-0.176619,-0.123975,1.568930,-0.474363,-0.455919,-0.121990,0.067934,-0.421577,1.514016,0.297215,0.030163,-0.005917
22.320000,0.306190,-0.092526,1.268807,0.294125,0.333825,0.406805,-0.087830,0.164978,1.427988,-0.963535,0.187492,0.178011,0.212765,0.437955,1.309919,-0.316086,0.077090,0.393832,-0.185938,-0.133070,1.566487,-0.457472,-0.453467,-0.122248,0.073914,-0.420840,1.513880,0.300779,0.043575,-0.007638
22.340000,0.311907,-0.085759,1.276891,0.277616,0.342906,0.401507,-0.107117,0.168603,1.431553,-0.965004,0.174849,0.178457,0.206363,0.439405,1.317723,-0.324047,0.067911,0.386457,-0.194913,-0.142112,1.564041,-0.439911,-0.450696,-0.122277,0.079963,-0.419835,1.513711,0.304104,0.056916,-0.009229
22.360000,0.317294,-0.078813,1.284865,0.261024,0.351597,0.395833,-0.126422,0.171969,1.435124,-0.965361,0.161681,0.178675,0.199803,0.440672,1.325376,-0.331910,0.058857,0.378818,-0.203530,-0.151095,1.561597,-0.421682,-0.447606,-0.122076,0.086077,-0.418564,1.513512,0.307191,0.070187,-0.010689
22.380000,0.322347,-0.071697,1.292722,0.244348,0.359898,0.389782,-0.145724,0.175066,1.438698,-0.964607,0.147986,0.178666,0.193087,0.441760,1.332874,-0.339674,0.049928,0.370913,-0.211776,-0.160014,1.559160,-0.402784,-0.444198,-0.121646,0.092250,-0.417028,1.513285,0.310040,0.083386,-0.012019
22.400000,0.327067,-0.064419,1.300454,0.227590,0.367809,0.383354,-0.164999,0.177885,1.442270,-0.962742,0.133766,0.178428,0.186217,0.442670,1.340211,-0.347340,0.041123,0.362743,-0.219637,-0.168861,1.556733,-0.383217,-0.440470,-0.120987,0.098477,-0.415229,1.513032,0.312650,0.096516,-0.013218
22.420000,0.331451,-0.056988,1.308054,0.210807,0.375314,0.376601,-0.184226,0.180414,1.445834,-0.959717,0.119079,0.177960,0.179195,0.443406,1.347382,-0.354878,0.032447,0.354354,-0.227101,-0.177631,1.554322,-0.363047,-0.436423,-0.120117,0.104754,-0.413168,1.512757,0.315020,0.109536,-0.014294
22.440000,0.335499,-0.049410,1.315516,0.194056,0.382398,0.369575,-0.203380,0.182645,1.449386,-0.955485,0.103982,0.177258,0.172023,0.443969,1.354384,-0.362259,0.023905,0.345795,-0.234156,-0.186316,1.551930,-0.342340,-0.432057,-0.119052,0.111076,-0.410848,1.512461,0.317146,0.122411,-0.015255
22.460000,0.339213,-0.041694,1.322835,0.177338,0.389060,0.362275,-0.222437,0.184570,1.452923,-0.950045,0.088476,0.176323,0.164705,0.444363,1.361213,-0.369483,0.015495,0.337065,-0.240791,-0.194911,1.549561,-0.321097,-0.427372,-0.117792,0.117438,-0.408273,1.512147,0.319029,0.135138,-0.016103
22.480000,0.342593,-0.033850,1.330005,0.160653,0.395301,0.354702,-0.241374,0.186181,1.456438,-0.943398,0.072562,0.175154,0.157245,0.444590,1.367865,-0.376550,0.007220,0.328163,-0.246996,-0.203409,1.547219,-0.299316,-0.422368,-0.116339,0.123836,-0.405444,1.511818,0.320669,0.147719,-0.016836
22.500000,0.345640,-0.025885,1.337021,0.144001,0.401121,0.346855,-0.260165,0.187470,1.459927,-0.935543,0.056239,0.173752,0.149644,0.444653,1.374338,-0.383459,-0.000923,0.319090,-0.252760,-0.211803,1.544909,-0.276999,-0.417045,-0.114690,0.130263,-0.402365,1.511475,0.322066,0.160153,-0.017454
22.520000,0.348354,-0.017808,1.343878,0.127436,0.406522,0.338794,-0.278787,0.188429,1.463386,-0.926462,0.039584,0.172121,0.141908,0.444554,1.380628,-0.390180,-0.008939,0.309900,-0.258073,-0.220088,1.542633,-0.254241,-0.411411,-0.112871,0.136717,-0.399039,1.511120,0.323226,0.172404,-0.017968
22.540000,0.350738,-0.009627,1.350572,0.111014,0.411509,0.330579,-0.297215,0.189052,1.466810,-0.916134,0.022676,0.170262,0.134039,0.444296,1.386734,-0.396681,-0.016838,0.300644,-0.262927,-0.228258,1.540395,-0.231137,-0.405475,-0.110904,0.143191,-0.395470,1.510756,0.324157,0.184432,-0.018389
22.560000,0.352795,-0.001351,1.357100,0.094734,0.416081,0.322208,-0.315424,0.189334,1.470195,-0.904561,0.005515,0.168178,0.126042,0.443881,1.392653,-0.402961,-0.024617,0.291324,-0.267316,-0.236305,1.538198,-0.207689,-0.399236,-0.108789,0.149681,-0.391663,1.510385,0.324859,0.196238,-0.018715
22.580000,0.354528,0.007013,1.363459,0.078597,0.420238,0.313684,-0.333389,0.189271,1.473536,-0.891743,-0.011899,0.165868,0.117922,0.443312,1.398386,-0.409021,-0.032278,0.281940,-0.271233,-0.244225,1.536044,-0.183895,-0.392695,-0.106526,0.156184,-0.387622,1.510008,0.325330,0.207823,-0.018947
22.600000,0.355940,0.015456,1.369646,0.062603,0.423980,0.305004,-0.351086,0.188857,1.476828,-0.877678,-0.029567,0.163331,0.109682,0.442591,1.403930,-0.414861,-0.039821,0.272490,-0.274670,-0.252011,1.533938,-0.159756,-0.385851,-0.104115,0.162693,-0.383352,1.509628,0.325573,0.219185,-0.019086
22.620000,0.357034,0.023970,1.375659,0.046805,0.427316,0.296228,-0.368488,0.188087,1.480068,-0.862385,-0.047403,0.160578,0.101329,0.441720,1.409286,-0.420449,-0.047248,0.263028,-0.277621,-0.259657,1.531881,-0.135392,-0.378724,-0.101581,0.169205,-0.378856,1.509246,0.325585,0.230297,-0.019140
22.640000,0.357814,0.032546,1.381495,0.031258,0.430251,0.287413,-0.385573,0.186960,1.483250,-0.845883,-0.065319,0.157621,0.092866,0.440702,1.414452,-0.425756,-0.054560,0.253606,-0.280085,-0.267158,1.529875,-0.110922,-0.371333,-0.098952,0.175715,-0.374142,1.508863,0.325364,0.241130,-0.019122
22.660000,0.358286,0.041177,1.387155,0.015961,0.432787,0.278558,-0.402316,0.185474,1.486371,-0.828170,-0.083317,0.154458,0.084300,0.439538,1.419430,-0.430782,-0.061759,0.244224,-0.282057,-0.274509,1.527923,-0.086346,-0.363678,-0.096227,0.182218,-0.369213,1.508481,0.324911,0.251684,-0.019030
22.680000,0.358454,0.049855,1.392637,0.000915,0.434923,0.269664,-0.418692,0.183627,1.489427,-0.809247,-0.101396,0.151091,0.075637,0.438232,1.424221,-0.435525,-0.068845,0.234881,-0.283538,-0.281704,1.526027,-0.061665,-0.355759,-0.093405,0.188710,-0.364076,1.508102,0.324226,0.261958,-0.018865
22.700000,0.358324,0.058572,1.397941,-0.013881,0.436660,0.260731,-0.434677,0.181417,1.492414,-0.789114,-0.119556,0.147518,0.066881,0.436785,1.428826,-0.439987,-0.075816,0.225579,-0.284523,-0.288738,1.524188,-0.036878,-0.347576,-0.090488,0.195186,-0.358737,1.507727,0.323309,0.271954,-0.018626
22.720000,0.357901,0.067319,1.403067,-0.028384,0.438016,0.251807,-0.450249,0.178845,1.495327,-0.767827,-0.137697,0.143759,0.058039,0.435200,1.433245,-0.444145,-0.082676,0.216360,-0.285013,-0.295605,1.522408,-0.012120,-0.339162,-0.087501,0.201641,-0.353200,1.507358,0.322163,0.281649,-0.018324
22.740000,0.357191,0.076090,1.408014,-0.042551,0.439010,0.242939,-0.465383,0.175910,1.498163,-0.745444,-0.155717,0.139832,0.049118,0.433479,1.437481,-0.447973,-0.089424,0.207271,-0.285009,-0.302303,1.520688,0.012474,-0.330550,-0.084469,0.208071,-0.347473,1.506995,0.320794,0.291024,-0.017968
22.760000,0.356201,0.084877,1.412785,-0.056383,0.439643,0.234127,-0.480059,0.172617,1.500919,-0.721963,-0.173617,0.135735,0.040123,0.431624,1.441537,-0.451473,-0.096061,0.198311,-0.284515,-0.308826,1.519029,0.036904,-0.321740,-0.081394,0.214471,-0.341561,1.506639,0.319200,0.300077,-0.017557
22.780000,0.354938,0.093673,1.417379,-0.069879,0.439915,0.225371,-0.494254,0.168966,1.503591,-0.697386,-0.191398,0.131471,0.031061,0.429637,1.445414,-0.454644,-0.102588,0.189481,-0.283534,-0.315171,1.517432,0.061170,-0.312732,-0.078275,0.220837,-0.335472,1.506293,0.317383,0.308811,-0.017092
22.800000,0.353408,0.102471,1.421800,-0.083039,0.439825,0.216672,-0.507947,0.164962,1.506177,-0.671711,-0.209058,0.127037,0.021939,0.427521,1.449117,-0.457487,-0.109004,0.180780,-0.282069,-0.321334,1.515898,0.085272,-0.303526,-0.075112,0.227165,-0.329211,1.505956,0.315342,0.317223,-0.016573
22.820000,0.351619,0.111264,1.426047,-0.095841,0.439384,0.208066,-0.521116,0.160605,1.508672,-0.645044,-0.226499,0.122461,0.012764,0.425278,1.452647,-0.459990,-0.115317,0.172240,-0.280125,-0.327311,1.514428,0.109086,-0.294160,-0.071928,0.233449,-0.322785,1.505630,0.313084,0.325307,-0.016008
22.840000,0.349577,0.120044,1.430123,-0.108262,0.438602,0.199593,-0.533743,0.155904,1.511074,-0.617487,-0.243622,0.117766,0.003542,0.422909,1.456008,-0.462142,-0.121535,0.163895,-0.277709,-0.333099,1.513021,0.132490,-0.284669,-0.068747,0.239687,-0.316201,1.505316,0.310618,0.333056,-0.015405
22.860000,0.347291,0.128805,1.434031,-0.120302,0.437479,0.191251,-0.545810,0.150863,1.513382,-0.589041,-0.260427,0.112954,-0.005720,0.420417,1.459204,-0.463945,-0.127659,0.155743,-0.274828,-0.338697,1.511678,0.155485,-0.275055,-0.065568,0.245873,-0.309465,1.505014,0.307943,0.340469,-0.014765
22.880000,0.344768,0.137541,1.437774,-0.131960,0.436015,0.183040,-0.557299,0.145489,1.515592,-0.559705,-0.276914,0.108025,-0.015014,0.417803,1.462239,-0.465396,-0.133689,0.147785,-0.271492,-0.344101,1.510398,0.178068,-0.265317,-0.062392,0.252003,-0.302584,1.504725,0.305060,0.347546,-0.014087
22.900000,0.342015,0.146244,1.441354,-0.143237,0.434210,0.174962,-0.568192,0.139788,1.517702,-0.529480,-0.293084,0.102977,-0.024333,0.415070,1.465116,-0.466498,-0.139624,0.140020,-0.267708,-0.349309,1.509182,0.200242,-0.255456,-0.059218,0.258074,-0.295565,1.504451,0.301969,0.354288,-0.013371
22.920000,0.339041,0.154907,1.444774,-0.154130,0.432075,0.167038,-0.578473,0.133768,1.519710,-0.498518,-0.308845,0.097843,-0.033671,0.412219,1.467841,-0.467247,-0.145484,0.132467,-0.263486,-0.354318,1.508030,0.221912,-0.245502,-0.056065,0.264080,-0.288415,1.504191,0.298675,0.360701,-0.012625
22.940000,0.335852,0.163525,1.448037,-0.164636,0.429618,0.159293,-0.588129,0.127438,1.521615,-0.466970,-0.324110,0.092654,-0.043021,0.409251,1.470416,-0.467643,-0.151290,0.125143,-0.258836,-0.359128,1.506940,0.242985,-0.235486,-0.052952,0.270019,-0.281140,1.503946,0.295183,0.366795,-0.011855
22.960000,0.332458,0.172090,1.451147,-0.174756,0.426840,0.151726,-0.597148,0.120807,1.523416,-0.434836,-0.338878,0.087410,-0.052374,0.406168,1.472848,-0.467685,-0.157040,0.118048,-0.253770,-0.363737,1.505911,0.263462,-0.225407,-0.049877,0.275886,-0.273745,1.503717,0.291494,0.372569,-0.011062
22.980000,0.328865,0.180596,1.454107,-0.184489,0.423741,0.144337,-0.605518,0.113886,1.525111,-0.402117,-0.353149,0.082111,-0.061726,0.402970,1.475140,-0.467373,-0.162737,0.111181,-0.248301,-0.368144,1.504944,0.283341,-0.215267,-0.046842,0.281678,-0.266239,1.503504,0.287608,0.378023,-0.010245
23.000000,0.325081,0.189037,1.456921,-0.193835,0.420321,0.137127,-0.613229,0.106684,1.526700,-0.368811,-0.366924,0.076757,-0.071067,0.399658,1.477297,-0.466708,-0.168378,0.104544,-0.242441,-0.372348,1.504037,0.302624,-0.205065,-0.043846,0.287389,-0.258627,1.503307,0.283525,0.383157,-0.009404
23.020000,0.321114,0.197407,1.459593,-0.202814,0.416581,0.130107,-0.620268,0.099213,1.528181,-0.335105,-0.380131,0.071382,-0.080392,0.396235,1.479323,-0.465689,-0.173996,0.098139,-0.236201,-0.376347,1.503190,0.321250,-0.194816,-0.040903,0.293017,-0.250915,1.503128,0.279240,0.387994,-0.008547
23.040000,0.316971,0.205698,1.462127,-0.211445,0.412523,0.123286,-0.626631,0.091483,1.529555,-0.301180,-0.392703,0.066021,-0.089692,0.392699,1.481224,-0.464315,-0.179625,0.091971,-0.229596,-0.380140,1.502401,0.339158,-0.184536,-0.038024,0.298558,-0.243109,1.502965,0.274750,0.392557,-0.007678
23.060000,0.312658,0.213906,1.464526,-0.219729,0.408147,0.116666,-0.632314,0.083509,1.530822,-0.267038,-0.404639,0.060673,-0.098962,0.389050,1.483004,-0.462585,-0.185262,0.086038,-0.222639,-0.383728,1.501669,0.356350,-0.174225,-0.035210,0.304006,-0.235214,1.502821,0.270055,0.396847,-0.006798
23.080000,0.308184,0.222022,1.466795,-0.227666,0.403453,0.110246,-0.637311,0.075302,1.531982,-0.232679,-0.415938,0.055339,-0.108193,0.385288,1.484667,-0.460501,-0.190909,0.080342,-0.215346,-0.387109,1.500992,0.372824,-0.163883,-0.032462,0.309359,-0.227237,1.502694,0.265154,0.400862,-0.005907
23.100000,0.303554,0.230042,1.468937,-0.235255,0.398440,0.104027,-0.641620,0.066876,1.533036,-0.198102,-0.426602,0.050019,-0.117379,0.381413,1.486219,-0.458062,-0.196566,0.074881,-0.207731,-0.390283,1.500370,0.388581,-0.153509,-0.029778,0.314611,-0.219181,1.502584,0.260047,0.404605,-0.005005
23.120000,0.298776,0.237958,1.470957,-0.242523,0.393101,0.098009,-0.645235,0.058243,1.533983,-0.163499,-0.436586,0.044745,-0.126513,0.377425,1.487664,-0.455264,-0.202270,0.069650,-0.199808,-0.393249,1.499800,0.403586,-0.143106,-0.027166,0.319759,-0.211054,1.502493,0.254723,0.408095,-0.004096
23.140000,0.293855,0.245763,1.472859,-0.249495,0.387428,0.092194,-0.648161,0.049417,1.534826,-0.129062,-0.445847,0.039551,-0.135588,0.373322,1.489006,-0.452102,-0.208059,0.064642,-0.191593,-0.396007,1.499283,0.417806,-0.132675,-0.024632,0.324798,-0.202859,1.502421,0.249168,0.411356,-0.003185
23.160000,0.288798,0.253453,1.474646,-0.256171,0.381422,0.086583,-0.650399,0.040413,1.535566,-0.094791,-0.454385,0.034436,-0.144595,0.369102,1.490251,-0.448578,-0.213934,0.059857,-0.183101,-0.398556,1.498815,0.431239,-0.122216,-0.022175,0.329724,-0.194601,1.502366,0.243381,0.414387,-0.002271
23.180000,0.283610,0.261018,1.476324,-0.262551,0.375081,0.081176,-0.651953,0.031246,1.536204,-0.060686,-0.462200,0.029402,-0.153528,0.364764,1.491402,-0.444690,-0.219894,0.055295,-0.174349,-0.400895,1.498395,0.443887,-0.111729,-0.019797,0.334532,-0.186285,1.502330,0.237364,0.417188,-0.001355
23.200000,0.278298,0.268454,1.477895,-0.268636,0.368406,0.075972,-0.652827,0.021930,1.536743,-0.026747,-0.469291,0.024447,-0.162380,0.360306,1.492464,-0.440439,-0.225940,0.050955,-0.165351,-0.403025,1.498022,0.455748,-0.101214,-0.017497,0.339217,-0.177915,1.502312,0.231116,0.419759,-0.000437
23.220000,0.272866,0.275752,1.479364,-0.274445,0.361394,0.070966,-0.653026,0.012480,1.537183,0.006849,-0.475630,0.019600,-0.171143,0.355726,1.493442,-0.435822,-0.232092,0.046826,-0.156124,-0.404944,1.497695,0.466816,-0.090682,-0.015276,0.343775,-0.169496,1.502312,0.224633,0.422112,0.000482
23.240000,0.267322,0.282907,1.480735,-0.279999,0.354041,0.066155,-0.652557,0.002910,1.537527,0.039926,-0.481188,0.014888,-0.179811,0.351021,1.494339,-0.430836,-0.238373,0.042894,-0.146684,-0.406652,1.497411,0.477082,-0.080145,-0.013137,0.348201,-0.161032,1.502331,0.217911,0.424259,0.001400
23.260000,0.261668,0.289911,1.482011,-0.285297,0.346349,0.061537,-0.651432,-0.006763,1.537779,0.072485,-0.485964,0.010312,-0.188374,0.346190,1.495159,-0.425481,-0.244781,0.039160,-0.137046,-0.408150,1.497169,0.486546,-0.069601,-0.011079,0.352490,-0.152527,1.502368,0.210949,0.426198,0.002315
23.280000,0.255911,0.296759,1.483197,-0.290341,0.338316,0.057114,-0.649661,-0.016523,1.537941,0.104524,-0.489959,0.005872,-0.196827,0.341229,1.495906,-0.419757,-0.251317,0.035623,-0.127227,-0.409436,1.496967,0.495209,-0.059051,-0.009103,0.356637,-0.143986,1.502424,0.203748,0.427932,0.003228
23.300000,0.250056,0.303442,1.484297,-0.295129,0.329943,0.052884,-0.647254,-0.026356,1.538015,0.136044,-0.493172,0.001567,-0.205162,0.336136,1.496585,-0.413664,-0.257981,0.032283,-0.117243,-0.410512,1.496804,0.503070,-0.048495,-0.007208,0.360638,-0.135411,1.502497,0.196308,0.429458,0.004140
23.320000,0.244108,0.309954,1.485314,-0.299682,0.321225,0.048839,-0.644224,-0.036245,1.538005,0.166912,-0.495604,-0.002584,-0.213372,0.330909,1.497199,-0.407214,-0.264769,0.029127,-0.107110,-0.411376,1.496678,0.510137,-0.037938,-0.005392,0.364488,-0.126809,1.502589,0.188625,0.430780,0.005047
23.340000,0.238070,0.316288,1.486252,-0.304018,0.312155,0.044967,-0.640583,-0.046175,1.537913,0.196994,-0.497255,-0.006561,-0.221448,0.325545,1.497751,-0.400419,-0.271675,0.026139,-0.096843,-0.412029,1.496588,0.516419,-0.027382,-0.003654,0.368182,-0.118182,1.502699,0.180696,0.431899,0.005948
23.360000,0.231949,0.322438,1.487114,-0.308139,0.302735,0.041269,-0.636349,-0.056130,1.537743,0.226290,-0.498124,-0.010364,-0.229386,0.320041,1.498246,-0.393279,-0.278700,0.023321,-0.086458,-0.412471,1.496531,0.521916,-0.016829,-0.001994,0.371714,-0.109534,1.502827,0.172523,0.432815,0.006844
23.380000,0.225746,0.328396,1.487904,-0.312044,0.292963,0.037745,-0.631537,-0.066094,1.537499,0.254799,-0.498213,-0.013994,-0.237177,0.314396,1.498685,-0.385794,-0.285844,0.020672,-0.075971,-0.412702,1.496507,0.526627,-0.006278,-0.000412,0.375081,-0.100870,1.502973,0.164103,0.433528,0.007733
23.400000,0.219468,0.334154,1.488625,-0.315732,0.282841,0.034396,-0.626162,-0.076053,1.537185,0.282523,-0.497519,-0.017451,-0.244815,0.308607,1.499074,-0.377964,-0.293107,0.018191,-0.065398,-0.412722,1.496514,0.530552,0.004270,0.001093,0.378277,-0.092194,1.503136,0.155438,0.434038,0.008616
23.420000,0.213118,0.339707,1.489281,-0.319217,0.272383,0.031207,-0.620242,-0.085990,1.536803,0.309381,-0.496076,-0.020729,-0.252294,0.302671,1.499414,-0.369816,-0.300459,0.015864,-0.054754,-0.412532,1.496551,0.533715,0.014819,0.002523,0.381297,-0.083510,1.503317,0.146548,0.434339,0.009489
23.440000,0.206701,0.345047,1.489874,-0.322510,0.261606,0.028168,-0.613793,-0.095891,1.536357,0.335295,-0.493914,-0.023822,-0.259606,0.296588,1.499709,-0.361379,-0.307869,0.013674,-0.044055,-0.412130,1.496615,0.536137,0.025370,0.003882,0.384137,-0.074822,1.503516,0.137453,0.434425,0.010351
23.460000,0.200219,0.350169,1.490408,-0.325613,0.250509,0.025278,-0.606836,-0.105742,1.535851,0.360264,-0.491033,-0.026730,-0.266747,0.290356,1.499962,-0.352653,-0.315338,0.011621,-0.033314,-0.411517,1.496705,0.537818,0.035923,0.005170,0.386794,-0.066135,1.503731,0.128153,0.434295,0.011200
23.480000,0.193678,0.355066,1.490886,-0.328523,0.239091,0.022536,-0.599389,-0.115528,1.535289,0.384289,-0.487433,-0.029454,-0.273710,0.283974,1.500175,-0.343638,-0.322866,0.009705,-0.022547,-0.410693,1.496821,0.538758,0.046478,0.006387,0.389262,-0.057452,1.503964,0.118648,0.433949,0.012036
23.500000,0.187080,0.359731,1.491311,-0.331243,0.227355,0.019944,-0.591471,-0.125235,1.534674,0.407370,-0.483115,-0.031993,-0.280491,0.277441,1.500351,-0.334334,-0.330453,0.007927,-0.011768,-0.409658,1.496960,0.538958,0.057036,0.007533,0.391538,-0.048778,1.504213,0.108938,0.433388,0.012860
23.520000,0.180429,0.364158,1.491685,-0.333787,0.215328,0.017491,-0.583101,-0.134848,1.534010,0.429474,-0.478137,-0.034352,-0.287082,0.270756,1.500493,-0.324763,-0.338044,0.006267,-0.000993,-0.408411,1.497122,0.538462,0.067603,0.008613,0.393618,-0.040118,1.504478,0.099043,0.432613,0.013667
23.540000,0.173729,0.368342,1.492011,-0.336172,0.203043,0.015167,-0.574299,-0.144356,1.533301,0.450569,-0.472561,-0.036537,-0.293479,0.263920,1.500602,-0.314948,-0.345584,0.004710,0.009766,-0.406953,1.497305,0.537315,0.078187,0.009631,0.395499,-0.031475,1.504759,0.088982,0.431625,0.014453
23.560000,0.166983,0.372278,1.492292,-0.338399,0.190499,0.012971,-0.565085,-0.153746,1.532550,0.470655,-0.466387,-0.038546,-0.299678,0.256933,1.500682,-0.304888,-0.353075,0.003255,0.020495,-0.405284,1.497507,0.535518,0.088788,0.010587,0.397176,-0.022854,1.505056,0.078756,0.430424,0.015217
23.580000,0.160194,0.375960,1.492531,-0.340467,0.177696,0.010904,-0.555479,-0.163008,1.531760,0.489733,-0.459615,-0.040381,-0.305673,0.249797,1.500733,-0.294584,-0.360516,0.001902,0.031182,-0.403402,1.497728,0.533071,0.099405,0.011482,0.398648,-0.014260,1.505368,0.068364,0.429011,0.015960
23.600000,0.153366,0.379384,1.492730,-0.342375,0.164634,0.008967,-0.545502,-0.172127,1.530936,0.507802,-0.452243,-0.042041,-0.311460,0.242513,1.500759,-0.284035,-0.367906,0.000651,0.041814,-0.401307,1.497966,0.529973,0.110039,0.012315,0.399910,-0.005695,1.505694,0.057806,0.427384,0.016681
23.620000,0.146500,0.382544,1.492890,-0.344146,0.151365,0.007149,-0.535174,-0.181094,1.530080,0.524877,-0.444348,-0.043536,-0.317033,0.235081,1.500760,-0.273275,-0.375202,-0.000512,0.052377,-0.399000,1.498220,0.526285,0.120676,0.013089,0.400959,0.002834,1.506035,0.047104,0.425556,0.017375
23.640000,0.139601,0.385438,1.493016,-0.345797,0.137944,0.005443,-0.524514,-0.189898,1.529195,0.540975,-0.436002,-0.044878,-0.322390,0.227505,1.500739,-0.262336,-0.382358,-0.001599,0.062862,-0.396480,1.498489,0.522067,0.131302,0.013808,0.401793,0.011326,1.506389,0.036279,0.423536,0.018034
23.660000,0.132669,0.388061,1.493109,-0.347329,0.124369,0.003848,-0.513541,-0.198531,1.528286,0.556095,-0.427206,-0.046067,-0.327526,0.219788,1.500696,-0.251219,-0.389375,-0.002612,0.073256,-0.393748,1.498772,0.517319,0.141917,0.014471,0.402410,0.019775,1.506756,0.025331,0.421324,0.018658
23.680000,0.125708,0.390411,1.493171,-0.348742,0.110641,0.002365,-0.502276,-0.206983,1.527354,0.570237,-0.417960,-0.047102,-0.332437,0.211931,1.500635,-0.239923,-0.396253,-0.003549,0.083551,-0.390804,1.499067,0.512042,0.152521,0.015079,0.402806,0.028177,1.507135,0.014261,0.418920,0.019249
23.700000,0.118720,0.392486,1.493204,-0.350037,0.096760,0.000993,-0.490738,-0.215246,1.526403,0.583400,-0.408263,-0.047983,-0.337121,0.203939,1.500555,-0.228449,-0.402991,-0.004411,0.093734,-0.387647,1.499375,0.506235,0.163114,0.015631,0.402979,0.036530,1.507526,0.003067,0.416326,0.019805
23.720000,0.111707,0.394281,1.493211,-0.351241,0.082787,-0.000274,-0.478947,-0.223311,1.525435,0.595634,-0.398195,-0.048721,-0.341574,0.195813,1.500459,-0.216839,-0.409561,-0.005204,0.103797,-0.384279,1.499692,0.499967,0.173682,0.016129,0.402928,0.044829,1.507927,-0.008215,0.413555,0.020317
23.740000,0.104671,0.395797,1.493194,-0.352383,0.068783,-0.001444,-0.466919,-0.231172,1.524455,0.606985,-0.387835,-0.049325,-0.345794,0.187558,1.500347,-0.205133,-0.415934,-0.005936,0.113730,-0.380700,1.500019,0.493307,0.184213,0.016576,0.402650,0.053071,1.508338,-0.019553,0.410624,0.020774
23.760000,0.097612,0.397032,1.493154,-0.353464,0.054748,-0.002516,-0.454673,-0.238823,1.523463,0.617454,-0.377181,-0.049795,-0.349779,0.179177,1.500222,-0.193332,-0.422110,-0.006606,0.123527,-0.376911,1.500355,0.486254,0.194705,0.016969,0.402145,0.061253,1.508758,-0.030947,0.407533,0.021178
23.780000,0.090533,0.397987,1.493094,-0.354483,0.040683,-0.003491,-0.442227,-0.246257,1.522464,0.627040,-0.366235,-0.050131,-0.353527,0.170674,1.500083,-0.181437,-0.428088,-0.007214,0.133178,-0.372912,1.500698,0.478809,0.205160,0.017311,0.401412,0.069372,1.509185,-0.042396,0.404281,0.021527
23.800000,0.083434,0.398659,1.493015,-0.355441,0.026586,-0.004368,-0.429597,-0.253470,1.521459,0.635744,-0.354996,-0.050333,-0.357036,0.162055,1.499933,-0.169446,-0.433870,-0.007761,0.142677,-0.368705,1.501047,0.470972,0.215576,0.017600,0.400449,0.077423,1.509618,-0.053900,0.400870,0.021822
23.820000,0.076316,0.399050,1.492920,-0.356363,0.012523,-0.005155,-0.416802,-0.260456,1.520451,0.643632,-0.343541,-0.050407,-0.360304,0.153321,1.499773,-0.157401,-0.439442,-0.008245,0.152015,-0.364290,1.501401,0.462814,0.225922,0.017839,0.399256,0.085405,1.510057,-0.065439,0.397325,0.022054
23.840000,0.069179,0.399161,1.492810,-0.357274,-0.001444,-0.005860,-0.403857,-0.267211,1.519443,0.650771,-0.331945,-0.050359,-0.363332,0.144478,1.499604,-0.145342,-0.444793,-0.008666,0.161187,-0.359669,1.501760,0.454404,0.236166,0.018029,0.397831,0.093316,1.510500,-0.076991,0.393676,0.022214
23.860000,0.062025,0.398993,1.492686,-0.358175,-0.015315,-0.006483,-0.390777,-0.273733,1.518438,0.657160,-0.320208,-0.050190,-0.366118,0.135531,1.499427,-0.133269,-0.449923,-0.009026,0.170189,-0.354844,1.502122,0.445744,0.246306,0.018170,0.396176,0.101152,1.510945,-0.088556,0.389921,0.022303
23.880000,0.054852,0.398549,1.492551,-0.359066,-0.029090,-0.007023,-0.377576,-0.280018,1.517437,0.662801,-0.308330,-0.049898,-0.368663,0.126483,1.499243,-0.121183,-0.454832,-0.009322,0.179015,-0.349817,1.502487,0.436832,0.256343,0.018262,0.394289,0.108912,1.511392,-0.100135,0.386061,0.022320
23.900000,0.047662,0.397830,1.492406,-0.359946,-0.042768,-0.007482,-0.364269,-0.286065,1.516443,0.667693,-0.296312,-0.049484,-0.370965,0.117339,1.499055,-0.109082,-0.459520,-0.009556,0.187661,-0.344591,1.502852,0.427669,0.266277,0.018306,0.392171,0.116594,1.511838,-0.111726,0.382096,0.022265
23.920000,0.040454,0.396839,1.492252,-0.360835,-0.056294,-0.007866,-0.350872,-0.291870,1.515458,0.671897,-0.284230,-0.048960,-0.373026,0.108104,1.498862,-0.097013,-0.463970,-0.009731,0.196121,-0.339167,1.503219,0.418313,0.276082,0.018300,0.389820,0.124195,1.512282,-0.123305,0.378049,0.022132
23.940000,0.033228,0.395580,1.492091,-0.361749,-0.069613,-0.008183,-0.337398,-0.297434,1.514485,0.675472,-0.272161,-0.048338,-0.374846,0.098782,1.498666,-0.085021,-0.468164,-0.009853,0.204392,-0.333549,1.503584,0.408821,0.285735,0.018244,0.387239,0.131715,1.512722,-0.134845,0.373945,0.021917
23.960000,0.025984,0.394056,1.491925,-0.362689,-0.082724,-0.008433,-0.323858,-0.302757,1.513525,0.678419,-0.260105,-0.047620,-0.376427,0.089379,1.498468,-0.073105,-0.472104,-0.009920,0.212473,-0.327739,1.503948,0.399194,0.295233,0.018139,0.384427,0.139152,1.513158,-0.146346,0.369783,0.021617
23.980000,0.018721,0.392272,1.491755,-0.363655,-0.095628,-0.008616,-0.310265,-0.307839,1.512581,0.680738,-0.248063,-0.046803,-0.377771,0.079900,1.498269,-0.061265,-0.475787,-0.009934,0.220359,-0.321740,1.504309,0.389431,0.304579,0.017983,0.381385,0.146506,1.513587,-0.157808,0.365564,0.021235
24.000000,0.011438,0.390232,1.491581,-0.364647,-0.108324,-0.008731,-0.296632,-0.312679,1.511654,0.682429,-0.236033,-0.045889,-0.378878,0.070349,1.498071,-0.049502,-0.479216,-0.009894,0.228049,-0.315556,1.504667,0.379532,0.313770,0.017778,0.378115,0.153775,1.514007,-0.169232,0.361288,0.020769
24.020000,0.004135,0.387941,1.491406,-0.365669,-0.120767,-0.008788,-0.282972,-0.317280,1.510746,0.683551,-0.224072,-0.044893,-0.379752,0.060733,1.497874,-0.037861,-0.482376,-0.009806,0.235540,-0.309191,1.505020,0.369546,0.322774,0.017523,0.374616,0.160957,1.514417,-0.180589,0.356976,0.020221
24.040000,-0.003189,0.385404,1.491230,-0.366725,-0.132912,-0.008795,-0.269294,-0.321643,1.509858,0.684163,-0.212234,-0.043828,-0.380394,0.051056,1.497679,-0.026386,-0.485255,-0.009679,0.242831,-0.302647,1.505368,0.359522,0.331554,0.017221,0.370892,0.168054,1.514815,-0.191850,0.352651,0.019593
24.060000,-0.010535,0.382626,1.491054,-0.367815,-0.144757,-0.008751,-0.255609,-0.325770,1.508993,0.684264,-0.200518,-0.042696,-0.380808,0.041324,1.497487,-0.015078,-0.487853,-0.009513,0.249921,-0.295930,1.505709,0.349458,0.340112,0.016870,0.366943,0.175063,1.515200,-0.203018,0.348313,0.018885
24.080000,-0.017902,0.379615,1.490880,-0.368939,-0.156304,-0.008657,-0.241927,-0.329665,1.508151,0.683855,-0.188926,-0.041497,-0.380998,0.031544,1.497299,-0.003937,-0.490170,-0.009306,0.256809,-0.289044,1.506042,0.339356,0.348446,0.016470,0.362772,0.181986,1.515570,-0.214090,0.343962,0.018097
24.100000,-0.025292,0.376376,1.490708,-0.370096,-0.167552,-0.008513,-0.228258,-0.333328,1.507334,0.682935,-0.177456,-0.040229,-0.380967,0.021719,1.497115,0.007039,-0.492205,-0.009060,0.263495,-0.281994,1.506367,0.329214,0.356557,0.016022,0.358380,0.188822,1.515923,-0.225067,0.339599,0.017230
24.120000,-0.032706,0.372915,1.490540,-0.371285,-0.178469,-0.008324,-0.214612,-0.336764,1.506542,0.681556,-0.166151,-0.038910,-0.380718,0.011857,1.496936,0.017810,-0.493952,-0.008784,0.269977,-0.274783,1.506683,0.319070,0.364426,0.015526,0.353770,0.195570,1.516259,-0.235917,0.335235,0.016286
24.140000,-0.040144,0.369240,1.490376,-0.372501,-0.189023,-0.008097,-0.200998,-0.339976,1.505778,0.679769,-0.155052,-0.037555,-0.380256,0.001963,1.496764,0.028339,-0.495404,-0.008488,0.276258,-0.267418,1.506988,0.308958,0.372030,0.014982,0.348944,0.202231,1.516574,-0.246607,0.330884,0.015272
24.160000,-0.047606,0.365357,1.490216,-0.373744,-0.199214,-0.007831,-0.187424,-0.342967,1.505040,0.677574,-0.144160,-0.036163,-0.379586,-0.007957,1.496597,0.038628,-0.496561,-0.008172,0.282336,-0.259904,1.507282,0.298879,0.379372,0.014388,0.343907,0.208805,1.516869,-0.257137,0.326547,0.014186
24.180000,-0.055094,0.361274,1.490063,-0.375015,-0.209042,-0.007527,-0.173898,-0.345743,1.504331,0.674971,-0.133474,-0.034736,-0.378713,-0.017897,1.496437,0.048674,-0.497422,-0.007836,0.288213,-0.252245,1.507563,0.288833,0.386450,0.013747,0.338660,0.215293,1.517141,-0.267507,0.322222,0.013029
24.200000,-0.062607,0.356998,1.489915,-0.376313,-0.218506,-0.007184,-0.160428,-0.348308,1.503651,0.671960,-0.122995,-0.033273,-0.377641,-0.027852,1.496284,0.058479,-0.497987,-0.007480,0.293889,-0.244448,1.507831,0.278819,0.393265,0.013057,0.333207,0.221694,1.517390,-0.277716,0.317911,0.011800
24.220000,-0.070146,0.352536,1.489775,-0.377612,-0.227589,-0.006809,-0.147022,-0.350665,1.503000,0.668580,-0.112747,-0.031790,-0.376375,-0.037815,1.496138,0.068018,-0.498255,-0.007117,0.299366,-0.236517,1.508085,0.268865,0.399797,0.012323,0.327552,0.228010,1.517613,-0.287731,0.313617,0.010511
24.240000,-0.077711,0.347897,1.489643,-0.378883,-0.236274,-0.006406,-0.133687,-0.352819,1.502380,0.664873,-0.102755,-0.030303,-0.374922,-0.047780,1.495999,0.077267,-0.498225,-0.006760,0.304645,-0.228458,1.508324,0.258998,0.406027,0.011549,0.321700,0.234239,1.517810,-0.297516,0.309344,0.009170
24.260000,-0.085301,0.343088,1.489519,-0.380126,-0.244560,-0.005977,-0.120429,-0.354777,1.501788,0.660838,-0.093019,-0.028812,-0.373287,-0.057742,1.495867,0.086224,-0.497896,-0.006408,0.309727,-0.220277,1.508547,0.249217,0.411955,0.010736,0.315653,0.240384,1.517979,-0.307072,0.305093,0.007779
24.280000,-0.092916,0.338117,1.489404,-0.381342,-0.252447,-0.005520,-0.107256,-0.356542,1.501227,0.656476,-0.083538,-0.027317,-0.371475,-0.067694,1.495743,0.094890,-0.497268,-0.006062,0.314614,-0.211982,1.508753,0.239523,0.417581,0.009883,0.309418,0.246443,1.518121,-0.316398,0.300862,0.006338
24.300000,-0.100555,0.332993,1.489299,-0.382530,-0.259935,-0.005037,-0.094173,-0.358120,1.500696,0.651786,-0.074314,-0.025817,-0.369493,-0.077630,1.495625,0.103265,-0.496341,-0.005722,0.319308,-0.203576,1.508942,0.229915,0.422904,0.008990,0.302999,0.252418,1.518232,-0.325494,0.296653,0.004845
24.320000,-0.108217,0.327722,1.489203,-0.383651,-0.267022,-0.004533,-0.081186,-0.359516,1.500194,0.646803,-0.065355,-0.024325,-0.367346,-0.087545,1.495514,0.111338,-0.495127,-0.005398,0.323811,-0.195068,1.509112,0.220410,0.427906,0.008067,0.296400,0.258309,1.518314,-0.334323,0.292458,0.003315
24.340000,-0.115900,0.322314,1.489118,-0.384665,-0.273706,-0.004013,-0.068302,-0.360736,1.499723,0.641565,-0.056672,-0.022851,-0.365041,-0.097434,1.495409,0.119098,-0.493640,-0.005102,0.328125,-0.186462,1.509264,0.211025,0.432565,0.007123,0.289628,0.264117,1.518365,-0.342849,0.288271,0.001761
24.360000,-0.123603,0.316777,1.489043,-0.385572,-0.279986,-0.003479,-0.055525,-0.361785,1.499280,0.636071,-0.048265,-0.021396,-0.362585,-0.107289,1.495309,0.126546,-0.491878,-0.004833,0.332253,-0.177767,1.509397,0.201760,0.436882,0.006157,0.282688,0.269840,1.518384,-0.351071,0.284091,0.000182
24.380000,-0.131322,0.311118,1.488978,-0.386373,-0.285862,-0.002929,-0.042861,-0.362668,1.498867,0.630320,-0.040134,-0.019958,-0.359982,-0.117107,1.495215,0.133680,-0.489842,-0.004593,0.336197,-0.168989,1.509510,0.192614,0.440857,0.005169,0.275587,0.275480,1.518372,-0.358990,0.279918,-0.001420
24.400000,-0.139057,0.305345,1.488926,-0.387066,-0.291334,-0.002364,-0.030314,-0.363392,1.498482,0.624313,-0.032279,-0.018540,-0.357239,-0.126881,1.495126,0.140502,-0.487532,-0.004380,0.339958,-0.160135,1.509604,0.183588,0.444490,0.004160,0.268331,0.281037,1.518327,-0.366604,0.275753,-0.003047
24.420000,-0.146804,0.299467,1.488884,-0.387607,-0.296414,-0.001789,-0.017890,-0.363961,1.498125,0.618080,-0.024696,-0.017147,-0.354364,-0.136606,1.495040,0.147014,-0.484951,-0.004195,0.343541,-0.151212,1.509677,0.174686,0.447759,0.003143,0.260925,0.286510,1.518250,-0.373880,0.271579,-0.004680
24.440000,-0.154560,0.293491,1.488854,-0.387951,-0.301110,-0.001208,-0.005592,-0.364382,1.497796,0.611649,-0.017384,-0.015786,-0.351361,-0.146277,1.494958,0.153218,-0.482104,-0.004037,0.346947,-0.142227,1.509730,0.165915,0.450646,0.002131,0.253378,0.291900,1.518140,-0.380783,0.267381,-0.006304
24.460000,-0.162321,0.287425,1.488836,-0.388097,-0.305423,-0.000622,0.006575,-0.364659,1.497493,0.605020,-0.010341,-0.014459,-0.348237,-0.155889,1.494878,0.159116,-0.478990,-0.003906,0.350178,-0.133189,1.509762,0.157274,0.453149,0.001124,0.245697,0.297205,1.517998,-0.387313,0.263158,-0.007918
24.480000,-0.170083,0.281277,1.488829,-0.388046,-0.309353,-0.000030,0.018607,-0.364797,1.497217,0.598194,-0.003569,-0.013164,-0.344998,-0.165435,1.494801,0.164707,-0.475609,-0.003803,0.353239,-0.124104,1.509775,0.148762,0.455268,0.000123,0.237888,0.302426,1.517824,-0.393469,0.258910,-0.009522
24.500000,-0.177841,0.275053,1.488835,-0.387797,-0.312900,0.000567,0.030501,-0.364803,1.496966,0.591171,0.002934,-0.011901,-0.341651,-0.174911,1.494726,0.169991,-0.471961,-0.003726,0.356130,-0.114981,1.509767,0.140381,0.457004,-0.000872,0.229960,0.307562,1.517617,-0.399252,0.254638,-0.011115
24.520000,-0.185593,0.268763,1.488852,-0.387311,-0.316077,0.001168,0.042253,-0.364682,1.496741,0.583971,0.009178,-0.010676,-0.338201,-0.184312,1.494652,0.174981,-0.468054,-0.003675,0.358855,-0.105826,1.509740,0.132130,0.458357,-0.001860,0.221921,0.312611,1.517379,-0.404650,0.250330,-0.012692
24.540000,-0.193332,0.262413,1.488881,-0.386547,-0.318895,0.001770,0.053859,-0.364438,1.496539,0.576617,0.015176,-0.009491,-0.334653,-0.193632,1.494579,0.179687,-0.463894,-0.003647,0.361416,-0.096649,1.509693,0.124009,0.459329,-0.002837,0.213777,0.317575,1.517110,-0.409652,0.245977,-0.014246
24.560000,-0.201053,0.256010,1.488923,-0.385506,-0.321354,0.002374,0.065316,-0.364076,1.496361,0.569108,0.020929,-0.008347,-0.331015,-0.202866,1.494506,0.184110,-0.459481,-0.003642,0.363816,-0.087456,1.509626,0.116018,0.459919,-0.003804,0.205537,0.322450,1.516809,-0.414259,0.241579,-0.015777
24.580000,-0.208750,0.249561,1.488976,-0.384186,-0.323454,0.002979,0.076622,-0.363602,1.496205,0.561445,0.026435,-0.007245,-0.327291,-0.212009,1.494433,0.188250,-0.454815,-0.003661,0.366057,-0.078255,1.509541,0.108158,0.460127,-0.004761,0.197209,0.327237,1.516479,-0.418469,0.237135,-0.017284
24.600000,-0.216418,0.243074,1.489042,-0.382589,-0.325196,0.003585,0.087773,-0.363020,1.496071,0.553627,0.031695,-0.006183,-0.323487,-0.221057,1.494359,0.192107,-0.449897,-0.003704,0.368143,-0.069053,1.509436,0.100428,0.459954,-0.005707,0.188801,0.331935,1.516118,-0.422284,0.232645,-0.018769
24.620000,-0.224052,0.236556,1.489120,-0.380685,-0.326589,0.004191,0.098766,-0.362336,1.495957,0.545670,0.036727,-0.005165,-0.319608,-0.230004,1.494285,0.195699,-0.444734,-0.003767,0.370075,-0.059859,1.509312,0.092823,0.459409,-0.006638,0.180320,0.336543,1.515728,-0.425699,0.228094,-0.020222
24.640000,-0.231644,0.230013,1.489209,-0.378443,-0.327644,0.004794,0.109599,-0.361553,1.495864,0.537588,0.041547,-0.004193,-0.315661,-0.238845,1.494208,0.199043,-0.439335,-0.003849,0.371857,-0.050679,1.509171,0.085337,0.458500,-0.007549,0.171776,0.341059,1.515310,-0.428713,0.223466,-0.021637
24.660000,-0.239187,0.223452,1.489311,-0.375865,-0.328361,0.005396,0.120269,-0.360675,1.495789,0.529382,0.046156,-0.003267,-0.311648,-0.247575,1.494131,0.202139,-0.433701,-0.003949,0.373490,-0.041521,1.509011,0.077971,0.457228,-0.008441,0.163175,0.345481,1.514863,-0.431324,0.218762,-0.023014
24.680000,-0.246676,0.216880,1.489425,-0.372949,-0.328739,0.005994,0.130774,-0.359708,1.495733,0.521051,0.050553,-0.002387,-0.307577,-0.256191,1.494050,0.204987,-0.427832,-0.004067,0.374976,-0.032393,1.508833,0.070724,0.455594,-0.009312,0.154525,0.349809,1.514389,-0.433532,0.213980,-0.024351
24.700000,-0.254103,0.210305,1.489551,-0.369697,-0.328779,0.006591,0.141110,-0.358655,1.495694,0.512596,0.054738,-0.001553,-0.303451,-0.264687,1.493968,0.207586,-0.421727,-0.004204,0.376319,-0.023300,1.508638,0.063596,0.453596,-0.010164,0.145836,0.354040,1.513889,-0.435339,0.209122,-0.025651
24.720000,-0.261462,0.203731,1.489689,-0.366096,-0.328496,0.007178,0.151277,-0.357520,1.495670,0.504030,0.058732,-0.000768,-0.299275,-0.273059,1.493882,0.209959,-0.415398,-0.004357,0.377521,-0.014251,1.508427,0.056578,0.451252,-0.010989,0.137114,0.358173,1.513363,-0.436759,0.204185,-0.026911
24.740000,-0.268744,0.197167,1.489838,-0.362138,-0.327904,0.007746,0.161271,-0.356307,1.495663,0.495367,0.062552,-0.000031,-0.295054,-0.281302,1.493793,0.212125,-0.408858,-0.004521,0.378583,-0.005252,1.508199,0.049660,0.448578,-0.011781,0.128368,0.362207,1.512813,-0.437809,0.199165,-0.028133
24.760000,-0.275945,0.190617,1.489999,-0.357821,-0.327005,0.008297,0.171091,-0.355019,1.495669,0.486606,0.066200,0.000655,-0.290791,-0.289412,1.493701,0.214084,-0.402105,-0.004698,0.379508,0.003690,1.507956,0.042841,0.445574,-0.012540,0.119605,0.366139,1.512238,-0.438489,0.194064,-0.029316
24.780000,-0.283055,0.184089,1.490170,-0.353146,-0.325798,0.008830,0.180734,-0.353660,1.495688,0.477748,0.069674,0.001292,-0.286492,-0.297384,1.493605,0.215837,-0.395141,-0.004887,0.380297,0.012568,1.507697,0.036123,0.442240,-0.013266,0.110831,0.369969,1.511641,-0.438800,0.188881,-0.030460
24.800000,-0.290068,0.177587,1.490352,-0.348113,-0.324282,0.009344,0.190200,-0.352233,1.495720,0.468792,0.072976,0.001880,-0.282159,-0.305216,1.493506,0.217384,-0.387964,-0.005087,0.380954,0.021377,1.507425,0.029504,0.438575,-0.013959,0.102055,0.373694,1.511020,-0.438740,0.183615,-0.031566
24.820000,-0.296977,0.171119,1.490543,-0.342726,-0.322481,0.009829,0.199486,-0.350742,1.495763,0.459751,0.076125,0.002414,-0.277797,-0.312902,1.493402,0.218744,-0.380591,-0.005301,0.381478,0.030109,1.507139,0.022968,0.434597,-0.014622,0.093284,0.377313,1.510378,-0.438330,0.178259,-0.032638
24.840000,-0.303775,0.164690,1.490744,-0.336991,-0.320416,0.010271,0.208590,-0.349189,1.495816,0.450638,0.079143,0.002890,-0.273410,-0.320438,1.493294,0.219941,-0.373035,-0.005530,0.381873,0.038759,1.506840,0.016499,0.430321,-0.015258,0.084524,0.380823,1.509715,-0.437589,0.172804,-0.033685
24.860000,-0.310454,0.158304,1.490954,-0.330906,-0.318088,0.010670,0.217511,-0.347577,1.495878,0.441452,0.082028,0.003309,-0.269001,-0.327822,1.493181,0.220972,-0.365298,-0.005773,0.382139,0.047320,1.506529,0.010095,0.425747,-0.015866,0.075782,0.384224,1.509031,-0.436516,0.167251,-0.034706
24.880000,-0.317009,0.151968,1.491171,-0.324473,-0.315496,0.011027,0.226247,-0.345909,1.495948,0.432193,0.084782,0.003671,-0.264573,-0.335049,1.493062,0.221839,-0.357378,-0.006031,0.382277,0.055787,1.506206,0.003758,0.420874,-0.016448,0.067066,0.387513,1.508327,-0.435113,0.161598,-0.035701
24.900000,-0.323431,0.145686,1.491395,-0.317691,-0.312640,0.011341,0.234798,-0.344186,1.496025,0.422862,0.087405,0.003975,-0.260129,-0.342116,1.492939,0.222541,-0.349276,-0.006303,0.382289,0.064153,1.505871,-0.002514,0.415704,-0.017002,0.058380,0.390687,1.507603,-0.433378,0.155846,-0.036670
24.920000,-0.329714,0.139464,1.491624,-0.310582,-0.309546,0.011596,0.243161,-0.342413,1.496107,0.413479,0.089914,0.004216,-0.255672,-0.349019,1.492810,0.223101,-0.341015,-0.006591,0.382177,0.072413,1.505526,-0.008735,0.410260,-0.017540,0.049733,0.393746,1.506860,-0.431340,0.149991,-0.037624
24.940000,-0.335852,0.133306,1.491858,-0.303167,-0.306240,0.011774,0.251337,-0.340591,1.496193,0.404067,0.092329,0.004388,-0.251205,-0.355756,1.492675,0.223543,-0.332616,-0.006896,0.381940,0.080562,1.505170,-0.014923,0.404566,-0.018073,0.041128,0.396686,1.506098,-0.429026,0.144026,-0.038573
24.960000,-0.341839,0.127216,1.492095,-0.295446,-0.302721,0.011877,0.259324,-0.338721,1.496282,0.394625,0.094650,0.004491,-0.246731,-0.362323,1.492534,0.223865,-0.324080,-0.007218,0.381580,0.088594,1.504803,-0.021077,0.398624,-0.018602,0.032573,0.399506,1.505317,-0.426436,0.137952,-0.039519
24.980000,-0.347668,0.121199,1.492333,-0.287420,-0.298989,0.011903,0.267122,-0.336805,1.496372,0.385153,0.096876,0.004524,-0.242251,-0.368718,1.492387,0.224068,-0.315406,-0.007556,0.381097,0.096505,1.504426,-0.027198,0.392432,-0.019125,0.024073,0.402204,1.504517,-0.423570,0.131769,-0.040461
25.000000,-0.353334,0.115258,1.492570,-0.279089,-0.295045,0.011853,0.274730,-0.334846,1.496463,0.375652,0.099009,0.004489,-0.237769,-0.374938,1.492232,0.224152,-0.306595,-0.007912,0.380492,0.104290,1.504038,-0.033285,0.385990,-0.019643,0.015632,0.404776,1.503699,-0.420429,0.125476,-0.041399
25.020000,-0.358830,0.109398,1.492806,-0.270488,-0.290925,0.011717,0.282148,-0.332845,1.496551,0.366154,0.101064,0.004374,-0.233286,-0.380981,1.492070,0.224142,-0.297679,-0.008289,0.379766,0.111943,1.503640,-0.039350,0.379338,-0.020176,0.007257,0.407222,1.502861,-0.417052,0.119084,-0.042350
25.040000,-0.364152,0.103622,1.493038,-0.261653,-0.286665,0.011485,0.289376,-0.330804,1.496637,0.356696,0.103058,0.004168,-0.228804,-0.386845,1.491900,0.224062,-0.288689,-0.008691,0.378918,0.119462,1.503231,-0.045403,0.372512,-0.020744,-0.001048,0.409539,1.502005,-0.413481,0.112600,-0.043329
25.060000,-0.369294,0.097932,1.493265,-0.252585,-0.282266,0.011157,0.296416,-0.328723,1.496717,0.347276,0.104991,0.003871,-0.224324,-0.392528,1.491722,0.223912,-0.279625,-0.009117,0.377950,0.126843,1.502810,-0.051445,0.365513,-0.021346,-0.009281,0.411725,1.501128,-0.409715,0.106026,-0.044337
25.080000,-0.374253,0.092332,1.493484,-0.243282,-0.277729,0.010733,0.303267,-0.326605,1.496791,0.337894,0.106863,0.003484,-0.219848,-0.398029,1.491535,0.223693,-0.270487,-0.009568,0.376861,0.134082,1.502377,-0.057476,0.358342,-0.021983,-0.017436,0.413779,1.500231,-0.405755,0.099360,-0.045373
25.100000,-0.379024,0.086824,1.493694,-0.233747,-0.273051,0.010212,0.309932,-0.324449,1.496856,0.328551,0.108675,0.003006,-0.215377,-0.403347,1.491339,0.223404,-0.261275,-0.010044,0.375651,0.141175,1.501930,-0.063496,0.350997,-0.022655,-0.025510,0.415699,1.499313,-0.401601,0.092603,-0.046439
25.120000,-0.383602,0.081411,1.493892,-0.224025,-0.268275,0.009589,0.316410,-0.322258,1.496911,0.319278,0.110439,0.002436,-0.210912,-0.408480,1.491133,0.223069,-0.252032,-0.010558,0.374321,0.148121,1.501470,-0.069506,0.343522,-0.023371,-0.033499,0.417483,1.498373,-0.397290,0.085767,-0.047536
25.140000,-0.387984,0.076093,1.494076,-0.214164,-0.263440,0.008855,0.322704,-0.320032,1.496953,0.310107,0.112167,0.001773,-0.206454,-0.413428,1.490917,0.222712,-0.242803,-0.011121,0.372871,0.154916,1.500995,-0.075506,0.335962,-0.024143,-0.041400,0.419129,1.497411,-0.392858,0.078864,-0.048669
25.160000,-0.392168,0.070873,1.494245,-0.204165,-0.258546,0.008010,0.328815,-0.317772,1.496981,0.301038,0.113861,0.001016,-0.202004,-0.418192,1.490688,0.222333,-0.233588,-0.011734,0.371301,0.161559,1.500504,-0.081498,0.328315,-0.024970,-0.049212,0.420637,1.496426,-0.388306,0.071894,-0.049838
25.180000,-0.396150,0.065752,1.494396,-0.194027,-0.253593,0.007054,0.334746,-0.315478,1.496993,0.292070,0.115521,0.000166,-0.197561,-0.422772,1.490447,0.221932,-0.224385,-0.012396,0.369611,0.168048,1.499996,-0.087481,0.320582,-0.025853,-0.056932,0.422005,1.495417,-0.383633,0.064856,-0.051042
25.200000,-0.399928,0.060730,1.494527,-0.183750,-0.248581,0.005988,0.340498,-0.313151,1.496987,0.283204,0.117145,-0.000777,-0.193126,-0.427168,1.490192,0.221508,-0.215196,-0.013109,0.367802,0.174381,1.499470,-0.093454,0.312763,-0.026790,-0.064557,0.423231,1.494384,-0.378840,0.057752,-0.052282
25.220000,-0.403499,0.055809,1.494635,-0.173378,-0.243541,0.004813,0.346075,-0.310792,1.496961,0.274469,0.118744,-0.001810,-0.188701,-0.431380,1.489922,0.221081,-0.206058,-0.013876,0.365873,0.180558,1.498924,-0.099417,0.304895,-0.027789,-0.072085,0.424314,1.493326,-0.373951,0.050588,-0.053551
25.240000,-0.406863,0.050989,1.494719,-0.162956,-0.238502,0.003531,0.351478,-0.308401,1.496914,0.265891,0.120328,-0.002930,-0.184283,-0.435411,1.489637,0.220670,-0.197012,-0.014704,0.363825,0.186577,1.498358,-0.105367,0.297018,-0.028852,-0.079514,0.425254,1.492242,-0.368993,0.043373,-0.054844
25.260000,-0.410017,0.046269,1.494775,-0.152482,-0.233464,0.002143,0.356711,-0.305979,1.496844,0.257472,0.121895,-0.004135,-0.179874,-0.439261,1.489334,0.220274,-0.188056,-0.015593,0.361658,0.192438,1.497770,-0.111304,0.289130,-0.029980,-0.086844,0.426049,1.491132,-0.363963,0.036106,-0.056158
25.280000,-0.412962,0.041650,1.494804,-0.141958,-0.228427,0.000649,0.361778,-0.303526,1.496748,0.249211,0.123448,-0.005426,-0.175472,-0.442933,1.489012,0.219893,-0.179191,-0.016542,0.359373,0.198142,1.497158,-0.117227,0.281233,-0.031174,-0.094072,0.426698,1.489996,-0.358864,0.028788,-0.057496
25.300000,-0.415695,0.037132,1.494801,-0.131383,-0.223391,-0.000953,0.366681,-0.301041,1.496626,0.241109,0.124985,-0.006803,-0.171078,-0.446429,1.488672,0.219527,-0.170417,-0.017552,0.356969,0.203688,1.496522,-0.123138,0.273325,-0.032432,-0.101198,0.427200,1.488832,-0.353695,0.021419,-0.058857
25.320000,-0.418217,0.032714,1.494765,-0.120795,-0.218387,-0.002660,0.371424,-0.298526,1.496476,0.233191,0.126512,-0.008259,-0.166691,-0.449751,1.488310,0.219192,-0.161769,-0.018623,0.354448,0.209075,1.495860,-0.129031,0.265439,-0.033757,-0.108220,0.427555,1.487641,-0.348487,0.014019,-0.060241
25.340000,-0.420527,0.028396,1.494694,-0.110231,-0.213442,-0.004474,0.376010,-0.295981,1.496295,0.225485,0.128037,-0.009787,-0.162310,-0.452901,1.487926,0.218903,-0.153282,-0.019754,0.351808,0.214306,1.495171,-0.134901,0.257605,-0.035147,-0.115138,0.427761,1.486422,-0.343272,0.006607,-0.061650
25.360000,-0.422626,0.024176,1.494585,-0.099690,-0.208557,-0.006393,0.380444,-0.293405,1.496084,0.217991,0.129560,-0.011387,-0.157934,-0.455883,1.487519,0.218661,-0.144956,-0.020948,0.349052,0.219380,1.494454,-0.140749,0.249825,-0.036603,-0.121951,0.427819,1.485175,-0.338052,-0.000815,-0.063083
25.380000,-0.424515,0.020053,1.494437,-0.089174,-0.203733,-0.008418,0.384731,-0.290798,1.495839,0.210709,0.131080,-0.013058,-0.153563,-0.458701,1.487088,0.218464,-0.136792,-0.022202,0.346178,0.224299,1.493707,-0.146574,0.242098,-0.038126,-0.128660,0.427728,1.483899,-0.332825,-0.008248,-0.064541
25.400000,-0.426193,0.016026,1.494248,-0.078682,-0.198968,-0.010549,0.388874,-0.288162,1.495561,0.203638,0.132597,-0.014802,-0.149195,-0.461356,1.486631,0.218314,-0.128789,-0.023518,0.343189,0.229064,1.492929,-0.152376,0.234424,-0.039714,-0.135264,0.427489,1.482593,-0.327592,-0.015692,-0.066024
25.420000,-0.427662,0.012094,1.494014,-0.068250,-0.194282,-0.012780,0.392878,-0.285495,1.495247,0.196794,0.134118,-0.016611,-0.144830,-0.463853,1.486147,0.218220,-0.120967,-0.024894,0.340084,0.233676,1.492118,-0.158149,0.226828,-0.041366,-0.141763,0.427100,1.481258,-0.322372,-0.023132,-0.067525
25.440000,-0.428924,0.008254,1.493736,-0.057913,-0.189693,-0.015104,0.396748,-0.282797,1.494896,0.190189,0.135646,-0.018479,-0.140466,-0.466196,1.485635,0.218195,-0.113345,-0.026330,0.336863,0.238138,1.491274,-0.163886,0.219334,-0.043078,-0.148159,0.426564,1.479892,-0.317187,-0.030550,-0.069037
25.460000,-0.429980,0.004506,1.493410,-0.047672,-0.185200,-0.017522,0.400487,-0.280069,1.494507,0.183824,0.137182,-0.020406,-0.136102,-0.468388,1.485093,0.218237,-0.105923,-0.027825,0.333528,0.242450,1.490394,-0.169585,0.211943,-0.044851,-0.154451,0.425879,1.478496,-0.312035,-0.037947,-0.070560
25.480000,-0.430831,0.000846,1.493034,-0.037526,-0.180803,-0.020033,0.404102,-0.277310,1.494079,0.177700,0.138727,-0.022392,-0.131736,-0.470434,1.484521,0.218346,-0.098701,-0.029380,0.330080,0.246616,1.489479,-0.175249,0.204654,-0.046685,-0.160641,0.425046,1.477070,-0.306918,-0.045323,-0.072094
25.500000,-0.431481,-0.002727,1.492608,-0.027476,-0.176503,-0.022638,0.407597,-0.274520,1.493611,0.171815,0.140280,-0.024437,-0.127368,-0.472338,1.483918,0.218524,-0.091679,-0.030994,0.326519,0.250637,1.488527,-0.180876,0.197468,-0.048579,-0.166728,0.424066,1.475612,-0.301835,-0.052678,-0.073639
25.520000,-0.431931,-0.006215,1.492128,-0.017550,-0.172311,-0.025323,0.410976,-0.271698,1.493101,0.166175,0.141845,-0.026536,-0.122995,-0.474103,1.483281,0.218777,-0.084865,-0.032667,0.322845,0.254516,1.487536,-0.186458,0.190402,-0.050529,-0.172714,0.422939,1.474124,-0.296814,-0.059988,-0.075198
25.540000,-0.432184,-0.009620,1.491594,-0.007775,-0.168237,-0.028075,0.414246,-0.268846,1.492549,0.160786,0.143426,-0.028683,-0.118616,-0.475734,1.482611,0.219111,-0.078265,-0.034397,0.319061,0.258254,1.486505,-0.191989,0.183475,-0.052529,-0.178601,0.421667,1.472604,-0.291883,-0.067229,-0.076775
25.560000,-0.432243,-0.012945,1.491005,0.001847,-0.164282,-0.030895,0.417409,-0.265961,1.491954,0.155646,0.145023,-0.030879,-0.114230,-0.477235,1.481905,0.219527,-0.071880,-0.036185,0.315166,0.261856,1.485434,-0.197466,0.176686,-0.054581,-0.184390,0.420250,1.471053,-0.287041,-0.074402,-0.078369
25.580000,-0.432111,-0.016192,1.490358,0.011318,-0.160445,-0.033783,0.420473,-0.263045,1.491314,0.150757,0.146637,-0.033124,-0.109834,-0.478610,1.481163,0.220026,-0.065710,-0.038030,0.311162,0.265323,1.484322,-0.202892,0.170036,-0.056684,-0.190083,0.418691,1.469469,-0.282290,-0.081506,-0.079980
25.600000,-0.431792,-0.019364,1.489653,0.020637,-0.156726,-0.036739,0.423441,-0.260096,1.490629,0.146118,0.148266,-0.035417,-0.105428,-0.479865,1.480383,0.220606,-0.059755,-0.039933,0.307051,0.268658,1.483166,-0.208265,0.163524,-0.058838,-0.195682,0.416991,1.467854,-0.277628,-0.088542,-0.081608
25.620000,-0.431287,-0.022462,1.488888,0.029785,-0.153114,-0.039749,0.426319,-0.257114,1.489897,0.141728,0.149916,-0.037756,-0.101010,-0.481002,1.479565,0.221273,-0.054013,-0.041892,0.302832,0.271865,1.481968,-0.213578,0.157162,-0.061037,-0.201189,0.415150,1.466205,-0.273064,-0.095498,-0.083250
25.640000,-0.430601,-0.025489,1.488063,0.038743,-0.149596,-0.042798,0.429112,-0.254099,1.489118,0.137587,0.151587,-0.040137,-0.096577,-0.482027,1.478707,0.222031,-0.048483,-0.043909,0.298508,0.274946,1.480725,-0.218824,0.150963,-0.063276,-0.206606,0.413171,1.464523,-0.268606,-0.102363,-0.084904
25.660000,-0.429739,-0.028447,1.487176,0.047510,-0.146170,-0.045888,0.431825,-0.251050,1.488291,0.133695,0.153280,-0.042560,-0.092128,-0.482943,1.477808,0.222879,-0.043165,-0.045982,0.294080,0.277904,1.479436,-0.224003,0.144926,-0.065554,-0.211934,0.411056,1.462809,-0.264253,-0.109138,-0.086570
25.680000,-0.428702,-0.031337,1.486227,0.056087,-0.142839,-0.049019,0.434462,-0.247967,1.487415,0.130051,0.154996,-0.045026,-0.087661,-0.483755,1.476868,0.223819,-0.038058,-0.048112,0.289548,0.280744,1.478102,-0.229114,0.139052,-0.067873,-0.217177,0.408806,1.461061,-0.260006,-0.115821,-0.088247
25.700000,-0.427496,-0.034161,1.485215,0.064474,-0.139601,-0.052189,0.437028,-0.244850,1.486490,0.126655,0.156734,-0.047533,-0.083174,-0.484467,1.475884,0.224850,-0.033164,-0.050298,0.284916,0.283467,1.476721,-0.234159,0.133339,-0.070230,-0.222335,0.406424,1.459279,-0.255865,-0.122414,-0.089935
25.720000,-0.426125,-0.036921,1.484139,0.072662,-0.136447,-0.055394,0.439529,-0.241698,1.485514,0.123495,0.158494,-0.050078,-0.078666,-0.485083,1.474855,0.225968,-0.028466,-0.052537,0.280183,0.286078,1.475293,-0.239131,0.127796,-0.072622,-0.227412,0.403910,1.457463,-0.251849,-0.128898,-0.091642
25.740000,-0.424591,-0.039619,1.482999,0.080642,-0.133370,-0.058628,0.441970,-0.238510,1.484486,0.120558,0.160274,-0.052653,-0.074135,-0.485606,1.473782,0.227170,-0.023951,-0.054825,0.275351,0.288580,1.473816,-0.244026,0.122429,-0.075042,-0.232410,0.401269,1.455613,-0.247979,-0.135255,-0.093374
25.760000,-0.422900,-0.042256,1.481794,0.088414,-0.130368,-0.061890,0.444353,-0.235287,1.483407,0.117842,0.162074,-0.055258,-0.069579,-0.486042,1.472662,0.228457,-0.019618,-0.057162,0.270422,0.290977,1.472291,-0.248844,0.117238,-0.077490,-0.237332,0.398501,1.453728,-0.244254,-0.141485,-0.095131
25.780000,-0.421056,-0.044834,1.480523,0.095978,-0.127443,-0.065180,0.446685,-0.232027,1.482276,0.115349,0.163894,-0.057895,-0.064996,-0.486392,1.471495,0.229827,-0.015468,-0.059546,0.265398,0.293271,1.470716,-0.253584,0.112223,-0.079966,-0.242181,0.395610,1.451808,-0.240674,-0.147589,-0.096914
25.800000,-0.419063,-0.047355,1.479186,0.103334,-0.124593,-0.068499,0.448969,-0.228731,1.481091,0.113078,0.165735,-0.060561,-0.060385,-0.486662,1.470280,0.231281,-0.011499,-0.061979,0.260279,0.295467,1.469092,-0.258247,0.107384,-0.082470,-0.246960,0.392598,1.449851,-0.237240,-0.153565,-0.098722
25.820000,-0.416924,-0.049819,1.477783,0.110472,-0.121811,-0.071837,0.451209,-0.225398,1.479853,0.111007,0.167590,-0.063249,-0.055745,-0.486854,1.469015,0.232817,-0.007707,-0.064460,0.255068,0.297568,1.467417,-0.262833,0.102723,-0.084998,-0.251672,0.389468,1.447858,-0.233958,-0.159405,-0.100558
25.840000,-0.414645,-0.052228,1.476313,0.117381,-0.119088,-0.075184,0.453410,-0.222027,1.478561,0.109116,0.169455,-0.065947,-0.051072,-0.486971,1.467701,0.234430,-0.004084,-0.066987,0.249766,0.299577,1.465692,-0.267339,0.098244,-0.087545,-0.256319,0.386223,1.445829,-0.230834,-0.165099,-0.102422
25.860000,-0.412231,-0.054583,1.474776,0.124061,-0.116424,-0.078541,0.455575,-0.218620,1.477215,0.107403,0.171328,-0.068655,-0.046367,-0.487018,1.466336,0.236122,-0.000630,-0.069560,0.244375,0.301499,1.463916,-0.271767,0.093947,-0.090109,-0.260906,0.382866,1.443761,-0.227869,-0.170646,-0.104316
25.880000,-0.409684,-0.056885,1.473171,0.130513,-0.113819,-0.081906,0.457707,-0.215174,1.475815,0.105870,0.173210,-0.071374,-0.041627,-0.486998,1.464918,0.237892,0.002654,-0.072179,0.238896,0.303336,1.462088,-0.276117,0.089832,-0.092692,-0.265435,0.379398,1.441656,-0.225061,-0.176048,-0.106238
25.900000,-0.407012,-0.059136,1.471499,0.136736,-0.111274,-0.085281,0.459811,-0.211691,1.474360,0.104516,0.175101,-0.074104,-0.036851,-0.486913,1.463448,0.239740,0.005769,-0.074845,0.233331,0.305093,1.460208,-0.280388,0.085897,-0.095294,-0.269910,0.375825,1.439512,-0.222412,-0.181304,-0.108189
25.920000,-0.404217,-0.061336,1.469760,0.142727,-0.108778,-0.088654,0.461889,-0.208170,1.472851,0.103320,0.176996,-0.076838,-0.032037,-0.486768,1.461924,0.241655,0.008727,-0.077550,0.227681,0.306773,1.458276,-0.284581,0.082139,-0.097906,-0.274333,0.372147,1.437328,-0.219916,-0.186412,-0.110166
25.940000,-0.401304,-0.063487,1.467953,0.148481,-0.106321,-0.092016,0.463945,-0.204611,1.471287,0.102262,0.178889,-0.079568,-0.027184,-0.486565,1.460346,0.243629,0.011538,-0.080287,0.221948,0.308380,1.456291,-0.288700,0.078550,-0.100523,-0.278707,0.368369,1.435105,-0.217570,-0.191370,-0.112167
25.960000,-0.398279,-0.065589,1.466079,0.154000,-0.103902,-0.095368,0.465981,-0.201015,1.469668,0.101340,0.180780,-0.082295,-0.022291,-0.486307,1.458713,0.245659,0.014203,-0.083055,0.216134,0.309916,1.454255,-0.292743,0.075130,-0.103143,-0.283037,0.364493,1.432841,-0.215374,-0.196178,-0.114192
25.980000,-0.395146,-0.067643,1.464139,0.159282,-0.101523,-0.098708,0.467999,-0.197380,1.467995,0.100557,0.182670,-0.085019,-0.017357,-0.485998,1.457024,0.247748,0.016722,-0.085856,0.210239,0.311386,1.452166,-0.296711,0.071879,-0.105767,-0.287323,0.360523,1.430537,-0.213326,-0.200836,-0.116241
26.000000,-0.391909,-0.069650,1.462131,0.164329,-0.099183,-0.102037,0.470004,-0.193708,1.466268,0.099910,0.184557,-0.087739,-0.012381,-0.485639,1.455278,0.249894,0.019095,-0.088689,0.204266,0.312793,1.450024,-0.300604,0.068798,-0.108395,-0.291571,0.356461,1.428192,-0.211428,-0.205344,-0.118313
26.020000,-0.388574,-0.071611,1.460057,0.169140,-0.096869,-0.105344,0.471996,-0.189998,1.464486,0.099381,0.186438,-0.090451,-0.007361,-0.485235,1.453476,0.252080,0.021335,-0.091540,0.198215,0.314139,1.447830,-0.304425,0.065873,-0.111016,-0.295781,0.352310,1.425804,-0.209666,-0.209707,-0.120402
26.040000,-0.385145,-0.073525,1.457918,0.173718,-0.094568,-0.108618,0.473980,-0.186250,1.462650,0.098952,0.188308,-0.093151,-0.002298,-0.484787,1.451617,0.254288,0.023456,-0.094394,0.192089,0.315429,1.445584,-0.308180,0.063092,-0.113623,-0.299958,0.348074,1.423375,-0.208028,-0.213928,-0.122501
26.060000,-0.381627,-0.075394,1.455713,0.178062,-0.092280,-0.111860,0.475955,-0.182466,1.460760,0.098622,0.190167,-0.095838,0.002810,-0.484297,1.449700,0.256518,0.025459,-0.097251,0.185889,0.316664,1.443285,-0.311868,0.060455,-0.116214,-0.304103,0.343754,1.420904,-0.206514,-0.218008,-0.124609
26.080000,-0.378024,-0.077217,1.453443,0.182172,-0.090006,-0.115070,0.477925,-0.178644,1.458816,0.098390,0.192014,-0.098513,0.007963,-0.483769,1.447726,0.258771,0.027342,-0.100112,0.179615,0.317848,1.440935,-0.315490,0.057961,-0.118789,-0.308219,0.339354,1.418391,-0.205123,-0.221947,-0.126726
26.100000,-0.374342,-0.078994,1.451110,0.186048,-0.087745,-0.118247,0.479891,-0.174785,1.456819,0.098258,0.193850,-0.101175,0.013161,-0.483204,1.445696,0.261046,0.029107,-0.102976,0.173269,0.318983,1.438534,-0.319044,0.055611,-0.121348,-0.312309,0.334877,1.415835,-0.203855,-0.225745,-0.128853
26.120000,-0.370584,-0.080726,1.448714,0.189692,-0.085479,-0.121381,0.481856,-0.170890,1.454769,0.098208,0.195670,-0.103822,0.018405,-0.482606,1.443607,0.263328,0.030766,-0.105830,0.166854,0.320073,1.436081,-0.322538,0.053386,-0.123880,-0.316374,0.330325,1.413237,-0.202692,-0.229411,-0.130978
26.140000,-0.366755,-0.082413,1.446255,0.193105,-0.083188,-0.124461,0.483820,-0.166958,1.452666,0.098223,0.197471,-0.106451,0.023694,-0.481974,1.441463,0.265601,0.032333,-0.108662,0.160368,0.321119,1.433579,-0.325978,0.051270,-0.126370,-0.320417,0.325701,1.410596,-0.201613,-0.232954,-0.133087
26.160000,-0.362861,-0.084054,1.443736,0.196289,-0.080873,-0.127486,0.485785,-0.162991,1.450511,0.098304,0.199252,-0.109062,0.029029,-0.481313,1.439261,0.267865,0.033808,-0.111470,0.153815,0.322124,1.431027,-0.329365,0.049262,-0.128820,-0.324439,0.321008,1.407913,-0.200620,-0.236375,-0.135182
26.180000,-0.358905,-0.085648,1.441156,0.199242,-0.078534,-0.130458,0.487753,-0.158988,1.448304,0.098451,0.201014,-0.111654,0.034409,-0.480623,1.437004,0.270120,0.035190,-0.114256,0.147194,0.323091,1.428426,-0.332698,0.047363,-0.131229,-0.328443,0.316247,1.405189,-0.199711,-0.239674,-0.137262
26.200000,-0.354893,-0.087195,1.438518,0.201965,-0.076170,-0.133376,0.489724,-0.154951,1.446045,0.098664,0.202756,-0.114229,0.039834,-0.479906,1.434691,0.272366,0.036480,-0.117019,0.140507,0.324020,1.425778,-0.335977,0.045571,-0.133597,-0.332428,0.311422,1.402423,-0.198886,-0.242849,-0.139327
26.220000,-0.350828,-0.088694,1.435822,0.204462,-0.073778,-0.136235,0.491700,-0.150878,1.443735,0.098928,0.204476,-0.116784,0.045304,-0.479164,1.432323,0.274589,0.037691,-0.119747,0.133755,0.324914,1.423083,-0.339202,0.043873,-0.135917,-0.336399,0.306534,1.399616,-0.198130,-0.245911,-0.141368
26.240000,-0.346716,-0.090146,1.433069,0.206738,-0.071356,-0.139030,0.493681,-0.146772,1.441374,0.099230,0.206169,-0.119317,0.050817,-0.478399,1.429902,0.276776,0.038833,-0.122426,0.126939,0.325775,1.420342,-0.342372,0.042254,-0.138181,-0.340354,0.301586,1.396769,-0.197424,-0.248865,-0.143372
26.260000,-0.342560,-0.091548,1.430261,0.208793,-0.068903,-0.141761,0.495669,-0.142632,1.438963,0.099570,0.207836,-0.121830,0.056374,-0.477611,1.427427,0.278926,0.039908,-0.125056,0.120061,0.326605,1.417556,-0.345487,0.040715,-0.140389,-0.344296,0.296580,1.393881,-0.196768,-0.251713,-0.145342
26.280000,-0.338366,-0.092902,1.427399,0.210627,-0.066419,-0.144429,0.497664,-0.138459,1.436501,0.099948,0.209477,-0.124321,0.061974,-0.476803,1.424900,0.281040,0.040916,-0.127638,0.113120,0.327404,1.414726,-0.348547,0.039254,-0.142541,-0.348225,0.291518,1.390955,-0.196163,-0.254454,-0.147276
26.300000,-0.334137,-0.094205,1.424484,0.212239,-0.063905,-0.147032,0.499667,-0.134253,1.433990,0.100363,0.211092,-0.126791,0.067616,-0.475975,1.422321,0.283117,0.041856,-0.130172,0.106119,0.328175,1.411855,-0.351552,0.037873,-0.144637,-0.352143,0.286403,1.387991,-0.195608,-0.257089,-0.149175
26.320000,-0.329878,-0.095458,1.421518,0.213638,-0.061360,-0.149567,0.501679,-0.130015,1.431430,0.100806,0.212678,-0.129238,0.073298,-0.475129,1.419693,0.285153,0.042738,-0.132657,0.099059,0.328920,1.408941,-0.354496,0.036559,-0.146675,-0.356050,0.281235,1.384988,-0.195091,-0.259623,-0.151032
26.340000,-0.325593,-0.096659,1.418502,0.214833,-0.058783,-0.152027,0.503700,-0.125746,1.428820,0.101264,0.214232,-0.131662,0.079021,-0.474266,1.417015,0.287145,0.043571,-0.135093,0.091940,0.329638,1.405988,-0.357375,0.035304,-0.148654,-0.359946,0.276018,1.381950,-0.194597,-0.262066,-0.152843
26.360000,-0.321286,-0.097809,1.415437,0.215824,-0.056174,-0.154414,0.505730,-0.121446,1.426163,0.101737,0.215755,-0.134063,0.084784,-0.473386,1.414290,0.289093,0.044355,-0.137480,0.084764,0.330332,1.402996,-0.360188,0.034107,-0.150572,-0.363834,0.270753,1.378875,-0.194127,-0.264415,-0.154607
26.380000,-0.316961,-0.098906,1.412326,0.216609,-0.053533,-0.156726,0.507769,-0.117116,1.423458,0.102226,0.217246,-0.136441,0.090585,-0.472492,1.411517,0.290997,0.045091,-0.139818,0.077533,0.331003,1.399965,-0.362935,0.032967,-0.152430,-0.367712,0.265442,1.375766,-0.193681,-0.266672,-0.156324
26.400000,-0.312623,-0.099950,1.409169,0.217190,-0.050861,-0.158964,0.509819,-0.112756,1.420706,0.102731,0.218706,-0.138795,0.096424,-0.471583,1.408697,0.292856,0.045778,-0.142106,0.070247,0.331651,1.396899,-0.365617,0.031885,-0.154229,-0.371581,0.260087,1.372622,-0.193258,-0.268837,-0.157994
26.420000,-0.308275,-0.100940,1.405968,0.217578,-0.048157,-0.161125,0.511879,-0.108368,1.417906,0.103243,0.220132,-0.141125,0.102299,-0.470661,1.405833,0.294665,0.046423,-0.144342,0.062909,0.332279,1.393797,-0.368228,0.030855,-0.155972,-0.375442,0.254689,1.369446,-0.192856,-0.270923,-0.159620
26.440000,-0.303921,-0.101876,1.402724,0.217786,-0.045419,-0.163209,0.513948,-0.103951,1.415061,0.103753,0.221521,-0.143428,0.108210,-0.469726,1.402924,0.296418,0.047034,-0.146522,0.055519,0.332886,1.390660,-0.370766,0.029871,-0.157664,-0.379295,0.249251,1.366238,-0.192470,-0.272945,-0.161202
26.460000,-0.299564,-0.102757,1.399440,0.217812,-0.042648,-0.165213,0.516029,-0.099507,1.412169,0.104261,0.222874,-0.145707,0.114155,-0.468780,1.399972,0.298115,0.047610,-0.148645,0.048078,0.333474,1.387490,-0.373230,0.028933,-0.159306,-0.383141,0.243772,1.362998,-0.192101,-0.274904,-0.162742
26.480000,-0.295209,-0.103582,1.396116,0.217658,-0.039844,-0.167140,0.518119,-0.095037,1.409233,0.104768,0.224191,-0.147959,0.120134,-0.467822,1.396979,0.299756,0.048151,-0.150711,0.040590,0.334043,1.384288,-0.375619,0.028042,-0.160898,-0.386980,0.238255,1.359729,-0.191748,-0.276799,-0.164239
26.500000,-0.290859,-0.104350,1.392755,0.217323,-0.037007,-0.168988,0.520219,-0.090540,1.406251,0.105274,0.225472,-0.150186,0.126145,-0.466854,1.393944,0.301341,0.048657,-0.152720,0.033054,0.334596,1.381055,-0.377935,0.027196,-0.162439,-0.390811,0.232701,1.356429,-0.191412,-0.278630,-0.165693
26.520000,-0.286518,-0.105062,1.389357,0.216820,-0.034131,-0.170761,0.522330,-0.086018,1.403226,0.105771,0.226714,-0.152386,0.132187,-0.465876,1.390870,0.302870,0.049135,-0.154679,0.025473,0.335131,1.377791,-0.380170,0.026390,-0.163928,-0.394636,0.227110,1.353101,-0.191085,-0.280410,-0.167097
26.540000,-0.282188,-0.105715,1.385925,0.216164,-0.031213,-0.172461,0.524450,-0.081472,1.400156,0.106254,0.227916,-0.154556,0.138259,-0.464889,1.387757,0.304342,0.049589,-0.156592,0.017848,0.335651,1.374498,-0.382316,0.025616,-0.165364,-0.398454,0.221484,1.349746,-0.190758,-0.282154,-0.168443
26.560000,-0.277872,-0.106310,1.382459,0.215355,-0.028252,-0.174088,0.526580,-0.076902,1.397043,0.106722,0.229076,-0.156697,0.144361,-0.463893,1.384607,0.305758,0.050020,-0.158461,0.010181,0.336156,1.371177,-0.384375,0.024874,-0.166746,-0.402266,0.215824,1.346364,-0.190433,-0.283862,-0.169733
26.580000,-0.273574,-0.106845,1.378962,0.214393,-0.025247,-0.175642,0.528719,-0.072309,1.393888,0.107176,0.230196,-0.158809,0.150489,-0.462888,1.381419,0.307118,0.050427,-0.160284,0.002474,0.336647,1.367829,-0.386346,0.024166,-0.168075,-0.406072,0.210130,1.342957,-0.190109,-0.285533,-0.170966
26.600000,-0.269297,-0.107320,1.375434,0.213277,-0.022200,-0.177123,0.530867,-0.067694,1.390691,0.107616,0.231276,-0.160891,0.156645,-0.461876,1.378196,0.308421,0.050811,-0.162061,-0.005272,0.337123,1.364454,-0.388228,0.023490,-0.169351,-0.409871,0.204403,1.339526,-0.189785,-0.287167,-0.172141
26.620000,-0.265044,-0.107733,1.371877,0.212025,-0.019118,-0.178534,0.533023,-0.063058,1.387453,0.108037,0.232312,-0.162942,0.162826,-0.460856,1.374937,0.309665,0.051174,-0.163796,-0.013055,0.337586,1.361055,-0.390021,0.022843,-0.170578,-0.413663,0.198644,1.336071,-0.189461,-0.288768,-0.173255
26.640000,-0.260817,-0.108084,1.368293,0.210657,-0.016010,-0.179877,0.535188,-0.058402,1.384174,0.108434,0.233302,-0.164957,0.169031,-0.459829,1.371644,0.310846,0.051521,-0.165488,-0.020873,0.338037,1.357631,-0.391722,0.022221,-0.171762,-0.417449,0.192853,1.332596,-0.189134,-0.290337,-0.174302
26.660000,-0.256619,-0.108373,1.364683,0.209171,-0.012877,-0.181151,0.537361,-0.053726,1.380855,0.108808,0.234246,-0.166938,0.175259,-0.458795,1.368318,0.311965,0.051852,-0.167139,-0.028723,0.338475,1.354185,-0.393331,0.021625,-0.172902,-0.421229,0.187030,1.329100,-0.188804,-0.291874,-0.175282
26.680000,-0.252451,-0.108599,1.361048,0.207567,-0.009718,-0.182358,0.539540,-0.049032,1.377497,0.109158,0.235145,-0.168883,0.181509,-0.457755,1.364959,0.313022,0.052166,-0.168747,-0.036605,0.338902,1.350716,-0.394848,0.021055,-0.173998,-0.425001,0.181178,1.325585,-0.188471,-0.293381,-0.176195
26.700000,-0.248317,-0.108761,1.357389,0.205846,-0.006533,-0.183496,0.541727,-0.044321,1.374100,0.109484,0.235998,-0.170794,0.187780,-0.456709,1.361568,0.314017,0.052462,-0.170314,-0.044517,0.339318,1.347225,-0.396274,0.020511,-0.175052,-0.428767,0.175295,1.322052,-0.188135,-0.294855,-0.177041
26.720000,-0.244218,-0.108860,1.353708,0.204024,-0.003335,-0.184568,0.543920,-0.039593,1.370665,0.109784,0.236803,-0.172666,0.194070,-0.455657,1.358147,0.314946,0.052745,-0.171838,-0.052455,0.339723,1.343714,-0.397601,0.019989,-0.176060,-0.432527,0.169384,1.318504,-0.187789,-0.296291,-0.177813
26.740000,-0.240156,-0.108895,1.350007,0.202118,-0.000139,-0.185576,0.546118,-0.034849,1.367193,0.110053,0.237556,-0.174494,0.200377,-0.454599,1.354695,0.315807,0.053014,-0.173319,-0.060420,0.340118,1.340183,-0.398825,0.019485,-0.177023,-0.436279,0.163444,1.314941,-0.187424,-0.297678,-0.178504
26.760000,-0.236134,-0.108866,1.346286,0.200126,0.003057,-0.186520,0.548321,-0.030091,1.363686,0.110293,0.238258,-0.176279,0.206701,-0.453536,1.351214,0.316598,0.053270,-0.174758,-0.068408,0.340502,1.336633,-0.399944,0.018999,-0.177939,-0.440023,0.157477,1.311364,-0.187040,-0.299017,-0.179114
26.780000,-0.232152,-0.108773,1.342546,0.198050,0.006251,-0.187399,0.550529,-0.025319,1.360143,0.110503,0.238908,-0.178022,0.213041,-0.452468,1.347705,0.317320,0.053514,-0.176153,-0.076417,0.340878,1.333066,-0.400960,0.018532,-0.178810,-0.443760,0.151484,1.307776,-0.186638,-0.300309,-0.179643
26.800000,-0.228212,-0.108616,1.338790,0.195890,0.009445,-0.188214,0.552741,-0.020535,1.356565,0.110682,0.239507,-0.179721,0.219394,-0.451396,1.344168,0.317974,0.053744,-0.177504,-0.084445,0.341244,1.329481,-0.401872,0.018084,-0.179635,-0.447489,0.145465,1.304179,-0.186217,-0.301552,-0.180091
26.820000,-0.224317,-0.108395,1.335018,0.193660,0.012622,-0.188967,0.554957,-0.015739,1.352954,0.110830,0.240052,-0.181372,0.225759,-0.450319,1.340605,0.318554,0.053962,-0.178810,-0.092491,0.341601,1.325881,-0.402684,0.017651,-0.180420,-0.451209,0.139422,1.300573,-0.185771,-0.302737,-0.180459
26.840000,-0.220466,-0.108111,1.331232,0.191378,0.015764,-0.189658,0.557174,-0.010933,1.349310,0.110943,0.240538,-0.182969,0.232135,-0.449237,1.337016,0.319057,0.054169,-0.180067,-0.100552,0.341950,1.322265,-0.403402,0.017234,-0.181170,-0.454920,0.133356,1.296961,-0.185293,-0.303851,-0.180746
26.860000,-0.216662,-0.107765,1.327432,0.189042,0.018873,-0.190288,0.559394,-0.006118,1.345636,0.111023,0.240967,-0.184513,0.238521,-0.448152,1.333403,0.319484,0.054363,-0.181276,-0.108627,0.342291,1.318634,-0.404024,0.016832,-0.181886,-0.458620,0.127268,1.293344,-0.184783,-0.304895,-0.180953
26.880000,-0.212905,-0.107356,1.323621,0.186653,0.021947,-0.190856,0.561615,-0.001295,1.341930,0.111068,0.241337,-0.186004,0.244914,-0.447063,1.329765,0.319834,0.054546,-0.182435,-0.116713,0.342623,1.314989,-0.404551,0.016445,-0.182567,-0.462311,0.121161,1.289724,-0.184242,-0.305869,-0.181079
26.900000,-0.209196,-0.106887,1.319798,0.184211,0.024987,-0.191364,0.563837,0.003535,1.338196,0.111079,0.241650,-0.187440,0.251314,-0.445970,1.326106,0.320106,0.054718,-0.183545,-0.124808,0.342948,1.311332,-0.404984,0.016073,-0.183214,-0.465990,0.115034,1.286101,-0.183668,-0.306773,-0.181126
26.920000,-0.205537,-0.106357,1.315967,0.181744,0.027969,-0.191813,0.566058,0.008371,1.334433,0.111054,0.241901,-0.188818,0.257718,-0.444874,1.322424,0.320298,0.054877,-0.184602,-0.132911,0.343266,1.307661,-0.405320,0.015714,-0.183826,-0.469657,0.108890,1.282479,-0.183061,-0.307597,-0.181097
26.940000,-0.201926,-0.105769,1.312126,0.179281,0.030869,-0.192207,0.568278,0.013211,1.330644,0.110993,0.242088,-0.190129,0.264125,-0.443775,1.318722,0.320403,0.055023,-0.185601,-0.141020,0.343577,1.303979,-0.405560,0.015367,-0.184406,-0.473312,0.102731,1.278858,-0.182417,-0.308331,-0.180997
26.960000,-0.198365,-0.105123,1.308279,0.176821,0.033689,-0.192546,0.570497,0.018054,1.326828,0.110896,0.242209,-0.191375,0.270533,-0.442673,1.315000,0.320423,0.055157,-0.186541,-0.149133,0.343881,1.300285,-0.405704,0.015032,-0.184951,-0.476954,0.096558,1.275240,-0.181738,-0.308975,-0.180828
26.980000,-0.194854,-0.104422,1.304425,0.174364,0.036426,-0.192830,0.572714,0.022899,1.322989,0.110762,0.242265,-0.192556,0.276941,-0.441569,1.311261,0.320356,0.055278,-0.187422,-0.157248,0.344178,1.296581,-0.405750,0.014708,-0.185464,-0.480581,0.090372,1.271625,-0.181022,-0.309530,-0.180588
27.000000,-0.191391,-0.103667,1.300566,0.171911,0.039083,-0.193059,0.574928,0.027744,1.319127,0.110591,0.242257,-0.193670,0.283347,-0.440462,1.307504,0.320203,0.055387,-0.188245,-0.165362,0.344469,1.292867,-0.405701,0.014397,-0.185942,-0.484194,0.084177,1.268017,-0.180269,-0.309995,-0.180277
27.020000,-0.187977,-0.102859,1.296703,0.169476,0.041644,-0.193231,0.577137,0.032588,1.315243,0.110384,0.242179,-0.194713,0.289749,-0.439354,1.303731,0.319960,0.055482,-0.189003,-0.173475,0.344754,1.289143,-0.405551,0.014095,-0.186385,-0.487792,0.077973,1.264415,-0.179485,-0.310367,-0.179907
27.040000,-0.184612,-0.102001,1.292837,0.167073,0.044098,-0.193345,0.579343,0.037431,1.311339,0.110138,0.242030,-0.195677,0.296145,-0.438243,1.299944,0.319621,0.055561,-0.189691,-0.181584,0.345033,1.285412,-0.405297,0.013803,-0.186787,-0.491373,0.071763,1.260821,-0.178670,-0.310644,-0.179487
27.060000,-0.181294,-0.101096,1.288969,0.164701,0.046444,-0.193400,0.581543,0.042269,1.307416,0.109855,0.241808,-0.196563,0.302533,-0.437131,1.296144,0.319187,0.055625,-0.190308,-0.189686,0.345307,1.281672,-0.404938,0.013519,-0.187151,-0.494938,0.065548,1.257236,-0.177827,-0.310824,-0.179017
27.080000,-0.178023,-0.100144,1.285101,0.162362,0.048682,-0.193396,0.583737,0.047103,1.303477,0.109535,0.241514,-0.197370,0.308912,-0.436018,1.292332,0.318657,0.055674,-0.190854,-0.197781,0.345574,1.277926,-0.404476,0.013244,-0.187475,-0.498486,0.059331,1.253660,-0.176955,-0.310907,-0.178497
27.100000,-0.174799,-0.099149,1.281234,0.160055,0.050813,-0.193334,0.585924,0.051929,1.299522,0.109177,0.241148,-0.198098,0.315279,-0.434904,1.288510,0.318032,0.055707,-0.191330,-0.205865,0.345836,1.274174,-0.403909,0.012978,-0.187759,-0.502016,0.053113,1.250096,-0.176053,-0.310895,-0.177928
27.120000,-0.171621,-0.098113,1.277368,0.157784,0.052831,-0.193209,0.588104,0.056748,1.295553,0.108782,0.240706,-0.198742,0.321632,-0.433790,1.284680,0.317306,0.055723,-0.191728,-0.213936,0.346093,1.270416,-0.403232,0.012719,-0.187998,-0.505528,0.046896,1.246544,-0.175123,-0.310783,-0.177313
27.140000,-0.168487,-0.097037,1.273506,0.155553,0.054732,-0.193017,0.590275,0.061557,1.291573,0.108349,0.240186,-0.199295,0.327970,-0.432676,1.280842,0.316476,0.055721,-0.192042,-0.221993,0.346345,1.266654,-0.402438,0.012467,-0.188187,-0.509021,0.040682,1.243004,-0.174165,-0.310566,-0.176657
27.160000,-0.165398,-0.095924,1.269648,0.153362,0.056517,-0.192760,0.592437,0.066355,1.287582,0.107879,0.239586,-0.199756,0.334291,-0.431561,1.276999,0.315541,0.055699,-0.192272,-0.230033,0.346592,1.262889,-0.401528,0.012221,-0.188324,-0.512495,0.034474,1.239478,-0.173179,-0.310245,-0.175959
27.180000,-0.162353,-0.094777,1.265796,0.151210,0.058185,-0.192436,0.594590,0.071140,1.283583,0.107372,0.238907,-0.200127,0.340591,-0.430448,1.273152,0.314502,0.055659,-0.192418,-0.238053,0.346834,1.259121,-0.400501,0.011982,-0.188410,-0.515948,0.028273,1.235966,-0.172165,-0.309819,-0.175220
27.200000,-0.159350,-0.093598,1.261951,0.149098,0.059736,-0.192046,0.596732,0.075911,1.279578,0.106828,0.238149,-0.200406,0.346870,-0.429335,1.269302,0.313358,0.055599,-0.192480,-0.246052,0.347071,1.255353,-0.399358,0.011749,-0.188444,-0.519381,0.022082,1.232469,-0.171124,-0.309289,-0.174439
27.220000,-0.156389,-0.092388,1.258115,0.147023,0.061171,-0.191584,0.598863,0.080665,1.275567,0.106247,0.237310,-0.200588,0.353125,-0.428224,1.265453,0.312106,0.055518,-0.192452,-0.254027,0.347304,1.251584,-0.398090,0.011522,-0.188421,-0.522793,0.015902,1.228988,-0.170053,-0.308650,-0.173617
27.240000,-0.153469,-0.091151,1.254288,0.144982,0.062492,-0.191045,0.600982,0.085402,1.271555,0.105630,0.236386,-0.200668,0.359354,-0.427115,1.261605,0.310741,0.055415,-0.192326,-0.261975,0.347532,1.247816,-0.396691,0.011299,-0.188330,-0.526183,0.009736,1.225525,-0.168952,-0.307898,-0.172751
27.260000,-0.150589,-0.089889,1.250473,0.142974,0.063698,-0.190430,0.603088,0.090120,1.267541,0.104977,0.235376,-0.200646,0.365554,-0.426008,1.257761,0.309265,0.055288,-0.192103,-0.269894,0.347756,1.244051,-0.395161,0.011082,-0.188173,-0.529551,0.003587,1.222079,-0.167820,-0.307032,-0.171844
27.280000,-0.147749,-0.088604,1.246672,0.141000,0.064790,-0.189739,0.605180,0.094817,1.263530,0.104288,0.234283,-0.200521,0.371723,-0.424903,1.253922,0.307676,0.055137,-0.191783,-0.277780,0.347976,1.240290,-0.393499,0.010869,-0.187949,-0.532896,-0.002544,1.218651,-0.166657,-0.306053,-0.170894
27.300000,-0.144949,-0.087299,1.242884,0.139059,0.065767,-0.188971,0.607259,0.099491,1.259521,0.103563,0.233104,-0.200293,0.377860,-0.423802,1.250090,0.305975,0.054964,-0.191366,-0.285633,0.348191,1.236534,-0.391705,0.010661,-0.187659,-0.536217,-0.008655,1.215243,-0.165463,-0.304960,-0.169901
27.320000,-0.142187,-0.085974,1.239113,0.137146,0.066634,-0.188120,0.609323,0.104141,1.255519,0.102804,0.231839,-0.199958,0.383962,-0.422705,1.246268,0.304160,0.054765,-0.190846,-0.293448,0.348402,1.232784,-0.389773,0.010457,-0.187293,-0.539514,-0.014742,1.211855,-0.164236,-0.303748,-0.168862
27.340000,-0.139463,-0.084634,1.235360,0.135253,0.067395,-0.187182,0.611371,0.108764,1.251524,0.102010,0.230485,-0.199511,0.390026,-0.421612,1.242457,0.302228,0.054539,-0.190218,-0.301223,0.348609,1.229042,-0.387694,0.010258,-0.186844,-0.542786,-0.020804,1.208489,-0.162973,-0.302414,-0.167772
27.360000,-0.136777,-0.083279,1.231627,0.133380,0.068049,-0.186157,0.613403,0.113359,1.247539,0.101184,0.229043,-0.198952,0.396050,-0.420524,1.238660,0.300180,0.054286,-0.189482,-0.308955,0.348812,1.225311,-0.385470,0.010063,-0.186310,-0.546033,-0.026838,1.205145,-0.161674,-0.300956,-0.166633
27.380000,-0.134128,-0.081913,1.227915,0.131528,0.068598,-0.185044,0.615418,0.117925,1.243566,0.100324,0.227512,-0.198282,0.402032,-0.419441,1.234878,0.298014,0.054005,-0.188638,-0.316640,0.349012,1.221591,-0.383100,0.009873,-0.185693,-0.549253,-0.032841,1.201824,-0.160340,-0.299376,-0.165443
27.400000,-0.131515,-0.080536,1.224225,0.129697,0.069040,-0.183843,0.617416,0.122459,1.239608,0.099430,0.225892,-0.197499,0.407970,-0.418363,1.231115,0.295732,0.053697,-0.187685,-0.324278,0.349207,1.217884,-0.380583,0.009686,-0.184992,-0.552446,-0.038812,1.198528,-0.158969,-0.297672,-0.164203
27.420000,-0.128940,-0.079152,1.220561,0.127878,0.069382,-0.182551,0.619395,0.126960,1.235667,0.098505,0.224184,-0.196602,0.413861,-0.417293,1.227372,0.293334,0.053361,-0.186621,-0.331863,0.349399,1.214192,-0.377916,0.009504,-0.184198,-0.555611,-0.044747,1.195256,-0.157561,-0.295842,-0.162908
27.440000,-0.126400,-0.077761,1.216924,0.126065,0.069629,-0.181162,0.621356,0.131426,1.231745,0.097549,0.222386,-0.195588,0.419702,-0.416229,1.223651,0.290819,0.052994,-0.185442,-0.339393,0.349588,1.210516,-0.375091,0.009326,-0.183303,-0.558748,-0.050645,1.192012,-0.156113,-0.293882,-0.161553
27.460000,-0.123897,-0.076367,1.213316,0.124258,0.069782,-0.179676,0.623297,0.135855,1.227844,0.096564,0.220499,-0.194455,0.425493,-0.415173,1.219955,0.288187,0.052596,-0.184148,-0.346865,0.349772,1.206860,-0.372110,0.009154,-0.182308,-0.561856,-0.056502,1.188795,-0.154624,-0.291793,-0.160138
27.480000,-0.121430,-0.074971,1.209738,0.122457,0.069840,-0.178095,0.625218,0.140245,1.223968,0.095549,0.218523,-0.193205,0.431229,-0.414126,1.216286,0.285439,0.052168,-0.182738,-0.354276,0.349954,1.203225,-0.368972,0.008985,-0.181211,-0.564933,-0.062315,1.185606,-0.153095,-0.289574,-0.158662
27.500000,-0.118999,-0.073574,1.206192,0.120662,0.069804,-0.176417,0.627119,0.144595,1.220117,0.094504,0.216458,-0.191838,0.436909,-0.413087,1.212646,0.282574,0.051710,-0.181213,-0.361623,0.350132,1.199612,-0.365677,0.008821,-0.180014,-0.567979,-0.068084,1.182448,-0.151526,-0.287225,-0.157127
27.520000,-0.116603,-0.072179,1.202682,0.118866,0.069681,-0.174640,0.628998,0.148903,1.216295,0.093432,0.214305,-0.190353,0.442531,-0.412057,1.209038,0.279597,0.051221,-0.179572,-0.368903,0.350307,1.196025,-0.362237,0.008662,-0.178718,-0.570994,-0.073804,1.179322,-0.149917,-0.284747,-0.155527
27.540000,-0.114244,-0.070788,1.199207,0.117065,0.069476,-0.172764,0.630856,0.153167,1.212504,0.092335,0.212067,-0.188750,0.448093,-0.411038,1.205464,0.276510,0.050700,-0.177816,-0.376112,0.350478,1.192464,-0.358665,0.008506,-0.177326,-0.573975,-0.079473,1.176228,-0.148266,-0.282140,-0.153860
27.560000,-0.111921,-0.069401,1.195772,0.115258,0.069191,-0.170788,0.632691,0.157385,1.208746,0.091214,0.209745,-0.187030,0.453591,-0.410030,1.201926,0.273314,0.050147,-0.175944,-0.383248,0.350647,1.188932,-0.354960,0.008355,-0.175836,-0.576924,-0.085088,1.173168,-0.146575,-0.279404,-0.152124
27.580000,-0.109634,-0.068020,1.192377,0.113444,0.068826,-0.168712,0.634504,0.161556,1.205023,0.090067,0.207337,-0.185192,0.459024,-0.409032,1.198427,0.270008,0.049563,-0.173955,-0.390309,0.350812,1.185431,-0.351122,0.008208,-0.174250,-0.579838,-0.090648,1.170143,-0.144842,-0.276540,-0.150321
27.600000,-0.107383,-0.066648,1.189024,0.111625,0.068380,-0.166537,0.636294,0.165678,1.201339,0.088897,0.204845,-0.183236,0.464391,-0.408047,1.194968,0.266594,0.048946,-0.171851,-0.397292,0.350975,1.181963,-0.347151,0.008065,-0.172567,-0.582717,-0.096149,1.167156,-0.143068,-0.273546,-0.148450
27.620000,-0.105169,-0.065286,1.185716,0.109797,0.067860,-0.164264,0.638060,0.169749,1.197695,0.087705,0.202273,-0.181166,0.469687,-0.407075,1.191553,0.263079,0.048299,-0.169635,-0.404195,0.351135,1.178529,-0.343059,0.007927,-0.170791,-0.585561,-0.101589,1.164206,-0.141256,-0.270429,-0.146509
27.640000,-0.102991,-0.063934,1.182454,0.107957,0.067276,-0.161896,0.639802,0.173769,1.194093,0.086495,0.199627,-0.178986,0.474913,-0.406116,1.188184,0.259472,0.047622,-0.167312,-0.411014,0.351292,1.175132,-0.338859,0.007793,-0.168925,-0.588367,-0.106965,1.161296,-0.139407,-0.267196,-0.144500
27.660000,-0.100851,-0.062595,1.179241,0.106105,0.066627,-0.159433,0.641519,0.177734,1.190536,0.085269,0.196907,-0.176696,0.480066,-0.405170,1.184862,0.255772,0.046914,-0.164881,-0.417748,0.351447,1.171773,-0.334551,0.007665,-0.166969,-0.591137,-0.112276,1.158426,-0.137522,-0.263846,-0.142420
27.680000,-0.098747,-0.061270,1.176077,0.104241,0.065913,-0.156876,0.643212,0.181644,1.187026,0.084025,0.194114,-0.174297,0.485143,-0.404239,1.181589,0.251981,0.046176,-0.162343,-0.424395,0.351599,1.168454,-0.330134,0.007541,-0.164922,-0.593868,-0.117518,1.155599,-0.135601,-0.260379,-0.140271
27.700000,-0.096681,-0.059959,1.172966,0.102365,0.065134,-0.154224,0.644880,0.185498,1.183565,0.082763,0.191247,-0.171787,0.490144,-0.403323,1.178369,0.248098,0.045408,-0.159697,-0.430953,0.351749,1.165177,-0.325608,0.007423,-0.162786,-0.596560,-0.122690,1.152816,-0.133643,-0.256794,-0.138052
27.720000,-0.094653,-0.058665,1.169909,0.100478,0.064299,-0.151486,0.646523,0.189294,1.180155,0.081489,0.188317,-0.169176,0.495067,-0.402423,1.175202,0.244137,0.044612,-0.156953,-0.437419,0.351896,1.161943,-0.320986,0.007310,-0.160563,-0.599214,-0.127790,1.150078,-0.131655,-0.253106,-0.135766
27.740000,-0.092662,-0.057387,1.166907,0.098581,0.063416,-0.148670,0.648140,0.193030,1.176798,0.080208,0.185332,-0.166473,0.499909,-0.401539,1.172091,0.240113,0.043791,-0.154122,-0.443792,0.352041,1.158755,-0.316280,0.007203,-0.158257,-0.601827,-0.132814,1.147386,-0.129641,-0.249327,-0.133419
27.760000,-0.090709,-0.056128,1.163963,0.096674,0.062486,-0.145776,0.649731,0.196707,1.173497,0.078918,0.182294,-0.163678,0.504671,-0.400672,1.169038,0.236027,0.042945,-0.151204,-0.450070,0.352184,1.155613,-0.311489,0.007103,-0.155869,-0.604399,-0.137762,1.144741,-0.127602,-0.245456,-0.131008
27.780000,-0.088795,-0.054888,1.161077,0.094756,0.061509,-0.142804,0.651297,0.200322,1.170252,0.077621,0.179202,-0.160790,0.509350,-0.399821,1.166044,0.231878,0.042073,-0.148198,-0.456251,0.352325,1.152521,-0.306613,0.007009,-0.153398,-0.606930,-0.142632,1.142146,-0.125538,-0.241494,-0.128535
27.800000,-0.086919,-0.053668,1.158251,0.092829,0.060485,-0.139754,0.652836,0.203874,1.167066,0.076317,0.176056,-0.157810,0.513946,-0.398989,1.163110,0.227665,0.041177,-0.145104,-0.462334,0.352464,1.149478,-0.301654,0.006922,-0.150845,-0.609420,-0.147421,1.139600,-0.123448,-0.237441,-0.126000
27.820000,-0.085082,-0.052469,1.155487,0.090896,0.059423,-0.136641,0.654349,0.207364,1.163940,0.075010,0.172870,-0.154752,0.518456,-0.398174,1.160240,0.223411,0.040260,-0.141940,-0.468316,0.352602,1.146487,-0.296624,0.006842,-0.148215,-0.611868,-0.152129,1.137106,-0.121342,-0.233316,-0.123410
27.840000,-0.083283,-0.051291,1.152786,0.088963,0.058334,-0.133479,0.655836,0.210789,1.160876,0.073708,0.169659,-0.151630,0.522882,-0.397379,1.157433,0.219135,0.039327,-0.138720,-0.474198,0.352738,1.143550,-0.291539,0.006770,-0.145513,-0.614274,-0.156753,1.134664,-0.119228,-0.229138,-0.120775
27.860000,-0.081524,-0.050136,1.150148,0.087030,0.057217,-0.130269,0.657298,0.214150,1.157875,0.072410,0.166423,-0.148443,0.527222,-0.396601,1.154691,0.214837,0.038378,-0.135446,-0.479978,0.352873,1.140667,-0.286398,0.006706,-0.142738,-0.616637,-0.161294,1.132275,-0.117106,-0.224908,-0.118094
27.880000,-0.079802,-0.049003,1.147575,0.085096,0.056072,-0.127010,0.658733,0.217446,1.154939,0.071116,0.163161,-0.145193,0.531475,-0.395844,1.152016,0.210517,0.037413,-0.132116,-0.485654,0.353006,1.137841,-0.281202,0.006650,-0.139892,-0.618958,-0.165749,1.129941,-0.114976,-0.220625,-0.115367
27.900000,-0.078120,-0.047893,1.145068,0.083162,0.054900,-0.123702,0.660142,0.220676,1.152068,0.069826,0.159874,-0.141878,0.535642,-0.395105,1.149407,0.206176,0.036432,-0.128732,-0.491225,0.353139,1.135072,-0.275950,0.006602,-0.136974,-0.621236,-0.170119,1.127661,-0.112838,-0.216290,-0.112595
27.920000,-0.076476,-0.046807,1.142627,0.081236,0.053710,-0.120366,0.661526,0.223841,1.149264,0.068547,0.156578,-0.138518,0.539722,-0.394386,1.146867,0.201838,0.035441,-0.125314,-0.496691,0.353271,1.132362,-0.270659,0.006563,-0.133990,-0.623472,-0.174401,1.125437,-0.110702,-0.211926,-0.109789
27.940000,-0.074870,-0.045745,1.140254,0.079327,0.052513,-0.117021,0.662884,0.226939,1.146527,0.067285,0.153291,-0.135129,0.543716,-0.393687,1.144395,0.197527,0.034446,-0.121884,-0.502052,0.353402,1.129713,-0.265346,0.006534,-0.130947,-0.625664,-0.178596,1.123270,-0.108579,-0.207557,-0.106962
27.960000,-0.073303,-0.044707,1.137947,0.077433,0.051309,-0.113667,0.664217,0.229972,1.143859,0.066040,0.150012,-0.131712,0.547624,-0.393008,1.141991,0.193245,0.033448,-0.118442,-0.507305,0.353532,1.127125,-0.260009,0.006514,-0.127845,-0.627815,-0.182703,1.121159,-0.106469,-0.203183,-0.104114
27.980000,-0.071773,-0.043693,1.135707,0.075555,0.050098,-0.110304,0.665526,0.232940,1.141259,0.064812,0.146742,-0.128267,0.551446,-0.392350,1.139657,0.188989,0.032446,-0.114989,-0.512452,0.353662,1.124599,-0.254649,0.006505,-0.124684,-0.629923,-0.186723,1.119105,-0.104372,-0.198803,-0.101246
28.000000,-0.070280,-0.042703,1.133535,0.073693,0.048880,-0.106933,0.666810,0.235842,1.138728,0.063601,0.143481,-0.124793,0.555183,-0.391711,1.137392,0.184762,0.031440,-0.111523,-0.517491,0.353792,1.122138,-0.249266,0.006506,-0.121463,-0.631990,-0.190655,1.117109,-0.102288,-0.194419,-0.098356
28.020000,-0.068825,-0.041737,1.131429,0.071857,0.047664,-0.103575,0.668070,0.238679,1.136267,0.062413,0.140244,-0.121310,0.558837,-0.391092,1.135196,0.180587,0.030438,-0.108068,-0.522422,0.353922,1.119741,-0.243874,0.006517,-0.118188,-0.634015,-0.194500,1.115171,-0.100227,-0.190052,-0.095458
28.040000,-0.067406,-0.040796,1.129391,0.070056,0.046461,-0.100252,0.669307,0.241452,1.133876,0.061253,0.137048,-0.117835,0.562407,-0.390493,1.133069,0.176489,0.029445,-0.104648,-0.527246,0.354053,1.117411,-0.238485,0.006540,-0.114862,-0.635999,-0.198258,1.113291,-0.098200,-0.185726,-0.092565
28.060000,-0.066022,-0.039879,1.127419,0.068289,0.045270,-0.096964,0.670520,0.244162,1.131554,0.060122,0.133894,-0.114367,0.565897,-0.389914,1.131010,0.172468,0.028462,-0.101263,-0.531962,0.354184,1.115147,-0.233099,0.006575,-0.111486,-0.637943,-0.201929,1.111468,-0.096205,-0.181442,-0.089678
28.080000,-0.064674,-0.038985,1.125512,0.066557,0.044090,-0.093712,0.671712,0.246808,1.129301,0.059020,0.130781,-0.110908,0.569307,-0.389355,1.129018,0.168524,0.027489,-0.097912,-0.536570,0.354316,1.112952,-0.227717,0.006622,-0.108060,-0.639848,-0.205515,1.109704,-0.094244,-0.177198,-0.086795
28.100000,-0.063360,-0.038115,1.123670,0.064860,0.042923,-0.090494,0.672881,0.249393,1.127118,0.057947,0.127709,-0.107457,0.572638,-0.388814,1.127093,0.164657,0.026525,-0.094596,-0.541070,0.354449,1.110825,-0.222338,0.006681,-0.104584,-0.641713,-0.209017,1.107997,-0.092315,-0.172995,-0.083918
28.120000,-0.062079,-0.037268,1.121892,0.063205,0.041776,-0.087330,0.674030,0.251917,1.125003,0.056906,0.124689,-0.104026,0.575893,-0.388293,1.125234,0.160885,0.025577,-0.091333,-0.545464,0.354583,1.108768,-0.216992,0.006750,-0.101078,-0.643541,-0.212436,1.106347,-0.090427,-0.168848,-0.081054
28.140000,-0.060831,-0.036444,1.120177,0.061599,0.040655,-0.084237,0.675158,0.254381,1.122956,0.055900,0.121731,-0.100627,0.579074,-0.387791,1.123439,0.157225,0.024650,-0.088144,-0.549750,0.354719,1.106782,-0.211707,0.006829,-0.097566,-0.645331,-0.215772,1.104754,-0.088584,-0.164773,-0.078213
28.160000,-0.059615,-0.035642,1.118522,0.060042,0.039560,-0.081216,0.676266,0.256787,1.120978,0.054931,0.118834,-0.097260,0.582183,-0.387307,1.121708,0.153678,0.023743,-0.085027,-0.553932,0.354857,1.104866,-0.206483,0.006917,-0.094047,-0.647084,-0.219027,1.103218,-0.086788,-0.160768,-0.075393
28.180000,-0.058429,-0.034861,1.116928,0.058534,0.038492,-0.078265,0.677355,0.259135,1.119066,0.053998,0.116000,-0.093926,0.585222,-0.386841,1.120038,0.150244,0.022857,-0.081982,-0.558010,0.354996,1.103020,-0.201320,0.007015,-0.090521,-0.648802,-0.222203,1.101738,-0.085038,-0.156834,-0.072596
28.200000,-0.057273,-0.034102,1.115391,0.057076,0.037451,-0.075386,0.678426,0.261427,1.117220,0.053101,0.113228,-0.090623,0.588194,-0.386393,1.118428,0.146923,0.021992,-0.079011,-0.561985,0.355137,1.101245,-0.196219,0.007122,-0.086987,-0.650486,-0.225301,1.100314,-0.083333,-0.152971,-0.069822
28.220000,-0.056146,-0.033363,1.113912,0.055668,0.036439,-0.072587,0.679480,0.263664,1.115440,0.052240,0.110528,-0.087374,0.591100,-0.385961,1.116877,0.143719,0.021150,-0.076121,-0.565860,0.355281,1.099540,-0.191208,0.007236,-0.083477,-0.652136,-0.228322,1.098945,-0.081679,-0.149194,-0.067086
28.240000,-0.055046,-0.032644,1.112487,0.054313,0.035460,-0.069875,0.680516,0.265849,1.113725,0.051415,0.107910,-0.084197,0.593943,-0.385547,1.115383,0.140638,0.020333,-0.073321,-0.569635,0.355427,1.097906,-0.186316,0.007353,-0.080020,-0.653754,-0.231269,1.097630,-0.080079,-0.145520,-0.064407
28.260000,-0.053973,-0.031944,1.111116,0.053010,0.034513,-0.067250,0.681536,0.267981,1.112072,0.050627,0.105375,-0.081093,0.596726,-0.385148,1.113943,0.137678,0.019542,-0.070610,-0.573313,0.355575,1.096339,-0.181544,0.007474,-0.076617,-0.655340,-0.234144,1.096369,-0.078532,-0.141947,-0.061784
28.280000,-0.052925,-0.031263,1.109797,0.051760,0.033599,-0.064712,0.682541,0.270064,1.110481,0.049876,0.102922,-0.078063,0.599451,-0.384765,1.112558,0.134841,0.018776,-0.067990,-0.576897,0.355726,1.094841,-0.176891,0.007599,-0.073267,-0.656895,-0.236948,1.095159,-0.077039,-0.138476,-0.059218
28.300000,-0.051902,-0.030600,1.108527,0.050562,0.032717,-0.062262,0.683532,0.272099,1.108949,0.049160,0.100552,-0.075105,0.602121,-0.384397,1.111223,0.132125,0.018035,-0.065459,-0.580389,0.355879,1.093408,-0.172358,0.007727,-0.069970,-0.658421,-0.239684,1.094000,-0.075599,-0.135107,-0.056709
28.320000,-0.050903,-0.029954,1.107306,0.049416,0.031869,-0.059902,0.684508,0.274087,1.107476,0.048480,0.098267,-0.072232,0.604737,-0.384043,1.109939,0.129529,0.017320,-0.063021,-0.583792,0.356035,1.092041,-0.167957,0.007856,-0.066746,-0.659920,-0.242353,1.092890,-0.074213,-0.131846,-0.054265
28.340000,-0.049925,-0.029325,1.106130,0.048320,0.031054,-0.057635,0.685471,0.276030,1.106059,0.047833,0.096070,-0.069455,0.607303,-0.383704,1.108702,0.127048,0.016633,-0.060679,-0.587109,0.356193,1.090738,-0.163702,0.007985,-0.063612,-0.661390,-0.244958,1.091828,-0.072880,-0.128698,-0.051898
28.360000,-0.048970,-0.028712,1.105000,0.047273,0.030273,-0.055461,0.686422,0.277930,1.104697,0.047218,0.093962,-0.066774,0.609820,-0.383378,1.107511,0.124683,0.015972,-0.058434,-0.590341,0.356354,1.089496,-0.159593,0.008113,-0.060569,-0.662835,-0.247502,1.090813,-0.071601,-0.125663,-0.049606
28.380000,-0.048034,-0.028114,1.103911,0.046278,0.029526,-0.053380,0.687360,0.279789,1.103388,0.046637,0.091943,-0.064189,0.612291,-0.383065,1.106364,0.122435,0.015339,-0.056284,-0.593493,0.356518,1.088314,-0.155630,0.008240,-0.057616,-0.664255,-0.249985,1.089844,-0.070375,-0.122742,-0.047391
28.400000,-0.047118,-0.027531,1.102864,0.045332,0.028813,-0.051392,0.688287,0.281609,1.102129,0.046089,0.090013,-0.061699,0.614718,-0.382764,1.105259,0.120302,0.014732,-0.054230,-0.596568,0.356684,1.087191,-0.151813,0.008366,-0.054754,-0.665650,-0.252412,1.088917,-0.069203,-0.119933,-0.045251
28.420000,-0.046220,-0.026961,1.101855,0.044435,0.028133,-0.049500,0.689204,0.283390,1.100919,0.045571,0.088170,-0.059314,0.617104,-0.382475,1.104194,0.118279,0.014154,-0.052275,-0.599567,0.356852,1.086124,-0.148146,0.008489,-0.051994,-0.667023,-0.254783,1.088033,-0.068081,-0.117239,-0.043194
28.440000,-0.045340,-0.026405,1.100883,0.043585,0.027487,-0.047707,0.690110,0.285136,1.099756,0.045079,0.086415,-0.057039,0.619450,-0.382198,1.103167,0.116359,0.013605,-0.050422,-0.602494,0.357023,1.085110,-0.144630,0.008607,-0.049348,-0.668374,-0.257102,1.087189,-0.067007,-0.114659,-0.041228
28.460000,-0.044477,-0.025862,1.099946,0.042781,0.026873,-0.046013,0.691007,0.286847,1.098637,0.044613,0.084747,-0.054875,0.621759,-0.381931,1.102176,0.114543,0.013085,-0.048671,-0.605353,0.357197,1.084149,-0.141268,0.008721,-0.046816,-0.669704,-0.259371,1.086383,-0.065981,-0.112193,-0.039350
28.480000,-0.043629,-0.025330,1.099042,0.042025,0.026293,-0.044418,0.691895,0.288526,1.097560,0.044174,0.083166,-0.052823,0.624032,-0.381674,1.101220,0.112830,0.012595,-0.047022,-0.608146,0.357372,1.083237,-0.138057,0.008829,-0.044398,-0.671014,-0.261591,1.085614,-0.065003,-0.109841,-0.037563
28.500000,-0.042795,-0.024810,1.098169,0.041316,0.025747,-0.042921,0.692774,0.290175,1.096523,0.043760,0.081673,-0.050881,0.626272,-0.381427,1.100295,0.111220,0.012134,-0.045475,-0.610876,0.357550,1.082372,-0.135000,0.008932,-0.042093,-0.672304,-0.263765,1.084880,-0.064072,-0.107604,-0.035866
28.520000,-0.041976,-0.024300,1.097324,0.040650,0.025231,-0.041519,0.693646,0.291794,1.095524,0.043371,0.080262,-0.049048,0.628482,-0.381189,1.099400,0.109706,0.011701,-0.044025,-0.613547,0.357729,1.081552,-0.132090,0.009030,-0.039903,-0.673577,-0.265896,1.084179,-0.063186,-0.105476,-0.034256
28.540000,-0.041169,-0.023800,1.096507,0.040025,0.024745,-0.040207,0.694509,0.293386,1.094560,0.043002,0.078930,-0.047321,0.630661,-0.380959,1.098533,0.108279,0.011295,-0.042667,-0.616161,0.357911,1.080775,-0.129321,0.009121,-0.037827,-0.674832,-0.267985,1.083509,-0.062342,-0.103453,-0.032733
28.560000,-0.040375,-0.023310,1.095716,0.039440,0.024289,-0.038984,0.695366,0.294952,1.093630,0.042655,0.077676,-0.045701,0.632813,-0.380737,1.097693,0.106940,0.010916,-0.041401,-0.618721,0.358094,1.080039,-0.126695,0.009206,-0.035865,-0.676071,-0.270034,1.082869,-0.061538,-0.101533,-0.031297
28.580000,-0.039591,-0.022829,1.094947,0.038894,0.023863,-0.037850,0.696216,0.296493,1.092732,0.042328,0.076500,-0.044187,0.634939,-0.380522,1.096877,0.105688,0.010563,-0.040227,-0.621230,0.358279,1.079340,-0.124211,0.009285,-0.034017,-0.677294,-0.272047,1.082257,-0.060776,-0.099718,-0.029948
28.600000,-0.038819,-0.022355,1.094201,0.038390,0.023466,-0.036806,0.697059,0.298012,1.091862,0.042023,0.075402,-0.042780,0.637041,-0.380314,1.096083,0.104523,0.010237,-0.039146,-0.623690,0.358466,1.078677,-0.121869,0.009357,-0.032284,-0.678502,-0.274024,1.081671,-0.060054,-0.098006,-0.028684
28.620000,-0.038056,-0.021890,1.093475,0.037921,0.023097,-0.035844,0.697897,0.299510,1.091020,0.041736,0.074377,-0.041472,0.639121,-0.380112,1.095310,0.103438,0.009936,-0.038149,-0.626105,0.358653,1.078048,-0.119661,0.009424,-0.030658,-0.679696,-0.275968,1.081109,-0.059371,-0.096393,-0.027502
28.640000,-0.037302,-0.021431,1.092767,0.037485,0.022752,-0.034955,0.698729,0.300988,1.090203,0.041467,0.073419,-0.040256,0.641179,-0.379916,1.094556,0.102425,0.009657,-0.037228,-0.628478,0.358842,1.077450,-0.117578,0.009484,-0.029135,-0.680877,-0.277880,1.080570,-0.058723,-0.094869,-0.026396
28.660000,-0.036556,-0.020979,1.092076,0.037081,0.022432,-0.034140,0.699555,0.302447,1.089409,0.041214,0.072527,-0.039132,0.643218,-0.379726,1.093820,0.101483,0.009399,-0.036382,-0.630809,0.359033,1.076882,-0.115620,0.009538,-0.027715,-0.682045,-0.279763,1.080053,-0.058111,-0.093436,-0.025364
28.680000,-0.035818,-0.020534,1.091401,0.036710,0.022137,-0.033397,0.700377,0.303889,1.088637,0.040979,0.071702,-0.038101,0.645239,-0.379540,1.093101,0.100613,0.009164,-0.035612,-0.633103,0.359224,1.076341,-0.113787,0.009587,-0.026397,-0.683202,-0.281618,1.079555,-0.057533,-0.092093,-0.024408
28.700000,-0.035087,-0.020094,1.090740,0.036372,0.021868,-0.032729,0.701195,0.305316,1.087884,0.040761,0.070943,-0.037161,0.647243,-0.379359,1.092395,0.099814,0.008950,-0.034918,-0.635362,0.359416,1.075825,-0.112079,0.009629,-0.025181,-0.684347,-0.283447,1.079076,-0.056991,-0.090841,-0.023527
28.720000,-0.034363,-0.019659,1.090091,0.036062,0.021620,-0.032125,0.702008,0.306727,1.087150,0.040558,0.070245,-0.036305,0.649232,-0.379182,1.091704,0.099080,0.008757,-0.034291,-0.637587,0.359609,1.075333,-0.110488,0.009666,-0.024060,-0.685482,-0.285252,1.078614,-0.056481,-0.089672,-0.022715
28.740000,-0.033645,-0.019229,1.089454,0.035778,0.021393,-0.031577,0.702817,0.308126,1.086432,0.040370,0.069602,-0.035523,0.651207,-0.379009,1.091023,0.098403,0.008580,-0.033721,-0.639782,0.359803,1.074862,-0.109004,0.009699,-0.023024,-0.686606,-0.287035,1.078167,-0.056002,-0.088580,-0.021964
28.760000,-0.032932,-0.018803,1.088828,0.035519,0.021185,-0.031085,0.703623,0.309512,1.085728,0.040196,0.069013,-0.034815,0.653169,-0.378839,1.090354,0.097784,0.008420,-0.033210,-0.641948,0.359997,1.074411,-0.107627,0.009727,-0.022075,-0.687722,-0.288796,1.077735,-0.055554,-0.087566,-0.021275
28.780000,-0.032224,-0.018381,1.088210,0.035285,0.020998,-0.030649,0.704425,0.310887,1.085038,0.040037,0.068479,-0.034181,0.655119,-0.378672,1.089695,0.097223,0.008277,-0.032756,-0.644088,0.360192,1.073979,-0.106357,0.009750,-0.021211,-0.688829,-0.290538,1.077315,-0.055136,-0.086628,-0.020648
28.800000,-0.031520,-0.017963,1.087601,0.035077,0.020831,-0.030269,0.705224,0.312251,1.084361,0.039891,0.068000,-0.033621,0.657058,-0.378507,1.089044,0.096718,0.008152,-0.032361,-0.646203,0.360387,1.073562,-0.105195,0.009768,-0.020434,-0.689928,-0.292262,1.076908,-0.054748,-0.085767,-0.020083
28.820000,-0.030820,-0.017548,1.086999,0.034892,0.020681,-0.029937,0.706021,0.313607,1.083693,0.039758,0.067570,-0.033126,0.658988,-0.378346,1.088400,0.096265,0.008041,-0.032015,-0.648296,0.360582,1.073161,-0.104132,0.009783,-0.019733,-0.691019,-0.293969,1.076512,-0.054389,-0.084978,-0.019573
28.840000,-0.030124,-0.017136,1.086404,0.034725,0.020547,-0.029644,0.706815,0.314954,1.083035,0.039637,0.067183,-0.032687,0.660909,-0.378186,1.087763,0.095857,0.007943,-0.031710,-0.650369,0.360778,1.072773,-0.103159,0.009794,-0.019101,-0.692103,-0.295661,1.076125,-0.054058,-0.084254,-0.019111
28.860000,-0.029431,-0.016726,1.085813,0.034578,0.020428,-0.029392,0.707606,0.316295,1.082385,0.039528,0.066838,-0.032303,0.662822,-0.378028,1.087131,0.095493,0.007857,-0.031446,-0.652423,0.360974,1.072396,-0.102276,0.009802,-0.018537,-0.693181,-0.297340,1.075747,-0.053754,-0.083595,-0.018698
28.880000,-0.028741,-0.016318,1.085228,0.034450,0.020325,-0.029180,0.708396,0.317628,1.081743,0.039431,0.066537,-0.031975,0.664729,-0.377871,1.086505,0.095174,0.007784,-0.031224,-0.654461,0.361170,1.072031,-0.101485,0.009808,-0.018041,-0.694254,-0.299005,1.075377,-0.053476,-0.083002,-0.018334
28.900000,-0.028053,-0.015913,1.084646,0.034342,0.020237,-0.029007,0.709184,0.318956,1.081106,0.039345,0.066279,-0.031702,0.666630,-0.377716,1.085882,0.094900,0.007723,-0.031043,-0.656483,0.361367,1.071674,-0.100783,0.009810,-0.017614,-0.695321,-0.300660,1.075013,-0.053226,-0.082474,-0.018019
28.920000,-0.027367,-0.015509,1.084067,0.034249,0.020162,-0.028867,0.709970,0.320280,1.080474,0.039269,0.066057,-0.031476,0.668525,-0.377562,1.085263,0.094665,0.007672,-0.030896,-0.658492,0.361563,1.071326,-0.100164,0.009809,-0.017246,-0.696383,-0.302305,1.074656,-0.053002,-0.082007,-0.017746
28.940000,-0.026683,-0.015106,1.083491,0.034171,0.020098,-0.028751,0.710755,0.321599,1.079847,0.039203,0.065867,-0.031286,0.670416,-0.377409,1.084646,0.094462,0.007630,-0.030775,-0.660490,0.361759,1.070984,-0.099620,0.009808,-0.016928,-0.697441,-0.303941,1.074303,-0.052802,-0.081595,-0.017510
28.960000,-0.026000,-0.014705,1.082917,0.034106,0.020045,-0.028660,0.711538,0.322914,1.079223,0.039145,0.065707,-0.031132,0.672304,-0.377257,1.084032,0.094291,0.007597,-0.030679,-0.662478,0.361955,1.070648,-0.099150,0.009805,-0.016661,-0.698495,-0.305569,1.073955,-0.052627,-0.081239,-0.017310
28.980000,-0.025319,-0.014304,1.082344,0.034054,0.020003,-0.028594,0.712320,0.324227,1.078601,0.039097,0.065579,-0.031015,0.674188,-0.377105,1.083419,0.094152,0.007571,-0.030608,-0.664457,0.362151,1.070317,-0.098754,0.009800,-0.016444,-0.699546,-0.307191,1.073611,-0.052477,-0.080937,-0.017147
29.000000,-0.024638,-0.013905,1.081773,0.034015,0.019971,-0.028552,0.713102,0.325538,1.077982,0.039058,0.065481,-0.030934,0.676070,-0.376954,1.082807,0.094046,0.007554,-0.030564,-0.666428,0.362347,1.069990,-0.098433,0.009795,-0.016277,-0.700594,-0.308807,1.073269,-0.052351,-0.080691,-0.017021
29.020000,-0.023958,-0.013506,1.081202,0.033987,0.019948,-0.028525,0.713883,0.326847,1.077364,0.039027,0.065407,-0.030878,0.677950,-0.376803,1.082196,0.093965,0.007542,-0.030535,-0.668394,0.362543,1.069666,-0.098178,0.009789,-0.016149,-0.701640,-0.310419,1.072930,-0.052249,-0.080495,-0.016923
29.040000,-0.023279,-0.013107,1.080632,0.033965,0.019929,-0.028505,0.714663,0.328154,1.076747,0.039003,0.065349,-0.030834,0.679829,-0.376653,1.081586,0.093903,0.007533,-0.030513,-0.670356,0.362739,1.069344,-0.097979,0.009784,-0.016050,-0.702684,-0.312027,1.072592,-0.052169,-0.080342,-0.016847
29.060000,-0.022599,-0.012708,1.080062,0.033949,0.019916,-0.028490,0.715443,0.329461,1.076130,0.038985,0.065308,-0.030803,0.681706,-0.376502,1.080976,0.093858,0.007527,-0.030497,-0.672314,0.362934,1.069024,-0.097837,0.009781,-0.015979,-0.703727,-0.313633,1.072255,-0.052112,-0.080232,-0.016793
29.080000,-0.021921,-0.012310,1.079492,0.033940,0.019908,-0.028481,0.716223,0.330767,1.075514,0.038975,0.065284,-0.030784,0.683583,-0.376351,1.080366,0.093831,0.007523,-0.030487,-0.674270,0.363130,1.068705,-0.097752,0.009779,-0.015937,-0.704769,-0.315237,1.071920,-0.052078,-0.080167,-0.016761
29.100000,-0.021242,-0.011912,1.078923,0.033937,0.019906,-0.028478,0.717002,0.332072,1.074899,0.038971,0.065275,-0.030778,0.685460,-0.376201,1.079756,0.093822,0.007521,-0.030484,-0.676224,0.363325,1.068386,-0.097723,0.009779,-0.015923,-0.705810,-0.316840,1.071585,-0.052067,-0.080145,-0.016750
29.120000,-0.020563,-0.011514,1.078353,0.033940,0.019908,-0.028481,0.717781,0.333378,1.074283,0.038975,0.065284,-0.030784,0.687336,-0.376051,1.079146,0.093831,0.007523,-0.030487,-0.678179,0.363521,1.068068,-0.097752,0.009779,-0.015937,-0.706852,-0.318443,1.071250,-0.052078,-0.080167,-0.016761
29.140000,-0.019884,-0.011116,1.077783,0.033949,0.019916,-0.028490,0.718561,0.334684,1.073667,0.038985,0.065308,-0.030803,0.689213,-0.375900,1.078536,0.093858,0.007527,-0.030497,-0.680135,0.363717,1.067748,-0.097837,0.009781,-0.015979,-0.707894,-0.320047,1.070914,-0.052112,-0.080232,-0.016793
29.160000,-0.019205,-0.010717,1.077214,0.033965,0.019929,-0.028505,0.719341,0.335990,1.073051,0.039003,0.065349,-0.030834,0.691091,-0.375749,1.077926,0.093903,0.007533,-0.030513,-0.682093,0.363912,1.067428,-0.097979,0.009784,-0.016050,-0.708937,-0.321652,1.070578,-0.052169,-0.080342,-0.016847
29.180000,-0.018526,-0.010318,1.076643,0.033987,0.019948,-0.028525,0.720121,0.337298,1.072434,0.039027,0.065407,-0.030878,0.692969,-0.375599,1.077316,0.093965,0.007542,-0.030535,-0.684054,0.364108,1.067106,-0.098178,0.009789,-0.016149,-0.709981,-0.323261,1.070240,-0.052249,-0.080495,-0.016923
29.200000,-0.017846,-0.009919,1.076072,0.034015,0.019971,-0.028552,0.720902,0.338607,1.071816,0.039058,0.065481,-0.030934,0.694849,-0.375448,1.076705,0.094046,0.007554,-0.030564,-0.686020,0.364304,1.066782,-0.098433,0.009795,-0.016277,-0.711027,-0.324872,1.069901,-0.052351,-0.080691,-0.017021
