time[s],drone0_posx[m],drone0_posy[m],drone0_posz[m],drone0_velx[m/s],drone0_vely[m/s],drone0_velz[m/s],drone1_posx[m],drone1_posy[m],drone1_posz[m],drone1_velx[m/s],drone1_vely[m/s],drone1_velz[m/s],drone2_posx[m],drone2_posy[m],drone2_posz[m],drone2_velx[m/s],drone2_vely[m/s],drone2_velz[m/s],drone3_posx[m],drone3_posy[m],drone3_posz[m],drone3_velx[m/s],drone3_vely[m/s],drone3_velz[m/s],drone4_posx[m],drone4_posy[m],drone4_posz[m],drone4_velx[m/s],drone4_vely[m/s],drone4_velz[m/s],drone5_posx[m],drone5_posy[m],drone5_posz[m],drone5_velx[m/s],drone5_vely[m/s],drone5_velz[m/s],drone6_posx[m],drone6_posy[m],drone6_posz[m],drone6_velx[m/s],drone6_vely[m/s],drone6_velz[m/s],drone7_posx[m],drone7_posy[m],drone7_posz[m],drone7_velx[m/s],drone7_vely[m/s],drone7_velz[m/s],drone8_posx[m],drone8_posy[m],drone8_posz[m],drone8_velx[m/s],drone8_vely[m/s],drone8_velz[m/s],drone9_posx[m],drone9_posy[m],drone9_posz[m],drone9_velx[m/s],drone9_vely[m/s],drone9_velz[m/s]
0.000000,1.511038,-1.038325,0.993393,0.006467,0.035966,0.064418,0.744394,-1.009349,0.997404,0.009600,-0.433804,0.096720,-0.013689,-0.980594,0.996674,-0.287242,-0.411562,0.082128,-0.763405,-0.995985,0.996495,-0.400287,-0.148474,0.085467,-1.517481,-1.019650,0.995401,-0.240942,0.412075,0.092153,1.517343,1.020362,0.997346,0.237878,-0.415099,0.079822,0.763704,0.995939,0.995823,0.399522,0.150225,0.086315,0.013676,0.981059,0.995811,0.289310,0.409355,0.088410,-0.743469,1.008777,0.999048,-0.009818,0.442461,0.078318,-1.510546,1.038573,0.993683,-0.009541,-0.031082,0.060122
0.020000,1.511167,-1.037606,0.994681,0.006444,0.036044,0.064431,0.744587,-1.018025,0.999339,0.009612,-0.433789,0.096726,-0.019433,-0.988826,0.998316,-0.287218,-0.411604,0.082135,-0.771410,-0.998954,0.998205,-0.400263,-0.148484,0.085475,-1.522300,-1.011408,0.997244,-0.240909,0.412118,0.092162,1.522101,1.012060,0.998942,0.237845,-0.415144,0.079828,0.771694,0.998944,0.997550,0.399498,0.150235,0.086324,0.019462,0.989246,0.997580,0.289286,0.409395,0.088419,-0.743666,1.017626,1.000614,-0.009831,0.442448,0.078320,-1.510737,1.037951,0.994886,-0.009520,-0.031160,0.060135
0.040000,1.511295,-1.036883,0.995970,0.006377,0.036276,0.064471,0.744779,-1.026701,1.001273,0.009646,-0.433744,0.096744,-0.025177,-0.997059,0.999959,-0.287146,-0.411728,0.082157,-0.779415,-1.001924,0.999914,-0.400194,-0.148513,0.085498,-1.527117,-1.003165,0.999088,-0.240812,0.412246,0.092192,1.526857,1.003756,1.000539,0.237749,-0.415276,0.079846,0.779684,1.001949,0.999277,0.399427,0.150264,0.086352,0.025247,0.997435,0.999348,0.289213,0.409517,0.088447,-0.743863,1.026475,1.002181,-0.009871,0.442406,0.078329,-1.510927,1.037326,0.996089,-0.009456,-0.031394,0.060173
0.060000,1.511422,-1.036153,0.997260,0.006265,0.036664,0.064538,0.744973,-1.035375,1.003208,0.009704,-0.433669,0.096774,-0.030919,-1.005296,1.001603,-0.287024,-0.411935,0.082194,-0.787418,-1.004895,1.001625,-0.400078,-0.148560,0.085537,-1.531932,-0.994918,1.000932,-0.240649,0.412460,0.092242,1.531610,0.995448,1.002136,0.237587,-0.415497,0.079876,0.787671,1.004954,1.001004,0.399308,0.150312,0.086397,0.031030,1.005627,1.001118,0.289093,0.409719,0.088493,-0.744061,1.035322,1.003747,-0.009938,0.442337,0.078343,-1.511115,1.036694,0.997293,-0.009349,-0.031784,0.060237
0.080000,1.511546,-1.035415,0.998552,0.006108,0.037206,0.064631,0.745167,-1.044047,1.005144,0.009785,-0.433565,0.096817,-0.036658,-1.013537,1.003247,-0.286855,-0.412226,0.082246,-0.795418,-1.007867,1.003336,-0.399915,-0.148627,0.085592,-1.536742,-0.986666,1.002777,-0.240421,0.412760,0.092311,1.536360,0.987135,1.003734,0.237362,-0.415807,0.079919,0.795656,1.007961,1.002733,0.399141,0.150379,0.086461,0.036810,1.013824,1.002888,0.288924,0.410003,0.088557,-0.744260,1.044168,1.005314,-0.010031,0.442240,0.078362,-1.511300,1.036053,0.998498,-0.009200,-0.032330,0.060326
0.100000,1.511666,-1.034664,0.999846,0.005907,0.037904,0.064751,0.745364,-1.052717,1.007081,0.009889,-0.433430,0.096872,-0.042393,-1.021785,1.004893,-0.286637,-0.412599,0.082313,-0.803414,-1.010840,1.005048,-0.399706,-0.148712,0.085662,-1.541548,-0.978407,1.004624,-0.240128,0.413145,0.092401,1.541104,0.978815,1.005333,0.237072,-0.416205,0.079973,0.803636,1.010970,1.004463,0.398927,0.150466,0.086543,0.042587,1.022028,1.004660,0.288706,0.410368,0.088639,-0.744462,1.053012,1.006882,-0.010151,0.442116,0.078387,-1.511482,1.035400,0.999706,-0.009007,-0.033032,0.060441
0.120000,1.511782,-1.033897,1.001142,0.005636,0.038831,0.064898,0.745563,-1.061384,1.009019,0.010028,-0.433187,0.096929,-0.048123,-1.030041,1.006540,-0.286306,-0.413030,0.082388,-0.811405,-1.013815,1.006762,-0.399369,-0.148805,0.085741,-1.546347,-0.970140,1.006474,-0.239703,0.413596,0.092504,1.545842,0.970487,1.006933,0.236650,-0.416672,0.080032,0.811612,1.013980,1.006194,0.398584,0.150559,0.086637,0.048358,1.030240,1.006434,0.288375,0.410788,0.088734,-0.744667,1.061852,1.008450,-0.010309,0.441885,0.078409,-1.511660,1.034730,1.000916,-0.008748,-0.033966,0.060581
0.140000,1.511891,-1.033109,1.002442,0.005272,0.040061,0.065072,0.745766,-1.070043,1.010958,0.010213,-0.432759,0.096980,-0.053844,-1.038307,1.008188,-0.285797,-0.413496,0.082466,-0.819387,-1.016792,1.008478,-0.398823,-0.148894,0.085823,-1.551135,-0.961863,1.008325,-0.239079,0.414093,0.092615,1.550569,0.962148,1.008535,0.236032,-0.417189,0.080089,0.819578,1.016992,1.007928,0.398030,0.150649,0.086739,0.054120,1.038460,1.008209,0.287867,0.411240,0.088835,-0.744875,1.070686,1.010018,-0.010519,0.441468,0.078417,-1.511832,1.034039,1.002129,-0.008399,-0.035206,0.060748
0.160000,1.511992,-1.032293,1.003745,0.004814,0.041594,0.065272,0.745972,-1.078693,1.012898,0.010443,-0.432144,0.097024,-0.059553,-1.046581,1.009838,-0.285110,-0.413995,0.082546,-0.827357,-1.019771,1.010195,-0.398069,-0.148977,0.085907,-1.555908,-0.953576,1.010178,-0.238255,0.414635,0.092735,1.555282,0.953799,1.010137,0.235217,-0.417755,0.080144,0.827532,1.020006,1.009664,0.397266,0.150733,0.086848,0.059871,1.046689,1.009987,0.287180,0.411722,0.088943,-0.745088,1.079510,1.011587,-0.010781,0.440867,0.078412,-1.511996,1.033320,1.003346,-0.007960,-0.036754,0.060940
0.180000,1.512083,-1.031443,1.005053,0.004263,0.043430,0.065500,0.746184,-1.087328,1.014839,0.010720,-0.431342,0.097060,-0.065247,-1.054867,1.011490,-0.284245,-0.414527,0.082628,-0.835309,-1.022751,1.011914,-0.397105,-0.149056,0.085994,-1.560664,-0.945277,1.012034,-0.237231,0.415223,0.092863,1.559976,0.945438,1.011740,0.234204,-0.418371,0.080197,0.835468,1.023021,1.011402,0.396292,0.150813,0.086965,0.065606,1.054929,1.011767,0.286315,0.412235,0.089058,-0.745306,1.088319,1.013155,-0.011094,0.440080,0.078394,-1.512150,1.032567,1.004567,-0.007430,-0.038608,0.061158
0.200000,1.512162,-1.030554,1.006365,0.003618,0.045570,0.065754,0.746401,-1.095945,1.016781,0.011042,-0.430355,0.097090,-0.070922,-1.063163,1.013143,-0.283202,-0.415094,0.082712,-0.843239,-1.025733,1.013635,-0.395932,-0.149131,0.086084,-1.565396,-0.936967,1.013893,-0.236008,0.415856,0.092999,1.564648,0.937064,1.013345,0.232995,-0.419037,0.080247,0.843382,1.026038,1.013143,0.395107,0.150888,0.087088,0.071323,1.063179,1.013549,0.285272,0.412778,0.089179,-0.745532,1.097112,1.014722,-0.011459,0.439107,0.078363,-1.512292,1.031774,1.005793,-0.006809,-0.040769,0.061402
0.220000,1.512227,-1.029618,1.007683,0.002858,0.048082,0.066022,0.746626,-1.104540,1.018723,0.011424,-0.429073,0.097092,-0.076573,-1.071470,1.014798,-0.281894,-0.415627,0.082781,-0.851144,-1.028716,1.015358,-0.394441,-0.149180,0.086159,-1.570102,-0.928643,1.015754,-0.234500,0.416474,0.093124,1.569294,0.928676,1.014950,0.231504,-0.419690,0.080278,0.851270,1.029057,1.014886,0.393603,0.150938,0.087201,0.077015,1.071440,1.015334,0.283963,0.413285,0.089289,-0.745765,1.105882,1.016289,-0.011888,0.437839,0.078302,-1.512421,1.030934,1.007023,-0.006077,-0.043309,0.061660
0.240000,1.512275,-1.028627,1.009006,0.001961,0.051036,0.066292,0.746859,-1.113105,1.020664,0.011879,-0.427388,0.097046,-0.082195,-1.079787,1.016454,-0.280232,-0.416058,0.082818,-0.859014,-1.031700,1.017081,-0.392523,-0.149183,0.086202,-1.574774,-0.920308,1.017618,-0.232622,0.417013,0.093222,1.573906,0.920277,1.016556,0.229650,-0.420269,0.080273,0.859123,1.032075,1.016630,0.391671,0.150940,0.087288,0.082679,1.079710,1.017121,0.282300,0.413688,0.089369,-0.746008,1.114622,1.017854,-0.012397,0.436163,0.078192,-1.512534,1.030038,1.008259,-0.005211,-0.046298,0.061920
0.260000,1.512304,-1.027574,1.010335,0.000927,0.054432,0.066565,0.747101,-1.121633,1.022604,0.012407,-0.425301,0.096952,-0.087780,-1.088112,1.018111,-0.278217,-0.416388,0.082823,-0.866842,-1.034683,1.018805,-0.390177,-0.149139,0.086212,-1.579404,-0.911963,1.019483,-0.230374,0.417474,0.093291,1.578478,0.911866,1.018161,0.227431,-0.420772,0.080232,0.866934,1.035094,1.018377,0.389313,0.150894,0.087347,0.088305,1.087987,1.018909,0.280283,0.413987,0.089419,-0.746262,1.123326,1.019416,-0.012984,0.434081,0.078035,-1.512629,1.029079,1.009500,-0.004210,-0.049736,0.062182
0.280000,1.512311,-1.026447,1.011669,-0.000243,0.058271,0.066839,0.747355,-1.130115,1.024542,0.013008,-0.422811,0.096810,-0.093322,-1.096442,1.019767,-0.275848,-0.416616,0.082796,-0.874618,-1.037665,1.020530,-0.387404,-0.149049,0.086191,-1.583986,-0.903610,1.021349,-0.227756,0.417857,0.093332,1.583001,0.903446,1.019765,0.224848,-0.421201,0.080155,0.874693,1.038111,1.020124,0.386526,0.150802,0.087379,0.093888,1.096268,1.020697,0.277913,0.414181,0.089440,-0.746528,1.131983,1.020975,-0.013650,0.431592,0.077830,-1.512702,1.028046,1.010746,-0.003076,-0.053624,0.062446
0.300000,1.512294,-1.025240,1.013008,-0.001551,0.062551,0.067115,0.747622,-1.138543,1.026476,0.013682,-0.419919,0.096621,-0.098812,-1.104776,1.021423,-0.273126,-0.416743,0.082737,-0.882335,-1.040645,1.022253,-0.384203,-0.148912,0.086137,-1.588512,-0.895249,1.023216,-0.224768,0.418162,0.093345,1.587469,0.895018,1.021367,0.221900,-0.421555,0.080043,0.882392,1.041126,1.021872,0.383313,0.150662,0.087383,0.099419,1.104553,1.022486,0.275188,0.414271,0.089432,-0.746808,1.140587,1.022529,-0.014396,0.428696,0.077576,-1.512751,1.026931,1.011998,-0.001808,-0.057960,0.062712
0.320000,1.512248,-1.023942,1.014353,-0.003008,0.067333,0.067371,0.747903,-1.146908,1.028406,0.014451,-0.416514,0.096357,-0.104244,-1.113110,1.023076,-0.269958,-0.416683,0.082622,-0.889983,-1.043621,1.023975,-0.380464,-0.148715,0.086027,-1.592974,-0.886884,1.025082,-0.221325,0.418306,0.093303,1.591874,0.886585,1.022966,0.218506,-0.421750,0.079871,0.890022,1.044137,1.023619,0.379562,0.150460,0.087336,0.104892,1.112838,1.024274,0.272017,0.414172,0.089367,-0.747104,1.149127,1.024078,-0.015240,0.425279,0.077255,-1.512773,1.025724,1.013255,-0.000394,-0.062808,0.062958
0.340000,1.512172,-1.022543,1.015703,-0.004627,0.072677,0.067585,0.748201,-1.155199,1.030330,0.015336,-0.412486,0.095994,-0.109607,-1.121441,1.024727,-0.266251,-0.416350,0.082426,-0.897549,-1.046593,1.025693,-0.376076,-0.148442,0.085836,-1.597362,-0.878519,1.026947,-0.217343,0.418207,0.093179,1.596206,0.878150,1.024561,0.214582,-0.421703,0.079619,0.897570,1.047143,1.025365,0.375166,0.150180,0.087212,0.110296,1.121118,1.026060,0.268306,0.413800,0.089220,-0.747419,1.157594,1.025619,-0.016205,0.421228,0.076844,-1.512766,1.024415,1.014516,0.001181,-0.068228,0.063164
0.360000,1.512062,-1.021031,1.017056,-0.006407,0.078583,0.067756,0.748517,-1.163403,1.032245,0.016336,-0.407835,0.095531,-0.114890,-1.129763,1.026373,-0.262005,-0.415745,0.082150,-0.905022,-1.049559,1.027408,-0.371038,-0.148093,0.085565,-1.601664,-0.870158,1.028809,-0.212821,0.417864,0.092974,1.600454,0.869719,1.026150,0.210129,-0.421412,0.079286,0.905024,1.050144,1.027107,0.370122,0.149822,0.087010,0.115621,1.129388,1.027843,0.264056,0.413155,0.088990,-0.747753,1.165972,1.027151,-0.017290,0.416543,0.076344,-1.512725,1.022991,1.015781,0.002915,-0.074220,0.063330
0.380000,1.511915,-1.019396,1.018413,-0.008349,0.085051,0.067885,0.748855,-1.171508,1.034150,0.017452,-0.402562,0.094969,-0.120083,-1.138069,1.028012,-0.257221,-0.414868,0.081794,-0.912387,-1.052516,1.029116,-0.365351,-0.147668,0.085213,-1.605871,-0.861806,1.030666,-0.207761,0.417278,0.092688,1.604607,0.861295,1.027732,0.205146,-0.420878,0.078873,0.912371,1.053136,1.028845,0.364433,0.149386,0.086731,0.120855,1.137643,1.029619,0.259266,0.412236,0.088677,-0.748111,1.174251,1.028672,-0.018495,0.411223,0.075755,-1.512648,1.021442,1.017049,0.004810,-0.080785,0.063454
0.400000,1.511727,-1.017625,1.019771,-0.010453,0.092081,0.067972,0.749216,-1.179502,1.036043,0.018684,-0.396665,0.094307,-0.125175,-1.146356,1.029644,-0.251897,-0.413718,0.081357,-0.919631,-1.055465,1.030816,-0.359015,-0.147168,0.084780,-1.609971,-0.853468,1.032516,-0.202161,0.416449,0.092321,1.608656,0.852885,1.029305,0.199635,-0.420102,0.078378,0.919597,1.056119,1.030576,0.358097,0.148872,0.086376,0.125988,1.145876,1.031389,0.253937,0.411045,0.088281,-0.748494,1.182417,1.030180,-0.019820,0.405269,0.075077,-1.512531,1.019756,1.018319,0.006863,-0.087921,0.063538
0.420000,1.511496,-1.015708,1.021131,-0.012720,0.099717,0.067988,0.749603,-1.187370,1.037922,0.020060,-0.390057,0.093518,-0.130155,-1.154616,1.031266,-0.245956,-0.412215,0.080813,-0.926742,-1.058403,1.032506,-0.351939,-0.146591,0.084239,-1.613953,-0.845150,1.034358,-0.195956,0.415291,0.091842,1.612589,0.844493,1.030866,0.193527,-0.418995,0.077778,0.926690,1.059090,1.032299,0.351026,0.148278,0.085914,0.131008,1.154082,1.033150,0.247990,0.409502,0.087773,-0.748905,1.190457,1.031674,-0.021293,0.398589,0.074289,-1.512372,1.017921,1.019590,0.009080,-0.095675,0.063554
0.440000,1.511217,-1.013632,1.022490,-0.015153,0.108006,0.067905,0.750020,-1.195099,1.039783,0.021608,-0.382646,0.092577,-0.135009,-1.162841,1.032876,-0.239318,-0.410279,0.080136,-0.933703,-1.061328,1.034184,-0.344032,-0.145936,0.083564,-1.617805,-0.836859,1.036189,-0.189079,0.413718,0.091222,1.616393,0.836128,1.032415,0.186760,-0.417469,0.077048,0.933633,1.062049,1.034012,0.343130,0.147602,0.085319,0.135903,1.162253,1.034899,0.241344,0.407528,0.087121,-0.749347,1.198355,1.033151,-0.022939,0.391090,0.073373,-1.512167,1.015925,1.020860,0.011461,-0.104092,0.063475
0.460000,1.510888,-1.011384,1.023847,-0.017750,0.116946,0.067722,0.750469,-1.202671,1.041624,0.023328,-0.374434,0.091482,-0.139723,-1.171024,1.034470,-0.231983,-0.407910,0.079326,-0.940498,-1.064239,1.035848,-0.335296,-0.145201,0.082755,-1.621512,-0.828604,1.038006,-0.181530,0.411731,0.090460,1.620055,0.827797,1.033947,0.179331,-0.415526,0.076188,0.940409,1.064994,1.035711,0.334408,0.146843,0.084591,0.140657,1.170380,1.036634,0.234001,0.405125,0.086327,-0.749824,1.206095,1.034608,-0.024759,0.382772,0.072328,-1.511913,1.013753,1.022128,0.014008,-0.113172,0.063300
0.480000,1.510506,-1.008950,1.025199,-0.020513,0.126537,0.067441,0.750954,-1.210071,1.043441,0.025220,-0.365421,0.090235,-0.144284,-1.179155,1.036048,-0.223951,-0.405107,0.078383,-0.947110,-1.067135,1.037494,-0.325728,-0.144388,0.081810,-1.625061,-0.820393,1.039806,-0.173309,0.409328,0.089557,1.623562,0.819510,1.035461,0.171242,-0.413164,0.075198,0.947003,1.067922,1.037394,0.324861,0.146002,0.083728,0.145258,1.178455,1.038351,0.225959,0.402292,0.085390,-0.750338,1.213661,1.036043,-0.026753,0.373636,0.071155,-1.511606,1.011393,1.023392,0.016719,-0.122914,0.063030
0.500000,1.510067,-1.006318,1.026544,-0.023441,0.136781,0.067060,0.751479,-1.217282,1.045232,0.027284,-0.355605,0.088834,-0.148676,-1.187225,1.037605,-0.215222,-0.401872,0.077307,-0.953522,-1.070014,1.039119,-0.315331,-0.143497,0.080731,-1.628440,-0.812234,1.041587,-0.164416,0.406511,0.088513,1.626900,0.811274,1.036954,0.162492,-0.410383,0.074078,0.953398,1.070833,1.039059,0.314490,0.145079,0.082732,0.149691,1.186469,1.040048,0.217220,0.399028,0.084310,-0.750895,1.221035,1.037454,-0.028922,0.363682,0.069852,-1.511243,1.008832,1.024649,0.019596,-0.133319,0.062665
0.520000,1.509567,-1.003474,1.027880,-0.026529,0.147701,0.066549,0.752047,-1.224289,1.046994,0.029551,-0.344933,0.087257,-0.152887,-1.195226,1.039139,-0.205743,-0.398143,0.076072,-0.959717,-1.072875,1.040722,-0.304047,-0.142538,0.079492,-1.631633,-0.804136,1.043346,-0.154814,0.403205,0.087298,1.630057,0.803098,1.038424,0.153043,-0.407108,0.072805,0.959577,1.073725,1.040702,0.303237,0.144084,0.081575,0.153942,1.194413,1.041722,0.207730,0.395276,0.083058,-0.751497,1.228202,1.038836,-0.031293,0.352853,0.068403,-1.510821,1.006056,1.025898,0.022633,-0.144410,0.062176
0.540000,1.509005,-1.000405,1.029205,-0.029770,0.159322,0.065879,0.752662,-1.231073,1.048721,0.032048,-0.333349,0.085480,-0.156901,-1.203147,1.040647,-0.195463,-0.393859,0.074655,-0.965677,-1.075716,1.042298,-0.291820,-0.141521,0.078068,-1.634627,-0.796109,1.045078,-0.144467,0.399336,0.085883,1.633017,0.794993,1.039865,0.142856,-0.403262,0.071356,0.965522,1.076596,1.042321,0.291048,0.143028,0.080230,0.157995,1.202276,1.043369,0.197437,0.390976,0.081608,-0.752148,1.235143,1.040189,-0.033895,0.341095,0.066792,-1.510336,1.003051,1.027135,0.025824,-0.156212,0.061534
0.560000,1.508376,-0.997097,1.030514,-0.033164,0.171645,0.065049,0.753330,-1.237617,1.050411,0.034776,-0.320853,0.083502,-0.160701,-1.210977,1.042124,-0.184381,-0.389021,0.073055,-0.971384,-1.078535,1.043843,-0.278651,-0.140447,0.076458,-1.637407,-0.788166,1.046780,-0.133374,0.394902,0.084269,1.635766,0.786971,1.041277,0.131933,-0.398845,0.069731,0.971213,1.079446,1.043910,0.277922,0.141909,0.078697,0.161834,1.210048,1.044985,0.186342,0.386129,0.079958,-0.752854,1.241840,1.041507,-0.036728,0.328408,0.065018,-1.509787,0.999803,1.028358,0.029171,-0.168723,0.060740
0.580000,1.507677,-0.993535,1.031805,-0.036712,0.184669,0.064059,0.754055,-1.243902,1.052060,0.037736,-0.307446,0.081325,-0.164271,-1.218704,1.043568,-0.172498,-0.383629,0.071273,-0.976817,-1.081333,1.045355,-0.264540,-0.139315,0.074663,-1.639957,-0.780317,1.048447,-0.121534,0.389905,0.082455,1.638289,0.779043,1.042654,0.120273,-0.393856,0.067930,0.976632,1.082272,1.045467,0.263860,0.140729,0.076976,0.165443,1.217718,1.046566,0.174444,0.380735,0.078108,-0.753619,1.248273,1.042788,-0.039791,0.314792,0.063081,-1.509169,0.996297,1.029563,0.032672,-0.181945,0.059792
0.600000,1.506906,-0.989705,1.033075,-0.040414,0.198394,0.062909,0.754841,-1.249909,1.053663,0.040926,-0.293128,0.078947,-0.167595,-1.226318,1.044974,-0.159813,-0.377682,0.069307,-0.981959,-1.084108,1.046828,-0.249486,-0.138127,0.072682,-1.642263,-0.772573,1.050076,-0.108949,0.384345,0.080442,1.640572,0.771221,1.043993,0.107876,-0.388296,0.065954,0.981761,1.085074,1.046988,0.248861,0.139486,0.075067,0.168807,1.225274,1.048108,0.161742,0.374793,0.076060,-0.754447,1.254425,1.044029,-0.043086,0.300246,0.060981,-1.508479,0.992520,1.030749,0.036329,-0.195878,0.058692
0.620000,1.506060,-0.985594,1.034321,-0.044260,0.212821,0.061573,0.755694,-1.255620,1.055216,0.044372,-0.277882,0.076352,-0.170658,-1.233808,1.046338,-0.146309,-0.371145,0.067140,-0.986790,-1.086858,1.048261,-0.233474,-0.136897,0.070496,-1.644310,-0.764947,1.051663,-0.095614,0.378169,0.078205,1.642599,0.763515,1.045290,0.094735,-0.382111,0.063783,0.986580,1.087851,1.048469,0.232910,0.138200,0.072949,0.171908,1.232706,1.049607,0.148220,0.368270,0.073790,-0.755344,1.260277,1.045226,-0.046635,0.284758,0.058706,-1.507714,0.988457,1.031910,0.040132,-0.210519,0.057413
0.640000,1.505135,-0.981188,1.035537,-0.048243,0.227951,0.060023,0.756618,-1.261018,1.056716,0.048095,-0.261694,0.073522,-0.173442,-1.241160,1.047658,-0.131968,-0.363984,0.064751,-0.991291,-1.089583,1.049647,-0.216488,-0.135645,0.068086,-1.646083,-0.757451,1.053203,-0.081524,0.371326,0.075722,1.644356,0.755941,1.046543,0.080844,-0.375248,0.061400,0.991071,1.090602,1.049905,0.215989,0.136886,0.070599,0.174730,1.240001,1.051058,0.133860,0.361132,0.071278,-0.756314,1.265809,1.046376,-0.050460,0.268313,0.056242,-1.506873,0.984095,1.033044,0.044074,-0.225869,0.055931
0.660000,1.504129,-0.976472,1.036720,-0.052361,0.243785,0.058260,0.757619,-1.266082,1.058156,0.052096,-0.244565,0.070458,-0.175931,-1.248363,1.048927,-0.116791,-0.356198,0.062140,-0.995443,-1.092283,1.050983,-0.198529,-0.134368,0.065450,-1.647566,-0.750099,1.054691,-0.066680,0.363814,0.072993,1.645828,0.748510,1.047745,0.066202,-0.367706,0.058805,0.995213,1.093327,1.051291,0.198100,0.135545,0.068018,0.177256,1.247147,1.052457,0.118662,0.353379,0.068525,-0.757364,1.271003,1.047475,-0.054561,0.250912,0.053590,-1.505951,0.979418,1.034146,0.048156,-0.241926,0.054245
0.680000,1.503039,-0.971432,1.037866,-0.056615,0.260321,0.056283,0.758704,-1.270794,1.059532,0.056374,-0.226493,0.067160,-0.178108,-1.255404,1.050142,-0.100777,-0.347787,0.059308,-0.999226,-1.094958,1.052263,-0.179595,-0.133069,0.062589,-1.648745,-0.742903,1.056121,-0.051081,0.355635,0.070016,1.646999,0.741237,1.048893,0.050810,-0.359486,0.055997,0.998988,1.096024,1.052624,0.179241,0.134177,0.065206,0.179471,1.254132,1.053798,0.102625,0.345010,0.065529,-0.758499,1.275839,1.048519,-0.058939,0.232554,0.050749,-1.504945,0.974413,1.035212,0.052376,-0.258692,0.052355
0.700000,1.501863,-0.966054,1.038970,-0.061006,0.277561,0.054093,0.759876,-1.275135,1.060841,0.060931,-0.207480,0.063627,-0.179956,-1.262270,1.051298,-0.083927,-0.338751,0.056254,-1.002620,-1.097606,1.053485,-0.159688,-0.131746,0.059503,-1.649605,-0.735878,1.057490,-0.034728,0.346789,0.066794,1.647855,0.734135,1.049983,0.034667,-0.350588,0.052977,1.002377,1.098693,1.053898,0.159413,0.132782,0.062162,0.181356,1.260943,1.055076,0.085749,0.336027,0.062291,-0.759723,1.280299,1.049504,-0.063593,0.213239,0.047719,-1.503855,0.969066,1.036239,0.056736,-0.276166,0.050261
0.720000,1.500598,-0.960325,1.040028,-0.065525,0.295479,0.051671,0.761143,-1.279087,1.062076,0.065776,-0.187546,0.059852,-0.181460,-1.268950,1.052390,-0.066259,-0.329080,0.052968,-1.005607,-1.100228,1.054642,-0.138831,-0.130416,0.056181,-1.650129,-0.729036,1.058791,-0.017646,0.337252,0.063311,1.648381,0.727218,1.051011,0.017797,-0.340989,0.049735,1.005359,1.101335,1.055109,0.138638,0.131376,0.058875,0.182895,1.267569,1.056288,0.068055,0.326417,0.058799,-0.761044,1.284362,1.050426,-0.068533,0.192994,0.044493,-1.502675,0.963362,1.037221,0.061229,-0.294321,0.047946
0.740000,1.499242,-0.954230,1.041035,-0.070167,0.314052,0.048999,0.762509,-1.282631,1.063233,0.070920,-0.166716,0.055827,-0.182602,-1.275429,1.053415,-0.047793,-0.318763,0.049437,-1.008168,-1.102823,1.055730,-0.117046,-0.129094,0.052612,-1.650306,-0.722392,1.060020,0.000141,0.327003,0.059556,1.648563,0.720500,1.051971,0.000221,-0.330667,0.046258,1.007916,1.103949,1.056251,0.116938,0.129978,0.055331,0.184073,1.273996,1.057427,0.049560,0.316172,0.055044,-0.762467,1.288012,1.051282,-0.073769,0.171843,0.041061,-1.501405,0.957288,1.038155,0.065850,-0.313131,0.045391
0.760000,1.497791,-0.947758,1.041986,-0.074931,0.333278,0.046077,0.763982,-1.285750,1.064307,0.076362,-0.144987,0.051551,-0.183366,-1.281696,1.054366,-0.028529,-0.307801,0.045663,-1.010283,-1.105392,1.056745,-0.094335,-0.127781,0.048795,-1.650119,-0.715961,1.061172,0.018632,0.316041,0.055528,1.648385,0.713996,1.052860,-0.018061,-0.319621,0.042549,1.010030,1.106534,1.057320,0.094313,0.128587,0.051532,0.184872,1.280211,1.058488,0.030265,0.305290,0.051025,-0.763997,1.291230,1.052067,-0.079301,0.149785,0.037424,-1.500040,0.950832,1.039035,0.070599,-0.332595,0.042596
0.780000,1.496244,-0.940895,1.042877,-0.079817,0.353159,0.042904,0.765566,-1.288425,1.065293,0.082104,-0.122362,0.047025,-0.183737,-1.287737,1.055240,-0.008466,-0.296194,0.041644,-1.011935,-1.107934,1.057680,-0.070696,-0.126476,0.044730,-1.649556,-0.709755,1.062240,0.037827,0.304366,0.051227,1.647836,0.707720,1.053672,-0.037048,-0.307852,0.038606,1.011682,1.109092,1.058311,0.070762,0.127203,0.047476,0.185278,1.286203,1.059466,0.010170,0.293771,0.046743,-0.765641,1.293998,1.052777,-0.085129,0.126821,0.033581,-1.498580,0.943980,1.039857,0.075476,-0.352713,0.039562
0.800000,1.494597,-0.933628,1.043701,-0.084826,0.373694,0.039481,0.767268,-1.290638,1.066187,0.088144,-0.098838,0.042249,-0.183699,-1.293539,1.056030,0.012395,-0.283940,0.037382,-1.013105,-1.110451,1.058532,-0.046130,-0.125181,0.040418,-1.648601,-0.703791,1.063219,0.057726,0.291978,0.046653,1.646899,0.701687,1.054402,-0.056740,-0.295360,0.034429,1.012854,1.111622,1.059218,0.046287,0.125826,0.043163,0.185274,1.291958,1.060356,-0.010725,0.281617,0.042196,-0.767404,1.296297,1.053409,-0.091252,0.102952,0.029533,-1.497020,0.936719,1.040616,0.080481,-0.373485,0.036288
0.820000,1.492850,-0.925943,1.044454,-0.089955,0.394835,0.035801,0.769093,-1.292373,1.066982,0.094476,-0.074470,0.037225,-0.183237,-1.299090,1.056733,0.034002,-0.271051,0.032875,-1.013774,-1.112941,1.059295,-0.020694,-0.123902,0.035858,-1.647242,-0.698081,1.064104,0.078283,0.278888,0.041806,1.645562,0.695911,1.055047,-0.077094,-0.282155,0.030018,1.013528,1.114125,1.060036,0.020940,0.124466,0.038594,0.184844,1.297464,1.061152,-0.032369,0.268833,0.037387,-0.769293,1.298110,1.053957,-0.097664,0.078231,0.025277,-1.495360,0.929037,1.041307,0.085613,-0.394861,0.032767
0.840000,1.490998,-0.917830,1.045131,-0.095203,0.416534,0.031858,0.771049,-1.293612,1.067674,0.101094,-0.049308,0.031955,-0.182335,-1.304377,1.057344,0.056303,-0.257535,0.028123,-1.013927,-1.115407,1.059965,0.005558,-0.122648,0.031049,-1.645466,-0.692640,1.064889,0.099450,0.265103,0.036687,1.643811,0.690405,1.055602,-0.098064,-0.268249,0.025370,1.013686,1.116601,1.060760,-0.005224,0.123135,0.033766,0.183974,1.302707,1.061849,-0.054707,0.255428,0.032319,-0.771312,1.299421,1.054419,-0.104354,0.052716,0.020808,-1.493595,0.920921,1.041925,0.090874,-0.416790,0.028992
0.860000,1.489041,-0.909278,1.045727,-0.100570,0.438791,0.027652,0.773139,-1.294340,1.068258,0.107997,-0.023353,0.026440,-0.180980,-1.309387,1.057857,0.079299,-0.243393,0.023124,-1.013546,-1.117847,1.060536,0.032625,-0.121420,0.025991,-1.643260,-0.687481,1.065569,0.121227,0.250626,0.031296,1.641635,0.685185,1.056060,-0.119651,-0.253643,0.020486,1.013314,1.119051,1.061384,-0.032206,0.121832,0.028679,0.182651,1.307677,1.062443,-0.077742,0.241402,0.026990,-0.773469,1.300213,1.054788,-0.111324,0.026405,0.016128,-1.491724,0.912361,1.042465,0.096262,-0.439272,0.024963
0.880000,1.486975,-0.900275,1.046235,-0.106056,0.461606,0.023183,0.775370,-1.294541,1.068730,0.115186,0.003395,0.020680,-0.179158,-1.314109,1.058267,0.102989,-0.228624,0.017881,-1.012616,-1.120264,1.061003,0.060507,-0.120217,0.020685,-1.640613,-0.682620,1.066139,0.143615,0.235454,0.025632,1.639021,0.680264,1.056419,-0.141853,-0.238335,0.015365,1.012393,1.121475,1.061905,-0.060006,0.120557,0.023334,0.180860,1.312359,1.062927,-0.101472,0.226754,0.021401,-0.775767,1.300472,1.055062,-0.118573,-0.000700,0.011235,-1.489744,0.903347,1.042922,0.101778,-0.462307,0.020680
0.900000,1.484798,-0.890810,1.046652,-0.111660,0.484979,0.018451,0.777748,-1.294199,1.069084,0.122659,0.030937,0.014674,-0.176856,-1.318528,1.058570,0.127374,-0.213229,0.012391,-1.011121,-1.122656,1.061361,0.089204,-0.119039,0.015129,-1.637512,-0.678068,1.066593,0.166613,0.219589,0.019696,1.635957,0.675657,1.056674,-0.164673,-0.222326,0.010009,1.010908,1.123873,1.062316,-0.088623,0.119311,0.017730,0.178587,1.316743,1.063297,-0.125898,0.211485,0.015552,-0.778214,1.300180,1.055236,-0.126102,-0.028601,0.006131,-1.487652,0.893865,1.043290,0.107422,-0.485895,0.016143
0.920000,1.482507,-0.880873,1.046972,-0.117387,0.508843,0.013463,0.780279,-1.293298,1.069315,0.130394,0.059199,0.008436,-0.174059,-1.322634,1.058761,0.152376,-0.197231,0.006666,-1.009043,-1.125026,1.061606,0.118636,-0.117883,0.009335,-1.633945,-0.673840,1.066925,0.190161,0.203070,0.013501,1.632430,0.671376,1.056818,-0.188051,-0.205659,0.004424,1.008843,1.126247,1.062613,-0.117982,0.118093,0.011878,0.175820,1.320814,1.063548,-0.150942,0.195614,0.009457,-0.780813,1.299323,1.055306,-0.133882,-0.057222,0.000818,-1.485446,0.883908,1.043566,0.113199,-0.509966,0.011357
0.940000,1.480101,-0.870454,1.047189,-0.123241,0.533130,0.008225,0.782966,-1.291826,1.069420,0.138364,0.088109,0.001979,-0.170757,-1.326414,1.058835,0.177919,-0.180655,0.000716,-1.006371,-1.127372,1.061733,0.148726,-0.116747,0.003313,-1.629902,-0.669949,1.067131,0.214201,0.185936,0.007063,1.628431,0.667434,1.056849,-0.211930,-0.188375,-0.001381,1.006184,1.128597,1.062790,-0.148004,0.116904,0.005790,0.172546,1.324563,1.063674,-0.176528,0.179163,0.003132,-0.783570,1.297887,1.055268,-0.141887,-0.086488,-0.004701,-1.483123,0.873464,1.043743,0.119114,-0.534452,0.006327
0.960000,1.477577,-0.859545,1.047299,-0.129221,0.557840,0.002739,0.785815,-1.289770,1.069393,0.146570,0.117667,-0.004698,-0.166939,-1.329856,1.058788,0.204003,-0.163501,-0.005459,-1.003090,-1.129696,1.061737,0.179471,-0.115628,-0.002938,-1.625373,-0.666407,1.067206,0.238731,0.168187,0.000381,1.623950,0.663845,1.056762,-0.236309,-0.170475,-0.007405,1.002918,1.130924,1.062843,-0.178690,0.115744,-0.000536,0.168755,1.327977,1.063671,-0.202654,0.162131,-0.003423,-0.786490,1.295859,1.055117,-0.150116,-0.116398,-0.010425,-1.480680,0.862527,1.043817,0.125167,-0.559351,0.001054
0.980000,1.474932,-0.848137,1.047297,-0.135328,0.582973,-0.002997,0.788830,-1.287115,1.069230,0.155011,0.147874,-0.011594,-0.162593,-1.332950,1.058616,0.230627,-0.145768,-0.011860,-0.999188,-1.131997,1.061614,0.210873,-0.114529,-0.009417,-1.620349,-0.663226,1.067145,0.263753,0.149824,-0.006545,1.618976,0.660620,1.056551,-0.261190,-0.151959,-0.013649,0.999032,1.133227,1.062767,-0.210041,0.114613,-0.007099,0.164436,1.331045,1.063536,-0.229322,0.144518,-0.010210,-0.789577,1.293227,1.054849,-0.158570,-0.146954,-0.016355,-1.478115,0.851087,1.043784,0.131359,-0.584665,-0.004462
1.000000,1.472163,-0.836223,1.047178,-0.141562,0.608529,-0.008982,0.792017,-1.283850,1.068928,0.163688,0.178729,-0.018709,-0.157710,-1.335683,1.058313,0.257793,-0.127457,-0.018486,-0.994651,-1.134277,1.061359,0.242932,-0.113448,-0.016124,-1.614820,-0.660418,1.066943,0.289266,0.130847,-0.013715,1.613499,0.657771,1.056214,-0.286571,-0.132827,-0.020113,0.994512,1.135508,1.062557,-0.242056,0.113510,-0.013899,0.159579,1.333754,1.063262,-0.256530,0.126323,-0.017227,-0.792834,1.289977,1.054461,-0.167248,-0.178154,-0.022490,-1.475425,0.839137,1.043637,0.137690,-0.610393,-0.010222
1.020000,1.469268,-0.823794,1.046936,-0.147929,0.634428,-0.015197,0.795379,-1.279962,1.068481,0.172560,0.210147,-0.026021,-0.152279,-1.338045,1.057875,0.285406,-0.108603,-0.025316,-0.989467,-1.136535,1.060968,0.275553,-0.112371,-0.023039,-1.608776,-0.657996,1.066595,0.315204,0.111320,-0.021101,1.607510,0.655310,1.055745,-0.312387,-0.113147,-0.026780,0.989346,1.137768,1.062209,-0.274643,0.112426,-0.020915,0.154172,1.336094,1.062845,-0.284186,0.107579,-0.024448,-0.796268,1.286097,1.053948,-0.176106,-0.209913,-0.028820,-1.472607,0.826669,1.043373,0.144167,-0.636453,-0.016208
1.040000,1.466245,-0.810844,1.046568,-0.154438,0.660589,-0.021620,0.798920,-1.275441,1.067886,0.181584,0.242044,-0.033507,-0.146291,-1.340024,1.057299,0.313374,-0.089240,-0.032330,-0.983625,-1.138772,1.060436,0.308641,-0.111282,-0.030141,-1.602209,-0.655969,1.066098,0.341499,0.091311,-0.028676,1.601001,0.653248,1.055142,-0.338574,-0.092990,-0.033631,0.983523,1.140005,1.061719,-0.307711,0.111349,-0.028123,0.148209,1.338054,1.062282,-0.312195,0.088314,-0.031848,-0.799879,1.281577,1.053307,-0.185099,-0.242145,-0.035333,-1.469657,0.813678,1.042988,0.150800,-0.662764,-0.022404
1.060000,1.463090,-0.797368,1.046070,-0.161088,0.687011,-0.028254,0.802643,-1.270277,1.067139,0.190762,0.274420,-0.041168,-0.139741,-1.341611,1.056580,0.341697,-0.069371,-0.039527,-0.977118,-1.140986,1.059761,0.342197,-0.110181,-0.037429,-1.595113,-0.654346,1.065447,0.368153,0.070818,-0.036441,1.593964,0.651594,1.054399,-0.365131,-0.072354,-0.040668,0.977034,1.142222,1.061083,-0.341260,0.110279,-0.035525,0.141682,1.339623,1.061570,-0.340557,0.068529,-0.039426,-0.803672,1.276408,1.052534,-0.194228,-0.274849,-0.042030,-1.466574,0.800157,1.042476,0.157588,-0.689326,-0.028808
1.080000,1.459800,-0.783362,1.045437,-0.167879,0.713695,-0.035096,0.806552,-1.264461,1.066238,0.200093,0.307274,-0.049002,-0.132621,-1.342795,1.055716,0.370374,-0.048993,-0.046908,-0.969934,-1.143179,1.058938,0.376220,-0.109068,-0.044905,-1.587481,-0.653139,1.064639,0.395164,0.049842,-0.044394,1.586393,0.650357,1.053514,-0.392059,-0.051240,-0.047890,0.969870,1.144417,1.060297,-0.375290,0.109217,-0.043119,0.134584,1.340791,1.060704,-0.369272,0.048225,-0.047183,-0.807649,1.270580,1.051625,-0.203492,-0.308027,-0.048910,-1.463353,0.786103,1.041834,0.164532,-0.716139,-0.035422
1.100000,1.456374,-0.768819,1.044665,-0.174812,0.740641,-0.042148,0.810648,-1.257983,1.065178,0.209576,0.340608,-0.057010,-0.124924,-1.343567,1.054703,0.399405,-0.028107,-0.054473,-0.962066,-1.145349,1.057964,0.410710,-0.107942,-0.052567,-1.579305,-0.652356,1.063670,0.422534,0.028383,-0.052537,1.578280,0.649547,1.052482,-0.419356,-0.029648,-0.055296,0.962020,1.146590,1.059357,-0.409800,0.108162,-0.050907,0.126909,1.341548,1.059681,-0.398340,0.027400,-0.055118,-0.811813,1.264084,1.050576,-0.212892,-0.341677,-0.055974,-1.459992,0.771510,1.041057,0.171631,-0.743203,-0.042244
1.120000,1.452807,-0.753735,1.043750,-0.181892,0.767759,-0.049379,0.814935,-1.250834,1.063957,0.219157,0.374324,-0.065162,-0.116643,-1.343916,1.053536,0.428685,-0.006761,-0.062190,-0.953504,-1.147496,1.056834,0.445560,-0.106780,-0.060387,-1.570578,-0.652006,1.062536,0.450188,0.006528,-0.060832,1.569617,0.649174,1.051301,-0.446951,-0.007668,-0.062862,0.953475,1.148743,1.058259,-0.444685,0.107095,-0.058857,0.118649,1.341884,1.058499,-0.427656,0.006098,-0.063196,-0.816166,1.256910,1.049385,-0.222368,-0.375705,-0.063200,-1.456487,0.756374,1.040143,0.178894,-0.770428,-0.049248
1.140000,1.449097,-0.738108,1.042689,-0.189126,0.794960,-0.056758,0.819415,-1.243008,1.062571,0.228780,0.408330,-0.073425,-0.107776,-1.343835,1.052214,0.458109,0.014997,-0.070030,-0.944242,-1.149620,1.055547,0.480662,-0.105555,-0.068333,-1.561296,-0.652097,1.061236,0.478055,-0.015634,-0.069240,1.560400,0.649243,1.049967,-0.474770,0.014608,-0.070561,0.944230,1.150874,1.057002,-0.479842,0.105996,-0.066935,0.109802,1.341789,1.057153,-0.457112,-0.015638,-0.071381,-0.820708,1.249054,1.048047,-0.231863,-0.410014,-0.070568,-1.452835,0.740692,1.039087,0.186329,-0.797724,-0.056406
1.160000,1.445241,-0.721936,1.041478,-0.196515,0.822243,-0.064285,0.824087,-1.234499,1.061019,0.238445,0.442624,-0.081801,-0.098318,-1.343314,1.050734,0.487677,0.037169,-0.077991,-0.934275,-1.151718,1.054100,0.516016,-0.104268,-0.076405,-1.551454,-0.652634,1.059766,0.506133,-0.038104,-0.077762,1.550625,0.649760,1.048477,-0.502814,0.037181,-0.078394,0.934280,1.152983,1.055581,-0.515268,0.104865,-0.075142,0.100364,1.341256,1.055643,-0.486709,-0.037809,-0.079674,-0.825440,1.240508,1.046561,-0.241377,-0.444604,-0.078079,-1.449032,0.724464,1.037886,0.193934,-0.825092,-0.063717
1.180000,1.441235,-0.705218,1.040116,-0.204058,0.849609,-0.071960,0.828953,-1.225301,1.059298,0.248152,0.477207,-0.090289,-0.088268,-1.342345,1.049094,0.517388,0.059752,-0.086075,-0.923600,-1.153790,1.052490,0.551622,-0.102919,-0.084604,-1.541049,-0.653623,1.058124,0.534424,-0.060882,-0.086398,1.540286,0.650732,1.046830,-0.531082,0.060051,-0.086360,0.923618,1.155068,1.053995,-0.550966,0.103701,-0.083479,0.090332,1.340274,1.053965,-0.516447,-0.060415,-0.088075,-0.830363,1.231268,1.044923,-0.250909,-0.479475,-0.085731,-1.445076,0.707688,1.036537,0.201711,-0.852532,-0.071181
1.200000,1.437078,-0.687951,1.038599,-0.211756,0.877057,-0.079783,0.834013,-1.215409,1.057406,0.257901,0.512079,-0.098889,-0.077621,-1.340921,1.047291,0.547243,0.082749,-0.094281,-0.912209,-1.155834,1.050715,0.587480,-0.101507,-0.092930,-1.530076,-0.655071,1.056309,0.562926,-0.083968,-0.095147,1.529380,0.652164,1.045022,-0.559574,0.083217,-0.094459,0.912239,1.157131,1.052241,-0.586934,0.102506,-0.091944,0.079705,1.338836,1.052119,-0.546327,-0.083455,-0.096583,-0.835477,1.221327,1.043131,-0.260459,-0.514628,-0.093526,-1.440963,0.690362,1.035037,0.209660,-0.880043,-0.078799
1.220000,1.432764,-0.670135,1.036924,-0.219609,0.904491,-0.087715,0.839269,-1.204817,1.055342,0.267628,0.547136,-0.107563,-0.066378,-1.339033,1.045322,0.577128,0.106098,-0.102571,-0.900099,-1.157850,1.048772,0.623472,-0.100003,-0.101346,-1.518531,-0.656983,1.054318,0.591561,-0.107259,-0.103966,1.517902,0.654062,1.043051,-0.588210,0.106575,-0.102660,0.900139,1.159168,1.050317,-0.623058,0.101253,-0.100500,0.068479,1.336933,1.050102,-0.576233,-0.106875,-0.105157,-0.840781,1.210681,1.041181,-0.269961,-0.549959,-0.101434,-1.436689,0.672487,1.033384,0.217783,-0.907528,-0.086534
1.240000,1.428292,-0.651772,1.035090,-0.227619,0.931813,-0.095719,0.844718,-1.193523,1.053104,0.277267,0.582277,-0.116276,-0.054537,-1.336675,1.043187,0.606930,0.129741,-0.110907,-0.887270,-1.159834,1.046661,0.659482,-0.098375,-0.109813,-1.506413,-0.659362,1.052150,0.620248,-0.130653,-0.112810,1.505851,0.656428,1.040915,-0.616910,0.130019,-0.110929,0.887317,1.161180,1.048221,-0.659223,0.099918,-0.109106,0.056656,1.334559,1.047912,-0.606055,-0.130618,-0.113756,-0.846274,1.199328,1.039073,-0.279347,-0.585365,-0.109424,-1.432250,0.654062,1.031575,0.226084,-0.934893,-0.094351
1.260000,1.423658,-0.632864,1.033095,-0.235786,0.959024,-0.103793,0.850359,-1.181525,1.050691,0.286819,0.617500,-0.125027,-0.042101,-1.333841,1.040886,0.636650,0.153676,-0.119289,-0.873720,-1.161784,1.044380,0.695509,-0.096624,-0.118333,-1.493721,-0.662210,1.049805,0.648988,-0.154150,-0.121679,1.493225,0.659263,1.038613,-0.645672,0.153551,-0.119266,0.873770,1.163164,1.045952,-0.695429,0.098500,-0.117763,0.044238,1.331707,1.045551,-0.635790,-0.154686,-0.122379,-0.851954,1.187266,1.036804,-0.288617,-0.620846,-0.117498,-1.427644,0.635092,1.029610,0.234562,-0.962136,-0.102248
1.280000,1.418860,-0.613412,1.030938,-0.244110,0.986123,-0.111938,0.856190,-1.168823,1.048102,0.296283,0.652806,-0.133816,-0.029071,-1.330526,1.038416,0.666288,0.177905,-0.127717,-0.859449,-1.163698,1.041927,0.731554,-0.094750,-0.126905,-1.480453,-0.665529,1.047283,0.677780,-0.177750,-0.130574,1.480024,0.662570,1.036144,-0.674498,0.177170,-0.127673,0.859499,1.165120,1.043510,-0.731677,0.097000,-0.126470,0.031225,1.328370,1.043017,-0.665440,-0.179077,-0.131028,-0.857818,1.174494,1.034372,-0.297771,-0.656401,-0.125655,-1.422866,0.615578,1.027485,0.243218,-0.989257,-0.110227
1.300000,1.413893,-0.593420,1.028617,-0.252591,1.013110,-0.120153,0.862209,-1.155413,1.045338,0.305660,0.688195,-0.142644,-0.015450,-1.326723,1.035777,0.695843,0.202426,-0.136191,-0.844458,-1.165573,1.039303,0.767616,-0.092752,-0.135529,-1.466609,-0.669321,1.044582,0.706624,-0.201453,-0.139494,1.466245,0.666350,1.033506,-0.703386,0.200876,-0.136148,0.844503,1.167044,1.040893,-0.767965,0.095418,-0.135228,0.017620,1.324541,1.040310,-0.695003,-0.203791,-0.139701,-0.863864,1.161010,1.031777,-0.306809,-0.692032,-0.133895,-1.417914,0.595522,1.025200,0.252052,-1.016257,-0.118287
1.320000,1.408755,-0.572889,1.026131,-0.261223,1.039883,-0.128397,0.868415,-1.141295,1.042397,0.314881,0.723555,-0.151468,-0.001239,-1.322428,1.032968,0.725197,0.227169,-0.144668,-0.828746,-1.167407,1.036506,0.803568,-0.090601,-0.144164,-1.452188,-0.673587,1.041703,0.735432,-0.225148,-0.148393,1.451888,0.670605,1.030698,-0.732248,0.224557,-0.144654,0.828781,1.168936,1.038101,-0.804170,0.093727,-0.143993,0.003426,1.320216,1.037429,-0.724363,-0.228762,-0.148353,-0.870089,1.146813,1.029016,-0.315660,-0.727625,-0.142182,-1.412783,0.574929,1.022753,0.261059,-1.043034,-0.126387
1.340000,1.403443,-0.551826,1.023481,-0.269998,1.066338,-0.136624,0.874803,-1.126471,1.039279,0.323876,0.758772,-0.160248,0.013556,-1.317636,1.029990,0.754232,0.252061,-0.153105,-0.812317,-1.169196,1.033537,0.839283,-0.088265,-0.152768,-1.437193,-0.678326,1.038647,0.764116,-0.248725,-0.157224,1.436956,0.675332,1.027720,-0.760995,0.248101,-0.153156,0.812337,1.170792,1.035134,-0.840167,0.091902,-0.152722,-0.011352,1.315390,1.034376,-0.753401,-0.253918,-0.156942,-0.876489,1.131906,1.026090,-0.324254,-0.763070,-0.150478,-1.407471,0.553803,1.020144,0.270237,-1.069485,-0.134485
1.360000,1.397954,-0.530238,1.020667,-0.278917,1.092476,-0.144836,0.881369,-1.110945,1.035987,0.332646,0.793846,-0.168985,0.028928,-1.312344,1.026844,0.782948,0.277103,-0.161502,-0.795176,-1.170936,1.030396,0.874761,-0.085743,-0.161340,-1.421625,-0.683535,1.035415,0.792675,-0.272184,-0.165987,1.421449,0.680528,1.024572,-0.789625,0.271509,-0.161653,0.795176,1.172611,1.031992,-0.875955,0.089943,-0.161415,-0.026708,1.310058,1.031152,-0.782117,-0.279262,-0.165466,-0.883058,1.116291,1.022997,-0.332591,-0.798366,-0.158785,-1.401973,0.532151,1.017374,0.279584,-1.095611,-0.142581
1.380000,1.392285,-0.508129,1.017688,-0.287980,1.118297,-0.153032,0.888108,-1.094719,1.032520,0.341191,0.828779,-0.177679,0.044872,-1.306550,1.023530,0.811345,0.302294,-0.169859,-0.777328,-1.172624,1.027083,0.910002,-0.083037,-0.169882,-1.405486,-0.689212,1.032008,0.821109,-0.295524,-0.174682,1.405371,0.686191,1.021254,-0.818140,0.294780,-0.170145,0.777301,1.174389,1.028677,-0.911535,0.087849,-0.170071,-0.042634,1.304218,1.027758,-0.810510,-0.304792,-0.173925,-0.889791,1.099972,1.019738,-0.340670,-0.833514,-0.167102,-1.396286,0.509981,1.014441,0.289101,-1.121412,-0.150675
1.400000,1.386434,-0.485508,1.014545,-0.297187,1.143801,-0.161212,0.895015,-1.077795,1.028880,0.349510,0.863569,-0.186328,0.061380,-1.300251,1.020050,0.839422,0.327635,-0.178177,-0.758777,-1.174256,1.023600,0.945007,-0.080146,-0.178392,-1.388781,-0.695355,1.028428,0.849419,-0.318747,-0.183309,1.388725,0.692318,1.017766,-0.846539,0.317915,-0.178632,0.758716,1.176124,1.025190,-0.946906,0.085620,-0.178691,-0.059126,1.297865,1.024195,-0.838581,-0.330509,-0.182319,-0.896683,1.082951,1.016313,-0.348492,-0.868513,-0.175429,-1.390407,0.487297,1.011347,0.298789,-1.146887,-0.158767
1.420000,1.380397,-0.462380,1.011240,-0.306524,1.168883,-0.169331,0.902086,-1.060178,1.025068,0.357535,0.898094,-0.194892,0.078445,-1.293445,1.016404,0.867057,0.353043,-0.186410,-0.739530,-1.175829,1.019948,0.979639,-0.077044,-0.186827,-1.371511,-0.701961,1.024676,0.877505,-0.341737,-0.191822,1.371511,0.698906,1.014109,-0.874722,0.340800,-0.187074,0.739427,1.177813,1.021530,-0.981936,0.083234,-0.187231,-0.076175,1.290997,1.020466,-0.866208,-0.356332,-0.190604,-0.903728,1.065233,1.012721,-0.355987,-0.903242,-0.183725,-1.384333,0.464108,1.008091,0.308635,-1.171934,-0.166814
1.440000,1.374172,-0.438756,1.007773,-0.315977,1.193439,-0.177346,0.909314,-1.041874,1.021085,0.365198,0.932232,-0.203328,0.096058,-1.286130,1.012594,0.894127,0.378434,-0.194512,-0.719595,-1.177337,1.016128,1.013764,-0.073703,-0.195144,-1.353683,-0.709022,1.020756,0.905269,-0.364382,-0.200173,1.353738,0.705948,1.010284,-0.902591,0.363320,-0.195432,0.719442,1.179452,1.017701,-1.016491,0.080666,-0.195644,-0.093770,1.283612,1.016572,-0.893267,-0.382180,-0.198732,-0.910920,1.046824,1.008964,-0.363084,-0.937582,-0.191949,-1.378061,0.440423,1.004675,0.318631,-1.196448,-0.174772
1.460000,1.367757,-0.414646,1.004147,-0.325545,1.217468,-0.185255,0.916691,-1.022891,1.016935,0.372499,0.965984,-0.211636,0.114207,-1.278307,1.008624,0.920632,0.403809,-0.202484,-0.698983,-1.178775,1.012143,1.047382,-0.070123,-0.203342,-1.335303,-0.716534,1.016671,0.932710,-0.386681,-0.208364,1.335410,0.713437,1.006292,-0.930145,0.385477,-0.203705,0.698770,1.181038,1.013705,-1.050571,0.077917,-0.203932,-0.111902,1.275710,1.012518,-0.919759,-0.408052,-0.206704,-0.918249,1.027732,1.005044,-0.369785,-0.971533,-0.200102,-1.371587,0.416254,1.001101,0.328775,-1.220429,-0.182641
1.480000,1.361150,-0.390061,1.000363,-0.335230,1.240972,-0.193059,0.924211,-1.003237,1.012621,0.379436,0.999348,-0.219815,0.132880,-1.269977,1.004496,0.946572,0.429168,-0.210326,-0.677703,-1.180140,1.007995,1.080493,-0.066305,-0.211422,-1.316377,-0.724487,1.012423,0.959829,-0.408634,-0.216395,1.316534,0.721365,1.002136,-0.957385,0.407269,-0.211894,0.677422,1.182567,1.009545,-1.084176,0.074986,-0.212094,-0.130557,1.267290,1.008305,-0.945684,-0.433949,-0.214520,-0.925709,1.007966,1.000961,-0.376088,-1.005093,-0.208182,-1.364909,0.391610,0.997370,0.339068,-1.243878,-0.190420
1.500000,1.354347,-0.365011,0.996425,-0.345030,1.263949,-0.200758,0.931866,-0.982920,1.008144,0.386012,1.032326,-0.227867,0.152066,-1.261141,1.000212,0.971946,0.454511,-0.218037,-0.655766,-1.181426,1.003687,1.113097,-0.062248,-0.219383,-1.296912,-0.732877,1.008016,0.986625,-0.430242,-0.224264,1.297117,0.729725,0.997817,-0.984309,0.428697,-0.219998,0.655406,1.184036,1.005222,-1.117306,0.071873,-0.220130,-0.149725,1.258351,1.003938,-0.971042,-0.459872,-0.222180,-0.933290,0.987531,0.996717,-0.381995,-1.038264,-0.216190,-1.358024,0.366502,0.993484,0.349510,-1.266794,-0.198110
1.520000,1.347348,-0.339507,0.992334,-0.354927,1.286300,-0.208308,0.939649,-0.961947,1.003507,0.392162,1.064790,-0.235748,0.171753,-1.251798,0.995776,0.996632,0.479747,-0.225574,-0.633184,-1.182628,0.999221,1.145057,-0.057932,-0.227183,-1.276915,-0.741694,1.003453,1.012995,-0.451393,-0.231929,1.277164,0.738509,0.993337,-1.010816,0.449651,-0.227977,0.632734,1.185441,1.000741,-1.149824,0.068560,-0.227997,-0.169394,1.248895,0.999419,-0.995710,-0.485729,-0.229639,-0.940985,0.966438,0.992314,-0.387441,-1.070922,-0.224083,-1.350928,0.340942,0.989446,0.360084,-1.289078,-0.205668
1.540000,1.340150,-0.313564,0.988094,-0.364899,1.307922,-0.215666,0.947550,-0.940332,0.998715,0.397823,1.096613,-0.243419,0.191926,-1.241952,0.991191,1.020506,0.504788,-0.232889,-0.609969,-1.183741,0.994601,1.176237,-0.053337,-0.234778,-1.256395,-0.750929,0.998740,1.038834,-0.471974,-0.239346,1.256687,0.747707,0.988699,-1.036799,0.470019,-0.235789,0.609418,1.186777,0.996104,-1.181596,0.065026,-0.235651,-0.189548,1.238923,0.994754,-1.019568,-0.511432,-0.236852,-0.948784,0.944699,0.987755,-0.392361,-1.102941,-0.231819,-1.343619,0.314944,0.985259,0.370775,-1.310629,-0.213051
1.560000,1.332751,-0.287195,0.983709,-0.374947,1.328818,-0.222832,0.955559,-0.918087,0.993772,0.402996,1.127796,-0.250878,0.212568,-1.231608,0.986461,1.043567,0.529633,-0.239985,-0.586139,-1.184760,0.989831,1.206637,-0.048463,-0.242169,-1.235365,-0.760569,0.993881,1.064142,-0.491987,-0.246514,1.235696,0.757306,0.983906,-1.062261,0.489801,-0.243434,0.585475,1.188041,0.991316,-1.212621,0.061272,-0.243093,-0.210171,1.228439,0.989947,-1.042614,-0.536981,-0.243820,-0.956676,0.922325,0.983042,-0.396757,-1.134321,-0.239397,-1.336096,0.288522,0.980925,0.381582,-1.331449,-0.220257
1.580000,1.325151,-0.260416,0.979182,-0.385071,1.348985,-0.229806,0.963666,-0.895225,0.988681,0.407680,1.158338,-0.258125,0.233663,-1.220768,0.981593,1.065817,0.554283,-0.246860,-0.561709,-1.185678,0.984916,1.236257,-0.043310,-0.249356,-1.213833,-0.770604,0.988881,1.088919,-0.511431,-0.253433,1.214200,0.767295,0.978963,-1.087200,0.508998,-0.250913,0.560918,1.189227,0.986382,-1.242899,0.057297,-0.250322,-0.231247,1.217445,0.985003,-1.064849,-0.562375,-0.250542,-0.964651,0.899330,0.978180,-0.400627,-1.165064,-0.246818,-1.328355,0.261691,0.976450,0.392506,-1.351537,-0.227289
1.600000,1.317348,-0.233240,0.974518,-0.395271,1.368425,-0.236587,0.971863,-0.871758,0.983448,0.411876,1.188240,-0.265162,0.255195,-1.209438,0.976588,1.087254,0.578736,-0.253514,-0.536694,-1.186490,0.979858,1.265096,-0.037878,-0.256338,-1.191811,-0.781023,0.983746,1.113165,-0.530306,-0.260105,1.192211,0.777662,0.973871,-1.111616,0.527609,-0.258225,0.535764,1.190331,0.981305,-1.272430,0.053101,-0.257338,-0.252760,1.205945,0.979927,-1.086273,-0.587615,-0.257019,-0.972698,0.875727,0.973171,-0.403973,-1.195168,-0.254081,-1.320395,0.234465,0.971835,0.403547,-1.370892,-0.234145
1.620000,1.309340,-0.205684,0.969720,-0.405524,1.387052,-0.243137,0.980138,-0.847700,0.978077,0.415532,1.217381,-0.271948,0.277147,-1.197620,0.971454,1.107767,0.602905,-0.259906,-0.511111,-1.187191,0.974664,1.293030,-0.032155,-0.263076,-1.169311,-0.791812,0.978479,1.136782,-0.548508,-0.266487,1.169740,0.788395,0.968635,-1.135412,0.545534,-0.265329,0.510027,1.191349,0.976090,-1.301086,0.048671,-0.264101,-0.274692,1.193942,0.974724,-1.106774,-0.612610,-0.263209,-0.980806,0.851528,0.968018,-0.406742,-1.224515,-0.261144,-1.312213,0.206861,0.967085,0.414684,-1.389430,-0.240785
1.640000,1.301127,-0.177764,0.964794,-0.415806,1.404779,-0.249416,0.988480,-0.823068,0.972572,0.418597,1.245641,-0.278446,0.299499,-1.185324,0.966194,1.127244,0.626699,-0.265995,-0.484980,-1.187774,0.969337,1.319931,-0.026131,-0.269530,-1.146345,-0.802958,0.973088,1.159671,-0.565934,-0.272542,1.146800,0.799478,0.963260,-1.158490,0.562669,-0.272184,0.483727,1.192276,0.970743,-1.328740,0.043991,-0.270572,-0.297024,1.181443,0.969401,-1.126242,-0.637269,-0.269072,-0.988963,0.826752,0.962727,-0.408883,-1.252989,-0.267965,-1.303807,0.178894,0.962205,0.425899,-1.407066,-0.247169
1.660000,1.292708,-0.149499,0.959745,-0.426119,1.421607,-0.255423,0.996878,-0.797880,0.966941,0.421070,1.273019,-0.284655,0.322230,-1.172555,0.960816,1.145684,0.650120,-0.271779,-0.458321,-1.188234,0.963885,1.345802,-0.019805,-0.275699,-1.122929,-0.814444,0.967580,1.181831,-0.582583,-0.278269,1.123405,0.810896,0.957749,-1.180851,0.579015,-0.278791,0.456884,1.193107,0.965269,-1.355391,0.039061,-0.276749,-0.319735,1.168454,0.963963,-1.144676,-0.661591,-0.274607,-0.997157,0.801415,0.957301,-0.410397,-1.280588,-0.274545,-1.295176,0.150584,0.957200,0.437191,-1.423800,-0.253298
1.680000,1.284082,-0.120906,0.954579,-0.436461,1.437535,-0.261159,1.005319,-0.772154,0.961188,0.422952,1.299517,-0.290574,0.345319,-1.159322,0.955325,1.163088,0.673166,-0.277259,-0.431155,-1.188565,0.958311,1.370640,-0.013177,-0.281585,-1.099077,-0.826256,0.961960,1.203264,-0.598455,-0.283668,1.099570,0.822634,0.952110,-1.202493,0.594572,-0.285149,0.429518,1.193837,0.959675,-1.381040,0.033881,-0.282634,-0.342804,1.154981,0.958419,-1.162077,-0.685577,-0.279814,-1.005375,0.775534,0.951746,-0.411282,-1.307313,-0.280883,-1.286319,0.121948,0.952075,0.448560,-1.439631,-0.259171
1.700000,1.275249,-0.092004,0.949301,-0.446833,1.452565,-0.266624,1.013792,-0.745906,0.955320,0.424243,1.325133,-0.296206,0.368746,-1.145631,0.949728,1.179455,0.695838,-0.282434,-0.403502,-1.188759,0.952623,1.394446,-0.006247,-0.287187,-1.074803,-0.838377,0.956235,1.223969,-0.613551,-0.288738,1.075310,0.834674,0.946345,-1.223417,0.609340,-0.291258,0.401649,1.194461,0.953965,-1.405686,0.028452,-0.288226,-0.366211,1.141033,0.952773,-1.178444,-0.709227,-0.284693,-1.013604,0.749128,0.946067,-0.411540,-1.333163,-0.286979,-1.277233,0.093005,0.946835,0.460007,-1.454560,-0.264789
1.720000,1.266208,-0.062810,0.943916,-0.457216,1.466642,-0.271786,1.022284,-0.719155,0.949342,0.424911,1.349776,-0.301515,0.392490,-1.131491,0.944030,1.194705,0.718061,-0.287272,-0.375384,-1.188813,0.946826,1.417130,0.000986,-0.292471,-1.050123,-0.850792,0.950413,1.243873,-0.627787,-0.293449,1.050639,0.847001,0.940461,-1.243552,0.623240,-0.297081,0.373298,1.194973,0.948148,-1.429235,0.022764,-0.293492,-0.389934,1.126615,0.947033,-1.193699,-0.732461,-0.289213,-1.021832,0.722214,0.940269,-0.411140,-1.358049,-0.292796,-1.267918,0.063772,0.941485,0.471513,-1.468534,-0.270117
1.740000,1.256960,-0.033345,0.938431,-0.467589,1.479715,-0.276611,1.030784,-0.691922,0.943261,0.424925,1.373355,-0.306472,0.416527,-1.116912,0.938239,1.208756,0.739761,-0.291737,-0.346825,-1.188718,0.940927,1.438597,0.008522,-0.297406,-1.025054,-0.863483,0.944500,1.262905,-0.641079,-0.297769,1.025574,0.859597,0.934464,-1.262826,0.636191,-0.302581,0.344488,1.195369,0.942228,-1.451589,0.016808,-0.298400,-0.413951,1.111738,0.941207,-1.207762,-0.755200,-0.293339,-1.030045,0.694813,0.934358,-0.410052,-1.381879,-0.298297,-1.258373,0.034270,0.936033,0.483060,-1.481501,-0.275123
1.760000,1.247505,-0.003628,0.932854,-0.477952,1.491784,-0.281100,1.039277,-0.664228,0.937085,0.424285,1.395868,-0.311075,0.440832,-1.101904,0.932363,1.221609,0.760938,-0.295830,-0.317849,-1.188470,0.934932,1.458850,0.016361,-0.301992,-0.999613,-0.876429,0.938504,1.281063,-0.653429,-0.301698,1.000132,0.872443,0.928360,-1.281239,0.648195,-0.307757,0.315242,1.195644,0.936214,-1.472751,0.010585,-0.302951,-0.438237,1.096410,0.935302,-1.220634,-0.777444,-0.297073,-1.038230,0.666946,0.928339,-0.408275,-1.404655,-0.303482,-1.248596,0.004519,0.930483,0.494648,-1.493461,-0.279805
1.780000,1.237842,0.026320,0.927190,-0.488305,1.502848,-0.285253,1.047751,-0.636094,0.930821,0.422990,1.417316,-0.315325,0.465383,-1.086478,0.926409,1.233263,0.781592,-0.299551,-0.288479,-1.188061,0.928849,1.477887,0.024504,-0.306228,-0.973817,-0.889613,0.932434,1.298349,-0.664836,-0.305235,0.974330,0.885519,0.922156,-1.298791,0.659250,-0.312611,0.285586,1.195791,0.930113,-1.492719,0.004094,-0.307144,-0.462768,1.080643,0.929327,-1.232314,-0.799193,-0.300414,-1.046372,0.638634,0.922220,-0.405811,-1.426376,-0.308351,-1.238586,-0.025462,0.924843,0.506277,-1.504415,-0.284165
1.800000,1.227973,0.056479,0.921446,-0.498649,1.512908,-0.289070,1.056192,-0.607542,0.924475,0.421042,1.437699,-0.319221,0.490155,-1.070644,0.920383,1.243718,0.801722,-0.302899,-0.258741,-1.187487,0.922685,1.495709,0.032950,-0.310114,-0.947685,-0.903016,0.926298,1.314762,-0.675299,-0.308381,0.948186,0.898806,0.915858,-1.315482,0.669357,-0.317141,0.255542,1.195806,0.923931,-1.511493,-0.002665,-0.310978,-0.487522,1.064446,0.923288,-1.242803,-0.820447,-0.303363,-1.054458,0.609898,0.916007,-0.402660,-1.447041,-0.312904,-1.228344,-0.055651,0.919118,0.517946,-1.514361,-0.288202
1.820000,1.217897,0.086830,0.915629,-0.508970,1.521954,-0.292528,1.064588,-0.578593,0.918054,0.418435,1.456977,-0.322742,0.515124,-1.054413,0.914295,1.252944,0.821287,-0.305852,-0.228659,-1.186742,0.916447,1.512282,0.041692,-0.313629,-0.921233,-0.916619,0.920102,1.330276,-0.684770,-0.311117,0.921717,0.912287,0.909473,-1.331288,0.678473,-0.321318,0.225134,1.195683,0.917676,-1.529033,-0.009697,-0.314433,-0.512472,1.047829,0.917195,-1.252072,-0.841154,-0.305899,-1.062473,0.580760,0.909707,-0.398819,-1.466611,-0.317112,-1.217868,-0.086029,0.913317,0.529644,-1.523289,-0.291891
1.840000,1.207614,0.117351,0.909747,-0.519259,1.529974,-0.295603,1.072925,-0.549271,0.911568,0.415163,1.475109,-0.325865,0.540264,-1.037796,0.908152,1.260910,0.840244,-0.308389,-0.198258,-1.185818,0.910143,1.527572,0.050720,-0.316749,-0.894480,-0.930400,0.913856,1.344868,-0.693201,-0.313423,0.894940,0.925939,0.903008,-1.346185,0.686555,-0.325114,0.194389,1.195416,0.911356,-1.545298,-0.017009,-0.317487,-0.537596,1.030804,0.911055,-1.260094,-0.861262,-0.308004,-1.070406,0.551241,0.903325,-0.394287,-1.485046,-0.320947,-1.207158,-0.116576,0.907445,0.541356,-1.531189,-0.295206
1.860000,1.197126,0.148022,0.903808,-0.529513,1.536969,-0.298295,1.081190,-0.519597,0.905022,0.411227,1.492095,-0.328590,0.565552,-1.020807,0.901962,1.267615,0.858592,-0.310509,-0.167565,-1.184711,0.903780,1.541579,0.060035,-0.319475,-0.867444,-0.944340,0.907568,1.358537,-0.700591,-0.315299,0.867875,0.939742,0.896471,-1.360173,0.693601,-0.328528,0.163331,1.195000,0.904979,-1.560287,-0.024600,-0.320139,-0.562868,1.013382,0.904878,-1.266868,-0.880773,-0.309676,-1.078240,0.521365,0.896871,-0.389066,-1.502345,-0.324408,-1.196214,-0.147270,0.901511,0.553082,-1.538061,-0.298148
1.880000,1.186434,0.178822,0.897818,-0.539733,1.542938,-0.300603,1.089370,-0.489594,0.898427,0.406626,1.507935,-0.330917,0.590960,-1.003457,0.895735,1.273060,0.876331,-0.312212,-0.136604,-1.183415,0.897366,1.554303,0.069636,-0.321806,-0.840144,-0.958417,0.901247,1.371283,-0.706941,-0.316746,0.840540,0.953676,0.889869,-1.373252,0.699613,-0.331559,0.131986,1.194430,0.898553,-1.574001,-0.032471,-0.322391,-0.588263,0.995577,0.898671,-1.272395,-0.899685,-0.310917,-1.085964,0.491155,0.890352,-0.383154,-1.518509,-0.327495,-1.185035,-0.178091,0.895522,0.564822,-1.543904,-0.300717
1.900000,1.175537,0.209732,0.891786,-0.549920,1.547883,-0.302529,1.097451,-0.459287,0.891788,0.401361,1.522628,-0.332846,0.616466,-0.985758,0.889477,1.277244,0.893462,-0.313498,-0.105401,-1.181923,0.890910,1.565744,0.079525,-0.323744,-0.812599,-0.972611,0.894901,1.383106,-0.712249,-0.317763,0.812951,0.967719,0.883211,-1.385422,0.704590,-0.334209,0.100379,1.193700,0.892086,-1.586439,-0.040622,-0.324240,-0.613755,0.977399,0.892444,-1.276674,-0.917999,-0.311725,-1.093562,0.460633,0.883774,-0.376552,-1.533537,-0.330209,-1.173621,-0.209019,0.889485,0.576577,-1.548718,-0.302912
1.920000,1.164437,0.240731,0.885720,-0.560065,1.551819,-0.304058,1.105420,-0.428697,0.885116,0.395452,1.536190,-0.334367,0.642042,-0.967722,0.883197,1.280191,0.909983,-0.314360,-0.073982,-1.180232,0.884419,1.575927,0.089683,-0.325277,-0.784826,-0.986900,0.888539,1.394033,-0.716510,-0.318345,0.785129,0.981852,0.876503,-1.396709,0.708533,-0.336457,0.068537,1.192803,0.885586,-1.597616,-0.049057,-0.325679,-0.639321,0.958861,0.886205,-1.279732,-0.935699,-0.312098,-1.101021,0.429821,0.877146,-0.369288,-1.547442,-0.332531,-1.161972,-0.240033,0.883408,0.588333,-1.552520,-0.304718
1.940000,1.153135,0.271799,0.879626,-0.570162,1.554764,-0.305177,1.113265,-0.397847,0.878417,0.388919,1.548634,-0.335468,0.667665,-0.949363,0.876905,1.281923,0.925892,-0.314790,-0.042372,-1.178334,0.877902,1.584877,0.100096,-0.326395,-0.756844,-1.001264,0.882170,1.404088,-0.719714,-0.318488,0.757089,0.996054,0.869755,-1.407140,0.711441,-0.338284,0.036483,1.191736,0.879062,-1.607545,-0.057783,-0.326697,-0.664937,0.939975,0.879963,-1.281596,-0.952769,-0.312029,-1.108329,0.398742,0.870475,-0.361391,-1.560237,-0.334442,-1.150088,-0.271113,0.877299,0.600077,-1.555326,-0.306118
1.960000,1.141631,0.302915,0.873515,-0.580210,1.556716,-0.305886,1.120973,-0.366759,0.871700,0.381762,1.559960,-0.336149,0.693311,-0.930691,0.870609,1.282441,0.941190,-0.314788,-0.010596,-1.176226,0.871366,1.592594,0.110762,-0.327098,-0.728668,-1.015681,0.875802,1.413273,-0.721863,-0.318193,0.728849,1.010303,0.862975,-1.416715,0.713315,-0.339691,0.004243,1.190490,0.872521,-1.616225,-0.066798,-0.327294,-0.690577,0.920754,0.873727,-1.282266,-0.969210,-0.311520,-1.115473,0.367419,0.863771,-0.352859,-1.571920,-0.335942,-1.137969,-0.302240,0.871166,0.611810,-1.557135,-0.307113
1.980000,1.129927,0.334061,0.867394,-0.590209,1.557678,-0.306185,1.128531,-0.335456,0.864973,0.373981,1.570168,-0.336411,0.718955,-0.911719,0.864317,1.281745,0.955877,-0.314354,0.021323,-1.173902,0.864821,1.599078,0.121683,-0.327386,-0.700318,-1.030131,0.869445,1.421586,-0.722956,-0.317458,0.700426,1.024580,0.856171,-1.425433,0.714155,-0.340677,-0.028158,1.189062,0.865973,-1.623658,-0.076104,-0.327471,-0.716219,0.901211,0.867505,-1.281741,-0.985020,-0.310571,-1.122439,0.335873,0.857040,-0.343693,-1.582492,-0.337031,-1.125616,-0.333392,0.865017,0.623530,-1.557947,-0.307703
2.000000,1.118023,0.365215,0.861271,-0.600160,1.557647,-0.306073,1.135928,-0.303960,0.858246,0.365577,1.579258,-0.336254,0.744572,-0.892460,0.858037,1.279834,0.969952,-0.313489,0.053359,-1.171357,0.858274,1.604329,0.132857,-0.327259,-0.671811,-1.044593,0.863107,1.429029,-0.722994,-0.316285,0.671837,1.038862,0.849351,-1.433296,0.713961,-0.341242,-0.060695,1.187444,0.859425,-1.629842,-0.085699,-0.327227,-0.741839,0.881358,0.861307,-1.280021,-1.000202,-0.309181,-1.129216,0.304127,0.850292,-0.333894,-1.591954,-0.337709,-1.113028,-0.364551,0.858860,0.635238,-1.557763,-0.307886
2.020000,1.105921,0.396360,0.855154,-0.610062,1.556666,-0.305552,1.143150,-0.272293,0.851526,0.356590,1.587279,-0.335677,0.770140,-0.872925,0.851780,1.276763,0.983446,-0.312198,0.085489,-1.168586,0.851733,1.608414,0.144262,-0.326719,-0.643163,-1.059044,0.856797,1.435657,-0.722005,-0.314682,0.643099,1.053131,0.842524,-1.440356,0.712772,-0.341378,-0.093343,1.185632,0.852887,-1.634831,-0.095590,-0.326565,-0.767413,0.861207,0.855141,-1.277167,-1.014764,-0.307360,-1.135791,0.272202,0.843535,-0.323515,-1.600350,-0.337967,-1.100206,-0.395696,0.852704,0.646922,-1.556623,-0.307662
2.040000,1.093621,0.427476,0.849051,-0.619915,1.554776,-0.304620,1.150188,-0.240475,0.844822,0.347060,1.594283,-0.334681,0.795636,-0.853126,0.845552,1.272589,0.996389,-0.310488,0.117689,-1.165585,0.845208,1.611398,0.155875,-0.325768,-0.614390,-1.073466,0.850523,1.441526,-0.720021,-0.312660,0.614228,1.067367,0.835698,-1.446671,0.710626,-0.341076,-0.126080,1.183619,0.846365,-1.638675,-0.105782,-0.325488,-0.792918,0.840771,0.849015,-1.273240,-1.028717,-0.305119,-1.142153,0.240119,0.836777,-0.312610,-1.607727,-0.337799,-1.087151,-0.426810,0.846557,0.658568,-1.554568,-0.307027
2.060000,1.081125,0.458545,0.842971,-0.629720,1.551976,-0.303279,1.157029,-0.208528,0.838142,0.336988,1.600268,-0.333266,0.821036,-0.833073,0.839363,1.267310,1.008782,-0.308359,0.149937,-1.162350,0.838705,1.613283,0.167695,-0.324405,-0.585507,-1.087839,0.844293,1.446637,-0.717041,-0.310219,0.585237,1.081550,0.828884,-1.452238,0.707524,-0.340335,-0.158883,1.181398,0.839870,-1.641376,-0.116276,-0.323995,-0.818335,0.820062,0.842939,-1.268239,-1.042062,-0.302457,-1.148292,0.207900,0.830026,-0.301180,-1.614084,-0.337203,-1.073864,-0.457873,0.840426,0.670177,-1.551597,-0.305982
2.080000,1.068433,0.489549,0.836923,-0.639476,1.548268,-0.301528,1.163664,-0.176471,0.831494,0.326373,1.605235,-0.331432,0.846321,-0.812778,0.833221,1.260927,1.020623,-0.305812,0.182213,-1.158876,0.832234,1.614068,0.179723,-0.322632,-0.556529,-1.102141,0.838117,1.450988,-0.713065,-0.307358,0.556143,1.095662,0.822088,-1.457059,0.703466,-0.339157,-0.191728,1.178965,0.833408,-1.642932,-0.127071,-0.322087,-0.843641,0.799093,0.836920,-1.262163,-1.054799,-0.299376,-1.154197,0.175563,0.823291,-0.289225,-1.619422,-0.336180,-1.060344,-0.488868,0.834320,0.681748,-1.547712,-0.304526
2.100000,1.055546,0.520470,0.830913,-0.649183,1.543651,-0.299368,1.170080,-0.144326,0.824887,0.315216,1.609183,-0.329178,0.871466,-0.792252,0.827134,1.253439,1.031913,-0.302845,0.214493,-1.155160,0.825803,1.613754,0.191959,-0.320447,-0.527472,-1.116354,0.832002,1.454580,-0.708093,-0.304077,0.526960,1.109682,0.815320,-1.461134,0.698452,-0.337540,-0.224592,1.176314,0.826989,-1.643344,-0.138168,-0.319763,-0.868814,0.777875,0.830967,-1.255014,-1.066927,-0.295874,-1.159858,0.143130,0.816581,-0.276744,-1.623739,-0.334730,-1.046594,-0.519775,0.828248,0.693282,-1.542912,-0.302660
2.120000,1.042466,0.551289,0.824951,-0.658841,1.538163,-0.296810,1.176269,-0.112111,0.818329,0.303570,1.612165,-0.326516,0.896451,-0.771505,0.821110,1.244909,1.042689,-0.299479,0.246756,-1.151197,0.819419,1.612413,0.204372,-0.317862,-0.498351,-1.130459,0.825956,1.457472,-0.702176,-0.300399,0.497702,1.123594,0.808589,-1.464516,0.692542,-0.335486,-0.257454,1.173437,0.820620,-1.642669,-0.149563,-0.317036,-0.893835,0.756420,0.825087,-1.246859,-1.078460,-0.291972,-1.165264,0.110620,0.809905,-0.263813,-1.627083,-0.332853,-1.032614,-0.550578,0.822216,0.704753,-1.537235,-0.300393
2.140000,1.029193,0.581991,0.819043,-0.668449,1.531844,-0.293867,1.182220,-0.079845,0.811829,0.291488,1.614235,-0.323452,0.921256,-0.750547,0.815157,1.235399,1.052989,-0.295730,0.278983,-1.146984,0.813091,1.610121,0.216935,-0.314889,-0.469178,-1.144436,0.819988,1.459721,-0.695364,-0.296345,0.468384,1.137378,0.801904,-1.467262,0.685798,-0.332993,-0.290292,1.170329,0.814310,-1.640964,-0.161257,-0.313916,-0.918683,0.734740,0.819290,-1.237763,-1.089411,-0.287692,-1.170408,0.078052,0.803270,-0.250507,-1.629497,-0.330550,-1.018404,-0.581259,0.816234,0.716137,-1.530722,-0.297735
2.160000,1.015728,0.612558,0.813199,-0.678007,1.524694,-0.290539,1.187926,-0.047547,0.805394,0.278971,1.615391,-0.319988,0.945861,-0.729389,0.809283,1.224907,1.062812,-0.291599,0.311154,-1.142518,0.806826,1.606876,0.229646,-0.311527,-0.439966,-1.158267,0.814105,1.461327,-0.687658,-0.291916,0.439016,1.151020,0.795272,-1.469370,0.678219,-0.330062,-0.323086,1.166985,0.808066,-1.638227,-0.173247,-0.310405,-0.943339,0.712847,0.813582,-1.227726,-1.099781,-0.283032,-1.175282,0.045446,0.796686,-0.236828,-1.630982,-0.327822,-1.003969,-0.611802,0.810310,0.727435,-1.523372,-0.294685
2.180000,1.002073,0.642973,0.807424,-0.687515,1.516713,-0.286826,1.193376,-0.015235,0.799032,0.266017,1.615633,-0.316124,0.970246,-0.708038,0.803495,1.213436,1.072159,-0.287086,0.343251,-1.137797,0.800632,1.602680,0.242506,-0.307777,-0.410729,-1.171936,0.808314,1.462291,-0.679057,-0.287112,0.409613,1.164502,0.788704,-1.470841,0.669806,-0.326694,-0.355815,1.163397,0.801897,-1.634461,-0.185535,-0.306502,-0.967785,0.690753,0.807971,-1.216750,-1.109569,-0.277994,-1.179878,0.012819,0.790160,-0.222774,-1.631538,-0.324667,-0.989308,-0.642189,0.804450,0.738645,-1.515185,-0.291243
2.200000,0.988228,0.673220,0.801728,-0.696973,1.507900,-0.282728,1.198563,0.017072,0.792752,0.252627,1.614963,-0.311859,0.994392,-0.686505,0.797802,1.200983,1.081030,-0.282191,0.375255,-1.132817,0.794517,1.597533,0.255514,-0.303638,-0.381479,-1.185424,0.802623,1.462612,-0.669561,-0.281932,0.380187,1.177807,0.782208,-1.471675,0.660558,-0.322887,-0.388457,1.159561,0.795809,-1.629663,-0.198121,-0.302207,-0.992003,0.668468,0.802465,-1.204834,-1.118776,-0.272577,-1.184190,-0.019809,0.783702,-0.208345,-1.631165,-0.321086,-0.974423,-0.672403,0.798662,0.749769,-1.506161,-0.287411
2.220000,0.974194,0.703284,0.796118,-0.706381,1.498304,-0.278272,1.203479,0.049357,0.786560,0.238871,1.613439,-0.307214,1.018279,-0.664800,0.792210,1.187630,1.089462,-0.276946,0.407147,-1.127576,0.788489,1.591520,0.268636,-0.299134,-0.352228,-1.198713,0.797039,1.462358,-0.659245,-0.276415,0.350750,1.190919,0.775792,-1.471929,0.650564,-0.318653,-0.420995,1.155471,0.789811,-1.623902,-0.210979,-0.297542,-1.015973,0.646005,0.797071,-1.192060,-1.127413,-0.266813,-1.188210,-0.052421,0.777319,-0.193641,-1.629912,-0.317091,-0.959318,-0.702430,0.792956,0.760767,-1.496350,-0.283210
2.240000,0.959973,0.733148,0.790599,-0.715739,1.487974,-0.273484,1.208116,0.081604,0.780466,0.224819,1.611120,-0.302208,1.041891,-0.642930,0.786726,1.173456,1.097491,-0.271386,0.438911,-1.122071,0.782554,1.584730,0.281834,-0.294289,-0.322988,-1.211788,0.791568,1.461597,-0.648185,-0.270598,0.321313,1.203825,0.769464,-1.471661,0.639912,-0.314003,-0.453408,1.151120,0.783910,-1.617245,-0.224087,-0.292530,-1.039680,0.623375,0.791795,-1.178511,-1.135492,-0.260734,-1.191935,-0.085000,0.771021,-0.178759,-1.627828,-0.312695,-0.943994,-0.732252,0.787336,0.771601,-1.485801,-0.278663
2.260000,0.945565,0.762798,0.785180,-0.725048,1.476909,-0.268364,1.212470,0.113797,0.774475,0.210469,1.608008,-0.296843,1.065212,-0.620903,0.781357,1.158462,1.105118,-0.265510,0.470531,-1.116302,0.776720,1.577162,0.295108,-0.289101,-0.293768,-1.224635,0.786217,1.460330,-0.636381,-0.264483,0.291887,1.216511,0.763234,-1.470870,0.628602,-0.308936,-0.485678,1.146505,0.778112,-1.609691,-0.237444,-0.287169,-1.063108,0.600589,0.786643,-1.164188,-1.143013,-0.254340,-1.195359,-0.117529,0.764814,-0.163699,-1.624912,-0.307896,-0.928455,-0.761857,0.781811,0.782271,-1.474513,-0.273771
2.280000,0.930971,0.792219,0.779867,-0.734307,1.465109,-0.262912,1.216533,0.145919,0.768594,0.195822,1.604102,-0.291118,1.088224,-0.598728,0.776108,1.142646,1.112344,-0.259318,0.501992,-1.110266,0.770993,1.568817,0.308459,-0.283572,-0.264578,-1.237239,0.780991,1.458556,-0.623832,-0.258068,0.262482,1.228964,0.757110,-1.469556,0.616635,-0.303453,-0.517789,1.141621,0.772425,-1.601241,-0.251050,-0.281461,-1.086242,0.577659,0.781623,-1.149089,-1.149977,-0.247631,-1.198481,-0.149991,0.758708,-0.148463,-1.621165,-0.302696,-0.912704,-0.791228,0.776388,0.792777,-1.462487,-0.268534
2.300000,0.916193,0.821397,0.774666,-0.743517,1.452574,-0.257129,1.220301,0.177956,0.762832,0.180879,1.599402,-0.285033,1.110912,-0.576412,0.770986,1.126010,1.119167,-0.252810,0.533279,-1.103963,0.765379,1.559694,0.321886,-0.277700,-0.235429,-1.249584,0.775896,1.456275,-0.610540,-0.251354,0.233108,1.241172,0.751099,-1.467720,0.604010,-0.297553,-0.549722,1.136462,0.766856,-1.591894,-0.264906,-0.275406,-1.109067,0.554594,0.776740,-1.133215,-1.156383,-0.240607,-1.201297,-0.182370,0.752709,-0.133048,-1.616586,-0.297094,-0.896745,-0.820351,0.771072,0.803119,-1.449723,-0.262952
2.320000,0.901231,0.850318,0.769584,-0.752655,1.439357,-0.251051,1.223767,0.209890,0.757195,0.165713,1.593966,-0.278616,1.133260,-0.553963,0.765997,1.108645,1.125602,-0.246031,0.564375,-1.097391,0.759887,1.549877,0.335332,-0.271520,-0.206330,-1.261656,0.770939,1.453543,-0.596593,-0.244393,0.203776,1.253121,0.745210,-1.465400,0.590839,-0.291257,-0.581460,1.131023,0.761411,-1.581731,-0.278963,-0.269035,-1.131566,0.531407,0.772001,-1.116655,-1.162246,-0.233309,-1.203803,-0.214649,0.746826,-0.117570,-1.611237,-0.291112,-0.880581,-0.849212,0.765872,0.813245,-1.436277,-0.257058
2.340000,0.886087,0.878967,0.764626,-0.761699,1.425509,-0.244718,1.226928,0.241710,0.751690,0.150401,1.587852,-0.271893,1.155254,-0.531390,0.761147,1.090642,1.131663,-0.239025,0.595270,-1.090550,0.754520,1.539450,0.348739,-0.265062,-0.177290,-1.273444,0.766122,1.450416,-0.582083,-0.237235,0.174495,1.264803,0.739451,-1.462635,0.577232,-0.284583,-0.612986,1.125302,0.756096,-1.570832,-0.293176,-0.262381,-1.153729,0.508108,0.767409,-1.099497,-1.167583,-0.225775,-1.206000,-0.246815,0.741067,-0.102140,-1.605177,-0.284772,-0.864217,-0.877798,0.760792,0.823104,-1.422207,-0.250887
2.360000,0.870764,0.907334,0.759797,-0.770650,1.411031,-0.238130,1.229782,0.273400,0.746322,0.134941,1.581061,-0.264866,1.176881,-0.508699,0.756438,1.072000,1.137351,-0.231794,0.625949,-1.083441,0.749286,1.528412,0.362106,-0.258327,-0.148316,-1.284935,0.761450,1.446893,-0.567009,-0.229882,0.145274,1.276208,0.733829,-1.459424,0.563191,-0.277532,-0.644288,1.119295,0.750918,-1.559195,-0.307545,-0.255445,-1.175542,0.484707,0.762971,-1.081741,-1.172392,-0.218007,-1.207889,-0.278852,0.735438,-0.086758,-1.598405,-0.278074,-0.847658,-0.906097,0.755838,0.832696,-1.407513,-0.244439
2.380000,0.855262,0.935404,0.755102,-0.779507,1.395922,-0.231286,1.232325,0.304948,0.741097,0.119335,1.573593,-0.257534,1.198129,-0.485899,0.751876,1.052721,1.142664,-0.224335,0.656402,-1.076066,0.744189,1.516763,0.375435,-0.251315,-0.119417,-1.296120,0.756928,1.442975,-0.551372,-0.222332,0.116121,1.287327,0.728352,-1.455768,0.548715,-0.270103,-0.675349,1.112999,0.745880,-1.546822,-0.322069,-0.248227,-1.196994,0.461216,0.758691,-1.063388,-1.176674,-0.210004,-1.209471,-0.310746,0.729946,-0.071425,-1.590923,-0.271017,-0.830911,-0.934095,0.751016,0.842021,-1.392194,-0.237713
2.400000,0.839584,0.963166,0.750547,-0.788271,1.380182,-0.224187,1.234554,0.336339,0.736022,0.103581,1.565447,-0.249897,1.218986,-0.462995,0.747466,1.032803,1.147604,-0.216651,0.686616,-1.068424,0.739235,1.504503,0.388724,-0.244025,-0.090600,-1.306987,0.752558,1.438662,-0.535172,-0.214586,0.087046,1.298153,0.723028,-1.451667,0.533804,-0.262297,-0.706156,1.106411,0.740990,-1.533712,-0.336748,-0.240727,-1.218074,0.437644,0.754573,-1.044437,-1.180428,-0.201766,-1.210746,-0.342484,0.724600,-0.056140,-1.582730,-0.263602,-0.813979,-0.961780,0.746332,0.851078,-1.376251,-0.230710
2.420000,0.823732,0.990608,0.746136,-0.796907,1.363858,-0.216879,1.236468,0.367561,0.731103,0.087762,1.556683,-0.241988,1.239438,-0.439997,0.743211,1.012349,1.152159,-0.208792,0.716578,-1.060518,0.734430,1.491697,0.401896,-0.236494,-0.061872,-1.317524,0.748345,1.433997,-0.518498,-0.206704,0.058057,1.308677,0.717863,-1.447155,0.518572,-0.254137,-0.736693,1.099529,0.736253,-1.519942,-0.351513,-0.232979,-1.238769,0.414002,0.750621,-1.024970,-1.183663,-0.193339,-1.211717,-0.374051,0.719405,-0.041019,-1.573868,-0.255858,-0.796870,-0.989141,0.741789,0.859809,-1.359742,-0.223472
2.440000,0.807709,1.017717,0.741873,-0.805384,1.346998,-0.209409,1.238065,0.398603,0.726344,0.071960,1.547359,-0.233841,1.259477,-0.416912,0.739115,0.991457,1.156318,-0.200811,0.746280,-1.052350,0.729777,1.478409,0.414871,-0.228756,-0.033242,-1.327724,0.744291,1.429026,-0.501440,-0.198746,0.029162,1.318895,0.712864,-1.442266,0.503134,-0.245648,-0.766950,1.092351,0.731673,-1.505588,-0.366292,-0.225022,-1.259070,0.390301,0.746840,-1.005068,-1.186387,-0.184767,-1.212389,-0.405435,0.714367,-0.026177,-1.564379,-0.247812,-0.779589,-1.016166,0.737394,0.868152,-1.342727,-0.216042
2.460000,0.791518,1.044484,0.737761,-0.813700,1.329602,-0.201778,1.239346,0.429452,0.721751,0.056173,1.537475,-0.225456,1.279093,-0.393747,0.735180,0.970129,1.160082,-0.192708,0.775712,-1.043924,0.725281,1.464638,0.427651,-0.220810,-0.004714,-1.337579,0.740396,1.423748,-0.483997,-0.190713,0.000369,1.328801,0.708039,-1.437001,0.487489,-0.236830,-0.796913,1.084877,0.727254,-1.490650,-0.381087,-0.216853,-1.278968,0.366550,0.743232,-0.984732,-1.188599,-0.176051,-1.212766,-0.436622,0.709494,-0.011615,-1.554262,-0.239464,-0.762146,-1.042847,0.733149,0.876107,-1.325206,-0.208420
2.480000,0.775162,1.070898,0.733803,-0.821857,1.311669,-0.193985,1.240312,0.460098,0.717328,0.040402,1.527032,-0.216833,1.298279,-0.370511,0.731408,0.948365,1.163451,-0.184484,0.804863,-1.035245,0.720946,1.450384,0.440235,-0.212658,0.023706,-1.347081,0.736663,1.418163,-0.466171,-0.182603,-0.028315,1.338393,0.703393,-1.431359,0.471639,-0.227684,-0.826572,1.077107,0.723000,-1.475128,-0.395896,-0.208474,-1.298456,0.342760,0.739799,-0.963962,-1.190299,-0.167190,-1.212855,-0.467601,0.704791,0.002669,-1.543519,-0.230815,-0.744548,-1.069171,0.729058,0.883675,-1.307179,-0.200605
2.500000,0.758645,1.096947,0.730003,-0.829853,1.293199,-0.186030,1.240962,0.490530,0.713079,0.024648,1.516029,-0.207971,1.317025,-0.347212,0.727801,0.926164,1.166424,-0.176137,0.833724,-1.026316,0.716776,1.435648,0.452623,-0.204298,0.052011,-1.356223,0.733092,1.412272,-0.447960,-0.174417,-0.056883,1.347666,0.698934,-1.425341,0.455582,-0.218208,-0.855914,1.069041,0.718916,-1.459022,-0.410721,-0.199884,-1.317524,0.318941,0.736545,-0.942757,-1.191488,-0.158184,-1.212661,-0.498359,0.700264,0.016673,-1.532148,-0.221864,-0.726802,-1.095130,0.725126,0.890855,-1.288645,-0.192598
2.520000,0.741969,1.122622,0.726362,-0.837632,1.274235,-0.177965,1.241298,0.520736,0.709010,0.008996,1.504503,-0.198909,1.335323,-0.323857,0.724363,0.903612,1.168957,-0.167721,0.862286,-1.017142,0.712775,1.420476,0.464742,-0.195767,0.080195,-1.364998,0.729686,1.406089,-0.429445,-0.166219,-0.085326,1.356616,0.694667,-1.418972,0.439432,-0.208435,-0.884929,1.060679,0.715006,-1.442397,-0.425472,-0.191122,-1.336164,0.295104,0.733472,-0.921199,-1.192169,-0.149080,-1.212191,-0.528883,0.695918,0.030301,-1.520183,-0.212642,-0.708917,-1.120714,0.721355,0.897590,-1.269663,-0.184445
2.540000,0.725141,1.147914,0.722884,-0.845138,1.254819,-0.169844,1.241323,0.550707,0.705124,-0.006467,1.492493,-0.189686,1.353168,-0.300457,0.721092,0.880794,1.171006,-0.159290,0.890540,-1.007729,0.708946,1.404913,0.476518,-0.187097,0.108253,-1.373400,0.726443,1.399628,-0.410706,-0.158075,-0.113639,1.365243,0.690598,-1.412276,0.423302,-0.198398,-0.913607,1.052023,0.711272,-1.425316,-0.440063,-0.182225,-1.354370,0.271258,0.730582,-0.899366,-1.192346,-0.139927,-1.211452,-0.559162,0.691759,0.043454,-1.507657,-0.203180,-0.690902,-1.145914,0.717749,0.903821,-1.250290,-0.176191
2.560000,0.708166,1.172812,0.719569,-0.852370,1.234952,-0.161667,1.241041,0.580432,0.701424,-0.021740,1.479997,-0.180300,1.370553,-0.277020,0.717991,0.857711,1.172572,-0.150843,0.918479,-0.998083,0.705292,1.388960,0.487953,-0.178290,0.136178,-1.381424,0.723363,1.392890,-0.391743,-0.149983,-0.141815,1.373548,0.686733,-1.405253,0.407194,-0.188096,-0.941939,1.043077,0.707718,-1.407780,-0.454493,-0.173193,-1.372137,0.247413,0.727876,-0.877259,-1.192019,-0.130723,-1.210456,-0.589185,0.687792,0.056133,-1.494571,-0.193478,-0.672767,-1.170723,0.714309,0.909548,-1.230525,-0.167836
2.580000,0.691048,1.197309,0.716418,-0.859330,1.214633,-0.153432,1.240455,0.609903,0.697913,-0.036824,1.467016,-0.170752,1.387474,-0.253557,0.715059,0.834361,1.173654,-0.142380,0.946096,-0.988213,0.701816,1.372616,0.499044,-0.169346,0.163966,-1.389068,0.720444,1.385873,-0.372556,-0.141945,-0.169847,1.381531,0.683076,-1.397904,0.391105,-0.177530,-0.969915,1.033845,0.704345,-1.389789,-0.468762,-0.164028,-1.389459,0.223581,0.725354,-0.854878,-1.191188,-0.121468,-1.209210,-0.618941,0.684022,0.068337,-1.480924,-0.183536,-0.654523,-1.195133,0.711036,0.914771,-1.210370,-0.159381
2.600000,0.673794,1.221394,0.713432,-0.866015,1.193862,-0.145141,1.239569,0.639110,0.694595,-0.051719,1.453549,-0.161043,1.403926,-0.230077,0.712296,0.810746,1.174252,-0.133901,0.973382,-0.978124,0.698519,1.355883,0.509793,-0.160263,0.191611,-1.396325,0.717685,1.378579,-0.353145,-0.133959,-0.197729,1.389192,0.679633,-1.390228,0.375037,-0.166700,-0.997527,1.024328,0.701157,-1.371342,-0.482871,-0.154728,-1.406330,0.199769,0.723017,-0.832223,-1.189853,-0.112164,-1.207725,-0.648419,0.680453,0.080067,-1.466716,-0.173353,-0.636180,-1.219135,0.707934,0.919490,-1.189823,-0.150824
2.620000,0.656410,1.245060,0.710612,-0.872367,1.172682,-0.136845,1.238388,0.668042,0.691472,-0.066335,1.439622,-0.151205,1.419903,-0.206590,0.709703,0.786936,1.174311,-0.125459,1.000329,-0.967824,0.695406,1.338789,0.520139,-0.151078,0.219108,-1.403193,0.715085,1.370987,-0.333577,-0.126084,-0.225454,1.396533,0.676410,-1.382221,0.359102,-0.155639,-1.024766,1.014532,0.698157,-1.352484,-0.496721,-0.145338,-1.422746,0.175990,0.720867,-0.809370,-1.188012,-0.102853,-1.206011,-0.677606,0.677089,0.091245,-1.451974,-0.162962,-0.617747,-1.242723,0.705004,0.923662,-1.168939,-0.142212
2.640000,0.638902,1.268299,0.707958,-0.878324,1.151138,-0.128597,1.236918,0.696692,0.688547,-0.080583,1.425258,-0.141272,1.435403,-0.183109,0.707277,0.763004,1.173779,-0.117105,1.026931,-0.957321,0.692477,1.321364,0.530020,-0.141825,0.246449,-1.409668,0.712640,1.363078,-0.313920,-0.118379,-0.253016,1.403558,0.673409,-1.373880,0.343410,-0.144379,-1.051624,1.004462,0.695344,-1.333259,-0.510215,-0.135904,-1.438704,0.152252,0.718903,-0.786395,-1.185662,-0.093581,-1.204080,-0.706494,0.673935,0.101792,-1.436725,-0.152394,-0.599237,-1.265891,0.702246,0.927242,-1.147773,-0.133589
2.660000,0.621279,1.291104,0.705468,-0.883886,1.129230,-0.120398,1.235167,0.725049,0.685822,-0.094463,1.410457,-0.131244,1.450422,-0.159643,0.705018,0.738948,1.172653,-0.108840,1.053181,-0.946626,0.689733,1.303609,0.539435,-0.132504,0.273629,-1.415749,0.710348,1.354852,-0.294174,-0.110842,-0.280407,1.410271,0.670636,-1.365203,0.327962,-0.132922,-1.078094,0.994125,0.692721,-1.313666,-0.523352,-0.126425,-1.454201,0.128567,0.717124,-0.763298,-1.182803,-0.084347,-1.201944,-0.735072,0.670995,0.111708,-1.420967,-0.141648,-0.580661,-1.288632,0.699660,0.930231,-1.126324,-0.124954
2.680000,0.603549,1.313466,0.703142,-0.889053,1.106956,-0.112246,1.233142,0.753107,0.683298,-0.107974,1.395219,-0.121121,1.464960,-0.136206,0.702923,0.714769,1.170936,-0.100663,1.079073,-0.935747,0.687177,1.285523,0.548386,-0.123115,0.300641,-1.421434,0.708205,1.346308,-0.274339,-0.103475,-0.307622,1.416678,0.668094,-1.356192,0.312757,-0.121266,-1.104168,0.983530,0.690287,-1.293705,-0.536134,-0.116902,-1.469235,0.104943,0.715529,-0.740080,-1.179435,-0.075151,-1.199616,-0.763329,0.668271,0.120994,-1.404701,-0.130726,-0.562032,-1.310942,0.697247,0.932629,-1.104592,-0.116308
2.700000,0.585720,1.335379,0.700978,-0.893826,1.084318,-0.104143,1.230851,0.780855,0.680978,-0.121118,1.379544,-0.110903,1.479012,-0.112810,0.700991,0.690468,1.168626,-0.092575,1.104600,-0.924694,0.684809,1.267106,0.556872,-0.113659,0.327479,-1.426722,0.706208,1.337447,-0.254416,-0.096276,-0.334653,1.422783,0.665787,-1.346847,0.297797,-0.109413,-1.129840,0.972682,0.688045,-1.273378,-0.548559,-0.107335,-1.483804,0.081393,0.714117,-0.716740,-1.175559,-0.065993,-1.197108,-0.791257,0.665767,0.129648,-1.387928,-0.119626,-0.543360,-1.332814,0.695008,0.934436,-1.082577,-0.107651
2.720000,0.567799,1.356837,0.698976,-0.898131,1.061350,-0.096134,1.228300,0.808286,0.678862,-0.133826,1.363447,-0.100616,1.492578,-0.089466,0.699219,0.666089,1.165658,-0.084621,1.129755,-0.913476,0.682631,1.248377,0.564837,-0.104168,0.354136,-1.431610,0.704353,1.328219,-0.234450,-0.089295,-0.361493,1.428592,0.663718,-1.337139,0.283165,-0.097392,-1.155101,0.961591,0.685994,-1.252714,-0.560534,-0.097775,-1.497904,0.057924,0.712888,-0.693343,-1.171174,-0.056915,-1.194434,-0.818843,0.663487,0.137615,-1.370656,-0.108378,-0.524658,-1.354244,0.692941,0.935620,-1.060319,-0.099018
2.740000,0.549798,1.377831,0.697132,-0.901896,1.038085,-0.088266,1.225501,0.835390,0.676953,-0.146029,1.346943,-0.090287,1.505656,-0.066188,0.697605,0.641678,1.161967,-0.076848,1.154533,-0.902104,0.680642,1.229352,0.572225,-0.094677,0.380605,-1.436100,0.702635,1.318575,-0.214491,-0.082582,-0.388136,1.434113,0.661892,-1.327040,0.268947,-0.085235,-1.179946,0.950265,0.684134,-1.231745,-0.571967,-0.088274,-1.511537,0.034549,0.711840,-0.669955,-1.166281,-0.047958,-1.191609,-0.846080,0.661432,0.144837,-1.352894,-0.097014,-0.505940,-1.375226,0.691047,0.936150,-1.037856,-0.090446
2.760000,0.531727,1.398358,0.695444,-0.905122,1.014523,-0.080539,1.222463,0.862161,0.675251,-0.157728,1.330032,-0.079916,1.518245,-0.042992,0.696144,0.617235,1.157553,-0.069256,1.178927,-0.890591,0.678844,1.210032,0.579037,-0.085186,0.406876,-1.440190,0.701048,1.308515,-0.194537,-0.076136,-0.414572,1.439353,0.660310,-1.316552,0.255142,-0.072941,-1.204369,0.938715,0.682463,-1.210472,-0.582856,-0.078832,-1.524703,0.011277,0.710969,-0.646575,-1.160881,-0.039124,-1.188646,-0.872956,0.659607,0.151312,-1.334642,-0.085533,-0.487217,-1.395756,0.689323,0.936027,-1.015188,-0.081933
2.780000,0.513597,1.418410,0.693909,-0.907809,0.990665,-0.072953,1.219195,0.888589,0.673757,-0.168923,1.312713,-0.069502,1.530345,-0.019891,0.694833,0.592760,1.152416,-0.061844,1.202932,-0.878947,0.677235,1.190416,0.585273,-0.075696,0.432943,-1.443881,0.699587,1.298039,-0.174589,-0.069957,-0.440795,1.444321,0.658975,-1.305673,0.241752,-0.060511,-1.228363,0.926954,0.680980,-1.188895,-0.593202,-0.069449,-1.537400,-0.011883,0.710274,-0.623203,-1.154972,-0.030410,-1.185561,-0.899462,0.658012,0.157042,-1.315901,-0.073935,-0.468503,-1.415832,0.687769,0.935249,-0.992315,-0.073479
2.800000,0.495418,1.437983,0.692525,-0.909956,0.966510,-0.065508,1.215709,0.914667,0.672471,-0.179614,1.294987,-0.059046,1.541955,0.003100,0.693669,0.568254,1.146556,-0.054613,1.226542,-0.867184,0.675816,1.170505,0.590932,-0.066205,0.458795,-1.447174,0.698248,1.287147,-0.154646,-0.064045,-0.466797,1.449026,0.657890,-1.294404,0.228775,-0.047945,-1.251923,0.914991,0.679684,-1.167013,-0.603006,-0.060126,-1.549631,-0.034919,0.709752,-0.599840,-1.148555,-0.021819,-1.182369,-0.925589,0.656650,0.162026,-1.296669,-0.062220,-0.449811,-1.435448,0.686383,0.933818,-0.969238,-0.065086
2.820000,0.477203,1.457069,0.691288,-0.911491,0.942085,-0.058235,1.212014,0.940386,0.671395,-0.189764,1.276841,-0.048568,1.553075,0.025966,0.692647,0.543736,1.139911,-0.047592,1.249751,-0.855313,0.674586,1.150300,0.595982,-0.056737,0.484425,-1.450067,0.697024,1.275780,-0.134744,-0.058435,-0.492568,1.453475,0.657058,-1.282710,0.216250,-0.035267,-1.275042,0.902838,0.678574,-1.144838,-0.612202,-0.050905,-1.561394,-0.057822,0.709400,-0.576519,-1.141626,-0.013388,-1.179085,-0.951326,0.655524,0.166240,-1.276945,-0.050411,-0.431155,-1.454600,0.685165,0.931704,-0.945974,-0.056777
2.840000,0.458963,1.475664,0.690194,-0.912344,0.917416,-0.051166,1.208122,0.965737,0.670529,-0.199337,1.258264,-0.038089,1.563705,0.048691,0.691764,0.519227,1.132418,-0.040808,1.272552,-0.843349,0.673546,1.129801,0.600393,-0.047316,0.509823,-1.452564,0.695908,1.263878,-0.114919,-0.053159,-0.518102,1.457679,0.656480,-1.270555,0.204217,-0.022500,-1.297715,0.890507,0.677647,-1.122383,-0.620730,-0.041833,-1.572692,-0.080581,0.709215,-0.553275,-1.134183,-0.005158,-1.175725,-0.976663,0.654634,0.169657,-1.256723,-0.038532,-0.412548,-1.473286,0.684112,0.928881,-0.922543,-0.048577
2.860000,0.440714,1.493764,0.689240,-0.912513,0.892502,-0.044301,1.204045,0.990713,0.669872,-0.208333,1.239257,-0.027609,1.573844,0.071257,0.691013,0.494728,1.124077,-0.034261,1.294941,-0.831302,0.672693,1.109009,0.604163,-0.037941,0.534977,-1.454665,0.694895,1.251441,-0.095169,-0.048220,-0.543388,1.461647,0.656159,-1.257940,0.192674,-0.009645,-1.319935,0.878013,0.676900,-1.099648,-0.628587,-0.032907,-1.583526,-0.103185,0.709193,-0.530106,-1.126226,0.002872,-1.172304,-1.001591,0.653983,0.172278,-1.236005,-0.026583,-0.394004,-1.491501,0.683221,0.925349,-0.898944,-0.040485
2.880000,0.422467,1.511363,0.688421,-0.911999,0.867345,-0.037639,1.199793,1.015305,0.669424,-0.216752,1.219818,-0.017128,1.583494,0.093648,0.690392,0.470239,1.114887,-0.027952,1.316910,-0.819186,0.672028,1.087924,0.607293,-0.028612,0.559877,-1.456371,0.693977,1.238469,-0.075495,-0.043615,-0.568416,1.465389,0.656095,-1.244866,0.181621,0.003299,-1.341699,0.865368,0.676330,-1.076632,-0.635775,-0.024129,-1.593897,-0.125626,0.709329,-0.507014,-1.117754,0.010701,-1.168839,-1.026100,0.653571,0.174103,-1.214791,-0.014563,-0.375539,-1.509242,0.682492,0.921107,-0.875178,-0.032502
2.900000,0.404238,1.528456,0.687733,-0.910801,0.841942,-0.031181,1.195379,1.039503,0.669187,-0.224593,1.199948,-0.006647,1.592654,0.115847,0.689894,0.445759,1.104850,-0.021881,1.338456,-0.807014,0.671549,1.066545,0.609783,-0.019329,0.584512,-1.457685,0.693148,1.224963,-0.055898,-0.039346,-0.593179,1.468915,0.656291,-1.231331,0.171060,0.016330,-1.362999,0.852587,0.675934,-1.053335,-0.642294,-0.015498,-1.603807,-0.147892,0.709619,-0.483997,-1.108767,0.018330,-1.165345,-1.050179,0.653401,0.175133,-1.193080,-0.002474,-0.357165,-1.526507,0.681920,0.916155,-0.851244,-0.024628
2.920000,0.386040,1.545039,0.687172,-0.908864,0.816320,-0.024943,1.190813,1.063300,0.669158,-0.231844,1.179623,0.003820,1.601324,0.137836,0.689515,0.421302,1.093926,-0.016060,1.359570,-0.794799,0.671254,1.044864,0.611616,-0.010104,0.608872,-1.458608,0.692401,1.210874,-0.036409,-0.035427,-0.617666,1.472235,0.656749,-1.217286,0.160986,0.029430,-1.383830,0.839681,0.675709,-1.029757,-0.648106,-0.007047,-1.613257,-0.169973,0.710060,-0.461072,-1.099264,0.025719,-1.161839,-1.073820,0.653473,0.175376,-1.170854,0.009673,-0.338897,-1.543291,0.681506,0.910468,-0.827145,-0.016880
2.940000,0.367889,1.561108,0.686734,-0.906130,0.790501,-0.018941,1.186109,1.086685,0.669339,-0.238493,1.158819,0.014256,1.609506,0.159598,0.689250,0.396878,1.082075,-0.010501,1.380248,-0.782554,0.671144,1.022870,0.612773,-0.000949,0.632943,-1.459142,0.691729,1.196155,-0.017061,-0.031871,-0.641867,1.475358,0.657469,-1.202683,0.151399,0.042579,-1.404187,0.826667,0.675651,-1.005896,-0.653174,0.001191,-1.622250,-0.191859,0.710646,-0.438255,-1.089246,0.032829,-1.158335,-1.097010,0.653788,0.174845,-1.148093,0.021865,-0.320751,-1.559591,0.681244,0.904019,-0.802881,-0.009276
2.960000,0.349800,1.576658,0.686413,-0.902599,0.764485,-0.013176,1.181277,1.109649,0.669728,-0.244538,1.137538,0.024662,1.617200,0.181113,0.689093,0.372490,1.069298,-0.005204,1.400483,-0.770293,0.671216,1.000565,0.613256,0.008136,0.656714,-1.459291,0.691124,1.180805,0.002146,-0.028680,-0.665770,1.478294,0.658452,-1.187520,0.142298,0.055775,-1.424064,0.813559,0.675755,-0.981752,-0.657499,0.009217,-1.630788,-0.213540,0.711372,-0.415544,-1.078711,0.039661,-1.154850,-1.119740,0.654348,0.173539,-1.124798,0.034101,-0.302742,-1.575405,0.681134,0.896809,-0.778452,-0.001816
2.980000,0.331790,1.591686,0.686205,-0.898272,0.738273,-0.007647,1.176331,1.132183,0.670325,-0.249980,1.115777,0.035037,1.624406,0.202364,0.689040,0.348136,1.055594,-0.000169,1.420269,-0.758029,0.671469,0.977948,0.613063,0.017150,0.680171,-1.459057,0.690579,1.164825,0.021211,-0.025853,-0.689364,1.481053,0.659700,-1.171799,0.133682,0.069020,-1.443455,0.800372,0.676018,-0.957326,-0.661081,0.017030,-1.638873,-0.235004,0.712231,-0.392940,-1.067660,0.046212,-1.151399,-1.141998,0.655152,0.171459,-1.100970,0.046382,-0.284884,-1.590728,0.681171,0.888837,-0.753860,0.005500
3.000000,0.313875,1.606187,0.686105,-0.893147,0.711865,-0.002354,1.171282,1.154277,0.671130,-0.254820,1.093538,0.045382,1.631125,0.223331,0.689084,0.323816,1.040964,0.004604,1.439599,-0.745775,0.671902,0.955019,0.612196,0.026095,0.703302,-1.458444,0.690087,1.148215,0.040136,-0.023389,-0.712638,1.483644,0.661213,-1.155519,0.125553,0.082313,-1.462355,0.787121,0.676435,-0.932617,-0.663919,0.024631,-1.646507,-0.256243,0.713218,-0.370443,-1.056093,0.052485,-1.147997,-1.163775,0.656203,0.168604,-1.076607,0.058708,-0.267193,-1.605558,0.681353,0.880104,-0.729102,0.012671
3.020000,0.296070,1.620159,0.686109,-0.887196,0.685271,0.002696,1.166142,1.175921,0.672140,-0.259071,1.070794,0.055683,1.637359,0.243996,0.689222,0.299548,1.025404,0.009113,1.458467,-0.733545,0.672512,0.931739,0.610637,0.034967,0.726095,-1.457453,0.689641,1.130947,0.058889,-0.021293,-0.735581,1.486078,0.662993,-1.138638,0.117872,0.095638,-1.480758,0.773821,0.677001,-0.907616,-0.665993,0.031998,-1.653691,-0.277244,0.714328,-0.348042,-1.043989,0.058433,-1.144660,-1.185059,0.657501,0.165012,-1.051682,0.071065,-0.249685,-1.619891,0.681676,0.870599,-0.704174,0.019689
3.040000,0.278393,1.633597,0.686211,-0.880387,0.658502,0.007495,1.160923,1.197105,0.673357,-0.262749,1.047518,0.065928,1.643108,0.264341,0.689447,0.275349,1.008908,0.013356,1.476866,-0.721354,0.673300,0.908070,0.608369,0.043765,0.748536,-1.456089,0.689233,1.112995,0.077440,-0.019565,-0.758179,1.488362,0.665039,-1.121113,0.110603,0.108977,-1.498658,0.760486,0.677713,-0.882314,-0.667282,0.039109,-1.660429,-0.297999,0.715553,-0.325724,-1.031326,0.064011,-1.141401,-1.205838,0.659046,0.160720,-1.026166,0.083442,-0.232374,-1.633724,0.682139,0.860315,-0.679066,0.026542
3.060000,0.260860,1.646498,0.686407,-0.872720,0.631560,0.012045,1.155636,1.217819,0.674777,-0.265853,1.023709,0.076117,1.648373,0.284346,0.689755,0.251219,0.991478,0.017333,1.494787,-0.709215,0.674262,0.884010,0.605392,0.052488,0.770610,-1.454357,0.688856,1.094357,0.095789,-0.018208,-0.780421,1.490505,0.667352,-1.102945,0.103745,0.122330,-1.516049,0.747135,0.678564,-0.856710,-0.667785,0.045964,-1.666721,-0.318494,0.716886,-0.303491,-1.018105,0.069218,-1.138236,-1.226102,0.660839,0.155730,-1.000058,0.095837,-0.215277,-1.647053,0.682737,0.849251,-0.653779,0.033230
3.080000,0.243490,1.658858,0.686692,-0.864195,0.604443,0.016345,1.150293,1.238050,0.676401,-0.268383,0.999369,0.086250,1.653157,0.303994,0.690139,0.227158,0.973112,0.021044,1.512224,-0.697143,0.675399,0.859561,0.601706,0.061137,0.792305,-1.452259,0.688502,1.075034,0.113936,-0.017219,-0.802293,1.492515,0.669932,-1.084133,0.097299,0.135698,-1.532924,0.733780,0.679550,-0.830806,-0.667503,0.052564,-1.672569,-0.338719,0.718319,-0.281341,-1.004325,0.074054,-1.135177,-1.245837,0.662880,0.150041,-0.973360,0.108252,-0.198410,-1.659874,0.683467,0.837407,-0.628314,0.039755
3.100000,0.226298,1.670675,0.687059,-0.854812,0.577152,0.020395,1.144905,1.257790,0.678227,-0.270340,0.974496,0.096326,1.657460,0.323264,0.690595,0.203166,0.953811,0.024489,1.529167,-0.685152,0.676707,0.834722,0.597311,0.069711,0.813607,-1.449801,0.688165,1.055027,0.131881,-0.016600,-0.823782,1.494400,0.672780,-1.064678,0.091264,0.149081,-1.549279,0.720440,0.680665,-0.804600,-0.666436,0.058908,-1.677975,-0.358663,0.719846,-0.259275,-0.989987,0.078520,-1.132239,-1.265032,0.665169,0.143653,-0.946071,0.120685,-0.181786,-1.672184,0.684326,0.824783,-0.602669,0.046115
3.120000,0.209303,1.681943,0.687506,-0.844580,0.549695,0.024195,1.139483,1.277026,0.680254,-0.271754,0.949079,0.106333,1.661284,0.342140,0.691117,0.179273,0.933609,0.027669,1.545610,-0.673256,0.678187,0.809466,0.592199,0.078212,0.834502,-1.446985,0.687836,1.034297,0.149603,-0.016344,-0.844876,1.496168,0.675895,-1.044562,0.085578,0.162456,-1.565106,0.707128,0.681904,-0.778089,-0.664583,0.064980,-1.682940,-0.378315,0.721457,-0.237279,-0.975075,0.082561,-1.129435,-1.283676,0.667707,0.136630,-0.918174,0.133128,-0.165423,-1.683980,0.685311,0.811387,-0.576841,0.052305
3.140000,0.192521,1.692661,0.688026,-0.833508,0.522078,0.027744,1.134038,1.295749,0.682480,-0.272656,0.923106,0.116259,1.664632,0.360603,0.691700,0.155509,0.912539,0.030585,1.561543,-0.661469,0.679835,0.783764,0.586362,0.086641,0.854974,-1.443818,0.687508,1.012808,0.167084,-0.016446,-0.865560,1.497825,0.679278,-1.023766,0.080176,0.175803,-1.580400,0.693862,0.683262,-0.751271,-0.661944,0.070763,-1.687467,-0.397662,0.723145,-0.215340,-0.959574,0.086120,-1.126777,-1.301755,0.670494,0.129035,-0.889651,0.145573,-0.149336,-1.695257,0.686417,0.797228,-0.550826,0.058320
3.160000,0.175968,1.702825,0.688614,-0.821595,0.494303,0.031042,1.128580,1.313947,0.684903,-0.273047,0.896578,0.126102,1.667505,0.378636,0.692338,0.131873,0.890600,0.033236,1.576957,-0.649806,0.681652,0.757618,0.579800,0.094999,0.875009,-1.440304,0.687176,0.990560,0.184321,-0.016906,-0.885822,1.499376,0.682927,-1.002292,0.075060,0.189122,-1.595155,0.680656,0.684733,-0.724145,-0.658520,0.076258,-1.691554,-0.416694,0.724899,-0.193457,-0.943482,0.089199,-1.124277,-1.319257,0.673530,0.120869,-0.860502,0.158019,-0.133539,-1.706011,0.687642,0.782305,-0.524622,0.064160
3.180000,0.159662,1.712432,0.689266,-0.808842,0.466368,0.034090,1.123120,1.331609,0.687523,-0.272926,0.869495,0.135863,1.669908,0.396221,0.693027,0.108366,0.867793,0.035623,1.591844,-0.638282,0.683635,0.731026,0.572514,0.103285,0.894591,-1.436447,0.686830,0.967553,0.201317,-0.017724,-0.905647,1.500829,0.686843,-0.980140,0.070228,0.202413,-1.609364,0.667526,0.686311,-0.696711,-0.654311,0.081464,-1.695205,-0.435397,0.726710,-0.171631,-0.926801,0.091797,-1.121946,-1.336171,0.676815,0.112131,-0.830728,0.170466,-0.118049,-1.716240,0.688982,0.766619,-0.498231,0.069825
3.200000,0.143620,1.721479,0.689976,-0.795248,0.438274,0.036888,1.117667,1.348723,0.690337,-0.272293,0.841856,0.145542,1.671841,0.413342,0.693761,0.084988,0.844119,0.037745,1.606195,-0.626910,0.685783,0.703989,0.564502,0.111500,0.913706,-1.432253,0.686464,0.943786,0.218069,-0.018899,-0.925023,1.502188,0.691024,-0.957308,0.065682,0.215675,-1.623021,0.654488,0.687990,-0.668970,-0.649315,0.086382,-1.698420,-0.453762,0.728568,-0.149861,-0.909529,0.093914,-1.119796,-1.352482,0.680349,0.102822,-0.800329,0.182915,-0.102880,-1.725939,0.690434,0.750169,-0.471652,0.075315
3.220000,0.127858,1.729962,0.690739,-0.780845,0.410026,0.039436,1.112231,1.365279,0.693344,-0.271196,0.813681,0.155121,1.673308,0.429980,0.694535,0.061774,0.819630,0.039602,1.620001,-0.615706,0.688094,0.676506,0.555778,0.119641,0.932338,-1.427726,0.686072,0.919262,0.234548,-0.020419,-0.943935,1.503458,0.695469,-0.933794,0.061343,0.228878,-1.636121,0.641558,0.689764,-0.640935,-0.643559,0.090999,-1.701200,-0.471775,0.730463,-0.128140,-0.891673,0.095484,-1.117837,-1.368180,0.684131,0.093018,-0.769311,0.195350,-0.088047,-1.735105,0.691994,0.732984,-0.444894,0.080624
3.240000,0.112391,1.737879,0.691552,-0.765662,0.381628,0.041738,1.106821,1.381267,0.696541,-0.269682,0.784992,0.164584,1.674313,0.446122,0.695344,0.038761,0.794381,0.041192,1.633253,-0.604684,0.690568,0.648575,0.546355,0.127708,0.950471,-1.422873,0.685645,0.893981,0.250720,-0.022270,-0.962370,1.504642,0.700178,-0.909595,0.057133,0.241993,-1.648657,0.628751,0.691627,-0.612624,-0.637068,0.095302,-1.703546,-0.489425,0.732383,-0.106461,-0.873237,0.096442,-1.116078,-1.383251,0.688162,0.082795,-0.737684,0.207758,-0.073565,-1.743734,0.693658,0.715094,-0.417963,0.085746
3.260000,0.097236,1.745226,0.692407,-0.749701,0.353079,0.043793,1.101446,1.396676,0.699927,-0.267752,0.755787,0.173930,1.674860,0.461751,0.696181,0.015948,0.768371,0.042516,1.645941,-0.593857,0.693202,0.620197,0.536233,0.135700,0.968092,-1.417699,0.685179,0.867943,0.266586,-0.024454,-0.980314,1.505744,0.705148,-0.884710,0.053053,0.255018,-1.660624,0.616081,0.693574,-0.584034,-0.629841,0.099291,-1.705459,-0.506700,0.734316,-0.084824,-0.854221,0.096788,-1.114528,-1.397683,0.692441,0.072154,-0.705448,0.220139,-0.059448,-1.751822,0.695422,0.696498,-0.390860,0.090681
3.280000,0.082409,1.752001,0.693302,-0.732962,0.324381,0.045602,1.096114,1.411495,0.703498,-0.265405,0.726068,0.183159,1.674952,0.476852,0.697043,-0.006663,0.741602,0.043573,1.658058,-0.583239,0.695996,0.591372,0.525411,0.143617,0.985184,-1.412211,0.684665,0.841149,0.282147,-0.026969,-0.997754,1.506765,0.710378,-0.859139,0.049102,0.267954,-1.672017,0.603562,0.695597,-0.555168,-0.621878,0.102967,-1.706939,-0.523590,0.736250,-0.063228,-0.834625,0.096521,-1.113195,-1.411465,0.696968,0.061095,-0.672601,0.232492,-0.045710,-1.759367,0.697284,0.677197,-0.363586,0.095429
3.300000,0.067923,1.758201,0.694230,-0.715444,0.295533,0.047163,1.090833,1.425715,0.707252,-0.262642,0.695833,0.192271,1.674595,0.491410,0.697922,-0.029075,0.714073,0.044363,1.669593,-0.572845,0.698946,0.562099,0.513890,0.151459,1.001733,-1.406415,0.684098,0.813598,0.297401,-0.029816,-1.014675,1.507709,0.715866,-0.832882,0.045281,0.280801,-1.682829,0.591210,0.697690,-0.526023,-0.613180,0.106328,-1.707988,-0.540081,0.738173,-0.041674,-0.814449,0.095642,-1.112087,-1.424583,0.701741,0.049617,-0.639146,0.244817,-0.032365,-1.766365,0.699238,0.657190,-0.336139,0.099991
3.320000,0.053796,1.763822,0.695187,-0.697212,0.266555,0.048478,1.085611,1.439325,0.711188,-0.259520,0.665119,0.201249,1.673791,0.505410,0.698815,-0.051232,0.685867,0.044883,1.680539,-0.562688,0.702053,0.532406,0.501703,0.159222,1.017723,-1.400318,0.683470,0.785327,0.312312,-0.032975,-1.031065,1.508577,0.721609,-0.805959,0.041509,0.293519,-1.693056,0.579040,0.699848,-0.496631,-0.603802,0.109368,-1.708606,-0.556164,0.740072,-0.020167,-0.793720,0.094093,-1.111212,-1.437027,0.706760,0.037816,-0.605125,0.257106,-0.019427,-1.772812,0.701282,0.636527,-0.308549,0.104360
3.340000,0.040039,1.768862,0.696167,-0.678331,0.237467,0.049548,1.080454,1.452317,0.715301,-0.256099,0.633960,0.210076,1.672548,0.518840,0.699716,-0.073082,0.657068,0.045132,1.690887,-0.552781,0.705315,0.502324,0.488886,0.166902,1.033141,-1.393926,0.682777,0.756372,0.326842,-0.036427,-1.046909,1.509369,0.727606,-0.778387,0.037709,0.306065,-1.702693,0.567062,0.702063,-0.467020,-0.593801,0.112077,-1.708795,-0.571827,0.741932,0.001285,-0.772463,0.091817,-1.110576,-1.448785,0.712025,0.025788,-0.570583,0.269347,-0.006908,-1.778706,0.703411,0.615261,-0.280843,0.108533
3.360000,0.026667,1.773320,0.697167,-0.658803,0.208269,0.050372,1.075369,1.464681,0.719590,-0.252377,0.602356,0.218751,1.670870,0.531689,0.700619,-0.094625,0.627677,0.045109,1.700629,-0.543137,0.708729,0.471850,0.475438,0.174498,1.047974,-1.387247,0.682011,0.726734,0.340990,-0.040171,-1.062196,1.510085,0.733851,-0.750168,0.033879,0.318440,-1.711735,0.555292,0.704329,-0.437191,-0.583176,0.114455,-1.708555,-0.587059,0.743739,0.022685,-0.750680,0.088813,-1.110182,-1.459847,0.717534,0.013534,-0.535522,0.281542,0.005180,-1.784045,0.705622,0.593389,-0.253020,0.112508
3.380000,0.013691,1.777192,0.698180,-0.638625,0.178961,0.050951,1.070361,1.476408,0.724050,-0.248355,0.570308,0.227275,1.668765,0.543943,0.701518,-0.115860,0.597692,0.044815,1.709758,-0.533768,0.712294,0.440986,0.461359,0.182010,1.062206,-1.380288,0.681168,0.696412,0.354757,-0.044208,-1.076912,1.510724,0.740342,-0.721301,0.030019,0.330644,-1.720179,0.543740,0.706639,-0.407144,-0.571927,0.116503,-1.707888,-0.601850,0.745480,0.044031,-0.728369,0.085081,-1.110036,-1.470202,0.723286,0.001053,-0.499939,0.293690,0.016824,-1.788826,0.707910,0.570913,-0.225081,0.116287
3.400000,0.001126,1.780477,0.699203,-0.617799,0.149542,0.051285,1.065437,1.487490,0.728680,-0.244033,0.537816,0.235647,1.666238,0.555592,0.702409,-0.136789,0.567114,0.044248,1.718266,-0.524687,0.716009,0.409730,0.446649,0.189439,1.075825,-1.373059,0.680241,0.665407,0.368143,-0.048538,-1.091043,1.511285,0.747076,-0.691786,0.026130,0.342677,-1.728019,0.532419,0.708987,-0.376878,-0.560054,0.118221,-1.706794,-0.616190,0.747138,0.065323,-0.705531,0.080622,-1.110141,-1.479841,0.729281,-0.011655,-0.463836,0.305792,0.028012,-1.793047,0.710272,0.547833,-0.197027,0.119869
3.420000,-0.011017,1.783173,0.700230,-0.596408,0.120045,0.051374,1.060601,1.497918,0.733475,-0.239472,0.504937,0.243851,1.663295,0.566625,0.703287,-0.157359,0.536043,0.043410,1.726145,-0.515905,0.719871,0.378133,0.431370,0.196774,1.088818,-1.365566,0.679225,0.633775,0.381109,-0.053129,-1.104579,1.511768,0.754048,-0.661674,0.022149,0.354493,-1.735253,0.521341,0.711366,-0.346440,-0.547633,0.119612,-1.705276,-0.630068,0.748699,0.086549,-0.682205,0.075418,-1.110503,-1.488753,0.735518,-0.024483,-0.427288,0.317841,0.038734,-1.796706,0.712704,0.524212,-0.168892,0.123253
3.440000,-0.022727,1.785279,0.701257,-0.574536,0.090500,0.051220,1.055859,1.507685,0.738433,-0.234734,0.471731,0.251873,1.659946,0.577032,0.704144,-0.177519,0.504577,0.042301,1.733389,-0.507435,0.723879,0.346241,0.415583,0.204005,1.101173,-1.357818,0.678114,0.601572,0.393616,-0.057951,-1.117507,1.512170,0.761253,-0.631016,0.018014,0.366047,-1.741876,0.510517,0.713769,-0.315876,-0.534740,0.120678,-1.703333,-0.643475,0.750149,0.107697,-0.658427,0.069451,-1.111121,-1.496930,0.741994,-0.037326,-0.390369,0.329833,0.048978,-1.799803,0.715201,0.500112,-0.140714,0.126440
3.460000,-0.033995,1.786793,0.702277,-0.552182,0.060908,0.050823,1.051213,1.516785,0.743549,-0.229817,0.438196,0.259713,1.656197,0.586805,0.704977,-0.197271,0.472718,0.040921,1.739993,-0.499286,0.728031,0.314054,0.399290,0.211133,1.112877,-1.349824,0.676905,0.568799,0.405663,-0.063004,-1.129816,1.512488,0.768688,-0.599812,0.013723,0.377339,-1.747887,0.499955,0.716191,-0.285187,-0.521376,0.121419,-1.700968,-0.656402,0.751472,0.128767,-0.634197,0.062722,-1.111996,-1.504365,0.748710,-0.050183,-0.353080,0.341767,0.058735,-1.802335,0.717760,0.475534,-0.112493,0.129429
3.480000,-0.044811,1.787715,0.703288,-0.529346,0.031269,0.050182,1.046668,1.525211,0.748820,-0.224723,0.404334,0.267369,1.652058,0.595938,0.705779,-0.216612,0.440463,0.039270,1.745949,-0.491467,0.732324,0.281573,0.382489,0.218157,1.123921,-1.341594,0.675593,0.535454,0.417251,-0.068288,-1.141496,1.512718,0.776345,-0.568062,0.009277,0.388368,-1.753283,0.489665,0.718624,-0.254372,-0.507539,0.121836,-1.698183,-0.668840,0.752653,0.149759,-0.609516,0.055231,-1.113128,-1.511050,0.755665,-0.063054,-0.315421,0.353644,0.067996,-1.804302,0.720377,0.450478,-0.084227,0.132221
3.500000,-0.055166,1.788043,0.704283,-0.506028,0.001582,0.049299,1.042225,1.532956,0.754242,-0.219451,0.370143,0.274843,1.647536,0.604421,0.706546,-0.235545,0.407815,0.037348,1.751254,-0.483989,0.736756,0.248797,0.365181,0.225077,1.134292,-1.333137,0.674172,0.501539,0.428380,-0.073803,-1.152535,1.512858,0.784221,-0.535766,0.004677,0.399134,-1.758061,0.479656,0.721062,-0.223432,-0.493230,0.121928,-1.694978,-0.680780,0.753677,0.170672,-0.584384,0.046977,-1.114518,-1.516979,0.762856,-0.075940,-0.277390,0.365463,0.076751,-1.805704,0.723048,0.424944,-0.055919,0.134815
3.520000,-0.065050,1.787778,0.705258,-0.482328,-0.028111,0.048179,1.037890,1.540015,0.759812,-0.214067,0.335707,0.282122,1.642639,0.612248,0.707271,-0.254031,0.374878,0.035163,1.755900,-0.476862,0.741326,0.215803,0.347454,0.231875,1.143979,-1.324462,0.672639,0.467127,0.439020,-0.079506,-1.162923,1.512904,0.792309,-0.503013,-0.000123,0.409594,-1.762220,0.469938,0.723499,-0.192432,-0.478541,0.121716,-1.691357,-0.692213,0.754527,0.191495,-0.558847,0.038001,-1.116165,-1.522144,0.770283,-0.088730,-0.239091,0.377216,0.084991,-1.806539,0.725768,0.399005,-0.027613,0.137218
3.540000,-0.074457,1.786919,0.706209,-0.458347,-0.057766,0.046829,1.033663,1.546383,0.765526,-0.208636,0.301107,0.289197,1.637378,0.619415,0.707951,-0.272034,0.341757,0.032722,1.759885,-0.470093,0.746030,0.182666,0.329394,0.238535,1.152974,-1.315580,0.670991,0.432292,0.449145,-0.085356,-1.172653,1.512851,0.800602,-0.469891,-0.005166,0.419700,-1.765758,0.460517,0.725929,-0.161438,-0.463565,0.121220,-1.687319,-0.703132,0.755192,0.212214,-0.532953,0.028342,-1.118066,-1.526542,0.777944,-0.101317,-0.200622,0.388894,0.092709,-1.806808,0.728535,0.372734,0.000643,0.139438
3.560000,-0.083382,1.785468,0.707130,-0.434084,-0.087383,0.045249,1.029545,1.552058,0.771379,-0.203160,0.266343,0.296067,1.631761,0.625917,0.708579,-0.289555,0.308453,0.030027,1.763205,-0.463689,0.750866,0.149387,0.311004,0.245056,1.161268,-1.306500,0.669224,0.397034,0.458753,-0.091353,-1.181716,1.512696,0.809094,-0.436400,-0.010453,0.429455,-1.768677,0.451397,0.728346,-0.130451,-0.448301,0.120439,-1.682869,-0.713529,0.755657,0.232831,-0.506701,0.018000,-1.120217,-1.530168,0.785838,-0.113700,-0.161985,0.400496,0.099898,-1.806513,0.731345,0.346132,0.028848,0.141474
3.580000,-0.091819,1.783424,0.708017,-0.409540,-0.116964,0.043439,1.025537,1.557036,0.777367,-0.197637,0.231416,0.302733,1.625799,0.631752,0.709150,-0.306592,0.274966,0.027077,1.765859,-0.457655,0.755832,0.115966,0.292281,0.251437,1.168853,-1.297233,0.667336,0.361353,0.467844,-0.097496,-1.190106,1.512432,0.817778,-0.402541,-0.015985,0.438857,-1.770976,0.442586,0.730744,-0.099471,-0.432751,0.119375,-1.678007,-0.723397,0.755907,0.253344,-0.480091,0.006975,-1.122613,-1.533020,0.793963,-0.125878,-0.123178,0.412022,0.106552,-1.805655,0.734193,0.319198,0.057004,0.143326
3.600000,-0.099762,1.780789,0.708866,-0.384714,-0.146507,0.041400,1.021640,1.561314,0.783487,-0.192068,0.196325,0.309194,1.619500,0.636915,0.709660,-0.323147,0.241296,0.023871,1.767843,-0.452000,0.760923,0.082403,0.273227,0.257680,1.175719,-1.287789,0.665323,0.325249,0.476419,-0.103786,-1.197816,1.512055,0.826646,-0.368314,-0.021760,0.447907,-1.772656,0.434089,0.733119,-0.068497,-0.416913,0.118026,-1.672736,-0.732730,0.755931,0.273754,-0.453124,-0.004732,-1.125250,-1.535094,0.802318,-0.137853,-0.084203,0.423473,0.112664,-1.804234,0.737076,0.291933,0.085110,0.144994
3.620000,-0.107206,1.777565,0.709672,-0.359707,-0.175944,0.039155,1.017854,1.564888,0.789733,-0.186499,0.161153,0.315445,1.612876,0.641403,0.710103,-0.339208,0.207559,0.020432,1.769155,-0.446728,0.766138,0.048786,0.253944,0.263761,1.181860,-1.278180,0.663184,0.288815,0.484472,-0.110171,-1.204837,1.511560,0.835692,-0.333816,-0.027783,0.456564,-1.773717,0.425911,0.735464,-0.037597,-0.400881,0.116431,-1.667057,-0.741520,0.755714,0.294054,-0.425852,-0.017026,-1.128125,-1.536388,0.810902,-0.149511,-0.045175,0.434830,0.118227,-1.802251,0.739992,0.264410,0.113114,0.146493
3.640000,-0.114149,1.773753,0.710431,-0.334623,-0.205206,0.036727,1.014180,1.567760,0.796103,-0.180976,0.125981,0.321484,1.605936,0.645217,0.710476,-0.354763,0.173874,0.016779,1.769795,-0.441843,0.771472,0.015206,0.234534,0.269659,1.187270,-1.268414,0.660916,0.252144,0.491998,-0.116599,-1.211167,1.510942,0.844906,-0.299147,-0.034058,0.464789,-1.774161,0.418055,0.737775,-0.006839,-0.384747,0.114628,-1.660974,-0.749762,0.755247,0.314238,-0.398328,-0.029807,-1.131228,-1.536901,0.819711,-0.160741,-0.006211,0.446074,0.123239,-1.799710,0.742935,0.236703,0.140962,0.147837
3.660000,-0.120590,1.769358,0.711140,-0.309461,-0.234291,0.034117,1.010615,1.569928,0.802591,-0.175498,0.090810,0.327309,1.598689,0.648359,0.710773,-0.369814,0.140239,0.012914,1.769763,-0.437347,0.776923,-0.018338,0.214998,0.275374,1.191944,-1.258503,0.658519,0.215236,0.498996,-0.123071,-1.216802,1.510196,0.854280,-0.264306,-0.040586,0.472580,-1.773991,0.410522,0.740047,0.023778,-0.368512,0.112617,-1.654489,-0.757452,0.754519,0.334306,-0.370554,-0.043077,-1.134551,-1.536637,0.828744,-0.171542,0.032691,0.457206,0.127694,-1.796614,0.745904,0.208814,0.168655,0.149025
3.680000,-0.126527,1.764382,0.711794,-0.284221,-0.263202,0.031324,1.007159,1.571392,0.809194,-0.170066,0.055640,0.332920,1.591146,0.650827,0.710991,-0.384361,0.106655,0.008835,1.769062,-0.433244,0.782486,-0.051845,0.195335,0.280905,1.195878,-1.248458,0.655993,0.178092,0.505468,-0.129586,-1.221738,1.509317,0.863806,-0.229292,-0.047366,0.479938,-1.773211,0.403315,0.742278,0.054252,-0.352176,0.110398,-1.647603,-0.764583,0.753520,0.354257,-0.342528,-0.056835,-1.138087,-1.535594,0.837998,-0.181915,0.071529,0.468225,0.131590,-1.792965,0.748895,0.180741,0.196192,0.150059
3.700000,-0.131959,1.758831,0.712391,-0.258902,-0.291936,0.028349,1.003812,1.572153,0.815907,-0.164679,0.020471,0.338319,1.583318,0.652625,0.711125,-0.398402,0.073123,0.004544,1.767690,-0.429535,0.788158,-0.085316,0.175546,0.286253,1.199067,-1.238288,0.653336,0.140710,0.511412,-0.136144,-1.225973,1.508299,0.873475,-0.194107,-0.054399,0.486864,-1.771822,0.396436,0.744462,0.084586,-0.335738,0.107971,-1.640319,-0.771151,0.752242,0.374092,-0.314251,-0.071082,-1.141825,-1.533776,0.847472,-0.191859,0.110303,0.479132,0.134923,-1.788767,0.751905,0.152486,0.223574,0.150937
3.720000,-0.136884,1.752707,0.712927,-0.233611,-0.320412,0.025228,1.000572,1.572212,0.822725,-0.159358,-0.014613,0.343496,1.575213,0.653753,0.711171,-0.411968,0.039762,0.000079,1.765650,-0.426222,0.793935,-0.118654,0.155748,0.291396,1.201506,-1.228005,0.650547,0.103187,0.516853,-0.142688,-1.229502,1.507139,0.883278,-0.158850,-0.061657,0.493331,-1.769829,0.389886,0.746596,0.114717,-0.319273,0.105391,-1.632640,-0.777152,0.750675,0.393802,-0.285783,-0.085674,-1.145758,-1.531183,0.857163,-0.201273,0.148892,0.489893,0.137689,-1.784023,0.754932,0.124132,0.250733,0.151685
3.740000,-0.141304,1.746016,0.713400,-0.208452,-0.348545,0.021995,0.997437,1.571570,0.829645,-0.154120,-0.049528,0.348446,1.566842,0.654218,0.711127,-0.425088,0.006693,-0.004519,1.762945,-0.423304,0.799812,-0.151763,0.136058,0.296313,1.203194,-1.217617,0.647629,0.065615,0.521816,-0.149160,-1.232327,1.505832,0.893205,-0.123619,-0.069113,0.499315,-1.767235,0.383664,0.748677,0.144586,-0.302857,0.102712,-1.624568,-0.782582,0.748814,0.413377,-0.257184,-0.100469,-1.149872,-1.527822,0.867067,-0.210052,0.187173,0.500475,0.139888,-1.778740,0.757972,0.095764,0.277602,0.152326
3.760000,-0.145222,1.738767,0.713806,-0.183426,-0.376336,0.018651,0.994406,1.570232,0.836662,-0.148967,-0.084274,0.353168,1.558213,0.654023,0.710990,-0.437762,-0.026082,-0.009251,1.759581,-0.420779,0.805786,-0.184643,0.116476,0.301003,1.204130,-1.207135,0.644581,0.027996,0.526300,-0.155560,-1.234447,1.504373,0.903247,-0.088416,-0.076767,0.504814,-1.764047,0.377771,0.750704,0.174193,-0.286489,0.099935,-1.616106,-0.787438,0.746655,0.432817,-0.228455,-0.115465,-1.154155,-1.523699,0.877180,-0.218198,0.225145,0.510879,0.141519,-1.772921,0.761024,0.067383,0.304180,0.152861
3.780000,-0.148642,1.730965,0.714145,-0.158531,-0.403784,0.015195,0.991478,1.568200,0.843770,-0.143898,-0.118850,0.357661,1.549335,0.653176,0.710756,-0.449991,-0.058565,-0.014117,1.755561,-0.418644,0.811851,-0.217294,0.097003,0.305466,1.204313,-1.196568,0.641407,-0.009670,0.530306,-0.161889,-1.235863,1.502760,0.913394,-0.053239,-0.084619,0.509830,-1.760269,0.372204,0.752674,0.203538,-0.270169,0.097059,-1.607256,-0.791719,0.744194,0.452122,-0.199594,-0.130664,-1.158596,-1.518818,0.887501,-0.225710,0.262808,0.521105,0.142583,-1.766574,0.764086,0.038988,0.330468,0.153290
3.800000,-0.151565,1.722618,0.714413,-0.133770,-0.430889,0.011629,0.988650,1.565479,0.850967,-0.138913,-0.153257,0.361927,1.540216,0.651682,0.710424,-0.461774,-0.090755,-0.019116,1.750891,-0.416898,0.818003,-0.249716,0.077638,0.309703,1.203743,-1.185926,0.638106,-0.047385,0.533834,-0.168146,-1.236577,1.500987,0.923637,-0.018088,-0.092670,0.514362,-1.755907,0.366964,0.754585,0.232620,-0.253897,0.094085,-1.598022,-0.795421,0.741427,0.471292,-0.170603,-0.146065,-1.163180,-1.513188,0.898023,-0.232589,0.300164,0.531153,0.143079,-1.759705,0.767155,0.010579,0.356466,0.153613
3.820000,-0.153994,1.713733,0.714610,-0.109242,-0.457566,0.008001,0.985921,1.562072,0.858246,-0.134010,-0.187414,0.365957,1.530866,0.649549,0.709991,-0.473170,-0.122524,-0.024198,1.745575,-0.415537,0.824237,-0.281822,0.058493,0.313698,1.202418,-1.175218,0.634682,-0.085040,0.536934,-0.174271,-1.236588,1.499052,0.933966,0.016923,-0.100881,0.518406,-1.750967,0.362048,0.756437,0.261385,-0.237731,0.091074,-1.588405,-0.798543,0.738351,0.490310,-0.141549,-0.161503,-1.167894,-1.506815,0.908745,-0.238756,0.337105,0.540969,0.143007,-1.752318,0.770230,-0.017735,0.382123,0.153859
3.840000,-0.155937,1.704319,0.714733,-0.085051,-0.483727,0.004362,0.983289,1.557984,0.865603,-0.129186,-0.221240,0.369744,1.521292,0.646785,0.709456,-0.484239,-0.153746,-0.029311,1.739620,-0.414556,0.830549,-0.313528,0.039679,0.317436,1.200342,-1.164451,0.631137,-0.122529,0.539658,-0.180206,-1.235901,1.496951,0.944370,0.051683,-0.109213,0.521959,-1.745454,0.357454,0.758228,0.289775,-0.221728,0.088090,-1.578411,-0.801083,0.734968,0.509156,-0.112500,-0.176812,-1.172725,-1.499707,0.919660,-0.244134,0.373530,0.550501,0.142371,-1.744422,0.773309,-0.045845,0.407387,0.154058
3.860000,-0.157398,1.694387,0.714784,-0.061196,-0.509374,0.000713,0.980753,1.553224,0.873034,-0.124441,-0.254736,0.373290,1.511499,0.643403,0.708819,-0.494980,-0.184420,-0.034455,1.733036,-0.413948,0.836933,-0.344833,0.021197,0.320917,1.197518,-1.153634,0.627475,-0.159853,0.542006,-0.185950,-1.234522,1.494683,0.954841,0.086192,-0.117667,0.525020,-1.739378,0.353178,0.759961,0.317792,-0.205889,0.085133,-1.568040,-0.803043,0.731279,0.527830,-0.083456,-0.191991,-1.177654,-1.491877,0.930763,-0.248723,0.409436,0.559750,0.141175,-1.736025,0.776392,-0.073752,0.432258,0.154210
3.880000,-0.158387,1.683947,0.714762,-0.037678,-0.534506,-0.002947,0.978311,1.547797,0.880533,-0.119775,-0.287900,0.376592,1.501495,0.639412,0.708078,-0.505394,-0.214545,-0.039631,1.725830,-0.413706,0.843384,-0.375737,0.003047,0.324141,1.193949,-1.142774,0.623700,-0.197010,0.543978,-0.191504,-1.232455,1.492244,0.965368,0.120450,-0.126243,0.527589,-1.732745,0.349217,0.761634,0.345435,-0.190213,0.082202,-1.557298,-0.804421,0.727289,0.546332,-0.054417,-0.207042,-1.182668,-1.483334,0.942048,-0.252522,0.444824,0.568715,0.139422,-1.727135,0.779477,-0.101456,0.456736,0.154314
3.900000,-0.158908,1.673010,0.714666,-0.014496,-0.559123,-0.006618,0.975961,1.541710,0.888096,-0.115188,-0.320734,0.379653,1.491285,0.634824,0.707233,-0.515481,-0.244123,-0.044838,1.718009,-0.413824,0.849897,-0.406240,-0.014772,0.327109,1.189639,-1.131877,0.619816,-0.234001,0.545573,-0.196867,-1.229706,1.489632,0.975941,0.154458,-0.134941,0.529666,-1.725563,0.345568,0.763249,0.372704,-0.174701,0.079297,-1.546188,-0.805219,0.722999,0.564663,-0.025382,-0.221964,-1.187750,-1.474087,0.953510,-0.255533,0.479695,0.577396,0.137118,-1.717758,0.782564,-0.128957,0.480822,0.154372
3.920000,-0.158969,1.661586,0.714497,0.008253,-0.583151,-0.010244,0.973703,1.534971,0.895718,-0.110678,-0.353158,0.382466,1.480877,0.629652,0.706284,-0.525311,-0.273040,-0.050028,1.709583,-0.414294,0.856467,-0.436281,-0.032178,0.329809,1.184591,-1.120953,0.615827,-0.270711,0.546855,-0.201980,-1.226280,1.486845,0.986551,0.188105,-0.143717,0.531267,-1.717840,0.342227,0.764806,0.399554,-0.159395,0.076473,-1.534713,-0.805437,0.718412,0.582784,0.003566,-0.236596,-1.192884,-1.464150,0.965142,-0.257703,0.513962,0.585726,0.134266,-1.707904,0.785652,-0.156144,0.504491,0.154410
3.940000,-0.158581,1.649689,0.714257,0.030474,-0.606518,-0.013769,0.971534,1.527587,0.903393,-0.106244,-0.385094,0.385026,1.470274,0.623908,0.705232,-0.534955,-0.301184,-0.055152,1.700562,-0.415108,0.863087,-0.465797,-0.049089,0.332232,1.178813,-1.110005,0.611739,-0.307024,0.547886,-0.206785,-1.222185,1.483883,0.997188,0.221285,-0.152528,0.532408,-1.709584,0.339191,0.766309,0.425941,-0.144338,0.073781,-1.522878,-0.805078,0.713538,0.600658,0.032350,-0.250777,-1.198052,-1.453534,0.976936,-0.258980,0.547542,0.593639,0.130875,-1.697582,0.788740,-0.182908,0.527720,0.154458
3.960000,-0.157754,1.637330,0.713947,0.052167,-0.629223,-0.017194,0.969453,1.519570,0.911117,-0.101886,-0.416541,0.387333,1.459480,0.617609,0.704079,-0.544414,-0.328554,-0.060211,1.690955,-0.416255,0.869754,-0.494789,-0.065506,0.334377,1.172313,-1.099039,0.607557,-0.342939,0.548666,-0.211282,-1.217431,1.480744,1.007844,0.253996,-0.161374,0.533088,-1.700805,0.336452,0.767758,0.451865,-0.129529,0.071224,-1.510689,-0.804144,0.708384,0.618283,0.060968,-0.264508,-1.203237,-1.442253,0.988885,-0.259365,0.580434,0.601135,0.126952,-1.686799,0.791830,-0.209248,0.550509,0.154515
3.980000,-0.156498,1.624524,0.713570,0.073331,-0.651267,-0.020518,0.967458,1.510929,0.918885,-0.097604,-0.447500,0.389388,1.448499,0.610771,0.702824,-0.553688,-0.355150,-0.065203,1.680774,-0.417725,0.876461,-0.523257,-0.081427,0.336244,1.165098,-1.088060,0.603289,-0.378458,0.549196,-0.215470,-1.212028,1.477428,1.018509,0.286240,-0.170255,0.533309,-1.691513,0.334008,0.769158,0.477325,-0.114970,0.068799,-1.498149,-0.802640,0.702960,0.635661,0.089420,-0.277787,-1.208421,-1.430321,1.000979,-0.258858,0.612637,0.608212,0.122508,-1.675564,0.794921,-0.235165,0.572857,0.154582
4.000000,-0.154824,1.611284,0.713127,0.093966,-0.672648,-0.023742,0.965548,1.501673,0.926691,-0.093398,-0.477970,0.391190,1.437334,0.603408,0.701471,-0.562776,-0.380974,-0.070130,1.670028,-0.419508,0.883202,-0.551200,-0.096854,0.337834,1.157177,-1.077073,0.598941,-0.413580,0.549474,-0.219350,-1.205985,1.473934,1.029173,0.318015,-0.179172,0.533068,-1.681715,0.331852,0.770511,0.502322,-0.100660,0.066508,-1.485264,-0.800569,0.697276,0.652790,0.117707,-0.290616,-1.213586,-1.417752,1.013210,-0.257459,0.644153,0.614872,0.117549,-1.663887,0.798013,-0.260659,0.594765,0.154658
4.020000,-0.152743,1.597623,0.712621,0.114002,-0.693327,-0.026813,0.963721,1.491814,0.934531,-0.089301,-0.507883,0.392739,1.425989,0.595538,0.700020,-0.571744,-0.405927,-0.074947,1.658729,-0.421595,0.889972,-0.578574,-0.111723,0.339141,1.148558,-1.066082,0.594518,-0.448188,0.549566,-0.222869,-1.199311,1.470261,1.039829,0.349229,-0.188091,0.532389,-1.671423,0.329979,0.771820,0.526820,-0.086629,0.064386,-1.472039,-0.797934,0.691340,0.669616,0.145734,-0.302862,-1.218713,-1.404560,1.025570,-0.255146,0.674927,0.621044,0.112085,-1.651777,0.801108,-0.285611,0.616230,0.154769
4.040000,-0.150269,1.583556,0.712056,0.133365,-0.713262,-0.029678,0.961975,1.481362,0.942399,-0.085350,-0.537172,0.394037,1.414464,0.587178,0.698474,-0.580658,-0.429916,-0.079611,1.646889,-0.423973,0.896766,-0.605334,-0.125971,0.340160,1.139254,-1.055091,0.590029,-0.482163,0.549535,-0.225975,-1.192020,1.466410,1.050466,0.379789,-0.196980,0.531291,-1.660646,0.328385,0.773088,0.550784,-0.072907,0.062469,-1.458482,-0.794742,0.685166,0.686081,0.173407,-0.314392,-1.223785,-1.390760,1.038048,-0.251900,0.704905,0.626656,0.106129,-1.639241,0.804205,-0.309905,0.637250,0.154939
4.060000,-0.147413,1.569097,0.711436,0.152055,-0.732451,-0.032339,0.960306,1.470331,0.950290,-0.081542,-0.565835,0.395083,1.402763,0.578348,0.696837,-0.589518,-0.452939,-0.084122,1.634520,-0.426630,0.903577,-0.631479,-0.139598,0.340892,1.129276,-1.044102,0.585482,-0.515506,0.549381,-0.228668,-1.184124,1.462382,1.061078,0.409695,-0.205839,0.529775,-1.649395,0.327061,0.774320,0.574212,-0.059495,0.060757,-1.444598,-0.791000,0.678769,0.702186,0.200724,-0.325206,-1.228783,-1.376369,1.050633,-0.247721,0.734087,0.631708,0.099693,-1.626289,0.807306,-0.333539,0.657826,0.155169
4.080000,-0.144191,1.554263,0.710764,0.170074,-0.750896,-0.034795,0.958712,1.458733,0.958200,-0.077879,-0.593874,0.395877,1.390884,0.569067,0.695110,-0.598323,-0.474998,-0.088479,1.621634,-0.429553,0.910399,-0.657011,-0.152604,0.341337,1.118638,-1.033117,0.580885,-0.548217,0.549104,-0.230947,-1.175637,1.458177,1.071654,0.438948,-0.214668,0.527841,-1.637681,0.326003,0.775520,0.597106,-0.046392,0.059249,-1.430397,-0.786715,0.672162,0.717931,0.227686,-0.335304,-1.233688,-1.361402,1.063313,-0.242608,0.762474,0.636201,0.092791,-1.612931,0.810412,-0.356514,0.677956,0.155459
4.100000,-0.140615,1.539066,0.710045,0.187420,-0.768597,-0.037046,0.957190,1.446580,0.966124,-0.074361,-0.621287,0.396419,1.378830,0.559354,0.693298,-0.607074,-0.496091,-0.092682,1.608244,-0.432730,0.917228,-0.681927,-0.164990,0.341495,1.107352,-1.022138,0.576246,-0.580296,0.548705,-0.232813,-1.166571,1.453795,1.082188,0.467546,-0.223467,0.525489,-1.625515,0.325203,0.776691,0.619464,-0.033599,0.057947,-1.415884,-0.781895,0.665361,0.733314,0.254294,-0.344686,-1.238481,-1.345875,1.076077,-0.236561,0.790065,0.640135,0.085437,-1.599174,0.813524,-0.378830,0.697641,0.155808
4.120000,-0.136699,1.523524,0.709284,0.204038,-0.785542,-0.039044,0.955736,1.433886,0.974055,-0.071052,-0.648020,0.396719,1.366601,0.549230,0.691404,-0.615814,-0.516161,-0.096694,1.594361,-0.436148,0.924057,-0.706212,-0.176704,0.341367,1.095431,-1.011169,0.571575,-0.611637,0.548236,-0.234224,-1.156940,1.449238,1.092671,0.495422,-0.232233,0.522749,-1.612906,0.324656,0.777839,0.641247,-0.021165,0.056861,-1.401067,-0.776546,0.658380,0.748288,0.280450,-0.353266,-1.243144,-1.329805,1.088914,-0.229589,0.816830,0.643448,0.077643,-1.585028,0.816645,-0.400379,0.716875,0.156242
4.140000,-0.132459,1.507650,0.708485,0.219871,-0.801722,-0.040742,0.954346,1.420664,0.981991,-0.068018,-0.674018,0.396786,1.354197,0.538715,0.689432,-0.624587,-0.535150,-0.100475,1.580000,-0.439793,0.930881,-0.729847,-0.187698,0.340956,1.082892,-1.000209,0.566881,-0.642133,0.547750,-0.235136,-1.146759,1.444506,1.103096,0.522507,-0.240960,0.519653,-1.599869,0.324354,0.778967,0.662414,-0.009142,0.056007,-1.385955,-0.770680,0.651237,0.762803,0.306057,-0.360959,-1.247658,-1.313208,1.101811,-0.221697,0.842742,0.646077,0.069428,-1.570502,0.819775,-0.421053,0.735650,0.156786
4.160000,-0.127909,1.491460,0.707656,0.234921,-0.817136,-0.042139,0.953014,1.406930,0.989925,-0.065259,-0.699279,0.396621,1.341617,0.527831,0.687387,-0.633391,-0.553058,-0.104025,1.565172,-0.443651,0.937694,-0.752833,-0.197971,0.340262,1.069751,-0.989259,0.562173,-0.671785,0.547248,-0.235550,-1.136045,1.439600,1.113455,0.548802,-0.249650,0.516202,-1.586414,0.324288,0.780081,0.682965,0.002472,0.055383,-1.370558,-0.764308,0.643948,0.776858,0.331117,-0.367763,-1.252006,-1.296101,1.114753,-0.212887,0.867799,0.648024,0.060807,-1.555605,0.822917,-0.440851,0.753968,0.157439
4.180000,-0.123067,1.474969,0.706802,0.249186,-0.831785,-0.043237,0.951734,1.392698,0.997854,-0.062775,-0.723804,0.396223,1.328861,0.516600,0.685273,-0.642229,-0.569885,-0.107344,1.549891,-0.447707,0.944490,-0.775169,-0.207524,0.339286,1.056026,-0.978319,0.557462,-0.700592,0.546730,-0.235466,-1.124812,1.434521,1.123742,0.574306,-0.258301,0.512393,-1.572554,0.324450,0.781184,0.702899,0.013675,0.054989,-1.354884,-0.757439,0.636532,0.790453,0.355628,-0.373680,-1.256168,-1.278501,1.127727,-0.203157,0.892002,0.649287,0.051799,-1.540347,0.826073,-0.459773,0.771828,0.158202
4.200000,-0.117947,1.458194,0.705929,0.262667,-0.845668,-0.044034,0.950501,1.377983,1.005773,-0.060565,-0.747593,0.395592,1.315928,0.505043,0.683095,-0.651098,-0.585631,-0.110432,1.534169,-0.451947,0.951263,-0.796855,-0.216357,0.338026,1.041733,-0.967390,0.552758,-0.728555,0.546195,-0.234884,-1.113078,1.429268,1.133949,0.599019,-0.266915,0.508229,-1.558302,0.324832,0.782282,0.722218,0.024469,0.054825,-1.338943,-0.750086,0.629007,0.803589,0.379590,-0.378710,-1.260126,-1.260426,1.140720,-0.192509,0.915351,0.649868,0.042422,-1.524735,0.829246,-0.477820,0.789230,0.159075
4.220000,-0.112566,1.441148,0.705043,0.275345,-0.858806,-0.044507,0.949309,1.362800,1.013676,-0.058713,-0.770617,0.394748,1.302817,0.493182,0.680857,-0.660011,-0.600299,-0.113265,1.518021,-0.456357,0.958009,-0.817898,-0.224444,0.336496,1.026890,-0.956471,0.548070,-0.755585,0.545673,-0.233784,-1.100857,1.423844,1.144069,0.622898,-0.275519,0.503741,-1.543670,0.325426,0.783379,0.740878,0.034809,0.054879,-1.322744,-0.742260,0.621390,0.816224,0.402926,-0.382810,-1.263862,-1.241893,1.153717,-0.180969,0.937830,0.649726,0.032693,-1.508781,0.832437,-0.494925,0.806161,0.160074
4.240000,-0.106939,1.423846,0.704151,0.287201,-0.871221,-0.044631,0.948150,1.347164,1.021561,-0.057303,-0.792846,0.393709,1.289527,0.481038,0.678566,-0.668978,-0.613892,-0.115815,1.501458,-0.460920,0.964721,-0.838303,-0.231760,0.334710,1.011516,-0.945563,0.543410,-0.781595,0.545193,-0.232145,-1.088167,1.418248,1.154096,0.645899,-0.284140,0.498962,-1.528672,0.326221,0.784478,0.758837,0.044653,0.055139,-1.306297,-0.733974,0.613701,0.828317,0.425558,-0.385939,-1.267359,-1.222919,1.166704,-0.168566,0.959425,0.648823,0.022632,-1.492492,0.835650,-0.511021,0.822608,0.161216
4.260000,-0.101083,1.406304,0.703260,0.298236,-0.882912,-0.044407,0.947014,1.331091,1.029423,-0.056335,-0.814281,0.392476,1.276058,0.468633,0.676226,-0.677999,-0.626409,-0.118084,1.484493,-0.465622,0.971395,-0.858070,-0.238305,0.332666,0.995633,-0.934663,0.538788,-0.806583,0.544753,-0.229968,-1.075027,1.412478,1.164025,0.668022,-0.292778,0.493892,-1.513321,0.327209,0.785586,0.776095,0.054001,0.055602,-1.289615,-0.725242,0.605959,0.839868,0.447484,-0.388097,-1.270599,-1.203522,1.179665,-0.155299,0.980134,0.647158,0.012259,-1.475879,0.838887,-0.526107,0.838573,0.162501
4.280000,-0.095015,1.388535,0.702377,0.308449,-0.893880,-0.043835,0.945893,1.314598,1.037259,-0.055808,-0.834922,0.391049,1.262407,0.455989,0.673844,-0.687074,-0.637851,-0.120071,1.467139,-0.470447,0.978026,-0.877199,-0.244080,0.330365,0.979260,-0.923772,0.534215,-0.830552,0.544355,-0.227253,-1.061452,1.406536,1.173850,0.689267,-0.301433,0.488532,-1.497633,0.328378,0.786704,0.792653,0.062852,0.056271,-1.272706,-0.716079,0.598183,0.850878,0.468705,-0.389284,-1.273565,-1.183720,1.192585,-0.141168,0.999960,0.644733,0.001594,-1.458952,0.842151,-0.540185,0.854053,0.163929
4.300000,-0.088751,1.370553,0.701509,0.317841,-0.904124,-0.042914,0.944779,1.297699,1.045064,-0.055723,-0.854769,0.389427,1.248574,0.443126,0.671425,-0.696202,-0.648217,-0.121777,1.449409,-0.475380,0.984608,-0.895691,-0.249083,0.327808,0.962418,-0.912889,0.529701,-0.853499,0.543999,-0.223999,-1.047462,1.400421,1.183565,0.709635,-0.310105,0.482881,-1.481620,0.329719,0.787838,0.808511,0.071207,0.057145,-1.255583,-0.706499,0.590394,0.861345,0.489221,-0.389501,-1.276240,-1.163529,1.205449,-0.126174,1.018900,0.641545,-0.009342,-1.441721,0.845445,-0.553254,0.869050,0.165500
4.320000,-0.082307,1.352374,0.700663,0.326412,-0.913691,-0.041650,0.943661,1.280412,1.052835,-0.056146,-0.873804,0.387629,1.234559,0.430067,0.668975,-0.705371,-0.657572,-0.123200,1.431316,-0.480405,0.991137,-0.913570,-0.253310,0.325012,0.945127,-0.902012,0.525258,-0.875377,0.543689,-0.220218,-1.033073,1.394132,1.193164,0.729108,-0.318853,0.476975,-1.465297,0.331223,0.788991,0.823633,0.079041,0.058185,-1.238256,-0.696515,0.582610,0.871237,0.508995,-0.388742,-1.278607,-1.142970,1.218242,-0.110360,1.036943,0.637588,-0.020529,-1.424194,0.848772,-0.565288,0.883550,0.167218
4.340000,-0.075700,1.334010,0.699845,0.334164,-0.922626,-0.040051,0.942529,1.262753,1.060568,-0.057143,-0.892010,0.385674,1.220359,0.416830,0.666499,-0.714567,-0.665979,-0.124339,1.412870,-0.485507,0.997607,-0.930863,-0.256756,0.321996,0.927410,-0.891141,0.520896,-0.896135,0.543432,-0.215920,-1.018304,1.387666,1.202642,0.747671,-0.327737,0.470852,-1.448680,0.332877,0.790166,0.837988,0.086329,0.059354,-1.220738,-0.686144,0.574851,0.880523,0.527986,-0.387005,-1.280649,-1.122058,1.230947,-0.093772,1.054074,0.632855,-0.031946,-1.406382,0.852134,-0.576262,0.897539,0.169085
4.360000,-0.068946,1.315473,0.699063,0.341096,-0.930931,-0.038115,0.941371,1.244737,1.068261,-0.058713,-0.909387,0.383561,1.205976,0.403434,0.664004,-0.723790,-0.673439,-0.125195,1.394085,-0.490670,1.004015,-0.947568,-0.259420,0.318760,0.909289,-0.880274,0.516625,-0.915773,0.543228,-0.211105,-1.003172,1.381021,1.211996,0.765325,-0.336757,0.464511,-1.431783,0.334672,0.791366,0.851575,0.093072,0.060651,-1.203039,-0.675401,0.567136,0.889201,0.546197,-0.384288,-1.282352,-1.100813,1.243551,-0.076408,1.070294,0.627344,-0.043573,-1.388296,0.855536,-0.586174,0.911016,0.171102
4.380000,-0.062061,1.296777,0.698323,0.347209,-0.938605,-0.035843,0.940177,1.226383,1.075910,-0.060858,-0.925934,0.381291,1.191407,0.389899,0.661493,-0.733039,-0.679950,-0.125766,1.374971,-0.495879,1.010356,-0.963687,-0.261302,0.315304,0.890787,-0.869411,0.512455,-0.934292,0.543077,-0.205774,-0.987697,1.374195,1.221221,0.782068,-0.345912,0.457952,-1.414622,0.336597,0.792593,0.864394,0.099269,0.062077,-1.185174,-0.664301,0.559486,0.897273,0.563626,-0.380591,-1.283700,-1.079252,1.256036,-0.058269,1.085602,0.621055,-0.055386,-1.369945,0.858979,-0.595025,0.923982,0.173269
4.400000,-0.055063,1.277933,0.697631,0.352502,-0.945648,-0.033234,0.938933,1.207706,1.083511,-0.063576,-0.941653,0.378863,1.176654,0.376242,0.658975,-0.742316,-0.685514,-0.126054,1.355541,-0.501117,1.016626,-0.979219,-0.262403,0.311628,0.871925,-0.858551,0.508398,-0.951692,0.542979,-0.199925,-0.971896,1.367184,1.230313,0.797902,-0.355203,0.451174,-1.397212,0.338640,0.793850,0.876445,0.104920,0.063632,-1.167152,-0.652861,0.551919,0.904738,0.580273,-0.375915,-1.284678,-1.057395,1.268388,-0.039356,1.099999,0.613990,-0.067366,-1.351340,0.862468,-0.602815,0.936436,0.175585
4.420000,-0.047966,1.258955,0.696995,0.356993,-0.952126,-0.030331,0.937629,1.188722,1.091063,-0.066913,-0.956544,0.376286,1.161715,0.362484,0.656453,-0.751584,-0.690244,-0.126089,1.335806,-0.506370,1.022820,-0.994185,-0.262723,0.307754,0.852727,-0.847692,0.504462,-0.967963,0.542918,-0.193603,-0.955787,1.359985,1.239267,0.812822,-0.364686,0.444218,-1.379569,0.340790,0.795139,0.887698,0.110014,0.065253,-1.148988,-0.641096,0.544455,0.911571,0.596150,-0.370287,-1.285270,-1.035258,1.280591,-0.019726,1.113467,0.606174,-0.079492,-1.332491,0.866004,-0.609554,0.948370,0.178041
4.440000,-0.040788,1.239852,0.696420,0.360698,-0.958106,-0.027175,0.936252,1.169449,1.098562,-0.070914,-0.970609,0.373569,1.146591,0.348637,0.653933,-0.760811,-0.694251,-0.125901,1.315778,-0.511621,1.028935,-1.008608,-0.262265,0.303705,0.833214,-0.836834,0.500656,-0.983099,0.542880,-0.186851,-0.939389,1.352595,1.248081,0.826823,-0.374420,0.437120,-1.361710,0.343036,0.796460,0.898126,0.114539,0.066881,-1.130694,-0.629020,0.537114,0.917749,0.611268,-0.363733,-1.285463,-1.012862,1.292630,0.000560,1.125986,0.597633,-0.091742,-1.313408,0.869590,-0.615254,0.959775,0.180624
4.460000,-0.033544,1.220634,0.695910,0.363619,-0.963587,-0.023766,0.934788,1.149903,1.106005,-0.075577,-0.983847,0.370711,1.131283,0.334718,0.651418,-0.769996,-0.697537,-0.125491,1.295466,-0.516855,1.034967,-1.022487,-0.261028,0.299479,0.813410,-0.825977,0.496990,-0.997100,0.542864,-0.179668,-0.922720,1.345007,1.256751,0.839906,-0.384403,0.429880,-1.343650,0.345368,0.797814,0.907726,0.118494,0.068515,-1.112283,-0.616650,0.529912,0.923270,0.625627,-0.356252,-1.285243,-0.990225,1.304491,0.021502,1.137559,0.588368,-0.104095,-1.294103,0.873230,-0.619915,0.970651,0.183335
4.480000,-0.026249,1.201311,0.695471,0.365754,-0.968570,-0.020103,0.933225,1.130101,1.113390,-0.080904,-0.996259,0.367713,1.115791,0.320741,0.648915,-0.779139,-0.700102,-0.124858,1.274882,-0.522057,1.040913,-1.035823,-0.259013,0.295078,0.793338,-0.815119,0.493472,-1.009964,0.542871,-0.172055,-0.905799,1.337217,1.265275,0.852071,-0.394637,0.422500,-1.325406,0.347772,0.799201,0.916500,0.121879,0.070156,-1.093768,-0.604000,0.522870,0.928135,0.639228,-0.347846,-1.284598,-0.967366,1.316160,0.043101,1.148184,0.578379,-0.116531,-1.274586,0.876924,-0.623535,0.980998,0.186174
4.500000,-0.018919,1.181894,0.695107,0.367105,-0.973055,-0.016188,0.931548,1.110059,1.120713,-0.086894,-1.007844,0.364575,1.100117,0.306719,0.646426,-0.788240,-0.701944,-0.124003,1.254036,-0.527210,1.046769,-1.048615,-0.256219,0.290501,0.773019,-0.804262,0.490111,-1.021693,0.542900,-0.164012,-0.888643,1.329220,1.273650,0.863317,-0.405120,0.414978,-1.306995,0.350239,0.800620,0.924448,0.124694,0.071802,-1.075162,-0.591086,0.516005,0.932345,0.652069,-0.338513,-1.283515,-0.944304,1.327621,0.065357,1.157861,0.567666,-0.129030,-1.254867,0.880677,-0.626116,0.990816,0.189140
4.520000,-0.011570,1.162392,0.694824,0.367699,-0.977114,-0.012096,0.929744,1.089792,1.127972,-0.093561,-1.018629,0.361305,1.084262,0.292667,0.643956,-0.797256,-0.703191,-0.122981,1.232941,-0.532300,1.052532,-1.060879,-0.252669,0.285778,0.752477,-0.793403,0.486914,-1.032317,0.542915,-0.155610,-0.871272,1.321010,1.281873,0.873654,-0.415886,0.407351,-1.288434,0.352756,0.802072,0.931554,0.126944,0.073386,-1.056478,-0.577922,0.509335,0.935894,0.664196,-0.328313,-1.281980,-0.921058,1.338862,0.088197,1.166566,0.556286,-0.141569,-1.234957,0.884491,-0.627690,1.000100,0.192206
4.540000,-0.004216,1.142812,0.694624,0.367565,-0.980819,-0.007903,0.927801,1.069319,1.135164,-0.100916,-1.028638,0.357913,1.068228,0.278595,0.641507,-0.806143,-0.703969,-0.121849,1.211605,-0.537312,1.058199,-1.072630,-0.248388,0.280941,0.731734,-0.782545,0.483889,-1.041866,0.542881,-0.146920,-0.853703,1.312582,1.289943,0.883091,-0.426966,0.399657,-1.269739,0.355313,0.803555,0.937803,0.128633,0.074836,-1.037730,-0.564523,0.502877,0.938780,0.675653,-0.317306,-1.279983,-0.897648,1.349869,0.111549,1.174274,0.544297,-0.154131,-1.214866,0.888366,-0.628288,1.008847,0.195340
4.560000,0.003128,1.123162,0.694509,0.366704,-0.984171,-0.003611,0.925703,1.048652,1.142287,-0.108961,-1.037872,0.354399,1.052017,0.264511,0.639082,-0.814901,-0.704278,-0.120608,1.190039,-0.542231,1.063769,-1.083869,-0.243376,0.275989,0.710810,-0.771688,0.481040,-1.050340,0.542797,-0.137943,-0.835954,1.303930,1.297859,0.891627,-0.438361,0.391894,-1.250927,0.357898,0.805065,0.943196,0.129760,0.076154,-1.018931,-0.550901,0.496648,0.941002,0.686441,-0.305490,-1.277515,-0.874094,1.360630,0.135414,1.180985,0.531700,-0.166694,-1.194606,0.892305,-0.627912,1.017056,0.198544
4.580000,0.010448,1.103448,0.694480,0.365114,-0.987169,0.000781,0.923438,1.027809,1.149339,-0.117695,-1.046330,0.350763,1.035633,0.250427,0.636683,-0.823531,-0.704117,-0.119257,1.168253,-0.547042,1.069238,-1.094597,-0.237631,0.270922,0.689727,-0.760834,0.478373,-1.057740,0.542664,-0.128677,-0.818044,1.295046,1.305619,0.899263,-0.450070,0.384063,-1.232017,0.360500,0.806600,0.947732,0.130325,0.077340,-1.000095,-0.537069,0.490663,0.942561,0.696560,-0.292866,-1.274563,-0.850416,1.371133,0.159792,1.186699,0.518495,-0.179241,-1.174188,0.896308,-0.626561,1.024728,0.201817
4.600000,0.017728,1.083677,0.694541,0.362797,-0.989813,0.005273,0.920991,1.006804,1.156317,-0.127119,-1.054014,0.347005,1.019077,0.236350,0.634313,-0.832032,-0.703487,-0.117796,1.146258,-0.551732,1.074605,-1.104811,-0.231155,0.265740,0.668507,-0.749982,0.475894,-1.064065,0.542480,-0.119125,-0.799990,1.285925,1.313221,0.905999,-0.462094,0.376164,-1.213024,0.363107,0.808158,0.951411,0.130329,0.078393,-0.981233,-0.523043,0.484939,0.943456,0.706009,-0.279434,-1.271120,-0.826633,1.381365,0.184682,1.191416,0.504681,-0.191750,-1.153621,0.900378,-0.624234,1.031863,0.205159
4.620000,0.024955,1.063857,0.694691,0.359790,-0.992182,0.009775,0.918348,0.985653,1.163219,-0.137228,-1.060946,0.343136,1.002353,0.222290,0.631972,-0.840367,-0.702472,-0.116294,1.124064,-0.556284,1.079867,-1.114523,-0.223980,0.260473,0.647171,-0.739135,0.473609,-1.069371,0.542205,-0.109376,-0.781810,1.276560,1.320665,0.911855,-0.474442,0.368236,-1.193966,0.365709,0.809734,0.954230,0.129789,0.079247,-0.962361,-0.508833,0.479491,0.943703,0.714839,-0.265290,-1.267173,-0.802766,1.391316,0.209998,1.195107,0.490344,-0.204204,-1.132917,0.904515,-0.620981,1.038459,0.208529
4.640000,0.032115,1.043991,0.694931,0.356129,-0.994354,0.014199,0.915497,0.964371,1.170042,-0.148019,-1.067150,0.339166,0.985464,0.208253,0.629661,-0.848499,-0.701154,-0.114820,1.101681,-0.560686,1.085023,-1.123742,-0.216138,0.255148,0.625739,-0.728295,0.471520,-1.073715,0.541793,-0.099521,-0.763521,1.266945,1.327951,0.916852,-0.487123,0.360318,-1.174860,0.368295,0.811326,0.956189,0.128722,0.079839,-0.943489,-0.494453,0.474331,0.943316,0.723100,-0.250534,-1.262717,-0.778835,1.400976,0.235656,1.197743,0.475569,-0.216584,-1.112086,0.908719,-0.616851,1.044516,0.211887
4.660000,0.039196,1.024084,0.695259,0.351815,-0.996328,0.018544,0.912423,0.942972,1.176785,-0.159494,-1.072627,0.335095,0.968414,0.194246,0.627379,-0.856429,-0.699534,-0.113373,1.079118,-0.564925,1.090073,-1.132467,-0.207629,0.249766,0.604229,-0.717464,0.469629,-1.077096,0.541247,-0.089562,-0.745142,1.257073,1.335078,0.920990,-0.500138,0.352409,-1.155724,0.370855,0.812926,0.957286,0.127129,0.080167,-0.924632,-0.479913,0.469473,0.942297,0.730790,-0.235163,-1.257745,-0.754863,1.410336,0.261655,1.199323,0.460355,-0.228872,-1.091140,0.912990,-0.611842,1.050034,0.215233
4.680000,0.046183,1.004139,0.695673,0.346847,-0.998106,0.022810,0.909113,0.921471,1.183445,-0.171650,-1.077376,0.330924,0.951208,0.180274,0.625126,-0.864157,-0.697611,-0.111955,1.056385,-0.568987,1.095014,-1.140698,-0.198452,0.244326,0.582662,-0.706646,0.467938,-1.079515,0.540565,-0.079498,-0.726688,1.246937,1.342047,0.924270,-0.513486,0.344509,-1.136575,0.373377,0.814531,0.957521,0.125008,0.080232,-0.905802,-0.465225,0.464929,0.940645,0.737912,-0.219179,-1.252249,-0.730870,1.419388,0.287994,1.199847,0.444704,-0.241051,-1.070088,0.917328,-0.605955,1.055012,0.218566
4.700000,0.053065,0.984161,0.696171,0.341225,-0.999686,0.026996,0.905553,0.899882,1.190021,-0.184490,-1.081398,0.326653,0.933849,0.166343,0.622901,-0.871682,-0.695386,-0.110565,1.033493,-0.572859,1.099845,-1.148436,-0.188609,0.238828,0.561055,-0.695843,0.466450,-1.080971,0.539747,-0.069328,-0.708177,1.236531,1.348858,0.926690,-0.527167,0.336619,-1.117429,0.375851,0.816134,0.956894,0.122361,0.080034,-0.887011,-0.450400,0.460710,0.938360,0.744463,-0.202581,-1.246223,-0.706876,1.428122,0.314675,1.199316,0.428615,-0.253104,-1.048943,0.921733,-0.599191,1.059451,0.221887
4.720000,0.059828,0.964153,0.696751,0.334998,-1.001104,0.031029,0.901729,0.878220,1.196511,-0.198001,-1.084701,0.322301,0.916342,0.152460,0.620703,-0.878956,-0.692903,-0.109263,1.010451,-0.576527,1.104567,-1.155669,-0.178133,0.233297,0.539429,-0.685057,0.465165,-1.081520,0.538768,-0.059153,-0.689626,1.225848,1.355512,0.928272,-0.541176,0.328772,-1.098304,0.378268,0.817730,0.955434,0.119213,0.079523,-0.868271,-0.435450,0.456829,0.935472,0.750485,-0.185506,-1.239660,-0.682904,1.436530,0.341615,1.197710,0.412187,-0.265014,-1.027714,0.926203,-0.591598,1.063342,0.225153
4.740000,0.066461,0.944118,0.697410,0.328212,-1.002392,0.034832,0.897628,0.856499,1.202913,-0.212173,-1.087292,0.317889,0.898693,0.138628,0.618529,-0.885929,-0.690207,-0.108108,0.987270,-0.579980,1.109177,-1.162387,-0.167060,0.227757,0.517800,-0.674293,0.464083,-1.081219,0.537600,-0.049071,-0.671051,1.214882,1.362010,0.929037,-0.555508,0.321001,-1.079217,0.380617,0.819312,0.953167,0.115591,0.078651,-0.849596,-0.420384,0.453292,0.932010,0.756015,-0.168094,-1.232557,-0.658975,1.444607,0.368732,1.195009,0.395520,-0.276763,-1.006413,0.930738,-0.583226,1.066679,0.228322
4.760000,0.072953,0.924058,0.698143,0.320867,-1.003552,0.038406,0.893237,0.834733,1.209226,-0.227007,-1.089172,0.313415,0.880907,0.124853,0.616377,-0.892603,-0.687297,-0.107102,0.963959,-0.583206,1.113677,-1.168590,-0.155390,0.222207,0.496186,-0.663554,0.463202,-1.080068,0.536242,-0.039083,-0.652470,1.203626,1.368353,0.928983,-0.570162,0.313306,-1.060183,0.382888,0.820874,0.950093,0.111495,0.077417,-0.830995,-0.405213,0.450107,0.927975,0.761054,-0.150343,-1.224910,-0.635111,1.452349,0.396027,1.191214,0.378613,-0.288337,-0.985051,0.935336,-0.574076,1.069460,0.231394
4.780000,0.079292,0.903977,0.698945,0.312964,-1.004584,0.041750,0.888543,0.812936,1.215449,-0.242502,-1.090342,0.308881,0.862991,0.111138,0.614244,-0.898977,-0.684173,-0.106243,0.940530,-0.586192,1.118065,-1.174278,-0.143123,0.216649,0.474603,-0.652845,0.462519,-1.078066,0.534696,-0.029189,-0.633897,1.192073,1.374542,0.928112,-0.585139,0.305688,-1.041219,0.385073,0.822407,0.946212,0.106925,0.075821,-0.812480,-0.389945,0.447281,0.923366,0.765602,-0.132254,-1.216715,-0.611334,1.459750,0.423498,1.186325,0.361467,-0.299721,-0.963638,0.939993,-0.564147,1.071687,0.234368
4.800000,0.085468,0.883876,0.699812,0.304503,-1.005486,0.044865,0.883533,0.791124,1.221581,-0.258658,-1.090800,0.304286,0.844950,0.097488,0.612127,-0.905051,-0.680836,-0.105531,0.916992,-0.588926,1.122343,-1.179450,-0.130258,0.211081,0.453069,-0.642168,0.462033,-1.075213,0.532961,-0.019388,-0.615351,1.180218,1.380581,0.926422,-0.600438,0.298146,-1.022340,0.387162,0.823904,0.941524,0.101881,0.073864,-0.794064,-0.374592,0.444820,0.918183,0.769658,-0.113827,-1.207969,-0.587665,1.466806,0.451147,1.180341,0.344082,-0.310898,-0.942187,0.944710,-0.553439,1.073358,0.237245
4.820000,0.091469,0.863758,0.700738,0.295546,-1.006273,0.047689,0.878193,0.769309,1.227620,-0.275448,-1.090555,0.299643,0.826791,0.083906,0.610021,-0.910777,-0.677308,-0.105016,0.893355,-0.591398,1.126509,-1.184092,-0.116836,0.205522,0.431600,-0.631528,0.461742,-1.071556,0.531011,-0.009789,-0.596846,1.168054,1.386469,0.923952,-0.616038,0.290712,-1.003563,0.389145,0.825359,0.936082,0.096372,0.071530,-0.775757,-0.359162,0.442729,0.912464,0.773247,-0.095245,-1.198668,-0.564127,1.473513,0.478890,1.173265,0.326566,-0.321853,-0.920708,0.949482,-0.541975,1.074464,0.239986
4.840000,0.097287,0.843625,0.701717,0.286158,-1.006959,0.050162,0.872511,0.747506,1.233566,-0.292844,-1.089614,0.294965,0.808522,0.070396,0.607924,-0.916105,-0.673613,-0.104744,0.869632,-0.593596,1.130564,-1.188186,-0.102895,0.199990,0.410211,-0.620929,0.461640,-1.067144,0.528819,-0.000497,-0.578397,1.155575,1.392210,0.920736,-0.631914,0.283417,-0.984901,0.391014,0.826763,0.929936,0.090408,0.068805,-0.757569,-0.343665,0.441010,0.906248,0.776392,-0.076691,-1.188813,-0.540742,1.479869,0.506643,1.165100,0.309029,-0.332572,-0.899212,0.954308,-0.529774,1.074995,0.242550
4.860000,0.102913,0.823480,0.702742,0.276338,-1.007543,0.052284,0.866475,0.725729,1.239418,-0.310844,-1.087979,0.290252,0.790150,0.056962,0.605830,-0.921037,-0.669750,-0.104716,0.845831,-0.595511,1.134508,-1.191732,-0.088436,0.194486,0.388919,-0.610377,0.461720,-1.061976,0.526385,0.008487,-0.560021,1.142775,1.397807,0.916775,-0.648068,0.276262,-0.966370,0.392759,0.828108,0.923086,0.083989,0.065689,-0.739510,-0.328109,0.439661,0.899536,0.779093,-0.058166,-1.178402,-0.517531,1.485874,0.534406,1.155846,0.291470,-0.343040,-0.877712,0.959183,-0.516838,1.074950,0.244938
4.880000,0.108338,0.803324,0.703806,0.266087,-1.008025,0.054054,0.860073,0.703992,1.245176,-0.329451,-1.085647,0.285504,0.771683,0.043607,0.603734,-0.925571,-0.665720,-0.104932,0.821966,-0.597130,1.138343,-1.194731,-0.073459,0.189009,0.367737,-0.599875,0.461977,-1.056052,0.523709,0.017162,-0.541731,1.129650,1.403261,0.912070,-0.664499,0.269247,-0.947983,0.394371,0.829388,0.915534,0.077115,0.062182,-0.721591,-0.312504,0.438683,0.892326,0.781351,-0.039669,-1.167437,-0.494515,1.491527,0.562180,1.145503,0.273890,-0.353241,-0.856218,0.964104,-0.503167,1.074330,0.247151
4.900000,0.113553,0.783160,0.704902,0.255405,-1.008405,0.055473,0.853293,0.682308,1.250838,-0.348663,-1.082621,0.280721,0.753129,0.030335,0.601631,-0.929708,-0.661522,-0.105392,0.798046,-0.598446,1.142069,-1.197183,-0.057964,0.183560,0.346682,-0.589430,0.462405,-1.049371,0.520792,0.025529,-0.523543,1.116193,1.408577,0.906620,-0.681207,0.262372,-0.929753,0.395840,0.830593,0.907277,0.069785,0.058284,-0.703820,-0.296858,0.438074,0.884619,0.783164,-0.021200,-1.155915,-0.471718,1.496829,0.589964,1.134072,0.256288,-0.363161,-0.834742,0.969068,-0.488759,1.073134,0.249187
4.920000,0.118551,0.762989,0.706022,0.244376,-1.008669,0.056494,0.846123,0.660692,1.256405,-0.368412,-1.078915,0.275914,0.734497,0.017148,0.599516,-0.933397,-0.657148,-0.106123,0.774082,-0.599446,1.145686,-1.199060,-0.041998,0.178148,0.325767,-0.579045,0.462996,-1.041980,0.517617,0.033482,-0.505471,1.102400,1.413758,0.900474,-0.698155,0.255668,-0.911696,0.397159,0.831716,0.898413,0.061999,0.053998,-0.686209,-0.281180,0.437833,0.876468,0.784554,-0.002974,-1.143839,-0.449160,1.501780,0.617666,1.121584,0.238788,-0.372786,-0.813296,0.974070,-0.473624,1.071354,0.251012
4.940000,0.123327,0.742814,0.707159,0.233085,-1.008801,0.057072,0.838553,0.639156,1.261875,-0.388629,-1.074546,0.271094,0.715797,0.004050,0.597384,-0.936585,-0.652589,-0.107152,0.750087,-0.600123,1.149195,-1.200336,-0.025611,0.172782,0.305007,-0.568727,0.463741,-1.033921,0.514168,0.040917,-0.487529,1.088266,1.418806,0.893681,-0.715305,0.249170,-0.893820,0.398317,0.832750,0.889036,0.053752,0.049329,-0.668764,-0.265479,0.437952,0.867928,0.785542,0.014796,-1.131210,-0.426861,1.506382,0.645192,1.108075,0.221512,-0.382101,-0.791892,0.979107,-0.457767,1.068982,0.252589
4.960000,0.127873,0.722638,0.708302,0.221533,-1.008800,0.057206,0.830575,0.617714,1.267248,-0.409314,-1.069515,0.266261,0.697037,-0.008955,0.595228,-0.939274,-0.647846,-0.108479,0.726073,-0.600467,1.152598,-1.201010,-0.008801,0.167463,0.284415,-0.558480,0.464629,-1.025196,0.510446,0.047833,-0.469728,1.073787,1.423726,0.886243,-0.732658,0.242876,-0.876138,0.399306,0.833687,0.879146,0.045045,0.044277,-0.651494,-0.249761,0.438422,0.858997,0.786127,0.032110,-1.118032,-0.404843,1.510642,0.672542,1.093544,0.204461,-0.391092,-0.770541,0.984172,-0.441190,1.066017,0.253919
4.980000,0.132186,0.702463,0.709444,0.209720,-1.008668,0.056897,0.822178,0.596380,1.272525,-0.430468,-1.063820,0.261414,0.678229,-0.021863,0.593043,-0.941462,-0.642917,-0.110105,0.702051,-0.600472,1.155894,-1.201083,0.008432,0.162189,0.264004,-0.548311,0.465650,-1.015805,0.506450,0.054231,-0.452083,1.058958,1.428522,0.878158,-0.750214,0.236786,-0.858658,0.400116,0.834519,0.868743,0.035878,0.038841,-0.634407,-0.234036,0.439233,0.849677,0.786310,0.048967,-1.104309,-0.383126,1.514562,0.699717,1.077990,0.187635,-0.399744,-0.749255,0.989262,-0.423892,1.062460,0.255001
5.000000,0.136260,0.682292,0.710575,0.197645,-1.008404,0.056144,0.813353,0.575166,1.277705,-0.452091,-1.057462,0.256554,0.659382,-0.034670,0.590822,-0.943149,-0.637804,-0.112029,0.678034,-0.600127,1.159086,-1.200555,0.026087,0.156962,0.243787,-0.538224,0.466795,-1.005746,0.502181,0.060109,-0.434606,1.043777,1.433198,0.869426,-0.767972,0.230902,-0.841391,0.400738,0.835238,0.857827,0.026251,0.033022,-0.617510,-0.218312,0.440377,0.839968,0.786091,0.065367,-1.090045,-0.361731,1.518148,0.726717,1.061415,0.171033,-0.408043,-0.728047,0.994371,-0.405872,1.058310,0.255837
5.020000,0.140091,0.662128,0.711687,0.185385,-1.007968,0.054931,0.804092,0.554085,1.282787,-0.474076,-1.050466,0.251695,0.640507,-0.047373,0.588560,-0.944300,-0.632476,-0.114256,0.654033,-0.599426,1.162173,-1.199390,0.044109,0.151789,0.223778,-0.528225,0.468051,-0.995060,0.497647,0.065382,-0.417310,1.028238,1.437760,0.860116,-0.785870,0.225252,-0.824347,0.401163,0.835837,0.846532,0.016182,0.026844,-0.600810,-0.202595,0.441844,0.829938,0.785488,0.081103,-1.075242,-0.340676,1.521406,0.753440,1.043887,0.154785,-0.415974,-0.706927,0.999494,-0.387157,1.053566,0.256398
5.040000,0.143675,0.641975,0.712769,0.173019,-1.007322,0.053245,0.794388,0.533151,1.287773,-0.496318,-1.042858,0.246850,0.621614,-0.059967,0.586250,-0.944878,-0.626902,-0.116790,0.630063,-0.598361,1.165158,-1.197555,0.062444,0.146679,0.203989,-0.518320,0.469405,-0.983785,0.492855,0.069960,-0.400205,1.012341,1.442210,0.850293,-0.803845,0.219867,-0.807532,0.401382,0.836310,0.834993,0.005686,0.020331,-0.584314,-0.186895,0.443616,0.819659,0.784520,0.095965,-1.059909,-0.319981,1.524343,0.779784,1.025477,0.139018,-0.423525,-0.685908,1.004625,-0.367771,1.048226,0.256658
5.060000,0.147011,0.621836,0.713813,0.160545,-1.006465,0.051084,0.784237,0.512375,1.292661,-0.518818,-1.034639,0.242020,0.602716,-0.072448,0.583886,-0.944883,-0.621083,-0.119632,0.606135,-0.596926,1.168040,-1.195048,0.081093,0.141630,0.184431,-0.508513,0.470844,-0.971921,0.487808,0.073845,-0.383302,0.996084,1.446556,0.839958,-0.821896,0.214747,-0.790949,0.401388,0.836648,0.823208,-0.005235,0.013483,-0.568026,-0.171217,0.445676,0.809130,0.783188,0.109954,-1.044054,-0.299663,1.526970,0.805751,1.006183,0.123733,-0.430681,-0.665002,1.009758,-0.347715,1.042291,0.256617
5.080000,0.150096,0.601718,0.714809,0.147964,-1.005398,0.048449,0.773634,0.491770,1.297453,-0.541574,-1.025807,0.237205,0.583823,-0.084809,0.581463,-0.944316,-0.615019,-0.122781,0.582265,-0.595115,1.170823,-1.191871,0.100054,0.136643,0.165116,-0.498809,0.472354,-0.959468,0.482503,0.077037,-0.366610,0.979465,1.450802,0.829110,-0.840024,0.209893,-0.774605,0.401170,0.836847,0.811179,-0.016581,0.006301,-0.551950,-0.155570,0.448008,0.798352,0.781491,0.123070,-1.027682,-0.279739,1.529296,0.831339,0.986007,0.108929,-0.437429,-0.644220,1.014887,-0.326989,1.035759,0.256275
5.100000,0.152929,0.581622,0.715748,0.135276,-1.004120,0.045339,0.762573,0.471347,1.302150,-0.564589,-1.016363,0.232404,0.564947,-0.097047,0.578973,-0.943175,-0.608709,-0.126237,0.558465,-0.592922,1.173507,-1.188023,0.119329,0.131719,0.146056,-0.489215,0.473921,-0.946426,0.476941,0.079534,-0.350141,0.962483,1.454953,0.817750,-0.858229,0.205303,-0.758504,0.400722,0.836898,0.798906,-0.028354,-0.001216,-0.536093,-0.139960,0.450593,0.787324,0.779429,0.135312,-1.010802,-0.260228,1.531330,0.856549,0.964948,0.094607,-0.443756,-0.623575,1.020007,-0.305591,1.028632,0.255632
5.120000,0.155507,0.561554,0.716620,0.122535,-1.002588,0.041776,0.751049,0.451119,1.306750,-0.587724,-1.006328,0.227635,0.546099,-0.109156,0.576411,-0.941454,-0.602103,-0.129978,0.534749,-0.590340,1.176092,-1.183478,0.138862,0.126860,0.127262,-0.479733,0.475531,-0.932830,0.471161,0.081297,-0.333903,0.945136,1.459016,0.805950,-0.876423,0.200998,-0.742649,0.400033,0.836796,0.786536,-0.040514,-0.009011,-0.520459,-0.124395,0.453414,0.776127,0.777012,0.146524,-0.993423,-0.241147,1.533084,0.881282,0.943106,0.080877,-0.449649,-0.603079,1.025110,-0.283572,1.020921,0.254670
5.140000,0.157830,0.541520,0.717416,0.109794,-1.000760,0.037782,0.739064,0.431098,1.311255,-0.610846,-0.995724,0.222916,0.527292,-0.121129,0.573772,-0.939147,-0.595150,-0.133982,0.511131,-0.587366,1.178582,-1.178211,0.158600,0.122073,0.108746,-0.470369,0.477168,-0.918715,0.465201,0.082284,-0.317905,0.927426,1.462995,0.793781,-0.894521,0.196995,-0.727042,0.399099,0.836536,0.774218,-0.053024,-0.017026,-0.505049,-0.108882,0.456446,0.764839,0.774250,0.156550,-0.975555,-0.222509,1.534570,0.905440,0.920580,0.067851,-0.455095,-0.582742,1.030191,-0.260978,1.012639,0.253371
5.160000,0.159898,0.521526,0.718128,0.097054,-0.998635,0.033357,0.726616,0.411294,1.315667,-0.633952,-0.984551,0.218248,0.508537,-0.132959,0.571050,-0.936252,-0.587850,-0.138248,0.487625,-0.583995,1.180976,-1.172220,0.178543,0.117357,0.090517,-0.461126,0.478817,-0.904079,0.459059,0.082494,-0.302154,0.909356,1.466898,0.781243,-0.912521,0.193295,-0.711680,0.397910,0.836114,0.761951,-0.065883,-0.025262,-0.489866,-0.093427,0.459668,0.753462,0.771143,0.165389,-0.957209,-0.204328,1.535803,0.929023,0.897371,0.055529,-0.460084,-0.562577,1.035243,-0.237809,1.003786,0.251734
5.180000,0.161712,0.501577,0.718748,0.084314,-0.996212,0.028499,0.713706,0.391719,1.319986,-0.657045,-0.972809,0.213630,0.489846,-0.144640,0.568240,-0.932770,-0.580202,-0.142776,0.464247,-0.580223,1.183276,-1.165506,0.198691,0.112711,0.072586,-0.452008,0.480463,-0.888924,0.452738,0.081929,-0.286658,0.890926,1.470729,0.768336,-0.930424,0.189898,-0.696564,0.396461,0.835524,0.749737,-0.079093,-0.033718,-0.474911,-0.078038,0.463054,0.741995,0.767690,0.173042,-0.938398,-0.186618,1.536796,0.952030,0.873478,0.043911,-0.464603,-0.542595,1.040259,-0.214066,0.994361,0.249759
5.200000,0.163271,0.481679,0.719265,0.071575,-0.993493,0.023210,0.700334,0.372385,1.324212,-0.680122,-0.960497,0.209062,0.471231,-0.156165,0.565338,-0.928702,-0.572207,-0.147566,0.441010,-0.576046,1.185485,-1.158070,0.219043,0.108137,0.054964,-0.443018,0.482089,-0.873250,0.446236,0.080588,-0.271423,0.872139,1.474496,0.755061,-0.948230,0.186803,-0.681690,0.394744,0.834763,0.737575,-0.092652,-0.042394,-0.460186,-0.062722,0.466582,0.730438,0.763892,0.179508,-0.919132,-0.169394,1.537564,0.974462,0.848902,0.032996,-0.468643,-0.522807,1.045231,-0.189748,0.984365,0.247448
5.220000,0.164575,0.461840,0.719673,0.058868,-0.990441,0.017542,0.686502,0.353303,1.328348,-0.703034,-0.947654,0.204557,0.452702,-0.167526,0.562336,-0.924074,-0.563820,-0.152563,0.417929,-0.571460,1.187602,-1.149901,0.239531,0.103636,0.037660,-0.434160,0.483681,-0.857058,0.439605,0.078478,-0.256458,0.852998,1.478203,0.741476,-0.965832,0.184004,-0.667059,0.392753,0.833828,0.725569,-0.106511,-0.051196,-0.445694,-0.047485,0.470226,0.718857,0.759728,0.184718,-0.899424,-0.152666,1.538121,0.996239,0.823749,0.022857,-0.472190,-0.503224,1.050154,-0.164932,0.973829,0.244793
5.240000,0.165626,0.442064,0.719965,0.046225,-0.987018,0.011547,0.672215,0.334482,1.332395,-0.725626,-0.934317,0.200127,0.434271,-0.178715,0.559234,-0.918912,-0.554997,-0.157710,0.395019,-0.566464,1.189631,-1.140989,0.260084,0.099210,0.020685,-0.425434,0.485223,-0.840351,0.432899,0.075609,-0.241766,0.833508,1.481858,0.727640,-0.983121,0.181493,-0.652666,0.390482,0.832715,0.713822,-0.120620,-0.060027,-0.431432,-0.032335,0.473961,0.707315,0.755177,0.188599,-0.879287,-0.136447,1.538484,1.017279,0.798128,0.013563,-0.475237,-0.483857,1.055021,-0.139695,0.962783,0.241791
5.260000,0.166425,0.422361,0.720133,0.033646,-0.983224,0.005224,0.657479,0.315934,1.336354,-0.747900,-0.920487,0.195774,0.415949,-0.189723,0.556027,-0.913218,-0.545738,-0.163007,0.372294,-0.561056,1.191571,-1.131335,0.280703,0.094861,0.004049,-0.416844,0.486700,-0.823129,0.426116,0.071980,-0.227354,0.813676,1.485465,0.713554,-1.000097,0.179271,-0.638505,0.387926,0.831426,0.702336,-0.134980,-0.068887,-0.417401,-0.017280,0.477761,0.695814,0.750239,0.191152,-0.858738,-0.120744,1.538669,1.037582,0.772037,0.005116,-0.477775,-0.464716,1.059823,-0.114037,0.951227,0.238440
5.280000,0.166972,0.402738,0.720172,0.021131,-0.979061,-0.001426,0.642301,0.297666,1.340227,-0.769854,-0.906162,0.191496,0.397746,-0.200542,0.552713,-0.906991,-0.536043,-0.168455,0.349770,-0.555236,1.193426,-1.120939,0.301387,0.090588,-0.012237,-0.408390,0.488097,-0.805392,0.419258,0.067591,-0.213225,0.793506,1.489031,0.699218,-1.016762,0.177338,-0.624571,0.385081,0.829960,0.691110,-0.149590,-0.077776,-0.403599,-0.002328,0.481599,0.684353,0.744914,0.192377,-0.837789,-0.105568,1.538694,1.057149,0.745478,-0.002485,-0.479796,-0.445811,1.064556,-0.087957,0.939161,0.234741
5.300000,0.167270,0.383201,0.720074,0.008680,-0.974527,-0.008403,0.626687,0.279690,1.344014,-0.791490,-0.891344,0.187294,0.379673,-0.211162,0.549288,-0.900231,-0.525911,-0.174053,0.327462,-0.549001,1.195195,-1.109799,0.322137,0.086390,-0.028163,-0.400074,0.489399,-0.787140,0.412323,0.062442,-0.199387,0.773007,1.492560,0.684631,-1.033114,0.175692,-0.610859,0.381941,0.828315,0.680143,-0.164451,-0.086695,-0.390026,0.012514,0.485447,0.672933,0.739202,0.192275,-0.816457,-0.090928,1.538575,1.075979,0.718450,-0.009240,-0.481291,-0.427153,1.069211,-0.061457,0.926585,0.230694
5.320000,0.167320,0.363759,0.719834,-0.003674,-0.969605,-0.015624,0.610644,0.262015,1.347719,-0.812661,-0.876084,0.183173,0.361740,-0.221575,0.545750,-0.892965,-0.515297,-0.179719,0.305383,-0.542350,1.196882,-1.097921,0.342880,0.082271,-0.043719,-0.391897,0.490590,-0.768377,0.405390,0.056606,-0.185842,0.752185,1.496060,0.669842,-1.049051,0.174300,-0.597363,0.378502,0.826493,0.669515,-0.179498,-0.095521,-0.376681,0.027237,0.489281,0.661599,0.733049,0.190873,-0.794755,-0.076833,1.538330,1.094016,0.691061,-0.015142,-0.482252,-0.408751,1.073781,-0.034634,0.913551,0.226312
5.340000,0.167124,0.344420,0.719448,-0.015897,-0.964278,-0.023005,0.594185,0.244650,1.351342,-0.833218,-0.860433,0.179139,0.343958,-0.231770,0.542099,-0.885219,-0.504154,-0.185369,0.283550,-0.535286,1.198487,-1.085307,0.363542,0.078234,-0.058895,-0.383858,0.491659,-0.749107,0.398536,0.050154,-0.172594,0.731049,1.499534,0.654900,-1.064468,0.173125,-0.584075,0.374760,0.824496,0.659303,-0.194666,-0.104130,-0.363561,0.041832,0.493074,0.650399,0.726400,0.188201,-0.772702,-0.063288,1.537975,1.111202,0.663421,-0.020186,-0.482674,-0.390614,1.078261,-0.007589,0.900112,0.221608
5.360000,0.166685,0.325191,0.718913,-0.027990,-0.958546,-0.030546,0.577320,0.227601,1.354885,-0.853163,-0.844392,0.175190,0.326335,-0.241737,0.538335,-0.876994,-0.492482,-0.191003,0.261976,-0.527809,1.200012,-1.071956,0.384124,0.074278,-0.073680,-0.375955,0.492592,-0.729328,0.391761,0.043087,-0.159647,0.709609,1.502986,0.639804,-1.079366,0.172166,-0.570988,0.370714,0.822329,0.649508,-0.209955,-0.112523,-0.350664,0.056290,0.496801,0.639333,0.719256,0.184258,-0.750313,-0.050298,1.537528,1.127537,0.635530,-0.024372,-0.482554,-0.372749,1.082644,0.019678,0.886266,0.216582
5.380000,0.166006,0.306081,0.718225,-0.039952,-0.952409,-0.038247,0.560062,0.210877,1.358350,-0.872496,-0.827960,0.171328,0.308881,-0.251466,0.534459,-0.868289,-0.480280,-0.196621,0.240676,-0.519921,1.201458,-1.057870,0.404625,0.070404,-0.088064,-0.368187,0.493378,-0.709042,0.385064,0.035404,-0.147003,0.687877,1.506422,0.624554,-1.093744,0.171425,-0.558092,0.366361,0.819996,0.640129,-0.225365,-0.120701,-0.337987,0.070599,0.500436,0.628400,0.711615,0.179046,-0.727606,-0.037868,1.537006,1.143021,0.607388,-0.027698,-0.481886,-0.355166,1.086922,0.047167,0.872015,0.211234
5.400000,0.165088,0.287097,0.717382,-0.051783,-0.945866,-0.046108,0.542424,0.194485,1.361739,-0.891216,-0.811138,0.167552,0.291606,-0.260945,0.530471,-0.859106,-0.467549,-0.202223,0.219666,-0.511625,1.202828,-1.043048,0.425047,0.066612,-0.102038,-0.360552,0.494005,-0.688249,0.378446,0.027106,-0.134665,0.665863,1.509845,0.609151,-1.107603,0.170901,-0.545380,0.361699,0.817502,0.631167,-0.240896,-0.128662,-0.325527,0.084751,0.503954,0.617601,0.703480,0.172563,-0.704598,-0.026004,1.536426,1.157654,0.578995,-0.030166,-0.480666,-0.337871,1.091091,0.074879,0.857358,0.205563
5.420000,0.163935,0.268249,0.716380,-0.063466,-0.938919,-0.054023,0.524418,0.178433,1.365053,-0.909203,-0.793989,0.163850,0.274520,-0.270164,0.526371,-0.849496,-0.454266,-0.207704,0.198959,-0.502921,1.204123,-1.027529,0.445302,0.062906,-0.115591,-0.353048,0.494459,-0.666949,0.371988,0.018317,-0.122637,0.643577,1.513259,0.593629,-1.120850,0.170528,-0.532843,0.356725,0.814852,0.622659,-0.256462,-0.136292,-0.313282,0.098734,0.507331,0.606961,0.694772,0.164933,-0.681305,-0.014709,1.535805,1.171414,0.550460,-0.031824,-0.478890,-0.320873,1.095143,0.102700,0.842368,0.199600
5.440000,0.162551,0.249543,0.715221,-0.074982,-0.931569,-0.061886,0.506062,0.162727,1.368293,-0.926340,-0.776580,0.160210,0.257629,-0.279112,0.522164,-0.839513,-0.440407,-0.212958,0.178569,-0.493814,1.205345,-1.011351,0.465305,0.059292,-0.128713,-0.345671,0.494735,-0.645144,0.365771,0.009158,-0.110921,0.621034,1.516667,0.578022,-1.133390,0.170240,-0.520470,0.351441,0.812054,0.614644,-0.271976,-0.143473,-0.301248,0.112537,0.510544,0.596505,0.685416,0.156280,-0.657747,-0.003986,1.535158,1.184281,0.521894,-0.032720,-0.476558,-0.304178,1.099073,0.130519,0.827122,0.193373
5.460000,0.160937,0.230989,0.713905,-0.086333,-0.923815,-0.069697,0.487370,0.147372,1.371461,-0.942625,-0.758909,0.156632,0.240942,-0.287777,0.517854,-0.829157,-0.425971,-0.217984,0.158509,-0.484310,1.206496,-0.994516,0.485057,0.055770,-0.141393,-0.338416,0.494823,-0.622834,0.359795,-0.000368,-0.099517,0.598246,1.520069,0.562329,-1.145224,0.170038,-0.508254,0.345847,0.809116,0.607122,-0.287438,-0.150208,-0.289421,0.126147,0.513575,0.586235,0.675412,0.146604,-0.633940,0.006166,1.534501,1.196254,0.493297,-0.032855,-0.473669,-0.287790,1.102876,0.158336,0.811618,0.186882
5.480000,0.159098,0.212593,0.712434,-0.097517,-0.915657,-0.077456,0.468362,0.132372,1.374559,-0.958060,-0.740978,0.153116,0.224465,-0.296147,0.513446,-0.818429,-0.410960,-0.222784,0.138793,-0.474414,1.207577,-0.977023,0.504556,0.052341,-0.153623,-0.331278,0.494718,-0.600019,0.354059,-0.010263,-0.088428,0.575230,1.523469,0.546552,-1.156352,0.169920,-0.496182,0.339944,0.806048,0.600093,-0.302848,-0.156494,-0.277797,0.139550,0.516402,0.576149,0.664759,0.135904,-0.609903,0.015746,1.533849,1.207334,0.464669,-0.032228,-0.470224,-0.271715,1.106547,0.186151,0.795856,0.180127
5.500000,0.157038,0.194365,0.710807,-0.108534,-0.907096,-0.085162,0.449054,0.117734,1.377586,-0.972642,-0.722785,0.149663,0.208207,-0.304211,0.508944,-0.807328,-0.395373,-0.227356,0.119433,-0.464130,1.208590,-0.958872,0.523804,0.049003,-0.165391,-0.324252,0.494410,-0.576699,0.348565,-0.020526,-0.077656,0.551997,1.526867,0.530690,-1.166774,0.169888,-0.484247,0.333733,0.802859,0.593558,-0.318205,-0.162333,-0.266373,0.152733,0.519004,0.566247,0.653458,0.124182,-0.585653,0.024753,1.533217,1.217521,0.436009,-0.030839,-0.466223,-0.255958,1.110079,0.213963,0.779837,0.173109
5.520000,0.154758,0.176312,0.709028,-0.119376,-0.898154,-0.092704,0.429463,0.103462,1.380546,-0.986294,-0.704382,0.146252,0.192174,-0.311958,0.504354,-0.795934,-0.379222,-0.231593,0.100442,-0.453464,1.209537,-0.940113,0.542736,0.045764,-0.176688,-0.317333,0.493895,-0.552909,0.343388,-0.030995,-0.067201,0.528564,1.530264,0.514763,-1.176438,0.169862,-0.472437,0.327216,0.799559,0.587512,-0.333423,-0.167628,-0.255146,0.165683,0.521364,0.556538,0.641441,0.111635,-0.561208,0.033187,1.532620,1.226821,0.407432,-0.028782,-0.461667,-0.240523,1.113469,0.241661,0.763651,0.165863
5.540000,0.152264,0.158441,0.707101,-0.130031,-0.888852,-0.099971,0.409609,0.089560,1.383437,-0.998935,-0.685817,0.142865,0.176371,-0.319376,0.499684,-0.784326,-0.362520,-0.235390,0.081832,-0.442423,1.210421,-0.920794,0.561288,0.042630,-0.187504,-0.310514,0.493170,-0.528686,0.338605,-0.041506,-0.057065,0.504945,1.533661,0.498792,-1.185292,0.169763,-0.460743,0.320398,0.796158,0.581956,-0.348413,-0.172281,-0.244111,0.178385,0.523466,0.547027,0.628637,0.098463,-0.536586,0.041052,1.532070,1.235242,0.379051,-0.026151,-0.456558,-0.225412,1.116713,0.269136,0.747386,0.158426
5.560000,0.149558,0.140760,0.705031,-0.140500,-0.879191,-0.106962,0.389512,0.076031,1.386260,-1.010564,-0.667092,0.139502,0.160802,-0.326455,0.494942,-0.772504,-0.345268,-0.238745,0.063614,-0.431015,1.211243,-0.900917,0.579461,0.039600,-0.197832,-0.303786,0.492235,-0.504029,0.334216,-0.052058,-0.047250,0.481157,1.537054,0.482777,-1.193336,0.169592,-0.449155,0.313281,0.792672,0.576887,-0.363176,-0.176292,-0.233264,0.190823,0.525298,0.537715,0.615047,0.084666,-0.511804,0.048350,1.531578,1.242785,0.350866,-0.022945,-0.450903,-0.210628,1.119805,0.296387,0.731043,0.150798
5.580000,0.146645,0.123276,0.702824,-0.150783,-0.869171,-0.113677,0.369193,0.062878,1.389017,-1.021183,-0.648206,0.136163,0.145472,-0.333183,0.490137,-0.760469,-0.327465,-0.241659,0.045799,-0.419247,1.212006,-0.880482,0.597254,0.036675,-0.207663,-0.297142,0.491088,-0.478938,0.330222,-0.062653,-0.037755,0.457217,1.540444,0.466717,-1.200571,0.169349,-0.437664,0.305872,0.789111,0.572307,-0.377710,-0.179662,-0.222601,0.202982,0.526848,0.528601,0.600672,0.070244,-0.486880,0.055088,1.531156,1.249449,0.322878,-0.019164,-0.444704,-0.196171,1.122743,0.323414,0.714623,0.142979
5.600000,0.143528,0.105996,0.700486,-0.160880,-0.858791,-0.120117,0.348671,0.050104,1.391707,-1.030791,-0.629158,0.132847,0.130385,-0.339550,0.485278,-0.748220,-0.309110,-0.244131,0.028398,-0.407127,1.212711,-0.859487,0.614668,0.033855,-0.216987,-0.290575,0.489728,-0.453413,0.326621,-0.073289,-0.028581,0.433140,1.543828,0.450613,-1.206996,0.169033,-0.426260,0.298175,0.785489,0.568215,-0.392017,-0.182390,-0.212118,0.214845,0.528103,0.519687,0.585511,0.055197,-0.461832,0.061267,1.530815,1.255234,0.295086,-0.014810,-0.437968,-0.182043,1.125523,0.350217,0.698124,0.134969
5.620000,0.140211,0.088927,0.698022,-0.170791,-0.848082,-0.126177,0.327968,0.037712,1.394331,-1.039354,-0.609978,0.129534,0.115544,-0.345544,0.480375,-0.735838,-0.290241,-0.246070,0.011423,-0.394663,1.213361,-0.837977,0.631674,0.031146,-0.225797,-0.284075,0.488157,-0.427538,0.323475,-0.083797,-0.019730,0.408942,1.547204,0.434478,-1.212615,0.168566,-0.414932,0.290194,0.781820,0.564593,-0.406011,-0.184423,-0.201812,0.226397,0.529053,0.510985,0.569529,0.039759,-0.436677,0.066893,1.530566,1.260157,0.267624,-0.010005,-0.430698,-0.168246,1.128141,0.376683,0.681626,0.126812
5.640000,0.136698,0.072075,0.695442,-0.180516,-0.837072,-0.131752,0.307105,0.025705,1.396888,-1.046839,-0.590693,0.126203,0.100952,-0.351157,0.475440,-0.723401,-0.270893,-0.247382,-0.005117,-0.381863,1.213958,-0.815996,0.648244,0.028553,-0.234086,-0.277632,0.486378,-0.401395,0.320843,-0.094004,-0.011202,0.384641,1.550569,0.418327,-1.217434,0.167869,-0.403673,0.281937,0.778117,0.561423,-0.419609,-0.185706,-0.191677,0.237620,0.529693,0.502511,0.552691,0.024161,-0.411431,0.071975,1.530417,1.264234,0.240622,-0.004874,-0.422903,-0.154778,1.130595,0.402698,0.665208,0.118553
5.660000,0.132992,0.055446,0.692755,-0.190055,-0.825762,-0.136843,0.286102,0.014085,1.399379,-1.053246,-0.571304,0.122853,0.086609,-0.356377,0.470484,-0.710909,-0.251065,-0.248068,-0.021214,-0.368736,1.214504,-0.793543,0.664378,0.026076,-0.241851,-0.271237,0.484399,-0.374985,0.318725,-0.103910,-0.002997,0.360250,1.553917,0.402159,-1.221453,0.166943,-0.392472,0.273412,0.774397,0.558705,-0.432812,-0.186239,-0.181710,0.248499,0.530019,0.494263,0.534998,0.008405,-0.386113,0.076521,1.530373,1.267466,0.214082,0.000582,-0.414593,-0.141637,1.132882,0.428263,0.648870,0.110192
5.680000,0.129097,0.039046,0.689972,-0.199408,-0.814152,-0.141450,0.264982,0.002854,1.401802,-1.058576,-0.551810,0.119486,0.072516,-0.361196,0.465521,-0.698364,-0.230759,-0.248127,-0.036856,-0.355291,1.215001,-0.770618,0.680076,0.023716,-0.249084,-0.264880,0.482224,-0.348309,0.317122,-0.113517,0.004884,0.335788,1.557245,0.385974,-1.224672,0.165788,-0.381322,0.264627,0.770673,0.556439,-0.445618,-0.186021,-0.171905,0.259015,0.530028,0.486243,0.516449,-0.007510,-0.360738,0.080541,1.530442,1.269852,0.188003,0.006364,-0.405776,-0.128823,1.135002,0.453378,0.632612,0.101728
5.700000,0.125017,0.022882,0.687101,-0.208574,-0.802242,-0.145572,0.243766,-0.007987,1.404158,-1.062827,-0.532211,0.116099,0.058674,-0.365604,0.460563,-0.685764,-0.209973,-0.247560,-0.052035,-0.341536,1.215453,-0.747222,0.695338,0.021472,-0.255781,-0.258549,0.479860,-0.321365,0.316033,-0.122822,0.012441,0.311269,1.560547,0.369773,-1.227090,0.164404,-0.370212,0.255590,0.766961,0.554624,-0.458028,-0.185054,-0.162259,0.269151,0.529717,0.478450,0.497044,-0.023583,-0.335324,0.084044,1.530630,1.271391,0.162386,0.012472,-0.396461,-0.116332,1.136951,0.478042,0.616434,0.093162
5.720000,0.120755,0.006958,0.684152,-0.217564,-0.790062,-0.149128,0.222476,-0.018435,1.406446,-1.066033,-0.512635,0.112663,0.045085,-0.369592,0.455623,-0.673184,-0.188772,-0.246305,-0.066743,-0.327481,1.215861,-0.723526,0.710087,0.019339,-0.261938,-0.252235,0.477314,-0.294287,0.315492,-0.131677,0.019675,0.286710,1.563819,0.353615,-1.228695,0.162740,-0.359134,0.246309,0.763276,0.553234,-0.469968,-0.183329,-0.152766,0.278891,0.529085,0.470897,0.476802,-0.039584,-0.309888,0.087041,1.530943,1.272112,0.137366,0.018769,-0.386658,-0.104164,1.138728,0.502131,0.600470,0.084550
5.740000,0.116315,-0.008719,0.681140,-0.226386,-0.777643,-0.152035,0.201131,-0.028493,1.408664,-1.068228,-0.493207,0.109144,0.031746,-0.373153,0.450716,-0.660699,-0.167221,-0.244300,-0.080975,-0.313136,1.216227,-0.699704,0.724247,0.017315,-0.267553,-0.245926,0.474597,-0.267207,0.315534,-0.139931,0.026587,0.262127,1.567055,0.337560,-1.229475,0.160746,-0.348080,0.236795,0.759633,0.552244,-0.481366,-0.180838,-0.143421,0.288218,0.528136,0.463595,0.455741,-0.055281,-0.284445,0.089544,1.531381,1.272041,0.113079,0.025120,-0.376380,-0.092311,1.140333,0.525520,0.584857,0.075951
5.760000,0.111701,-0.024146,0.678075,-0.235042,-0.764986,-0.154294,0.179753,-0.038164,1.410811,-1.069410,-0.473928,0.105543,0.018657,-0.376279,0.445856,-0.648308,-0.145320,-0.241546,-0.094730,-0.298515,1.216554,-0.675755,0.737816,0.015397,-0.272626,-0.239610,0.471721,-0.240126,0.316159,-0.147583,0.033178,0.237536,1.570247,0.321608,-1.229428,0.158423,-0.337041,0.227058,0.756047,0.551653,-0.492222,-0.177580,-0.134220,0.297115,0.526876,0.456544,0.433861,-0.070673,-0.259012,0.091569,1.531948,1.271179,0.089525,0.031525,-0.365642,-0.080767,1.141766,0.548210,0.569593,0.067362
5.780000,0.106915,-0.039317,0.674972,-0.243530,-0.752089,-0.155904,0.158362,-0.047451,1.412885,-1.069581,-0.454797,0.101860,0.005813,-0.378963,0.441059,-0.636011,-0.123069,-0.238042,-0.108005,-0.283628,1.216844,-0.651679,0.750796,0.013588,-0.277158,-0.233275,0.468698,-0.213043,0.317367,-0.154635,0.039452,0.212955,1.573389,0.305758,-1.228556,0.155771,-0.326011,0.217109,0.752535,0.551460,-0.502534,-0.173556,-0.125158,0.305567,0.525311,0.449744,0.411162,-0.085761,-0.233603,0.093130,1.532643,1.269524,0.066705,0.037984,-0.354456,-0.069525,1.143028,0.570201,0.554679,0.058786
5.800000,0.101960,-0.054228,0.671844,-0.251852,-0.738953,-0.156866,0.136977,-0.056357,1.414885,-1.068739,-0.435815,0.098094,-0.006785,-0.381199,0.436340,-0.623809,-0.100467,-0.233789,-0.120797,-0.268487,1.217099,-0.627476,0.763186,0.011886,-0.281148,-0.226911,0.465539,-0.185959,0.319157,-0.161085,0.045409,0.188399,1.576476,0.290011,-1.226858,0.152788,-0.314980,0.206960,0.749110,0.551667,-0.512305,-0.168765,-0.116229,0.313556,0.523447,0.443196,0.387644,-0.100545,-0.208236,0.094242,1.533467,1.267077,0.044618,0.044496,-0.342838,-0.058578,1.144118,0.591491,0.540115,0.050221
5.820000,0.096842,-0.068874,0.668702,-0.259995,-0.725584,-0.157129,0.115619,-0.064885,1.416808,-1.066947,-0.417103,0.094222,-0.019140,-0.382980,0.431713,-0.611746,-0.077589,-0.228754,-0.133104,-0.253104,1.217320,-0.603321,0.774929,0.010281,-0.284597,-0.220505,0.462259,-0.159031,0.321534,-0.166820,0.051053,0.163886,1.579499,0.274433,-1.224352,0.149448,-0.303942,0.196621,0.745789,0.552252,-0.521474,-0.163249,-0.107428,0.321067,0.521293,0.436912,0.363382,-0.114825,-0.182925,0.094920,1.534422,1.263876,0.023388,0.050932,-0.330802,-0.047917,1.145037,0.611963,0.526012,0.041737
5.840000,0.091562,-0.083250,0.665563,-0.267948,-0.711986,-0.156644,0.094305,-0.073044,1.418653,-1.064265,-0.398783,0.090218,-0.031256,-0.384301,0.427195,-0.599869,-0.054506,-0.222907,-0.144931,-0.237494,1.217510,-0.579388,0.785970,0.008766,-0.287511,-0.214046,0.458872,-0.132417,0.324503,-0.171726,0.056388,0.139431,1.582451,0.259091,-1.221057,0.145720,-0.292888,0.186106,0.742585,0.553193,-0.529984,-0.157049,-0.098750,0.328087,0.518859,0.430904,0.338451,-0.128402,-0.157686,0.095184,1.535503,1.259956,0.003137,0.057165,-0.318366,-0.037533,1.145788,0.631495,0.512484,0.033403
5.860000,0.086125,-0.097352,0.662442,-0.275712,-0.698160,-0.155411,0.073054,-0.080839,1.420416,-1.060693,-0.380855,0.086082,-0.043136,-0.385159,0.422802,-0.588178,-0.031220,-0.216246,-0.156281,-0.221670,1.217671,-0.555678,0.796308,0.007339,-0.289896,-0.207521,0.455395,-0.106117,0.328062,-0.175804,0.061419,0.115049,1.585325,0.243984,-1.216972,0.141605,-0.281812,0.175426,0.739512,0.554490,-0.537834,-0.150164,-0.090190,0.334601,0.516161,0.425173,0.312851,-0.141274,-0.132532,0.095052,1.536707,1.255319,-0.016134,0.063193,-0.305549,-0.027414,1.146374,0.650088,0.499529,0.025221
5.880000,0.080535,-0.111175,0.659352,-0.283286,-0.684104,-0.153429,0.051883,-0.088280,1.422095,-1.056231,-0.363318,0.081814,-0.054784,-0.385549,0.418550,-0.576672,-0.007729,-0.208773,-0.167159,-0.205647,1.217805,-0.532190,0.805943,0.006001,-0.291758,-0.200919,0.451846,-0.080131,0.332212,-0.179053,0.066149,0.090757,1.588113,0.229113,-1.212097,0.137103,-0.270706,0.164597,0.736583,0.556144,-0.545025,-0.142595,-0.081742,0.340597,0.513213,0.419717,0.286583,-0.153443,-0.107478,0.094545,1.538030,1.249964,-0.034425,0.069016,-0.292369,-0.017548,1.146798,0.667742,0.487148,0.017190
5.900000,0.074795,-0.124714,0.656309,-0.290671,-0.669820,-0.150699,0.030811,-0.095375,1.423688,-1.050881,-0.346173,0.077414,-0.066204,-0.385467,0.414456,-0.565351,0.015965,-0.200486,-0.177570,-0.189437,1.217912,-0.508925,0.814876,0.004751,-0.293103,-0.194229,0.448239,-0.054459,0.336954,-0.181473,0.070585,0.066570,1.590806,0.214477,-1.206432,0.132214,-0.259564,0.153630,0.733812,0.558155,-0.551556,-0.134341,-0.073400,0.346060,0.510028,0.414538,0.259645,-0.164908,-0.082538,0.093682,1.539467,1.243891,-0.051736,0.074635,-0.278845,-0.007924,1.147063,0.684456,0.475341,0.009309
5.920000,0.068909,-0.137966,0.653329,-0.297849,-0.655389,-0.147216,0.009853,-0.102131,1.425191,-1.044727,-0.329517,0.072877,-0.077400,-0.384909,0.410536,-0.554268,0.039750,-0.191394,-0.187519,-0.173057,1.217995,-0.486055,0.823058,0.003582,-0.293939,-0.187437,0.444593,-0.029263,0.342262,-0.182992,0.074730,0.042505,1.593399,0.200144,-1.200025,0.126935,-0.248377,0.142539,0.731213,0.560501,-0.557383,-0.125484,-0.065158,0.350979,0.506622,0.409645,0.232162,-0.175518,-0.057727,0.092483,1.541013,1.237140,-0.067972,0.079944,-0.264998,0.001470,1.147172,0.700136,0.464186,0.001650
5.940000,0.062882,-0.150929,0.650426,-0.304806,-0.640891,-0.142975,-0.010974,-0.108559,1.426602,-1.037857,-0.313448,0.068196,-0.088377,-0.383877,0.406806,-0.543475,0.063510,-0.181504,-0.197016,-0.156520,1.218056,-0.463753,0.830442,0.002485,-0.294278,-0.180535,0.440926,-0.004707,0.348114,-0.183536,0.078593,0.018574,1.595881,0.186182,-1.192923,0.121263,-0.237141,0.131339,0.728796,0.563163,-0.562461,-0.116103,-0.057012,0.355344,0.503014,0.405048,0.204254,-0.185120,-0.033057,0.090971,1.542661,1.229752,-0.083038,0.084838,-0.250847,0.010648,1.147131,0.714686,0.453762,-0.005717
5.960000,0.056719,-0.163602,0.647615,-0.311539,-0.626326,-0.137978,-0.031656,-0.114672,1.427918,-1.030270,-0.297966,0.063372,-0.099141,-0.382369,0.403281,-0.532971,0.087247,-0.170816,-0.206073,-0.139844,1.218095,-0.442019,0.837029,0.001460,-0.294132,-0.173509,0.437258,0.019210,0.354509,-0.183105,0.082180,-0.005208,1.598246,0.172592,-1.185126,0.115197,-0.225849,0.120046,0.726573,0.566141,-0.566790,-0.106200,-0.048954,0.359146,0.499224,0.400748,0.175922,-0.193714,-0.008541,0.089169,1.544404,1.221727,-0.096933,0.089316,-0.236418,0.019625,1.146945,0.728106,0.444069,-0.012791
5.980000,0.050422,-0.175982,0.644912,-0.318051,-0.611695,-0.132222,-0.052180,-0.120482,1.429136,-1.021968,-0.283072,0.058404,-0.109697,-0.380387,0.399979,-0.522756,0.110960,-0.159331,-0.214701,-0.123044,1.218115,-0.420853,0.842818,0.000506,-0.293514,-0.166351,0.433608,0.042489,0.361447,-0.181701,0.085499,-0.028826,1.600486,0.159372,-1.176635,0.108738,-0.214494,0.108673,0.724552,0.569434,-0.570371,-0.095772,-0.040980,0.362378,0.495272,0.396744,0.147167,-0.201301,0.015808,0.087101,1.546231,1.213064,-0.109659,0.093380,-0.221731,0.028416,1.146621,0.740395,0.435107,-0.019572
6.000000,0.043998,-0.188069,0.642331,-0.324340,-0.596997,-0.125709,-0.072530,-0.125999,1.430253,-1.012949,-0.268765,0.053293,-0.120053,-0.377931,0.396914,-0.512831,0.134650,-0.147047,-0.222911,-0.106137,1.218116,-0.400256,0.847809,-0.000375,-0.292437,-0.159048,0.429996,0.065128,0.368928,-0.179321,0.088557,-0.052268,1.602593,0.146524,-1.167448,0.101885,-0.203069,0.097236,0.722745,0.573043,-0.573203,-0.084822,-0.033083,0.365030,0.491179,0.393037,0.117987,-0.207880,0.039977,0.084790,1.548136,1.203764,-0.121214,0.097028,-0.206809,0.037034,1.146164,0.751554,0.426875,-0.026062
6.020000,0.037450,-0.199862,0.639888,-0.330374,-0.582339,-0.118475,-0.092694,-0.131237,1.431267,-1.003301,-0.255114,0.048048,-0.130213,-0.375002,0.394102,-0.503254,0.158144,-0.134013,-0.230716,-0.089138,1.218100,-0.380373,0.851987,-0.001197,-0.290914,-0.151590,0.426442,0.086991,0.376908,-0.175936,0.091363,-0.075520,1.604559,0.134109,-1.157624,0.094660,-0.191570,0.085750,0.721162,0.576946,-0.575248,-0.073443,-0.025256,0.367095,0.486964,0.389629,0.088535,-0.213351,0.063955,0.082261,1.550109,1.193863,-0.131543,0.100190,-0.191676,0.045496,1.145581,0.761533,0.419416,-0.032202
6.040000,0.030785,-0.211363,0.637597,-0.336121,-0.567824,-0.110555,-0.112659,-0.136209,1.432174,-0.993111,-0.242188,0.042677,-0.140186,-0.371608,0.391558,-0.494085,0.181273,-0.120276,-0.238132,-0.072063,1.218068,-0.361353,0.855338,-0.001969,-0.288963,-0.143968,0.422966,0.107940,0.385343,-0.171513,0.093925,-0.098569,1.606377,0.122187,-1.147220,0.087082,-0.179990,0.074231,0.719810,0.581121,-0.576468,-0.061732,-0.017495,0.368570,0.482653,0.386524,0.058963,-0.217614,0.087728,0.079537,1.552140,1.183399,-0.140593,0.102793,-0.176356,0.053816,1.144879,0.770278,0.412771,-0.037939
6.060000,0.024007,-0.222576,0.635471,-0.341581,-0.553454,-0.101950,-0.132414,-0.140929,1.432973,-0.982378,-0.229988,0.037182,-0.149979,-0.367754,0.389295,-0.485323,0.204035,-0.105836,-0.245176,-0.054930,1.218021,-0.343194,0.857860,-0.002694,-0.286602,-0.136173,0.419588,0.127976,0.394232,-0.166052,0.096254,-0.121405,1.608040,0.110761,-1.136235,0.079151,-0.168323,0.062697,0.718695,0.585568,-0.576864,-0.049688,-0.009793,0.369453,0.478268,0.383722,0.029271,-0.220668,0.111287,0.076646,1.554217,1.172370,-0.148362,0.104839,-0.160873,0.062012,1.144066,0.777792,0.406941,-0.043272
6.080000,0.017124,-0.233503,0.633523,-0.346754,-0.539228,-0.092659,-0.151950,-0.145413,1.433661,-0.971102,-0.218513,0.031562,-0.159601,-0.363449,0.387329,-0.476968,0.226432,-0.090693,-0.251865,-0.037754,1.217961,-0.325898,0.859553,-0.003370,-0.283850,-0.128196,0.416330,0.147098,0.403576,-0.159554,0.098359,-0.144015,1.609541,0.099828,-1.124669,0.070869,-0.156565,0.051162,0.717824,0.590287,-0.576434,-0.037311,-0.002144,0.369741,0.473834,0.381224,-0.000542,-0.222515,0.134619,0.073611,1.556330,1.160779,-0.154852,0.106327,-0.145253,0.070099,1.143151,0.784074,0.401924,-0.048200
6.100000,0.010139,-0.244146,0.631769,-0.351640,-0.525146,-0.082683,-0.171255,-0.149675,1.434235,-0.959284,-0.207764,0.025817,-0.169060,-0.358699,0.385672,-0.469021,0.248462,-0.074846,-0.258217,-0.020553,1.217887,-0.309464,0.860419,-0.003997,-0.280725,-0.120027,0.413213,0.165307,0.413374,-0.152019,0.100250,-0.166388,1.610873,0.089390,-1.112522,0.062233,-0.144710,0.039645,0.717205,0.595279,-0.575180,-0.024602,0.005458,0.369431,0.469375,0.379028,-0.030474,-0.223153,0.157714,0.070460,1.558467,1.148623,-0.160061,0.107258,-0.129519,0.078094,1.142141,0.789123,0.397722,-0.052725
6.120000,0.003060,-0.254510,0.630220,-0.356190,-0.511325,-0.072089,-0.190318,-0.153729,1.434693,-0.946999,-0.197774,0.019969,-0.178365,-0.353514,0.384339,-0.461536,0.269938,-0.058378,-0.264250,-0.003343,1.217801,-0.293979,0.860451,-0.004584,-0.277245,-0.111659,0.410257,0.182501,0.423548,-0.143457,0.101938,-0.188512,1.612028,0.079495,-1.099850,0.053287,-0.132752,0.028161,0.716842,0.600512,-0.573075,-0.011656,0.013019,0.368522,0.464916,0.377132,-0.060366,-0.222535,0.180561,0.067218,1.560616,1.135929,-0.163977,0.107592,-0.113696,0.086014,1.141044,0.792935,0.394327,-0.056816
6.140000,-0.004106,-0.264602,0.628889,-0.360356,-0.497882,-0.060942,-0.209132,-0.157591,1.435033,-0.934321,-0.188577,0.014041,-0.187525,-0.347906,0.383341,-0.454567,0.290674,-0.041368,-0.269983,0.013859,1.217704,-0.279533,0.859644,-0.005137,-0.273432,-0.103083,0.407482,0.198581,0.434018,-0.133880,0.103434,-0.210379,1.613002,0.070189,-1.086706,0.044070,-0.120688,0.016728,0.716739,0.605958,-0.570093,0.001434,0.020545,0.367017,0.460483,0.375531,-0.090053,-0.220612,0.203148,0.063910,1.562766,1.122720,-0.166586,0.107293,-0.097810,0.093873,1.139871,0.795503,0.391733,-0.060445
6.160000,-0.011351,-0.274428,0.627786,-0.364138,-0.484817,-0.049244,-0.227689,-0.161277,1.435254,-0.921250,-0.180173,0.008033,-0.196551,-0.341892,0.382688,-0.448114,0.310668,-0.023817,-0.275438,0.031037,1.217596,-0.266125,0.857999,-0.005658,-0.269309,-0.094296,0.404908,0.213547,0.444783,-0.123287,0.104749,-0.231977,1.613789,0.061473,-1.073090,0.034583,-0.108513,0.005363,0.716900,0.611617,-0.566236,0.014665,0.028042,0.364921,0.456101,0.374224,-0.119538,-0.217386,0.225466,0.060563,1.564904,1.108996,-0.167887,0.106361,-0.081884,0.101688,1.138630,0.796829,0.389940,-0.063612
6.180000,-0.018669,-0.283997,0.626923,-0.367536,-0.472129,-0.036995,-0.245980,-0.164803,1.435354,-0.907788,-0.172562,0.001945,-0.205453,-0.335485,0.382392,-0.442177,0.329921,-0.005725,-0.280635,0.048174,1.217478,-0.253755,0.855514,-0.006145,-0.264898,-0.085290,0.402557,0.227399,0.455845,-0.111679,0.105897,-0.253299,1.614384,0.053348,-1.059002,0.024827,-0.096222,-0.005916,0.717327,0.617488,-0.561502,0.028039,0.035516,0.362237,0.451796,0.373213,-0.148819,-0.212855,0.247504,0.057203,1.567016,1.094759,-0.167882,0.104796,-0.065945,0.109476,1.137330,0.796911,0.388949,-0.066317
6.200000,-0.026050,-0.293316,0.626310,-0.370549,-0.459819,-0.024194,-0.263997,-0.168185,1.435331,-0.893933,-0.165744,-0.004223,-0.214242,-0.328700,0.382463,-0.436757,0.348433,0.012908,-0.285595,0.065252,1.217350,-0.242424,0.852191,-0.006599,-0.260220,-0.076060,0.400448,0.240136,0.467203,-0.099055,0.106887,-0.274334,1.614781,0.045813,-1.044443,0.014800,-0.083812,-0.017091,0.718023,0.623572,-0.555892,0.041555,0.042972,0.358970,0.447595,0.372496,-0.177896,-0.207020,0.269253,0.053856,1.569091,1.080007,-0.166570,0.102598,-0.050016,0.117251,1.135980,0.795751,0.388758,-0.068560
6.220000,-0.033488,-0.302393,0.625958,-0.373137,-0.448001,-0.010929,-0.281735,-0.171438,1.435184,-0.879741,-0.159714,-0.010441,-0.222927,-0.321553,0.382911,-0.431877,0.366068,0.031977,-0.290339,0.082256,1.217214,-0.232148,0.848035,-0.007021,-0.255300,-0.066601,0.398601,0.251694,0.478746,-0.085473,0.107733,-0.295074,1.614974,0.038891,-1.029467,0.004561,-0.071278,-0.028146,0.718990,0.629823,-0.549403,0.055131,0.050417,0.355124,0.443524,0.372068,-0.206618,-0.199884,0.290701,0.050549,1.571116,1.064755,-0.163979,0.099762,-0.034123,0.125031,1.134590,0.793382,0.389316,-0.070338
6.240000,-0.040973,-0.311240,0.625875,-0.375259,-0.436791,0.002713,-0.299185,-0.174579,1.434913,-0.865267,-0.154470,-0.016677,-0.231521,-0.314064,0.383744,-0.427561,0.382692,0.051378,-0.294888,0.099168,1.217070,-0.222946,0.843053,-0.007415,-0.250161,-0.056910,0.397035,0.262009,0.490364,-0.070991,0.108447,-0.315511,1.614962,0.032605,-1.014128,-0.005834,-0.058618,-0.039062,0.720228,0.636197,-0.542030,0.068682,0.057857,0.350708,0.439608,0.371920,-0.234831,-0.191451,0.311840,0.047305,1.573078,1.049015,-0.160139,0.096286,-0.018289,0.132829,1.133170,0.789839,0.390572,-0.071650
6.260000,-0.048495,-0.319869,0.626069,-0.376916,-0.426187,0.016732,-0.316343,-0.177622,1.434517,-0.850511,-0.150011,-0.022931,-0.240033,-0.306252,0.384968,-0.423810,0.398305,0.071111,-0.299264,0.115973,1.216918,-0.214818,0.837245,-0.007781,-0.244828,-0.046986,0.395767,0.271081,0.502056,-0.055608,0.109042,-0.335637,1.614740,0.026955,-0.998428,-0.016383,-0.045829,-0.049821,0.721737,0.642693,-0.533774,0.082208,0.065296,0.345734,0.435875,0.372054,-0.262535,-0.181720,0.332659,0.044151,1.574963,1.032788,-0.155048,0.092169,-0.002537,0.140659,1.131727,0.785123,0.392525,-0.072496
6.280000,-0.056046,-0.328291,0.626547,-0.378106,-0.416191,0.031127,-0.333204,-0.180584,1.433996,-0.835473,-0.146337,-0.029203,-0.248477,-0.298138,0.386591,-0.420624,0.412907,0.091175,-0.303488,0.132652,1.216759,-0.207765,0.830610,-0.008117,-0.239326,-0.036827,0.394817,0.278910,0.513822,-0.039325,0.109530,-0.355445,1.614306,0.021942,-0.982365,-0.027088,-0.032909,-0.060407,0.723516,0.649312,-0.524636,0.095710,0.072741,0.340210,0.432348,0.372469,-0.289730,-0.170692,0.353148,0.041112,1.576760,1.016074,-0.148708,0.087412,0.013108,0.148534,1.130273,0.779233,0.395175,-0.072876
6.300000,-0.063616,-0.336520,0.627317,-0.378831,-0.406801,0.045898,-0.349761,-0.183481,1.433349,-0.820154,-0.143448,-0.035493,-0.256862,-0.289743,0.388618,-0.418002,0.426497,0.111571,-0.307582,0.149191,1.216593,-0.201785,0.823149,-0.008425,-0.233680,-0.026432,0.394200,0.285496,0.525663,-0.022141,0.109924,-0.374929,1.613655,0.017564,-0.965940,-0.037948,-0.019856,-0.070801,0.725565,0.656053,-0.514614,0.109187,0.080197,0.334148,0.429056,0.373166,-0.316417,-0.158367,0.373298,0.038211,1.578455,0.998874,-0.141117,0.082014,0.028624,0.156470,1.128816,0.772170,0.398523,-0.072789
6.320000,-0.071196,-0.344568,0.628385,-0.379060,-0.398097,0.060951,-0.366008,-0.186327,1.432576,-0.804597,-0.141312,-0.041767,-0.265201,-0.281086,0.391055,-0.415963,0.438936,0.132190,-0.311567,0.165573,1.216422,-0.196843,0.814889,-0.008700,-0.227914,-0.015801,0.393936,0.290821,0.537492,-0.004156,0.110236,-0.394081,1.612787,0.013833,-0.949201,-0.048897,-0.006667,-0.080985,0.727883,0.662856,-0.503734,0.122575,0.087669,0.327558,0.426022,0.374140,-0.342466,-0.144804,0.393100,0.035475,1.580037,0.981211,-0.132360,0.076015,0.043988,0.164479,1.127364,0.763999,0.402480,-0.072256
6.340000,-0.078775,-0.352449,0.629756,-0.378765,-0.390156,0.076189,-0.381943,-0.189138,1.431679,-0.788846,-0.139898,-0.047992,-0.273505,-0.272194,0.393906,-0.414525,0.450082,0.152924,-0.315462,0.181782,1.216245,-0.192903,0.805857,-0.008940,-0.222055,-0.004933,0.394039,0.294870,0.549221,0.014531,0.110481,-0.412895,1.611699,0.010758,-0.932198,-0.059869,0.006658,-0.090944,0.730467,0.669659,-0.492019,0.135806,0.095164,0.320454,0.423271,0.375388,-0.367747,-0.130065,0.412544,0.032924,1.581492,0.963111,-0.122519,0.069457,0.059177,0.172573,1.125928,0.754786,0.406957,-0.071299
6.360000,-0.086343,-0.360179,0.631434,-0.377945,-0.382979,0.091612,-0.397561,-0.191928,1.430657,-0.772903,-0.139205,-0.054166,-0.281786,-0.263092,0.397173,-0.413686,0.459937,0.173774,-0.319289,0.197802,1.216064,-0.189964,0.796053,-0.009144,-0.216128,0.006168,0.394522,0.297642,0.560851,0.033920,0.110671,-0.431367,1.610392,0.008340,-0.914929,-0.070863,0.020119,-0.100661,0.733314,0.676463,-0.479469,0.148882,0.102687,0.312853,0.420827,0.376910,-0.392259,-0.114148,0.431621,0.030581,1.582811,0.944575,-0.111596,0.062338,0.074172,0.180761,1.124515,0.744531,0.411956,-0.069915
6.380000,-0.093890,-0.367773,0.633422,-0.376601,-0.376565,0.107220,-0.412858,-0.194711,1.429512,-0.756766,-0.139234,-0.060290,-0.290056,-0.253805,0.400858,-0.413448,0.468499,0.194738,-0.323068,0.213619,1.215880,-0.188027,0.785476,-0.009313,-0.210158,0.017500,0.395400,0.299137,0.572381,0.054012,0.110819,-0.449491,1.608865,0.006578,-0.897395,-0.081881,0.033717,-0.110118,0.736421,0.683268,-0.466084,0.161802,0.110242,0.304769,0.418713,0.378706,-0.416004,-0.097054,0.450324,0.028468,1.583982,0.925601,-0.099588,0.054659,0.088952,0.189055,1.123134,0.733233,0.417476,-0.068107
6.400000,-0.101404,-0.375247,0.635724,-0.374732,-0.370914,0.123013,-0.427830,-0.197502,1.428246,-0.740436,-0.139984,-0.066365,-0.298328,-0.244360,0.404963,-0.413810,0.475769,0.215817,-0.326817,0.229216,1.215692,-0.187092,0.774128,-0.009445,-0.204171,0.029062,0.396687,0.299354,0.583812,0.074805,0.110939,-0.467261,1.607117,0.005472,-0.879596,-0.092921,0.047450,-0.119298,0.739785,0.690074,-0.451864,0.174566,0.117837,0.296218,0.416953,0.380776,-0.438980,-0.078784,0.468643,0.026605,1.584994,0.906191,-0.086498,0.046420,0.103495,0.197464,1.121794,0.720894,0.423517,-0.065873
6.420000,-0.108875,-0.382615,0.638343,-0.372313,-0.366033,0.138894,-0.442474,-0.200315,1.426858,-0.723941,-0.141404,-0.072350,-0.306612,-0.234783,0.409490,-0.414737,0.481676,0.236901,-0.330557,0.244579,1.215502,-0.187078,0.762036,-0.009533,-0.198193,0.040851,0.398396,0.298296,0.595055,0.096164,0.111042,-0.484673,1.605148,0.005017,-0.861573,-0.103914,0.061319,-0.128187,0.743402,0.696807,-0.436861,0.187125,0.125475,0.287216,0.415569,0.383115,-0.461088,-0.059466,0.486569,0.025014,1.585836,0.886354,-0.072430,0.037685,0.117781,0.205998,1.120502,0.707591,0.429966,-0.063255
6.440000,-0.116293,-0.389893,0.641279,-0.369321,-0.361924,0.154764,-0.456787,-0.203162,1.425352,-0.707308,-0.143443,-0.078209,-0.314921,-0.225103,0.414438,-0.416192,0.486149,0.257878,-0.334306,0.259693,1.215311,-0.187908,0.749231,-0.009568,-0.192248,0.052862,0.400537,0.295963,0.606023,0.117950,0.111144,-0.501723,1.602961,0.005208,-0.843369,-0.114791,0.075322,-0.136768,0.747268,0.703393,-0.421128,0.199430,0.133163,0.277781,0.414580,0.385717,-0.482226,-0.039233,0.504094,0.023714,1.586498,0.866102,-0.057488,0.028517,0.131792,0.214664,1.119266,0.693401,0.436712,-0.060293
6.460000,-0.123644,-0.397097,0.644533,-0.365754,-0.358590,0.170624,-0.470766,-0.206057,1.423731,-0.690538,-0.146101,-0.083940,-0.323263,-0.215347,0.419805,-0.418177,0.489188,0.278749,-0.338079,0.274543,1.215120,-0.189581,0.735711,-0.009548,-0.186363,0.065090,0.403117,0.292355,0.616715,0.140164,0.111255,-0.518407,1.600557,0.006045,-0.824984,-0.125552,0.089454,-0.145027,0.751378,0.709831,-0.404664,0.211481,0.140906,0.267933,0.414006,0.388582,-0.502396,-0.018084,0.521210,0.022721,1.586973,0.845435,-0.041672,0.018915,0.145511,0.223468,1.118093,0.678323,0.443754,-0.056988
6.480000,-0.130919,-0.404242,0.648104,-0.361613,-0.356029,0.186474,-0.484408,-0.209011,1.421996,-0.673631,-0.149377,-0.089544,-0.331651,-0.205545,0.425588,-0.420691,0.490792,0.299514,-0.341895,0.289117,1.214930,-0.192097,0.721477,-0.009475,-0.180562,0.077529,0.406146,0.287472,0.627130,0.162805,0.111390,-0.534721,1.597940,0.007526,-0.806417,-0.136197,0.103714,-0.152950,0.755726,0.716123,-0.387470,0.223277,0.148708,0.257692,0.413863,0.391711,-0.521596,0.003981,0.537909,0.022053,1.587252,0.824352,-0.024984,0.008882,0.158919,0.232416,1.116989,0.662359,0.451092,-0.053340
6.500000,-0.138105,-0.411344,0.651992,-0.356898,-0.354242,0.202314,-0.497710,-0.212036,1.420150,-0.656586,-0.153272,-0.095022,-0.340095,-0.195725,0.431785,-0.423735,0.490963,0.320172,-0.345769,0.303398,1.214741,-0.195456,0.706529,-0.009349,-0.174872,0.090174,0.409632,0.281315,0.637270,0.185875,0.111560,-0.550662,1.595110,0.009654,-0.787669,-0.146726,0.118098,-0.160521,0.760307,0.722268,-0.369544,0.234819,0.156576,0.247076,0.414171,0.395103,-0.539828,0.026962,0.554181,0.021727,1.587326,0.802853,-0.007422,-0.001585,0.172000,0.241514,1.115961,0.645508,0.458727,-0.049348
6.520000,-0.145191,-0.418417,0.656196,-0.351594,-0.353159,0.218047,-0.510670,-0.215145,1.418196,-0.639422,-0.157721,-0.100332,-0.348604,-0.185916,0.438393,-0.427214,0.489708,0.340613,-0.349718,0.317373,1.214556,-0.199555,0.690916,-0.009159,-0.169318,0.103018,0.413583,0.273939,0.647041,0.209204,0.111780,-0.566227,1.592072,0.012403,-0.768774,-0.157070,0.132603,-0.167727,0.765117,0.728181,-0.350962,0.246067,0.164514,0.236106,0.414946,0.398738,-0.557015,0.050667,0.570020,0.021761,1.587186,0.780960,0.010883,-0.012387,0.184734,0.250767,1.115017,0.627843,0.466547,-0.045063
6.540000,-0.152165,-0.425474,0.660713,-0.345686,-0.352713,0.233579,-0.523286,-0.218348,1.416138,-0.622158,-0.162659,-0.105436,-0.357185,-0.176146,0.445407,-0.431035,0.487035,0.360726,-0.353755,0.331030,1.214375,-0.204289,0.674687,-0.008898,-0.163922,0.116052,0.418001,0.265404,0.656348,0.232626,0.112061,-0.581412,1.588829,0.015752,-0.749766,-0.167161,0.147223,-0.174556,0.770148,0.733775,-0.331797,0.256984,0.172527,0.224803,0.416201,0.402598,-0.573085,0.074907,0.585417,0.022166,1.586829,0.758695,0.029802,-0.023426,0.197108,0.260177,1.114160,0.609436,0.474439,-0.040532
6.560000,-0.159014,-0.432529,0.665538,-0.339175,-0.352901,0.248910,-0.535556,-0.221655,1.413980,-0.604794,-0.168088,-0.110333,-0.365847,-0.166444,0.452820,-0.435198,0.482944,0.380512,-0.357894,0.344357,1.214201,-0.209659,0.657842,-0.008566,-0.158709,0.129268,0.422888,0.255708,0.665191,0.256142,0.112414,-0.596217,1.585387,0.019700,-0.730647,-0.177000,0.161952,-0.180995,0.775394,0.739052,-0.312048,0.267568,0.180619,0.213190,0.417946,0.406682,-0.588036,0.099681,0.600365,0.022957,1.586248,0.736057,0.049335,-0.034702,0.209107,0.269745,1.113397,0.590287,0.482405,-0.035757
6.580000,-0.165728,-0.439594,0.670668,-0.332061,-0.353726,0.264038,-0.547477,-0.225075,1.411726,-0.587329,-0.174006,-0.115024,-0.374596,-0.156838,0.460625,-0.439704,0.477435,0.399970,-0.362146,0.357340,1.214033,-0.215665,0.640381,-0.008162,-0.153702,0.142657,0.428247,0.244851,0.673572,0.279750,0.112853,-0.610637,1.581751,0.024246,-0.711415,-0.186585,0.176783,-0.187034,0.780848,0.744012,-0.291715,0.277821,0.188796,0.201289,0.420192,0.410989,-0.601869,0.124988,0.614857,0.024144,1.585439,0.713046,0.069482,-0.046215,0.220715,0.279473,1.112732,0.570396,0.490443,-0.030737
6.600000,-0.172293,-0.446683,0.676098,-0.324343,-0.355187,0.278965,-0.559048,-0.228618,1.409380,-0.569763,-0.180414,-0.119509,-0.383438,-0.147356,0.468817,-0.444553,0.470508,0.419101,-0.366525,0.369968,1.213875,-0.222306,0.622304,-0.007686,-0.148923,0.156208,0.434079,0.232835,0.681488,0.303450,0.113388,-0.624672,1.577925,0.029392,-0.692071,-0.195918,0.191710,-0.192660,0.786504,0.748653,-0.270800,0.287741,0.197060,0.189122,0.422949,0.415521,-0.614584,0.150829,0.628885,0.025740,1.584398,0.689664,0.090243,-0.057965,0.231918,0.289363,1.112169,0.549763,0.498555,-0.025473
6.620000,-0.178697,-0.453805,0.681825,-0.316026,-0.357173,0.293609,-0.570267,-0.232294,1.406947,-0.552109,-0.187243,-0.123750,-0.392379,-0.138026,0.477386,-0.449607,0.462243,0.437800,-0.371042,0.382228,1.213726,-0.229476,0.603667,-0.007128,-0.144395,0.169913,0.440385,0.219771,0.688848,0.327064,0.114032,-0.638320,1.573916,0.035097,-0.672650,-0.204933,0.206726,-0.197862,0.792355,0.752892,-0.249380,0.297303,0.205418,0.176713,0.426227,0.420243,-0.626129,0.176976,0.642441,0.027757,1.583120,0.665945,0.111470,-0.069830,0.242701,0.299415,1.111714,0.528467,0.506642,-0.020011
6.640000,-0.184930,-0.460972,0.687840,-0.307114,-0.359575,0.307888,-0.581132,-0.236110,1.404432,-0.534376,-0.194424,-0.127710,-0.401422,-0.128875,0.486325,-0.454733,0.452717,0.455963,-0.375706,0.394111,1.213590,-0.237065,0.584524,-0.006477,-0.140138,0.183758,0.447160,0.205773,0.695556,0.350409,0.114795,-0.651578,1.569731,0.041323,-0.653187,-0.213564,0.221823,-0.202632,0.798394,0.756643,-0.227537,0.306481,0.213871,0.164085,0.430029,0.425119,-0.636451,0.203203,0.655521,0.030201,1.581604,0.641928,0.133013,-0.081690,0.253053,0.309628,1.111370,0.506589,0.514607,-0.014400
6.660000,-0.190978,-0.468191,0.694138,-0.297608,-0.362393,0.321802,-0.591642,-0.240073,1.401841,-0.516566,-0.201957,-0.131390,-0.410569,-0.119926,0.495621,-0.459928,0.441931,0.473592,-0.380527,0.405606,1.213468,-0.245073,0.564875,-0.005733,-0.136171,0.197731,0.454399,0.190841,0.701613,0.373486,0.115688,-0.664447,1.565376,0.048069,-0.633682,-0.221811,0.236989,-0.206961,0.804612,0.759906,-0.205270,0.315275,0.222424,0.151263,0.434356,0.430150,-0.645551,0.229508,0.668116,0.033079,1.579852,0.617612,0.154874,-0.093543,0.262961,0.319999,1.111139,0.484127,0.522449,-0.008640
6.680000,-0.196830,-0.475471,0.700710,-0.287507,-0.365627,0.335351,-0.601794,-0.244191,1.399178,-0.498678,-0.209842,-0.134789,-0.419820,-0.111206,0.505265,-0.465194,0.429885,0.490684,-0.385512,0.416703,1.213361,-0.253502,0.544721,-0.004895,-0.132511,0.211818,0.462097,0.174975,0.707018,0.396295,0.116722,-0.676925,1.560861,0.055335,-0.614135,-0.229675,0.252216,-0.210840,0.811002,0.762681,-0.182579,0.323685,0.231078,0.138271,0.439210,0.435336,-0.653428,0.255892,0.680223,0.036398,1.577863,0.592997,0.177051,-0.105389,0.272414,0.330525,1.111025,0.461082,0.530170,-0.002731
6.700000,-0.202474,-0.482819,0.707549,-0.276812,-0.369277,0.348534,-0.611588,-0.248470,1.396451,-0.480712,-0.218080,-0.137908,-0.429177,-0.102739,0.515245,-0.470530,0.416578,0.507241,-0.390670,0.427391,1.213273,-0.262350,0.524060,-0.003965,-0.129178,0.226007,0.470249,0.158176,0.711772,0.418835,0.117905,-0.689012,1.556192,0.063121,-0.594547,-0.237155,0.267493,-0.214261,0.817557,0.764969,-0.159463,0.331712,0.239838,0.125134,0.444592,0.440678,-0.660083,0.282354,0.691834,0.040164,1.575637,0.568083,0.199546,-0.117230,0.281400,0.341205,1.111031,0.437454,0.537768,0.003328
6.720000,-0.207899,-0.490244,0.714648,-0.265545,-0.373218,0.361292,-0.621022,-0.252916,1.393664,-0.462669,-0.226603,-0.140714,-0.438641,-0.094550,0.525551,-0.475780,0.402145,0.523176,-0.396008,0.437662,1.213204,-0.271491,0.502965,-0.002931,-0.126189,0.240284,0.478848,0.140598,0.715790,0.440938,0.119250,-0.700707,1.551378,0.071383,-0.574941,-0.244192,0.282811,-0.217217,0.824268,0.766690,-0.136033,0.339340,0.248706,0.111876,0.450503,0.446128,-0.665488,0.308666,0.702945,0.044381,1.573175,0.542930,0.222193,-0.128931,0.289909,0.352034,1.111159,0.413344,0.545144,0.009489
6.740000,-0.213092,-0.497749,0.721998,-0.253729,-0.377325,0.373562,-0.630095,-0.257535,1.390825,-0.444547,-0.235346,-0.143177,-0.448207,-0.086660,0.536168,-0.480786,0.386720,0.538402,-0.401531,0.447507,1.213156,-0.280797,0.481504,-0.001785,-0.123558,0.254633,0.487883,0.122399,0.718988,0.462431,0.120763,-0.712010,1.546427,0.080075,-0.555344,-0.250727,0.298156,-0.219701,0.831128,0.767768,-0.112394,0.346555,0.257684,0.098523,0.456936,0.451643,-0.669619,0.334598,0.713550,0.049051,1.570481,0.517599,0.244829,-0.140358,0.297931,0.363008,1.111411,0.388853,0.552199,0.015704
6.760000,-0.218044,-0.505338,0.729588,-0.241365,-0.381598,0.385344,-0.638804,-0.262331,1.387939,-0.426348,-0.244308,-0.145296,-0.457870,-0.079088,0.547082,-0.485548,0.370303,0.552920,-0.407241,0.456920,1.213133,-0.290269,0.459677,-0.000526,-0.121297,0.269038,0.497341,0.103578,0.721366,0.483316,0.122455,-0.722921,1.541352,0.089197,-0.535754,-0.256759,0.313517,-0.221711,0.838128,0.768201,-0.088548,0.353358,0.266772,0.085100,0.463884,0.457222,-0.672474,0.360149,0.723648,0.054174,1.567562,0.492088,0.267452,-0.151513,0.305460,0.374120,1.111787,0.363980,0.558931,0.021974
6.780000,-0.222743,-0.513014,0.737408,-0.228453,-0.386037,0.396638,-0.647148,-0.267309,1.385015,-0.408071,-0.253490,-0.147071,-0.467627,-0.071854,0.558280,-0.490066,0.352892,0.566728,-0.413143,0.465892,1.213136,-0.299907,0.437485,0.000846,-0.119419,0.283482,0.507211,0.084136,0.722925,0.503592,0.124334,-0.733440,1.536160,0.098751,-0.516173,-0.262289,0.328880,-0.223242,0.845259,0.767991,-0.064495,0.359749,0.275973,0.071633,0.471339,0.462865,-0.674054,0.385321,0.733233,0.059749,1.564422,0.466398,0.290064,-0.162394,0.312488,0.385363,1.112290,0.338725,0.565340,0.028300
6.800000,-0.227179,-0.520780,0.745450,-0.214993,-0.390642,0.407444,-0.655126,-0.272472,1.382059,-0.389717,-0.262891,-0.148502,-0.477471,-0.064979,0.569746,-0.494341,0.334490,0.579828,-0.419239,0.474417,1.213168,-0.309710,0.414928,0.002330,-0.117936,0.297949,0.517481,0.064072,0.723663,0.523260,0.126408,-0.743568,1.530864,0.108734,-0.496600,-0.267317,0.344232,-0.224289,0.852515,0.767136,-0.040234,0.365728,0.285287,0.058146,0.479294,0.468573,-0.674359,0.410112,0.742302,0.065777,1.561068,0.440530,0.312664,-0.173003,0.319007,0.396732,1.112920,0.313089,0.571428,0.034680
6.820000,-0.231340,-0.528640,0.753702,-0.201021,-0.395278,0.417722,-0.662736,-0.277826,1.379078,-0.371286,-0.272438,-0.149571,-0.487398,-0.058480,0.581468,-0.498239,0.315252,0.592168,-0.425531,0.482487,1.213230,-0.319550,0.392078,0.003933,-0.116859,0.312423,0.528137,0.043561,0.723519,0.542185,0.128686,-0.753304,1.525471,0.119091,-0.477054,-0.271801,0.359561,-0.224851,0.859886,0.765574,-0.015882,0.371292,0.294716,0.044667,0.487740,0.474294,-0.673392,0.434331,0.750853,0.072255,1.557505,0.414559,0.335085,-0.183214,0.325010,0.408218,1.113677,0.287178,0.577102,0.041074
6.840000,-0.235216,-0.536591,0.762155,-0.186575,-0.399810,0.427432,-0.669977,-0.283370,1.376079,-0.352781,-0.282054,-0.150261,-0.497398,-0.052373,0.593428,-0.501626,0.295336,0.603698,-0.432020,0.490099,1.213326,-0.329297,0.369009,0.005661,-0.116195,0.326884,0.539162,0.022779,0.722430,0.560235,0.131174,-0.762650,1.519995,0.129765,-0.457554,-0.275699,0.374850,-0.224925,0.867364,0.763241,0.008445,0.376441,0.304259,0.031219,0.496663,0.479980,-0.671156,0.457786,0.758884,0.079178,1.553743,0.388565,0.357158,-0.192903,0.330493,0.419812,1.114563,0.261098,0.582269,0.047443
6.860000,-0.238799,-0.544632,0.770796,-0.171655,-0.404238,0.436572,-0.676847,-0.289108,1.373070,-0.334202,-0.291742,-0.150572,-0.507460,-0.046671,0.605610,-0.504504,0.274741,0.614418,-0.438703,0.497246,1.213457,-0.338951,0.345720,0.007514,-0.115950,0.341314,0.550540,0.001726,0.720396,0.577410,0.133879,-0.771607,1.514447,0.140754,-0.438100,-0.279012,0.390085,-0.224513,0.874941,0.760136,0.032748,0.381175,0.313915,0.017829,0.506046,0.485630,-0.667650,0.480478,0.766396,0.086539,1.549792,0.362546,0.378884,-0.202071,0.335452,0.431505,1.115575,0.234850,0.586930,0.053785
6.880000,-0.242079,-0.552760,0.779614,-0.156260,-0.408562,0.445142,-0.683344,-0.295040,1.370058,-0.315549,-0.301500,-0.150502,-0.517574,-0.041388,0.617999,-0.506872,0.253469,0.624327,-0.445577,0.503926,1.213627,-0.348512,0.322211,0.009492,-0.116128,0.355693,0.562253,-0.019598,0.717417,0.593709,0.136806,-0.780174,1.508839,0.152060,-0.418693,-0.281739,0.405250,-0.223615,0.882608,0.756261,0.057025,0.385494,0.323684,0.004522,0.515877,0.491245,-0.662876,0.502406,0.773386,0.094331,1.545664,0.336504,0.400262,-0.210717,0.339886,0.443286,1.116714,0.208432,0.591085,0.060102
6.900000,-0.245047,-0.560973,0.788598,-0.140391,-0.412782,0.453144,-0.689468,-0.301169,1.367052,-0.296822,-0.311329,-0.150053,-0.527731,-0.036537,0.630578,-0.508730,0.231519,0.633427,-0.452642,0.510133,1.213838,-0.357980,0.298483,0.011594,-0.116736,0.370004,0.574283,-0.041194,0.713492,0.609133,0.139963,-0.788355,1.503182,0.163683,-0.399331,-0.283881,0.420331,-0.222232,0.890358,0.751615,0.081277,0.389397,0.333564,-0.008678,0.526138,0.496823,-0.656833,0.523570,0.779856,0.102547,1.541367,0.310437,0.421293,-0.218842,0.343789,0.455145,1.117979,0.181845,0.594733,0.066392
6.920000,-0.247692,-0.569269,0.797736,-0.124092,-0.416767,0.460563,-0.695217,-0.307494,1.364059,-0.278013,-0.321156,-0.149224,-0.537920,-0.032131,0.643331,-0.509976,0.209044,0.641704,-0.459895,0.515864,1.214092,-0.367242,0.274592,0.013822,-0.117777,0.384227,0.586612,-0.062901,0.708589,0.623610,0.143355,-0.796148,1.497488,0.175558,-0.380014,-0.285422,0.435310,-0.220365,0.898181,0.746152,0.105406,0.392896,0.343556,-0.021743,0.536814,0.502321,-0.649555,0.543856,0.785804,0.111179,1.536914,0.284408,0.441833,-0.226359,0.347159,0.467072,1.119369,0.155178,0.597801,0.072628
6.940000,-0.250008,-0.577642,0.807016,-0.107406,-0.420386,0.467386,-0.700588,-0.314014,1.361086,-0.259114,-0.330908,-0.148014,-0.548126,-0.028178,0.656241,-0.510506,0.186197,0.649148,-0.467330,0.521116,1.214391,-0.376184,0.250596,0.016176,-0.119251,0.398341,0.599220,-0.084557,0.702673,0.637067,0.146987,-0.803555,1.491769,0.187624,-0.360739,-0.286347,0.450171,-0.218017,0.906071,0.739827,0.129315,0.396001,0.353656,-0.034652,0.547885,0.507693,-0.641077,0.563147,0.791233,0.120216,1.532317,0.258481,0.461739,-0.233184,0.349996,0.479053,1.120883,0.128516,0.600211,0.078782
6.960000,-0.251986,-0.586082,0.816427,-0.090333,-0.423639,0.473612,-0.705581,-0.320729,1.358141,-0.240126,-0.340586,-0.146423,-0.558335,-0.024686,0.669291,-0.510321,0.162978,0.655759,-0.474940,0.525887,1.214740,-0.384806,0.226494,0.018656,-0.121159,0.412327,0.612088,-0.106162,0.695747,0.649505,0.150862,-0.810578,1.486038,0.199879,-0.341507,-0.286656,0.464897,-0.215194,0.914019,0.732641,0.153003,0.398714,0.363863,-0.047378,0.559333,0.512938,-0.631398,0.581445,0.796144,0.129644,1.527591,0.232654,0.481012,-0.239317,0.352300,0.491076,1.122520,0.101861,0.601965,0.084855
6.980000,-0.253619,-0.594585,0.825957,-0.072874,-0.426525,0.479242,-0.710193,-0.327637,1.355231,-0.221049,-0.350189,-0.144451,-0.568534,-0.021661,0.682465,-0.509421,0.139387,0.661535,-0.482720,0.530175,1.215138,-0.393109,0.202286,0.021261,-0.123497,0.426164,0.625194,-0.127717,0.687808,0.660923,0.154983,-0.817216,1.480307,0.212325,-0.322317,-0.286350,0.479471,-0.211899,0.922017,0.724593,0.176471,0.401033,0.374173,-0.059900,0.571136,0.518058,-0.620518,0.598749,0.800539,0.139452,1.522749,0.206928,0.499650,-0.244758,0.354070,0.503127,1.124277,0.075213,0.603062,0.090845
7.000000,-0.254898,-0.603141,0.835593,-0.055028,-0.429046,0.484275,-0.714422,-0.334737,1.352365,-0.201882,-0.359717,-0.142098,-0.578707,-0.019113,0.695747,-0.507806,0.115424,0.666478,-0.490663,0.533978,1.215591,-0.401091,0.177973,0.023993,-0.126267,0.439832,0.638518,-0.149222,0.678857,0.671321,0.159356,-0.823471,1.474588,0.224961,-0.303170,-0.285428,0.493875,-0.208136,0.930057,0.715682,0.199719,0.402959,0.384584,-0.072191,0.583276,0.523053,-0.608438,0.615059,0.804422,0.149626,1.517806,0.181302,0.517655,-0.249506,0.355308,0.515194,1.126153,0.048571,0.603502,0.096753
7.020000,-0.255817,-0.611743,0.845324,-0.036846,-0.431108,0.488729,-0.718267,-0.342025,1.349550,-0.182621,-0.369100,-0.139378,-0.588841,-0.017046,0.709119,-0.505423,0.091222,0.670615,-0.498761,0.537294,1.216099,-0.408668,0.153600,0.026846,-0.129465,0.453312,0.652040,-0.170555,0.668900,0.680696,0.163982,-0.829343,1.468894,0.237715,-0.284053,-0.283901,0.508092,-0.203912,0.938133,0.705933,0.222679,0.404526,0.395094,-0.084230,0.595732,0.527829,-0.595219,0.630324,0.807792,0.160153,1.512774,0.155819,0.534926,-0.253528,0.356014,0.527262,1.128146,0.022011,0.603241,0.102565
7.040000,-0.256370,-0.620382,0.855138,-0.018381,-0.432616,0.492620,-0.721726,-0.349499,1.346792,-0.163263,-0.378269,-0.136305,-0.598919,-0.015464,0.722566,-0.502217,0.066914,0.673973,-0.507006,0.540122,1.216665,-0.415754,0.129212,0.029818,-0.133087,0.466582,0.665739,-0.191594,0.657941,0.689041,0.168865,-0.834833,1.463236,0.250513,-0.264952,-0.281779,0.522107,-0.199232,0.946236,0.695367,0.245283,0.405768,0.405696,-0.095993,0.608482,0.532295,-0.580923,0.644492,0.810656,0.171018,1.507669,0.130519,0.551361,-0.256788,0.356190,0.539318,1.130255,-0.004392,0.602235,0.108266
7.060000,-0.256551,-0.629044,0.865025,0.000367,-0.433572,0.495949,-0.724797,-0.357154,1.344100,-0.143809,-0.387223,-0.132880,-0.608924,-0.014370,0.736073,-0.498191,0.042501,0.676552,-0.515388,0.542462,1.217293,-0.422347,0.104809,0.032908,-0.137127,0.479623,0.679595,-0.212339,0.645982,0.696359,0.174003,-0.839941,1.457626,0.263356,-0.245867,-0.279063,0.535902,-0.194103,0.954361,0.683984,0.267532,0.406684,0.416384,-0.107459,0.621504,0.536452,-0.565551,0.657563,0.813014,0.182202,1.502507,0.105403,0.566961,-0.259288,0.355839,0.551347,1.132476,-0.030636,0.600484,0.113856
7.080000,-0.256354,-0.637721,0.874973,0.019398,-0.433975,0.498715,-0.727478,-0.364987,1.341480,-0.124256,-0.395963,-0.129103,-0.618841,-0.013765,0.749623,-0.493342,0.017982,0.678352,-0.523897,0.544314,1.217983,-0.428449,0.080392,0.036117,-0.141579,0.492414,0.693586,-0.232791,0.633022,0.702647,0.179399,-0.844668,1.452077,0.276244,-0.226799,-0.275753,0.549461,-0.188533,0.962501,0.671784,0.289425,0.407275,0.427152,-0.118608,0.634777,0.540298,-0.549103,0.669537,0.814873,0.193691,1.497303,0.080471,0.581725,-0.261026,0.354965,0.563333,1.134808,-0.056724,0.597987,0.119336
7.100000,-0.255773,-0.646400,0.884970,0.038712,-0.433825,0.500920,-0.729767,-0.372991,1.338938,-0.104607,-0.404488,-0.124973,-0.628652,-0.013651,0.763202,-0.487673,-0.006643,0.679373,-0.532523,0.545678,1.218738,-0.434059,0.055961,0.039444,-0.146437,0.504937,0.707694,-0.252949,0.619061,0.707907,0.185053,-0.849013,1.446600,0.289177,-0.207747,-0.271848,0.562768,-0.182528,0.970650,0.658767,0.310963,0.407540,0.437993,-0.129416,0.648278,0.543835,-0.531578,0.680415,0.816235,0.205466,1.492071,0.055722,0.595655,-0.262003,0.353571,0.575261,1.137249,-0.082653,0.594745,0.124706
7.120000,-0.254804,-0.655070,0.895006,0.058250,-0.433069,0.502602,-0.731662,-0.381164,1.336483,-0.084863,-0.412734,-0.120517,-0.638342,-0.014031,0.776793,-0.481177,-0.031256,0.679675,-0.541255,0.546553,1.219561,-0.439120,0.031552,0.042882,-0.151694,0.517170,0.721896,-0.272726,0.604141,0.712190,0.190966,-0.852978,1.441207,0.302077,-0.188693,-0.267383,0.575806,-0.176097,0.978801,0.644977,0.332101,0.407520,0.448902,-0.139864,0.661986,0.546985,-0.513061,0.690210,0.817103,0.217511,1.486828,0.031175,0.608693,-0.262233,0.351660,0.587117,1.139796,-0.108366,0.590743,0.129961
7.140000,-0.253442,-0.663718,0.905071,0.077948,-0.431652,0.503803,-0.733161,-0.389499,1.334119,-0.065029,-0.420639,-0.115764,-0.647894,-0.014901,0.790384,-0.473852,-0.055743,0.679316,-0.550083,0.546940,1.220454,-0.443574,0.007203,0.046423,-0.157343,0.529096,0.736175,-0.292036,0.588305,0.715545,0.197136,-0.856561,1.435908,0.314866,-0.169617,-0.262390,0.588562,-0.169247,0.986949,0.630459,0.352798,0.407256,0.459870,-0.149933,0.675880,0.549670,-0.493633,0.698936,0.817483,0.229807,1.481587,0.006852,0.620783,-0.261728,0.349238,0.598886,1.142447,-0.133801,0.585967,0.135100
7.160000,-0.251685,-0.672331,0.915155,0.097808,-0.429576,0.504522,-0.734262,-0.397987,1.331854,-0.045103,-0.428201,-0.110712,-0.657291,-0.016260,0.803962,-0.465697,-0.080101,0.678297,-0.558994,0.546841,1.221419,-0.447422,-0.017085,0.050068,-0.163373,0.540696,0.750512,-0.310877,0.571554,0.717974,0.203560,-0.859762,1.430715,0.327546,-0.150519,-0.256871,0.601020,-0.161988,0.995090,0.615212,0.373053,0.406746,0.470886,-0.159603,0.689937,0.551891,-0.473296,0.706594,0.817379,0.242336,1.476364,-0.017250,0.631925,-0.260490,0.346310,0.610551,1.145199,-0.158959,0.580417,0.140123
7.180000,-0.249529,-0.680897,0.925248,0.117829,-0.426839,0.504760,-0.734964,-0.406624,1.329693,-0.025086,-0.435420,-0.105363,-0.666516,-0.018104,0.817512,-0.456712,-0.104333,0.676618,-0.567976,0.546257,1.222457,-0.450662,-0.041312,0.053816,-0.169775,0.551952,0.764888,-0.329252,0.553887,0.719476,0.210237,-0.862581,1.425637,0.340114,-0.131400,-0.250824,0.613165,-0.154328,1.003218,0.599236,0.392866,0.405992,0.481942,-0.168858,0.704136,0.553648,-0.452048,0.713183,0.816795,0.255078,1.471172,-0.041129,0.642120,-0.258517,0.342882,0.622097,1.148051,-0.183840,0.574093,0.145029
7.200000,-0.246970,-0.689401,0.935342,0.138012,-0.423443,0.504516,-0.735265,-0.415402,1.327642,-0.004978,-0.442297,-0.099715,-0.675554,-0.020432,0.831022,-0.446898,-0.128436,0.674278,-0.577017,0.545189,1.223572,-0.453296,-0.065480,0.057667,-0.176539,0.562846,0.779285,-0.347158,0.535304,0.720051,0.217164,-0.865018,1.420686,0.352573,-0.112259,-0.244250,0.624984,-0.146276,1.011328,0.582531,0.412238,0.404992,0.493029,-0.177679,0.718457,0.554940,-0.429891,0.718704,0.815735,0.268014,1.466028,-0.064786,0.651366,-0.255810,0.338959,0.633510,1.151000,-0.208444,0.566995,0.149818
7.220000,-0.244007,-0.697830,0.945426,0.158286,-0.419370,0.503848,-0.735163,-0.424314,1.325706,0.015209,-0.448780,-0.093808,-0.684387,-0.023240,0.844479,-0.436285,-0.152318,0.671358,-0.586104,0.543639,1.224765,-0.455294,-0.089554,0.061611,-0.183657,0.573359,0.793684,-0.364543,0.515870,0.719786,0.224338,-0.867072,1.415870,0.364843,-0.093083,-0.237204,0.636462,-0.137842,1.019416,0.565157,0.431139,0.403790,0.504136,-0.186049,0.732878,0.555712,-0.406921,0.723217,0.814205,0.281126,1.460944,-0.088212,0.659648,-0.252423,0.334546,0.644772,1.154043,-0.232719,0.559140,0.154495
7.240000,-0.240639,-0.706171,0.955493,0.178582,-0.414606,0.502812,-0.734656,-0.433350,1.323891,0.035463,-0.454817,-0.087681,-0.693000,-0.026523,0.857873,-0.424904,-0.175882,0.667936,-0.595224,0.541608,1.226037,-0.456628,-0.113501,0.065635,-0.191117,0.583475,0.808071,-0.381350,0.495651,0.718767,0.231756,-0.868741,1.411200,0.376846,-0.073855,-0.229739,0.647587,-0.129034,1.027478,0.547175,0.449542,0.402428,0.515254,-0.193951,0.747379,0.555908,-0.383235,0.726784,0.812208,0.294394,1.455935,-0.111402,0.666949,-0.248409,0.329652,0.655870,1.157179,-0.256616,0.550543,0.159061
7.260000,-0.236864,-0.714409,0.965536,0.198900,-0.409150,0.501409,-0.733744,-0.442503,1.322200,0.055783,-0.460407,-0.081334,-0.701378,-0.030273,0.871193,-0.412755,-0.199130,0.664014,-0.604364,0.539099,1.227391,-0.457298,-0.137322,0.069739,-0.198908,0.593180,0.822430,-0.397581,0.474646,0.716994,0.239411,-0.870025,1.406684,0.388584,-0.054578,-0.221855,0.658345,-0.119863,1.035512,0.528583,0.467447,0.400907,0.526369,-0.201373,0.761943,0.555528,-0.358834,0.729404,0.809750,0.307797,1.451012,-0.134354,0.673269,-0.243769,0.324284,0.666789,1.160405,-0.280134,0.541205,0.163518
7.280000,-0.232683,-0.722532,0.975547,0.219240,-0.403002,0.499638,-0.732424,-0.451764,1.320639,0.076169,-0.465552,-0.074766,-0.709505,-0.034486,0.884430,-0.399838,-0.222060,0.659590,-0.613511,0.536116,1.228827,-0.457303,-0.161016,0.073924,-0.207017,0.602456,0.836746,-0.413235,0.452856,0.714467,0.247297,-0.870924,1.402329,0.400055,-0.035250,-0.213552,0.668726,-0.110339,1.043514,0.509382,0.484853,0.399225,0.537471,-0.208300,0.776549,0.554572,-0.333717,0.731077,0.806836,0.321318,1.446189,-0.157068,0.678608,-0.238502,0.318449,0.677513,1.163719,-0.303273,0.531125,0.167865
7.300000,-0.228094,-0.730525,0.985519,0.239601,-0.396162,0.497499,-0.730697,-0.461122,1.319211,0.096623,-0.470250,-0.067979,-0.717366,-0.039154,0.897573,-0.386154,-0.244673,0.654665,-0.622652,0.532660,1.230348,-0.456645,-0.184584,0.078189,-0.215433,0.611289,0.851004,-0.428312,0.430280,0.711186,0.255411,-0.871435,1.398144,0.411260,-0.015871,-0.204830,0.678716,-0.100472,1.051480,0.489572,0.501762,0.397383,0.548548,-0.214717,0.791180,0.553040,-0.307884,0.731804,0.803469,0.334935,1.441476,-0.179545,0.682965,-0.232608,0.312156,0.688029,1.167119,-0.326033,0.520304,0.172103
7.320000,-0.223099,-0.738374,0.995445,0.259909,-0.388649,0.495056,-0.728559,-0.470570,1.317921,0.117118,-0.474471,-0.061020,-0.724946,-0.044270,0.910614,-0.371752,-0.266894,0.649326,-0.631773,0.528734,1.231955,-0.455326,-0.207989,0.082518,-0.224145,0.619663,0.865189,-0.442777,0.407014,0.707256,0.263746,-0.871558,1.394138,0.422132,0.003560,-0.195760,0.688305,-0.090272,1.059408,0.469241,0.518148,0.395423,0.559588,-0.220611,0.805816,0.550898,-0.281451,0.731679,0.799655,0.348630,1.436888,-0.201781,0.686361,-0.226171,0.305411,0.698321,1.170602,-0.348373,0.508786,0.176236
7.340000,-0.217699,-0.746067,1.005320,0.280087,-0.380481,0.492373,-0.726012,-0.480098,1.316771,0.137633,-0.478181,-0.053939,-0.732232,-0.049826,0.923544,-0.356682,-0.288648,0.643659,-0.640861,0.524341,1.233649,-0.453349,-0.231198,0.086893,-0.233140,0.627565,0.879290,-0.456594,0.383153,0.702784,0.272294,-0.871292,1.390316,0.432604,0.023045,-0.186413,0.697483,-0.079750,1.067296,0.448478,0.533990,0.393388,0.570580,-0.225972,0.820442,0.548112,-0.254534,0.730795,0.795399,0.362383,1.432433,-0.223773,0.688816,-0.219274,0.298224,0.708376,1.174167,-0.370254,0.496613,0.180270
7.360000,-0.211896,-0.753589,1.015139,0.300135,-0.371658,0.489451,-0.723054,-0.489694,1.315764,0.158167,-0.481382,-0.046737,-0.739209,-0.055813,0.936358,-0.340946,-0.309935,0.637665,-0.649902,0.519487,1.235431,-0.450715,-0.254210,0.091316,-0.242405,0.634985,0.893297,-0.469762,0.358697,0.697770,0.281047,-0.870636,1.386683,0.442676,0.042584,-0.176787,0.706241,-0.068916,1.075143,0.427281,0.549286,0.391277,0.581509,-0.230789,0.835042,0.544683,-0.227131,0.729152,0.790706,0.376176,1.428120,-0.245521,0.690328,-0.211918,0.290604,0.718181,1.177812,-0.391675,0.483786,0.184205
7.380000,-0.205694,-0.760929,1.024896,0.320053,-0.362180,0.486290,-0.719685,-0.499350,1.314902,0.178719,-0.484073,-0.039412,-0.745865,-0.062220,0.949049,-0.324543,-0.330754,0.631343,-0.658885,0.514174,1.237302,-0.447423,-0.277025,0.095785,-0.251926,0.641909,0.907197,-0.482283,0.333646,0.692214,0.289998,-0.869589,1.383246,0.452348,0.062176,-0.166884,0.714572,-0.057782,1.082947,0.405652,0.564037,0.389092,0.592363,-0.235054,0.849603,0.540610,-0.199244,0.726751,0.785580,0.389990,1.423959,-0.267024,0.690898,-0.204101,0.282560,0.727723,1.181535,-0.412636,0.470305,0.188040
7.400000,-0.199095,-0.768072,1.034589,0.339842,-0.352048,0.482888,-0.715905,-0.509054,1.314189,0.199290,-0.486255,-0.031966,-0.752186,-0.069040,0.961610,-0.307472,-0.351107,0.624694,-0.667795,0.508407,1.239263,-0.443474,-0.299644,0.100301,-0.261692,0.648327,0.920982,-0.494155,0.308000,0.686115,0.299138,-0.868149,1.380010,0.461620,0.081823,-0.156702,0.722465,-0.046359,1.090706,0.383590,0.578242,0.386830,0.603129,-0.238756,0.864107,0.535894,-0.170873,0.723592,0.780027,0.403806,1.419959,-0.288283,0.690526,-0.195825,0.274102,0.736989,1.185333,-0.433137,0.456169,0.191777
7.420000,-0.192102,-0.775006,1.044211,0.359427,-0.341302,0.479311,-0.711713,-0.518796,1.313624,0.219852,-0.487904,-0.024439,-0.758160,-0.076261,0.974035,-0.289815,-0.370925,0.617805,-0.676620,0.502190,1.241314,-0.438886,-0.322031,0.104851,-0.271688,0.654226,0.934639,-0.505359,0.281883,0.679588,0.308460,-0.866315,1.376979,0.470442,0.101509,-0.146325,0.729913,-0.034656,1.098420,0.361176,0.591879,0.384529,0.613794,-0.241887,0.878542,0.530529,-0.142154,0.719786,0.774051,0.417605,1.416128,-0.309296,0.689260,-0.187176,0.265238,0.745966,1.189205,-0.453144,0.441441,0.195424
7.440000,-0.184720,-0.781720,1.053760,0.378736,-0.329983,0.475621,-0.707111,-0.528566,1.313211,0.240377,-0.488999,-0.016875,-0.763776,-0.083873,0.986321,-0.271655,-0.390142,0.610765,-0.685346,0.495528,1.243457,-0.433679,-0.344152,0.109421,-0.281901,0.659600,0.948163,-0.515872,0.255420,0.672744,0.317953,-0.864088,1.374158,0.478762,0.121222,-0.135835,0.736910,-0.022687,1.106087,0.338489,0.604922,0.382220,0.624345,-0.244441,0.892895,0.524512,-0.113224,0.715448,0.767657,0.431371,1.412474,-0.330060,0.687147,-0.178239,0.255979,0.754643,1.193150,-0.472622,0.426183,0.198991
7.460000,-0.176954,-0.788202,1.063235,0.397769,-0.318093,0.471819,-0.702099,-0.538353,1.312950,0.260863,-0.489539,-0.009272,-0.769023,-0.091863,0.998464,-0.252990,-0.408758,0.603574,-0.693963,0.488426,1.245691,-0.427852,-0.366008,0.114011,-0.292318,0.664441,0.961547,-0.525695,0.228610,0.665585,0.327607,-0.861466,1.371547,0.486580,0.140961,-0.125231,0.743451,-0.010463,1.113709,0.315529,0.617373,0.379906,0.634770,-0.246414,0.907156,0.517843,-0.084085,0.710577,0.760850,0.445086,1.409001,-0.350575,0.684186,-0.169016,0.246336,0.763010,1.197164,-0.491572,0.410395,0.202479
7.480000,-0.168811,-0.794440,1.072632,0.416525,-0.305631,0.467905,-0.696677,-0.548144,1.312841,0.281312,-0.489524,-0.001632,-0.773892,-0.100219,1.010463,-0.233821,-0.426773,0.596232,-0.702456,0.480889,1.248018,-0.421407,-0.387597,0.118621,-0.302924,0.668742,0.974784,-0.534828,0.201453,0.658111,0.337412,-0.858450,1.369149,0.493897,0.160727,-0.114513,0.749529,0.002004,1.121284,0.292296,0.629231,0.377586,0.645055,-0.247803,0.921315,0.510522,-0.054735,0.705172,0.753635,0.458733,1.405715,-0.370842,0.680379,-0.159506,0.236320,0.771055,1.201248,-0.509994,0.394077,0.205887
7.500000,-0.160295,-0.800423,1.081950,0.435005,-0.292596,0.463879,-0.690846,-0.557930,1.312885,0.301723,-0.488955,0.006046,-0.778372,-0.108930,1.022313,-0.214148,-0.444188,0.588739,-0.710815,0.472924,1.250436,-0.414342,-0.408921,0.123253,-0.313707,0.672496,0.987869,-0.543270,0.173950,0.650320,0.347359,-0.855037,1.366967,0.500712,0.180518,-0.103682,0.755141,0.014702,1.128812,0.268791,0.640496,0.375259,0.655187,-0.248602,0.935360,0.502548,-0.025175,0.699235,0.746018,0.472295,1.402622,-0.390860,0.675724,-0.149709,0.225940,0.778769,1.205399,-0.527886,0.377228,0.209216
7.520000,-0.151413,-0.806141,1.091187,0.453142,-0.279060,0.459796,-0.684608,-0.567699,1.313082,0.322058,-0.487829,0.013726,-0.782455,-0.117982,1.034012,-0.194068,-0.460955,0.581170,-0.719026,0.464534,1.252948,-0.406701,-0.429942,0.127892,-0.324651,0.675698,1.000796,-0.551018,0.146229,0.642317,0.357437,-0.851229,1.365002,0.506996,0.200308,-0.092807,0.760280,0.027619,1.136294,0.245101,0.651154,0.372952,0.665153,-0.248809,0.949281,0.493949,0.004447,0.692878,0.738003,0.485756,1.399728,-0.410617,0.670297,-0.139703,0.215208,0.786141,1.209616,-0.545237,0.359929,0.212479
7.540000,-0.142172,-0.811583,1.100342,0.470871,-0.265091,0.455711,-0.677965,-0.577439,1.313433,0.342276,-0.486143,0.021373,-0.786133,-0.127363,1.045559,-0.173677,-0.477030,0.573603,-0.727079,0.455728,1.255552,-0.398526,-0.450622,0.132528,-0.335743,0.678345,1.013561,-0.558067,0.118415,0.634202,0.367635,-0.847025,1.363254,0.512718,0.220069,-0.081956,0.764944,0.040744,1.143730,0.221314,0.661188,0.370693,0.674941,-0.248425,0.963073,0.484751,0.033983,0.686211,0.729595,0.499102,1.397035,-0.430103,0.664170,-0.129566,0.204134,0.793164,1.213898,-0.562031,0.342259,0.215688
7.560000,-0.132581,-0.816741,1.109416,0.488190,-0.250691,0.451625,-0.670918,-0.587141,1.313937,0.362378,-0.483897,0.028987,-0.789400,-0.137059,1.056956,-0.152975,-0.492412,0.566037,-0.734964,0.446512,1.258249,-0.389817,-0.470960,0.137160,-0.346969,0.680434,1.026163,-0.564417,0.090509,0.625977,0.377942,-0.842426,1.361724,0.517877,0.239801,-0.071130,0.769132,0.054063,1.151122,0.197431,0.670600,0.368480,0.684539,-0.247451,0.976728,0.474955,0.063434,0.679235,0.720800,0.512319,1.394546,-0.449316,0.657345,-0.119298,0.192731,0.799829,1.218244,-0.578270,0.324220,0.218844
7.580000,-0.122647,-0.821608,1.118407,0.505101,-0.235859,0.447538,-0.663471,-0.596791,1.314593,0.382363,-0.481093,0.036567,-0.792250,-0.147055,1.068201,-0.131963,-0.507101,0.558472,-0.742668,0.436892,1.261038,-0.380574,-0.490958,0.141789,-0.358315,0.681965,1.038599,-0.570068,0.062512,0.617641,0.388347,-0.837433,1.360409,0.522475,0.259504,-0.060328,0.772841,0.067564,1.158470,0.173451,0.679389,0.366313,0.693935,-0.245888,0.990240,0.464560,0.092799,0.671950,0.711624,0.525391,1.392264,-0.468258,0.649821,-0.108899,0.181007,0.806130,1.222652,-0.593953,0.305809,0.221947
7.600000,-0.112380,-0.826173,1.127317,0.521602,-0.220594,0.443449,-0.655624,-0.606381,1.315400,0.402233,-0.477729,0.044114,-0.794677,-0.157338,1.079295,-0.110640,-0.521098,0.550908,-0.750183,0.426876,1.263920,-0.370797,-0.510615,0.146415,-0.369767,0.682934,1.050868,-0.575020,0.034423,0.609193,0.398838,-0.832046,1.359310,0.526510,0.279178,-0.049551,0.776069,0.081234,1.165775,0.149374,0.687555,0.364194,0.703117,-0.243739,1.003604,0.453567,0.122079,0.664357,0.702072,0.538307,1.390191,-0.486928,0.641598,-0.098368,0.168976,0.812059,1.227121,-0.609079,0.287029,0.224997
7.620000,-0.101786,-0.830429,1.136145,0.537636,-0.204968,0.439388,-0.647382,-0.615897,1.316357,0.421937,-0.473832,0.051600,-0.796674,-0.167894,1.090238,-0.089104,-0.534378,0.543394,-0.757497,0.416470,1.266895,-0.360535,-0.529883,0.151018,-0.381311,0.683342,1.062967,-0.579284,0.006360,0.600708,0.409403,-0.826266,1.358427,0.529985,0.298778,-0.038846,0.778815,0.095062,1.173038,0.125280,0.695095,0.362132,0.712074,-0.241006,1.016813,0.442031,0.151133,0.656546,0.692149,0.551051,1.388330,-0.505303,0.632757,-0.087774,0.156648,0.817609,1.231651,-0.623630,0.267958,0.227995
7.640000,-0.090878,-0.834370,1.144893,0.553142,-0.189051,0.435386,-0.638748,-0.625330,1.317463,0.441425,-0.469429,0.059000,-0.798240,-0.178709,1.101031,-0.067452,-0.546920,0.535980,-0.764601,0.405683,1.269961,-0.349835,-0.548718,0.155581,-0.392934,0.683189,1.074897,-0.582874,-0.021561,0.592256,0.420033,-0.820096,1.357756,0.532900,0.318259,-0.028262,0.781081,0.109034,1.180261,0.101247,0.702006,0.360141,0.720795,-0.237696,1.029865,0.430008,0.179823,0.648609,0.681862,0.563613,1.386680,-0.523360,0.623378,-0.077184,0.144035,0.822776,1.236241,-0.637583,0.248677,0.230944
7.660000,-0.079664,-0.837989,1.153561,0.568121,-0.172843,0.431443,-0.629727,-0.634671,1.318716,0.460698,-0.464520,0.066313,-0.799371,-0.189766,1.111677,-0.045685,-0.558723,0.528664,-0.771488,0.394524,1.273118,-0.338698,-0.567117,0.160103,-0.404621,0.682480,1.086657,-0.585788,-0.049338,0.583839,0.430716,-0.813537,1.357295,0.535255,0.337620,-0.017799,0.782866,0.123138,1.187444,0.077276,0.708287,0.358218,0.729271,-0.233816,1.042756,0.417498,0.208148,0.640546,0.671217,0.575983,1.385242,-0.541100,0.613463,-0.066597,0.131149,0.827555,1.240889,-0.650939,0.229187,0.233843
7.680000,-0.068156,-0.841281,1.162151,0.582573,-0.156344,0.427557,-0.620322,-0.643908,1.320115,0.479755,-0.459105,0.073540,-0.800067,-0.201053,1.122178,-0.023803,-0.569787,0.521447,-0.778146,0.383002,1.276365,-0.327125,-0.585082,0.164584,-0.416361,0.681217,1.098250,-0.588028,-0.076973,0.575456,0.441440,-0.806592,1.357043,0.537051,0.356862,-0.007456,0.784172,0.137361,1.194590,0.053367,0.713939,0.356366,0.737492,-0.229373,1.055486,0.404502,0.236108,0.632356,0.660220,0.588148,1.384016,-0.558523,0.603010,-0.056014,0.118001,0.831942,1.245594,-0.663699,0.209486,0.236692
7.700000,-0.056365,-0.844241,1.170664,0.596498,-0.139553,0.423731,-0.610538,-0.653032,1.321657,0.498596,-0.453184,0.080680,-0.800323,-0.212553,1.132536,-0.001805,-0.580112,0.514329,-0.784570,0.371124,1.279701,-0.315114,-0.602612,0.169025,-0.428138,0.679402,1.109676,-0.589592,-0.104464,0.567107,0.452194,-0.799263,1.356996,0.538287,0.375985,0.002767,0.785001,0.151691,1.201699,0.029520,0.718961,0.354583,0.745448,-0.224374,1.068050,0.391018,0.263704,0.624041,0.648878,0.600100,1.383002,-0.575627,0.592020,-0.045434,0.104605,0.835933,1.250356,-0.675862,0.189576,0.239491
7.720000,-0.044300,-0.846862,1.179101,0.609852,-0.122534,0.419968,-0.600380,-0.662032,1.323341,0.517176,-0.446788,0.087710,-0.800138,-0.224252,1.142752,0.020226,-0.589690,0.507327,-0.790748,0.358900,1.283125,-0.302712,-0.619671,0.173404,-0.439940,0.677040,1.120935,-0.590498,-0.131724,0.558827,0.462968,-0.791554,1.357153,0.538975,0.394943,0.012832,0.785354,0.166115,1.208774,0.005792,0.723354,0.352864,0.753130,-0.218828,1.080447,0.377110,0.290821,0.615656,0.637197,0.611826,1.382199,-0.592395,0.580560,-0.034913,0.090971,0.839524,1.255173,-0.687408,0.169526,0.242232
7.740000,-0.031975,-0.849141,1.187463,0.622593,-0.105347,0.416275,-0.589853,-0.670900,1.325165,0.535447,-0.439947,0.094607,-0.799514,-0.236135,1.152830,0.042209,-0.598510,0.500457,-0.796676,0.346340,1.286636,-0.289966,-0.636221,0.177699,-0.451754,0.674135,1.132030,-0.590763,-0.158663,0.550650,0.473749,-0.783467,1.357508,0.539126,0.413692,0.022703,0.785234,0.180621,1.215814,-0.017757,0.727120,0.351203,0.760530,-0.212745,1.092676,0.362839,0.317345,0.607257,0.625184,0.623319,1.381605,-0.608804,0.568699,-0.024503,0.077113,0.842714,1.260045,-0.698318,0.149407,0.244907
7.760000,-0.019401,-0.851075,1.195752,0.634722,-0.087994,0.412651,-0.578964,-0.679627,1.327125,0.553411,-0.432661,0.101371,-0.798450,-0.248187,1.162771,0.064144,-0.606575,0.493719,-0.802345,0.333455,1.290233,-0.276876,-0.652262,0.181910,-0.463566,0.670695,1.142962,-0.590386,-0.185282,0.542578,0.484529,-0.775007,1.358059,0.538741,0.432231,0.032381,0.784644,0.195196,1.222822,-0.041129,0.730257,0.349599,0.767641,-0.206138,1.104737,0.348206,0.343276,0.598844,0.612847,0.634571,1.381218,-0.624856,0.556437,-0.014205,0.063042,0.845500,1.264969,-0.708592,0.129218,0.247514
7.780000,-0.006590,-0.852660,1.203970,0.646237,-0.070473,0.409097,-0.567719,-0.688204,1.329219,0.571065,-0.424929,0.108001,-0.796949,-0.260393,1.172580,0.086030,-0.613883,0.487113,-0.807749,0.320253,1.293912,-0.263441,-0.667795,0.186037,-0.475365,0.666726,1.153733,-0.589368,-0.211580,0.534610,0.495296,-0.766179,1.358802,0.537820,0.450561,0.041864,0.783590,0.209827,1.229798,-0.064323,0.732766,0.348052,0.774456,-0.199018,1.116630,0.333210,0.368615,0.590418,0.600193,0.645574,1.381036,-0.640550,0.543773,-0.004019,0.048773,0.847882,1.269945,-0.718230,0.108960,0.250055
7.800000,0.006445,-0.853893,1.212117,0.657139,-0.052785,0.405612,-0.556123,-0.696621,1.331444,0.588412,-0.416753,0.114498,-0.795010,-0.272738,1.182257,0.107868,-0.620434,0.480639,-0.812880,0.306746,1.297674,-0.249661,-0.682819,0.190080,-0.487137,0.662234,1.164347,-0.587709,-0.237558,0.526746,0.506038,-0.756986,1.359733,0.536361,0.468682,0.051154,0.782073,0.224502,1.236745,-0.087339,0.734647,0.346564,0.780967,-0.191397,1.128354,0.317852,0.393360,0.581978,0.587228,0.656320,1.381056,-0.655887,0.530708,0.006056,0.034318,0.849858,1.274971,-0.727232,0.088632,0.252529
7.820000,0.019691,-0.854770,1.220194,0.667411,-0.034986,0.402186,-0.544184,-0.704871,1.333798,0.605417,-0.408169,0.120843,-0.792635,-0.285206,1.191806,0.129595,-0.626245,0.474290,-0.817733,0.292944,1.301515,-0.235585,-0.697314,0.194018,-0.498869,0.657226,1.174804,-0.585446,-0.263163,0.518992,0.516747,-0.747433,1.360847,0.534394,0.486558,0.060223,0.780098,0.239209,1.243661,-0.110136,0.735916,0.345115,0.787168,-0.183288,1.139909,0.302192,0.417444,0.573549,0.573960,0.666800,1.381277,-0.670856,0.517303,0.015979,0.019688,0.851427,1.280045,-0.735592,0.068293,0.254921
7.840000,0.033137,-0.855292,1.228204,0.677037,-0.017129,0.398805,-0.531909,-0.712945,1.336277,0.622047,-0.399212,0.127014,-0.789827,-0.297783,1.201229,0.151150,-0.631330,0.468059,-0.822302,0.278857,1.305433,-0.221258,-0.711262,0.197827,-0.510551,0.651711,1.185107,-0.582613,-0.288345,0.511355,0.527411,-0.737526,1.362140,0.531944,0.504153,0.069044,0.777669,0.253935,1.250549,-0.132674,0.736591,0.343687,0.793053,-0.174704,1.151296,0.286288,0.440796,0.565155,0.560396,0.677010,1.381694,-0.685449,0.503619,0.025709,0.004898,0.852590,1.285167,-0.743307,0.048001,0.257216
7.860000,0.046768,-0.855455,1.236147,0.686016,0.000785,0.395471,-0.519305,-0.720837,1.338877,0.638302,-0.389883,0.133012,-0.786590,-0.310454,1.210529,0.172531,-0.635690,0.461946,-0.826582,0.264497,1.309427,-0.206682,-0.724663,0.201508,-0.522170,0.645696,1.195259,-0.579211,-0.313103,0.503835,0.538021,-0.727269,1.363607,0.529011,0.521468,0.077618,0.774792,0.268669,1.257409,-0.154952,0.736671,0.342281,0.798618,-0.165661,1.162515,0.270142,0.463418,0.556795,0.546544,0.686943,1.382304,-0.699666,0.489655,0.035246,-0.010040,0.853348,1.290333,-0.750375,0.027755,0.259412
7.880000,0.060573,-0.855260,1.244023,0.694348,0.018755,0.392184,-0.506380,-0.728538,1.341596,0.654181,-0.380182,0.138837,-0.782927,-0.323205,1.219708,0.193740,-0.639325,0.455950,-0.830567,0.249875,1.313493,-0.191855,-0.737515,0.205062,-0.533715,0.639189,1.205261,-0.575241,-0.337437,0.496431,0.548568,-0.716669,1.365243,0.525595,0.538503,0.085944,0.771473,0.283398,1.264241,-0.176971,0.736156,0.340897,0.803857,-0.156173,1.173568,0.253752,0.485309,0.548470,0.532412,0.696594,1.383103,-0.713507,0.475412,0.044592,-0.025113,0.853701,1.295543,-0.756797,0.007556,0.261512
7.900000,0.074538,-0.854705,1.251835,0.702034,0.036783,0.388943,-0.493140,-0.736042,1.344429,0.669686,-0.370109,0.144490,-0.778841,-0.336022,1.228768,0.214776,-0.642235,0.450073,-0.834254,0.235000,1.317629,-0.176779,-0.749820,0.208487,-0.545176,0.632201,1.215117,-0.570702,-0.361347,0.489144,0.559042,-0.705731,1.367043,0.521697,0.555257,0.094022,0.767715,0.298111,1.271045,-0.198729,0.735047,0.339534,0.808766,-0.146254,1.184454,0.237120,0.506468,0.540180,0.518006,0.705958,1.384086,-0.726971,0.460890,0.053745,-0.040307,0.853650,1.300793,-0.762572,-0.012597,0.263513
7.920000,0.088650,-0.853789,1.259581,0.709081,0.054810,0.385725,-0.479595,-0.743340,1.347374,0.684796,-0.359712,0.149951,-0.774337,-0.348890,1.237711,0.235587,-0.644457,0.444290,-0.837637,0.219885,1.321831,-0.161509,-0.761576,0.211761,-0.556540,0.624739,1.224828,-0.565646,-0.384801,0.481959,0.569433,-0.694461,1.369002,0.517361,0.571702,0.101832,0.763525,0.312796,1.277822,-0.220192,0.733374,0.338166,0.813340,-0.135919,1.195175,0.220308,0.526864,0.531925,0.503335,0.715028,1.385251,-0.740056,0.446149,0.062674,-0.055611,0.853197,1.306083,-0.767715,-0.032649,0.265397
7.940000,0.102897,-0.852513,1.267264,0.715499,0.072780,0.382510,-0.465751,-0.750428,1.350426,0.699492,-0.349040,0.155204,-0.769420,-0.361796,1.246540,0.256118,-0.646027,0.438580,-0.840714,0.204541,1.326098,-0.146099,-0.772782,0.214864,-0.567798,0.616812,1.234396,-0.560123,-0.407767,0.474860,0.579734,-0.682865,1.371114,0.512632,0.587807,0.109351,0.758910,0.327442,1.284571,-0.241320,0.731169,0.336766,0.817578,-0.125184,1.205732,0.203381,0.546463,0.523706,0.488407,0.723803,1.386592,-0.752760,0.431251,0.071347,-0.071012,0.852345,1.311408,-0.772238,-0.052545,0.267141
7.960000,0.117266,-0.850878,1.274882,0.721286,0.090693,0.379296,-0.451618,-0.757300,1.353581,0.713774,-0.338093,0.160248,-0.764094,-0.374727,1.255255,0.276370,-0.646947,0.432943,-0.843480,0.188978,1.330425,-0.130552,-0.783438,0.217795,-0.578942,0.608431,1.243823,-0.554133,-0.430246,0.467849,0.589936,-0.670951,1.373374,0.507510,0.603574,0.116580,0.753875,0.342039,1.291292,-0.262116,0.728432,0.335334,0.821475,-0.114066,1.216124,0.186339,0.565266,0.515524,0.473228,0.732277,1.388103,-0.765083,0.416197,0.079765,-0.086497,0.851097,1.316767,-0.776141,-0.072287,0.268748
7.980000,0.131744,-0.848885,1.282435,0.726443,0.108548,0.376084,-0.437203,-0.763950,1.356835,0.727643,-0.326870,0.165084,-0.758367,-0.387670,1.263858,0.296343,-0.647217,0.427377,-0.845935,0.173207,1.334809,-0.114866,-0.793543,0.220554,-0.589961,0.599606,1.253110,-0.547677,-0.452237,0.460924,0.600031,-0.658724,1.375776,0.501995,0.619001,0.123518,0.748427,0.356576,1.297985,-0.282577,0.725162,0.333870,0.825030,-0.102579,1.226353,0.169182,0.583273,0.507378,0.457806,0.740449,1.389781,-0.777024,0.400985,0.087927,-0.102053,0.849455,1.322157,-0.779425,-0.091873,0.270215
8.000000,0.146320,-0.846536,1.289925,0.730970,0.126346,0.372873,-0.422515,-0.770373,1.360183,0.741098,-0.315372,0.169711,-0.752243,-0.400611,1.272351,0.316037,-0.646835,0.421884,-0.848074,0.157240,1.339246,-0.099041,-0.803099,0.223141,-0.600846,0.590345,1.262260,-0.540755,-0.473741,0.454086,0.610013,-0.646193,1.378313,0.496086,0.634090,0.130165,0.742574,0.371042,1.304647,-0.302705,0.721361,0.332374,0.828241,-0.090740,1.236419,0.151909,0.600483,0.499269,0.442149,0.748316,1.391619,-0.788583,0.385616,0.095834,-0.117669,0.847423,1.327575,-0.782088,-0.111304,0.271544
8.020000,0.160979,-0.843832,1.297350,0.734886,0.144025,0.369635,-0.407562,-0.776564,1.363622,0.754127,-0.303658,0.174113,-0.745728,-0.413539,1.280734,0.335400,-0.645849,0.416432,-0.849896,0.141087,1.343733,-0.083143,-0.812111,0.225535,-0.611588,0.580659,1.271274,-0.533428,-0.494733,0.447307,0.619873,-0.633363,1.380980,0.489843,0.648809,0.136503,0.736322,0.385427,1.311279,-0.322459,0.717068,0.330815,0.831106,-0.078565,1.246324,0.134591,0.616888,0.491182,0.426265,0.755873,1.393612,-0.799762,0.370155,0.103459,-0.133333,0.845004,1.333018,-0.784156,-0.130524,0.272711
8.040000,0.175711,-0.840776,1.304710,0.738207,0.161522,0.366341,-0.392353,-0.782518,1.367146,0.766718,-0.291789,0.178275,-0.738829,-0.426442,1.289008,0.354380,-0.644308,0.410988,-0.851400,0.124759,1.348266,-0.067236,-0.820587,0.227716,-0.622181,0.570559,1.280153,-0.525758,-0.515190,0.440560,0.629605,-0.620243,1.383771,0.483322,0.663130,0.142510,0.729678,0.399722,1.317879,-0.341797,0.712324,0.329162,0.833625,-0.066070,1.256067,0.117297,0.632481,0.483106,0.410161,0.763122,1.395755,-0.810562,0.354668,0.110778,-0.149032,0.842204,1.338482,-0.785651,-0.149476,0.273692
8.060000,0.190503,-0.837373,1.312003,0.740933,0.178837,0.362990,-0.376896,-0.788234,1.370751,0.778872,-0.279764,0.182196,-0.731555,-0.439308,1.297173,0.372977,-0.642210,0.405553,-0.852585,0.108267,1.352840,-0.051321,-0.828527,0.229683,-0.632616,0.560055,1.288897,-0.517744,-0.535111,0.433844,0.639204,-0.606841,1.386678,0.476524,0.677052,0.148186,0.722653,0.413917,1.324445,-0.360719,0.707129,0.327415,0.835798,-0.053271,1.265648,0.100028,0.647260,0.475038,0.393845,0.770060,1.398041,-0.820981,0.339155,0.117790,-0.164755,0.839027,1.343964,-0.786574,-0.168161,0.274487
8.080000,0.205344,-0.833624,1.319229,0.743066,0.195971,0.359583,-0.361201,-0.793708,1.374432,0.790588,-0.267585,0.185876,-0.723913,-0.452126,1.305230,0.391190,-0.639556,0.400126,-0.853452,0.091621,1.357452,-0.035397,-0.835930,0.231437,-0.642888,0.549158,1.297507,-0.509387,-0.554497,0.427159,0.648664,-0.593164,1.389696,0.469450,0.690575,0.153533,0.715252,0.428004,1.330975,-0.379226,0.701483,0.325574,0.837627,-0.040185,1.275068,0.082783,0.661227,0.466981,0.377324,0.776688,1.400464,-0.831021,0.323616,0.124495,-0.180491,0.835479,1.349460,-0.786924,-0.186579,0.275096
8.100000,0.220222,-0.829535,1.326386,0.744605,0.212924,0.356119,-0.345276,-0.798937,1.378184,0.801866,-0.255249,0.189315,-0.715910,-0.464886,1.313179,0.409021,-0.636345,0.394708,-0.854001,0.074833,1.362096,-0.019465,-0.842798,0.232977,-0.652989,0.537879,1.305984,-0.500687,-0.573347,0.420506,0.657980,-0.579220,1.392817,0.462098,0.703700,0.158549,0.707486,0.441974,1.337467,-0.397317,0.695386,0.323639,0.839110,-0.026828,1.284327,0.065563,0.674380,0.458933,0.360607,0.783004,1.403019,-0.840681,0.308051,0.130893,-0.196228,0.831565,1.354967,-0.786701,-0.204729,0.275519
8.120000,0.235125,-0.825109,1.333474,0.745582,0.229628,0.352571,-0.329129,-0.803917,1.382003,0.812693,-0.242830,0.192496,-0.707555,-0.477577,1.321018,0.426415,-0.632640,0.389269,-0.854232,0.057913,1.366769,-0.003600,-0.849148,0.234286,-0.662914,0.526228,1.314327,-0.491718,-0.591645,0.413853,0.667146,-0.565019,1.396036,0.454537,0.716403,0.163217,0.699363,0.455817,1.343920,-0.414948,0.688894,0.321581,0.840250,-0.013215,1.293425,0.048443,0.686731,0.450877,0.343700,0.789010,1.405698,-0.849957,0.292532,0.136963,-0.211955,0.827292,1.360480,-0.785948,-0.222553,0.275734
8.140000,0.250042,-0.820352,1.340488,0.746032,0.246017,0.348908,-0.312771,-0.808650,1.385882,0.823054,-0.230397,0.195401,-0.698857,-0.490189,1.328749,0.443318,-0.628501,0.383776,-0.854146,0.040871,1.371466,0.012124,-0.854999,0.235345,-0.672657,0.514217,1.322537,-0.482554,-0.609372,0.407169,0.676160,-0.550567,1.399344,0.446833,0.728661,0.167521,0.690892,0.469527,1.350329,-0.432076,0.682062,0.319369,0.841049,0.000636,1.302362,0.031500,0.698289,0.442796,0.326611,0.794707,1.408495,-0.858846,0.277135,0.142682,-0.227663,0.822666,1.365995,-0.784706,-0.239992,0.275717
8.160000,0.264963,-0.815270,1.347429,0.745953,0.262090,0.345131,-0.296210,-0.813133,1.389817,0.832950,-0.217953,0.198031,-0.689825,-0.502714,1.336369,0.459732,-0.623928,0.378232,-0.853748,0.023716,1.376181,0.027706,-0.860352,0.236156,-0.682215,0.501857,1.330614,-0.473197,-0.626529,0.400455,0.685019,-0.535875,1.402734,0.438988,0.740476,0.171460,0.682083,0.483097,1.356693,-0.448699,0.674892,0.317004,0.841511,0.014711,1.311137,0.014732,0.709054,0.434690,0.309349,0.800096,1.411403,-0.867348,0.261859,0.148050,-0.243340,0.817695,1.371507,-0.782975,-0.257045,0.275469
8.180000,0.279876,-0.809870,1.354293,0.745347,0.277848,0.341240,-0.279456,-0.817368,1.393802,0.842381,-0.205495,0.200385,-0.680471,-0.515143,1.343878,0.475655,-0.618922,0.372634,-0.853039,0.006460,1.380910,0.043147,-0.865207,0.236717,-0.691583,0.489160,1.338555,-0.463645,-0.643115,0.393710,0.693719,-0.520951,1.406200,0.431000,0.751846,0.175035,0.672947,0.496520,1.363009,-0.464818,0.667382,0.314485,0.841639,0.028993,1.319750,-0.001859,0.719026,0.426558,0.291920,0.805182,1.414415,-0.875462,0.246703,0.153069,-0.258979,0.812387,1.377012,-0.780755,-0.273713,0.274990
8.200000,0.294773,-0.804158,1.361078,0.744213,0.293290,0.337235,-0.262518,-0.821353,1.397831,0.851347,-0.193025,0.202463,-0.670802,-0.527468,1.351274,0.491088,-0.613482,0.366984,-0.852023,-0.010889,1.385648,0.058446,-0.869563,0.237029,-0.700759,0.476136,1.346362,-0.453899,-0.659131,0.386934,0.702258,-0.505804,1.409733,0.422869,0.762773,0.178245,0.663494,0.509790,1.369272,-0.480433,0.659533,0.311814,0.841438,0.043467,1.328199,-0.018273,0.728206,0.418401,0.274333,0.809965,1.417523,-0.883189,0.231668,0.157736,-0.274567,0.806749,1.382505,-0.778046,-0.289996,0.274280
8.220000,0.309642,-0.798141,1.367781,0.742601,0.308352,0.333088,-0.245405,-0.825089,1.401898,0.859842,-0.180619,0.204248,-0.660831,-0.539680,1.358557,0.505983,-0.607680,0.361252,-0.850702,-0.028320,1.390390,0.073523,-0.873451,0.237079,-0.709739,0.462798,1.354032,-0.444040,-0.674565,0.380095,0.710633,-0.490443,1.413327,0.414668,0.773241,0.181082,0.653733,0.522900,1.375480,-0.495500,0.651412,0.308959,0.840910,0.058116,1.336485,-0.034434,0.736622,0.410203,0.256595,0.814450,1.420722,-0.890526,0.216830,0.162033,-0.290098,0.800790,1.387981,-0.774909,-0.305837,0.273316
8.240000,0.324474,-0.791827,1.374400,0.740560,0.322969,0.328772,-0.228128,-0.828579,1.405999,0.867859,-0.168355,0.205724,-0.650567,-0.551773,1.365723,0.520292,-0.601588,0.355408,-0.849084,-0.045824,1.395130,0.088299,-0.876901,0.236857,-0.718520,0.449158,1.361565,-0.434150,-0.689402,0.373160,0.718844,-0.474878,1.416974,0.406467,0.783239,0.183538,0.643678,0.535845,1.381629,-0.509974,0.643086,0.305893,0.840063,0.072927,1.344607,-0.050265,0.744304,0.401950,0.238714,0.818640,1.424002,-0.897471,0.202268,0.165938,-0.305561,0.794519,1.393436,-0.771408,-0.321179,0.272077
8.260000,0.339261,-0.785226,1.380931,0.738091,0.337140,0.324287,-0.210694,-0.831824,1.410125,0.875400,-0.156231,0.206891,-0.640023,-0.563742,1.372772,0.534014,-0.595206,0.349452,-0.847172,-0.063393,1.399862,0.102774,-0.879911,0.236360,-0.727104,0.435226,1.368958,-0.424229,-0.703643,0.366128,0.726892,-0.459117,1.420666,0.398266,0.792765,0.185613,0.633338,0.548622,1.387714,-0.523856,0.634553,0.302615,0.838902,0.087884,1.352563,-0.065765,0.751253,0.393640,0.220699,0.822542,1.427357,-0.904023,0.187979,0.169452,-0.320951,0.787946,1.398863,-0.767541,-0.336024,0.270562
8.280000,0.353995,-0.778345,1.387371,0.735193,0.350867,0.319633,-0.193115,-0.834829,1.414272,0.882464,-0.144249,0.207747,-0.629210,-0.575580,1.379701,0.547151,-0.588535,0.343384,-0.844975,-0.081017,1.404582,0.116948,-0.882483,0.235590,-0.735489,0.421016,1.376210,-0.414277,-0.717289,0.358999,0.734775,-0.443170,1.424396,0.390066,0.801821,0.187307,0.622727,0.561226,1.393732,-0.537146,0.625816,0.299125,0.837434,0.102972,1.360352,-0.080934,0.757467,0.385275,0.202556,0.826161,1.430777,-0.910183,0.173966,0.172574,-0.336261,0.781081,1.404256,-0.763309,-0.350370,0.268772
8.300000,0.368666,-0.771194,1.393715,0.731866,0.364149,0.314809,-0.175399,-0.837595,1.418433,0.889051,-0.132409,0.208295,-0.618141,-0.587281,1.386507,0.559702,-0.581573,0.337203,-0.842497,-0.098689,1.409284,0.130820,-0.884617,0.234547,-0.743675,0.406539,1.383317,-0.404294,-0.730339,0.351774,0.742494,-0.427047,1.428156,0.381866,0.810405,0.188619,0.611857,0.573653,1.399678,-0.549843,0.616873,0.295423,0.835667,0.118177,1.367974,-0.095773,0.762948,0.376853,0.184294,0.829503,1.434257,-0.915951,0.160227,0.175305,-0.351481,0.773934,1.409612,-0.758712,-0.364219,0.266707
8.320000,0.383267,-0.763782,1.399962,0.728162,0.376939,0.309797,-0.157556,-0.840126,1.422602,0.895166,-0.120762,0.208513,-0.606826,-0.598841,1.393188,0.571636,-0.574388,0.330890,-0.839744,-0.116399,1.413962,0.144340,-0.886345,0.233213,-0.751661,0.391806,1.390280,-0.394349,-0.742792,0.344428,0.750050,-0.410757,1.431938,0.373720,0.818520,0.189539,0.600738,0.585900,1.405547,-0.561919,0.607785,0.291490,0.833606,0.133485,1.375426,-0.110221,0.767731,0.368369,0.165920,0.832572,1.437787,-0.921331,0.146812,0.177624,-0.366607,0.766516,1.414923,-0.753807,-0.377528,0.264352
8.340000,0.397791,-0.756120,1.406106,0.724131,0.389191,0.304579,-0.139595,-0.842427,1.426771,0.900815,-0.109361,0.208382,-0.595280,-0.610256,1.399741,0.582923,-0.567042,0.324424,-0.836726,-0.134140,1.418611,0.157454,-0.887699,0.231572,-0.759450,0.376831,1.397094,-0.384512,-0.754645,0.336935,0.757444,-0.394310,1.435735,0.365679,0.826168,0.190059,0.589384,0.597964,1.411336,-0.573345,0.598615,0.287307,0.831261,0.148882,1.382708,-0.124214,0.771854,0.359815,0.147443,0.835378,1.441359,-0.926331,0.133770,0.179512,-0.381632,0.758837,1.420184,-0.748655,-0.390256,0.261693
8.360000,0.412230,-0.748218,1.412144,0.719774,0.400905,0.299154,-0.121526,-0.844503,1.430935,0.905999,-0.098207,0.207902,-0.583514,-0.621522,1.406164,0.593563,-0.559538,0.317803,-0.833449,-0.151905,1.423223,0.170163,-0.888681,0.229623,-0.767043,0.361624,1.403756,-0.374781,-0.765900,0.329295,0.764678,-0.377714,1.439538,0.357744,0.833349,0.190176,0.577808,0.609844,1.417038,-0.584121,0.589361,0.282873,0.828640,0.164355,1.389818,-0.137755,0.775316,0.351191,0.128870,0.837926,1.444965,-0.930948,0.121102,0.180969,-0.396551,0.750910,1.425388,-0.743253,-0.402404,0.258731
8.380000,0.426579,-0.740087,1.418071,0.715089,0.412080,0.293524,-0.103358,-0.846357,1.435085,0.910716,-0.087299,0.207074,-0.571541,-0.632636,1.412453,0.603556,-0.551875,0.311030,-0.829922,-0.169685,1.427793,0.182468,-0.889289,0.227366,-0.774442,0.346199,1.410264,-0.365158,-0.776555,0.321509,0.771754,-0.360979,1.443339,0.349915,0.840062,0.189892,0.566024,0.621538,1.422649,-0.594248,0.580025,0.278188,0.825754,0.179890,1.396755,-0.150843,0.778117,0.342496,0.110208,0.840224,1.448595,-0.935185,0.108807,0.181994,-0.411360,0.742745,1.430531,-0.737603,-0.413970,0.255464
8.400000,0.440832,-0.731738,1.423883,0.710078,0.422717,0.287686,-0.085101,-0.847996,1.439215,0.914967,-0.076637,0.205897,-0.559376,-0.643596,1.418604,0.612903,-0.544052,0.304103,-0.826153,-0.187474,1.432316,0.194367,-0.889525,0.224802,-0.781650,0.330566,1.416616,-0.355641,-0.786610,0.313577,0.778675,-0.344114,1.447131,0.342192,0.846308,0.189207,0.554043,0.633044,1.428164,-0.603724,0.570606,0.273253,0.822610,0.195475,1.403517,-0.163477,0.780258,0.333732,0.091465,0.842281,1.452241,-0.939040,0.096886,0.182588,-0.426054,0.734355,1.435605,-0.731704,-0.424956,0.251894
8.420000,0.454981,-0.723182,1.429577,0.704785,0.432802,0.281632,-0.066763,-0.849424,1.443318,0.918773,-0.066245,0.204352,-0.547030,-0.654397,1.424616,0.621603,-0.536119,0.297008,-0.822150,-0.205264,1.436783,0.205842,-0.889411,0.221910,-0.788668,0.314738,1.422806,-0.346269,-0.796076,0.305477,0.785443,-0.327129,1.450905,0.334600,0.852098,0.188108,0.541879,0.644362,1.433577,-0.612552,0.561147,0.268058,0.819218,0.211097,1.410104,-0.175630,0.781774,0.324893,0.072649,0.844102,1.455895,-0.942515,0.085354,0.182731,-0.440627,0.725751,1.440605,-0.725608,-0.435353,0.248016
8.440000,0.469021,-0.714430,1.435147,0.699254,0.442321,0.275350,-0.048353,-0.850648,1.447387,0.922155,-0.056146,0.202422,-0.534516,-0.665040,1.430483,0.629657,-0.528125,0.289733,-0.817922,-0.223048,1.441190,0.216875,-0.888973,0.218670,-0.795502,0.298727,1.428833,-0.337080,-0.804962,0.297188,0.792060,-0.310033,1.454652,0.327165,0.857442,0.186584,0.529545,0.655490,1.438884,-0.620733,0.551694,0.262591,0.815588,0.226742,1.416513,-0.187273,0.782702,0.315973,0.053767,0.845697,1.459548,-0.945611,0.074225,0.182401,-0.455077,0.716945,1.445524,-0.719365,-0.445150,0.243824
8.460000,0.482949,-0.705493,1.440589,0.693485,0.451274,0.268840,-0.029879,-0.851672,1.451413,0.925112,-0.046339,0.200106,-0.521848,-0.675522,1.436204,0.637065,-0.520070,0.282277,-0.813478,-0.240821,1.445528,0.227464,-0.888210,0.215081,-0.802153,0.282544,1.434693,-0.328072,-0.813268,0.288711,0.798531,-0.292835,1.458365,0.319888,0.862342,0.184634,0.517054,0.666430,1.444079,-0.628267,0.542244,0.256853,0.811730,0.242401,1.422742,-0.198406,0.783042,0.306973,0.034827,0.847074,1.463188,-0.948330,0.063501,0.181598,-0.469401,0.707949,1.450355,-0.712976,-0.454349,0.239319
8.480000,0.496759,-0.696383,1.445899,0.687479,0.459662,0.262103,-0.011351,-0.852503,1.455388,0.927644,-0.036826,0.197405,-0.509038,-0.685842,1.441773,0.643827,-0.511954,0.274639,-0.808826,-0.258574,1.449791,0.237611,-0.887123,0.211144,-0.808626,0.266200,1.440381,-0.319247,-0.820994,0.280045,0.804857,-0.275543,1.462035,0.312767,0.866795,0.182259,0.504419,0.677180,1.449157,-0.635154,0.532800,0.250845,0.807655,0.258060,1.428791,-0.209029,0.782794,0.297892,0.015836,0.848240,1.466808,-0.950671,0.053180,0.180324,-0.483595,0.698775,1.455094,-0.706441,-0.462950,0.234501
8.500000,0.510447,-0.687110,1.451072,0.681235,0.467484,0.255137,0.007224,-0.853147,1.459306,0.929751,-0.027605,0.194318,-0.496099,-0.696000,1.447188,0.649943,-0.503776,0.266821,-0.803976,-0.276303,1.453971,0.247315,-0.885711,0.206858,-0.814924,0.249708,1.445893,-0.310603,-0.828139,0.271190,0.811042,-0.258166,1.465653,0.305804,0.870804,0.179458,0.491652,0.687742,1.454111,-0.641395,0.523360,0.244566,0.803372,0.273709,1.434657,-0.219142,0.781957,0.288731,-0.003197,0.849204,1.470398,-0.952633,0.043263,0.178577,-0.497658,0.689435,1.459733,-0.699759,-0.470952,0.229369
8.520000,0.524007,-0.677687,1.456103,0.674787,0.474743,0.247942,0.025836,-0.853610,1.463158,0.931446,-0.018689,0.190827,-0.483044,-0.705993,1.452445,0.655428,-0.495572,0.258816,-0.798937,-0.294001,1.458063,0.256568,-0.883994,0.202205,-0.821051,0.233078,1.451227,-0.302156,-0.834713,0.262134,0.817090,-0.240713,1.469210,0.299007,0.874368,0.176220,0.478767,0.698115,1.458938,-0.647004,0.513953,0.238015,0.798893,0.289335,1.440340,-0.228734,0.780580,0.279472,-0.022266,0.849973,1.473948,-0.954198,0.033751,0.176336,-0.511585,0.679940,1.464267,-0.692970,-0.478362,0.223929
8.540000,0.537437,-0.668124,1.460988,0.668170,0.481444,0.240513,0.044479,-0.853897,1.466937,0.932740,-0.010089,0.186914,-0.469886,-0.715823,1.457539,0.660297,-0.487374,0.250619,-0.793717,-0.311661,1.462057,0.265364,-0.881990,0.197166,-0.827012,0.216323,1.456377,-0.293920,-0.840726,0.252862,0.823004,-0.223194,1.472698,0.292385,0.877488,0.172529,0.465776,0.708300,1.463630,-0.651998,0.504607,0.231190,0.794227,0.304929,1.445835,-0.237797,0.778711,0.270098,-0.041363,0.850557,1.477448,-0.955346,0.024642,0.173577,-0.525376,0.670304,1.468689,-0.686115,-0.485190,0.218185
8.560000,0.550733,-0.658433,1.465722,0.661382,0.487587,0.232852,0.063143,-0.854015,1.470632,0.933634,-0.001804,0.182579,-0.456636,-0.725488,1.462468,0.664551,-0.479182,0.242229,-0.788325,-0.329279,1.465947,0.273701,-0.879700,0.191740,-0.832809,0.199453,1.461340,-0.285895,-0.846176,0.243375,0.828787,-0.205617,1.476108,0.285940,0.880164,0.168387,0.452691,0.718300,1.468183,-0.656377,0.495321,0.224093,0.789384,0.320480,1.451143,-0.246329,0.776349,0.260609,-0.060478,0.850962,1.480888,-0.956077,0.015938,0.170302,-0.539029,0.660537,1.472992,-0.679193,-0.491435,0.212136
8.580000,0.563891,-0.648625,1.470300,0.654425,0.493171,0.224958,0.081821,-0.853971,1.474237,0.934128,0.006164,0.177822,-0.443308,-0.734990,1.467227,0.668189,-0.470997,0.233646,-0.782772,-0.346847,1.469724,0.281581,-0.877124,0.185929,-0.838449,0.182480,1.466111,-0.278081,-0.851064,0.233674,0.834443,-0.187991,1.479431,0.279670,0.882396,0.163793,0.439525,0.728114,1.472592,-0.660141,0.486097,0.216723,0.784377,0.335979,1.456259,-0.254330,0.773495,0.251005,-0.079603,0.851197,1.484257,-0.956393,0.007638,0.166510,-0.552543,0.650650,1.477172,-0.672203,-0.497096,0.205782
8.600000,0.576909,-0.638710,1.474719,0.647297,0.498196,0.216832,0.100506,-0.853771,1.477742,0.934221,0.013816,0.172643,-0.429913,-0.744328,1.471813,0.671211,-0.462819,0.224871,-0.777065,-0.364362,1.473381,0.289003,-0.874262,0.179732,-0.843934,0.165414,1.470685,-0.270478,-0.855389,0.223757,0.839975,-0.170324,1.482657,0.273575,0.884185,0.158748,0.426290,0.737744,1.476850,-0.663291,0.476933,0.209081,0.779215,0.351416,1.461182,-0.261802,0.770148,0.241286,-0.098730,0.851270,1.487545,-0.956291,-0.000258,0.162201,-0.565917,0.640657,1.481222,-0.665147,-0.502174,0.199125
8.620000,0.589782,-0.628700,1.478972,0.640028,0.502688,0.208465,0.119188,-0.853421,1.481140,0.933919,0.021161,0.167029,-0.416463,-0.753503,1.476221,0.673650,-0.454668,0.215893,-0.771215,-0.381816,1.476911,0.295977,-0.871121,0.173134,-0.849269,0.148268,1.475059,-0.263077,-0.859161,0.213608,0.845387,-0.152626,1.485778,0.267645,0.885528,0.153243,0.412997,0.747191,1.480953,-0.665858,0.467845,0.201160,0.773908,0.366782,1.465910,-0.268755,0.766360,0.231431,-0.117852,0.851189,1.490741,-0.955766,-0.007765,0.157369,-0.579149,0.630567,1.485135,-0.658058,-0.506697,0.192164
8.640000,0.602509,-0.618606,1.483056,0.632645,0.506670,0.199853,0.137860,-0.852926,1.484420,0.933228,0.028205,0.160967,-0.402970,-0.762515,1.480447,0.675539,-0.446566,0.206701,-0.765229,-0.399205,1.480304,0.302514,-0.867708,0.166124,-0.854458,0.131052,1.479228,-0.255871,-0.862389,0.203210,0.850681,-0.134906,1.488784,0.261868,0.886425,0.147270,0.399659,0.756458,1.484895,-0.667879,0.458850,0.192957,0.768468,0.382068,1.470438,-0.275204,0.762180,0.221420,-0.136958,0.850962,1.493836,-0.954810,-0.014901,0.152010,-0.592239,0.620392,1.488906,-0.650967,-0.510692,0.184899
8.660000,0.615087,-0.608437,1.486965,0.625147,0.510142,0.190995,0.156514,-0.852294,1.487575,0.932147,0.034950,0.154457,-0.389445,-0.771366,1.484487,0.676878,-0.438511,0.197296,-0.759117,-0.416522,1.483553,0.308613,-0.864023,0.158699,-0.859505,0.113776,1.483186,-0.248859,-0.865072,0.192564,0.855862,-0.117172,1.491665,0.256243,0.886876,0.140829,0.386286,0.765546,1.488670,-0.669351,0.449946,0.184472,0.762904,0.397267,1.474765,-0.281149,0.757608,0.211251,-0.156041,0.850596,1.496818,-0.953423,-0.021664,0.146124,-0.605188,0.610143,1.492529,-0.643876,-0.514158,0.177332
8.680000,0.627514,-0.598204,1.490694,0.617535,0.513105,0.181891,0.175143,-0.851530,1.490596,0.930676,0.041395,0.147498,-0.375899,-0.780056,1.488337,0.677667,-0.430506,0.187677,-0.752887,-0.433764,1.486649,0.314275,-0.860066,0.150861,-0.864414,0.096452,1.486929,-0.242042,-0.867210,0.181669,0.860932,-0.099434,1.494414,0.250771,0.886880,0.133921,0.372889,0.774457,1.492272,-0.670276,0.441136,0.175704,0.757225,0.412370,1.478887,-0.286588,0.752645,0.200926,-0.175092,0.850098,1.499677,-0.951606,-0.028055,0.139711,-0.617994,0.599830,1.495997,-0.636785,-0.517096,0.169462
8.700000,0.639788,-0.587916,1.494239,0.609810,0.515558,0.172541,0.193739,-0.850641,1.493472,0.928816,0.047540,0.140091,-0.362342,-0.788586,1.491993,0.677906,-0.422548,0.177845,-0.746549,-0.450923,1.489584,0.319499,-0.855837,0.142610,-0.869188,0.079091,1.490451,-0.235419,-0.868803,0.170526,0.865894,-0.081700,1.497019,0.245451,0.886438,0.126544,0.359478,0.783192,1.495696,-0.670653,0.432417,0.166654,0.751443,0.427370,1.482801,-0.291523,0.747290,0.190444,-0.194103,0.849476,1.502403,-0.949357,-0.034074,0.132770,-0.630659,0.589463,1.499305,-0.629692,-0.519506,0.161288
8.720000,0.651906,-0.577584,1.497594,0.601989,0.517539,0.162939,0.212293,-0.849631,1.496196,0.926581,0.053404,0.132247,-0.348786,-0.796958,1.495450,0.677635,-0.414647,0.167790,-0.740110,-0.467995,1.492351,0.324311,-0.851349,0.133956,-0.873832,0.061704,1.493748,-0.228976,-0.869877,0.159138,0.870751,-0.063979,1.499472,0.240268,0.885565,0.118715,0.346066,0.791754,1.498936,-0.670524,0.423794,0.157318,0.745568,0.442259,1.486504,-0.295982,0.741592,0.179787,-0.213064,0.848737,1.504985,-0.946670,-0.039750,0.125327,-0.643182,0.579053,1.502447,-0.622622,-0.521427,0.152813
8.740000,0.663867,-0.567218,1.500754,0.594091,0.519082,0.153080,0.230799,-0.848506,1.498759,0.923989,0.059006,0.123976,-0.335240,-0.805173,1.498703,0.676897,-0.406810,0.157502,-0.733579,-0.484975,1.494940,0.328734,-0.846615,0.124912,-0.878349,0.044299,1.496815,-0.222699,-0.870459,0.147511,0.875506,-0.046280,1.501765,0.235204,0.884276,0.110449,0.332661,0.800144,1.501987,-0.669933,0.415270,0.147693,0.739607,0.457032,1.489992,-0.299994,0.735601,0.168938,-0.231966,0.847888,1.507413,-0.943533,-0.045114,0.117406,-0.655564,0.568609,1.505416,-0.615595,-0.522896,0.144037
8.760000,0.675669,-0.556824,1.503715,0.586115,0.520189,0.142964,0.249250,-0.847272,1.501153,0.921038,0.064346,0.115279,-0.321713,-0.813231,1.501748,0.675691,-0.399036,0.146982,-0.726963,-0.501858,1.497345,0.332768,-0.841634,0.115477,-0.882741,0.026889,1.499647,-0.216586,-0.870548,0.135645,0.880160,-0.028611,1.503887,0.230260,0.882571,0.101747,0.319272,0.808365,1.504842,-0.668877,0.406846,0.137777,0.733571,0.471681,1.493260,-0.303558,0.729317,0.157898,-0.250802,0.846935,1.509678,-0.939948,-0.050166,0.109006,-0.667806,0.558140,1.508206,-0.608613,-0.523915,0.134959
8.780000,0.687311,-0.546413,1.506471,0.578063,0.520860,0.132590,0.267639,-0.845934,1.503368,0.917729,0.069424,0.106156,-0.308216,-0.821135,1.504581,0.674018,-0.391326,0.136229,-0.720271,-0.518639,1.499557,0.336414,-0.836408,0.105651,-0.887013,0.009481,1.502239,-0.210639,-0.870144,0.123539,0.884717,-0.010980,1.505832,0.225436,0.880450,0.092607,0.305909,0.816419,1.507496,-0.667358,0.398521,0.127572,0.727468,0.486202,1.496306,-0.306675,0.722740,0.146665,-0.269561,0.845883,1.511770,-0.935915,-0.054905,0.100129,-0.679909,0.547655,1.510812,-0.601674,-0.524482,0.125581
8.800000,0.698791,-0.535993,1.509017,0.569934,0.521094,0.121960,0.285957,-0.844497,1.505396,0.914062,0.074240,0.096607,-0.294756,-0.828884,1.507196,0.671876,-0.383680,0.125243,-0.713509,-0.535313,1.501568,0.339671,-0.830935,0.095435,-0.891168,-0.007914,1.504587,-0.204856,-0.869247,0.111194,0.889178,0.006604,1.507589,0.220731,0.877912,0.083030,0.292580,0.824307,1.509943,-0.665376,0.390295,0.117078,0.721307,0.500589,1.499126,-0.309344,0.715869,0.135240,-0.288236,0.844741,1.513680,-0.931433,-0.059331,0.090773,-0.691873,0.537163,1.513228,-0.594780,-0.524598,0.115901
8.820000,0.710108,-0.525572,1.511348,0.561749,0.520940,0.111090,0.304199,-0.842966,1.507229,0.910062,0.078818,0.086673,-0.281343,-0.836482,1.509589,0.669320,-0.376104,0.114040,-0.706686,-0.551875,1.503372,0.342574,-0.825237,0.084872,-0.895208,-0.025286,1.506686,-0.199223,-0.867898,0.098644,0.893547,0.024134,1.509150,0.216128,0.874990,0.073063,0.279296,0.832031,1.512177,-0.662985,0.382172,0.106314,0.715097,0.514836,1.501715,-0.311606,0.708758,0.123633,-0.306816,0.843512,1.515398,-0.926516,-0.063480,0.080995,-0.703701,0.526674,1.515446,-0.587953,-0.524312,0.105944
8.840000,0.721261,-0.515157,1.513459,0.553530,0.520446,0.100001,0.322357,-0.841346,1.508861,0.905754,0.083184,0.076398,-0.267985,-0.843929,1.511756,0.666404,-0.368604,0.102636,-0.699809,-0.568321,1.504961,0.345156,-0.819335,0.074006,-0.899138,-0.042627,1.508532,-0.193721,-0.866138,0.085924,0.897824,0.041602,1.510509,0.211610,0.871714,0.062753,0.266063,0.839595,1.514194,-0.660239,0.374155,0.095302,0.708845,0.528938,1.504070,-0.313501,0.701459,0.111850,-0.325293,0.842203,1.516917,-0.921177,-0.067383,0.070851,-0.715392,0.516193,1.517464,-0.581216,-0.523676,0.095734
8.860000,0.732249,-0.504756,1.515347,0.545276,0.519613,0.088692,0.340427,-0.839640,1.510283,0.901140,0.087337,0.065781,-0.254690,-0.851227,1.513693,0.663128,-0.361181,0.091029,-0.692882,-0.584647,1.506330,0.347417,-0.813228,0.062838,-0.902958,-0.059929,1.510122,-0.188351,-0.863966,0.073034,0.902012,0.059000,1.511658,0.207176,0.868084,0.052100,0.252889,0.846998,1.515988,-0.657140,0.366245,0.084041,0.702559,0.542893,1.506187,-0.315029,0.693972,0.099893,-0.343660,0.840818,1.518230,-0.915417,-0.071043,0.060340,-0.726950,0.505729,1.519274,-0.574571,-0.522688,0.085269
8.880000,0.743072,-0.494375,1.517006,0.536987,0.518441,0.077162,0.358401,-0.837854,1.511490,0.896218,0.091278,0.054823,-0.241463,-0.858377,1.515396,0.659491,-0.353834,0.079220,-0.685914,-0.600849,1.507472,0.349357,-0.806916,0.051368,-0.906672,-0.077183,1.511452,-0.183114,-0.861384,0.059973,0.906112,0.076323,1.512591,0.202826,0.864101,0.041104,0.239780,0.854245,1.517554,-0.653686,0.358442,0.072532,0.696246,0.556696,1.508064,-0.316190,0.686297,0.087760,-0.361907,0.839363,1.519328,-0.909236,-0.074457,0.049462,-0.738376,0.495288,1.520873,-0.568016,-0.521349,0.074550
8.900000,0.753728,-0.484021,1.518432,0.528663,0.516929,0.065413,0.376274,-0.835990,1.512474,0.890990,0.095007,0.043522,-0.228312,-0.865381,1.516861,0.655494,-0.346563,0.067210,-0.678910,-0.616922,1.508383,0.350977,-0.800400,0.039594,-0.910283,-0.094381,1.512519,-0.178008,-0.858390,0.046743,0.910125,0.093562,1.513300,0.198561,0.859763,0.029765,0.226744,0.861337,1.518887,-0.649877,0.350744,0.060775,0.689914,0.570343,1.509697,-0.316984,0.678434,0.075454,-0.380027,0.837842,1.520206,-0.902633,-0.077627,0.038218,-0.749671,0.484877,1.522254,-0.561552,-0.519659,0.063578
8.920000,0.764218,-0.473700,1.519621,0.520314,0.515124,0.053498,0.394039,-0.834055,1.513229,0.885478,0.098551,0.031965,-0.215245,-0.872240,1.518083,0.651184,-0.339363,0.055048,-0.671877,-0.632864,1.509055,0.352311,-0.793688,0.027603,-0.913794,-0.111516,1.513321,-0.173011,-0.855019,0.033414,0.914054,0.110711,1.513780,0.194355,0.855096,0.018170,0.213787,0.868276,1.519984,-0.645763,0.343146,0.048825,0.683569,0.583832,1.511081,-0.317454,0.670420,0.063017,-0.398010,0.836259,1.520855,-0.895632,-0.080590,0.026703,-0.760838,0.474504,1.523414,-0.555185,-0.517664,0.052408
8.940000,0.774541,-0.463417,1.520571,0.511946,0.513071,0.041470,0.411691,-0.832049,1.513751,0.879707,0.101938,0.020237,-0.202267,-0.878956,1.519062,0.646609,-0.332227,0.042787,-0.664819,-0.648669,1.509486,0.353394,-0.786789,0.015478,-0.917205,-0.128580,1.513856,-0.168099,-0.851303,0.020061,0.917900,0.127764,1.514026,0.190183,0.850126,0.006405,0.200915,0.875063,1.520839,-0.641391,0.335638,0.036738,0.677218,0.597159,1.512217,-0.317645,0.662291,0.050497,-0.415849,0.834619,1.521273,-0.888254,-0.083381,0.015015,-0.771879,0.464173,1.524350,-0.548922,-0.515411,0.041099
8.960000,0.784696,-0.453179,1.521279,0.503560,0.510770,0.029329,0.429225,-0.829978,1.514037,0.873677,0.105169,0.008337,-0.189382,-0.885529,1.519794,0.641769,-0.325155,0.030425,-0.657743,-0.664334,1.509673,0.354225,-0.779702,0.003218,-0.920518,-0.145566,1.514123,-0.163272,-0.847243,0.006683,0.921662,0.144714,1.514035,0.186045,0.844852,-0.005529,0.188133,0.881702,1.521452,-0.636762,0.328222,0.024514,0.670865,0.610323,1.513101,-0.317555,0.654048,0.037892,-0.433538,0.832925,1.521455,-0.880501,-0.086001,0.003151,-0.782796,0.453889,1.525058,-0.542764,-0.512901,0.029649
8.980000,0.794683,-0.442988,1.521743,0.495156,0.508221,0.017076,0.446636,-0.827844,1.514084,0.867389,0.108244,-0.003734,-0.176598,-0.891962,1.520278,0.636663,-0.318149,0.017964,-0.650652,-0.679856,1.509614,0.354806,-0.772429,-0.009175,-0.923736,-0.162467,1.514123,-0.158530,-0.842838,-0.006721,0.925342,0.161556,1.513803,0.181942,0.839275,-0.017633,0.175446,0.888193,1.521819,-0.631875,0.320896,0.012153,0.664517,0.623320,1.513732,-0.317185,0.645690,0.025203,-0.451067,0.831180,1.521398,-0.872372,-0.088450,-0.008886,-0.793590,0.443658,1.525535,-0.536709,-0.510132,0.018059
9.000000,0.804502,-0.432851,1.521961,0.486735,0.505425,0.004711,0.463919,-0.825649,1.513887,0.860841,0.111162,-0.015977,-0.163918,-0.898256,1.520512,0.631293,-0.311206,0.005402,-0.643552,-0.695230,1.509305,0.355136,-0.764968,-0.021702,-0.926860,-0.179277,1.513854,-0.153874,-0.838089,-0.020149,0.928940,0.178283,1.513328,0.177873,0.833394,-0.029907,0.162860,0.894538,1.521937,-0.626731,0.313662,-0.000345,0.658180,0.636150,1.514108,-0.316535,0.637217,0.012429,-0.468430,0.829388,1.521098,-0.863867,-0.090727,-0.021098,-0.804265,0.433486,1.525779,-0.530758,-0.507106,0.006330
9.020000,0.814152,-0.422773,1.521932,0.478283,0.502417,-0.007654,0.481068,-0.823398,1.513444,0.854050,0.113953,-0.028256,-0.151348,-0.904411,1.520494,0.625691,-0.304306,-0.007149,-0.636448,-0.710453,1.508746,0.355250,-0.757320,-0.034230,-0.929891,-0.195989,1.513318,-0.149274,-0.833022,-0.033482,0.932457,0.194890,1.512607,0.173808,0.827231,-0.042215,0.150379,0.900740,1.521805,-0.621363,0.306494,-0.012864,0.651858,0.648808,1.514229,-0.315647,0.628641,-0.000322,-0.485619,0.827552,1.520554,-0.855006,-0.092873,-0.033344,-0.814821,0.423376,1.525788,-0.524892,-0.503859,-0.005426
9.040000,0.823633,-0.412756,1.521656,0.469790,0.499234,-0.019905,0.498080,-0.821092,1.512757,0.847032,0.116649,-0.040435,-0.138891,-0.910428,1.520227,0.619889,-0.297423,-0.019578,-0.629343,-0.725521,1.507937,0.355183,-0.749484,-0.046627,-0.932831,-0.212596,1.512516,-0.144705,-0.827664,-0.046601,0.935892,0.211370,1.511640,0.169716,0.820810,-0.054422,0.138007,0.906798,1.521423,-0.615803,0.299370,-0.025288,0.645555,0.661295,1.514096,-0.314565,0.619971,-0.012944,-0.502628,0.825674,1.519765,-0.845812,-0.094927,-0.045482,-0.825261,0.413332,1.525562,-0.519092,-0.500426,-0.017093
9.060000,0.832943,-0.402805,1.521136,0.461255,0.495875,-0.032041,0.514948,-0.818733,1.511827,0.839787,0.119248,-0.052516,-0.126553,-0.916308,1.519712,0.613887,-0.290558,-0.031886,-0.622242,-0.740431,1.506881,0.354935,-0.741460,-0.058892,-0.935680,-0.229093,1.511455,-0.140165,-0.822016,-0.059504,0.939245,0.227720,1.510431,0.165598,0.814130,-0.066528,0.125748,0.912715,1.520794,-0.610053,0.292288,-0.037618,0.639276,0.673607,1.513712,-0.313289,0.611207,-0.025437,-0.519450,0.823756,1.518735,-0.836283,-0.096889,-0.057514,-0.835585,0.403360,1.525105,-0.513356,-0.496809,-0.028672
9.080000,0.842083,-0.392922,1.520375,0.452678,0.492342,-0.044064,0.531670,-0.816323,1.510657,0.832315,0.121752,-0.064498,-0.114337,-0.922051,1.518952,0.607686,-0.283711,-0.044071,-0.615147,-0.755179,1.505582,0.354505,-0.733249,-0.071025,-0.938438,-0.245475,1.510138,-0.135655,-0.816076,-0.072192,0.942516,0.243934,1.508980,0.161453,0.807190,-0.078534,0.113606,0.918490,1.519919,-0.604111,0.285248,-0.049854,0.633025,0.685742,1.513080,-0.311818,0.602349,-0.037801,-0.536077,0.821799,1.517465,-0.826419,-0.098759,-0.069439,-0.845796,0.393461,1.524416,-0.507685,-0.493006,-0.040162
9.100000,0.851050,-0.383112,1.519374,0.444060,0.488633,-0.055972,0.548239,-0.813863,1.509248,0.824615,0.124159,-0.076380,-0.102247,-0.927656,1.517950,0.601285,-0.276882,-0.056135,-0.608063,-0.769760,1.504041,0.353895,-0.724850,-0.083026,-0.941106,-0.261734,1.508569,-0.131174,-0.809846,-0.084664,0.945703,0.260006,1.507290,0.157282,0.799992,-0.090439,0.101585,0.924125,1.518801,-0.597978,0.278252,-0.061996,0.626805,0.697700,1.512201,-0.310153,0.593398,-0.050037,-0.552504,0.819806,1.515958,-0.816221,-0.100538,-0.081257,-0.855893,0.383641,1.523499,-0.502079,-0.489019,-0.051563
9.120000,0.859845,-0.373378,1.518138,0.435375,0.484776,-0.067608,0.564653,-0.811357,1.507604,0.816691,0.126503,-0.087991,-0.090287,-0.933126,1.516709,0.594705,-0.270036,-0.067921,-0.600993,-0.784171,1.502263,0.353137,-0.716251,-0.094726,-0.943685,-0.277867,1.506754,-0.126691,-0.803341,-0.096765,0.948807,0.275932,1.505364,0.153047,0.792551,-0.102070,0.089688,0.929620,1.517441,-0.591675,0.271263,-0.073882,0.620620,0.709478,1.511080,-0.308335,0.584343,-0.061990,-0.568724,0.817778,1.514217,-0.805703,-0.102266,-0.092796,-0.865879,0.373902,1.522355,-0.496496,-0.484873,-0.062719
9.140000,0.868465,-0.363722,1.516673,0.426596,0.480800,-0.078815,0.580905,-0.808803,1.505732,0.808547,0.128815,-0.099156,-0.078460,-0.938458,1.515236,0.587967,-0.263137,-0.079272,-0.593938,-0.798408,1.500255,0.352266,-0.707441,-0.105955,-0.946173,-0.293866,1.504702,-0.122172,-0.796575,-0.108336,0.951824,0.291707,1.503210,0.148711,0.784883,-0.113257,0.077919,0.934975,1.515848,-0.585222,0.264245,-0.085352,0.614472,0.721073,1.509724,-0.306407,0.575173,-0.073508,-0.584730,0.815715,1.512249,-0.794879,-0.103989,-0.103882,-0.875753,0.364247,1.520993,-0.490894,-0.480597,-0.073473
9.160000,0.876908,-0.354147,1.514988,0.417724,0.476704,-0.089591,0.596993,-0.806204,1.503640,0.800181,0.131095,-0.109876,-0.066769,-0.943651,1.513541,0.581070,-0.256186,-0.090190,-0.586903,-0.812467,1.498028,0.351281,-0.698420,-0.116714,-0.948571,-0.309728,1.502424,-0.117617,-0.789549,-0.119377,0.954754,0.307326,1.500837,0.144274,0.776988,-0.124000,0.066280,0.940190,1.514030,-0.578621,0.257200,-0.096406,0.608364,0.732484,1.508143,-0.304368,0.565888,-0.084590,-0.600517,0.813618,1.510065,-0.783749,-0.105705,-0.114514,-0.885515,0.354679,1.519419,-0.485273,-0.476191,-0.083825
9.180000,0.885173,-0.344654,1.513092,0.408759,0.472489,-0.099937,0.612911,-0.803560,1.501339,0.791595,0.133344,-0.120151,-0.055218,-0.948705,1.511631,0.574015,-0.249181,-0.100673,-0.579888,-0.826344,1.495590,0.350183,-0.689187,-0.127001,-0.950878,-0.325447,1.499930,-0.113028,-0.782263,-0.129889,0.957595,0.322785,1.498253,0.139736,0.768866,-0.134297,0.054775,0.945263,1.511995,-0.571870,0.250126,-0.107044,0.602298,0.743708,1.506344,-0.302220,0.556488,-0.095237,-0.616078,0.811487,1.507672,-0.772312,-0.107414,-0.124695,-0.895164,0.345200,1.517642,-0.479632,-0.471653,-0.093775
9.200000,0.893258,-0.335248,1.510994,0.399701,0.468153,-0.109854,0.628655,-0.800871,1.498837,0.782788,0.135561,-0.129981,-0.043810,-0.953618,1.509517,0.566802,-0.242124,-0.110722,-0.572896,-0.840034,1.492951,0.348972,-0.679743,-0.136818,-0.953092,-0.341017,1.497232,-0.108402,-0.774717,-0.139871,0.960343,0.338079,1.495468,0.135097,0.760516,-0.144149,0.043406,0.950195,1.509751,-0.564970,0.243024,-0.117266,0.596276,0.754743,1.504336,-0.299961,0.546974,-0.105448,-0.631407,0.809322,1.505080,-0.760570,-0.109117,-0.134422,-0.904700,0.335813,1.515671,-0.473972,-0.466985,-0.103322
9.220000,0.901160,-0.325929,1.508702,0.390523,0.463720,-0.119178,0.644221,-0.798137,1.496144,0.773754,0.137776,-0.139196,-0.032547,-0.958389,1.507206,0.559446,-0.234978,-0.120176,-0.565929,-0.853532,1.490121,0.347677,-0.670069,-0.145998,-0.955214,-0.356434,1.494340,-0.103710,-0.766917,-0.149168,0.962998,0.353204,1.492491,0.130319,0.751951,-0.153388,0.032177,0.954984,1.507308,-0.557936,0.235858,-0.126905,0.590300,0.765586,1.502130,-0.297633,0.537325,-0.115065,-0.646499,0.807122,1.502299,-0.748533,-0.110854,-0.143531,-0.914122,0.326521,1.513513,-0.468237,-0.462209,-0.112309
9.240000,0.908878,-0.316699,1.506231,0.381198,0.459211,-0.127750,0.659604,-0.795359,1.493275,0.764486,0.140019,-0.147627,-0.021433,-0.963016,1.504715,0.551962,-0.227706,-0.128875,-0.558989,-0.866835,1.487116,0.346330,-0.660150,-0.154376,-0.957240,-0.371692,1.491271,-0.098917,-0.758869,-0.157626,0.965555,0.368156,1.489338,0.125365,0.743183,-0.161847,0.021089,0.959628,1.504680,-0.550785,0.228594,-0.135798,0.584371,0.776235,1.499739,-0.295279,0.527523,-0.123928,-0.661347,0.804887,1.499344,-0.736213,-0.112665,-0.151857,-0.923428,0.317326,1.511183,-0.462370,-0.457347,-0.120578
9.260000,0.916407,-0.307561,1.503597,0.371727,0.454627,-0.135569,0.674799,-0.792536,1.490244,0.754985,0.142290,-0.155273,-0.010470,-0.967496,1.502056,0.544350,-0.220309,-0.136819,-0.552077,-0.879936,1.483952,0.344930,-0.649985,-0.161952,-0.959170,-0.386787,1.488040,-0.094024,-0.750573,-0.165245,0.968011,0.382930,1.486023,0.120233,0.734210,-0.169524,0.010146,0.964127,1.501881,-0.543517,0.221230,-0.143944,0.578489,0.786686,1.497178,-0.292898,0.517567,-0.132037,-0.675946,0.802615,1.496230,-0.723610,-0.114551,-0.159400,-0.932616,0.308228,1.508695,-0.456374,-0.452400,-0.128128
9.280000,0.923746,-0.298515,1.500814,0.362109,0.449966,-0.142636,0.689802,-0.789668,1.487069,0.745250,0.144588,-0.162136,0.000340,-0.971828,1.499247,0.536611,-0.212786,-0.144009,-0.545192,-0.892832,1.480644,0.343477,-0.639573,-0.168725,-0.961000,-0.401713,1.484666,-0.089032,-0.742029,-0.172023,0.970363,0.397523,1.482562,0.114925,0.725034,-0.176420,-0.000650,0.968477,1.498927,-0.536131,0.213767,-0.151342,0.572655,0.796936,1.494462,-0.290490,0.507458,-0.139393,-0.690289,0.800305,1.492973,-0.710725,-0.116512,-0.166159,-0.941682,0.299230,1.506063,-0.450246,-0.447367,-0.134959
9.300000,0.930891,-0.289563,1.497897,0.352345,0.445230,-0.148949,0.704608,-0.786753,1.483764,0.735281,0.146914,-0.168215,0.010994,-0.976007,1.496301,0.528744,-0.205138,-0.150443,-0.538338,-0.905518,1.477208,0.341972,-0.628915,-0.174696,-0.962730,-0.416466,1.481165,-0.083940,-0.733237,-0.177962,0.972607,0.411930,1.478971,0.109440,0.715655,-0.182535,-0.011298,0.972677,1.495832,-0.528628,0.206204,-0.157994,0.566870,0.806983,1.491607,-0.288055,0.497194,-0.145996,-0.704373,0.797954,1.489589,-0.697557,-0.118547,-0.172134,-0.950625,0.290334,1.503301,-0.443987,-0.442248,-0.141071
9.320000,0.937838,-0.280706,1.494862,0.342421,0.440438,-0.154394,0.719212,-0.783791,1.480346,0.725070,0.149289,-0.173391,0.021489,-0.980032,1.493235,0.520766,-0.197340,-0.156006,-0.531514,-0.917987,1.473662,0.340437,-0.617997,-0.179749,-0.964357,-0.431041,1.477554,-0.078723,-0.724200,-0.182955,0.974739,0.426148,1.475267,0.103753,0.706077,-0.187749,-0.021795,0.976724,1.492613,-0.521027,0.198521,-0.163777,0.561133,0.816823,1.488628,-0.285634,0.486766,-0.151728,-0.718190,0.795562,1.486094,-0.684121,-0.120684,-0.177212,-0.959441,0.281541,1.500426,-0.437540,-0.437069,-0.146354
9.340000,0.944586,-0.271946,1.491727,0.332325,0.435610,-0.158853,0.733609,-0.780781,1.476835,0.714605,0.151734,-0.177546,0.031824,-0.983899,1.490067,0.512697,-0.189372,-0.160583,-0.524720,-0.930236,1.470025,0.338896,-0.606806,-0.183768,-0.965878,-0.445433,1.473854,-0.073357,-0.714919,-0.186893,0.976755,0.440172,1.471468,0.097837,0.696307,-0.191941,-0.032139,0.980617,1.489288,-0.513346,0.190694,-0.168570,0.555444,0.826452,1.485544,-0.283271,0.476159,-0.156474,-0.731736,0.793126,1.482507,-0.670431,-0.122951,-0.181277,-0.968125,0.272851,1.497453,-0.430846,-0.431854,-0.150696
9.360000,0.951130,-0.263282,1.488514,0.322056,0.430747,-0.162328,0.747794,-0.777721,1.473251,0.703889,0.154250,-0.180679,0.041997,-0.987606,1.486818,0.504536,-0.181231,-0.164173,-0.517958,-0.942258,1.466318,0.337348,-0.595342,-0.186754,-0.967290,-0.459636,1.470086,-0.067841,-0.705394,-0.189778,0.978651,0.453998,1.467596,0.091693,0.686345,-0.195112,-0.042328,0.984351,1.485877,-0.505585,0.182723,-0.172373,0.549802,0.835868,1.482376,-0.280963,0.465374,-0.160233,-0.745005,0.790643,1.478849,-0.656488,-0.125347,-0.184330,-0.976673,0.264267,1.494404,-0.423906,-0.426604,-0.154097
9.380000,0.957467,-0.254716,1.485241,0.311614,0.425847,-0.164819,0.761763,-0.774610,1.469615,0.692920,0.156836,-0.182790,0.052005,-0.991148,1.483507,0.496283,-0.172918,-0.166776,-0.511227,-0.954048,1.462562,0.335795,-0.583604,-0.188705,-0.968591,-0.473647,1.466270,-0.062176,-0.695625,-0.191609,0.980422,0.467624,1.463670,0.085320,0.676191,-0.197262,-0.052362,0.987924,1.482399,-0.497745,0.174608,-0.175186,0.544205,0.845066,1.479142,-0.278712,0.454411,-0.163005,-0.757994,0.788111,1.475141,-0.642291,-0.127873,-0.186371,-0.985080,0.255787,1.491296,-0.416719,-0.421319,-0.156557
9.400000,0.963594,-0.246248,1.481928,0.301000,0.420912,-0.166324,0.775509,-0.771447,1.465947,0.681698,0.159493,-0.183879,0.061847,-0.994521,1.480154,0.487938,-0.164434,-0.168392,-0.504526,-0.965600,1.458777,0.334235,-0.571593,-0.189622,-0.969776,-0.487459,1.462428,-0.056362,-0.685612,-0.192386,0.982062,0.481045,1.459712,0.078719,0.665844,-0.198391,-0.062237,0.991334,1.478876,-0.489825,0.166350,-0.177010,0.538653,0.854043,1.475862,-0.276518,0.443270,-0.164791,-0.770695,0.785527,1.471401,-0.627841,-0.130529,-0.187399,-0.993340,0.247414,1.488148,-0.409286,-0.415998,-0.158076
9.420000,0.969506,-0.237880,1.478595,0.290222,0.415959,-0.166809,0.789029,-0.768230,1.462267,0.670212,0.162230,-0.183910,0.071522,-0.997724,1.476778,0.479524,-0.155776,-0.168985,-0.497857,-0.976909,1.454984,0.332682,-0.559302,-0.189471,-0.970844,-0.501069,1.458582,-0.050385,-0.675353,-0.192081,0.983569,0.494257,1.455742,0.071882,0.655304,-0.198457,-0.071954,0.994578,1.475326,-0.481851,0.157947,-0.177801,0.533144,0.862796,1.472557,-0.274417,0.431954,-0.165551,-0.783106,0.782889,1.467652,-0.613157,-0.133325,-0.187380,-1.001449,0.239147,1.484979,-0.401558,-0.410671,-0.158622
9.440000,0.975202,-0.229610,1.475262,0.279289,0.411010,-0.166238,0.802316,-0.764957,1.458598,0.658449,0.165057,-0.182846,0.081028,-1.000751,1.473401,0.471067,-0.146942,-0.168517,-0.491219,-0.987970,1.451205,0.331150,-0.546723,-0.188216,-0.971791,-0.514472,1.454752,-0.044230,-0.664845,-0.190666,0.984936,0.507256,1.451781,0.064800,0.644566,-0.197417,-0.081511,0.997651,1.471771,-0.473849,0.149396,-0.177516,0.527675,0.871320,1.469247,-0.272447,0.420468,-0.165244,-0.795220,0.780193,1.463913,-0.598258,-0.136271,-0.186280,-1.009400,0.230987,1.481810,-0.393487,-0.405366,-0.158163
9.460000,0.980677,-0.221439,1.471952,0.268201,0.406062,-0.164610,0.815365,-0.761627,1.454960,0.646410,0.167973,-0.180688,0.090364,-1.003600,1.470045,0.462566,-0.137933,-0.166990,-0.484611,-0.998776,1.447463,0.329639,-0.533857,-0.185857,-0.972612,-0.527662,1.450962,-0.037899,-0.654088,-0.188141,0.986159,0.520038,1.447852,0.057473,0.633632,-0.195273,-0.090908,1.000552,1.468232,-0.465817,0.140698,-0.176155,0.522245,0.879613,1.465954,-0.270608,0.408809,-0.163871,-0.807035,0.777437,1.460208,-0.583146,-0.139368,-0.184100,-1.017186,0.222933,1.478660,-0.385072,-0.400084,-0.156700
9.480000,0.985929,-0.213367,1.468685,0.256958,0.401118,-0.161925,0.828170,-0.758238,1.451377,0.634095,0.170979,-0.177434,0.099530,-1.006267,1.466729,0.454020,-0.128748,-0.164401,-0.478033,-1.009323,1.443778,0.328149,-0.520703,-0.182395,-0.973305,-0.540634,1.447234,-0.031391,-0.643083,-0.184506,0.987233,0.532600,1.443978,0.049902,0.622502,-0.192023,-0.100144,1.003278,1.464732,-0.457757,0.131853,-0.173719,0.516850,0.887672,1.462699,-0.268899,0.396980,-0.161432,-0.818545,0.774618,1.456556,-0.567819,-0.142614,-0.180838,-1.024801,0.214984,1.475549,-0.376315,-0.394823,-0.154232
9.500000,0.990954,-0.205394,1.465482,0.245560,0.396175,-0.158184,0.840727,-0.754787,1.447870,0.621504,0.174074,-0.173085,0.108525,-1.008749,1.463476,0.445431,-0.119388,-0.160753,-0.471485,-1.019603,1.440174,0.326680,-0.507262,-0.177829,-0.973867,-0.553383,1.443590,-0.024705,-0.631828,-0.179761,0.988154,0.544937,1.440179,0.042086,0.611175,-0.187669,-0.109218,1.005826,1.461291,-0.449668,0.122861,-0.170208,0.511488,0.895491,1.459504,-0.267322,0.384979,-0.157927,-0.829746,0.771732,1.452981,-0.552277,-0.146011,-0.176496,-1.032236,0.207140,1.472497,-0.367214,-0.389585,-0.150759
9.520000,0.995750,-0.197520,1.462364,0.234042,0.391253,-0.153449,0.853029,-0.751274,1.444461,0.608624,0.177255,-0.167703,0.117347,-1.011042,1.460306,0.436828,-0.109875,-0.156104,-0.464966,-1.029611,1.436672,0.325234,-0.493537,-0.172222,-0.974292,-0.565905,1.440051,-0.017844,-0.620320,-0.173973,0.988915,0.557045,1.436478,0.034038,0.599646,-0.182263,-0.118131,1.008192,1.457930,-0.441583,0.113743,-0.165674,0.506156,0.903070,1.456389,-0.265896,0.372833,-0.153412,-0.840634,0.768776,1.449503,-0.536552,-0.149552,-0.171133,-1.039487,0.199400,1.469524,-0.357753,-0.384395,-0.146340
9.540000,1.000315,-0.189744,1.459351,0.222436,0.386369,-0.147781,0.865070,-0.747697,1.441169,0.595442,0.180517,-0.161351,0.125998,-1.013143,1.457238,0.428242,-0.100235,-0.150514,-0.458475,-1.039342,1.433292,0.323816,-0.479532,-0.165636,-0.974579,-0.578194,1.436637,-0.010806,-0.608553,-0.167211,0.989514,0.568921,1.432895,0.025769,0.587910,-0.175857,-0.126882,1.010375,1.454670,-0.433532,0.104522,-0.160171,0.500851,0.910404,1.453374,-0.264644,0.360569,-0.147945,-0.851207,0.765749,1.446142,-0.520672,-0.153230,-0.164811,-1.046544,0.191763,1.466649,-0.347915,-0.379281,-0.141033
9.560000,1.004647,-0.182065,1.456459,0.210744,0.381522,-0.141179,0.876844,-0.744053,1.438013,0.581960,0.183859,-0.154028,0.134477,-1.015050,1.454291,0.419674,-0.090467,-0.143984,-0.452013,-1.048791,1.430053,0.322425,-0.465248,-0.158071,-0.974723,-0.590246,1.433369,-0.003592,-0.596527,-0.159474,0.989945,0.580560,1.429450,0.017281,0.575968,-0.168453,-0.135472,1.012372,1.451530,-0.425518,0.095197,-0.153700,0.495569,0.917492,1.450478,-0.263565,0.348186,-0.141525,-0.861460,0.762646,1.442917,-0.504637,-0.157046,-0.157529,-1.053401,0.184228,1.463889,-0.337699,-0.374242,-0.134839
9.580000,1.008744,-0.174483,1.453710,0.198966,0.376714,-0.133645,0.888346,-0.740342,1.435014,0.568177,0.187282,-0.145734,0.142785,-1.016761,1.451485,0.411123,-0.080570,-0.136514,-0.445578,-1.057950,1.426976,0.321061,-0.450684,-0.149528,-0.974722,-0.602054,1.430265,0.003798,-0.584243,-0.150763,0.990203,0.591959,1.426163,0.008572,0.563818,-0.160051,-0.143903,1.014182,1.448529,-0.417538,0.085769,-0.146260,0.490307,0.924331,1.447719,-0.262660,0.335685,-0.134152,-0.871391,0.759466,1.439848,-0.488448,-0.160999,-0.149288,-1.060049,0.176793,1.461262,-0.327106,-0.369279,-0.127757
9.600000,1.012605,-0.166996,1.451120,0.187101,0.371943,-0.125177,0.899569,-0.736561,1.432190,0.554092,0.190785,-0.136469,0.150922,-1.018272,1.448837,0.402589,-0.070546,-0.128103,-0.439170,-1.066816,1.424079,0.319724,-0.435840,-0.140006,-0.974570,-0.613614,1.427345,0.011363,-0.571700,-0.141077,0.990286,0.603112,1.423055,-0.000356,0.551461,-0.150649,-0.152174,1.015802,1.445686,-0.409594,0.076237,-0.137852,0.485062,0.930918,1.445118,-0.261927,0.323065,-0.125827,-0.880997,0.756205,1.436952,-0.472105,-0.165090,-0.140087,-1.066483,0.169457,1.458785,-0.316136,-0.364391,-0.119787
9.620000,1.016228,-0.159605,1.448708,0.175203,0.367223,-0.115928,0.910508,-0.732710,1.429561,0.539696,0.194352,-0.126387,0.158889,-1.019582,1.446366,0.394104,-0.060438,-0.118901,-0.432789,-1.075382,1.421381,0.318409,-0.420731,-0.129659,-0.974266,-0.624920,1.424627,0.019090,-0.558893,-0.130574,0.990188,0.614016,1.420143,-0.009470,0.538895,-0.140394,-0.160287,1.017231,1.443020,-0.401717,0.066642,-0.128619,0.479829,0.937253,1.442692,-0.261368,0.310372,-0.116697,-0.890275,0.752861,1.434249,-0.455644,-0.169296,-0.130077,-1.072693,0.162217,1.456475,-0.304807,-0.359596,-0.111072
9.640000,1.019613,-0.152307,1.446487,0.163325,0.362565,-0.106048,0.921155,-0.728787,1.427139,0.524979,0.197962,-0.115644,0.166687,-1.020690,1.444085,0.385700,-0.050291,-0.109057,-0.426434,-1.083644,1.418897,0.317107,-0.405371,-0.118640,-0.973806,-0.635967,1.422126,0.026961,-0.545816,-0.119412,0.989906,0.624666,1.417444,-0.018734,0.526117,-0.129434,-0.168243,1.018468,1.440546,-0.393938,0.057025,-0.118705,0.474606,0.943333,1.440454,-0.260982,0.297654,-0.106911,-0.899222,0.749433,1.431754,-0.439103,-0.173597,-0.119408,-1.078673,0.155072,1.454346,-0.293137,-0.354912,-0.101753
9.660000,1.022761,-0.145102,1.444470,0.151468,0.357970,-0.095538,0.931505,-0.724791,1.424939,0.509940,0.201617,-0.104238,0.174318,-1.021594,1.442008,0.377377,-0.040106,-0.098572,-0.420105,-1.091595,1.416640,0.315819,-0.389761,-0.106950,-0.973187,-0.646751,1.419855,0.034977,-0.532470,-0.107592,0.989438,0.635059,1.414971,-0.028147,0.513126,-0.117766,-0.176045,1.019512,1.438277,-0.386256,0.047385,-0.108111,0.469389,0.949159,1.438420,-0.260768,0.284911,-0.096470,-0.907838,0.745917,1.429478,-0.422481,-0.177992,-0.108079,-1.084416,0.148020,1.452409,-0.281126,-0.350340,-0.091830
9.680000,1.025672,-0.137988,1.442670,0.139631,0.353437,-0.084398,0.941550,-0.720722,1.422974,0.494579,0.205317,-0.092170,0.181783,-1.022294,1.440147,0.369135,-0.029882,-0.087445,-0.413801,-1.099232,1.414623,0.314546,-0.373900,-0.094590,-0.972406,-0.657264,1.417827,0.043138,-0.518854,-0.095113,0.988779,0.645190,1.412738,-0.037711,0.499923,-0.105392,-0.183694,1.020363,1.436226,-0.378673,0.037723,-0.096838,0.464174,0.954729,1.436600,-0.260728,0.272141,-0.085372,-0.916121,0.742312,1.427435,-0.405779,-0.182481,-0.096090,-1.089915,0.141058,1.450677,-0.268773,-0.345878,-0.081303
9.700000,1.028347,-0.130964,1.441098,0.127814,0.348967,-0.072627,0.951286,-0.716578,1.421257,0.478896,0.209061,-0.079440,0.189084,-1.022789,1.438514,0.360973,-0.019620,-0.075676,-0.407523,-1.106550,1.412861,0.313287,-0.357788,-0.081557,-0.971460,-0.667503,1.416055,0.051444,-0.504968,-0.081974,0.987928,0.655054,1.410760,-0.047424,0.486507,-0.092312,-0.191193,1.021020,1.434408,-0.371188,0.028038,-0.084883,0.458958,0.960044,1.435009,-0.260860,0.259345,-0.073618,-0.924069,0.738617,1.425638,-0.388996,-0.187064,-0.083442,-1.095164,0.134184,1.449161,-0.256080,-0.341528,-0.070172
9.720000,1.030785,-0.124029,1.439767,0.116079,0.344564,-0.060433,0.960704,-0.712359,1.419800,0.462900,0.212817,-0.066263,0.196222,-1.023078,1.437122,0.352922,-0.009378,-0.063474,-0.401270,-1.113542,1.411364,0.312027,-0.341460,-0.068070,-0.970347,-0.677461,1.414551,0.059860,-0.490823,-0.068395,0.986882,0.664649,1.409049,-0.057235,0.472888,-0.078738,-0.198542,1.021484,1.432834,-0.363822,0.018381,-0.072458,0.453739,0.965103,1.433658,-0.261145,0.246578,-0.061417,-0.931681,0.734829,1.424100,-0.372175,-0.191707,-0.070347,-1.100157,0.127396,1.447873,-0.243096,-0.337295,-0.058636
9.740000,1.032991,-0.117181,1.438682,0.104490,0.340236,-0.048024,0.969800,-0.708066,1.418608,0.446601,0.216554,-0.052853,0.203201,-1.023164,1.435977,0.345011,0.000781,-0.051046,-0.395042,-1.120207,1.410139,0.310749,-0.324950,-0.054343,-0.969065,-0.687134,1.413321,0.068352,-0.476427,-0.054591,0.985638,0.673969,1.407612,-0.067092,0.459071,-0.064883,-0.205746,1.021756,1.431511,-0.356597,0.008804,-0.059770,0.448512,0.969908,1.432554,-0.261564,0.233893,-0.048975,-0.938956,0.730949,1.422826,-0.355357,-0.196372,-0.057015,-1.104887,0.120691,1.446817,-0.229873,-0.333186,-0.046894
9.760000,1.034966,-0.110419,1.437848,0.093045,0.335981,-0.035400,0.978566,-0.703697,1.417687,0.429999,0.220271,-0.039212,0.210024,-1.023048,1.435082,0.337240,0.010860,-0.038392,-0.388840,-1.126539,1.409192,0.309455,-0.308257,-0.040376,-0.967613,-0.696517,1.412369,0.076920,-0.461782,-0.040564,0.984198,0.683010,1.406455,-0.076994,0.445059,-0.050748,-0.212807,1.021837,1.430445,-0.349514,-0.000696,-0.046821,0.443275,0.974460,1.431701,-0.262115,0.221291,-0.036293,-0.945895,0.726974,1.421821,-0.338542,-0.201061,-0.043448,-1.109350,0.114067,1.445998,-0.216410,-0.329202,-0.034946
9.780000,1.036714,-0.103741,1.437268,0.081744,0.331800,-0.022562,0.986998,-0.699255,1.417041,0.413093,0.223969,-0.025339,0.216692,-1.022730,1.434443,0.329610,0.020857,-0.025513,-0.382664,-1.132536,1.408526,0.308145,-0.291382,-0.026170,-0.965988,-0.705604,1.411699,0.085565,-0.446886,-0.026314,0.982558,0.691770,1.405584,-0.086941,0.430850,-0.036332,-0.219728,1.021729,1.429640,-0.342572,-0.010116,-0.033609,0.438026,0.978760,1.431104,-0.262800,0.208771,-0.023371,-0.952498,0.722906,1.421090,-0.321731,-0.205773,-0.029644,-1.113541,0.107522,1.445420,-0.202708,-0.325342,-0.022791
9.800000,1.038237,-0.097146,1.436947,0.070588,0.327692,-0.009508,0.995088,-0.694739,1.416675,0.395883,0.227648,-0.011233,0.223209,-1.022214,1.434063,0.322119,0.030773,-0.012408,-0.376514,-1.138193,1.408147,0.306817,-0.274325,-0.011724,-0.964190,-0.714391,1.411318,0.094285,-0.431741,-0.011840,0.980720,0.700243,1.405004,-0.096934,0.416444,-0.021635,-0.226511,1.021433,1.429102,-0.335771,-0.019457,-0.020135,0.432762,0.982811,1.430768,-0.263617,0.196333,-0.010209,-0.958764,0.718743,1.420637,-0.304923,-0.210508,-0.015605,-1.117457,0.101053,1.445088,-0.188766,-0.321606,-0.010430
9.820000,1.039538,-0.090633,1.436887,0.059636,0.323663,0.003537,1.002831,-0.690149,1.416592,0.378407,0.231271,0.002875,0.229578,-1.021501,1.433946,0.314799,0.040542,0.000698,-0.370391,-1.143508,1.408057,0.305457,-0.257139,0.002731,-0.962216,-0.722872,1.411226,0.103034,-0.416379,0.002629,0.978681,0.708426,1.404719,-0.106914,0.401868,-0.006891,-0.233160,1.020951,1.428835,-0.329122,-0.028670,-0.006627,0.427481,0.986614,1.430696,-0.264537,0.184031,0.002968,-0.964695,0.714486,1.420466,-0.288165,-0.215227,-0.001557,-1.121091,0.094657,1.445003,-0.174657,-0.317992,0.001926
9.840000,1.040624,-0.084199,1.437087,0.048946,0.319716,0.016349,1.010223,-0.685488,1.416789,0.360701,0.234801,0.016756,0.235802,-1.020594,1.434090,0.307677,0.050100,0.013578,-0.364296,-1.148478,1.408254,0.304048,-0.239877,0.016965,-0.960068,-0.731045,1.411421,0.111767,-0.400833,0.016862,0.976444,0.716317,1.404727,-0.116824,0.387147,0.007666,-0.239677,1.020287,1.428836,-0.322638,-0.037705,0.006685,0.422180,0.990173,1.430885,-0.265529,0.171915,0.015934,-0.970291,0.710135,1.420573,-0.271502,-0.219889,0.012271,-1.124442,0.088332,1.445164,-0.160455,-0.314500,0.014064
9.860000,1.041498,-0.077844,1.437540,0.038519,0.315853,0.028930,1.017258,-0.680758,1.417261,0.342765,0.238239,0.030411,0.241886,-1.019498,1.434488,0.300754,0.059446,0.026233,-0.358230,-1.153103,1.408734,0.302590,-0.222540,0.030977,-0.957746,-0.738904,1.411899,0.120484,-0.385104,0.030860,0.974009,0.723911,1.405024,-0.126662,0.372280,0.022037,-0.246066,1.019444,1.429101,-0.316317,-0.046562,0.019802,0.416859,0.993492,1.431332,-0.266592,0.159987,0.028689,-0.975556,0.705691,1.420955,-0.254935,-0.224495,0.025880,-1.127509,0.082076,1.445564,-0.146160,-0.311129,0.025983
9.880000,1.042166,-0.071565,1.438242,0.028353,0.312073,0.041278,1.023932,-0.675959,1.418003,0.324600,0.241585,0.043840,0.247834,-1.018217,1.435137,0.294030,0.068581,0.038663,-0.352193,-1.157379,1.409492,0.301083,-0.205127,0.044769,-0.955249,-0.746448,1.412654,0.129183,-0.369191,0.044622,0.971378,0.731207,1.405607,-0.136430,0.357269,0.036221,-0.252331,1.018426,1.429627,-0.310159,-0.055240,0.032724,0.411516,0.996574,1.432031,-0.267728,0.148246,0.041234,-0.980489,0.701155,1.421607,-0.238463,-0.229044,0.039269,-1.130288,0.075887,1.446201,-0.131770,-0.307878,0.037685
9.900000,1.042634,-0.065360,1.439189,0.018451,0.308375,0.053393,1.030240,-0.671095,1.419013,0.306204,0.244839,0.057041,0.253649,-1.016756,1.436033,0.287505,0.077504,0.050868,-0.346187,-1.161307,1.410524,0.299527,-0.187638,0.058340,-0.952579,-0.753671,1.413682,0.137866,-0.353094,0.058150,0.968552,0.738201,1.406472,-0.146127,0.342112,0.050218,-0.258474,1.017236,1.430409,-0.304166,-0.063739,0.045451,0.406150,0.999423,1.432979,-0.268935,0.136691,0.053568,-0.985095,0.696529,1.422524,-0.222087,-0.233536,0.052440,-1.132779,0.069760,1.447070,-0.117287,-0.304749,0.049169
9.920000,1.042906,-0.059229,1.440375,0.008850,0.304766,0.065081,1.036179,-0.666167,1.420282,0.287651,0.247971,0.069809,0.259335,-1.015119,1.437169,0.281206,0.086161,0.062648,-0.340212,-1.164885,1.411823,0.297916,-0.170148,0.071479,-0.949735,-0.760571,1.414977,0.146482,-0.336880,0.071235,0.965533,0.744891,1.407613,-0.155699,0.326864,0.063809,-0.264499,1.015878,1.431442,-0.298342,-0.072022,0.057774,0.400759,1.002043,1.434171,-0.270183,0.125366,0.065490,-0.989374,0.691814,1.423702,-0.205861,-0.237939,0.065184,-1.134979,0.063696,1.448165,-0.102795,-0.301736,0.060245
9.940000,1.042990,-0.053169,1.441788,-0.000407,0.301252,0.076143,1.041746,-0.661177,1.421801,0.269012,0.250955,0.081935,0.264899,-1.013312,1.438535,0.275162,0.094498,0.073803,-0.334270,-1.168114,1.413378,0.296244,-0.152730,0.083976,-0.946720,-0.767146,1.416527,0.154983,-0.320614,0.083669,0.962325,0.751275,1.409020,-0.165090,0.311580,0.076776,-0.270409,1.014357,1.432715,-0.292692,-0.080046,0.069485,0.395342,1.004440,1.435595,-0.271442,0.114311,0.076797,-0.993331,0.687013,1.425127,-0.189840,-0.242218,0.077294,-1.136891,0.057690,1.449476,-0.088381,-0.298835,0.070722
9.960000,1.042892,-0.047178,1.443417,-0.009322,0.297832,0.086581,1.046939,-0.656130,1.423555,0.250287,0.253789,0.093419,0.270344,-1.011341,1.440117,0.269371,0.102515,0.084334,-0.328363,-1.170995,1.415178,0.294510,-0.135385,0.095831,-0.943536,-0.773395,1.418319,0.163369,-0.304296,0.095454,0.958931,0.757354,1.410680,-0.174300,0.296259,0.089117,-0.276207,1.012678,1.434217,-0.287218,-0.087814,0.080584,0.389901,1.006618,1.437239,-0.272711,0.103528,0.087490,-0.996969,0.682126,1.426789,-0.174024,-0.246374,0.088772,-1.138515,0.051742,1.450990,-0.074042,-0.296047,0.080599
9.980000,1.042620,-0.041255,1.445248,-0.017894,0.294506,0.096394,1.051757,-0.651027,1.425533,0.231477,0.256473,0.104261,0.275675,-1.009213,1.441904,0.263835,0.110212,0.094241,-0.322490,-1.173530,1.417207,0.292715,-0.118113,0.107043,-0.940186,-0.779317,1.420341,0.171639,-0.287927,0.106588,0.955354,0.763125,1.412580,-0.183331,0.280901,0.100833,-0.281899,1.010846,1.435935,-0.281920,-0.095324,0.091071,0.384434,1.008583,1.439090,-0.273991,0.093014,0.097568,-1.000293,0.677158,1.428674,-0.158412,-0.250406,0.099617,-1.139853,0.045848,1.452696,-0.059781,-0.293371,0.089878
10.000000,1.042179,-0.035397,1.447268,-0.026124,0.291275,0.105583,1.056197,-0.645872,1.427722,0.212580,0.259008,0.114461,0.280899,-1.006935,1.443883,0.258553,0.117589,0.103523,-0.316655,-1.175720,1.419455,0.290859,-0.100913,0.117614,-0.936672,-0.784911,1.422579,0.179793,-0.271506,0.117071,0.951599,0.768589,1.414709,-0.192180,0.265507,0.111923,-0.287485,1.008867,1.437856,-0.276796,-0.102577,0.100947,0.378941,1.010340,1.441137,-0.275282,0.082772,0.107032,-1.003307,0.672111,1.430770,-0.143005,-0.254315,0.109828,-1.140907,0.040006,1.454581,-0.045597,-0.290808,0.098558
10.020000,1.041577,-0.029603,1.449466,-0.034002,0.288141,0.114009,1.060260,-0.640667,1.430106,0.193695,0.261385,0.123869,0.286019,-1.004512,1.446040,0.253539,0.124623,0.112040,-0.310856,-1.177567,1.421907,0.288951,-0.083865,0.127389,-0.932995,-0.790178,1.425018,0.187794,-0.255122,0.126755,0.947669,0.773746,1.417052,-0.200812,0.250152,0.122225,-0.292972,1.006745,1.439968,-0.271850,-0.109555,0.110059,0.373423,1.011895,1.443367,-0.276563,0.072821,0.115737,-1.006015,0.666987,1.433062,-0.127858,-0.258085,0.119257,-1.141678,0.034215,1.456634,-0.031567,-0.288354,0.106503
10.040000,1.040821,-0.023871,1.451823,-0.041520,0.285109,0.121536,1.063946,-0.635417,1.432670,0.174917,0.263595,0.132335,0.291042,-1.001952,1.448358,0.248806,0.131289,0.119651,-0.305097,-1.179076,1.424544,0.287003,-0.067049,0.136216,-0.929161,-0.795117,1.427642,0.195606,-0.238863,0.135489,0.943568,0.778596,1.419592,-0.209186,0.234914,0.131573,-0.298361,1.004486,1.442252,-0.267085,-0.116239,0.118258,0.367879,1.013255,1.445761,-0.277813,0.063185,0.123540,-1.008423,0.661789,1.435534,-0.113027,-0.261701,0.127754,-1.142171,0.028471,1.458836,-0.017771,-0.286009,0.113577
10.060000,1.039919,-0.018198,1.454321,-0.048677,0.282178,0.128164,1.067257,-0.630125,1.435394,0.156246,0.265639,0.139859,0.295973,-0.999263,1.450820,0.244356,0.137587,0.126356,-0.299377,-1.180251,1.427349,0.285014,-0.050465,0.144093,-0.925172,-0.799733,1.430432,0.203227,-0.222728,0.143274,0.939303,0.783143,1.422309,-0.217304,0.219793,0.139968,-0.303656,1.002097,1.444692,-0.262502,-0.122630,0.125544,0.362310,1.014425,1.448302,-0.279033,0.053862,0.130440,-1.010538,0.656520,1.438166,-0.098511,-0.265163,0.135319,-1.142391,0.022774,1.461171,-0.004208,-0.283771,0.119779
10.080000,1.038876,-0.012583,1.456943,-0.055473,0.279349,0.133892,1.070196,-0.624793,1.438258,0.137683,0.267516,0.146441,0.300818,-0.996451,1.453406,0.240187,0.143518,0.132156,-0.293696,-1.181096,1.430302,0.282985,-0.034112,0.151021,-0.921033,-0.804027,1.433367,0.210659,-0.206718,0.150109,0.934878,0.787389,1.425184,-0.225166,0.204788,0.147410,-0.308862,0.999583,1.447268,-0.258100,-0.128728,0.131916,0.356718,1.015411,1.450973,-0.280223,0.044853,0.136438,-1.012366,0.651183,1.440940,-0.084310,-0.268470,0.141952,-1.142341,0.017120,1.463621,0.009121,-0.281642,0.125110
10.100000,1.037702,-0.007024,1.459671,-0.061908,0.276620,0.138720,1.072765,-0.619425,1.441245,0.119227,0.269226,0.152080,0.305583,-0.993525,1.456100,0.236300,0.149081,0.137050,-0.288057,-1.181617,1.433383,0.280914,-0.017991,0.157001,-0.916747,-0.808002,1.436430,0.217900,-0.190833,0.155994,0.930298,0.791336,1.428199,-0.232771,0.189900,0.153898,-0.313981,0.996950,1.449962,-0.253879,-0.134532,0.137374,0.351102,1.016221,1.453754,-0.281383,0.036158,0.141533,-1.013913,0.645782,1.443838,-0.070424,-0.271623,0.147652,-1.142027,0.011507,1.466169,0.022218,-0.279621,0.129570
10.120000,1.036402,-0.001518,1.462486,-0.068008,0.273995,0.142575,1.074967,-0.614025,1.444334,0.100980,0.270785,0.156695,0.310272,-0.990490,1.458882,0.232692,0.154291,0.140962,-0.282460,-1.181818,1.436575,0.278830,-0.002169,0.161947,-0.912319,-0.811662,1.439600,0.224937,-0.175166,0.160848,0.925569,0.794986,1.431333,-0.240107,0.175213,0.159341,-0.319018,0.994204,1.452756,-0.249841,-0.140052,0.141836,0.345463,1.016860,1.456627,-0.282508,0.027774,0.145646,-1.015185,0.640319,1.446840,-0.056899,-0.274631,0.152339,-1.141454,0.005934,1.468798,0.035025,-0.277710,0.133083
10.140000,1.034984,0.003937,1.465367,-0.073797,0.271475,0.145380,1.076806,-0.608595,1.447505,0.083041,0.272210,0.160203,0.314892,-0.987355,1.461731,0.229360,0.159161,0.143815,-0.276904,-1.181706,1.439854,0.276759,0.013287,0.165777,-0.907751,-0.815011,1.442856,0.231755,-0.159809,0.164590,0.920696,0.798346,1.434565,-0.247162,0.160810,0.163647,-0.323976,0.991350,1.455629,-0.245989,-0.145297,0.145217,0.339801,1.017334,1.459573,-0.283595,0.019697,0.148697,-1.016191,0.634798,1.449924,-0.043780,-0.277500,0.155930,-1.140629,0.000398,1.471486,0.047490,-0.275914,0.135573
10.160000,1.033453,0.009342,1.468294,-0.079276,0.269059,0.147137,1.078291,-0.603137,1.450735,0.065412,0.273501,0.162603,0.319448,-0.984126,1.464627,0.226305,0.163692,0.145610,-0.271390,-1.181289,1.443198,0.274702,0.028377,0.168489,-0.903050,-0.818056,1.446176,0.238355,-0.144763,0.167219,0.915684,0.801421,1.437871,-0.253936,0.146692,0.166816,-0.328859,0.988394,1.458558,-0.242321,-0.150267,0.147517,0.334119,1.017650,1.462568,-0.284642,0.011928,0.150687,-1.016939,0.629220,1.453069,-0.031066,-0.280232,0.158425,-1.139557,-0.005103,1.474214,0.059611,-0.274233,0.137041
10.180000,1.031815,0.014700,1.471245,-0.084444,0.266748,0.147844,1.079425,-0.597656,1.454002,0.048092,0.274657,0.163896,0.323946,-0.980810,1.467549,0.223527,0.167884,0.146346,-0.265916,-1.180573,1.446586,0.272658,0.043100,0.170085,-0.898219,-0.820804,1.449538,0.244736,-0.130026,0.168736,0.910540,0.804216,1.441230,-0.260429,0.132859,0.168848,-0.333670,0.985341,1.461522,-0.238839,-0.154963,0.148736,0.328416,1.017813,1.465593,-0.285651,0.004466,0.151615,-1.017437,0.623589,1.456254,-0.018758,-0.282826,0.159823,-1.138246,-0.010572,1.476961,0.071389,-0.272666,0.137486
10.200000,1.030077,0.020012,1.474201,-0.089301,0.264542,0.147502,1.080216,-0.592152,1.457284,0.031081,0.275679,0.164081,0.328391,-0.977413,1.470474,0.221025,0.171735,0.146023,-0.260483,-1.179567,1.449994,0.270628,0.057457,0.170564,-0.893262,-0.823259,1.452918,0.250899,-0.115601,0.169141,0.905269,0.806737,1.444618,-0.266642,0.119310,0.169743,-0.338414,0.982197,1.464500,-0.235543,-0.159383,0.148875,0.322693,1.017830,1.468626,-0.286621,-0.002687,0.151482,-1.017692,0.617908,1.459455,-0.006856,-0.285283,0.160126,-1.136704,-0.016011,1.479706,0.082823,-0.271213,0.136908
10.220000,1.028245,0.025282,1.477138,-0.093900,0.262443,0.146096,1.080671,-0.586629,1.460558,0.014465,0.276604,0.163141,0.332789,-0.973942,1.473383,0.218785,0.175294,0.144626,-0.255090,-1.178278,1.453401,0.268652,0.071404,0.169909,-0.888184,-0.825430,1.456296,0.256855,-0.101567,0.168418,0.899876,0.808990,1.448012,-0.272589,0.106122,0.169480,-0.343093,0.978967,1.467470,-0.232434,-0.163564,0.147913,0.316951,1.017708,1.471645,-0.287566,-0.009559,0.150269,-1.017714,0.612179,1.462651,0.004613,-0.287632,0.159316,-1.134936,-0.021422,1.482430,0.093891,-0.269885,0.135291
10.240000,1.026322,0.030511,1.480037,-0.098293,0.260455,0.143608,1.080798,-0.581088,1.463802,-0.001671,0.277473,0.161058,0.337144,-0.970403,1.476252,0.216794,0.178607,0.142139,-0.249736,-1.176714,1.456783,0.266769,0.084900,0.168104,-0.882989,-0.827325,1.459647,0.262617,-0.088005,0.166552,0.894367,0.810985,1.451389,-0.278286,0.093371,0.168038,-0.347712,0.975656,1.470409,-0.229515,-0.167539,0.145832,0.311191,1.017450,1.474629,-0.288497,-0.016174,0.147958,-1.017511,0.606403,1.465820,0.015622,-0.289904,0.157374,-1.132951,-0.026807,1.485111,0.104567,-0.268692,0.132616
10.260000,1.024314,0.035701,1.482875,-0.102480,0.258577,0.140038,1.080607,-0.575531,1.466992,-0.017326,0.278283,0.157833,0.341462,-0.966800,1.479061,0.215052,0.181674,0.138562,-0.244419,-1.174885,1.460117,0.264980,0.097943,0.165148,-0.877681,-0.828954,1.462950,0.268184,-0.074915,0.163541,0.888746,0.812728,1.454726,-0.283732,0.081056,0.165418,-0.352275,0.972267,1.473295,-0.226786,-0.171309,0.142631,0.305412,1.017062,1.477556,-0.289415,-0.022533,0.144550,-1.017092,0.600583,1.468939,0.026170,-0.292099,0.154301,-1.130756,-0.032170,1.487728,0.114852,-0.267633,0.128883
10.280000,1.022224,0.040855,1.485632,-0.106462,0.256809,0.135388,1.080108,-0.569957,1.470107,-0.032501,0.279037,0.153464,0.345748,-0.963138,1.481787,0.213558,0.184494,0.133894,-0.239137,-1.172799,1.463381,0.263285,0.110533,0.161041,-0.872263,-0.830325,1.466181,0.273557,-0.062297,0.159387,0.883019,0.814230,1.457998,-0.288929,0.069178,0.161618,-0.356785,0.968805,1.476107,-0.224247,-0.174874,0.138310,0.299614,1.016550,1.480404,-0.290321,-0.028635,0.140045,-1.016467,0.594720,1.471985,0.036257,-0.294217,0.150097,-1.128359,-0.037513,1.490259,0.124747,-0.266709,0.124094
10.300000,1.020057,0.045974,1.488284,-0.110237,0.255152,0.129656,1.079310,-0.564369,1.473123,-0.047195,0.279733,0.147953,0.350006,-0.959422,1.484409,0.212314,0.187068,0.128136,-0.233887,-1.170466,1.466551,0.261683,0.122672,0.155783,-0.866740,-0.831449,1.469318,0.278735,-0.050151,0.154089,0.877191,0.815498,1.461182,-0.293875,0.057736,0.156639,-0.361246,0.965273,1.478820,-0.221899,-0.178233,0.132870,0.293799,1.015919,1.483150,-0.291213,-0.034481,0.134441,-1.015645,0.588815,1.474935,0.045885,-0.296259,0.144762,-1.125769,-0.042839,1.492684,0.134251,-0.265920,0.118246
10.320000,1.017816,0.051062,1.490811,-0.113872,0.253612,0.122885,1.078224,-0.558768,1.476018,-0.061352,0.280423,0.141342,0.354242,-0.955656,1.486906,0.211301,0.189461,0.121332,-0.228668,-1.167895,1.469605,0.260221,0.134344,0.149421,-0.861115,-0.832335,1.472338,0.283754,-0.038535,0.147693,0.871266,0.816542,1.464256,-0.298609,0.046787,0.150526,-0.365662,0.961677,1.481414,-0.219745,-0.181439,0.126352,0.287966,1.015172,1.485774,-0.292119,-0.040110,0.127782,-1.014635,0.582870,1.477768,0.055044,-0.298269,0.138339,-1.122992,-0.048151,1.494982,0.143370,-0.265281,0.111382
10.340000,1.015503,0.056119,1.493192,-0.117434,0.252198,0.115115,1.076860,-0.553152,1.478770,-0.074915,0.281162,0.133675,0.358460,-0.951844,1.489256,0.210506,0.191740,0.113524,-0.223477,-1.165096,1.472521,0.258945,0.145535,0.141999,-0.855390,-0.832994,1.475219,0.288646,-0.027506,0.140244,0.865248,0.817373,1.467196,-0.303169,0.036388,0.143324,-0.370037,0.958017,1.483868,-0.217790,-0.184542,0.118799,0.282114,1.014315,1.488255,-0.293066,-0.045561,0.120107,-1.013446,0.576884,1.480462,0.063729,-0.300295,0.130872,-1.120036,-0.053452,1.497133,0.152113,-0.264811,0.103542
10.360000,1.013119,0.061150,1.495409,-0.120922,0.250908,0.106347,1.075231,-0.547521,1.481358,-0.087883,0.281948,0.124953,0.362664,-0.947987,1.491440,0.209926,0.193903,0.104712,-0.218309,-1.162077,1.475278,0.257855,0.156245,0.133519,-0.849570,-0.833439,1.477940,0.293411,-0.017063,0.131744,0.859140,0.818002,1.469982,-0.307553,0.026538,0.135032,-0.374375,0.954296,1.486159,-0.216035,-0.187544,0.110210,0.276243,1.013351,1.490572,-0.294055,-0.050836,0.111416,-1.012089,0.570858,1.482996,0.071938,-0.302337,0.122361,-1.116910,-0.058745,1.499117,0.160478,-0.264509,0.094725
10.380000,1.010666,0.066157,1.497440,-0.124337,0.249742,0.096580,1.073349,-0.541874,1.483761,-0.100256,0.282782,0.115174,0.366858,-0.944089,1.493438,0.209564,0.195951,0.094897,-0.213162,-1.158849,1.477855,0.256950,0.166475,0.123980,-0.843655,-0.833680,1.480481,0.298051,-0.007208,0.122191,0.852947,0.818438,1.472590,-0.311762,0.017238,0.125650,-0.378680,0.950516,1.488269,-0.214478,-0.190443,0.100587,0.270351,1.012283,1.492705,-0.295084,-0.055933,0.101711,-1.010572,0.564791,1.485349,0.079672,-0.304394,0.112806,-1.113620,-0.064033,1.500916,0.168466,-0.264375,0.084931
10.400000,1.008146,0.071141,1.499265,-0.127677,0.248702,0.085815,1.071225,-0.536210,1.485958,-0.112035,0.283664,0.104340,0.371048,-0.940150,1.495229,0.209417,0.197884,0.084079,-0.208030,-1.155421,1.480230,0.256230,0.176224,0.113382,-0.837648,-0.833731,1.482821,0.302564,0.002061,0.111586,0.846671,0.818695,1.475000,-0.315796,0.008487,0.115180,-0.382956,0.946679,1.490176,-0.213122,-0.193240,0.089928,0.264439,1.011115,1.494634,-0.296155,-0.060853,0.090990,-1.008905,0.558682,1.487501,0.086931,-0.306466,0.102207,-1.110174,-0.069321,1.502508,0.176076,-0.264408,0.074161
10.420000,1.005559,0.076106,1.500866,-0.131009,0.247800,0.074157,1.068872,-0.530527,1.487928,-0.123195,0.284650,0.092559,0.375236,-0.936174,1.496795,0.209477,0.199770,0.072365,-0.202911,-1.151803,1.482384,0.255741,0.185503,0.101836,-0.831553,-0.833602,1.484939,0.306999,0.010714,0.100038,0.840316,0.818782,1.477191,-0.319706,0.000317,0.103731,-0.387206,0.942786,1.491860,-0.211972,-0.195992,0.078342,0.258505,1.009850,1.496338,-0.297303,-0.065639,0.079360,-1.007098,0.552531,1.489431,0.093725,-0.308607,0.090671,-1.106579,-0.074611,1.503876,0.183339,-0.264631,0.062519
10.440000,1.002905,0.081054,1.502226,-0.134395,0.247050,0.061711,1.066302,-0.524823,1.489655,-0.133711,0.285797,0.079937,0.379428,-0.932159,1.498118,0.209732,0.201678,0.059864,-0.197799,-1.148004,1.484298,0.255528,0.194325,0.089453,-0.825369,-0.833307,1.486817,0.311402,0.018720,0.087659,0.833883,0.818712,1.479144,-0.323542,-0.007240,0.091417,-0.391436,0.938839,1.493304,-0.211038,-0.198754,0.065937,0.252546,1.008490,1.497803,-0.298564,-0.070332,0.066925,-1.005159,0.546337,1.491122,0.100062,-0.310868,0.078307,-1.102842,-0.079907,1.505004,0.190284,-0.265066,0.050109
10.460000,1.000183,0.085989,1.503330,-0.137837,0.246452,0.048476,1.063528,-0.519094,1.491120,-0.143584,0.287104,0.066476,0.383627,-0.928106,1.499184,0.210182,0.203608,0.046576,-0.192688,-1.144033,1.485956,0.255589,0.202689,0.076234,-0.819097,-0.832858,1.488439,0.315773,0.026080,0.074447,0.827374,0.818496,1.480842,-0.327303,-0.014183,0.078237,-0.395649,0.934836,1.494492,-0.210319,-0.201528,0.052714,0.246561,1.007037,1.499010,-0.299939,-0.074933,0.053687,-1.003098,0.540096,1.492558,0.105943,-0.313249,0.065115,-1.098970,-0.085215,1.505875,0.196911,-0.265711,0.036933
10.480000,0.997391,0.090913,1.504160,-0.141335,0.246006,0.034454,1.060563,-0.513337,1.492308,-0.152813,0.288572,0.052176,0.387837,-0.924015,1.499976,0.210829,0.205559,0.032502,-0.187573,-1.139900,1.487342,0.255924,0.210594,0.062177,-0.812738,-0.832268,1.489789,0.320113,0.032794,0.060404,0.820791,0.818148,1.482267,-0.330989,-0.020513,0.064192,-0.399850,0.930778,1.495407,-0.209816,-0.204312,0.038672,0.240548,1.005493,1.499945,-0.301427,-0.079441,0.039644,-1.000924,0.533806,1.493721,0.111368,-0.315751,0.051094,-1.094968,-0.090537,1.506476,0.203221,-0.266567,0.022989
10.500000,0.994529,0.095830,1.504702,-0.144887,0.245712,0.019643,1.057419,-0.507550,1.493202,-0.161399,0.290202,0.037036,0.392061,-0.919884,1.500479,0.211670,0.207533,0.017640,-0.182449,-1.135613,1.488438,0.256535,0.218042,0.047285,-0.806293,-0.831550,1.490850,0.324422,0.038862,0.045528,0.814135,0.817680,1.483404,-0.334602,-0.026230,0.049280,-0.404043,0.926663,1.496033,-0.209528,-0.207108,0.023812,0.234503,1.003860,1.500590,-0.303028,-0.083858,0.024797,-0.998647,0.527465,1.494596,0.116337,-0.318374,0.036245,-1.090843,-0.095879,1.506790,0.209212,-0.267634,0.008278
10.520000,0.991595,0.100743,1.504942,-0.148542,0.245591,0.004208,1.054111,-0.501728,1.493785,-0.169342,0.292041,0.021225,0.396305,-0.915713,1.500678,0.212708,0.209584,0.002161,-0.177310,-1.131181,1.489229,0.257458,0.225057,0.031726,-0.799761,-0.830718,1.491606,0.328745,0.044276,0.029990,0.807408,0.817103,1.484234,-0.338189,-0.031322,0.033676,-0.408233,0.922493,1.496355,-0.209469,-0.209961,0.008302,0.228426,1.002139,1.500932,-0.304780,-0.088213,0.009312,-0.996274,0.521070,1.495167,0.120866,-0.321165,0.020737,-1.086601,-0.101244,1.506803,0.214923,-0.268937,-0.007035
10.540000,0.988587,0.105655,1.504868,-0.152344,0.245663,-0.011685,1.050650,-0.495866,1.494047,-0.176641,0.294139,0.004911,0.400571,-0.911500,1.500562,0.213943,0.211766,-0.013767,-0.172148,-1.126613,1.489704,0.258728,0.231662,0.015672,-0.793142,-0.829784,1.492046,0.333130,0.049031,0.013958,0.800608,0.816431,1.484747,-0.341800,-0.035779,0.017552,-0.412424,0.918264,1.496362,-0.209652,-0.212920,-0.007686,0.222311,1.000332,1.500960,-0.306722,-0.092539,-0.006646,-0.993815,0.514617,1.495422,0.124973,-0.324172,0.004735,-1.082248,-0.106638,1.506506,0.220390,-0.270499,-0.022784
10.560000,0.985501,0.110570,1.504471,-0.156293,0.245928,-0.028037,1.047049,-0.489961,1.493978,-0.183297,0.296497,-0.011906,0.404864,-0.907241,1.500124,0.215376,0.214081,-0.030143,-0.166958,-1.121917,1.489852,0.260347,0.237858,-0.000877,-0.786435,-0.828761,1.492161,0.337576,0.053125,-0.002567,0.793735,0.815676,1.484933,-0.345434,-0.039599,0.000908,-0.416621,0.913975,1.496045,-0.210078,-0.215985,-0.024153,0.216156,0.998438,1.500663,-0.308854,-0.096835,-0.023077,-0.991278,0.508102,1.495353,0.128656,-0.327395,-0.011758,-1.077787,-0.112066,1.505889,0.225615,-0.272321,-0.038969
10.580000,0.982334,0.115493,1.503743,-0.160391,0.246387,-0.044848,1.043322,-0.484005,1.493568,-0.189310,0.299114,-0.029226,0.409187,-0.902935,1.499354,0.217006,0.216528,-0.046968,-0.161732,-1.117102,1.489665,0.262313,0.243645,-0.017921,-0.779639,-0.827663,1.491940,0.342084,0.056559,-0.019585,0.786790,0.814851,1.484780,-0.349093,-0.042784,-0.016256,-0.420829,0.909624,1.495393,-0.210746,-0.219154,-0.041100,0.209956,0.996459,1.500034,-0.311175,-0.101101,-0.039981,-0.988671,0.501520,1.494949,0.131916,-0.330833,-0.028743,-1.073225,-0.117533,1.504944,0.230596,-0.274403,-0.055590
10.600000,0.979084,0.120427,1.502674,-0.164636,0.247039,-0.062118,1.039481,-0.477994,1.492806,-0.194679,0.301990,-0.047049,0.413545,-0.898579,1.498242,0.218833,0.219106,-0.064242,-0.156463,-1.112174,1.489132,0.264627,0.249022,-0.035460,-0.772752,-0.826503,1.491374,0.346653,0.059334,-0.037096,0.779772,0.813969,1.484279,-0.352774,-0.045332,-0.033940,-0.425052,0.905209,1.494398,-0.211656,-0.222429,-0.058525,0.203707,0.994394,1.499061,-0.313686,-0.105337,-0.057357,-0.986004,0.494867,1.494200,0.134752,-0.334488,-0.046221,-1.068565,-0.123044,1.503662,0.235334,-0.276745,-0.072648
10.620000,0.975747,0.125376,1.501257,-0.169046,0.247911,-0.079639,1.035539,-0.471923,1.491684,-0.199417,0.305160,-0.065163,0.417942,-0.894170,1.496782,0.220870,0.221849,-0.081751,-0.151145,-1.107143,1.488245,0.267314,0.254015,-0.053281,-0.765772,-0.825294,1.490455,0.351318,0.061456,-0.054889,0.772679,0.813042,1.483420,-0.356519,-0.047249,-0.051927,-0.429296,0.900726,1.493050,-0.212827,-0.225840,-0.076216,0.197407,0.992245,1.497737,-0.316421,-0.109554,-0.074997,-0.983284,0.488139,1.493098,0.137181,-0.338393,-0.063980,-1.063813,-0.128604,1.502037,0.239861,-0.279371,-0.089931
10.640000,0.972321,0.130345,1.499488,-0.173641,0.249029,-0.097204,1.031509,-0.465786,1.490199,-0.203538,0.308657,-0.083358,0.422382,-0.889704,1.494972,0.223128,0.224789,-0.099281,-0.145768,-1.102016,1.487001,0.270397,0.258649,-0.071172,-0.758698,-0.824049,1.489178,0.356114,0.062936,-0.072752,0.765510,0.812083,1.482201,-0.360367,-0.048539,-0.070003,-0.433567,0.896174,1.491349,-0.214275,-0.229418,-0.093957,0.191049,0.990012,1.496061,-0.319415,-0.113764,-0.092692,-0.980519,0.481329,1.491640,0.139216,-0.342582,-0.081810,-1.058972,-0.134221,1.500065,0.244211,-0.282304,-0.107231
10.660000,0.968801,0.135339,1.497368,-0.178419,0.250393,-0.114812,1.027402,-0.459575,1.488349,-0.207042,0.312482,-0.101632,0.426869,-0.885177,1.492811,0.225608,0.227925,-0.116833,-0.140326,-1.096800,1.485398,0.273876,0.262924,-0.089132,-0.751527,-0.822781,1.487544,0.361040,0.063773,-0.090686,0.758263,0.811105,1.480620,-0.364316,-0.049202,-0.088166,-0.437869,0.891548,1.489292,-0.216001,-0.233162,-0.111749,0.184628,0.987695,1.494029,-0.322668,-0.117966,-0.110441,-0.977718,0.474433,1.489825,0.140859,-0.347055,-0.099710,-1.054046,-0.139899,1.497747,0.248382,-0.285545,-0.124547
10.680000,0.965183,0.140363,1.494896,-0.183382,0.252004,-0.132464,1.023231,-0.453284,1.486133,-0.209928,0.316635,-0.119986,0.431407,-0.880586,1.490299,0.228309,0.231257,-0.134407,-0.134811,-1.091501,1.483435,0.277752,0.266839,-0.107161,-0.744256,-0.821502,1.485550,0.366097,0.063967,-0.108690,0.750937,0.810120,1.478674,-0.368368,-0.049239,-0.106418,-0.442209,0.886846,1.486878,-0.218005,-0.237073,-0.129592,0.178140,0.985294,1.491643,-0.326179,-0.122161,-0.128245,-0.974888,0.467445,1.487651,0.142107,-0.351812,-0.117681,-1.049038,-0.145645,1.495083,0.252375,-0.289094,-0.141879
10.700000,0.961464,0.145421,1.492069,-0.188528,0.253861,-0.150159,1.019009,-0.446907,1.483549,-0.212196,0.321115,-0.138421,0.436003,-0.875926,1.487435,0.231231,0.234786,-0.152002,-0.129213,-1.086129,1.481111,0.282024,0.270395,-0.125260,-0.736882,-0.820226,1.483196,0.371284,0.063518,-0.126765,0.743528,0.809140,1.476362,-0.372522,-0.048648,-0.124757,-0.446591,0.882064,1.484108,-0.220286,-0.241150,-0.147486,0.171579,0.982808,1.488899,-0.329950,-0.126348,-0.146104,-0.972036,0.460359,1.485117,0.142963,-0.356853,-0.135722,-1.043952,-0.151464,1.492072,0.256191,-0.292951,-0.159227
10.720000,0.957641,0.150519,1.488890,-0.193850,0.255997,-0.167664,1.014747,-0.440437,1.480597,-0.213864,0.325945,-0.156698,0.440658,-0.871193,1.484220,0.234398,0.238524,-0.169380,-0.123527,-1.080688,1.478426,0.286706,0.273616,-0.143190,-0.729403,-0.818966,1.480481,0.376624,0.062442,-0.144675,0.736035,0.808178,1.473685,-0.376808,-0.047440,-0.142944,-0.451022,0.877199,1.480980,-0.222868,-0.245407,-0.165190,0.164940,0.980240,1.485800,-0.334011,-0.130517,-0.163783,-0.969172,0.453169,1.482224,0.143435,-0.362201,-0.153598,-1.038791,-0.157365,1.488715,0.259854,-0.297142,-0.176355
10.740000,0.953709,0.155663,1.485366,-0.199341,0.258443,-0.184747,1.010458,-0.433867,1.477284,-0.214949,0.331146,-0.174583,0.445380,-0.866383,1.480662,0.237832,0.242482,-0.186303,-0.117742,-1.075186,1.475386,0.291810,0.276525,-0.160714,-0.721816,-0.817733,1.477412,0.382141,0.060755,-0.162185,0.728455,0.807246,1.470647,-0.381253,-0.045623,-0.160738,-0.455508,0.872247,1.477503,-0.225774,-0.249857,-0.182463,0.158217,0.977588,1.482351,-0.338395,-0.134660,-0.181047,-0.966301,0.445869,1.478976,0.143531,-0.367878,-0.171073,-1.033558,-0.163352,1.485021,0.263391,-0.301690,-0.193029
10.760000,0.949666,0.160859,1.481503,-0.204999,0.261200,-0.201406,1.006153,-0.427189,1.473617,-0.215450,0.336718,-0.192073,0.450173,-0.861492,1.476771,0.241535,0.246659,-0.202770,-0.111852,-1.069629,1.472000,0.297336,0.279122,-0.177832,-0.714116,-0.816540,1.473996,0.387835,0.058457,-0.179294,0.720784,0.806357,1.467258,-0.385857,-0.043197,-0.178138,-0.460056,0.867203,1.473685,-0.229004,-0.254500,-0.199306,0.151402,0.974854,1.478561,-0.343101,-0.138774,-0.197897,-0.963433,0.438452,1.475383,0.143253,-0.373883,-0.188148,-1.028256,-0.169435,1.480997,0.266801,-0.306597,-0.209249
10.780000,0.945508,0.166113,1.477312,-0.210827,0.264267,-0.217642,1.001844,-0.420396,1.469603,-0.215368,0.342662,-0.209170,0.455043,-0.856515,1.472555,0.245505,0.251057,-0.218781,-0.105846,-1.064023,1.468275,0.303285,0.281408,-0.194543,-0.706301,-0.815399,1.470243,0.393704,0.055548,-0.196003,0.713019,0.805522,1.463524,-0.390622,-0.040163,-0.195145,-0.464671,0.862065,1.469534,-0.232557,-0.259336,-0.215719,0.144491,0.972037,1.474438,-0.348130,-0.142862,-0.214332,-0.960574,0.430911,1.471453,0.142600,-0.380218,-0.204822,-1.022887,-0.175619,1.476654,0.270086,-0.311863,-0.225013
10.800000,0.941232,0.171431,1.472801,-0.216822,0.267645,-0.233455,0.997543,-0.413480,1.465252,-0.214702,0.348976,-0.225874,0.459995,-0.851448,1.468023,0.249743,0.255675,-0.234337,-0.099717,-1.058375,1.464221,0.309655,0.283381,-0.210848,-0.698367,-0.814322,1.466159,0.399750,0.052028,-0.212311,0.705158,0.804754,1.459455,-0.395546,-0.036520,-0.211758,-0.469360,0.856829,1.465059,-0.236433,-0.264365,-0.231702,0.137475,0.969139,1.469990,-0.353482,-0.146923,-0.230352,-0.957731,0.423241,1.467193,0.141571,-0.386880,-0.221096,-1.017454,-0.181912,1.472000,0.273244,-0.317488,-0.240323
10.820000,0.936834,0.176821,1.467978,-0.222957,0.271358,-0.248624,0.993260,-0.406434,1.460573,-0.213485,0.355664,-0.241957,0.465035,-0.846287,1.463186,0.254258,0.260513,-0.249208,-0.093457,-1.052690,1.459846,0.316440,0.285066,-0.226522,-0.690310,-0.813321,1.461754,0.405981,0.047933,-0.227995,0.697196,0.804065,1.455058,-0.400646,-0.032299,-0.227747,-0.474130,0.851490,1.460270,-0.240642,-0.269586,-0.247024,0.130349,0.966161,1.465228,-0.359173,-0.150933,-0.245734,-0.954913,0.415434,1.462613,0.140185,-0.393874,-0.236744,-1.011958,-0.188321,1.467045,0.276303,-0.323474,-0.254952
10.840000,0.932313,0.182288,1.462861,-0.229201,0.275431,-0.262928,0.989007,-0.399251,1.455580,-0.211748,0.362729,-0.257191,0.470168,-0.841026,1.458061,0.259059,0.265569,-0.263167,-0.087057,-1.046974,1.455166,0.323632,0.286482,-0.241339,-0.682126,-0.812408,1.457045,0.412404,0.043300,-0.242830,0.689131,0.803466,1.450351,-0.405937,-0.027530,-0.242881,-0.478988,0.846044,1.455184,-0.245190,-0.275000,-0.261455,0.123106,0.963102,1.460166,-0.365222,-0.154872,-0.260254,-0.952126,0.407484,1.457729,0.138457,-0.401199,-0.251541,-1.006402,-0.194853,1.461808,0.279289,-0.329825,-0.268674
10.860000,0.927665,0.187841,1.457467,-0.235556,0.279864,-0.276365,0.984793,-0.391923,1.450291,-0.209492,0.370169,-0.271578,0.475399,-0.835663,1.452665,0.264146,0.270843,-0.276212,-0.080509,-1.041232,1.450198,0.331231,0.287631,-0.255300,-0.673813,-0.811593,1.452047,0.419018,0.038130,-0.256816,0.680957,0.802968,1.445349,-0.411421,-0.022214,-0.257159,-0.483940,0.840488,1.449818,-0.250079,-0.280605,-0.274996,0.115738,0.959966,1.454823,-0.371627,-0.158738,-0.273914,-0.949377,0.399384,1.452557,0.136386,-0.408857,-0.265489,-1.000787,-0.201516,1.456305,0.282203,-0.336541,-0.281491
10.880000,0.922890,0.193485,1.451813,-0.242020,0.284656,-0.288937,0.980630,-0.384442,1.444722,-0.206717,0.377985,-0.285117,0.480735,-0.830191,1.447018,0.269519,0.276335,-0.288345,-0.073805,-1.035470,1.444959,0.339237,0.288512,-0.268405,-0.665364,-0.810886,1.446778,0.425826,0.032421,-0.269953,0.672673,0.802581,1.440070,-0.417096,-0.016350,-0.270581,-0.488993,0.834818,1.444190,-0.255307,-0.286402,-0.287647,0.108238,0.956753,1.449216,-0.378390,-0.162532,-0.286711,-0.946673,0.391127,1.447115,0.133974,-0.416848,-0.278587,-0.995114,-0.208317,1.450554,0.285044,-0.343621,-0.293401
10.900000,0.917984,0.199229,1.445915,-0.248594,0.289808,-0.300644,0.976528,-0.376801,1.438892,-0.203421,0.386178,-0.297807,0.486182,-0.824608,1.441138,0.275178,0.282046,-0.299565,-0.066937,-1.029694,1.439467,0.347649,0.289125,-0.280654,-0.656778,-0.810300,1.441254,0.432825,0.026175,-0.282241,0.664272,0.802317,1.434531,-0.422963,-0.009939,-0.283148,-0.494155,0.829031,1.438318,-0.260875,-0.292392,-0.299407,0.100600,0.953465,1.443361,-0.385509,-0.166253,-0.298647,-0.944021,0.382708,1.441420,0.131221,-0.425171,-0.290835,-0.989386,-0.215263,1.444575,0.287813,-0.351067,-0.304404
10.920000,0.912945,0.205080,1.439794,-0.255234,0.295325,-0.311315,0.972497,-0.368992,1.432817,-0.199660,0.394722,-0.309470,0.491744,-0.818908,1.435043,0.281093,0.287966,-0.309695,-0.059897,-1.023907,1.433740,0.356433,0.289491,-0.291873,-0.648050,-0.809843,1.435495,0.440006,0.019457,-0.293506,0.655753,0.802187,1.428751,-0.429019,-0.003046,-0.294676,-0.499430,0.823122,1.432221,-0.266754,-0.298560,-0.310096,0.092816,0.950104,1.437277,-0.392976,-0.169877,-0.309550,-0.941426,0.374118,1.435489,0.128158,-0.433799,-0.302058,-0.983602,-0.222362,1.438385,0.290540,-0.358837,-0.314327
10.940000,0.907774,0.211045,1.433471,-0.261894,0.301211,-0.320782,0.968544,-0.361010,1.426521,-0.195485,0.403592,-0.319925,0.497427,-0.813088,1.428758,0.287232,0.294084,-0.318557,-0.052677,-1.018116,1.427800,0.365553,0.289632,-0.301891,-0.639177,-0.809524,1.429522,0.447356,0.012333,-0.303576,0.647110,0.802198,1.422752,-0.435262,0.004265,-0.304984,-0.504827,0.817087,1.425922,-0.272913,-0.304895,-0.319536,0.084879,0.946671,1.430987,-0.400783,-0.173378,-0.319248,-0.938896,0.365354,1.429345,0.124819,-0.442705,-0.312082,-0.977764,-0.229619,1.432010,0.293257,-0.366888,-0.322994
10.960000,0.902470,0.217131,1.426970,-0.268575,0.307466,-0.329046,0.964680,-0.352846,1.420028,-0.190897,0.412788,-0.329173,0.503235,-0.807143,1.422309,0.293595,0.300400,-0.326153,-0.045272,-1.012323,1.421672,0.375010,0.289546,-0.310708,-0.630155,-0.809352,1.423360,0.454877,0.004805,-0.312449,0.638341,0.802360,1.416560,-0.441691,0.011992,-0.314071,-0.510349,0.810925,1.419447,-0.279354,-0.311396,-0.327727,0.076782,0.943170,1.424515,-0.408928,-0.176756,-0.327740,-0.936435,0.356408,1.423013,0.121203,-0.451891,-0.320908,-0.971872,-0.237039,1.425474,0.295963,-0.375221,-0.330406
10.980000,0.897031,0.223346,1.420317,-0.275277,0.314090,-0.336105,0.960911,-0.344496,1.413362,-0.185896,0.422310,-0.337214,0.509172,-0.801071,1.415721,0.300183,0.306915,-0.332481,-0.037675,-1.006535,1.415380,0.384802,0.289235,-0.318323,-0.620981,-0.809335,1.417032,0.462567,-0.003129,-0.320126,0.629441,0.802681,1.410198,-0.448308,0.020136,-0.321936,-0.516003,0.804630,1.412821,-0.286076,-0.318064,-0.334667,0.068519,0.939602,1.417885,-0.417412,-0.180011,-0.335028,-0.934050,0.347276,1.416517,0.117312,-0.461355,-0.328534,-0.965926,-0.244629,1.418802,0.298657,-0.383836,-0.336563
11.000000,0.891458,0.229697,1.413534,-0.282000,0.321083,-0.341961,0.957247,-0.335952,1.406547,-0.180481,0.432159,-0.344047,0.515244,-0.794865,1.409018,0.306995,0.313629,-0.337542,-0.029878,-1.000755,1.408947,0.394931,0.288698,-0.324737,-0.611651,-0.809480,1.410563,0.470427,-0.011468,-0.326607,0.620408,0.803168,1.403690,-0.455112,0.028698,-0.328581,-0.521794,0.798201,1.406069,-0.293078,-0.324898,-0.340358,0.060083,0.935970,1.411122,-0.426236,-0.183144,-0.341110,-0.931745,0.337952,1.409880,0.113143,-0.471097,-0.334962,-0.959926,-0.252395,1.412020,0.301342,-0.392733,-0.341465
11.020000,0.885751,0.236191,1.406647,-0.288692,0.328415,-0.346527,0.953694,-0.327208,1.399609,-0.174730,0.442272,-0.349575,0.521453,-0.788524,1.402228,0.313947,0.320524,-0.341250,-0.021876,-0.994989,1.402399,0.405326,0.287957,-0.329863,-0.602163,-0.809795,1.403976,0.478420,-0.020111,-0.331798,0.611236,0.803831,1.397063,-0.462073,0.037568,-0.333906,-0.527727,0.791634,1.399216,-0.300279,-0.331874,-0.344708,0.051468,0.932277,1.404249,-0.435349,-0.186135,-0.345898,-0.929526,0.328431,1.403127,0.108753,-0.481055,-0.340099,-0.953872,-0.260340,1.405152,0.304047,-0.401815,-0.345028
11.040000,0.879911,0.242836,1.399682,-0.295301,0.336055,-0.349719,0.950259,-0.318260,1.392574,-0.168722,0.452587,-0.353698,0.527802,-0.782043,1.395378,0.320951,0.327582,-0.343518,-0.013664,-0.989238,1.395762,0.415920,0.287030,-0.333618,-0.592514,-0.810286,1.397300,0.486506,-0.028960,-0.335606,0.601924,0.804673,1.390344,-0.469163,0.046641,-0.337814,-0.533806,0.784925,1.392290,-0.307595,-0.338969,-0.347626,0.042668,0.928526,1.397295,-0.444704,-0.188967,-0.349305,-0.927396,0.318709,1.396285,0.104195,-0.491164,-0.343853,-0.947764,-0.268468,1.398228,0.306806,-0.410983,-0.347172
11.060000,0.873940,0.249636,1.392667,-0.301826,0.344002,-0.351538,0.946947,-0.309103,1.385470,-0.162454,0.463105,-0.356417,0.534291,-0.775420,1.388497,0.328009,0.334803,-0.344348,-0.005238,-0.983509,1.389064,0.426711,0.285920,-0.336001,-0.582702,-0.810955,1.390561,0.494686,-0.038012,-0.338031,0.592469,0.805698,1.383560,-0.476382,0.055916,-0.340305,-0.540032,0.778074,1.385321,-0.315026,-0.346183,-0.349112,0.033678,0.924719,1.390286,-0.454300,-0.191640,-0.351330,-0.925359,0.308783,1.389382,0.099468,-0.501425,-0.346223,-0.941599,-0.276780,1.391275,0.309619,-0.420238,-0.347896
11.080000,0.867839,0.256598,1.385630,-0.308269,0.352258,-0.351982,0.943763,-0.299734,1.378326,-0.155929,0.473825,-0.357732,0.540923,-0.768650,1.381613,0.335120,0.342188,-0.343738,0.003406,-0.977803,1.382331,0.437700,0.284624,-0.337011,-0.572726,-0.811807,1.383788,0.502960,-0.047269,-0.339073,0.582868,0.806911,1.376741,-0.483729,0.065393,-0.341378,-0.546407,0.771077,1.378335,-0.322572,-0.353515,-0.349167,0.024494,0.920861,1.383251,-0.464138,-0.194154,-0.351973,-0.923418,0.298651,1.382445,0.094573,-0.511837,-0.347210,-0.935378,-0.285278,1.384322,0.312485,-0.429580,-0.347199
11.100000,0.861610,0.263728,1.378597,-0.314628,0.360821,-0.351053,0.940712,-0.290149,1.371170,-0.149145,0.484748,-0.357642,0.547697,-0.761731,1.374757,0.342284,0.349736,-0.341689,0.012272,-0.972125,1.375592,0.448887,0.283145,-0.336649,-0.562583,-0.812847,1.377008,0.511327,-0.056730,-0.338731,0.573119,0.808315,1.369914,-0.491205,0.075072,-0.341033,-0.552935,0.763933,1.371363,-0.330234,-0.360966,-0.347789,0.015111,0.916954,1.376217,-0.474217,-0.196509,-0.351235,-0.921577,0.288309,1.375503,0.089510,-0.522400,-0.346814,-0.929100,-0.293964,1.377396,0.315405,-0.439008,-0.345082
11.120000,0.855255,0.271032,1.371597,-0.320852,0.369619,-0.348747,0.937798,-0.280343,1.364030,-0.142201,0.495773,-0.356132,0.554614,-0.754660,1.367955,0.349374,0.357420,-0.338211,0.021362,-0.966478,1.368874,0.460165,0.281503,-0.334907,-0.552272,-0.814077,1.370248,0.519724,-0.066268,-0.336996,0.563219,0.809914,1.363109,-0.498754,0.084812,-0.339263,-0.559617,0.756638,1.364433,-0.337885,-0.368500,-0.344984,0.005524,0.913002,1.369211,-0.484446,-0.198699,-0.349107,-0.919838,0.277755,1.368582,0.084352,-0.533016,-0.345024,-0.922762,-0.302838,1.370528,0.318405,-0.448387,-0.341560
11.140000,0.848777,0.278514,1.364657,-0.326889,0.378580,-0.345061,0.935024,-0.270318,1.356935,-0.135195,0.506800,-0.353184,0.561670,-0.747434,1.361238,0.356264,0.365210,-0.333315,0.030678,-0.960866,1.362205,0.471428,0.279720,-0.331776,-0.541794,-0.815498,1.363537,0.528086,-0.075753,-0.333857,0.553168,0.811707,1.356353,-0.506318,0.094471,-0.336058,-0.566450,0.749192,1.357574,-0.345400,-0.376083,-0.340754,-0.004267,0.909007,1.362262,-0.494731,-0.200717,-0.345581,-0.918203,0.266989,1.361711,0.079174,-0.543583,-0.341828,-0.916363,-0.311898,1.363743,0.321510,-0.457579,-0.336648
11.160000,0.842180,0.286176,1.357804,-0.332737,0.387703,-0.339996,0.932391,-0.260071,1.349912,-0.128128,0.517830,-0.348800,0.568863,-0.740051,1.354632,0.362954,0.373106,-0.327001,0.040219,-0.955290,1.355613,0.482676,0.277797,-0.327258,-0.531149,-0.817107,1.356903,0.536411,-0.085186,-0.329314,0.542966,0.813692,1.349676,-0.513899,0.104051,-0.331420,-0.573432,0.741594,1.350813,-0.352778,-0.383715,-0.335099,-0.014265,0.904974,1.355397,-0.505072,-0.202564,-0.340659,-0.916672,0.256012,1.354918,0.073974,-0.554103,-0.337227,-0.909901,-0.321140,1.357071,0.324721,-0.466585,-0.330345
11.180000,0.835469,0.294023,1.351066,-0.338398,0.396988,-0.333552,0.929899,-0.249604,1.342992,-0.120998,0.528863,-0.342979,0.576187,-0.732509,1.348167,0.369444,0.381109,-0.319269,0.049985,-0.949755,1.349124,0.493909,0.275732,-0.321352,-0.520338,-0.818905,1.350374,0.544702,-0.094568,-0.323367,0.532612,0.815868,1.343106,-0.521496,0.113550,-0.325349,-0.580560,0.733843,1.344179,-0.360021,-0.391397,-0.328020,-0.024471,0.900906,1.348645,-0.515471,-0.204240,-0.334338,-0.915244,0.244825,1.348232,0.068754,-0.564575,-0.331222,-0.903373,-0.330560,1.350539,0.328037,-0.475404,-0.322651
11.200000,0.828646,0.302057,1.344471,-0.343871,0.406437,-0.325727,0.927551,-0.238917,1.336203,-0.113807,0.539897,-0.335720,0.583639,-0.724806,1.341871,0.375733,0.389219,-0.310118,0.059976,-0.944262,1.342768,0.505128,0.273527,-0.314057,-0.509361,-0.820889,1.343978,0.552956,-0.103897,-0.316016,0.522106,0.818234,1.336672,-0.529109,0.122970,-0.317843,-0.587832,0.725938,1.337701,-0.367127,-0.399127,-0.319516,-0.034884,0.896806,1.342033,-0.525926,-0.205744,-0.326621,-0.913922,0.233429,1.341679,0.063514,-0.574999,-0.323810,-0.896778,-0.340155,1.344174,0.331458,-0.484037,-0.313567
11.220000,0.821715,0.310281,1.338046,-0.349111,0.415925,-0.316604,0.925347,-0.228009,1.329573,-0.106667,0.550803,-0.327097,0.591214,-0.716940,1.335771,0.381683,0.397390,-0.299657,0.070189,-0.938814,1.336571,0.516191,0.271209,-0.305448,-0.498220,-0.823059,1.337742,0.561090,-0.113033,-0.307338,0.511448,0.820785,1.330401,-0.536659,0.132156,-0.308988,-0.595243,0.717878,1.331407,-0.373955,-0.406857,-0.309686,-0.045507,0.892677,1.335589,-0.536302,-0.207090,-0.317580,-0.912703,0.221826,1.335288,0.058341,-0.585249,-0.315066,-0.890114,-0.349919,1.338005,0.334992,-0.492336,-0.303198
11.240000,0.814683,0.318693,1.331815,-0.354075,0.425333,-0.306263,0.923284,-0.216886,1.323128,-0.099691,0.561447,-0.317183,0.598903,-0.708910,1.329893,0.387159,0.405576,-0.287995,0.080621,-0.933414,1.330558,0.526961,0.268807,-0.295599,-0.486919,-0.825408,1.331693,0.569015,-0.121834,-0.297410,0.500641,0.823517,1.324321,-0.544067,0.140956,-0.298869,-0.602787,0.709664,1.325322,-0.380364,-0.414537,-0.298630,-0.056335,0.888523,1.329338,-0.546464,-0.208289,-0.307291,-0.911587,0.210021,1.329085,0.053325,-0.595197,-0.305059,-0.883378,-0.359845,1.332054,0.338647,-0.500153,-0.291651
11.260000,0.807554,0.327294,1.325803,-0.358761,0.434658,-0.294704,0.921358,-0.205553,1.316894,-0.092879,0.571831,-0.305977,0.606697,-0.700716,1.324260,0.392158,0.413777,-0.275130,0.091266,-0.928063,1.324755,0.537437,0.266321,-0.284509,-0.475461,-0.827930,1.325854,0.576733,-0.130300,-0.286232,0.489687,0.826421,1.318455,-0.551333,0.149370,-0.287486,-0.610455,0.701297,1.319470,-0.386354,-0.422168,-0.286346,-0.067364,0.884347,1.323305,-0.556412,-0.209342,-0.295753,-0.910569,0.198020,1.323094,0.048466,-0.604844,-0.293790,-0.876567,-0.369922,1.326346,0.342421,-0.507490,-0.278924
11.280000,0.800334,0.336079,1.320035,-0.363171,0.443902,-0.281926,0.919567,-0.194015,1.310897,-0.086230,0.581954,-0.293480,0.614586,-0.692359,1.318896,0.396681,0.421994,-0.261063,0.102117,-0.922762,1.319186,0.547619,0.263750,-0.272178,-0.463851,-0.830618,1.320252,0.584243,-0.138433,-0.273805,0.478588,0.829489,1.312830,-0.558457,0.157399,-0.274839,-0.618238,0.692778,1.313876,-0.391924,-0.429750,-0.272836,-0.078590,0.880151,1.317516,-0.566146,-0.210248,-0.282967,-0.909647,0.185829,1.317342,0.043763,-0.614189,-0.281260,-0.869680,-0.380141,1.320905,0.346316,-0.514345,-0.265018
11.300000,0.793029,0.345049,1.314534,-0.367303,0.453064,-0.267931,0.917908,-0.182277,1.305163,-0.079746,0.591816,-0.279692,0.622561,-0.683837,1.313825,0.400728,0.430226,-0.245793,0.113168,-0.917513,1.313876,0.557507,0.261095,-0.258607,-0.452093,-0.833465,1.314910,0.591546,-0.146230,-0.260127,0.467349,0.832715,1.307470,-0.565439,0.165041,-0.260927,-0.626129,0.684107,1.308565,-0.397075,-0.437283,-0.258100,-0.090009,0.875938,1.311995,-0.575665,-0.211008,-0.268932,-0.908818,0.173455,1.311852,0.039218,-0.623234,-0.267467,-0.862714,-0.390493,1.315754,0.350330,-0.520719,-0.249933
11.320000,0.785644,0.354200,1.309325,-0.371124,0.462001,-0.252858,0.916376,-0.170345,1.299717,-0.073522,0.601278,-0.264754,0.630612,-0.675150,1.309071,0.404177,0.438402,-0.229492,0.124414,-0.912318,1.308849,0.566959,0.258384,-0.243939,-0.440191,-0.836464,1.309854,0.598542,-0.153569,-0.245341,0.455972,0.836088,1.302400,-0.572184,0.172166,-0.245900,-0.634118,0.675287,1.303560,-0.401672,-0.444696,-0.242295,-0.101614,0.871711,1.306766,-0.584821,-0.211644,-0.253789,-0.908077,0.160903,1.306650,0.034910,-0.631844,-0.252552,-0.855666,-0.400966,1.310915,0.354442,-0.526467,-0.233835
11.340000,0.778186,0.363527,1.304426,-0.374600,0.470571,-0.236848,0.914965,-0.158229,1.294580,-0.067655,0.610202,-0.248811,0.638724,-0.666301,1.304651,0.406905,0.446447,-0.212328,0.135843,-0.907178,1.304125,0.575833,0.255646,-0.228317,-0.428154,-0.839604,1.305103,0.605133,-0.160324,-0.229588,0.444464,0.839597,1.297640,-0.578595,0.178644,-0.229906,-0.642191,0.666321,1.298879,-0.405583,-0.451921,-0.225583,-0.113398,0.867473,1.301850,-0.593464,-0.212177,-0.237682,-0.907419,0.148185,1.301757,0.030923,-0.639889,-0.236654,-0.848536,-0.411546,1.306406,0.358627,-0.531443,-0.216891
11.360000,0.770663,0.373021,1.299857,-0.377730,0.478772,-0.219902,0.913667,-0.145940,1.289771,-0.062145,0.618589,-0.231863,0.646883,-0.657293,1.300583,0.408911,0.454363,-0.194301,0.147444,-0.902093,1.299723,0.584130,0.252881,-0.211741,-0.415989,-0.842873,1.300677,0.611319,-0.166497,-0.212866,0.432831,0.843229,1.293210,-0.584672,0.184473,-0.212945,-0.650336,0.657212,1.294542,-0.408807,-0.458957,-0.207963,-0.125349,0.863225,1.297265,-0.601593,-0.212608,-0.220609,-0.906838,0.135311,1.297191,0.027255,-0.647367,-0.219773,-0.841321,-0.422219,1.302245,0.362886,-0.535648,-0.199100
11.380000,0.763080,0.382675,1.295636,-0.380515,0.486605,-0.202020,0.912476,-0.133489,1.285312,-0.056992,0.626438,-0.213908,0.655075,-0.648128,1.296885,0.410197,0.462150,-0.175412,0.159204,-0.897063,1.295662,0.591848,0.250088,-0.194212,-0.403704,-0.846260,1.296595,0.617100,-0.172086,-0.195177,0.421079,0.846971,1.289129,-0.590415,0.189655,-0.195018,-0.658539,0.647964,1.290567,-0.411344,-0.465804,-0.189435,-0.137458,0.858969,1.293032,-0.609209,-0.212936,-0.202571,-0.906327,0.122294,1.292972,0.023906,-0.654280,-0.201910,-0.834020,-0.432967,1.298448,0.367218,-0.539082,-0.180463
11.400000,0.755444,0.392482,1.291783,-0.382955,0.494070,-0.183202,0.911385,-0.120887,1.281222,-0.052197,0.633749,-0.194948,0.663286,-0.638808,1.293573,0.410761,0.469807,-0.155660,0.171114,-0.892089,1.291961,0.598989,0.247267,-0.175729,-0.391307,-0.849753,1.292876,0.622475,-0.177092,-0.176521,0.409217,0.850811,1.285416,-0.595825,0.194189,-0.176125,-0.666786,0.638581,1.286971,-0.413195,-0.472462,-0.169999,-0.149714,0.854708,1.289169,-0.616312,-0.213163,-0.183567,-0.905880,0.109144,1.289121,0.020877,-0.660626,-0.183064,-0.826632,-0.443777,1.295032,0.371624,-0.541744,-0.160979
11.420000,0.747764,0.402435,1.288313,-0.385028,0.501036,-0.163629,0.910386,-0.108144,1.277519,-0.047819,0.640399,-0.175174,0.671501,-0.629337,1.290663,0.410549,0.477238,-0.135267,0.183159,-0.887172,1.288638,0.605438,0.244443,-0.156483,-0.378808,-0.853339,1.289539,0.627346,-0.181428,-0.157091,0.397249,0.854734,1.282089,-0.600802,0.197994,-0.156467,-0.675062,0.629067,1.283772,-0.414275,-0.478845,-0.149866,-0.162107,0.850443,1.285694,-0.622771,-0.213306,-0.163783,-0.905489,0.095873,1.285655,0.018225,-0.666288,-0.163424,-0.819155,-0.454631,1.292013,0.376044,-0.543541,-0.140860
11.440000,0.740046,0.412520,1.285241,-0.386716,0.507371,-0.143483,0.909469,-0.095276,1.274219,-0.043920,0.646265,-0.154778,0.679702,-0.619721,1.288165,0.409503,0.484345,-0.114455,0.195326,-0.882312,1.285705,0.611079,0.241636,-0.136661,-0.366218,-0.857005,1.286597,0.631611,-0.185007,-0.137081,0.385188,0.858725,1.279161,-0.605246,0.200988,-0.136248,-0.683351,0.619429,1.280980,-0.414501,-0.484870,-0.129250,-0.174620,0.846176,1.282622,-0.628455,-0.213387,-0.143402,-0.905148,0.082497,1.282588,0.016005,-0.671144,-0.143178,-0.811590,-0.465512,1.289400,0.380421,-0.544378,-0.120314
11.460000,0.732298,0.422725,1.282578,-0.388016,0.513077,-0.122764,0.908626,-0.082298,1.271332,-0.040500,0.651348,-0.133760,0.687875,-0.609965,1.286087,0.407625,0.491130,-0.093224,0.207597,-0.877507,1.283175,0.615912,0.238849,-0.116266,-0.353548,-0.860735,1.284060,0.635270,-0.187831,-0.116492,0.373043,0.862768,1.276643,-0.609158,0.203171,-0.115468,-0.691636,0.609675,1.278605,-0.413873,-0.490535,-0.108150,-0.187240,0.841908,1.279962,-0.633366,-0.213406,-0.122424,-0.904846,0.069033,1.279932,0.014218,-0.675196,-0.122327,-0.803938,-0.476400,1.287203,0.384754,-0.544256,-0.099343
11.480000,0.724528,0.433039,1.280334,-0.388931,0.518152,-0.101473,0.907846,-0.069227,1.268873,-0.037558,0.655646,-0.112120,0.696002,-0.600078,1.284439,0.404914,0.497591,-0.071574,0.219957,-0.872758,1.281058,0.619937,0.236079,-0.095297,-0.340811,-0.864513,1.281941,0.638323,-0.189898,-0.095324,0.360825,0.866847,1.274546,-0.612537,0.204543,-0.094127,-0.699900,0.599810,1.276657,-0.412391,-0.495841,-0.086565,-0.199950,0.837640,1.277729,-0.637502,-0.213362,-0.100850,-0.904576,0.055495,1.277699,0.012864,-0.678443,-0.100870,-0.796200,-0.487276,1.285429,0.389042,-0.543174,-0.077947
11.500000,0.716743,0.443447,1.278523,-0.389459,0.522597,-0.079609,0.907120,-0.056078,1.266852,-0.035096,0.659161,-0.089857,0.704066,-0.590064,1.283227,0.401369,0.503729,-0.049506,0.232389,-0.868063,1.279367,0.623155,0.233328,-0.073753,-0.328019,-0.868326,1.280251,0.640771,-0.191208,-0.073576,0.348545,0.870945,1.272882,-0.615384,0.205105,-0.072224,-0.708126,0.589844,1.275145,-0.410054,-0.500788,-0.064496,-0.212734,0.833374,1.275932,-0.640864,-0.213255,-0.078680,-0.904329,0.041900,1.275901,0.011942,-0.680885,-0.078807,-0.788377,-0.498120,1.284088,0.393287,-0.541134,-0.056124
11.520000,0.708952,0.453938,1.277152,-0.389592,0.526313,-0.057380,0.906439,-0.042866,1.265281,-0.033121,0.661812,-0.067200,0.712051,-0.579931,1.282460,0.397019,0.509446,-0.027243,0.244877,-0.863424,1.278111,0.625491,0.230608,-0.051845,-0.315185,-0.872156,1.279000,0.642535,-0.191741,-0.051475,0.336214,0.875046,1.271659,-0.617622,0.204856,-0.049990,-0.716297,0.579782,1.274079,-0.406865,-0.505295,-0.042170,-0.225578,0.829110,1.274584,-0.643360,-0.213097,-0.056130,-0.904095,0.028265,1.274549,0.011468,-0.682445,-0.056362,-0.780470,-0.508915,1.283186,0.397405,-0.538125,-0.034096
11.540000,0.701162,0.464494,1.276228,-0.389322,0.529198,-0.034995,0.905792,-0.029612,1.264165,-0.031642,0.663516,-0.044375,0.719942,-0.569689,1.282137,0.391889,0.514643,-0.005012,0.257402,-0.858839,1.277294,0.626872,0.227931,-0.029782,-0.302323,-0.875990,1.278193,0.643539,-0.191475,-0.029245,0.323845,0.879133,1.270883,-0.619174,0.203794,-0.027657,-0.724395,0.569635,1.273459,-0.402823,-0.509281,-0.019812,-0.238462,0.824850,1.273688,-0.644898,-0.212898,-0.033417,-0.903867,0.014609,1.273648,0.011453,-0.683044,-0.033759,-0.772482,-0.519639,1.282724,0.401316,-0.534141,-0.012081
11.560000,0.693382,0.475100,1.275754,-0.388649,0.531255,-0.012454,0.905170,-0.016332,1.263507,-0.030661,0.664276,-0.021381,0.727722,-0.559349,1.282259,0.385979,0.519322,0.017187,0.269946,-0.854307,1.276920,0.627298,0.225297,-0.007565,-0.289448,-0.879810,1.277831,0.643782,-0.190411,-0.006886,0.311452,0.883192,1.270554,-0.620040,0.201921,-0.005222,-0.732404,0.559414,1.273286,-0.397928,-0.512746,0.002578,-0.251368,0.820595,1.273248,-0.645478,-0.212659,-0.010541,-0.903634,0.000950,1.273200,0.011898,-0.682683,-0.010998,-0.764418,-0.530274,1.282702,0.405017,-0.529181,0.009919
11.580000,0.685619,0.485739,1.275731,-0.387572,0.532482,0.010243,0.904562,-0.003047,1.263311,-0.030176,0.664089,0.001780,0.735376,-0.548920,1.282824,0.379289,0.523481,0.039354,0.282488,-0.849827,1.276993,0.626767,0.222706,0.014806,-0.276576,-0.883601,1.277918,0.643265,-0.188548,0.015601,0.299048,0.887205,1.270674,-0.620221,0.199235,0.017312,-0.740306,0.549129,1.273562,-0.392180,-0.515691,0.024999,-0.264275,0.816344,1.273268,-0.645101,-0.212380,0.012497,-0.903388,-0.012692,1.273209,0.012803,-0.681362,0.011921,-0.756283,-0.540800,1.283121,0.408510,-0.523246,0.031906
11.600000,0.677881,0.496394,1.276165,-0.386092,0.532880,0.033097,0.903960,0.010225,1.263579,-0.030188,0.662958,0.025108,0.742888,-0.538413,1.283833,0.371820,0.527122,0.061490,0.295010,-0.845398,1.277514,0.625282,0.220158,0.037332,-0.263723,-0.887347,1.278456,0.641986,-0.185886,0.038217,0.286647,0.891156,1.271247,-0.619715,0.195738,0.039947,-0.748085,0.538790,1.274287,-0.385579,-0.518114,0.047451,-0.277166,0.812100,1.273749,-0.643766,-0.212060,0.035698,-0.903119,-0.026298,1.273678,0.014168,-0.679080,0.034999,-0.748079,-0.551197,1.283978,0.411795,-0.516334,0.053880
11.620000,0.670178,0.507048,1.277055,-0.384211,0.532405,0.055889,0.903352,0.023465,1.264315,-0.030647,0.660861,0.048377,0.750244,-0.527839,1.285283,0.363665,0.530167,0.083398,0.307493,-0.841020,1.278485,0.622819,0.217653,0.059795,-0.250902,-0.891031,1.279446,0.639908,-0.182479,0.060737,0.274264,0.895029,1.272272,-0.618485,0.191504,0.062464,-0.755724,0.528408,1.275459,-0.378201,-0.519958,0.069733,-0.290019,0.807862,1.274695,-0.641444,-0.211692,0.058836,-0.902818,-0.039849,1.274608,0.015953,-0.675815,0.058008,-0.739813,-0.561447,1.285274,0.414788,-0.508516,0.075646
11.640000,0.662516,0.517684,1.278398,-0.381931,0.531013,0.078401,0.902731,0.036653,1.265513,-0.031504,0.657781,0.071356,0.757431,-0.517211,1.287166,0.354921,0.532541,0.104882,0.319916,-0.836692,1.279904,0.619358,0.215188,0.081977,-0.238132,-0.894641,1.280883,0.636990,-0.178379,0.082938,0.261913,0.898812,1.273743,-0.616493,0.186610,0.084648,-0.763209,0.517996,1.277073,-0.370119,-0.521164,0.091643,-0.302816,0.803632,1.276101,-0.638106,-0.211267,0.081688,-0.902478,-0.053324,1.275996,0.018120,-0.671546,0.080722,-0.731490,-0.571532,1.287002,0.417404,-0.499860,0.097014
11.660000,0.654903,0.528282,1.280189,-0.379252,0.528706,0.100634,0.902089,0.049770,1.267167,-0.032759,0.653717,0.094046,0.764437,-0.506542,1.289475,0.345587,0.534244,0.125941,0.332260,-0.832412,1.281763,0.614899,0.212765,0.103878,-0.225428,-0.898162,1.282761,0.633234,-0.173587,0.104820,0.249609,0.902489,1.275655,-0.613738,0.181055,0.106497,-0.770524,0.507566,1.279122,-0.361336,-0.521732,0.113181,-0.315537,0.799412,1.277961,-0.633752,-0.210786,0.104253,-0.902091,-0.066704,1.277835,0.020667,-0.666273,0.103141,-0.723119,-0.581436,1.289152,0.419644,-0.490366,0.117982
11.680000,0.647348,0.538826,1.282422,-0.376174,0.525483,0.122588,0.901418,0.062795,1.269272,-0.034412,0.648670,0.116447,0.771250,-0.495846,1.292201,0.335662,0.535276,0.146577,0.344505,-0.828181,1.284057,0.609442,0.210383,0.125499,-0.212808,-0.901580,1.285074,0.628638,-0.168102,0.126383,0.237369,0.906049,1.278001,-0.610220,0.174840,0.128013,-0.777657,0.497131,1.281598,-0.351849,-0.521661,0.134347,-0.328160,0.795201,1.280269,-0.628383,-0.210248,0.126531,-0.901649,-0.079968,1.280120,0.023594,-0.659995,0.125265,-0.714707,-0.591141,1.291718,0.421508,-0.480033,0.138550
11.700000,0.639859,0.549296,1.285091,-0.372697,0.521344,0.144263,0.900710,0.075710,1.271823,-0.036463,0.642639,0.138559,0.777859,-0.485135,1.295335,0.325148,0.535636,0.166789,0.356631,-0.823997,1.286781,0.602987,0.208042,0.146839,-0.200288,-0.904881,1.287815,0.623203,-0.161924,0.147627,0.225206,0.909479,1.280774,-0.605939,0.167965,0.149194,-0.784594,0.486704,1.284494,-0.341660,-0.520952,0.155141,-0.340665,0.791002,1.283020,-0.621998,-0.209654,0.148522,-0.901145,-0.093097,1.282844,0.026903,-0.652712,0.147094,-0.706261,-0.600632,1.294692,0.422996,-0.468863,0.158719
11.720000,0.632443,0.559674,1.288189,-0.368822,0.516310,0.165460,0.899957,0.088494,1.274812,-0.038817,0.635668,0.160184,0.784253,-0.474425,1.298869,0.314180,0.535281,0.186419,0.368619,-0.819859,1.289927,0.595567,0.205719,0.167704,-0.187886,-0.908053,1.290976,0.616936,-0.155170,0.168358,0.213136,0.912765,1.283965,-0.600900,0.160558,0.169862,-0.791320,0.476297,1.287800,-0.330895,-0.519577,0.175398,-0.353033,0.786816,1.286207,-0.614635,-0.208970,0.170023,-0.900571,-0.106070,1.286000,0.030504,-0.644465,0.168427,-0.697790,-0.609891,1.298063,0.424039,-0.456979,0.178333
11.740000,0.625109,0.569942,1.291705,-0.364553,0.510406,0.185985,0.899156,0.101131,1.278226,-0.041379,0.627801,0.181125,0.790424,-0.463729,1.302787,0.302895,0.534165,0.205312,0.380448,-0.815768,1.293484,0.587218,0.203393,0.187898,-0.175616,-0.911085,1.294544,0.609845,-0.147956,0.188382,0.201175,0.915898,1.287563,-0.595109,0.152748,0.189837,-0.797827,0.465925,1.291505,-0.319681,-0.517508,0.194956,-0.365244,0.782644,1.289816,-0.606332,-0.208163,0.190833,-0.899923,-0.118869,1.289576,0.034309,-0.635292,0.189062,-0.689303,-0.618907,1.301820,0.424569,-0.444505,0.197236
11.760000,0.617864,0.580084,1.295624,-0.359889,0.503629,0.205835,0.898301,0.113601,1.282052,-0.044149,0.619039,0.201381,0.796367,-0.453063,1.307076,0.291292,0.532288,0.223466,0.392101,-0.811723,1.297439,0.577938,0.201063,0.207422,-0.163497,-0.913968,1.298506,0.601929,-0.140283,0.207701,0.189337,0.918872,1.291554,-0.588564,0.144535,0.209120,-0.804104,0.455601,1.295594,-0.308019,-0.514746,0.213815,-0.377280,0.778490,1.293835,-0.597088,-0.207234,0.210951,-0.899197,-0.131476,1.293558,0.038318,-0.625195,0.208999,-0.680811,-0.627667,1.305948,0.424586,-0.431441,0.215428
11.780000,0.610716,0.590082,1.299934,-0.354829,0.495981,0.225013,0.897388,0.125886,1.286277,-0.047127,0.609381,0.220953,0.802074,-0.442443,1.311721,0.279372,0.529651,0.240883,0.403559,-0.807725,1.301777,0.567729,0.198728,0.226276,-0.151545,-0.916693,1.302848,0.593190,-0.132149,0.226313,0.177637,0.921677,1.295924,-0.581266,0.135920,0.227710,-0.810144,0.445340,1.300053,-0.295908,-0.511291,0.231974,-0.389122,0.774356,1.298250,-0.586903,-0.206181,0.230376,-0.898389,-0.143871,1.297932,0.042531,-0.614172,0.228240,-0.672323,-0.636160,1.310433,0.424090,-0.417788,0.232910
11.800000,0.603673,0.599918,1.304620,-0.349374,0.487462,0.243516,0.896414,0.137970,1.290886,-0.050312,0.598827,0.239840,0.807540,-0.431882,1.316706,0.267134,0.526253,0.257561,0.414804,-0.803774,1.306485,0.556591,0.196390,0.244459,-0.139775,-0.919251,1.307554,0.583626,-0.123555,0.244218,0.166091,0.924306,1.300658,-0.573216,0.126901,0.245607,-0.815938,0.435154,1.304868,-0.283347,-0.507141,0.249433,-0.400750,0.770244,1.303046,-0.575779,-0.205005,0.249110,-0.897495,-0.156036,1.302683,0.046948,-0.602225,0.246783,-0.663851,-0.644375,1.315260,0.423081,-0.403544,0.249680
11.820000,0.596743,0.609575,1.309669,-0.343523,0.478160,0.261188,0.895375,0.149834,1.295865,-0.053588,0.587474,0.257892,0.812758,-0.421398,1.322017,0.254736,0.522088,0.273376,0.425817,-0.799870,1.311550,0.544613,0.194002,0.261816,-0.128205,-0.921634,1.312611,0.573292,-0.114654,0.261271,0.154713,0.926751,1.305742,-0.564460,0.117635,0.262676,-0.821476,0.425059,1.310025,-0.270495,-0.502306,0.266061,-0.412147,0.766157,1.308209,-0.563814,-0.203653,0.266991,-0.896511,-0.167954,1.307797,0.051450,-0.589449,0.264471,-0.655404,-0.652299,1.320414,0.421517,-0.388869,0.265612
11.840000,0.589935,0.619039,1.315061,-0.337275,0.468165,0.277870,0.894271,0.161464,1.301195,-0.056836,0.575418,0.274956,0.817729,-0.411004,1.327635,0.242335,0.517147,0.288202,0.436584,-0.796015,1.316951,0.531887,0.191518,0.278191,-0.116848,-0.923836,1.317998,0.562245,-0.105598,0.277325,0.143517,0.929011,1.311158,-0.555046,0.108274,0.278779,-0.826757,0.415067,1.315504,-0.257506,-0.496792,0.281727,-0.423298,0.762099,1.313719,-0.551110,-0.202073,0.283857,-0.895437,-0.179609,1.313255,0.055921,-0.575940,0.281148,-0.646994,-0.659928,1.325878,0.419357,-0.373919,0.280579
11.860000,0.583255,0.628297,1.320777,-0.330629,0.457477,0.293563,0.893102,0.172846,1.306856,-0.060057,0.562658,0.291034,0.822452,-0.400717,1.333539,0.229932,0.511432,0.302038,0.447088,-0.792210,1.322671,0.518414,0.188938,0.293584,-0.105720,-0.925856,1.323697,0.550483,-0.096388,0.292381,0.132516,0.931082,1.316887,-0.544975,0.098820,0.293917,-0.831776,0.405192,1.321287,-0.244382,-0.490599,0.296431,-0.434187,0.758075,1.319556,-0.537666,-0.200264,0.299708,-0.894274,-0.190987,1.319036,0.060360,-0.561698,0.296815,-0.638633,-0.667254,1.331631,0.416599,-0.358695,0.294580
11.880000,0.576712,0.637334,1.326797,-0.323585,0.446095,0.308267,0.891869,0.183966,1.312829,-0.063251,0.549194,0.306125,0.826926,-0.390552,1.339710,0.217525,0.504941,0.314885,0.457315,-0.788458,1.328688,0.504192,0.186261,0.307996,-0.094834,-0.927691,1.329687,0.538007,-0.087023,0.306438,0.121722,0.932963,1.322909,-0.534246,0.089272,0.308089,-0.836531,0.395447,1.327355,-0.231121,-0.483728,0.310173,-0.444799,0.754090,1.325700,-0.523483,-0.198227,0.314545,-0.893023,-0.202072,1.325121,0.064767,-0.546723,0.311470,-0.630334,-0.674274,1.337654,0.413244,-0.343197,0.307616
11.900000,0.570314,0.646136,1.333101,-0.316145,0.434020,0.321981,0.890572,0.194809,1.319095,-0.066417,0.535028,0.320229,0.831153,-0.380525,1.346128,0.205115,0.497675,0.326743,0.467251,-0.784760,1.334984,0.489223,0.183488,0.321425,-0.084204,-0.929336,1.335948,0.524816,-0.077503,0.319497,0.111150,0.934652,1.329204,-0.522859,0.079630,0.321297,-0.841020,0.385847,1.333688,-0.217725,-0.476178,0.322952,-0.455121,0.750148,1.332131,-0.508560,-0.195962,0.328368,-0.891684,-0.212851,1.331489,0.069141,-0.531015,0.325113,-0.622108,-0.680980,1.343929,0.409293,-0.327424,0.319686
11.920000,0.564069,0.654691,1.339669,-0.308311,0.421398,0.334595,0.889213,0.205363,1.325631,-0.069429,0.520279,0.333228,0.835132,-0.370650,1.352772,0.192863,0.489649,0.337504,0.476880,-0.781119,1.341538,0.473647,0.180560,0.333764,-0.073845,-0.930791,1.342459,0.510993,-0.067996,0.331448,0.100812,0.936149,1.335753,-0.510880,0.070065,0.333423,-0.845240,0.376405,1.340266,-0.204366,-0.467970,0.334654,-0.465138,0.746254,1.338827,-0.493049,-0.193410,0.341058,-0.890258,-0.223309,1.338118,0.073353,-0.514705,0.337628,-0.613967,-0.687370,1.350435,0.404711,-0.311557,0.330683
11.940000,0.557984,0.662989,1.346477,-0.300090,0.408377,0.345998,0.887797,0.215617,1.332416,-0.072162,0.505070,0.345006,0.838869,-0.360944,1.359620,0.180929,0.480877,0.347061,0.486193,-0.777539,1.348327,0.457608,0.177414,0.344905,-0.063768,-0.932057,1.349198,0.496620,-0.058670,0.342182,0.090719,0.937456,1.342533,-0.498373,0.060745,0.344355,-0.849196,0.367133,1.347066,-0.191220,-0.459122,0.345165,-0.474840,0.742414,1.345765,-0.477099,-0.190515,0.352498,-0.888751,-0.233436,1.344985,0.077270,-0.497927,0.348895,-0.605924,-0.693443,1.357149,0.399465,-0.295777,0.340499
11.960000,0.552068,0.671023,1.353501,-0.291482,0.394955,0.356190,0.886329,0.225563,1.339423,-0.074615,0.489401,0.355561,0.842371,-0.351420,1.366647,0.169314,0.471359,0.355414,0.495181,-0.774024,1.355326,0.441104,0.174052,0.354848,-0.053984,-0.933139,1.356138,0.481697,-0.049524,0.351701,0.080881,0.938580,1.349520,-0.485338,0.051671,0.354091,-0.852890,0.358044,1.354065,-0.178285,-0.449636,0.354485,-0.484219,0.738635,1.352919,-0.460711,-0.187275,0.362689,-0.887169,-0.243223,1.352066,0.080893,-0.480678,0.358915,-0.597992,-0.699202,1.364047,0.393556,-0.280083,0.349135
11.980000,0.546328,0.678785,1.360716,-0.282486,0.381134,0.365172,0.884814,0.235190,1.346630,-0.076789,0.473272,0.364894,0.845644,-0.342094,1.373828,0.158016,0.461095,0.362563,0.503834,-0.770579,1.362513,0.424136,0.170474,0.363593,-0.044504,-0.934040,1.363258,0.466223,-0.040559,0.360003,0.071309,0.939525,1.356689,-0.471776,0.042843,0.362632,-0.856328,0.349151,1.361238,-0.165563,-0.439511,0.362613,-0.493266,0.734925,1.360264,-0.443884,-0.183692,0.371630,-0.885518,-0.252660,1.359334,0.084222,-0.462960,0.367688,-0.590186,-0.704647,1.371106,0.386982,-0.264475,0.356589
12.000000,0.540771,0.686266,1.368099,-0.273102,0.366913,0.372942,0.883259,0.244491,1.354011,-0.078683,0.456682,0.373006,0.848694,-0.332981,1.381141,0.147036,0.450085,0.368508,0.512144,-0.767207,1.369862,0.406704,0.166678,0.371140,-0.035339,-0.934763,1.370530,0.450200,-0.031774,0.367089,0.062013,0.940295,1.364017,-0.457686,0.034261,0.369978,-0.859514,0.340468,1.368561,-0.153052,-0.428746,0.369549,-0.501971,0.731290,1.367776,-0.426619,-0.179765,0.379321,-0.883802,-0.261738,1.366765,0.087257,-0.444772,0.375213,-0.582518,-0.709781,1.378303,0.379744,-0.248954,0.362863
12.020000,0.535406,0.693460,1.375625,-0.263352,0.352471,0.379430,0.881669,0.253455,1.361541,-0.080192,0.439768,0.379814,0.851528,-0.324095,1.388560,0.136506,0.438386,0.373180,0.520101,-0.763913,1.377350,0.388985,0.162615,0.377414,-0.026499,-0.935313,1.377932,0.433738,-0.023326,0.372887,0.053004,0.940898,1.371479,-0.443155,0.026073,0.376046,-0.862453,0.332005,1.376011,-0.140912,-0.417392,0.375212,-0.510329,0.727737,1.375428,-0.409093,-0.175453,0.385692,-0.882030,-0.270449,1.374333,0.089884,-0.426268,0.381418,-0.575001,-0.714607,1.385612,0.371840,-0.233690,0.367880
12.040000,0.530240,0.700365,1.383268,-0.253257,0.337989,0.384560,0.880055,0.262080,1.369194,-0.081209,0.422666,0.385238,0.854158,-0.315450,1.396059,0.126554,0.426054,0.376509,0.527702,-0.760704,1.384950,0.371159,0.158233,0.382341,-0.017992,-0.935699,1.385437,0.416948,-0.015370,0.377326,0.044289,0.941342,1.379050,-0.428271,0.018428,0.380754,-0.865154,0.323776,1.383561,-0.129299,-0.405495,0.379520,-0.518335,0.724275,1.383194,-0.391484,-0.170714,0.390674,-0.880211,-0.278788,1.382012,0.091990,-0.407602,0.386228,-0.567648,-0.719132,1.393009,0.363266,-0.218856,0.371565
12.060000,0.525278,0.706979,1.390999,-0.242816,0.323467,0.388335,0.878424,0.270361,1.376942,-0.081734,0.405376,0.389277,0.856594,-0.307057,1.403612,0.117182,0.413089,0.378497,0.534946,-0.757586,1.392634,0.353225,0.153531,0.385920,-0.009823,-0.935931,1.393016,0.399830,-0.007907,0.380407,0.035876,0.941638,1.386701,-0.413034,0.011325,0.384102,-0.867628,0.315789,1.391183,-0.118214,-0.393056,0.382472,-0.525987,0.720911,1.391046,-0.373791,-0.165548,0.394267,-0.878354,-0.286752,1.389773,0.093577,-0.388774,0.389644,-0.560474,-0.723364,1.400466,0.354022,-0.204452,0.373917
12.080000,0.520529,0.713303,1.398792,-0.232031,0.308904,0.390754,0.876789,0.278294,1.384756,-0.081767,0.387898,0.391932,0.858849,-0.298931,1.411190,0.108390,0.399491,0.379142,0.541830,-0.754565,1.400377,0.335182,0.148510,0.388152,-0.002001,-0.936018,1.400644,0.382385,-0.000935,0.382129,0.027770,0.941798,1.394405,-0.397445,0.004764,0.386091,-0.869886,0.308057,1.398850,-0.107656,-0.380075,0.384070,-0.533286,0.717655,1.398956,-0.356015,-0.159955,0.396470,-0.876471,-0.294338,1.397589,0.094643,-0.369783,0.391666,-0.553492,-0.727313,1.407957,0.344109,-0.190477,0.374937
12.100000,0.515999,0.719335,1.406620,-0.220900,0.294301,0.391817,0.875157,0.285875,1.392610,-0.081309,0.370232,0.393203,0.860934,-0.291082,1.418768,0.100177,0.385261,0.378444,0.548353,-0.751648,1.408151,0.317032,0.143170,0.389037,0.005470,-0.935972,1.408293,0.364613,0.005543,0.382493,0.019980,0.941833,1.402135,-0.381502,-0.001254,0.386720,-0.871938,0.300590,1.406537,-0.097626,-0.366552,0.384312,-0.540227,0.714516,1.406896,-0.338156,-0.153936,0.397284,-0.874572,-0.301542,1.405431,0.095188,-0.350631,0.392293,-0.546714,-0.730986,1.415455,0.333527,-0.176933,0.374625
12.120000,0.511695,0.725076,1.414455,-0.209468,0.279837,0.391490,0.873540,0.293103,1.400475,-0.080296,0.352520,0.393055,0.862861,-0.283524,1.426319,0.092628,0.370492,0.376380,0.554512,-0.748841,1.415930,0.298960,0.137486,0.388538,0.012583,-0.935801,1.415935,0.346646,0.011415,0.381471,0.012512,0.941753,1.409864,-0.365317,-0.006630,0.385955,-0.873796,0.293398,1.414214,-0.088239,-0.352572,0.383167,-0.546813,0.711501,1.414838,-0.320392,-0.147476,0.396683,-0.872667,-0.308363,1.413271,0.095142,-0.331476,0.391501,-0.540155,-0.734394,1.422933,0.322321,-0.163953,0.372954
12.140000,0.507622,0.730531,1.422270,-0.197776,0.265695,0.389740,0.871949,0.299977,1.408322,-0.078668,0.334904,0.391455,0.864644,-0.276265,1.433814,0.085828,0.355280,0.372924,0.560313,-0.746151,1.423684,0.281153,0.131432,0.386619,0.019335,-0.935520,1.423542,0.328618,0.016565,0.379040,0.005368,0.941572,1.417564,-0.349000,-0.011265,0.383765,-0.875473,0.286490,1.421854,-0.079611,-0.338219,0.380603,-0.553045,0.708620,1.422753,-0.302901,-0.140563,0.394642,-0.870771,-0.314802,1.421081,0.094433,-0.312478,0.389263,-0.533826,-0.737549,1.430364,0.310537,-0.151673,0.369900
12.160000,0.503786,0.735706,1.430035,-0.185825,0.251874,0.386567,0.870397,0.306500,1.416123,-0.076424,0.317385,0.388402,0.866299,-0.269316,1.441227,0.079778,0.339625,0.368076,0.565760,-0.743586,1.431385,0.263610,0.125009,0.383279,0.025727,-0.935143,1.431087,0.310530,0.020993,0.375199,-0.001447,0.941307,1.425205,-0.332552,-0.015159,0.380149,-0.876985,0.279872,1.429428,-0.071741,-0.323492,0.376622,-0.558930,0.705881,1.430614,-0.285684,-0.133197,0.391160,-0.868894,-0.320863,1.428832,0.093061,-0.293638,0.385580,-0.527737,-0.740465,1.437719,0.298176,-0.140094,0.365460
12.180000,0.500191,0.740608,1.437723,-0.173615,0.238373,0.381971,0.868896,0.312673,1.423849,-0.073564,0.299963,0.383896,0.867840,-0.262683,1.448528,0.074478,0.323526,0.361837,0.570859,-0.741153,1.439005,0.246333,0.118217,0.378519,0.031756,-0.934685,1.438541,0.292380,0.024699,0.369947,-0.007933,0.940971,1.432760,-0.315972,-0.018311,0.375107,-0.878348,0.273552,1.436909,-0.064629,-0.308393,0.371222,-0.564474,0.703295,1.438390,-0.268741,-0.125377,0.386238,-0.867052,-0.326549,1.436494,0.091027,-0.274954,0.380452,-0.521902,-0.743157,1.444973,0.285238,-0.129214,0.359637
12.200000,0.496843,0.745243,1.445305,-0.161147,0.225194,0.375952,0.867459,0.318499,1.431469,-0.070089,0.282637,0.377938,0.869283,-0.256377,1.455691,0.069926,0.306985,0.354206,0.575615,-0.738860,1.446516,0.229320,0.111055,0.372339,0.037422,-0.934160,1.445875,0.274170,0.027683,0.363285,-0.014085,0.940579,1.440200,-0.299261,-0.020722,0.368639,-0.879575,0.267539,1.444268,-0.058276,-0.292921,0.364404,-0.569682,0.700869,1.446054,-0.252071,-0.117104,0.379875,-0.865258,-0.331862,1.444040,0.088329,-0.256427,0.373878,-0.516332,-0.745639,1.452096,0.271723,-0.119035,0.352429
12.220000,0.493746,0.749619,1.452752,-0.148481,0.212487,0.368525,0.866097,0.323980,1.438957,-0.065986,0.265542,0.370548,0.870642,-0.250406,1.462687,0.066160,0.290120,0.345213,0.580035,-0.736713,1.453889,0.212740,0.103533,0.364753,0.042723,-0.933583,1.453063,0.256036,0.029881,0.355241,-0.019903,0.940147,1.447497,-0.282541,-0.022347,0.360769,-0.880684,0.261837,1.451476,-0.052743,-0.277186,0.356196,-0.574560,0.698614,1.453576,-0.235831,-0.108398,0.372096,-0.863524,-0.336808,1.451440,0.084949,-0.238205,0.365886,-0.511037,-0.747924,1.459061,0.257713,-0.109642,0.343868
12.240000,0.490905,0.753747,1.460036,-0.135681,0.200407,0.359705,0.864824,0.329123,1.446282,-0.061246,0.248810,0.361745,0.871935,-0.244774,1.469490,0.063215,0.273052,0.334889,0.584129,-0.734721,1.461097,0.196760,0.095658,0.355773,0.047665,-0.932970,1.460076,0.238116,0.031226,0.345840,-0.025388,0.939691,1.454622,-0.265932,-0.023145,0.351521,-0.881691,0.256452,1.458507,-0.048093,-0.261299,0.346627,-0.579119,0.696536,1.460928,-0.220175,-0.099282,0.362924,-0.861865,-0.341393,1.458666,0.080866,-0.220434,0.356504,-0.506026,-0.750030,1.465842,0.243294,-0.101122,0.333983
12.260000,0.488320,0.757639,1.467131,-0.122747,0.188952,0.349491,0.863651,0.333935,1.453417,-0.055867,0.232442,0.351529,0.873177,-0.239485,1.476074,0.061091,0.255782,0.323232,0.587909,-0.732889,1.468111,0.181381,0.087431,0.345400,0.052250,-0.932339,1.466887,0.220410,0.031719,0.335085,-0.030541,0.939227,1.461548,-0.249436,-0.023114,0.340894,-0.882614,0.251386,1.465332,-0.044325,-0.245259,0.335695,-0.583371,0.694645,1.468083,-0.205103,-0.089754,0.352359,-0.860294,-0.345628,1.465691,0.076081,-0.203116,0.345730,-0.501308,-0.751975,1.472411,0.228465,-0.093474,0.322775
12.280000,0.485996,0.761309,1.474007,-0.109680,0.178122,0.337883,0.862593,0.338423,1.460334,-0.049851,0.216438,0.339902,0.874384,-0.234544,1.482411,0.059788,0.238308,0.310242,0.591388,-0.731226,1.474904,0.166602,0.078851,0.333634,0.056482,-0.931707,1.473470,0.202918,0.031361,0.322973,-0.035366,0.938772,1.468248,-0.233053,-0.022255,0.328890,-0.883470,0.246643,1.471925,-0.041439,-0.229067,0.323402,-0.587327,0.692949,1.475013,-0.190616,-0.079815,0.340402,-0.858826,-0.349521,1.472486,0.070593,-0.186249,0.333565,-0.496890,-0.753775,1.478744,0.213227,-0.086698,0.310243
12.300000,0.483934,0.764768,1.480637,-0.096478,0.167918,0.324882,0.861662,0.342595,1.467004,-0.043196,0.200798,0.326862,0.875574,-0.229954,1.488475,0.059306,0.220632,0.295921,0.594577,-0.729738,1.481447,0.152424,0.069919,0.320474,0.060368,-0.931091,1.479797,0.185639,0.030150,0.309506,-0.039864,0.938342,1.474695,-0.216781,-0.020568,0.315506,-0.884277,0.242225,1.478259,-0.039437,-0.212723,0.309747,-0.590999,0.691455,1.481690,-0.176713,-0.069465,0.327052,-0.857475,-0.353081,1.479024,0.064403,-0.169834,0.320010,-0.492781,-0.755448,1.484812,0.197578,-0.080795,0.296389
12.320000,0.482137,0.768030,1.486993,-0.083217,0.158445,0.310561,0.860869,0.346458,1.473399,-0.035939,0.185635,0.312494,0.876762,-0.225719,1.494239,0.059637,0.202871,0.280350,0.597490,-0.728431,1.487714,0.138975,0.060675,0.305999,0.063910,-0.930507,1.485842,0.168706,0.028080,0.294770,-0.044039,0.937955,1.480860,-0.200737,-0.018060,0.300827,-0.885053,0.238134,1.484307,-0.038329,-0.196336,0.294814,-0.594400,0.690173,1.488087,-0.163510,-0.058755,0.312389,-0.856254,-0.356318,1.485278,0.057540,-0.153992,0.305149,-0.488989,-0.757013,1.490591,0.181616,-0.075800,0.281293
12.340000,0.480605,0.771112,1.493051,-0.069973,0.149809,0.294993,0.860228,0.350024,1.479495,-0.028116,0.171062,0.296880,0.877964,-0.221839,1.499681,0.060773,0.185147,0.263611,0.600142,-0.727312,1.493679,0.126384,0.051159,0.290287,0.067119,-0.929973,1.491580,0.152247,0.025142,0.278853,-0.047896,0.937625,1.486720,-0.185033,-0.014738,0.284934,-0.885816,0.234371,1.490044,-0.038131,-0.180019,0.278685,-0.597545,0.689107,1.494177,-0.151122,-0.047738,0.296493,-0.855178,-0.359245,1.491222,0.050031,-0.138843,0.289069,-0.485518,-0.758487,1.496056,0.165437,-0.071750,0.265040
12.360000,0.479338,0.774028,1.498785,-0.056745,0.142009,0.278177,0.859748,0.353304,1.485266,-0.019727,0.157078,0.280020,0.879198,-0.218313,1.504776,0.062714,0.167458,0.245704,0.602551,-0.726387,1.499317,0.114651,0.041372,0.273337,0.070003,-0.929507,1.496988,0.136263,0.021336,0.261753,-0.051442,0.937371,1.492249,-0.169671,-0.010603,0.267828,-0.886585,0.230933,1.495446,-0.038841,-0.163770,0.261362,-0.600450,0.688265,1.499938,-0.139549,-0.036414,0.279363,-0.854257,-0.361877,1.496833,0.041878,-0.124387,0.271769,-0.482373,-0.759889,1.501185,0.149041,-0.068643,0.247628
12.380000,0.478335,0.776798,1.504170,-0.043534,0.135047,0.260114,0.859443,0.356311,1.490688,-0.010773,0.143685,0.261915,0.880478,-0.215141,1.509501,0.065460,0.149805,0.226630,0.604734,-0.725659,1.504604,0.103777,0.031312,0.255149,0.072573,-0.929126,1.502042,0.120753,0.016663,0.243473,-0.054685,0.937207,1.497425,-0.154650,-0.005653,0.249507,-0.887376,0.227819,1.500490,-0.040459,-0.147589,0.242842,-0.603133,0.687653,1.505344,-0.128792,-0.024782,0.261001,-0.853507,-0.364226,1.502085,0.033080,-0.110624,0.253251,-0.479558,-0.761239,1.505954,0.132428,-0.066482,0.229059
12.400000,0.477596,0.779436,1.509181,-0.030340,0.128921,0.240804,0.859321,0.359056,1.495735,-0.001252,0.130882,0.242565,0.881822,-0.212321,1.513833,0.069012,0.132187,0.206388,0.606708,-0.725136,1.509515,0.093760,0.020980,0.235723,0.074837,-0.928846,1.506719,0.105719,0.011123,0.224010,-0.057631,0.937150,1.502221,-0.139970,0.000110,0.229973,-0.888209,0.225029,1.505152,-0.042987,-0.131477,0.223128,-0.605608,0.687276,1.510370,-0.118849,-0.012843,0.241405,-0.852938,-0.366306,1.506955,0.023638,-0.097555,0.233513,-0.477077,-0.762555,1.510340,0.115598,-0.065264,0.209332
12.420000,0.477121,0.781960,1.513794,-0.017242,0.123684,0.220386,0.859396,0.361551,1.500383,0.008769,0.118748,0.222107,0.883244,-0.209852,1.517750,0.073325,0.114718,0.185117,0.608491,-0.724822,1.514026,0.084683,0.010439,0.215204,0.076805,-0.928686,1.510996,0.091259,0.004747,0.203503,-0.060287,0.937216,1.506616,-0.125724,0.006643,0.209359,-0.889101,0.222559,1.509408,-0.046398,-0.115531,0.202350,-0.607892,0.687141,1.514993,-0.109790,-0.000670,0.220717,-0.852565,-0.368133,1.511418,0.013614,-0.085263,0.212699,-0.474935,-0.763855,1.514320,0.098647,-0.064986,0.188575
12.440000,0.476906,0.784389,1.517990,-0.004321,0.119389,0.198998,0.859675,0.363811,1.504612,0.019228,0.107360,0.200679,0.884759,-0.207730,1.521232,0.078353,0.097509,0.162954,0.610102,-0.724719,1.518117,0.076625,-0.000248,0.193736,0.078492,-0.928662,1.514853,0.077475,-0.002431,0.182089,-0.062663,0.937421,1.510589,-0.112003,0.013904,0.187797,-0.890071,0.220406,1.513240,-0.050667,-0.099852,0.180641,-0.610006,0.687250,1.519192,-0.101681,0.011662,0.199076,-0.852397,-0.369722,1.515456,0.003071,-0.073831,0.190951,-0.473132,-0.765160,1.517877,0.081674,-0.065643,0.166917
12.460000,0.476947,0.786742,1.521748,0.008424,0.116035,0.176641,0.860168,0.365850,1.508404,0.030124,0.096718,0.178280,0.886383,-0.205950,1.524262,0.084097,0.080562,0.139899,0.611562,-0.724832,1.521769,0.069587,-0.011082,0.171319,0.079909,-0.928789,1.518273,0.064365,-0.010412,0.159768,-0.064770,0.937777,1.514122,-0.098807,0.021890,0.165289,-0.891134,0.218563,1.516628,-0.055796,-0.084438,0.158000,-0.611966,0.687608,1.522949,-0.094522,0.024152,0.176483,-0.852446,-0.371092,1.519050,-0.007990,-0.063260,0.168269,-0.471668,-0.766487,1.520991,0.064678,-0.067234,0.144359
12.480000,0.477241,0.789037,1.525049,0.020993,0.113623,0.153314,0.860883,0.367684,1.511737,0.041457,0.086824,0.154911,0.888128,-0.204506,1.526822,0.090558,0.063875,0.115952,0.612892,-0.725164,1.524963,0.063568,-0.022062,0.147952,0.081071,-0.929084,1.521238,0.051930,-0.019196,0.136539,-0.066619,0.938301,1.517195,-0.086137,0.030604,0.141834,-0.892308,0.217027,1.519553,-0.061784,-0.069289,0.134428,-0.613793,0.688217,1.526245,-0.088313,0.036802,0.152937,-0.852720,-0.372259,1.522181,-0.019569,-0.053549,0.144654,-0.470545,-0.767856,1.523645,0.047659,-0.069759,0.120899
12.500000,0.477785,0.791293,1.527874,0.033385,0.112152,0.129018,0.861829,0.369328,1.514594,0.053226,0.077676,0.130571,0.890010,-0.203393,1.528894,0.097734,0.047449,0.091113,0.614112,-0.725716,1.527681,0.058569,-0.033189,0.123637,0.081991,-0.929562,1.523729,0.040171,-0.028783,0.112404,-0.068219,0.939006,1.519789,-0.073993,0.040044,0.117432,-0.893611,0.215790,1.521998,-0.068631,-0.054406,0.109924,-0.615505,0.689081,1.529060,-0.083055,0.049610,0.128438,-0.853232,-0.373240,1.524830,-0.031666,-0.044699,0.120105,-0.469762,-0.769284,1.525821,0.030617,-0.073219,0.096538
12.520000,0.478575,0.793530,1.530205,0.045526,0.111627,0.103942,0.863014,0.370797,1.516955,0.065350,0.069320,0.105443,0.892042,-0.202606,1.530462,0.105552,0.031393,0.065575,0.615242,-0.726492,1.529903,0.054626,-0.044393,0.098561,0.082682,-0.930240,1.525729,0.029156,-0.039112,0.087537,-0.069583,0.939907,1.521887,-0.062447,0.050138,0.092264,-0.895059,0.214848,1.523945,-0.076279,-0.039881,0.084669,-0.617121,0.690202,1.531378,-0.078769,0.062492,0.103176,-0.853990,-0.374053,1.526980,-0.044201,-0.036757,0.094806,-0.469319,-0.770790,1.527502,0.013657,-0.077573,0.071453
12.540000,0.479604,0.795765,1.532028,0.057340,0.112052,0.078278,0.864445,0.372107,1.518807,0.077744,0.061803,0.079706,0.894236,-0.202134,1.531514,0.113936,0.015814,0.039530,0.616304,-0.727492,1.531619,0.051774,-0.055603,0.072913,0.083162,-0.931131,1.527227,0.018958,-0.050123,0.062114,-0.070722,0.941016,1.523476,-0.051574,0.060813,0.066513,-0.896667,0.214192,1.525381,-0.084673,-0.025808,0.058845,-0.618662,0.691581,1.533184,-0.075478,0.075361,0.077341,-0.855002,-0.374716,1.528618,-0.057092,-0.029769,0.068941,-0.469214,-0.772393,1.528675,-0.003115,-0.082783,0.045822
12.560000,0.480866,0.798018,1.533332,0.068828,0.113427,0.052024,0.866126,0.373274,1.520139,0.090408,0.055124,0.053362,0.896603,-0.201970,1.532040,0.122888,0.000713,0.012978,0.617320,-0.728716,1.532816,0.050013,-0.066820,0.046694,0.083446,-0.932249,1.528210,0.009576,-0.061814,0.036135,-0.071650,0.942343,1.524543,-0.041372,0.072069,0.040179,-0.898451,0.213813,1.526295,-0.093812,-0.012186,0.032450,-0.620147,0.693217,1.534467,-0.073181,0.088217,0.050931,-0.856276,-0.375250,1.529734,-0.070339,-0.023734,0.042511,-0.469443,-0.774108,1.529331,-0.019699,-0.088847,0.019646
12.580000,0.482355,0.800308,1.534105,0.079989,0.115751,0.025181,0.868063,0.374317,1.520938,0.103343,0.049283,0.026409,0.899155,-0.202103,1.532030,0.132407,-0.013911,-0.014081,0.618312,-0.730165,1.533483,0.049344,-0.078044,0.019903,0.083551,-0.933608,1.528668,0.001011,-0.074187,0.009601,-0.072381,0.943902,1.525079,-0.031842,0.083905,0.013260,-0.900424,0.213701,1.526676,-0.103696,0.000985,0.005485,-0.621596,0.695109,1.535217,-0.071877,0.101060,0.023948,-0.857818,-0.375672,1.530315,-0.083942,-0.018654,0.015516,-0.470001,-0.775952,1.529457,-0.036095,-0.095767,-0.007077
12.600000,0.484064,0.802654,1.534335,0.090823,0.119025,-0.002251,0.870261,0.375251,1.521191,0.116549,0.044280,-0.001151,0.901903,-0.202523,1.531473,0.142492,-0.028057,-0.041647,0.619301,-0.731838,1.533608,0.049767,-0.089276,-0.007460,0.083492,-0.935221,1.528590,-0.006739,-0.087241,-0.017490,-0.072928,0.945704,1.525070,-0.022984,0.096322,-0.014242,-0.902603,0.213849,1.526511,-0.114326,0.013704,-0.022049,-0.623029,0.697259,1.535421,-0.071568,0.113891,-0.003609,-0.859636,-0.376002,1.530351,-0.097901,-0.014528,-0.012045,-0.470885,-0.777944,1.529044,-0.052303,-0.103541,-0.034346
12.620000,0.485985,0.805075,1.534012,0.101261,0.123208,-0.030040,0.872726,0.376094,1.520889,0.129921,0.040133,-0.029093,0.904858,-0.203221,1.530362,0.153054,-0.041623,-0.069491,0.620310,-0.733735,1.533182,0.051271,-0.100436,-0.035163,0.083287,-0.937102,1.527967,-0.013627,-0.100881,-0.044918,-0.073305,0.947758,1.524507,-0.014855,0.109218,-0.042102,-0.905002,0.214246,1.525791,-0.125616,0.025882,-0.049931,-0.624465,0.699664,1.535070,-0.072232,0.126615,-0.031512,-0.861736,-0.376260,1.529831,-0.112116,-0.011369,-0.039946,-0.472091,-0.780099,1.528081,-0.068208,-0.112105,-0.061945
12.640000,0.488111,0.807588,1.533133,0.111232,0.128260,-0.057956,0.875459,0.376862,1.520026,0.143356,0.036858,-0.057191,0.908028,-0.204184,1.528693,0.163999,-0.054505,-0.097385,0.621359,-0.735854,1.532201,0.053847,-0.111450,-0.062975,0.082953,-0.939260,1.526793,-0.019610,-0.115008,-0.072465,-0.073528,0.950075,1.523385,-0.007512,0.122491,-0.070096,-0.907632,0.214880,1.524513,-0.137481,0.037427,-0.077938,-0.625924,0.702322,1.534160,-0.073846,0.139141,-0.059532,-0.864122,-0.376464,1.528752,-0.126486,-0.009187,-0.067960,-0.473611,-0.782433,1.526566,-0.083696,-0.121392,-0.089656
12.660000,0.490432,0.810211,1.531693,0.120735,0.134181,-0.085997,0.878461,0.377574,1.518600,0.156854,0.034457,-0.085443,0.911420,-0.205397,1.526466,0.175328,-0.066704,-0.125328,0.622471,-0.738192,1.530663,0.057495,-0.122316,-0.090897,0.082509,-0.941705,1.525067,-0.024686,-0.129625,-0.100132,-0.073611,0.952661,1.521702,-0.000957,0.136142,-0.098223,-0.910505,0.215739,1.522673,-0.149922,0.048340,-0.106070,-0.627425,0.705229,1.532688,-0.076412,0.151467,-0.087668,-0.866797,-0.376634,1.527112,-0.141012,-0.007983,-0.096087,-0.475436,-0.784960,1.524494,-0.098766,-0.131403,-0.117481
12.680000,0.492937,0.812961,1.529692,0.129772,0.140970,-0.114165,0.881733,0.378247,1.516608,0.170414,0.032928,-0.113851,0.915043,-0.206847,1.523680,0.187042,-0.078220,-0.153321,0.623666,-0.740746,1.528565,0.062215,-0.133034,-0.118928,0.081972,-0.944448,1.522787,-0.028856,-0.144730,-0.127918,-0.073571,0.955523,1.519455,0.004812,0.150170,-0.126483,-0.913633,0.216810,1.520269,-0.162939,0.058620,-0.134326,-0.628987,0.708380,1.530653,-0.079928,0.163594,-0.115922,-0.869763,-0.376789,1.524908,-0.155693,-0.007757,-0.124327,-0.477559,-0.787694,1.521866,-0.113419,-0.142137,-0.145418
12.700000,0.495619,0.815856,1.527126,0.138342,0.148628,-0.142458,0.885278,0.378897,1.514045,0.184038,0.032272,-0.142414,0.918905,-0.208521,1.520333,0.199139,-0.089053,-0.181364,0.624967,-0.743512,1.525905,0.068007,-0.143605,-0.147068,0.081360,-0.947498,1.519950,-0.032121,-0.160323,-0.155823,-0.073424,0.958670,1.516642,0.009795,0.164574,-0.154876,-0.917026,0.218079,1.517299,-0.176531,0.068268,-0.162707,-0.630629,0.711771,1.528051,-0.084395,0.175523,-0.144292,-0.873025,-0.376950,1.522138,-0.170529,-0.008509,-0.152681,-0.479970,-0.790650,1.518677,-0.127654,-0.153594,-0.173468
12.720000,0.498468,0.818912,1.523994,0.146382,0.157072,-0.170631,0.889094,0.379543,1.510912,0.197609,0.032482,-0.170886,0.923011,-0.210404,1.516426,0.211526,-0.099110,-0.209218,0.626393,-0.746488,1.522683,0.074815,-0.153948,-0.175070,0.080693,-0.950863,1.516555,-0.034462,-0.176279,-0.183609,-0.073185,0.962108,1.513261,0.013951,0.179235,-0.183157,-0.920697,0.219535,1.513762,-0.190591,0.077200,-0.190971,-0.632369,0.715399,1.524882,-0.089767,0.187160,-0.172536,-0.876585,-0.377136,1.518802,-0.185407,-0.010217,-0.180904,-0.482661,-0.793842,1.514928,-0.141352,-0.165688,-0.201397
12.740000,0.501471,0.822144,1.520303,0.153831,0.166221,-0.198436,0.893181,0.380202,1.507212,0.211014,0.033548,-0.199019,0.927367,-0.212480,1.511967,0.224109,-0.108299,-0.236645,0.627966,-0.749668,1.518905,0.082586,-0.163983,-0.202685,0.079988,-0.954551,1.512608,-0.035862,-0.192470,-0.211041,-0.072871,0.965840,1.509318,0.017242,0.194028,-0.211082,-0.924652,0.221162,1.509663,-0.205010,0.085331,-0.218877,-0.634225,0.719255,1.521152,-0.095995,0.198415,-0.200411,-0.880441,-0.377365,1.514904,-0.200214,-0.012857,-0.208753,-0.485620,-0.797281,1.510623,-0.154394,-0.178332,-0.228970
12.760000,0.504617,0.825565,1.516059,0.160688,0.176074,-0.225873,0.897534,0.380891,1.502953,0.224252,0.035472,-0.226815,0.931977,-0.214730,1.506963,0.236887,-0.116619,-0.263647,0.629703,-0.753046,1.514578,0.091318,-0.173710,-0.229915,0.079265,-0.958564,1.508115,-0.036322,-0.208896,-0.238117,-0.072501,0.969870,1.504820,0.019666,0.208954,-0.238650,-0.928900,0.222943,1.505009,-0.219788,0.092662,-0.246424,-0.636215,0.723333,1.516868,-0.103081,0.209288,-0.227917,-0.884593,-0.377657,1.510454,-0.214949,-0.016429,-0.236226,-0.488833,-0.800979,1.505771,-0.166779,-0.191525,-0.256188
12.780000,0.507894,0.829191,1.511271,0.166954,0.186631,-0.252942,0.902150,0.381627,1.498142,0.237323,0.038253,-0.254273,0.936844,-0.217139,1.501424,0.249861,-0.124070,-0.290221,0.631625,-0.756615,1.509711,0.101011,-0.183129,-0.256757,0.078542,-0.962908,1.503085,-0.035840,-0.225559,-0.264838,-0.072091,0.974199,1.499774,0.021225,0.224014,-0.265862,-0.933446,0.224863,1.499808,-0.234925,0.099193,-0.273613,-0.638354,0.727624,1.512038,-0.111024,0.219779,-0.255054,-0.889039,-0.378029,1.505458,-0.229612,-0.020934,-0.263325,-0.492287,-0.804946,1.500378,-0.178508,-0.205268,-0.283050
12.800000,0.511291,0.833035,1.505944,0.172628,0.197893,-0.279643,0.907026,0.382427,1.492785,0.250228,0.041891,-0.281392,0.941972,-0.219687,1.495357,0.263031,-0.130654,-0.316370,0.633750,-0.760369,1.504310,0.111666,-0.192240,-0.283214,0.077837,-0.967588,1.497524,-0.034419,-0.242456,-0.291204,-0.071658,0.978831,1.494188,0.021918,0.239207,-0.292717,-0.938299,0.226906,1.494067,-0.250421,0.104924,-0.300444,-0.640661,0.732121,1.506668,-0.119824,0.229887,-0.281821,-0.893777,-0.378500,1.499923,-0.244204,-0.026372,-0.290049,-0.495969,-0.809193,1.494452,-0.189580,-0.219561,-0.309555
12.820000,0.514795,0.837111,1.500089,0.177663,0.209743,-0.305747,0.912157,0.383308,1.486890,0.262853,0.046362,-0.307938,0.947366,-0.222359,1.488774,0.276303,-0.136296,-0.341872,0.636097,-0.764302,1.498386,0.123186,-0.200964,-0.309053,0.077171,-0.972607,1.491441,-0.032068,-0.259439,-0.316988,-0.071220,0.983767,1.488070,0.021726,0.254403,-0.318982,-0.943465,0.229054,1.487794,-0.266152,0.109788,-0.326687,-0.643152,0.736816,1.500769,-0.129393,0.239521,-0.307992,-0.898805,-0.379089,1.493860,-0.258604,-0.032688,-0.316167,-0.499865,-0.813731,1.488000,-0.199885,-0.234297,-0.335482
12.840000,0.518393,0.841428,1.493720,0.182013,0.222064,-0.331026,0.917537,0.384287,1.480472,0.275086,0.051641,-0.333674,0.953024,-0.225132,1.481688,0.289584,-0.140923,-0.366510,0.638682,-0.768404,1.491954,0.135476,-0.209221,-0.334043,0.076561,-0.977965,1.484850,-0.028800,-0.276359,-0.341967,-0.070795,0.989006,1.481434,0.020628,0.269470,-0.344423,-0.948946,0.231291,1.481005,-0.281993,0.113717,-0.352111,-0.645842,0.741698,1.494354,-0.139640,0.248589,-0.333341,-0.904119,-0.379813,1.487282,-0.272692,-0.039828,-0.341449,-0.503958,-0.818567,1.481038,-0.209311,-0.249371,-0.360604
12.860000,0.522071,0.845997,1.486853,0.185679,0.234856,-0.355479,0.923158,0.385379,1.473548,0.286926,0.057726,-0.358601,0.958949,-0.227989,1.474119,0.302875,-0.144536,-0.390283,0.641521,-0.772667,1.485030,0.148535,-0.217012,-0.358185,0.076025,-0.983661,1.477768,-0.024616,-0.293214,-0.366140,-0.070401,0.994545,1.474298,0.018625,0.284409,-0.369041,-0.954745,0.233597,1.473715,-0.297944,0.116712,-0.376717,-0.648743,0.746756,1.487440,-0.150567,0.257090,-0.357868,-0.909711,-0.380688,1.480208,-0.286468,-0.047794,-0.365894,-0.508231,-0.823708,1.473581,-0.217860,-0.264782,-0.384922
12.880000,0.525816,0.850826,1.479506,0.188659,0.248120,-0.379106,0.929012,0.386601,1.466134,0.298375,0.064620,-0.382717,0.965140,-0.230907,1.466083,0.316175,-0.147134,-0.413190,0.644629,-0.777082,1.477632,0.162362,-0.224337,-0.381478,0.075582,-0.989693,1.470210,-0.019515,-0.310005,-0.389506,-0.070056,1.000382,1.466678,0.015716,0.299220,-0.392835,-0.960864,0.235953,1.465942,-0.314005,0.118772,-0.400505,-0.651869,0.751978,1.480045,-0.162173,0.265025,-0.381573,-0.915576,-0.381730,1.472652,-0.299931,-0.056584,-0.389503,-0.512667,-0.829161,1.465646,-0.225531,-0.280530,-0.408436
12.900000,0.529613,0.855925,1.471695,0.190954,0.261855,-0.401908,0.935090,0.387969,1.458245,0.309432,0.072320,-0.406024,0.971596,-0.233867,1.457597,0.329484,-0.148718,-0.435233,0.648021,-0.781638,1.469777,0.176959,-0.231195,-0.403922,0.075251,-0.996060,1.462193,-0.013497,-0.326732,-0.412066,-0.069778,1.006513,1.458590,0.011902,0.313902,-0.415806,-0.967306,0.238342,1.457701,-0.330177,0.119898,-0.423475,-0.655234,0.757353,1.472183,-0.174458,0.272394,-0.404456,-0.921706,-0.382957,1.464633,-0.313083,-0.066198,-0.412276,-0.517247,-0.834932,1.457249,-0.232324,-0.296615,-0.431147
12.920000,0.533449,0.861302,1.463436,0.192537,0.275921,-0.423709,0.941386,0.389499,1.449899,0.319995,0.080779,-0.428335,0.978318,-0.236849,1.448680,0.342703,-0.149248,-0.456238,0.651712,-0.786326,1.461482,0.192189,-0.237518,-0.425341,0.075048,-1.002761,1.453734,-0.006604,-0.343235,-0.433643,-0.069586,1.012936,1.450053,0.007191,0.328329,-0.437769,-0.974071,0.240743,1.449009,-0.346323,0.120055,-0.445442,-0.658851,0.762870,1.463873,-0.187302,0.279119,-0.426343,-0.928096,-0.384383,1.456168,-0.325804,-0.076553,-0.434032,-0.521953,-0.841027,1.448407,-0.238158,-0.312906,-0.452870
12.940000,0.537309,0.866963,1.454754,0.193382,0.290180,-0.444334,0.947886,0.391205,1.441120,0.329965,0.089948,-0.449465,0.985303,-0.239830,1.439356,0.355732,-0.148688,-0.476033,0.655712,-0.791134,1.452771,0.207916,-0.243234,-0.445558,0.074992,-1.009787,1.444855,0.001121,-0.359356,-0.454058,-0.069496,1.019644,1.441087,0.001595,0.342373,-0.458540,-0.981158,0.243137,1.439891,-0.362311,0.119209,-0.466222,-0.662729,0.768513,1.455137,-0.200583,0.285122,-0.447061,-0.934735,-0.386023,1.447280,-0.337976,-0.087565,-0.454594,-0.526766,-0.847448,1.439142,-0.242955,-0.329273,-0.473422
12.960000,0.541179,0.872910,1.445671,0.193489,0.304631,-0.463784,0.954580,0.393101,1.431929,0.339340,0.099825,-0.469413,0.992546,-0.242789,1.429647,0.368570,-0.147036,-0.494617,0.660032,-0.796051,1.443668,0.224139,-0.248345,-0.464572,0.075099,-1.017132,1.435579,0.009680,-0.375093,-0.473313,-0.069528,1.026629,1.431719,-0.004888,0.356035,-0.478118,-0.988563,0.245504,1.430368,-0.378139,0.117360,-0.485816,-0.666877,0.774270,1.445998,-0.214302,0.290403,-0.466611,-0.941611,-0.387890,1.437992,-0.349599,-0.099234,-0.473961,-0.531664,-0.854198,1.429478,-0.246713,-0.345714,-0.492804
12.980000,0.545044,0.879149,1.436211,0.192856,0.319274,-0.482058,0.961456,0.395203,1.422351,0.348122,0.110412,-0.488181,1.000045,-0.245704,1.419579,0.381219,-0.144293,-0.511990,0.664681,-0.801064,1.434196,0.240860,-0.252850,-0.482385,0.075385,-1.024788,1.425930,0.019071,-0.390449,-0.491406,-0.069698,1.033883,1.421971,-0.012257,0.369314,-0.496505,-0.996282,0.247825,1.420466,-0.393808,0.114508,-0.504222,-0.671304,0.780124,1.436480,-0.228458,0.294962,-0.484991,-0.948715,-0.389997,1.428329,-0.360673,-0.111560,-0.492132,-0.536628,-0.861278,1.419438,-0.249432,-0.362231,-0.511015
13.000000,0.548889,0.885683,1.426396,0.191486,0.334109,-0.499156,0.968501,0.397523,1.412409,0.356310,0.121708,-0.505767,1.007794,-0.248553,1.409176,0.393676,-0.140459,-0.528153,0.669669,-0.806161,1.424380,0.258078,-0.256748,-0.498996,0.075867,-1.032748,1.415931,0.029295,-0.405421,-0.508338,-0.070024,1.041399,1.411867,-0.020513,0.382210,-0.513699,-1.004314,0.250078,1.410207,-0.409317,0.110653,-0.521442,-0.676018,0.786063,1.426607,-0.243052,0.298799,-0.502202,-0.956035,-0.392357,1.418315,-0.371198,-0.124543,-0.509108,-0.541635,-0.868688,1.409045,-0.251114,-0.378824,-0.528055
13.020000,0.552699,0.892514,1.416253,0.189377,0.348993,-0.514993,0.975704,0.400075,1.402129,0.363822,0.133615,-0.522076,1.015790,-0.251315,1.398462,0.405828,-0.135556,-0.543009,0.675006,-0.811330,1.414245,0.275642,-0.260004,-0.514319,0.076561,-1.041002,1.405605,0.040259,-0.419859,-0.524020,-0.070524,1.049168,1.401431,-0.029587,0.394602,-0.529605,-1.012653,0.252244,1.399617,-0.424517,0.105824,-0.537374,-0.681028,0.792071,1.416401,-0.257957,0.301869,-0.518161,-0.963559,-0.394982,1.407973,-0.381076,-0.138063,-0.524801,-0.546665,-0.876430,1.398324,-0.251734,-0.395331,-0.543818
13.040000,0.556459,0.899642,1.405806,0.186532,0.363782,-0.529482,0.983049,0.402871,1.391536,0.370576,0.146037,-0.537013,1.024024,-0.253969,1.387465,0.417556,-0.129607,-0.556465,0.680696,-0.816557,1.403817,0.293403,-0.262580,-0.528267,0.077482,-1.049538,1.394979,0.051870,-0.433613,-0.538364,-0.071212,1.057179,1.390692,-0.039410,0.406367,-0.544127,-1.021292,0.254305,1.388722,-0.439256,0.100048,-0.551918,-0.686338,0.798133,1.405889,-0.273043,0.304127,-0.532784,-0.971273,-0.397882,1.397332,-0.390205,-0.152002,-0.539123,-0.551697,-0.884500,1.387302,-0.251270,-0.411593,-0.558196
13.060000,0.560155,0.907065,1.395082,0.182951,0.378477,-0.542625,0.990522,0.405920,1.380657,0.376573,0.158973,-0.550579,1.032489,-0.256493,1.376212,0.428861,-0.122612,-0.568518,0.686744,-0.821829,1.393123,0.311360,-0.264474,-0.540842,0.078641,-1.058342,1.384079,0.064129,-0.446682,-0.551370,-0.072105,1.065418,1.379675,-0.049983,0.417506,-0.557265,-1.030220,0.256240,1.377549,-0.453536,0.093326,-0.565074,-0.691951,0.804231,1.395098,-0.288312,0.305572,-0.546072,-0.979162,-0.401065,1.386418,-0.398587,-0.166359,-0.552073,-0.556709,-0.892892,1.376005,-0.249723,-0.427609,-0.571190
13.080000,0.563772,0.914780,1.384110,0.178633,0.393077,-0.554420,0.998107,0.409233,1.369522,0.381812,0.172423,-0.562772,1.041176,-0.258866,1.364733,0.439743,-0.114571,-0.579170,0.693152,-0.827131,1.382192,0.329514,-0.265689,-0.552042,0.080051,-1.067400,1.372933,0.077034,-0.459066,-0.563038,-0.073217,1.073875,1.368410,-0.061305,0.428018,-0.569018,-1.039430,0.258032,1.366128,-0.467356,0.085659,-0.576841,-0.697871,0.810350,1.384055,-0.303763,0.306205,-0.558023,-0.987211,-0.404539,1.375258,-0.406222,-0.181134,-0.563652,-0.561679,-0.901602,1.364463,-0.247092,-0.443381,-0.582799
13.100000,0.567295,0.922787,1.372915,0.173579,0.407582,-0.564868,1.005789,0.412820,1.358156,0.386294,0.186388,-0.573594,1.050076,-0.261069,1.353055,0.450202,-0.105484,-0.588420,0.699925,-0.832452,1.371051,0.347864,-0.266223,-0.561868,0.081726,-1.076700,1.361567,0.090587,-0.470765,-0.573368,-0.074562,1.082535,1.356924,-0.073377,0.437903,-0.579388,-1.048911,0.259660,1.354485,-0.480716,0.077045,-0.587221,-0.704103,0.816474,1.372786,-0.319396,0.306026,-0.568638,-0.995406,-0.408313,1.363881,-0.413109,-0.196328,-0.573859,-0.566585,-0.910626,1.352703,-0.243377,-0.458907,-0.593023
13.120000,0.570711,0.931082,1.361524,0.167820,0.421862,-0.573997,1.013553,0.416691,1.346587,0.389961,0.200730,-0.583055,1.059180,-0.263079,1.341206,0.460118,-0.095428,-0.596271,0.707067,-0.837776,1.359726,0.366249,-0.266068,-0.570350,0.083678,-1.086226,1.350007,0.104657,-0.481652,-0.582377,-0.076156,1.091386,1.345244,-0.086076,0.447053,-0.588387,-1.058655,0.261108,1.342648,-0.493466,0.067568,-0.596214,-0.710648,0.822586,1.361318,-0.335071,0.305031,-0.577942,-1.003730,-0.412394,1.352313,-0.419180,-0.211797,-0.582719,-0.571407,-0.919956,1.340752,-0.238609,-0.474015,-0.601852
13.140000,0.574004,0.939659,1.349963,0.161388,0.435787,-0.581834,1.021382,0.420851,1.334842,0.392756,0.215314,-0.591169,1.068476,-0.264880,1.329213,0.469372,-0.084478,-0.602724,0.714574,-0.843090,1.348246,0.384504,-0.265217,-0.577518,0.085915,-1.095960,1.338280,0.119116,-0.491598,-0.590082,-0.078009,1.100411,1.333397,-0.099277,0.455360,-0.596028,-1.068645,0.262358,1.330646,-0.505456,0.057312,-0.603823,-0.717505,0.828670,1.349677,-0.350649,0.303220,-0.585960,-1.012167,-0.416786,1.340581,-0.424365,-0.227397,-0.590254,-0.576123,-0.929582,1.328638,-0.232817,-0.488531,-0.609277
13.160000,0.577162,0.948511,1.338259,0.154282,0.449358,-0.588379,1.029258,0.425305,1.322949,0.394679,0.230138,-0.597935,1.077951,-0.266452,1.317106,0.477963,-0.072636,-0.607779,0.722446,-0.848380,1.336635,0.402631,-0.263669,-0.583371,0.088445,-1.105883,1.326412,0.133963,-0.500604,-0.596483,-0.080130,1.109595,1.321412,-0.112982,0.462823,-0.602311,-1.078868,0.263395,1.318505,-0.516686,0.046275,-0.610049,-0.724673,0.834709,1.337888,-0.366129,0.300592,-0.592690,-1.020699,-0.421491,1.328711,-0.428665,-0.243129,-0.596464,-0.580713,-0.939493,1.316390,-0.226003,-0.502456,-0.615298
13.180000,0.580171,0.957631,1.326437,0.146504,0.462573,-0.593632,1.037163,0.430058,1.310934,0.395729,0.245204,-0.603352,1.087590,-0.267779,1.304912,0.485893,-0.059900,-0.611437,0.730679,-0.853632,1.324920,0.420629,-0.261424,-0.587909,0.091276,-1.115977,1.314430,0.149199,-0.508670,-0.601581,-0.082531,1.118919,1.309314,-0.127190,0.469442,-0.607235,-1.089307,0.264203,1.306253,-0.527156,0.034459,-0.614890,-0.732149,0.840688,1.325978,-0.381512,0.297146,-0.598134,-1.029308,-0.426512,1.316731,-0.432079,-0.258992,-0.601350,-0.585156,-0.949677,1.304035,-0.218166,-0.515789,-0.619914
13.200000,0.583017,0.967012,1.314522,0.138053,0.475434,-0.597594,1.045081,0.435115,1.298824,0.395908,0.260510,-0.607422,1.097382,-0.268842,1.292658,0.493160,-0.046272,-0.613696,0.739270,-0.858832,1.313127,0.438499,-0.258482,-0.591134,0.094416,-1.126224,1.302358,0.164823,-0.515796,-0.605376,-0.085221,1.128367,1.297131,-0.141901,0.475218,-0.610802,-1.099949,0.264768,1.293918,-0.536866,0.021863,-0.618348,-0.739933,0.846589,1.313972,-0.396798,0.292883,-0.602292,-1.037976,-0.431852,1.304666,-0.434607,-0.274986,-0.604911,-0.589432,-0.960121,1.291603,-0.209306,-0.528530,-0.623126
13.220000,0.585689,0.976645,1.302541,0.128990,0.487814,-0.600379,1.052993,0.440479,1.286645,0.395178,0.275905,-0.610226,1.107312,-0.269625,1.280373,0.499663,-0.031864,-0.614625,0.748217,-0.863967,1.301282,0.456075,-0.254860,-0.593163,0.097871,-1.136602,1.290223,0.180690,-0.521869,-0.607959,-0.088210,1.137921,1.284891,-0.156974,0.480060,-0.613090,-1.110776,0.265074,1.281528,-0.545678,0.008600,-0.620493,-0.748020,0.852398,1.301894,-0.411837,0.287835,-0.605259,-1.046686,-0.437512,1.292543,-0.436192,-0.290965,-0.607257,-0.593522,-0.970813,1.279119,-0.199490,-0.540511,-0.624996
13.240000,0.588173,0.986520,1.290514,0.119379,0.499589,-0.602101,1.060882,0.446151,1.274423,0.393504,0.291233,-0.611847,1.117363,-0.270112,1.268081,0.505299,-0.016789,-0.614291,0.757510,-0.869022,1.289408,0.473191,-0.250574,-0.594116,0.101644,-1.147091,1.278047,0.196657,-0.526777,-0.609425,-0.091502,1.147562,1.272616,-0.172269,0.483878,-0.614178,-1.121769,0.265108,1.269107,-0.553454,-0.005216,-0.621399,-0.756404,0.858098,1.289769,-0.426482,0.282031,-0.607134,-1.055417,-0.443489,1.280383,-0.436775,-0.306782,-0.608496,-0.597406,-0.981735,1.266611,-0.188788,-0.551562,-0.625587
13.260000,0.590460,0.996625,1.278464,0.109219,0.510758,-0.602762,1.068727,0.452128,1.262180,0.390885,0.306495,-0.612284,1.127518,-0.270292,1.255809,0.510069,-0.001048,-0.612692,0.767141,-0.873985,1.277525,0.489849,-0.245623,-0.593994,0.105738,-1.157666,1.265853,0.212723,-0.530519,-0.609773,-0.095102,1.157269,1.260331,-0.187786,0.486671,-0.614067,-1.132907,0.264861,1.256680,-0.560195,-0.019586,-0.621065,-0.765076,0.863674,1.277616,-0.440732,0.275473,-0.607915,-1.064150,-0.449782,1.268210,-0.436356,-0.322438,-0.608629,-0.601067,-0.992869,1.254104,-0.177199,-0.561684,-0.624898
13.280000,0.592538,1.006946,1.266411,0.098511,0.521322,-0.602360,1.076511,0.458410,1.249939,0.387322,0.321691,-0.611538,1.137760,-0.270150,1.243582,0.513973,0.015360,-0.609830,0.777101,-0.878842,1.265655,0.506048,-0.240009,-0.592796,0.110154,-1.168304,1.253663,0.228888,-0.533095,-0.609003,-0.099015,1.167022,1.248061,-0.203525,0.488439,-0.612756,-1.144170,0.264321,1.244273,-0.565900,-0.034509,-0.619492,-0.774030,0.869112,1.265459,-0.454587,0.268161,-0.607603,-1.072865,-0.456386,1.256046,-0.434934,-0.337933,-0.607657,-0.604488,-1.004196,1.241624,-0.164722,-0.570877,-0.622931
13.300000,0.594397,1.017474,1.254377,0.087253,0.531281,-0.600896,1.084214,0.464995,1.237726,0.382814,0.336821,-0.609608,1.148071,-0.269673,1.231425,0.517010,0.032434,-0.605704,0.787380,-0.883581,1.253820,0.521788,-0.233730,-0.590522,0.114894,-1.178982,1.241500,0.245152,-0.534507,-0.607116,-0.103244,1.176800,1.235829,-0.219486,0.489183,-0.610246,-1.155536,0.263477,1.231909,-0.570570,-0.049987,-0.616678,-0.783257,0.874395,1.253319,-0.468048,0.260093,-0.606198,-1.081541,-0.463298,1.243911,-0.432511,-0.353266,-0.605578,-0.607650,-1.015698,1.229196,-0.151359,-0.579139,-0.619685
13.320000,0.596025,1.028193,1.242381,0.075521,0.540519,-0.598537,1.091817,0.471881,1.225562,0.377359,0.351730,-0.606630,1.158434,-0.268849,1.219362,0.519105,0.050036,-0.600434,0.797969,-0.888187,1.242040,0.536908,-0.226820,-0.587345,0.119959,-1.189676,1.229385,0.261356,-0.534667,-0.604254,-0.107795,1.186582,1.223658,-0.235512,0.488845,-0.606670,-1.166985,0.262319,1.219613,-0.574094,-0.065881,-0.612749,-0.792749,0.879511,1.241218,-0.480968,0.251324,-0.603854,-1.090158,-0.470514,1.231829,-0.429050,-0.368294,-0.602550,-0.610537,-1.027355,1.216844,-0.137206,-0.586329,-0.615273
13.340000,0.597415,1.039089,1.230440,0.063387,0.548921,-0.595448,1.099302,0.479062,1.213467,0.370953,0.366264,-0.602738,1.168828,-0.267669,1.207414,0.520181,0.068027,-0.594139,0.808851,-0.892650,1.230331,0.551249,-0.219315,-0.583438,0.125347,-1.200359,1.217336,0.277343,-0.533491,-0.600562,-0.112664,1.196346,1.211569,-0.251448,0.487367,-0.602161,-1.178492,0.260840,1.207405,-0.576365,-0.082057,-0.607827,-0.802491,0.884444,1.229171,-0.493201,0.241904,-0.600724,-1.098696,-0.478027,1.219815,-0.424515,-0.382873,-0.598729,-0.613134,-1.039143,1.204592,-0.122362,-0.592303,-0.609811
13.360000,0.598558,1.050144,1.218568,0.050852,0.556489,-0.591629,1.106649,0.486530,1.201459,0.363597,0.380421,-0.597932,1.179234,-0.266125,1.195603,0.520238,0.086405,-0.586819,0.820013,-0.896956,1.218707,0.564810,-0.211213,-0.578799,0.131052,-1.211006,1.205368,0.293111,-0.530979,-0.596040,-0.117852,1.206069,1.199578,-0.267293,0.484750,-0.596719,-1.190031,0.259035,1.195306,-0.577382,-0.098513,-0.601913,-0.812472,0.889183,1.217194,-0.504746,0.231834,-0.596808,-1.107132,-0.485826,1.207885,-0.418907,-0.397003,-0.594115,-0.615427,-1.051039,1.192459,-0.106828,-0.597060,-0.603298
13.380000,0.599446,1.061343,1.206780,0.037916,0.563222,-0.587081,1.113839,0.494276,1.189556,0.355291,0.394203,-0.592213,1.189631,-0.264210,1.183948,0.519277,0.105172,-0.578474,0.831439,-0.901094,1.207184,0.577591,-0.202515,-0.573430,0.137070,-1.221590,1.193500,0.308662,-0.527130,-0.590687,-0.123355,1.215729,1.187706,-0.283049,0.480993,-0.590345,-1.201579,0.256898,1.183336,-0.577145,-0.115251,-0.595007,-0.822677,0.893713,1.205303,-0.515604,0.221115,-0.592107,-1.115445,-0.493904,1.196055,-0.412226,-0.410684,-0.588709,-0.617403,-1.063017,1.180467,-0.090602,-0.600600,-0.595734
13.400000,0.600072,1.072668,1.195090,0.024578,0.569120,-0.581802,1.120854,0.502295,1.177776,0.346034,0.407608,-0.585579,1.199998,-0.261916,1.172471,0.517297,0.124327,-0.569104,0.843112,-0.905053,1.195775,0.589593,-0.193220,-0.567330,0.143397,-1.232083,1.181746,0.323995,-0.521945,-0.584505,-0.129173,1.225302,1.175971,-0.298714,0.476097,-0.583038,-1.213109,0.254423,1.171513,-0.575653,-0.132269,-0.587109,-0.833092,0.898023,1.193515,-0.525775,0.209746,-0.586619,-1.123613,-0.502251,1.184342,-0.404471,-0.423915,-0.582510,-0.619047,-1.075054,1.168637,-0.073686,-0.602924,-0.587119
13.420000,0.600428,1.084101,1.183511,0.010939,0.574094,-0.575975,1.127675,0.510577,1.166137,0.335860,0.420496,-0.578189,1.210316,-0.259236,1.161190,0.514253,0.143725,-0.558847,0.855016,-0.908820,1.184494,0.600675,-0.183378,-0.560694,0.150027,-1.242458,1.170124,0.338950,-0.515401,-0.577652,-0.135302,1.234765,1.164390,-0.314142,0.470042,-0.574952,-1.224596,0.251606,1.159857,-0.572844,-0.149428,-0.578363,-0.843702,0.902099,1.181843,-0.535141,0.197799,-0.580521,-1.131616,-0.510857,1.172759,-0.395656,-0.436569,-0.575690,-0.620346,-1.087125,1.156988,-0.056195,-0.603932,-0.577590
13.440000,0.600508,1.095625,1.172053,-0.002904,0.578056,-0.569777,1.134283,0.519111,1.154653,0.324800,0.432725,-0.570199,1.220561,-0.256166,1.150122,0.510100,0.163220,-0.547841,0.867132,-0.912385,1.173350,0.610699,-0.173038,-0.553716,0.156951,-1.252690,1.158644,0.353366,-0.507476,-0.570288,-0.141736,1.244095,1.152977,-0.329186,0.462807,-0.566241,-1.236013,0.248446,1.148383,-0.568652,-0.166588,-0.568914,-0.854491,0.905931,1.170297,-0.543585,0.185349,-0.573985,-1.139433,-0.519709,1.161317,-0.385794,-0.448516,-0.568423,-0.621291,-1.099202,1.145538,-0.038245,-0.603524,-0.567282
13.460000,0.600310,1.107217,1.160723,-0.016951,0.581007,-0.563210,1.140661,0.527882,1.143334,0.312855,0.444294,-0.561608,1.230712,-0.252706,1.139281,0.504838,0.182812,-0.536086,0.879437,-0.915738,1.162348,0.619663,-0.162200,-0.546397,0.164158,-1.262748,1.147316,0.367242,-0.498170,-0.562413,-0.148467,1.253269,1.141744,-0.343846,0.454393,-0.556905,-1.247333,0.244942,1.137105,-0.563078,-0.183747,-0.558762,-0.865440,0.909510,1.158886,-0.551106,0.172395,-0.567011,-1.147041,-0.528793,1.150025,-0.374885,-0.459758,-0.560707,-0.621873,-1.111257,1.134302,-0.019838,-0.601702,-0.556195
13.480000,0.599829,1.118858,1.149527,-0.031200,0.582946,-0.556273,1.146791,0.536878,1.132192,0.300023,0.455204,-0.552417,1.240747,-0.248853,1.128683,0.498467,0.202502,-0.523583,0.891911,-0.918869,1.151496,0.627569,-0.150864,-0.538735,0.171637,-1.272607,1.136151,0.380580,-0.487482,-0.554028,-0.155488,1.262263,1.130705,-0.358121,0.444800,-0.546944,-1.258527,0.241096,1.126037,-0.556121,-0.200906,-0.547906,-0.876529,0.912824,1.147619,-0.557706,0.158937,-0.559600,-1.154421,-0.538094,1.138892,-0.362929,-0.470292,-0.552543,-0.622082,-1.123261,1.123296,-0.000972,-0.598464,-0.544330
13.500000,0.599061,1.130528,1.138474,-0.045652,0.583873,-0.548966,1.152656,0.546086,1.121241,0.286307,0.465455,-0.542625,1.250644,-0.244605,1.118343,0.490987,0.222289,-0.510330,0.904533,-0.921769,1.140801,0.634416,-0.139029,-0.530732,0.179378,-1.282238,1.125158,0.393378,-0.475413,-0.545132,-0.162790,1.271054,1.119871,-0.372013,0.434027,-0.536357,-1.269569,0.236906,1.115193,-0.547782,-0.218065,-0.536348,-0.887742,0.915864,1.136505,-0.563383,0.144975,-0.551753,-1.161551,-0.547600,1.127926,-0.349927,-0.480121,-0.543931,-0.621909,-1.135186,1.112534,0.018353,-0.593811,-0.531686
13.520000,0.598002,1.142206,1.127570,-0.060210,0.583734,-0.541448,1.158238,0.555491,1.110490,0.271761,0.474924,-0.532377,1.260379,-0.239962,1.108274,0.482376,0.242038,-0.496453,0.917280,-0.924427,1.130268,0.640101,-0.126751,-0.522562,0.187368,-1.291615,1.114348,0.405494,-0.461991,-0.535872,-0.170365,1.279617,1.109254,-0.385392,0.422079,-0.525285,-1.280429,0.232374,1.104587,-0.538035,-0.235090,-0.524219,-0.899058,0.918620,1.125551,-0.568044,0.130576,-0.543632,-1.168412,-0.557294,1.117137,-0.335925,-0.489138,-0.535027,-0.621345,-1.147004,1.102032,0.038011,-0.587689,-0.518391
13.540000,0.596652,1.153870,1.116817,-0.074775,0.582474,-0.533877,1.163521,0.565077,1.099948,0.256443,0.483491,-0.521815,1.269931,-0.234925,1.098488,0.472611,0.261610,-0.482072,0.930128,-0.926836,1.119898,0.644520,-0.114086,-0.514400,0.195592,-1.300709,1.103725,0.416783,-0.447244,-0.526395,-0.178201,1.287929,1.098862,-0.398128,0.408961,-0.513867,-1.291080,0.227504,1.094228,-0.526858,-0.251847,-0.511652,-0.910456,0.921084,1.114761,-0.571594,0.115806,-0.535404,-1.174982,-0.567159,1.106526,-0.320970,-0.497240,-0.525990,-0.620387,-1.158683,1.091802,0.057881,-0.580047,-0.504571
13.560000,0.595011,1.165497,1.106215,-0.089348,0.580092,-0.526252,1.168490,0.574825,1.089620,0.240353,0.491156,-0.510940,1.279276,-0.229499,1.088995,0.461694,0.281008,-0.467189,0.943052,-0.928988,1.109692,0.647673,-0.101032,-0.506246,0.204033,-1.309496,1.093293,0.427245,-0.431173,-0.516702,-0.186286,1.295967,1.088701,-0.410221,0.394672,-0.502104,-1.301494,0.222302,1.084124,-0.514250,-0.268335,-0.498646,-0.921914,0.923250,1.104136,-0.574034,0.100666,-0.527068,-1.181244,-0.577177,1.096098,-0.305062,-0.504427,-0.516818,-0.619029,-1.170195,1.081853,0.077962,-0.570884,-0.490225
13.580000,0.593078,1.177066,1.095767,-0.103929,0.576589,-0.518575,1.173130,0.584717,1.079512,0.223491,0.497918,-0.499752,1.288391,-0.223686,1.079804,0.449623,0.300230,-0.451804,0.956027,-0.930875,1.099648,0.649560,-0.087590,-0.498100,0.212676,-1.317947,1.083058,0.436881,-0.413778,-0.506792,-0.194606,1.303708,1.078780,-0.421672,0.379212,-0.489994,-1.311641,0.216773,1.074285,-0.500212,-0.284554,-0.485203,-0.933410,0.925109,1.093679,-0.575364,0.085155,-0.518625,-1.187178,-0.587330,1.085854,-0.288202,-0.510698,-0.507511,-0.617267,-1.181509,1.072196,0.098254,-0.560200,-0.475354
13.600000,0.590854,1.188553,1.085473,-0.118517,0.571964,-0.510844,1.177425,0.594735,1.069632,0.205856,0.503778,-0.488250,1.297253,-0.217491,1.070926,0.436399,0.319276,-0.435916,0.969026,-0.932489,1.089768,0.650181,-0.073761,-0.489962,0.221503,-1.326038,1.073023,0.445690,-0.395058,-0.496665,-0.203148,1.311128,1.069104,-0.432481,0.362582,-0.477539,-1.321493,0.210922,1.064719,-0.484742,-0.300505,-0.471321,-0.944921,0.926653,1.083391,-0.575584,0.069273,-0.510074,-1.192766,-0.597599,1.075798,-0.270388,-0.516054,-0.498071,-0.615097,-1.192593,1.062842,0.118757,-0.547996,-0.459958
13.620000,0.588338,1.199937,1.075333,-0.133029,0.566192,-0.503191,1.181359,0.604861,1.059984,0.187497,0.508621,-0.476557,1.305839,-0.210917,1.062370,0.422011,0.338016,-0.419624,0.982025,-0.933823,1.080049,0.649471,-0.059601,-0.481974,0.230497,-1.333741,1.063192,0.453561,-0.375076,-0.486444,-0.211900,1.318204,1.059680,-0.442531,0.344810,-0.464854,-1.331021,0.204755,1.055434,-0.467847,-0.316059,-0.457112,-0.956425,0.927877,1.073275,-0.574630,0.053085,-0.501549,-1.197988,-0.607965,1.065932,-0.251699,-0.520410,-0.488626,-0.612516,-1.203418,1.053801,0.139340,-0.534249,-0.444144
13.640000,0.585534,1.211193,1.065344,-0.147379,0.559244,-0.495746,1.184920,0.615073,1.050570,0.168461,0.512334,-0.464797,1.314126,-0.203973,1.054143,0.406451,0.356317,-0.403027,0.994996,-0.934871,1.070487,0.647366,-0.045169,-0.474280,0.239639,-1.341033,1.053565,0.460381,-0.353893,-0.476251,-0.220844,1.324913,1.050510,-0.451706,0.325926,-0.452054,-1.340197,0.198283,1.046436,-0.449533,-0.331089,-0.442689,-0.967898,0.928775,1.063328,-0.572439,0.036653,-0.493182,-1.202828,-0.618408,1.056253,-0.232210,-0.523683,-0.479304,-0.609524,-1.213953,1.045079,0.159874,-0.518941,-0.428020
13.660000,0.582444,1.222299,1.055501,-0.161568,0.551121,-0.488508,1.188093,0.625347,1.041392,0.148747,0.514917,-0.452969,1.322090,-0.196667,1.046251,0.389717,0.374180,-0.386125,1.007911,-0.935628,1.061076,0.643866,-0.030466,-0.466879,0.248906,-1.347889,1.044142,0.466151,-0.331510,-0.466087,-0.229962,1.331233,1.041598,-0.460007,0.305928,-0.439140,-1.348993,0.191515,1.037728,-0.429799,-0.345594,-0.428051,-0.979315,0.929342,1.053547,-0.569011,0.019979,-0.484975,-1.207271,-0.628906,1.046759,-0.211921,-0.525871,-0.470107,-0.606122,-1.224165,1.036682,0.180357,-0.502072,-0.411586
13.680000,0.579072,1.233230,1.045802,-0.175595,0.541823,-0.481479,1.190866,0.635662,1.032452,0.128357,0.516370,-0.441072,1.329707,-0.189009,1.038700,0.371810,0.391605,-0.368917,1.020741,-0.936088,1.051810,0.638970,-0.015490,-0.459770,0.258278,-1.354285,1.034922,0.470869,-0.307926,-0.455950,-0.239238,1.337143,1.032946,-0.467434,0.284819,-0.426111,-1.357380,0.184463,1.029315,-0.408647,-0.359574,-0.413198,-0.990650,0.929573,1.043928,-0.564346,0.003062,-0.476926,-1.211300,-0.639436,1.037447,-0.190832,-0.526976,-0.461034,-0.602310,-1.234025,1.028617,0.200791,-0.483640,-0.394842
13.700000,0.575421,1.243964,1.036241,-0.189461,0.531350,-0.474657,1.193223,0.645994,1.023750,0.107289,0.516693,-0.429108,1.336954,-0.181006,1.031496,0.352730,0.408591,-0.351404,1.033460,-0.936246,1.042683,0.632679,-0.000242,-0.452955,0.267733,-1.360198,1.025904,0.474537,-0.283142,-0.445842,-0.248654,1.342619,1.024555,-0.473986,0.262596,-0.412968,-1.365329,0.177136,1.021201,-0.386075,-0.373030,-0.398129,-1.001880,0.929463,1.034469,-0.558445,-0.014098,-0.469035,-1.214899,-0.649977,1.028316,-0.168943,-0.526998,-0.452085,-0.598090,-1.243501,1.020891,0.221174,-0.463646,-0.377788
13.720000,0.571495,1.254476,1.026814,-0.203081,0.519697,-0.468135,1.195153,0.656321,1.015287,0.085601,0.515802,-0.417166,1.343808,-0.172669,1.024645,0.332500,0.425022,-0.333663,1.046039,-0.936097,1.033689,0.624960,0.015216,-0.446534,0.277252,-1.365604,1.017087,0.477086,-0.257253,-0.435851,-0.258191,1.347639,1.016427,-0.479575,0.239321,-0.399796,-1.372814,0.169546,1.013391,-0.362130,-0.385853,-0.382934,-1.012980,0.929008,1.025165,-0.551255,-0.031430,-0.461400,-1.218053,-0.660508,1.019363,-0.146344,-0.525844,-0.443357,-0.593464,-1.252561,1.013507,0.241381,-0.442120,-0.360512
13.740000,0.567300,1.264744,1.017513,-0.216371,0.506859,-0.462001,1.196643,0.666618,1.007062,0.063348,0.513614,-0.405334,1.350247,-0.164010,1.018151,0.311146,0.440783,-0.315771,1.058449,-0.935636,1.024818,0.615777,0.030824,-0.440609,0.286809,-1.370481,1.008468,0.478446,-0.230355,-0.426067,-0.267830,1.352185,1.008562,-0.484112,0.215052,-0.386681,-1.379806,0.161706,1.005884,-0.336860,-0.397934,-0.367698,-1.023922,0.928205,1.016011,-0.542727,-0.048861,-0.454117,-1.220748,-0.671003,1.010580,-0.123121,-0.523424,-0.434945,-0.588437,-1.261175,1.006471,0.261285,-0.419092,-0.343103
13.760000,0.562843,1.274743,1.008331,-0.229329,0.492838,-0.456258,1.197683,0.676857,0.999073,0.040532,0.510129,-0.393613,1.356247,-0.155042,1.012016,0.288667,0.455872,-0.297728,1.070660,-0.934863,1.016061,0.605132,0.046581,-0.435180,0.296382,-1.374811,1.000043,0.478619,-0.202448,-0.416490,-0.277549,1.356235,1.000960,-0.487596,0.189791,-0.373622,-1.386279,0.153633,0.998683,-0.310264,-0.409274,-0.352423,-1.034680,0.927053,1.006998,-0.532860,-0.066391,-0.447186,-1.222973,-0.681436,1.001963,-0.099275,-0.519738,-0.426850,-0.583015,-1.269314,0.999784,0.280886,-0.394561,-0.325562
13.780000,0.558129,1.284450,0.999260,-0.241957,0.477631,-0.450904,1.198261,0.687014,0.991317,0.017152,0.505348,-0.382003,1.361786,-0.145779,1.006243,0.265063,0.470291,-0.279535,1.082644,-0.933772,1.007408,0.593024,0.062486,-0.430246,0.305946,-1.378573,0.991807,0.477603,-0.173532,-0.407119,-0.287327,1.359770,0.993617,-0.490027,0.163536,-0.360620,-1.392207,0.145340,0.991788,-0.282342,-0.419873,-0.337108,-1.045227,0.925549,0.998121,-0.521653,-0.084021,-0.440607,-1.224715,-0.691784,0.993504,-0.074806,-0.514786,-0.419072,-0.577204,-1.276948,0.993449,0.300183,-0.368528,-0.307888
13.800000,0.553167,1.293840,0.990292,-0.254254,0.461241,-0.445939,1.198366,0.697063,0.983792,-0.006792,0.499270,-0.370504,1.366842,-0.136235,1.000835,0.240333,0.484039,-0.261190,1.094371,-0.932362,0.998848,0.579454,0.078541,-0.425808,0.315478,-1.381746,0.983757,0.475400,-0.143606,-0.397955,-0.297143,1.362770,0.986534,-0.491407,0.136288,-0.347675,-1.397564,0.136843,0.985199,-0.253095,-0.429731,-0.321753,-1.055537,0.923691,0.989372,-0.509108,-0.101750,-0.434379,-1.225962,-0.702019,0.985198,-0.049715,-0.508568,-0.411611,-0.571010,-1.284046,0.987469,0.319177,-0.340992,-0.290081
13.820000,0.547962,1.302891,0.981419,-0.266158,0.443691,-0.441412,1.197986,0.706976,0.976496,-0.031206,0.491897,-0.359166,1.371392,-0.126423,0.995796,0.214553,0.497023,-0.242755,1.105813,-0.930630,0.990372,0.564435,0.094682,-0.421913,0.324954,-1.384311,0.975887,0.471982,-0.112796,-0.389050,-0.306975,1.365215,0.979709,-0.491688,0.108147,-0.334839,-1.402323,0.128157,0.978917,-0.222623,-0.438772,-0.306420,-1.065582,0.921478,0.980743,-0.495218,-0.119503,-0.428553,-1.226701,-0.712118,0.977037,-0.024113,-0.501053,-0.404517,-0.564439,-1.290578,0.981847,0.337758,-0.312048,-0.272213
13.840000,0.542523,1.311580,0.972632,-0.277607,0.425008,-0.437371,1.197115,0.716730,0.969424,-0.055997,0.483233,-0.348040,1.375417,-0.116359,0.991125,0.187796,0.509152,-0.224290,1.116939,-0.928575,0.981968,0.547984,0.110843,-0.418610,0.334349,-1.386252,0.968193,0.467326,-0.081227,-0.380455,-0.316803,1.367090,0.973140,-0.490826,0.079210,-0.322165,-1.406461,0.119298,0.972942,-0.191028,-0.446920,-0.291172,-1.075337,0.918911,0.972226,-0.479979,-0.137205,-0.423177,-1.226923,-0.722053,0.969014,0.001887,-0.492212,-0.397839,-0.557503,-1.296519,0.976581,0.355814,-0.281789,-0.254354
13.860000,0.536860,1.319884,0.963921,-0.288600,0.405192,-0.433815,1.195744,0.726297,0.962573,-0.081165,0.473277,-0.337126,1.378897,-0.106062,0.986824,0.160061,0.520425,-0.205796,1.127723,-0.926196,0.973624,0.530099,0.127027,-0.415899,0.343638,-1.387555,0.960667,0.461429,-0.048898,-0.372170,-0.326601,1.368378,0.966822,-0.488821,0.049479,-0.309653,-1.409957,0.110286,0.967270,-0.158309,-0.454176,-0.276008,-1.084773,0.915991,0.963813,-0.463389,-0.154856,-0.418253,-1.226622,-0.731797,0.961121,0.028284,-0.482043,-0.391577,-0.550210,-1.301841,0.971672,0.373348,-0.250215,-0.236504
13.880000,0.530982,1.327780,0.955277,-0.299138,0.384241,-0.430746,1.193866,0.735652,0.955938,-0.106710,0.462029,-0.326423,1.381813,-0.095548,0.982894,0.131349,0.530843,-0.187272,1.138134,-0.923494,0.965328,0.510782,0.143231,-0.413779,0.352798,-1.388203,0.953304,0.454293,-0.015809,-0.364196,-0.336348,1.369064,0.960752,-0.485672,0.018953,-0.297303,-1.412786,0.101137,0.961901,-0.124466,-0.460540,-0.260929,-1.093863,0.912717,0.955493,-0.445449,-0.172456,-0.413779,-1.225789,-0.741326,0.953348,0.055079,-0.470548,-0.385732,-0.542572,-1.306519,0.967121,0.390357,-0.217327,-0.218664
13.900000,0.524898,1.335246,0.946688,-0.309221,0.362158,-0.428162,1.191473,0.744770,0.949514,-0.132631,0.449489,-0.315932,1.384145,-0.084834,0.979334,0.101661,0.540405,-0.168718,1.148144,-0.920467,0.957068,0.490031,0.159457,-0.412251,0.361802,-1.388182,0.946097,0.445918,0.018039,-0.356533,-0.346020,1.369131,0.954929,-0.481380,-0.012368,-0.285114,-1.414928,0.091870,0.956832,-0.089500,-0.466012,-0.245934,-1.102582,0.909093,0.947259,-0.426159,-0.190004,-0.409756,-1.224417,-0.750611,0.945689,0.082271,-0.457725,-0.380304,-0.534599,-1.310525,0.962926,0.406843,-0.183123,-0.200833
13.920000,0.518617,1.342260,0.938147,-0.318810,0.338990,-0.426053,1.188559,0.753624,0.943299,-0.158806,0.435751,-0.305659,1.385874,-0.073938,0.976145,0.071137,0.549066,-0.150184,1.157726,-0.917116,0.948834,0.467908,0.175636,-0.411300,0.370626,-1.387478,0.939041,0.436334,0.052505,-0.349186,-0.355595,1.368565,0.949347,-0.475967,-0.044338,-0.273104,-1.416360,0.082503,0.952063,-0.053583,-0.470567,-0.231060,-1.110901,0.905118,0.939100,-0.405564,-0.207427,-0.406180,-1.222497,-0.759626,0.938134,0.109737,-0.443611,-0.375288,-0.526303,-1.313836,0.959087,0.422725,-0.147786,-0.183067
13.940000,0.512149,1.348799,0.929643,-0.327866,0.314788,-0.424409,1.185120,0.762192,0.937287,-0.185113,0.420909,-0.295607,1.386986,-0.062878,0.973326,0.039921,0.556778,-0.131719,1.166852,-0.913442,0.940613,0.444470,0.191698,-0.410913,0.379247,-1.386079,0.932128,0.425574,0.087447,-0.342161,-0.365052,1.367354,0.944003,-0.469456,-0.076812,-0.261287,-1.417066,0.073054,0.947589,-0.016888,-0.474183,-0.216344,-1.118796,0.900797,0.931009,-0.383708,-0.224650,-0.403048,-1.220026,-0.768347,0.930674,0.137351,-0.428242,-0.370682,-0.517695,-1.316430,0.955602,0.437922,-0.111495,-0.165420
13.960000,0.505506,1.354844,0.921167,-0.336389,0.289551,-0.423230,1.181153,0.770453,0.931473,-0.211550,0.404963,-0.285779,1.387466,-0.051673,0.970875,0.008013,0.563541,-0.113323,1.175496,-0.909448,0.932394,0.419719,0.207642,-0.411090,0.387642,-1.383976,0.925352,0.413636,0.122865,-0.335459,-0.374366,1.365489,0.938894,-0.461846,-0.109788,-0.249664,-1.417030,0.063542,0.943408,0.020586,-0.476859,-0.201787,-1.126241,0.896133,0.922975,-0.360592,-0.241673,-0.400360,-1.217002,-0.776747,0.923303,0.165114,-0.411617,-0.366485,-0.508790,-1.318289,0.952469,0.452433,-0.074250,-0.147894
13.980000,0.498697,1.360374,0.912711,-0.344378,0.263280,-0.422516,1.176657,0.778383,0.925854,-0.238119,0.387913,-0.276172,1.387302,-0.040343,0.968792,-0.024587,0.569357,-0.094996,1.183632,-0.905137,0.924165,0.393655,0.223470,-0.411830,0.395785,-1.381161,0.918707,0.400522,0.158760,-0.329080,-0.383518,1.362959,0.934015,-0.453138,-0.143268,-0.238234,-1.416237,0.053986,0.939516,0.058838,-0.478596,-0.187387,-1.133211,0.891131,0.914991,-0.336216,-0.258495,-0.398116,-1.213421,-0.784803,0.916012,0.193025,-0.393737,-0.362698,-0.499602,-1.319394,0.949686,0.466259,-0.036051,-0.130488
14.000000,0.491734,1.365368,0.904264,-0.351835,0.235974,-0.422266,1.171628,0.785962,0.920425,-0.264818,0.369759,-0.266789,1.386478,-0.028905,0.967075,-0.057880,0.574224,-0.076738,1.191233,-0.900510,0.915917,0.366277,0.239182,-0.413133,0.403655,-1.377623,0.912187,0.386231,0.195130,-0.323024,-0.392485,1.359755,0.929363,-0.443331,-0.177251,-0.226999,-1.414672,0.044404,0.935911,0.097868,-0.479393,-0.173147,-1.139681,0.885795,0.907048,-0.310579,-0.275118,-0.396316,-1.209280,-0.792488,0.908793,0.221085,-0.374601,-0.359320,-0.490145,-1.319725,0.947249,0.479401,0.003102,-0.113202
14.020000,0.484627,1.369807,0.895818,-0.358758,0.207767,-0.422407,1.166064,0.793167,0.915181,-0.291538,0.350635,-0.257594,1.384983,-0.017380,0.965722,-0.091670,0.578154,-0.058587,1.198275,-0.895571,0.907637,0.337708,0.254713,-0.414923,0.411227,-1.373354,0.905784,0.370868,0.231799,-0.317249,-0.401245,1.355867,0.924934,-0.432523,-0.211561,-0.215936,-1.412319,0.034816,0.932589,0.137449,-0.479286,-0.159075,-1.145627,0.880128,0.899136,-0.283813,-0.291478,-0.394896,-1.204577,-0.799779,0.901637,0.249186,-0.354317,-0.356294,-0.480431,-1.319265,0.945156,0.491818,0.042962,-0.096075
14.040000,0.477387,1.373674,0.887365,-0.365145,0.178789,-0.422867,1.159967,0.799982,0.910120,-0.318167,0.330675,-0.248556,1.382809,-0.005785,0.964731,-0.125765,0.581159,-0.040581,1.204735,-0.890324,0.899317,0.308069,0.270001,-0.417123,0.418483,-1.368350,0.899495,0.354539,0.268589,-0.311715,-0.409779,1.351292,0.920725,-0.420809,-0.246022,-0.205024,-1.409171,0.025239,0.929547,0.177353,-0.478309,-0.145183,-1.151027,0.874138,0.891250,-0.256049,-0.307513,-0.393792,-1.199313,-0.806654,0.894539,0.277219,-0.332989,-0.353561,-0.470477,-1.318003,0.943405,0.503474,0.083284,-0.079147
14.060000,0.470025,1.376954,0.878901,-0.370996,0.149043,-0.423645,1.153338,0.806389,0.905238,-0.344705,0.309878,-0.239674,1.379951,0.005860,0.964098,-0.160164,0.583239,-0.022721,1.210591,-0.884773,0.890949,0.277362,0.285047,-0.419732,0.425402,-1.362609,0.893314,0.337244,0.305499,-0.306422,-0.418071,1.346025,0.916732,-0.408189,-0.280635,-0.194265,-1.405223,0.015689,0.926781,0.217581,-0.476463,-0.131471,-1.155862,0.867830,0.883382,-0.227287,-0.323222,-0.393003,-1.193489,-0.813092,0.887493,0.305184,-0.310618,-0.351122,-0.460297,-1.315931,0.941989,0.514366,0.124068,-0.062416
14.080000,0.462551,1.379631,0.870417,-0.376312,0.118527,-0.424742,1.146179,0.812371,0.900532,-0.371153,0.288246,-0.230948,1.376401,0.017538,0.963821,-0.194867,0.584394,-0.005007,1.215822,-0.878923,0.882525,0.245585,0.299849,-0.422750,0.431966,-1.356129,0.887237,0.318984,0.342530,-0.301369,-0.426101,1.340065,0.912953,-0.394665,-0.315400,-0.183657,-1.400466,0.006186,0.924287,0.258133,-0.473747,-0.117940,-1.160112,0.861211,0.875527,-0.197527,-0.338607,-0.392530,-1.187106,-0.819072,0.880492,0.333082,-0.287203,-0.348975,-0.449907,-1.313038,0.940907,0.524496,0.165314,-0.045884
14.100000,0.454976,1.381690,0.861909,-0.381092,0.087241,-0.426156,1.138492,0.817913,0.895999,-0.397510,0.265777,-0.222378,1.372154,0.029230,0.963897,-0.229875,0.584624,0.012563,1.220407,-0.872780,0.874036,0.212738,0.314409,-0.426177,0.438155,-1.348907,0.881258,0.299757,0.379682,-0.296558,-0.433851,1.333408,0.909385,-0.380234,-0.350316,-0.173200,-1.394895,-0.003255,0.922062,0.299007,-0.470162,-0.104588,-1.163756,0.854288,0.867679,-0.166769,-0.353666,-0.392372,-1.180166,-0.824573,0.873532,0.360912,-0.262746,-0.347123,-0.439322,-1.309315,0.940153,0.533864,0.207022,-0.029550
14.120000,0.447311,1.383116,0.853370,-0.385379,0.055328,-0.427779,1.130280,0.822998,0.891636,-0.423670,0.242676,-0.213910,1.367205,0.040917,0.964322,-0.264973,0.583984,0.029951,1.224325,-0.866349,0.865476,0.178998,0.328696,-0.429897,0.443951,-1.340943,0.875373,0.279725,0.416751,-0.291912,-0.441305,1.326053,0.906025,-0.365049,-0.385195,-0.162853,-1.388505,-0.012615,0.920102,0.339943,-0.465791,-0.091410,-1.166777,0.847067,0.859831,-0.135216,-0.368349,-0.392420,-1.172670,-0.829576,0.866606,0.388569,-0.237418,-0.345468,-0.428558,-1.304756,0.939723,0.542467,0.248904,-0.013439
14.140000,0.439564,1.383899,0.844797,-0.389213,0.022929,-0.429501,1.121548,0.827617,0.887442,-0.449525,0.219144,-0.205486,1.361556,0.052584,0.965093,-0.299947,0.582529,0.047124,1.227562,-0.859634,0.856839,0.144539,0.342681,-0.433791,0.449340,-1.332239,0.869581,0.259046,0.453534,-0.287358,-0.448449,1.318002,0.902870,-0.349259,-0.419849,-0.152572,-1.381299,-0.021882,0.918404,0.380677,-0.460718,-0.078398,-1.169161,0.839557,0.851982,-0.103072,-0.382607,-0.392564,-1.164625,-0.834065,0.859712,0.415945,-0.211389,-0.343918,-0.417629,-1.299360,0.939613,0.550301,0.290670,0.002422
14.160000,0.431745,1.384030,0.836189,-0.392595,-0.009955,-0.431320,1.112301,0.831761,0.883416,-0.475074,0.195182,-0.197108,1.355208,0.064213,0.966206,-0.334797,0.580260,0.064080,1.230102,-0.852643,0.848123,0.109362,0.356364,-0.437861,0.454309,-1.322803,0.863878,0.237721,0.490030,-0.282895,-0.455272,1.309260,0.899921,-0.332865,-0.454278,-0.142357,-1.373280,-0.031039,0.916965,0.421209,-0.454942,-0.065552,-1.170896,0.831766,0.844128,-0.070336,-0.396439,-0.392804,-1.156035,-0.838027,0.852849,0.443041,-0.184661,-0.342470,-0.406551,-1.293130,0.939818,0.557367,0.332321,0.018033
14.180000,0.423863,1.383498,0.827544,-0.395525,-0.043326,-0.433237,1.102547,0.835422,0.879558,-0.500319,0.170791,-0.188775,1.348165,0.075789,0.967655,-0.369523,0.577176,0.080821,1.231932,-0.845382,0.839324,0.073466,0.369744,-0.442106,0.458844,-1.312640,0.858264,0.215750,0.526241,-0.278523,-0.461760,1.299832,0.897176,-0.315866,-0.488482,-0.132209,-1.364452,-0.040075,0.915781,0.461540,-0.448465,-0.052873,-1.171971,0.823702,0.836269,-0.037008,-0.409845,-0.393139,-1.146905,-0.841447,0.846013,0.469858,-0.157233,-0.341127,-0.395339,-1.286068,0.940333,0.563664,0.373858,0.033396
14.200000,0.415927,1.382294,0.818859,-0.398003,-0.077181,-0.435253,1.092290,0.838590,0.875865,-0.525258,0.145969,-0.180487,1.340428,0.087295,0.969437,-0.404126,0.573277,0.097345,1.233036,-0.837856,0.830438,0.036851,0.382821,-0.446526,0.462934,-1.301755,0.852737,0.193132,0.562166,-0.274243,-0.467902,1.289723,0.894632,-0.298262,-0.522461,-0.122128,-1.354819,-0.048973,0.914849,0.501668,-0.441286,-0.040360,-1.172372,0.815375,0.828402,-0.003089,-0.422825,-0.393570,-1.137242,-0.844311,0.839203,0.496394,-0.129106,-0.339886,-0.384009,-1.278176,0.941153,0.569194,0.415280,0.048508
14.220000,0.407946,1.380409,0.810134,-0.400093,-0.111298,-0.437234,1.081539,0.841259,0.872338,-0.549815,0.120918,-0.172186,1.332002,0.098715,0.971547,-0.438392,0.568648,0.113611,1.233403,-0.830071,0.821462,-0.000241,0.395583,-0.450982,0.466567,-1.290156,0.847295,0.170069,0.597630,-0.269969,-0.473688,1.278937,0.892290,-0.280224,-0.556009,-0.112065,-1.344388,-0.057722,0.914166,0.541324,-0.433513,-0.027997,-1.172092,0.806792,0.820526,0.031198,-0.435378,-0.393974,-1.127052,-0.846608,0.832417,0.522502,-0.100516,-0.338637,-0.372577,-1.269459,0.942272,0.573969,0.456291,0.063359
14.240000,0.399926,1.377841,0.801371,-0.401857,-0.145452,-0.439048,1.070301,0.843426,0.868978,-0.573913,0.095841,-0.163813,1.322896,0.110036,0.973980,-0.472108,0.563372,0.129577,1.233025,-0.822035,0.812399,-0.037568,0.408015,-0.455334,0.469735,-1.277855,0.841939,0.146758,0.632456,-0.265616,-0.479109,1.267487,0.890150,-0.261922,-0.588920,-0.101972,-1.333171,-0.066311,0.913728,0.580234,-0.425255,-0.015766,-1.171124,0.797962,0.812644,0.065629,-0.447500,-0.394227,-1.116346,-0.848331,0.825658,0.548036,-0.071699,-0.337268,-0.361056,-1.259929,0.943685,0.578004,0.496598,0.077933
14.260000,0.391874,1.374591,0.792573,-0.403297,-0.179643,-0.440697,1.058586,0.845092,0.865786,-0.597551,0.070737,-0.155367,1.313121,0.121246,0.976728,-0.505275,0.557449,0.145243,1.231898,-0.813753,0.803250,-0.075130,0.420116,-0.459582,0.472435,-1.264862,0.836670,0.123202,0.666645,-0.261183,-0.484163,1.255384,0.888212,-0.243355,-0.621194,-0.091849,-1.321184,-0.074729,0.913534,0.618400,-0.416512,-0.003668,-1.169466,0.788895,0.804758,0.100203,-0.459194,-0.394329,-1.105135,-0.849475,0.818928,0.572996,-0.042657,-0.335777,-0.349461,-1.249600,0.945387,0.581298,0.536200,0.092232
14.280000,0.383796,1.370656,0.783744,-0.404412,-0.213871,-0.442178,1.046402,0.846256,0.862764,-0.620730,0.045607,-0.146848,1.302689,0.132330,0.979787,-0.537892,0.550879,0.160608,1.230018,-0.805232,0.794017,-0.112928,0.431888,-0.463727,0.474662,-1.251193,0.831492,0.099399,0.700197,-0.256671,-0.488842,1.242643,0.886476,-0.224523,-0.652831,-0.081696,-1.308440,-0.082968,0.913581,0.655820,-0.407284,0.008298,-1.167115,0.779598,0.796872,0.134922,-0.470457,-0.394281,-1.093430,-0.850035,0.812228,0.597381,-0.013389,-0.334166,-0.337809,-1.238486,0.947372,0.583853,0.575097,0.106256
14.300000,0.375699,1.366035,0.774887,-0.405202,-0.248136,-0.443493,1.033759,0.846916,0.859913,-0.643450,0.020450,-0.138257,1.291609,0.143276,0.983151,-0.569959,0.543663,0.175673,1.227380,-0.796479,0.784701,-0.150961,0.443330,-0.467768,0.476410,-1.236859,0.826404,0.075349,0.733112,-0.252080,-0.493142,1.229275,0.884944,-0.205427,-0.683832,-0.071514,-1.294956,-0.091017,0.913865,0.692496,-0.397571,0.020132,-1.164068,0.770079,0.788988,0.169784,-0.481290,-0.394083,-1.081243,-0.850009,0.805562,0.621192,0.016105,-0.332435,-0.326112,-1.226601,0.949636,0.585667,0.613289,0.120004
14.320000,0.367590,1.360731,0.766006,-0.405727,-0.282233,-0.444514,1.020668,0.847075,0.857234,-0.665610,-0.004529,-0.129547,1.279895,0.154073,0.986812,-0.601247,0.535908,0.190395,1.223980,-0.787501,0.775307,-0.188948,0.454435,-0.471568,0.477676,-1.221874,0.821410,0.051304,0.765182,-0.247333,-0.497059,1.215295,0.883616,-0.186265,-0.713997,-0.061266,-1.280747,-0.098868,0.914385,0.728158,-0.387520,0.031846,-1.160324,0.760349,0.781110,0.204534,-0.491713,-0.393624,-1.068587,-0.849391,0.798932,0.644317,0.045584,-0.330478,-0.314386,-1.213961,0.952171,0.586808,0.650468,0.133461
14.340000,0.359471,1.354749,0.757109,-0.406049,-0.315955,-0.445114,1.007139,0.846738,0.854732,-0.687110,-0.029123,-0.120668,1.267566,0.164710,0.990764,-0.631527,0.527723,0.204732,1.219824,-0.778304,0.765841,-0.226607,0.465197,-0.474991,0.478464,-1.206259,0.816512,0.027515,0.796200,-0.242356,-0.500593,1.200722,0.882494,-0.167233,-0.743126,-0.050916,-1.265838,-0.106517,0.915139,0.762539,-0.377275,0.043457,-1.155889,0.750414,0.773245,0.238914,-0.501742,-0.392792,-1.055476,-0.848187,0.792345,0.666646,0.074804,-0.328193,-0.302644,-1.200591,0.954972,0.587345,0.686329,0.146615
14.360000,0.351349,1.348095,0.748204,-0.406167,-0.349304,-0.445291,0.993188,0.845913,0.852409,-0.707951,-0.053333,-0.111622,1.254641,0.175179,0.994999,-0.660799,0.519107,0.218682,1.214918,-0.768896,0.756310,-0.263939,0.475616,-0.478036,0.478778,-1.190033,0.811717,0.003981,0.826165,-0.237148,-0.503749,1.185577,0.881580,-0.148333,-0.771222,-0.040465,-1.250254,-0.113958,0.916123,0.795638,-0.366839,0.054962,-1.150770,0.740282,0.765401,0.272925,-0.511378,-0.391588,-1.041926,-0.846401,0.785806,0.688178,0.103766,-0.325580,-0.290897,-1.186517,0.958033,0.587277,0.720871,0.159463
14.380000,0.343226,1.340779,0.739300,-0.406080,-0.382279,-0.445047,0.978826,0.844607,0.850268,-0.728132,-0.077159,-0.102408,1.241141,0.185471,0.999509,-0.689063,0.510060,0.232248,1.209268,-0.759282,0.746722,-0.300943,0.485692,-0.480705,0.478625,-1.173219,0.807028,-0.019297,0.855078,-0.231710,-0.506527,1.169880,0.880876,-0.129564,-0.798282,-0.029912,-1.234021,-0.121189,0.917336,0.827456,-0.356210,0.066364,-1.144974,0.729961,0.757584,0.306566,-0.520621,-0.390013,-1.027954,-0.844038,0.779324,0.708913,0.132471,-0.322638,-0.279157,-1.171765,0.961348,0.586605,0.754094,0.172007
14.400000,0.335107,1.332807,0.730405,-0.405790,-0.414879,-0.444381,0.964067,0.842829,0.848314,-0.747653,-0.100601,-0.093027,1.227085,0.195578,1.004286,-0.716318,0.500583,0.245427,1.202882,-0.749470,0.737085,-0.337619,0.495425,-0.482996,0.478008,-1.155837,0.802450,-0.042319,0.882938,-0.226040,-0.508932,1.153653,0.880384,-0.110926,-0.824308,-0.019257,-1.217165,-0.128205,0.918777,0.857992,-0.345388,0.077660,-1.138510,0.719459,0.749803,0.339838,-0.529472,-0.388065,-1.013575,-0.841104,0.772903,0.728852,0.160918,-0.319368,-0.267437,-1.156362,0.964912,0.585328,0.785998,0.184246
14.420000,0.326996,1.324188,0.721529,-0.405357,-0.446863,-0.443206,0.948925,0.840587,0.846548,-0.766388,-0.123461,-0.083468,1.212496,0.205493,1.009323,-0.742376,0.490792,0.258181,1.195768,-0.739467,0.727406,-0.373697,0.504826,-0.484811,0.476935,-1.137910,0.797988,-0.064845,0.909567,-0.220081,-0.510967,1.136916,0.880107,-0.092612,-0.849162,-0.008489,-1.199711,-0.135004,0.920442,0.887050,-0.334527,0.088858,-1.131385,0.708784,0.742065,0.372484,-0.537974,-0.385673,-0.998806,-0.837605,0.766552,0.747921,0.188858,-0.315696,-0.255747,-1.140335,0.968716,0.583542,0.816350,0.196169
14.440000,0.318893,1.314938,0.712681,-0.404843,-0.477984,-0.441436,0.933417,0.837896,0.844976,-0.784211,-0.145538,-0.073721,1.197400,0.215209,1.014610,-0.767046,0.480801,0.270471,1.187940,-0.729279,0.717696,-0.408908,0.513908,-0.486047,0.475419,-1.119464,0.793649,-0.086635,0.934785,-0.213772,-0.512640,1.119695,0.880046,-0.074816,-0.872708,0.002404,-1.181694,-0.141587,0.922330,0.914432,-0.323778,0.099963,-1.123616,0.697942,0.734379,0.404247,-0.546176,-0.382765,-0.983664,-0.833554,0.760278,0.766048,0.216041,-0.311551,-0.244098,-1.123720,0.972756,0.581345,0.844916,0.207765
14.460000,0.310802,1.305074,0.703875,-0.404247,-0.508244,-0.439069,0.917562,0.834771,0.843601,-0.801121,-0.166834,-0.063786,1.181824,0.224723,1.020139,-0.790328,0.470612,0.282296,1.179417,-0.718913,0.707968,-0.443251,0.522670,-0.486706,0.473475,-1.100528,0.789440,-0.107688,0.958593,-0.207113,-0.513963,1.102016,0.880204,-0.057537,-0.894947,0.013423,-1.163145,-0.147956,0.924440,0.940138,-0.313141,0.110974,-1.115221,0.686939,0.726757,0.435126,-0.554075,-0.379341,-0.968170,-0.828968,0.754093,0.783231,0.242468,-0.306932,-0.232496,-1.106550,0.977025,0.578735,0.871695,0.219034
14.480000,0.302724,1.294614,0.695122,-0.403570,-0.537642,-0.436107,0.901379,0.831227,0.842426,-0.817118,-0.187349,-0.053663,1.165796,0.234032,1.025899,-0.812222,0.460225,0.293657,1.170216,-0.708375,0.698232,-0.476726,0.531111,-0.486788,0.471117,-1.081129,0.785367,-0.128004,0.980989,-0.200105,-0.514945,1.083906,0.880583,-0.040776,-0.915877,0.024567,-1.144099,-0.154114,0.926769,0.964168,-0.302616,0.121892,-1.106217,0.675781,0.719209,0.465122,-0.561673,-0.375401,-0.952341,-0.823861,0.748004,0.799471,0.268139,-0.301839,-0.220951,-1.088864,0.981515,0.575714,0.896689,0.229976
14.500000,0.294660,1.283574,0.686435,-0.402811,-0.566178,-0.432548,0.884884,0.827282,0.841456,-0.832202,-0.207082,-0.043353,1.149344,0.243131,1.031882,-0.832728,0.449638,0.304552,1.160354,-0.697671,0.688500,-0.509334,0.539233,-0.486292,0.468359,-1.061297,0.781438,-0.147583,1.001975,-0.192747,-0.515597,1.065390,0.881187,-0.024532,-0.935500,0.035837,-1.124590,-0.160062,0.929315,0.986522,-0.292203,0.132716,-1.096622,0.664475,0.711745,0.494235,-0.568969,-0.370945,-0.936198,-0.818248,0.742022,0.814769,0.293054,-0.296272,-0.209470,-1.070695,0.986221,0.572281,0.919897,0.240591
14.520000,0.286612,1.271974,0.677825,-0.401995,-0.593666,-0.428366,0.868097,0.822950,0.840693,-0.846330,-0.225912,-0.032877,1.132496,0.252017,1.038078,-0.851751,0.438946,0.314980,1.149850,-0.686807,0.678784,-0.540890,0.547060,-0.485178,0.465219,-1.041061,0.777660,-0.166264,1.021454,-0.185015,-0.515931,1.046495,0.882018,-0.008923,-0.953748,0.047209,-1.104650,-0.165803,0.932077,1.007122,-0.282012,0.143443,-1.086455,0.653025,0.704375,0.522255,-0.575944,-0.365948,-0.919757,-0.812145,0.736157,0.829104,0.317029,-0.290202,-0.198062,-1.052080,0.991137,0.568529,0.941231,0.250876
14.540000,0.278581,1.259836,0.669305,-0.401147,-0.619919,-0.423532,0.851037,0.818252,0.840141,-0.859458,-0.243718,-0.022262,1.115284,0.260689,1.044478,-0.869195,0.428241,0.324937,1.138727,-0.675790,0.669097,-0.571207,0.554618,-0.483405,0.461716,-1.020450,0.774040,-0.183885,1.039329,-0.176884,-0.515959,1.027250,0.883076,0.005932,-0.970552,0.058660,-1.084317,-0.171344,0.935052,1.025889,-0.272152,0.154069,-1.075740,0.641439,0.697111,0.548973,-0.582579,-0.360386,-0.903040,-0.805574,0.730418,0.842455,0.339882,-0.283599,-0.186731,-1.033059,0.996254,0.564553,0.960604,0.260832
14.560000,0.270566,1.247185,0.660888,-0.400267,-0.644935,-0.418046,0.833725,0.813208,0.839803,-0.871585,-0.260500,-0.011506,1.097739,0.269146,1.051072,-0.885061,0.417523,0.334422,1.127010,-0.664624,0.659452,-0.600288,0.561907,-0.480974,0.457871,-0.999498,0.770587,-0.200444,1.055600,-0.168355,-0.515698,1.007683,0.884365,0.020033,-0.985913,0.070191,-1.063627,-0.176691,0.938239,1.042824,-0.262622,0.164592,-1.064505,0.629724,0.689963,0.574390,-0.588874,-0.354258,-0.886065,-0.798557,0.724816,0.854824,0.361612,-0.276463,-0.175481,-1.013669,1.001568,0.560351,0.978015,0.270457
14.580000,0.262570,1.234047,0.652587,-0.399354,-0.668717,-0.411909,0.816181,0.807839,0.839682,-0.882713,-0.276258,-0.000610,1.079892,0.277389,1.057851,-0.899348,0.406791,0.343435,1.114723,-0.653316,0.649863,-0.628131,0.568927,-0.477883,0.453705,-0.978237,0.767308,-0.215943,1.070269,-0.159426,-0.515163,0.987823,0.885884,0.033380,-0.999831,0.081800,-1.042616,-0.181851,0.941635,1.057927,-0.253423,0.175014,-1.052774,0.617886,0.682944,0.598505,-0.594830,-0.347565,-0.868854,-0.791117,0.719363,0.866210,0.382220,-0.268794,-0.164318,-0.993951,1.007070,0.555925,0.993465,0.279752
14.600000,0.254592,1.220445,0.644416,-0.398408,-0.691263,-0.405120,0.798423,0.802165,0.839780,-0.892840,-0.290992,0.010427,1.061776,0.285418,1.064806,-0.912056,0.396046,0.351978,1.101893,-0.641869,0.640341,-0.654736,0.575678,-0.474134,0.449240,-0.956698,0.764212,-0.230382,1.083333,-0.150097,-0.514368,0.967699,0.887637,0.045974,-1.012306,0.093489,-1.021322,-0.186831,0.945239,1.071197,-0.244555,0.185334,-1.040573,0.605933,0.676064,0.621319,-0.600445,-0.340307,-0.851424,-0.783276,0.714068,0.876613,0.401706,-0.260591,-0.153246,-0.973944,1.012756,0.551274,1.006953,0.288717
14.620000,0.246634,1.206405,0.636386,-0.397477,-0.712531,-0.397701,0.780474,0.796206,0.840100,-0.901932,-0.304670,0.021558,1.043421,0.293232,1.071928,-0.923156,0.385351,0.360061,1.088543,-0.630290,0.630902,-0.679991,0.582166,-0.469727,0.444497,-0.934914,0.761307,-0.243684,1.094797,-0.140380,-0.513329,0.947340,0.889624,0.057768,-1.023340,0.105211,-0.999781,-0.191636,0.949048,1.082635,-0.236076,0.195540,-1.027930,0.593871,0.669336,0.642727,-0.605743,-0.332489,-0.833795,-0.775057,0.708943,0.886061,0.419974,-0.251866,-0.142268,-0.953686,1.018617,0.546466,1.018491,0.297352
14.640000,0.238693,1.191953,0.628512,-0.396607,-0.732480,-0.389674,0.762353,0.789985,0.840643,-0.909954,-0.317262,0.032739,1.024860,0.300833,1.079206,-0.932622,0.374768,0.367697,1.074703,-0.618584,0.621557,-0.703784,0.588394,-0.464667,0.439501,-0.912917,0.758600,-0.255775,1.104663,-0.130282,-0.512063,0.926775,0.891845,0.068713,-1.032937,0.116919,-0.978029,-0.196277,0.953059,1.092243,-0.228048,0.205617,-1.014874,0.581705,0.662769,0.662625,-0.610746,-0.324117,-0.815987,-0.766486,0.703997,0.894584,0.436927,-0.242627,-0.131388,-0.933217,1.024648,0.541570,1.028091,0.305661
14.660000,0.230769,1.177114,0.620803,-0.395799,-0.751109,-0.381039,0.744083,0.783523,0.841410,-0.916906,-0.328767,0.043968,1.006127,0.308223,1.086632,-0.940451,0.364297,0.374886,1.060401,-0.606756,0.612319,-0.726114,0.594365,-0.458952,0.434275,-0.890738,0.756098,-0.266654,1.112931,-0.119804,-0.510586,0.906032,0.894301,0.078810,-1.041095,0.128615,-0.956103,-0.200761,0.957272,1.100020,-0.220469,0.215566,-1.001435,0.569443,0.656375,0.681014,-0.615453,-0.315192,-0.798018,-0.757588,0.699241,0.902180,0.452565,-0.232876,-0.120606,-0.912575,1.030841,0.536587,1.035752,0.313642
14.680000,0.222861,1.161917,0.613274,-0.395052,-0.768418,-0.371796,0.725684,0.776842,0.842402,-0.922788,-0.339184,0.055247,0.987253,0.315405,1.094198,-0.946645,0.353938,0.381629,1.045668,-0.594811,0.603203,-0.746982,0.600077,-0.452583,0.428843,-0.868410,0.753810,-0.276322,1.119602,-0.108945,-0.508916,0.885141,0.896990,0.088060,-1.047815,0.140297,-0.934040,-0.205098,0.961681,1.105966,-0.213339,0.225387,-0.987644,0.557089,0.650165,0.697894,-0.619865,-0.305713,-0.779906,-0.748392,0.694685,0.908849,0.466890,-0.222610,-0.109925,-0.891800,1.037191,0.531516,1.041475,0.321296
14.700000,0.214966,1.146387,0.605936,-0.394366,-0.784407,-0.361945,0.707178,0.769963,0.843620,-0.927600,-0.348515,0.066575,0.968272,0.322381,1.101895,-0.951204,0.343690,0.387925,1.030532,-0.582755,0.594220,-0.766387,0.605531,-0.445560,0.423230,-0.845965,0.751743,-0.284778,1.124675,-0.097707,-0.507070,0.864129,0.899913,0.096462,-1.053098,0.151967,-0.911877,-0.209298,0.966286,1.110081,-0.206660,0.235080,-0.973530,0.544650,0.644150,0.713264,-0.623982,-0.295680,-0.761670,-0.738922,0.690340,0.914592,0.479900,-0.211832,-0.099346,-0.870929,1.043691,0.526357,1.045259,0.328623
14.720000,0.207085,1.130550,0.598800,-0.393747,-0.799071,-0.351531,0.688587,0.762908,0.845065,-0.931335,-0.356778,0.077904,0.949216,0.329154,1.109713,-0.954152,0.333582,0.393801,1.015022,-0.570592,0.585385,-0.784275,0.610734,-0.437926,0.417460,-0.823433,0.749904,-0.292027,1.128207,-0.086126,-0.505064,0.843026,0.903068,0.104007,-1.056945,0.163565,-0.889649,-0.213368,0.971083,1.112423,-0.200440,0.244623,-0.959123,0.532132,0.638341,0.727102,-0.627797,-0.285123,-0.743329,-0.729205,0.686215,0.919425,0.491571,-0.200587,-0.088871,-0.850002,1.050334,0.521148,1.047178,0.335624
14.740000,0.199216,1.114433,0.591878,-0.393201,-0.812403,-0.340600,0.669932,0.755699,0.846736,-0.933989,-0.363992,0.089187,0.930117,0.335726,1.117644,-0.955514,0.323638,0.399284,0.999171,-0.558327,0.576707,-0.800591,0.615695,-0.429727,0.411557,-0.800846,0.748300,-0.298074,1.130255,-0.074240,-0.502915,0.821861,0.906454,0.110687,-1.059361,0.175034,-0.867391,-0.217318,0.976070,1.113049,-0.194691,0.253993,-0.944456,0.519540,0.632748,0.739383,-0.631304,-0.274069,-0.724899,-0.719268,0.682319,0.923363,0.501878,-0.188923,-0.078500,-0.829054,1.057114,0.515925,1.047302,0.342299
14.760000,0.191357,1.098062,0.585180,-0.392726,-0.824403,-0.329151,0.651235,0.748356,0.848632,-0.935561,-0.370156,0.100424,0.911006,0.342100,1.125681,-0.955291,0.313859,0.404374,0.983009,-0.545966,0.568199,-0.815334,0.620413,-0.420963,0.405545,-0.778233,0.746937,-0.302918,1.130819,-0.062050,-0.500642,0.800662,0.910069,0.116502,-1.060346,0.186375,-0.845138,-0.221159,0.981242,1.111959,-0.189411,0.263192,-0.929558,0.506882,0.627382,0.750108,-0.634504,-0.262519,-0.706400,-0.709139,0.678661,0.926407,0.510821,-0.176839,-0.068234,-0.808122,1.064024,0.510688,1.045632,0.348649
14.780000,0.183507,1.081465,0.578715,-0.392324,-0.835072,-0.317184,0.632517,0.740900,0.850752,-0.936052,-0.375271,0.111615,0.891916,0.348281,1.133816,-0.953482,0.304246,0.409072,0.966568,-0.533512,0.559872,-0.828506,0.624890,-0.411632,0.399448,-0.755623,0.745820,-0.306559,1.129899,-0.049556,-0.498261,0.779457,0.913908,0.121452,-1.059899,0.197587,-0.822924,-0.224898,0.986596,1.109154,-0.184602,0.272219,-0.914462,0.494162,0.622251,0.759277,-0.637396,-0.250473,-0.687849,-0.698844,0.675249,0.928555,0.518401,-0.164336,-0.058073,-0.787241,1.071057,0.505437,1.042169,0.354673
14.800000,0.175663,1.064668,0.572496,-0.391995,-0.844409,-0.304699,0.613800,0.733352,0.853096,-0.935460,-0.379337,0.122759,0.872877,0.354271,1.142041,-0.950088,0.294797,0.413377,0.949880,-0.520972,0.551738,-0.840105,0.629124,-0.401737,0.393290,-0.733047,0.744956,-0.308998,1.127496,-0.036757,-0.495790,0.758275,0.917971,0.125537,-1.058021,0.208671,-0.800784,-0.228546,0.992130,1.104633,-0.180263,0.281073,-0.899198,0.481388,0.617366,0.766890,-0.639981,-0.237931,-0.669264,-0.688412,0.672090,0.929809,0.524616,-0.151414,-0.048017,-0.766447,1.078208,0.500173,1.036911,0.360371
14.820000,0.167827,1.047698,0.566530,-0.391706,-0.852431,-0.291761,0.595106,0.725733,0.855662,-0.933795,-0.382406,0.133826,0.853922,0.360074,1.150349,-0.945170,0.285501,0.417316,0.932975,-0.508349,0.543806,-0.850141,0.633099,-0.391347,0.387096,-0.710533,0.744351,-0.310296,1.123692,-0.023706,-0.493245,0.737145,0.922254,0.128795,-1.054738,0.219558,-0.778750,-0.232111,0.997838,1.098486,-0.176361,0.289738,-0.883796,0.468565,0.612737,0.773004,-0.642238,-0.224932,-0.650663,-0.677868,0.669194,0.930178,0.529487,-0.138138,-0.038066,-0.745776,1.085470,0.494899,1.029966,0.365742
14.840000,0.159995,1.030580,0.560828,-0.391428,-0.859154,-0.278431,0.576455,0.718062,0.858449,-0.931065,-0.384534,0.144784,0.835080,0.365692,1.158732,-0.938791,0.276345,0.420915,0.915884,-0.495650,0.536087,-0.858623,0.636799,-0.380534,0.380886,-0.688108,0.744010,-0.310517,1.118572,-0.010453,-0.490643,0.716095,0.926752,0.131266,-1.050080,0.230181,-0.756854,-0.235603,1.003718,1.090803,-0.172861,0.298194,-0.868287,0.455701,0.608371,0.777676,-0.644149,-0.211519,-0.632063,-0.667241,0.666567,0.929669,0.533033,-0.124574,-0.028221,-0.725259,1.092836,0.489620,1.021438,0.370783
14.860000,0.152169,1.013340,0.555396,-0.391159,-0.864578,-0.264711,0.557870,0.710358,0.861453,-0.927268,-0.385720,0.155633,0.816380,0.371129,1.167183,-0.930949,0.267328,0.424174,0.898640,-0.482879,0.528588,-0.865551,0.640224,-0.369300,0.374682,-0.665799,0.743935,-0.309659,1.112137,0.003001,-0.488000,0.695151,0.931459,0.132948,-1.044046,0.240540,-0.735128,-0.239028,1.009764,1.081583,-0.169764,0.306441,-0.852699,0.442802,0.604279,0.780906,-0.645712,-0.197691,-0.613482,-0.656556,0.664213,0.928283,0.535253,-0.110721,-0.018481,-0.704929,1.100299,0.484335,1.011329,0.375495
14.880000,0.144349,0.996005,0.550242,-0.390901,-0.868704,-0.250600,0.539372,0.702639,0.864673,-0.922406,-0.385964,0.166372,0.797852,0.376386,1.175697,-0.921647,0.258450,0.427093,0.881273,-0.470042,0.521317,-0.870925,0.643374,-0.357643,0.368507,-0.643631,0.744131,-0.307724,1.104387,0.016656,-0.485330,0.674342,0.936372,0.133843,-1.036635,0.250635,-0.713601,-0.242396,1.015974,1.070828,-0.167070,0.314481,-0.837060,0.429875,0.600467,0.782695,-0.646929,-0.183447,-0.594937,-0.645840,0.662140,0.926021,0.536149,-0.096580,-0.008847,-0.684816,1.107853,0.479045,0.999637,0.379876
14.900000,0.136533,0.978601,0.545374,-0.390653,-0.871530,-0.236099,0.520981,0.694925,0.868107,-0.916478,-0.385266,0.177002,0.779524,0.381468,1.184265,-0.910882,0.249712,0.429673,0.863813,-0.457146,0.514285,-0.874746,0.646248,-0.345565,0.362380,-0.621632,0.744602,-0.304711,1.095320,0.030513,-0.482651,0.653695,0.941483,0.133951,-1.027848,0.260467,-0.692305,-0.245714,1.022342,1.058536,-0.164779,0.322312,-0.821401,0.416927,0.596943,0.783042,-0.647798,-0.168788,-0.576447,-0.635119,0.660352,0.922881,0.535719,-0.082150,0.000681,-0.664954,1.115492,0.473748,0.986364,0.383928
14.920000,0.128723,0.961152,0.540800,-0.390366,-0.873123,-0.221293,0.502720,0.687234,0.871752,-0.909512,-0.383739,0.187465,0.761426,0.386375,1.192881,-0.898761,0.241058,0.431934,0.846293,-0.444194,0.507497,-0.877070,0.648865,-0.333159,0.356325,-0.599827,0.745352,-0.300736,1.085042,0.044475,-0.479977,0.633237,0.946788,0.133377,-1.017748,0.270016,-0.671269,-0.248989,1.028865,1.044819,-0.162813,0.329920,-0.805748,0.403965,0.593717,0.782016,-0.648259,-0.153820,-0.558028,-0.624419,0.658855,0.918874,0.534054,-0.067518,0.010102,-0.645371,1.123208,0.468401,0.971640,0.387659
14.940000,0.120919,0.943684,0.536524,-0.389991,-0.873546,-0.206270,0.484607,0.679581,0.875604,-0.901538,-0.381494,0.197703,0.743582,0.391110,1.201540,-0.885388,0.232432,0.433899,0.828740,-0.431193,0.500960,-0.877954,0.651245,-0.320524,0.350357,-0.578238,0.746381,-0.295918,1.073655,0.058447,-0.477320,0.612993,0.952282,0.132231,-1.006397,0.279266,-0.650521,-0.252228,1.035537,1.029787,-0.161095,0.337290,-0.790129,0.391000,0.590792,0.779687,-0.648249,-0.138649,-0.539697,-0.613764,0.657652,0.914008,0.531241,-0.052770,0.019416,-0.626097,1.130996,0.462957,0.955597,0.391078
14.960000,0.113124,0.926218,0.532551,-0.389528,-0.872800,-0.191029,0.466665,0.671979,0.879659,-0.892555,-0.378532,0.207714,0.726018,0.395673,1.210235,-0.870763,0.223835,0.435566,0.811184,-0.418146,0.494678,-0.877400,0.653386,-0.307658,0.344493,-0.556888,0.747690,-0.290256,1.061161,0.072430,-0.474691,0.592989,0.957957,0.130513,-0.993795,0.288217,-0.630087,-0.255435,1.042355,1.013440,-0.159625,0.344422,-0.774569,0.378039,0.588172,0.776054,-0.647770,-0.123275,-0.521473,-0.603177,0.656745,0.908283,0.527281,-0.037905,0.028620,-0.607156,1.138850,0.457416,0.938234,0.394185
14.980000,0.105339,0.908779,0.528884,-0.388977,-0.870884,-0.175571,0.448912,0.664444,0.883911,-0.882562,-0.374853,0.217499,0.708760,0.400064,1.218961,-0.854886,0.215266,0.436937,0.793654,-0.405059,0.488655,-0.875407,0.655288,-0.294562,0.338752,-0.535799,0.749279,-0.283749,1.047558,0.086424,-0.472103,0.573250,0.963808,0.128221,-0.979943,0.296869,-0.609992,-0.258615,1.049313,0.995779,-0.158402,0.351317,-0.759095,0.365092,0.585862,0.771117,-0.646820,-0.107697,-0.503372,-0.592681,0.656137,0.901699,0.522174,-0.022925,0.037712,-0.588576,1.146762,0.451779,0.919553,0.396979
15.000000,0.097565,0.891391,0.525529,-0.388338,-0.867799,-0.159895,0.431369,0.656990,0.888357,-0.871561,-0.370456,0.227059,0.691831,0.404284,1.227711,-0.837757,0.206724,0.438011,0.776178,-0.391936,0.482897,-0.871974,0.656952,-0.281236,0.333149,-0.514993,0.751147,-0.276399,1.032847,0.100427,-0.469566,0.553800,0.969830,0.125357,-0.964840,0.305221,-0.590264,-0.261773,1.056406,0.976803,-0.157427,0.357973,-0.743733,0.352169,0.583866,0.764877,-0.645400,-0.091916,-0.485411,-0.582298,0.655829,0.894256,0.515920,-0.007828,0.046691,-0.570383,1.154727,0.446045,0.899552,0.399462
15.020000,0.089806,0.874075,0.522489,-0.387534,-0.863636,-0.144097,0.414056,0.649630,0.892992,-0.859572,-0.365477,0.236352,0.675257,0.408332,1.236479,-0.819520,0.198115,0.438802,0.758784,-0.378782,0.477406,-0.867200,0.658387,-0.267786,0.327701,-0.494492,0.753295,-0.268345,1.017096,0.114332,-0.467092,0.534664,0.976015,0.122080,-0.948561,0.313263,-0.570928,-0.264913,1.063630,0.956642,-0.156578,0.364377,-0.728508,0.339279,0.582186,0.757456,-0.643451,-0.076043,-0.467607,-0.572051,0.655824,0.885975,0.508668,0.007284,0.055553,-0.552602,1.162738,0.440133,0.878392,0.401640
15.040000,0.082066,0.856852,0.519766,-0.386489,-0.858483,-0.128272,0.396993,0.642374,0.897809,-0.846616,-0.360050,0.245339,0.659057,0.412207,1.245261,-0.800318,0.189339,0.439322,0.741498,-0.365602,0.472185,-0.861180,0.659601,-0.254321,0.322419,-0.474316,0.755719,-0.259728,1.000375,0.128028,-0.464685,0.515865,0.982358,0.118551,-0.931180,0.320986,-0.552006,-0.268036,1.070979,0.935427,-0.155731,0.370514,-0.713442,0.326435,0.580824,0.748978,-0.640914,-0.060189,-0.449977,-0.561957,0.656120,0.876876,0.500568,0.022309,0.064294,-0.535254,1.170790,0.433964,0.856233,0.403522
15.060000,0.074348,0.839742,0.517359,-0.385204,-0.852340,-0.112420,0.380198,0.635231,0.902803,-0.832693,-0.354173,0.254018,0.643251,0.415905,1.254050,-0.780150,0.180398,0.439571,0.724345,-0.352400,0.467234,-0.853915,0.660594,-0.240839,0.317315,-0.454483,0.758415,-0.250549,0.982684,0.141515,-0.462351,0.497424,0.988853,0.114770,-0.912695,0.328389,-0.533518,-0.271142,1.078449,0.913156,-0.154887,0.376383,-0.698556,0.313647,0.579779,0.739442,-0.637788,-0.044353,-0.432538,-0.552034,0.656716,0.866959,0.491618,0.037246,0.072910,-0.518359,1.178877,0.427537,0.833075,0.405107
15.080000,0.066659,0.822765,0.515269,-0.383678,-0.845209,-0.096541,0.363691,0.628210,0.907968,-0.817804,-0.347849,0.262390,0.627857,0.419422,1.262842,-0.759019,0.171291,0.439549,0.707350,-0.339180,0.462552,-0.845405,0.661367,-0.227341,0.312401,-0.435015,0.761378,-0.240806,0.964022,0.154793,-0.460096,0.479364,0.995492,0.110737,-0.893109,0.335472,-0.515486,-0.274231,1.086033,0.889831,-0.154045,0.381986,-0.683871,0.300927,0.579050,0.728849,-0.634075,-0.028537,-0.415304,-0.542298,0.657609,0.856223,0.481821,0.052097,0.081394,-0.501938,1.186993,0.420853,0.808919,0.406396
15.100000,0.059003,0.805940,0.513497,-0.381912,-0.837089,-0.080636,0.347492,0.621320,0.913297,-0.801949,-0.341076,0.270456,0.612896,0.422755,1.271631,-0.736922,0.162019,0.439257,0.690537,-0.325946,0.458140,-0.835651,0.661919,-0.213827,0.307687,-0.415929,0.764605,-0.230499,0.944389,0.167863,-0.457923,0.461707,1.002269,0.106452,-0.872420,0.342235,-0.497932,-0.277304,1.093726,0.865451,-0.153207,0.387322,-0.669409,0.288288,0.578637,0.717199,-0.629773,-0.012740,-0.398294,-0.532766,0.658799,0.844670,0.471174,0.066861,0.089742,-0.486009,1.195131,0.413910,0.783764,0.407389
15.120000,0.051385,0.789287,0.512043,-0.379813,-0.828103,-0.064823,0.331620,0.614569,0.918784,-0.785137,-0.334035,0.278168,0.598386,0.425901,1.280411,-0.714042,0.152467,0.438700,0.673931,-0.312705,0.453998,-0.824786,0.662215,-0.200400,0.303184,-0.397245,0.768091,-0.219797,0.923847,0.180607,-0.455838,0.444474,1.009179,0.102088,-0.850746,0.348655,-0.480874,-0.280359,1.101524,0.840168,-0.152220,0.392366,-0.655189,0.275740,0.578539,0.704659,-0.624844,0.002924,-0.381523,-0.523455,0.660282,0.832308,0.459856,0.081433,0.097948,-0.470592,1.203286,0.406601,0.757796,0.408093
15.140000,0.043813,0.772821,0.510903,-0.377291,-0.818374,-0.049219,0.316093,0.607959,0.924421,-0.767382,-0.326906,0.285482,0.584339,0.428851,1.289177,-0.690560,0.142523,0.437885,0.657552,-0.299460,0.450123,-0.812946,0.662220,-0.187161,0.298897,-0.378981,0.771826,-0.208863,0.902458,0.192912,-0.453839,0.427683,1.016213,0.097819,-0.828205,0.354709,-0.464330,-0.283391,1.109419,0.814134,-0.150933,0.397094,-0.641228,0.263298,0.578752,0.691395,-0.619250,0.018339,-0.365007,-0.514375,0.662054,0.819150,0.448044,0.095709,0.106003,-0.455701,1.211453,0.398815,0.731200,0.408513
15.160000,0.036296,0.756557,0.510073,-0.374347,-0.807903,-0.033824,0.300931,0.601493,0.930200,-0.748682,-0.319690,0.292398,0.570767,0.431599,1.297924,-0.666476,0.132185,0.436811,0.641420,-0.286218,0.446510,-0.800132,0.661935,-0.174110,0.294831,-0.361153,0.775804,-0.197699,0.880221,0.204776,-0.451925,0.411352,1.023365,0.093646,-0.804797,0.360397,-0.448314,-0.286394,1.117406,0.787349,-0.149347,0.401507,-0.627538,0.250975,0.579271,0.677408,-0.612991,0.033505,-0.348762,-0.505537,0.664109,0.805193,0.435739,0.109690,0.113897,-0.441349,1.219625,0.390552,0.703976,0.408651
15.180000,0.028842,0.740510,0.509549,-0.370979,-0.796689,-0.018640,0.286152,0.595172,0.936114,-0.729038,-0.312387,0.298914,0.557684,0.434136,1.306648,-0.641790,0.121455,0.435479,0.625553,-0.272984,0.443157,-0.786343,0.661358,-0.161248,0.290990,-0.343778,0.780015,-0.186305,0.857137,0.216201,-0.450093,0.395497,1.030626,0.089568,-0.780521,0.365718,-0.432841,-0.289362,1.125477,0.759812,-0.147461,0.405604,-0.614136,0.238783,0.580091,0.662698,-0.606066,0.048422,-0.332805,-0.496949,0.666440,0.790439,0.422938,0.123374,0.121622,-0.427547,1.227797,0.381813,0.676126,0.408505
15.200000,0.021460,0.724694,0.509326,-0.367188,-0.784733,-0.003665,0.271776,0.588998,0.942154,-0.708450,-0.304995,0.305032,0.545100,0.436455,1.315342,-0.616503,0.110332,0.433889,0.609972,-0.259765,0.440059,-0.771579,0.660492,-0.148575,0.287380,-0.326873,0.784449,-0.174679,0.833206,0.227185,-0.448341,0.380137,1.037991,0.085584,-0.755378,0.370673,-0.417927,-0.292290,1.133628,0.731525,-0.145276,0.409386,-0.601035,0.226737,0.581206,0.647264,-0.598476,0.063090,-0.317150,-0.488623,0.669042,0.774888,0.409644,0.136763,0.129167,-0.414308,1.235963,0.372598,0.647647,0.408077
15.220000,0.014158,0.709124,0.509400,-0.362890,-0.772207,0.010967,0.257820,0.582972,0.948313,-0.686997,-0.297698,0.310708,0.533026,0.438546,1.324002,-0.590831,0.098697,0.432045,0.594695,-0.246567,0.437212,-0.756020,0.659279,-0.136194,0.284003,-0.310454,0.789098,-0.163028,0.808524,0.237638,-0.446667,0.365287,1.045451,0.081890,-0.729512,0.375221,-0.403584,-0.295170,1.141850,0.702673,-0.142630,0.412816,-0.588249,0.214849,0.582612,0.631291,-0.590183,0.077396,-0.301814,-0.480565,0.671908,0.758565,0.396069,0.149754,0.136522,-0.401643,1.244118,0.362793,0.618758,0.407371
15.240000,0.006948,0.693809,0.509761,-0.358002,-0.759281,0.025121,0.244301,0.577088,0.954579,-0.664759,-0.290675,0.315896,0.521468,0.440398,1.332622,-0.564989,0.086431,0.429949,0.579736,-0.233397,0.434609,-0.739843,0.657667,-0.124209,0.280858,-0.294536,0.793951,-0.151554,0.783190,0.247469,-0.445063,0.350960,1.052997,0.078676,-0.703064,0.379320,-0.389822,-0.297991,1.150138,0.673441,-0.139364,0.415860,-0.575786,0.203134,0.584299,0.614962,-0.581149,0.091224,-0.286812,-0.472780,0.675028,0.741499,0.382427,0.162243,0.143674,-0.389559,1.252256,0.352284,0.589675,0.406394
15.260000,-0.000158,0.678756,0.510401,-0.352523,-0.745958,0.038800,0.231235,0.571343,0.960945,-0.641735,-0.283928,0.320598,0.510428,0.441999,1.341198,-0.538979,0.073536,0.427603,0.565106,-0.220263,0.432241,-0.723050,0.655654,-0.112621,0.277940,-0.279131,0.798993,-0.140258,0.757203,0.256678,-0.443517,0.337168,1.060620,0.075944,-0.676037,0.382970,-0.376649,-0.300741,1.158482,0.643831,-0.135477,0.418517,-0.563653,0.191608,0.586258,0.598278,-0.571373,0.104576,-0.272159,-0.465269,0.678394,0.723689,0.368716,0.174233,0.150608,-0.378058,1.260372,0.341071,0.560398,0.405144
15.280000,-0.007149,0.663973,0.511310,-0.346453,-0.732235,0.052001,0.218637,0.565729,0.967400,-0.617926,-0.277455,0.324813,0.499910,0.443336,1.349724,-0.512799,0.060009,0.425006,0.550818,-0.207173,0.430101,-0.705641,0.653240,-0.101430,0.275246,-0.264252,0.804213,-0.129140,0.730564,0.265265,-0.442022,0.323923,1.068313,0.073693,-0.648429,0.386171,-0.364072,-0.303406,1.166876,0.613842,-0.130969,0.420788,-0.551857,0.180284,0.588479,0.581238,-0.560856,0.117450,-0.257870,-0.458032,0.681994,0.705135,0.354939,0.185721,0.157312,-0.367144,1.268460,0.329154,0.530927,0.403623
15.300000,-0.014013,0.649469,0.512478,-0.339792,-0.718113,0.064726,0.206523,0.560243,0.973934,-0.593331,-0.271257,0.328541,0.489917,0.444395,1.358196,-0.486451,0.045853,0.422159,0.536884,-0.194136,0.428181,-0.687615,0.650427,-0.090634,0.272773,-0.249913,0.809599,-0.118199,0.703271,0.273230,-0.440566,0.311235,1.076064,0.071924,-0.620240,0.388923,-0.352098,-0.305975,1.175311,0.583474,-0.125840,0.422672,-0.540406,0.169178,0.590953,0.563843,-0.549598,0.129848,-0.243959,-0.451072,0.685820,0.685837,0.341093,0.196709,0.163770,-0.356822,1.276515,0.316534,0.501263,0.401829
15.320000,-0.020736,0.635250,0.513895,-0.332491,-0.703774,0.076859,0.194908,0.554876,0.980538,-0.568079,-0.265521,0.331738,0.480451,0.445165,1.366609,-0.460186,0.031006,0.419073,0.523316,-0.181159,0.426473,-0.669181,0.647173,-0.080335,0.270516,-0.236125,0.815138,-0.107645,0.675463,0.280514,-0.439140,0.299116,1.083866,0.070818,-0.591655,0.391182,-0.340734,-0.308435,1.183780,0.552948,-0.119952,0.424135,-0.529304,0.158305,0.593669,0.546310,-0.537583,0.141657,-0.230441,-0.444387,0.689859,0.665826,0.327418,0.207096,0.169968,-0.347093,1.284532,0.303125,0.471651,0.399766
15.340000,-0.027308,0.621318,0.515548,-0.324502,-0.689399,0.088285,0.183803,0.549618,0.987200,-0.542298,-0.260436,0.334357,0.471507,0.445631,1.374958,-0.434256,0.015409,0.415762,0.510118,-0.168252,0.424964,-0.650549,0.643441,-0.070632,0.268463,-0.222897,0.820815,-0.097683,0.647274,0.287056,-0.437728,0.287570,1.091708,0.070556,-0.562859,0.392905,-0.329979,-0.310768,1.192273,0.522486,-0.113167,0.425140,-0.518553,0.147680,0.596614,0.528855,-0.524793,0.152763,-0.217330,-0.437972,0.694099,0.645132,0.314153,0.216783,0.175889,-0.337954,1.292504,0.288841,0.442339,0.397437
15.360000,-0.033712,0.607674,0.517422,-0.315823,-0.674987,0.099005,0.173219,0.544454,0.993909,-0.515989,-0.256001,0.336399,0.463079,0.445777,1.383238,-0.408662,-0.000938,0.412225,0.497295,-0.155425,0.423644,-0.631719,0.639229,-0.061524,0.266604,-0.210236,0.826615,-0.088316,0.618704,0.292856,-0.436312,0.276603,1.099579,0.071138,-0.533852,0.394092,-0.319834,-0.312956,1.200782,0.492087,-0.105484,0.425688,-0.508150,0.137319,0.599775,0.511480,-0.511229,0.163168,-0.204640,-0.431818,0.698525,0.623755,0.301296,0.225770,0.181516,-0.329398,1.300427,0.273683,0.413327,0.394841
15.380000,-0.039936,0.594319,0.519503,-0.306456,-0.660538,0.109019,0.163167,0.539373,1.000652,-0.489151,-0.252217,0.337864,0.455159,0.445588,1.391445,-0.383402,-0.018035,0.408463,0.484851,-0.142686,0.422499,-0.612691,0.634537,-0.053013,0.264927,-0.198151,0.832524,-0.079541,0.589754,0.297914,-0.434877,0.266217,1.107468,0.072565,-0.504633,0.394742,-0.310295,-0.314981,1.209298,0.461753,-0.096905,0.425779,-0.498093,0.127236,0.603136,0.494183,-0.496891,0.172870,-0.192385,-0.425918,0.703125,0.601695,0.288847,0.234056,0.186831,-0.321419,1.308296,0.257651,0.384615,0.391978
15.400000,-0.045966,0.581253,0.521778,-0.296400,-0.646053,0.118326,0.153657,0.534361,1.007419,-0.461785,-0.249083,0.338752,0.447740,0.445050,1.399575,-0.358478,-0.035882,0.404475,0.472789,-0.130047,0.421519,-0.593465,0.629367,-0.045097,0.263419,-0.186649,0.838527,-0.071361,0.560423,0.302231,-0.433404,0.256419,1.115365,0.074837,-0.475203,0.394855,-0.301363,-0.316826,1.217810,0.431481,-0.087427,0.425413,-0.488382,0.117448,0.606685,0.476966,-0.481779,0.181871,-0.180577,-0.420262,0.707883,0.578952,0.276808,0.241642,0.191816,-0.314011,1.316105,0.240744,0.356203,0.388848
15.420000,-0.051787,0.568476,0.524231,-0.285634,-0.631685,0.126841,0.144698,0.529404,1.014198,-0.434050,-0.246758,0.339032,0.440815,0.444148,1.407623,-0.334141,-0.054499,0.400278,0.461112,-0.117515,0.420691,-0.574227,0.623667,-0.037846,0.262067,-0.175736,0.844608,-0.063969,0.530856,0.305771,-0.431877,0.247209,1.123259,0.078088,-0.445774,0.394403,-0.293034,-0.318472,1.226311,0.401511,-0.076972,0.424568,-0.479012,0.107970,0.610406,0.460060,-0.465919,0.190078,-0.169231,-0.414841,0.712785,0.555618,0.265398,0.248463,0.196454,-0.307167,1.323848,0.222934,0.328339,0.385459
15.440000,-0.057386,0.555984,0.526846,-0.274139,-0.617588,0.134479,0.136296,0.524484,1.020976,-0.406108,-0.245400,0.338674,0.434369,0.442865,1.415585,-0.310644,-0.073904,0.395886,0.449819,-0.105104,0.420000,-0.555163,0.617388,-0.031329,0.260853,-0.165415,0.850752,-0.057561,0.501199,0.308499,-0.430273,0.238586,1.131137,0.082452,-0.416560,0.393357,-0.285299,-0.319898,1.234790,0.372077,-0.065457,0.423225,-0.469976,0.098816,0.614282,0.443697,-0.449336,0.197398,-0.158356,-0.409640,0.717816,0.531782,0.254837,0.254455,0.200727,-0.300872,1.331521,0.204192,0.301273,0.381820
15.460000,-0.062748,0.543771,0.529604,-0.261913,-0.603761,0.141239,0.128455,0.519582,1.027741,-0.377959,-0.245008,0.337676,0.428384,0.441186,1.423457,-0.287986,-0.094098,0.391300,0.438905,-0.092824,0.419433,-0.536275,0.610529,-0.025545,0.259758,-0.155689,0.856943,-0.052137,0.471452,0.310417,-0.428571,0.230546,1.138989,0.087931,-0.387560,0.391715,-0.278148,-0.321083,1.243237,0.343180,-0.052882,0.421383,-0.461261,0.090001,0.618296,0.427878,-0.432032,0.203831,-0.147963,-0.404642,0.722958,0.507445,0.245126,0.259617,0.204616,-0.295111,1.339119,0.184517,0.275005,0.377929
15.480000,-0.067858,0.531832,0.532489,-0.248957,-0.590205,0.147123,0.121179,0.514678,1.034479,-0.349602,-0.245582,0.336040,0.422844,0.439096,1.431236,-0.266167,-0.115080,0.386521,0.428367,-0.080686,0.418974,-0.517561,0.603091,-0.020495,0.258761,-0.146558,0.863164,-0.047697,0.441614,0.311523,-0.426749,0.223083,1.146802,0.094524,-0.358775,0.389478,-0.271568,-0.322006,1.251642,0.314821,-0.039247,0.419042,-0.452857,0.081540,0.622429,0.412602,-0.414004,0.209378,-0.138061,-0.399829,0.728195,0.482608,0.236263,0.263951,0.208102,-0.289867,1.346637,0.163911,0.249535,0.373787
15.500000,-0.072701,0.520161,0.535483,-0.235272,-0.576919,0.152128,0.114473,0.509752,1.041178,-0.321039,-0.247124,0.333766,0.417732,0.436578,1.438917,-0.245188,-0.136851,0.381547,0.418201,-0.068704,0.418608,-0.499022,0.595074,-0.016178,0.257844,-0.138025,0.869398,-0.044241,0.411685,0.311817,-0.424783,0.216193,1.154564,0.102230,-0.330205,0.386646,-0.265551,-0.322646,1.259995,0.286999,-0.024553,0.416202,-0.444753,0.073446,0.626665,0.397870,-0.395255,0.214038,-0.128662,-0.395186,0.733511,0.457270,0.228250,0.267455,0.211166,-0.285124,1.354069,0.142373,0.224863,0.369393
15.520000,-0.077264,0.508752,0.538568,-0.220893,-0.564052,0.156217,0.108338,0.504786,1.047826,-0.292495,-0.249713,0.330858,0.413030,0.433617,1.446496,-0.225246,-0.159345,0.376397,0.408403,-0.056888,0.418321,-0.480833,0.586443,-0.012628,0.256984,-0.130090,0.875631,-0.041895,0.381828,0.311312,-0.422652,0.209872,1.162264,0.111096,-0.302051,0.383220,-0.260084,-0.322981,1.268287,0.259914,-0.008805,0.412865,-0.436937,0.065734,0.630985,0.383861,-0.375854,0.217772,-0.119773,-0.390693,0.738888,0.431561,0.221243,0.270110,0.213791,-0.280866,1.361411,0.119953,0.201179,0.364766
15.540000,-0.081533,0.497595,0.541726,-0.205859,-0.551751,0.159349,0.102771,0.499756,1.054408,-0.264200,-0.253429,0.327322,0.408714,0.430200,1.453971,-0.206537,-0.182497,0.371089,0.398964,-0.045250,0.418098,-0.463166,0.577165,-0.009876,0.256159,-0.122750,0.881846,-0.040785,0.352205,0.310019,-0.420331,0.204107,1.169889,0.121167,-0.274515,0.379197,-0.255148,-0.322991,1.276506,0.233769,0.007991,0.409032,-0.429393,0.058416,0.635370,0.370753,-0.355871,0.220540,-0.111401,-0.386328,0.744309,0.405611,0.215400,0.271894,0.215959,-0.277069,1.368658,0.096701,0.178674,0.359922
15.560000,-0.085494,0.486678,0.544936,-0.190169,-0.540016,0.161523,0.097768,0.494641,1.060914,-0.236152,-0.258274,0.323158,0.404760,0.426313,1.461339,-0.189062,-0.206306,0.365624,0.389873,-0.033805,0.417921,-0.446024,0.567239,-0.007923,0.255345,-0.116000,0.888027,-0.040911,0.322817,0.307937,-0.417797,0.198887,1.177428,0.132443,-0.247597,0.374579,-0.250727,-0.322654,1.284645,0.208562,0.025836,0.404703,-0.422101,0.051503,0.639800,0.358548,-0.335307,0.222341,-0.103550,-0.382069,0.749758,0.379421,0.210719,0.272807,0.217653,-0.273711,1.375806,0.072617,0.157348,0.354862
15.580000,-0.089135,0.475991,0.548180,-0.173824,-0.528847,0.162741,0.093323,0.489418,1.067331,-0.208353,-0.264246,0.318366,0.401143,0.421943,1.468595,-0.172821,-0.230772,0.360001,0.381120,-0.022565,0.417775,-0.429404,0.556666,-0.006769,0.254515,-0.109836,0.894158,-0.042273,0.293663,0.305067,-0.415025,0.194199,1.184868,0.144924,-0.221298,0.369365,-0.246800,-0.321950,1.292691,0.184294,0.044728,0.399877,-0.415045,0.045007,0.644257,0.347245,-0.314162,0.223175,-0.096226,-0.377892,0.755216,0.352990,0.207202,0.272849,0.218858,-0.270767,1.382851,0.047701,0.137201,0.349585
15.600000,-0.092443,0.465521,0.551439,-0.156823,-0.518243,0.163001,0.089432,0.484064,1.073645,-0.180801,-0.271346,0.312945,0.397839,0.417077,1.475738,-0.157813,-0.255896,0.354220,0.372693,-0.011543,0.417645,-0.413309,0.545445,-0.006413,0.253645,-0.104252,0.900224,-0.044871,0.264744,0.301409,-0.411992,0.190031,1.192198,0.158610,-0.195617,0.363556,-0.243349,-0.320858,1.300636,0.160965,0.064669,0.394556,-0.408205,0.038940,0.648720,0.336844,-0.292435,0.223043,-0.089432,-0.373773,0.760666,0.326319,0.204849,0.272021,0.219556,-0.268215,1.389788,0.021953,0.118232,0.344092
15.620000,-0.095404,0.455257,0.554694,-0.139255,-0.508274,0.162330,0.086089,0.478557,1.079844,-0.153658,-0.279542,0.306936,0.394822,0.411704,1.482763,-0.144100,-0.281513,0.348299,0.364583,-0.000752,0.417514,-0.397843,0.533576,-0.006832,0.252712,-0.099244,0.906209,-0.048709,0.236187,0.297024,-0.408673,0.186369,1.199407,0.173419,-0.170680,0.357190,-0.240354,-0.319357,1.308470,0.138671,0.085547,0.388764,-0.401564,0.033313,0.653172,0.327429,-0.270236,0.221978,-0.083174,-0.369690,0.766091,0.299535,0.203697,0.270352,0.219731,-0.266030,1.396614,-0.004496,0.100505,0.338404
15.640000,-0.098010,0.445185,0.557926,-0.121208,-0.499006,0.160754,0.083282,0.472875,1.085918,-0.127084,-0.288800,0.300378,0.392066,0.405815,1.489669,-0.131744,-0.307461,0.342256,0.356775,0.009796,0.417367,-0.383115,0.521058,-0.008001,0.251689,-0.094801,0.912101,-0.053791,0.208120,0.291974,-0.405048,0.183198,1.206482,0.189272,-0.146611,0.350304,-0.237794,-0.317431,1.316184,0.117509,0.107254,0.382529,-0.395101,0.028133,0.657594,0.319085,-0.247670,0.220012,-0.077451,-0.365617,0.771474,0.272769,0.203784,0.267873,0.219372,-0.264186,1.403323,-0.031519,0.084080,0.332545
15.660000,-0.100249,0.435292,0.561118,-0.102681,-0.490439,0.158273,0.081001,0.466998,1.091856,-0.101078,-0.299122,0.293270,0.389543,0.399403,1.496453,-0.120742,-0.333739,0.336092,0.349254,0.020086,0.417189,-0.369123,0.507891,-0.009921,0.250552,-0.090915,0.917884,-0.060117,0.180543,0.286259,-0.401096,0.180499,1.213415,0.206167,-0.123411,0.342900,-0.235646,-0.315062,1.323769,0.097479,0.129788,0.375849,-0.388794,0.023409,0.661967,0.311810,-0.224740,0.217145,-0.072263,-0.361530,0.776800,0.246021,0.205111,0.264585,0.218467,-0.262658,1.409914,-0.059114,0.068959,0.326514
15.680000,-0.102114,0.425563,0.564251,-0.083675,-0.482574,0.154887,0.079235,0.460903,1.097646,-0.075641,-0.310506,0.285613,0.387227,0.392463,1.503112,-0.111097,-0.360347,0.329805,0.342005,0.030107,0.416965,-0.355869,0.494074,-0.012590,0.249276,-0.087576,0.923546,-0.067687,0.153456,0.279878,-0.396795,0.178256,1.220195,0.224106,-0.101079,0.334976,-0.233887,-0.312234,1.331215,0.078581,0.153149,0.368725,-0.382622,0.019146,0.666273,0.305605,-0.201445,0.213377,-0.067610,-0.357404,0.782052,0.219289,0.207677,0.260486,0.217004,-0.261419,1.416383,-0.087281,0.055140,0.320311
15.700000,-0.103593,0.415984,0.567308,-0.064189,-0.475411,0.150596,0.077972,0.454570,1.103277,-0.050773,-0.322953,0.277406,0.385090,0.384987,1.509644,-0.102808,-0.387285,0.323397,0.335014,0.039845,0.416680,-0.343351,0.479609,-0.016010,0.247836,-0.084774,0.929075,-0.076502,0.126859,0.272832,-0.392124,0.176450,1.226811,0.243087,-0.079617,0.326534,-0.232495,-0.308930,1.338515,0.060814,0.177338,0.361157,-0.376563,0.015353,0.670496,0.300471,-0.177784,0.208709,-0.063491,-0.353215,0.787214,0.192574,0.211483,0.255578,0.214972,-0.260443,1.422725,-0.116021,0.042625,0.313936
15.720000,-0.104679,0.406542,0.570270,-0.044344,-0.468926,0.145484,0.077200,0.447979,1.108739,-0.026582,-0.336311,0.268720,0.383106,0.376971,1.516047,-0.095806,-0.414319,0.316887,0.328266,0.049287,0.416320,-0.331608,0.464486,-0.020062,0.246208,-0.082498,0.934456,-0.086457,0.100847,0.265212,-0.387065,0.175065,1.233253,0.262921,-0.059075,0.317644,-0.231447,-0.305136,1.345659,0.044185,0.202155,0.353193,-0.370596,0.012036,0.674616,0.296385,-0.153897,0.203238,-0.059906,-0.348937,0.792271,0.166001,0.216447,0.249939,0.212360,-0.259706,1.428939,-0.145141,0.031365,0.307407
15.740000,-0.105365,0.397223,0.573122,-0.024262,-0.463095,0.139636,0.076903,0.441113,1.114023,-0.003177,-0.350430,0.259623,0.381250,0.368415,1.522319,-0.090023,-0.441215,0.310296,0.321744,0.058420,0.415874,-0.320675,0.448696,-0.024628,0.244371,-0.080736,0.939680,-0.097450,0.075516,0.257108,-0.381603,0.174081,1.239514,0.283417,-0.039506,0.308379,-0.230720,-0.300841,1.352640,0.028698,0.227399,0.344881,-0.364700,0.009198,0.678621,0.293327,-0.129920,0.197060,-0.056849,-0.344550,0.797208,0.139691,0.222489,0.243647,0.209165,-0.259181,1.435021,-0.174451,0.021315,0.300741
15.760000,-0.105648,0.388014,0.575850,-0.003941,-0.457919,0.133053,0.077067,0.433957,1.119121,0.019443,-0.365310,0.250115,0.379497,0.359323,1.528458,-0.085458,-0.467973,0.303625,0.315433,0.067230,0.415332,-0.310554,0.432239,-0.029707,0.242303,-0.079473,0.944737,-0.109481,0.050865,0.248521,-0.375724,0.173478,1.245586,0.304577,-0.020910,0.298738,-0.230292,-0.296037,1.359452,0.014353,0.253070,0.336221,-0.358856,0.006840,0.682494,0.291297,-0.105855,0.190177,-0.054316,-0.340030,0.802012,0.113645,0.229608,0.236704,0.205381,-0.258845,1.440968,-0.203951,0.012473,0.293939
15.780000,-0.105521,0.378901,0.578439,0.016618,-0.453398,0.125733,0.077676,0.426495,1.124025,0.041277,-0.380950,0.240196,0.377823,0.349697,1.534463,-0.082112,-0.494592,0.296873,0.309317,0.075705,0.414682,-0.301243,0.415116,-0.035301,0.239985,-0.078696,0.949618,-0.122551,0.026895,0.239449,-0.369416,0.173238,1.251461,0.326399,-0.003287,0.288721,-0.230139,-0.290715,1.366086,0.001150,0.279169,0.327212,-0.353042,0.004965,0.686223,0.290295,-0.081701,0.182588,-0.052302,-0.335358,0.806671,0.087863,0.237805,0.229108,0.201005,-0.258674,1.446777,-0.233639,0.004840,0.287000
15.800000,-0.104981,0.369873,0.580875,0.037415,-0.449531,0.117678,0.078713,0.418713,1.128726,0.062325,-0.397351,0.229866,0.376204,0.339540,1.540333,-0.079985,-0.521074,0.290040,0.303378,0.083831,0.413916,-0.292743,0.397326,-0.041408,0.237394,-0.078393,0.954312,-0.136658,0.003604,0.229893,-0.362664,0.173340,1.257132,0.348885,0.013364,0.278329,-0.230238,-0.284868,1.372538,-0.010911,0.305696,0.317856,-0.347237,0.003573,0.689793,0.290321,-0.057458,0.174293,-0.050800,-0.330511,0.811172,0.062344,0.247079,0.220861,0.196034,-0.258643,1.452447,-0.263517,-0.001585,0.279924
15.820000,-0.104024,0.360916,0.583142,0.058314,-0.446227,0.109004,0.080163,0.410598,1.133217,0.082534,-0.414263,0.219232,0.374617,0.328857,1.546065,-0.078904,-0.547156,0.283149,0.297602,0.091593,0.413024,-0.285050,0.378807,-0.047867,0.234513,-0.078547,0.958811,-0.151609,-0.018933,0.219970,-0.355458,0.173766,1.262592,0.371760,0.029048,0.267660,-0.230568,-0.278487,1.378799,-0.021890,0.332381,0.308219,-0.341423,0.002666,0.693191,0.291271,-0.033267,0.165437,-0.049805,-0.325469,0.815502,0.037207,0.257258,0.212078,0.190465,-0.258730,1.457974,-0.293336,-0.006919,0.272741
15.840000,-0.102649,0.352021,0.585231,0.079180,-0.443393,0.099827,0.082009,0.402141,1.137494,0.101848,-0.431436,0.208399,0.373042,0.317659,1.551658,-0.078697,-0.572576,0.276223,0.291971,0.098978,0.412000,-0.278160,0.359500,-0.054515,0.231325,-0.079144,0.963109,-0.167210,-0.040644,0.209795,-0.347793,0.174496,1.267838,0.394754,0.043772,0.256815,-0.231107,-0.271573,1.384865,-0.031847,0.358957,0.298371,-0.335581,0.002241,0.696408,0.293040,-0.009270,0.156167,-0.049308,-0.320216,0.819653,0.012568,0.268170,0.202875,0.184303,-0.258914,1.463356,-0.322846,-0.011282,0.265477
15.860000,-0.100857,0.343178,0.587132,0.100013,-0.441028,0.090149,0.084231,0.393339,1.141552,0.120269,-0.448871,0.197368,0.371463,0.305958,1.557113,-0.079363,-0.597336,0.269262,0.286470,0.105968,0.410842,-0.272072,0.339405,-0.061352,0.227820,-0.080167,0.967201,-0.183460,-0.061529,0.199368,-0.339667,0.175510,1.272864,0.417865,0.057537,0.245792,-0.231835,-0.264129,1.390732,-0.040782,0.385424,0.288311,-0.329696,0.002294,0.699435,0.295628,0.014532,0.146481,-0.049299,-0.314737,0.823615,-0.011574,0.279814,0.193253,0.177553,-0.259175,1.468592,-0.352047,-0.014674,0.258134
15.880000,-0.098649,0.334377,0.588834,0.120812,-0.439133,0.079968,0.086813,0.384185,1.145387,0.137795,-0.466567,0.186137,0.369862,0.293770,1.562429,-0.080903,-0.621434,0.262266,0.281083,0.112549,0.409545,-0.266787,0.318520,-0.068378,0.223983,-0.081600,0.971082,-0.200360,-0.081588,0.188690,-0.331077,0.176791,1.277668,0.441095,0.070343,0.234593,-0.232731,-0.256157,1.396396,-0.048696,0.411782,0.278040,-0.323750,0.002821,0.702264,0.299037,0.038141,0.136380,-0.049768,-0.309018,0.827380,-0.035218,0.292192,0.183213,0.170223,-0.259494,1.473681,-0.380940,-0.017095,0.250711
15.900000,-0.096025,0.325609,0.590327,0.141578,-0.437707,0.069285,0.089737,0.374674,1.148996,0.154427,-0.484525,0.174709,0.368221,0.281105,1.567604,-0.083317,-0.644871,0.255235,0.275793,0.118704,0.408106,-0.262305,0.296846,-0.075593,0.219801,-0.083425,0.974747,-0.217909,-0.100820,0.177761,-0.322022,0.178318,1.282246,0.464442,0.082189,0.223217,-0.233776,-0.247658,1.401852,-0.055588,0.438030,0.267557,-0.317729,0.003818,0.704887,0.303264,0.061555,0.125863,-0.050705,-0.303045,0.830940,-0.058364,0.305302,0.172753,0.162318,-0.259852,1.478620,-0.409524,-0.018545,0.243209
15.920000,-0.092987,0.316866,0.591603,0.162183,-0.436592,0.058256,0.092984,0.364804,1.152375,0.170151,-0.502442,0.163214,0.366525,0.267981,1.572638,-0.086373,-0.667391,0.248195,0.270586,0.124417,0.406521,-0.258524,0.274427,-0.082807,0.215264,-0.085627,0.978192,-0.235837,-0.119167,0.166719,-0.312501,0.180072,1.286596,0.487589,0.093126,0.211788,-0.234949,-0.238638,1.407098,-0.061574,0.463851,0.256959,-0.311615,0.005281,0.707297,0.308147,0.084623,0.115102,-0.052099,-0.296803,0.834288,-0.080895,0.318901,0.162026,0.153846,-0.260231,1.483409,-0.437506,-0.019199,0.235670
15.940000,-0.089539,0.308144,0.592656,0.182497,-0.435629,0.047039,0.096537,0.354579,1.155525,0.184954,-0.520016,0.151785,0.364764,0.254418,1.577532,-0.089839,-0.688737,0.241171,0.265448,0.129676,0.404795,-0.255343,0.251305,-0.089830,0.210367,-0.088186,0.981416,-0.253872,-0.136569,0.155706,-0.302522,0.182037,1.290718,0.510217,0.103204,0.200429,-0.236234,-0.229109,1.412131,-0.066769,0.488929,0.246342,-0.305399,0.007200,0.709491,0.313522,0.107191,0.104264,-0.053936,-0.290287,0.837420,-0.102692,0.332746,0.151184,0.144823,-0.260616,1.488047,-0.464592,-0.019231,0.228140
15.960000,-0.085689,0.299440,0.593483,0.202523,-0.434818,0.035632,0.100377,0.344006,1.158447,0.198834,-0.537246,0.140422,0.362929,0.240439,1.582285,-0.093715,-0.708910,0.234164,0.260368,0.134465,0.402929,-0.252764,0.227481,-0.096662,0.205108,-0.091083,0.984420,-0.272014,-0.153026,0.144720,-0.292096,0.184195,1.294614,0.532327,0.112423,0.189142,-0.237614,-0.219086,1.416951,-0.071172,0.513262,0.235707,-0.299071,0.009565,0.711467,0.319387,0.129260,0.093351,-0.056201,-0.283492,0.840335,-0.123756,0.346835,0.140227,0.135268,-0.260996,1.492535,-0.490781,-0.018643,0.220616
15.980000,-0.081440,0.290751,0.594080,0.222258,-0.434158,0.024037,0.104484,0.333091,1.161142,0.211793,-0.554133,0.129126,0.361012,0.226069,1.586898,-0.098002,-0.727909,0.227174,0.255334,0.138770,0.400929,-0.250785,0.202955,-0.103303,0.199486,-0.094301,0.987205,-0.290265,-0.168538,0.133762,-0.281232,0.186528,1.298285,0.553917,0.120784,0.177925,-0.239075,-0.208584,1.421559,-0.074784,0.536852,0.225053,-0.292621,0.012367,0.713224,0.325744,0.150830,0.082361,-0.058881,-0.276412,0.843029,-0.144087,0.361170,0.129155,0.125198,-0.261357,1.496872,-0.516073,-0.017433,0.213101
16.000000,-0.076800,0.282073,0.594444,0.241704,-0.433650,0.012252,0.108842,0.321843,1.163612,0.223831,-0.570677,0.117896,0.359006,0.211331,1.591372,-0.102699,-0.745734,0.220200,0.250333,0.142578,0.398798,-0.249406,0.177726,-0.109753,0.193497,-0.097819,0.989771,-0.308623,-0.183104,0.122833,-0.269943,0.189020,1.301731,0.574989,0.128285,0.166779,-0.240600,-0.197617,1.425953,-0.077605,0.559697,0.214380,-0.286038,0.015595,0.714761,0.332593,0.171901,0.071296,-0.061960,-0.269043,0.845500,-0.163684,0.375750,0.117969,0.114631,-0.261689,1.501059,-0.540469,-0.015603,0.205593
16.020000,-0.071775,0.273405,0.594570,0.260728,-0.433106,0.000450,0.113432,0.310268,1.165860,0.234965,-0.586581,0.106870,0.356903,0.196249,1.595707,-0.107565,-0.762179,0.213270,0.245354,0.145876,0.396542,-0.248473,0.151942,-0.115839,0.187142,-0.101618,0.992119,-0.326780,-0.196686,0.112081,-0.258238,0.191654,1.304957,0.595233,0.135006,0.155832,-0.242175,-0.186203,1.430135,-0.079776,0.581495,0.203796,-0.279315,0.019238,0.716077,0.339734,0.192320,0.060330,-0.065423,-0.261382,0.847748,-0.182443,0.390306,0.106835,0.103587,-0.261979,1.505096,-0.563680,-0.013355,0.198150
16.040000,-0.066375,0.264750,0.594463,0.279197,-0.432337,-0.011199,0.118235,0.298386,1.167890,0.245215,-0.601548,0.096185,0.354704,0.180854,1.599903,-0.112356,-0.777036,0.206414,0.240392,0.148653,0.394168,-0.247831,0.125750,-0.121390,0.180429,-0.105679,0.994256,-0.344430,-0.209243,0.101659,-0.246141,0.194416,1.307967,0.614339,0.141023,0.145212,-0.243788,-0.174366,1.434106,-0.081436,0.601941,0.193409,-0.272448,0.023282,0.717176,0.346968,0.211936,0.049638,-0.069251,-0.253433,0.849775,-0.200257,0.404570,0.095921,0.092094,-0.262222,1.508985,-0.585416,-0.010893,0.190830
16.060000,-0.060611,0.256113,0.594124,0.297111,-0.431345,-0.022694,0.123234,0.286213,1.169709,0.254581,-0.615578,0.085843,0.352410,0.165178,1.603964,-0.117074,-0.790306,0.199630,0.235439,0.150903,0.391690,-0.247478,0.099149,-0.126404,0.173368,-0.109981,0.996188,-0.361573,-0.220776,0.091565,-0.233672,0.197291,1.310768,0.632309,0.146336,0.134920,-0.245429,-0.162134,1.437872,-0.082586,0.621036,0.183220,-0.265436,0.027711,0.718064,0.354296,0.230748,0.039220,-0.073427,-0.245201,0.851586,-0.217127,0.418541,0.085227,0.080180,-0.262413,1.512730,-0.605679,-0.008217,0.183633
16.080000,-0.054494,0.247498,0.593556,0.314471,-0.430129,-0.034036,0.128412,0.273769,1.171326,0.263063,-0.628672,0.075843,0.350021,0.149252,1.607889,-0.121717,-0.801989,0.192919,0.230491,0.152617,0.389116,-0.247415,0.072140,-0.130883,0.165970,-0.114503,0.997921,-0.378207,-0.231285,0.081801,-0.220856,0.200265,1.313366,0.649141,0.150945,0.124955,-0.247088,-0.149534,1.441436,-0.083225,0.638779,0.173228,-0.258276,0.032507,0.718747,0.361717,0.248756,0.029075,-0.077930,-0.236693,0.853186,-0.233052,0.432219,0.074753,0.067877,-0.262549,1.516332,-0.624467,-0.005327,0.176558
16.100000,-0.048036,0.238909,0.592763,0.331276,-0.428688,-0.045225,0.133751,0.261072,1.172745,0.270662,-0.640830,0.066185,0.347541,0.133109,1.611681,-0.126285,-0.812085,0.186280,0.225541,0.153786,0.386458,-0.247643,0.044722,-0.134826,0.158243,-0.119226,0.999462,-0.394334,-0.240770,0.072365,-0.207714,0.203324,1.315768,0.664836,0.154851,0.115318,-0.248755,-0.136592,1.444803,-0.083354,0.655170,0.163432,-0.250966,0.037655,0.719229,0.369231,0.265961,0.019204,-0.082743,-0.227915,0.854578,-0.248033,0.445605,0.064499,0.055212,-0.262625,1.519793,-0.641781,-0.002224,0.169607
16.120000,-0.041248,0.230353,0.591749,0.347401,-0.426860,-0.056101,0.139233,0.248143,1.173976,0.277422,-0.651814,0.056992,0.344972,0.116780,1.615341,-0.130579,-0.820479,0.179740,0.220584,0.154404,0.383727,-0.248025,0.017096,-0.138113,0.150201,-0.124127,1.000819,-0.409675,-0.249220,0.063392,-0.194272,0.206454,1.317981,0.679152,0.158140,0.106114,-0.250420,-0.123338,1.447976,-0.083110,0.669985,0.153931,-0.243507,0.043139,0.719518,0.376641,0.282239,0.009763,-0.087845,-0.218873,0.855768,-0.261993,0.458452,0.054622,0.042217,-0.262638,1.523117,-0.657414,0.000912,0.162834
16.140000,-0.034145,0.221839,0.590522,0.362719,-0.424480,-0.066505,0.144842,0.235009,1.175029,0.283390,-0.661389,0.048386,0.342321,0.100302,1.618871,-0.134397,-0.827059,0.173325,0.215619,0.154470,0.380939,-0.248424,-0.010539,-0.140621,0.141863,-0.129187,1.002002,-0.423950,-0.256625,0.055018,-0.180559,0.209646,1.320016,0.691850,0.160898,0.097452,-0.252078,-0.109805,1.450963,-0.082630,0.682998,0.144820,-0.235903,0.048938,0.719623,0.383748,0.297465,0.000906,-0.093215,-0.209582,0.856766,-0.274856,0.470514,0.045280,0.028928,-0.262589,1.526308,-0.671159,0.003899,0.156295
16.160000,-0.026744,0.213377,0.589092,0.377231,-0.421548,-0.076437,0.150563,0.221697,1.175915,0.288566,-0.669554,0.040368,0.339599,0.083710,1.622275,-0.137739,-0.831823,0.167034,0.210647,0.153982,0.378108,-0.248842,-0.038184,-0.142352,0.133251,-0.134385,1.003023,-0.437161,-0.262984,0.047242,-0.166609,0.212887,1.321883,0.702928,0.163127,0.089331,-0.253723,-0.096030,1.453771,-0.081913,0.694209,0.136099,-0.228159,0.055031,0.719558,0.390553,0.311640,-0.007366,-0.098832,-0.200057,0.857583,-0.286621,0.481791,0.036472,0.015383,-0.262483,1.529370,-0.683015,0.006737,0.149990
16.180000,-0.019061,0.204980,0.587468,0.390937,-0.418064,-0.085897,0.156380,0.208236,1.176647,0.292950,-0.676309,0.032936,0.336815,0.067041,1.625554,-0.140606,-0.834772,0.160867,0.205666,0.152942,0.375250,-0.249278,-0.065838,-0.143305,0.124384,-0.139700,1.003895,-0.449306,-0.268299,0.040065,-0.152453,0.216167,1.323593,0.712387,0.164825,0.081750,-0.255352,-0.082048,1.456409,-0.080960,0.703619,0.127768,-0.220283,0.061397,0.719333,0.397054,0.324763,-0.015053,-0.104672,-0.190315,0.858229,-0.297288,0.492282,0.028199,0.001620,-0.262321,1.532309,-0.692983,0.009425,0.143919
16.200000,-0.011112,0.196659,0.585659,0.403836,-0.414028,-0.094886,0.162276,0.194654,1.177237,0.296542,-0.681655,0.026093,0.333978,0.050331,1.628710,-0.142996,-0.835907,0.154824,0.200676,0.151349,0.372381,-0.249733,-0.093501,-0.143480,0.115285,-0.145110,1.004630,-0.460386,-0.272568,0.033485,-0.138124,0.219476,1.325157,0.720227,0.165993,0.074711,-0.256960,-0.067897,1.458884,-0.079770,0.711227,0.119827,-0.212279,0.068014,0.718960,0.403254,0.336835,-0.022155,-0.110716,-0.180371,0.858714,-0.306858,0.501988,0.020459,-0.012324,-0.262107,1.535129,-0.701063,0.011965,0.138081
16.220000,-0.002914,0.188424,0.583676,0.415827,-0.409346,-0.103279,0.168237,0.180980,1.177696,0.299403,-0.685463,0.019911,0.331099,0.033617,1.631747,-0.144792,-0.835222,0.148923,0.195677,0.149204,0.369516,-0.250062,-0.120961,-0.142830,0.105977,-0.150596,1.005239,-0.470214,-0.275820,0.027593,-0.123655,0.222804,1.326586,0.726329,0.166710,0.068271,-0.258542,-0.053612,1.461205,-0.078449,0.716942,0.112336,-0.204156,0.074862,0.718451,0.408965,0.347789,-0.028562,-0.116939,-0.170242,0.859051,-0.315301,0.510730,0.013371,-0.026410,-0.261844,1.537834,-0.707180,0.014234,0.132512
16.240000,0.005514,0.180290,0.581533,0.426811,-0.403924,-0.110954,0.174248,0.167247,1.178038,0.301593,-0.687606,0.014467,0.328191,0.016935,1.634668,-0.145876,-0.832716,0.143178,0.190675,0.146513,0.366673,-0.250122,-0.148007,-0.141310,0.096487,-0.156137,1.005739,-0.478601,-0.278083,0.022477,-0.109083,0.226142,1.327892,0.730574,0.167056,0.062490,-0.260098,-0.039233,1.463381,-0.077100,0.720673,0.105353,-0.195925,0.081918,0.717823,0.414004,0.357559,-0.034162,-0.123320,-0.159950,0.859254,-0.322585,0.518327,0.007050,-0.040598,-0.261540,1.540431,-0.711262,0.016113,0.127245
16.260000,0.014152,0.172272,0.579243,0.436785,-0.397761,-0.117911,0.180296,0.153487,1.178279,0.303113,-0.688082,0.009760,0.325269,0.000321,1.637476,-0.146246,-0.828387,0.137591,0.185674,0.143286,0.363869,-0.249914,-0.174639,-0.138918,0.086843,-0.161713,1.006144,-0.485548,-0.279357,0.018138,-0.094445,0.229484,1.329090,0.732962,0.167031,0.057366,-0.261626,-0.024798,1.465423,-0.075723,0.722420,0.098879,-0.187600,0.089157,0.717090,0.418369,0.366143,-0.038954,-0.129835,-0.149517,0.859339,-0.328711,0.524779,0.001497,-0.054847,-0.261202,1.542926,-0.713308,0.017601,0.122281
16.280000,0.022979,0.164384,0.576821,0.445751,-0.390858,-0.124150,0.186368,0.139735,1.178433,0.303962,-0.686893,0.005791,0.322346,-0.016189,1.640173,-0.145904,-0.822236,0.132161,0.180680,0.139530,0.361122,-0.249437,-0.200857,-0.135655,0.077074,-0.167304,1.006470,-0.491056,-0.279641,0.014574,-0.079777,0.232821,1.330191,0.733494,0.166634,0.052901,-0.263127,-0.010349,1.467340,-0.074319,0.722183,0.092914,-0.179195,0.096556,0.716270,0.422061,0.373543,-0.042939,-0.136461,-0.138966,0.859319,-0.333680,0.530088,-0.003289,-0.069116,-0.260838,1.545325,-0.713318,0.018698,0.117619
16.300000,0.031975,0.156642,0.574282,0.453708,-0.383214,-0.129671,0.192450,0.126022,1.178516,0.304140,-0.684038,0.002559,0.319437,-0.032557,1.642763,-0.144848,-0.814263,0.126888,0.175698,0.135255,0.358449,-0.248692,-0.226661,-0.131521,0.067210,-0.172892,1.006732,-0.495123,-0.278936,0.011786,-0.065117,0.236147,1.331210,0.732169,0.165866,0.049094,-0.264599,0.004076,1.469143,-0.072888,0.719963,0.087457,-0.170722,0.104091,0.715378,0.425080,0.379758,-0.046117,-0.143174,-0.128321,0.859212,-0.337490,0.534252,-0.007307,-0.083366,-0.260457,1.547633,-0.711292,0.019405,0.113259
16.320000,0.041120,0.149061,0.571640,0.460586,-0.374810,-0.134397,0.198529,0.112384,1.178541,0.303708,-0.679490,0.000099,0.316557,-0.048747,1.645250,-0.143027,-0.804519,0.121779,0.170735,0.130469,0.355867,-0.247576,-0.251761,-0.126546,0.057279,-0.178455,1.006946,-0.497657,-0.277301,0.009810,-0.050503,0.239454,1.332159,0.728968,0.164791,0.045957,-0.266042,0.018436,1.470842,-0.071498,0.715760,0.082529,-0.162197,0.111738,0.714431,0.427295,0.384770,-0.048433,-0.149953,-0.117604,0.859033,-0.340154,0.537163,-0.010494,-0.097555,-0.260065,1.549857,-0.707242,0.019657,0.109211
16.340000,0.050391,0.141655,0.568912,0.466313,-0.365626,-0.138250,0.204595,0.098854,1.178525,0.302725,-0.673221,-0.001554,0.313722,-0.064726,1.647635,-0.140388,-0.793056,0.116838,0.165799,0.125191,0.353393,-0.245986,-0.275867,-0.120761,0.047315,-0.183978,1.007130,-0.498566,-0.274797,0.008680,-0.035971,0.242737,1.333053,0.723872,0.163473,0.043501,-0.267459,0.032693,1.472447,-0.070217,0.709578,0.078149,-0.153637,0.119473,0.713447,0.428576,0.388563,-0.049833,-0.156773,-0.106843,0.858798,-0.341683,0.538714,-0.012786,-0.111642,-0.259674,1.552003,-0.701178,0.019388,0.105488
16.360000,0.059765,0.134441,0.566115,0.470889,-0.355662,-0.141230,0.210635,0.085467,1.178484,0.301191,-0.665231,-0.002399,0.310947,-0.080458,1.649924,-0.136931,-0.779875,0.112067,0.160899,0.119441,0.351042,-0.243922,-0.298978,-0.114165,0.037348,-0.189442,1.007299,-0.497849,-0.271423,0.008397,-0.021560,0.245991,1.333904,0.716882,0.161912,0.041726,-0.268852,0.046806,1.473971,-0.069046,0.701417,0.074319,-0.145060,0.127272,0.712444,0.428921,0.391136,-0.050317,-0.163613,-0.096065,0.858527,-0.342079,0.538905,-0.014182,-0.125588,-0.259293,1.554079,-0.693100,0.018599,0.102088
16.380000,0.069219,0.127434,0.563268,0.474315,-0.344918,-0.143338,0.216638,0.072257,1.178434,0.299105,-0.655520,-0.002438,0.308250,-0.095910,1.652119,-0.132656,-0.764974,0.107465,0.156045,0.113238,0.348831,-0.241385,-0.321096,-0.106759,0.027411,-0.194829,1.007471,-0.495507,-0.267179,0.008960,-0.007309,0.249211,1.334726,0.707996,0.160107,0.040632,-0.270222,0.060736,1.475424,-0.067985,0.691275,0.071038,-0.136486,0.135111,0.711440,0.428332,0.392489,-0.049884,-0.170449,-0.085296,0.858237,-0.341339,0.537735,-0.014684,-0.139353,-0.258933,1.556089,-0.683009,0.017289,0.099011
16.400000,0.078730,0.120649,0.560388,0.476590,-0.333394,-0.144573,0.222595,0.059258,1.178392,0.296469,-0.644088,-0.001669,0.305646,-0.111046,1.654224,-0.127562,-0.748355,0.103032,0.151246,0.106603,0.346777,-0.238375,-0.342219,-0.098543,0.017538,-0.200123,1.007663,-0.491539,-0.262065,0.010369,0.006747,0.252394,1.335534,0.697216,0.158060,0.040220,-0.271572,0.074444,1.476816,-0.067033,0.679154,0.068306,-0.127933,0.142964,0.710454,0.426808,0.392623,-0.048534,-0.177259,-0.074565,0.857946,-0.339466,0.535204,-0.014290,-0.152895,-0.258605,1.558041,-0.670904,0.015459,0.096257
16.420000,0.088274,0.114103,0.557492,0.477683,-0.321173,-0.144889,0.228494,0.046504,1.178373,0.293334,-0.630991,-0.000101,0.303153,-0.125833,1.656242,-0.121656,-0.730108,0.098765,0.146513,0.099558,0.344895,-0.234857,-0.362104,-0.089587,0.007761,-0.205306,1.007892,-0.485933,-0.256167,0.012614,0.020568,0.255533,1.336340,0.684587,0.155816,0.040464,-0.272904,0.087890,1.478160,-0.066225,0.665125,0.066106,-0.119420,0.150808,0.709505,0.424288,0.391559,-0.046273,-0.184020,-0.063897,0.857671,-0.336509,0.531280,-0.012996,-0.166176,-0.258319,1.559941,-0.656870,0.013095,0.093817
16.440000,0.097829,0.107806,0.554599,0.477564,-0.308338,-0.144239,0.234326,0.034029,1.178393,0.289752,-0.616286,0.002262,0.300786,-0.140240,1.658176,-0.114943,-0.710327,0.094663,0.141856,0.092129,0.343198,-0.230795,-0.380507,-0.079961,-0.001888,-0.210365,1.008173,-0.478678,-0.249567,0.015680,0.034118,0.258625,1.337157,0.670158,0.153419,0.041341,-0.274222,0.101037,1.479464,-0.065594,0.649261,0.064425,-0.110969,0.158618,0.708609,0.420710,0.389321,-0.043103,-0.190712,-0.053323,0.857432,-0.332521,0.525932,-0.010797,-0.179158,-0.258085,1.561796,-0.640991,0.010182,0.091678
16.460000,0.107369,0.101773,0.551728,0.476233,-0.294889,-0.142624,0.240081,0.021863,1.178469,0.285723,-0.599974,0.005418,0.298561,-0.154236,1.660029,-0.107424,-0.689011,0.090724,0.137285,0.084347,0.341701,-0.226190,-0.397427,-0.069666,-0.011375,-0.215284,1.008524,-0.469773,-0.242267,0.019570,0.047362,0.261668,1.337997,0.653927,0.150870,0.042851,-0.275529,0.113848,1.480740,-0.065140,0.631560,0.063261,-0.102599,0.166373,0.707787,0.416076,0.385909,-0.039026,-0.197314,-0.042870,0.857246,-0.327501,0.519158,-0.007693,-0.191803,-0.257915,1.563611,-0.623268,0.006720,0.089841
16.480000,0.116870,0.096015,0.548900,0.473689,-0.280827,-0.140044,0.245751,0.010041,1.178615,0.281246,-0.582052,0.009368,0.296494,-0.167790,1.661806,-0.099099,-0.666160,0.086949,0.132812,0.076242,0.340416,-0.221042,-0.412864,-0.058701,-0.020668,-0.220051,1.008962,-0.459218,-0.234266,0.024282,0.060263,0.264659,1.338875,0.635895,0.148170,0.044993,-0.276829,0.126287,1.481998,-0.064863,0.612022,0.062615,-0.094333,0.174047,0.707055,0.410384,0.381322,-0.034040,-0.203805,-0.032566,0.857130,-0.321449,0.510959,-0.003684,-0.204076,-0.257820,1.565392,-0.603701,0.002710,0.088306
16.500000,0.126308,0.090544,0.546133,0.469934,-0.266150,-0.136499,0.251328,-0.001408,1.178849,0.276323,-0.562523,0.014111,0.294602,-0.180872,1.663508,-0.089968,-0.641774,0.083338,0.128447,0.067843,0.339357,-0.215351,-0.426819,-0.047066,-0.029733,-0.224650,1.009501,-0.447014,-0.225564,0.029817,0.072786,0.267594,1.339801,0.616062,0.145317,0.047768,-0.278125,0.138317,1.483248,-0.064763,0.590649,0.062487,-0.086191,0.181618,0.706431,0.403636,0.375561,-0.028147,-0.210165,-0.022441,0.857104,-0.314366,0.501335,0.001230,-0.215939,-0.257810,1.567145,-0.582288,-0.001849,0.087072
16.520000,0.135660,0.085372,0.543447,0.464975,-0.250972,-0.131983,0.256802,-0.012450,1.179185,0.270993,-0.541502,0.019609,0.292900,-0.193452,1.665140,-0.080089,-0.615980,0.079882,0.124201,0.059180,0.338537,-0.209169,-0.439146,-0.034853,-0.038538,-0.229069,1.010159,-0.433221,-0.216262,0.036124,0.084895,0.270471,1.340789,0.594539,0.142340,0.051120,-0.279421,0.149902,1.484501,-0.064844,0.567569,0.062829,-0.078194,0.189062,0.705934,0.395836,0.368681,-0.021404,-0.216374,-0.012522,0.857185,-0.306335,0.490317,0.007002,-0.227356,-0.257897,1.568876,-0.559151,-0.006930,0.086116
16.540000,0.144900,0.080508,0.540860,0.458825,-0.235408,-0.126492,0.262165,-0.023059,1.179638,0.265295,-0.519107,0.025821,0.291403,-0.205503,1.666704,-0.069521,-0.588904,0.076573,0.120083,0.050289,0.337966,-0.202548,-0.449703,-0.022150,-0.047052,-0.233297,1.010951,-0.417899,-0.206458,0.043153,0.096557,0.273287,1.341850,0.571435,0.139270,0.054990,-0.280720,0.161009,1.485764,-0.065107,0.542914,0.063596,-0.070364,0.196358,0.705580,0.386991,0.360734,-0.013869,-0.222413,-0.002837,0.857390,-0.297440,0.477938,0.013585,-0.238294,-0.258091,1.570591,-0.534407,-0.012507,0.085410
16.560000,0.154005,0.075959,0.538393,0.451482,-0.219455,-0.120026,0.267411,-0.033206,1.180222,0.259230,-0.495337,0.032748,0.290124,-0.216999,1.668204,-0.058264,-0.560545,0.073411,0.116102,0.041204,0.337654,-0.195488,-0.458488,-0.008960,-0.055244,-0.237324,1.011890,-0.401049,-0.196153,0.050903,0.107741,0.276041,1.342992,0.546752,0.136104,0.059381,-0.282026,0.171608,1.487047,-0.065552,0.516681,0.064787,-0.062721,0.203484,0.705385,0.377102,0.351721,-0.005543,-0.228265,0.006586,0.857734,-0.287680,0.464198,0.020981,-0.248722,-0.258401,1.572294,-0.508057,-0.018579,0.084955
16.580000,0.162951,0.071732,0.536066,0.442947,-0.203115,-0.112585,0.272532,-0.042863,1.180953,0.252798,-0.470193,0.040390,0.289077,-0.227916,1.669642,-0.046319,-0.530904,0.070395,0.112267,0.031961,0.337611,-0.187990,-0.465503,0.004720,-0.063083,-0.241140,1.012992,-0.382671,-0.185347,0.059376,0.118416,0.278731,1.344228,0.520488,0.132845,0.064290,-0.283343,0.181666,1.488358,-0.066180,0.488873,0.066403,-0.055287,0.210420,0.705364,0.366168,0.341643,0.003575,-0.233914,0.015722,0.858234,-0.277057,0.449096,0.029189,-0.258606,-0.258837,1.573991,-0.480101,-0.025147,0.084752
16.600000,0.171715,0.067837,0.533897,0.433220,-0.186388,-0.104169,0.277520,-0.052004,1.181843,0.245998,-0.443674,0.048747,0.288276,-0.238227,1.671021,-0.033685,-0.499981,0.067525,0.108585,0.022595,0.337846,-0.180054,-0.470746,0.018888,-0.070540,-0.244735,1.014270,-0.362764,-0.174040,0.068570,0.128550,0.281354,1.345567,0.492645,0.129491,0.069720,-0.284675,0.191152,1.489706,-0.066991,0.459488,0.068443,-0.048082,0.217143,0.705533,0.354189,0.330499,0.013484,-0.239342,0.024541,0.858907,-0.265569,0.432632,0.038209,-0.267915,-0.259410,1.575686,-0.450538,-0.032210,0.084799
16.620000,0.180272,0.064278,0.531905,0.422348,-0.169398,-0.094820,0.282370,-0.060602,1.182907,0.238859,-0.415950,0.057744,0.287734,-0.247908,1.672344,-0.020467,-0.467937,0.064790,0.105067,0.013143,0.338369,-0.171751,-0.474192,0.033451,-0.077585,-0.248099,1.015739,-0.341465,-0.162338,0.078397,0.138113,0.283910,1.347020,0.463386,0.126061,0.075587,-0.286024,0.200036,1.491099,-0.067976,0.428704,0.070843,-0.041126,0.223633,0.705908,0.341221,0.318370,0.024089,-0.244532,0.033019,0.859767,-0.253321,0.414902,0.047948,-0.276618,-0.260129,1.577384,-0.419549,-0.039704,0.085059
16.640000,0.188601,0.061062,0.530110,0.410379,-0.152269,-0.084578,0.287073,-0.068635,1.184156,0.231409,-0.387188,0.067305,0.287460,-0.256938,1.673613,-0.006767,-0.434932,0.062176,0.101717,0.003640,0.339186,-0.163157,-0.475816,0.048314,-0.084191,-0.251227,1.017410,-0.318910,-0.150348,0.088769,0.147077,0.286396,1.348593,0.432876,0.122573,0.081809,-0.287395,0.208292,1.492542,-0.069130,0.396698,0.073541,-0.034439,0.229872,0.706501,0.327320,0.305339,0.035296,-0.249470,0.041129,0.860829,-0.240416,0.396000,0.058317,-0.284689,-0.261001,1.579090,-0.387311,-0.047566,0.085492
16.660000,0.196680,0.058189,0.528528,0.397313,-0.135002,-0.073444,0.291624,-0.076083,1.185603,0.223648,-0.357388,0.077430,0.287466,-0.265298,1.674832,0.007414,-0.400966,0.059683,0.098542,-0.005877,0.340304,-0.154270,-0.475619,0.063476,-0.090333,-0.254111,1.019293,-0.295100,-0.138071,0.099686,0.155419,0.288812,1.350295,0.401114,0.119027,0.088386,-0.288790,0.215896,1.494042,-0.070450,0.363471,0.076535,-0.028039,0.235841,0.707324,0.312487,0.291405,0.047102,-0.254144,0.048851,0.862104,-0.226855,0.375927,0.069315,-0.292102,-0.262034,1.580805,-0.353826,-0.055795,0.086097
16.680000,0.204486,0.055662,0.527178,0.383150,-0.117596,-0.061418,0.296017,-0.082924,1.187257,0.215576,-0.326552,0.088119,0.287760,-0.272970,1.676001,0.022077,-0.366040,0.057312,0.095548,-0.015373,0.341727,-0.145091,-0.473600,0.078939,-0.095986,-0.256747,1.021401,-0.270033,-0.125506,0.111147,0.163114,0.291157,1.352131,0.368101,0.115423,0.095319,-0.290214,0.222823,1.495605,-0.071939,0.329021,0.079826,-0.021946,0.241522,0.708389,0.296720,0.276569,0.059510,-0.258540,0.056159,0.863606,-0.212636,0.354683,0.080941,-0.298833,-0.263235,1.582535,-0.319092,-0.064392,0.086875
16.700000,0.211999,0.053486,0.526077,0.367891,-0.100051,-0.048501,0.300245,-0.089138,1.189131,0.207192,-0.294678,0.099373,0.288352,-0.279934,1.677125,0.037220,-0.330154,0.055063,0.092741,-0.024809,0.343463,-0.135620,-0.469758,0.094702,-0.101126,-0.259130,1.023743,-0.243711,-0.112653,0.123152,0.170135,0.293429,1.354110,0.333836,0.111762,0.102607,-0.291669,0.229048,1.497237,-0.073595,0.293349,0.083414,-0.016177,0.246897,0.709708,0.280021,0.260830,0.072518,-0.262645,0.063030,0.865346,-0.197760,0.332267,0.093197,-0.304857,-0.264612,1.584281,-0.283110,-0.073357,0.087827
16.720000,0.219195,0.051660,0.525243,0.351621,-0.082491,-0.034778,0.304302,-0.094705,1.191235,0.198520,-0.261970,0.111080,0.289251,-0.286171,1.678205,0.052719,-0.293486,0.052921,0.090125,-0.034151,0.345517,-0.125935,-0.464175,0.110670,-0.105728,-0.261252,1.026330,-0.216333,-0.099622,0.135585,0.176460,0.295627,1.356237,0.298527,0.108052,0.110148,-0.293159,0.234550,1.498943,-0.075395,0.256666,0.087218,-0.010751,0.251950,0.711293,0.262491,0.244306,0.086009,-0.266447,0.069443,0.867337,-0.182342,0.308809,0.105965,-0.310151,-0.266171,1.586049,-0.246101,-0.082602,0.088905
16.740000,0.226057,0.050185,0.524691,0.334427,-0.065038,-0.020337,0.308184,-0.099612,1.193577,0.189580,-0.228629,0.123128,0.290463,-0.291669,1.679242,0.068449,-0.256215,0.050871,0.087704,-0.043365,0.347891,-0.116113,-0.456928,0.126750,-0.109773,-0.263114,1.029168,-0.188099,-0.086522,0.148328,0.182071,0.297751,1.358517,0.262380,0.104303,0.117841,-0.294686,0.239310,1.500727,-0.077315,0.219181,0.091156,-0.005682,0.256665,0.713151,0.244233,0.227114,0.099865,-0.269936,0.075377,0.869587,-0.166494,0.284438,0.119132,-0.314696,-0.267917,1.587838,-0.208289,-0.092042,0.090063
16.760000,0.232566,0.049058,0.524435,0.316308,-0.047693,-0.005179,0.311884,-0.103846,1.196163,0.180373,-0.194657,0.135518,0.291991,-0.296416,1.680240,0.084409,-0.218340,0.048912,0.085481,-0.052417,0.350588,-0.106154,-0.448018,0.142941,-0.113246,-0.264713,1.032265,-0.159009,-0.073353,0.161380,0.186950,0.299799,1.360952,0.225396,0.100514,0.125685,-0.296252,0.243312,1.502590,-0.079356,0.180895,0.095230,-0.000986,0.261030,0.715290,0.225247,0.209255,0.114086,-0.273104,0.080814,0.872105,-0.150218,0.259154,0.132697,-0.318477,-0.269854,1.589652,-0.169672,-0.101678,0.091303
16.780000,0.238703,0.048277,0.524488,0.297266,-0.030456,0.010697,0.315397,-0.107394,1.199000,0.170899,-0.160052,0.148249,0.293841,-0.300399,1.681199,0.100599,-0.179863,0.047046,0.083459,-0.061275,0.353609,-0.096059,-0.437446,0.159244,-0.116128,-0.266048,1.035626,-0.129064,-0.060115,0.174743,0.191081,0.301771,1.363545,0.187575,0.096687,0.133681,-0.297861,0.246540,1.504537,-0.081518,0.141808,0.099438,0.003323,0.265031,0.717717,0.205532,0.190729,0.128672,-0.275942,0.085737,0.874898,-0.133513,0.232957,0.146660,-0.321478,-0.271986,1.591491,-0.130251,-0.111508,0.092623
16.800000,0.244451,0.047839,0.524867,0.277300,-0.013326,0.027291,0.318718,-0.110244,1.202095,0.161158,-0.124815,0.161321,0.296016,-0.303606,1.682123,0.117020,-0.140783,0.045272,0.081640,-0.069904,0.356958,-0.085828,-0.425210,0.175658,-0.118403,-0.267117,1.039257,-0.098262,-0.046809,0.188415,0.194447,0.303666,1.366300,0.148917,0.092820,0.141828,-0.299514,0.248979,1.506569,-0.083801,0.101919,0.103782,0.007230,0.268655,0.720439,0.185090,0.171535,0.143623,-0.278442,0.090126,0.877974,-0.116379,0.205847,0.161020,-0.323682,-0.274316,1.593357,-0.090026,-0.121533,0.094023
16.820000,0.249790,0.047742,0.525584,0.256531,0.003593,0.044481,0.321842,-0.112384,1.205454,0.151168,-0.089165,0.174594,0.298522,-0.306027,1.683011,0.133554,-0.101285,0.043575,0.080026,-0.078273,0.360636,-0.075527,-0.411470,0.192095,-0.120054,-0.267920,1.043163,-0.066847,-0.033533,0.202267,0.197033,0.305483,1.369219,0.109633,0.088923,0.150028,-0.301213,0.250613,1.508689,-0.086181,0.061438,0.108181,0.010723,0.271889,0.723463,0.164051,0.151814,0.158816,-0.280595,0.093965,0.881341,-0.098937,0.177988,0.175651,-0.325075,-0.276848,1.595252,-0.049215,-0.131667,0.095459
16.840000,0.254707,0.047981,0.526650,0.235082,0.020199,0.062145,0.324763,-0.113810,1.209079,0.140948,-0.053323,0.187925,0.301358,-0.307656,1.683866,0.150084,-0.061557,0.041942,0.078619,-0.086354,0.364641,-0.065222,-0.396383,0.208465,-0.121074,-0.268459,1.047348,-0.035061,-0.020386,0.216166,0.198830,0.307223,1.372301,0.069936,0.085002,0.158180,-0.302961,0.251434,1.510896,-0.088637,0.020576,0.112557,0.013789,0.274725,0.726793,0.142547,0.131709,0.174130,-0.282398,0.097242,0.885001,-0.081311,0.149543,0.190424,-0.325648,-0.279583,1.597175,-0.008037,-0.141825,0.096884
16.860000,0.259189,0.048548,0.528073,0.212952,0.036492,0.080285,0.327478,-0.114516,1.212971,0.130498,-0.017287,0.201315,0.304525,-0.308488,1.684689,0.166609,-0.021597,0.040371,0.077418,-0.094120,0.368974,-0.054913,-0.379950,0.224768,-0.121454,-0.268736,1.051810,-0.002903,-0.007369,0.230114,0.199828,0.308883,1.375546,0.029826,0.081059,0.166286,-0.304759,0.251433,1.513191,-0.091168,-0.020670,0.116911,0.016421,0.277154,0.730429,0.120579,0.111218,0.189563,-0.283846,0.099943,0.888959,-0.063499,0.120513,0.205340,-0.325394,-0.282521,1.599127,0.033509,-0.152006,0.098299
16.880000,0.263221,0.049438,0.529864,0.190141,0.052472,0.098899,0.329982,-0.114500,1.217132,0.119818,0.018941,0.214763,0.308023,-0.308518,1.685481,0.183130,0.018594,0.038862,0.076422,-0.101543,0.373632,-0.044600,-0.362171,0.241005,-0.121188,-0.268755,1.056552,0.029627,0.005519,0.244110,0.200020,0.310465,1.378952,-0.010698,0.077093,0.174344,-0.306609,0.250604,1.515572,-0.093774,-0.062297,0.121242,0.018609,0.279171,0.734376,0.098146,0.090342,0.205117,-0.284937,0.102058,0.893216,-0.045502,0.090898,0.220397,-0.324305,-0.285663,1.601107,0.075422,-0.162211,0.099703
16.900000,0.266790,0.050645,0.532032,0.166651,0.068139,0.117987,0.332269,-0.113757,1.221562,0.108908,0.055363,0.228270,0.311851,-0.307743,1.686244,0.199648,0.059016,0.037417,0.075634,-0.108597,0.378614,-0.034284,-0.343045,0.257176,-0.120267,-0.268517,1.061575,0.062527,0.018278,0.258155,0.199397,0.311967,1.382519,-0.051635,0.073104,0.182356,-0.308511,0.248939,1.518040,-0.096456,-0.104307,0.125550,0.020344,0.280766,0.738635,0.075248,0.069081,0.220791,-0.285665,0.103575,0.897775,-0.027320,0.060697,0.235597,-0.322374,-0.289009,1.603115,0.117702,-0.172439,0.101096
16.920000,0.269883,0.052161,0.534586,0.142634,0.083416,0.137405,0.334336,-0.112285,1.226262,0.097786,0.091762,0.241687,0.316008,-0.306157,1.686978,0.216047,0.099477,0.036019,0.075051,-0.115257,0.383918,-0.024012,-0.322783,0.273202,-0.118686,-0.268025,1.066878,0.095548,0.030821,0.272123,0.197953,0.313389,1.386245,-0.092755,0.069112,0.190240,-0.310467,0.246431,1.520594,-0.099198,-0.146470,0.129775,0.021617,0.281932,0.743208,0.052025,0.047580,0.236469,-0.286029,0.104483,0.902640,-0.009069,0.030082,0.250806,-0.319596,-0.292560,1.605151,0.160131,-0.182615,0.102437
16.940000,0.272493,0.053979,0.537530,0.118245,0.098228,0.157007,0.336179,-0.110088,1.231228,0.086470,0.127925,0.254867,0.320491,-0.303765,1.687685,0.232216,0.139784,0.034655,0.074672,-0.121503,0.389540,-0.013833,-0.301595,0.289007,-0.116446,-0.267286,1.072459,0.128438,0.043062,0.285890,0.195688,0.314732,1.390127,-0.133826,0.065135,0.197917,-0.312479,0.243081,1.523230,-0.101985,-0.188558,0.133854,0.022424,0.282668,0.748093,0.028616,0.025988,0.252033,-0.286028,0.104777,0.907807,0.009134,-0.000775,0.265893,-0.315970,-0.296313,1.607212,0.202492,-0.192665,0.103682
16.960000,0.274611,0.056087,0.540867,0.093485,0.112574,0.176793,0.337794,-0.107170,1.236455,0.074961,0.163850,0.267811,0.325295,-0.300567,1.688365,0.248155,0.179937,0.033323,0.074497,-0.127315,0.395477,-0.003746,-0.279481,0.304590,-0.113549,-0.266305,1.078312,0.161196,0.055000,0.299456,0.192601,0.315995,1.394161,-0.174847,0.061174,0.205385,-0.314547,0.238889,1.525947,-0.104818,-0.230571,0.137789,0.022760,0.282971,0.753288,0.005020,0.004303,0.267484,-0.285664,0.104451,0.913275,0.027290,-0.031876,0.280857,-0.311497,-0.300266,1.609297,0.244784,-0.202588,0.104832
16.980000,0.276230,0.058479,0.544603,0.068353,0.126455,0.196763,0.339176,-0.103536,1.241939,0.063259,0.199538,0.280517,0.330416,-0.296568,1.689018,0.263862,0.219937,0.032024,0.074522,-0.132676,0.401722,0.006247,-0.256441,0.319951,-0.109999,-0.265088,1.084436,0.193822,0.066636,0.312820,0.188694,0.317179,1.398341,-0.215821,0.057229,0.212646,-0.316672,0.233858,1.528741,-0.107696,-0.272508,0.141578,0.022623,0.282840,0.758791,-0.018762,-0.017474,0.282822,-0.284937,0.103500,0.919040,0.045399,-0.063219,0.295698,-0.306179,-0.304416,1.611405,0.287008,-0.212385,0.105886
17.000000,0.277342,0.061143,0.548739,0.042849,0.139870,0.216916,0.340323,-0.099190,1.247674,0.051363,0.234990,0.292986,0.335848,-0.291771,1.689646,0.279339,0.259783,0.030759,0.074746,-0.137566,0.408273,0.016147,-0.232476,0.335090,-0.105797,-0.263641,1.090824,0.226317,0.077969,0.325984,0.183968,0.318284,1.402665,-0.256745,0.053300,0.219700,-0.318855,0.227990,1.531609,-0.110620,-0.314371,0.145223,0.022009,0.282272,0.764600,-0.042730,-0.039344,0.298047,-0.283848,0.101920,0.925102,0.063460,-0.094806,0.310417,-0.300017,-0.308760,1.613532,0.329163,-0.222055,0.106845
17.020000,0.277942,0.064070,0.553280,0.017158,0.152777,0.237115,0.341230,-0.094139,1.253656,0.039304,0.270004,0.305093,0.341587,-0.286179,1.690248,0.294505,0.299283,0.029510,0.075167,-0.141970,0.415124,0.025915,-0.207836,0.349948,-0.100949,-0.261971,1.097473,0.258448,0.088928,0.338828,0.178426,0.319311,1.407127,-0.297404,0.049409,0.226480,-0.321097,0.221286,1.534548,-0.113582,-0.355930,0.148676,0.020914,0.281266,0.770712,-0.066732,-0.061150,0.313067,-0.282400,0.099708,0.931455,0.081361,-0.126456,0.324902,-0.293014,-0.313297,1.615678,0.371037,-0.231540,0.107682
17.040000,0.278029,0.067250,0.558223,-0.008538,0.165134,0.257221,0.341894,-0.088394,1.259875,0.027113,0.304381,0.316713,0.347626,-0.279803,1.690826,0.309280,0.338247,0.028263,0.075782,-0.145877,0.422269,0.035508,-0.182776,0.364464,-0.095463,-0.260087,1.104374,0.289981,0.099442,0.351233,0.172075,0.320261,1.411722,-0.337581,0.045580,0.232921,-0.323399,0.213756,1.537555,-0.116577,-0.396956,0.151889,0.019340,0.279827,0.777121,-0.090613,-0.082736,0.327792,-0.280596,0.096863,0.938095,0.098989,-0.157989,0.339046,-0.285179,-0.318020,1.617838,0.412417,-0.240779,0.108371
17.060000,0.277601,0.070672,0.563568,-0.034239,0.176939,0.277232,0.342314,-0.081968,1.266321,0.014789,0.338121,0.327845,0.353956,-0.272653,1.691379,0.323663,0.376673,0.027018,0.076586,-0.149278,0.429700,0.044928,-0.157295,0.378639,-0.089353,-0.257997,1.111519,0.320916,0.109509,0.363199,0.164926,0.321134,1.416442,-0.377276,0.041812,0.239023,-0.325760,0.205411,1.540622,-0.119603,-0.437450,0.154863,0.017290,0.277958,0.783822,-0.114374,-0.104101,0.342222,-0.278442,0.093389,0.945015,0.116346,-0.189407,0.352847,-0.276521,-0.322926,1.620012,0.453304,-0.249773,0.108912
17.080000,0.276659,0.074324,0.569312,-0.059944,0.188194,0.297151,0.342485,-0.074874,1.272985,0.002332,0.371223,0.338489,0.360570,-0.264740,1.691907,0.337656,0.414563,0.025774,0.077577,-0.152166,0.437412,0.054174,-0.131392,0.392471,-0.082631,-0.255710,1.118899,0.351253,0.119130,0.374726,0.156987,0.321934,1.421281,-0.416488,0.038107,0.244787,-0.328183,0.196261,1.543747,-0.122661,-0.477412,0.157598,0.014766,0.275665,0.790808,-0.138015,-0.125247,0.356356,-0.275944,0.089288,0.952207,0.133429,-0.220708,0.366305,-0.267050,-0.328010,1.622194,0.493697,-0.258522,0.109305
17.100000,0.275203,0.078196,0.575453,-0.085653,0.198898,0.316975,0.342406,-0.067123,1.279858,-0.010257,0.403689,0.348645,0.367459,-0.256074,1.692410,0.351257,0.451915,0.024531,0.078752,-0.154531,0.445397,0.063246,-0.105068,0.405962,-0.075307,-0.253235,1.126505,0.380993,0.128306,0.385815,0.148270,0.322659,1.426231,-0.455219,0.034463,0.250211,-0.330667,0.186318,1.546925,-0.125752,-0.516841,0.160093,0.011770,0.272950,0.798074,-0.161535,-0.146172,0.370195,-0.273106,0.084561,0.959665,0.150240,-0.251893,0.379421,-0.256776,-0.333266,1.624383,0.533596,-0.267026,0.109551
17.120000,0.273234,0.082276,0.581989,-0.111178,0.209033,0.336570,0.342074,-0.058731,1.286927,-0.022929,0.435347,0.358228,0.374617,-0.246668,1.692888,0.364429,0.488569,0.023277,0.080106,-0.156368,0.453648,0.072117,-0.078570,0.419058,-0.067396,-0.250581,1.134328,0.409949,0.136987,0.396384,0.138783,0.323313,1.431287,-0.493290,0.030904,0.255253,-0.333213,0.175593,1.550149,-0.128873,-0.555551,0.162329,0.008307,0.269820,0.805613,-0.184787,-0.166733,0.383673,-0.269936,0.079214,0.967381,0.166691,-0.282801,0.392120,-0.245710,-0.338689,1.626575,0.572827,-0.275245,0.109636
17.140000,0.270758,0.086553,0.588913,-0.136333,0.218582,0.355801,0.341489,-0.049716,1.294182,-0.035636,0.466025,0.367153,0.382033,-0.236537,1.693341,0.377133,0.524364,0.021998,0.081635,-0.157675,0.462156,0.080757,-0.052142,0.431704,-0.058916,-0.247759,1.142357,0.437933,0.145123,0.406352,0.128544,0.323896,1.436438,-0.530525,0.027455,0.259867,-0.335822,0.164102,1.553416,-0.132022,-0.593354,0.164285,0.004382,0.266284,0.813418,-0.207624,-0.186785,0.396723,-0.266442,0.073252,0.975346,0.182692,-0.313270,0.404327,-0.233869,-0.344273,1.628767,0.611214,-0.283141,0.109552
17.160000,0.267783,0.091015,0.596219,-0.161116,0.227545,0.374668,0.340648,-0.040097,1.301609,-0.048378,0.495726,0.375418,0.389699,-0.225699,1.693768,0.389368,0.559299,0.020695,0.083335,-0.158454,0.470913,0.089168,-0.025785,0.443900,-0.049885,-0.244779,1.150578,0.464947,0.152716,0.415718,0.117568,0.324412,1.441678,-0.566924,0.024116,0.264055,-0.338494,0.151864,1.556719,-0.135200,-0.630250,0.165960,0.000004,0.262352,0.821479,-0.230045,-0.206327,0.409344,-0.262632,0.066686,0.983551,0.198245,-0.343300,0.416043,-0.221268,-0.350012,1.630956,0.648759,-0.290714,0.109296
17.180000,0.264316,0.095651,0.603898,-0.185529,0.235921,0.393171,0.339553,-0.029893,1.309195,-0.061154,0.524447,0.383025,0.397605,-0.214171,1.694169,0.401134,0.593374,0.019367,0.085200,-0.158706,0.479909,0.097349,0.000501,0.455648,-0.040324,-0.241654,1.158981,0.490989,0.159765,0.424483,0.105872,0.324861,1.446998,-0.602488,0.020887,0.267815,-0.341230,0.138898,1.560053,-0.138406,-0.666240,0.167356,-0.004817,0.258034,0.829789,-0.252051,-0.225360,0.421538,-0.258515,0.059523,0.991985,0.213348,-0.372892,0.427268,-0.207924,-0.355900,1.633138,0.685459,-0.297963,0.108870
17.200000,0.260365,0.100448,0.611943,-0.209570,0.243711,0.411309,0.338202,-0.019125,1.316926,-0.073965,0.552190,0.389973,0.405741,-0.201970,1.694542,0.412432,0.626590,0.018015,0.087227,-0.158434,0.489136,0.105300,0.026716,0.466946,-0.030252,-0.238392,1.167554,0.516061,0.166270,0.432647,0.093474,0.325248,1.452388,-0.637215,0.017767,0.271149,-0.344031,0.125221,1.563411,-0.141641,-0.701323,0.168471,-0.010075,0.253341,0.838338,-0.273640,-0.243884,0.433304,-0.254101,0.051773,1.000638,0.228003,-0.402045,0.438001,-0.193855,-0.361929,1.635310,0.721317,-0.304889,0.108273
17.220000,0.255937,0.105396,0.620347,-0.233082,0.250916,0.428973,0.336595,-0.007813,1.324789,-0.086752,0.578834,0.396221,0.414099,-0.189114,1.694889,0.423259,0.658821,0.016629,0.089411,-0.157640,0.498584,0.113006,0.052649,0.477753,-0.019689,-0.235007,1.176283,0.540032,0.172202,0.440164,0.080390,0.325573,1.457841,-0.670992,0.014779,0.274042,-0.346896,0.110852,1.566790,-0.144903,-0.735373,0.169303,-0.015759,0.248283,0.847118,-0.294698,-0.261788,0.444598,-0.249398,0.043445,1.009501,0.242149,-0.430643,0.448196,-0.179078,-0.368093,1.637468,0.756216,-0.311470,0.107501
17.240000,0.251046,0.110481,0.629098,-0.255909,0.257535,0.446055,0.334733,0.004020,1.332770,-0.099456,0.604259,0.401729,0.422669,-0.175624,1.695207,0.433613,0.689944,0.015203,0.091746,-0.156331,0.508243,0.120450,0.078088,0.488029,-0.008659,-0.231508,1.185156,0.562771,0.177533,0.446987,0.066641,0.325840,1.463347,-0.703705,0.011945,0.276484,-0.349827,0.095814,1.570182,-0.148190,-0.768264,0.169849,-0.021859,0.242874,0.856119,-0.315107,-0.278962,0.455378,-0.244419,0.034552,1.018562,0.255729,-0.458568,0.457807,-0.163613,-0.374385,1.639608,0.790042,-0.317685,0.106550
17.260000,0.245705,0.115693,0.638185,-0.278048,0.263571,0.462555,0.332617,0.016349,1.340853,-0.112079,0.628464,0.406496,0.431440,-0.161523,1.695497,0.443493,0.719957,0.013736,0.094227,-0.154519,0.518101,0.127633,0.103033,0.497773,0.002813,-0.227909,1.194158,0.584279,0.182262,0.453118,0.052249,0.326052,1.468897,-0.735354,0.009264,0.278474,-0.352824,0.080129,1.573582,-0.151502,-0.799997,0.170107,-0.028359,0.237130,0.865330,-0.334868,-0.295406,0.465643,-0.239173,0.025107,1.027810,0.268743,-0.485822,0.466834,-0.147483,-0.380798,1.641728,0.822794,-0.323533,0.105420
17.280000,0.239929,0.121020,0.647597,-0.299502,0.269021,0.478472,0.330250,0.029150,1.349025,-0.124620,0.651450,0.410522,0.440405,-0.146833,1.695756,0.452900,0.748860,0.012227,0.096849,-0.152213,0.528150,0.134555,0.127485,0.506986,0.014704,-0.224222,1.203276,0.604555,0.186390,0.458555,0.037234,0.326212,1.474483,-0.765939,0.006736,0.280012,-0.355887,0.063822,1.576984,-0.154839,-0.830571,0.170079,-0.035249,0.231063,0.874741,-0.353981,-0.311121,0.475393,-0.233673,0.015123,1.037232,0.281191,-0.512404,0.475278,-0.130709,-0.387324,1.643824,0.854473,-0.329015,0.104111
17.300000,0.233730,0.126450,0.657320,-0.320268,0.273887,0.493806,0.327633,0.042399,1.357269,-0.137079,0.673217,0.413808,0.449553,-0.131576,1.695986,0.461833,0.776655,0.010677,0.099607,-0.149423,0.538377,0.141216,0.151442,0.515667,0.026987,-0.220458,1.212495,0.623600,0.189916,0.463299,0.021618,0.326322,1.480095,-0.795460,0.004362,0.281098,-0.359018,0.046914,1.580383,-0.158201,-0.859985,0.169765,-0.042514,0.224690,0.884342,-0.372445,-0.326105,0.484629,-0.227929,0.004615,1.046817,0.293071,-0.538315,0.483138,-0.113311,-0.393956,1.645892,0.885079,-0.334131,0.102623
17.320000,0.227123,0.131972,0.667344,-0.340241,0.278182,0.508486,0.324768,0.056070,1.365572,-0.149404,0.693699,0.416351,0.458875,-0.115775,1.696183,0.470311,0.803271,0.009080,0.102496,-0.146160,0.548773,0.147611,0.174755,0.523792,0.039639,-0.216629,1.221803,0.641349,0.192838,0.467341,0.005423,0.326387,1.485724,-0.823859,0.002159,0.281737,-0.362216,0.029430,1.583773,-0.161587,-0.888171,0.169174,-0.050142,0.218024,0.894122,-0.390184,-0.340292,0.493327,-0.221954,-0.006404,1.056553,0.304360,-0.563488,0.490396,-0.095313,-0.400687,1.647928,0.914548,-0.338872,0.100964
17.340000,0.220126,0.137574,0.677655,-0.359309,0.281919,0.522439,0.321658,0.070138,1.373918,-0.161543,0.712830,0.418148,0.468363,-0.099454,1.696348,0.478350,0.828640,0.007427,0.105510,-0.142438,0.559325,0.153735,0.197272,0.531336,0.052632,-0.212748,1.231184,0.657737,0.195154,0.470672,-0.011328,0.326410,1.491361,-0.851079,0.000142,0.281934,-0.365481,0.011396,1.587148,-0.164993,-0.915058,0.168316,-0.058116,0.211084,0.904071,-0.407124,-0.353615,0.501465,-0.215759,-0.017919,1.066429,0.315029,-0.587860,0.497033,-0.076737,-0.407508,1.649929,0.942819,-0.343230,0.099144
17.360000,0.212757,0.143245,0.688237,-0.377475,0.285097,0.535664,0.318307,0.084574,1.382293,-0.173497,0.730610,0.419200,0.478007,-0.082638,1.696480,0.485951,0.852761,0.005720,0.108644,-0.138274,0.570022,0.159589,0.218992,0.538298,0.065940,-0.208827,1.240625,0.672765,0.196865,0.473291,-0.028612,0.326394,1.496998,-0.877119,-0.001687,0.281690,-0.368815,-0.007163,1.590504,-0.168420,-0.940646,0.167192,-0.066421,0.203885,0.914177,-0.423263,-0.366074,0.509043,-0.209357,-0.029913,1.076430,0.325079,-0.611430,0.503050,-0.057608,-0.414413,1.651892,0.969892,-0.347204,0.097162
17.380000,0.205033,0.148974,0.699077,-0.394737,0.287718,0.548164,0.314719,0.099353,1.390681,-0.185266,0.747040,0.419506,0.487798,-0.065352,1.696577,0.493115,0.875635,0.003958,0.111892,-0.133684,0.580853,0.165173,0.239916,0.544680,0.079534,-0.204878,1.250111,0.686433,0.197970,0.475199,-0.046405,0.326344,1.502626,-0.901980,-0.003329,0.281004,-0.372218,-0.026221,1.593834,-0.171868,-0.964935,0.165802,-0.075041,0.196446,0.924429,-0.438602,-0.377668,0.516061,-0.202760,-0.042371,1.086546,0.334510,-0.634199,0.508447,-0.037950,-0.421394,1.653814,0.995766,-0.350796,0.095019
17.400000,0.196973,0.154750,0.710159,-0.411096,0.289781,0.559936,0.310898,0.114447,1.399068,-0.196850,0.762119,0.419066,0.497728,-0.047621,1.696638,0.499840,0.897261,0.002141,0.115249,-0.128683,0.591806,0.170485,0.260044,0.550481,0.093388,-0.200912,1.259628,0.698740,0.198469,0.476395,-0.064683,0.326262,1.508235,-0.925661,-0.004784,0.279877,-0.375690,-0.045752,1.597134,-0.175338,-0.987925,0.164145,-0.083960,0.188784,0.934816,-0.453141,-0.388398,0.522519,-0.195980,-0.055276,1.096764,0.343321,-0.656167,0.513223,-0.017786,-0.428443,1.655692,1.020441,-0.354004,0.092713
17.420000,0.188596,0.160561,0.721469,-0.426494,0.291314,0.570939,0.306847,0.129829,1.407439,-0.208211,0.775829,0.417909,0.507789,-0.029470,1.696662,0.506150,0.917608,0.000265,0.118709,-0.123288,0.602869,0.175532,0.279294,0.555695,0.107474,-0.196943,1.269162,0.709680,0.198390,0.476897,-0.083424,0.326154,1.513818,-0.948154,-0.006045,0.278332,-0.379232,-0.065729,1.600398,-0.178822,-1.009590,0.162241,-0.093162,0.180916,0.945326,-0.466843,-0.398240,0.528410,-0.189031,-0.068612,1.107071,0.351513,-0.677305,0.517382,0.002860,-0.435552,1.657522,1.043904,-0.356833,0.090265
17.440000,0.179920,0.166399,0.732991,-0.440875,0.292347,0.581131,0.302571,0.145471,1.415780,-0.219314,0.788153,0.416061,0.517972,-0.010925,1.696648,0.512066,0.936642,-0.001674,0.122268,-0.117518,0.614030,0.180315,0.297587,0.560318,0.121766,-0.192980,1.278700,0.719245,0.197760,0.476719,-0.102602,0.326022,1.519366,-0.969452,-0.007106,0.276393,-0.382843,-0.086127,1.603622,-0.182314,-1.029904,0.160112,-0.102628,0.172861,0.955949,-0.479672,-0.407170,0.533730,-0.181924,-0.082362,1.117455,0.359083,-0.697587,0.520927,0.023962,-0.442713,1.659302,1.066140,-0.359290,0.087692
17.460000,0.170968,0.172252,0.744709,-0.454237,0.292878,0.590513,0.298076,0.161346,1.424077,-0.230157,0.799091,0.413523,0.528269,0.007987,1.696595,0.517590,0.954365,-0.003677,0.125920,-0.111391,0.625277,0.184835,0.314922,0.564349,0.136235,-0.189036,1.288227,0.727436,0.196580,0.475862,-0.122194,0.325871,1.524871,-0.989555,-0.007966,0.274061,-0.386524,-0.106917,1.606801,-0.185816,-1.048868,0.157757,-0.112343,0.164636,0.966672,-0.491627,-0.415188,0.538476,-0.174672,-0.096510,1.127904,0.366031,-0.717011,0.523857,0.045497,-0.449921,1.661029,1.087150,-0.361373,0.084995
17.480000,0.161758,0.178111,0.756606,-0.466581,0.292909,0.599083,0.293367,0.177425,1.432316,-0.240742,0.808642,0.410295,0.538673,0.027241,1.696501,0.522721,0.970775,-0.005743,0.129660,-0.104927,0.636600,0.189093,0.331299,0.567788,0.150854,-0.185121,1.297730,0.734252,0.194849,0.474326,-0.142176,0.325704,1.530326,-1.008462,-0.008626,0.271336,-0.390276,-0.128072,1.609931,-0.189325,-1.066481,0.155176,-0.122287,0.156259,0.977484,-0.502709,-0.422294,0.542651,-0.167287,-0.111037,1.138406,0.372357,-0.735579,0.526174,0.067440,-0.457166,1.662701,1.106933,-0.363084,0.082173
17.500000,0.152311,0.183965,0.768667,-0.477907,0.292439,0.606842,0.288448,0.193682,1.440484,-0.251068,0.816808,0.406377,0.549175,0.046810,1.696365,0.527458,0.985873,-0.007872,0.133482,-0.098145,0.647985,0.193088,0.346717,0.570636,0.165596,-0.181246,1.307195,0.739693,0.192567,0.472111,-0.162524,0.325527,1.535722,-1.026174,-0.009086,0.268218,-0.394097,-0.149567,1.613007,-0.192843,-1.082742,0.152369,-0.132445,0.147750,0.988374,-0.512918,-0.428488,0.546252,-0.159782,-0.125927,1.148947,0.378062,-0.753289,0.527876,0.089766,-0.464442,1.664315,1.125489,-0.364421,0.079226
17.520000,0.142648,0.189805,0.780874,-0.488209,0.291497,0.613784,0.283326,0.210089,1.448567,-0.261104,0.823611,0.401825,0.559768,0.066667,1.696185,0.531825,0.999660,-0.010066,0.137382,-0.091065,0.659421,0.196829,0.361160,0.572905,0.180433,-0.177422,1.316610,0.743799,0.189788,0.469252,-0.183215,0.325342,1.541052,-1.042709,-0.009346,0.264746,-0.397990,-0.171373,1.616024,-0.196356,-1.097653,0.149362,-0.142798,0.139126,0.999330,-0.522250,-0.433784,0.549280,-0.152168,-0.141163,1.159517,0.383166,-0.770136,0.528976,0.112452,-0.471740,1.665869,1.142842,-0.365403,0.076179
17.540000,0.132790,0.195622,0.793213,-0.497482,0.290109,0.619903,0.278006,0.226618,1.456553,-0.270818,0.829076,0.396697,0.570446,0.086787,1.695961,0.535841,1.012137,-0.012327,0.141354,-0.083706,0.670897,0.200325,0.374610,0.574610,0.195339,-0.173657,1.325961,0.746609,0.186563,0.465784,-0.204225,0.325154,1.546310,-1.058088,-0.009410,0.260960,-0.401952,-0.193464,1.618980,-0.199850,-1.111213,0.146182,-0.153329,0.130405,1.010341,-0.530702,-0.438197,0.551731,-0.144459,-0.156727,1.170102,0.387690,-0.786111,0.529484,0.135472,-0.479055,1.667362,1.159015,-0.366049,0.073054
17.560000,0.122756,0.201407,0.805665,-0.505724,0.288276,0.625199,0.272495,0.243243,1.464431,-0.280211,0.833203,0.390992,0.581200,0.107144,1.695692,0.539509,1.023303,-0.014654,0.145393,-0.076087,0.682402,0.203577,0.387065,0.575748,0.210289,-0.169962,1.335237,0.748122,0.182894,0.461707,-0.225531,0.324967,1.551489,-1.072309,-0.009275,0.256860,-0.405983,-0.215813,1.621870,-0.203324,-1.123422,0.142827,-0.164020,0.121604,1.021395,-0.538273,-0.441726,0.553606,-0.136665,-0.172602,1.180692,0.391632,-0.801214,0.529401,0.158804,-0.486380,1.668791,1.174008,-0.366359,0.069852
17.580000,0.112567,0.207150,0.818215,-0.512937,0.285999,0.629672,0.266800,0.259937,1.472189,-0.289283,0.835992,0.384710,0.592024,0.127711,1.695375,0.542826,1.033159,-0.017048,0.149495,-0.068230,0.693923,0.206585,0.398527,0.576322,0.225255,-0.166345,1.344425,0.748339,0.178780,0.457020,-0.247110,0.324785,1.556582,-1.085372,-0.008944,0.252447,-0.410084,-0.238392,1.624692,-0.206780,-1.134280,0.139299,-0.174854,0.112741,1.032482,-0.544965,-0.444372,0.554904,-0.128797,-0.188770,1.191274,0.394995,-0.815446,0.528726,0.182425,-0.493708,1.670155,1.187820,-0.366333,0.066572
17.600000,0.102245,0.212844,0.830846,-0.519120,0.283277,0.633321,0.260926,0.276674,1.479816,-0.298033,0.837444,0.377851,0.602910,0.148461,1.695009,0.545794,1.041705,-0.019508,0.153655,-0.060153,0.705451,0.209348,0.408996,0.576330,0.240214,-0.162814,1.353514,0.747260,0.174222,0.451725,-0.268938,0.324611,1.561584,-1.097279,-0.008415,0.247719,-0.414254,-0.261175,1.627441,-0.210217,-1.143786,0.135598,-0.185813,0.103835,1.043588,-0.550776,-0.446134,0.555627,-0.120869,-0.205214,1.201837,0.397776,-0.828806,0.527461,0.206309,-0.501031,1.671453,1.200452,-0.365971,0.063215
17.620000,0.091809,0.218478,0.843543,-0.524303,0.280137,0.636167,0.254881,0.293426,1.487300,-0.306437,0.837615,0.370490,0.613853,0.169370,1.694594,0.548430,1.048968,-0.022032,0.157868,-0.051876,0.716973,0.211878,0.418498,0.575800,0.255138,-0.159378,1.362491,0.744963,0.169287,0.445873,-0.290993,0.324449,1.566489,-1.108064,-0.007696,0.242728,-0.418493,-0.284134,1.630115,-0.213615,-1.151960,0.131750,-0.196880,0.094902,1.054703,-0.555730,-0.447056,0.555779,-0.112890,-0.221916,1.212369,0.400009,-0.841302,0.525630,0.230435,-0.508344,1.672683,1.211935,-0.365291,0.059800
17.640000,0.081280,0.224046,0.856288,-0.528514,0.276609,0.638229,0.248671,0.310170,1.494632,-0.314466,0.836564,0.362702,0.624846,0.190412,1.694128,0.550753,1.054976,-0.024618,0.162129,-0.043419,0.728480,0.214186,0.427061,0.574759,0.270005,-0.156044,1.371345,0.741528,0.164048,0.439518,-0.313253,0.324304,1.571292,-1.117764,-0.006797,0.237523,-0.422799,-0.307244,1.632710,-0.216955,-1.158819,0.127786,-0.208037,0.085958,1.065815,-0.559849,-0.447182,0.555367,-0.104872,-0.238860,1.222859,0.401724,-0.852943,0.523260,0.254779,-0.515641,1.673845,1.222301,-0.364311,0.056346
17.660000,0.070675,0.229540,0.869066,-0.531754,0.272691,0.639507,0.242304,0.326881,1.501805,-0.322123,0.834290,0.354486,0.635881,0.211561,1.693609,0.552761,1.059730,-0.027264,0.166434,-0.034800,0.739960,0.216274,0.434686,0.573206,0.284791,-0.152818,1.380068,0.736954,0.158502,0.432660,-0.335697,0.324179,1.575989,-1.126379,-0.005716,0.232104,-0.427171,-0.330478,1.635226,-0.220235,-1.164362,0.123705,-0.219268,0.077020,1.076914,-0.563135,-0.446513,0.554390,-0.096825,-0.256028,1.233296,0.402922,-0.863727,0.520352,0.279320,-0.522915,1.674937,1.231550,-0.363031,0.052853
17.680000,0.060016,0.234951,0.881863,-0.534024,0.268384,0.640000,0.235789,0.343533,1.508809,-0.329406,0.830794,0.345843,0.646954,0.232793,1.693037,0.554455,1.063230,-0.029972,0.170778,-0.026038,0.751404,0.218140,0.441372,0.571142,0.299475,-0.149706,1.388648,0.731241,0.152650,0.425298,-0.358301,0.324077,1.580575,-1.133909,-0.004455,0.226471,-0.431608,-0.353810,1.637658,-0.223457,-1.168591,0.119507,-0.230557,0.068103,1.087987,-0.565587,-0.445047,0.552849,-0.088758,-0.273403,1.243669,0.403603,-0.873656,0.516905,0.304034,-0.530160,1.675959,1.239682,-0.361451,0.049321
17.700000,0.049321,0.240273,0.894661,-0.535322,0.263688,0.639710,0.229131,0.360104,1.515636,-0.336315,0.826075,0.336772,0.658057,0.254082,1.692410,0.555835,1.065475,-0.032741,0.175158,-0.017152,0.762802,0.219785,0.447119,0.568566,0.314033,-0.146714,1.397076,0.724389,0.146493,0.417432,-0.381046,0.324002,1.585046,-1.140354,-0.003012,0.220623,-0.436109,-0.377213,1.640005,-0.226621,-1.171505,0.115192,-0.241886,0.059223,1.099024,-0.567204,-0.442785,0.550743,-0.080684,-0.290969,1.253968,0.403766,-0.882728,0.512919,0.328899,-0.537371,1.676910,1.246696,-0.359572,0.045751
17.720000,0.038609,0.245497,0.907446,-0.535707,0.258636,0.638677,0.222339,0.376569,1.522278,-0.342834,0.820219,0.327355,0.669185,0.275404,1.691727,0.556913,1.066519,-0.035563,0.179568,-0.008159,0.774144,0.221222,0.451985,0.565519,0.328444,-0.143848,1.405343,0.716502,0.140102,0.409137,-0.403908,0.323957,1.589399,-1.145741,-0.001394,0.214607,-0.440672,-0.400662,1.642265,-0.229704,-1.173141,0.110788,-0.253240,0.050396,1.110013,-0.568033,-0.439792,0.548092,-0.072611,-0.308707,1.264183,0.403448,-0.890958,0.508438,0.353894,-0.544541,1.677789,1.252629,-0.357404,0.042156
17.740000,0.027898,0.250616,0.920204,-0.535237,0.253260,0.636942,0.215420,0.392906,1.528728,-0.348944,0.813312,0.317673,0.680332,0.296735,1.690987,0.557699,1.066416,-0.038426,0.184005,0.000922,0.785420,0.222462,0.456030,0.562042,0.342687,-0.141111,1.413440,0.707681,0.133549,0.400485,-0.426868,0.323947,1.593629,-1.150099,0.000394,0.208466,-0.445296,-0.424131,1.644436,-0.232687,-1.173539,0.106323,-0.264602,0.041636,1.120944,-0.568119,-0.436132,0.544917,-0.064549,-0.326601,1.274303,0.402685,-0.898359,0.503506,0.378998,-0.551665,1.678596,1.257519,-0.354958,0.038548
17.760000,0.017205,0.255625,0.932919,-0.533911,0.247561,0.634507,0.208384,0.409094,1.534983,-0.354646,0.805353,0.307726,0.691491,0.318053,1.690189,0.558195,1.065165,-0.041332,0.188465,0.010077,0.796623,0.223507,0.459252,0.558134,0.356745,-0.138507,1.421360,0.697927,0.126836,0.391476,-0.449905,0.323974,1.597736,-1.153429,0.002352,0.202201,-0.449979,-0.447595,1.646517,-0.235568,-1.172696,0.101797,-0.275959,0.032955,1.131806,-0.567463,-0.431806,0.541217,-0.056507,-0.344636,1.284320,0.401476,-0.904931,0.498122,0.404188,-0.558737,1.679330,1.261366,-0.352234,0.034928
17.780000,0.006547,0.260516,0.945579,-0.531729,0.241539,0.631370,0.201237,0.425113,1.541036,-0.359940,0.796342,0.297515,0.702658,0.339334,1.689333,0.558400,1.062766,-0.044280,0.192944,0.019287,0.807743,0.224356,0.461652,0.553796,0.370598,-0.136039,1.429096,0.687240,0.119961,0.382110,-0.472999,0.324042,1.601717,-1.155729,0.004480,0.195812,-0.454718,-0.471030,1.648508,-0.238348,-1.170614,0.097211,-0.287296,0.024368,1.142589,-0.566064,-0.426813,0.536993,-0.048493,-0.362793,1.294225,0.399822,-0.910673,0.492288,0.429445,-0.565753,1.679993,1.264169,-0.349233,0.031296
17.800000,-0.004058,0.265284,0.958169,-0.528692,0.235193,0.627533,0.193989,0.440941,1.546882,-0.364825,0.786280,0.287039,0.713825,0.360556,1.688418,0.558314,1.059220,-0.047271,0.197438,0.028537,0.818772,0.225010,0.463229,0.549027,0.384228,-0.133710,1.436642,0.675620,0.112924,0.372388,-0.496128,0.324155,1.605568,-1.157001,0.006778,0.189299,-0.459512,-0.494411,1.650405,-0.241028,-1.167292,0.092563,-0.298597,0.015887,1.153283,-0.563922,-0.421154,0.532244,-0.040517,-0.381057,1.304008,0.397723,-0.915586,0.486003,0.454748,-0.572705,1.680582,1.265928,-0.345954,0.027651
17.820000,-0.014595,0.269922,0.970676,-0.524877,0.228563,0.623057,0.186647,0.456558,1.552516,-0.369293,0.775274,0.276375,0.724988,0.381695,1.687442,0.557944,1.054595,-0.050290,0.201943,0.037811,0.829701,0.225480,0.464059,0.543882,0.397617,-0.131523,1.443990,0.663191,0.105798,0.362386,-0.519272,0.324315,1.609288,-1.157257,0.009239,0.182700,-0.464358,-0.517714,1.652210,-0.243585,-1.162784,0.087878,-0.309848,0.007526,1.163876,-0.561098,-0.414902,0.527011,-0.032587,-0.399411,1.313662,0.395213,-0.919683,0.479327,0.480076,-0.579589,1.681099,1.266681,-0.342404,0.024005
17.840000,-0.025049,0.274425,0.983088,-0.520362,0.221685,0.618007,0.179220,0.471946,1.557936,-0.373335,0.763434,0.265599,0.736141,0.402733,1.686406,0.557295,1.048957,-0.053325,0.206456,0.047095,0.840525,0.225779,0.464215,0.538416,0.410751,-0.129478,1.451136,0.650080,0.098653,0.352181,-0.542411,0.324525,1.612876,-1.156510,0.011857,0.176054,-0.469254,-0.540915,1.653920,-0.246000,-1.157143,0.083180,-0.321037,-0.000705,1.174360,-0.557650,-0.408131,0.521336,-0.024711,-0.417839,1.323179,0.392326,-0.922978,0.472319,0.505409,-0.586399,1.681542,1.266464,-0.338593,0.020368
17.860000,-0.035405,0.278788,0.995393,-0.515147,0.214561,0.612383,0.171716,0.487090,1.563139,-0.376952,0.750758,0.254712,0.747278,0.423647,1.685309,0.556369,1.042308,-0.056375,0.210973,0.056375,0.851236,0.225908,0.463698,0.532627,0.423616,-0.127577,1.458076,0.636285,0.091491,0.341772,-0.565526,0.324790,1.616330,-1.154760,0.014631,0.169360,-0.474197,-0.563992,1.655537,-0.248272,-1.150368,0.078468,-0.332150,-0.008796,1.184726,-0.553581,-0.400840,0.515218,-0.016896,-0.436325,1.332553,0.389061,-0.925471,0.464980,0.530728,-0.593131,1.681914,1.265277,-0.334518,0.016740
17.880000,-0.045650,0.283006,1.007579,-0.509233,0.207190,0.606183,0.164145,0.501971,1.568124,-0.380143,0.737247,0.243713,0.758394,0.444418,1.684151,0.555164,1.034647,-0.059441,0.215491,0.065638,0.861828,0.225867,0.462507,0.526516,0.436198,-0.125819,1.464805,0.621808,0.084310,0.331161,-0.588595,0.325112,1.619650,-1.152007,0.017563,0.162620,-0.479184,-0.586922,1.657059,-0.250403,-1.142460,0.073742,-0.343176,-0.016736,1.194966,-0.548889,-0.393031,0.508657,-0.009151,-0.454853,1.341776,0.385420,-0.927162,0.457309,0.556013,-0.599778,1.682212,1.263120,-0.330182,0.013120
17.900000,-0.055770,0.287074,1.019636,-0.502618,0.199573,0.599409,0.156513,0.516574,1.572887,-0.382908,0.722901,0.232602,0.769483,0.465026,1.682931,0.553681,1.025974,-0.062521,0.220007,0.074871,0.872294,0.225654,0.460642,0.520084,0.448484,-0.124204,1.471321,0.606647,0.077110,0.320347,-0.611599,0.325493,1.622834,-1.148251,0.020650,0.155831,-0.484213,-0.609683,1.658487,-0.252390,-1.133418,0.069003,-0.354101,-0.024514,1.205070,-0.543574,-0.384702,0.501654,-0.001482,-0.473406,1.350843,0.381401,-0.928050,0.449307,0.581246,-0.606336,1.682438,1.259993,-0.325583,0.009510
17.920000,-0.065751,0.290987,1.031552,-0.495392,0.191750,0.592138,0.148831,0.530882,1.577427,-0.385252,0.707842,0.221445,0.780540,0.485451,1.681650,0.551926,1.016355,-0.065605,0.224517,0.084060,0.882629,0.225281,0.458175,0.513391,0.460460,-0.122734,1.477618,0.590929,0.069952,0.309401,-0.634518,0.325939,1.625883,-1.143506,0.023882,0.149024,-0.489279,-0.632252,1.659819,-0.254222,-1.123293,0.064267,-0.364915,-0.032121,1.215029,-0.537704,-0.375925,0.494266,0.006103,-0.491969,1.359747,0.377032,-0.928128,0.441037,0.606407,-0.612800,1.682593,1.255925,-0.320724,0.005911
17.940000,-0.075582,0.294743,1.043319,-0.487641,0.183764,0.584447,0.141106,0.544884,1.581745,-0.387182,0.692194,0.210307,0.791558,0.505674,1.680307,0.549907,1.005856,-0.068678,0.229017,0.093195,0.892829,0.224759,0.455177,0.506498,0.472118,-0.121406,1.483696,0.574782,0.062896,0.298395,-0.657333,0.326450,1.628795,-1.137788,0.027244,0.142228,-0.494380,-0.654608,1.661057,-0.255882,-1.112131,0.059549,-0.375606,-0.039548,1.224838,-0.531349,-0.366772,0.486549,0.013597,-0.510526,1.368483,0.372336,-0.927388,0.432561,0.631477,-0.619164,1.682675,1.250941,-0.315608,0.002325
17.960000,-0.085253,0.298337,1.054928,-0.479365,0.175615,0.576336,0.133347,0.558566,1.585840,-0.388696,0.675955,0.199188,0.802534,0.525679,1.678903,0.547623,0.994475,-0.071742,0.233506,0.102264,0.902888,0.224086,0.451647,0.499405,0.483449,-0.120217,1.489554,0.558204,0.055942,0.287329,-0.680024,0.327029,1.631572,-1.131095,0.030737,0.135441,-0.499513,-0.676730,1.662201,-0.257372,-1.099933,0.054851,-0.386166,-0.046789,1.234489,-0.524506,-0.357242,0.478504,0.020994,-0.529059,1.377048,0.367316,-0.925830,0.423880,0.656438,-0.625422,1.682686,1.245043,-0.310235,-0.001246
17.980000,-0.094753,0.301766,1.066370,-0.470564,0.167302,0.567805,0.125561,0.571918,1.589712,-0.389795,0.659127,0.188087,0.813462,0.545448,1.677438,0.545075,0.982214,-0.074795,0.237980,0.111257,0.912803,0.223264,0.447586,0.492112,0.494443,-0.119167,1.495189,0.541196,0.049089,0.276203,-0.702570,0.327680,1.634213,-1.123428,0.034360,0.128664,-0.504674,-0.698598,1.663252,-0.258692,-1.086700,0.050173,-0.396583,-0.053835,1.243976,-0.517178,-0.347336,0.470130,0.028288,-0.547554,1.385437,0.361969,-0.923454,0.414993,0.681273,-0.631571,1.682625,1.238230,-0.304605,-0.004803
18.000000,-0.104072,0.305028,1.077637,-0.461239,0.158827,0.558855,0.117758,0.584927,1.593363,-0.390480,0.641708,0.177006,0.824335,0.564962,1.675911,0.542262,0.969072,-0.077838,0.242435,0.120164,0.922571,0.222292,0.442993,0.484620,0.505094,-0.118253,1.500602,0.523758,0.042338,0.265016,-0.724954,0.328404,1.636719,-1.114787,0.038114,0.121898,-0.509860,-0.720191,1.664208,-0.259841,-1.072431,0.045513,-0.406850,-0.060680,1.253292,-0.509362,-0.337054,0.461428,0.035471,-0.565992,1.393646,0.356298,-0.920261,0.405900,0.705962,-0.637605,1.682494,1.230503,-0.298718,-0.008347
18.020000,-0.113199,0.308119,1.088722,-0.451472,0.150223,0.549566,0.109944,0.597583,1.596793,-0.390767,0.623816,0.165990,0.835150,0.584205,1.674324,0.539183,0.955095,-0.080859,0.246870,0.128973,0.932187,0.221179,0.437926,0.476983,0.515392,-0.117473,1.505790,0.506020,0.035729,0.253829,-0.747155,0.329205,1.639089,-1.105190,0.041979,0.115161,-0.515067,-0.741489,1.665072,-0.260810,-1.057171,0.040885,-0.416955,-0.067315,1.262431,-0.501135,-0.326459,0.452456,0.042538,-0.584358,1.401672,0.350324,-0.916233,0.396657,0.730487,-0.643518,1.682291,1.221900,-0.292568,-0.011874
18.040000,-0.122128,0.311036,1.099618,-0.441345,0.141525,0.540022,0.102129,0.609878,1.600004,-0.390675,0.605567,0.155087,0.845901,0.603160,1.672677,0.535837,0.940329,-0.083845,0.251282,0.137678,0.941650,0.219935,0.432444,0.469259,0.525333,-0.116823,1.510755,0.488111,0.029303,0.242702,-0.769156,0.330084,1.641325,-1.094657,0.045937,0.108472,-0.520291,-0.762472,1.665844,-0.261592,-1.040964,0.036297,-0.426893,-0.073737,1.271389,-0.492569,-0.315615,0.443273,0.049482,-0.602636,1.409512,0.344070,-0.911354,0.387317,0.754832,-0.649306,1.682019,1.212462,-0.286151,-0.015384
18.060000,-0.130851,0.313779,1.110321,-0.430858,0.132735,0.530222,0.094320,0.621804,1.602997,-0.390203,0.586962,0.144297,0.856582,0.621813,1.670971,0.532224,0.924772,-0.086795,0.255667,0.146268,0.950957,0.218559,0.426544,0.461448,0.534915,-0.116299,1.515498,0.470031,0.023060,0.231634,-0.790936,0.331043,1.643428,-1.083187,0.049988,0.101832,-0.525529,-0.783121,1.666524,-0.262186,-1.023811,0.031752,-0.436656,-0.079938,1.280161,-0.483666,-0.304521,0.433878,0.056299,-0.620807,1.417164,0.337538,-0.905625,0.377881,0.778980,-0.654963,1.681676,1.202188,-0.279467,-0.018876
18.080000,-0.139360,0.316345,1.120825,-0.420012,0.123851,0.520166,0.086524,0.633354,1.605776,-0.389352,0.567999,0.133620,0.867188,0.640146,1.669206,0.528343,0.908426,-0.089711,0.260023,0.154737,0.960107,0.217051,0.420229,0.453549,0.544133,-0.115899,1.520021,0.451780,0.017001,0.220626,-0.812477,0.332084,1.645399,-1.070779,0.054131,0.095241,-0.530777,-0.803418,1.667114,-0.262592,-1.005712,0.027248,-0.446237,-0.085916,1.288743,-0.474424,-0.293178,0.424271,0.062982,-0.638855,1.424626,0.330726,-0.899045,0.368348,0.802914,-0.660483,1.681264,1.191079,-0.272515,-0.022351
18.100000,-0.147649,0.318732,1.131126,-0.408806,0.114873,0.509854,0.078748,0.644521,1.608343,-0.388122,0.548680,0.123056,0.877714,0.658145,1.667383,0.524196,0.891291,-0.092591,0.264348,0.163075,0.969098,0.215412,0.413497,0.445563,0.552985,-0.115618,1.524324,0.433359,0.011124,0.209676,-0.833760,0.333209,1.647238,-1.057435,0.058368,0.088697,-0.536031,-0.823343,1.667615,-0.262810,-0.986666,0.022786,-0.455630,-0.091664,1.297130,-0.464844,-0.281585,0.414452,0.069526,-0.656763,1.431897,0.323636,-0.891615,0.358720,0.826617,-0.665861,1.680782,1.179135,-0.265295,-0.025808
18.120000,-0.155710,0.320939,1.141218,-0.397324,0.105825,0.499355,0.071001,0.655299,1.610700,-0.386535,0.529102,0.112642,0.888154,0.675793,1.665502,0.519775,0.873400,-0.095424,0.268639,0.171274,0.977929,0.213643,0.406379,0.437539,0.561467,-0.115453,1.528409,0.414889,0.005449,0.198832,-0.854768,0.334420,1.648947,-1.043180,0.062672,0.082215,-0.541288,-0.842879,1.668026,-0.262836,-0.966724,0.018373,-0.464829,-0.097178,1.305320,-0.454994,-0.269803,0.404478,0.075925,-0.674514,1.438975,0.316284,-0.883315,0.349038,0.850074,-0.671093,1.680232,1.166394,-0.257809,-0.029244
18.140000,-0.163541,0.322965,1.151099,-0.385652,0.096727,0.488736,0.063289,0.665684,1.612850,-0.384614,0.509364,0.102417,0.898503,0.693076,1.663566,0.515071,0.854790,-0.098195,0.272893,0.179328,0.986600,0.211746,0.398907,0.429530,0.569581,-0.115399,1.532278,0.396494,-0.000009,0.188139,-0.875482,0.335716,1.650527,-1.028040,0.067020,0.075806,-0.546543,-0.862007,1.668350,-0.262664,-0.945938,0.014018,-0.473829,-0.102455,1.313309,-0.444943,-0.257891,0.394406,0.082175,-0.692090,1.445859,0.308691,-0.874127,0.339346,0.873268,-0.676172,1.679613,1.152895,-0.250056,-0.032654
18.160000,-0.171135,0.324808,1.160767,-0.373790,0.087580,0.477999,0.055619,0.675673,1.614797,-0.382358,0.489465,0.092379,0.908755,0.709979,1.661575,0.510086,0.835458,-0.100906,0.277108,0.187228,0.995111,0.209721,0.391079,0.421535,0.577328,-0.115452,1.535935,0.378174,-0.005248,0.177597,-0.895884,0.337101,1.651980,-1.012015,0.071411,0.069470,-0.551793,-0.880711,1.668587,-0.262294,-0.924309,0.009721,-0.482625,-0.107493,1.321095,-0.434691,-0.245851,0.384234,0.088271,-0.709473,1.452549,0.300855,-0.864052,0.329643,0.896185,-0.681093,1.678926,1.138639,-0.242036,-0.036040
18.180000,-0.178491,0.326468,1.170218,-0.361736,0.078385,0.467142,0.047997,0.685262,1.616546,-0.379769,0.469406,0.082529,0.918905,0.726489,1.659530,0.504819,0.815407,-0.103555,0.281281,0.194968,1.003462,0.207568,0.382896,0.413553,0.584709,-0.115607,1.539383,0.359928,-0.010269,0.167205,-0.915956,0.338573,1.653307,-0.995106,0.075845,0.063208,-0.557034,-0.898973,1.668739,-0.261727,-0.901835,0.005480,-0.491215,-0.112288,1.328677,-0.424238,-0.233682,0.373965,0.094208,-0.726646,1.459044,0.292778,-0.853088,0.319930,0.918809,-0.685852,1.678171,1.123625,-0.233751,-0.039401
18.200000,-0.185604,0.327943,1.179451,-0.349492,0.069141,0.456166,0.040430,0.694448,1.618100,-0.376845,0.449186,0.072867,0.928946,0.742591,1.657433,0.499270,0.794635,-0.106143,0.285410,0.202542,1.011653,0.205287,0.374358,0.405586,0.591725,-0.115861,1.542624,0.341757,-0.015071,0.156964,-0.935682,0.340135,1.654509,-0.977311,0.080322,0.057019,-0.562261,-0.916778,1.668807,-0.260963,-0.878516,0.001297,-0.499594,-0.116839,1.336053,-0.413584,-0.221384,0.363596,0.099981,-0.743591,1.465346,0.284458,-0.841237,0.310206,0.941125,-0.690441,1.677350,1.107854,-0.225199,-0.042737
18.220000,-0.192470,0.329233,1.188464,-0.337137,0.059871,0.445133,0.032925,0.703229,1.619462,-0.373611,0.428897,0.063421,0.938873,0.758270,1.655285,0.493419,0.773163,-0.108660,0.289492,0.209940,1.019685,0.202880,0.365486,0.397676,0.598380,-0.116209,1.545663,0.323757,-0.019649,0.146906,-0.955043,0.341786,1.655588,-0.958672,0.084813,0.050912,-0.567471,-0.934109,1.668792,-0.260000,-0.854417,-0.002822,-0.507758,-0.121143,1.343221,-0.402790,-0.209011,0.353183,0.105585,-0.760289,1.471453,0.275910,-0.828487,0.300502,0.963118,-0.694858,1.676462,1.091350,-0.216390,-0.046040
18.240000,-0.199089,0.330338,1.197257,-0.324752,0.050600,0.434107,0.025488,0.711604,1.620638,-0.370088,0.408630,0.054218,0.948680,0.773513,1.653087,0.487243,0.751012,-0.111093,0.293524,0.217159,1.027561,0.200346,0.356303,0.389870,0.604677,-0.116645,1.548502,0.306025,-0.023994,0.137062,-0.974024,0.343527,1.656546,-0.939228,0.089285,0.044895,-0.572660,-0.950950,1.668694,-0.258836,-0.829600,-0.006873,-0.515705,-0.125199,1.350181,-0.391917,-0.196619,0.342781,0.111016,-0.776724,1.477366,0.267148,-0.814827,0.290846,0.984774,-0.699095,1.675508,1.074138,-0.207332,-0.049303
18.260000,-0.205460,0.331257,1.205829,-0.312335,0.041327,0.423086,0.018124,0.719574,1.621633,-0.366277,0.388384,0.045258,0.958361,0.788306,1.650842,0.480744,0.728182,-0.113444,0.297505,0.224191,1.035281,0.197686,0.346808,0.382167,0.610623,-0.117167,1.551147,0.288562,-0.028108,0.127432,-0.992607,0.345357,1.657384,-0.918979,0.093740,0.038969,-0.577823,-0.967288,1.668517,-0.257471,-0.804066,-0.010855,-0.523434,-0.129008,1.356932,-0.380965,-0.184208,0.332389,0.116269,-0.792876,1.483087,0.258171,-0.800259,0.281238,1.006079,-0.703149,1.674490,1.056218,-0.198026,-0.052525
18.280000,-0.211582,0.331991,1.214180,-0.299887,0.032053,0.412072,0.010839,0.727139,1.622450,-0.362179,0.368159,0.036541,0.967908,0.802636,1.648550,0.473920,0.704674,-0.115711,0.301431,0.231029,1.042848,0.194899,0.337001,0.374567,0.616222,-0.117768,1.553601,0.271367,-0.031989,0.118017,-1.010777,0.347277,1.658105,-0.897925,0.098176,0.033134,-0.582957,-0.983108,1.668261,-0.255906,-0.777813,-0.014767,-0.530943,-0.132568,1.363476,-0.369933,-0.171777,0.322008,0.121341,-0.808728,1.488616,0.248980,-0.784781,0.271679,1.027018,-0.707015,1.673408,1.037590,-0.188472,-0.055706
18.300000,-0.217455,0.332540,1.222312,-0.287408,0.022778,0.401063,0.003639,0.734301,1.623096,-0.357792,0.347956,0.028067,0.977316,0.816488,1.646214,0.466773,0.680486,-0.117896,0.305300,0.237668,1.050264,0.191987,0.326883,0.367070,0.621479,-0.118445,1.555869,0.254441,-0.035638,0.108816,-1.028519,0.349284,1.658710,-0.876066,0.102595,0.027389,-0.588058,-0.998396,1.667927,-0.254140,-0.750843,-0.018611,-0.538230,-0.135879,1.369813,-0.358823,-0.159327,0.311638,0.126227,-0.824262,1.493954,0.239574,-0.768395,0.262168,1.047578,-0.710687,1.672262,1.018255,-0.178669,-0.058847
18.320000,-0.223078,0.332902,1.230223,-0.274954,0.013519,0.390103,-0.003471,0.741058,1.623575,-0.353144,0.327859,0.019851,0.986577,0.829851,1.643835,0.459279,0.655645,-0.119987,0.309109,0.244103,1.057532,0.188947,0.316480,0.359708,0.626401,-0.119192,1.557955,0.237833,-0.039061,0.099848,-1.045815,0.351380,1.659202,-0.853448,0.106965,0.021739,-0.593122,-1.013137,1.667517,-0.252170,-0.723214,-0.022383,-0.545295,-0.138941,1.375942,-0.347680,-0.146901,0.301315,0.130923,-0.839458,1.499103,0.229967,-0.751121,0.252725,1.067744,-0.714160,1.671054,0.998232,-0.168641,-0.061938
18.340000,-0.228454,0.333081,1.237916,-0.262580,0.004295,0.379234,-0.010486,0.747416,1.623892,-0.348260,0.307951,0.011908,0.995684,0.842710,1.641415,0.451414,0.630177,-0.121972,0.312857,0.250326,1.064654,0.185780,0.305820,0.352513,0.630995,-0.120006,1.559864,0.221595,-0.042264,0.091133,-1.062652,0.353562,1.659581,-0.830117,0.111254,0.016188,-0.598144,-1.027320,1.667032,-0.249992,-0.694986,-0.026080,-0.552138,-0.141755,1.381866,-0.336553,-0.134541,0.291074,0.135425,-0.854301,1.504064,0.220172,-0.732981,0.243367,1.087503,-0.717431,1.669785,0.977544,-0.158409,-0.064970
18.360000,-0.233582,0.333074,1.245393,-0.250287,-0.004894,0.368457,-0.017400,0.753378,1.624053,-0.343139,0.288234,0.004237,1.004631,0.855054,1.638957,0.443178,0.604082,-0.123852,0.316540,0.256334,1.071633,0.182485,0.294903,0.345484,0.635268,-0.120881,1.561602,0.205726,-0.045246,0.082670,-1.079015,0.355830,1.659850,-0.806072,0.115464,0.010737,-0.603120,-1.040933,1.666474,-0.247606,-0.666159,-0.029703,-0.558758,-0.144323,1.387586,-0.325441,-0.122248,0.280918,0.139728,-0.868772,1.508838,0.210188,-0.713976,0.234094,1.106841,-0.720495,1.668456,0.956190,-0.147973,-0.067944
18.380000,-0.238466,0.332885,1.252655,-0.238074,-0.014048,0.357771,-0.024210,0.758947,1.624063,-0.337783,0.268706,-0.003160,1.013409,0.866869,1.636462,0.434573,0.577360,-0.125626,0.320155,0.262120,1.078474,0.179063,0.283729,0.338623,0.639227,-0.121814,1.563173,0.190226,-0.048007,0.074459,-1.094890,0.358180,1.660011,-0.781315,0.119592,0.005384,-0.608046,-1.053963,1.665844,-0.245012,-0.636732,-0.033251,-0.565156,-0.146646,1.393103,-0.314344,-0.110021,0.270844,0.143831,-0.882854,1.513428,0.200016,-0.694104,0.224907,1.125746,-0.723348,1.667068,0.934171,-0.137334,-0.070858
18.400000,-0.243106,0.332513,1.259705,-0.225941,-0.023167,0.347176,-0.030910,0.764127,1.623928,-0.332190,0.249368,-0.010285,1.022011,0.878144,1.633932,0.425597,0.550011,-0.127294,0.323701,0.267681,1.085179,0.175513,0.272298,0.331928,0.642879,-0.122800,1.564582,0.175095,-0.050548,0.066500,-1.110263,0.360613,1.660066,-0.755844,0.123641,0.000131,-0.612919,-1.066398,1.665145,-0.242210,-0.606705,-0.036724,-0.571332,-0.148724,1.398420,-0.303262,-0.097861,0.260854,0.147728,-0.896530,1.517835,0.189655,-0.673367,0.215805,1.144203,-0.725987,1.665622,0.911485,-0.126492,-0.073714
18.420000,-0.247504,0.331959,1.266543,-0.213940,-0.032233,0.336709,-0.037496,0.768923,1.623654,-0.326378,0.230287,-0.017130,1.030430,0.888866,1.631371,0.416242,0.522064,-0.128843,0.327175,0.273011,1.091753,0.171835,0.260656,0.325416,0.646233,-0.123835,1.565835,0.160335,-0.052892,0.058800,-1.125119,0.363125,1.660017,-0.729710,0.127579,-0.005023,-0.617733,-1.078227,1.664376,-0.239199,-0.576162,-0.040122,-0.577286,-0.150561,1.403538,-0.292238,-0.085812,0.250978,0.151416,-0.909783,1.522061,0.179125,-0.651824,0.206799,1.162201,-0.728407,1.664120,0.888162,-0.115484,-0.076502
18.440000,-0.251665,0.331224,1.273174,-0.202123,-0.041227,0.326408,-0.043964,0.773341,1.623245,-0.320360,0.211532,-0.023687,1.038658,0.899023,1.628780,0.406499,0.493552,-0.130260,0.330574,0.278106,1.098197,0.168027,0.248846,0.319102,0.649295,-0.124915,1.566936,0.145945,-0.055062,0.051364,-1.139447,0.365715,1.659866,-0.702961,0.131378,-0.010076,-0.622485,-1.089442,1.663540,-0.235976,-0.545185,-0.043444,-0.583022,-0.152158,1.408460,-0.281313,-0.073919,0.241247,0.154892,-0.922598,1.526108,0.168444,-0.629533,0.197900,1.179726,-0.730606,1.662562,0.864226,-0.104348,-0.079215
18.460000,-0.255590,0.330310,1.279601,-0.190490,-0.050149,0.316270,-0.050309,0.777387,1.622708,-0.314137,0.193102,-0.029957,1.046688,0.908604,1.626161,0.396368,0.464472,-0.131545,0.333895,0.282964,1.104518,0.164090,0.236870,0.312986,0.652073,-0.126036,1.567891,0.131927,-0.057058,0.044193,-1.153234,0.368379,1.659614,-0.675598,0.135037,-0.015029,-0.627171,-1.100032,1.662639,-0.232542,-0.513774,-0.046689,-0.588540,-0.153519,1.413189,-0.270486,-0.062180,0.231661,0.158153,-0.934959,1.529978,0.157612,-0.606494,0.189107,1.196766,-0.732580,1.660951,0.839679,-0.093085,-0.081851
18.480000,-0.259285,0.329218,1.285826,-0.179040,-0.058998,0.306298,-0.056528,0.781067,1.622049,-0.307709,0.174997,-0.035940,1.054510,0.917598,1.623519,0.385850,0.434827,-0.132697,0.337137,0.287580,1.110718,0.160024,0.224727,0.307068,0.654575,-0.127196,1.568705,0.118280,-0.058880,0.037285,-1.166467,0.371116,1.659265,-0.647620,0.138557,-0.019881,-0.631786,-1.109990,1.661673,-0.228897,-0.481930,-0.049857,-0.593842,-0.154646,1.417727,-0.259759,-0.050597,0.222220,0.161195,-0.946853,1.533673,0.146630,-0.582707,0.180421,1.213309,-0.734328,1.659289,0.814521,-0.081694,-0.084411
18.500000,-0.262753,0.327951,1.291854,-0.167775,-0.067775,0.296490,-0.062616,0.784389,1.621272,-0.301077,0.157217,-0.041636,1.062119,0.925993,1.620854,0.374943,0.404615,-0.133717,0.340295,0.291952,1.116802,0.155829,0.212418,0.301348,0.656807,-0.128390,1.569384,0.105003,-0.060528,0.030642,-1.179134,0.373921,1.658820,-0.619027,0.141937,-0.024633,-0.636325,-1.119306,1.660645,-0.225040,-0.449651,-0.052949,-0.598931,-0.155543,1.422079,-0.249131,-0.039170,0.212924,0.164017,-0.958263,1.537195,0.135497,-0.558173,0.171842,1.229343,-0.735847,1.657576,0.788751,-0.070175,-0.086895
18.520000,-0.265998,0.326508,1.297687,-0.156736,-0.076454,0.286872,-0.068570,0.787358,1.620385,-0.294274,0.139814,-0.047047,1.069506,0.933779,1.618171,0.363654,0.373903,-0.134594,0.343369,0.296076,1.122773,0.151514,0.199991,0.295831,0.658777,-0.129616,1.569933,0.092055,-0.062045,0.024261,-1.191224,0.376792,1.658280,-0.589897,0.145146,-0.029284,-0.640786,-1.127974,1.659556,-0.220973,-0.417040,-0.055965,-0.603808,-0.156214,1.426245,-0.238636,-0.027942,0.203794,0.166614,-0.969175,1.540547,0.124238,-0.532968,0.163372,1.244855,-0.737135,1.655813,0.762414,-0.058587,-0.089297
18.540000,-0.269024,0.324893,1.303330,-0.145968,-0.085008,0.277470,-0.074386,0.789984,1.619392,-0.287336,0.122839,-0.052173,1.076663,0.940946,1.615472,0.351987,0.342758,-0.135317,0.346355,0.299951,1.128637,0.147089,0.187496,0.290521,0.660491,-0.130871,1.570356,0.079392,-0.063474,0.018139,-1.202727,0.379725,1.657649,-0.560306,0.148152,-0.033832,-0.645163,-1.135986,1.658407,-0.216698,-0.384196,-0.058905,-0.608477,-0.156663,1.430232,-0.228308,-0.016958,0.194852,0.168986,-0.979578,1.543731,0.112878,-0.507170,0.155013,1.259836,-0.738190,1.654004,0.735555,-0.046989,-0.091611
18.560000,-0.271838,0.323109,1.308787,-0.135471,-0.093438,0.268282,-0.080062,0.792275,1.618300,-0.280263,0.106292,-0.057015,1.083583,0.947487,1.612759,0.339943,0.311180,-0.135885,0.349252,0.303575,1.134396,0.142554,0.174934,0.285417,0.661954,-0.132154,1.570660,0.067015,-0.064816,0.012276,-1.213634,0.382717,1.656928,-0.530255,0.150957,-0.038278,-0.649452,-1.143340,1.657200,-0.212213,-0.351119,-0.061771,-0.612941,-0.156894,1.434041,-0.218148,-0.006219,0.186099,0.171129,-0.989458,1.546749,0.101418,-0.480779,0.146767,1.274274,-0.739014,1.652150,0.708174,-0.035380,-0.093835
18.580000,-0.274445,0.321157,1.314063,-0.125245,-0.101744,0.259311,-0.085596,0.794239,1.617114,-0.273056,0.090173,-0.061574,1.090258,0.953391,1.610037,0.327521,0.279169,-0.136299,0.352057,0.306948,1.140055,0.137910,0.162305,0.280520,0.663173,-0.133463,1.570849,0.054923,-0.066071,0.006671,-1.223934,0.385762,1.656119,-0.499744,0.153560,-0.042621,-0.653650,-1.150030,1.655937,-0.207519,-0.317810,-0.064560,-0.617204,-0.156913,1.437677,-0.208156,0.004277,0.177533,0.173042,-0.998805,1.549602,0.089856,-0.453794,0.138632,1.288159,-0.739606,1.650251,0.680271,-0.023760,-0.095972
18.600000,-0.276850,0.319040,1.319161,-0.115290,-0.109925,0.250554,-0.090983,0.795884,1.615839,-0.265713,0.074482,-0.065848,1.096681,0.958650,1.607308,0.314721,0.246725,-0.136559,0.354767,0.310067,1.145618,0.133155,0.149607,0.275831,0.664153,-0.134797,1.570929,0.043117,-0.067238,0.001325,-1.233620,0.388858,1.655224,-0.468772,0.155961,-0.046862,-0.657752,-1.156051,1.654618,-0.202616,-0.284268,-0.067275,-0.621269,-0.156725,1.441143,-0.198331,0.014528,0.169155,0.174722,-1.007606,1.552295,0.078193,-0.426216,0.130608,1.301481,-0.739964,1.648311,0.651845,-0.012130,-0.098019
18.620000,-0.279059,0.316761,1.324086,-0.105625,-0.117950,0.242027,-0.096223,0.797221,1.614481,-0.258272,0.059250,-0.069845,1.102844,0.963257,1.604576,0.301554,0.213945,-0.136663,0.357382,0.312932,1.151089,0.128308,0.136890,0.271343,0.664900,-0.136153,1.570904,0.031547,-0.068383,-0.003770,-1.242683,0.391999,1.654245,-0.437430,0.158142,-0.050999,-0.661753,-1.161400,1.653246,-0.197515,-0.250622,-0.069917,-0.625139,-0.156334,1.444444,-0.188706,0.024497,0.160979,0.176169,-1.015850,1.554827,0.066465,-0.398157,0.122694,1.314230,-0.740091,1.646331,0.622959,-0.000551,-0.099976
18.640000,-0.281077,0.314323,1.328844,-0.096267,-0.125787,0.233742,-0.101314,0.798258,1.613047,-0.250771,0.044508,-0.073569,1.108741,0.967207,1.601843,0.288033,0.180923,-0.136607,0.359899,0.315543,1.156473,0.123384,0.124198,0.267054,0.665416,-0.137532,1.570779,0.020163,-0.069571,-0.008626,-1.251116,0.395182,1.653184,-0.405809,0.160085,-0.055033,-0.665651,-1.166076,1.651822,-0.192227,-0.217002,-0.072488,-0.628819,-0.155747,1.447584,-0.179313,0.034147,0.153020,0.177381,-1.023530,1.557203,0.054706,-0.369730,0.114886,1.326397,-0.739987,1.644313,0.593673,0.010912,-0.101840
18.660000,-0.282911,0.311730,1.333438,-0.087217,-0.133437,0.225700,-0.106254,0.799005,1.611541,-0.243210,0.030256,-0.077021,1.114363,0.970493,1.599113,0.274156,0.147660,-0.136391,0.362317,0.317900,1.161773,0.118384,0.111533,0.262962,0.665707,-0.138936,1.570560,0.008966,-0.070802,-0.013241,-1.258913,0.398401,1.652044,-0.373908,0.161789,-0.058962,-0.669441,-1.170080,1.650347,-0.186750,-0.183408,-0.074988,-0.632313,-0.154970,1.450567,-0.170154,0.043477,0.145277,0.178357,-1.030637,1.559424,0.042916,-0.340935,0.107184,1.337974,-0.739655,1.642258,0.563988,0.022259,-0.103610
18.680000,-0.284568,0.308987,1.337873,-0.078475,-0.140898,0.217900,-0.111042,0.799471,1.609968,-0.235587,0.016494,-0.080201,1.119705,0.973111,1.596388,0.259925,0.114156,-0.136017,0.364634,0.320004,1.166993,0.113308,0.098894,0.259068,0.665776,-0.140365,1.570251,-0.002044,-0.072076,-0.017616,-1.266070,0.401652,1.650827,-0.341728,0.163255,-0.062786,-0.673120,-1.173412,1.648823,-0.181087,-0.149839,-0.077418,-0.635626,-0.154010,1.453397,-0.161226,0.052487,0.137751,0.179097,-1.037165,1.561491,0.031095,-0.311771,0.099589,1.348954,-0.739098,1.640169,0.533903,0.033492,-0.105288
18.700000,-0.286052,0.306096,1.342155,-0.070041,-0.148172,0.210344,-0.115677,0.799668,1.608334,-0.227905,0.003222,-0.083109,1.124758,0.975057,1.593673,0.245339,0.080410,-0.135483,0.366849,0.321856,1.172137,0.108155,0.086282,0.255372,0.665627,-0.141819,1.569857,-0.012868,-0.073393,-0.021751,-1.272580,0.404930,1.649533,-0.309269,0.164483,-0.066507,-0.676684,-1.176074,1.647251,-0.175235,-0.116296,-0.079778,-0.638763,-0.152873,1.456078,-0.152531,0.061177,0.130441,0.179601,-1.043105,1.563408,0.019244,-0.282240,0.092100,1.359328,-0.738317,1.638047,0.503419,0.044609,-0.106872
18.720000,-0.287371,0.303061,1.346289,-0.061919,-0.155214,0.203035,-0.120158,0.799603,1.606645,-0.220193,-0.009563,-0.085760,1.129516,0.976327,1.590970,0.230434,0.046540,-0.134794,0.368960,0.323456,1.177209,0.102948,0.073731,0.251863,0.665263,-0.143301,1.569383,-0.023529,-0.074836,-0.025661,-1.278440,0.408230,1.648167,-0.276656,0.165461,-0.070122,-0.680128,-1.178065,1.645632,-0.169222,-0.082928,-0.082072,-0.641729,-0.151565,1.458616,-0.144091,0.069522,0.123354,0.179867,-1.048453,1.565176,0.007401,-0.252481,0.084714,1.369088,-0.737315,1.635895,0.472611,0.055544,-0.108363
18.740000,-0.288531,0.299889,1.350278,-0.054115,-0.161982,0.195979,-0.124485,0.799288,1.604905,-0.212486,-0.021865,-0.088170,1.133973,0.976919,1.588282,0.215250,0.012661,-0.133956,0.370966,0.324806,1.182212,0.097706,0.061279,0.248532,0.664687,-0.144814,1.568832,-0.034051,-0.076487,-0.029362,-1.283646,0.411546,1.646729,-0.244012,0.166177,-0.073632,-0.683452,-1.179393,1.643968,-0.163073,-0.049882,-0.084305,-0.644529,-0.150094,1.461014,-0.135928,0.077497,0.116498,0.179897,-1.053204,1.566797,-0.004395,-0.222636,0.077429,1.378230,-0.736096,1.633714,0.441557,0.066230,-0.109759
18.760000,-0.289538,0.296584,1.354130,-0.046628,-0.168476,0.189177,-0.128657,0.798732,1.603120,-0.204782,-0.033683,-0.090340,1.138124,0.976833,1.585613,0.199784,-0.021227,-0.132968,0.372868,0.325908,1.187151,0.092431,0.048924,0.245377,0.663902,-0.146362,1.568210,-0.044433,-0.078345,-0.032855,-1.288200,0.414875,1.645222,-0.211339,0.166632,-0.077036,-0.686650,-1.180063,1.642260,-0.156788,-0.017160,-0.086478,-0.647168,-0.148468,1.463277,-0.128041,0.085102,0.109873,0.179692,-1.057358,1.568274,-0.016144,-0.192706,0.070245,1.386749,-0.734667,1.631505,0.410256,0.076665,-0.111061
18.780000,-0.290399,0.293152,1.357847,-0.039459,-0.174695,0.182629,-0.132676,0.797944,1.601294,-0.197082,-0.045018,-0.092268,1.141963,0.976070,1.582965,0.184038,-0.055124,-0.131829,0.374663,0.326763,1.192029,0.087121,0.036668,0.242399,0.662910,-0.147949,1.567519,-0.054677,-0.080412,-0.036140,-1.292100,0.418210,1.643649,-0.178636,0.166826,-0.080335,-0.689722,-1.180081,1.640510,-0.150366,0.015240,-0.088591,-0.649652,-0.146693,1.465410,-0.120432,0.092337,0.103478,0.179252,-1.060912,1.569608,-0.027847,-0.162690,0.063160,1.394639,-0.733031,1.629272,0.378708,0.086851,-0.112269
18.800000,-0.291119,0.289598,1.361436,-0.032608,-0.180640,0.176334,-0.136541,0.796934,1.599431,-0.189386,-0.055870,-0.093955,1.145484,0.974628,1.580341,0.168011,-0.089030,-0.130541,0.376352,0.327375,1.196848,0.081778,0.024509,0.239598,0.661715,-0.149580,1.566765,-0.064781,-0.082687,-0.039216,-1.295345,0.421546,1.642010,-0.145904,0.166759,-0.083527,-0.692664,-1.179455,1.638717,-0.143808,0.047316,-0.090642,-0.651987,-0.144777,1.467418,-0.113099,0.099202,0.097313,0.178578,-1.063865,1.570801,-0.039502,-0.132588,0.056177,1.401896,-0.731195,1.627015,0.346913,0.096787,-0.113383
18.820000,-0.291705,0.285928,1.364902,-0.026066,-0.186286,0.170288,-0.140252,0.795712,1.597537,-0.181724,-0.066256,-0.095419,1.148682,0.972509,1.577744,0.151771,-0.122803,-0.129117,0.377934,0.327745,1.201614,0.076424,0.012479,0.236960,0.660320,-0.151258,1.565952,-0.074744,-0.085219,-0.042100,-1.297937,0.424878,1.640308,-0.113296,0.166427,-0.086614,-0.695474,-1.178192,1.636884,-0.137152,0.078913,-0.092639,-0.654178,-0.142727,1.469304,-0.106047,0.105681,0.091374,0.177672,-1.066216,1.571855,-0.051063,-0.102560,0.049291,1.408515,-0.729162,1.624737,0.314972,0.106416,-0.114407
18.840000,-0.292163,0.282149,1.368249,-0.019825,-0.191606,0.164487,-0.143810,0.794287,1.595616,-0.174130,-0.076194,-0.096678,1.151554,0.969718,1.575177,0.135382,-0.156300,-0.127574,0.379410,0.327875,1.206328,0.071086,0.000610,0.234471,0.658727,-0.152991,1.565083,-0.084562,-0.088061,-0.044808,-1.299879,0.428201,1.638546,-0.080968,0.165827,-0.089595,-0.698150,-1.176303,1.635012,-0.130438,0.109873,-0.094588,-0.656231,-0.140552,1.471074,-0.099282,0.111761,0.085659,0.176536,-1.067969,1.572773,-0.062483,-0.072767,0.042503,1.414494,-0.726940,1.622439,0.282986,0.115682,-0.115344
18.860000,-0.292500,0.278266,1.371483,-0.013885,-0.196603,0.158931,-0.147217,0.792668,1.593671,-0.166601,-0.085683,-0.097733,1.154096,0.966259,1.572642,0.118847,-0.189521,-0.125912,0.380778,0.327770,1.210994,0.065761,-0.011099,0.232130,0.656938,-0.154783,1.564161,-0.094235,-0.091212,-0.047341,-1.301177,0.431510,1.636725,-0.048920,0.164959,-0.092469,-0.700691,-1.173801,1.633101,-0.123666,0.140198,-0.096488,-0.658151,-0.138260,1.472732,-0.092801,0.117441,0.080166,0.175174,-1.069128,1.573556,-0.073760,-0.043209,0.035811,1.419834,-0.724537,1.620124,0.250956,0.124582,-0.116195
18.880000,-0.292721,0.274287,1.374608,-0.008247,-0.201275,0.153621,-0.150475,0.790863,1.591708,-0.159140,-0.094723,-0.098582,1.156307,0.962139,1.570141,0.102164,-0.222466,-0.124130,0.382040,0.327432,1.215614,0.060452,-0.022647,0.229938,0.654958,-0.156641,1.563190,-0.103763,-0.094671,-0.049698,-1.301838,0.434798,1.634848,-0.017152,0.163824,-0.095237,-0.703096,-1.170699,1.631153,-0.116835,0.169887,-0.098339,-0.659945,-0.135857,1.474282,-0.086606,0.122721,0.074895,0.173587,-1.069699,1.574206,-0.084896,-0.013886,0.029215,1.424532,-0.721960,1.617792,0.218882,0.133119,-0.116960
18.900000,-0.292832,0.270217,1.377630,-0.002910,-0.205623,0.148556,-0.153583,0.788882,1.589729,-0.151744,-0.103315,-0.099227,1.158182,0.957363,1.567677,0.085334,-0.255135,-0.122229,0.383196,0.326865,1.220192,0.055156,-0.034034,0.227895,0.652789,-0.158572,1.562174,-0.113146,-0.098439,-0.051880,-1.301865,0.438061,1.632916,0.014336,0.162421,-0.097898,-0.705364,-1.167010,1.629168,-0.109945,0.198939,-0.100142,-0.661618,-0.133353,1.475729,-0.080697,0.127601,0.069847,0.171779,-1.069685,1.574725,-0.095890,0.015202,0.022717,1.428589,-0.719215,1.615446,0.186763,0.141291,-0.117638
18.920000,-0.292839,0.266064,1.380552,0.002162,-0.209646,0.143723,-0.156545,0.786733,1.587740,-0.144439,-0.111502,-0.099690,1.159719,0.951936,1.565253,0.068436,-0.287384,-0.120234,0.384247,0.326072,1.224731,0.049906,-0.045238,0.225986,0.650433,-0.160581,1.561116,-0.122359,-0.102518,-0.053904,-1.301267,0.441293,1.630933,0.045390,0.160757,-0.100453,-0.707494,-1.162747,1.627147,-0.103043,0.227207,-0.101904,-0.663175,-0.130756,1.477078,-0.075065,0.132081,0.065012,0.169753,-1.069093,1.575115,-0.106697,0.043903,0.016315,1.432003,-0.716311,1.613087,0.154707,0.149060,-0.118238
18.940000,-0.292747,0.261834,1.383380,0.007006,-0.213345,0.139112,-0.159362,0.784424,1.585743,-0.137246,-0.119325,-0.099994,1.160919,0.945871,1.562868,0.051549,-0.319068,-0.118171,0.385193,0.325057,1.229232,0.044733,-0.056234,0.224195,0.647896,-0.162675,1.560019,-0.131377,-0.106910,-0.055788,-1.300054,0.444490,1.628899,0.075856,0.158839,-0.102900,-0.709486,-1.157928,1.625092,-0.096174,0.254543,-0.103629,-0.664622,-0.128073,1.478331,-0.069700,0.136161,0.060378,0.167513,-1.067932,1.575379,-0.117270,0.072062,0.010013,1.434778,-0.713255,1.610717,0.122825,0.156387,-0.118768
18.960000,-0.292560,0.257532,1.386118,0.011620,-0.216719,0.134723,-0.162036,0.781962,1.583741,-0.130168,-0.126786,-0.100138,1.161781,0.939177,1.560526,0.034673,-0.350186,-0.116041,0.386036,0.323824,1.233699,0.039636,-0.067022,0.222522,0.645180,-0.164859,1.558885,-0.140198,-0.111615,-0.057533,-1.298237,0.447645,1.626817,0.105733,0.156666,-0.105241,-0.711341,-1.152571,1.623002,-0.089339,0.280947,-0.105320,-0.665965,-0.125312,1.479494,-0.064603,0.139842,0.055945,0.165063,-1.066214,1.575517,-0.127611,0.099681,0.003808,1.436917,-0.710058,1.608337,0.091115,0.163272,-0.119228
18.980000,-0.292284,0.253167,1.388771,0.016005,-0.219769,0.130554,-0.164569,0.779355,1.581738,-0.123202,-0.133883,-0.100122,1.162306,0.931867,1.558227,0.017808,-0.380739,-0.113843,0.386779,0.322378,1.238134,0.034615,-0.077603,0.220968,0.642289,-0.167141,1.557718,-0.148824,-0.116633,-0.059139,-1.295828,0.450754,1.624690,0.135022,0.154238,-0.107474,-0.713060,-1.146696,1.620879,-0.082538,0.306417,-0.106975,-0.667208,-0.122482,1.480570,-0.059773,0.143122,0.051715,0.162410,-1.063949,1.575532,-0.137718,0.126758,-0.002297,1.438424,-0.706727,1.605948,0.059578,0.169714,-0.119617
19.000000,-0.291921,0.248744,1.391342,0.020162,-0.222495,0.126606,-0.166964,0.776609,1.579737,-0.116350,-0.140617,-0.099947,1.162494,0.923952,1.555973,0.000955,-0.410727,-0.111577,0.387422,0.320722,1.242539,0.029671,-0.087976,0.219533,0.639228,-0.169527,1.556521,-0.157254,-0.121964,-0.060606,-1.292840,0.453813,1.622519,0.163723,0.151556,-0.109600,-0.714643,-1.140321,1.618724,-0.075771,0.330956,-0.108594,-0.668357,-0.119590,1.481564,-0.055211,0.146003,0.047686,0.159556,-1.061147,1.575425,-0.147593,0.153295,-0.008304,1.439301,-0.703272,1.603553,0.028213,0.175714,-0.119936
19.020000,-0.291478,0.244269,1.393836,0.024136,-0.224922,0.122862,-0.169224,0.773732,1.577741,-0.109637,-0.147041,-0.099637,1.162345,0.915443,1.553764,-0.015805,-0.440020,-0.109272,0.387966,0.318860,1.246916,0.024826,-0.098136,0.218201,0.636000,-0.172022,1.555295,-0.165462,-0.127595,-0.061950,-1.289284,0.456815,1.620307,0.191702,0.148630,-0.111619,-0.716091,-1.133465,1.616536,-0.069075,0.354459,-0.110185,-0.669418,-0.116644,1.482479,-0.050910,0.148481,0.043846,0.156508,-1.057821,1.575200,-0.157197,0.179167,-0.014212,1.439554,-0.699702,1.601151,-0.002860,0.181263,-0.120197
19.040000,-0.290957,0.239749,1.396257,0.027975,-0.227074,0.119305,-0.171351,0.770730,1.575752,-0.103090,-0.153207,-0.099216,1.161863,0.906356,1.551602,-0.032390,-0.468489,-0.106954,0.388415,0.316798,1.251267,0.020106,-0.108078,0.216959,0.632611,-0.174632,1.554043,-0.173419,-0.133515,-0.063190,-1.285177,0.459756,1.618055,0.218826,0.145470,-0.113531,-0.717406,-1.126150,1.614316,-0.062490,0.376824,-0.111755,-0.670395,-0.113653,1.483319,-0.046866,0.150552,0.040182,0.153270,-1.053986,1.574858,-0.166495,0.204250,-0.020020,1.439190,-0.696025,1.598745,-0.033520,0.186353,-0.120412
19.060000,-0.290360,0.235188,1.398610,0.031678,-0.228953,0.115934,-0.173349,0.767606,1.573773,-0.096709,-0.159115,-0.098683,1.161051,0.896709,1.549486,-0.048799,-0.496132,-0.104624,0.388771,0.314538,1.255595,0.015509,-0.117800,0.215807,0.629065,-0.177364,1.552768,-0.181127,-0.139723,-0.064326,-1.280537,0.462632,1.615766,0.245097,0.142075,-0.115335,-0.718591,-1.118400,1.612066,-0.056015,0.398050,-0.113304,-0.671294,-0.110625,1.484088,-0.043078,0.152217,0.036693,0.149850,-1.049657,1.574400,-0.175484,0.228545,-0.025727,1.438216,-0.692251,1.596335,-0.063768,0.190983,-0.120580
19.080000,-0.289691,0.230592,1.400896,0.035246,-0.230556,0.112749,-0.175220,0.764367,1.571806,-0.090494,-0.164766,-0.098039,1.159912,0.886517,1.547417,-0.065032,-0.522951,-0.102282,0.389037,0.312087,1.259900,0.011035,-0.127304,0.214744,0.625368,-0.180223,1.551471,-0.188585,-0.146219,-0.065357,-1.275379,0.465438,1.613442,0.270512,0.138447,-0.117033,-0.719648,-1.110236,1.609784,-0.049651,0.418139,-0.114832,-0.672120,-0.107567,1.484788,-0.039546,0.153476,0.033380,0.146253,-1.044849,1.573829,-0.184167,0.252052,-0.031334,1.436642,-0.688389,1.593922,-0.093604,0.195153,-0.120703
19.100000,-0.288951,0.225968,1.403121,0.038678,-0.231886,0.109752,-0.176970,0.761017,1.569852,-0.084444,-0.170159,-0.097284,1.158450,0.875796,1.545395,-0.081091,-0.548945,-0.099928,0.389214,0.309448,1.264185,0.006685,-0.136589,0.213771,0.621524,-0.183215,1.550154,-0.195793,-0.153004,-0.066284,-1.269722,0.468169,1.611086,0.295073,0.134585,-0.118624,-0.720578,-1.101682,1.607473,-0.043397,0.437088,-0.116339,-0.672878,-0.104489,1.485424,-0.036270,0.154328,0.030243,0.142485,-1.039580,1.573147,-0.192542,0.274769,-0.036842,1.434475,-0.684448,1.591507,-0.123028,0.198864,-0.120779
19.120000,-0.288144,0.221319,1.405287,0.041996,-0.232979,0.106916,-0.178600,0.757562,1.567915,-0.078587,-0.175347,-0.096440,1.156670,0.864565,1.543420,-0.096893,-0.574018,-0.097584,0.389305,0.306625,1.268452,0.002477,-0.145662,0.212867,0.617538,-0.186345,1.548820,-0.202737,-0.160046,-0.067115,-1.263583,0.470820,1.608698,0.318684,0.130498,-0.120108,-0.721385,-1.092760,1.605131,-0.037282,0.454853,-0.117830,-0.673573,-0.101397,1.485999,-0.033249,0.154770,0.027267,0.138553,-1.033865,1.572356,-0.200589,0.296597,-0.042248,1.431724,-0.680437,1.589091,-0.151925,0.202130,-0.120823
19.140000,-0.287272,0.216650,1.407398,0.045222,-0.233873,0.104219,-0.180114,0.754004,1.565995,-0.072947,-0.180380,-0.095529,1.154577,0.852842,1.541492,-0.112360,-0.598074,-0.095272,0.389314,0.303623,1.272700,-0.001573,-0.154527,0.212015,0.613416,-0.189618,1.547470,-0.209400,-0.167316,-0.067860,-1.256982,0.473387,1.606282,0.341248,0.126195,-0.121488,-0.722070,-1.083496,1.602759,-0.031334,0.471386,-0.119313,-0.674210,-0.098301,1.486516,-0.030480,0.154796,0.024439,0.134464,-1.027723,1.571458,-0.208286,0.317432,-0.047551,1.428402,-0.676365,1.586674,-0.180179,0.204964,-0.120848
19.160000,-0.286336,0.211965,1.409457,0.048354,-0.234567,0.101660,-0.181519,0.750348,1.564094,-0.067527,-0.185260,-0.094551,1.152178,0.840649,1.539609,-0.127492,-0.621112,-0.092994,0.389243,0.300445,1.276933,-0.005465,-0.163185,0.211214,0.609164,-0.193039,1.546107,-0.215784,-0.174814,-0.068517,-1.249940,0.475866,1.603839,0.362766,0.121678,-0.122762,-0.722639,-1.073913,1.600358,-0.025553,0.486687,-0.120786,-0.674794,-0.095208,1.486977,-0.027965,0.154406,0.021759,0.130224,-1.021174,1.570455,-0.215633,0.337275,-0.052753,1.424521,-0.672241,1.584257,-0.207791,0.207367,-0.120856
19.180000,-0.285338,0.207268,1.411466,0.051395,-0.235062,0.099239,-0.182817,0.746595,1.562214,-0.062324,-0.189986,-0.093507,1.149480,0.828005,1.537772,-0.142289,-0.643134,-0.090748,0.389096,0.297097,1.281149,-0.009197,-0.171637,0.210463,0.604787,-0.196612,1.544730,-0.221887,-0.182539,-0.069088,-1.242478,0.478253,1.601372,0.383237,0.116946,-0.123932,-0.723094,-1.064036,1.597928,-0.019940,0.500756,-0.122251,-0.675330,-0.092127,1.487387,-0.025702,0.153600,0.019227,0.125841,-1.014238,1.569349,-0.222632,0.356126,-0.057852,1.420095,-0.668074,1.581840,-0.234761,0.209338,-0.120845
19.200000,-0.284281,0.202564,1.413427,0.054342,-0.235358,0.096957,-0.184013,0.742749,1.560355,-0.057340,-0.194557,-0.092397,1.146489,0.814930,1.535979,-0.156751,-0.664138,-0.088535,0.388876,0.293581,1.285351,-0.012771,-0.179881,0.209764,0.600290,-0.200342,1.543344,-0.227710,-0.190492,-0.069572,-1.234617,0.480543,1.598883,0.402663,0.111998,-0.124997,-0.723438,-1.053891,1.595468,-0.014493,0.513594,-0.123707,-0.675823,-0.089067,1.487747,-0.023692,0.152379,0.016842,0.121321,-1.006936,1.568141,-0.229280,0.373984,-0.062849,1.415135,-0.663871,1.579424,-0.261087,0.210878,-0.120816
19.220000,-0.283165,0.197855,1.415345,0.057193,-0.235507,0.094792,-0.185112,0.738813,1.558518,-0.052598,-0.199015,-0.091236,1.143212,0.801446,1.534230,-0.170832,-0.684070,-0.086362,0.388586,0.289903,1.289540,-0.016180,-0.187927,0.209098,0.595680,-0.204233,1.541948,-0.233246,-0.198634,-0.069975,-1.226379,0.482731,1.596373,0.420985,0.106841,-0.125957,-0.723675,-1.043501,1.592980,-0.009228,0.525191,-0.125157,-0.676279,-0.086035,1.488061,-0.021939,0.150739,0.014591,0.116672,-0.999286,1.566835,-0.235566,0.390791,-0.067742,1.409656,-0.659641,1.577008,-0.286675,0.212011,-0.120781
19.240000,-0.281994,0.193144,1.417220,0.059943,-0.235562,0.092723,-0.186119,0.734789,1.556705,-0.048121,-0.203396,-0.090042,1.139658,0.787575,1.532524,-0.184488,-0.702873,-0.084235,0.388230,0.286065,1.293715,-0.019417,-0.195784,0.208448,0.590962,-0.208289,1.540545,-0.238486,-0.206927,-0.070304,-1.217786,0.484815,1.593845,0.438150,0.101481,-0.126814,-0.723808,-1.032892,1.590462,-0.004162,0.535541,-0.126605,-0.676703,-0.083040,1.488332,-0.020444,0.148677,0.012463,0.111901,-0.991311,1.565432,-0.241478,0.406488,-0.072530,1.403674,-0.655393,1.574592,-0.311427,0.212761,-0.120753
19.260000,-0.280768,0.188433,1.419054,0.062591,-0.235523,0.090751,-0.187039,0.730678,1.554917,-0.043909,-0.207702,-0.088815,1.135835,0.773339,1.530860,-0.197719,-0.720549,-0.082156,0.387811,0.282073,1.297878,-0.022484,-0.203452,0.207814,0.586143,-0.212511,1.539136,-0.243430,-0.215370,-0.070558,-1.208861,0.486789,1.591301,0.454155,0.095917,-0.127566,-0.723842,-1.022088,1.587916,0.000706,0.544643,-0.128050,-0.677099,-0.080091,1.488561,-0.019208,0.146194,0.010456,0.107016,-0.983034,1.563935,-0.247014,0.421074,-0.077214,1.397205,-0.651133,1.572178,-0.335343,0.213128,-0.120732
19.280000,-0.279491,0.183724,1.420850,0.065139,-0.235390,0.088875,-0.187877,0.726481,1.553153,-0.039963,-0.211932,-0.087554,1.131752,0.758760,1.529237,-0.210525,-0.737097,-0.080124,0.387332,0.277928,1.302028,-0.025378,-0.210930,0.207196,0.581227,-0.216905,1.537723,-0.248078,-0.223963,-0.070737,-1.199627,0.488650,1.588743,0.469002,0.090150,-0.128216,-0.723781,-1.011114,1.585340,0.005375,0.552497,-0.129492,-0.677473,-0.077195,1.488751,-0.018231,0.143290,0.008571,0.102023,-0.974476,1.562345,-0.252175,0.434550,-0.081792,1.390266,-0.646870,1.569763,-0.358424,0.213112,-0.120718
19.300000,-0.278164,0.179018,1.422610,0.067586,-0.235163,0.087095,-0.188639,0.722201,1.551415,-0.036282,-0.216087,-0.086260,1.127417,0.743862,1.527655,-0.222906,-0.752516,-0.078138,0.386797,0.273637,1.306166,-0.028102,-0.218219,0.206594,0.576221,-0.221471,1.536307,-0.252431,-0.232707,-0.070842,-1.190108,0.490394,1.586173,0.482690,0.084179,-0.128761,-0.723629,-0.999996,1.582736,0.009847,0.559103,-0.130932,-0.677830,-0.074362,1.488904,-0.017513,0.139964,0.006808,0.096931,-0.965659,1.560664,-0.256961,0.446915,-0.086266,1.382873,-0.642611,1.567349,-0.380668,0.212714,-0.120710
19.320000,-0.276788,0.174318,1.424335,0.069904,-0.234885,0.085396,-0.189330,0.717838,1.549703,-0.032880,-0.220186,-0.084943,1.122839,0.728667,1.526112,-0.234848,-0.766794,-0.076198,0.386209,0.269201,1.310292,-0.030660,-0.225325,0.205995,0.571132,-0.226214,1.534890,-0.256492,-0.241560,-0.070877,-1.180327,0.492016,1.583593,0.495196,0.078017,-0.129204,-0.723389,-0.988758,1.580103,0.014107,0.564481,-0.132369,-0.678175,-0.071599,1.489024,-0.017061,0.136218,0.005155,0.091747,-0.956607,1.558895,-0.261369,0.458146,-0.090633,1.375045,-0.638364,1.564935,-0.402012,0.211958,-0.120718
19.340000,-0.275368,0.169623,1.426026,0.072065,-0.234600,0.083762,-0.189956,0.713394,1.548017,-0.029770,-0.224252,-0.083614,1.118026,0.713198,1.524607,-0.246337,-0.779914,-0.074303,0.385572,0.264625,1.314406,-0.033057,-0.232252,0.205386,0.565964,-0.231134,1.533473,-0.260264,-0.250483,-0.070846,-1.170308,0.493513,1.581006,0.506494,0.071677,-0.129545,-0.723066,-0.977425,1.577441,0.018143,0.568651,-0.133803,-0.678514,-0.068916,1.489111,-0.016882,0.132053,0.003604,0.086479,-0.947341,1.557039,-0.265396,0.468216,-0.094890,1.366799,-0.634135,1.562520,-0.422389,0.210872,-0.120751
19.360000,-0.273907,0.164934,1.427686,0.074070,-0.234307,0.082194,-0.190523,0.708869,1.546358,-0.026954,-0.228284,-0.082273,1.112988,0.697479,1.523139,-0.257374,-0.791877,-0.072453,0.384888,0.259912,1.318507,-0.035295,-0.239003,0.204766,0.560723,-0.236233,1.532057,-0.263748,-0.259474,-0.070748,-1.160076,0.494882,1.578412,0.516584,0.065157,-0.129786,-0.722665,-0.966020,1.574751,0.021954,0.571613,-0.135235,-0.678852,-0.066320,1.489169,-0.016974,0.127469,0.002153,0.081134,-0.937886,1.555100,-0.269041,0.477126,-0.099039,1.358156,-0.629932,1.560104,-0.441799,0.209455,-0.120809
19.380000,-0.272407,0.160251,1.429314,0.075919,-0.234007,0.080690,-0.191036,0.704263,1.544726,-0.024430,-0.232281,-0.080919,1.107734,0.681531,1.521708,-0.267957,-0.802683,-0.070647,0.384161,0.255066,1.322596,-0.037373,-0.245575,0.204136,0.555416,-0.241513,1.530643,-0.266944,-0.268534,-0.070585,-1.149653,0.496118,1.575815,0.525468,0.058459,-0.129925,-0.722189,-0.954568,1.572032,0.025541,0.573367,-0.136664,-0.679195,-0.063820,1.489198,-0.017340,0.122465,0.000803,0.075720,-0.928264,1.553078,-0.272304,0.484877,-0.103079,1.349134,-0.625759,1.557687,-0.460243,0.207708,-0.120892
19.400000,-0.270871,0.155574,1.430914,0.077611,-0.233699,0.079251,-0.191502,0.699578,1.543122,-0.022200,-0.236244,-0.079553,1.102273,0.665379,1.520313,-0.278088,-0.812332,-0.068886,0.383394,0.250090,1.326673,-0.039290,-0.251970,0.203496,0.550047,-0.246975,1.529234,-0.269852,-0.277662,-0.070356,-1.139065,0.497219,1.573216,0.533144,0.051583,-0.129962,-0.721645,-0.943094,1.569284,0.028904,0.573912,-0.138090,-0.679547,-0.061424,1.489202,-0.017978,0.117042,-0.000446,0.070244,-0.918498,1.550977,-0.275186,0.491468,-0.107009,1.339752,-0.621625,1.555269,-0.477720,0.205629,-0.121000
19.420000,-0.269303,0.150903,1.432485,0.079111,-0.233404,0.077866,-0.191926,0.694813,1.541544,-0.020270,-0.240177,-0.078178,1.096614,0.649045,1.518953,-0.287776,-0.820849,-0.067164,0.382590,0.244988,1.330736,-0.041069,-0.258186,0.202828,0.544623,-0.252620,1.527829,-0.272486,-0.286820,-0.070062,-1.128335,0.498181,1.570617,0.539616,0.044539,-0.129897,-0.721035,-0.931620,1.566508,0.032037,0.573287,-0.139508,-0.679916,-0.059141,1.489181,-0.018890,0.111213,-0.001604,0.064715,-0.908613,1.548799,-0.277692,0.496903,-0.110825,1.330032,-0.617536,1.552847,-0.494202,0.203237,-0.121136
19.440000,-0.267708,0.146237,1.434029,0.080382,-0.233142,0.076521,-0.192315,0.689971,1.539994,-0.018648,-0.244083,-0.076797,1.090765,0.632552,1.517626,-0.297031,-0.828258,-0.065475,0.381752,0.239764,1.334785,-0.042729,-0.264224,0.202118,0.539150,-0.258448,1.526432,-0.274860,-0.295966,-0.069707,-1.117488,0.499000,1.568021,0.544886,0.037340,-0.129727,-0.720365,-0.920170,1.563704,0.034936,0.571529,-0.140911,-0.680305,-0.056978,1.489138,-0.020077,0.104990,-0.002678,0.059139,-0.898630,1.546545,-0.279826,0.501188,-0.114522,1.319991,-0.613498,1.550423,-0.509661,0.200550,-0.121302
19.460000,-0.266090,0.141577,1.435546,0.081425,-0.232913,0.075216,-0.192674,0.685050,1.538472,-0.017334,-0.247961,-0.075411,1.084735,0.615922,1.516333,-0.305852,-0.834560,-0.063818,0.380882,0.234421,1.338820,-0.044272,-0.270084,0.201364,0.533631,-0.264458,1.525042,-0.276975,-0.305100,-0.069289,-1.106548,0.499673,1.565429,0.548954,0.029987,-0.129451,-0.719639,-0.908766,1.560872,0.037602,0.568638,-0.142299,-0.680721,-0.054944,1.489074,-0.021538,0.098373,-0.003669,0.053524,-0.888573,1.544219,-0.281588,0.504323,-0.118100,1.309652,-0.609516,1.547995,-0.524095,0.197567,-0.121499
19.480000,-0.264453,0.136920,1.437038,0.082239,-0.232719,0.073952,-0.193010,0.680052,1.536978,-0.016327,-0.251812,-0.074020,1.078534,0.599177,1.515073,-0.314240,-0.839753,-0.062194,0.379982,0.228962,1.342840,-0.045696,-0.275765,0.200567,0.528072,-0.270652,1.523661,-0.278831,-0.314222,-0.068810,-1.095538,0.500198,1.562843,0.551821,0.022478,-0.129071,-0.718862,-0.897432,1.558012,0.040034,0.564614,-0.143673,-0.681168,-0.053046,1.488992,-0.023275,0.091362,-0.004577,0.047878,-0.878465,1.541822,-0.282979,0.506307,-0.121557,1.299034,-0.605597,1.545563,-0.537506,0.194289,-0.121726
19.500000,-0.262802,0.132268,1.438504,0.082824,-0.232557,0.072729,-0.193329,0.674978,1.535512,-0.015629,-0.255636,-0.072623,1.072169,0.582340,1.513845,-0.322195,-0.843840,-0.060603,0.379055,0.223391,1.346843,-0.047003,-0.281267,0.199728,0.522479,-0.277027,1.522290,-0.280428,-0.323332,-0.068268,-1.084483,0.500571,1.560267,0.553487,0.014815,-0.128585,-0.718039,-0.886189,1.555125,0.042232,0.559456,-0.145033,-0.681653,-0.051292,1.488892,-0.025286,0.083958,-0.005402,0.042208,-0.868328,1.539357,-0.283999,0.507141,-0.124896,1.288159,-0.601747,1.543126,-0.549893,0.190715,-0.121984
19.520000,-0.261141,0.127618,1.439947,0.083146,-0.232424,0.071536,-0.193638,0.669827,1.534073,-0.015239,-0.259420,-0.071218,1.065649,0.565431,1.512649,-0.329740,-0.846874,-0.059035,0.378102,0.217712,1.350828,-0.048222,-0.286585,0.198827,0.516857,-0.283585,1.520930,-0.281787,-0.332388,-0.067664,-1.073407,0.500790,1.557701,0.553984,0.007008,-0.127991,-0.717174,-0.875061,1.552211,0.044196,0.553227,-0.146367,-0.682181,-0.049690,1.488776,-0.027564,0.076176,-0.006149,0.036521,-0.858187,1.536827,-0.284663,0.506858,-0.128104,1.277045,-0.597970,1.540683,-0.561261,0.186858,-0.122267
19.540000,-0.259478,0.122971,1.441366,0.083167,-0.232315,0.070365,-0.193941,0.664601,1.532663,-0.015156,-0.263153,-0.069801,1.058982,0.548471,1.511484,-0.336900,-0.848913,-0.057480,0.377126,0.211929,1.354795,-0.049384,-0.291715,0.197848,0.511209,-0.290322,1.519583,-0.282933,-0.341348,-0.066994,-1.062331,0.500851,1.555148,0.553346,-0.000930,-0.127284,-0.716273,-0.864067,1.549271,0.045925,0.545987,-0.147665,-0.682758,-0.048247,1.488646,-0.030099,0.068034,-0.006825,0.030823,-0.848061,1.534234,-0.284988,0.505491,-0.131171,1.265715,-0.594274,1.538235,-0.571613,0.182730,-0.122571
19.560000,-0.257817,0.118325,1.442762,0.082888,-0.232229,0.069215,-0.194246,0.659301,1.531281,-0.015380,-0.266835,-0.068373,1.052175,0.531481,1.510350,-0.343674,-0.849956,-0.055939,0.376127,0.206045,1.358742,-0.050489,-0.296656,0.196790,0.505541,-0.297238,1.518251,-0.283864,-0.350210,-0.066260,-1.051280,0.500752,1.552610,0.551573,-0.009000,-0.126464,-0.715339,-0.853228,1.546305,0.047418,0.537736,-0.148926,-0.683387,-0.046971,1.488504,-0.032890,0.059532,-0.007428,0.025123,-0.837974,1.531581,-0.284974,0.503041,-0.134098,1.254188,-0.590663,1.535780,-0.580951,0.178330,-0.122894
19.580000,-0.256164,0.113681,1.444135,0.082309,-0.232167,0.068087,-0.194558,0.653928,1.529928,-0.015911,-0.270465,-0.066934,1.045237,0.514480,1.509246,-0.350063,-0.850004,-0.054411,0.375107,0.200064,1.362666,-0.051537,-0.301407,0.195654,0.499856,-0.304330,1.516934,-0.284581,-0.358975,-0.065462,-1.040276,0.500490,1.550090,0.548664,-0.017201,-0.125531,-0.714378,-0.842564,1.543314,0.048677,0.528474,-0.150151,-0.684075,-0.045869,1.488350,-0.035939,0.050670,-0.007959,0.019427,-0.827947,1.528871,-0.284621,0.499507,-0.136884,1.242484,-0.587143,1.533319,-0.589273,0.173659,-0.123237
19.600000,-0.254526,0.109038,1.445485,0.081430,-0.232129,0.066980,-0.194884,0.648483,1.528604,-0.016750,-0.274043,-0.065483,1.038175,0.497487,1.508173,-0.356067,-0.849056,-0.052897,0.374066,0.193990,1.366567,-0.052529,-0.305970,0.194438,0.494159,-0.311596,1.515633,-0.285084,-0.367643,-0.064599,-1.029341,0.500063,1.547590,0.544620,-0.025534,-0.124485,-0.713393,-0.832096,1.540299,0.049700,0.518202,-0.151340,-0.684826,-0.044947,1.488186,-0.039245,0.041447,-0.008418,0.013741,-0.818001,1.526107,-0.283928,0.494890,-0.139530,1.230623,-0.583719,1.530851,-0.596581,0.168717,-0.123601
19.620000,-0.252909,0.104396,1.446814,0.080238,-0.232111,0.065888,-0.195230,0.642967,1.527309,-0.017888,-0.277543,-0.064011,1.030997,0.480524,1.507130,-0.361725,-0.847196,-0.051384,0.373006,0.187827,1.370443,-0.053496,-0.310335,0.193139,0.488454,-0.319035,1.514350,-0.285409,-0.376184,-0.063669,-1.018498,0.499468,1.545111,0.539512,-0.033980,-0.123324,-0.712391,-0.821842,1.537261,0.050489,0.506980,-0.152468,-0.685646,-0.044213,1.488013,-0.042789,0.031892,-0.008809,0.008072,-0.808158,1.523291,-0.282933,0.489253,-0.142015,1.218627,-0.580396,1.528375,-0.602922,0.163513,-0.123971
19.640000,-0.251319,0.099754,1.448121,0.078718,-0.232109,0.064806,-0.195602,0.637382,1.526044,-0.019318,-0.280939,-0.062509,1.023708,0.463605,1.506118,-0.367078,-0.844509,-0.049862,0.371926,0.181578,1.374292,-0.054473,-0.314494,0.191751,0.482744,-0.326643,1.513086,-0.285592,-0.384567,-0.062670,-1.007767,0.498703,1.542657,0.533411,-0.042521,-0.122046,-0.711375,-0.811822,1.534201,0.051044,0.494870,-0.153508,-0.686539,-0.043673,1.487834,-0.046554,0.022032,-0.009135,0.002425,-0.798437,1.520427,-0.281669,0.482661,-0.144320,1.206513,-0.577180,1.525892,-0.608344,0.158058,-0.124335
19.660000,-0.249763,0.095112,1.449406,0.076871,-0.232125,0.063733,-0.196005,0.631730,1.524809,-0.021038,-0.284230,-0.060976,1.016316,0.446749,1.505136,-0.372125,-0.840994,-0.048330,0.370827,0.175248,1.378113,-0.055460,-0.318445,0.190273,0.477031,-0.334416,1.511844,-0.285633,-0.392792,-0.061601,-0.997169,0.497766,1.540230,0.526316,-0.051158,-0.120649,-0.710351,-0.802053,1.531121,0.051365,0.481871,-0.154461,-0.687510,-0.043334,1.487648,-0.050540,0.011865,-0.009396,-0.003193,-0.788858,1.517519,-0.280137,0.475112,-0.146447,1.194299,-0.574075,1.523402,-0.612847,0.152350,-0.124692
19.680000,-0.248246,0.090469,1.450670,0.074697,-0.232158,0.062669,-0.196445,0.626014,1.523605,-0.023050,-0.287417,-0.059412,1.008825,0.429971,1.504185,-0.376867,-0.836652,-0.046788,0.369708,0.168841,1.381903,-0.056456,-0.322190,0.188706,0.471319,-0.342353,1.510623,-0.285532,-0.400859,-0.060464,-0.986721,0.496656,1.537832,0.518229,-0.059890,-0.119135,-0.709322,-0.792553,1.528023,0.051453,0.467984,-0.155327,-0.688562,-0.043201,1.487458,-0.054746,0.001393,-0.009592,-0.008779,-0.779439,1.514571,-0.278338,0.466607,-0.148393,1.182005,-0.571087,1.520904,-0.616432,0.146391,-0.125042
19.700000,-0.246777,0.085825,1.451913,0.072196,-0.232207,0.061614,-0.196929,0.620234,1.522432,-0.025352,-0.290499,-0.057818,1.001243,0.413288,1.503265,-0.381304,-0.831482,-0.045236,0.368569,0.162362,1.385660,-0.057462,-0.325728,0.187050,0.465611,-0.350450,1.509426,-0.285289,-0.408768,-0.059257,-0.976446,0.495370,1.535466,0.509148,-0.068717,-0.117503,-0.708294,-0.783340,1.524908,0.051307,0.453208,-0.156105,-0.689701,-0.043280,1.487265,-0.059172,-0.009384,-0.009724,-0.014325,-0.770200,1.511585,-0.276270,0.457146,-0.150161,1.169648,-0.568221,1.518400,-0.619099,0.140180,-0.125386
19.720000,-0.245361,0.081180,1.453135,0.069369,-0.232271,0.060572,-0.197461,0.614394,1.521292,-0.027923,-0.293459,-0.056179,0.993575,0.396716,1.502376,-0.385480,-0.825587,-0.043661,0.367409,0.155814,1.389384,-0.058505,-0.329057,0.185314,0.459908,-0.358703,1.508253,-0.284947,-0.416497,-0.057974,-0.966361,0.493907,1.533133,0.499171,-0.077615,-0.115750,-0.707272,-0.774430,1.521779,0.050936,0.437629,-0.156761,-0.690931,-0.043578,1.487070,-0.063791,-0.020431,-0.009789,-0.019828,-0.761159,1.508566,-0.273987,0.446816,-0.151716,1.157246,-0.565482,1.515889,-0.620926,0.133730,-0.125701
19.740000,-0.244004,0.076534,1.454336,0.066217,-0.232345,0.059543,-0.198047,0.608497,1.520186,-0.030739,-0.296280,-0.054479,0.985825,0.380269,1.501518,-0.389441,-0.819067,-0.042048,0.366228,0.149201,1.393073,-0.059612,-0.332175,0.183506,0.454213,-0.367108,1.507107,-0.284549,-0.424025,-0.056608,-0.956484,0.492265,1.530837,0.488394,-0.086560,-0.113871,-0.706258,-0.765840,1.518639,0.050350,0.421332,-0.157256,-0.692254,-0.044099,1.486874,-0.068577,-0.031713,-0.009786,-0.025283,-0.752333,1.505518,-0.271540,0.435701,-0.153028,1.144816,-0.562874,1.513372,-0.621993,0.127051,-0.125964
19.760000,-0.242714,0.071886,1.455517,0.062739,-0.232430,0.058527,-0.198692,0.602544,1.519114,-0.033799,-0.298961,-0.052718,0.977999,0.363958,1.500694,-0.393186,-0.811924,-0.040397,0.365024,0.142528,1.396724,-0.060784,-0.335081,0.181628,0.448527,-0.375662,1.505989,-0.284094,-0.431350,-0.055160,-0.946831,0.490444,1.528579,0.476818,-0.095551,-0.111867,-0.705259,-0.757582,1.515490,0.049548,0.404316,-0.157592,-0.693675,-0.044848,1.486679,-0.073528,-0.043230,-0.009716,-0.030688,-0.743736,1.502446,-0.268930,0.423802,-0.154095,1.132372,-0.560401,1.510851,-0.622300,0.120145,-0.126175
19.780000,-0.241497,0.067237,1.456677,0.058936,-0.232525,0.057526,-0.199401,0.596539,1.518077,-0.037104,-0.301503,-0.050897,0.970099,0.347796,1.499903,-0.396716,-0.804157,-0.038709,0.363796,0.135799,1.400337,-0.062021,-0.337776,0.179679,0.442850,-0.384361,1.504901,-0.283583,-0.438473,-0.053628,-0.937417,0.488443,1.526363,0.464442,-0.104588,-0.109738,-0.704278,-0.749672,1.512336,0.048532,0.386581,-0.157767,-0.695196,-0.045829,1.486486,-0.078645,-0.054981,-0.009578,-0.036040,-0.735386,1.499355,-0.266156,0.411118,-0.154919,1.119929,-0.558069,1.508326,-0.621846,0.113011,-0.126334
19.800000,-0.240359,0.062585,1.457818,0.054808,-0.232632,0.056538,-0.200178,0.590485,1.517078,-0.040654,-0.303905,-0.049015,0.962132,0.331796,1.499146,-0.400031,-0.795766,-0.036983,0.362543,0.129019,1.403911,-0.063322,-0.340259,0.177658,0.437184,-0.393200,1.503845,-0.283015,-0.445394,-0.052013,-0.928259,0.486260,1.524190,0.451266,-0.113672,-0.107483,-0.703319,-0.742124,1.509181,0.047300,0.368128,-0.157783,-0.696822,-0.047049,1.486296,-0.083927,-0.066966,-0.009372,-0.041334,-0.727297,1.496251,-0.263218,0.397651,-0.155498,1.107503,-0.555882,1.505798,-0.620632,0.105649,-0.126441
19.820000,-0.239307,0.057932,1.458939,0.050385,-0.232747,0.055577,-0.201029,0.584384,1.516117,-0.044421,-0.306158,-0.047061,0.954099,0.315969,1.498424,-0.403166,-0.786860,-0.035206,0.361263,0.122190,1.407443,-0.064717,-0.342545,0.175587,0.431529,-0.402175,1.502821,-0.282431,-0.452098,-0.050306,-0.919371,0.483896,1.522064,0.437408,-0.122774,-0.105097,-0.702387,-0.734951,1.506026,0.045846,0.349053,-0.157597,-0.698554,-0.048509,1.486112,-0.089333,-0.079137,-0.009093,-0.046568,-0.719484,1.493137,-0.260178,0.383504,-0.155788,1.095108,-0.553845,1.503268,-0.618754,0.098076,-0.126465
19.840000,-0.238345,0.053275,1.460041,0.045694,-0.232868,0.054654,-0.201956,0.578240,1.515196,-0.048378,-0.308254,-0.045026,0.946006,0.300324,1.497738,-0.406159,-0.777549,-0.033363,0.359954,0.115318,1.410934,-0.066234,-0.344645,0.173486,0.425886,-0.411282,1.501833,-0.281873,-0.458570,-0.048498,-0.910766,0.481349,1.519987,0.422985,-0.131865,-0.102575,-0.701487,-0.728165,1.502878,0.044166,0.329454,-0.157168,-0.700396,-0.050215,1.485933,-0.094820,-0.091443,-0.008734,-0.051740,-0.711960,1.490022,-0.257094,0.368782,-0.155744,1.082757,-0.551961,1.500740,-0.616308,0.090306,-0.126375
19.860000,-0.237481,0.048617,1.461125,0.040737,-0.232995,0.053768,-0.202965,0.572055,1.514317,-0.052525,-0.310191,-0.042909,0.937854,0.284870,1.497090,-0.409009,-0.767832,-0.031454,0.358613,0.108406,1.414382,-0.067874,-0.346560,0.171354,0.420254,-0.420516,1.500882,-0.281340,-0.464809,-0.046589,-0.902455,0.478621,1.517962,0.407996,-0.140945,-0.099917,-0.700622,-0.721776,1.499741,0.042259,0.309330,-0.156494,-0.702348,-0.052168,1.485763,-0.100387,-0.103884,-0.008296,-0.056851,-0.704737,1.486910,-0.253968,0.353486,-0.155364,1.070460,-0.550234,1.498214,-0.613295,0.082340,-0.126171
19.880000,-0.236718,0.043956,1.462192,0.035514,-0.233128,0.052921,-0.204059,0.565833,1.513480,-0.056863,-0.311970,-0.040710,0.929647,0.269613,1.496480,-0.411716,-0.757710,-0.029480,0.357238,0.101457,1.417788,-0.069637,-0.348290,0.169192,0.414633,-0.429873,1.499970,-0.280832,-0.470817,-0.044579,-0.894450,0.475712,1.515992,0.392443,-0.150015,-0.097123,-0.699798,-0.715795,1.496620,0.040124,0.288681,-0.155577,-0.704412,-0.054371,1.485602,-0.106036,-0.116461,-0.007779,-0.061899,-0.697825,1.483809,-0.250798,0.337616,-0.154649,1.058229,-0.548668,1.495694,-0.609715,0.074179,-0.125852
19.900000,-0.236062,0.039292,1.463242,0.030024,-0.233268,0.052112,-0.205241,0.559577,1.512689,-0.061391,-0.313591,-0.038430,0.921386,0.254564,1.495911,-0.414280,-0.747182,-0.027440,0.355826,0.094475,1.421150,-0.071522,-0.349836,0.167000,0.409021,-0.439348,1.499100,-0.280349,-0.476592,-0.042468,-0.886761,0.472621,1.514078,0.376324,-0.159074,-0.094193,-0.699019,-0.710232,1.493520,0.037762,0.267507,-0.154416,-0.706589,-0.056827,1.485452,-0.111765,-0.129174,-0.007183,-0.066883,-0.691236,1.480726,-0.247586,0.321171,-0.153599,1.046075,-0.547268,1.493181,-0.605566,0.065821,-0.125418
19.920000,-0.235518,0.034625,1.464277,0.024305,-0.233417,0.051361,-0.206515,0.553291,1.511944,-0.066080,-0.315054,-0.036060,0.913076,0.239728,1.495383,-0.416711,-0.736356,-0.025321,0.354376,0.087465,1.424468,-0.073542,-0.351211,0.164805,0.403418,-0.448935,1.498272,-0.279907,-0.482118,-0.040246,-0.879400,0.469349,1.512225,0.359766,-0.168095,-0.091122,-0.698289,-0.705098,1.490446,0.035181,0.245918,-0.152972,-0.708882,-0.059539,1.485315,-0.117520,-0.141954,-0.006495,-0.071802,-0.684981,1.477668,-0.244376,0.304259,-0.152176,1.034009,-0.546037,1.490678,-0.600945,0.057287,-0.124832
19.940000,-0.235091,0.029955,1.465297,0.018394,-0.233580,0.050688,-0.207885,0.546976,1.511247,-0.070903,-0.316358,-0.033593,0.904719,0.225111,1.494899,-0.419014,-0.725337,-0.023110,0.352884,0.080428,1.427742,-0.075708,-0.352431,0.162638,0.397824,-0.458630,1.497491,-0.279522,-0.487377,-0.037904,-0.872373,0.465897,1.510434,0.342892,-0.177051,-0.087905,-0.697613,-0.700398,1.487403,0.032388,0.224024,-0.151206,-0.711290,-0.062506,1.485193,-0.123247,-0.154736,-0.005703,-0.076658,-0.679068,1.474642,-0.241215,0.286989,-0.150342,1.022040,-0.544977,1.488189,-0.595943,0.048596,-0.124054
19.960000,-0.234784,0.025282,1.466305,0.012292,-0.233758,0.050093,-0.209352,0.540637,1.510601,-0.075859,-0.317504,-0.031030,0.896316,0.210716,1.494459,-0.421192,-0.714127,-0.020806,0.351347,0.073368,1.430974,-0.078021,-0.353497,0.160498,0.392237,-0.468428,1.496757,-0.279194,-0.492369,-0.035441,-0.865686,0.462267,1.508710,0.325704,-0.185942,-0.084542,-0.696995,-0.696139,1.484399,0.029383,0.201825,-0.149118,-0.713812,-0.065728,1.485088,-0.128945,-0.167519,-0.004806,-0.081451,-0.673504,1.471657,-0.238103,0.269360,-0.148097,1.010174,-0.544094,1.485717,-0.590563,0.039748,-0.123085
19.980000,-0.234601,0.020604,1.467302,0.005998,-0.233949,0.049575,-0.210920,0.534277,1.510007,-0.080948,-0.318490,-0.028371,0.887872,0.196547,1.494067,-0.423244,-0.702726,-0.018411,0.349762,0.066289,1.434162,-0.080479,-0.354407,0.158384,0.386656,-0.478323,1.496074,-0.278924,-0.497095,-0.032858,-0.859347,0.458460,1.507054,0.308200,-0.194767,-0.081034,-0.696439,-0.692327,1.481441,0.026166,0.179320,-0.146708,-0.716448,-0.069206,1.485001,-0.134615,-0.180302,-0.003806,-0.086182,-0.668296,1.468721,-0.235039,0.251373,-0.145441,0.998420,-0.543389,1.483267,-0.584802,0.030742,-0.121924
20.000000,-0.234545,0.015923,1.468289,-0.000487,-0.234155,0.049135,-0.212591,0.527899,1.509467,-0.086170,-0.319318,-0.025615,0.879388,0.182608,1.493724,-0.425169,-0.691132,-0.015923,0.348127,0.059193,1.437309,-0.083084,-0.355163,0.156298,0.381080,-0.488310,1.495443,-0.278710,-0.501554,-0.030155,-0.853360,0.454477,1.505469,0.290382,-0.203528,-0.077379,-0.695950,-0.688968,1.478533,0.022738,0.156510,-0.143976,-0.719196,-0.072940,1.484936,-0.140257,-0.193087,-0.002701,-0.090853,-0.663451,1.465842,-0.232025,0.233028,-0.142374,0.986784,-0.542865,1.480841,-0.578663,0.021580,-0.120572
20.020000,-0.234621,0.011238,1.469268,-0.007130,-0.234383,0.048797,-0.214368,0.521505,1.508983,-0.091507,-0.320003,-0.022761,0.870866,0.168903,1.493431,-0.426946,-0.679436,-0.013334,0.346438,0.052083,1.440415,-0.085833,-0.355777,0.154266,0.375507,-0.498384,1.494868,-0.278540,-0.505722,-0.027323,-0.847733,0.450320,1.503959,0.272372,-0.212198,-0.073573,-0.695531,-0.686068,1.475684,0.019121,0.133517,-0.140897,-0.722057,-0.076929,1.484894,-0.145813,-0.205814,-0.001477,-0.095464,-0.658977,1.463029,-0.229083,0.214427,-0.138882,0.975275,-0.542526,1.478445,-0.572215,0.012284,-0.118984
20.040000,-0.234831,0.006548,1.470241,-0.013899,-0.234642,0.048584,-0.216252,0.515100,1.508557,-0.096940,-0.320558,-0.019809,0.862311,0.155431,1.493191,-0.428554,-0.667726,-0.010633,0.344692,0.044963,1.443480,-0.088723,-0.356262,0.152318,0.369938,-0.508537,1.494351,-0.278402,-0.509577,-0.024353,-0.842466,0.445990,1.502527,0.254292,-0.220753,-0.069610,-0.695186,-0.683628,1.472900,0.015340,0.110462,-0.137445,-0.725028,-0.081172,1.484878,-0.151226,-0.218425,-0.000117,-0.100017,-0.654875,1.460290,-0.226238,0.195674,-0.134951,0.963897,-0.542375,1.476084,-0.565531,0.002877,-0.117119
20.060000,-0.235178,0.001852,1.471212,-0.020793,-0.234932,0.048498,-0.218246,0.508684,1.508191,-0.102469,-0.320984,-0.016758,0.853725,0.142194,1.493006,-0.429991,-0.656003,-0.007821,0.342888,0.037834,1.446508,-0.091755,-0.356617,0.150453,0.364371,-0.518765,1.493895,-0.278295,-0.513118,-0.021245,-0.837562,0.441490,1.501176,0.236144,-0.229194,-0.065489,-0.694918,-0.681650,1.470189,0.011395,0.087346,-0.133621,-0.728106,-0.085666,1.484890,-0.156496,-0.230919,0.001379,-0.104514,-0.651151,1.457634,-0.223490,0.176768,-0.130582,0.952656,-0.542412,1.473763,-0.558610,-0.006640,-0.114974
20.080000,-0.235664,-0.002850,1.472182,-0.027813,-0.235253,0.048538,-0.220351,0.502261,1.507887,-0.108094,-0.321281,-0.013608,0.845112,0.129191,1.492879,-0.431259,-0.644265,-0.004898,0.341021,0.030699,1.449499,-0.094928,-0.356844,0.148670,0.358806,-0.529060,1.493503,-0.278219,-0.516345,-0.017999,-0.833021,0.436823,1.499909,0.217926,-0.237520,-0.061212,-0.694731,-0.680134,1.467557,0.007285,0.064169,-0.129424,-0.731287,-0.090408,1.484934,-0.161623,-0.243297,0.003011,-0.108957,-0.647806,1.455069,-0.220840,0.157710,-0.125774,0.941555,-0.542641,1.471487,-0.551453,-0.016267,-0.112552
20.100000,-0.236291,-0.007558,1.473154,-0.034958,-0.235606,0.048704,-0.222570,0.495833,1.507647,-0.113815,-0.321450,-0.010360,0.836476,0.116423,1.492811,-0.432357,-0.632515,-0.001864,0.339090,0.023561,1.452455,-0.098243,-0.356942,0.146971,0.353242,-0.539416,1.493176,-0.278174,-0.519258,-0.014616,-0.828845,0.431990,1.498729,0.199638,-0.245732,-0.056776,-0.694628,-0.679083,1.465014,0.003011,0.040930,-0.124855,-0.734570,-0.095397,1.485012,-0.166607,-0.255559,0.004778,-0.113348,-0.644843,1.452605,-0.218286,0.138499,-0.120527,0.930599,-0.543063,1.469262,-0.544059,-0.026005,-0.109850
20.120000,-0.237063,-0.012274,1.474131,-0.042191,-0.236004,0.049016,-0.224905,0.489404,1.507473,-0.119617,-0.321504,-0.007012,0.827820,0.103890,1.492805,-0.433230,-0.620817,0.001285,0.337091,0.016422,1.455379,-0.101680,-0.356921,0.145377,0.347679,-0.549828,1.492919,-0.278133,-0.521833,-0.011090,-0.825035,0.426995,1.497639,0.181381,-0.253816,-0.052187,-0.694612,-0.678497,1.462566,-0.001390,0.017737,-0.119912,-0.737950,-0.100629,1.485126,-0.171412,-0.267654,0.006691,-0.117689,-0.642266,1.450251,-0.215828,0.119221,-0.114858,0.919793,-0.543682,1.467095,-0.536477,-0.035819,-0.106831
20.140000,-0.237979,-0.016999,1.475116,-0.049475,-0.236464,0.049494,-0.227356,0.482974,1.507368,-0.125482,-0.321458,-0.003565,0.819149,0.091590,1.492863,-0.433824,-0.609238,0.004550,0.335022,0.009285,1.458271,-0.105221,-0.356791,0.143909,0.342117,-0.560287,1.492734,-0.278068,-0.524044,-0.007418,-0.821589,0.421838,1.496642,0.163253,-0.261763,-0.047449,-0.694684,-0.678373,1.460220,-0.005881,-0.005302,-0.114597,-0.741425,-0.106101,1.485280,-0.176001,-0.279532,0.008760,-0.121982,-0.640074,1.448014,-0.213465,0.099960,-0.108782,0.909141,-0.544496,1.464992,-0.528756,-0.045674,-0.103454
20.160000,-0.239042,-0.021733,1.476112,-0.056811,-0.236984,0.050138,-0.229924,0.476546,1.507332,-0.131413,-0.321313,-0.000018,0.810468,0.079520,1.492988,-0.434137,-0.597778,0.007932,0.332881,0.002151,1.461136,-0.108865,-0.356552,0.142568,0.336556,-0.570787,1.492623,-0.277980,-0.525892,-0.003600,-0.818504,0.416525,1.495742,0.145253,-0.269571,-0.042559,-0.694847,-0.678708,1.457984,-0.010464,-0.028188,-0.108908,-0.744989,-0.111809,1.485478,-0.180374,-0.291192,0.010984,-0.126229,-0.638268,1.445902,-0.211196,0.080717,-0.102300,0.898644,-0.545509,1.462959,-0.520895,-0.055571,-0.099719
20.180000,-0.240252,-0.026478,1.477123,-0.064198,-0.237566,0.050949,-0.232612,0.470122,1.507367,-0.137407,-0.321069,0.003628,0.801785,0.067678,1.493181,-0.434171,-0.586437,0.011430,0.330667,-0.004977,1.463975,-0.112612,-0.356204,0.141354,0.330998,-0.581321,1.492591,-0.277868,-0.527377,0.000365,-0.815778,0.411057,1.494941,0.127382,-0.277241,-0.037520,-0.695103,-0.679499,1.455866,-0.015137,-0.050920,-0.102845,-0.748638,-0.117748,1.485721,-0.184532,-0.302634,0.013363,-0.130431,-0.636846,1.443925,-0.209021,0.061491,-0.095411,0.888306,-0.546720,1.461005,-0.512895,-0.065509,-0.095626
20.200000,-0.241610,-0.031236,1.478151,-0.071637,-0.238208,0.051925,-0.235421,0.463704,1.507477,-0.143466,-0.320726,0.007374,0.793103,0.056061,1.493446,-0.433925,-0.575214,0.015046,0.328376,-0.012096,1.466791,-0.116463,-0.355747,0.140266,0.325442,-0.591880,1.492639,-0.277732,-0.528499,0.004477,-0.813408,0.405436,1.494242,0.109640,-0.284772,-0.032331,-0.695454,-0.680744,1.453873,-0.019901,-0.073499,-0.096410,-0.752368,-0.123913,1.486013,-0.188474,-0.313859,0.015898,-0.134590,-0.635808,1.442089,-0.206940,0.042283,-0.088115,0.878129,-0.548129,1.459137,-0.504755,-0.075488,-0.091174
20.220000,-0.243118,-0.036007,1.479201,-0.079089,-0.238935,0.053075,-0.238351,0.457294,1.507663,-0.149576,-0.320300,0.011212,0.784430,0.044668,1.493784,-0.433352,-0.564154,0.018768,0.326008,-0.019206,1.469586,-0.120385,-0.355183,0.139318,0.319889,-0.602458,1.492771,-0.277534,-0.529238,0.008726,-0.811391,0.399667,1.493648,0.092097,-0.292155,-0.027006,-0.695900,-0.682438,1.452012,-0.024715,-0.095837,-0.089628,-0.756176,-0.130300,1.486358,-0.192190,-0.324821,0.018588,-0.138709,-0.635154,1.440402,-0.204938,0.023160,-0.080456,0.868117,-0.549739,1.457361,-0.496496,-0.085460,-0.086358
20.240000,-0.244774,-0.040794,1.480275,-0.086514,-0.239772,0.054405,-0.241404,0.450892,1.507926,-0.155727,-0.319808,0.015132,0.775772,0.033494,1.494197,-0.432402,-0.553299,0.022586,0.323560,-0.026303,1.472365,-0.124345,-0.354516,0.138524,0.314341,-0.613047,1.492989,-0.277233,-0.529574,0.013104,-0.809722,0.393751,1.493163,0.074823,-0.299378,-0.021560,-0.696442,-0.684575,1.450290,-0.029540,-0.117844,-0.082525,-0.760054,-0.136904,1.486758,-0.195667,-0.335476,0.021433,-0.142788,-0.634881,1.438873,-0.202997,0.004189,-0.072477,0.858270,-0.551547,1.455685,-0.488140,-0.095377,-0.081169
20.260000,-0.246578,-0.045599,1.481378,-0.093913,-0.240718,0.055915,-0.244581,0.444502,1.508269,-0.161916,-0.319252,0.019135,0.767136,0.022535,1.494688,-0.431078,-0.542650,0.026500,0.321033,-0.033386,1.475128,-0.128344,-0.353745,0.137884,0.308800,-0.623638,1.493296,-0.276830,-0.529506,0.017612,-0.808396,0.387693,1.492787,0.057819,-0.306442,-0.015992,-0.697081,-0.687149,1.448713,-0.034375,-0.139522,-0.075102,-0.764001,-0.143717,1.487216,-0.198906,-0.345823,0.024433,-0.146829,-0.634985,1.437505,-0.201119,-0.014629,-0.064177,0.848592,-0.553554,1.454116,-0.479686,-0.105240,-0.075608
20.280000,-0.248530,-0.050424,1.482513,-0.101286,-0.241774,0.057606,-0.247881,0.438123,1.508692,-0.168146,-0.318629,0.023220,0.758531,0.011786,1.495258,-0.429377,-0.532206,0.030511,0.318426,-0.040452,1.477881,-0.132381,-0.352870,0.137397,0.303269,-0.634224,1.493694,-0.276324,-0.529035,0.022249,-0.807408,0.381494,1.492524,0.041083,-0.313346,-0.010303,-0.697817,-0.690154,1.447288,-0.039221,-0.160869,-0.067359,-0.768009,-0.150735,1.487736,-0.201906,-0.355862,0.027588,-0.150833,-0.635465,1.436308,-0.199302,-0.033295,-0.055556,0.839083,-0.555757,1.452663,-0.471134,-0.115047,-0.069674
20.300000,-0.250629,-0.055271,1.483684,-0.108633,-0.242939,0.059477,-0.251307,0.431757,1.509198,-0.174415,-0.317942,0.027389,0.749964,0.001245,1.495909,-0.427302,-0.521968,0.034618,0.315738,-0.047500,1.480625,-0.136457,-0.351892,0.137065,0.297748,-0.644797,1.494186,-0.275716,-0.528161,0.027016,-0.806751,0.375160,1.492375,0.024616,-0.320091,-0.004493,-0.698650,-0.693582,1.446021,-0.044078,-0.181887,-0.059295,-0.772075,-0.157950,1.488321,-0.204668,-0.365593,0.030898,-0.154801,-0.636316,1.435285,-0.197548,-0.051809,-0.046615,0.829747,-0.558155,1.451332,-0.462484,-0.124800,-0.063367
20.320000,-0.252875,-0.060142,1.484893,-0.115919,-0.244238,0.061518,-0.254858,0.425405,1.509788,-0.180709,-0.317209,0.031625,0.741442,-0.009094,1.496643,-0.424838,-0.511948,0.038805,0.312968,-0.054527,1.483364,-0.140537,-0.350813,0.136881,0.292241,-0.655348,1.494775,-0.274956,-0.526875,0.031888,-0.806421,0.368692,1.492345,0.008461,-0.326661,0.001415,-0.699580,-0.697426,1.444918,-0.048921,-0.202504,-0.050962,-0.776194,-0.165356,1.488973,-0.207203,-0.374974,0.034350,-0.158735,-0.637536,1.434445,-0.195838,-0.070116,-0.037418,0.820585,-0.560748,1.450130,-0.453746,-0.134450,-0.056717
20.340000,-0.255265,-0.065041,1.486145,-0.123109,-0.245694,0.063721,-0.258535,0.419069,1.510464,-0.187014,-0.316453,0.035914,0.732973,-0.019234,1.497462,-0.421972,-0.502160,0.043056,0.310117,-0.061532,1.486101,-0.144588,-0.349635,0.136841,0.286751,-0.665869,1.495462,-0.273997,-0.525170,0.036839,-0.806410,0.362095,1.492433,-0.007338,-0.333042,0.007397,-0.700607,-0.701679,1.443984,-0.053727,-0.222649,-0.042409,-0.780362,-0.172946,1.489696,-0.209519,-0.383962,0.037932,-0.162635,-0.639119,1.433790,-0.194157,-0.088163,-0.028027,0.811598,-0.563532,1.449065,-0.444930,-0.143952,-0.049754
20.360000,-0.257799,-0.069971,1.487443,-0.130204,-0.247308,0.066084,-0.262339,0.412747,1.511225,-0.193330,-0.315674,0.040255,0.724566,-0.029182,1.498366,-0.418705,-0.492605,0.047371,0.307185,-0.068512,1.488839,-0.148610,-0.348358,0.136945,0.281283,-0.676352,1.496249,-0.272837,-0.523047,0.041872,-0.806712,0.355372,1.492641,-0.022783,-0.339233,0.013453,-0.701729,-0.706329,1.443223,-0.058497,-0.242323,-0.033636,-0.784574,-0.180712,1.490491,-0.211618,-0.392556,0.041645,-0.166502,-0.641060,1.433325,-0.192502,-0.105951,-0.018443,0.802788,-0.566505,1.448142,-0.436036,-0.153305,-0.042477
20.380000,-0.260473,-0.074935,1.488790,-0.137202,-0.249080,0.068609,-0.266269,0.406442,1.512074,-0.199657,-0.314871,0.044649,0.716228,-0.038940,1.499357,-0.415037,-0.483281,0.051750,0.304172,-0.075465,1.491580,-0.152602,-0.346983,0.137194,0.275839,-0.686788,1.497138,-0.271478,-0.520504,0.046984,-0.807319,0.348527,1.492971,-0.037873,-0.345234,0.019583,-0.702946,-0.711368,1.442640,-0.063229,-0.261525,-0.024643,-0.788825,-0.188646,1.491362,-0.213499,-0.400757,0.045487,-0.170335,-0.643355,1.433054,-0.190876,-0.123478,-0.008666,0.794157,-0.569663,1.447368,-0.427063,-0.162509,-0.034887
20.400000,-0.263286,-0.079935,1.490189,-0.144105,-0.251009,0.071294,-0.270325,0.400153,1.513012,-0.205994,-0.314044,0.049096,0.707967,-0.048514,1.500436,-0.410968,-0.474189,0.056193,0.301081,-0.082390,1.494328,-0.156565,-0.345509,0.137586,0.270425,-0.697169,1.498129,-0.269919,-0.517542,0.052177,-0.808225,0.341564,1.493425,-0.052608,-0.351045,0.025787,-0.704258,-0.716787,1.442239,-0.067925,-0.280254,-0.015430,-0.793112,-0.196739,1.492311,-0.215163,-0.408565,0.049458,-0.174137,-0.645998,1.432980,-0.189278,-0.140745,0.001303,0.785706,-0.573004,1.446749,-0.418012,-0.171564,-0.026982
20.420000,-0.266236,-0.084976,1.491643,-0.150887,-0.253110,0.074123,-0.274508,0.393880,1.514038,-0.212316,-0.313196,0.053573,0.699791,-0.057909,1.501605,-0.406514,-0.465327,0.060670,0.297910,-0.089285,1.497085,-0.160466,-0.343936,0.138111,0.265044,-0.707487,1.499225,-0.268136,-0.514178,0.057414,-0.809421,0.334486,1.494003,-0.066970,-0.356642,0.032031,-0.705663,-0.722575,1.442024,-0.072586,-0.298448,-0.006063,-0.797430,-0.204985,1.493341,-0.216631,-0.415939,0.053537,-0.177907,-0.648983,1.433106,-0.187704,-0.157706,0.011389,0.777437,-0.576525,1.446291,-0.408895,-0.180431,-0.018824
20.440000,-0.269321,-0.090061,1.493154,-0.157524,-0.255398,0.077078,-0.278817,0.387625,1.515155,-0.218595,-0.312327,0.058058,0.691709,-0.067129,1.502863,-0.401691,-0.456692,0.065150,0.294663,-0.096147,1.499853,-0.164273,-0.342264,0.138758,0.259701,-0.717734,1.500426,-0.266107,-0.510429,0.062660,-0.810901,0.327299,1.494706,-0.080940,-0.362003,0.038282,-0.707161,-0.728721,1.441997,-0.077216,-0.316040,0.003392,-0.801776,-0.213374,1.494453,-0.217926,-0.422842,0.057698,-0.181645,-0.652304,1.433435,-0.186151,-0.174313,0.021515,0.769350,-0.580220,1.445997,-0.399726,-0.189071,-0.010473
20.460000,-0.272536,-0.095193,1.494727,-0.164016,-0.257873,0.080159,-0.283252,0.381387,1.516361,-0.224830,-0.311438,0.062553,0.683726,-0.076178,1.504211,-0.396501,-0.448285,0.069634,0.291340,-0.102975,1.502636,-0.167986,-0.340493,0.139526,0.254401,-0.727902,1.501732,-0.263832,-0.506296,0.067914,-0.812656,0.320008,1.495534,-0.094519,-0.367125,0.044540,-0.708752,-0.735213,1.442160,-0.081814,-0.333031,0.012936,-0.806146,-0.221896,1.495650,-0.219049,-0.429273,0.061942,-0.185353,-0.655953,1.433967,-0.184619,-0.190568,0.031681,0.761448,-0.584086,1.445873,-0.390504,-0.197484,-0.001927
20.480000,-0.275880,-0.100377,1.496362,-0.170363,-0.260534,0.083367,-0.287810,0.375168,1.517657,-0.231022,-0.310528,0.067055,0.675851,-0.085062,1.505648,-0.390943,-0.440104,0.074122,0.287944,-0.109766,1.505435,-0.171605,-0.338623,0.140415,0.249149,-0.737983,1.503143,-0.261310,-0.501777,0.073177,-0.814679,0.312616,1.496488,-0.107707,-0.372011,0.050805,-0.710434,-0.742038,1.442515,-0.086381,-0.349420,0.022569,-0.810537,-0.230542,1.496932,-0.219998,-0.435232,0.066268,-0.189030,-0.659924,1.434703,-0.183108,-0.206469,0.041887,0.753731,-0.588118,1.445922,-0.381230,-0.205670,0.006812
20.500000,-0.279350,-0.105616,1.498062,-0.176564,-0.263381,0.086700,-0.292492,0.368966,1.519043,-0.237171,-0.309598,0.071567,0.668091,-0.093784,1.507176,-0.385016,-0.432151,0.078613,0.284476,-0.116519,1.508253,-0.175129,-0.336654,0.141426,0.243950,-0.747970,1.504659,-0.258542,-0.496874,0.078449,-0.816962,0.305129,1.497567,-0.120503,-0.376659,0.057077,-0.712207,-0.749185,1.443064,-0.090917,-0.365209,0.032291,-0.814945,-0.239302,1.498301,-0.220775,-0.440718,0.070678,-0.192677,-0.664210,1.435643,-0.181618,-0.222017,0.052133,0.746199,-0.592311,1.446147,-0.371904,-0.213629,0.015744
20.520000,-0.282942,-0.110914,1.499830,-0.182604,-0.266416,0.090126,-0.297297,0.362784,1.520519,-0.243251,-0.308649,0.076057,0.660453,-0.102349,1.508793,-0.378767,-0.424407,0.083075,0.280939,-0.123232,1.511093,-0.178551,-0.334600,0.142534,0.238809,-0.757856,1.506280,-0.255542,-0.491619,0.083687,-0.819497,0.297551,1.498771,-0.132907,-0.381032,0.063316,-0.714070,-0.756642,1.443807,-0.095432,-0.380328,0.042027,-0.819367,-0.248167,1.499759,-0.221415,-0.445694,0.075138,-0.196295,-0.668802,1.436788,-0.180169,-0.237165,0.062339,0.738855,-0.596661,1.446552,-0.362549,-0.221333,0.024793
20.540000,-0.286653,-0.116274,1.501667,-0.188467,-0.269639,0.093611,-0.302222,0.356621,1.522085,-0.249236,-0.307683,0.080498,0.652942,-0.110762,1.510498,-0.372241,-0.416857,0.087476,0.277335,-0.129903,1.513955,-0.181861,-0.332475,0.143713,0.233730,-0.767633,1.508006,-0.252328,-0.486046,0.088850,-0.822275,0.289890,1.500099,-0.144918,-0.385093,0.069483,-0.716024,-0.764394,1.444744,-0.099939,-0.394709,0.051702,-0.823801,-0.257126,1.501307,-0.221953,-0.450119,0.079614,-0.199885,-0.673693,1.438136,-0.178778,-0.251864,0.072425,0.731697,-0.601163,1.447139,-0.353190,-0.228755,0.033878
20.560000,-0.290479,-0.121700,1.503575,-0.194152,-0.273050,0.097154,-0.307265,0.350477,1.523739,-0.255124,-0.306700,0.084888,0.645565,-0.119025,1.512291,-0.365437,-0.409499,0.091815,0.273666,-0.136530,1.516842,-0.185060,-0.330279,0.144964,0.228718,-0.777295,1.509834,-0.248898,-0.480156,0.093938,-0.825291,0.282150,1.501549,-0.156535,-0.388841,0.075579,-0.718068,-0.772425,1.445875,-0.104437,-0.408351,0.061317,-0.828245,-0.266168,1.502944,-0.222391,-0.453995,0.084106,-0.203447,-0.678874,1.439684,-0.177447,-0.266115,0.082393,0.724727,-0.605810,1.447907,-0.343827,-0.235894,0.043001
20.580000,-0.294418,-0.127197,1.505554,-0.199660,-0.276650,0.100757,-0.312426,0.344353,1.525480,-0.260918,-0.305700,0.089228,0.638326,-0.127143,1.514170,-0.358357,-0.402335,0.096093,0.269933,-0.143113,1.519754,-0.188147,-0.328011,0.146286,0.223776,-0.786837,1.511763,-0.245253,-0.473947,0.098950,-0.828534,0.274338,1.503121,-0.167760,-0.392276,0.081602,-0.720201,-0.780723,1.447197,-0.108926,-0.421256,0.070872,-0.832696,-0.275282,1.504671,-0.222728,-0.457320,0.088615,-0.206983,-0.684335,1.441431,-0.176176,-0.279917,0.092242,0.717944,-0.610597,1.448859,-0.334460,-0.242750,0.052162
20.600000,-0.298464,-0.132768,1.507606,-0.204990,-0.280439,0.104418,-0.317702,0.338249,1.527308,-0.266615,-0.304682,0.093518,0.631232,-0.135120,1.516135,-0.350998,-0.395364,0.100310,0.266141,-0.149650,1.522694,-0.191122,-0.325672,0.147680,0.218909,-0.796251,1.513791,-0.241393,-0.467420,0.103887,-0.831998,0.266461,1.504813,-0.178591,-0.395400,0.087554,-0.722425,-0.789271,1.448709,-0.113407,-0.433422,0.080367,-0.837153,-0.284457,1.506488,-0.222964,-0.460094,0.093141,-0.210494,-0.690067,1.443373,-0.174964,-0.293271,0.101971,0.711349,-0.615518,1.449994,-0.325089,-0.249324,0.061360
20.620000,-0.302616,-0.138416,1.509731,-0.210130,-0.284378,0.108094,-0.323090,0.332166,1.529220,-0.272185,-0.303641,0.097723,0.624288,-0.142959,1.518182,-0.343427,-0.388573,0.104434,0.262289,-0.156140,1.525661,-0.193991,-0.323275,0.149112,0.214121,-0.805532,1.515918,-0.237378,-0.460615,0.108706,-0.835675,0.258524,1.506623,-0.189027,-0.398179,0.093392,-0.724738,-0.798054,1.450410,-0.117900,-0.444782,0.089728,-0.841614,-0.293682,1.508396,-0.223138,-0.462287,0.097639,-0.213982,-0.696062,1.445508,-0.173850,-0.306113,0.111507,0.704940,-0.620568,1.451313,-0.315759,-0.255601,0.070514
20.640000,-0.306868,-0.144143,1.511929,-0.215066,-0.288429,0.111741,-0.328588,0.326103,1.531216,-0.277594,-0.302571,0.101809,0.617496,-0.150664,1.520311,-0.335707,-0.381951,0.108434,0.258382,-0.162581,1.528658,-0.196759,-0.320834,0.150546,0.209414,-0.814674,1.518138,-0.233269,-0.453569,0.113365,-0.839557,0.250536,1.508548,-0.199065,-0.400583,0.099073,-0.727141,-0.807056,1.452297,-0.122424,-0.455271,0.098883,-0.846078,-0.302945,1.510394,-0.223290,-0.463865,0.102068,-0.217449,-0.702308,1.447832,-0.172874,-0.318376,0.120772,0.698718,-0.625740,1.452814,-0.306516,-0.261569,0.079543
20.660000,-0.311217,-0.149953,1.514200,-0.219799,-0.292593,0.115358,-0.334192,0.320063,1.533292,-0.282842,-0.301472,0.105774,0.610861,-0.158238,1.522519,-0.327838,-0.375497,0.112310,0.254420,-0.168973,1.531683,-0.199426,-0.318348,0.151982,0.204791,-0.823673,1.520451,-0.229067,-0.446284,0.117864,-0.843635,0.242504,1.510585,-0.208705,-0.402613,0.104598,-0.729635,-0.816259,1.454364,-0.126980,-0.464886,0.107831,-0.850546,-0.312233,1.512479,-0.223418,-0.464829,0.106428,-0.220898,-0.708793,1.450337,-0.172035,-0.330062,0.129769,0.692679,-0.631028,1.454494,-0.297361,-0.267228,0.088447
20.680000,-0.315659,-0.155848,1.516543,-0.224329,-0.296868,0.118947,-0.339900,0.314045,1.535446,-0.287930,-0.300343,0.109620,0.604384,-0.165685,1.524803,-0.319820,-0.369211,0.116063,0.250405,-0.175315,1.534737,-0.201993,-0.315817,0.153422,0.200252,-0.832524,1.522852,-0.224771,-0.438759,0.122203,-0.847902,0.234434,1.512731,-0.217946,-0.404267,0.109966,-0.732220,-0.825646,1.456609,-0.131567,-0.473629,0.116572,-0.855015,-0.321534,1.514650,-0.223524,-0.465178,0.110717,-0.224331,-0.715507,1.453020,-0.171334,-0.341171,0.138496,0.686823,-0.636427,1.456351,-0.288293,-0.272577,0.097225
20.700000,-0.320189,-0.161829,1.518958,-0.228655,-0.301257,0.122506,-0.345709,0.308049,1.537676,-0.292857,-0.299186,0.113346,0.598069,-0.173007,1.527160,-0.311653,-0.363094,0.119691,0.246341,-0.181605,1.537820,-0.204459,-0.313243,0.154864,0.195801,-0.841222,1.525338,-0.220381,-0.430995,0.126383,-0.852350,0.226335,1.514982,-0.226790,-0.405546,0.115178,-0.734898,-0.835199,1.459026,-0.136185,-0.481500,0.125107,-0.859486,-0.330836,1.516907,-0.223606,-0.464913,0.114936,-0.227752,-0.722436,1.455875,-0.170770,-0.351702,0.146953,0.681147,-0.641929,1.458382,-0.279312,-0.277616,0.105878
20.720000,-0.324804,-0.167898,1.521443,-0.232774,-0.305682,0.125990,-0.351613,0.302078,1.539979,-0.297582,-0.297990,0.116921,0.591918,-0.180209,1.529589,-0.303420,-0.357139,0.123169,0.242227,-0.187844,1.540932,-0.206847,-0.310642,0.156273,0.191437,-0.849762,1.527906,-0.215994,-0.423029,0.130367,-0.856971,0.218215,1.517336,-0.235229,-0.406425,0.120195,-0.737668,-0.844900,1.461611,-0.140857,-0.488441,0.133374,-0.863959,-0.340126,1.519247,-0.223702,-0.464014,0.119043,-0.231164,-0.729570,1.458896,-0.170407,-0.361591,0.155080,0.675649,-0.647529,1.460585,-0.270493,-0.282351,0.114333
20.740000,-0.329499,-0.174056,1.523997,-0.236684,-0.310070,0.129350,-0.357610,0.296130,1.542351,-0.302065,-0.296748,0.120310,0.585932,-0.187294,1.532086,-0.295202,-0.351340,0.126468,0.238067,-0.194031,1.544071,-0.209179,-0.308033,0.157611,0.187160,-0.858142,1.530551,-0.211704,-0.414899,0.134124,-0.861757,0.210081,1.519788,-0.243257,-0.406879,0.124978,-0.740532,-0.854730,1.464358,-0.145602,-0.494397,0.141313,-0.868435,-0.349392,1.521668,-0.223849,-0.462463,0.122994,-0.234570,-0.736895,1.462076,-0.170308,-0.370776,0.162816,0.670325,-0.653221,1.462954,-0.261912,-0.286785,0.122517
20.760000,-0.334270,-0.180301,1.526616,-0.240384,-0.314421,0.132588,-0.363694,0.290208,1.544790,-0.306304,-0.295459,0.123515,0.580110,-0.194264,1.534647,-0.287000,-0.345697,0.129589,0.233861,-0.200165,1.547236,-0.211457,-0.305417,0.158880,0.182968,-0.866357,1.533269,-0.207512,-0.406606,0.137652,-0.866699,0.201943,1.522334,-0.250873,-0.406909,0.129527,-0.743493,-0.864669,1.467261,-0.150421,-0.499368,0.148924,-0.872914,-0.358620,1.524166,-0.224047,-0.460260,0.126789,-0.237978,-0.744397,1.465406,-0.170474,-0.379256,0.170161,0.665171,-0.658999,1.465484,-0.253568,-0.290919,0.130431
20.780000,-0.339113,-0.186633,1.529299,-0.243873,-0.318734,0.135703,-0.369861,0.284312,1.547291,-0.310300,-0.294124,0.126536,0.574452,-0.201123,1.537268,-0.278813,-0.340211,0.132531,0.229609,-0.206248,1.550425,-0.213679,-0.302794,0.160078,0.178859,-0.874405,1.536056,-0.203419,-0.398150,0.140951,-0.871789,0.193808,1.524968,-0.258078,-0.406515,0.133842,-0.746550,-0.874698,1.470313,-0.155313,-0.503353,0.156205,-0.877397,-0.367798,1.526738,-0.224295,-0.457404,0.130428,-0.241391,-0.752061,1.468880,-0.170904,-0.387032,0.177116,0.660181,-0.664856,1.468169,-0.245461,-0.294752,0.138073
20.800000,-0.344023,-0.193050,1.532044,-0.247153,-0.323009,0.138695,-0.376105,0.278443,1.549850,-0.314053,-0.292742,0.129372,0.568957,-0.207874,1.539947,-0.270642,-0.334881,0.135296,0.225314,-0.212277,1.553638,-0.215847,-0.300163,0.161206,0.174831,-0.882282,1.538906,-0.199423,-0.389531,0.144022,-0.877019,0.185685,1.527686,-0.264872,-0.405696,0.137924,-0.749706,-0.884797,1.473507,-0.160279,-0.506353,0.163159,-0.881886,-0.376912,1.529382,-0.224594,-0.453897,0.133911,-0.244815,-0.759873,1.472488,-0.171598,-0.394102,0.183679,0.655351,-0.670787,1.471005,-0.237592,-0.298285,0.145445
20.820000,-0.348997,-0.199552,1.534846,-0.250244,-0.327167,0.141523,-0.382421,0.272603,1.552464,-0.317524,-0.291321,0.131999,0.563625,-0.214519,1.542679,-0.262579,-0.329709,0.137863,0.220975,-0.218254,1.556873,-0.218015,-0.297555,0.162228,0.170881,-0.889985,1.541815,-0.195640,-0.380776,0.146843,-0.882381,0.177583,1.530483,-0.271253,-0.404429,0.141745,-0.752962,-0.894945,1.476837,-0.165342,-0.508333,0.169742,-0.886381,-0.385949,1.532093,-0.224968,-0.449731,0.137205,-0.248257,-0.767820,1.476224,-0.172624,-0.400412,0.189810,0.650675,-0.676786,1.473985,-0.230045,-0.301522,0.152497
20.840000,-0.354032,-0.206135,1.537703,-0.253165,-0.331127,0.144148,-0.388804,0.266791,1.555128,-0.320671,-0.289868,0.134393,0.558453,-0.221063,1.545460,-0.254718,-0.324694,0.140216,0.216593,-0.224180,1.560126,-0.220238,-0.294999,0.163109,0.167003,-0.897513,1.544778,-0.192182,-0.371915,0.149390,-0.887867,0.169511,1.533354,-0.277221,-0.402692,0.145279,-0.756320,-0.905123,1.480294,-0.170521,-0.509255,0.175914,-0.890885,-0.394897,1.534868,-0.225442,-0.444904,0.140277,-0.251723,-0.775884,1.480078,-0.174048,-0.405907,0.195469,0.646146,-0.682846,1.477102,-0.222908,-0.304469,0.159180
20.860000,-0.359123,-0.212796,1.540611,-0.255917,-0.334888,0.146569,-0.395246,0.261008,1.557838,-0.323495,-0.288382,0.136553,0.553435,-0.227508,1.548286,-0.247059,-0.319838,0.142354,0.212165,-0.230055,1.563396,-0.222518,-0.292496,0.163848,0.163191,-0.904861,1.547789,-0.189050,-0.362948,0.151664,-0.893467,0.161478,1.536292,-0.282776,-0.400484,0.148525,-0.759783,-0.915308,1.483871,-0.175819,-0.509122,0.181674,-0.895400,-0.403741,1.537703,-0.226015,-0.439413,0.143127,-0.255222,-0.784051,1.484040,-0.175872,-0.410585,0.200655,0.641756,-0.688962,1.480350,-0.216178,-0.307125,0.165493
20.880000,-0.364267,-0.219530,1.543565,-0.258499,-0.338452,0.148786,-0.401741,0.255256,1.560589,-0.325997,-0.286864,0.138481,0.548569,-0.233858,1.551153,-0.239602,-0.315140,0.144277,0.207692,-0.235880,1.566679,-0.224854,-0.290046,0.164446,0.159439,-0.912030,1.550843,-0.186244,-0.353874,0.153665,-0.899175,0.153495,1.539293,-0.287917,-0.397805,0.151484,-0.763354,-0.925481,1.487559,-0.181234,-0.507932,0.187022,-0.899926,-0.412469,1.540592,-0.226687,-0.433260,0.145754,-0.258761,-0.792302,1.488101,-0.178094,-0.414448,0.205369,0.637497,-0.695129,1.483720,-0.209858,-0.309490,0.171438
20.900000,-0.369462,-0.226333,1.546561,-0.260913,-0.341817,0.150799,-0.408283,0.249534,1.563376,-0.328175,-0.285313,0.140175,0.543850,-0.240115,1.554056,-0.232346,-0.310599,0.145985,0.203171,-0.241657,1.569973,-0.227245,-0.287649,0.164903,0.155739,-0.919016,1.553934,-0.183764,-0.344693,0.155394,-0.904981,0.145569,1.542350,-0.292644,-0.394656,0.154155,-0.767033,-0.935619,1.491349,-0.186767,-0.505686,0.191959,-0.904468,-0.421067,1.543532,-0.227459,-0.426444,0.148159,-0.262348,-0.800623,1.492251,-0.180715,-0.417496,0.209610,0.633359,-0.701340,1.487205,-0.203946,-0.311564,0.177013
20.920000,-0.374703,-0.233201,1.549595,-0.263194,-0.344908,0.152584,-0.414866,0.243843,1.566194,-0.330002,-0.283740,0.141621,0.539273,-0.246283,1.556991,-0.225385,-0.306223,0.147469,0.198601,-0.247386,1.573274,-0.229752,-0.285324,0.165193,0.152085,-0.925817,1.557056,-0.181721,-0.335425,0.156842,-0.910878,0.137712,1.545457,-0.296957,-0.391024,0.156524,-0.770825,-0.945701,1.495234,-0.192440,-0.502374,0.196464,-0.909026,-0.429522,1.546517,-0.228340,-0.418978,0.150318,-0.265992,-0.808996,1.496482,-0.183788,-0.419683,0.213366,0.629335,-0.707590,1.490797,-0.198537,-0.313364,0.182193
20.940000,-0.379989,-0.240127,1.552662,-0.265379,-0.347647,0.154114,-0.421481,0.238184,1.569039,-0.331448,-0.282154,0.142805,0.534832,-0.252365,1.559953,-0.218810,-0.302015,0.148722,0.193980,-0.253070,1.576580,-0.232433,-0.283092,0.165291,0.148467,-0.932432,1.560205,-0.180227,-0.326090,0.158005,-0.916857,0.129932,1.548609,-0.300854,-0.386898,0.158577,-0.774732,-0.955706,1.499205,-0.198277,-0.497990,0.200518,-0.913602,-0.437822,1.549542,-0.229340,-0.410872,0.152209,-0.269703,-0.817404,1.500783,-0.187366,-0.420966,0.216626,0.625414,-0.713873,1.494490,-0.193725,-0.314904,0.186951
20.960000,-0.385318,-0.247104,1.555758,-0.267469,-0.350033,0.155390,-0.428121,0.232557,1.571905,-0.332514,-0.280555,0.143727,0.530518,-0.258364,1.562938,-0.212622,-0.297976,0.149743,0.189303,-0.258711,1.579885,-0.235289,-0.280953,0.165198,0.144873,-0.938860,1.563375,-0.179281,-0.316687,0.158883,-0.922909,0.122239,1.551798,-0.304335,-0.382279,0.160314,-0.778757,-0.965613,1.503252,-0.204277,-0.492531,0.204122,-0.918200,-0.445953,1.552603,-0.230458,-0.402128,0.153833,-0.273490,-0.825829,1.505144,-0.191450,-0.421344,0.219390,0.621582,-0.720184,1.498273,-0.189510,-0.316186,0.191286
20.980000,-0.390687,-0.254126,1.558876,-0.269462,-0.352068,0.156412,-0.434779,0.226962,1.574786,-0.333200,-0.278944,0.144387,0.526324,-0.264285,1.565941,-0.206820,-0.294107,0.150533,0.184567,-0.264309,1.583186,-0.238318,-0.278906,0.164913,0.141292,-0.945099,1.566559,-0.178883,-0.307217,0.159474,-0.929027,0.114644,1.555019,-0.307399,-0.377166,0.161734,-0.782904,-0.975401,1.507366,-0.210440,-0.486000,0.207274,-0.922821,-0.453903,1.555694,-0.231694,-0.392745,0.155188,-0.277364,-0.834252,1.509555,-0.196039,-0.420817,0.221658,0.617829,-0.726518,1.502138,-0.185892,-0.317208,0.195199
21.000000,-0.396095,-0.261184,1.562013,-0.271361,-0.353751,0.157179,-0.441447,0.221400,1.577679,-0.333505,-0.277319,0.144785,0.522243,-0.270130,1.568958,-0.201405,-0.290406,0.151090,0.179769,-0.269868,1.586480,-0.241522,-0.276951,0.164437,0.137714,-0.951148,1.569752,-0.179034,-0.297679,0.159780,-0.935202,0.107156,1.558265,-0.310048,-0.371558,0.162838,-0.787176,-0.985046,1.511540,-0.216767,-0.478395,0.209976,-0.927468,-0.461658,1.558809,-0.233050,-0.382723,0.156276,-0.281335,-0.842656,1.514007,-0.201134,-0.419386,0.223429,0.614143,-0.732871,1.506078,-0.182871,-0.317971,0.198690
21.020000,-0.401541,-0.268273,1.565162,-0.273219,-0.355029,0.157680,-0.448117,0.215869,1.580576,-0.333412,-0.275698,0.144916,0.518265,-0.275902,1.571983,-0.196457,-0.286887,0.151416,0.174905,-0.275388,1.589762,-0.244949,-0.275102,0.163762,0.134126,-0.957006,1.572948,-0.179820,-0.288082,0.159805,-0.941426,0.099785,1.561531,-0.312281,-0.365447,0.163625,-0.791576,-0.994529,1.515763,-0.223279,-0.469734,0.212229,-0.932144,-0.469208,1.561943,-0.234516,-0.372092,0.157085,-0.285413,-0.851021,1.518489,-0.206762,-0.417025,0.224721,0.610510,-0.739236,1.510083,-0.180532,-0.318499,0.201753
21.040000,-0.407024,-0.275382,1.568318,-0.275095,-0.355846,0.157902,-0.454780,0.210371,1.583473,-0.332905,-0.274094,0.144778,0.514381,-0.281607,1.575013,-0.192057,-0.283559,0.151509,0.169969,-0.280872,1.593029,-0.248648,-0.273370,0.162883,0.130516,-0.962671,1.576142,-0.181328,-0.278432,0.159555,-0.947691,0.092541,1.564808,-0.314100,-0.358822,0.164094,-0.796109,-1.003829,1.520026,-0.230002,-0.460035,0.214037,-0.936850,-0.476538,1.565091,-0.236086,-0.360882,0.157605,-0.289609,-0.859330,1.522992,-0.212952,-0.413708,0.225550,0.606916,-0.745609,1.514145,-0.178963,-0.318814,0.204382
21.060000,-0.412545,-0.282504,1.571476,-0.276987,-0.356203,0.157844,-0.461430,0.204905,1.586365,-0.331984,-0.272508,0.144370,0.510579,-0.287246,1.578042,-0.188205,-0.280424,0.151369,0.164957,-0.286324,1.596276,-0.252619,-0.271756,0.161799,0.126868,-0.968143,1.579329,-0.183556,-0.268731,0.159031,-0.953988,0.085435,1.568092,-0.315505,-0.351683,0.164247,-0.800778,-1.012924,1.524321,-0.236934,-0.449298,0.215400,-0.941588,-0.483639,1.568245,-0.237759,-0.349093,0.157837,-0.293935,-0.867563,1.527508,-0.219702,-0.409435,0.225917,0.603346,-0.751987,1.518255,-0.178163,-0.318915,0.206576
21.080000,-0.418104,-0.289628,1.574630,-0.278896,-0.356100,0.157507,-0.468057,0.199471,1.589246,-0.330648,-0.270940,0.143693,0.506849,-0.292825,1.581066,-0.184901,-0.277481,0.150997,0.159862,-0.291743,1.599500,-0.256862,-0.270260,0.160511,0.123169,-0.973420,1.582502,-0.186506,-0.258977,0.158231,-0.960308,0.078477,1.571376,-0.316496,-0.344030,0.164082,-0.805587,-1.021794,1.528639,-0.244076,-0.437522,0.216317,-0.946361,-0.490498,1.571402,-0.239536,-0.336726,0.157781,-0.298401,-0.875701,1.532026,-0.227014,-0.404206,0.225821,0.599785,-0.758364,1.522405,-0.178131,-0.318804,0.208336
21.100000,-0.423701,-0.296745,1.577774,-0.280821,-0.355536,0.156890,-0.474653,0.194068,1.592111,-0.328897,-0.269390,0.142746,0.503180,-0.298347,1.584080,-0.182144,-0.274730,0.150393,0.154681,-0.297135,1.602695,-0.261377,-0.268882,0.159018,0.119403,-0.978502,1.585656,-0.190177,-0.249172,0.157157,-0.966645,0.071678,1.574653,-0.317072,-0.335862,0.163600,-0.810542,-1.030418,1.532971,-0.251427,-0.424709,0.216789,-0.951170,-0.497104,1.574555,-0.241417,-0.323780,0.157436,-0.303019,-0.883725,1.536538,-0.234887,-0.398022,0.225262,0.596216,-0.764738,1.526586,-0.178869,-0.318481,0.209662
21.120000,-0.429337,-0.303846,1.580904,-0.282812,-0.354487,0.155996,-0.481210,0.188695,1.594955,-0.326727,-0.267874,0.141535,0.499559,-0.303815,1.587080,-0.179993,-0.272186,0.149563,0.149405,-0.302499,1.605859,-0.266186,-0.267610,0.157324,0.115557,-0.983387,1.588786,-0.194627,-0.239320,0.155822,-0.972988,0.065046,1.577918,-0.317236,-0.327170,0.162813,-0.815646,-1.038775,1.537308,-0.258999,-0.410907,0.216835,-0.956018,-0.503446,1.577698,-0.243385,-0.310282,0.156806,-0.307800,-0.891616,1.541034,-0.243320,-0.390886,0.224270,0.592624,-0.771102,1.530789,-0.180443,-0.317976,0.210566
21.140000,-0.435014,-0.310921,1.584012,-0.284919,-0.352924,0.154825,-0.487719,0.183352,1.597771,-0.324131,-0.266408,0.140067,0.495975,-0.309235,1.590061,-0.178504,-0.269862,0.148513,0.144031,-0.307840,1.608987,-0.271312,-0.266436,0.155430,0.111613,-0.988074,1.591887,-0.199912,-0.229429,0.154241,-0.979331,0.058594,1.581164,-0.316991,-0.317943,0.161730,-0.820904,-1.046848,1.541641,-0.266804,-0.396165,0.216475,-0.960906,-0.509512,1.580825,-0.245427,-0.296260,0.155895,-0.312756,-0.899354,1.545506,-0.252313,-0.382804,0.222877,0.588992,-0.777456,1.535006,-0.182920,-0.317323,0.211062
21.160000,-0.440735,-0.317959,1.587095,-0.287141,-0.350848,0.153378,-0.494173,0.178039,1.600555,-0.321110,-0.264992,0.138341,0.492415,-0.314611,1.593019,-0.177678,-0.267759,0.147245,0.138551,-0.313158,1.612075,-0.276754,-0.265358,0.153338,0.107555,-0.992564,1.594954,-0.206032,-0.219497,0.152414,-0.985665,0.052332,1.584385,-0.316335,-0.308180,0.160352,-0.826320,-1.054616,1.545964,-0.274842,-0.380483,0.215709,-0.965836,-0.515293,1.583932,-0.247541,-0.281712,0.154702,-0.317897,-0.906922,1.549946,-0.261865,-0.373774,0.221083,0.585302,-0.783794,1.539229,-0.186300,-0.316521,0.211148
21.180000,-0.446501,-0.324951,1.590146,-0.289478,-0.348259,0.151654,-0.500561,0.172752,1.603303,-0.317663,-0.263626,0.136357,0.488864,-0.319947,1.595950,-0.177514,-0.265877,0.145758,0.132959,-0.318455,1.615119,-0.282513,-0.264377,0.151046,0.103366,-0.996854,1.597982,-0.212987,-0.209525,0.150341,-0.991982,0.046271,1.587576,-0.315269,-0.297881,0.158679,-0.831899,-1.062061,1.550267,-0.283112,-0.363861,0.214537,-0.970808,-0.520777,1.587011,-0.249728,-0.266641,0.153227,-0.323234,-0.914299,1.554346,-0.271977,-0.363798,0.218886,0.581534,-0.790116,1.543449,-0.190583,-0.315571,0.210826
21.200000,-0.452315,-0.331886,1.593159,-0.291930,-0.345157,0.149653,-0.506876,0.167493,1.606008,-0.313791,-0.262309,0.134116,0.485310,-0.325248,1.598848,-0.178012,-0.264215,0.144053,0.127248,-0.323733,1.618116,-0.288589,-0.263493,0.148556,0.099030,-1.000944,1.600966,-0.220777,-0.199513,0.148022,-0.998273,0.040421,1.590730,-0.313793,-0.287047,0.156711,-0.837646,-1.069164,1.554543,-0.291615,-0.346299,0.212959,-0.975825,-0.525955,1.590059,-0.251988,-0.251045,0.151471,-0.328780,-0.921467,1.558699,-0.282649,-0.352874,0.216287,0.577672,-0.796416,1.547659,-0.195769,-0.314472,0.210095
21.220000,-0.458179,-0.338754,1.596130,-0.294523,-0.341537,0.147392,-0.513110,0.162260,1.608666,-0.309493,-0.261039,0.131632,0.481739,-0.330517,1.601711,-0.179197,-0.262788,0.142144,0.121413,-0.328995,1.621060,-0.294970,-0.262679,0.145885,0.094529,-1.004834,1.603901,-0.229413,-0.189454,0.145478,-1.004531,0.034792,1.593843,-0.311914,-0.275684,0.154470,-0.843565,-1.075907,1.558783,-0.300343,-0.327873,0.211008,-0.980888,-0.530816,1.593068,-0.254299,-0.234967,0.149449,-0.334544,-0.928408,1.562995,-0.293844,-0.341040,0.213327,0.573697,-0.802694,1.551850,-0.201873,-0.313253,0.208983
21.240000,-0.464097,-0.345544,1.599053,-0.297283,-0.337395,0.144886,-0.519253,0.157051,1.611272,-0.304769,-0.259814,0.128919,0.478137,-0.335761,1.604533,-0.181093,-0.261608,0.140049,0.115447,-0.334241,1.623950,-0.301645,-0.261909,0.143054,0.089847,-1.008522,1.606784,-0.238902,-0.179339,0.142730,-1.010747,0.029397,1.596908,-0.309638,-0.263800,0.151975,-0.849661,-1.082274,1.562981,-0.309286,-0.308660,0.208714,-0.985997,-0.535350,1.596035,-0.256637,-0.218450,0.147176,-0.340537,-0.935103,1.567230,-0.305529,-0.328330,0.210043,0.569591,-0.808946,1.556016,-0.208907,-0.311942,0.207517
21.260000,-0.470071,-0.352246,1.601924,-0.300210,-0.332730,0.142135,-0.525298,0.151867,1.613821,-0.299620,-0.258632,0.125977,0.474490,-0.340983,1.607311,-0.183701,-0.260676,0.137767,0.109345,-0.339472,1.626781,-0.308614,-0.261182,0.140063,0.084967,-1.012007,1.609609,-0.249245,-0.169169,0.139777,-1.016914,0.024244,1.599920,-0.306967,-0.251395,0.149228,-0.855938,-1.088248,1.567129,-0.318444,-0.288659,0.206079,-0.991154,-0.539551,1.598954,-0.259004,-0.201493,0.144651,-0.346768,-0.941535,1.571395,-0.317703,-0.314746,0.206437,0.565335,-0.815171,1.560149,-0.216872,-0.310540,0.205696
21.280000,-0.476106,-0.358850,1.604737,-0.303303,-0.327542,0.139140,-0.531235,0.146706,1.616309,-0.294045,-0.257494,0.122807,0.470784,-0.346190,1.610042,-0.187019,-0.259991,0.135298,0.103101,-0.344688,1.629551,-0.315877,-0.260500,0.136910,0.079872,-1.015288,1.612374,-0.260442,-0.158943,0.136621,-1.023023,0.019344,1.602875,-0.303900,-0.238470,0.146228,-0.862400,-1.093815,1.571222,-0.327818,-0.267870,0.203103,-0.996358,-0.543407,1.601819,-0.261398,-0.184098,0.141876,-0.353248,-0.947687,1.575485,-0.330366,-0.300288,0.202509,0.560910,-0.821367,1.564241,-0.225767,-0.309045,0.203522
21.300000,-0.482205,-0.365345,1.607488,-0.306563,-0.321831,0.135900,-0.537057,0.141567,1.618732,-0.288044,-0.256401,0.119408,0.467005,-0.351385,1.612722,-0.191048,-0.259554,0.132643,0.096708,-0.349892,1.632257,-0.323434,-0.259861,0.133597,0.074544,-1.018365,1.615073,-0.272494,-0.148663,0.133260,-1.029067,0.014709,1.605767,-0.300437,-0.225023,0.142976,-0.869052,-1.098958,1.575251,-0.337408,-0.246294,0.199785,-1.001610,-0.546912,1.604627,-0.263821,-0.166263,0.138850,-0.359986,-0.953541,1.579493,-0.343519,-0.284954,0.198257,0.556298,-0.827532,1.568287,-0.235594,-0.307459,0.200993
21.320000,-0.488370,-0.371720,1.610172,-0.309996,-0.315613,0.132446,-0.542754,0.136450,1.621084,-0.281626,-0.255324,0.115801,0.463138,-0.356573,1.615347,-0.195768,-0.259363,0.129825,0.090162,-0.355083,1.634894,-0.331242,-0.259223,0.130148,0.068967,-1.021235,1.617703,-0.285359,-0.138325,0.129722,-1.035038,0.010347,1.608593,-0.296588,-0.211082,0.139499,-0.875898,-1.103662,1.579211,-0.347178,-0.224026,0.196166,-1.006911,-0.550055,1.607372,-0.266236,-0.148044,0.135598,-0.366992,-0.959080,1.583413,-0.357110,-0.268799,0.193728,0.551480,-0.833665,1.572279,-0.246305,-0.305791,0.198151
21.340000,-0.494606,-0.377966,1.612784,-0.313605,-0.308903,0.128810,-0.548319,0.131354,1.623363,-0.274798,-0.254235,0.112009,0.459170,-0.361761,1.617914,-0.201158,-0.259415,0.126867,0.083457,-0.360260,1.637462,-0.339258,-0.258543,0.126584,0.063124,-1.023897,1.620261,-0.298998,-0.127930,0.126036,-1.040928,0.006268,1.611346,-0.292365,-0.196673,0.135827,-0.882940,-1.107915,1.583096,-0.357093,-0.201162,0.192286,-1.012259,-0.552831,1.610050,-0.268608,-0.129493,0.132146,-0.374273,-0.964288,1.587241,-0.371088,-0.251875,0.188966,0.546440,-0.839763,1.576211,-0.257854,-0.304051,0.195034
21.360000,-0.500915,-0.384073,1.615323,-0.317391,-0.301700,0.124992,-0.553743,0.126280,1.625563,-0.267561,-0.253136,0.108032,0.455087,-0.366952,1.620421,-0.207217,-0.259712,0.123771,0.076590,-0.365424,1.639957,-0.347480,-0.257822,0.122908,0.057002,-1.026351,1.622743,-0.313411,-0.117476,0.122200,-1.046730,0.002483,1.614024,-0.287767,-0.181796,0.131961,-0.890182,-1.111704,1.586901,-0.367153,-0.177701,0.188147,-1.017655,-0.555233,1.612656,-0.270937,-0.110612,0.128493,-0.381838,-0.969150,1.590971,-0.385455,-0.234183,0.183970,0.541161,-0.845826,1.580078,-0.270241,-0.302239,0.191643
21.380000,-0.507302,-0.390030,1.617783,-0.321355,-0.294005,0.120991,-0.559019,0.121229,1.627683,-0.259916,-0.252025,0.103868,0.450877,-0.372151,1.622864,-0.213947,-0.260252,0.120535,0.069557,-0.370573,1.642377,-0.355911,-0.257059,0.119119,0.050583,-1.028596,1.625148,-0.328598,-0.106963,0.118215,-1.052437,-0.001000,1.616623,-0.282794,-0.166452,0.127899,-0.897627,-1.115019,1.590620,-0.377359,-0.153645,0.183748,-1.023096,-0.557253,1.615188,-0.273223,-0.091400,0.124641,-0.389694,-0.973650,1.594598,-0.400210,-0.215722,0.178741,0.535625,-0.851852,1.583875,-0.283466,-0.300356,0.187977
21.400000,-0.513771,-0.395830,1.620161,-0.325496,-0.285818,0.116808,-0.564137,0.116199,1.629717,-0.251861,-0.250903,0.099519,0.446525,-0.377363,1.625241,-0.221346,-0.261037,0.117160,0.062352,-0.375706,1.644721,-0.364549,-0.256254,0.115216,0.043853,-1.030630,1.627471,-0.344559,-0.096393,0.114080,-1.058040,-0.004172,1.619139,-0.277446,-0.150639,0.123643,-0.905278,-1.117846,1.594249,-0.387709,-0.128992,0.179089,-1.028583,-0.558887,1.617641,-0.275465,-0.071857,0.120589,-0.397849,-0.977773,1.598119,-0.415352,-0.196492,0.173279,0.529816,-0.857840,1.587596,-0.297529,-0.298401,0.184037
21.420000,-0.520323,-0.401460,1.622454,-0.329797,-0.277168,0.112477,-0.569091,0.111193,1.631663,-0.243432,-0.249723,0.095019,0.442019,-0.382594,1.627550,-0.229356,-0.262038,0.113678,0.054974,-0.380823,1.646985,-0.373329,-0.255366,0.111231,0.036796,-1.032451,1.629710,-0.361204,-0.085759,0.109826,-1.063532,-0.007023,1.621568,-0.271739,-0.134405,0.119225,-0.913136,-1.120175,1.597782,-0.398146,-0.103846,0.174215,-1.034114,-0.560126,1.620011,-0.277623,-0.052033,0.116370,-0.406310,-0.981505,1.601528,-0.430795,-0.176573,0.167632,0.523719,-0.863788,1.591235,-0.312338,-0.296372,0.179866
21.440000,-0.526963,-0.406913,1.624659,-0.334239,-0.268084,0.108032,-0.573872,0.106211,1.633517,-0.234665,-0.248440,0.090402,0.437347,-0.387846,1.629788,-0.237916,-0.263229,0.110119,0.047419,-0.385920,1.649170,-0.382186,-0.254352,0.107193,0.029400,-1.034059,1.631863,-0.378441,-0.075054,0.105483,-1.068907,-0.009546,1.623907,-0.265689,-0.117794,0.114680,-0.921204,-1.121997,1.601216,-0.408609,-0.078308,0.169172,-1.039687,-0.560966,1.622295,-0.279652,-0.031976,0.112019,-0.415082,-0.984832,1.604823,-0.446449,-0.156044,0.161850,0.517319,-0.869694,1.594789,-0.327802,-0.294270,0.175508
21.460000,-0.533694,-0.412181,1.626775,-0.338823,-0.258566,0.103473,-0.578475,0.101256,1.635278,-0.225558,-0.247054,0.085668,0.432498,-0.393124,1.631954,-0.247026,-0.264610,0.106483,0.039686,-0.390996,1.651273,-0.391120,-0.253213,0.103104,0.021654,-1.035453,1.633929,-0.396272,-0.064281,0.101050,-1.074157,-0.011732,1.626154,-0.259295,-0.100807,0.110007,-0.929481,-1.123305,1.604548,-0.419098,-0.052379,0.163961,-1.045300,-0.561403,1.624490,-0.281554,-0.011687,0.107535,-0.424169,-0.987743,1.608001,-0.462316,-0.134903,0.155933,0.510602,-0.875558,1.598254,-0.343922,-0.292093,0.170963
21.480000,-0.540517,-0.417253,1.628798,-0.343549,-0.248614,0.098799,-0.582892,0.096330,1.636943,-0.216113,-0.245564,0.080816,0.427462,-0.398432,1.634046,-0.256688,-0.266179,0.102771,0.031773,-0.396048,1.653294,-0.400131,-0.251948,0.098963,0.013546,-1.036630,1.635905,-0.414695,-0.053437,0.096528,-1.079276,-0.013576,1.628307,-0.252558,-0.083443,0.105206,-0.937968,-1.124090,1.607774,-0.429613,-0.026058,0.158580,-1.050949,-0.561432,1.626595,-0.283329,0.008835,0.102918,-0.433576,-0.990224,1.611059,-0.478394,-0.113153,0.149881,0.503557,-0.881378,1.601626,-0.360696,-0.289842,0.166230
21.500000,-0.547437,-0.422122,1.630726,-0.348417,-0.238229,0.094012,-0.587117,0.091434,1.638510,-0.206329,-0.243970,0.075848,0.422227,-0.403773,1.636064,-0.266899,-0.267939,0.098983,0.023680,-0.401073,1.655231,-0.409220,-0.250557,0.094771,0.005063,-1.037590,1.637789,-0.433711,-0.042524,0.091917,-1.084257,-0.015068,1.630362,-0.245477,-0.065702,0.100278,-0.946665,-1.124345,1.610890,-0.440155,0.000655,0.153030,-1.056632,-0.561048,1.628606,-0.284976,0.029589,0.098169,-0.443306,-0.992265,1.613995,-0.494684,-0.090791,0.143693,0.496170,-0.887151,1.604902,-0.378125,-0.287517,0.161310
21.520000,-0.554455,-0.426780,1.632558,-0.353374,-0.227444,0.089150,-0.591143,0.086572,1.639976,-0.196257,-0.242206,0.070805,0.416783,-0.409150,1.638006,-0.277560,-0.269831,0.095156,0.015405,-0.406069,1.657084,-0.418315,-0.249011,0.090559,-0.003806,-1.038331,1.639581,-0.453177,-0.031546,0.087257,-1.089093,-0.016201,1.632317,-0.238073,-0.047626,0.095267,-0.955574,-1.124062,1.613894,-0.450647,0.027650,0.147363,-1.062347,-0.560247,1.630521,-0.286462,0.050525,0.093333,-0.453364,-0.993853,1.616807,-0.511062,-0.067928,0.137426,0.488429,-0.892878,1.608078,-0.396072,-0.285097,0.156255
21.540000,-0.561572,-0.431218,1.634292,-0.358367,-0.216293,0.084253,-0.594966,0.081747,1.641342,-0.185951,-0.240206,0.065726,0.411122,-0.414567,1.639870,-0.288568,-0.271801,0.091327,0.006948,-0.411032,1.658854,-0.427348,-0.247281,0.086364,-0.013067,-1.038851,1.641280,-0.472952,-0.020509,0.082589,-1.093778,-0.016971,1.634172,-0.230365,-0.029256,0.090217,-0.964690,-1.123237,1.616784,-0.461015,0.054819,0.141632,-1.068089,-0.559027,1.632339,-0.287754,0.071593,0.088455,-0.463749,-0.994979,1.619492,-0.527401,-0.044673,0.131135,0.480325,-0.898554,1.611152,-0.414398,-0.282560,0.151115
21.560000,-0.568789,-0.435429,1.635927,-0.363396,-0.204777,0.079322,-0.598580,0.076965,1.642605,-0.175408,-0.237970,0.060614,0.405238,-0.420023,1.641659,-0.299923,-0.273847,0.087495,-0.001689,-0.415959,1.660539,-0.436319,-0.245365,0.082184,-0.022726,-1.039151,1.642885,-0.493034,-0.009412,0.077914,-1.098306,-0.017370,1.635926,-0.222353,-0.010591,0.085129,-0.974013,-1.121868,1.619559,-0.471257,0.082162,0.135835,-1.073855,-0.557383,1.634059,-0.288852,0.092794,0.083535,-0.474460,-0.995637,1.622052,-0.543702,-0.021025,0.124820,0.471850,-0.904179,1.614122,-0.433103,-0.279908,0.145891
21.580000,-0.576108,-0.439406,1.637464,-0.368461,-0.192896,0.074357,-0.601981,0.072230,1.643766,-0.164631,-0.235497,0.055466,0.399123,-0.425521,1.643370,-0.311625,-0.275971,0.083662,-0.010505,-0.420846,1.662141,-0.445227,-0.243265,0.078019,-0.032790,-1.039227,1.644396,-0.513424,0.001744,0.073231,-1.102670,-0.017392,1.637577,-0.214038,0.008368,0.080002,-0.983540,-1.119950,1.622217,-0.481374,0.109678,0.129973,-1.079642,-0.555314,1.635680,-0.289757,0.114128,0.078573,-0.485496,-0.995818,1.624485,-0.559965,0.003015,0.118480,0.462998,-0.909750,1.616987,-0.452189,-0.277139,0.140582
21.600000,-0.583528,-0.443142,1.638902,-0.373563,-0.180649,0.069357,-0.605164,0.067547,1.644824,-0.153618,-0.232788,0.050285,0.392771,-0.431062,1.645005,-0.323674,-0.278171,0.079826,-0.019498,-0.425688,1.663660,-0.454073,-0.240980,0.073870,-0.043265,-1.039081,1.645814,-0.534122,0.012960,0.068541,-1.106865,-0.017033,1.639125,-0.205420,0.027621,0.074836,-0.993267,-1.117480,1.624757,-0.491365,0.137368,0.124046,-1.085444,-0.552817,1.637202,-0.290468,0.135594,0.073570,-0.496858,-0.995514,1.626791,-0.576190,0.027448,0.112117,0.453760,-0.915264,1.619745,-0.471653,-0.274255,0.135190
21.620000,-0.591050,-0.446630,1.640239,-0.378644,-0.168076,0.064367,-0.608124,0.062921,1.645777,-0.142431,-0.229789,0.045119,0.386175,-0.436648,1.646563,-0.335952,-0.280380,0.076026,-0.028667,-0.430483,1.665096,-0.462784,-0.238488,0.069766,-0.054156,-1.038709,1.647138,-0.554957,0.024227,0.063888,-1.110885,-0.016286,1.640570,-0.196524,0.047113,0.069682,-1.003193,-1.114455,1.627179,-0.501160,0.165126,0.118108,-1.091259,-0.549890,1.638623,-0.290965,0.157139,0.068576,-0.508543,-0.994718,1.628970,-0.592244,0.052155,0.105783,0.444130,-0.920719,1.622394,-0.491347,-0.271233,0.129767
21.640000,-0.598673,-0.449863,1.641477,-0.383651,-0.155214,0.059434,-0.610860,0.058358,1.646629,-0.131132,-0.226446,0.040021,0.379332,-0.442277,1.648047,-0.348339,-0.282530,0.072298,-0.038008,-0.435226,1.666451,-0.471287,-0.235765,0.065737,-0.065463,-1.038111,1.648370,-0.575759,0.035538,0.059319,-1.114725,-0.015147,1.641913,-0.187377,0.066787,0.064590,-1.013312,-1.110875,1.629482,-0.510687,0.192847,0.112212,-1.097081,-0.546531,1.639945,-0.291230,0.178710,0.063644,-0.520546,-0.993427,1.631023,-0.607992,0.077017,0.099533,0.434106,-0.926112,1.624936,-0.511118,-0.268053,0.124369
21.660000,-0.606396,-0.452837,1.642616,-0.388582,-0.142065,0.054557,-0.613369,0.053865,1.647379,-0.119721,-0.222760,0.034989,0.372240,-0.447949,1.649456,-0.360835,-0.284620,0.068642,-0.047517,-0.439912,1.667726,-0.479583,-0.232813,0.061783,-0.077186,-1.037287,1.649511,-0.596527,0.046894,0.054833,-1.118379,-0.013613,1.643154,-0.177980,0.086642,0.059560,-1.023619,-1.106741,1.631668,-0.519946,0.220530,0.106359,-1.102907,-0.542741,1.641169,-0.291263,0.200307,0.058773,-0.532861,-0.991636,1.632952,-0.623435,0.102034,0.093366,0.423685,-0.931440,1.627369,-0.530966,-0.264716,0.118995
21.680000,-0.614216,-0.455544,1.643659,-0.393438,-0.128627,0.049736,-0.615648,0.049450,1.648029,-0.108199,-0.218730,0.030025,0.364898,-0.453661,1.650793,-0.373441,-0.286651,0.065059,-0.057190,-0.444537,1.668923,-0.487672,-0.229631,0.057903,-0.089324,-1.036235,1.650564,-0.617261,0.058294,0.050429,-1.121842,-0.011680,1.644296,-0.168333,0.106679,0.054592,-1.034108,-1.102054,1.633737,-0.528937,0.248176,0.100548,-1.108730,-0.538519,1.642297,-0.291064,0.221930,0.053965,-0.545481,-0.989344,1.634758,-0.638572,0.127206,0.087283,0.412867,-0.936700,1.629695,-0.550892,-0.261220,0.113646
21.700000,-0.622133,-0.457980,1.644606,-0.398219,-0.114902,0.044971,-0.617696,0.045118,1.648580,-0.096564,-0.214357,0.025128,0.357302,-0.459414,1.652059,-0.386156,-0.288622,0.061548,-0.067022,-0.449096,1.670043,-0.495553,-0.226219,0.054099,-0.101876,-1.034955,1.651529,-0.637962,0.069738,0.046109,-1.125110,-0.009345,1.645339,-0.158434,0.126898,0.049686,-1.044774,-1.096814,1.635690,-0.537659,0.275784,0.094780,-1.114548,-0.533864,1.643328,-0.290633,0.243579,0.049218,-0.558401,-0.986547,1.636444,-0.653405,0.152533,0.081283,0.401649,-0.941888,1.631915,-0.570896,-0.257567,0.108321
21.720000,-0.630144,-0.460139,1.645459,-0.402859,-0.100934,0.040312,-0.619511,0.040878,1.649035,-0.084894,-0.209600,0.020354,0.349452,-0.465205,1.653255,-0.398861,-0.290467,0.058140,-0.077010,-0.453584,1.671087,-0.503164,-0.222568,0.050397,-0.114841,-1.033445,1.652409,-0.658448,0.081206,0.041920,-1.128178,-0.006604,1.646284,-0.148320,0.147226,0.044891,-1.055612,-1.091023,1.637528,-0.546050,0.303261,0.089104,-1.120354,-0.528776,1.644266,-0.289958,0.265184,0.044584,-0.571614,-0.983243,1.638010,-0.667803,0.177883,0.075420,0.390031,-0.947001,1.634029,-0.590829,-0.253744,0.103070
21.740000,-0.638246,-0.462016,1.646220,-0.407292,-0.086768,0.035807,-0.621092,0.036737,1.649396,-0.073269,-0.204418,0.015761,0.341348,-0.471032,1.654385,-0.411436,-0.292121,0.054867,-0.087146,-0.457997,1.672059,-0.510441,-0.218669,0.046826,-0.128211,-1.031707,1.653207,-0.678538,0.092678,0.037909,-1.131042,-0.003456,1.647135,-0.138026,0.167591,0.040257,-1.066614,-1.084685,1.639255,-0.554045,0.330512,0.083570,-1.126144,-0.523257,1.645113,-0.289030,0.286677,0.040112,-0.585110,-0.979432,1.639462,-0.681640,0.203121,0.069745,0.378017,-0.952037,1.636039,-0.610543,-0.249740,0.097945
21.760000,-0.646434,-0.463608,1.646892,-0.411518,-0.072405,0.031458,-0.622442,0.032704,1.649666,-0.061686,-0.198812,0.011348,0.332995,-0.476889,1.655451,-0.423882,-0.293583,0.051728,-0.097425,-0.462330,1.672961,-0.517384,-0.214521,0.043385,-0.141980,-1.029738,1.653927,-0.698231,0.104154,0.034076,-1.133698,0.000100,1.647895,-0.127551,0.187993,0.035782,-1.077771,-1.077804,1.640872,-0.561644,0.357537,0.078179,-1.131914,-0.517309,1.645872,-0.287848,0.308057,0.035803,-0.598876,-0.975119,1.640801,-0.694914,0.228248,0.064260,0.365611,-0.956990,1.637947,-0.630037,-0.245555,0.092944
21.780000,-0.654705,-0.464911,1.647479,-0.415536,-0.057845,0.027263,-0.623560,0.028787,1.649851,-0.050147,-0.192781,0.007116,0.324394,-0.482774,1.656455,-0.436197,-0.294853,0.048725,-0.107840,-0.466576,1.673796,-0.523993,-0.210126,0.040075,-0.156138,-1.027540,1.654571,-0.717528,0.115634,0.030421,-1.136143,0.004064,1.648568,-0.116897,0.208432,0.031467,-1.089077,-1.070385,1.642383,-0.568848,0.384335,0.072929,-1.137657,-0.510935,1.646546,-0.286412,0.329324,0.031657,-0.612903,-0.970303,1.642033,-0.707627,0.253264,0.058964,0.352817,-0.961858,1.639757,-0.649312,-0.241188,0.088069
21.800000,-0.663054,-0.465920,1.647984,-0.419348,-0.043088,0.023223,-0.624448,0.024996,1.649952,-0.038652,-0.186326,0.003065,0.315548,-0.488682,1.657401,-0.448383,-0.295932,0.045855,-0.118383,-0.470733,1.674565,-0.530268,-0.205482,0.036896,-0.170678,-1.025113,1.655145,-0.736429,0.127118,0.026945,-1.138373,0.008438,1.649155,-0.106061,0.228907,0.027312,-1.100523,-1.062433,1.643790,-0.575656,0.410908,0.067822,-1.143368,-0.504137,1.647139,-0.284723,0.350479,0.027673,-0.627178,-0.964989,1.643161,-0.719777,0.278169,0.053858,0.339640,-0.966636,1.641471,-0.668368,-0.236641,0.083318
21.820000,-0.671477,-0.466633,1.648409,-0.422886,-0.028187,0.019384,-0.625107,0.021337,1.649975,-0.027287,-0.179426,-0.000755,0.306460,-0.494609,1.658290,-0.460330,-0.296761,0.043138,-0.129048,-0.474794,1.675273,-0.536154,-0.200592,0.033867,-0.185591,-1.022456,1.655650,-0.754765,0.138577,0.023679,-1.140384,0.013220,1.649661,-0.095090,0.249324,0.023360,-1.112100,-1.053951,1.645097,-0.582014,0.437164,0.062897,-1.149044,-0.496918,1.647654,-0.282778,0.371439,0.023893,-0.641689,-0.959178,1.644189,-0.731253,0.302822,0.048977,0.326085,-0.971322,1.643091,-0.687062,-0.231909,0.078732
21.840000,-0.679968,-0.467047,1.648761,-0.426084,-0.013198,0.015792,-0.625541,0.017822,1.649924,-0.016140,-0.172063,-0.004292,0.297137,-0.500550,1.659127,-0.471930,-0.297285,0.040592,-0.139826,-0.478755,1.675921,-0.541593,-0.195456,0.031008,-0.200864,-1.019570,1.656093,-0.772371,0.149979,0.020656,-1.142176,0.018410,1.650091,-0.084026,0.269590,0.019653,-1.123800,-1.044949,1.646308,-0.587868,0.463013,0.058193,-1.154678,-0.489282,1.648096,-0.280575,0.392120,0.020356,-0.656423,-0.952878,1.645122,-0.741942,0.327082,0.044361,0.312161,-0.975911,1.644622,-0.705251,-0.226992,0.074351
21.860000,-0.688518,-0.467161,1.649043,-0.428942,0.001880,0.012446,-0.625754,0.014458,1.649805,-0.005212,-0.164236,-0.007546,0.287585,-0.506499,1.659915,-0.483182,-0.297504,0.038216,-0.150708,-0.482611,1.676514,-0.546587,-0.190075,0.028320,-0.216481,-1.016457,1.656478,-0.789246,0.161325,0.017875,-1.143745,0.024003,1.650449,-0.072869,0.289703,0.016191,-1.135612,-1.035433,1.647426,-0.593218,0.488456,0.053710,-1.160265,-0.481235,1.648470,-0.278114,0.412523,0.017063,-0.671362,-0.946098,1.645965,-0.751844,0.350948,0.040008,0.297878,-0.980400,1.646067,-0.722936,-0.221888,0.070174
21.880000,-0.697123,-0.466972,1.649260,-0.431460,0.017046,0.009346,-0.625751,0.011255,1.649624,0.005498,-0.155945,-0.010517,0.277812,-0.512448,1.660657,-0.494086,-0.297417,0.036010,-0.161686,-0.486356,1.677055,-0.551134,-0.184448,0.025801,-0.232429,-1.013118,1.656810,-0.805390,0.172615,0.015336,-1.145090,0.029997,1.650740,-0.061621,0.309663,0.012974,-1.147525,-1.025413,1.648458,-0.598065,0.513491,0.049448,-1.165801,-0.472783,1.648781,-0.275395,0.432647,0.014014,-0.686491,-0.938843,1.646724,-0.760960,0.374422,0.035918,0.283247,-0.984785,1.647430,-0.740115,-0.216597,0.066202
21.900000,-0.705775,-0.466478,1.649418,-0.433638,0.032301,0.006493,-0.625535,0.008223,1.649386,0.015989,-0.147190,-0.013206,0.267824,-0.518393,1.661357,-0.504643,-0.297025,0.033974,-0.172751,-0.489987,1.677547,-0.555236,-0.178576,0.023453,-0.248692,-1.009553,1.657093,-0.820803,0.183849,0.013040,-1.146209,0.036388,1.650970,-0.050280,0.329472,0.010001,-1.159531,-1.014896,1.649406,-0.602407,0.538119,0.045408,-1.171279,-0.463931,1.649032,-0.272418,0.452494,0.011208,-0.701795,-0.931123,1.647404,-0.769289,0.397502,0.032092,0.268277,-0.989063,1.648716,-0.756790,-0.211121,0.062435
21.920000,-0.714466,-0.465679,1.649522,-0.435422,0.047582,0.003915,-0.625113,0.005371,1.649098,0.026185,-0.137964,-0.015581,0.257629,-0.524327,1.662017,-0.514755,-0.296292,0.032116,-0.183893,-0.493498,1.677994,-0.558840,-0.172462,0.021284,-0.265255,-1.005764,1.657333,-0.835337,0.194981,0.011000,-1.147101,0.043174,1.651142,-0.038897,0.349035,0.007298,-1.171618,-1.003892,1.650276,-0.606203,0.562255,0.041611,-1.176696,-0.454685,1.649231,-0.269190,0.471981,0.008668,-0.717257,-0.922947,1.648010,-0.776747,0.420051,0.028549,0.252980,-0.993229,1.649929,-0.772831,-0.205464,0.058893
21.940000,-0.723188,-0.464575,1.649577,-0.436757,0.062827,0.001642,-0.624490,0.002708,1.648765,0.036007,-0.128261,-0.017613,0.247238,-0.530243,1.662643,-0.524325,-0.295184,0.030440,-0.195101,-0.496884,1.678400,-0.561898,-0.166109,0.019303,-0.282099,-1.001755,1.657535,-0.848847,0.205965,0.009231,-1.147765,0.050348,1.651264,-0.027522,0.368259,0.004886,-1.183775,-0.992410,1.651072,-0.609409,0.585816,0.038081,-1.182045,-0.445054,1.649381,-0.265718,0.491029,0.006413,-0.732858,-0.914326,1.648548,-0.783252,0.441932,0.025308,0.237369,-0.997280,1.651073,-0.788113,-0.199635,0.055598
21.960000,-0.731933,-0.463166,1.649589,-0.437643,0.078035,-0.000327,-0.623675,0.000244,1.648396,0.045457,-0.118081,-0.019302,0.236660,-0.536132,1.663236,-0.533352,-0.293700,0.028948,-0.206365,-0.500141,1.678768,-0.564408,-0.159518,0.017511,-0.299202,-0.997527,1.657704,-0.861331,0.216801,0.007733,-1.148202,0.057902,1.651340,-0.016156,0.387144,0.002766,-1.195990,-0.980463,1.651801,-0.612025,0.608800,0.034816,-1.187323,-0.435047,1.649489,-0.262004,0.509637,0.004445,-0.748581,-0.905274,1.649024,-0.788803,0.463145,0.022369,0.221460,-1.001213,1.652155,-0.802635,-0.193633,0.052551
21.980000,-0.740691,-0.461454,1.649566,-0.438082,0.093207,-0.001991,-0.622675,-0.002012,1.647995,0.054534,-0.107423,-0.020647,0.225907,-0.541988,1.663802,-0.541837,-0.291841,0.027639,-0.217673,-0.503263,1.679102,-0.566372,-0.152688,0.015908,-0.316545,-0.993084,1.657846,-0.872791,0.227489,0.006506,-1.148411,0.065831,1.651376,-0.004797,0.405691,0.000938,-1.208252,-0.968062,1.652466,-0.614050,0.631208,0.031818,-1.192524,-0.424672,1.649561,-0.258046,0.527806,0.002764,-0.764404,-0.895804,1.649444,-0.793401,0.483689,0.019731,0.205269,-1.005025,1.653177,-0.816396,-0.187457,0.049750
22.000000,-0.749453,-0.459438,1.649512,-0.438071,0.108342,-0.003350,-0.621496,-0.004050,1.647572,0.063237,-0.096288,-0.021649,0.214990,-0.547803,1.664343,-0.549780,-0.289606,0.026513,-0.229016,-0.506246,1.679405,-0.567788,-0.145620,0.014493,-0.334107,-0.988428,1.657966,-0.883225,0.238029,0.005550,-1.148394,0.074127,1.651379,0.006553,0.423898,-0.000598,-1.220548,-0.955218,1.653075,-0.615486,0.653040,0.029087,-1.197643,-0.413938,1.649602,-0.253844,0.545535,0.001369,-0.780310,-0.885931,1.649815,-0.797045,0.503565,0.017396,0.188809,-1.008710,1.654146,-0.829397,-0.181109,0.047197
22.020000,-0.758211,-0.457121,1.649434,-0.437565,0.123391,-0.004404,-0.620148,-0.005861,1.647132,0.071508,-0.084689,-0.022311,0.203920,-0.553570,1.664863,-0.557100,-0.286983,0.025561,-0.240381,-0.509086,1.679683,-0.568612,-0.138314,0.013262,-0.351867,-0.983564,1.658070,-0.892512,0.248368,0.004854,-1.148149,0.082784,1.651354,0.017849,0.441686,-0.001843,-1.232867,-0.941945,1.653632,-0.616305,0.674231,0.026621,-1.202676,-0.402854,1.649617,-0.249410,0.562755,0.000254,-0.796279,-0.875667,1.650142,-0.799686,0.522656,0.015361,0.172098,-1.012268,1.655067,-0.841534,-0.174599,0.044886
22.040000,-0.766952,-0.454504,1.649338,-0.436515,0.138305,-0.005151,-0.618639,-0.007435,1.646682,0.079285,-0.072641,-0.022637,0.192711,-0.559280,1.665366,-0.563717,-0.283960,0.024772,-0.251756,-0.511777,1.679937,-0.568801,-0.130769,0.012210,-0.369799,-0.978495,1.658162,-0.900528,0.258451,0.004409,-1.147680,0.091792,1.651307,0.029048,0.458971,-0.002800,-1.245196,-0.928254,1.654142,-0.616480,0.694717,0.024421,-1.207618,-0.391431,1.649614,-0.244755,0.579399,-0.000585,-0.812291,-0.865030,1.650432,-0.801276,0.540847,0.013624,0.155154,-1.015693,1.655943,-0.852700,-0.167939,0.042815
22.060000,-0.775668,-0.451590,1.649230,-0.434921,0.153084,-0.005590,-0.616980,-0.008763,1.646229,0.086569,-0.060144,-0.022626,0.181376,-0.564925,1.665855,-0.569629,-0.280537,0.024147,-0.263129,-0.514315,1.680172,-0.568355,-0.122985,0.011337,-0.387879,-0.973227,1.658248,-0.907274,0.268280,0.004215,-1.146988,0.101140,1.651244,0.040147,0.475755,-0.003468,-1.257522,-0.914161,1.654610,-0.616010,0.714497,0.022488,-1.212465,-0.379682,1.649596,-0.239877,0.595465,-0.001148,-0.828323,-0.854039,1.650689,-0.801815,0.558137,0.012185,0.137997,-1.018984,1.656781,-0.862896,-0.161129,0.040982
22.080000,-0.784346,-0.448381,1.649116,-0.432783,0.167727,-0.005723,-0.615180,-0.009838,1.645779,0.093359,-0.047198,-0.022279,0.169930,-0.570499,1.666333,-0.574837,-0.276713,0.023687,-0.274486,-0.516695,1.680392,-0.567273,-0.114963,0.010643,-0.406082,-0.967766,1.658332,-0.912750,0.277854,0.004271,-1.146075,0.110818,1.651171,0.051149,0.492036,-0.003847,-1.269832,-0.899679,1.655043,-0.614896,0.733572,0.020820,-1.217212,-0.367617,1.649570,-0.234778,0.610953,-0.001437,-0.844356,-0.842711,1.650921,-0.801303,0.574527,0.011045,0.120645,-1.022138,1.657584,-0.872122,-0.154170,0.039389
22.100000,-0.792975,-0.444881,1.649003,-0.430101,0.182235,-0.005549,-0.613249,-0.010648,1.645340,0.099656,-0.033802,-0.021595,0.158387,-0.575991,1.666804,-0.579342,-0.272489,0.023390,-0.285816,-0.518912,1.680599,-0.565555,-0.106702,0.010128,-0.424381,-0.962115,1.658421,-0.916956,0.287173,0.004578,-1.144943,0.120818,1.651092,0.062052,0.507816,-0.003937,-1.282114,-0.884822,1.655445,-0.613138,0.751941,0.019419,-1.221854,-0.355247,1.649540,-0.229458,0.625864,-0.001449,-0.860368,-0.831064,1.651133,-0.799739,0.590016,0.010203,0.103118,-1.025150,1.658358,-0.880379,-0.147060,0.038035
22.120000,-0.801546,-0.441093,1.648896,-0.426847,0.196568,-0.005099,-0.611197,-0.011187,1.644917,0.105434,-0.019993,-0.020611,0.146762,-0.581396,1.667270,-0.583077,-0.267878,0.023234,-0.297104,-0.520962,1.680798,-0.563186,-0.098219,0.009765,-0.442751,-0.956281,1.658517,-0.919819,0.296182,0.005100,-1.143594,0.131127,1.651015,0.072814,0.523027,-0.003767,-1.294353,-0.869606,1.655821,-0.610713,0.769551,0.018263,-1.226389,-0.342586,1.649513,-0.223927,0.640148,-0.001217,-0.876339,-0.819117,1.651331,-0.797112,0.604522,0.009634,0.085437,-1.028019,1.659107,-0.887588,-0.139818,0.036892
22.140000,-0.810045,-0.437020,1.648801,-0.422992,0.210686,-0.004405,-0.609035,-0.011445,1.644517,0.110669,-0.005806,-0.019362,0.135070,-0.586704,1.667734,-0.585975,-0.262893,0.023197,-0.308339,-0.522840,1.680990,-0.560148,-0.089528,0.009528,-0.461164,-0.950270,1.658626,-0.921267,0.304826,0.005803,-1.142031,0.141735,1.650943,0.083393,0.537601,-0.003365,-1.306538,-0.854046,1.656177,-0.607596,0.786351,0.017333,-1.230810,-0.329646,1.649493,-0.218197,0.653753,-0.000768,-0.892246,-0.806890,1.651520,-0.793411,0.617965,0.009316,0.067622,-1.030742,1.659835,-0.893673,-0.132461,0.035934
22.160000,-0.818462,-0.432667,1.648721,-0.418534,0.224588,-0.003465,-0.606774,-0.011417,1.644144,0.115359,0.008758,-0.017848,0.123328,-0.591909,1.668199,-0.588037,-0.257535,0.023279,-0.319506,-0.524542,1.681180,-0.556441,-0.080630,0.009416,-0.479592,-0.944090,1.658750,-0.921300,0.313105,0.006686,-1.140259,0.152627,1.650882,0.093790,0.551539,-0.002732,-1.318653,-0.838158,1.656516,-0.603789,0.802339,0.016628,-1.235115,-0.316441,1.649484,-0.212267,0.666681,-0.000105,-0.908068,-0.794405,1.651705,-0.788635,0.630343,0.009247,0.049697,-1.033317,1.660545,-0.898635,-0.124989,0.035161
22.180000,-0.826783,-0.428038,1.648664,-0.413475,0.238275,-0.002280,-0.604424,-0.011093,1.643805,0.119505,0.023700,-0.016068,0.111554,-0.597003,1.668666,-0.589263,-0.251802,0.023479,-0.330592,-0.526064,1.681368,-0.552067,-0.071526,0.009429,-0.498007,-0.937748,1.658894,-0.919919,0.321019,0.007748,-1.138281,0.163792,1.650835,0.104003,0.564841,-0.001867,-1.330685,-0.821958,1.656844,-0.599291,0.817516,0.016149,-1.239299,-0.302983,1.649490,-0.206139,0.678931,0.000775,-0.923784,-0.781684,1.651892,-0.782783,0.641657,0.009428,0.031685,-1.035741,1.661242,-0.902471,-0.117401,0.034572
22.200000,-0.834996,-0.423137,1.648632,-0.407814,0.251747,-0.000850,-0.601997,-0.010466,1.643503,0.123107,0.039019,-0.014024,0.099763,-0.601978,1.669139,-0.589653,-0.245695,0.023798,-0.341584,-0.527401,1.681558,-0.547024,-0.062214,0.009567,-0.516379,-0.931252,1.659061,-0.917122,0.328569,0.008991,-1.136100,0.175216,1.650809,0.114034,0.577506,-0.000770,-1.342620,-0.805462,1.657164,-0.594102,0.831882,0.015895,-1.243359,-0.289288,1.649516,-0.199812,0.690502,0.001869,-0.939372,-0.768746,1.652084,-0.775857,0.651906,0.009859,0.013606,-1.038012,1.661930,-0.905184,-0.109697,0.034168
22.220000,-0.843091,-0.417970,1.648631,-0.401549,0.264967,0.000772,-0.599504,-0.009530,1.643245,0.126182,0.054645,-0.011777,0.087974,-0.606828,1.669619,-0.589176,-0.239241,0.024194,-0.352468,-0.528551,1.681751,-0.541307,-0.052711,0.009794,-0.534682,-0.924608,1.659255,-0.912896,0.335703,0.010357,-1.133721,0.186888,1.650806,0.123844,0.589475,0.000509,-1.354444,-0.788688,1.657481,-0.588221,0.845401,0.015824,-1.247291,-0.275368,1.649566,-0.193288,0.701348,0.003133,-0.954811,-0.755615,1.652287,-0.767888,0.661054,0.010490,-0.004515,-1.040128,1.662610,-0.906730,-0.101902,0.033904
22.240000,-0.851054,-0.412541,1.648664,-0.394677,0.277896,0.002535,-0.596953,-0.008279,1.643033,0.128746,0.070506,-0.009391,0.076202,-0.611546,1.670107,-0.587806,-0.232468,0.024622,-0.363232,-0.529509,1.681950,-0.534913,-0.043032,0.010072,-0.552886,-0.917827,1.659476,-0.907228,0.342372,0.011791,-1.131148,0.198790,1.650830,0.133399,0.600687,0.001918,-1.366144,-0.771652,1.657797,-0.581647,0.858037,0.015894,-1.251090,-0.261239,1.649642,-0.186571,0.711417,0.004517,-0.970081,-0.742312,1.652505,-0.758906,0.669064,0.011271,-0.022655,-1.042088,1.663286,-0.907068,-0.094039,0.033736
22.260000,-0.858874,-0.406856,1.648733,-0.387198,0.290536,0.004438,-0.594357,-0.006708,1.642871,0.130800,0.086601,-0.006864,0.064467,-0.616125,1.670604,-0.585540,-0.225373,0.025085,-0.373860,-0.530271,1.682154,-0.527841,-0.033178,0.010402,-0.570961,-0.910917,1.659727,-0.900116,0.348576,0.013291,-1.128387,0.210910,1.650883,0.142696,0.611142,0.003459,-1.377705,-0.754372,1.658117,-0.574380,0.869789,0.016104,-1.254752,-0.246917,1.649748,-0.179660,0.720711,0.006024,-0.985161,-0.728860,1.652739,-0.748912,0.675934,0.012204,-0.040790,-1.043889,1.663960,-0.906196,-0.086107,0.033663
22.280000,-0.866538,-0.400921,1.648842,-0.379112,0.302885,0.006482,-0.591725,-0.004813,1.642760,0.132344,0.102932,-0.004199,0.052787,-0.620559,1.671110,-0.582379,-0.217959,0.025580,-0.384341,-0.530834,1.682366,-0.520092,-0.023149,0.010783,-0.588881,-0.903887,1.660008,-0.891562,0.354314,0.014858,-1.125442,0.223231,1.650969,0.151737,0.620841,0.005132,-1.389115,-0.736866,1.658443,-0.566420,0.880659,0.016455,-1.258275,-0.232416,1.649884,-0.172556,0.729230,0.007651,-1.000031,-0.715282,1.652994,-0.737907,0.681667,0.013287,-0.058895,-1.045532,1.664634,-0.904116,-0.078107,0.033686
22.300000,-0.874035,-0.394742,1.648993,-0.370420,0.314945,0.008666,-0.589067,-0.002589,1.642704,0.133377,0.119497,-0.001393,0.041178,-0.624841,1.671627,-0.578324,-0.210225,0.026110,-0.394659,-0.531196,1.682586,-0.511664,-0.012944,0.011216,-0.606614,-0.896747,1.660322,-0.881565,0.359588,0.016492,-1.122319,0.235739,1.651090,0.160522,0.629783,0.006935,-1.400358,-0.719152,1.658776,-0.557766,0.890645,0.016947,-1.261653,-0.217753,1.650055,-0.165259,0.736973,0.009400,-1.014670,-0.701601,1.653272,-0.725888,0.686260,0.014522,-0.076946,-1.047013,1.665308,-0.900826,-0.070039,0.033805
22.320000,-0.881351,-0.388326,1.649189,-0.361142,0.326678,0.010924,-0.586393,-0.000032,1.642704,0.133965,0.136197,0.001475,0.029660,-0.628966,1.672155,-0.573368,-0.202198,0.026626,-0.404803,-0.531351,1.682815,-0.502566,-0.002580,0.011659,-0.624134,-0.889507,1.660668,-0.870177,0.364355,0.018130,-1.119023,0.248417,1.651247,0.169021,0.637934,0.008808,-1.411421,-0.701247,1.659121,-0.548448,0.899721,0.017523,-1.264884,-0.202942,1.650261,-0.157786,0.743905,0.011212,-1.029060,-0.687839,1.653575,-0.712909,0.689711,0.015844,-0.094920,-1.048333,1.665986,-0.896319,-0.061928,0.033965
22.340000,-0.888477,-0.381678,1.649430,-0.351300,0.338049,0.013190,-0.583711,0.002859,1.642762,0.134173,0.152930,0.004329,0.018250,-0.632927,1.672692,-0.567506,-0.193909,0.027082,-0.414758,-0.531298,1.683052,-0.492803,0.007928,0.012071,-0.641412,-0.882177,1.661046,-0.857447,0.368577,0.019710,-1.115560,0.261250,1.651442,0.177204,0.645259,0.010688,-1.422291,-0.683169,1.659478,-0.538492,0.907858,0.018127,-1.267964,-0.188002,1.650503,-0.150155,0.749989,0.013027,-1.043181,-0.674020,1.653906,-0.699021,0.692014,0.017192,-0.112791,-1.049490,1.666667,-0.890586,-0.053801,0.034115
22.360000,-0.895399,-0.374806,1.649717,-0.340894,0.349058,0.015464,-0.581028,0.006085,1.642877,0.134001,0.169696,0.007169,0.006966,-0.636720,1.673237,-0.560738,-0.185355,0.027479,-0.424510,-0.531033,1.683298,-0.482376,0.018580,0.012453,-0.658423,-0.874767,1.661456,-0.843377,0.372252,0.021232,-1.111937,0.274222,1.651675,0.185072,0.651759,0.012576,-1.432956,-0.664939,1.659846,-0.527899,0.915057,0.018759,-1.270889,-0.172948,1.650782,-0.142366,0.755226,0.014846,-1.057015,-0.660166,1.654263,-0.684224,0.693170,0.018565,-0.130535,-1.050485,1.667351,-0.883626,-0.045656,0.034254
22.380000,-0.902109,-0.367718,1.650049,-0.329924,0.359704,0.017746,-0.578353,0.009647,1.643049,0.133450,0.186495,0.009995,-0.004174,-0.640340,1.673790,-0.553063,-0.176538,0.027815,-0.434048,-0.530554,1.683550,-0.471285,0.029376,0.012803,-0.675139,-0.867290,1.661895,-0.827965,0.375381,0.022696,-1.108160,0.287315,1.651945,0.192625,0.657434,0.014471,-1.443403,-0.646573,1.660228,-0.516670,0.921317,0.019419,-1.273657,-0.157799,1.651097,-0.134420,0.759615,0.016668,-1.070543,-0.646301,1.654648,-0.668517,0.693179,0.019963,-0.148128,-1.051316,1.668037,-0.875439,-0.037495,0.034382
22.400000,-0.908593,-0.360420,1.650427,-0.318390,0.369987,0.020035,-0.575693,0.013545,1.643277,0.132519,0.203327,0.012806,-0.015151,-0.643780,1.674350,-0.544482,-0.167457,0.028091,-0.443357,-0.529857,1.683809,-0.459529,0.040316,0.013122,-0.691533,-0.859756,1.662363,-0.811213,0.377963,0.024102,-1.104234,0.300514,1.652253,0.199863,0.662283,0.016374,-1.453619,-0.628092,1.660623,-0.504803,0.926638,0.020106,-1.276265,-0.142569,1.651448,-0.126315,0.763156,0.018494,-1.083749,-0.632447,1.655062,-0.651900,0.692040,0.021387,-0.165544,-1.051984,1.668726,-0.866026,-0.029318,0.034499
22.420000,-0.914841,-0.352921,1.650850,-0.306320,0.379879,0.022265,-0.573054,0.017780,1.643561,0.131289,0.220097,0.015525,-0.025947,-0.647036,1.674913,-0.535012,-0.158139,0.028262,-0.452425,-0.528940,1.684075,-0.447126,0.051386,0.013370,-0.707579,-0.852175,1.662859,-0.793213,0.379975,0.025390,-1.100167,0.313801,1.652600,0.206768,0.666299,0.018218,-1.463591,-0.609514,1.661032,-0.492343,0.930990,0.020759,-1.278709,-0.127278,1.651836,-0.118090,0.765829,0.020259,-1.096614,-0.618627,1.655504,-0.634457,0.689779,0.022761,-0.182761,-1.052489,1.669416,-0.855408,-0.021145,0.034552
22.440000,-0.920842,-0.345228,1.651317,-0.293741,0.389348,0.024370,-0.570443,0.022348,1.643897,0.129844,0.236706,0.018072,-0.036546,-0.650104,1.675479,-0.524668,-0.148610,0.028284,-0.461238,-0.527801,1.684344,-0.434092,0.062573,0.013507,-0.723253,-0.844561,1.663378,-0.774057,0.381392,0.026503,-1.095966,0.327160,1.652981,0.213322,0.669475,0.019935,-1.473309,-0.590859,1.661453,-0.479335,0.934339,0.021316,-1.280988,-0.111942,1.652258,-0.109783,0.767611,0.021897,-1.109123,-0.604863,1.655971,-0.616270,0.686420,0.024009,-0.199753,-1.052830,1.670107,-0.843605,-0.012999,0.034489
22.460000,-0.926587,-0.337350,1.651824,-0.280652,0.398395,0.026350,-0.567862,0.027247,1.644282,0.128182,0.253156,0.020449,-0.046928,-0.652979,1.676044,-0.513452,-0.138868,0.028157,-0.469784,-0.526437,1.684614,-0.420426,0.073876,0.013533,-0.738533,-0.836924,1.663918,-0.753746,0.382214,0.027441,-1.091637,0.340574,1.653396,0.219526,0.671809,0.021526,-1.482761,-0.572147,1.661884,-0.465777,0.936687,0.021777,-1.283100,-0.096580,1.652711,-0.101394,0.768504,0.023410,-1.121260,-0.591177,1.656463,-0.597339,0.681963,0.025131,-0.216497,-1.053009,1.670795,-0.830617,-0.004879,0.034310
22.480000,-0.932065,-0.329295,1.652370,-0.267053,0.407020,0.028204,-0.565317,0.032473,1.644714,0.126304,0.269447,0.022654,-0.057078,-0.655658,1.676604,-0.501362,-0.128915,0.027880,-0.478051,-0.524845,1.684884,-0.406130,0.085297,0.013449,-0.753396,-0.829276,1.664474,-0.732278,0.382441,0.028202,-1.087187,0.354027,1.653842,0.225378,0.673302,0.022992,-1.491936,-0.553399,1.662323,-0.451670,0.938034,0.022141,-1.285043,-0.081208,1.653194,-0.092923,0.768506,0.024796,-1.133011,-0.577592,1.656976,-0.577664,0.676408,0.026128,-0.232970,-1.053026,1.671479,-0.816444,0.003215,0.034014
22.500000,-0.937266,-0.321072,1.652951,-0.252946,0.415223,0.029933,-0.562811,0.038024,1.645187,0.124209,0.285578,0.024687,-0.066977,-0.658135,1.677158,-0.488399,-0.118751,0.027453,-0.486025,-0.523024,1.685151,-0.391202,0.096835,0.013253,-0.767817,-0.821630,1.665045,-0.709656,0.382073,0.028788,-1.082624,0.367501,1.654315,0.230880,0.673954,0.024331,-1.500824,-0.534633,1.662769,-0.437014,0.938378,0.022409,-1.286816,-0.065845,1.653702,-0.084369,0.767618,0.026057,-1.144361,-0.564128,1.657507,-0.557245,0.669755,0.027000,-0.249147,-1.052881,1.672155,-0.801086,0.011281,0.033601
22.520000,-0.942179,-0.312689,1.653566,-0.238372,0.423006,0.031477,-0.560350,0.043895,1.645700,0.121970,0.301469,0.026485,-0.076608,-0.660406,1.677701,-0.474598,-0.108394,0.026839,-0.493695,-0.520971,1.685413,-0.375663,0.108481,0.012909,-0.781775,-0.813997,1.665624,-0.685990,0.381108,0.029152,-1.077954,0.380980,1.654814,0.236024,0.673785,0.025484,-1.509413,-0.515870,1.663219,-0.421857,0.937702,0.022524,-1.288418,-0.050509,1.654235,-0.075780,0.765828,0.027130,-1.155297,-0.550808,1.658055,-0.536169,0.662056,0.027682,-0.265005,-1.052575,1.672822,-0.784586,0.019312,0.033026
22.540000,-0.946798,-0.304154,1.654209,-0.223377,0.430371,0.032780,-0.557933,0.050080,1.646245,0.119658,0.317040,0.027983,-0.085955,-0.662469,1.678230,-0.459993,-0.097862,0.025999,-0.501048,-0.518684,1.685666,-0.359532,0.120223,0.012379,-0.795250,-0.806390,1.666209,-0.661395,0.379546,0.029245,-1.073185,0.394447,1.655333,0.240806,0.672816,0.026394,-1.517695,-0.497132,1.663669,-0.406249,0.935985,0.022427,-1.289847,-0.035218,1.654786,-0.067201,0.763123,0.027956,-1.165804,-0.537653,1.658613,-0.514525,0.653363,0.028114,-0.280523,-1.052109,1.673475,-0.766984,0.027295,0.032244
22.560000,-0.951112,-0.295477,1.654875,-0.207959,0.437318,0.033841,-0.555564,0.056574,1.646817,0.117272,0.332291,0.029180,-0.095003,-0.664320,1.678740,-0.444584,-0.087157,0.024932,-0.508072,-0.516161,1.685907,-0.342807,0.132063,0.011662,-0.808224,-0.798819,1.666792,-0.635871,0.377386,0.029067,-1.068325,0.407887,1.655868,0.245224,0.671046,0.027060,-1.525660,-0.478438,1.664114,-0.390190,0.933227,0.022120,-1.291106,-0.019990,1.655351,-0.058634,0.759503,0.028534,-1.175874,-0.524681,1.659177,-0.492313,0.643675,0.028293,-0.295677,-1.051483,1.674110,-0.748281,0.035232,0.031253
22.580000,-0.955113,-0.286664,1.655561,-0.192119,0.443847,0.034659,-0.553243,0.063370,1.647410,0.114813,0.347221,0.030076,-0.103733,-0.665954,1.679226,-0.428372,-0.076278,0.023639,-0.514756,-0.513401,1.686132,-0.325491,0.144001,0.010760,-0.820679,-0.791298,1.667370,-0.609418,0.374629,0.028620,-1.063379,0.421283,1.656413,0.249279,0.668476,0.027482,-1.533300,-0.459809,1.664552,-0.373679,0.929430,0.021602,-1.292193,-0.004844,1.655926,-0.050077,0.754968,0.028865,-1.185493,-0.511912,1.659743,-0.469532,0.632992,0.028221,-0.310447,-1.050700,1.674723,-0.728477,0.043122,0.030055
22.600000,-0.958794,-0.277726,1.656260,-0.175857,0.449958,0.035235,-0.550972,0.070461,1.648018,0.112281,0.361832,0.030672,-0.112132,-0.667370,1.679684,-0.411356,-0.065224,0.022120,-0.521088,-0.510401,1.686336,-0.307582,0.156036,0.009671,-0.832595,-0.783838,1.667935,-0.582034,0.371274,0.027902,-1.058356,0.434621,1.656965,0.252971,0.665105,0.027659,-1.540605,-0.441267,1.664977,-0.356717,0.924591,0.020872,-1.293109,0.010202,1.656504,-0.041532,0.749518,0.028948,-1.194651,-0.499367,1.660305,-0.446182,0.621314,0.027897,-0.324809,-1.049759,1.675311,-0.707572,0.050966,0.028649
22.620000,-0.962145,-0.268669,1.656968,-0.159220,0.455682,0.035525,-0.548752,0.077841,1.648635,0.109722,0.376079,0.030922,-0.120183,-0.668562,1.680109,-0.393586,-0.054016,0.020342,-0.527056,-0.507159,1.686517,-0.289111,0.168157,0.008362,-0.843955,-0.776451,1.668484,-0.553845,0.367339,0.026877,-1.053263,0.447882,1.657518,0.256298,0.660963,0.027545,-1.547566,-0.422833,1.665385,-0.339348,0.918696,0.019883,-1.293854,0.025130,1.657082,-0.033037,0.743159,0.028738,-1.203337,-0.487066,1.660857,-0.422343,0.608708,0.027275,-0.338743,-1.048661,1.675868,-0.685628,0.058757,0.026998
22.640000,-0.965160,-0.259501,1.657679,-0.142257,0.461051,0.035489,-0.546583,0.085501,1.649252,0.107183,0.389920,0.030780,-0.127871,-0.669529,1.680496,-0.375114,-0.042671,0.018273,-0.532649,-0.503674,1.686669,-0.270109,0.180351,0.006799,-0.854744,-0.769148,1.669008,-0.524972,0.362841,0.025508,-1.048106,0.461054,1.658065,0.259259,0.656082,0.027091,-1.554176,-0.404527,1.665770,-0.321617,0.911727,0.018584,-1.294431,0.039922,1.657651,-0.024634,0.735897,0.028188,-1.211542,-0.475025,1.661393,-0.398094,0.595241,0.026309,-0.352228,-1.047409,1.676389,-0.662708,0.066493,0.025062
22.660000,-0.967833,-0.250229,1.658386,-0.124968,0.466065,0.035124,-0.544464,0.093435,1.649863,0.104663,0.403354,0.030247,-0.135183,-0.670268,1.680838,-0.355938,-0.031190,0.015913,-0.537857,-0.499944,1.686787,-0.250576,0.192620,0.004983,-0.864949,-0.761941,1.669502,-0.495415,0.357781,0.023795,-1.042895,0.474121,1.658599,0.261855,0.650459,0.026298,-1.560428,-0.386371,1.666126,-0.303525,0.903684,0.016977,-1.294840,0.054560,1.658207,-0.016322,0.727733,0.027298,-1.219258,-0.463262,1.661907,-0.373434,0.580911,0.025000,-0.365245,-1.046002,1.676868,-0.638813,0.074172,0.022843
22.680000,-0.970157,-0.240861,1.659082,-0.107353,0.470724,0.034432,-0.542396,0.101633,1.650460,0.102163,0.416382,0.029321,-0.142104,-0.670776,1.681130,-0.336060,-0.019573,0.013261,-0.542669,-0.495969,1.686867,-0.230512,0.204962,0.002914,-0.874556,-0.754841,1.669958,-0.465175,0.352159,0.021739,-1.037635,0.487068,1.659114,0.264085,0.644096,0.025165,-1.566315,-0.368387,1.666447,-0.285072,0.894567,0.015060,-1.295084,0.069026,1.658741,-0.008102,0.718666,0.026070,-1.226477,-0.451794,1.662391,-0.348364,0.565720,0.023348,-0.377774,-1.044442,1.677301,-0.613941,0.081794,0.020340
22.700000,-0.972125,-0.231403,1.659761,-0.089411,0.475028,0.033413,-0.540378,0.110087,1.651034,0.099683,0.429003,0.028004,-0.148620,-0.671050,1.681366,-0.315479,-0.007819,0.010318,-0.547074,-0.491745,1.686902,-0.209917,0.217378,0.000591,-0.883552,-0.747859,1.670369,-0.434252,0.345975,0.019339,-1.032334,0.499880,1.659604,0.265949,0.636993,0.023693,-1.571829,-0.350595,1.666727,-0.266257,0.884376,0.012834,-1.295165,0.083301,1.659247,0.000027,0.708696,0.024501,-1.233190,-0.440639,1.662839,-0.322883,0.549667,0.021351,-0.389796,-1.042731,1.677680,-0.588094,0.089360,0.017553
22.720000,-0.973731,-0.221862,1.660416,-0.071201,0.479023,0.032039,-0.538408,0.118790,1.651577,0.097241,0.441203,0.026269,-0.154719,-0.671088,1.681541,-0.294257,0.004053,0.007060,-0.551062,-0.487273,1.686888,-0.188833,0.229853,-0.002011,-0.891923,-0.741005,1.670729,-0.402764,0.339264,0.016570,-1.026999,0.512543,1.660060,0.267456,0.629180,0.021852,-1.576963,-0.333019,1.666958,-0.247122,0.873113,0.010266,-1.295084,0.097368,1.659719,0.008038,0.697850,0.022565,-1.239390,-0.429813,1.663243,-0.297062,0.532828,0.018982,-0.401292,-1.040868,1.678001,-0.561346,0.096871,0.014455
22.740000,-0.974972,-0.212243,1.661040,-0.052781,0.482758,0.030286,-0.536488,0.127732,1.652081,0.094859,0.452965,0.024088,-0.160387,-0.670887,1.681647,-0.272457,0.016026,0.003463,-0.554624,-0.482551,1.686820,-0.167298,0.242372,-0.004918,-0.899659,-0.734291,1.671029,-0.370830,0.332061,0.013409,-1.021638,0.525042,1.660475,0.268616,0.620690,0.019611,-1.581712,-0.315678,1.667135,-0.227711,0.860777,0.007323,-1.294844,0.111209,1.660147,0.015907,0.686156,0.020234,-1.245071,-0.419331,1.663595,-0.270969,0.515278,0.016212,-0.412244,-1.038856,1.678256,-0.533773,0.104330,0.011016
22.760000,-0.975841,-0.202553,1.661625,-0.034152,0.486232,0.028153,-0.534614,0.136906,1.652538,0.092537,0.464290,0.021461,-0.165613,-0.670446,1.681677,-0.250079,0.028100,-0.000474,-0.557751,-0.477578,1.686690,-0.145315,0.254936,-0.008129,-0.906753,-0.727726,1.671263,-0.338451,0.324367,0.009856,-1.016257,0.537366,1.660842,0.269428,0.611523,0.016971,-1.586069,-0.298595,1.667249,-0.208023,0.847370,0.004005,-1.294449,0.124808,1.660525,0.023633,0.673613,0.017507,-1.250227,-0.409206,1.663888,-0.244605,0.497019,0.013040,-0.422637,-1.036695,1.678439,-0.505376,0.111736,0.007237
22.780000,-0.976336,-0.192796,1.662163,-0.015312,0.489444,0.025641,-0.532786,0.146301,1.652937,0.090273,0.475177,0.018388,-0.170386,-0.669763,1.681625,-0.227123,0.040275,-0.004750,-0.560434,-0.472353,1.686493,-0.122883,0.267543,-0.011644,-0.913194,-0.721320,1.671421,-0.305626,0.316182,0.005910,-1.010863,0.549499,1.661151,0.269894,0.601678,0.013932,-1.590031,-0.281790,1.667293,-0.188058,0.832891,0.000313,-1.293900,0.138148,1.660845,0.031215,0.660221,0.014384,-1.254853,-0.399454,1.664114,-0.217971,0.478050,0.009466,-0.432454,-1.034387,1.678543,-0.476154,0.119089,0.003118
22.800000,-0.976452,-0.182977,1.662648,0.003737,0.492396,0.022748,-0.531002,0.155910,1.653270,0.088068,0.485628,0.014870,-0.174694,-0.668835,1.681485,-0.203589,0.052550,-0.009365,-0.562663,-0.466876,1.686222,-0.100002,0.280194,-0.015464,-0.918975,-0.715082,1.671496,-0.272355,0.307505,0.001571,-1.005463,0.561428,1.661396,0.270012,0.591156,0.010494,-1.593590,-0.265286,1.667259,-0.167816,0.817339,-0.003754,-1.293201,0.151211,1.661098,0.038655,0.645980,0.010865,-1.258944,-0.390089,1.664264,-0.191065,0.458371,0.005491,-0.441678,-1.031932,1.678562,-0.446107,0.126390,-0.001341
22.820000,-0.976186,-0.173101,1.663071,0.022935,0.495141,0.019462,-0.529263,0.165723,1.653529,0.085919,0.495634,0.010902,-0.178526,-0.667660,1.681248,-0.179553,0.064904,-0.014325,-0.564431,-0.461145,1.685872,-0.076729,0.292863,-0.019601,-0.924086,-0.709023,1.671481,-0.238754,0.298384,-0.003166,-1.000065,0.573141,1.661568,0.269796,0.579981,0.006646,-1.596742,-0.249104,1.667140,-0.147333,0.800737,-0.008211,-1.292355,0.163982,1.661277,0.045943,0.630935,0.006942,-1.262494,-0.381124,1.664331,-0.163945,0.438067,0.001104,-0.450293,-1.029332,1.678487,-0.415323,0.133644,-0.006153
22.840000,-0.975534,-0.163172,1.663424,0.042221,0.497735,0.015769,-0.527565,0.175732,1.653703,0.083823,0.505189,0.006477,-0.181873,-0.666238,1.680909,-0.155092,0.077314,-0.019634,-0.565730,-0.455161,1.685436,-0.053125,0.305524,-0.024069,-0.928524,-0.703149,1.671367,-0.204939,0.288869,-0.008309,-0.994674,0.584623,1.661659,0.269259,0.568180,0.002376,-1.599482,-0.233264,1.666928,-0.126644,0.783104,-0.013072,-1.291365,0.176444,1.661373,0.053070,0.615130,0.002604,-1.265501,-0.372570,1.664306,-0.136670,0.417223,-0.003706,-0.458286,-1.026587,1.678313,-0.383888,0.140857,-0.011329
22.860000,-0.974496,-0.153193,1.663699,0.061594,0.500176,0.011669,-0.525909,0.185928,1.653785,0.081779,0.514293,0.001597,-0.184727,-0.664567,1.680461,-0.130206,0.089779,-0.025294,-0.566554,-0.448924,1.684907,-0.029187,0.318177,-0.028866,-0.932282,-0.697471,1.671146,-0.170909,0.278958,-0.013858,-0.989296,0.595864,1.661660,0.268401,0.555752,-0.002315,-1.601806,-0.217787,1.666614,-0.105750,0.764439,-0.018337,-1.290233,0.188582,1.661378,0.060035,0.598564,-0.002148,-1.267960,-0.364439,1.664180,-0.109240,0.395839,-0.008937,-0.465644,-1.023698,1.678032,-0.351801,0.148030,-0.016870
22.880000,-0.973070,-0.143166,1.663888,0.081054,0.502466,0.007161,-0.524294,0.196301,1.653764,0.079788,0.522946,-0.003739,-0.187079,-0.662647,1.679895,-0.104895,0.102300,-0.031303,-0.566895,-0.442434,1.684279,-0.004918,0.330822,-0.033994,-0.935359,-0.691994,1.670810,-0.136665,0.268652,-0.019813,-0.983940,0.606849,1.661564,0.267223,0.542698,-0.007426,-1.603710,-0.202693,1.666192,-0.084650,0.744745,-0.024005,-1.288964,0.200381,1.661284,0.066840,0.581239,-0.007314,-1.269869,-0.356740,1.663945,-0.081654,0.373914,-0.014591,-0.472354,-1.020666,1.677636,-0.319064,0.155162,-0.022775
22.900000,-0.971254,-0.133095,1.663983,0.100602,0.504604,0.002246,-0.522717,0.206843,1.653632,0.077849,0.531147,-0.009531,-0.188920,-0.660475,1.679206,-0.079158,0.114877,-0.037662,-0.566748,-0.435692,1.683545,0.019684,0.343458,-0.039453,-0.937748,-0.686727,1.670351,-0.102207,0.257952,-0.026174,-0.978610,0.617567,1.661361,0.265723,0.529016,-0.012960,-1.605191,-0.188004,1.665651,-0.063345,0.724019,-0.030078,-1.287561,0.211827,1.661083,0.073484,0.563153,-0.012894,-1.271225,-0.349486,1.663593,-0.053912,0.351450,-0.020666,-0.478402,-1.017492,1.677118,-0.285675,0.162254,-0.029045
22.920000,-0.969046,-0.122983,1.663975,0.120170,0.506651,-0.003068,-0.521180,0.217544,1.653380,0.075953,0.538880,-0.015762,-0.190243,-0.658051,1.678387,-0.053092,0.127505,-0.044360,-0.566106,-0.428696,1.682699,0.044537,0.356063,-0.045237,-0.939446,-0.681678,1.669760,-0.067623,0.246915,-0.032925,-0.973313,0.628006,1.661043,0.263911,0.514738,-0.018904,-1.606243,-0.173739,1.664986,-0.041865,0.702303,-0.036546,-1.286026,0.222903,1.660766,0.079974,0.544359,-0.018875,-1.272025,-0.342685,1.663116,-0.026057,0.328534,-0.027148,-0.483777,-1.014176,1.676472,-0.251714,0.169327,-0.035668
22.940000,-0.966447,-0.112829,1.663857,0.139691,0.508666,-0.008776,-0.519679,0.228395,1.652999,0.074092,0.546125,-0.022416,-0.191042,-0.655374,1.677430,-0.026792,0.140180,-0.051383,-0.564966,-0.421449,1.681733,0.069557,0.368616,-0.051341,-0.940452,-0.676852,1.669031,-0.033000,0.235600,-0.040049,-0.968055,0.638153,1.660602,0.261796,0.499893,-0.025252,-1.606864,-0.159918,1.664187,-0.020242,0.679637,-0.043401,-1.284363,0.233597,1.660325,0.086318,0.524910,-0.025239,-1.272267,-0.336347,1.662505,0.001871,0.305255,-0.034020,-0.488468,-1.010718,1.675689,-0.217260,0.176403,-0.042634
22.960000,-0.963459,-0.102636,1.663621,0.159166,0.510650,-0.014877,-0.518216,0.239386,1.652480,0.072264,0.552882,-0.029493,-0.191313,-0.652444,1.676329,-0.000258,0.152901,-0.058733,-0.563323,-0.413952,1.680643,0.094746,0.381115,-0.057765,-0.940766,-0.672256,1.668156,0.001661,0.224008,-0.047546,-0.962843,0.647998,1.660030,0.259377,0.484480,-0.032002,-1.607052,-0.146560,1.663247,0.001524,0.656020,-0.050642,-1.282574,0.243895,1.659754,0.092516,0.504805,-0.031989,-1.271950,-0.330477,1.661753,0.029871,0.281613,-0.041283,-0.492464,-1.007120,1.674764,-0.182313,0.183483,-0.049942
22.980000,-0.960081,-0.092404,1.663260,0.178593,0.512602,-0.021370,-0.516788,0.250507,1.651816,0.070471,0.559152,-0.036993,-0.191051,-0.649258,1.675078,0.026509,0.165668,-0.066410,-0.561175,-0.406205,1.679421,0.120103,0.393562,-0.064510,-0.940386,-0.667894,1.667127,0.036360,0.212138,-0.055416,-0.957682,0.657529,1.659319,0.256654,0.468500,-0.039155,-1.606802,-0.133683,1.662159,0.023433,0.631453,-0.058269,-1.280663,0.253784,1.659043,0.098568,0.484044,-0.039124,-1.271072,-0.325084,1.660851,0.057942,0.257607,-0.048936,-0.495757,-1.003379,1.673689,-0.146873,0.190566,-0.057593
23.000000,-0.956315,-0.082132,1.662764,0.197974,0.514523,-0.028256,-0.515397,0.261748,1.650998,0.068712,0.564935,-0.044916,-0.190251,-0.645817,1.673671,0.053511,0.178482,-0.074413,-0.558518,-0.398210,1.678060,0.145628,0.405956,-0.071576,-0.939311,-0.663772,1.665937,0.071099,0.199990,-0.063661,-0.952579,0.666734,1.658461,0.253628,0.451952,-0.046710,-1.606113,-0.121308,1.660914,0.045486,0.605936,-0.066283,-1.278632,0.263252,1.658186,0.104473,0.462628,-0.046643,-1.269631,-0.320175,1.659793,0.086086,0.233237,-0.056979,-0.498336,-0.999497,1.672458,-0.110940,0.197653,-0.065587
23.020000,-0.952163,-0.071823,1.662127,0.217237,0.516469,-0.035507,-0.514040,0.273101,1.650017,0.066966,0.570195,-0.053222,-0.188910,-0.642118,1.672100,0.080642,0.191355,-0.082704,-0.555349,-0.389967,1.676556,0.171218,0.418291,-0.078931,-0.937542,-0.659896,1.664578,0.105817,0.187633,-0.072235,-0.947539,0.675603,1.657448,0.250310,0.434869,-0.054635,-1.604982,-0.109452,1.659505,0.067641,0.579538,-0.074648,-1.276485,0.272285,1.657175,0.110249,0.440613,-0.054505,-1.267628,-0.315757,1.658570,0.114253,0.208604,-0.065369,-0.500192,-0.995473,1.671064,-0.074611,0.204764,-0.073889
23.040000,-0.947627,-0.061473,1.661341,0.236308,0.518493,-0.043092,-0.512718,0.284552,1.648867,0.065212,0.574896,-0.061872,-0.187025,-0.638162,1.670361,0.107795,0.204298,-0.091246,-0.551669,-0.381479,1.674901,0.196769,0.430562,-0.086546,-0.935079,-0.656268,1.663045,0.140456,0.175133,-0.081097,-0.942568,0.684125,1.656273,0.246712,0.417281,-0.062896,-1.603407,-0.098132,1.657926,0.089859,0.552328,-0.083329,-1.274223,0.280873,1.656004,0.115909,0.418057,-0.062669,-1.265061,-0.311832,1.657176,0.142394,0.183805,-0.074065,-0.501318,-0.991306,1.669501,-0.037984,0.211924,-0.082463
23.060000,-0.942712,-0.051082,1.660401,0.255189,0.520598,-0.051012,-0.511431,0.296093,1.647540,0.063450,0.579040,-0.070865,-0.184598,-0.633946,1.668448,0.134972,0.217312,-0.100037,-0.547479,-0.372745,1.673092,0.222280,0.442769,-0.094419,-0.931924,-0.652891,1.661332,0.175017,0.162491,-0.090247,-0.937672,0.692291,1.654930,0.242833,0.399190,-0.071494,-1.601388,-0.087364,1.656170,0.112139,0.524307,-0.092327,-1.271849,0.289004,1.654666,0.121455,0.394958,-0.071134,-1.261932,-0.308406,1.655605,0.170509,0.158842,-0.083066,-0.501709,-0.986996,1.667763,-0.001059,0.219131,-0.091309
23.080000,-0.937421,-0.040649,1.659299,0.273880,0.522782,-0.059267,-0.510180,0.307710,1.646030,0.061680,0.582625,-0.080203,-0.181626,-0.629469,1.666358,0.162172,0.230397,-0.109079,-0.542778,-0.363768,1.671123,0.247752,0.454913,-0.102552,-0.928079,-0.649769,1.659434,0.209500,0.149706,-0.099684,-0.932857,0.700090,1.653411,0.238674,0.380593,-0.080428,-1.598921,-0.077165,1.654231,0.134481,0.495473,-0.101641,-1.269366,0.296668,1.653157,0.126887,0.371319,-0.079901,-1.258241,-0.305480,1.653851,0.198598,0.133713,-0.092373,-0.501359,-0.982541,1.665846,0.036164,0.226385,-0.100427
23.100000,-0.931758,-0.030171,1.658028,0.292379,0.525046,-0.067857,-0.508964,0.319394,1.644329,0.059901,0.585651,-0.089883,-0.178111,-0.624730,1.664083,0.189395,0.243552,-0.118370,-0.537569,-0.354549,1.668988,0.273184,0.466992,-0.110944,-0.923545,-0.646904,1.657343,0.243903,0.136779,-0.109409,-0.928127,0.707511,1.651711,0.234235,0.361493,-0.089699,-1.596008,-0.067551,1.652102,0.156886,0.465829,-0.111271,-1.266775,0.303853,1.651468,0.132204,0.347137,-0.088969,-1.253989,-0.303058,1.651908,0.226661,0.108420,-0.101984,-0.500261,-0.977940,1.663744,0.073685,0.233688,-0.109818
23.120000,-0.925727,-0.019646,1.656583,0.310615,0.527433,-0.076731,-0.507784,0.331132,1.642433,0.058097,0.588095,-0.099842,-0.174051,-0.619726,1.661621,0.216539,0.256788,-0.127854,-0.531852,-0.345089,1.666684,0.298464,0.479009,-0.119546,-0.918324,-0.644298,1.655056,0.278156,0.123790,-0.119354,-0.923489,0.714546,1.649822,0.229526,0.341935,-0.099247,-1.592646,-0.058537,1.649778,0.179303,0.435475,-0.121155,-1.264078,0.310550,1.649596,0.137423,0.322477,-0.098271,-1.249175,-0.301144,1.649770,0.254657,0.083052,-0.111837,-0.498410,-0.973193,1.661452,0.111384,0.241055,-0.119423
23.140000,-0.919335,-0.009072,1.654957,0.328515,0.529986,-0.085839,-0.506641,0.342914,1.640334,0.056251,0.589932,-0.110013,-0.169450,-0.614457,1.658968,0.243498,0.270115,-0.137472,-0.525632,-0.335389,1.664205,0.323475,0.490962,-0.128309,-0.912420,-0.641952,1.652568,0.312184,0.110818,-0.129454,-0.918948,0.721186,1.647739,0.224556,0.321967,-0.109012,-1.588836,-0.050136,1.647255,0.201681,0.404515,-0.131231,-1.261278,0.316750,1.647536,0.142561,0.297400,-0.107741,-1.243803,-0.299736,1.647433,0.282543,0.057697,-0.121868,-0.495805,-0.968297,1.658966,0.149139,0.248504,-0.129185
23.160000,-0.912589,0.001555,1.653147,0.346079,0.532706,-0.095181,-0.505534,0.354726,1.638031,0.054362,0.591162,-0.120395,-0.164312,-0.608921,1.656122,0.270274,0.283533,-0.147224,-0.518915,-0.325451,1.661550,0.348219,0.502854,-0.137234,-0.905838,-0.639865,1.649877,0.345989,0.097865,-0.139707,-0.914509,0.727422,1.645460,0.219325,0.301588,-0.118995,-1.584579,-0.042360,1.644528,0.224019,0.372949,-0.141498,-1.258376,0.322443,1.645286,0.147617,0.271905,-0.117379,-1.237874,-0.298836,1.644894,0.310319,0.032357,-0.132077,-0.492444,-0.963252,1.656284,0.186952,0.256035,-0.139103
23.180000,-0.905494,0.012237,1.651148,0.363306,0.535591,-0.104757,-0.504466,0.366556,1.635517,0.052430,0.591785,-0.130989,-0.158641,-0.603116,1.653079,0.296867,0.297041,-0.157109,-0.511705,-0.315276,1.658715,0.372695,0.514683,-0.146320,-0.898582,-0.638038,1.646979,0.379569,0.084929,-0.150115,-0.910177,0.733247,1.642978,0.213834,0.280800,-0.129195,-1.579876,-0.035222,1.641593,0.246318,0.340777,-0.151957,-1.255374,0.327623,1.642840,0.152592,0.245995,-0.127183,-1.231391,-0.298442,1.642149,0.337985,0.007031,-0.142464,-0.488327,-0.958055,1.653401,0.224821,0.263649,-0.149177
23.200000,-0.898059,0.022979,1.648956,0.380197,0.538643,-0.114566,-0.503437,0.378393,1.632790,0.050455,0.591801,-0.141796,-0.152439,-0.597039,1.649836,0.323276,0.310641,-0.167129,-0.504009,-0.304864,1.655696,0.396904,0.526449,-0.155567,-0.890656,-0.636468,1.643871,0.412924,0.072012,-0.160677,-0.905957,0.738652,1.640290,0.208082,0.259602,-0.139614,-1.574726,-0.028733,1.638448,0.268579,0.307998,-0.162608,-1.252273,0.332280,1.640197,0.157485,0.219667,-0.137156,-1.224356,-0.298554,1.639194,0.365541,-0.018282,-0.153030,-0.483451,-0.952705,1.650316,0.262748,0.271345,-0.159407
23.220000,-0.890289,0.033784,1.646565,0.396679,0.541894,-0.124541,-0.502449,0.390224,1.629844,0.048410,0.591192,-0.152726,-0.145711,-0.590689,1.646393,0.349399,0.324331,-0.177212,-0.495832,-0.294218,1.652492,0.420729,0.538157,-0.164915,-0.882067,-0.635156,1.640551,0.445990,0.059197,-0.171311,-0.901855,0.743629,1.637393,0.202079,0.238048,-0.150165,-1.569133,-0.022905,1.635088,0.290751,0.274727,-0.173365,-1.249075,0.336407,1.637353,0.162300,0.192987,-0.147215,-1.216771,-0.299172,1.636027,0.392936,-0.043484,-0.163691,-0.477817,-0.947201,1.647025,0.300590,0.279135,-0.169718
23.240000,-0.882195,0.044657,1.643973,0.412680,0.545375,-0.134614,-0.501502,0.402036,1.626680,0.046265,0.589939,-0.163694,-0.138465,-0.584065,1.642748,0.375132,0.338109,-0.187285,-0.487183,-0.283338,1.649099,0.444054,0.549807,-0.174305,-0.872819,-0.634099,1.637019,0.478700,0.046568,-0.181936,-0.897876,0.748171,1.634283,0.195835,0.216194,-0.160766,-1.563097,-0.017746,1.631513,0.312787,0.241079,-0.184144,-1.245782,0.339998,1.634308,0.167040,0.166019,-0.157281,-1.208640,-0.300292,1.632647,0.420118,-0.068480,-0.174366,-0.471429,-0.941539,1.643527,0.338206,0.287032,-0.180033
23.260000,-0.873785,0.055601,1.641179,0.428200,0.549086,-0.144785,-0.500599,0.413817,1.623296,0.044022,0.588044,-0.174698,-0.130709,-0.577164,1.638902,0.400476,0.351977,-0.197350,-0.478073,-0.272226,1.645519,0.466880,0.561401,-0.183736,-0.862921,-0.633292,1.633274,0.511054,0.034127,-0.192552,-0.894023,0.752274,1.630962,0.189349,0.194040,-0.171416,-1.556622,-0.013264,1.627722,0.334686,0.207052,-0.194946,-1.242394,0.343046,1.631062,0.171706,0.138763,-0.167354,-1.199967,-0.301910,1.629052,0.447088,-0.093269,-0.185054,-0.464290,-0.935719,1.639823,0.375597,0.295036,-0.190353
23.280000,-0.865070,0.066622,1.638181,0.443238,0.553027,-0.155054,-0.499742,0.425554,1.619692,0.041679,0.585504,-0.185739,-0.122449,-0.569985,1.634854,0.425430,0.365933,-0.207406,-0.468511,-0.260883,1.641750,0.489206,0.572939,-0.193209,-0.852379,-0.632733,1.629317,0.543052,0.021872,-0.203158,-0.890303,0.755931,1.627426,0.182622,0.171584,-0.182115,-1.549711,-0.009467,1.623715,0.356449,0.172647,-0.205770,-1.238914,0.345547,1.627614,0.176297,0.111219,-0.177434,-1.190758,-0.304022,1.625244,0.473846,-0.117853,-0.195757,-0.456406,-0.929737,1.635913,0.412762,0.303147,-0.200676
23.300000,-0.856059,0.077723,1.634977,0.457794,0.557199,-0.165422,-0.498932,0.437233,1.615867,0.039238,0.582322,-0.196817,-0.113694,-0.562526,1.630605,0.449995,0.379978,-0.217453,-0.458508,-0.249309,1.637790,0.511033,0.584420,-0.202723,-0.841201,-0.632416,1.625147,0.574694,0.009804,-0.213754,-0.886720,0.759136,1.623677,0.175653,0.148829,-0.192864,-1.542365,-0.006361,1.619491,0.378075,0.137864,-0.216617,-1.235343,0.347493,1.623965,0.180813,0.083386,-0.187519,-1.181015,-0.306623,1.621222,0.500391,-0.142230,-0.206473,-0.447781,-0.923592,1.631796,0.449702,0.311364,-0.211004
23.320000,-0.846762,0.088911,1.631564,0.471802,0.561598,-0.175810,-0.498173,0.448842,1.611820,0.036666,0.578495,-0.207837,-0.104453,-0.554786,1.626156,0.474063,0.394101,-0.227413,-0.448074,-0.237506,1.633641,0.532241,0.595848,-0.212210,-0.829395,-0.632339,1.620767,0.605906,-0.001987,-0.224254,-0.883279,0.761883,1.619712,0.168457,0.125836,-0.203564,-1.534589,-0.003954,1.615051,0.399515,0.102847,-0.227387,-1.231682,0.348881,1.620114,0.185253,0.055359,-0.197524,-1.170744,-0.309709,1.616986,0.526658,-0.166297,-0.217115,-0.438421,-0.917282,1.627473,0.486266,0.319696,-0.221252
23.340000,-0.837191,0.100189,1.627945,0.485195,0.566221,-0.186143,-0.497467,0.460369,1.607554,0.033934,0.574022,-0.218706,-0.094736,-0.546762,1.621510,0.497527,0.408289,-0.237206,-0.437223,-0.225475,1.629303,0.552713,0.607225,-0.221601,-0.816969,-0.632493,1.616179,0.636614,-0.013412,-0.234569,-0.879983,0.764168,1.615535,0.161049,0.102671,-0.214118,-1.526386,-0.002248,1.610397,0.420720,0.067742,-0.237984,-1.227933,0.349707,1.616065,0.189614,0.027232,-0.207360,-1.159951,-0.313272,1.612539,0.552584,-0.189948,-0.227592,-0.428334,-0.910804,1.622947,0.522306,0.328149,-0.231334
23.360000,-0.827358,0.111561,1.624119,0.497971,0.571069,-0.196420,-0.496817,0.471799,1.603073,0.031041,0.568904,-0.229422,-0.084555,-0.538454,1.616669,0.520385,0.422543,-0.246832,-0.425970,-0.213217,1.624778,0.572447,0.618551,-0.230897,-0.803933,-0.632873,1.611386,0.666819,-0.024470,-0.244698,-0.876838,0.765988,1.611148,0.153427,0.079333,-0.224527,-1.517762,-0.001245,1.605533,0.441690,0.032547,-0.248406,-1.224098,0.349969,1.611821,0.193898,-0.000995,-0.217026,-1.148643,-0.317304,1.607883,0.578167,-0.213184,-0.237905,-0.417532,-0.904155,1.618221,0.557821,0.336724,-0.241252
23.380000,-0.817276,0.123033,1.620088,0.510132,0.576142,-0.206641,-0.496226,0.483121,1.598378,0.027988,0.563140,-0.239987,-0.073924,-0.529860,1.611638,0.542640,0.436862,-0.256291,-0.414330,-0.200734,1.620067,0.591444,0.629827,-0.240098,-0.790299,-0.633470,1.606392,0.696521,-0.035162,-0.254644,-0.873848,0.767340,1.606555,0.145593,0.055822,-0.234789,-1.508720,-0.000946,1.600462,0.462425,-0.002737,-0.258653,-1.220178,0.349666,1.607385,0.198104,-0.029324,-0.226523,-1.136826,-0.321796,1.603023,0.603408,-0.236004,-0.248055,-0.406025,-0.897334,1.613298,0.592812,0.345420,-0.251005
23.400000,-0.806957,0.134609,1.615854,0.521677,0.581438,-0.216806,-0.495698,0.494320,1.593474,0.024774,0.556730,-0.250400,-0.062854,-0.520979,1.606419,0.564290,0.451247,-0.265585,-0.402317,-0.188025,1.615174,0.609703,0.641053,-0.249203,-0.776076,-0.634277,1.601201,0.725718,-0.045487,-0.264404,-0.871016,0.768220,1.601758,0.137546,0.032138,-0.244906,-1.499266,-0.001355,1.595188,0.482925,-0.038109,-0.268727,-1.216174,0.348796,1.602761,0.202233,-0.057752,-0.235851,-1.124509,-0.326741,1.597962,0.628307,-0.258409,-0.258040,-0.393823,-0.890337,1.608182,0.627279,0.354237,-0.260592
23.420000,-0.796414,0.146292,1.611417,0.532554,0.586915,-0.226843,-0.495236,0.505385,1.588364,0.021365,0.549677,-0.260568,-0.051357,-0.511810,1.601016,0.585240,0.465679,-0.274639,-0.389948,-0.175092,1.610100,0.627122,0.652225,-0.258147,-0.761274,-0.635286,1.595817,0.754348,-0.055364,-0.273901,-0.868347,0.768625,1.596760,0.129311,0.008348,-0.254785,-1.489405,-0.002470,1.589715,0.503154,-0.073421,-0.278531,-1.212089,0.347356,1.597953,0.206279,-0.086179,-0.244931,-1.111697,-0.332129,1.592703,0.652801,-0.280305,-0.267782,-0.380938,-0.883163,1.602876,0.661088,0.363179,-0.269937
23.440000,-0.785660,0.158086,1.606781,0.542713,0.592528,-0.236678,-0.494845,0.516303,1.583054,0.017725,0.541986,-0.270399,-0.039450,-0.502351,1.595435,0.605396,0.480139,-0.283382,-0.377239,-0.161936,1.604850,0.643597,0.663340,-0.266862,-0.745906,-0.636488,1.590247,0.782347,-0.064709,-0.283056,-0.865845,0.768554,1.591569,0.120910,-0.015483,-0.264331,-1.479142,-0.004290,1.584049,0.523075,-0.108520,-0.287972,-1.207924,0.345349,1.592966,0.210239,-0.114503,-0.253684,-1.098400,-0.337949,1.587253,0.676828,-0.301598,-0.277201,-0.367385,-0.875809,1.597387,0.694107,0.372247,-0.278960
23.460000,-0.774710,0.169994,1.601951,0.552151,0.598276,-0.246312,-0.494529,0.527061,1.577550,0.013855,0.533655,-0.279894,-0.027147,-0.492604,1.589683,0.624756,0.494627,-0.291815,-0.364210,-0.148559,1.599427,0.659127,0.674399,-0.275349,-0.729985,-0.637871,1.584497,0.809715,-0.073524,-0.291869,-0.863512,0.768005,1.586189,0.112345,-0.039354,-0.273547,-1.468484,-0.006810,1.578198,0.542690,-0.143408,-0.297047,-1.203680,0.342777,1.587807,0.214112,-0.142723,-0.262111,-1.084627,-0.344189,1.581618,0.700388,-0.322288,-0.286297,-0.353179,-0.868273,1.591720,0.726336,0.381442,-0.287662
23.480000,-0.763578,0.182018,1.596930,0.560871,0.604160,-0.255745,-0.494292,0.537645,1.571860,0.009754,0.524686,-0.289052,-0.014465,-0.482566,1.583765,0.643323,0.509143,-0.299937,-0.350880,-0.134960,1.593837,0.673712,0.685401,-0.283608,-0.713522,-0.639425,1.578575,0.836452,-0.081808,-0.300341,-0.861352,0.766979,1.580629,0.103614,-0.063265,-0.282431,-1.457437,-0.010025,1.572170,0.561997,-0.178084,-0.305759,-1.199360,0.339641,1.582484,0.217900,-0.170840,-0.270212,-1.070387,-0.350837,1.575803,0.723482,-0.342375,-0.295069,-0.338337,-0.860551,1.585882,0.757774,0.390763,-0.296043
23.500000,-0.752280,0.194161,1.591723,0.568871,0.610179,-0.264976,-0.494140,0.548044,1.565990,0.005423,0.515078,-0.297873,-0.001419,-0.472238,1.577687,0.661094,0.523688,-0.307747,-0.337268,-0.121143,1.588085,0.687353,0.696347,-0.291639,-0.696531,-0.641140,1.572486,0.862558,-0.089562,-0.308471,-0.859368,0.765474,1.574894,0.094719,-0.087217,-0.290983,-1.446006,-0.013932,1.565970,0.580997,-0.212549,-0.314106,-1.194965,0.335944,1.577001,0.221601,-0.198854,-0.277986,-1.055691,-0.357880,1.569817,0.746108,-0.361858,-0.303519,-0.322873,-0.852641,1.579880,0.788423,0.400211,-0.304103
23.520000,-0.740829,0.206426,1.586333,0.576107,0.616263,-0.273942,-0.494077,0.558244,1.559948,0.000836,0.504849,-0.306284,0.011973,-0.461619,1.571457,0.677984,0.538245,-0.315187,-0.323393,-0.107107,1.582174,0.699975,0.707207,-0.299383,-0.679024,-0.643004,1.566239,0.887992,-0.096707,-0.316194,-0.857564,0.763491,1.568992,0.085696,-0.111148,-0.299129,-1.434199,-0.018525,1.559608,0.599668,-0.246648,-0.322011,-1.190496,0.331688,1.571367,0.225223,-0.226660,-0.285371,-1.040546,-0.365307,1.563665,0.768223,-0.380664,-0.311584,-0.306806,-0.844542,1.573721,0.818160,0.409780,-0.311778
23.540000,-0.729241,0.218812,1.580767,0.582533,0.622340,-0.282578,-0.494109,0.568234,1.553742,-0.004031,0.494019,-0.314209,0.025694,-0.450708,1.565083,0.693907,0.552801,-0.322198,-0.309276,-0.092855,1.576112,0.711501,0.717953,-0.306781,-0.661016,-0.645004,1.559841,0.912714,-0.103169,-0.323446,-0.855941,0.761029,1.562932,0.076580,-0.134997,-0.306793,-1.422022,-0.023794,1.553093,0.617987,-0.280229,-0.329394,-1.185956,0.326880,1.565589,0.228771,-0.254153,-0.292304,-1.024965,-0.373102,1.557357,0.789781,-0.398719,-0.319203,-0.290154,-0.836249,1.567412,0.846866,0.419464,-0.319009
23.560000,-0.717533,0.231319,1.575032,0.588150,0.628410,-0.290884,-0.494240,0.578001,1.547383,-0.009179,0.482587,-0.321649,0.039723,-0.439507,1.558572,0.708861,0.567354,-0.328778,-0.294940,-0.078390,1.569905,0.721933,0.728584,-0.313834,-0.642520,-0.647126,1.553304,0.936724,-0.108945,-0.330226,-0.854501,0.758091,1.556724,0.067373,-0.158764,-0.313975,-1.409482,-0.029730,1.546436,0.635954,-0.313292,-0.336255,-1.181346,0.321524,1.559678,0.232245,-0.281335,-0.298783,-1.008959,-0.381251,1.550900,0.810781,-0.416022,-0.326375,-0.272938,-0.827762,1.560963,0.874541,0.429264,-0.325793
23.580000,-0.705720,0.243948,1.569134,0.592958,0.634473,-0.298860,-0.494478,0.587533,1.540880,-0.014609,0.470553,-0.328603,0.054042,-0.428014,1.551935,0.722848,0.581904,-0.334928,-0.280406,-0.063713,1.563561,0.731269,0.739100,-0.320542,-0.623551,-0.649357,1.546636,0.960022,-0.114038,-0.336535,-0.853247,0.754679,1.550377,0.058074,-0.182450,-0.320675,-1.396586,-0.036323,1.539647,0.653570,-0.345837,-0.342595,-1.176667,0.315628,1.553641,0.235645,-0.308204,-0.304811,-0.992538,-0.389738,1.544305,0.831226,-0.432573,-0.333101,-0.255179,-0.819078,1.554383,0.901184,0.439179,-0.332132
23.600000,-0.693820,0.256698,1.563080,0.596956,0.640530,-0.306506,-0.494827,0.596819,1.534242,-0.020319,0.457917,-0.335073,0.068631,-0.416230,1.545178,0.735868,0.596452,-0.340648,-0.265697,-0.048827,1.557086,0.739511,0.749502,-0.326905,-0.604124,-0.651683,1.539846,0.982607,-0.118446,-0.342372,-0.852179,0.750794,1.543900,0.048683,-0.206054,-0.326892,-1.383341,-0.043560,1.532736,0.670835,-0.377864,-0.348413,-1.171921,0.309198,1.547488,0.238972,-0.334761,-0.310385,-0.975714,-0.398548,1.537579,0.851113,-0.448373,-0.339381,-0.236898,-0.810194,1.547681,0.926797,0.449210,-0.338025
23.620000,-0.681848,0.269568,1.556876,0.600108,0.646482,-0.313770,-0.495292,0.605846,1.527480,-0.026320,0.444712,-0.341007,0.083470,-0.404156,1.538312,0.747861,0.610971,-0.345899,-0.250833,-0.033734,1.550487,0.746615,0.759727,-0.332876,-0.584252,-0.654090,1.532944,1.004450,-0.122122,-0.347696,-0.851300,0.746438,1.537304,0.039246,-0.229530,-0.332578,-1.369755,-0.051433,1.525714,0.687731,-0.409236,-0.353664,-1.167108,0.302240,1.541229,0.242243,-0.360920,-0.315465,-0.958497,-0.407667,1.530733,0.870419,-0.463363,-0.345174,-0.218115,-0.801109,1.540865,0.951276,0.459335,-0.343433
23.640000,-0.669821,0.282556,1.550532,0.602375,0.652233,-0.320598,-0.495881,0.614604,1.520606,-0.032623,0.430969,-0.346355,0.098538,-0.391792,1.531346,0.758767,0.625432,-0.350641,-0.235840,-0.018439,1.543773,0.752540,0.769713,-0.338409,-0.563951,-0.656563,1.525942,1.025520,-0.125017,-0.352465,-0.850609,0.741614,1.530601,0.029809,-0.252833,-0.337680,-1.355835,-0.059925,1.518593,0.704244,-0.439816,-0.358303,-1.162231,0.294765,1.534873,0.245475,-0.386595,-0.320005,-0.940901,-0.417077,1.523776,0.889119,-0.477485,-0.350439,-0.198855,-0.791820,1.533947,0.974521,0.469535,-0.348318
23.660000,-0.657759,0.295656,1.544055,0.603759,0.657782,-0.326990,-0.496599,0.623081,1.513630,-0.039227,0.416688,-0.351117,0.113813,-0.379139,1.524290,0.768588,0.639836,-0.354876,-0.220740,-0.002947,1.536954,0.757284,0.779460,-0.343504,-0.543237,-0.659085,1.518849,1.045815,-0.127131,-0.356679,-0.850107,0.736326,1.523801,0.020372,-0.275963,-0.342199,-1.341588,-0.069020,1.511386,0.720373,-0.469604,-0.362329,-1.157290,0.286780,1.528432,0.248669,-0.411788,-0.324006,-0.922937,-0.426761,1.516719,0.907213,-0.490739,-0.355175,-0.179142,-0.782327,1.526936,0.996532,0.479809,-0.352679
23.680000,-0.645677,0.308866,1.537455,0.604259,0.663129,-0.332947,-0.497452,0.631268,1.506565,-0.046132,0.401868,-0.355293,0.129274,-0.366199,1.517154,0.777323,0.654182,-0.358602,-0.205556,0.012738,1.530036,0.760848,0.788968,-0.348162,-0.522124,-0.661643,1.511678,1.065337,-0.128465,-0.360338,-0.849794,0.730576,1.516917,0.010936,-0.298920,-0.346136,-1.327022,-0.078703,1.504104,0.736118,-0.498600,-0.365743,-1.152285,0.278296,1.521917,0.251824,-0.436498,-0.327469,-0.904616,-0.436701,1.509572,0.924701,-0.503124,-0.359383,-0.159002,-0.772628,1.519843,1.017309,0.490157,-0.356517
23.700000,-0.633594,0.322180,1.530740,0.603875,0.668275,-0.338469,-0.498447,0.639152,1.499422,-0.053338,0.386511,-0.358883,0.144899,-0.352972,1.509949,0.784972,0.668471,-0.361820,-0.190314,0.028610,1.523030,0.763232,0.798238,-0.352381,-0.500628,-0.664219,1.504439,1.084086,-0.129018,-0.363442,-0.849670,0.724370,1.509960,0.001500,-0.321703,-0.349490,-1.312146,-0.088959,1.496760,0.751480,-0.526804,-0.368544,-1.147217,0.269323,1.515337,0.254940,-0.460724,-0.330393,-0.885953,-0.446880,1.502347,0.941582,-0.514642,-0.363063,-0.138458,-0.762720,1.512679,1.036851,0.500579,-0.359831
23.720000,-0.621528,0.335595,1.523920,0.602581,0.673113,-0.343517,-0.499588,0.646725,1.492214,-0.060832,0.370659,-0.361865,0.160665,-0.339461,1.502685,0.791497,0.682658,-0.364511,-0.175035,0.044665,1.515944,0.764417,0.807197,-0.356135,-0.478766,-0.666798,1.497144,1.102035,-0.128773,-0.365976,-0.849734,0.717710,1.502941,-0.007874,-0.344272,-0.352238,-1.296966,-0.099770,1.489367,0.766448,-0.554099,-0.370718,-1.142087,0.259871,1.508705,0.258047,-0.484406,-0.332756,-0.866957,-0.457281,1.495053,0.957850,-0.525249,-0.366195,-0.117536,-0.752604,1.505454,1.055091,0.511056,-0.362603
23.740000,-0.609497,0.349102,1.517003,0.600354,0.677536,-0.348054,-0.500882,0.653976,1.484952,-0.068600,0.354357,-0.364216,0.176551,-0.325667,1.495372,0.796859,0.696697,-0.366658,-0.159745,0.060896,1.508788,0.764384,0.815776,-0.359395,-0.456552,-0.669364,1.489804,1.119158,-0.127714,-0.367923,-0.849984,0.710601,1.495874,-0.017125,-0.366584,-0.354359,-1.281491,-0.111116,1.481936,0.781015,-0.580367,-0.372250,-1.136895,0.249951,1.502031,0.261171,-0.507482,-0.334536,-0.847643,-0.467884,1.487703,0.973494,-0.534905,-0.368758,-0.096264,-0.742278,1.498179,1.071959,0.521571,-0.364816
23.760000,-0.597520,0.362693,1.510001,0.597193,0.681544,-0.352078,-0.502334,0.660896,1.477649,-0.076642,0.337605,-0.365935,0.192532,-0.311594,1.488022,0.801058,0.710590,-0.368259,-0.144468,0.077294,1.501571,0.763133,0.823972,-0.362161,-0.434005,-0.671901,1.482431,1.135456,-0.125841,-0.369283,-0.850418,0.703048,1.488771,-0.026252,-0.388640,-0.355853,-1.265728,-0.122977,1.474481,0.795181,-0.605608,-0.373139,-1.131640,0.239576,1.495327,0.264313,-0.529952,-0.335732,-0.828022,-0.478670,1.480307,0.988515,-0.543610,-0.370752,-0.074667,-0.731741,1.490865,1.087457,0.532123,-0.366470
23.780000,-0.585616,0.376361,1.502923,0.593097,0.685136,-0.355591,-0.503949,0.667477,1.470318,-0.084959,0.320403,-0.367023,0.208585,-0.297244,1.480645,0.804094,0.724335,-0.369316,-0.129228,0.093852,1.494305,0.760664,0.831788,-0.364433,-0.411140,-0.674392,1.475037,1.150928,-0.123154,-0.370057,-0.851033,0.695057,1.481644,-0.035255,-0.410440,-0.356720,-1.249686,-0.135333,1.467015,0.808945,-0.629823,-0.373385,-1.126322,0.228757,1.488605,0.267473,-0.551815,-0.336345,-0.808106,-0.489622,1.472876,1.002913,-0.551363,-0.372179,-0.052774,-0.720993,1.483524,1.101584,0.542712,-0.367563
23.800000,-0.573802,0.390096,1.495781,0.588068,0.688314,-0.358593,-0.505734,0.673709,1.462972,-0.093550,0.302751,-0.367481,0.224688,-0.282621,1.473253,0.805967,0.737932,-0.369827,-0.114049,0.110563,1.486997,0.756976,0.839222,-0.366211,-0.387973,-0.676822,1.467633,1.165575,-0.119652,-0.370244,-0.851827,0.686632,1.474506,-0.044136,-0.431984,-0.356959,-1.233373,-0.148163,1.459550,0.822308,-0.653010,-0.372990,-1.120941,0.217507,1.481877,0.270651,-0.573073,-0.336375,-0.787909,-0.500719,1.465423,1.016688,-0.558165,-0.373037,-0.030613,-0.710032,1.476166,1.114339,0.553338,-0.368097
23.820000,-0.562099,0.403890,1.488583,0.582094,0.690974,-0.361061,-0.507693,0.679584,1.455623,-0.102377,0.284698,-0.367311,0.240816,-0.267728,1.465856,0.806662,0.751337,-0.369795,-0.098957,0.127418,1.479660,0.752069,0.846204,-0.367481,-0.364522,-0.679173,1.460231,1.179370,-0.115345,-0.369852,-0.852797,0.677779,1.467370,-0.052829,-0.453245,-0.356574,-1.216796,-0.161446,1.452099,0.835269,-0.675094,-0.371963,-1.115496,0.205838,1.475154,0.273875,-0.593678,-0.335826,-0.767443,-0.511942,1.457959,1.029848,-0.564000,-0.373327,-0.008210,-0.698859,1.468803,1.125690,0.563988,-0.368070
23.840000,-0.550525,0.417731,1.481342,0.575165,0.693016,-0.362973,-0.509830,0.685095,1.448284,-0.111403,0.266293,-0.366517,0.256947,-0.252570,1.458465,0.806165,0.764503,-0.369220,-0.083975,0.144407,1.472302,0.745943,0.852665,-0.368230,-0.340804,-0.681430,1.452843,1.192288,-0.110243,-0.368890,-0.853939,0.668504,1.460248,-0.061271,-0.474199,-0.355565,-1.199965,-0.175159,1.444675,0.847830,-0.695997,-0.370317,-1.109986,0.193765,1.468448,0.277172,-0.613585,-0.334703,-0.746719,-0.523272,1.450494,1.042400,-0.568853,-0.373049,0.014405,-0.687473,1.461447,1.135601,0.574647,-0.367483
23.860000,-0.539099,0.431607,1.474068,0.567283,0.694439,-0.364330,-0.512150,0.690234,1.440967,-0.120628,0.247538,-0.365100,0.273055,-0.237150,1.451091,0.804474,0.777432,-0.368103,-0.069127,0.161521,1.464934,0.738597,0.858605,-0.368457,-0.316837,-0.683577,1.445479,1.204330,-0.104345,-0.367356,-0.855247,0.658814,1.453152,-0.069463,-0.494844,-0.353935,-1.182886,-0.189278,1.437291,0.859990,-0.715720,-0.368052,-1.104409,0.181300,1.461770,0.280541,-0.632794,-0.333004,-0.725751,-0.534689,1.443041,1.054346,-0.572724,-0.372203,0.037204,-0.675873,1.454108,1.144073,0.585316,-0.366334
23.880000,-0.527840,0.445504,1.466772,0.558445,0.695243,-0.365131,-0.514657,0.694994,1.433684,-0.130052,0.228431,-0.363059,0.289118,-0.221474,1.443744,0.801591,0.790122,-0.366443,-0.054439,0.178748,1.457567,0.730031,0.864022,-0.368163,-0.292637,-0.685599,1.438152,1.215494,-0.097651,-0.365252,-0.856716,0.648713,1.446094,-0.077404,-0.515181,-0.351681,-1.165568,-0.203780,1.429957,0.871749,-0.734261,-0.365168,-1.098763,0.168457,1.455132,0.283984,-0.651304,-0.330731,-0.704550,-0.546174,1.435610,1.065683,-0.575613,-0.370790,0.060158,-0.664060,1.446797,1.151105,0.595995,-0.364624
23.900000,-0.516768,0.459412,1.459466,0.548654,0.695429,-0.365376,-0.517354,0.699369,1.426449,-0.139674,0.208973,-0.360396,0.305111,-0.205547,1.436437,0.797515,0.802573,-0.364241,-0.039934,0.196078,1.450211,0.720245,0.868918,-0.367348,-0.268223,-0.687478,1.430873,1.225782,-0.090162,-0.362577,-0.858341,0.638208,1.439089,-0.085094,-0.535210,-0.348804,-1.148019,-0.218641,1.422688,0.883107,-0.751622,-0.361664,-1.093049,0.155252,1.448544,0.287499,-0.669115,-0.327883,-0.683128,-0.557707,1.428213,1.076413,-0.577520,-0.368810,0.083239,-0.652033,1.439527,1.156697,0.606683,-0.362353
23.920000,-0.505900,0.473317,1.452161,0.537917,0.694909,-0.365061,-0.520245,0.703351,1.419272,-0.149437,0.189213,-0.357134,0.321010,-0.189373,1.429178,0.792254,0.814730,-0.361516,-0.025637,0.213501,1.442876,0.709260,0.873227,-0.366012,-0.243612,-0.689200,1.423653,1.235166,-0.081916,-0.359349,-0.860117,0.627307,1.432146,-0.092471,-0.554904,-0.345333,-1.130246,-0.233837,1.415495,0.894072,-0.767771,-0.357574,-1.087263,0.141698,1.442020,0.291117,-0.686210,-0.324480,-0.661497,-0.569269,1.420861,1.086543,-0.578440,-0.366279,0.106417,-0.639793,1.432307,1.160854,0.617364,-0.359538
23.940000,-0.495257,0.487203,1.444868,0.526245,0.693597,-0.364180,-0.523332,0.706935,1.412167,-0.159282,0.169199,-0.353302,0.336793,-0.172960,1.421979,0.785817,0.826535,-0.358288,-0.011572,0.231003,1.435574,0.697096,0.876883,-0.364158,-0.218822,-0.690750,1.416503,1.243619,-0.072951,-0.355586,-0.862037,0.616015,1.425279,-0.099471,-0.574233,-0.341294,-1.112258,-0.249344,1.408389,0.904650,-0.782676,-0.352930,-1.081403,0.127809,1.435569,0.294864,-0.702570,-0.320541,-0.639670,-0.580838,1.413565,1.096077,-0.578366,-0.363215,0.129663,-0.627339,1.425149,1.163580,0.628020,-0.356196
23.960000,-0.484857,0.501056,1.437598,0.513637,0.691493,-0.362733,-0.526616,0.710117,1.405144,-0.169209,0.148933,-0.348899,0.352435,-0.156314,1.414850,0.778204,0.837990,-0.354557,0.002239,0.248572,1.428314,0.683753,0.879886,-0.361786,-0.193873,-0.692113,1.409433,1.251140,-0.063268,-0.351290,-0.864094,0.604340,1.418498,-0.106096,-0.593198,-0.336688,-1.094063,-0.265136,1.401381,0.914843,-0.796339,-0.347732,-1.075467,0.113600,1.429202,0.298740,-0.718195,-0.316066,-0.617658,-0.592397,1.406336,1.105016,-0.577299,-0.359618,0.152950,-0.614672,1.418063,1.164874,0.638653,-0.352326
23.980000,-0.474718,0.514858,1.430362,0.500094,0.688596,-0.360720,-0.530101,0.712891,1.398215,-0.179217,0.128413,-0.343925,0.367913,-0.139442,1.407800,0.769415,0.849093,-0.350323,0.015771,0.266194,1.421106,0.669230,0.882236,-0.358895,-0.168783,-0.693276,1.402455,1.257731,-0.052866,-0.346459,-0.866279,0.592289,1.411815,-0.112344,-0.611799,-0.331515,-1.075667,-0.281189,1.394483,0.924650,-0.808758,-0.341981,-1.069453,0.099086,1.422930,0.302747,-0.733085,-0.311056,-0.595473,-0.603924,1.399184,1.113361,-0.575238,-0.355488,0.176249,-0.601793,1.411059,1.164736,0.649261,-0.347929
24.000000,-0.464859,0.528594,1.423173,0.485615,0.684907,-0.358141,-0.533786,0.715252,1.391391,-0.189308,0.107640,-0.338381,0.383204,-0.122353,1.400840,0.759450,0.859844,-0.345585,0.029000,0.283857,1.413961,0.653529,0.883934,-0.355486,-0.143570,-0.694223,1.395578,1.263391,-0.041745,-0.341093,-0.868585,0.579870,1.405241,-0.118215,-0.630036,-0.325775,-1.057079,-0.297478,1.387706,0.934071,-0.819934,-0.335675,-1.063357,0.084281,1.416763,0.306884,-0.747241,-0.305509,-0.573127,-0.615400,1.392120,1.121110,-0.572185,-0.350825,0.199530,-0.588702,1.404149,1.163167,0.659845,-0.343004
24.020000,-0.455299,0.542248,1.416040,0.470245,0.680361,-0.355008,-0.537673,0.717195,1.384683,-0.199409,0.086660,-0.332308,0.398284,-0.105051,1.393980,0.748334,0.870183,-0.340370,0.041904,0.301547,1.406890,0.636704,0.884936,-0.351574,-0.118254,-0.694941,1.388814,1.268089,-0.029957,-0.335223,-0.871005,0.567090,1.398788,-0.123656,-0.647881,-0.319512,-1.038307,-0.313978,1.381060,0.943107,-0.829857,-0.328862,-1.057176,0.069201,1.410713,0.311172,-0.760651,-0.299470,-0.550633,-0.626805,1.385154,1.128267,-0.568143,-0.345658,0.222766,-0.575399,1.397342,1.160189,0.670388,-0.337579
24.040000,-0.446055,0.555802,1.408976,0.454026,0.674892,-0.351333,-0.541762,0.718717,1.378102,-0.209447,0.065517,-0.325751,0.413130,-0.087548,1.387229,0.736094,0.880049,-0.334700,0.054461,0.319249,1.399902,0.618812,0.885199,-0.347178,-0.092853,-0.695417,1.382172,1.271794,-0.017551,-0.328879,-0.873528,0.553958,1.392464,-0.128610,-0.665304,-0.312774,-1.019358,-0.330664,1.374554,0.951759,-0.838515,-0.321589,-1.050909,0.053860,1.404787,0.315634,-0.773306,-0.292978,-0.528001,-0.638119,1.378297,1.134833,-0.563117,-0.340016,0.245929,-0.561887,1.390649,1.155825,0.680874,-0.331678
24.060000,-0.437144,0.569238,1.401990,0.436958,0.668501,-0.347117,-0.546050,0.719815,1.371656,-0.219424,0.044212,-0.318710,0.427720,-0.069853,1.380595,0.722729,0.889440,-0.328577,0.066650,0.336950,1.393006,0.599852,0.884723,-0.342296,-0.067388,-0.695639,1.375662,1.274505,-0.004528,-0.322062,-0.876146,0.540481,1.386280,-0.133077,-0.682305,-0.305558,-1.000239,-0.347510,1.368199,0.960027,-0.845910,-0.313855,-1.044550,0.038274,1.398997,0.320269,-0.785205,-0.286035,-0.505243,-0.649323,1.371557,1.140807,-0.557108,-0.333898,0.268990,-0.548165,1.384078,1.150076,0.691301,-0.325301
24.080000,-0.428582,0.582536,1.395095,0.419043,0.661188,-0.342360,-0.550538,0.720485,1.365357,-0.229338,0.022745,-0.311185,0.442031,-0.051974,1.374089,0.708239,0.898358,-0.322000,0.078448,0.354633,1.386213,0.579825,0.883509,-0.336928,-0.041879,-0.695594,1.369293,1.276224,0.009113,-0.314770,-0.878848,0.526668,1.380245,-0.137058,-0.698886,-0.297866,-0.980959,-0.364492,1.362003,0.967911,-0.852040,-0.305660,-1.038097,0.022457,1.393349,0.325077,-0.796349,-0.278640,-0.482372,-0.660397,1.364944,1.146191,-0.550114,-0.327304,0.291922,-0.534235,1.377640,1.142941,0.701670,-0.318449
24.100000,-0.420388,0.595679,1.388300,0.400279,0.652952,-0.337062,-0.555224,0.720724,1.359212,-0.239190,0.001116,-0.303176,0.456042,-0.033921,1.367718,0.692624,0.906803,-0.314969,0.089836,0.372285,1.379532,0.558731,0.881556,-0.331075,-0.016346,-0.695271,1.363075,1.276950,0.023371,-0.307005,-0.881625,0.512528,1.374368,-0.140552,-0.715044,-0.289698,-0.961525,-0.381583,1.355976,0.975411,-0.856907,-0.297005,-1.031546,0.006425,1.387854,0.330059,-0.806737,-0.270794,-0.459400,-0.671321,1.358468,1.150984,-0.542138,-0.320234,0.314698,-0.520098,1.371344,1.134421,0.711981,-0.311122
24.120000,-0.412576,0.608648,1.381616,0.380744,0.643761,-0.331249,-0.560105,0.720529,1.353233,-0.248912,-0.020640,-0.294733,0.469729,-0.015705,1.361493,0.675932,0.914715,-0.307520,0.100791,0.389891,1.372973,0.536655,0.878832,-0.324764,0.009192,-0.694656,1.357016,1.276658,0.038183,-0.298807,-0.884466,0.498070,1.368660,-0.143509,-0.730757,-0.281106,-0.941945,-0.398760,1.350126,0.982524,-0.860518,-0.287947,-1.024893,-0.009807,1.382520,0.335231,-0.816377,-0.262548,-0.436337,-0.682076,1.352138,1.155187,-0.533188,-0.312724,0.337290,-0.505756,1.365198,1.124552,0.722205,-0.303361
24.140000,-0.405163,0.621423,1.375053,0.360514,0.633584,-0.324950,-0.565179,0.719897,1.347426,-0.258436,-0.042484,-0.285907,0.483072,0.002663,1.355420,0.658208,0.922038,-0.299686,0.111296,0.407433,1.366544,0.513684,0.875305,-0.318022,0.034713,-0.693740,1.351125,1.275322,0.053485,-0.290220,-0.887361,0.483301,1.363127,-0.145879,-0.746001,-0.272143,-0.922227,-0.415996,1.344460,0.989245,-0.862884,-0.278542,-1.018135,-0.026225,1.377354,0.340611,-0.825277,-0.253955,-0.413196,-0.692642,1.345962,1.158804,-0.523275,-0.304805,0.359672,-0.491211,1.359212,1.113374,0.732313,-0.295206
24.160000,-0.398160,0.633985,1.368621,0.339589,0.622420,-0.318166,-0.570441,0.718829,1.341799,-0.267761,-0.064418,-0.276698,0.496051,0.021172,1.349508,0.639453,0.928771,-0.291469,0.121332,0.424897,1.360255,0.489818,0.870975,-0.310849,0.060198,-0.692513,1.345410,1.272943,0.069278,-0.281242,-0.890298,0.468233,1.357777,-0.147661,-0.760776,-0.262810,-0.902378,-0.433267,1.338986,0.995576,-0.864004,-0.268790,-1.011267,-0.042814,1.372364,0.346200,-0.833436,-0.245013,-0.389989,-0.703000,1.339948,1.161835,-0.512401,-0.296480,0.381816,-0.476465,1.353392,1.100886,0.742305,-0.286659
24.180000,-0.391584,0.646313,1.362330,0.317970,0.610270,-0.310895,-0.575888,0.717320,1.336360,-0.276888,-0.086441,-0.267107,0.508644,0.039810,1.343764,0.619666,0.934914,-0.282867,0.130883,0.442267,1.354113,0.465057,0.865843,-0.303245,0.085624,-0.690966,1.339878,1.269521,0.085560,-0.271874,-0.893264,0.452873,1.352617,-0.148856,-0.775081,-0.253106,-0.882406,-0.450548,1.333711,1.001517,-0.863878,-0.258691,-1.004286,-0.059558,1.367556,0.351996,-0.840854,-0.235724,-0.366727,-0.713131,1.334105,1.164278,-0.500564,-0.287748,0.403698,-0.461520,1.347748,1.087087,0.752181,-0.277718
24.200000,-0.385446,0.658389,1.356188,0.295656,0.597133,-0.303137,-0.581515,0.715370,1.331117,-0.285816,-0.108553,-0.257133,0.520830,0.058565,1.338196,0.598849,0.940467,-0.273881,0.139929,0.459526,1.348128,0.439400,0.859908,-0.295211,0.110972,-0.689088,1.334537,1.265056,0.102333,-0.262117,-0.896248,0.437233,1.347655,-0.149464,-0.788917,-0.243031,-0.862320,-0.467813,1.328641,1.007066,-0.862506,-0.248246,-0.997186,-0.076443,1.362937,0.358000,-0.847532,-0.226088,-0.343421,-0.723016,1.328441,1.166135,-0.487765,-0.278608,0.425291,-0.446378,1.342286,1.071979,0.761942,-0.268384
24.220000,-0.379761,0.670192,1.350207,0.272763,0.583007,-0.294937,-0.587319,0.712978,1.326077,-0.294484,-0.130717,-0.246836,0.532591,0.077424,1.332811,0.577069,0.945381,-0.264557,0.148453,0.476658,1.342308,0.412958,0.853152,-0.286780,0.136219,-0.686870,1.329395,1.259543,0.119520,-0.252026,-0.899238,0.421320,1.342898,-0.149446,-0.802242,-0.232654,-0.842126,-0.485040,1.323783,1.012225,-0.859925,-0.237518,-0.989964,-0.093454,1.358514,0.364216,-0.853482,-0.216178,-0.320085,-0.732636,1.322963,1.167413,-0.474031,-0.269103,0.446569,-0.431043,1.337015,1.055621,0.771549,-0.258710
24.240000,-0.374539,0.681703,1.344394,0.249404,0.567892,-0.286336,-0.593292,0.710142,1.321245,-0.302828,-0.152896,-0.236274,0.543907,0.096376,1.327615,0.554397,0.949606,-0.254941,0.156442,0.493646,1.336659,0.385838,0.845558,-0.277987,0.161346,-0.684305,1.324458,1.252976,0.137042,-0.241661,-0.902221,0.405147,1.338350,-0.148766,-0.815015,-0.222041,-0.821833,-0.502203,1.319142,1.016992,-0.856171,-0.226573,-0.982616,-0.110577,1.354292,0.370650,-0.858716,-0.206071,-0.296729,-0.741972,1.317679,1.168119,-0.459391,-0.259276,0.467508,-0.415517,1.331940,1.038074,0.780964,-0.248748
24.260000,-0.369788,0.692901,1.338756,0.225581,0.551787,-0.277334,-0.599430,0.706862,1.316628,-0.310847,-0.175090,-0.225447,0.554761,0.115404,1.322615,0.530832,0.953141,-0.245033,0.163882,0.510474,1.331190,0.358042,0.837124,-0.268831,0.186331,-0.681386,1.319731,1.245358,0.154902,-0.231021,-0.905184,0.388723,1.334017,-0.147423,-0.827236,-0.211194,-0.801449,-0.519279,1.314721,1.021367,-0.851246,-0.215409,-0.975137,-0.127798,1.350273,0.377300,-0.863235,-0.195766,-0.273364,-0.751005,1.312594,1.168255,-0.443845,-0.249126,0.488084,-0.399806,1.327067,1.019339,0.790187,-0.238498
24.280000,-0.365519,0.703768,1.333303,0.201294,0.534692,-0.267932,-0.605724,0.703138,1.312229,-0.318543,-0.197298,-0.214355,0.565135,0.134497,1.317816,0.506374,0.955988,-0.234832,0.170760,0.527126,1.325908,0.329568,0.827851,-0.259312,0.211154,-0.678106,1.315219,1.236686,0.173098,-0.220106,-0.908114,0.372061,1.329904,-0.145417,-0.838905,-0.200113,-0.780981,-0.536245,1.310527,1.025352,-0.845148,-0.204028,-0.967522,-0.145102,1.346462,0.384166,-0.867038,-0.185264,-0.250002,-0.759719,1.307716,1.167819,-0.427392,-0.238654,0.508274,-0.383911,1.322402,0.999415,0.799219,-0.227962
24.300000,-0.361740,0.714282,1.328042,0.176541,0.516608,-0.258129,-0.612169,0.698970,1.308055,-0.325915,-0.219521,-0.202998,0.575010,0.153639,1.313224,0.481024,0.958145,-0.224339,0.177061,0.543583,1.320820,0.300417,0.817740,-0.249430,0.235792,-0.674459,1.310928,1.226961,0.191630,-0.208917,-0.910997,0.355171,1.326015,-0.142748,-0.850022,-0.188796,-0.760438,-0.553077,1.306562,1.028945,-0.837879,-0.192429,-0.959769,-0.162475,1.342864,0.391250,-0.870125,-0.174563,-0.226655,-0.768095,1.303050,1.166812,-0.410033,-0.227859,0.528053,-0.367838,1.317950,0.978301,0.808059,-0.217137
24.320000,-0.358459,0.724426,1.322980,0.151460,0.497573,-0.247981,-0.618758,0.694357,1.304111,-0.332913,-0.241715,-0.191449,0.584370,0.172818,1.308844,0.454882,0.959586,-0.213607,0.182773,0.559830,1.315933,0.270724,0.806806,-0.239234,0.260225,-0.670439,1.306864,1.216212,0.210415,-0.197521,-0.913819,0.338064,1.322353,-0.139401,-0.860546,-0.177325,-0.739826,-0.569752,1.302831,1.032148,-0.829485,-0.180683,-0.951871,-0.179902,1.339481,0.398551,-0.872515,-0.163745,-0.203334,-0.776115,1.298604,1.165251,-0.391833,-0.216796,0.547398,-0.351590,1.313718,0.956087,0.816665,-0.206086
24.340000,-0.355682,0.734179,1.318124,0.126189,0.477628,-0.237544,-0.625483,0.689302,1.300398,-0.339488,-0.263836,-0.179779,0.593201,0.192018,1.304681,0.428050,0.960284,-0.202689,0.187887,0.575850,1.311253,0.240621,0.795066,-0.228770,0.284434,-0.666042,1.303028,1.204464,0.229369,-0.185990,-0.916568,0.320753,1.318922,-0.135359,-0.870435,-0.165779,-0.719154,-0.586249,1.299335,1.034963,-0.820016,-0.168862,-0.943825,-0.197371,1.336314,0.406070,-0.874227,-0.152887,-0.180049,-0.783763,1.294380,1.163151,-0.372856,-0.205520,0.566290,-0.335173,1.309708,0.932859,0.824995,-0.194867
24.360000,-0.353413,0.743525,1.313480,0.100726,0.456773,-0.226816,-0.632335,0.683804,1.296920,-0.345639,-0.285883,-0.167988,0.601488,0.211224,1.300738,0.400526,0.960238,-0.191585,0.192395,0.591627,1.306784,0.210110,0.782520,-0.218037,0.308397,-0.661263,1.299425,1.191718,0.248493,-0.174322,-0.919229,0.303251,1.315723,-0.130622,-0.879691,-0.154157,-0.698430,-0.602546,1.296077,1.037389,-0.809473,-0.156966,-0.935627,-0.214867,1.333365,0.413807,-0.875260,-0.141989,-0.156811,-0.791024,1.290384,1.160514,-0.353103,-0.194030,0.584706,-0.318593,1.305924,0.908617,0.833048,-0.183481
24.380000,-0.351655,0.752444,1.309054,0.075072,0.435008,-0.215799,-0.639306,0.677867,1.293679,-0.351367,-0.307857,-0.156076,0.609217,0.230422,1.297019,0.372312,0.959449,-0.180295,0.196289,0.607145,1.302533,0.179190,0.769169,-0.207037,0.332096,-0.656101,1.296056,1.177974,0.267785,-0.162519,-0.921788,0.285570,1.312756,-0.125191,-0.888312,-0.142461,-0.677661,-0.618621,1.293057,1.039427,-0.797853,-0.144994,-0.927271,-0.232377,1.330635,0.421762,-0.875615,-0.131052,-0.133632,-0.797882,1.286620,1.157339,-0.332574,-0.182327,0.602627,-0.301853,1.302370,0.883361,0.840826,-0.171928
24.400000,-0.350411,0.760919,1.304850,0.049227,0.412332,-0.204492,-0.646387,0.671490,1.290678,-0.356672,-0.329757,-0.144043,0.616375,0.249597,1.293527,0.343408,0.957917,-0.168819,0.199560,0.622388,1.298505,0.147861,0.755011,-0.195769,0.355509,-0.650551,1.292925,1.163232,0.287246,-0.150579,-0.924232,0.267722,1.310025,-0.119065,-0.896299,-0.130690,-0.656856,-0.634453,1.290277,1.041077,-0.785159,-0.132947,-0.918755,-0.249887,1.328124,0.429935,-0.875291,-0.120075,-0.110521,-0.804322,1.283093,1.153627,-0.311268,-0.170410,0.620034,-0.284961,1.299048,0.857091,0.848327,-0.160208
24.420000,-0.349686,0.768932,1.300875,0.023352,0.388828,-0.192966,-0.653569,0.664677,1.287918,-0.361506,-0.351528,-0.131968,0.622950,0.268734,1.290267,0.313934,0.955614,-0.157217,0.202201,0.637341,1.294704,0.116280,0.740085,-0.184291,0.378619,-0.644610,1.290034,1.147544,0.306798,-0.138578,-0.926546,0.249722,1.307529,-0.112252,-0.903617,-0.118925,-0.636021,-0.650020,1.287739,1.042346,-0.771453,-0.120898,-0.910073,-0.267384,1.325832,0.438327,-0.874314,-0.109134,-0.087490,-0.810328,1.279805,1.149410,-0.289272,-0.158340,0.636905,-0.267922,1.295962,0.829913,0.855503,-0.148386
24.440000,-0.349476,0.776467,1.297133,-0.002393,0.364578,-0.181290,-0.660844,0.657431,1.285399,-0.365822,-0.373110,-0.119932,0.628930,0.287816,1.287239,0.284013,0.952512,-0.145547,0.204210,0.651987,1.291134,0.084605,0.724430,-0.172659,0.401405,-0.638279,1.287382,1.130961,0.326365,-0.126590,-0.928718,0.231582,1.305267,-0.104761,-0.910228,-0.107250,-0.615164,-0.665305,1.285441,1.043241,-0.756799,-0.108919,-0.901220,-0.284855,1.323757,0.446938,-0.872708,-0.098300,-0.064548,-0.815889,1.276760,1.144721,-0.266673,-0.146177,0.653225,-0.250744,1.293113,0.801931,0.862307,-0.136526
24.460000,-0.349781,0.783510,1.293625,-0.028007,0.339584,-0.169465,-0.668199,0.649754,1.283121,-0.369620,-0.394505,-0.107932,0.634307,0.306829,1.284445,0.253644,0.948613,-0.133810,0.205585,0.666313,1.287798,0.052836,0.708044,-0.160875,0.423851,-0.631556,1.284970,1.113484,0.345945,-0.114617,-0.930732,0.213318,1.303238,-0.096592,-0.916132,-0.095664,-0.594294,-0.680286,1.283382,1.043761,-0.741198,-0.097010,-0.892194,-0.302288,1.321899,0.455769,-0.870472,-0.087576,-0.041704,-0.820991,1.273958,1.139561,-0.243471,-0.133920,0.668977,-0.233433,1.290502,0.773145,0.868737,-0.124629
24.480000,-0.350596,0.790045,1.290355,-0.053491,0.313843,-0.157490,-0.675625,0.641652,1.281082,-0.372901,-0.415712,-0.095970,0.639073,0.325755,1.281887,0.222828,0.943914,-0.122005,0.206323,0.680304,1.284700,0.020972,0.690928,-0.148936,0.445939,-0.624441,1.282797,1.095112,0.365540,-0.102657,-0.932577,0.194942,1.301440,-0.087744,-0.921331,-0.084168,-0.573416,-0.694946,1.281560,1.043908,-0.724648,-0.085171,-0.882988,-0.319670,1.320254,0.464820,-0.867607,-0.076961,-0.018969,-0.825624,1.271403,1.133929,-0.219667,-0.121571,0.684145,-0.215997,1.288128,0.743555,0.874793,-0.112695
24.500000,-0.351919,0.796059,1.287326,-0.078844,0.287358,-0.145366,-0.683111,0.633127,1.279281,-0.375664,-0.436732,-0.084046,0.643217,0.344580,1.279565,0.191565,0.938418,-0.110133,0.206423,0.693945,1.281842,-0.010986,0.673081,-0.136845,0.467650,-0.616934,1.280863,1.075845,0.385148,-0.090712,-0.934237,0.176469,1.299871,-0.078217,-0.925823,-0.072761,-0.552540,-0.709266,1.279974,1.043681,-0.707151,-0.073402,-0.873599,-0.336988,1.318820,0.474089,-0.864113,-0.066454,0.003650,-0.829774,1.269096,1.127826,-0.195259,-0.109128,0.698714,-0.198443,1.285994,0.713162,0.880477,-0.100723
24.520000,-0.353748,0.801535,1.284541,-0.103898,0.260242,-0.133168,-0.690648,0.624184,1.277719,-0.377869,-0.457499,-0.072232,0.646733,0.363287,1.277482,0.159996,0.932105,-0.098259,0.205884,0.707223,1.279227,-0.042874,0.654562,-0.124664,0.488967,-0.609035,1.279168,1.055750,0.404690,-0.078852,-0.935701,0.157914,1.298528,-0.068031,-0.929577,-0.061514,-0.531672,-0.723226,1.278623,1.043084,-0.688774,-0.061769,-0.864023,-0.354230,1.317594,0.483581,-0.860008,-0.056120,0.026142,-0.833431,1.267038,1.121301,-0.170348,-0.096652,0.712667,-0.180780,1.284099,0.682082,0.885741,-0.088778
24.540000,-0.356072,0.806465,1.282000,-0.128487,0.232613,-0.120970,-0.698222,0.614829,1.276391,-0.379474,-0.477948,-0.060603,0.649616,0.381859,1.275635,0.128262,0.924959,-0.086450,0.204710,0.720123,1.276856,-0.074526,0.635428,-0.112459,0.509875,-0.600747,1.277708,1.034890,0.424086,-0.067151,-0.936954,0.139291,1.297409,-0.057202,-0.932560,-0.050499,-0.510819,-0.736811,1.277502,1.042123,-0.669586,-0.050336,-0.854255,-0.371385,1.316573,0.493296,-0.855308,-0.046025,0.048499,-0.836585,1.265230,1.114401,-0.145037,-0.084203,0.725993,-0.163017,1.282442,0.650432,0.890537,-0.076922
24.560000,-0.358884,0.810837,1.279702,-0.152609,0.204469,-0.108774,-0.705823,0.605068,1.275294,-0.380480,-0.498078,-0.049157,0.651863,0.400280,1.274023,0.096363,0.916980,-0.074705,0.202905,0.732636,1.274729,-0.105943,0.615678,-0.100228,0.530357,-0.592073,1.276481,1.013267,0.443336,-0.055609,-0.937985,0.120617,1.296507,-0.045731,-0.934772,-0.039716,-0.489989,-0.750004,1.276608,1.040796,-0.649587,-0.039104,-0.844290,-0.388439,1.315752,0.503236,-0.850015,-0.036167,0.070715,-0.839229,1.263670,1.107128,-0.119325,-0.071781,0.738681,-0.145162,1.281022,0.618212,0.894867,-0.065157
24.580000,-0.362173,0.814640,1.277649,-0.176264,0.175810,-0.096579,-0.713437,0.594908,1.274423,-0.380887,-0.517891,-0.037895,0.653469,0.418532,1.272646,0.064301,0.908168,-0.063024,0.200474,0.744747,1.272847,-0.137124,0.595313,-0.087973,0.550400,-0.583015,1.275483,0.990880,0.462440,-0.044225,-0.938779,0.101905,1.295818,-0.033619,-0.936213,-0.029164,-0.469190,-0.762789,1.275937,1.039105,-0.628775,-0.028072,-0.834124,-0.405381,1.315125,0.513399,-0.844128,-0.026548,0.092782,-0.841355,1.262359,1.099480,-0.093211,-0.059386,0.750718,-0.127225,1.279835,0.585422,0.898730,-0.053482
24.600000,-0.365931,0.817866,1.275839,-0.199454,0.146638,-0.084385,-0.721054,0.584355,1.273777,-0.380694,-0.537386,-0.026817,0.654433,0.436601,1.271502,0.032073,0.898522,-0.051408,0.197421,0.756444,1.271210,-0.168070,0.574332,-0.075693,0.569987,-0.573576,1.274711,0.967730,0.481397,-0.033000,-0.939325,0.083173,1.295339,-0.020864,-0.936884,-0.018844,-0.448427,-0.775150,1.275484,1.037049,-0.607153,-0.017241,-0.823752,-0.422200,1.314688,0.523786,-0.837648,-0.017166,0.114692,-0.842955,1.261295,1.091458,-0.066697,-0.047017,0.762094,-0.109216,1.278882,0.552062,0.902127,-0.041898
24.620000,-0.370147,0.820503,1.274273,-0.222013,0.117080,-0.072265,-0.728661,0.573415,1.273349,-0.379880,-0.556510,-0.015982,0.654752,0.454468,1.270589,-0.000177,0.888042,-0.039922,0.193753,0.767716,1.269819,-0.198615,0.552803,-0.063455,0.589105,-0.563761,1.274161,0.943891,0.500129,-0.021998,-0.939610,0.064435,1.295063,-0.007510,-0.936769,-0.008809,-0.427710,-0.787071,1.275246,1.034632,-0.584804,-0.006666,-0.813171,-0.438883,1.314437,0.534390,-0.830594,-0.008072,0.136438,-0.844021,1.260477,1.083111,-0.039887,-0.034734,0.772797,-0.091144,1.278159,0.518259,0.905016,-0.030461
24.640000,-0.374807,0.822547,1.272947,-0.243777,0.087267,-0.060292,-0.736245,0.562097,1.273135,-0.378426,-0.575212,-0.005448,0.654427,0.472117,1.269904,-0.032307,0.876729,-0.028634,0.189480,0.778553,1.268671,-0.228597,0.530792,-0.051327,0.607739,-0.553573,1.273829,0.919439,0.518557,-0.011284,-0.939622,0.045708,1.294984,0.006404,-0.935853,0.000889,-0.407045,-0.798538,1.275215,1.031857,-0.561813,0.003597,-0.802375,-0.455420,1.314363,0.545204,-0.822988,0.000686,0.158014,-0.844549,1.259904,1.074488,-0.012889,-0.022593,0.782822,-0.073019,1.277662,0.484143,0.907358,-0.019230
24.660000,-0.379893,0.823992,1.271860,-0.264748,0.057197,-0.048467,-0.743794,0.550409,1.273129,-0.376330,-0.593491,0.004784,0.653461,0.489531,1.269442,-0.064317,0.864581,-0.017542,0.184613,0.788945,1.267765,-0.258015,0.508300,-0.039308,0.625878,-0.543020,1.273708,0.894373,0.536679,-0.000859,-0.939350,0.027007,1.295096,0.020875,-0.934138,0.010250,-0.386438,-0.809539,1.275387,1.028726,-0.538179,0.013549,-0.791361,-0.471799,1.314462,0.556229,-0.814829,0.009106,0.179416,-0.844536,1.259573,1.065589,0.014298,-0.010595,0.792161,-0.054853,1.277388,0.449713,0.909153,-0.008206
24.680000,-0.385391,0.824833,1.271008,-0.284923,0.026872,-0.036790,-0.751294,0.538360,1.273325,-0.373593,-0.611347,0.014715,0.651855,0.506694,1.269201,-0.096208,0.851598,-0.006648,0.179164,0.798882,1.267098,-0.286869,0.485327,-0.027400,0.643510,-0.532108,1.273793,0.868695,0.554497,0.009277,-0.938783,0.008348,1.295392,0.035906,-0.931622,0.019274,-0.365898,-0.820061,1.275755,1.025236,-0.513904,0.023189,-0.780125,-0.488010,1.314725,0.567464,-0.806117,0.017190,0.200636,-0.843976,1.259479,1.056413,0.041673,0.001260,0.800808,-0.036656,1.277332,0.414968,0.910401,0.002612
24.700000,-0.391285,0.825065,1.270387,-0.304305,-0.003710,-0.025259,-0.758733,0.525958,1.273716,-0.370215,-0.628780,0.024344,0.649613,0.523590,1.269175,-0.127978,0.837781,0.004048,0.173142,0.808354,1.266668,-0.315160,0.461872,-0.015602,0.660622,-0.520843,1.274077,0.842403,0.572010,0.019125,-0.937910,-0.010253,1.295865,0.051495,-0.928305,0.027960,-0.345431,-0.830091,1.276313,1.021390,-0.488987,0.032518,-0.768661,-0.504040,1.315147,0.578910,-0.796853,0.024937,0.221670,-0.842867,1.259622,1.046961,0.069237,0.012972,0.808758,-0.018441,1.277491,0.379909,0.911102,0.013224
24.720000,-0.397557,0.824684,1.269996,-0.322744,-0.034412,-0.013941,-0.766098,0.513212,1.274296,-0.366190,-0.645754,0.033629,0.646738,0.540200,1.269361,-0.159498,0.823157,0.014492,0.166562,0.817354,1.266473,-0.342732,0.438001,-0.003982,0.677202,-0.509230,1.274556,0.815585,0.589145,0.028636,-0.936720,-0.028779,1.296508,0.067581,-0.924198,0.036280,-0.325045,-0.839617,1.277054,1.017190,-0.463525,0.041498,-0.756967,-0.519880,1.315720,0.590550,-0.787060,0.032317,0.242513,-0.841206,1.259997,1.037278,0.096876,0.024486,0.816003,-0.000216,1.277860,0.344654,0.911229,0.023583
24.740000,-0.404187,0.823689,1.269828,-0.340094,-0.065101,-0.002899,-0.773377,0.500132,1.275058,-0.361513,-0.662231,0.042526,0.643236,0.556511,1.269752,-0.190635,0.807751,0.024626,0.159439,0.825872,1.266507,-0.369432,0.413780,0.007392,0.693242,-0.497280,1.275220,0.788331,0.605828,0.037761,-0.935204,-0.047216,1.297313,0.084104,-0.919307,0.044202,-0.304746,-0.848629,1.277970,1.012640,-0.437617,0.050093,-0.745038,-0.535519,1.316437,0.602370,-0.776764,0.039302,0.263160,-0.838993,1.260600,1.027410,0.124474,0.035746,0.822543,0.018005,1.278432,0.309323,0.910755,0.033644
24.760000,-0.411154,0.822080,1.269878,-0.356355,-0.095776,0.007866,-0.780555,0.486726,1.275995,-0.356184,-0.678212,0.051035,0.639115,0.572505,1.270344,-0.221390,0.791563,0.034451,0.151790,0.833903,1.266767,-0.395259,0.389209,0.018519,0.708733,-0.485000,1.276063,0.760639,0.622059,0.046500,-0.933353,-0.065546,1.298273,0.101063,-0.913634,0.051727,-0.284541,-0.857118,1.279055,1.007740,-0.411262,0.058303,-0.732871,-0.550947,1.317290,0.614369,-0.765965,0.045891,0.283608,-0.836227,1.261425,1.017356,0.152034,0.046753,0.828376,0.036210,1.279203,0.273915,0.909682,0.043405
24.780000,-0.418434,0.819858,1.270141,-0.371527,-0.126437,0.018354,-0.787620,0.473006,1.277097,-0.350203,-0.693695,0.059157,0.634383,0.588168,1.271128,-0.251763,0.774594,0.043967,0.143634,0.841438,1.267246,-0.420215,0.364287,0.029399,0.723665,-0.472400,1.277078,0.732509,0.637838,0.054853,-0.931159,-0.083756,1.299380,0.118458,-0.907177,0.058855,-0.264439,-0.865076,1.280300,1.002491,-0.384460,0.066127,-0.720462,-0.566154,1.318270,0.626547,-0.754662,0.052085,0.303853,-0.832912,1.262468,1.007117,0.179553,0.057507,0.833499,0.054388,1.280167,0.238431,0.908009,0.052868
24.800000,-0.426007,0.817023,1.270610,-0.385610,-0.157085,0.028566,-0.794558,0.458982,1.278358,-0.343569,-0.708682,0.066890,0.629047,0.603484,1.272100,-0.281753,0.756844,0.053173,0.134988,0.848472,1.267941,-0.444298,0.339015,0.040033,0.738030,-0.459490,1.278255,0.703943,0.653165,0.062819,-0.928612,-0.101828,1.300625,0.136289,-0.899938,0.065586,-0.244444,-0.872494,1.281697,0.996891,-0.357212,0.073566,-0.707808,-0.581130,1.319370,0.638905,-0.742855,0.057882,0.323892,-0.829046,1.263724,0.996692,0.207033,0.068007,0.837913,0.072526,1.281316,0.202870,0.905735,0.062032
24.820000,-0.433851,0.813575,1.271281,-0.398497,-0.187599,0.038456,-0.801358,0.444663,1.279770,-0.336291,-0.723156,0.074209,0.623116,0.618437,1.273253,-0.311249,0.738360,0.062030,0.125869,0.854997,1.268846,-0.467391,0.313465,0.050362,0.751820,-0.446277,1.279588,0.675024,0.667968,0.070368,-0.925704,-0.119748,1.302000,0.154491,-0.891935,0.071913,-0.224565,-0.879362,1.283240,0.990939,-0.329618,0.080599,-0.694905,-0.595866,1.320583,0.651417,-0.730577,0.063275,0.343720,-0.824631,1.265186,0.986121,0.234374,0.078211,0.841614,0.090613,1.282646,0.167337,0.902841,0.070865
24.840000,-0.441939,0.809520,1.272146,-0.410082,-0.217858,0.047979,-0.808006,0.430059,1.281324,-0.328376,-0.737100,0.081087,0.616601,0.633014,1.274579,-0.340140,0.719189,0.070497,0.116299,0.861009,1.269953,-0.489374,0.287711,0.060329,0.765029,-0.432775,1.281067,0.645838,0.682174,0.077466,-0.922430,-0.137501,1.303499,0.172999,-0.883186,0.077827,-0.204809,-0.885677,1.284918,0.984630,-0.301780,0.087206,-0.681750,-0.610351,1.321899,0.664061,-0.717859,0.068252,0.363336,-0.819672,1.266850,0.975445,0.261479,0.088076,0.844607,0.108636,1.284148,0.131935,0.899304,0.079337
24.860000,-0.450245,0.804863,1.273198,-0.420366,-0.247864,0.057134,-0.814489,0.415182,1.283011,-0.319823,-0.750514,0.087525,0.609514,0.647200,1.276070,-0.368425,0.699333,0.078574,0.106301,0.866504,1.271256,-0.510248,0.261751,0.069934,0.777652,-0.418994,1.282683,0.616385,0.695784,0.084115,-0.918782,-0.155071,1.305111,0.191812,-0.873690,0.083330,-0.185182,-0.891432,1.286725,0.977964,-0.273697,0.093388,-0.668342,-0.624577,1.323310,0.676836,-0.704702,0.072813,0.382737,-0.814174,1.268707,0.964662,0.288347,0.097603,0.846893,0.126581,1.285817,0.096667,0.895127,0.087447
24.880000,-0.458745,0.799608,1.274429,-0.429348,-0.277615,0.065924,-0.820794,0.400042,1.284822,-0.310633,-0.763399,0.093521,0.601868,0.660982,1.277719,-0.396105,0.678790,0.086262,0.095897,0.871478,1.272748,-0.530012,0.235587,0.079177,0.789683,-0.404947,1.284428,0.586664,0.708798,0.090314,-0.914756,-0.172443,1.306829,0.210931,-0.863449,0.088421,-0.165693,-0.896623,1.288651,0.970943,-0.245370,0.099145,-0.654676,-0.638536,1.324808,0.689741,-0.691105,0.076959,0.401922,-0.808140,1.270752,0.953773,0.314978,0.106791,0.848475,0.144436,1.287644,0.061530,0.890308,0.095196
24.900000,-0.467411,0.793760,1.275832,-0.437028,-0.307112,0.074346,-0.826910,0.384650,1.286748,-0.300805,-0.775755,0.099075,0.593674,0.674347,1.279518,-0.423179,0.657561,0.093561,0.085108,0.875926,1.274421,-0.548667,0.209219,0.088058,0.801117,-0.390646,1.286293,0.556677,0.721215,0.096063,-0.910343,-0.189604,1.308645,0.230355,-0.852462,0.093100,-0.146347,-0.901245,1.290688,0.963565,-0.216799,0.104475,-0.640751,-0.652218,1.326386,0.702777,-0.677068,0.080690,0.420887,-0.801576,1.272977,0.942778,0.341372,0.115640,0.849355,0.162189,1.289622,0.026526,0.884847,0.102582
24.920000,-0.476217,0.787325,1.277400,-0.443342,-0.336258,0.082378,-0.832822,0.369015,1.288782,-0.290356,-0.787585,0.104180,0.584946,0.687281,1.281459,-0.449558,0.635709,0.100450,0.073958,0.879846,1.276268,-0.566142,0.182716,0.096537,0.811949,-0.376103,1.288268,0.526498,0.732985,0.101353,-0.905540,-0.206537,1.310550,0.250021,-0.840754,0.097378,-0.127153,-0.905294,1.292827,0.955827,-0.188073,0.109379,-0.626564,-0.665616,1.328033,0.715904,-0.662633,0.084012,0.439632,-0.794487,1.275375,0.931694,0.367450,0.124123,0.849537,0.179826,1.291745,-0.008254,0.878733,0.109593
24.940000,-0.485135,0.780313,1.279125,-0.448225,-0.364956,0.089997,-0.838520,0.353150,1.290913,-0.279304,-0.798894,0.108825,0.575697,0.699772,1.283533,-0.475151,0.613297,0.106912,0.062471,0.883234,1.278280,-0.582368,0.156149,0.104576,0.822176,-0.361332,1.290344,0.496203,0.744057,0.106173,-0.900341,-0.223229,1.312537,0.269864,-0.828352,0.101265,-0.108116,-0.908768,1.295060,0.947728,-0.159284,0.113857,-0.612115,-0.678721,1.329743,0.729079,-0.647844,0.086932,0.458155,-0.786881,1.277939,0.920538,0.393132,0.132211,0.849027,0.197334,1.294003,-0.042715,0.871957,0.116214
24.960000,-0.494136,0.772730,1.280997,-0.451677,-0.393206,0.097203,-0.843991,0.337063,1.293132,-0.267647,-0.809682,0.113010,0.565945,0.711809,1.285733,-0.499959,0.590325,0.112946,0.050672,0.886091,1.280448,-0.597343,0.129519,0.112173,0.831796,-0.346346,1.292512,0.465791,0.754430,0.110524,-0.894744,-0.239666,1.314598,0.289885,-0.815253,0.104761,-0.089246,-0.911665,1.297379,0.939268,-0.130430,0.117907,-0.597401,-0.691527,1.331508,0.742303,-0.632699,0.089451,0.476453,-0.778765,1.280661,0.909310,0.418417,0.139903,0.847831,0.214700,1.296391,-0.076859,0.864517,0.122445
24.980000,-0.503192,0.764587,1.283010,-0.453698,-0.421008,0.103996,-0.849222,0.320766,1.295430,-0.255387,-0.819949,0.116735,0.555704,0.723381,1.288048,-0.523982,0.566793,0.118553,0.038586,0.888415,1.282764,-0.611069,0.102826,0.119331,0.840807,-0.331159,1.294762,0.435264,0.764106,0.114406,-0.888745,-0.255835,1.316725,0.310085,-0.801460,0.107867,-0.070548,-0.913984,1.299774,0.930445,-0.101513,0.121531,-0.582422,-0.704027,1.333319,0.755576,-0.617199,0.091568,0.494526,-0.770147,1.283532,0.898010,0.443305,0.147201,0.845955,0.231910,1.298898,-0.110686,0.856415,0.128285
25.000000,-0.512274,0.755893,1.285155,-0.454289,-0.448361,0.110375,-0.854202,0.304269,1.297798,-0.242523,-0.829695,0.120001,0.544991,0.734477,1.290472,-0.547220,0.542702,0.123731,0.026237,0.890204,1.285218,-0.623546,0.076069,0.126047,0.849206,-0.315786,1.297085,0.404620,0.773083,0.117819,-0.882339,-0.271720,1.318910,0.330461,-0.786971,0.110583,-0.052030,-0.915725,1.302237,0.921261,-0.072531,0.124728,-0.567178,-0.716213,1.335168,0.768898,-0.601344,0.093282,0.512373,-0.761035,1.286546,0.886638,0.467797,0.154103,0.843405,0.248952,1.301519,-0.144195,0.847649,0.133735
25.020000,-0.521354,0.746656,1.287422,-0.453448,-0.475197,0.116345,-0.858919,0.287581,1.300227,-0.229079,-0.838941,0.122813,0.533821,0.745086,1.292995,-0.569612,0.518120,0.128486,0.013652,0.891457,1.287802,-0.634751,0.049302,0.132303,0.856991,-0.300241,1.299471,0.373903,0.781339,0.120768,-0.875525,-0.287309,1.321146,0.350960,-0.771825,0.112941,-0.033700,-0.916886,1.304760,0.911702,-0.043546,0.127509,-0.551666,-0.728078,1.337047,0.782228,-0.585162,0.094619,0.529992,-0.751438,1.289694,0.875192,0.491833,0.160599,0.840189,0.265812,1.304245,-0.177319,0.838231,0.138809
25.040000,-0.530403,0.736889,1.289806,-0.451178,-0.501444,0.121905,-0.863361,0.270714,1.302708,-0.215080,-0.847708,0.125177,0.522212,0.755199,1.295609,-0.591100,0.493118,0.132821,0.000856,0.892176,1.290507,-0.644665,0.022578,0.138080,0.864162,-0.284537,1.301912,0.343154,0.788848,0.123260,-0.868301,-0.302589,1.323426,0.371525,-0.756059,0.114974,-0.015565,-0.917467,1.307335,0.901757,-0.014618,0.129885,-0.535889,-0.739617,1.338950,0.795526,-0.568678,0.095600,0.547380,-0.741365,1.292967,0.863669,0.515354,0.166679,0.836315,0.282477,1.307069,-0.209993,0.828172,0.143518
25.060000,-0.539392,0.726602,1.292296,-0.447476,-0.527103,0.127057,-0.867518,0.253676,1.305231,-0.200524,-0.855995,0.127092,0.510183,0.764808,1.298305,-0.611682,0.467695,0.136737,-0.012126,0.892361,1.293322,-0.653286,-0.004103,0.143376,0.870717,-0.268692,1.304399,0.312373,0.795612,0.125294,-0.860664,-0.317547,1.325743,0.392156,-0.739674,0.116684,0.002368,-0.917471,1.309953,0.891426,0.014254,0.131855,-0.519845,-0.750823,1.340869,0.808791,-0.551894,0.096225,0.564538,-0.730827,1.296358,0.852068,0.538361,0.172341,0.831793,0.298934,1.309984,-0.242215,0.817472,0.147863
25.080000,-0.548292,0.715809,1.294885,-0.442344,-0.552174,0.131801,-0.871379,0.236477,1.307788,-0.185412,-0.863803,0.128559,0.497751,0.773904,1.301075,-0.631358,0.441852,0.140233,-0.025267,0.892012,1.296239,-0.660616,-0.030740,0.148193,0.876657,-0.252718,1.306921,0.281561,0.801629,0.126871,-0.852614,-0.332172,1.328091,0.412853,-0.722670,0.118069,0.020090,-0.916897,1.312606,0.880709,0.043069,0.133420,-0.503537,-0.761691,1.342797,0.822025,-0.534808,0.096495,0.581462,-0.719834,1.299858,0.840390,0.560853,0.177587,0.826630,0.315172,1.312981,-0.273986,0.806131,0.151844
25.100000,-0.557076,0.704519,1.297565,-0.435781,-0.576657,0.136136,-0.874931,0.219127,1.310370,-0.169744,-0.871132,0.129578,0.484935,0.782479,1.303911,-0.650130,0.415588,0.143309,-0.038542,0.891131,1.299247,-0.666654,-0.057334,0.152530,0.881979,-0.236631,1.309470,0.250717,0.806901,0.127990,-0.844149,-0.346450,1.330464,0.433616,-0.705047,0.119130,0.037593,-0.915748,1.315287,0.869606,0.071828,0.134579,-0.486965,-0.772214,1.344727,0.835225,-0.517422,0.096410,0.598153,-0.708396,1.303459,0.828636,0.582831,0.182416,0.820836,0.331175,1.316055,-0.305306,0.794148,0.155461
25.120000,-0.565714,0.692747,1.300328,-0.427842,-0.600518,0.140084,-0.878165,0.201635,1.312968,-0.153537,-0.878011,0.130166,0.471752,0.790525,1.306805,-0.667978,0.388962,0.145985,-0.051925,0.889719,1.302337,-0.671437,-0.083854,0.156386,0.886685,-0.220447,1.312038,0.219852,0.811433,0.128671,-0.835269,-0.360370,1.332854,0.454400,-0.686849,0.119905,0.054871,-0.914025,1.317987,0.858115,0.100506,0.135350,-0.470129,-0.782386,1.346651,0.848357,-0.499747,0.095997,0.614607,-0.696524,1.307152,0.816768,0.604266,0.186827,0.814421,0.346933,1.319197,-0.336127,0.781549,0.158737
25.140000,-0.574181,0.680503,1.303166,-0.418581,-0.623720,0.143665,-0.881069,0.184010,1.315574,-0.136807,-0.884471,0.130339,0.458222,0.798035,1.309748,-0.684887,0.362033,0.148280,-0.065391,0.887778,1.305499,-0.675005,-0.110267,0.159757,0.890773,-0.204179,1.314615,0.188976,0.815232,0.128934,-0.825973,-0.373921,1.335258,0.475160,-0.668123,0.120433,0.071915,-0.911729,1.320698,0.846236,0.129082,0.135752,-0.453031,-0.792202,1.348564,0.861381,-0.481794,0.095285,0.630823,-0.684230,1.310929,0.804752,0.625133,0.190819,0.807395,0.362433,1.322402,-0.366401,0.768355,0.161696
25.160000,-0.582449,0.667802,1.306072,-0.407999,-0.646265,0.146879,-0.883634,0.166259,1.318179,-0.119554,-0.890511,0.130098,0.444363,0.805004,1.312734,-0.700855,0.334801,0.150195,-0.078917,0.885309,1.308724,-0.677358,-0.136575,0.162644,0.894244,-0.187842,1.317192,0.158089,0.818298,0.128777,-0.816263,-0.387091,1.337670,0.495895,-0.648869,0.120713,0.088718,-0.908862,1.323414,0.833969,0.157554,0.135785,-0.435674,-0.801656,1.350461,0.874299,-0.463564,0.094273,0.646796,-0.671523,1.314782,0.792587,0.645430,0.194393,0.799769,0.377664,1.325663,-0.396129,0.754569,0.164338
25.180000,-0.590492,0.654657,1.309039,-0.396095,-0.668153,0.149726,-0.885848,0.148392,1.320775,-0.101777,-0.896132,0.129443,0.430194,0.811425,1.315753,-0.715883,0.307266,0.151729,-0.092477,0.882316,1.312002,-0.678494,-0.162778,0.165046,0.897097,-0.171452,1.319763,0.127191,0.820632,0.128200,-0.806138,-0.399872,1.340085,0.516606,-0.629086,0.120745,0.105272,-0.905427,1.326127,0.821313,0.185923,0.135448,-0.418060,-0.810743,1.352333,0.887110,-0.445057,0.092962,0.662525,-0.658416,1.318702,0.780273,0.665158,0.197549,0.791553,0.392612,1.328974,-0.425310,0.740188,0.166662
25.200000,-0.598284,0.641080,1.312059,-0.382869,-0.689382,0.152206,-0.887701,0.130417,1.323354,-0.083478,-0.901333,0.128374,0.415734,0.817293,1.318800,-0.729970,0.279427,0.152883,-0.106049,0.878799,1.315322,-0.678415,-0.188875,0.166965,0.899332,-0.155022,1.322318,0.096283,0.822232,0.127205,-0.795599,-0.412251,1.342498,0.537292,-0.608774,0.120530,0.121568,-0.901426,1.328830,0.808270,0.214189,0.134741,-0.400190,-0.819456,1.354177,0.899814,-0.426272,0.091351,0.678006,-0.644920,1.322681,0.767811,0.684318,0.200286,0.782760,0.407267,1.332328,-0.453945,0.725214,0.168669
25.220000,-0.605799,0.627086,1.315125,-0.368429,-0.709940,0.154350,-0.889184,0.112341,1.325908,-0.064673,-0.906148,0.126914,0.401001,0.822601,1.321866,-0.743139,0.251340,0.153682,-0.119607,0.874762,1.318677,-0.677215,-0.214845,0.168407,0.900948,-0.138567,1.324848,0.065361,0.823138,0.125818,-0.784647,-0.424220,1.344905,0.557910,-0.588004,0.120103,0.137600,-0.896861,1.331515,0.794867,0.242343,0.133686,-0.382068,-0.827792,1.355986,0.912381,-0.407207,0.089467,0.693236,-0.631047,1.326711,0.755135,0.702903,0.202605,0.773399,0.421617,1.335718,-0.482001,0.709686,0.170379
25.240000,-0.613014,0.612687,1.318231,-0.352882,-0.729814,0.156186,-0.890285,0.094173,1.328428,-0.045380,-0.910610,0.125087,0.386014,0.827345,1.324945,-0.755411,0.223057,0.154150,-0.133130,0.870206,1.322056,-0.674991,-0.240668,0.169379,0.901946,-0.122101,1.327348,0.034423,0.823388,0.124064,-0.773283,-0.435769,1.347301,0.578416,-0.566845,0.119496,0.153360,-0.891733,1.334175,0.781134,0.270376,0.132304,-0.363696,-0.835743,1.357754,0.924778,-0.387860,0.087335,0.708210,-0.616808,1.330783,0.742181,0.720908,0.204507,0.763484,0.435651,1.339141,-0.509443,0.693642,0.171812
25.260000,-0.619907,0.597898,1.321370,-0.336227,-0.749002,0.157715,-0.890996,0.075919,1.330909,-0.025599,-0.914720,0.122894,0.370791,0.831522,1.328030,-0.766786,0.194578,0.154289,-0.146599,0.865136,1.325449,-0.671741,-0.266343,0.169881,0.902325,-0.105636,1.329808,0.003470,0.822982,0.121945,-0.761511,-0.446891,1.349683,0.598809,-0.545298,0.118711,0.168843,-0.886046,1.336805,0.767071,0.298290,0.130595,-0.345078,-0.843304,1.359477,0.937007,-0.368230,0.084956,0.722921,-0.602215,1.334888,0.728949,0.738334,0.205991,0.753026,0.449359,1.342589,-0.536272,0.677084,0.172967
25.280000,-0.626455,0.582732,1.324537,-0.318466,-0.767505,0.158937,-0.891306,0.057587,1.333342,-0.005330,-0.918478,0.120335,0.355349,0.835127,1.331115,-0.777264,0.165904,0.154097,-0.159993,0.859553,1.328848,-0.667467,-0.291872,0.169914,0.902085,-0.089186,1.332223,-0.027499,0.821920,0.119459,-0.749332,-0.457578,1.352048,0.619090,-0.523362,0.117747,0.184041,-0.879802,1.339397,0.752679,0.326083,0.128559,-0.326217,-0.850470,1.361151,0.949066,-0.348318,0.082329,0.737366,-0.587279,1.339019,0.715440,0.755181,0.207058,0.742037,0.462731,1.346058,-0.562487,0.660010,0.173846
25.300000,-0.632638,0.567202,1.327726,-0.299597,-0.785323,0.159852,-0.891206,0.039182,1.335720,0.015428,-0.921882,0.117409,0.339706,0.838157,1.334192,-0.786845,0.137034,0.153576,-0.173291,0.853462,1.332242,-0.662168,-0.317253,0.169476,0.901225,-0.072764,1.334584,-0.058483,0.820202,0.116608,-0.736748,-0.467823,1.354392,0.639259,-0.501038,0.116604,0.198948,-0.873004,1.341945,0.737956,0.353756,0.126196,-0.307117,-0.857235,1.362769,0.960957,-0.328123,0.079454,0.751537,-0.572011,1.343168,0.701652,0.771448,0.207707,0.730530,0.475756,1.349541,-0.588090,0.642421,0.174448
25.320000,-0.638433,0.551323,1.330929,-0.279781,-0.802460,0.160490,-0.890686,0.020713,1.338036,0.036645,-0.924971,0.114145,0.323880,0.840607,1.337256,-0.795587,0.108038,0.152750,-0.186474,0.846864,1.335624,-0.655992,-0.342467,0.168582,0.899745,-0.056382,1.336885,-0.089472,0.817901,0.113423,-0.723762,-0.477618,1.356711,0.659275,-0.478435,0.115307,0.213558,-0.865653,1.344443,0.722977,0.381297,0.123529,-0.287780,-0.863593,1.364327,0.972654,-0.307642,0.076354,0.765430,-0.556425,1.347325,0.687512,0.787145,0.207936,0.718518,0.488425,1.353034,-0.613060,0.624381,0.174783
25.340000,-0.643824,0.535109,1.334144,-0.259179,-0.818917,0.160879,-0.889737,0.002186,1.340284,0.058294,-0.927781,0.110575,0.307888,0.842478,1.340300,-0.803548,0.078983,0.151644,-0.199526,0.839764,1.338983,-0.649084,-0.367496,0.167242,0.897646,-0.040051,1.339119,-0.120454,0.815089,0.109937,-0.710378,-0.486959,1.359004,0.679097,-0.455661,0.113880,0.227866,-0.857753,1.346884,0.707815,0.408696,0.120583,-0.268212,-0.869539,1.365822,0.984135,-0.286870,0.073051,0.779035,-0.540529,1.351482,0.672945,0.802283,0.207742,0.706012,0.500729,1.356531,-0.637378,0.605954,0.174861
25.360000,-0.648795,0.518571,1.337363,-0.237791,-0.834696,0.161021,-0.888351,-0.016396,1.342457,0.080375,-0.930312,0.106697,0.291744,0.843766,1.343320,-0.810729,0.049872,0.150259,-0.212433,0.832166,1.342310,-0.641446,-0.392338,0.165456,0.894927,-0.023782,1.341281,-0.151428,0.811768,0.106149,-0.696600,-0.495843,1.361266,0.698727,-0.432716,0.112321,0.241869,-0.849306,1.349264,0.692469,0.435952,0.117356,-0.248416,-0.875066,1.367248,0.995400,-0.265807,0.069545,0.792345,-0.524337,1.355632,0.657952,0.816862,0.207125,0.693027,0.512661,1.360027,-0.661044,0.587140,0.174681
25.380000,-0.653330,0.501725,1.340583,-0.215617,-0.849795,0.160915,-0.886519,-0.035025,1.344549,0.102887,-0.932565,0.102511,0.275464,0.844472,1.346309,-0.817128,0.020702,0.148594,-0.225179,0.824072,1.345598,-0.633078,-0.416995,0.163226,0.891589,-0.007584,1.343363,-0.182396,0.807935,0.102060,-0.682430,-0.504267,1.363496,0.718162,-0.409600,0.110632,0.255563,-0.840316,1.351577,0.676941,0.463065,0.113850,-0.228397,-0.880169,1.368602,1.006448,-0.244454,0.065835,0.805350,-0.507859,1.359765,0.642533,0.830881,0.206086,0.679575,0.524212,1.363516,-0.684058,0.567938,0.174244
25.400000,-0.657414,0.484584,1.343798,-0.192656,-0.864216,0.160561,-0.884233,-0.053697,1.346555,0.125831,-0.934538,0.098018,0.259064,0.844594,1.349262,-0.822747,-0.008525,0.146650,-0.237751,0.815487,1.348837,-0.623979,-0.441466,0.160550,0.887631,0.008532,1.345361,-0.213357,0.803592,0.097669,-0.667874,-0.512226,1.365690,0.737405,-0.386314,0.108813,0.268945,-0.830784,1.353816,0.661229,0.490035,0.110063,-0.208160,-0.884842,1.369880,1.017279,-0.222809,0.061922,0.818043,-0.491105,1.363872,0.626686,0.844341,0.204623,0.665669,0.535375,1.366995,-0.706421,0.548349,0.173551
25.420000,-0.661033,0.467161,1.347004,-0.169112,-0.877981,0.159977,-0.881483,-0.072405,1.348468,0.149171,-0.936266,0.093249,0.242559,0.844131,1.352173,-0.827678,-0.037720,0.144443,-0.250134,0.806415,1.352017,-0.614331,-0.465732,0.157444,0.883055,0.024557,1.347268,-0.244276,0.798842,0.093010,-0.652936,-0.519719,1.367847,0.756422,-0.363001,0.106870,0.282012,-0.820715,1.355977,0.645447,0.516841,0.106020,-0.187708,-0.889079,1.371078,1.027876,-0.200871,0.057822,0.830414,-0.474089,1.367947,0.610349,0.857264,0.202731,0.651322,0.546144,1.370457,-0.728129,0.528462,0.172595
25.440000,-0.664176,0.449469,1.350196,-0.145189,-0.891114,0.159181,-0.878263,-0.091146,1.350283,0.172871,-0.937783,0.088237,0.225961,0.843086,1.355038,-0.832016,-0.066794,0.141991,-0.262322,0.796859,1.355131,-0.604316,-0.489777,0.153922,0.877861,0.040484,1.349080,-0.275120,0.793785,0.088116,-0.637619,-0.526747,1.369964,0.775182,-0.339806,0.104811,0.294764,-0.810112,1.358055,0.629707,0.543461,0.101741,-0.167046,-0.892875,1.372192,1.038223,-0.178635,0.053552,0.842453,-0.456818,1.371979,0.593457,0.869675,0.200403,0.636548,0.556513,1.373897,-0.749179,0.508365,0.171375
25.460000,-0.666838,0.431521,1.353370,-0.120886,-0.903615,0.158173,-0.874566,-0.109915,1.351996,0.196931,-0.939088,0.082982,0.209282,0.841460,1.357851,-0.835759,-0.095746,0.139293,-0.274305,0.786825,1.358171,-0.593935,-0.513599,0.149985,0.872051,0.056307,1.350791,-0.305888,0.788424,0.082988,-0.621930,-0.533312,1.372039,0.793685,-0.316727,0.102636,0.307201,-0.798978,1.360045,0.614011,0.569894,0.097228,-0.146181,-0.896223,1.373219,1.048319,-0.156102,0.049111,0.854149,-0.439305,1.375960,0.576010,0.881572,0.197641,0.621360,0.566477,1.377310,-0.769573,0.488058,0.169888
25.480000,-0.669009,0.413329,1.356521,-0.096202,-0.915483,0.156953,-0.870384,-0.128708,1.353601,0.221350,-0.940182,0.077483,0.192534,0.839257,1.360608,-0.838908,-0.124576,0.136350,-0.286077,0.776317,1.361128,-0.583186,-0.537199,0.145634,0.865626,0.072019,1.352398,-0.336579,0.782756,0.077624,-0.605874,-0.539417,1.374069,0.811931,-0.293766,0.100344,0.319324,-0.787318,1.361943,0.598358,0.596142,0.092481,-0.125115,-0.899117,1.374155,1.058165,-0.133272,0.044500,0.865490,-0.421559,1.379881,0.558007,0.892956,0.194443,0.605770,0.576033,1.380690,-0.789310,0.467542,0.168136
25.500000,-0.670683,0.394905,1.359646,-0.071139,-0.926720,0.155520,-0.865709,-0.147521,1.355094,0.246129,-0.941065,0.071740,0.175730,0.836478,1.363303,-0.841463,-0.153285,0.133161,-0.297630,0.765339,1.363994,-0.572071,-0.560576,0.140867,0.858588,0.087615,1.353895,-0.367195,0.776784,0.072026,-0.589455,-0.545063,1.376052,0.829920,-0.270922,0.097937,0.331135,-0.775134,1.363743,0.582747,0.622204,0.087498,-0.103856,-0.901552,1.374998,1.067760,-0.110144,0.039718,0.876465,-0.403590,1.383735,0.539450,0.903827,0.190810,0.589792,0.585177,1.384033,-0.808390,0.446816,0.166118
25.520000,-0.671854,0.376264,1.362740,-0.045913,-0.937370,0.153870,-0.860536,-0.166349,1.356469,0.271234,-0.941754,0.065784,0.158879,0.833127,1.365933,-0.843543,-0.181774,0.129728,-0.308958,0.753896,1.366760,-0.560772,-0.583721,0.135701,0.850939,0.103089,1.355277,-0.397684,0.770619,0.066219,-0.572679,-0.550255,1.377985,0.847633,-0.248349,0.095398,0.342635,-0.762431,1.365441,0.567303,0.648050,0.082297,-0.082407,-0.903521,1.375743,1.077089,-0.086713,0.034775,0.887064,-0.385409,1.387511,0.520297,0.914221,0.186733,0.573438,0.593905,1.387333,-0.826833,0.425981,0.163816
25.540000,-0.672520,0.357414,1.365800,-0.020741,-0.947479,0.152000,-0.854858,-0.185190,1.357724,0.296631,-0.942263,0.059642,0.141990,0.829209,1.368491,-0.845268,-0.209944,0.126049,-0.320061,0.741992,1.369419,-0.549473,-0.606622,0.130152,0.842682,0.118439,1.356542,-0.427993,0.764378,0.060230,-0.555551,-0.555000,1.379867,0.865053,-0.226199,0.092712,0.353829,-0.749213,1.367034,0.552148,0.673652,0.076893,-0.060774,-0.905018,1.376388,1.086138,-0.062972,0.029677,0.897273,-0.367024,1.391201,0.500509,0.924176,0.182206,0.556722,0.602217,1.390584,-0.844659,0.405138,0.161208
25.560000,-0.672684,0.338368,1.368819,0.004379,-0.957049,0.149908,-0.848669,-0.204039,1.358854,0.322319,-0.942595,0.053316,0.125071,0.824731,1.370973,-0.846638,-0.237796,0.122125,-0.330937,0.729632,1.371964,-0.538174,-0.629280,0.124221,0.833820,0.133664,1.357685,-0.458123,0.758059,0.054059,-0.538078,-0.559306,1.381693,0.882180,-0.204473,0.089880,0.364723,-0.735486,1.368516,0.537283,0.699010,0.071285,-0.038963,-0.906038,1.376929,1.094906,-0.038923,0.024426,0.907080,-0.348445,1.394796,0.480087,0.933691,0.177227,0.539656,0.610111,1.393780,-0.861869,0.384287,0.158296
25.580000,-0.672345,0.319136,1.371794,0.029445,-0.966078,0.147594,-0.841963,-0.222892,1.359855,0.348299,-0.942748,0.046805,0.108127,0.819700,1.373374,-0.847653,-0.265330,0.117957,-0.341588,0.716822,1.374386,-0.526874,-0.651694,0.117907,0.824358,0.148761,1.358703,-0.488075,0.751662,0.047706,-0.520266,-0.563182,1.383461,0.899013,-0.183171,0.086901,0.375323,-0.721255,1.369884,0.522709,0.724123,0.065474,-0.016980,-0.906573,1.377364,1.103393,-0.014564,0.019021,0.916472,-0.329680,1.398287,0.459029,0.942766,0.171797,0.522252,0.617588,1.396914,-0.878462,0.363428,0.155080
25.600000,-0.671506,0.299729,1.374721,0.054457,-0.974567,0.145060,-0.834735,-0.241747,1.360725,0.374570,-0.942722,0.040110,0.091167,0.814120,1.375689,-0.848313,-0.292546,0.113544,-0.352012,0.703566,1.376677,-0.515575,-0.673865,0.111211,0.814299,0.163730,1.359592,-0.517846,0.745188,0.041170,-0.502120,-0.566636,1.385168,0.915552,-0.162293,0.083776,0.385633,-0.706523,1.371133,0.508424,0.748992,0.059460,0.005171,-0.906618,1.377689,1.111600,0.010105,0.013462,0.925437,-0.310737,1.401665,0.437336,0.951401,0.165916,0.504522,0.624648,1.399981,-0.894438,0.342560,0.151559
25.620000,-0.670169,0.280156,1.377595,0.079215,-0.982580,0.142277,-0.826979,-0.260600,1.361459,0.401091,-0.942511,0.033258,0.074196,0.808001,1.377914,-0.848748,-0.319349,0.108869,-0.362212,0.689869,1.378832,-0.504428,-0.695793,0.104150,0.803646,0.178569,1.360349,-0.547377,0.738742,0.034467,-0.483646,-0.569677,1.386811,0.931793,-0.141974,0.080468,0.395662,-0.691297,1.372261,0.494532,0.773585,0.053248,0.027482,-0.906167,1.377901,1.119510,0.035071,0.007753,0.933962,-0.291626,1.404921,0.415003,0.959646,0.159580,0.486478,0.631291,1.402974,-0.909835,0.321786,0.147705
25.640000,-0.668341,0.260428,1.380411,0.103519,-0.990178,0.139220,-0.818690,-0.279446,1.362054,0.427817,-0.942106,0.026278,0.057218,0.801350,1.380042,-0.849087,-0.345645,0.103914,-0.372191,0.675736,1.380841,-0.493589,-0.717476,0.096742,0.792406,0.193280,1.360970,-0.576602,0.732431,0.027611,-0.464850,-0.572319,1.388385,0.947728,-0.122349,0.076942,0.405418,-0.675582,1.373262,0.481137,0.797874,0.046843,0.049949,-0.905213,1.377998,1.127105,0.060325,0.001895,0.942033,-0.272354,1.408045,0.392024,0.967552,0.152784,0.468132,0.637521,1.405887,-0.924692,0.301205,0.143490
25.660000,-0.666031,0.240552,1.383162,0.127368,-0.997363,0.135889,-0.809865,-0.298283,1.362509,0.454750,-0.941507,0.019170,0.040233,0.794178,1.382069,-0.849330,-0.371434,0.098680,-0.381957,0.661172,1.382699,-0.483055,-0.738916,0.088987,0.780584,0.207867,1.361453,-0.605524,0.726255,0.020603,-0.445739,-0.574576,1.389887,0.963358,-0.103418,0.073199,0.414911,-0.659384,1.374133,0.468239,0.821857,0.040247,0.072565,-0.903752,1.377976,1.134387,0.085866,-0.004110,0.949638,-0.252926,1.411029,0.368399,0.975116,0.145527,0.449494,0.643341,1.408711,-0.939008,0.280819,0.138912
25.680000,-0.663249,0.220536,1.385844,0.150762,-1.004134,0.132284,-0.800499,-0.317105,1.362820,0.481889,-0.940715,0.011934,0.023245,0.786496,1.383988,-0.849477,-0.396716,0.093167,-0.391515,0.646181,1.384398,-0.472828,-0.760113,0.080885,0.768187,0.222331,1.361793,-0.634142,0.720212,0.013441,-0.426318,-0.576461,1.391312,0.978683,-0.085182,0.069238,0.424151,-0.642709,1.374871,0.455838,0.845535,0.033458,0.095323,-0.901777,1.377832,1.141355,0.111695,-0.010263,0.956765,-0.233351,1.413863,0.344129,0.982341,0.137811,0.430575,0.648755,1.411441,-0.952784,0.260628,0.133973
25.700000,-0.660004,0.200389,1.388452,0.173701,-1.010492,0.128404,-0.790588,-0.335910,1.362985,0.509234,-0.939730,0.004570,0.006255,0.778313,1.385794,-0.849529,-0.421491,0.087375,-0.400872,0.630769,1.385932,-0.462908,-0.781066,0.072437,0.755220,0.236676,1.361989,-0.662455,0.714305,0.006127,-0.406594,-0.577988,1.392655,0.993703,-0.067640,0.065059,0.433148,-0.625565,1.375470,0.443933,0.868907,0.026477,0.118217,-0.899282,1.377564,1.148009,0.137810,-0.016564,0.963399,-0.213635,1.416538,0.319214,0.989226,0.129635,0.411386,0.653767,1.414068,-0.966020,0.240630,0.128673
25.720000,-0.656305,0.180119,1.390978,0.196028,-1.016506,0.124208,-0.780128,-0.354693,1.363002,0.536727,-0.938518,-0.002893,-0.010736,0.769640,1.387481,-0.849602,-0.445682,0.081276,-0.410034,0.614940,1.387294,-0.453387,-0.801781,0.063663,0.741691,0.250905,1.362037,-0.690397,0.708611,-0.001337,-0.386572,-0.579172,1.393912,1.008420,-0.050882,0.060614,0.441912,-0.607955,1.375928,0.432584,0.891945,0.019300,0.141241,-0.896263,1.377169,1.154326,0.164177,-0.023010,0.969529,-0.193784,1.419046,0.293698,0.995828,0.121007,0.391938,0.658382,1.416585,-0.978765,0.220912,0.122982
25.740000,-0.652168,0.159731,1.393418,0.217586,-1.022247,0.119652,-0.769118,-0.373449,1.362869,0.564310,-0.937047,-0.010425,-0.027730,0.760490,1.389042,-0.849815,-0.469213,0.074842,-0.419011,0.598699,1.388477,-0.444360,-0.822265,0.054585,0.727607,0.265023,1.361935,-0.717902,0.703209,-0.008950,-0.366259,-0.580029,1.395078,1.022836,-0.034997,0.055855,0.450455,-0.589889,1.376241,0.421851,0.914619,0.011921,0.164387,-0.892714,1.376643,1.160282,0.190758,-0.029598,0.975143,-0.173803,1.421376,0.267625,1.002207,0.111937,0.372239,0.662606,1.418984,-0.991069,0.201560,0.116872
25.760000,-0.647607,0.139231,1.395762,0.238375,-1.027715,0.114738,-0.757555,-0.392173,1.362585,0.591984,-0.935316,-0.018028,-0.044730,0.750876,1.390472,-0.850168,-0.492083,0.068073,-0.427812,0.582051,1.389475,-0.435826,-0.842517,0.045202,0.712978,0.279035,1.361678,-0.744970,0.698100,-0.016710,-0.345660,-0.580577,1.396145,1.036951,-0.019985,0.050783,0.458790,-0.571373,1.376404,0.411734,0.936929,0.004341,0.187650,-0.888631,1.375984,1.165879,0.217554,-0.036329,0.980230,-0.153697,1.423520,0.240997,1.008362,0.102425,0.352298,0.666447,1.421257,-1.002932,0.182573,0.110342
25.780000,-0.642638,0.118624,1.398005,0.258394,-1.032910,0.109464,-0.745438,-0.410860,1.362148,0.619747,-0.933325,-0.025700,-0.061738,0.740811,1.391763,-0.850660,-0.514292,0.060970,-0.436447,0.565000,1.390283,-0.427785,-0.862539,0.035515,0.697811,0.292949,1.361265,-0.771600,0.693283,-0.024619,-0.324783,-0.580834,1.397107,1.050765,-0.005847,0.045398,0.466929,-0.552414,1.376413,0.402232,0.958876,-0.003440,0.211020,-0.884010,1.375189,1.171115,0.244565,-0.043201,0.984779,-0.133470,1.425470,0.213812,1.014294,0.092470,0.332124,0.669911,1.423395,-1.014355,0.163951,0.103394
25.800000,-0.637276,0.097916,1.400138,0.277644,-1.037833,0.103832,-0.732765,-0.429505,1.361556,0.647601,-0.931076,-0.033441,-0.078757,0.730309,1.392909,-0.851292,-0.535842,0.053532,-0.444927,0.547551,1.390893,-0.420238,-0.882329,0.025523,0.682117,0.306768,1.360693,-0.797793,0.688759,-0.032675,-0.303632,-0.580817,1.397958,1.064279,0.007417,0.039699,0.474883,-0.533020,1.376265,0.393345,0.980459,-0.011422,0.234492,-0.878847,1.374255,1.175990,0.271791,-0.050215,0.988779,-0.113127,1.427216,0.186071,1.020002,0.082073,0.311727,0.673007,1.425390,-1.025336,0.145695,0.096026
25.820000,-0.631538,0.077112,1.402155,0.296030,-1.042548,0.097797,-0.719534,-0.448101,1.360810,0.675470,-0.928512,-0.041226,-0.095791,0.719382,1.393902,-0.852148,-0.556684,0.045734,-0.453260,0.529708,1.391302,-0.413204,-0.901892,0.015255,0.665903,0.320501,1.359957,-0.823486,0.684566,-0.040885,-0.282214,-0.580543,1.398692,1.077496,0.019782,0.033641,0.482667,-0.513199,1.375955,0.385074,1.001653,-0.019615,0.258057,-0.873138,1.373179,1.180470,0.299163,-0.057364,0.992219,-0.092671,1.428750,0.157867,1.025544,0.071263,0.291113,0.675742,1.427233,-1.035931,0.127862,0.088223
25.840000,-0.625441,0.056215,1.404047,0.313461,-1.047121,0.091316,-0.705747,-0.466643,1.359907,0.703282,-0.925581,-0.049029,-0.112845,0.708046,1.394735,-0.853312,-0.576772,0.037550,-0.461459,0.511477,1.391502,-0.406701,-0.921231,0.004739,0.649181,0.334154,1.359056,-0.848616,0.680742,-0.049253,-0.260534,-0.580032,1.399301,1.090421,0.031220,0.027178,0.490291,-0.492957,1.375479,0.377417,1.022432,-0.028027,0.281708,-0.866880,1.371960,1.184520,0.326615,-0.064640,0.995091,-0.072106,1.430064,0.129291,1.030979,0.060070,0.270292,0.678125,1.428916,-1.046191,0.110512,0.079967
25.860000,-0.619006,0.035228,1.405805,0.329935,-1.051554,0.084389,-0.691403,-0.485122,1.358848,0.731036,-0.922281,-0.056848,-0.129926,0.696316,1.395401,-0.854784,-0.596106,0.028981,-0.469532,0.492861,1.391490,-0.400731,-0.940347,-0.006026,0.631962,0.347733,1.357986,-0.873183,0.677286,-0.057781,-0.238599,-0.579301,1.399777,1.103053,0.041733,0.020311,0.497767,-0.472304,1.374832,0.370376,1.042796,-0.036660,0.305435,-0.860072,1.370593,1.188139,0.354145,-0.072043,0.997388,-0.051433,1.431150,0.100344,1.036306,0.048494,0.249268,0.680166,1.430429,-1.056117,0.093643,0.071260
25.880000,-0.612250,0.014154,1.407420,0.345453,-1.055846,0.077015,-0.676506,-0.503531,1.357633,0.758731,-0.918614,-0.064684,-0.147039,0.684207,1.395892,-0.856563,-0.614687,0.020027,-0.477491,0.473864,1.391259,-0.395293,-0.959240,-0.017039,0.614257,0.361247,1.356744,-0.897188,0.674200,-0.066467,-0.216414,-0.578369,1.400111,1.115393,0.051319,0.013040,0.505110,-0.451248,1.374011,0.363950,1.062745,-0.045512,0.329230,-0.852714,1.369077,1.191327,0.381755,-0.079572,0.999103,-0.030654,1.432001,0.071026,1.041526,0.036534,0.228049,0.681874,1.431763,-1.065708,0.077256,0.062100
25.900000,-0.605194,-0.007004,1.408883,0.360014,-1.059996,0.069196,-0.661054,-0.521864,1.356261,0.786368,-0.914579,-0.072538,-0.164190,0.671734,1.396200,-0.858651,-0.632514,0.010687,-0.485347,0.454492,1.390806,-0.390387,-0.977909,-0.028301,0.596078,0.374704,1.355326,-0.920629,0.671483,-0.075312,-0.193985,-0.577254,1.400296,1.127441,0.059978,0.005364,0.512330,-0.429797,1.373010,0.358139,1.082279,-0.054584,0.353085,-0.844802,1.367409,1.194085,0.409444,-0.087228,1.000227,-0.009773,1.432609,0.041336,1.046638,0.024192,0.206642,0.683259,1.432910,-1.074965,0.061351,0.052488
25.920000,-0.597856,-0.028245,1.410184,0.373599,-1.064055,0.060903,-0.645052,-0.540112,1.354732,0.813861,-0.910122,-0.080389,-0.181387,0.658912,1.396317,-0.861080,-0.649581,0.000955,-0.493110,0.434750,1.390126,-0.385959,-0.996349,-0.039772,0.577436,0.388109,1.353730,-0.943456,0.669126,-0.084320,-0.171318,-0.575976,1.400323,1.139196,0.067752,-0.002741,0.519439,-0.407960,1.371826,0.352880,1.101376,-0.063880,0.376991,-0.836336,1.365587,1.196371,0.437123,-0.094996,1.000754,0.011211,1.432966,0.011396,1.051688,0.011515,0.185052,0.684331,1.433860,-1.083938,0.045952,0.042434
25.940000,-0.590257,-0.049566,1.411315,0.386187,-1.068074,0.052110,-0.628502,-0.558266,1.353046,0.841123,-0.905191,-0.088216,-0.198636,0.645756,1.396235,-0.863883,-0.665880,-0.009177,-0.500788,0.414640,1.389214,-0.381954,-1.014554,-0.051414,0.558344,0.401471,1.351952,-0.965617,0.667121,-0.093495,-0.148419,-0.574550,1.400183,1.150658,0.074678,-0.011301,0.526448,-0.385745,1.370454,0.348111,1.120013,-0.073404,0.400937,-0.827317,1.363609,1.198142,0.464702,-0.102859,1.000682,0.032295,1.433068,-0.018673,1.056723,-0.001448,0.163286,0.685101,1.434604,-1.092675,0.031085,0.031948
25.960000,-0.582415,-0.070968,1.412265,0.397779,-1.072051,0.042817,-0.611408,-0.576316,1.351203,0.868153,-0.899785,-0.096021,-0.215945,0.632282,1.395947,-0.867060,-0.681412,-0.019709,-0.508391,0.394169,1.388068,-0.378372,-1.032525,-0.063227,0.538816,0.414796,1.349989,-0.987112,0.665468,-0.102838,-0.125294,-0.572994,1.399868,1.161827,0.080758,-0.020315,0.533367,-0.363162,1.368888,0.343831,1.138191,-0.083154,0.424913,-0.817748,1.361472,1.199399,0.492182,-0.110817,1.000007,0.053479,1.432907,-0.048871,1.061742,-0.014697,0.141347,0.685578,1.435135,-1.101178,0.016748,0.021029
25.980000,-0.574352,-0.092448,1.413025,0.408375,-1.075987,0.033024,-0.593777,-0.594254,1.349205,0.894952,-0.893905,-0.103802,-0.233321,0.618504,1.395444,-0.870612,-0.696176,-0.030641,-0.515926,0.373341,1.386684,-0.375215,-1.050260,-0.075211,0.518864,0.428092,1.347838,-1.007942,0.664166,-0.112348,-0.101948,-0.571325,1.399367,1.172704,0.085991,-0.029784,0.540205,-0.340221,1.367126,0.340040,1.155909,-0.093133,0.448909,-0.807631,1.359175,1.200142,0.519562,-0.118872,0.998726,0.074764,1.432478,-0.079197,1.066745,-0.028233,0.119240,0.685774,1.435443,-1.109445,0.002942,0.009678
26.000000,-0.566087,-0.114007,1.413583,0.417975,-1.079881,0.022731,-0.575612,-0.612069,1.347051,0.921520,-0.887550,-0.111560,-0.250772,0.604440,1.394719,-0.874538,-0.710173,-0.041972,-0.523402,0.352160,1.385059,-0.372480,-1.067760,-0.087366,0.498503,0.441365,1.345494,-1.028105,0.663216,-0.122026,-0.078387,-0.569560,1.398673,1.183287,0.090378,-0.039707,0.546971,-0.316929,1.365162,0.336739,1.173167,-0.103338,0.472915,-0.796967,1.356717,1.200372,0.546843,-0.127022,0.996838,0.096149,1.431775,-0.109653,1.071732,-0.042054,0.096971,0.685699,1.435519,-1.117478,-0.010333,-0.002105
26.020000,-0.557639,-0.135643,1.413931,0.426634,-1.083759,0.011944,-0.556918,-0.629753,1.344743,0.947761,-0.880687,-0.119281,-0.268305,0.590102,1.393763,-0.878809,-0.723438,-0.053677,-0.530827,0.330632,1.383189,-0.370056,-1.085003,-0.099639,0.477745,0.454623,1.342956,-1.047568,0.662563,-0.131863,-0.054618,-0.567715,1.397776,1.193568,0.094019,-0.050072,0.553677,-0.293297,1.362991,0.333813,1.189944,-0.113756,0.496920,-0.785758,1.354094,1.200048,0.573925,-0.135243,0.994340,0.117634,1.430794,-0.140106,1.076717,-0.056095,0.074543,0.685364,1.435356,-1.125313,-0.023089,-0.014275
26.040000,-0.549027,-0.157357,1.414058,0.434411,-1.087643,0.000669,-0.537704,-0.647293,1.342280,0.973578,-0.873283,-0.126948,-0.285926,0.575507,1.392570,-0.883395,-0.736008,-0.065731,-0.538206,0.308762,1.381073,-0.367830,-1.101967,-0.111979,0.456605,0.467869,1.340219,-1.066294,0.662153,-0.141851,-0.030647,-0.565804,1.396667,1.203536,0.097017,-0.060869,0.560326,-0.269335,1.360610,0.331148,1.206217,-0.124371,0.520913,-0.774012,1.351307,1.199132,0.600710,-0.143511,0.991235,0.139218,1.429531,-0.170424,1.081713,-0.070287,0.051959,0.684779,1.434946,-1.132987,-0.035339,-0.026787
26.060000,-0.540269,-0.179149,1.413954,0.441305,-1.091534,-0.011093,-0.517978,-0.664680,1.339665,0.998971,-0.865336,-0.134562,-0.303643,0.560667,1.391131,-0.888298,-0.747882,-0.078133,-0.545542,0.286555,1.378709,-0.365800,-1.118652,-0.124384,0.435098,0.481110,1.337281,-1.084285,0.661986,-0.151990,-0.006479,-0.563839,1.395339,1.213191,0.099370,-0.072096,0.566924,-0.245052,1.358015,0.328743,1.221987,-0.135183,0.544882,-0.761732,1.348353,1.197624,0.627199,-0.151826,0.987524,0.160902,1.427982,-0.200607,1.086720,-0.084630,0.029224,0.683954,1.434282,-1.140502,-0.047082,-0.039641
26.080000,-0.531381,-0.201019,1.413611,0.447315,-1.095432,-0.023342,-0.497748,-0.681903,1.336898,1.023941,-0.856848,-0.142123,-0.321460,0.545596,1.389442,-0.893516,-0.759060,-0.090883,-0.552839,0.264018,1.376097,-0.363968,-1.135059,-0.136855,0.413239,0.494351,1.334138,-1.101540,0.662062,-0.162280,0.017879,-0.561833,1.393781,1.222533,0.101080,-0.083755,0.573477,-0.220458,1.355201,0.326600,1.237254,-0.146192,0.568814,-0.748926,1.345233,1.195523,0.653390,-0.160188,0.983211,0.182687,1.426144,-0.230655,1.091738,-0.099124,0.006340,0.682899,1.433358,-1.147857,-0.058319,-0.052837
26.100000,-0.522382,-0.222966,1.413017,0.452443,-1.099336,-0.036079,-0.477023,-0.698951,1.333981,1.048487,-0.847818,-0.149631,-0.339385,0.530309,1.387494,-0.899050,-0.769542,-0.103982,-0.560102,0.241155,1.373234,-0.362334,-1.151186,-0.149392,0.391041,0.507595,1.330788,-1.118060,0.662382,-0.172721,0.042420,-0.559800,1.391985,1.231564,0.102146,-0.095844,0.579990,-0.195565,1.352166,0.324717,1.252018,-0.157398,0.592699,-0.735598,1.341945,1.192831,0.679284,-0.168596,0.978299,0.204572,1.424016,-0.260568,1.096767,-0.113770,-0.016689,0.681625,1.432166,-1.155052,-0.069050,-0.066375
26.120000,-0.513288,-0.244992,1.412165,0.456812,-1.103238,-0.049252,-0.455812,-0.715812,1.330913,1.072514,-0.838246,-0.157077,-0.357424,0.514819,1.385281,-0.904812,-0.779398,-0.117364,-0.567333,0.217972,1.370121,-0.360756,-1.166992,-0.161931,0.368521,0.520847,1.327229,-1.133827,0.662853,-0.183283,0.067139,-0.557750,1.389945,1.240260,0.102717,-0.108304,0.586467,-0.170381,1.348905,0.322956,1.266254,-0.168759,0.616523,-0.721757,1.338489,1.189519,0.704792,-0.177021,0.972790,0.226557,1.421593,-0.290222,1.101785,-0.128481,-0.039861,0.680140,1.430701,-1.162093,-0.079325,-0.080177
26.140000,-0.504114,-0.267096,1.411045,0.460547,-1.107128,-0.062808,-0.434127,-0.732477,1.327698,1.095928,-0.828131,-0.164453,-0.375579,0.499137,1.382798,-0.910715,-0.788699,-0.130965,-0.574532,0.194477,1.366758,-0.359097,-1.182436,-0.174411,0.345693,0.534109,1.323456,-1.148828,0.663387,-0.193935,0.092028,-0.555693,1.387651,1.248601,0.102940,-0.121076,0.592908,-0.144918,1.345415,0.321177,1.279940,-0.180234,0.640275,-0.707410,1.334865,1.185558,0.729822,-0.185433,0.966692,0.248643,1.418877,-0.319495,1.106768,-0.143172,-0.063172,0.678454,1.428958,-1.168984,-0.089194,-0.094162
26.160000,-0.494871,-0.289277,1.409650,0.463648,-1.111007,-0.076748,-0.411979,-0.748934,1.324336,1.118728,-0.817473,-0.171759,-0.393853,0.483274,1.380041,-0.916760,-0.797444,-0.144785,-0.581696,0.170677,1.363145,-0.357356,-1.197518,-0.186829,0.322573,0.547383,1.319471,-1.163060,0.663983,-0.204677,0.117081,-0.553635,1.385099,1.256588,0.102817,-0.134159,0.599314,-0.119187,1.341694,0.319380,1.293076,-0.191822,0.663941,-0.692567,1.331072,1.180950,0.754376,-0.193833,0.960013,0.270828,1.415866,-0.348384,1.111717,-0.157843,-0.086619,0.676575,1.426933,-1.175728,-0.098658,-0.108331
26.180000,-0.485572,-0.311536,1.407972,0.466114,-1.114874,-0.091072,-0.389382,-0.765172,1.320828,1.140915,-0.806273,-0.178994,-0.412250,0.467243,1.377005,-0.922945,-0.805633,-0.158824,-0.588825,0.146579,1.359285,-0.355533,-1.212238,-0.199188,0.299176,0.560669,1.315269,-1.176526,0.664641,-0.215508,0.142289,-0.551583,1.382283,1.264220,0.102346,-0.147554,0.605683,-0.093199,1.337741,0.317565,1.305661,-0.203524,0.687509,-0.677238,1.327111,1.175693,0.778453,-0.202219,0.952760,0.293111,1.412563,-0.376891,1.116632,-0.172493,-0.110200,0.674511,1.424624,-1.182322,-0.107717,-0.122685
26.200000,-0.476230,-0.333872,1.406004,0.467946,-1.118730,-0.105780,-0.366347,-0.781181,1.317176,1.162488,-0.794529,-0.186159,-0.430772,0.451053,1.373686,-0.929271,-0.813266,-0.173081,-0.595917,0.122190,1.355178,-0.353628,-1.226596,-0.211486,0.275517,0.573969,1.310850,-1.189224,0.665361,-0.226430,0.167647,-0.549544,1.379195,1.271497,0.101528,-0.161261,0.612016,-0.066965,1.333553,0.315733,1.317695,-0.215340,0.710965,-0.661432,1.322983,1.169789,0.802052,-0.210593,0.944940,0.315493,1.408967,-0.405016,1.121512,-0.187122,-0.133911,0.672269,1.422025,-1.188768,-0.116370,-0.137222
26.220000,-0.466857,-0.356285,1.403739,0.469312,-1.122533,-0.120774,-0.342887,-0.796950,1.313382,1.183359,-0.782285,-0.193254,-0.449421,0.434715,1.370081,-0.935614,-0.820435,-0.187459,-0.602969,0.097518,1.350826,-0.351524,-1.240528,-0.223656,0.251612,0.587283,1.306211,-1.201159,0.666036,-0.237386,0.193147,-0.547523,1.375831,1.278387,0.100529,-0.175174,0.618312,-0.040495,1.329127,0.313761,1.329150,-0.227201,0.734296,-0.645160,1.318688,1.163228,0.825110,-0.218924,0.936562,0.337971,1.405079,-0.432659,1.126306,-0.201641,-0.157749,0.669858,1.419134,-1.195035,-0.124690,-0.151845
26.240000,-0.457460,-0.378773,1.401172,0.470380,-1.126241,-0.135956,-0.319018,-0.812469,1.309447,1.203442,-0.769583,-0.200279,-0.468196,0.418238,1.366188,-0.941851,-0.827232,-0.201859,-0.609976,0.072572,1.346233,-0.349105,-1.253974,-0.235629,0.227476,0.600609,1.301354,-1.212334,0.666562,-0.248318,0.218780,-0.545523,1.372188,1.284858,0.099514,-0.189191,0.624565,-0.013803,1.324465,0.311530,1.339996,-0.239039,0.757489,-0.628432,1.314227,1.156005,0.847561,-0.227183,0.927637,0.360544,1.400903,-0.459724,1.130959,-0.215958,-0.181711,0.667283,1.415951,-1.201091,-0.132747,-0.166453
26.260000,-0.448044,-0.401334,1.398300,0.471149,-1.129854,-0.151326,-0.294754,-0.827730,1.305372,1.222734,-0.756424,-0.207234,-0.487094,0.401628,1.362006,-0.947980,-0.833657,-0.216280,-0.616931,0.047362,1.341402,-0.346371,-1.266932,-0.247406,0.203124,0.613944,1.296279,-1.222750,0.666937,-0.259226,0.244538,-0.543543,1.368263,1.290909,0.098485,-0.203310,0.630771,0.013101,1.319566,0.309039,1.350234,-0.250855,0.780532,-0.611261,1.309601,1.148117,0.869405,-0.235371,0.918177,0.383209,1.396442,-0.486209,1.135473,-0.230074,-0.205792,0.664550,1.412476,-1.206936,-0.140541,-0.181048
26.280000,-0.438616,-0.423966,1.395118,0.471621,-1.133372,-0.166884,-0.270113,-0.842723,1.301158,1.241237,-0.742807,-0.214119,-0.506114,0.384894,1.357536,-0.954003,-0.839709,-0.230724,-0.623829,0.021898,1.336338,-0.343321,-1.279403,-0.258987,0.178571,0.627286,1.290985,-1.232406,0.667162,-0.270112,0.270413,-0.541583,1.364054,1.296540,0.097439,-0.217532,0.636925,0.040203,1.314431,0.306287,1.359864,-0.262647,0.803410,-0.593660,1.304812,1.139566,0.890641,-0.243487,0.908193,0.405962,1.391701,-0.512115,1.139846,-0.243989,-0.229987,0.661663,1.408709,-1.212571,-0.148073,-0.195629
26.300000,-0.429181,-0.446668,1.391623,0.471795,-1.136796,-0.182630,-0.245110,-0.857439,1.296807,1.258951,-0.728732,-0.220934,-0.525254,0.368042,1.352777,-0.959919,-0.845389,-0.245189,-0.630662,-0.003810,1.331044,-0.339956,-1.291386,-0.270371,0.153833,0.640630,1.285475,-1.241302,0.667237,-0.280974,0.296397,-0.539645,1.359561,1.301752,0.096379,-0.231857,0.643021,0.067491,1.309060,0.303276,1.368885,-0.274417,0.826110,-0.575640,1.299862,1.130352,0.911271,-0.251532,0.897696,0.428802,1.386684,-0.537442,1.144079,-0.257702,-0.254293,0.658629,1.404651,-1.217995,-0.155343,-0.210196
26.320000,-0.419745,-0.469437,1.387812,0.471846,-1.140063,-0.198437,-0.219761,-0.871870,1.292321,1.275804,-0.714286,-0.227685,-0.544510,0.351080,1.347729,-0.965598,-0.850795,-0.259560,-0.637424,-0.029754,1.325525,-0.336215,-1.302821,-0.281499,0.128924,0.653974,1.279747,-1.249463,0.667070,-0.291736,0.322480,-0.537727,1.354780,1.306513,0.095451,-0.246159,0.649054,0.094954,1.303455,0.299939,1.377266,-0.286077,0.848619,-0.557213,1.294752,1.120492,0.931262,-0.259479,0.886699,0.451724,1.381395,-0.562136,1.148104,-0.271135,-0.278705,0.655451,1.400302,-1.223154,-0.162423,-0.224651
26.340000,-0.410307,-0.492269,1.383686,0.471951,-1.143113,-0.214176,-0.194084,-0.886009,1.287700,1.291725,-0.699555,-0.234378,-0.563875,0.334012,1.342396,-0.970910,-0.856022,-0.273722,-0.644108,-0.055919,1.319786,-0.332037,-1.313647,-0.292312,0.103859,0.667311,1.273806,-1.256912,0.666571,-0.302319,0.348654,-0.535825,1.349715,1.310790,0.094803,-0.260312,0.655016,0.122577,1.297618,0.296207,1.384974,-0.297543,0.870925,-0.538394,1.289484,1.110002,0.950581,-0.267306,0.875216,0.474724,1.375841,-0.586141,1.151852,-0.284210,-0.303217,0.652133,1.395666,-1.227993,-0.169385,-0.238895
26.360000,-0.400867,-0.515160,1.379246,0.472109,-1.145946,-0.229847,-0.168098,-0.899850,1.282946,1.306715,-0.684539,-0.241014,-0.583343,0.316841,1.336782,-0.975855,-0.861072,-0.287675,-0.650703,-0.082295,1.313835,-0.327422,-1.323863,-0.302808,0.078652,0.680634,1.267656,-1.263649,0.665739,-0.312725,0.374909,-0.533933,1.344369,1.314584,0.094434,-0.274315,0.660899,0.150348,1.291554,0.292081,1.392010,-0.308815,0.893015,-0.519194,1.284060,1.098884,0.969229,-0.275011,0.863258,0.497796,1.370029,-0.609458,1.155325,-0.296926,-0.327823,0.648676,1.390748,-1.232511,-0.176229,-0.252929
26.380000,-0.391422,-0.538106,1.374492,0.472320,-1.148561,-0.245451,-0.141822,-0.913389,1.278060,1.320773,-0.669238,-0.247592,-0.602907,0.299570,1.330891,-0.980433,-0.865944,-0.301417,-0.657202,-0.108870,1.307676,-0.322369,-1.333471,-0.312989,0.053318,0.693938,1.261298,-1.269674,0.664574,-0.322954,0.401234,-0.532046,1.338744,1.317895,0.094345,-0.288170,0.666696,0.178253,1.285267,0.287562,1.398374,-0.319891,0.914877,-0.499629,1.278484,1.087137,0.987206,-0.282594,0.850842,0.520935,1.363966,-0.632088,1.158522,-0.309283,-0.352515,0.645084,1.385551,-1.236710,-0.182957,-0.266752
26.400000,-0.381973,-0.561101,1.369428,0.472585,-1.150958,-0.260988,-0.115274,-0.926618,1.273043,1.333899,-0.653653,-0.254113,-0.622558,0.282204,1.324727,-0.984645,-0.870638,-0.314950,-0.663595,-0.135630,1.301317,-0.316880,-1.342469,-0.322854,0.027870,0.707215,1.254739,-1.274987,0.663076,-0.333004,0.427621,-0.530158,1.332843,1.320722,0.094536,-0.301876,0.672399,0.206279,1.278760,0.282649,1.404065,-0.330773,0.936497,-0.479711,1.272757,1.074761,1.004511,-0.290056,0.837979,0.544135,1.357660,-0.654029,1.161442,-0.321282,-0.377289,0.641359,1.380079,-1.240589,-0.189566,-0.280364
26.420000,-0.372518,-0.584142,1.364054,0.473040,-1.153069,-0.276324,-0.088473,-0.939534,1.267896,1.346048,-0.637893,-0.260583,-0.642290,0.264745,1.318295,-0.988381,-0.875238,-0.328163,-0.669874,-0.162564,1.294764,-0.310962,-1.350804,-0.332363,0.002323,0.720458,1.247980,-1.279630,0.661192,-0.342790,0.454060,-0.528262,1.326671,1.323037,0.095097,-0.315309,0.678000,0.234411,1.272038,0.277343,1.409058,-0.341371,0.957863,-0.459453,1.266883,1.061791,1.021142,-0.297374,0.824685,0.567391,1.351117,-0.675282,1.164021,-0.332870,-0.402136,0.637502,1.374338,-1.244087,-0.196117,-0.293688
26.440000,-0.363050,-0.607222,1.358377,0.473822,-1.154825,-0.291328,-0.061439,-0.952133,1.262620,1.357174,-0.622072,-0.267012,-0.662090,0.247195,1.311603,-0.991536,-0.879829,-0.340945,-0.676031,-0.189657,1.288025,-0.304626,-1.358421,-0.341475,-0.023311,0.733660,1.241029,-1.283643,0.658871,-0.352225,0.480539,-0.526351,1.320233,1.324811,0.096116,-0.328346,0.683490,0.262636,1.265108,0.271647,1.413326,-0.351595,0.978964,-0.438869,1.260864,1.048263,1.037093,-0.304525,0.810973,0.590693,1.344348,-0.695848,1.166193,-0.343996,-0.427050,0.633514,1.368334,-1.247145,-0.202669,-0.306643
26.460000,-0.353563,-0.630333,1.352403,0.474931,-1.156226,-0.305998,-0.034192,-0.964416,1.257216,1.367277,-0.606189,-0.273397,-0.681947,0.229552,1.304660,-0.994108,-0.884411,-0.353295,-0.682056,-0.216896,1.281108,-0.297872,-1.365321,-0.350190,-0.049019,0.746810,1.233893,-1.287028,0.656112,-0.361309,0.507049,-0.524414,1.313539,1.326043,0.097594,-0.340988,0.688863,0.290939,1.257977,0.265561,1.416870,-0.361444,0.999790,-0.417974,1.254703,1.034177,1.052366,-0.311508,0.796856,0.614036,1.337361,-0.715726,1.167959,-0.354659,-0.452019,0.629395,1.362075,-1.249763,-0.209221,-0.319230
26.480000,-0.344050,-0.653468,1.346139,0.476367,-1.157271,-0.320336,-0.006754,-0.976381,1.251684,1.376356,-0.590244,-0.279741,-0.701850,0.211818,1.297474,-0.996098,-0.888983,-0.365215,-0.687943,-0.244266,1.274020,-0.290698,-1.371503,-0.358509,-0.074788,0.759901,1.226579,-1.289784,0.652915,-0.370042,0.533577,-0.522444,1.306596,1.326734,0.099530,-0.353234,0.694110,0.319306,1.250652,0.259083,1.419689,-0.370920,1.020328,-0.396779,1.248404,1.019532,1.066960,-0.318325,0.782348,0.637409,1.330165,-0.734917,1.169319,-0.364859,-0.477037,0.625145,1.355567,-1.251942,-0.215774,-0.331449
26.500000,-0.334506,-0.676621,1.339592,0.478129,-1.157960,-0.334341,0.020855,-0.988025,1.246026,1.384412,-0.574237,-0.286042,-0.721787,0.193993,1.290054,-0.997505,-0.893546,-0.376704,-0.693681,-0.271751,1.266770,-0.283106,-1.376968,-0.366431,-0.100606,0.772924,1.219094,-1.291910,0.649280,-0.378425,0.560115,-0.520430,1.299413,1.326883,0.101925,-0.365084,0.699224,0.347722,1.243142,0.252216,1.421784,-0.380021,1.040567,-0.375300,1.241971,1.004329,1.080875,-0.324974,0.767464,0.660806,1.322769,-0.753421,1.170272,-0.374597,-0.502094,0.620764,1.348819,-1.253680,-0.222327,-0.343301
26.520000,-0.324922,-0.699784,1.332769,0.480291,-1.158234,-0.347904,0.048615,-0.999350,1.240243,1.391439,-0.558286,-0.292302,-0.741746,0.176076,1.282409,-0.998263,-0.898154,-0.387675,-0.699265,-0.299339,1.259366,-0.275163,-1.381676,-0.373940,-0.126461,0.785870,1.211445,-1.293461,0.645205,-0.386375,0.586649,-0.518364,1.291996,1.326465,0.104795,-0.376440,0.704196,0.376173,1.235455,0.245019,1.423142,-0.388669,1.060498,-0.353549,1.235407,0.988628,1.094126,-0.331435,0.752216,0.684217,1.315184,-0.771282,1.170767,-0.383852,-0.527181,0.616252,1.341838,-1.254930,-0.228918,-0.354736
26.540000,-0.315291,-0.722947,1.325680,0.482923,-1.158034,-0.360915,0.076506,-1.010358,1.234334,1.397430,-0.542511,-0.298523,-0.761713,0.158066,1.274551,-0.998303,-0.902864,-0.398043,-0.704686,-0.327013,1.251816,-0.266935,-1.385587,-0.381019,-0.152341,0.798729,1.203642,-1.294487,0.640688,-0.393811,0.613169,-0.516235,1.284359,1.325455,0.108156,-0.387204,0.709023,0.404643,1.227599,0.237556,1.423749,-0.396782,1.080110,-0.331539,1.228715,0.972490,1.106728,-0.337687,0.736616,0.707633,1.307419,-0.788546,1.170753,-0.392603,-0.552288,0.611607,1.334633,-1.255644,-0.235586,-0.365709
26.560000,-0.305602,-0.746102,1.318336,0.486026,-1.157358,-0.373374,0.104506,-1.021052,1.228302,1.402384,-0.526910,-0.304703,-0.781673,0.139961,1.266492,-0.997624,-0.907676,-0.407807,-0.709940,-0.354757,1.244128,-0.258423,-1.388701,-0.387668,-0.178237,0.811494,1.195696,-1.294989,0.635728,-0.400735,0.639663,-0.514034,1.276512,1.323851,0.112009,-0.397374,0.713697,0.433118,1.219587,0.229825,1.423606,-0.404362,1.099394,-0.309284,1.221901,0.955914,1.118679,-0.343728,0.720678,0.731044,1.299483,-0.805213,1.170230,-0.400850,-0.577403,0.606828,1.327213,-1.255822,-0.242329,-0.376218
26.580000,-0.295847,-0.769238,1.310748,0.489600,-1.156207,-0.385281,0.132594,-1.031436,1.222147,1.406303,-0.511484,-0.310844,-0.801613,0.121758,1.258243,-0.996229,-0.912588,-0.416969,-0.715021,-0.382556,1.236312,-0.249626,-1.391018,-0.393887,-0.204137,0.824155,1.187616,-1.294968,0.630327,-0.407145,0.666119,-0.511751,1.268468,1.321655,0.116353,-0.406952,0.718214,0.461582,1.211428,0.221828,1.422713,-0.411407,1.118343,-0.286796,1.214967,0.938901,1.129981,-0.349559,0.704412,0.754439,1.291388,-0.821283,1.169198,-0.408593,-0.602517,0.601913,1.319587,-1.255465,-0.249148,-0.386265
26.600000,-0.286015,-0.792347,1.302928,0.493645,-1.154580,-0.396637,0.160751,-1.041512,1.215869,1.409185,-0.496233,-0.316945,-0.821518,0.103457,1.249817,-0.994115,-0.917602,-0.425526,-0.719923,-0.410393,1.228375,-0.240546,-1.392539,-0.399675,-0.230032,0.836704,1.179414,-1.294422,0.624483,-0.413042,0.692525,-0.509377,1.260238,1.318866,0.121188,-0.415936,0.722568,0.490021,1.203134,0.213564,1.421069,-0.417919,1.136947,-0.264089,1.207920,0.921451,1.140633,-0.355181,0.687831,0.777808,1.283143,-0.836756,1.167657,-0.415833,-0.627618,0.596862,1.311765,-1.254571,-0.256043,-0.395848
26.620000,-0.276098,-0.815418,1.294887,0.498159,-1.152438,-0.407372,0.188955,-1.051287,1.209469,1.411062,-0.481264,-0.322998,-0.841373,0.085053,1.241226,-0.991254,-0.922733,-0.433429,-0.724642,-0.438252,1.220328,-0.231283,-1.393240,-0.405040,-0.255911,0.849132,1.171099,-1.293403,0.618240,-0.418363,0.718870,-0.506901,1.251835,1.315468,0.126465,-0.424272,0.726755,0.518420,1.194715,0.205141,1.418677,-0.423841,1.155199,-0.241175,1.200762,0.903642,1.150662,-0.360579,0.670945,0.801141,1.274758,-0.851696,1.165563,-0.422572,-0.652696,0.591671,1.303756,-1.253112,-0.263029,-0.404954
26.640000,-0.266086,-0.838441,1.286638,0.503143,-1.149738,-0.417418,0.217187,-1.060766,1.202949,1.411966,-0.466684,-0.328996,-0.861163,0.066546,1.232485,-0.987616,-0.927999,-0.440624,-0.729174,-0.466117,1.212177,-0.221941,-1.393102,-0.409987,-0.281765,0.861431,1.162684,-1.291960,0.611641,-0.423044,0.745140,-0.504316,1.243272,1.311444,0.132131,-0.431901,0.730773,0.546763,1.186185,0.196666,1.415538,-0.429120,1.173091,-0.218067,1.193498,0.885550,1.160094,-0.365740,0.653766,0.824427,1.266243,-0.866168,1.162869,-0.428812,-0.677739,0.586340,1.295570,-1.251055,-0.270121,-0.413568
26.660000,-0.255969,-0.861404,1.278195,0.508595,-1.146480,-0.426777,0.245427,-1.069957,1.196310,1.411895,-0.452494,-0.334938,-0.880872,0.047933,1.223606,-0.983202,-0.933400,-0.447113,-0.733519,-0.493970,1.203931,-0.212520,-1.392123,-0.414515,-0.307586,0.873595,1.154181,-1.290094,0.604686,-0.427086,0.771323,-0.501613,1.234563,1.306794,0.138187,-0.438824,0.734622,0.575036,1.177555,0.188139,1.411652,-0.433755,1.190619,-0.194775,1.186134,0.867176,1.168928,-0.370663,0.636302,0.847652,1.257609,-0.880171,1.159577,-0.434555,-0.702734,0.580866,1.287217,-1.248402,-0.277318,-0.421690
26.680000,-0.245739,-0.884296,1.269571,0.514516,-1.142665,-0.435446,0.273656,-1.078868,1.189552,1.410851,-0.438692,-0.340824,-0.900486,0.029210,1.214605,-0.978011,-0.938934,-0.452894,-0.737674,-0.521796,1.195599,-0.203020,-1.390304,-0.418625,-0.333366,0.885617,1.145604,-1.287805,0.597374,-0.430488,0.797408,-0.498786,1.225724,1.301519,0.144634,-0.445041,0.738299,0.603224,1.168839,0.179562,1.407019,-0.437746,1.207776,-0.171313,1.178673,0.848520,1.177166,-0.375348,0.618562,0.870806,1.248865,-0.893707,1.155685,-0.439799,-0.727671,0.575246,1.278706,-1.245153,-0.284622,-0.429319
26.700000,-0.235385,-0.907107,1.260782,0.520906,-1.138292,-0.443427,0.301855,-1.087507,1.182677,1.408833,-0.425281,-0.346655,-0.919987,0.010374,1.205495,-0.972043,-0.944604,-0.457968,-0.741639,-0.549577,1.187189,-0.193440,-1.387645,-0.422317,-0.359096,0.897488,1.136966,-1.285092,0.589706,-0.433251,0.823380,-0.495825,1.216767,1.295619,0.151471,-0.450552,0.741804,0.631312,1.160049,0.170932,1.401640,-0.441094,1.224558,-0.147693,1.171121,0.829582,1.184806,-0.379797,0.600556,0.893876,1.240020,-0.906774,1.151195,-0.444545,-0.752536,0.569480,1.270048,-1.241307,-0.292031,-0.436457
26.720000,-0.224900,-0.929824,1.251839,0.527706,-1.133326,-0.450692,0.330003,-1.095882,1.175686,1.405902,-0.412343,-0.352415,-0.939362,-0.008575,1.196291,-0.965303,-0.950383,-0.462320,-0.745412,-0.577296,1.178709,-0.183889,-1.384140,-0.425614,-0.384767,0.909203,1.128279,-1.282001,0.581764,-0.435342,0.849228,-0.492725,1.207706,1.289084,0.158599,-0.455347,0.745137,0.659285,1.151200,0.162382,1.395531,-0.443779,1.240958,-0.123925,1.163483,0.810448,1.191894,-0.384005,0.582294,0.916849,1.231086,-0.919439,1.146078,-0.448810,-0.777319,0.563564,1.261251,-1.236833,-0.299542,-0.443111
26.740000,-0.214275,-0.952436,1.242759,0.534857,-1.127732,-0.457213,0.358085,-1.104004,1.168581,1.402118,-0.399964,-0.358089,-0.958594,-0.027642,1.187007,-0.957792,-0.956246,-0.465937,-0.748995,-0.604937,1.170167,-0.174475,-1.379783,-0.428540,-0.410374,0.920757,1.119557,-1.278578,0.573630,-0.436732,0.874939,-0.489480,1.198557,1.281905,0.165919,-0.459413,0.748300,0.687129,1.142303,0.154041,1.388713,-0.445785,1.256975,-0.100020,1.155763,0.791203,1.198472,-0.387971,0.563781,0.939714,1.222071,-0.931767,1.140305,-0.452612,-0.802005,0.557498,1.252326,-1.231703,-0.307148,-0.449291
26.760000,-0.203503,-0.974929,1.233556,0.542359,-1.121509,-0.462989,0.386082,-1.111885,1.161363,1.397483,-0.388143,-0.363679,-0.977669,-0.046826,1.177658,-0.949511,-0.962193,-0.468818,-0.752392,-0.632482,1.161570,-0.165199,-1.374574,-0.431094,-0.435908,0.932147,1.110814,-1.274824,0.565303,-0.437419,0.900500,-0.486087,1.189335,1.274084,0.173431,-0.462753,0.751300,0.714829,1.133373,0.145909,1.381184,-0.447111,1.272606,-0.075989,1.147966,0.771848,1.204541,-0.391695,0.545025,0.962457,1.212985,-0.943759,1.133878,-0.455950,-0.826583,0.551278,1.243283,-1.225916,-0.314850,-0.454995
26.780000,-0.192578,-0.997292,1.224244,0.550212,-1.114657,-0.468022,0.413979,-1.119534,1.154034,1.391996,-0.376880,-0.369183,-0.996570,-0.066130,1.168259,-0.940461,-0.968225,-0.470963,-0.755604,-0.659914,1.152925,-0.156060,-1.368512,-0.433277,-0.461364,0.943368,1.102065,-1.270737,0.556785,-0.437404,0.925898,-0.482541,1.180052,1.265620,0.181135,-0.465365,0.754138,0.742371,1.124423,0.137987,1.372945,-0.447757,1.287848,-0.051842,1.140097,0.752382,1.210102,-0.395176,0.526033,0.985065,1.203836,-0.955415,1.126795,-0.458826,-0.851038,0.544903,1.234130,-1.219472,-0.322648,-0.460225
26.800000,-0.181492,-1.019511,1.214840,0.558416,-1.107176,-0.472309,0.441757,-1.126964,1.146596,1.385657,-0.366177,-0.374602,-1.015282,-0.085555,1.158825,-0.930640,-0.974342,-0.472371,-0.758635,-0.687217,1.144241,-0.147058,-1.361599,-0.435088,-0.486735,0.954417,1.093323,-1.266318,0.548075,-0.436687,0.951121,-0.478840,1.170725,1.256512,0.189031,-0.467250,0.756820,0.769742,1.115467,0.130274,1.363996,-0.447723,1.302700,-0.027589,1.132160,0.732805,1.215153,-0.398415,0.506811,1.007525,1.194635,-0.966734,1.119058,-0.461238,-0.875357,0.538371,1.224877,-1.212370,-0.330542,-0.464981
26.820000,-0.170240,-1.041575,1.205357,0.566870,-1.099043,-0.475865,0.469400,-1.134185,1.139051,1.378546,-0.356093,-0.379918,-1.033790,-0.105104,1.149369,-0.920076,-0.980479,-0.473063,-0.761488,-0.714373,1.135524,-0.138292,-1.353842,-0.436563,-0.512015,0.965290,1.084602,-1.261603,0.539274,-0.435277,0.976154,-0.474980,1.161367,1.246756,0.196997,-0.468436,0.759351,0.796927,1.106518,0.122895,1.354371,-0.447032,1.317160,-0.003239,1.124161,0.713203,1.219753,-0.401419,0.487366,1.029823,1.185389,-0.977765,1.110635,-0.463211,-0.899528,0.531681,1.215533,-1.204583,-0.338510,-0.469285
26.840000,-0.158817,-1.063468,1.195810,0.575475,-1.090233,-0.478701,0.496894,-1.141212,1.131401,1.370742,-0.346693,-0.385114,-1.052080,-0.124774,1.139907,-0.908793,-0.986573,-0.473056,-0.764169,-0.741365,1.126780,-0.129858,-1.345251,-0.437737,-0.537198,0.975988,1.075916,-1.256629,0.530486,-0.433182,1.000986,-0.470960,1.151992,1.236344,0.204909,-0.468953,0.761739,0.823912,1.097590,0.115973,1.344103,-0.445707,1.331229,0.021199,1.116105,0.693661,1.223957,-0.404195,0.467702,1.051945,1.176109,-0.988553,1.101496,-0.464772,-0.923536,0.524831,1.206108,-1.196082,-0.346531,-0.473161
26.860000,-0.147220,-1.085179,1.186214,0.584231,-1.080746,-0.480816,0.524225,-1.148057,1.123647,1.362246,-0.337974,-0.390189,-1.070137,-0.144566,1.130452,-0.896792,-0.992624,-0.472351,-0.766685,-0.768177,1.118017,-0.121757,-1.335826,-0.438609,-0.562278,0.986510,1.067279,-1.251397,0.521710,-0.430402,1.025604,-0.466784,1.142613,1.225277,0.212768,-0.468800,0.763993,0.850686,1.088694,0.109509,1.333193,-0.443748,1.344907,0.045717,1.107995,0.674178,1.227767,-0.406741,0.447825,1.073878,1.166801,-0.999100,1.091641,-0.465919,-0.947366,0.517819,1.196610,-1.186868,-0.354605,-0.476610
26.880000,-0.135446,-1.106694,1.176582,0.593137,-1.070583,-0.482211,0.551379,-1.154735,1.115794,1.353057,-0.329938,-0.395143,-1.087947,-0.164479,1.121017,-0.884073,-0.998632,-0.470947,-0.769042,-0.794792,1.109238,-0.113989,-1.325566,-0.439180,-0.587252,0.996856,1.058705,-1.245905,0.512946,-0.426937,1.049993,-0.462450,1.133244,1.213555,0.220575,-0.467978,0.766123,0.877236,1.079844,0.103503,1.321640,-0.441156,1.358196,0.070307,1.099837,0.654755,1.231181,-0.409059,0.427740,1.095606,1.157475,-1.009405,1.081070,-0.466652,-0.971006,0.510646,1.187047,-1.176940,-0.362731,-0.479631
26.900000,-0.123493,-1.127998,1.166930,0.602193,-1.059742,-0.482885,0.578342,-1.161259,1.107842,1.343175,-0.322585,-0.399977,-1.105495,-0.184511,1.111618,-0.870636,-1.004597,-0.468844,-0.771247,-0.821194,1.100451,-0.106553,-1.314472,-0.439450,-0.612113,1.007028,1.050206,-1.240154,0.504195,-0.422788,1.074142,-0.457961,1.123899,1.201178,0.228328,-0.466487,0.768137,0.903548,1.071052,0.097955,1.309446,-0.437929,1.371098,0.094961,1.091634,0.635390,1.234200,-0.411149,0.407451,1.117116,1.148138,-1.019468,1.069782,-0.466972,-0.994439,0.503310,1.177427,-1.166298,-0.370910,-0.482225
26.920000,-0.111359,-1.149079,1.157271,0.611275,-1.048212,-0.482881,0.605102,-1.167644,1.099796,1.332688,-0.315955,-0.404672,-1.122768,-0.204662,1.102268,-0.856532,-1.010425,-0.466093,-0.773307,-0.847366,1.091662,-0.099526,-1.302563,-0.439459,-0.636857,1.017025,1.041797,-1.234168,0.495556,-0.418004,1.098036,-0.453318,1.114589,1.188146,0.235903,-0.464384,0.770045,0.929610,1.062331,0.092963,1.296639,-0.434121,1.383613,0.119673,1.083392,0.616162,1.236878,-0.413021,0.386962,1.138392,1.138799,-1.029301,1.057744,-0.466905,-1.017653,0.495810,1.167760,-1.154912,-0.379105,-0.484422
26.940000,-0.099043,-1.169922,1.147619,0.620259,-1.035981,-0.482241,0.631647,-1.173903,1.091657,1.321681,-0.310088,-0.409209,-1.139753,-0.224927,1.092979,-0.841813,-1.016025,-0.462744,-0.775231,-0.873291,1.082874,-0.092981,-1.289856,-0.439245,-0.661478,1.026852,1.033490,-1.227968,0.487129,-0.412634,1.121663,-0.448527,1.105327,1.174458,0.243174,-0.461727,0.771859,0.955410,1.053691,0.088627,1.283253,-0.429784,1.395746,0.144434,1.075115,0.597145,1.239267,-0.414687,0.366280,1.159420,1.129464,-1.038917,1.044920,-0.466479,-1.040631,0.488146,1.158053,-1.142752,-0.387281,-0.486254
26.960000,-0.086549,-1.190513,1.137986,0.629146,-1.023048,-0.480964,0.657966,-1.180052,1.083428,1.310155,-0.304986,-0.413589,-1.156437,-0.245301,1.083762,-0.826478,-1.021396,-0.458797,-0.777029,-0.898955,1.074094,-0.086918,-1.276353,-0.438810,-0.685974,1.036512,1.025296,-1.221556,0.478914,-0.406679,1.145010,-0.443593,1.096124,1.160114,0.250142,-0.458517,0.773594,0.980936,1.045143,0.084948,1.269285,-0.424918,1.407500,0.169241,1.066806,0.578340,1.241367,-0.416148,0.345407,1.180184,1.120142,-1.048315,1.031309,-0.465693,-1.063358,0.480318,1.148313,-1.129817,-0.395437,-0.487720
26.980000,-0.073878,-1.210839,1.128385,0.637934,-1.009412,-0.479050,0.684049,-1.186107,1.075114,1.298109,-0.300647,-0.417812,-1.172808,-0.265781,1.074631,-0.810528,-1.026537,-0.454251,-0.778711,-0.924340,1.065324,-0.081338,-1.262053,-0.438153,-0.710339,1.046009,1.017227,-1.214930,0.470912,-0.400138,1.168063,-0.438523,1.086990,1.145114,0.256806,-0.454753,0.775262,1.006177,1.036698,0.081924,1.254737,-0.419523,1.418881,0.194087,1.058470,0.559747,1.243178,-0.417402,0.324349,1.200668,1.110839,-1.057496,1.016913,-0.464548,-1.085818,0.472328,1.138547,-1.116108,-0.403574,-0.488821
27.000000,-0.061032,-1.230885,1.118828,0.646625,-0.995076,-0.476499,0.709887,-1.192083,1.066717,1.285545,-0.297073,-0.421877,-1.188854,-0.286361,1.065596,-0.793963,-1.031450,-0.449108,-0.780286,-0.949432,1.056569,-0.076241,-1.246955,-0.437274,-0.734570,1.055349,1.009294,-1.208092,0.463121,-0.393011,1.190810,-0.433323,1.077937,1.129459,0.263167,-0.450435,0.776875,1.031121,1.028366,0.079557,1.239609,-0.413599,1.429891,0.218967,1.050112,0.541365,1.244701,-0.418451,0.303109,1.220855,1.101562,-1.066460,1.001730,-0.463043,-1.107997,0.464176,1.128762,-1.101625,-0.411692,-0.489557
27.020000,-0.048014,-1.250638,1.109328,0.655084,-0.980047,-0.473377,0.735468,-1.197995,1.058240,1.272544,-0.294270,-0.425767,-1.204563,-0.307037,1.056670,-0.776865,-1.036032,-0.443445,-0.781764,-0.974213,1.047834,-0.071675,-1.231092,-0.436212,-0.758661,1.064536,1.001510,-1.201045,0.455622,-0.385380,1.213237,-0.427999,1.068976,1.113156,0.269108,-0.445636,0.778449,1.055758,1.020157,0.077908,1.223923,-0.407214,1.440537,0.243874,1.041734,0.523257,1.245963,-0.419308,0.281692,1.240732,1.092319,-1.075185,0.985773,-0.461214,-1.129878,0.455861,1.118966,-1.086353,-0.419738,-0.489965
27.040000,-0.034831,-1.270083,1.099896,0.663178,-0.964338,-0.469747,0.760786,-1.203859,1.049688,1.259190,-0.292249,-0.429465,-1.219925,-0.327800,1.047861,-0.759316,-1.040180,-0.437344,-0.783157,-0.998670,1.039121,-0.067691,-1.214491,-0.435006,-0.782610,1.073577,0.993882,-1.193796,0.448492,-0.377326,1.235332,-0.422562,1.060114,1.096213,0.274514,-0.440430,0.779997,1.080075,1.012080,0.077041,1.207701,-0.400440,1.450824,0.268804,1.033340,0.505482,1.246993,-0.419986,0.260103,1.260281,1.083116,-1.083649,0.969056,-0.459097,-1.151446,0.447387,1.109166,-1.070281,-0.427660,-0.490082
27.060000,-0.021490,-1.289207,1.090542,0.670907,-0.947948,-0.465611,0.785833,-1.209690,1.041063,1.245484,-0.291009,-0.432970,-1.234932,-0.348641,1.039179,-0.741317,-1.043895,-0.430802,-0.784475,-1.022788,1.030435,-0.064288,-1.197154,-0.433657,-0.806412,1.082478,0.986420,-1.186345,0.441731,-0.368849,1.257081,-0.417022,1.051361,1.078630,0.279385,-0.434817,0.781536,1.104062,1.004142,0.076956,1.190945,-0.393275,1.460759,0.293752,1.024935,0.488042,1.247790,-0.420486,0.238348,1.279489,1.073957,-1.091852,0.951576,-0.456692,-1.172684,0.438756,1.099365,-1.053406,-0.435460,-0.489909
27.080000,-0.007997,-1.307996,1.081275,0.678270,-0.930877,-0.460967,0.810603,-1.215505,1.032370,1.231426,-0.290550,-0.436282,-1.249575,-0.369553,1.030632,-0.722867,-1.047177,-0.423822,-0.785732,-1.046552,1.021776,-0.061467,-1.179081,-0.432164,-0.830063,1.091249,0.979131,-1.178691,0.435339,-0.359949,1.278473,-0.411390,1.042724,1.060408,0.283721,-0.428796,0.783080,1.127709,0.996351,0.077653,1.173653,-0.385720,1.470348,0.318714,1.016522,0.470936,1.248355,-0.420808,0.216431,1.298339,1.064850,-1.099795,0.933335,-0.453999,-1.193576,0.429969,1.089571,-1.035731,-0.443137,-0.489445
27.100000,0.005639,-1.326437,1.072107,0.685269,-0.913126,-0.455817,0.835088,-1.221318,1.023613,1.217014,-0.290872,-0.439402,-1.263844,-0.390525,1.022229,-0.703967,-1.050026,-0.416402,-0.786938,-1.069946,1.013149,-0.059227,-1.160271,-0.430528,-0.853558,1.099894,0.972024,-1.170834,0.429316,-0.350626,1.299494,-0.405677,1.034212,1.041545,0.287522,-0.422367,0.784647,1.151005,0.988716,0.079131,1.155826,-0.377775,1.479598,0.343684,1.008104,0.454165,1.248687,-0.420951,0.194358,1.316817,1.055799,-1.107478,0.914333,-0.451018,-1.214108,0.421031,1.079789,-1.017254,-0.450690,-0.488690
27.120000,0.019410,-1.344517,1.063045,0.691774,-0.894735,-0.450241,0.859282,-1.227145,1.014795,1.202315,-0.291942,-0.442317,-1.277731,-0.411550,1.013978,-0.684724,-1.052347,-0.408641,-0.788105,-1.092958,1.004556,-0.057597,-1.140773,-0.428784,-0.876894,1.108424,0.965108,-1.162764,0.423712,-0.340979,1.320131,-0.399894,1.025832,1.022065,0.290688,-0.415609,0.786251,1.173939,0.981242,0.081411,1.137494,-0.369517,1.488517,0.368659,0.999685,0.437766,1.248787,-0.420929,0.172134,1.334908,1.046811,-1.114863,0.894634,-0.447794,-1.234262,0.411943,1.070025,-0.998012,-0.458055,-0.487692
27.140000,0.033305,-1.362223,1.054099,0.697654,-0.875748,-0.444323,0.883179,-1.233000,1.005922,1.187394,-0.293725,-0.445015,-1.291231,-0.432615,1.005885,-0.665246,-1.054049,-0.400635,-0.789246,-1.115573,0.995998,-0.056606,-1.120635,-0.426970,-0.900067,1.116846,0.958387,-1.154471,0.418575,-0.331107,1.340372,-0.394054,1.017589,1.001990,0.293119,-0.408599,0.787909,1.196501,0.973937,0.084510,1.118686,-0.361026,1.497112,0.393634,0.991268,0.421780,1.248658,-0.420754,0.149765,1.352598,1.037889,-1.121915,0.874301,-0.444373,-1.254023,0.402710,1.060283,-0.978040,-0.465165,-0.486496
27.160000,0.047312,-1.379543,1.045275,0.702912,-0.856164,-0.438063,0.906776,-1.238898,0.996996,1.172251,-0.296221,-0.447497,-1.304340,-0.453708,0.997955,-0.645533,-1.055131,-0.392384,-0.790374,-1.137779,0.987477,-0.056252,-1.099857,-0.425085,-0.923072,1.125170,0.951865,-1.145955,0.413906,-0.321010,1.360206,-0.388174,1.009490,0.981319,0.294815,-0.401338,0.789637,1.218683,0.966803,0.088430,1.099402,-0.352301,1.505391,0.418604,0.982856,0.406205,1.248298,-0.420426,0.127259,1.369876,1.029037,-1.128633,0.853336,-0.440754,-1.273378,0.393338,1.050567,-0.957338,-0.472021,-0.485104
27.180000,0.061418,-1.396465,1.036579,0.707545,-0.835984,-0.431461,0.930068,-1.244854,0.988023,1.156886,-0.299431,-0.449761,-1.317051,-0.474816,0.990191,-0.625585,-1.055592,-0.383890,-0.791500,-1.159563,0.978995,-0.056537,-1.078439,-0.423129,-0.945904,1.133405,0.945548,-1.137215,0.409705,-0.310688,1.379621,-0.382267,1.001538,0.960053,0.295776,-0.393825,0.791452,1.240474,0.959846,0.093170,1.079642,-0.343342,1.513363,0.443565,0.974452,0.391042,1.247707,-0.419946,0.104622,1.386727,1.020260,-1.135018,0.831738,-0.436937,-1.292312,0.383831,1.040880,-0.935907,-0.478623,-0.483514
27.200000,0.075610,-1.412978,1.028019,0.711555,-0.815206,-0.424516,0.953050,-1.250880,0.979007,1.141299,-0.303354,-0.451809,-1.329361,-0.495928,0.982601,-0.605402,-1.055434,-0.375151,-0.792639,-1.180912,0.970553,-0.057460,-1.056381,-0.421102,-0.968559,1.141561,0.939439,-1.128252,0.405972,-0.300141,1.398604,-0.376348,0.993738,0.938192,0.296002,-0.386061,0.793369,1.261866,0.953071,0.098730,1.059406,-0.334149,1.521035,0.468511,0.966059,0.376291,1.246887,-0.419313,0.081861,1.403141,1.011561,-1.141069,0.809507,-0.432924,-1.310810,0.374195,1.031227,-0.913746,-0.484970,-0.481728
27.220000,0.089875,-1.429070,1.019600,0.714827,-0.793914,-0.417326,0.975719,-1.256992,0.969952,1.125538,-0.307917,-0.453636,-1.341267,-0.517029,0.975186,-0.585116,-1.054583,-0.366275,-0.793803,-1.201815,0.962151,-0.059028,-1.033771,-0.419042,-0.991032,1.149648,0.933543,-1.119051,0.402739,-0.289474,1.417145,-0.370432,0.986096,0.915785,0.295411,-0.378128,0.795406,1.282848,0.946481,0.105091,1.038745,-0.324806,1.528417,0.493438,0.957680,0.361983,1.245808,-0.418542,0.058982,1.419104,1.002944,-1.146741,0.786759,-0.428771,-1.328858,0.364435,1.021612,-0.890953,-0.490988,-0.479799
27.240000,0.104197,-1.444732,1.011327,0.717248,-0.772190,-0.409989,0.998071,-1.263201,0.960863,1.109651,-0.313044,-0.455236,-1.352766,-0.538106,0.967950,-0.564860,-1.052967,-0.357370,-0.795005,-1.222260,0.953791,-0.061248,-1.010696,-0.416985,-1.013319,1.157674,0.927860,-1.109596,0.400037,-0.278792,1.435232,-0.364537,0.978614,0.892883,0.293921,-0.370109,0.797578,1.303413,0.940079,0.112235,1.017706,-0.315397,1.535518,0.518341,0.949318,0.348148,1.244445,-0.417646,0.035994,1.434609,0.994411,-1.151988,0.763612,-0.424537,-1.346444,0.354558,1.012036,-0.867623,-0.496601,-0.477782
27.260000,0.118559,-1.459955,1.003201,0.718818,-0.750034,-0.402504,1.020104,-1.269518,0.951744,1.093638,-0.318736,-0.456611,-1.363861,-0.559143,0.960892,-0.544633,-1.050587,-0.348435,-0.796257,-1.242239,0.945472,-0.064120,-0.987155,-0.414931,-1.035415,1.165653,0.922391,-1.099889,0.397868,-0.268096,1.452857,-0.358681,0.971293,0.869485,0.291533,-0.362004,0.799901,1.323553,0.933866,0.120161,0.996291,-0.305922,1.542346,0.543214,0.940975,0.334786,1.242796,-0.416626,0.012905,1.449646,0.985963,-1.156809,0.740064,-0.420222,-1.363559,0.344573,1.002501,-0.843758,-0.501808,-0.475678
27.280000,0.132944,-1.474730,0.995227,0.719536,-0.727447,-0.394872,1.041815,-1.275954,0.942600,1.077500,-0.324992,-0.457759,-1.374552,-0.580124,0.954013,-0.524436,-1.047442,-0.339471,-0.797574,-1.261743,0.937194,-0.067643,-0.963149,-0.412880,-1.057313,1.173593,0.917137,-1.089930,0.396230,-0.257384,1.470009,-0.352882,0.964134,0.845593,0.288246,-0.353814,0.802390,1.343262,0.927843,0.128869,0.974500,-0.296380,1.548912,0.568051,0.932654,0.321898,1.240861,-0.415480,-0.010275,1.464208,0.977602,-1.161204,0.716117,-0.415827,-1.380191,0.334488,0.993009,-0.819357,-0.506610,-0.473486
27.300000,0.147335,-1.489050,0.987408,0.719403,-0.704427,-0.387092,1.063203,-1.282521,0.933435,1.061235,-0.331813,-0.458682,-1.384839,-0.601035,0.947313,-0.504268,-1.043532,-0.330477,-0.798968,-1.280762,0.928957,-0.071818,-0.938679,-0.410832,-1.079010,1.181505,0.912096,-1.079717,0.395124,-0.246657,1.486677,-0.347157,0.957141,0.821205,0.284060,-0.345537,0.805061,1.362531,0.922011,0.138360,0.952332,-0.286771,1.555225,0.592847,0.924357,0.309484,1.238642,-0.414210,-0.033540,1.478288,0.969331,-1.165174,0.691770,-0.411351,-1.396330,0.324312,0.983562,-0.794420,-0.511007,-0.471206
27.320000,0.161714,-1.502905,0.979744,0.718330,-0.681102,-0.379274,1.084264,-1.289230,0.924254,1.044896,-0.339097,-0.459383,-1.394724,-0.621860,0.940793,-0.484287,-1.038812,-0.321567,-0.800451,-1.299288,0.920760,-0.076630,-0.913881,-0.408825,-1.100500,1.189401,0.907270,-1.069243,0.394563,-0.236023,1.502854,-0.341526,0.950313,0.796414,0.278926,-0.337267,0.807929,1.381353,0.916372,0.148584,0.929869,-0.277188,1.561295,0.617595,0.916086,0.297581,1.236098,-0.412834,-0.056879,1.491878,0.961149,-1.168669,0.667183,-0.406864,-1.411965,0.314051,0.974161,-0.769104,-0.514921,-0.468895
27.340000,0.176061,-1.516293,0.972236,0.716230,-0.657597,-0.371528,1.104999,-1.296087,0.915062,1.028531,-0.346744,-0.459864,-1.404212,-0.642582,0.934449,-0.464649,-1.033237,-0.312854,-0.802037,-1.317316,0.912603,-0.082064,-0.888893,-0.406896,-1.121778,1.197292,0.902654,-1.058501,0.394559,-0.225590,1.518532,-0.336007,0.943649,0.771311,0.272792,-0.329096,0.811009,1.399724,0.910923,0.159494,0.907190,-0.267719,1.567132,0.642288,0.907844,0.286228,1.233190,-0.411369,-0.080283,1.504975,0.953056,-1.171637,0.642516,-0.402435,-1.427092,0.303718,0.964806,-0.743566,-0.518277,-0.466611
27.360000,0.190356,-1.529208,0.964882,0.713104,-0.633913,-0.363854,1.125405,-1.303102,0.905861,1.012142,-0.354751,-0.460126,-1.413312,-0.663184,0.928277,-0.445356,-1.026807,-0.304339,-0.803738,-1.334842,0.904484,-0.088119,-0.863715,-0.405044,-1.142838,1.205187,0.898245,-1.047489,0.395112,-0.215358,1.533704,-0.330621,0.937148,0.745897,0.265658,-0.321023,0.814313,1.417639,0.905662,0.171088,0.884297,-0.258366,1.572748,0.666920,0.899632,0.275426,1.229919,-0.409815,-0.103741,1.517578,0.945051,-1.174080,0.617771,-0.398066,-1.441706,0.293324,0.955497,-0.717805,-0.521073,-0.464352
27.380000,0.204579,-1.541648,0.957681,0.708950,-0.610049,-0.356252,1.145484,-1.310280,0.896658,0.995728,-0.363121,-0.460169,-1.422029,-0.683648,0.922274,-0.426406,-1.019521,-0.296021,-0.805566,-1.351863,0.896401,-0.094797,-0.838348,-0.403271,-1.163676,1.213100,0.894038,-1.036209,0.396223,-0.205327,1.548366,-0.325387,0.930808,0.720171,0.257525,-0.313049,0.817857,1.435095,0.900587,0.183368,0.861189,-0.249128,1.578153,0.691483,0.891452,0.265173,1.226284,-0.408173,-0.127243,1.529685,0.937133,-1.175998,0.592946,-0.393755,-1.455803,0.282879,0.946232,-0.691823,-0.523310,-0.462120
27.400000,0.218708,-1.553609,0.950632,0.703769,-0.586006,-0.348722,1.165234,-1.317629,0.887456,0.979289,-0.371852,-0.459993,-1.430370,-0.703959,0.916435,-0.407800,-1.011381,-0.287900,-0.807534,-1.368375,0.888352,-0.102097,-0.812792,-0.401575,-1.184285,1.221040,0.890030,-1.024660,0.397891,-0.195496,1.562509,-0.320327,0.924626,0.694133,0.248393,-0.305174,0.821653,1.452086,0.895696,0.196333,0.837866,-0.240006,1.583358,0.715969,0.883306,0.255471,1.222284,-0.406442,-0.150778,1.541295,0.929300,-1.177389,0.568042,-0.389504,-1.469378,0.272395,0.937012,-0.665618,-0.524988,-0.459914
27.420000,0.232722,-1.565088,0.943731,0.697513,-0.561941,-0.341374,1.184656,-1.325156,0.878260,0.962883,-0.380823,-0.459609,-1.438344,-0.724098,0.910756,-0.389697,-1.002380,-0.280084,-0.809654,-1.384375,0.880337,-0.109977,-0.787219,-0.399991,-1.204660,1.229019,0.886216,-1.012848,0.400099,-0.185979,1.576130,-0.315458,0.918599,0.667922,0.238265,-0.297496,0.825714,1.468609,0.890986,0.209906,0.814439,-0.231099,1.588376,0.740371,0.875195,0.246359,1.217880,-0.404655,-0.174335,1.552407,0.921552,-1.178206,0.543250,-0.385382,-1.482428,0.261884,0.927835,-0.639382,-0.526040,-0.457781
27.440000,0.246601,-1.576087,0.936975,0.690135,-0.538013,-0.334317,1.203750,-1.332863,0.869073,0.946568,-0.389913,-0.459030,-1.445963,-0.744048,0.905229,-0.372257,-0.992512,-0.272683,-0.811936,-1.399865,0.872352,-0.118397,-0.761804,-0.398553,-1.224797,1.237047,0.882588,-1.000776,0.402829,-0.176888,1.589226,-0.310803,0.912724,0.641678,0.227147,-0.290111,0.830052,1.484663,0.886450,0.224010,0.791021,-0.222507,1.593217,0.764681,0.867120,0.237877,1.213028,-0.402842,-0.197902,1.563027,0.913884,-1.178397,0.518762,-0.381461,-1.494954,0.251358,0.918700,-0.613303,-0.526397,-0.455768
27.460000,0.260320,-1.586609,0.930357,0.681633,-0.514221,-0.327551,1.222519,-1.340753,0.859900,0.930343,-0.399120,-0.458256,-1.453239,-0.763793,0.899846,-0.355480,-0.981778,-0.265694,-0.814393,-1.414848,0.864394,-0.127356,-0.736546,-0.397260,-1.244690,1.245136,0.879138,-0.988447,0.406083,-0.168224,1.601797,-0.306379,0.906993,0.615399,0.215038,-0.283020,0.834678,1.500249,0.882083,0.238646,0.767612,-0.214231,1.597895,0.788890,0.859081,0.230025,1.207730,-0.401003,-0.221466,1.573160,0.906292,-1.177964,0.494578,-0.377741,-1.506961,0.240833,0.909604,-0.587382,-0.526062,-0.453875
27.480000,0.273859,-1.596657,0.923871,0.672009,-0.490565,-0.321077,1.240965,-1.348828,0.850744,0.914210,-0.408446,-0.457287,-1.460186,-0.783314,0.894599,-0.339365,-0.970177,-0.259119,-0.817034,-1.429328,0.856460,-0.136855,-0.711446,-0.396112,-1.264333,1.253294,0.875856,-0.975859,0.409859,-0.159985,1.613842,-0.302208,0.901401,0.589085,0.201939,-0.276223,0.839602,1.515368,0.877879,0.253814,0.744211,-0.206271,1.602422,0.812987,0.851080,0.222804,1.201985,-0.399139,-0.245016,1.582812,0.898773,-1.176906,0.470699,-0.374222,-1.518450,0.230321,0.900544,-0.561620,-0.525032,-0.452102
27.500000,0.287193,-1.606233,0.917512,0.661261,-0.467045,-0.314895,1.259088,-1.357092,0.841610,0.898167,-0.417890,-0.456123,-1.466818,-0.802594,0.889479,-0.323914,-0.957710,-0.252958,-0.819871,-1.443307,0.848548,-0.146893,-0.686504,-0.395110,-1.283722,1.261534,0.872736,-0.963012,0.414157,-0.152174,1.625360,-0.298308,0.895942,0.562738,0.187848,-0.269720,0.844834,1.530018,0.873830,0.269513,0.720819,-0.198626,1.606811,0.836966,0.843116,0.216212,1.195792,-0.397249,-0.268538,1.591990,0.891322,-1.175223,0.447123,-0.370904,-1.529427,0.219836,0.891519,-0.536016,-0.523309,-0.450448
27.520000,0.300302,-1.615341,0.911273,0.649396,-0.443831,-0.309096,1.276892,-1.365544,0.832500,0.882277,-0.427316,-0.454784,-1.473148,-0.821617,0.884477,-0.309255,-0.944415,-0.247293,-0.822913,-1.456790,0.840655,-0.157391,-0.661905,-0.394275,-1.302852,1.269864,0.869766,-0.949924,0.418922,-0.144896,1.636352,-0.294700,0.890610,0.536519,0.172835,-0.263596,0.850385,1.544201,0.869931,0.285624,0.697568,-0.191400,1.611075,0.860816,0.835190,0.210277,1.189116,-0.395373,-0.292021,1.600701,0.883935,-1.172873,0.424047,-0.367842,-1.539893,0.209393,0.882525,-0.510769,-0.520855,-0.448941
27.540000,0.313161,-1.623989,0.905145,0.636416,-0.421091,-0.303771,1.294381,-1.374183,0.823419,0.866601,-0.436586,-0.453291,-1.479194,-0.840365,0.879583,-0.295518,-0.930331,-0.242207,-0.826169,-1.469787,0.832776,-0.168270,-0.637836,-0.393628,-1.321718,1.278293,0.866935,-0.936611,0.424094,-0.138260,1.646823,-0.291400,0.885395,0.510592,0.156968,-0.257937,0.856261,1.557923,0.866171,0.302026,0.674591,-0.184697,1.615227,0.884527,0.827301,0.205023,1.181921,-0.393549,-0.315449,1.608956,0.876606,-1.169811,0.401667,-0.365091,-1.549861,0.199007,0.873560,-0.486078,-0.517632,-0.447603
27.560000,0.325751,-1.632188,0.899119,0.622323,-0.398826,-0.298921,1.311558,-1.383006,0.814370,0.851139,-0.445702,-0.451645,-1.484975,-0.858825,0.874785,-0.282703,-0.915458,-0.237700,-0.829646,-1.482307,0.824909,-0.179530,-0.614296,-0.393170,-1.340315,1.286830,0.864231,-0.923073,0.429674,-0.132267,1.656778,-0.288427,0.880289,0.484957,0.140248,-0.252742,0.862468,1.571187,0.862540,0.318718,0.651888,-0.178517,1.619281,0.908089,0.819448,0.200452,1.174206,-0.391777,-0.338808,1.616772,0.869329,-1.166039,0.379981,-0.362650,-1.559340,0.188693,0.864620,-0.461943,-0.513642,-0.446435
27.580000,0.338047,-1.639946,0.893185,0.607115,-0.377036,-0.294546,1.328428,-1.392010,0.805355,0.835891,-0.454662,-0.449846,-1.490509,-0.876978,0.870071,-0.270811,-0.899796,-0.233773,-0.833353,-1.494362,0.817048,-0.191171,-0.591285,-0.392901,-1.358639,1.295483,0.861641,-0.909310,0.435662,-0.126915,1.666223,-0.285796,0.875282,0.459614,0.122673,-0.248011,0.869012,1.584000,0.859027,0.335701,0.629459,-0.172860,1.623250,0.931492,0.811629,0.196563,1.165971,-0.390058,-0.362085,1.624160,0.862098,-1.161557,0.358992,-0.360521,-1.568342,0.178466,0.855701,-0.438364,-0.508884,-0.445438
27.600000,0.350028,-1.647272,0.887334,0.590794,-0.355720,-0.290646,1.344995,-1.401192,0.796377,0.820858,-0.463466,-0.447892,-1.495814,-0.894811,0.865430,-0.259840,-0.883346,-0.230424,-0.837296,-1.505962,0.809191,-0.203192,-0.568804,-0.392820,-1.376686,1.304259,0.859150,-0.895322,0.442058,-0.122206,1.675164,-0.283526,0.870366,0.434563,0.104245,-0.243744,0.875898,1.596367,0.855622,0.352975,0.607303,-0.167726,1.627148,0.954725,0.803845,0.193356,1.157216,-0.388392,-0.385266,1.631136,0.854906,-1.156363,0.338697,-0.358702,-1.576879,0.168343,0.846801,-0.415341,-0.503357,-0.444611
27.620000,0.361672,-1.654178,0.881555,0.573429,-0.335023,-0.287270,1.361264,-1.410547,0.787440,0.806073,-0.471976,-0.445810,-1.500909,-0.912307,0.860850,-0.249854,-0.866179,-0.227692,-0.841482,-1.517119,0.801334,-0.215469,-0.547007,-0.392927,-1.394451,1.313167,0.856748,-0.881128,0.448762,-0.118218,1.683608,-0.281631,0.865529,0.409963,0.085094,-0.240000,0.883132,1.608295,0.852314,0.370375,0.585545,-0.163201,1.630988,0.977777,0.796093,0.190822,1.147899,-0.386807,-0.408335,1.637714,0.847747,-1.150422,0.319248,-0.357213,-1.584961,0.158337,0.837916,-0.393042,-0.497068,-0.443948
27.640000,0.372959,-1.660678,0.875839,0.555093,-0.315092,-0.284470,1.377240,-1.420068,0.778545,0.791570,-0.480048,-0.443625,-1.505815,-0.929454,0.856318,-0.240913,-0.848368,-0.225613,-0.845915,-1.527848,0.793473,-0.227878,-0.526051,-0.393220,-1.411930,1.322211,0.854416,-0.866745,0.455673,-0.115033,1.691567,-0.280126,0.860762,0.385975,0.065354,-0.236837,0.890713,1.619792,0.849089,0.387735,0.564305,-0.159371,1.634785,1.000637,0.788372,0.188954,1.137976,-0.385331,-0.431278,1.643913,0.840615,-1.143697,0.300794,-0.356072,-1.592606,0.148465,0.829042,-0.371634,-0.490022,-0.443441
27.660000,0.383869,-1.666787,0.870173,0.535784,-0.295926,-0.282246,1.392928,-1.429746,0.769695,0.777351,-0.487685,-0.441335,-1.510552,-0.946238,0.851821,-0.233019,-0.829913,-0.224188,-0.850598,-1.538167,0.785604,-0.240419,-0.505935,-0.393701,-1.429119,1.331395,0.852141,-0.852173,0.462790,-0.112649,1.699051,-0.279021,0.856052,0.362599,0.045023,-0.234255,0.898641,1.630870,0.845934,0.405056,0.543585,-0.156237,1.638551,1.023292,0.780679,0.187751,1.127446,-0.383966,-0.454078,1.649752,0.833502,-1.136189,0.283335,-0.355279,-1.599832,0.138741,0.820177,-0.351117,-0.482219,-0.443092
27.680000,0.394383,-1.672521,0.864545,0.515502,-0.277525,-0.280597,1.408335,-1.439572,0.760892,0.763414,-0.494885,-0.438942,-1.515143,-0.962646,0.847346,-0.226171,-0.810815,-0.223415,-0.855533,-1.548091,0.777724,-0.253090,-0.486659,-0.394368,-1.446015,1.340724,0.849905,-0.837412,0.470115,-0.111067,1.706075,-0.278329,0.851388,0.339834,0.024101,-0.232254,0.906915,1.641539,0.842835,0.422337,0.523384,-0.153798,1.642299,1.045730,0.773013,0.187214,1.116310,-0.382711,-0.476720,1.655253,0.826402,-1.127896,0.266871,-0.354834,-1.606657,0.129181,0.811318,-0.331491,-0.473659,-0.442899
27.700000,0.404483,-1.677893,0.858945,0.494249,-0.259889,-0.279524,1.423467,-1.449538,0.752138,0.749760,-0.501649,-0.436445,-1.519606,-0.978666,0.842880,-0.220370,-0.791073,-0.223295,-0.860723,-1.557639,0.769828,-0.265894,-0.468224,-0.395222,-1.462614,1.350201,0.847693,-0.822463,0.477646,-0.110287,1.712649,-0.278061,0.846758,0.317681,0.002590,-0.230834,0.915534,1.651809,0.839777,0.439578,0.503703,-0.152054,1.646044,1.067940,0.765370,0.187342,1.104568,-0.381566,-0.499188,1.660434,0.819307,-1.118820,0.251401,-0.354737,-1.613098,0.119800,0.802460,-0.312756,-0.464342,-0.442863
27.720000,0.414148,-1.682922,0.853360,0.472159,-0.243119,-0.279027,1.438328,-1.459635,0.743435,0.736379,-0.507852,-0.433871,-1.523964,-0.994285,0.838410,-0.215599,-0.770779,-0.223817,-0.866169,-1.566826,0.761914,-0.278666,-0.450723,-0.396237,-1.478913,1.359831,0.845488,-0.807339,0.485253,-0.110340,1.718787,-0.278228,0.842150,0.296274,-0.019321,-0.230014,0.924496,1.661691,0.836748,0.456583,0.484631,-0.151052,1.649797,1.089909,0.757749,0.188076,1.092177,-0.380536,-0.521467,1.665316,0.812210,-1.108935,0.237004,-0.354968,-1.619174,0.110612,0.793602,-0.295026,-0.454321,-0.442949
27.740000,0.423364,-1.687625,0.847780,0.449367,-0.227316,-0.279108,1.452924,-1.469848,0.734784,0.723262,-0.513370,-0.431245,-1.528237,-1.009494,0.833923,-0.211842,-0.750028,-0.224968,-0.871868,-1.575674,0.753978,-0.291245,-0.434250,-0.397386,-1.494907,1.369611,0.843273,-0.792058,0.492804,-0.111259,1.724506,-0.278835,0.837553,0.275745,-0.041439,-0.229815,0.933794,1.671199,0.833730,0.473154,0.466258,-0.150837,1.653571,1.111623,0.750148,0.189359,1.079096,-0.379626,-0.543540,1.669922,0.805106,-1.098216,0.223758,-0.355509,-1.624906,0.101631,0.784742,-0.278415,-0.443649,-0.443123
27.760000,0.432118,-1.692021,0.842192,0.425873,-0.212480,-0.279766,1.467260,-1.480165,0.726186,0.710409,-0.518204,-0.428568,-1.532445,-1.024284,0.829407,-0.209101,-0.728819,-0.226748,-0.877817,-1.584203,0.746017,-0.303630,-0.418805,-0.398669,-1.510594,1.379542,0.841032,-0.776618,0.500298,-0.113041,1.729823,-0.279887,0.832954,0.256096,-0.063767,-0.230236,0.943420,1.680346,0.830709,0.489292,0.448585,-0.151409,1.657375,1.133068,0.742563,0.191190,1.065325,-0.378836,-0.565390,1.674274,0.797988,-1.086664,0.211661,-0.356359,-1.630318,0.092871,0.775877,-0.262922,-0.432325,-0.443384
27.780000,0.440394,-1.696130,0.836586,0.401677,-0.198610,-0.281003,1.481342,-1.490571,0.717641,0.697820,-0.522352,-0.425840,-1.536608,-1.038644,0.824849,-0.207375,-0.707151,-0.229158,-0.884012,-1.592433,0.738030,-0.315822,-0.404389,-0.400085,-1.525971,1.389623,0.838746,-0.761019,0.507736,-0.115689,1.734755,-0.281387,0.828339,0.237327,-0.086302,-0.231277,0.953363,1.689147,0.827669,0.504997,0.431612,-0.152768,1.661222,1.154231,0.734994,0.193568,1.050862,-0.378167,-0.587001,1.678396,0.790849,-1.074278,0.200714,-0.357518,-1.635431,0.084343,0.767006,-0.248548,-0.420351,-0.443732
27.800000,0.448180,-1.699972,0.830948,0.376779,-0.185707,-0.282817,1.495174,-1.501054,0.709152,0.685496,-0.525815,-0.423061,-1.540746,-1.052567,0.820237,-0.206664,-0.685026,-0.232196,-0.890449,-1.600386,0.730013,-0.327820,-0.391000,-0.401636,-1.541034,1.399851,0.836399,-0.745262,0.515119,-0.119201,1.739322,-0.283340,0.823698,0.219436,-0.109046,-0.232938,0.963617,1.697615,0.824593,0.520269,0.415338,-0.154915,1.665122,1.175098,0.727436,0.196495,1.035709,-0.377618,-0.608356,1.682310,0.783685,-1.061059,0.190917,-0.358987,-1.640267,0.076061,0.758127,-0.235294,-0.407726,-0.444168
27.820000,0.455462,-1.703565,0.825269,0.351365,-0.173813,-0.285162,1.508763,-1.511599,0.700719,0.673387,-0.528499,-0.420249,-1.544880,-1.066043,0.815558,-0.206881,-0.662545,-0.235810,-0.897122,-1.608080,0.721964,-0.339450,-0.378647,-0.403271,-1.555780,1.410226,0.833972,-0.729355,0.522302,-0.123549,1.743539,-0.285749,0.819018,0.202515,-0.131767,-0.235195,0.974170,1.705766,0.821467,0.534909,0.399801,-0.157836,1.669085,1.195655,0.719888,0.199865,1.019831,-0.377171,-0.629438,1.686040,0.776488,-1.046998,0.182260,-0.360716,-1.644850,0.068038,0.749239,-0.223193,-0.394539,-0.444638
27.840000,0.462233,-1.706931,0.819539,0.325621,-0.162970,-0.287991,1.522111,-1.522188,0.692343,0.661447,-0.530310,-0.417423,-1.549027,-1.079067,0.810801,-0.207939,-0.639811,-0.239943,-0.904023,-1.615538,0.713882,-0.350538,-0.367333,-0.404941,-1.570207,1.420741,0.831451,-0.713305,0.529143,-0.128703,1.747429,-0.288609,0.814287,0.186651,-0.154237,-0.238026,0.985007,1.713613,0.818274,0.548720,0.385037,-0.161521,1.673118,1.215886,0.712348,0.203574,1.003192,-0.376808,-0.650230,1.689608,0.769255,-1.032086,0.174733,-0.362658,-1.649203,0.060283,0.740341,-0.212283,-0.380877,-0.445092
27.860000,0.468485,-1.710091,0.813746,0.299545,-0.153178,-0.291304,1.535222,-1.532805,0.684022,0.649675,-0.531248,-0.414584,-1.553204,-1.091633,0.805956,-0.209839,-0.616825,-0.244595,-0.911140,-1.622781,0.705766,-0.361084,-0.357060,-0.406645,-1.584311,1.431390,0.828819,-0.697114,0.535643,-0.134663,1.751012,-0.291917,0.809493,0.171845,-0.176454,-0.241429,0.996113,1.721172,0.815001,0.561702,0.371046,-0.165967,1.677230,1.235777,0.704815,0.207621,0.985793,-0.376528,-0.670716,1.693037,0.761980,-1.016323,0.168336,-0.364811,-1.653349,0.052806,0.731435,-0.202563,-0.366740,-0.445528
27.880000,0.474212,-1.713066,0.807883,0.273138,-0.144437,-0.295101,1.548099,-1.543433,0.675759,0.638071,-0.531313,-0.411731,-1.557426,-1.103738,0.801014,-0.212581,-0.593586,-0.249767,-0.918463,-1.629828,0.697616,-0.371088,-0.347828,-0.408385,-1.598091,1.442165,0.826059,-0.680781,0.541800,-0.141429,1.754310,-0.295666,0.804626,0.158097,-0.198418,-0.245405,1.007470,1.728460,0.811631,0.573854,0.357828,-0.171177,1.681426,1.255313,0.697287,0.212007,0.967633,-0.376333,-0.690877,1.696349,0.754661,-0.999710,0.163070,-0.367177,-1.657313,0.045616,0.722520,-0.194033,-0.352129,-0.445946
27.900000,0.479408,-1.715876,0.801939,0.246401,-0.136747,-0.299382,1.560746,-1.554052,0.667553,0.626636,-0.530504,-0.408865,-1.561713,-1.115375,0.795962,-0.216164,-0.570094,-0.255459,-0.925980,-1.636701,0.689431,-0.380549,-0.339636,-0.410159,-1.611542,1.453059,0.823156,-0.664307,0.547616,-0.149002,1.757343,-0.299852,0.799673,0.145406,-0.220130,-0.249954,1.019062,1.735490,0.808149,0.585177,0.345383,-0.177150,1.685712,1.274477,0.689761,0.216731,0.948713,-0.376221,-0.710698,1.699567,0.747292,-0.982245,0.158934,-0.369755,-1.661119,0.038724,0.713597,-0.186692,-0.337044,-0.446348
27.920000,0.484067,-1.718542,0.795905,0.219546,-0.130086,-0.304063,1.573165,-1.564647,0.659405,0.615294,-0.528769,-0.405989,-1.566078,-1.126541,0.790792,-0.220450,-0.546451,-0.261583,-0.933680,-1.643419,0.681210,-0.389313,-0.332406,-0.411906,-1.624662,1.464066,0.820095,-0.647692,0.552956,-0.157288,1.760134,-0.304468,0.794624,0.133804,-0.241354,-0.255008,1.030870,1.742280,0.804540,0.595504,0.333687,-0.183810,1.690096,1.293256,0.682238,0.221663,0.929018,-0.376160,-0.730162,1.702713,0.739870,-0.963932,0.155841,-0.372474,-1.664789,0.032137,0.704667,-0.180496,-0.321594,-0.446675
27.940000,0.488191,-1.721086,0.789775,0.192787,-0.124436,-0.309059,1.585358,-1.575196,0.651314,0.603972,-0.526054,-0.403107,-1.570534,-1.137233,0.785497,-0.225300,-0.522758,-0.268051,-0.941547,-1.650003,0.672955,-0.397221,-0.326060,-0.413564,-1.637449,1.475173,0.816861,-0.630942,0.557687,-0.166197,1.762703,-0.309501,0.789470,0.123318,-0.261854,-0.260500,1.042874,1.748843,0.800792,0.604667,0.322716,-0.191083,1.694579,1.311633,0.674715,0.226669,0.908532,-0.376118,-0.749250,1.705807,0.732393,-0.944772,0.153704,-0.375263,-1.668346,0.025862,0.695731,-0.175399,-0.305890,-0.446870
27.960000,0.491780,-1.723526,0.783541,0.166123,-0.119794,-0.314370,1.597324,-1.585682,0.643280,0.592669,-0.522360,-0.400220,-1.575093,-1.147451,0.780068,-0.230715,-0.499014,-0.274863,-0.949563,-1.656468,0.664668,-0.404275,-0.320597,-0.415132,-1.649899,1.486369,0.813443,-0.614055,0.561809,-0.175727,1.765074,-0.314937,0.784201,0.113950,-0.281629,-0.266428,1.055049,1.755193,0.796893,0.612666,0.312471,-0.198970,1.699163,1.329592,0.667193,0.231751,0.887255,-0.376094,-0.767947,1.708868,0.724859,-0.924765,0.152522,-0.378122,-1.671812,0.019903,0.686793,-0.171399,-0.289931,-0.446933
27.980000,0.494836,-1.725884,0.777198,0.139556,-0.116162,-0.319997,1.609065,-1.596084,0.635305,0.581386,-0.517686,-0.397327,-1.579767,-1.157193,0.774500,-0.236693,-0.475220,-0.282020,-0.957712,-1.662832,0.656350,-0.410475,-0.316019,-0.416611,-1.662010,1.497642,0.809828,-0.597032,0.565322,-0.185879,1.767268,-0.320761,0.778810,0.105700,-0.300680,-0.272794,1.067373,1.761346,0.792829,0.619500,0.302951,-0.207470,1.703850,1.347118,0.659671,0.236907,0.865187,-0.376089,-0.786235,1.711914,0.717267,-0.903911,0.152296,-0.381051,-1.675209,0.014266,0.677855,-0.168498,-0.273718,-0.446864
28.000000,0.497362,-1.728180,0.770739,0.113083,-0.113539,-0.325939,1.620580,-1.606383,0.627387,0.570121,-0.512032,-0.394428,-1.584565,-1.166459,0.768785,-0.243236,-0.451376,-0.289520,-0.965977,-1.669114,0.648004,-0.415821,-0.312325,-0.418001,-1.673779,1.508978,0.806003,-0.579872,0.568226,-0.196652,1.769309,-0.326959,0.773287,0.098566,-0.319006,-0.279598,1.079822,1.767316,0.788590,0.625171,0.294156,-0.216582,1.708640,1.364194,0.652149,0.242139,0.842329,-0.376102,-0.804098,1.714966,0.709616,-0.882211,0.153026,-0.384050,-1.678559,0.008956,0.668919,-0.166694,-0.257250,-0.446663
28.020000,0.499362,-1.730432,0.764159,0.086921,-0.111846,-0.332090,1.631869,-1.616559,0.619528,0.558792,-0.505382,-0.391506,-1.589499,-1.175248,0.762917,-0.250176,-0.427575,-0.297253,-0.974339,-1.675330,0.639631,-0.420199,-0.309373,-0.419238,-1.685204,1.520366,0.801958,-0.562576,0.570412,-0.207903,1.771218,-0.333515,0.767624,0.092516,-0.336403,-0.286733,1.092371,1.773117,0.784163,0.629566,0.286013,-0.226176,1.713535,1.380806,0.644627,0.247306,0.818698,-0.376088,-0.821518,1.718041,0.701905,-0.859686,0.154563,-0.387036,-1.681883,0.003977,0.659990,-0.165860,-0.240645,-0.446278
28.040000,0.500843,-1.732659,0.757455,0.061283,-0.111004,-0.338342,1.642931,-1.626592,0.611727,0.547312,-0.497718,-0.388545,-1.594574,-1.183563,0.756894,-0.257344,-0.403913,-0.305106,-0.982777,-1.681493,0.631236,-0.423498,-0.307022,-0.420259,-1.696281,1.531789,0.797685,-0.545143,0.571769,-0.219485,1.773017,-0.340408,0.761816,0.087513,-0.352663,-0.294096,1.104995,1.778761,0.779540,0.632573,0.278446,-0.236119,1.718531,1.396937,0.637106,0.252271,0.794309,-0.376001,-0.838480,1.721153,0.694136,-0.836360,0.156759,-0.389924,-1.685199,-0.000670,0.651070,-0.165864,-0.224021,-0.445654
28.060000,0.501816,-1.734878,0.750624,0.036169,-0.111013,-0.344696,1.653761,-1.636461,0.603987,0.535682,-0.489042,-0.385543,-1.599794,-1.191406,0.750712,-0.264741,-0.380390,-0.313081,-0.991271,-1.687615,0.622822,-0.425717,-0.305272,-0.421063,-1.707009,1.543231,0.793177,-0.527573,0.572299,-0.231400,1.774726,-0.347614,0.755858,0.083557,-0.367788,-0.301685,1.117665,1.784259,0.774716,0.634193,0.271457,-0.246410,1.723625,1.412573,0.629588,0.257032,0.769164,-0.375841,-0.854967,1.724316,0.686309,-0.812233,0.159613,-0.392714,-1.688523,-0.004984,0.642165,-0.166707,-0.207377,-0.444793
28.080000,0.502293,-1.737105,0.743666,0.011579,-0.111872,-0.351152,1.664357,-1.646146,0.596306,0.523902,-0.479352,-0.382502,-1.605165,-1.198780,0.744370,-0.272366,-0.357004,-0.321177,-0.999799,-1.693708,0.614395,-0.426856,-0.304124,-0.421651,-1.717383,1.554676,0.788427,-0.509867,0.572002,-0.243647,1.776366,-0.355112,0.749747,0.080650,-0.381776,-0.309502,1.130353,1.789623,0.769682,0.634424,0.265044,-0.257051,1.728811,1.427699,0.622073,0.261590,0.743262,-0.375610,-0.870964,1.727542,0.678428,-0.787305,0.163126,-0.395407,-1.691873,-0.008965,0.633280,-0.168389,-0.190714,-0.443694
28.100000,0.502283,-1.739358,0.736578,-0.012487,-0.113582,-0.357709,1.674716,-1.655628,0.588687,0.511973,-0.468649,-0.379421,-1.610690,-1.205687,0.737864,-0.280220,-0.333756,-0.329394,-1.008338,-1.699784,0.605958,-0.426915,-0.303577,-0.422023,-1.727402,1.566106,0.783428,-0.492023,0.570876,-0.256227,1.777959,-0.362878,0.743477,0.078790,-0.394629,-0.317546,1.143033,1.794864,0.764431,0.633267,0.259209,-0.268041,1.734087,1.442299,0.614564,0.265944,0.716604,-0.375305,-0.886454,1.730845,0.670493,-0.761575,0.167298,-0.398001,-1.695264,-0.012612,0.624419,-0.170910,-0.174032,-0.442358
28.120000,0.501798,-1.741653,0.729358,-0.035842,-0.116012,-0.364249,1.684834,-1.664886,0.581130,0.499812,-0.456952,-0.376263,-1.616374,-1.212131,0.731194,-0.288127,-0.310731,-0.337606,-1.016868,-1.705854,0.597516,-0.425843,-0.303444,-0.422122,-1.737063,1.577505,0.778177,-0.474043,0.568847,-0.268963,1.779524,-0.370888,0.737044,0.077877,-0.406205,-0.325687,1.155674,1.799994,0.758959,0.630680,0.253850,-0.279213,1.739447,1.456358,0.607062,0.269966,0.689234,-0.374870,-0.901422,1.734237,0.662509,-0.735091,0.171948,-0.400409,-1.698714,-0.015927,0.615587,-0.174086,-0.157440,-0.440738
28.140000,0.500855,-1.744003,0.722009,-0.058299,-0.119031,-0.370654,1.694706,-1.673900,0.573637,0.487338,-0.444282,-0.372989,-1.622214,-1.218118,0.724361,-0.295909,-0.288012,-0.345688,-1.025364,-1.711924,0.589075,-0.423585,-0.303540,-0.421891,-1.746363,1.588853,0.772670,-0.455928,0.565838,-0.281682,1.781079,-0.379117,0.730449,0.077808,-0.416362,-0.333797,1.168250,1.805021,0.753263,0.626619,0.248868,-0.290403,1.744882,1.469863,0.599570,0.273525,0.661200,-0.374246,-0.915853,1.737725,0.654479,-0.707899,0.176893,-0.402539,-1.702231,-0.018911,0.606791,-0.177733,-0.141049,-0.438788
28.160000,0.499472,-1.746419,0.714533,-0.079858,-0.122639,-0.376924,1.704326,-1.682651,0.566211,0.474552,-0.430638,-0.369601,-1.628209,-1.223654,0.717368,-0.303568,-0.265599,-0.353640,-1.033803,-1.717997,0.580642,-0.420143,-0.303864,-0.421331,-1.755299,1.600132,0.766909,-0.437678,0.561850,-0.294385,1.782642,-0.387534,0.723693,0.078584,-0.425100,-0.341876,1.180729,1.809952,0.747343,0.621085,0.244263,-0.301609,1.750385,1.482802,0.592093,0.276621,0.632500,-0.373433,-0.929733,1.741315,0.646409,-0.679999,0.182134,-0.404392,-1.705826,-0.021570,0.598038,-0.181851,-0.124859,-0.436509
28.180000,0.497667,-1.748912,0.706932,-0.100519,-0.126837,-0.383058,1.713686,-1.691119,0.558854,0.461453,-0.416021,-0.366097,-1.634356,-1.228744,0.710216,-0.311102,-0.243492,-0.361462,-1.042162,-1.724080,0.572224,-0.415516,-0.304417,-0.420441,-1.763869,1.611321,0.760895,-0.419292,0.556881,-0.307069,1.784228,-0.396111,0.716775,0.080205,-0.432420,-0.349924,1.193084,1.814794,0.741198,0.614078,0.240034,-0.312832,1.755944,1.495159,0.584634,0.279254,0.603135,-0.372431,-0.943048,1.745012,0.638305,-0.651392,0.187670,-0.405967,-1.709508,-0.023907,0.589333,-0.186440,-0.108871,-0.433900
28.200000,0.495458,-1.751496,0.699211,-0.120282,-0.131623,-0.389058,1.722782,-1.699285,0.551568,0.448042,-0.400430,-0.362478,-1.640653,-1.233396,0.702910,-0.318512,-0.221692,-0.369153,-1.050416,-1.730175,0.563827,-0.409704,-0.305198,-0.419222,-1.772070,1.622400,0.754627,-0.400771,0.550934,-0.319737,1.785856,-0.404821,0.709696,0.082670,-0.438320,-0.357940,1.205283,1.819555,0.734829,0.605597,0.236182,-0.324071,1.761552,1.506923,0.577197,0.281424,0.573104,-0.371241,-0.955784,1.748823,0.630172,-0.622076,0.193503,-0.407266,-1.713287,-0.025926,0.580684,-0.191500,-0.093084,-0.430961
28.220000,0.492863,-1.754180,0.691372,-0.139010,-0.136836,-0.394805,1.731605,-1.707130,0.544356,0.434248,-0.383921,-0.358698,-1.647095,-1.237614,0.695452,-0.325633,-0.200266,-0.376588,-1.058542,-1.736288,0.555458,-0.402721,-0.306011,-0.417625,-1.779899,1.633351,0.748107,-0.382122,0.543968,-0.332209,1.787540,-0.413634,0.702458,0.085827,-0.442741,-0.365787,1.217298,1.824243,0.728236,0.595658,0.232595,-0.335153,1.767197,1.518079,0.569786,0.283021,0.542485,-0.369800,-0.967927,1.752753,0.622017,-0.592134,0.199430,-0.408205,-1.717170,-0.027632,0.572097,-0.196820,-0.077592,-0.427656
28.240000,0.489905,-1.756971,0.683421,-0.156569,-0.142315,-0.400185,1.740149,-1.714636,0.537221,0.420002,-0.366552,-0.354712,-1.653675,-1.241409,0.687849,-0.332297,-0.179284,-0.383640,-1.066517,-1.742415,0.547125,-0.394580,-0.306660,-0.415602,-1.787354,1.644152,0.741341,-0.363351,0.535946,-0.344307,1.789292,-0.422520,0.695067,0.089521,-0.445621,-0.373329,1.229099,1.828860,0.721425,0.584276,0.229161,-0.345903,1.772868,1.528619,0.562407,0.283932,0.511354,-0.368049,-0.979466,1.756800,0.613847,-0.561649,0.205250,-0.408702,-1.721160,-0.029032,0.563581,-0.202188,-0.062488,-0.423950
28.260000,0.486608,-1.759874,0.675367,-0.172958,-0.148059,-0.405198,1.748402,-1.721786,0.530169,0.405303,-0.348322,-0.350519,-1.660384,-1.244789,0.680109,-0.338505,-0.158744,-0.390309,-1.074318,-1.748553,0.538836,-0.385279,-0.307146,-0.413153,-1.794433,1.654782,0.734337,-0.344459,0.526866,-0.356031,1.791124,-0.431449,0.687527,0.093754,-0.446958,-0.380563,1.240659,1.833410,0.714403,0.571452,0.225880,-0.356321,1.778550,1.538530,0.555066,0.284158,0.479712,-0.365987,-0.990389,1.760962,0.605672,-0.530621,0.210963,-0.408759,-1.725258,-0.030134,0.555142,-0.207603,-0.047774,-0.419842
28.280000,0.482994,-1.762895,0.667216,-0.188177,-0.154068,-0.409842,1.756358,-1.728563,0.523202,0.390151,-0.329232,-0.346120,-1.667212,-1.247762,0.672239,-0.344258,-0.138648,-0.396595,-1.081921,-1.754700,0.530601,-0.374821,-0.307468,-0.410278,-1.801132,1.665220,0.727102,-0.325446,0.516730,-0.367381,1.793046,-0.440388,0.679846,0.098525,-0.446755,-0.387492,1.251948,1.837896,0.707175,0.557185,0.222751,-0.366407,1.784230,1.547804,0.547770,0.283699,0.447557,-0.363614,-1.000687,1.765238,0.597500,-0.499049,0.216569,-0.408374,-1.729464,-0.030946,0.546790,-0.213066,-0.033449,-0.415333
28.300000,0.479088,-1.766039,0.658976,-0.202227,-0.160342,-0.414119,1.764005,-1.734950,0.516325,0.374547,-0.309280,-0.341514,-1.674151,-1.250338,0.664248,-0.349555,-0.118995,-0.402497,-1.089303,-1.760851,0.522428,-0.363204,-0.307626,-0.406978,-1.807450,1.675444,0.719644,-0.306312,0.505537,-0.378358,1.795069,-0.449308,0.672029,0.103834,-0.445010,-0.394115,1.262937,1.842322,0.699749,0.541476,0.219776,-0.376160,1.789893,1.556429,0.540524,0.282554,0.414891,-0.360930,-1.010348,1.769624,0.589340,-0.466934,0.222068,-0.407548,-1.733781,-0.031475,0.538531,-0.218577,-0.019512,-0.410421
28.320000,0.474914,-1.769310,0.650654,-0.215036,-0.166711,-0.417925,1.771336,-1.740929,0.509543,0.358437,-0.288558,-0.336659,-1.681190,-1.252525,0.656143,-0.354256,-0.099836,-0.407904,-1.096442,-1.767002,0.514325,-0.350500,-0.307442,-0.403214,-1.813384,1.685434,0.711971,-0.287078,0.493284,-0.388802,1.797202,-0.458179,0.664084,0.109503,-0.441741,-0.400306,1.273598,1.846688,0.692132,0.524397,0.216842,-0.385425,1.795527,1.564396,0.533335,0.280645,0.381814,-0.357881,-1.019361,1.774118,0.581201,-0.434380,0.227269,-0.406212,-1.738206,-0.031729,0.530376,-0.223930,-0.006029,-0.405079
28.340000,0.470496,-1.772707,0.642262,-0.226536,-0.173002,-0.421158,1.778339,-1.746488,0.502861,0.341768,-0.267153,-0.331512,-1.688316,-1.254335,0.647936,-0.358221,-0.081222,-0.412700,-1.103316,-1.773145,0.506303,-0.336780,-0.306738,-0.398950,-1.818932,1.695168,0.704097,-0.267765,0.479966,-0.398555,1.799450,-0.466968,0.656021,0.115356,-0.436966,-0.405942,1.283904,1.850995,0.684336,0.506023,0.213838,-0.394046,1.801113,1.571699,0.526211,0.277892,0.348431,-0.354414,-1.027721,1.778712,0.573095,-0.401493,0.231984,-0.404300,-1.742736,-0.031720,0.522331,-0.228918,0.006937,-0.399278
28.360000,0.465861,-1.776229,0.633812,-0.236726,-0.179217,-0.423818,1.785003,-1.751611,0.496284,0.324540,-0.245068,-0.326074,-1.695514,-1.255777,0.639639,-0.361450,-0.063153,-0.416886,-1.109906,-1.779268,0.498371,-0.322043,-0.305513,-0.394185,-1.824094,1.704626,0.696034,-0.248373,0.465583,-0.407617,1.801817,-0.475647,0.647850,0.121392,-0.430685,-0.411021,1.293830,1.855241,0.676374,0.486352,0.210763,-0.402022,1.806637,1.578332,0.519161,0.274296,0.314740,-0.350528,-1.035419,1.783395,0.565033,-0.368273,0.236212,-0.401812,-1.747361,-0.031455,0.514408,-0.233542,0.019385,-0.393017
28.380000,0.461035,-1.779875,0.625314,-0.245606,-0.185354,-0.425905,1.791317,-1.756286,0.489820,0.306753,-0.222300,-0.320344,-1.702769,-1.256864,0.631264,-0.363944,-0.045630,-0.420463,-1.116191,-1.785362,0.490539,-0.306291,-0.303769,-0.388920,-1.828867,1.713785,0.687797,-0.228902,0.450135,-0.415988,1.804307,-0.484185,0.639584,0.127611,-0.422898,-0.415545,1.303350,1.859425,0.668259,0.465386,0.207617,-0.409353,1.812080,1.584287,0.512193,0.269855,0.280742,-0.346224,-1.042449,1.788157,0.557026,-0.334719,0.239953,-0.398747,-1.752075,-0.030948,0.506614,-0.237802,0.031316,-0.386297
28.400000,0.456045,-1.783643,0.616779,-0.253177,-0.191415,-0.427419,1.797270,-1.760498,0.483473,0.288407,-0.198851,-0.314323,-1.710067,-1.257606,0.622824,-0.365702,-0.028652,-0.423430,-1.122151,-1.791416,0.482817,-0.289523,-0.301504,-0.383154,-1.833249,1.722624,0.679399,-0.209352,0.433622,-0.423668,1.806923,-0.492553,0.631232,0.134013,-0.413605,-0.419512,1.312437,1.863545,0.660004,0.443123,0.204401,-0.416039,1.817425,1.589559,0.505315,0.264571,0.246436,-0.341500,-1.048805,1.792989,0.549087,-0.300832,0.243206,-0.395106,-1.756870,-0.030206,0.498959,-0.241697,0.042729,-0.379117
28.420000,0.450917,-1.787530,0.608221,-0.259438,-0.197237,-0.428279,1.802849,-1.764236,0.477249,0.269477,-0.174833,-0.307975,-1.717392,-1.258014,0.614332,-0.366616,-0.012249,-0.425697,-1.127766,-1.797418,0.475216,-0.271855,-0.298569,-0.376862,-1.837240,1.731123,0.670855,-0.189761,0.416076,-0.430535,1.809668,-0.500720,0.622808,0.140419,-0.402885,-0.422819,1.321067,1.867600,0.651623,0.419678,0.201021,-0.421960,1.822657,1.594143,0.498536,0.258392,0.211936,-0.336318,-1.054481,1.797881,0.541226,-0.266735,0.245806,-0.390842,-1.761739,-0.029242,0.491452,-0.245040,0.053600,-0.371458
28.440000,0.445677,-1.791530,0.599653,-0.264391,-0.202657,-0.428403,1.808045,-1.767489,0.471156,0.249940,-0.150359,-0.301264,-1.724725,-1.258100,0.605802,-0.366580,0.003547,-0.427176,-1.133020,-1.803353,0.467746,-0.253405,-0.294813,-0.370017,-1.840840,1.739260,0.662184,-0.170165,0.397527,-0.436465,1.812539,-0.508659,0.614325,0.146649,-0.390817,-0.425362,1.329217,1.871584,0.643132,0.395163,0.197385,-0.426994,1.827755,1.598036,0.491866,0.251270,0.177355,-0.330637,-1.059474,1.802816,0.533458,-0.232551,0.247586,-0.385911,-1.766667,-0.028066,0.484104,-0.247645,0.063906,-0.363299
28.460000,0.440350,-1.795634,0.591090,-0.268035,-0.207677,-0.427793,1.812843,-1.770247,0.465201,0.229795,-0.125430,-0.294190,-1.732049,-1.257876,0.597250,-0.365593,0.018737,-0.427867,-1.137897,-1.809205,0.460419,-0.234171,-0.290237,-0.362620,-1.844047,1.747017,0.653403,-0.150565,0.377976,-0.441460,1.815532,-0.516344,0.605798,0.152702,-0.377400,-0.427140,1.336866,1.875493,0.634549,0.369579,0.193493,-0.431142,1.832701,1.601237,0.485314,0.243203,0.142693,-0.324456,-1.063783,1.807779,0.525794,-0.198280,0.248546,-0.380312,-1.771640,-0.026690,0.476924,-0.249511,0.073647,-0.354642
28.480000,0.434964,-1.799834,0.582546,-0.270370,-0.212297,-0.426448,1.817232,-1.772503,0.459391,0.209042,-0.100046,-0.286754,-1.739343,-1.257355,0.588692,-0.363656,0.033320,-0.427769,-1.142381,-1.814957,0.453245,-0.214155,-0.284841,-0.354671,-1.846862,1.754373,0.644532,-0.130961,0.357421,-0.445519,1.818646,-0.523746,0.597244,0.158579,-0.362636,-0.428153,1.343993,1.879322,0.625892,0.342925,0.189345,-0.434402,1.837477,1.603743,0.478891,0.234193,0.107949,-0.317776,-1.067405,1.812753,0.518250,-0.163922,0.248685,-0.374045,-1.776643,-0.025124,0.469921,-0.250639,0.082822,-0.345486
28.500000,0.429544,-1.804123,0.574037,-0.271397,-0.216515,-0.424367,1.821201,-1.774246,0.453733,0.187681,-0.074206,-0.278955,-1.746589,-1.256548,0.580144,-0.360768,0.047297,-0.426883,-1.146458,-1.820593,0.446236,-0.193356,-0.278625,-0.346170,-1.849285,1.761307,0.635588,-0.111352,0.335864,-0.448641,1.821874,-0.530840,0.588677,0.164279,-0.346523,-0.428401,1.350576,1.883065,0.617179,0.315202,0.184940,-0.436776,1.842062,1.605554,0.472606,0.224238,0.073125,-0.310597,-1.070339,1.817721,0.510837,-0.129478,0.248005,-0.367111,-1.781660,-0.023380,0.463107,-0.251028,0.091431,-0.335831
28.520000,0.424116,-1.808491,0.565577,-0.271178,-0.220191,-0.421496,1.824736,-1.775469,0.448235,0.165720,-0.048030,-0.270769,-1.753767,-1.255467,0.571623,-0.356854,0.060658,-0.425149,-1.150111,-1.826096,0.439402,-0.171919,-0.271475,-0.337105,-1.851317,1.767801,0.626593,-0.091791,0.313367,-0.450749,1.825214,-0.537599,0.580114,0.169641,-0.329185,-0.427807,1.356595,1.886718,0.608427,0.286550,0.180205,-0.438184,1.846440,1.606669,0.466470,0.213326,0.038341,-0.302893,-1.072584,1.822666,0.503570,-0.095081,0.246373,-0.359492,-1.786678,-0.021470,0.456492,-0.250522,0.099487,-0.325668
28.540000,0.418705,-1.812926,0.557183,-0.269779,-0.223184,-0.417779,1.827825,-1.776166,0.442905,0.143169,-0.021638,-0.262174,-1.760856,-1.254126,0.563144,-0.351841,0.073396,-0.422509,-1.153331,-1.831445,0.432756,-0.149989,-0.263278,-0.327465,-1.852958,1.773836,0.617566,-0.072329,0.289993,-0.451763,1.828657,-0.544000,0.571571,0.174502,-0.310746,-0.426293,1.362033,1.890271,0.599658,0.257111,0.175069,-0.438545,1.850589,1.607089,0.460494,0.201443,0.003715,-0.294637,-1.074143,1.827569,0.496462,-0.060867,0.243657,-0.351170,-1.791674,-0.019405,0.450084,-0.248965,0.107003,-0.314989
28.560000,0.413333,-1.817414,0.548871,-0.267199,-0.225493,-0.413216,1.830458,-1.776333,0.437751,0.120026,0.004969,-0.253169,-1.767833,-1.252535,0.554728,-0.345728,0.085511,-0.418961,-1.156108,-1.836620,0.426308,-0.127567,-0.254035,-0.317251,-1.854211,1.779395,0.608529,-0.052966,0.265741,-0.451682,1.832191,-0.550022,0.563068,0.178862,-0.291205,-0.423860,1.366874,1.893718,0.590893,0.226884,0.169530,-0.437859,1.854491,1.606818,0.454689,0.188588,-0.030750,-0.285829,-1.075020,1.832405,0.489528,-0.026834,0.239856,-0.342145,-1.796629,-0.017194,0.443895,-0.246357,0.113978,-0.303794
28.580000,0.408025,-1.821941,0.540660,-0.263437,-0.227119,-0.407807,1.832623,-1.775966,0.432781,0.096293,0.031793,-0.243753,-1.774677,-1.250709,0.546392,-0.338514,0.097002,-0.414507,-1.158431,-1.841599,0.420069,-0.104652,-0.243745,-0.306462,-1.855077,1.784460,0.599506,-0.033703,0.240611,-0.450507,1.835808,-0.555641,0.554623,0.182720,-0.270563,-0.420506,1.371103,1.897050,0.582151,0.195869,0.163589,-0.436127,1.858126,1.605860,0.449065,0.174762,-0.065056,-0.276470,-1.075218,1.837156,0.482781,0.007016,0.234971,-0.332417,-1.801522,-0.014849,0.437936,-0.242698,0.120412,-0.292083
28.600000,0.402803,-1.826494,0.532565,-0.258494,-0.228061,-0.401552,1.834306,-1.775060,0.428004,0.071968,0.058832,-0.233928,-1.781366,-1.248659,0.538154,-0.330201,0.107869,-0.409147,-1.160291,-1.846363,0.414053,-0.081244,-0.232409,-0.295098,-1.855559,1.789013,0.590516,-0.014538,0.214604,-0.448238,1.839497,-0.560837,0.546254,0.186078,-0.248819,-0.416233,1.374703,1.900259,0.573454,0.164066,0.157245,-0.433347,1.861475,1.604217,0.443633,0.159965,-0.099203,-0.266560,-1.074741,1.841797,0.476236,0.040684,0.229001,-0.321987,-1.806330,-0.012381,0.432216,-0.237988,0.126306,-0.279856
28.620000,0.397692,-1.831058,0.524603,-0.252480,-0.228201,-0.394422,1.835498,-1.773612,0.423427,0.047089,0.085984,-0.223679,-1.787878,-1.246399,0.530032,-0.320747,0.118123,-0.402852,-1.161678,-1.850888,0.408269,-0.057490,-0.219951,-0.283165,-1.855660,1.793039,0.581584,0.004473,0.187805,-0.444840,1.843247,-0.565588,0.537980,0.188799,-0.226126,-0.410993,1.377661,1.903336,0.564824,0.131631,0.150450,-0.429482,1.864518,1.601894,0.438406,0.144211,-0.133082,-0.256083,-1.073593,1.846308,0.469906,0.074043,0.221851,-0.310870,-1.811033,-0.009800,0.426745,-0.232095,0.131695,-0.267122
28.640000,0.392711,-1.835616,0.516794,-0.245505,-0.227422,-0.386386,1.836186,-1.771620,0.419059,0.021692,0.113145,-0.212994,-1.794188,-1.243939,0.522046,-0.310111,0.127774,-0.395593,-1.162589,-1.855153,0.402730,-0.033537,-0.206298,-0.270665,-1.855382,1.796521,0.572731,0.023274,0.160300,-0.440280,1.847043,-0.569877,0.529821,0.190748,-0.202634,-0.404737,1.379966,1.906273,0.556283,0.098718,0.143151,-0.424493,1.867237,1.598896,0.433394,0.127517,-0.166585,-0.245026,-1.071782,1.850663,0.463805,0.106969,0.213423,-0.299083,-1.815605,-0.007116,0.421534,-0.224889,0.136616,-0.253891
28.660000,0.387878,-1.840149,0.509154,-0.237569,-0.225722,-0.377446,1.836362,-1.769086,0.414910,-0.004224,0.140316,-0.201874,-1.800274,-1.241292,0.514215,-0.298293,0.136822,-0.387372,-1.163018,-1.859132,0.397446,-0.009383,-0.191450,-0.257601,-1.854730,1.799446,0.563980,0.041867,0.132089,-0.434558,1.850871,-0.573688,0.521797,0.191924,-0.178344,-0.397467,1.381607,1.909059,0.547852,0.065328,0.135349,-0.418378,1.869613,1.595233,0.428609,0.109881,-0.199711,-0.233389,-1.069317,1.854836,0.457947,0.139461,0.203717,-0.286625,-1.820020,-0.004339,0.416593,-0.216369,0.141069,-0.240162
28.680000,0.383214,-1.844639,0.501702,-0.228671,-0.223104,-0.367601,1.836014,-1.766008,0.410987,-0.030657,0.167496,-0.190317,-1.806112,-1.238470,0.506558,-0.285293,0.145266,-0.378189,-1.162963,-1.862803,0.392430,0.014970,-0.175406,-0.243971,-1.853709,1.801800,0.555356,0.060250,0.103171,-0.427673,1.854715,-0.577005,0.513929,0.192328,-0.153257,-0.389182,1.382575,1.911684,0.539555,0.031460,0.127044,-0.411138,1.871626,1.590910,0.424062,0.091304,-0.232462,-0.221171,-1.066206,1.858803,0.452345,0.171519,0.192734,-0.273497,-1.824251,-0.001477,0.411931,-0.206536,0.145054,-0.225936
28.700000,0.378738,-1.849067,0.494456,-0.218812,-0.219565,-0.356851,1.835132,-1.762386,0.407300,-0.057608,0.194686,-0.178324,-1.811678,-1.235485,0.499094,-0.271111,0.153108,-0.368042,-1.162418,-1.866140,0.387691,0.039522,-0.158167,-0.229775,-1.852321,1.803568,0.546881,0.078425,0.073548,-0.419626,1.858559,-0.579813,0.506237,0.191960,-0.127371,-0.379882,1.382862,1.914137,0.531414,-0.002885,0.118237,-0.402773,1.873259,1.585937,0.419766,0.071787,-0.264836,-0.208372,-1.062459,1.862537,0.447012,0.203144,0.180472,-0.259699,-1.828273,0.001460,0.407559,-0.195389,0.148571,-0.211212
28.720000,0.374467,-1.853415,0.487434,-0.208126,-0.215015,-0.345194,1.833706,-1.758221,0.403857,-0.085008,0.221806,-0.165896,-1.816949,-1.232349,0.491843,-0.255746,0.160369,-0.356935,-1.161382,-1.869121,0.383242,0.064140,-0.139719,-0.215034,-1.850573,1.804738,0.538579,0.096346,0.043319,-0.410424,1.862388,-0.582096,0.498741,0.190716,-0.100850,-0.369554,1.382458,1.916410,0.523452,-0.037558,0.108901,-0.393282,1.874492,1.580320,0.415731,0.051372,-0.296733,-0.194993,-1.058084,1.866013,0.441961,0.234234,0.166881,-0.245283,-1.832058,0.004463,0.403486,-0.182863,0.151664,-0.196017
28.740000,0.370417,-1.857660,0.480654,-0.196746,-0.209361,-0.332631,1.831729,-1.753515,0.400667,-0.112788,0.248778,-0.153033,-1.821900,-1.229074,0.484823,-0.239195,0.167074,-0.344868,-1.159853,-1.871721,0.379094,0.088690,-0.120049,-0.199767,-1.848470,1.805297,0.530472,0.113967,0.012582,-0.400075,1.866182,-0.583844,0.491462,0.188492,-0.073858,-0.358186,1.381358,1.918490,0.515690,-0.072410,0.099014,-0.382664,1.875308,1.574071,0.411970,0.030104,-0.328051,-0.181031,-1.053094,1.869203,0.437204,0.264690,0.151905,-0.230300,-1.835578,0.007524,0.399721,-0.168894,0.154377,-0.180378
28.760000,0.366602,-1.861782,0.474135,-0.184674,-0.202602,-0.319161,1.829192,-1.748270,0.397739,-0.140947,0.275602,-0.139734,-1.826509,-1.225670,0.478054,-0.221459,0.173221,-0.331842,-1.157834,-1.873915,0.375255,0.113171,-0.099157,-0.183975,-1.846017,1.805237,0.522583,0.131291,-0.018662,-0.388578,1.869921,-0.585047,0.484420,0.185289,-0.046393,-0.345778,1.379560,1.920367,0.508153,-0.107439,0.088575,-0.370918,1.875690,1.567202,0.408494,0.007983,-0.358791,-0.166486,-1.047501,1.872080,0.432753,0.294513,0.135546,-0.214750,-1.838804,0.010636,0.396273,-0.153481,0.156710,-0.164295
28.780000,0.363035,-1.865757,0.467894,-0.171908,-0.194740,-0.304784,1.826089,-1.742491,0.395081,-0.169486,0.302277,-0.125999,-1.830751,-1.222149,0.471556,-0.202538,0.178812,-0.317857,-1.155327,-1.875679,0.371738,0.137583,-0.077044,-0.167657,-1.843220,1.804548,0.514936,0.148315,-0.050414,-0.375934,1.873587,-0.585696,0.477637,0.181106,-0.018457,-0.332331,1.377060,1.922029,0.500861,-0.142647,0.077583,-0.358044,1.875621,1.559724,0.405314,-0.014991,-0.388953,-0.151359,-1.041317,1.874616,0.428618,0.323702,0.117804,-0.198635,-1.841707,0.013790,0.393152,-0.136625,0.158663,-0.147768
28.800000,0.359730,-1.869564,0.461950,-0.158449,-0.185774,-0.289500,1.822410,-1.736180,0.392702,-0.198404,0.328804,-0.111830,-1.834602,-1.218521,0.465346,-0.182431,0.183845,-0.302913,-1.152332,-1.876989,0.368552,0.161927,-0.053708,-0.150813,-1.840086,1.803218,0.507554,0.165040,-0.082673,-0.362142,1.877159,-0.585782,0.471134,0.175944,0.009951,-0.317843,1.373853,1.923466,0.493838,-0.178033,0.066039,-0.344043,1.875085,1.551648,0.402443,-0.038819,-0.418536,-0.135650,-1.034557,1.876783,0.424811,0.352256,0.098678,-0.181952,-1.844259,0.016980,0.390366,-0.118325,0.160236,-0.130796
28.820000,0.356701,-1.873180,0.456320,-0.144429,-0.175643,-0.273340,1.818151,-1.729341,0.390610,-0.227609,0.355126,-0.097240,-1.838040,-1.214798,0.459445,-0.161173,0.188352,-0.287043,-1.148851,-1.877820,0.365709,0.186096,-0.029194,-0.133476,-1.836621,1.801238,0.500458,0.181438,-0.115336,-0.347251,1.880617,-0.585296,0.464930,0.169737,0.038677,-0.302345,1.369938,1.924667,0.487107,-0.213466,0.053947,-0.328958,1.874063,1.542987,0.399892,-0.063432,-0.447451,-0.119373,-1.027232,1.878554,0.421343,0.380114,0.078178,-0.164783,-1.846431,0.020197,0.387923,-0.098578,0.161471,-0.113418
28.840000,0.353956,-1.876581,0.451022,-0.129983,-0.164285,-0.256333,1.813305,-1.721977,0.388815,-0.257009,0.381187,-0.082245,-1.841042,-1.210991,0.453871,-0.138799,0.192360,-0.270279,-1.144890,-1.878149,0.363216,0.209981,-0.003547,-0.115681,-1.832831,1.798602,0.493671,0.197480,-0.148302,-0.331309,1.883941,-0.584234,0.459047,0.162420,0.067566,-0.285868,1.365315,1.925621,0.480687,-0.248814,0.041313,-0.312833,1.872543,1.533755,0.397672,-0.088765,-0.475609,-0.102541,-1.019357,1.879901,0.418223,0.407210,0.056316,-0.147205,-1.848193,0.023437,0.385831,-0.077380,0.162408,-0.095671
28.860000,0.351504,-1.879743,0.446072,-0.115109,-0.151702,-0.238481,1.807869,-1.714095,0.387323,-0.286602,0.406986,-0.066844,-1.843585,-1.207107,0.448640,-0.115309,0.195871,-0.252621,-1.140453,-1.877954,0.361085,0.233583,0.023234,-0.097427,-1.828724,1.795304,0.487213,0.213166,-0.181568,-0.314317,1.887107,-0.582592,0.453502,0.153994,0.096618,-0.268411,1.359986,1.926316,0.474600,-0.284078,0.028134,-0.295667,1.870508,1.523967,0.395794,-0.114818,-0.503011,-0.085155,-1.010948,1.880797,0.415458,0.433546,0.033091,-0.129218,-1.849516,0.026692,0.384098,-0.054731,0.163048,-0.077556
28.880000,0.349355,-1.882641,0.441488,-0.099808,-0.137892,-0.219782,1.801839,-1.705699,0.386144,-0.316390,0.432525,-0.051037,-1.845647,-1.203159,0.443772,-0.090703,0.198885,-0.234070,-1.135548,-1.877212,0.359322,0.256903,0.051148,-0.078715,-1.824306,1.791337,0.481105,0.228496,-0.215137,-0.296275,1.890093,-0.580368,0.448317,0.144459,0.125832,-0.249975,1.353953,1.926742,0.468867,-0.319258,0.014413,-0.277462,1.867945,1.513639,0.394270,-0.141589,-0.529655,-0.067214,-1.002021,1.881215,0.413057,0.459121,0.008503,-0.110822,-1.850372,0.029957,0.382732,-0.030630,0.163391,-0.059072
28.900000,0.347515,-1.885251,0.437286,-0.084080,-0.122857,-0.200237,1.795212,-1.696796,0.385284,-0.346373,0.457802,-0.034825,-1.847205,-1.199155,0.439283,-0.064981,0.201400,-0.214625,-1.130179,-1.875901,0.357939,0.279940,0.080197,-0.059543,-1.819586,1.786696,0.475369,0.243469,-0.249007,-0.277181,1.892878,-0.577558,0.443510,0.133814,0.155210,-0.230559,1.347216,1.926889,0.463509,-0.354353,0.000148,-0.258216,1.864840,1.502786,0.393109,-0.169080,-0.555543,-0.048719,-0.992589,1.881128,0.411027,0.483935,-0.017447,-0.092018,-1.850732,0.033225,0.381738,-0.005078,0.163436,-0.040220
28.920000,0.345993,-1.887547,0.433484,-0.068040,-0.106585,-0.179913,1.787984,-1.687389,0.384753,-0.376438,0.482779,-0.018238,-1.848239,-1.195106,0.435192,-0.038212,0.203448,-0.194354,-1.124353,-1.873997,0.356943,0.302620,0.110278,-0.039960,-1.814570,1.781376,0.470024,0.258074,-0.283080,-0.257126,1.895438,-0.574159,0.439100,0.122043,0.184621,-0.210242,1.339780,1.926745,0.458545,-0.389260,-0.014622,-0.238016,1.861178,1.491423,0.392324,-0.197196,-0.580602,-0.029702,-0.982668,1.880509,0.409378,0.507954,-0.044670,-0.072894,-1.850566,0.036492,0.381125,0.021858,0.163220,-0.021051
28.940000,0.344795,-1.889506,0.430095,-0.051803,-0.089068,-0.158879,1.780155,-1.677487,0.384557,-0.406477,0.507419,-0.001307,-1.848727,-1.191020,0.431514,-0.010465,0.205056,-0.173322,-1.118077,-1.871483,0.356343,0.324871,0.141293,-0.020011,-1.809266,1.775373,0.465089,0.272297,-0.317255,-0.236199,1.897752,-0.570174,0.435106,0.109132,0.213935,-0.189100,1.331648,1.926301,0.453994,-0.423876,-0.029862,-0.216948,1.856948,1.479568,0.391925,-0.225842,-0.604757,-0.010196,-0.972276,1.879333,0.408113,0.531144,-0.073073,-0.053542,-1.849849,0.039753,0.380898,0.050109,0.162779,-0.001618
28.960000,0.343923,-1.891102,0.427133,-0.035368,-0.070305,-0.137133,1.771725,-1.667095,0.384703,-0.436487,0.531721,0.015968,-1.848651,-1.186907,0.428264,0.018259,0.206226,-0.151531,-1.111361,-1.868339,0.356145,0.346693,0.173242,0.000302,-1.803681,1.768685,0.460582,0.286138,-0.351532,-0.214399,1.899796,-0.565603,0.431542,0.095079,0.243152,-0.167133,1.322827,1.925547,0.449873,-0.458201,-0.045570,-0.195011,1.852141,1.467239,0.391920,-0.255017,-0.628010,0.009799,-0.961428,1.877578,0.407238,0.553505,-0.102657,-0.033960,-1.848553,0.043002,0.381062,0.079677,0.162114,0.018080
28.980000,0.343381,-1.892310,0.424614,-0.018735,-0.050297,-0.114677,1.762695,-1.656220,0.385198,-0.466470,0.555685,0.033587,-1.847990,-1.182774,0.425458,0.047961,0.206958,-0.128980,-1.104212,-1.864547,0.356358,0.368085,0.206123,0.020981,-1.797823,1.761311,0.456519,0.299598,-0.385912,-0.191727,1.901547,-0.560448,0.428426,0.079885,0.272273,-0.144342,1.313322,1.924475,0.446199,-0.492235,-0.061748,-0.172206,1.846744,1.454454,0.392320,-0.284722,-0.650361,0.030284,-0.950141,1.875219,0.406756,0.575037,-0.133421,-0.014149,-1.846653,0.046236,0.381623,0.110562,0.161223,0.038041
29.000000,0.343175,-1.893105,0.422551,-0.001905,-0.029043,-0.091510,1.753066,-1.644870,0.386049,-0.496426,0.579311,0.051550,-1.846726,-1.178631,0.423110,0.078641,0.207250,-0.105668,-1.096640,-1.860088,0.356987,0.389047,0.239938,0.042024,-1.791699,1.753248,0.452919,0.312676,-0.420395,-0.168183,1.902984,-0.554712,0.425774,0.063549,0.301296,-0.120726,1.303139,1.923074,0.442990,-0.525977,-0.078394,-0.148532,1.840748,1.441230,0.393134,-0.314957,-0.671808,0.051257,-0.938432,1.872233,0.406673,0.595740,-0.165367,0.005891,-1.844122,0.049449,0.382585,0.142762,0.160107,0.058267
29.020000,0.343306,-1.893464,0.420958,0.015035,-0.006589,-0.067729,1.742839,-1.633050,0.387262,-0.526230,0.602563,0.069811,-1.844839,-1.174487,0.421236,0.110196,0.207131,-0.081700,-1.088654,-1.854945,0.358041,0.409538,0.274535,0.063374,-1.785318,1.744495,0.449797,0.325371,-0.454888,-0.143889,1.904082,-0.548398,0.423601,0.046114,0.330123,-0.096403,1.292285,1.921336,0.440263,-0.559354,-0.095445,-0.124112,1.834143,1.427588,0.394373,-0.345605,-0.692293,0.072667,-0.926317,1.868598,0.406993,0.615604,-0.198331,0.026063,-1.840934,0.052639,0.383955,0.176145,0.158802,0.078692
29.040000,0.343776,-1.893361,0.419845,0.031999,0.017017,-0.043433,1.732019,-1.620770,0.388843,-0.555758,0.625407,0.088320,-1.842313,-1.170349,0.419846,0.142521,0.206627,-0.057177,-1.080262,-1.849103,0.359524,0.429513,0.309764,0.084973,-1.778687,1.735053,0.447167,0.337682,-0.489300,-0.118970,1.904821,-0.541509,0.421921,0.027619,0.358656,-0.071487,1.280768,1.919254,0.438030,-0.592290,-0.112835,-0.099066,1.826922,1.413546,0.396044,-0.376546,-0.711753,0.094462,-0.913814,1.864294,0.407716,0.634620,-0.232150,0.046270,-1.837069,0.055801,0.385734,0.210579,0.157342,0.099253
29.060000,0.344586,-1.892775,0.419224,0.048987,0.041777,-0.018619,1.720611,-1.608037,0.390797,-0.585010,0.647841,0.107080,-1.839133,-1.166224,0.418952,0.175619,0.205740,-0.032099,-1.071477,-1.842550,0.361441,0.448974,0.345624,0.106820,-1.771814,1.724923,0.445042,0.349609,-0.523631,-0.093424,1.905180,-0.534053,0.420746,0.008065,0.386894,-0.045980,1.268596,1.916821,0.436304,-0.624785,-0.130566,-0.073395,1.819079,1.399124,0.398154,-0.407782,-0.730189,0.116641,-0.900938,1.859306,0.408844,0.652788,-0.266825,0.066510,-1.832504,0.058931,0.387926,0.246063,0.155727,0.119948
29.080000,0.345736,-1.891682,0.419104,0.065999,0.067691,0.006710,1.708621,-1.594859,0.393128,-0.613986,0.669866,0.126089,-1.835283,-1.162122,0.418566,0.209488,0.204468,-0.006467,-1.062307,-1.835273,0.363798,0.467919,0.382117,0.128916,-1.764705,1.714108,0.443434,0.361153,-0.557880,-0.067252,1.905137,-0.526036,0.420086,-0.012549,0.414838,-0.019881,1.255779,1.914029,0.435098,-0.656839,-0.148637,-0.047098,1.810609,1.384345,0.400712,-0.439312,-0.747600,0.139206,-0.887708,1.853616,0.410377,0.670107,-0.302355,0.086786,-1.827219,0.062029,0.390533,0.282597,0.153957,0.140780
29.100000,0.347226,-1.890060,0.419496,0.083035,0.094758,0.032555,1.696053,-1.581245,0.395842,-0.642687,0.691482,0.145347,-1.830748,-1.158048,0.418697,0.244129,0.202812,0.019720,-1.052763,-1.827261,0.366600,0.486349,0.419241,0.151260,-1.757370,1.702609,0.442356,0.372312,-0.592048,-0.040455,1.904671,-0.517462,0.419955,-0.034221,0.442488,0.006809,1.242326,1.910873,0.434425,-0.688453,-0.167048,-0.020175,1.801505,1.369227,0.403725,-0.471136,-0.763988,0.162155,-0.874140,1.847206,0.412316,0.686579,-0.338740,0.107096,-1.821193,0.065089,0.393558,0.320181,0.152032,0.161746
29.120000,0.349057,-1.887885,0.420409,0.100034,0.122878,0.058795,1.682916,-1.567203,0.398943,-0.670985,0.712643,0.164791,-1.825514,-1.154012,0.419357,0.279406,0.200797,0.046326,-1.042856,-1.818501,0.369850,0.504235,0.456776,0.173779,-1.749815,1.690427,0.441819,0.383091,-0.626048,-0.013181,1.903761,-0.508338,0.420362,-0.056854,0.469776,0.033947,1.228245,1.907346,0.434295,-0.719569,-0.185710,0.007221,1.791762,1.353793,0.407200,-0.503120,-0.779298,0.185417,-0.860250,1.840062,0.414660,0.702209,-0.375778,0.127327,-1.814406,0.068109,0.397003,0.358614,0.149987,0.182770
29.140000,0.351227,-1.885138,0.421849,0.116937,0.151953,0.085305,1.669217,-1.552742,0.402434,-0.698754,0.733306,0.184358,-1.819569,-1.150019,0.420552,0.315187,0.198450,0.073215,-1.032598,-1.808989,0.373551,0.521546,0.494500,0.196397,-1.742049,1.677568,0.441831,0.393494,-0.659793,0.014417,1.902391,-0.498674,0.421314,-0.080346,0.496638,0.061387,1.213547,1.903443,0.434716,-0.750130,-0.204534,0.034942,1.781380,1.338063,0.411143,-0.535129,-0.793478,0.208920,-0.846057,1.832172,0.417407,0.717005,-0.413265,0.147367,-1.806844,0.071088,0.400868,0.397696,0.147856,0.203774
29.160000,0.353734,-1.881801,0.423823,0.133745,0.181983,0.112086,1.654969,-1.537874,0.406318,-0.725995,0.753469,0.204046,-1.812903,-1.146076,0.422288,0.351471,0.195770,0.100386,-1.021998,-1.798720,0.377706,0.538283,0.532413,0.219115,-1.734078,1.664037,0.442398,0.403521,-0.693283,0.042339,1.900542,-0.488476,0.422819,-0.104699,0.523072,0.089130,1.198243,1.899163,0.435694,-0.780137,-0.223522,0.062985,1.770357,1.322061,0.415559,-0.567162,-0.806527,0.232665,-0.831576,1.823528,0.420553,0.730967,-0.451202,0.167215,-1.798494,0.074023,0.405154,0.437427,0.145639,0.224758
29.180000,0.356576,-1.877853,0.426335,0.150456,0.212966,0.139139,1.640181,-1.522607,0.410597,-0.752706,0.773134,0.223856,-1.805506,-1.142190,0.424570,0.388257,0.192757,0.127841,-1.011070,-1.787691,0.382317,0.554445,0.570515,0.241934,-1.725911,1.649839,0.443527,0.413171,-0.726518,0.070586,1.898197,-0.477754,0.424882,-0.129912,0.549079,0.117175,1.182345,1.894502,0.437237,-0.809589,-0.242671,0.091352,1.758693,1.305809,0.420451,-0.599219,-0.818446,0.256651,-0.816824,1.814121,0.424095,0.744096,-0.489587,0.186872,-1.789343,0.076913,0.409859,0.477806,0.143335,0.245722
29.200000,0.359751,-1.873276,0.429390,0.167071,0.244904,0.166463,1.624864,-1.506952,0.415273,-0.778888,0.792300,0.243788,-1.797369,-1.138368,0.427403,0.425547,0.189411,0.155578,-0.999824,-1.775898,0.387384,0.570033,0.608806,0.264852,-1.717554,1.634978,0.445224,0.422444,-0.759498,0.099158,1.895340,-0.466515,0.427508,-0.155984,0.574659,0.145522,1.165863,1.889455,0.439351,-0.838486,-0.261984,0.120042,1.746388,1.289331,0.425826,-0.631301,-0.829235,0.280879,-0.801817,1.803942,0.428027,0.756390,-0.528422,0.206337,-1.779378,0.079756,0.414983,0.518834,0.140946,0.266666
29.220000,0.363258,-1.868051,0.432994,0.183550,0.277643,0.193910,1.609030,-1.490919,0.420349,-0.804406,0.810920,0.263764,-1.788482,-1.134616,0.430793,0.463182,0.185758,0.183438,-0.988273,-1.763339,0.392911,0.585029,0.647041,0.287779,-1.709015,1.619461,0.447494,0.431346,-0.792139,0.127884,1.891953,-0.454770,0.430703,-0.182765,0.599773,0.174006,1.148810,1.884022,0.442040,-0.866780,-0.281353,0.148883,1.733442,1.272648,0.431688,-0.663267,-0.838847,0.305259,-0.786573,1.792983,0.432346,0.767887,-0.567462,0.225493,-1.768587,0.082550,0.420525,0.560242,0.138503,0.287492
29.240000,0.367092,-1.862166,0.437146,0.199852,0.311030,0.221333,1.592693,-1.474519,0.425824,-0.829124,0.828949,0.283709,-1.778841,-1.130939,0.434741,0.501005,0.181826,0.211261,-0.976427,-1.750018,0.398895,0.599415,0.684974,0.310626,-1.700302,1.603295,0.450339,0.439878,-0.824357,0.156595,1.888025,-0.442528,0.434468,-0.210103,0.624381,0.202458,1.131196,1.878201,0.445306,-0.894423,-0.300673,0.177703,1.719859,1.255785,0.438037,-0.694976,-0.847238,0.329705,-0.771107,1.781244,0.437044,0.778623,-0.606463,0.244222,-1.756967,0.085296,0.426481,0.601763,0.136041,0.308104
29.260000,0.371251,-1.855606,0.441847,0.215978,0.345064,0.248732,1.575870,-1.457765,0.431697,-0.853043,0.846385,0.303622,-1.768441,-1.127344,0.439244,0.539017,0.177613,0.239045,-0.964300,-1.735942,0.405335,0.613191,0.722606,0.333391,-1.691423,1.586490,0.453758,0.448043,-0.856153,0.185290,1.883545,-0.429798,0.438802,-0.237997,0.648483,0.230880,1.113037,1.871995,0.449148,-0.921416,-0.319943,0.206502,1.705645,1.238766,0.444876,-0.726428,-0.854408,0.354215,-0.755434,1.768725,0.442112,0.788598,-0.645424,0.262523,-1.744516,0.087992,0.432847,0.643395,0.133557,0.328502
29.280000,0.375730,-1.848359,0.447096,0.231928,0.379745,0.276107,1.558577,-1.440667,0.437968,-0.876163,0.863229,0.323503,-1.757279,-1.123837,0.444302,0.577218,0.173119,0.266792,-0.951904,-1.721116,0.412230,0.626358,0.759935,0.356076,-1.682383,1.569052,0.457751,0.455840,-0.887527,0.213970,1.878502,-0.416592,0.443703,-0.266447,0.672080,0.259271,1.094344,1.865404,0.453566,-0.947756,-0.339165,0.235279,1.690804,1.221617,0.452206,-0.757622,-0.860355,0.378791,-0.739568,1.755427,0.447542,0.797812,-0.684346,0.280397,-1.731231,0.090638,0.439619,0.685139,0.131054,0.348685
29.300000,0.380527,-1.840412,0.452891,0.247701,0.415074,0.303458,1.540829,-1.423239,0.444637,-0.898483,0.879482,0.343352,-1.745351,-1.120422,0.449915,0.615607,0.168346,0.294500,-0.939250,-1.705547,0.419578,0.638915,0.796963,0.378679,-1.673192,1.550991,0.462317,0.463268,-0.918478,0.242634,1.872884,-0.402919,0.449172,-0.295454,0.695172,0.287632,1.075131,1.858429,0.458559,-0.973446,-0.358337,0.264035,1.675341,1.204360,0.460028,-0.788560,-0.865081,0.403431,-0.723526,1.741351,0.453325,0.806264,-0.723228,0.297844,-1.717110,0.093234,0.446793,0.726995,0.128529,0.368654
29.320000,0.385637,-1.831753,0.459233,0.263273,0.450854,0.330618,1.522644,-1.405492,0.451702,-0.919892,0.895107,0.363083,-1.732654,-1.117105,0.456081,0.654015,0.163318,0.321996,-0.926351,-1.689241,0.427376,0.650852,0.833454,0.401094,-1.663855,1.532316,0.467455,0.470333,-0.948928,0.271104,1.866681,-0.388789,0.455207,-0.324830,0.717736,0.315785,1.055411,1.851072,0.464126,-0.998444,-0.377347,0.292588,1.659264,1.187022,0.468343,-0.819115,-0.868571,0.428028,-0.707322,1.726500,0.459452,0.814014,-0.761821,0.314747,-1.702152,0.095779,0.454363,0.768667,0.126019,0.388302
29.340000,0.391056,-1.822376,0.466114,0.278616,0.486888,0.357423,1.504040,-1.387439,0.459159,-0.940280,0.910071,0.382611,-1.719191,-1.113890,0.462792,0.692271,0.158065,0.349105,-0.913220,-1.672214,0.435620,0.662158,0.869170,0.423211,-1.654381,1.513038,0.473158,0.477040,-0.978801,0.299200,1.859889,-0.374213,0.461801,-0.354386,0.739752,0.343555,1.035198,1.843337,0.470260,-1.022710,-0.396079,0.320757,1.642580,1.169626,0.477148,-0.849163,-0.870810,0.452473,-0.690970,1.710882,0.465911,0.821117,-0.799873,0.330992,-1.686366,0.098275,0.462322,0.809859,0.123558,0.407522
29.360000,0.396780,-1.812276,0.473527,0.293731,0.523176,0.383871,1.485039,-1.369094,0.467005,-0.959647,0.924373,0.401937,-1.704964,-1.110783,0.470042,0.730375,0.152585,0.375827,-0.899869,-1.654480,0.444302,0.672833,0.904113,0.445031,-1.644776,1.493168,0.479420,0.483388,-1.008095,0.326922,1.852504,-0.359202,0.468947,-0.384124,0.761219,0.370941,1.014507,1.835230,0.476954,-1.046243,-0.414534,0.348541,1.625301,1.152198,0.486441,-0.878702,-0.871797,0.476766,-0.674482,1.694508,0.472687,0.827574,-0.837385,0.346578,-1.669761,0.100722,0.470662,0.850570,0.121145,0.426313
29.380000,0.402804,-1.801447,0.481466,0.308618,0.559718,0.409962,1.465661,-1.350469,0.475235,-0.977992,0.938013,0.421060,-1.689977,-1.107788,0.477823,0.768328,0.146879,0.402162,-0.886311,-1.636054,0.453419,0.682876,0.938283,0.466554,-1.635047,1.472718,0.486233,0.489379,-1.036811,0.354271,1.844523,-0.343768,0.476636,-0.414042,0.782138,0.397944,0.993353,1.826757,0.484199,-1.069043,-0.432712,0.375940,1.607435,1.134762,0.496218,-0.907735,-0.871534,0.500907,-0.657871,1.677390,0.479769,0.833385,-0.874357,0.361506,-1.652346,0.103121,0.479372,0.890802,0.118780,0.444677
29.400000,0.409123,-1.789885,0.489923,0.323277,0.596515,0.435698,1.445927,-1.331578,0.483846,-0.995316,0.950991,0.439981,-1.674232,-1.104910,0.486126,0.806129,0.140946,0.428110,-0.872558,-1.616953,0.462963,0.692289,0.971678,0.487779,-1.625203,1.451700,0.493589,0.495012,-1.064948,0.381247,1.835942,-0.327920,0.484862,-0.444142,0.802507,0.424563,0.971751,1.817924,0.491989,-1.091110,-0.450613,0.402955,1.588995,1.117345,0.506476,-0.936259,-0.870020,0.524897,-0.641151,1.659538,0.487143,0.838550,-0.910788,0.375774,-1.634132,0.105473,0.488446,0.930554,0.116464,0.462613
29.420000,0.415733,-1.777586,0.498890,0.337693,0.633351,0.460912,1.425856,-1.312434,0.492832,-1.011554,0.963294,0.458621,-1.657734,-1.102152,0.494944,0.843618,0.134818,0.453506,-0.858624,-1.597193,0.472927,0.701058,1.004122,0.508596,-1.615249,1.430124,0.501479,0.500295,-1.092445,0.407680,1.826758,-0.311671,0.493615,-0.474222,0.822321,0.450631,0.949714,1.808736,0.500313,-1.112416,-0.468127,0.429412,1.569989,1.099970,0.517212,-0.964188,-0.867283,0.548613,-0.624333,1.640964,0.494795,0.843146,-0.946465,0.389288,-1.615129,0.107780,0.497873,0.969558,0.114231,0.480022
29.440000,0.422629,-1.764552,0.508355,0.351852,0.670013,0.485440,1.405472,-1.293051,0.502188,-1.026642,0.974905,0.476903,-1.640491,-1.099518,0.504262,0.880634,0.128524,0.478183,-0.844520,-1.576796,0.483303,0.709172,1.035437,0.528891,-1.605193,1.408006,0.509891,0.505237,-1.119237,0.433400,1.816974,-0.295031,0.502882,-0.504085,0.841572,0.475979,0.927259,1.799202,0.509160,-1.132931,-0.485146,0.455141,1.550432,1.082661,0.528418,-0.991433,-0.863353,0.571933,-0.607428,1.621686,0.502709,0.847248,-0.981171,0.401953,-1.595357,0.110043,0.507642,1.007544,0.112118,0.496806
29.460000,0.429806,-1.750787,0.518303,0.365753,0.706501,0.509282,1.384798,-1.273442,0.511906,-1.040579,0.985827,0.494827,-1.622512,-1.097012,0.514066,0.917176,0.122066,0.502144,-0.830261,-1.555784,0.494079,0.716631,1.065623,0.548664,-1.595042,1.385360,0.518810,0.509837,-1.145325,0.458409,1.806596,-0.278012,0.512649,-0.533729,0.860258,0.500607,0.904402,1.789333,0.518514,-1.152656,-0.501670,0.480140,1.530336,1.065443,0.540087,-1.017993,-0.858229,0.594858,-0.590446,1.601723,0.510868,0.850857,-1.014907,0.413769,-1.574834,0.112265,0.517741,1.044514,0.110123,0.512965
29.480000,0.437258,-1.736293,0.528722,0.379396,0.742815,0.532437,1.363857,-1.253622,0.521979,-1.053365,0.996058,0.512393,-1.603807,-1.094637,0.524343,0.953245,0.115442,0.525386,-0.815860,-1.534179,0.505246,0.723434,1.094680,0.567916,-1.584802,1.362198,0.528223,0.514096,-1.170709,0.482706,1.795626,-0.260625,0.522902,-0.563155,0.878381,0.524516,0.881158,1.779138,0.528361,-1.171589,-0.517698,0.504410,1.509717,1.048340,0.552210,-1.043870,-0.851912,0.617388,-0.573397,1.581096,0.519254,0.853973,-1.047672,0.424735,-1.553583,0.114449,0.528157,1.080467,0.108247,0.528498
29.500000,0.444980,-1.721075,0.539596,0.392782,0.778955,0.554906,1.342671,-1.233604,0.532399,-1.065001,1.005599,0.529600,-1.584385,-1.092395,0.535077,0.988841,0.108653,0.547911,-0.801328,-1.512004,0.516793,0.729581,1.122608,0.586647,-1.574481,1.338536,0.538114,0.518013,-1.195389,0.506290,1.784071,-0.242881,0.533625,-0.592362,0.895941,0.547705,0.857544,1.768628,0.538686,-1.189731,-0.533231,0.527950,1.488586,1.031375,0.564780,-1.069063,-0.844401,0.639523,-0.556291,1.559823,0.527852,0.856595,-1.079467,0.434852,-1.531622,0.116596,0.538877,1.115402,0.106490,0.543405
29.520000,0.452967,-1.705138,0.550913,0.405905,0.814724,0.576554,1.321264,-1.213403,0.543160,-1.075489,1.014463,0.546398,-1.564257,-1.090291,0.546253,1.023829,0.101729,0.569584,-0.786681,-1.489282,0.528708,0.735083,1.149350,0.604768,-1.564084,1.314388,0.548469,0.521603,-1.219331,0.529032,1.771935,-0.224791,0.544804,-0.621174,0.912941,0.570041,0.833574,1.757813,0.549473,-1.207072,-0.548184,0.550626,1.466959,1.014571,0.577787,-1.093544,-0.835789,0.661137,-0.539136,1.537924,0.536642,0.858809,-1.110154,0.444067,-1.508975,0.118710,0.549888,1.149133,0.104885,0.557615
29.540000,0.461214,-1.688490,0.562652,0.418758,0.849928,0.597246,1.299659,-1.193030,0.554252,-1.084833,1.022663,0.562735,-1.543437,-1.088327,0.557854,1.058075,0.094701,0.590273,-0.771929,-1.466038,0.540979,0.739947,1.174851,0.622190,-1.553619,1.289768,0.559269,0.524877,-1.242502,0.550801,1.759228,-0.206367,0.556420,-0.649412,0.929385,0.591392,0.809266,1.746705,0.560704,-1.223601,-0.562469,0.572302,1.444849,0.997950,0.591221,-1.117284,-0.826166,0.682107,-0.521941,1.515425,0.545608,0.860699,-1.139596,0.452325,-1.485666,0.120793,0.561176,1.181471,0.103465,0.571056
29.560000,0.469716,-1.671144,0.574796,0.431342,0.884566,0.616982,1.277878,-1.172501,0.565666,-1.093033,1.030200,0.578610,-1.521939,-1.086504,0.569858,1.091580,0.087568,0.609977,-0.757087,-1.442296,0.553591,0.744173,1.199110,0.638912,-1.543091,1.264693,0.570494,0.527837,-1.264903,0.571597,1.745962,-0.187619,0.568453,-0.677075,0.945274,0.611757,0.784636,1.735319,0.572359,-1.239318,-0.576089,0.592979,1.422272,0.981531,0.605067,-1.140284,-0.815534,0.702432,-0.504710,1.492349,0.554729,0.862265,-1.167793,0.459628,-1.461725,0.122849,0.572726,1.212417,0.102231,0.583726
29.580000,0.478466,-1.653111,0.587325,0.443656,0.918637,0.635762,1.255945,-1.151827,0.577394,-1.100088,1.037074,0.594023,-1.499779,-1.084825,0.582246,1.124342,0.080330,0.628696,-0.742167,-1.418082,0.566530,0.747762,1.222126,0.654937,-1.532507,1.239177,0.582126,0.530482,-1.286533,0.591419,1.732149,-0.168559,0.580884,-0.704165,0.960607,0.631137,0.759699,1.723666,0.584417,-1.254223,-0.589042,0.612656,1.399243,0.965336,0.619314,-1.162543,-0.803892,0.722113,-0.487452,1.468721,0.563987,0.863506,-1.194744,0.465976,-1.437179,0.124883,0.584520,1.241969,0.101181,0.595627
29.600000,0.487460,-1.634403,0.600220,0.455701,0.952143,0.653587,1.233883,-1.131022,0.589424,-1.105999,1.043284,0.608974,-1.476970,-1.083292,0.594999,1.156363,0.072987,0.646430,-0.727181,-1.393420,0.579784,0.750714,1.243901,0.670262,-1.521874,1.213236,0.594145,0.532812,-1.307392,0.610269,1.717799,-0.149199,0.593692,-0.730682,0.975384,0.649531,0.734472,1.711761,0.596858,-1.268316,-0.601329,0.631334,1.375776,0.949383,0.633947,-1.184062,-0.791241,0.741149,-0.470172,1.444567,0.573362,0.864424,-1.220450,0.471367,-1.412056,0.126898,0.596546,1.270128,0.100317,0.606758
29.620000,0.496692,-1.615030,0.613462,0.467476,0.984938,0.670379,1.211713,-1.110100,0.601749,-1.110833,1.048850,0.623434,-1.453530,-1.081906,0.608096,1.187556,0.065567,0.663106,-0.712142,-1.368334,0.593336,0.753018,1.264475,0.684822,-1.511197,1.186886,0.606530,0.534846,-1.327487,0.628082,1.702926,-0.129548,0.606858,-0.756501,0.989616,0.666868,0.708972,1.699618,0.609663,-1.281609,-0.612905,0.648943,1.351885,0.933692,0.648955,-1.204855,-0.777725,0.759410,-0.452877,1.419912,0.582835,0.865048,-1.244821,0.475817,-1.386384,0.128897,0.608785,1.296827,0.099661,0.617090
29.640000,0.506157,-1.595011,0.627028,0.478981,1.016875,0.686064,1.189456,-1.089072,0.614358,-1.114656,1.053791,0.637369,-1.429474,-1.080669,0.621516,1.217837,0.058097,0.678653,-0.697064,-1.342848,0.607171,0.754663,1.283887,0.698552,-1.500482,1.160142,0.619260,0.536601,-1.346824,0.644797,1.687545,-0.109617,0.620360,-0.781502,1.003312,0.683079,0.683213,1.687250,0.622808,-1.294111,-0.623724,0.665413,1.327586,0.918278,0.664318,-1.224936,-0.763492,0.776768,-0.435572,1.394784,0.592388,0.865408,-1.267769,0.479338,-1.360193,0.130886,0.621224,1.322000,0.099239,0.626592
29.660000,0.515850,-1.574361,0.640897,0.490215,1.047956,0.700642,1.167133,-1.067952,0.627240,-1.117469,1.058106,0.650781,-1.404822,-1.079582,0.635235,1.247205,0.050576,0.693069,-0.681960,-1.316986,0.621272,0.755649,1.302139,0.711452,-1.489734,1.133018,0.632314,0.538078,-1.365404,0.660413,1.671671,-0.089419,0.634174,-0.805684,1.016473,0.698163,0.657212,1.674674,0.636272,-1.305823,-0.633787,0.680745,1.302893,0.903157,0.680019,-1.244306,-0.748540,0.793221,-0.418263,1.369211,0.602002,0.865504,-1.289293,0.481931,-1.333514,0.132868,0.633843,1.345646,0.099050,0.635264
29.680000,0.525764,-1.553098,0.655046,0.501179,1.078180,0.714111,1.144764,-1.046752,0.640386,-1.119272,1.061797,0.663670,-1.379592,-1.078647,0.649231,1.275660,0.043006,0.706356,-0.666843,-1.290771,0.635623,0.755976,1.319229,0.723521,-1.478960,1.105531,0.645670,0.539276,-1.383226,0.674930,1.655323,-0.068962,0.648279,-0.829047,1.029098,0.712121,0.630985,1.661904,0.650031,-1.316745,-0.643093,0.694939,1.277819,0.888341,0.696041,-1.262964,-0.732871,0.808770,-0.400954,1.343222,0.611659,0.865337,-1.309394,0.483595,-1.306377,0.134849,0.646629,1.367764,0.099094,0.643107
29.700000,0.535895,-1.531240,0.669454,0.511872,1.107547,0.726473,1.122369,-1.025485,0.653784,-1.120064,1.064863,0.676035,-1.353802,-1.077863,0.663482,1.303203,0.035385,0.718513,-0.651726,-1.264225,0.650208,0.755644,1.335159,0.734760,-1.468165,1.077694,0.659304,0.540196,-1.400290,0.688348,1.638515,-0.048258,0.662651,-0.851591,1.041187,0.724951,0.604548,1.648955,0.664062,-1.326878,-0.651643,0.707995,1.252379,0.873847,0.712364,-1.280910,-0.716484,0.823415,-0.383651,1.316845,0.621340,0.864906,-1.328071,0.484331,-1.278813,0.136834,0.659562,1.388356,0.099371,0.650121
29.720000,0.546237,-1.508803,0.684098,0.522297,1.135963,0.737721,1.099967,-1.004162,0.667423,-1.119963,1.067332,0.687830,-1.327470,-1.077231,0.677964,1.329798,0.027744,0.729525,-0.636622,-1.237371,0.665008,0.754640,1.350003,0.745122,-1.457354,1.049524,0.673196,0.540857,-1.416631,0.700671,1.621265,-0.027318,0.677269,-0.873247,1.052754,0.736654,0.577915,1.635843,0.678343,-1.336242,-0.659436,0.719906,1.226587,0.859685,0.728970,-1.298172,-0.699587,0.837009,-0.366359,1.290109,0.631027,0.864225,-1.345314,0.484221,-1.250853,0.138826,0.672628,1.407414,0.099893,0.656302
29.740000,0.556785,-1.485808,0.698955,0.532457,1.163331,0.747849,1.077576,-0.982795,0.681293,-1.119087,1.069233,0.699008,-1.300617,-1.076753,0.692655,1.355413,0.020111,0.739377,-0.621545,-1.210231,0.680006,0.752949,1.363839,0.754561,-1.446533,1.021034,0.687324,0.541278,-1.432280,0.711899,1.603591,-0.006152,0.692110,-0.893946,1.063811,0.747231,0.551103,1.622583,0.692850,-1.344859,-0.666470,0.730669,1.200456,0.845865,0.745836,-1.314776,-0.682385,0.849406,-0.349083,1.263042,0.640704,0.863310,-1.361112,0.483350,-1.222527,0.140831,0.685809,1.424930,0.100670,0.661647
29.760000,0.567534,-1.462276,0.714004,0.542352,1.189653,0.756856,1.055209,-0.961396,0.695380,-1.117436,1.070566,0.709569,-1.273260,-1.076427,0.707531,1.380048,0.012487,0.748071,-0.606508,-1.182825,0.695184,0.750571,1.376665,0.763078,-1.435705,0.992237,0.701665,0.541461,-1.447240,0.722034,1.585513,0.015231,0.707151,-0.913688,1.074358,0.756680,0.524126,1.609189,0.707562,-1.352728,-0.672747,0.740282,1.174000,0.832392,0.762938,-1.330722,-0.664880,0.860606,-0.331828,1.235674,0.650356,0.862159,-1.375466,0.481717,-1.193866,0.142854,0.699088,1.440904,0.101702,0.666155
29.780000,0.578477,-1.438229,0.729222,0.551981,1.214928,0.764743,1.032883,-0.939976,0.709672,-1.115009,1.071331,0.719514,-1.245421,-1.076253,0.722570,1.403701,0.004872,0.755605,-0.591526,-1.155171,0.710523,0.747507,1.388483,0.770672,-1.424876,0.963149,0.716198,0.541403,-1.461508,0.731075,1.567050,0.036819,0.722370,-0.932472,1.084396,0.765002,0.496999,1.595678,0.722454,-1.359851,-0.678265,0.748745,1.147232,0.819272,0.780253,-1.346010,-0.647072,0.870608,-0.314599,1.208033,0.659967,0.860774,-1.388375,0.479322,-1.164901,0.144901,0.712449,1.455337,0.102990,0.669828
29.800000,0.589611,-1.413686,0.744586,0.561345,1.239155,0.771510,1.010614,-0.918547,0.724156,-1.111807,1.071528,0.728841,-1.217119,-1.076232,0.737748,1.426374,-0.002734,0.761979,-0.576613,-1.127292,0.726005,0.743755,1.399291,0.777343,-1.414050,0.933782,0.730901,0.541106,-1.475086,0.739023,1.548221,0.058603,0.737743,-0.950299,1.093923,0.772197,0.469737,1.582064,0.737504,-1.366226,-0.683024,0.756059,1.120164,0.806511,0.797755,-1.360640,-0.628959,0.879413,-0.297399,1.180148,0.669523,0.859153,-1.399840,0.476165,-1.135663,0.146976,0.725876,1.468228,0.104534,0.672664
29.820000,0.600929,-1.388670,0.760075,0.570447,1.262278,0.777205,0.988415,-0.897119,0.738821,-1.107989,1.071183,0.737494,-1.188373,-1.076362,0.753042,1.448058,-0.010293,0.767243,-0.561781,-1.099206,0.741611,0.739317,1.409179,0.783067,-1.403233,0.904150,0.745752,0.540588,-1.488015,0.745929,1.529045,0.080573,0.753250,-0.967145,1.102956,0.778319,0.442355,1.568362,0.752689,-1.371873,-0.687057,0.762264,1.092811,0.794114,0.815421,-1.374603,-0.610761,0.886952,-0.280234,1.152049,0.679009,0.857300,-1.409911,0.472324,-1.106182,0.149084,0.739351,1.479613,0.106333,0.674689
29.840000,0.612427,-1.363203,0.775668,0.579289,1.284239,0.781875,0.966297,-0.875703,0.753651,-1.103713,1.070321,0.745412,-1.159203,-1.076643,0.768430,1.468742,-0.017767,0.771444,-0.547044,-1.070930,0.757321,0.734192,1.418232,0.787820,-1.392428,0.874265,0.760731,0.539864,-1.500336,0.751846,1.509542,0.102718,0.768869,-0.982985,1.111508,0.783422,0.414867,1.554586,0.767987,-1.376809,-0.690392,0.767403,1.065185,0.782080,0.833224,-1.387889,-0.592694,0.893157,-0.263109,1.123761,0.688412,0.855214,-1.418638,0.467874,-1.076488,0.151231,0.752858,1.489528,0.108387,0.675929
29.860000,0.624099,-1.337308,0.791343,0.587872,1.305036,0.785522,0.944270,-0.854309,0.768632,-1.098979,1.068943,0.752596,-1.129630,-1.077072,0.783892,1.488428,-0.025156,0.774581,-0.532418,-1.042482,0.773117,0.728379,1.426451,0.791602,-1.381640,0.844140,0.775819,0.538936,-1.512050,0.756775,1.489732,0.125030,0.784580,-0.997819,1.119580,0.787506,0.387287,1.540751,0.783378,-1.381036,-0.693031,0.771473,1.037300,0.770406,0.851138,-1.400498,-0.574759,0.898028,-0.246027,1.095312,0.697720,0.852897,-1.426022,0.462817,-1.046611,0.153421,0.766382,1.497971,0.110695,0.676383
29.880000,0.635940,-1.311009,0.807082,0.596195,1.324672,0.788145,0.922341,-0.832949,0.783750,-1.093788,1.067048,0.759047,-1.099673,-1.077649,0.799406,1.507116,-0.032460,0.776656,-0.517914,-1.013878,0.788979,0.721879,1.433836,0.794413,-1.370872,0.813787,0.790996,0.537803,-1.523156,0.760715,1.469636,0.147498,0.800363,-1.011648,1.127171,0.790570,0.359630,1.526870,0.798839,-1.384553,-0.694972,0.774477,1.009169,0.759089,0.869136,-1.412431,-0.556955,0.901564,-0.228994,1.066729,0.706921,0.850349,-1.432063,0.457153,-1.016579,0.155660,0.779908,1.504944,0.113258,0.676052
29.900000,0.647945,-1.284329,0.822862,0.604258,1.343144,0.789743,0.900521,-0.811631,0.798989,-1.088139,1.064636,0.764763,-1.069352,-1.078370,0.814951,1.524805,-0.039679,0.777668,-0.503547,-0.985134,0.804887,0.714692,1.440388,0.796252,-1.360129,0.783218,0.806241,0.536465,-1.533653,0.763666,1.449273,0.170114,0.816196,-1.024470,1.134281,0.792616,0.331910,1.512957,0.814350,-1.387359,-0.696217,0.776413,0.980807,0.748127,0.887192,-1.423687,-0.539283,0.903765,-0.212015,1.038038,0.716002,0.847568,-1.436761,0.450881,-0.986423,0.157953,0.793419,1.510447,0.116076,0.674935
29.920000,0.660109,-1.257291,0.838665,0.612066,1.360427,0.790403,0.878818,-0.790366,0.814335,-1.082209,1.061766,0.769649,-1.038687,-1.079235,0.830507,1.541501,-0.046775,0.777708,-0.489331,-0.956268,0.820822,0.706852,1.446176,0.797126,-1.349415,0.752445,0.821536,0.534937,-1.543581,0.765709,1.428664,0.192867,0.832061,-1.036290,1.140922,0.793731,0.304141,1.499025,0.829889,-1.389459,-0.696826,0.777351,0.952226,0.737516,0.905278,-1.434285,-0.521838,0.904661,-0.195093,1.009267,0.724953,0.844528,-1.440198,0.444101,-0.956171,0.160305,0.806901,1.514533,0.119140,0.673086
29.940000,0.672426,-1.229920,0.854473,0.619621,1.376492,0.790209,0.857234,-0.769163,0.829769,-1.076173,1.058496,0.773609,-1.007698,-1.080240,0.846054,1.557211,-0.053709,0.776870,-0.475277,-0.927292,0.836766,0.698396,1.451271,0.797038,-1.338733,0.721478,0.836864,0.533232,-1.552978,0.766928,1.407828,0.215748,0.847940,-1.047111,1.147102,0.794001,0.276336,1.485087,0.845438,-1.390854,-0.696861,0.777359,0.923440,0.727251,0.923370,-1.444245,-0.504718,0.904278,-0.178235,0.980438,0.733764,0.841200,-1.442458,0.436914,-0.925851,0.162720,0.820338,1.517257,0.122439,0.670559
29.960000,0.684892,-1.202240,0.870268,0.626923,1.391340,0.789162,0.835771,-0.748029,0.845273,-1.070032,1.054826,0.776643,-0.976405,-1.081382,0.861576,1.571933,-0.060483,0.775153,-0.461399,-0.898221,0.852698,0.689323,1.455672,0.795989,-1.328087,0.690329,0.852208,0.531351,-1.561843,0.767321,1.386786,0.238748,0.863816,-1.056933,1.152823,0.793427,0.248511,1.471155,0.860977,-1.391545,-0.696322,0.776438,0.894461,0.717325,0.941441,-1.453566,-0.487922,0.902616,-0.161447,0.951576,0.742427,0.837582,-1.443539,0.429320,-0.895490,0.165204,0.833719,1.518619,0.125974,0.667355
29.980000,0.697502,-1.174275,0.886034,0.633973,1.404971,0.787261,0.814433,-0.726973,0.860829,-1.063785,1.050757,0.778750,-0.944828,-1.082658,0.877054,1.585668,-0.067094,0.772556,-0.447708,-0.869070,0.868599,0.679633,1.459380,0.793980,-1.317480,0.659008,0.867551,0.529294,-1.570176,0.766890,1.365557,0.261857,0.879671,-1.065755,1.158084,0.792008,0.220679,1.457238,0.876489,-1.391531,-0.695208,0.774587,0.865301,0.707732,0.959466,-1.462249,-0.471451,0.899676,-0.144734,0.922705,0.750934,0.833677,-1.443442,0.421319,-0.865115,0.167761,0.847028,1.518620,0.129745,0.663472
30.000000,0.710249,-1.146049,0.901753,0.640771,1.417385,0.784506,0.793221,-0.706001,0.876417,-1.057432,1.046287,0.779931,-0.912985,-1.084065,0.892472,1.598417,-0.073545,0.769081,-0.434218,-0.839851,0.884450,0.669327,1.462395,0.791008,-1.306916,0.627526,0.882878,0.527061,-1.577977,0.765632,1.344162,0.285068,0.895490,-1.073579,1.162885,0.789746,0.192855,1.443350,0.891955,-1.390814,-0.693519,0.771806,0.835975,0.698465,0.977419,-1.470293,-0.455304,0.895458,-0.128102,0.893847,0.759277,0.829483,-1.442168,0.412911,-0.834754,0.170395,0.860253,1.517259,0.133751,0.658911
30.020000,0.723131,-1.117587,0.917409,0.647318,1.428573,0.780994,0.772136,-0.685123,0.892020,-1.051040,1.041456,0.780203,-0.880897,-1.085599,0.907812,1.610194,-0.079807,0.764831,-0.420939,-0.810578,0.900233,0.658463,1.464743,0.787117,-1.296398,0.595893,0.898172,0.524662,-1.585275,0.763643,1.322621,0.308370,0.911256,-1.080419,1.167229,0.786732,0.165051,1.429501,0.907356,-1.389386,-0.691334,0.768182,0.806494,0.689517,0.995276,-1.477694,-0.439588,0.890033,-0.111557,0.865025,0.767448,0.824971,-1.439776,0.404183,-0.804433,0.173112,0.873380,1.514589,0.137978,0.653745
30.040000,0.736141,-1.088914,0.932988,0.653617,1.438528,0.776820,0.751179,-0.664345,0.907619,-1.044675,1.036304,0.779585,-0.848584,-1.087256,0.923061,1.621014,-0.085854,0.759912,-0.407882,-0.781265,0.915929,0.647101,1.466452,0.782347,-1.285931,0.564118,0.913419,0.522105,-1.592097,0.761015,1.300952,0.331754,0.926955,-1.086294,1.171118,0.783060,0.137284,1.415700,0.922677,-1.387241,-0.688730,0.763799,0.776871,0.680878,1.013013,-1.484447,-0.424410,0.883473,-0.095105,0.836263,0.775443,0.820112,-1.436328,0.395221,-0.774179,0.175916,0.886399,1.510665,0.142407,0.648045
30.060000,0.749274,-1.060055,0.948477,0.659668,1.447249,0.771985,0.730349,-0.643673,0.923197,-1.038336,1.030830,0.778077,-0.816063,-1.089032,0.938204,1.630879,-0.091685,0.754323,-0.395058,-0.751924,0.931521,0.635241,1.467521,0.776697,-1.275515,0.532212,0.928608,0.519392,-1.598443,0.757748,1.279175,0.355211,0.942574,-1.091203,1.174554,0.778728,0.109566,1.401955,0.937903,-1.384380,-0.685706,0.758659,0.747120,0.672537,1.030607,-1.490553,-0.409770,0.875778,-0.078755,0.807579,0.783255,0.814905,-1.431824,0.386027,-0.744015,0.178810,0.899299,1.505487,0.147039,0.641810
30.080000,0.762526,-1.031033,0.963863,0.665472,1.454737,0.766489,0.709645,-0.623114,0.938736,-1.032023,1.025035,0.775679,-0.783355,-1.090922,0.953229,1.639786,-0.097300,0.748065,-0.382476,-0.722569,0.946991,0.622883,1.467950,0.770168,-1.265156,0.500184,0.943725,0.516521,-1.604313,0.753842,1.257310,0.378733,0.958100,-1.095146,1.177536,0.773739,0.081913,1.388274,0.953018,-1.380802,-0.682262,0.752759,0.717254,0.664483,1.048037,-1.496012,-0.395668,0.866949,-0.062512,0.778997,0.790882,0.809351,-1.426263,0.376599,-0.713968,0.181799,0.912068,1.499054,0.151875,0.635043
30.100000,0.775891,-1.001873,0.979132,0.671028,1.460991,0.760332,0.689068,-0.602674,0.954218,-1.025737,1.018917,0.772390,-0.750478,-1.092922,0.968122,1.647737,-0.102700,0.741137,-0.370146,-0.693211,0.962322,0.610027,1.467739,0.762760,-1.254856,0.468043,0.958758,0.513494,-1.609708,0.749298,1.235376,0.402310,0.973519,-1.098123,1.180063,0.768090,0.054339,1.374667,0.968008,-1.376507,-0.678400,0.746102,0.687284,0.656707,1.065278,-1.500823,-0.382104,0.856984,-0.046383,0.750536,0.798318,0.803449,-1.419646,0.366938,-0.684061,0.184886,0.924697,1.491366,0.156913,0.627741
30.120000,0.789365,-0.972601,0.994273,0.676337,1.466017,0.753604,0.668615,-0.582360,0.969626,-1.019484,1.012484,0.768253,-0.717452,-1.095028,0.982871,1.654754,-0.107869,0.733639,-0.358078,-0.663863,0.977496,0.596732,1.466920,0.754533,-1.244617,0.435798,0.973693,0.510315,-1.614642,0.744205,1.213392,0.425933,0.988820,-1.100158,1.182140,0.761868,0.026858,1.361140,0.982858,-1.371483,-0.674187,0.738782,0.657225,0.649195,1.082309,-1.505001,-0.369100,0.845993,-0.030376,0.722217,0.805558,0.797155,-1.412041,0.357118,-0.654321,0.188077,0.937175,1.482481,0.162140,0.619980
30.140000,0.802943,-0.943241,1.009273,0.681401,1.469822,0.746395,0.648288,-0.562177,0.984943,-1.013271,1.005740,0.763308,-0.684294,-1.097235,0.997465,1.660860,-0.112791,0.725670,-0.346279,-0.634538,0.992498,0.583057,1.465525,0.745547,-1.234444,0.403460,0.988523,0.506989,-1.619130,0.738654,1.191376,0.449592,1.003991,-1.101274,1.183769,0.755158,-0.000515,1.347701,0.997555,-1.365716,-0.669695,0.730895,0.627088,0.641939,1.099111,-1.508560,-0.356678,0.834081,-0.014500,0.694060,0.812602,0.790425,-1.403517,0.347210,-0.624770,0.191373,0.949493,1.472455,0.167541,0.611833
30.160000,0.816619,-0.913816,1.024125,0.686220,1.472405,0.738706,0.628084,-0.542132,1.000153,-1.007096,0.998686,0.757556,-0.651023,-1.099538,1.011895,1.666054,-0.117467,0.717231,-0.334758,-0.605246,1.007313,0.569003,1.463555,0.735802,-1.224339,0.371036,1.003236,0.503515,-1.623173,0.732647,1.169347,0.473280,1.019023,-1.101472,1.184949,0.747960,-0.027766,1.334355,1.012090,-1.359207,-0.664923,0.722442,0.596887,0.634924,1.115666,-1.511500,-0.344839,0.821251,0.001238,0.666083,0.819446,0.783257,-1.394072,0.337216,-0.595430,0.194779,0.961645,1.461288,0.173115,0.603302
30.180000,0.830390,-0.884353,1.038818,0.690793,1.473765,0.730536,0.608004,-0.522232,1.015240,-1.000961,0.991322,0.750996,-0.617658,-1.101932,1.026151,1.670336,-0.121896,0.708321,-0.323522,-0.575999,1.021925,0.554568,1.461008,0.725297,-1.214304,0.338536,1.017825,0.499894,-1.626771,0.726182,1.147323,0.496987,1.033906,-1.100751,1.185682,0.740273,-0.054879,1.321106,1.026449,-1.351956,-0.659871,0.713421,0.566632,0.628141,1.131955,-1.513820,-0.333582,0.807500,0.016828,0.638304,0.826090,0.775653,-1.383709,0.327134,-0.566326,0.198299,0.973623,1.448981,0.178863,0.594385
30.200000,0.844250,-0.854874,1.053343,0.695121,1.473904,0.721886,0.588046,-0.502481,1.030188,-0.994865,0.983648,0.743629,-0.584216,-1.104412,1.040224,1.673707,-0.126079,0.698940,-0.312578,-0.546810,1.036320,0.539754,1.457886,0.714033,-1.204344,0.305968,1.032281,0.496127,-1.629924,0.719260,1.125323,0.520705,1.048630,-1.099112,1.185967,0.732099,-0.081839,1.307962,1.040623,-1.343963,-0.654539,0.703834,0.536338,0.621577,1.147960,-1.515522,-0.322908,0.792830,0.032261,0.610741,0.832531,0.767613,-1.372426,0.316966,-0.537479,0.201935,0.985418,1.435532,0.184784,0.585083
30.220000,0.858193,-0.825405,1.067691,0.699205,1.472841,0.712831,0.568209,-0.482888,1.044980,-0.988772,0.975650,0.735518,-0.550716,-1.106974,1.054106,1.676188,-0.130009,0.689174,-0.301934,-0.517688,1.050482,0.524625,1.454204,0.702087,-1.194460,0.273342,1.046593,0.492211,-1.632632,0.711959,1.103364,0.544423,1.063187,-1.096578,1.185809,0.723505,-0.108632,1.294926,1.054600,-1.335225,-0.648981,0.693774,0.506016,0.615221,1.163663,-1.516606,-0.312813,0.777376,0.047529,0.583412,0.838768,0.759103,-1.360299,0.306768,-0.508912,0.205691,0.997024,1.421001,0.190867,0.575466
30.240000,0.872216,-0.795968,1.081854,0.703046,1.470595,0.703447,0.548495,-0.463458,1.059604,-0.982646,0.967315,0.726726,-0.517174,-1.109611,1.067789,1.677798,-0.133681,0.679106,-0.291595,-0.488645,1.064399,0.509249,1.449977,0.689535,-1.184656,0.240666,1.060757,0.488148,-1.634896,0.704358,1.081466,0.568134,1.077568,-1.093172,1.185211,0.714564,-0.135243,1.282004,1.068371,-1.325738,-0.643249,0.683333,0.475678,0.609061,1.179051,-1.517077,-0.303298,0.761272,0.062622,0.556334,0.844802,0.750093,-1.347405,0.296595,-0.480646,0.209571,1.008435,1.405443,0.197098,0.565605
30.260000,0.886313,-0.766589,1.095827,0.706644,1.467166,0.693733,0.528904,-0.444197,1.074045,-0.976487,0.958643,0.717252,-0.483610,-1.112319,1.081268,1.678538,-0.137093,0.668738,-0.281565,-0.459692,1.078059,0.493623,1.445206,0.676377,-1.174935,0.207949,1.074766,0.483937,-1.636716,0.696457,1.059643,0.591829,1.091767,-1.088893,1.184173,0.705273,-0.161657,1.269197,1.081930,-1.315503,-0.637344,0.672513,0.445337,0.603085,1.194110,-1.516932,-0.294360,0.744519,0.077529,0.529521,0.850632,0.740583,-1.333744,0.286447,-0.452701,0.213576,1.019647,1.388861,0.203478,0.555500
30.280000,0.900480,-0.737289,1.109602,0.709998,1.462555,0.683691,0.509436,-0.425114,1.088289,-0.970294,0.949634,0.707096,-0.450039,-1.115093,1.094537,1.678408,-0.140246,0.658068,-0.271851,-0.430840,1.091450,0.477749,1.439890,0.662613,-1.165300,0.175200,1.088613,0.479579,-1.638093,0.688257,1.037916,0.615498,1.105777,-1.083743,1.182696,0.695634,-0.187858,1.256511,1.095269,-1.304519,-0.631265,0.661314,0.415005,0.597283,1.208827,-1.516173,-0.286001,0.727117,0.092242,0.502989,0.856260,0.730572,-1.319316,0.276325,-0.425098,0.217711,1.030654,1.371253,0.210006,0.545151
30.300000,0.914712,-0.708094,1.123172,0.713109,1.456761,0.673320,0.490092,-0.406214,1.102324,-0.964069,0.940289,0.696260,-0.416479,-1.117927,1.107589,1.677409,-0.143140,0.647098,-0.262457,-0.402100,1.104560,0.461627,1.434030,0.648244,-1.155753,0.142428,1.102294,0.475072,-1.639025,0.679756,1.016300,0.639134,1.119590,-1.077720,1.180779,0.685646,-0.213832,1.243948,1.108380,-1.292787,-0.625013,0.649734,0.384694,0.591641,1.223190,-1.514800,-0.278220,0.709065,0.106749,0.476754,0.861686,0.720060,-1.304120,0.266229,-0.397858,0.221977,1.041451,1.352619,0.216683,0.534557
30.320000,0.929003,-0.679027,1.136533,0.715977,1.449817,0.662678,0.470874,-0.387505,1.116136,-0.957751,0.930579,0.684831,-0.382948,-1.120817,1.120419,1.675558,-0.145775,0.635895,-0.253387,-0.373483,1.117377,0.445320,1.427619,0.633345,-1.146298,0.109642,1.115802,0.470412,-1.639501,0.671018,0.994812,0.662726,1.133201,-1.070853,1.178424,0.675365,-0.239565,1.231511,1.121257,-1.280308,-0.618626,0.637855,0.354417,0.586150,1.237186,-1.512803,-0.270986,0.690503,0.121041,0.450829,0.866910,0.709029,-1.288230,0.256196,-0.371000,0.226379,1.052035,1.333009,0.223497,0.523779
30.340000,0.943349,-0.650109,1.149678,0.718602,1.441753,0.651823,0.451783,-0.368994,1.129714,-0.951282,0.920479,0.672902,-0.349462,-1.123757,1.133024,1.672877,-0.148152,0.624531,-0.244645,-0.344999,1.129891,0.428892,1.420649,0.617996,-1.136938,0.076851,1.129133,0.465593,-1.639506,0.662102,0.973471,0.686268,1.146603,-1.063170,1.175631,0.664848,-0.265040,1.219203,1.133893,-1.267081,-0.612142,0.625754,0.324186,0.580798,1.250808,-1.510174,-0.264271,0.671567,0.135107,0.425228,0.871934,0.697461,-1.271719,0.246267,-0.344543,0.230918,1.062401,1.312474,0.230436,0.512873
30.360000,0.957746,-0.621364,1.162604,0.720983,1.432570,0.640755,0.432823,-0.350688,1.143049,-0.944661,0.909987,0.660471,-0.316038,-1.126741,1.145399,1.669365,-0.150270,0.613004,-0.236233,-0.316661,1.142093,0.412343,1.413120,0.602195,-1.127675,0.044065,1.142285,0.460615,-1.639041,0.653010,0.952291,0.709749,1.159793,-1.054671,1.172400,0.654095,-0.290243,1.207026,1.146285,-1.253106,-0.605560,0.613433,0.294014,0.575576,1.264047,-1.506912,-0.258072,0.652258,0.148936,0.399964,0.876761,0.685355,-1.254588,0.236441,-0.318507,0.235597,1.072549,1.291014,0.237500,0.501842
30.380000,0.972187,-0.592814,1.175307,0.723122,1.422268,0.629475,0.413998,-0.332597,1.156129,-0.937889,0.899105,0.647539,-0.282693,-1.129766,1.157543,1.665022,-0.152130,0.601314,-0.228152,-0.288478,1.153975,0.395673,1.405033,0.585942,-1.118514,0.011293,1.155253,0.455478,-1.638106,0.643741,0.931289,0.733161,1.172766,-1.045355,1.168732,0.643106,-0.315159,1.194982,1.158429,-1.238385,-0.598882,0.600891,0.263914,0.570472,1.276896,-1.503017,-0.252391,0.632577,0.162517,0.375049,0.881392,0.672711,-1.236836,0.226717,-0.292909,0.240419,1.082474,1.268628,0.244690,0.490683
30.400000,0.986669,-0.564481,1.187782,0.725017,1.410848,0.617981,0.395309,-0.314727,1.168947,-0.930965,0.887831,0.634105,-0.249443,-1.132825,1.169451,1.659847,-0.153731,0.589462,-0.220406,-0.260463,1.165528,0.378882,1.396387,0.569239,-1.109457,-0.021456,1.168033,0.450182,-1.636700,0.634296,0.910482,0.756495,1.185516,-1.035222,1.164626,0.631880,-0.339773,1.183072,1.170319,-1.222916,-0.592106,0.588128,0.233898,0.565477,1.289347,-1.498489,-0.247227,0.612522,0.175841,0.350495,0.885830,0.659530,-1.218463,0.217096,-0.267768,0.245386,1.092175,1.245316,0.252005,0.479399
30.420000,1.001186,-0.536387,1.200025,0.726666,1.398352,0.606316,0.376761,-0.297086,1.181491,-0.923817,0.876134,0.620252,-0.216305,-1.135913,1.181120,1.653865,-0.155079,0.577503,-0.212997,-0.232627,1.176742,0.362022,1.387147,0.552154,-1.100508,-0.054172,1.180624,0.444719,-1.634804,0.624719,0.889886,0.779743,1.198039,-1.024306,1.160091,0.620459,-0.364071,1.171298,1.181953,-1.206705,-0.585253,0.575210,0.203978,0.560580,1.301395,-1.493307,-0.242529,0.592219,0.188895,0.326314,0.890077,0.645800,-1.199524,0.207595,-0.243102,0.250500,1.101650,1.221129,0.259426,0.468030
30.440000,1.015734,-0.508554,1.212033,0.728069,1.384825,0.594521,0.358358,-0.279685,1.193755,-0.916371,0.863978,0.606058,-0.183294,-1.139026,1.192550,1.647100,-0.156180,0.565493,-0.205926,-0.204981,1.187612,0.345144,1.377279,0.534759,-1.091670,-0.086845,1.193022,0.439079,-1.632398,0.615054,0.869515,0.802896,1.210333,-1.012640,1.155137,0.608885,-0.388037,1.159662,1.193327,-1.189760,-0.578342,0.562203,0.174170,0.555773,1.313035,-1.487449,-0.238244,0.571795,0.201669,0.302518,0.894135,0.631510,-1.180075,0.198233,-0.218928,0.255763,1.110896,1.196116,0.266934,0.456620
30.460000,1.030307,-0.481001,1.223805,0.729224,1.370268,0.582595,0.340108,-0.262530,1.205731,-0.908627,0.851364,0.591525,-0.150426,-1.142159,1.203740,1.639551,-0.157033,0.553431,-0.199192,-0.177540,1.198131,0.328250,1.366783,0.517053,-1.082946,-0.119464,1.205225,0.433262,-1.629481,0.605302,0.849385,0.825946,1.222394,-1.000223,1.149764,0.597156,-0.411656,1.148165,1.204440,-1.172079,-0.571374,0.549106,0.144485,0.551047,1.324266,-1.480913,-0.234373,0.551248,0.214151,0.279115,0.898007,0.616659,-1.160115,0.189009,-0.195263,0.261178,1.119914,1.170277,0.274528,0.445168
30.480000,1.044901,-0.453750,1.235336,0.730133,1.354680,0.570539,0.322015,-0.245633,1.217413,-0.900586,0.838292,0.576653,-0.117717,-1.145306,1.214687,1.631218,-0.157638,0.541316,-0.192796,-0.150314,1.208292,0.311338,1.355658,0.499036,-1.074340,-0.152021,1.217233,0.427269,-1.626053,0.595463,0.829511,0.848884,1.234218,-0.987056,1.143972,0.585274,-0.434915,1.136807,1.215291,-1.153663,-0.564348,0.535920,0.114938,0.546395,1.335084,-1.473701,-0.230915,0.530579,0.226331,0.256116,0.901696,0.601248,-1.139645,0.179922,-0.172123,0.266745,1.128703,1.143612,0.282209,0.433674
30.500000,1.059511,-0.426821,1.246625,0.730794,1.338061,0.558353,0.304086,-0.229002,1.228795,-0.892248,0.824762,0.561442,-0.085182,-1.148463,1.225392,1.622101,-0.157996,0.529151,-0.186738,-0.123318,1.218090,0.294408,1.343905,0.480709,-1.065856,-0.184503,1.229043,0.421100,-1.622115,0.585537,0.809908,0.871702,1.245804,-0.973138,1.137761,0.573239,-0.457798,1.125591,1.225877,-1.134512,-0.557265,0.522646,0.085541,0.541808,1.345488,-1.465812,-0.227871,0.509789,0.238198,0.233532,0.905205,0.585277,-1.118663,0.170974,-0.149524,0.272467,1.137261,1.116122,0.289976,0.422139
30.520000,1.074131,-0.400234,1.257670,0.731209,1.320480,0.546067,0.286328,-0.212646,1.239869,-0.883546,0.810760,0.545970,-0.052838,-1.151624,1.235853,1.612225,-0.158118,0.516971,-0.181019,-0.096563,1.227519,0.277513,1.331475,0.462136,-1.057498,-0.216902,1.240654,0.414745,-1.617651,0.575555,0.790590,0.894391,1.257147,-0.958507,1.131136,0.561081,-0.480290,1.114517,1.236196,-1.114631,-0.550130,0.509327,0.056310,0.537278,1.355476,-1.457226,-0.225178,0.488982,0.249739,0.211373,0.908536,0.568764,-1.097229,0.162165,-0.127483,0.278344,1.145588,1.087860,0.297797,0.410589
30.540000,1.088757,-0.374007,1.268468,0.731376,1.302002,0.533711,0.268747,-0.196575,1.250632,-0.874416,0.796269,0.530316,-0.020698,-1.154786,1.246071,1.601613,-0.158016,0.504817,-0.175637,-0.070063,1.236574,0.260704,1.318321,0.443384,-1.049268,-0.249206,1.252065,0.408198,-1.612644,0.565546,0.771572,0.916944,1.268246,-0.943202,1.124101,0.548832,-0.502378,1.103586,1.246250,-1.094025,-0.542951,0.496010,0.027257,0.532799,1.365048,-1.447923,-0.222770,0.468267,0.260945,0.189646,0.911693,0.551728,-1.075400,0.153498,-0.106014,0.284379,1.153684,1.058880,0.305637,0.399048
30.560000,1.103385,-0.348160,1.279018,0.731297,1.282629,0.521286,0.251354,-0.180798,1.261081,-0.864858,0.781291,0.514481,0.011222,-1.157943,1.256046,1.590264,-0.157688,0.492688,-0.170591,-0.043835,1.245253,0.243980,1.304441,0.424453,-1.041171,-0.281404,1.263276,0.401459,-1.607095,0.555512,0.752867,0.939353,1.279100,-0.927221,1.116656,0.536493,-0.524047,1.092799,1.256037,-1.072693,-0.535726,0.482696,-0.001602,0.528365,1.374207,-1.437904,-0.220650,0.447644,0.271805,0.168359,0.914677,0.534170,-1.053176,0.144973,-0.085133,0.290570,1.161550,1.029183,0.313497,0.387519
30.580000,1.118008,-0.322708,1.289319,0.730970,1.262361,0.508791,0.234156,-0.165326,1.271210,-0.854872,0.765825,0.498464,0.042907,-1.161092,1.265779,1.578180,-0.157137,0.480585,-0.165877,-0.017891,1.253551,0.227342,1.289837,0.405342,-1.033211,-0.313486,1.274286,0.394526,-1.601003,0.545451,0.734488,0.961608,1.289706,-0.910566,1.108803,0.524064,-0.545281,1.082157,1.265558,-1.050635,-0.528457,0.469383,-0.030254,0.523971,1.382954,-1.427168,-0.218816,0.427111,0.282308,0.147521,0.917493,0.516089,-1.030557,0.136589,-0.064852,0.296919,1.169185,0.998767,0.321376,0.376000
30.600000,1.132622,-0.297671,1.299369,0.730396,1.241197,0.496227,0.217162,-0.150168,1.281018,-0.844458,0.749871,0.482266,0.074344,-1.164227,1.275270,1.565359,-0.156361,0.468506,-0.161496,0.007754,1.261466,0.210789,1.274508,0.386053,-1.025391,-0.345440,1.285094,0.387400,-1.594369,0.535365,0.716449,0.983702,1.300062,-0.893237,1.100540,0.511544,-0.566067,1.071661,1.274812,-1.027853,-0.521143,0.456072,-0.058684,0.519611,1.391292,-1.415716,-0.217269,0.406671,0.292445,0.127140,0.920142,0.497485,-1.007542,0.128346,-0.045187,0.303425,1.176590,0.967633,0.329275,0.364491
30.620000,1.147222,-0.273066,1.309167,0.729571,1.219210,0.483613,0.200381,-0.135335,1.290500,-0.833559,0.733425,0.465954,0.105517,-1.167345,1.284519,1.551826,-0.155372,0.456466,-0.157445,0.033085,1.268993,0.194357,1.258420,0.366650,-1.017716,-0.377257,1.295700,0.380075,-1.587180,0.525271,0.698763,1.005627,1.310167,-0.875274,1.091869,0.498955,-0.586390,1.061312,1.283801,-1.004353,-0.513782,0.442797,-0.086878,0.515279,1.399222,-1.403528,-0.215942,0.386400,0.302204,0.107222,0.922627,0.478397,-0.984183,0.120233,-0.026151,0.310090,1.183765,0.935845,0.337148,0.353007
30.640000,1.161803,-0.248908,1.318713,0.728488,1.196470,0.470965,0.183823,-0.120835,1.299656,-0.822119,0.716484,0.449595,0.136412,-1.170441,1.293529,1.537604,-0.154180,0.444478,-0.153721,0.058086,1.276131,0.178078,1.241540,0.347200,-1.010190,-0.408924,1.306105,0.372544,-1.579423,0.515187,0.681442,1.027374,1.320020,-0.856721,1.082792,0.486319,-0.606237,1.051110,1.292525,-0.980146,-0.506372,0.429592,-0.114820,0.510972,1.406750,-1.390585,-0.214771,0.366378,0.311577,0.087774,0.924952,0.458864,-0.960528,0.112235,-0.007757,0.316911,1.190711,0.903464,0.344949,0.341561
30.660000,1.176360,-0.225212,1.328006,0.727147,1.172978,0.458285,0.167500,-0.106679,1.308484,-0.810139,0.699048,0.433190,0.167017,-1.173511,1.302299,1.522693,-0.152785,0.432542,-0.150321,0.082741,1.282880,0.161952,1.223868,0.327703,-1.002816,-0.440430,1.316308,0.364807,-1.571100,0.505113,0.664498,1.048936,1.329619,-0.837576,1.073309,0.473637,-0.625592,1.041057,1.300985,-0.955231,-0.498912,0.416457,-0.142496,0.506687,1.413879,-1.376886,-0.213754,0.346604,0.320556,0.068803,0.927117,0.438887,-0.936579,0.104355,0.009984,0.323887,1.197428,0.870490,0.352679,0.330154
30.680000,1.190887,-0.201994,1.337044,0.725550,1.148733,0.445573,0.151421,-0.092876,1.316983,-0.797618,0.681117,0.416739,0.197316,-1.176551,1.310831,1.507093,-0.151188,0.420659,-0.147242,0.107035,1.289239,0.145981,1.205405,0.308159,-0.995599,-0.471764,1.326309,0.356864,-1.562208,0.495049,0.647943,1.070304,1.338965,-0.817841,1.063420,0.460907,-0.644441,1.031154,1.309183,-0.929609,-0.491404,0.403391,-0.169891,0.502421,1.420616,-1.362433,-0.212893,0.327080,0.329130,0.050313,0.929127,0.418464,-0.912335,0.096590,0.027059,0.331017,1.203917,0.836925,0.360337,0.318784
30.700000,1.205380,-0.179268,1.345829,0.723695,1.123737,0.432828,0.135598,-0.079437,1.325153,-0.784556,0.662690,0.400242,0.227296,-1.179557,1.319125,1.490803,-0.149389,0.408828,-0.144481,0.130952,1.295206,0.130164,1.186149,0.288568,-0.988543,-0.502915,1.336110,0.348715,-1.552750,0.484995,0.631788,1.091470,1.348055,-0.797514,1.053125,0.448131,-0.662771,1.021402,1.317121,-0.903278,-0.483846,0.390395,-0.196989,0.498170,1.426964,-1.347225,-0.212187,0.307804,0.337291,0.032311,0.930982,0.397597,-0.887797,0.088942,0.043457,0.338300,1.210179,0.802768,0.367923,0.307454
30.720000,1.219833,-0.157049,1.354357,0.721572,1.098063,0.420062,0.120043,-0.066372,1.332993,-0.770917,0.643783,0.383757,0.256943,-1.182525,1.327184,1.473839,-0.147400,0.397054,-0.142034,0.154476,1.300782,0.114519,1.166079,0.269001,-0.981651,-0.533870,1.345709,0.340356,-1.542722,0.474950,0.616046,1.112426,1.356890,-0.776642,1.042417,0.435320,-0.680568,1.011801,1.324800,-0.876257,-0.476252,0.377481,-0.223775,0.493933,1.432930,-1.331256,-0.211576,0.288827,0.345031,0.014803,0.932685,0.376341,-0.863004,0.081392,0.059166,0.345733,1.216215,0.768102,0.375385,0.296168
30.740000,1.234241,-0.135349,1.362631,0.719169,1.071786,0.407284,0.104766,-0.053689,1.340504,-0.756663,0.624411,0.367344,0.286245,-1.185452,1.335008,1.456216,-0.145237,0.385341,-0.139899,0.177590,1.305967,0.099067,1.145176,0.249528,-0.974930,-0.564620,1.355108,0.331782,-1.532124,0.464912,0.600726,1.133164,1.365468,-0.755269,1.031291,0.422485,-0.697817,1.002352,1.332221,-0.848565,-0.468634,0.364665,-0.250234,0.489707,1.438519,-1.314521,-0.211000,0.270196,0.352343,-0.002207,0.934238,0.354752,-0.837997,0.073919,0.074178,0.353314,1.222026,0.733011,0.382673,0.284934
30.760000,1.248598,-0.114181,1.370649,0.716487,1.044908,0.394494,0.089780,-0.041398,1.347687,-0.741795,0.604574,0.351001,0.315187,-1.188334,1.342598,1.437933,-0.142898,0.373690,-0.138070,0.200277,1.310764,0.083807,1.123438,0.230151,-0.968382,-0.595151,1.364306,0.322994,-1.520956,0.454881,0.585838,1.153675,1.373789,-0.733395,1.019746,0.409627,-0.714506,0.993055,1.339387,-0.820200,-0.460993,0.351944,-0.276350,0.485493,1.443740,-1.297018,-0.210459,0.251913,0.359219,-0.018715,0.935642,0.332829,-0.812776,0.066524,0.088484,0.361039,1.227613,0.697496,0.389784,0.273752
30.780000,1.262899,-0.093557,1.378411,0.713527,1.017427,0.381694,0.075098,-0.029509,1.354544,-0.726313,0.584272,0.334731,0.343758,-1.191167,1.349956,1.418991,-0.140385,0.362100,-0.136545,0.222521,1.315174,0.068740,1.100866,0.210868,-0.962011,-0.625454,1.373303,0.313991,-1.509218,0.444857,0.571393,1.173951,1.381853,-0.711020,1.007782,0.396746,-0.730621,0.983912,1.346299,-0.791163,-0.453327,0.339321,-0.302109,0.481288,1.448598,-1.278748,-0.209953,0.233977,0.365654,-0.034717,0.936899,0.310573,-0.787342,0.059207,0.102075,0.368905,1.232977,0.661557,0.396721,0.262623
30.800000,1.277137,-0.073488,1.385916,0.710286,0.989344,0.368882,0.060732,-0.018031,1.361077,-0.710216,0.563505,0.318531,0.371943,-1.193948,1.357083,1.399390,-0.137696,0.350572,-0.135319,0.244306,1.319199,0.053865,1.077460,0.191680,-0.955823,-0.655516,1.382100,0.304773,-1.496910,0.434840,0.557401,1.193983,1.389659,-0.688145,0.995400,0.383842,-0.746148,0.974922,1.352960,-0.761454,-0.445638,0.326793,-0.327495,0.477094,1.453101,-1.259712,-0.209483,0.216388,0.371640,-0.050208,0.938011,0.287983,-0.761694,0.051968,0.114943,0.376907,1.238118,0.625193,0.403482,0.251545
30.820000,1.291308,-0.053987,1.393166,0.706750,0.960732,0.356063,0.046694,-0.006972,1.367286,-0.693494,0.542306,0.302449,0.399729,-1.196673,1.363979,1.379138,-0.134844,0.339098,-0.134389,0.265614,1.322842,0.039190,1.053219,0.172654,-0.949822,-0.685327,1.390697,0.295338,-1.484040,0.424812,0.543870,1.213764,1.397206,-0.664819,0.982588,0.370919,-0.761074,0.966087,1.359372,-0.731110,-0.437935,0.314364,-0.352493,0.472909,1.457256,-1.239917,-0.208995,0.199169,0.377171,-0.065183,0.938979,0.265123,-0.735859,0.044789,0.127080,0.385042,1.243039,0.588487,0.410020,0.240521
30.840000,1.305405,-0.035062,1.400159,0.702900,0.931664,0.343241,0.032996,0.003659,1.373176,-0.676137,0.520707,0.286529,0.427104,-1.199340,1.370647,1.358247,-0.131842,0.327670,-0.133750,0.286429,1.326107,0.024722,1.028145,0.153857,-0.944011,-0.714874,1.399092,0.285683,-1.470617,0.414755,0.530811,1.233284,1.404495,-0.641092,0.969333,0.357983,-0.775388,0.957405,1.365536,-0.700168,-0.430225,0.302037,-0.377087,0.468735,1.461071,-1.219373,-0.208436,0.182346,0.382243,-0.079641,0.939803,0.242054,-0.709862,0.037652,0.138481,0.393306,1.247740,0.551520,0.416285,0.229551
30.860000,1.319422,-0.016723,1.406895,0.698738,0.902141,0.330418,0.019652,0.013854,1.378749,-0.658145,0.498709,0.270773,0.454055,-1.201946,1.377086,1.336715,-0.128689,0.316289,-0.133399,0.306735,1.328998,0.010461,1.002235,0.135289,-0.938396,-0.744148,1.407287,0.275809,-1.456642,0.404670,0.518229,1.252534,1.411526,-0.616965,0.955637,0.345033,-0.789077,0.948878,1.371454,-0.668627,-0.422509,0.289810,-0.401263,0.464572,1.464553,-1.198080,-0.207806,0.165917,0.386852,-0.093577,0.940485,0.218777,-0.683703,0.030557,0.149140,0.401692,1.252221,0.514293,0.422279,0.218636
30.880000,1.333352,0.001021,1.413376,0.694262,0.872163,0.317591,0.006675,0.023605,1.384008,-0.639518,0.476312,0.255179,0.480568,-1.204487,1.383299,1.314544,-0.125386,0.304955,-0.133331,0.326513,1.331520,-0.003593,0.975491,0.116950,-0.932980,-0.773136,1.415279,0.265716,-1.442114,0.394556,0.506135,1.271506,1.418297,-0.592437,0.941498,0.332070,-0.802129,0.940505,1.377129,-0.636488,-0.414788,0.277685,-0.425005,0.460423,1.467710,-1.176038,-0.207105,0.149883,0.390993,-0.106988,0.941025,0.195292,-0.657383,0.023504,0.159051,0.410195,1.256485,0.476806,0.428001,0.207776
30.900000,1.347190,0.018160,1.419599,0.689473,0.841728,0.304763,-0.005924,0.032904,1.388957,-0.620255,0.453515,0.239748,0.506632,-1.206960,1.389285,1.291732,-0.121932,0.293668,-0.133541,0.345749,1.333677,-0.017439,0.947913,0.098840,-0.927769,-0.801829,1.423069,0.255403,-1.427034,0.384412,0.494535,1.290191,1.424808,-0.567509,0.926918,0.319093,-0.814533,0.932286,1.382562,-0.603750,-0.407060,0.265660,-0.448299,0.456289,1.470551,-1.153246,-0.206332,0.134243,0.394662,-0.119871,0.941425,0.171598,-0.630900,0.016494,0.168210,0.418810,1.260533,0.439058,0.433450,0.196970
30.920000,1.360929,0.034687,1.425566,0.684352,0.810907,0.291933,-0.018131,0.041743,1.393599,-0.600375,0.430368,0.224510,0.532233,-1.209363,1.395046,1.268288,-0.118339,0.282414,-0.134027,0.364424,1.335475,-0.031076,0.919513,0.081017,-0.922766,-0.830214,1.430655,0.244878,-1.411423,0.374222,0.483437,1.308580,1.431060,-0.542237,0.911885,0.306105,-0.826276,0.924222,1.387756,-0.570475,-0.399330,0.253729,-0.471130,0.452171,1.473082,-1.129730,-0.205447,0.119004,0.397856,-0.132223,0.941685,0.147768,-0.604279,0.009522,0.176612,0.427531,1.264365,0.401143,0.438604,0.186226
30.940000,1.374562,0.050595,1.431276,0.678882,0.779769,0.279105,-0.029935,0.050116,1.397939,-0.579898,0.406917,0.209494,0.557359,-1.211693,1.400582,1.244221,-0.114618,0.271179,-0.134783,0.382524,1.336920,-0.044501,0.890304,0.063540,-0.917975,-0.858282,1.438037,0.234148,-1.395304,0.363967,0.472847,1.326664,1.437053,-0.516679,0.896387,0.293107,-0.837349,0.916313,1.392712,-0.536726,-0.391600,0.241884,-0.493484,0.448072,1.475313,-1.105512,-0.204408,0.104175,0.400573,-0.144041,0.941806,0.123872,-0.577542,0.002586,0.184255,0.436352,1.267982,0.363155,0.443436,0.175549
30.960000,1.388082,0.065876,1.436730,0.673062,0.748311,0.266278,-0.041323,0.058018,1.401980,-0.558822,0.383165,0.194700,0.581998,-1.213947,1.405893,1.219529,-0.110770,0.259963,-0.135805,0.400031,1.338019,-0.057716,0.860285,0.046409,-0.913401,-0.886023,1.445213,0.223213,-1.378677,0.353647,0.462771,1.344432,1.442785,-0.490836,0.880426,0.280101,-0.847742,0.908558,1.397432,-0.502503,-0.383869,0.230125,-0.515346,0.443995,1.477252,-1.080594,-0.203214,0.089753,0.402811,-0.155324,0.941789,0.099911,-0.550689,-0.004315,0.191138,0.445267,1.271387,0.325094,0.447948,0.164941
30.980000,1.401482,0.080525,1.441928,0.666893,0.716536,0.253451,-0.052284,0.065441,1.405728,-0.537149,0.359110,0.180129,0.606136,-1.216123,1.410980,1.194214,-0.106794,0.248768,-0.137090,0.416930,1.338779,-0.070719,0.829458,0.029623,-0.909048,-0.913426,1.452182,0.212072,-1.361542,0.343261,0.453216,1.361878,1.448257,-0.464706,0.864001,0.267086,-0.857446,0.900958,1.401917,-0.467805,-0.376139,0.218451,-0.536703,0.439944,1.478906,-1.054975,-0.201865,0.075740,0.404569,-0.166068,0.941634,0.075885,-0.523719,-0.011181,0.197259,0.454268,1.274580,0.286960,0.452139,0.154402
31.000000,1.414755,0.094535,1.446868,0.660374,0.684443,0.240625,-0.062805,0.072380,1.409187,-0.514878,0.334753,0.165780,0.629762,-1.218218,1.415844,1.168274,-0.102690,0.237591,-0.138633,0.433204,1.339206,-0.083510,0.797821,0.013183,-0.904920,-0.940481,1.458943,0.200726,-1.343898,0.332810,0.444185,1.378989,1.453468,-0.438290,0.847112,0.254062,-0.866451,0.893513,1.406170,-0.432632,-0.368408,0.206864,-0.557540,0.435922,1.480284,-1.028655,-0.200361,0.062136,0.405845,-0.176272,0.941342,0.051794,-0.496633,-0.018011,0.202616,0.463350,1.277564,0.248753,0.456009,0.143930
31.020000,1.427895,0.107901,1.451553,0.653487,0.652094,0.227802,-0.072875,0.078829,1.412361,-0.492052,0.310142,0.151669,0.652863,-1.220230,1.420484,1.141721,-0.098469,0.226420,-0.140429,0.448837,1.339309,-0.096085,0.765406,-0.002867,-0.901020,-0.967179,1.465494,0.189193,-1.325777,0.322280,0.435685,1.395759,1.458419,-0.411646,0.829749,0.241030,-0.874748,0.886222,1.410192,-0.397083,-0.360678,0.195348,-0.577845,0.431931,1.481394,-1.001674,-0.198664,0.048936,0.406640,-0.185933,0.940914,0.027702,-0.469450,-0.024795,0.207209,0.472506,1.280338,0.210569,0.459548,0.133534
31.040000,1.440892,0.120618,1.455980,0.646214,0.619552,0.214980,-0.082484,0.084784,1.415255,-0.468711,0.285327,0.137810,0.675427,-1.222156,1.424901,1.114564,-0.094142,0.215239,-0.142475,0.463815,1.339095,-0.108435,0.732247,-0.018483,-0.897353,-0.993509,1.471834,0.177491,-1.307208,0.311656,0.427720,1.412176,1.463109,-0.384834,0.811901,0.227991,-0.882332,0.879086,1.413985,-0.361254,-0.352950,0.183890,-0.597603,0.427977,1.482244,-0.974073,-0.196732,0.036136,0.406954,-0.195049,0.940351,0.003677,-0.442189,-0.031522,0.211039,0.481730,1.282905,0.172508,0.462746,0.123219
31.060000,1.453741,0.132682,1.460152,0.638555,0.586816,0.202162,-0.091620,0.090241,1.417875,-0.444857,0.260308,0.124205,0.697442,-1.223995,1.429093,1.086804,-0.089709,0.204049,-0.144765,0.478122,1.338572,-0.120563,0.698343,-0.033663,-0.893922,-1.019464,1.477960,0.165619,-1.288191,0.300939,0.420293,1.428232,1.467539,-0.357854,0.793569,0.214946,-0.889197,0.872104,1.417548,-0.325145,-0.345224,0.172490,-0.616803,0.424063,1.482843,-0.945852,-0.194566,0.023736,0.406788,-0.203620,0.939653,-0.020283,-0.414849,-0.038191,0.214110,0.491014,1.285267,0.134567,0.465604,0.112986
31.080000,1.466432,0.144089,1.464067,0.630510,0.553887,0.189346,-0.100275,0.095195,1.420225,-0.420489,0.235085,0.110852,0.718895,-1.225744,1.433062,1.058440,-0.085170,0.192849,-0.147296,0.491744,1.337751,-0.132466,0.663693,-0.048409,-0.890729,-1.045034,1.483871,0.153578,-1.268727,0.290129,0.413407,1.443916,1.471707,-0.330705,0.774753,0.201893,-0.895336,0.865277,1.420885,-0.288758,-0.337499,0.161147,-0.635433,0.420196,1.483197,-0.917011,-0.192166,0.011737,0.406143,-0.211643,0.938823,-0.044178,-0.387431,-0.044804,0.216423,0.500351,1.287425,0.096748,0.468122,0.102836
31.100000,1.478959,0.154836,1.467726,0.622079,0.520764,0.176533,-0.108437,0.099643,1.422311,-0.395608,0.209657,0.097752,0.739775,-1.227401,1.436807,1.029472,-0.080525,0.181640,-0.150062,0.504665,1.336639,-0.144146,0.628299,-0.062721,-0.887780,-1.070210,1.489564,0.141367,-1.248816,0.279225,0.407066,1.459219,1.475614,-0.303387,0.755453,0.188834,-0.900745,0.858604,1.423995,-0.252090,-0.329777,0.149862,-0.653480,0.416378,1.483315,-0.887550,-0.189532,0.000138,0.405021,-0.219117,0.937862,-0.068007,-0.359935,-0.051358,0.217981,0.509736,1.289381,0.059051,0.470299,0.092767
31.120000,1.491313,0.164919,1.471128,0.613249,0.487507,0.163728,-0.116096,0.103581,1.424137,-0.370285,0.184084,0.084912,0.760070,-1.228964,1.440328,0.999923,-0.075785,0.170412,-0.153060,0.516871,1.335245,-0.155601,0.592212,-0.076569,-0.885076,-1.094984,1.495039,0.129008,-1.228469,0.268216,0.401273,1.474131,1.479260,-0.275962,0.735670,0.175773,-0.905419,0.852086,1.426879,-0.215263,-0.322044,0.138631,-0.670931,0.412616,1.483205,-0.857517,-0.186623,-0.011073,0.403424,-0.226040,0.936770,-0.091710,-0.332389,-0.057829,0.218786,0.519161,1.291137,0.021574,0.472139,0.082792
31.140000,1.503486,0.174336,1.474275,0.604007,0.454175,0.150934,-0.123246,0.107006,1.425709,-0.344593,0.158425,0.072340,0.779769,-1.230432,1.443624,0.969815,-0.070963,0.159158,-0.156285,0.528349,1.333580,-0.166826,0.555486,-0.089925,-0.882620,-1.119346,1.500292,0.116520,-1.207700,0.257086,0.396028,1.488642,1.482645,-0.248491,0.715406,0.162714,-0.909355,0.845722,1.429540,-0.178395,-0.314291,0.127453,-0.687777,0.408915,1.482874,-0.826963,-0.183399,-0.021909,0.401354,-0.232412,0.935549,-0.115226,-0.304822,-0.064188,0.218846,0.528620,1.292694,-0.015581,0.473648,0.072921
31.160000,1.515470,0.183085,1.477166,0.594353,0.420768,0.138152,-0.129877,0.109917,1.427032,-0.318532,0.132680,0.060034,0.798859,-1.231802,1.446694,0.939147,-0.066058,0.147877,-0.159731,0.539086,1.331652,-0.177824,0.518119,-0.102789,-0.880416,-1.143289,1.505322,0.103903,-1.186507,0.245838,0.391333,1.502744,1.485769,-0.220974,0.694662,0.149658,-0.912554,0.839514,1.431978,-0.141486,-0.306517,0.116326,-0.704006,0.405282,1.482331,-0.795887,-0.179860,-0.032369,0.398816,-0.238233,0.934203,-0.138555,-0.277235,-0.070435,0.218165,0.538105,1.294054,-0.052415,0.474825,0.063153
31.180000,1.527257,0.191166,1.479801,0.584286,0.387287,0.125382,-0.135984,0.112313,1.428112,-0.292103,0.106849,0.047996,0.817331,-1.233074,1.449539,0.907921,-0.061071,0.136569,-0.163396,0.549070,1.329471,-0.188593,0.480113,-0.115161,-0.878465,-1.166803,1.510125,0.091158,-1.164892,0.234470,0.387189,1.516425,1.488631,-0.193411,0.673436,0.136604,-0.915014,0.833462,1.434193,-0.104535,-0.298722,0.105251,-0.719609,0.401723,1.481582,-0.764289,-0.176005,-0.042454,0.395813,-0.243501,0.932733,-0.161699,-0.249627,-0.076571,0.216751,0.547610,1.295221,-0.088929,0.475670,0.053491
31.200000,1.538839,0.198576,1.482181,0.573808,0.353731,0.112623,-0.141559,0.114190,1.428954,-0.265304,0.080931,0.036225,0.835172,-1.234244,1.452157,0.876136,-0.056000,0.125234,-0.167274,0.558287,1.327048,-0.199135,0.441468,-0.127041,-0.876770,-1.189882,1.514700,0.078284,-1.142853,0.222983,0.383597,1.529678,1.491233,-0.165802,0.651730,0.123553,-0.916735,0.827566,1.436188,-0.067544,-0.290906,0.094227,-0.734574,0.398244,1.480635,-0.732170,-0.171835,-0.052163,0.392349,-0.248218,0.931141,-0.184655,-0.221998,-0.082596,0.214610,0.557129,1.296195,-0.125121,0.476184,0.043932
31.220000,1.550207,0.205315,1.484306,0.562913,0.320155,0.099886,-0.146595,0.115550,1.429563,-0.238234,0.054993,0.024723,0.852373,-1.235313,1.454548,0.843821,-0.050859,0.113870,-0.171360,0.566725,1.324393,-0.209431,0.402270,-0.138414,-0.875334,-1.212515,1.519043,0.065305,-1.120387,0.211368,0.380557,1.542491,1.493574,-0.138204,0.629559,0.110512,-0.917717,0.821826,1.437963,-0.030629,-0.283053,0.083259,-0.748893,0.394852,1.479498,-0.699594,-0.167322,-0.061514,0.388428,-0.252381,0.929430,-0.207375,-0.194374,-0.088468,0.211749,0.566656,1.296979,-0.160918,0.476380,0.034487
31.240000,1.561352,0.211383,1.486177,0.551600,0.286612,0.087180,-0.151087,0.116390,1.429945,-0.210991,0.029098,0.013490,0.868922,-1.236278,1.456711,0.811007,-0.045658,0.102475,-0.175649,0.574374,1.321515,-0.219467,0.362607,-0.149264,-0.874159,-1.234694,1.523154,0.052247,-1.097486,0.199617,0.378069,1.554857,1.495654,-0.110672,0.606938,0.097490,-0.917962,0.816244,1.439519,0.006096,-0.275146,0.072351,-0.762555,0.391554,1.478177,-0.666628,-0.162438,-0.070523,0.384056,-0.255993,0.927603,-0.229806,-0.166782,-0.094148,0.208177,0.576183,1.297575,-0.196248,0.476273,0.025166
31.260000,1.572268,0.216780,1.487794,0.539866,0.253104,0.074505,-0.155033,0.116714,1.430105,-0.183575,0.003247,0.002528,0.884810,-1.237139,1.458646,0.777693,-0.040397,0.091047,-0.180137,0.581226,1.318426,-0.229242,0.322480,-0.159592,-0.873245,-1.256411,1.527027,0.039108,-1.074151,0.187730,0.376130,1.566766,1.497473,-0.083208,0.583868,0.084486,-0.917474,0.810820,1.440857,0.042629,-0.267185,0.061503,-0.775555,0.388357,1.476679,-0.633272,-0.157183,-0.079190,0.379238,-0.259053,0.925665,-0.251951,-0.139222,-0.099634,0.203902,0.585705,1.297986,-0.231109,0.475864,0.015969
31.280000,1.582944,0.221507,1.489157,0.527713,0.219631,0.061862,-0.158429,0.116521,1.430048,-0.155985,-0.022560,-0.008166,0.900026,-1.237894,1.460353,0.743879,-0.035077,0.079588,-0.184817,0.587270,1.315135,-0.238756,0.281887,-0.169397,-0.872595,-1.277657,1.530662,0.025890,-1.050381,0.175707,0.374740,1.578209,1.499033,-0.055811,0.560348,0.071500,-0.916258,0.805557,1.441979,0.078970,-0.259170,0.050714,-0.787884,0.385269,1.475012,-0.599526,-0.151558,-0.087514,0.373980,-0.261562,0.923619,-0.273807,-0.111693,-0.104927,0.198935,0.595215,1.298214,-0.265503,0.475152,0.006896
31.300000,1.593374,0.225565,1.490268,0.515141,0.186191,0.049249,-0.161271,0.115812,1.429780,-0.128222,-0.048323,-0.018589,0.914562,-1.238542,1.461830,0.709566,-0.029697,0.068096,-0.189685,0.592498,1.311654,-0.248010,0.240830,-0.178680,-0.872210,-1.298424,1.534055,0.012591,-1.026178,0.163549,0.373897,1.589177,1.500333,-0.028481,0.536379,0.058533,-0.914317,0.800454,1.442886,0.115121,-0.251101,0.039984,-0.799534,0.382297,1.473181,-0.565390,-0.145562,-0.095497,0.368288,-0.263521,0.921469,-0.295376,-0.084197,-0.110026,0.193285,0.604709,1.298263,-0.299428,0.474137,-0.002054
31.320000,1.603547,0.228955,1.491127,0.502162,0.152835,0.036679,-0.163558,0.114588,1.429306,-0.100389,-0.073984,-0.028752,0.928406,-1.239081,1.463077,0.674803,-0.024270,0.056581,-0.194736,0.596901,1.307991,-0.256990,0.199437,-0.187436,-0.872092,-1.318701,1.537203,-0.000758,-1.001525,0.151255,0.373600,1.599661,1.501375,-0.001266,0.511993,0.045595,-0.911655,0.795513,1.443579,0.150988,-0.242963,0.029327,-0.810497,0.379449,1.471194,-0.530939,-0.139172,-0.103161,0.362167,-0.264930,0.919220,-0.316604,-0.056768,-0.114880,0.186962,0.614179,1.298133,-0.332826,0.472838,-0.010868
31.340000,1.613457,0.231679,1.491736,0.488790,0.119610,0.024165,-0.165287,0.112853,1.428631,-0.072587,-0.099488,-0.038663,0.941551,-1.239512,1.464093,0.639639,-0.018810,0.045051,-0.199963,0.600475,1.304160,-0.265685,0.157838,-0.195661,-0.872240,-1.338482,1.540104,-0.014128,-0.976409,0.138826,0.373845,1.609654,1.502158,0.025786,0.487220,0.032697,-0.908280,0.790736,1.444060,0.186480,-0.234741,0.018752,-0.820770,0.376733,1.469056,-0.496249,-0.132364,-0.110530,0.355626,-0.265792,0.916876,-0.337439,-0.029443,-0.119437,0.179976,0.623620,1.297829,-0.365636,0.471274,-0.019536
31.360000,1.623096,0.233741,1.492094,0.475024,0.086517,0.011706,-0.166461,0.110610,1.427761,-0.044818,-0.124832,-0.048322,0.953989,-1.239834,1.464879,0.604075,-0.013317,0.033505,-0.205361,0.603214,1.300169,-0.274096,0.116032,-0.203355,-0.872657,-1.357755,1.542755,-0.027518,-0.950828,0.126263,0.374630,1.619148,1.502683,0.052675,0.462063,0.019840,-0.904198,0.786124,1.444330,0.221597,-0.226433,0.008262,-0.830346,0.374157,1.466775,-0.461319,-0.125139,-0.117605,0.348672,-0.266109,0.914444,-0.357880,-0.002222,-0.123695,0.172340,0.633028,1.297353,-0.397860,0.469445,-0.028056
31.380000,1.632456,0.235141,1.492204,0.460866,0.053555,-0.000696,-0.167080,0.107861,1.426700,-0.017080,-0.150019,-0.057729,0.965711,-1.240045,1.465433,0.568109,-0.007790,0.021944,-0.210925,0.605114,1.296029,-0.282221,0.074020,-0.210517,-0.873341,-1.376512,1.545154,-0.040929,-0.924783,0.113564,0.375951,1.628134,1.502951,0.079401,0.436520,0.007023,-0.899418,0.781679,1.444391,0.256339,-0.218041,-0.002145,-0.839221,0.371730,1.464354,-0.426150,-0.117497,-0.124384,0.341314,-0.265882,0.911930,-0.377928,0.024895,-0.127655,0.164066,0.642396,1.296708,-0.429495,0.467351,-0.036429
31.400000,1.641528,0.235884,1.492067,0.446315,0.020724,-0.013044,-0.167145,0.104610,1.425454,0.010626,-0.175046,-0.066884,0.976710,-1.240145,1.465756,0.531743,-0.002230,0.010367,-0.216648,0.606173,1.291751,-0.290061,0.031801,-0.217148,-0.874294,-1.394743,1.547297,-0.054360,-0.898273,0.100732,0.377805,1.636606,1.502964,0.105963,0.410592,-0.005753,-0.893947,0.777403,1.444245,0.290707,-0.209565,-0.012469,-0.847390,0.369460,1.461801,-0.390741,-0.109438,-0.130869,0.333558,-0.265113,0.909340,-0.397581,0.051908,-0.131318,0.155164,0.651720,1.295897,-0.460544,0.464991,-0.044655
31.420000,1.650306,0.235971,1.491683,0.431402,-0.011929,-0.025320,-0.166656,0.100861,1.424026,0.038190,-0.199854,-0.075798,0.986979,-1.240134,1.465848,0.495048,0.003347,-0.001203,-0.222525,0.606386,1.287347,-0.297611,-0.010478,-0.223250,-0.875516,-1.412439,1.549182,-0.067776,-0.871291,0.087777,0.380188,1.644556,1.502722,0.132314,0.384339,-0.018472,-0.887793,0.773297,1.443893,0.324625,-0.200998,-0.022698,-0.854849,0.367356,1.459121,-0.355184,-0.100942,-0.137084,0.325413,-0.263806,0.906680,-0.416794,0.078785,-0.134636,0.145648,0.660994,1.294923,-0.490959,0.462382,-0.052721
31.440000,1.658782,0.235408,1.491055,0.416161,-0.044362,-0.037511,-0.165619,0.096618,1.422423,0.065504,-0.224379,-0.084480,0.996511,-1.240011,1.465708,0.458099,0.008925,-0.012744,-0.228551,0.605754,1.282825,-0.304864,-0.052674,-0.228827,-0.877005,-1.429591,1.550807,-0.081141,-0.843828,0.074714,0.383096,1.651978,1.502226,0.158402,0.357822,-0.031115,-0.880966,0.769364,1.443337,0.358019,-0.192338,-0.032822,-0.861597,0.365426,1.456319,-0.319569,-0.091992,-0.143056,0.316889,-0.261963,0.903957,-0.435519,0.105495,-0.137561,0.135531,0.670214,1.293789,-0.520695,0.459540,-0.060613
31.460000,1.666950,0.234198,1.490183,0.400591,-0.076573,-0.049616,-0.164038,0.091888,1.420649,0.092568,-0.248622,-0.092932,1.005301,-1.239777,1.465338,0.420894,0.014504,-0.024256,-0.234718,0.604280,1.278197,-0.311821,-0.094786,-0.233879,-0.878761,-1.446189,1.552170,-0.094454,-0.815883,0.061541,0.386523,1.658867,1.501478,0.184227,0.331043,-0.043682,-0.873476,0.765604,1.442581,0.390891,-0.183582,-0.042840,-0.867632,0.363679,1.453401,-0.283897,-0.082586,-0.148783,0.307996,-0.259588,0.901180,-0.453755,0.132037,-0.140094,0.124825,0.679374,1.292499,-0.549750,0.456464,-0.068331
31.480000,1.674804,0.232346,1.489071,0.384692,-0.108562,-0.061635,-0.161918,0.086675,1.418707,0.119381,-0.272583,-0.101153,1.013345,-1.239431,1.464738,0.383435,0.020084,-0.035739,-0.241022,0.601964,1.273473,-0.318482,-0.136814,-0.238405,-0.880783,-1.462223,1.553268,-0.107717,-0.787457,0.048261,0.390463,1.665218,1.500479,0.209790,0.303999,-0.056173,-0.865333,0.762021,1.441625,0.423239,-0.174732,-0.052754,-0.872953,0.362125,1.450370,-0.248168,-0.072725,-0.154266,0.298742,-0.256683,0.898356,-0.471504,0.158412,-0.142234,0.113545,0.688471,1.291057,-0.578126,0.453155,-0.075875
31.500000,1.682336,0.229857,1.487718,0.368464,-0.140330,-0.073568,-0.159264,0.080986,1.416604,0.145944,-0.296261,-0.109142,1.020637,-1.238974,1.463909,0.345720,0.025664,-0.047193,-0.247455,0.598808,1.268664,-0.324846,-0.178758,-0.242405,-0.883069,-1.477684,1.554100,-0.120928,-0.758549,0.034871,0.394912,1.671025,1.499231,0.235091,0.276693,-0.068589,-0.856550,0.758616,1.440471,0.455063,-0.165788,-0.062561,-0.877558,0.360773,1.447232,-0.212381,-0.062410,-0.159505,0.289139,-0.253252,0.895493,-0.488764,0.184620,-0.143983,0.101704,0.697499,1.289465,-0.605823,0.449612,-0.083246
31.520000,1.689540,0.226735,1.486129,0.351964,-0.171818,-0.085394,-0.156082,0.074827,1.414343,0.172146,-0.319588,-0.116916,1.027172,-1.238405,1.462851,0.307834,0.031231,-0.058594,-0.254013,0.594815,1.263780,-0.330908,-0.220471,-0.245903,-0.885619,-1.492562,1.554662,-0.134048,-0.729171,0.021398,0.399865,1.676284,1.497736,0.260079,0.249207,-0.080905,-0.847135,0.755390,1.439123,0.486313,-0.156747,-0.072254,-0.881448,0.359632,1.443991,-0.176653,-0.051645,-0.164530,0.279195,-0.249299,0.892600,-0.505500,0.210641,-0.145301,0.089317,0.706454,1.287728,-0.632805,0.445845,-0.090433
31.540000,1.696413,0.222987,1.484303,0.335247,-0.202966,-0.097091,-0.152381,0.068205,1.411929,0.197881,-0.342496,-0.124489,1.032950,-1.237725,1.461566,0.269860,0.036767,-0.069916,-0.260690,0.589991,1.258831,-0.336660,-0.261806,-0.248920,-0.888430,-1.506848,1.554955,-0.147038,-0.699334,0.007868,0.405313,1.680993,1.495996,0.284702,0.221628,-0.093101,-0.837101,0.752346,1.437582,0.516935,-0.147608,-0.081822,-0.884625,0.358710,1.440652,-0.141103,-0.040436,-0.169373,0.268923,-0.244828,0.889684,-0.521678,0.236456,-0.146151,0.076397,0.715331,1.285849,-0.659036,0.441864,-0.097429
31.560000,1.702949,0.218619,1.482246,0.318314,-0.233775,-0.108659,-0.148170,0.061130,1.409365,0.223146,-0.364984,-0.131862,1.037966,-1.236934,1.460055,0.231799,0.042275,-0.081161,-0.267478,0.584345,1.253827,-0.342103,-0.302764,-0.251456,-0.891500,-1.520533,1.554977,-0.159897,-0.669036,-0.005720,0.411250,1.685149,1.494013,0.308960,0.193955,-0.105174,-0.826462,0.749487,1.435851,0.546930,-0.138372,-0.091266,-0.887093,0.358017,1.437217,-0.105729,-0.028785,-0.174033,0.258332,-0.239842,0.886757,-0.537296,0.262065,-0.146534,0.062960,0.724127,1.283832,-0.684518,0.437668,-0.104234
31.580000,1.709144,0.213638,1.479958,0.301165,-0.264245,-0.120099,-0.143459,0.053609,1.406656,0.247943,-0.387052,-0.139034,1.042221,-1.236034,1.458320,0.193650,0.047752,-0.092327,-0.274372,0.577883,1.248776,-0.347237,-0.343343,-0.253512,-0.894825,-1.533606,1.554726,-0.172627,-0.638279,-0.019366,0.417669,1.688750,1.491790,0.332854,0.166188,-0.117126,-0.815228,0.746812,1.433932,0.576298,-0.129038,-0.100584,-0.888856,0.357562,1.433692,-0.070532,-0.016690,-0.178509,0.247434,-0.234347,0.883826,-0.552356,0.287468,-0.146448,0.049022,0.732837,1.281681,-0.709250,0.433258,-0.110846
31.600000,1.714994,0.208051,1.477443,0.283799,-0.294375,-0.131409,-0.138256,0.045651,1.403805,0.272272,-0.408701,-0.146005,1.045712,-1.235024,1.456362,0.155414,0.053200,-0.103415,-0.281365,0.570614,1.243690,-0.352062,-0.383545,-0.255087,-0.898404,-1.546061,1.554202,-0.185226,-0.607062,-0.033070,0.424562,1.691795,1.489329,0.356384,0.138327,-0.128956,-0.803414,0.744326,1.431828,0.605039,-0.119606,-0.109779,-0.889916,0.357353,1.430078,-0.035511,-0.004152,-0.182803,0.236241,-0.228345,0.880902,-0.566857,0.312666,-0.145895,0.034595,0.741456,1.279400,-0.733232,0.428633,-0.117267
31.620000,1.720495,0.201866,1.474703,0.266293,-0.324089,-0.142563,-0.132571,0.037264,1.400817,0.296046,-0.429869,-0.152786,1.048438,-1.233906,1.454184,0.117196,0.058603,-0.114398,-0.288452,0.562545,1.238576,-0.356572,-0.423228,-0.256222,-0.902233,-1.557886,1.553403,-0.197656,-0.575422,-0.046796,0.431922,1.694283,1.486632,0.379492,0.110479,-0.140637,-0.791031,0.742029,1.429542,0.633114,-0.110080,-0.118836,-0.890278,0.357398,1.426380,-0.000787,0.008801,-0.186949,0.224764,-0.221842,0.877994,-0.580776,0.337630,-0.144855,0.019697,0.749981,1.276992,-0.756438,0.423796,-0.123487
31.640000,1.725645,0.195091,1.471741,0.248726,-0.353312,-0.153533,-0.126418,0.028459,1.397695,0.319179,-0.450496,-0.159390,1.050400,-1.232680,1.451787,0.079105,0.063945,-0.125247,-0.295626,0.553689,1.233443,-0.360763,-0.462253,-0.256959,-0.906309,-1.569075,1.552330,-0.209878,-0.543398,-0.060510,0.439739,1.696215,1.483704,0.402124,0.082751,-0.152142,-0.778094,0.739923,1.427076,0.660484,-0.100463,-0.127745,-0.889950,0.357707,1.422601,0.033522,0.022139,-0.190982,0.213014,-0.214842,0.875111,-0.594088,0.362335,-0.143310,0.004343,0.758406,1.274462,-0.778843,0.418748,-0.129496
31.660000,1.730444,0.187737,1.468563,0.231097,-0.382042,-0.164320,-0.119808,0.019248,1.394442,0.341673,-0.470581,-0.165814,1.051603,-1.231349,1.449175,0.041141,0.069225,-0.135963,-0.302880,0.544059,1.228300,-0.364633,-0.500620,-0.257296,-0.910627,-1.579620,1.550983,-0.221894,-0.510989,-0.074212,0.448003,1.697594,1.480548,0.424280,0.055142,-0.163470,-0.764616,0.738011,1.424433,0.687148,-0.090757,-0.136506,-0.888940,0.358287,1.418742,0.067415,0.035863,-0.194902,0.201005,-0.207350,0.872265,-0.606796,0.386780,-0.141260,-0.011451,0.766729,1.271813,-0.800448,0.413489,-0.135295
31.680000,1.734889,0.179813,1.465170,0.213405,-0.410281,-0.174924,-0.112755,0.009640,1.391063,0.363527,-0.490125,-0.172061,1.052047,-1.229912,1.446349,0.003302,0.074445,-0.146546,-0.310209,0.533669,1.223154,-0.368184,-0.538328,-0.257235,-0.915183,-1.589512,1.549361,-0.233701,-0.478195,-0.087901,0.456707,1.698422,1.477167,0.445959,0.027654,-0.174622,-0.750613,0.736293,1.421617,0.713106,-0.080960,-0.145119,-0.887256,0.359144,1.414806,0.100892,0.049972,-0.198708,0.188747,-0.199372,0.869464,-0.618897,0.410966,-0.138705,-0.027669,0.774945,1.269051,-0.821250,0.408019,-0.140883
31.700000,1.738979,0.171329,1.461567,0.195652,-0.438027,-0.185345,-0.105272,-0.000354,1.387561,0.384740,-0.509128,-0.178128,1.051736,-1.228371,1.443314,-0.034410,0.079603,-0.156995,-0.317606,0.522531,1.218013,-0.371415,-0.575378,-0.256775,-0.919974,-1.598745,1.547467,-0.245302,-0.445016,-0.101578,0.465839,1.698701,1.473564,0.467161,0.000286,-0.185597,-0.736097,0.734773,1.418629,0.738360,-0.071074,-0.153584,-0.884907,0.360288,1.410794,0.133954,0.064466,-0.202401,0.176253,-0.190913,0.866720,-0.630393,0.434893,-0.135645,-0.044296,0.783048,1.266180,-0.841252,0.402339,-0.146260
31.720000,1.742715,0.162295,1.457757,0.177927,-0.465193,-0.195552,-0.097370,-0.010721,1.383939,0.405259,-0.527544,-0.184025,1.050672,-1.226728,1.440071,-0.071866,0.084683,-0.167281,-0.325064,0.510659,1.212885,-0.374324,-0.611657,-0.255967,-0.924994,-1.607311,1.545299,-0.256659,-0.411528,-0.115201,0.475390,1.698435,1.469744,0.487828,-0.026843,-0.196367,-0.721083,0.733451,1.415474,0.762882,-0.061102,-0.161885,-0.881902,0.361725,1.406710,0.166474,0.079276,-0.206012,0.163535,-0.181978,0.864042,-0.641275,0.458516,-0.132093,-0.061314,0.791037,1.263202,-0.860450,0.396447,-0.151420
31.740000,1.746097,0.152725,1.453746,0.160322,-0.491691,-0.205518,-0.089066,-0.021451,1.380201,0.425028,-0.545326,-0.189758,1.048864,-1.224985,1.436624,-0.108934,0.089669,-0.177376,-0.332576,0.498070,1.207777,-0.376910,-0.647055,-0.254860,-0.930238,-1.615204,1.542859,-0.267739,-0.377808,-0.128726,0.485348,1.697630,1.465711,0.507901,-0.053610,-0.206903,-0.705587,0.732329,1.412155,0.786646,-0.051053,-0.170010,-0.878253,0.363461,1.402554,0.198327,0.094330,-0.209574,0.150606,-0.172575,0.861439,-0.651537,0.481791,-0.128062,-0.078708,0.798905,1.260124,-0.878839,0.390342,-0.156356
31.760000,1.749129,0.142632,1.449538,0.142835,-0.517520,-0.215241,-0.080374,-0.032530,1.376350,0.444048,-0.562476,-0.195327,1.046317,-1.223142,1.432977,-0.145616,0.094560,-0.187278,-0.340138,0.484782,1.202693,-0.379171,-0.681569,-0.253454,-0.935701,-1.622421,1.540150,-0.278540,-0.343856,-0.142153,0.495702,1.696293,1.461470,0.527381,-0.080017,-0.217206,-0.689622,0.731409,1.408675,0.809652,-0.040924,-0.177957,-0.873973,0.365500,1.398327,0.229511,0.109630,-0.213087,0.137478,-0.162709,0.858922,-0.661179,0.504718,-0.123553,-0.096462,0.806649,1.256950,-0.896421,0.384026,-0.161068
31.780000,1.751811,0.132029,1.445138,0.125468,-0.542681,-0.224722,-0.071309,-0.043946,1.372389,0.462319,-0.578992,-0.200732,1.043041,-1.221203,1.429134,-0.181912,0.099356,-0.196988,-0.347741,0.470813,1.197641,-0.381109,-0.715202,-0.251749,-0.941378,-1.628957,1.537174,-0.289063,-0.309671,-0.155483,0.506439,1.694431,1.457024,0.546267,-0.106064,-0.227274,-0.673206,0.730693,1.405038,0.831901,-0.030717,-0.185727,-0.869077,0.367848,1.394031,0.260028,0.125174,-0.216550,0.124163,-0.152388,0.856500,-0.670200,0.527297,-0.118566,-0.114560,0.814265,1.253683,-0.913195,0.377496,-0.165556
31.800000,1.754148,0.120929,1.440551,0.108220,-0.567173,-0.233962,-0.061886,-0.055686,1.368322,0.479841,-0.594875,-0.205974,1.039043,-1.219169,1.425099,-0.217820,0.104058,-0.206506,-0.355380,0.456180,1.192625,-0.382724,-0.747952,-0.249746,-0.947262,-1.634807,1.533932,-0.299307,-0.275253,-0.168716,0.517548,1.692053,1.452380,0.564559,-0.131750,-0.237108,-0.656351,0.730181,1.401247,0.853391,-0.020432,-0.193320,-0.863576,0.370508,1.389666,0.289876,0.140963,-0.219964,0.110674,-0.141620,0.854183,-0.678600,0.549528,-0.113100,-0.132985,0.821747,1.250329,-0.929162,0.370755,-0.169820
31.820000,1.756142,0.109347,1.435782,0.091175,-0.590921,-0.242927,-0.052121,-0.067737,1.364151,0.496581,-0.610088,-0.211045,1.034332,-1.217041,1.420875,-0.253194,0.108647,-0.215802,-0.363048,0.440902,1.187652,-0.384020,-0.779721,-0.247493,-0.953348,-1.639966,1.530426,-0.309244,-0.240728,-0.181803,0.529017,1.689165,1.447542,0.582212,-0.156970,-0.246677,-0.639075,0.729876,1.397306,0.874094,-0.010105,-0.200718,-0.857487,0.373487,1.385233,0.318949,0.156895,-0.223353,0.097023,-0.130410,0.851979,-0.686391,0.571357,-0.107210,-0.151721,0.829093,1.246892,-0.944322,0.363818,-0.173856
31.840000,1.757797,0.097298,1.430836,0.074414,-0.613848,-0.251586,-0.042029,-0.080085,1.359881,0.512509,-0.624592,-0.215941,1.028920,-1.214823,1.416468,-0.287886,0.113107,-0.224849,-0.370739,0.424999,1.182727,-0.385002,-0.810410,-0.245041,-0.959629,-1.644436,1.526661,-0.318843,-0.206222,-0.194697,0.540832,1.685778,1.442515,0.599179,-0.181618,-0.255952,-0.621393,0.729777,1.393220,0.893980,0.000225,-0.207904,-0.850824,0.376785,1.380732,0.347138,0.172869,-0.226742,0.083222,-0.118768,0.849897,-0.693584,0.592731,-0.100952,-0.170752,0.836299,1.243376,-0.958678,0.356702,-0.177662
31.860000,1.759120,0.084799,1.425720,0.057939,-0.635954,-0.259939,-0.031626,-0.092716,1.355515,0.527624,-0.638388,-0.220660,1.022821,-1.212518,1.411883,-0.321896,0.117437,-0.233645,-0.378446,0.408492,1.177852,-0.385672,-0.840019,-0.242389,-0.966100,-1.648215,1.522640,-0.328104,-0.171733,-0.207397,0.552980,1.681904,1.437306,0.615460,-0.205694,-0.264931,-0.603321,0.729885,1.388992,0.913049,0.010559,-0.214878,-0.843607,0.380402,1.376163,0.374444,0.188884,-0.230131,0.069284,-0.106704,0.847944,-0.700180,0.613650,-0.094326,-0.190063,0.843360,1.239787,-0.972229,0.349408,-0.181237
31.880000,1.760116,0.071865,1.420440,0.041748,-0.657239,-0.267987,-0.020929,-0.105615,1.351056,0.541925,-0.651476,-0.225203,1.016049,-1.210127,1.407124,-0.355223,0.121637,-0.242190,-0.386163,0.391405,1.173032,-0.386028,-0.868548,-0.239537,-0.972751,-1.651305,1.518366,-0.337027,-0.137262,-0.219905,0.565446,1.677554,1.431920,0.631054,-0.229198,-0.273615,-0.584877,0.730199,1.384626,0.931300,0.020895,-0.221640,-0.835853,0.384340,1.371526,0.400865,0.204940,-0.233520,0.055219,-0.094225,0.846126,-0.706178,0.634113,-0.087330,-0.209636,0.850274,1.236128,-0.984977,0.341935,-0.184582
31.900000,1.760792,0.058514,1.415003,0.025843,-0.677703,-0.275729,-0.009954,-0.118770,1.346508,0.555414,-0.663856,-0.229570,1.008617,-1.207653,1.402197,-0.387869,0.125708,-0.250485,-0.393885,0.373758,1.168272,-0.386072,-0.895998,-0.236486,-0.979578,-1.653706,1.513845,-0.345612,-0.102810,-0.232219,0.578217,1.672740,1.426363,0.645963,-0.252130,-0.282003,-0.566075,0.730721,1.380127,0.948735,0.031236,-0.228189,-0.827578,0.388600,1.366822,0.426403,0.221038,-0.236909,0.041040,-0.081342,0.844453,-0.711578,0.654121,-0.079966,-0.229456,0.857037,1.232405,-0.996919,0.334284,-0.187696
31.920000,1.761153,0.044763,1.409414,0.010289,-0.697289,-0.283133,0.001282,-0.132165,1.341875,0.568081,-0.675504,-0.233753,1.000540,-1.205100,1.397107,-0.419701,0.129634,-0.258500,-0.401604,0.355573,1.163574,-0.385809,-0.922292,-0.233274,-0.986573,-1.655419,1.509079,-0.353839,-0.068541,-0.244292,0.591280,1.667473,1.420642,0.660154,-0.274409,-0.290066,-0.546933,0.731449,1.375500,0.965332,0.041533,-0.234509,-0.818803,0.393181,1.362050,0.450980,0.237065,-0.240294,0.026760,-0.068064,0.842930,-0.716405,0.673616,-0.072309,-0.249507,0.863644,1.228622,-1.008076,0.326480,-0.190580
31.940000,1.761206,0.030629,1.403680,-0.004848,-0.715937,-0.290168,0.012763,-0.145785,1.337159,0.579914,-0.686395,-0.237748,0.991835,-1.202469,1.391859,-0.450588,0.133401,-0.266203,-0.409315,0.336874,1.158942,-0.385248,-0.947357,-0.229942,-0.993729,-1.656450,1.504075,-0.361688,-0.034624,-0.256076,0.604619,1.661768,1.414763,0.673596,-0.295954,-0.297772,-0.527467,0.732381,1.370749,0.981073,0.051742,-0.240583,-0.809546,0.398081,1.357210,0.474520,0.252910,-0.243672,0.012388,-0.054401,0.841562,-0.720686,0.692538,-0.064436,-0.269774,0.870095,1.224783,-1.018464,0.318548,-0.193233
31.960000,1.760961,0.016132,1.397809,-0.019568,-0.733647,-0.296833,0.024473,-0.159615,1.332366,0.590914,-0.696530,-0.241552,0.982522,-1.199765,1.386461,-0.480530,0.137009,-0.273594,-0.417012,0.317687,1.154377,-0.384388,-0.971192,-0.226490,-1.001039,-1.656806,1.498838,-0.369160,-0.001057,-0.267571,0.618219,1.655640,1.408733,0.686287,-0.316766,-0.305122,-0.507696,0.733518,1.365878,0.995958,0.061861,-0.246411,-0.799829,0.403296,1.352303,0.497024,0.268572,-0.247044,-0.002064,-0.040366,0.840354,-0.724421,0.710889,-0.056346,-0.290241,0.876385,1.220894,-1.028083,0.310488,-0.195655
31.980000,1.760426,0.001290,1.391809,-0.033871,-0.750421,-0.303129,0.036394,-0.173641,1.327498,0.601082,-0.705908,-0.245166,0.972620,-1.196990,1.380917,-0.509527,0.140458,-0.280673,-0.424689,0.298035,1.149883,-0.383230,-0.993796,-0.222917,-1.008493,-1.656495,1.493374,-0.376253,0.032159,-0.278778,0.632065,1.649102,1.402560,0.698229,-0.336844,-0.312116,-0.487635,0.734855,1.360894,1.009987,0.071892,-0.251993,-0.789672,0.408823,1.347329,0.518490,0.284051,-0.250409,-0.016585,-0.025970,0.839310,-0.727608,0.728669,-0.048039,-0.310892,0.882514,1.216959,-1.036934,0.302301,-0.197847
32.000000,1.759609,-0.013879,1.385687,-0.047756,-0.766258,-0.309055,0.048511,-0.187847,1.322560,0.610416,-0.714529,-0.248591,0.962148,-1.194147,1.375236,-0.537579,0.143748,-0.287441,-0.432339,0.277943,1.145461,-0.381774,-1.015171,-0.219223,-1.016086,-1.655522,1.487689,-0.382968,0.065024,-0.289695,0.646143,1.642171,1.396251,0.709421,-0.356188,-0.318753,-0.467302,0.736393,1.355800,1.023160,0.081833,-0.257328,-0.779096,0.414657,1.342287,0.538919,0.299348,-0.253767,-0.031165,-0.011223,0.838434,-0.730249,0.745877,-0.039517,-0.331713,0.888477,1.212982,-1.045017,0.293985,-0.199809
32.020000,1.758519,-0.029354,1.379449,-0.061183,-0.781122,-0.314593,0.060805,-0.202217,1.317556,0.618927,-0.722386,-0.251822,0.951124,-1.191241,1.369422,-0.564586,0.146869,-0.293867,-0.439958,0.257436,1.141115,-0.380030,-1.035270,-0.215438,-1.023809,-1.653897,1.481789,-0.389285,0.097354,-0.300269,0.660437,1.634860,1.389813,0.719840,-0.374742,-0.325014,-0.446714,0.738128,1.350603,1.035451,0.091630,-0.262408,-0.768122,0.420795,1.337178,0.558275,0.314364,-0.257089,-0.045792,0.003861,0.837730,-0.732376,0.762457,-0.030861,-0.352688,0.894272,1.208968,-1.052347,0.285582,-0.201547
32.040000,1.757165,-0.045117,1.373106,-0.074110,-0.794978,-0.319724,0.073262,-0.216737,1.312489,0.626623,-0.729470,-0.254856,0.939572,-1.188274,1.363484,-0.590445,0.149810,-0.299922,-0.447539,0.236541,1.136844,-0.378009,-1.054046,-0.211593,-1.031655,-1.651633,1.475681,-0.395186,0.128965,-0.310444,0.674931,1.627187,1.383253,0.729461,-0.392448,-0.330880,-0.425890,0.740057,1.345306,1.046835,0.101225,-0.267226,-0.756773,0.427229,1.332004,0.576519,0.328999,-0.260343,-0.060457,0.019271,0.837200,-0.734022,0.778354,-0.022155,-0.373802,0.899900,1.204921,-1.058942,0.277132,-0.203069
32.060000,1.755558,-0.061147,1.366663,-0.086536,-0.807825,-0.324448,0.085865,-0.231391,1.307363,0.633505,-0.735781,-0.257691,0.927514,-1.185250,1.357428,-0.615157,0.152570,-0.305606,-0.455077,0.215283,1.132651,-0.375713,-1.071501,-0.207686,-1.039614,-1.648743,1.469373,-0.400670,0.159857,-0.320220,0.689610,1.619168,1.376580,0.738284,-0.409306,-0.336350,-0.404847,0.742175,1.339915,1.057313,0.110619,-0.271779,-0.745069,0.433952,1.326765,0.593653,0.343253,-0.263531,-0.075150,0.034991,0.836844,-0.735186,0.793567,-0.013400,-0.395041,0.905357,1.200847,-1.064801,0.268634,-0.204375
32.080000,1.753707,-0.077423,1.360130,-0.098461,-0.819665,-0.328765,0.098597,-0.246163,1.302183,0.639572,-0.741320,-0.260329,0.914973,-1.182172,1.351262,-0.638722,0.155151,-0.310918,-0.462565,0.193690,1.128537,-0.373140,-1.087634,-0.203718,-1.047679,-1.645243,1.462875,-0.405737,0.190030,-0.329596,0.704457,1.610820,1.369802,0.746310,-0.425317,-0.341425,-0.383603,0.744480,1.334436,1.066883,0.119811,-0.276070,-0.733034,0.440957,1.321463,0.609675,0.357127,-0.266652,-0.089861,0.051009,0.836664,-0.735869,0.808097,-0.004595,-0.416389,0.910645,1.196748,-1.069924,0.260088,-0.205465
32.100000,1.751623,-0.093927,1.353515,-0.109887,-0.830496,-0.332675,0.111442,-0.261038,1.296951,0.644824,-0.746086,-0.262770,0.901973,-1.179045,1.344993,-0.661140,0.157551,-0.315858,-0.470000,0.171787,1.124503,-0.370292,-1.102444,-0.199689,-1.055841,-1.641147,1.456192,-0.410388,0.219484,-0.338574,0.719457,1.602161,1.362926,0.753538,-0.440479,-0.346104,-0.362178,0.746966,1.328874,1.075547,0.128803,-0.280097,-0.720689,0.448235,1.316099,0.624587,0.370620,-0.269706,-0.104581,0.067310,0.836660,-0.736071,0.821944,0.004260,-0.437833,0.915761,1.192629,-1.074312,0.251494,-0.206339
32.120000,1.749315,-0.110636,1.346826,-0.120790,-0.840311,-0.336177,0.124385,-0.276001,1.291673,0.649293,-0.750092,-0.265003,0.888536,-1.175871,1.338630,-0.682348,0.159765,-0.320410,-0.477375,0.149601,1.120550,-0.367185,-1.115912,-0.195621,-1.064091,-1.636470,1.449335,-0.414607,0.248055,-0.347101,0.734593,1.593207,1.355960,0.759966,-0.454768,-0.350387,-0.340588,0.749630,1.323234,1.083289,0.137538,-0.283860,-0.708058,0.455779,1.310675,0.638385,0.383655,-0.272654,-0.119301,0.083882,0.836834,-0.735830,0.835059,0.013092,-0.459357,0.920704,1.188496,-1.077976,0.242897,-0.207009
32.140000,1.746795,-0.127532,1.340071,-0.131151,-0.849101,-0.339270,0.137409,-0.291037,1.286353,0.653006,-0.753353,-0.267020,0.874687,-1.172656,1.332180,-0.702281,0.161784,-0.324557,-0.484686,0.127160,1.116678,-0.363837,-1.128018,-0.191534,-1.072422,-1.631232,1.442312,-0.418382,0.275580,-0.355124,0.749850,1.583976,1.348913,0.765589,-0.468156,-0.354270,-0.318852,0.752466,1.317522,1.090094,0.145963,-0.287355,-0.695162,0.463578,1.305194,0.651065,0.396153,-0.275456,-0.134012,0.100707,0.837183,-0.735185,0.847393,0.021828,-0.480947,0.925477,1.184350,-1.080930,0.234340,-0.207486
32.160000,1.744073,-0.144594,1.333258,-0.140969,-0.856866,-0.341954,0.150500,-0.306131,1.280994,0.655965,-0.755868,-0.268821,0.860453,-1.169401,1.325651,-0.720940,0.163609,-0.328299,-0.491927,0.104489,1.112889,-0.360250,-1.138760,-0.187429,-1.080824,-1.625454,1.435133,-0.421711,0.302059,-0.362644,0.765211,1.574487,1.341792,0.770410,-0.480642,-0.357755,-0.296990,0.755467,1.311742,1.095962,0.154076,-0.290582,-0.682023,0.471621,1.299658,0.662628,0.408114,-0.278112,-0.148706,0.117772,0.837707,-0.734137,0.858947,0.030469,-0.502589,0.930078,1.180197,-1.083173,0.225824,-0.207770
32.180000,1.741160,-0.161800,1.326396,-0.150244,-0.863605,-0.344228,0.163643,-0.321267,1.275601,0.658170,-0.757638,-0.270405,0.845858,-1.166112,1.319051,-0.738325,0.165240,-0.331635,-0.499094,0.081618,1.109181,-0.356423,-1.148140,-0.183306,-1.089287,-1.619156,1.427809,-0.424596,0.327492,-0.369660,0.780661,1.564756,1.334605,0.774426,-0.492228,-0.360842,-0.275020,0.758627,1.305900,1.100894,0.161877,-0.293543,-0.668664,0.479899,1.294071,0.673074,0.419539,-0.280621,-0.163374,0.135060,0.838402,-0.732684,0.869721,0.039014,-0.524269,0.934510,1.176041,-1.084706,0.217348,-0.207861
32.200000,1.738067,-0.179131,1.319492,-0.158976,-0.869320,-0.346093,0.176822,-0.336431,1.270179,0.659620,-0.758661,-0.271773,0.830928,-1.162793,1.312388,-0.754436,0.166677,-0.334566,-0.506183,0.058573,1.105557,-0.352356,-1.156157,-0.179165,-1.097805,-1.612361,1.420350,-0.427036,0.351878,-0.376174,0.796183,1.554804,1.327361,0.777639,-0.502913,-0.363529,-0.252961,0.761940,1.300002,1.104888,0.169368,-0.296236,-0.655107,0.488399,1.288434,0.682402,0.430427,-0.282985,-0.178010,0.152556,0.839266,-0.730828,0.879715,0.047464,-0.545973,0.938772,1.171884,-1.085527,0.208912,-0.207760
32.220000,1.734804,-0.196566,1.312555,-0.167169,-0.874034,-0.347546,0.190023,-0.351609,1.264732,0.660358,-0.758968,-0.272913,0.815689,-1.159447,1.305671,-0.769247,0.167915,-0.337093,-0.513187,0.035381,1.102015,-0.348076,-1.162821,-0.175020,-1.106366,-1.605089,1.412766,-0.429030,0.375098,-0.382158,0.811762,1.544646,1.320067,0.780068,-0.512708,-0.365813,-0.230831,0.765399,1.294052,1.107948,0.176512,-0.298658,-0.641375,0.497112,1.282752,0.690641,0.440725,-0.285164,-0.192605,0.170243,0.840299,-0.728593,0.888891,0.055754,-0.567686,0.942867,1.167732,-1.085644,0.200549,-0.207470
32.240000,1.731384,-0.214086,1.305593,-0.174825,-0.877774,-0.348583,0.203232,-0.366785,1.259264,0.660424,-0.758588,-0.273815,0.800167,-1.156078,1.298907,-0.782731,0.168952,-0.339218,-0.520104,0.012069,1.098556,-0.343612,-1.168141,-0.170888,-1.114963,-1.597366,1.405067,-0.430579,0.397031,-0.387590,0.827381,1.534301,1.312731,0.781733,-0.521625,-0.367686,-0.208649,0.768998,1.288057,1.110078,0.183276,-0.300804,-0.627489,0.506024,1.277029,0.697817,0.450378,-0.287118,-0.207152,0.188106,0.841495,-0.726005,0.897215,0.063821,-0.589394,0.946795,1.163587,-1.085062,0.192290,-0.206998
32.260000,1.727815,-0.231671,1.298614,-0.181945,-0.880539,-0.349203,0.216435,-0.381948,1.253781,0.659821,-0.757519,-0.274477,0.784389,-1.152690,1.292105,-0.794889,0.169787,-0.340939,-0.526931,-0.011336,1.095179,-0.338964,-1.172117,-0.166767,-1.123586,-1.589216,1.397266,-0.431682,0.417677,-0.392468,0.843026,1.523787,1.305362,0.782634,-0.529663,-0.369149,-0.186434,0.772728,1.282022,1.111278,0.189660,-0.302674,-0.613469,0.515123,1.271269,0.703930,0.459388,-0.288848,-0.221643,0.206126,0.842850,-0.723064,0.904684,0.071665,-0.611084,0.950559,1.159453,-1.083781,0.184136,-0.206342
32.280000,1.724109,-0.249301,1.291627,-0.188528,-0.882329,-0.349408,0.229620,-0.397082,1.248287,0.658546,-0.755763,-0.274901,0.768381,-1.149288,1.285272,-0.805721,0.170419,-0.342258,-0.533662,-0.034807,1.091885,-0.334131,-1.174749,-0.162659,-1.132227,-1.580667,1.389372,-0.432340,0.437035,-0.396792,0.858681,1.513120,1.297968,0.782770,-0.536823,-0.370202,-0.164204,0.776582,1.275952,1.111546,0.195662,-0.304267,-0.599339,0.524395,1.265477,0.708981,0.467754,-0.290354,-0.236072,0.224287,0.844360,-0.719769,0.911301,0.079286,-0.632741,0.954161,1.155334,-1.081801,0.176086,-0.205503
32.300000,1.720277,-0.266957,1.284640,-0.194574,-0.883144,-0.349197,0.242773,-0.412173,1.242786,0.656601,-0.753319,-0.275086,0.752169,-1.145875,1.278417,-0.815226,0.170850,-0.343174,-0.540295,-0.058317,1.088673,-0.329114,-1.176038,-0.158562,-1.140877,-1.571744,1.381398,-0.432553,0.455107,-0.400563,0.874331,1.502320,1.290557,0.782142,-0.543105,-0.370844,-0.141978,0.780552,1.269853,1.110885,0.201285,-0.305585,-0.585117,0.533828,1.259657,0.712969,0.475475,-0.291635,-0.250431,0.242572,0.846020,-0.716122,0.917064,0.086684,-0.654351,0.957603,1.151234,-1.079121,0.168141,-0.204481
32.320000,1.716330,-0.284620,1.277662,-0.200098,-0.883031,-0.348582,0.255880,-0.427210,1.237285,0.654039,-0.750233,-0.275024,0.735780,-1.142455,1.271548,-0.823430,0.171083,-0.343685,-0.546825,-0.081839,1.085542,-0.323947,-1.176019,-0.154489,-1.149526,-1.562472,1.373354,-0.432325,0.471838,-0.403768,0.889962,1.491402,1.283137,0.780786,-0.548538,-0.371084,-0.119775,0.784630,1.263731,1.109299,0.206512,-0.306621,-0.570827,0.543410,1.253813,0.715948,0.482528,-0.292666,-0.264714,0.260964,0.847826,-0.712149,0.921961,0.093818,-0.675901,0.960888,1.147156,-1.075752,0.160330,-0.203284
32.340000,1.712277,-0.302273,1.270700,-0.205116,-0.882037,-0.347575,0.268930,-0.442179,1.231787,0.650914,-0.746552,-0.274708,0.719240,-1.139033,1.264672,-0.830358,0.171122,-0.343790,-0.553252,-0.105349,1.082493,-0.318665,-1.174726,-0.150447,-1.158167,-1.552879,1.365251,-0.431661,0.487174,-0.406393,0.905558,1.480384,1.275716,0.778736,-0.553154,-0.370928,-0.097612,0.788810,1.257590,1.106797,0.211332,-0.307370,-0.556486,0.553125,1.247952,0.717970,0.488886,-0.293418,-0.278915,0.279445,0.849771,-0.707877,0.925979,0.100645,-0.697376,0.964018,1.143104,-1.071700,0.152683,-0.201920
32.360000,1.708129,-0.319896,1.263762,-0.209626,-0.880163,-0.346176,0.281913,-0.457068,1.226298,0.647225,-0.742275,-0.274137,0.702575,-1.135611,1.257799,-0.836010,0.170968,-0.343488,-0.559571,-0.128820,1.079524,-0.313267,-1.172160,-0.146439,-1.166790,-1.542994,1.357102,-0.430562,0.501115,-0.408440,0.921107,1.469281,1.268302,0.775994,-0.556951,-0.370377,-0.075509,0.793081,1.251438,1.103378,0.215744,-0.307832,-0.542114,0.562960,1.242078,0.719035,0.494551,-0.293891,-0.293028,0.297997,0.851850,-0.703308,0.929117,0.107165,-0.718764,0.966996,1.139080,-1.066966,0.145201,-0.200389
32.380000,1.703895,-0.337473,1.256855,-0.213629,-0.877409,-0.344385,0.294816,-0.471866,1.220823,0.642972,-0.737403,-0.273312,0.685808,-1.132195,1.250935,-0.840386,0.170620,-0.342780,-0.565782,-0.152227,1.076635,-0.307753,-1.168320,-0.142464,-1.175386,-1.532844,1.348917,-0.429027,0.513661,-0.409906,0.936593,1.458111,1.260904,0.772558,-0.559930,-0.369429,-0.053483,0.797437,1.245279,1.099043,0.219747,-0.308008,-0.527731,0.572902,1.236198,0.719144,0.499521,-0.294086,-0.307046,0.316604,0.854056,-0.698442,0.931376,0.113380,-0.740051,0.969827,1.135089,-1.061551,0.137883,-0.198690
32.400000,1.699587,-0.354987,1.249989,-0.217125,-0.873774,-0.342202,0.307628,-0.486560,1.215367,0.638156,-0.731935,-0.272232,0.668968,-1.128788,1.244090,-0.843485,0.170078,-0.341666,-0.571881,-0.175544,1.073825,-0.302125,-1.163207,-0.138521,-1.183948,-1.522457,1.340709,-0.427056,0.524812,-0.410794,0.952004,1.446889,1.253528,0.768430,-0.562090,-0.368086,-0.031553,0.801868,1.239119,1.093791,0.223342,-0.307896,-0.513355,0.582937,1.230317,0.718297,0.503796,-0.294003,-0.320963,0.335247,0.856383,-0.693277,0.932756,0.119288,-0.761222,0.972513,1.131134,-1.055453,0.130729,-0.196825
32.420000,1.695213,-0.372419,1.243170,-0.220134,-0.869315,-0.339652,0.320338,-0.501140,1.209936,0.632829,-0.725919,-0.270902,0.652077,-1.125393,1.237271,-0.845367,0.169350,-0.340158,-0.577866,-0.198747,1.071094,-0.296412,-1.156897,-0.134616,-1.192466,-1.511861,1.332489,-0.424669,0.534590,-0.411106,0.967326,1.435633,1.246183,0.763660,-0.563479,-0.366369,-0.009737,0.806368,1.232965,1.087657,0.226537,-0.307499,-0.499005,0.593049,1.224440,0.716553,0.507372,-0.293630,-0.334775,0.353908,0.858825,-0.687822,0.933254,0.124866,-0.782264,0.975057,1.127217,-1.048690,0.123762,-0.194804
32.440000,1.690785,-0.389754,1.236405,-0.222676,-0.864089,-0.336760,0.332938,-0.515594,1.204533,0.627043,-0.719404,-0.269323,0.635161,-1.122015,1.230486,-0.846089,0.168443,-0.338271,-0.583737,-0.221813,1.068440,-0.290647,-1.149465,-0.130751,-1.200932,-1.501082,1.324269,-0.421884,0.543016,-0.410849,0.982547,1.424355,1.238876,0.758302,-0.564143,-0.364298,0.011947,0.810927,1.226821,1.080677,0.229338,-0.306820,-0.484698,0.603227,1.218573,0.713972,0.510241,-0.292954,-0.348474,0.372571,0.861375,-0.682084,0.932869,0.130091,-0.803165,0.977464,1.123343,-1.041277,0.117004,-0.192639
32.460000,1.686310,-0.406977,1.229702,-0.224752,-0.858096,-0.333526,0.345417,-0.529912,1.199164,0.620798,-0.712390,-0.267497,0.618241,-1.118657,1.223743,-0.845653,0.167356,-0.336005,-0.589492,-0.244718,1.065864,-0.284831,-1.140912,-0.126926,-1.209339,-1.490149,1.316059,-0.418702,0.550090,-0.410021,0.997654,1.413072,1.231613,0.752354,-0.564081,-0.361875,0.033484,0.815539,1.220694,1.072849,0.231746,-0.305859,-0.470452,0.613454,1.212724,0.710556,0.512403,-0.291976,-0.362056,0.391217,0.864026,-0.676064,0.931600,0.134962,-0.823911,0.979739,1.119513,-1.033213,0.110456,-0.190329
32.480000,1.681798,-0.424073,1.223066,-0.226362,-0.851336,-0.329950,0.357767,-0.544086,1.193835,0.614093,-0.704876,-0.265422,0.601342,-1.115322,1.217049,-0.844058,0.166091,-0.333359,-0.595130,-0.267442,1.063363,-0.278962,-1.131237,-0.123143,-1.217677,-1.479088,1.307872,-0.415122,0.555813,-0.408623,1.012637,1.401797,1.224403,0.745817,-0.563294,-0.359099,0.054856,0.820194,1.214589,1.064175,0.233760,-0.304615,-0.456282,0.623718,1.206896,0.706303,0.513859,-0.290695,-0.375515,0.409829,0.866771,-0.669762,0.929447,0.139479,-0.844489,0.981884,1.115731,-1.024499,0.104118,-0.187876
32.500000,1.677258,-0.441025,1.216506,-0.227505,-0.843809,-0.326032,0.369978,-0.558104,1.188549,0.606930,-0.696863,-0.263101,0.584487,-1.112014,1.210411,-0.841304,0.164646,-0.330334,-0.600650,-0.289960,1.060938,-0.273041,-1.120440,-0.119400,-1.225941,-1.467926,1.299718,-0.411145,0.560183,-0.406656,1.027483,1.390545,1.217252,0.738691,-0.561781,-0.355969,0.076045,0.824886,1.208511,1.054654,0.235381,-0.303089,-0.442205,0.634004,1.201098,0.701213,0.514609,-0.289112,-0.388845,0.428389,0.869603,-0.663178,0.926410,0.143642,-0.864887,0.983905,1.111999,-1.015136,0.097989,-0.185278
32.520000,1.672700,-0.457820,1.210027,-0.228203,-0.835572,-0.321805,0.382041,-0.571957,1.183312,0.599347,-0.688387,-0.260541,0.567697,-1.108737,1.203838,-0.837468,0.163030,-0.326954,-0.606051,-0.312252,1.058587,-0.267088,-1.108614,-0.115697,-1.234121,-1.456689,1.291609,-0.406807,0.563288,-0.404141,1.042181,1.379330,1.210166,0.731025,-0.559590,-0.352514,0.097036,0.829607,1.202467,1.044327,0.236625,-0.301286,-0.428238,0.644298,1.195334,0.695352,0.514668,-0.287228,-0.402040,0.446880,0.872514,-0.656311,0.922506,0.147448,-0.885090,0.985805,1.108320,-1.005145,0.092084,-0.182551
32.540000,1.668133,-0.474444,1.203635,-0.228478,-0.826681,-0.317302,0.393949,-0.585637,1.178129,0.591385,-0.679485,-0.257752,0.550995,-1.105494,1.197335,-0.832628,0.161252,-0.323244,-0.611333,-0.334299,1.056310,-0.261122,-1.095847,-0.112031,-1.242211,-1.445402,1.283556,-0.402145,0.565211,-0.401103,1.056721,1.368165,1.203153,0.722870,-0.556768,-0.348761,0.117813,0.834349,1.196462,1.033235,0.237507,-0.299210,-0.414396,0.654586,1.189611,0.688781,0.514052,-0.285043,-0.415095,0.465284,0.875499,-0.649164,0.917750,0.150894,-0.905088,0.987590,1.104697,-0.994550,0.086414,-0.179709
32.560000,1.663564,-0.490883,1.197337,-0.228331,-0.817136,-0.312524,0.405694,-0.599134,1.173004,0.583042,-0.670156,-0.254736,0.534399,-1.102288,1.190910,-0.826784,0.159313,-0.319205,-0.616496,-0.356080,1.054105,-0.255143,-1.082141,-0.108402,-1.250205,-1.434088,1.275569,-0.397159,0.565953,-0.397542,1.071093,1.357063,1.196218,0.714224,-0.553314,-0.344708,0.138361,0.839105,1.190501,1.021378,0.238028,-0.296862,-0.400692,0.664856,1.183934,0.681502,0.512762,-0.282558,-0.428005,0.483584,0.878548,-0.641735,0.912144,0.153979,-0.924868,0.989263,1.101133,-0.983352,0.080981,-0.176751
32.580000,1.659002,-0.507125,1.191136,-0.227760,-0.806938,-0.307469,0.417268,-0.612440,1.167941,0.574319,-0.660402,-0.251491,0.517930,-1.099123,1.184569,-0.819937,0.157211,-0.314837,-0.621539,-0.377578,1.051973,-0.249150,-1.067495,-0.104811,-1.258095,-1.422772,1.267658,-0.391849,0.565514,-0.393458,1.085287,1.346037,1.189367,0.705087,-0.549228,-0.340357,0.158663,0.843868,1.184589,1.008756,0.238187,-0.294242,-0.387140,0.675092,1.178310,0.673515,0.510798,-0.279772,-0.440763,0.501764,0.881655,-0.634026,0.905686,0.156704,-0.944418,0.990831,1.097628,-0.971550,0.075785,-0.173679
32.600000,1.654456,-0.523156,1.185040,-0.226767,-0.796086,-0.302139,0.428664,-0.625547,1.162946,0.565217,-0.650221,-0.248018,0.501608,-1.096001,1.178319,-0.812085,0.154946,-0.310139,-0.626462,-0.398774,1.049913,-0.243144,-1.051910,-0.101258,-1.265876,-1.411476,1.259834,-0.386215,0.563894,-0.388851,1.099293,1.335099,1.182606,0.695461,-0.544512,-0.335707,0.178706,0.848630,1.178733,0.995369,0.237985,-0.291349,-0.373756,0.685283,1.172745,0.664819,0.508159,-0.276685,-0.453364,0.519806,0.884814,-0.626036,0.898376,0.159069,-0.963726,0.992296,1.094186,-0.959144,0.070824,-0.170491
32.620000,1.649934,-0.538965,1.179052,-0.225373,-0.784638,-0.296569,0.439875,-0.638446,1.158022,0.555773,-0.639654,-0.244332,0.485453,-1.092926,1.172166,-0.803315,0.152530,-0.305142,-0.631265,-0.419649,1.047923,-0.237142,-1.035497,-0.097739,-1.273542,-1.400223,1.252107,-0.380306,0.561211,-0.383772,1.113102,1.324260,1.175940,0.685385,-0.539205,-0.330783,0.198473,0.853385,1.172937,0.981278,0.237447,-0.288195,-0.360552,0.695414,1.167245,0.655481,0.504881,-0.273311,-0.465802,0.537693,0.888016,-0.617759,0.890245,0.161086,-0.982780,0.993665,1.090809,-0.946167,0.066098,-0.167200
32.640000,1.645444,-0.554538,1.173178,-0.223604,-0.772651,-0.290797,0.450893,-0.651131,1.153174,0.546028,-0.628738,-0.240445,0.469481,-1.089901,1.166115,-0.793716,0.149969,-0.299878,-0.635948,-0.440189,1.046003,-0.231159,-1.018370,-0.094253,-1.281087,-1.389033,1.244486,-0.374170,0.557582,-0.378272,1.126706,1.313534,1.169376,0.674900,-0.533352,-0.325610,0.217953,0.858126,1.167207,0.966542,0.236596,-0.284789,-0.347540,0.705474,1.161815,0.645566,0.500999,-0.269660,-0.478072,0.555410,0.891255,-0.609193,0.881319,0.162768,-1.001569,0.994942,1.087499,-0.932653,0.061606,-0.163819
32.660000,1.640993,-0.569867,1.167422,-0.221458,-0.760125,-0.284822,0.461714,-0.663594,1.148405,0.535981,-0.617476,-0.236360,0.453710,-1.086928,1.160172,-0.783285,0.147266,-0.294347,-0.640511,-0.460379,1.044152,-0.225196,-1.000529,-0.090798,-1.288507,-1.377926,1.236979,-0.367807,0.553009,-0.372353,1.140095,1.302930,1.162918,0.664007,-0.526950,-0.320189,0.237131,0.862846,1.161547,0.951162,0.235434,-0.281132,-0.334733,0.715450,1.156460,0.635075,0.496513,-0.265734,-0.490168,0.572941,0.894524,-0.600335,0.871601,0.164113,-1.020083,0.996131,1.084257,-0.918601,0.057347,-0.160345
32.680000,1.636588,-0.584940,1.161787,-0.218937,-0.747060,-0.278644,0.472330,-0.675828,1.143721,0.525633,-0.605865,-0.232074,0.438155,-1.084011,1.154343,-0.772024,0.144419,-0.288548,-0.644955,-0.480205,1.042371,-0.219251,-0.981973,-0.087376,-1.295798,-1.366919,1.229594,-0.361217,0.547490,-0.366013,1.153263,1.292460,1.156570,0.652705,-0.520001,-0.314519,0.255995,0.867541,1.155963,0.935138,0.233961,-0.277224,-0.322141,0.725331,1.151187,0.624007,0.491423,-0.261531,-0.502084,0.590269,0.897817,-0.591188,0.861089,0.165124,-1.038310,0.997237,1.081086,-0.904013,0.053322,-0.156781
32.700000,1.632238,-0.599746,1.156277,-0.216039,-0.733456,-0.272263,0.482737,-0.687826,1.139124,0.514983,-0.593907,-0.227589,0.422834,-1.081152,1.148632,-0.759932,0.141430,-0.282482,-0.649281,-0.499653,1.040657,-0.213327,-0.962703,-0.083986,-1.302954,-1.356033,1.222341,-0.354401,0.541027,-0.359252,1.166201,1.282134,1.150338,0.640993,-0.512505,-0.308600,0.274532,0.872203,1.150460,0.918469,0.232175,-0.273064,-0.309777,0.735103,1.146001,0.612363,0.485728,-0.257053,-0.513814,0.607379,0.901127,-0.581750,0.849783,0.165798,-1.056240,0.998265,1.077986,-0.888886,0.049529,-0.153125
32.720000,1.627949,-0.614275,1.150897,-0.212798,-0.719391,-0.265722,0.492928,-0.699582,1.134618,0.504078,-0.581653,-0.222930,0.407763,-1.078355,1.143045,-0.747117,0.138311,-0.276183,-0.653489,-0.518709,1.039011,-0.207436,-0.942840,-0.080625,-1.309973,-1.345284,1.215227,-0.347410,0.533751,-0.352136,1.178901,1.271963,1.144228,0.628928,-0.504517,-0.302458,0.292730,0.876826,1.145042,0.901231,0.230107,-0.268668,-0.297650,0.744756,1.140907,0.600221,0.479489,-0.252325,-0.525352,0.624255,0.904447,-0.572018,0.837730,0.166161,-1.073862,0.999220,1.074961,-0.873268,0.045959,-0.149390
32.740000,1.623728,-0.628519,1.145649,-0.209247,-0.704942,-0.259062,0.502899,-0.711091,1.130208,0.492967,-0.569156,-0.218120,0.392954,-1.075621,1.137586,-0.733686,0.135078,-0.269685,-0.657579,-0.537364,1.037432,-0.201592,-0.922507,-0.077294,-1.316850,-1.334687,1.208257,-0.340298,0.525799,-0.344730,1.191356,1.261956,1.138241,0.616565,-0.496096,-0.296119,0.310578,0.881405,1.139715,0.883499,0.227787,-0.264048,-0.285770,0.754280,1.135909,0.587660,0.472763,-0.247373,-0.536693,0.640883,0.907771,-0.561992,0.824975,0.166235,-1.091168,1.000105,1.072011,-0.857203,0.042600,-0.145585
32.760000,1.619581,-0.642470,1.140536,-0.205385,-0.690109,-0.252284,0.512645,-0.722347,1.125894,0.481650,-0.556415,-0.213161,0.378419,-1.072952,1.132259,-0.719638,0.131731,-0.262988,-0.661553,-0.555606,1.035919,-0.195795,-0.901702,-0.073990,-1.323584,-1.324256,1.201439,-0.333065,0.517168,-0.337033,1.203561,1.252122,1.132384,0.603903,-0.487241,-0.289582,0.328067,0.885936,1.134482,0.865272,0.225214,-0.259206,-0.274146,0.763663,1.131013,0.574679,0.465551,-0.242197,-0.547830,0.657250,0.911094,-0.551671,0.811519,0.166022,-1.108147,1.000925,1.069138,-0.840692,0.039453,-0.141712
32.780000,1.615515,-0.656121,1.135559,-0.201213,-0.674893,-0.245388,0.522163,-0.733345,1.121682,0.470126,-0.543430,-0.208051,0.364172,-1.070352,1.127068,-0.704975,0.128269,-0.256092,-0.665411,-0.573428,1.034472,-0.190046,-0.880427,-0.070715,-1.330172,-1.314005,1.194778,-0.325710,0.507860,-0.329045,1.215510,1.242469,1.126660,0.590942,-0.477952,-0.282847,0.345186,0.890412,1.129348,0.846550,0.222388,-0.254141,-0.262786,0.772898,1.126223,0.561279,0.457853,-0.236796,-0.558757,0.673340,0.914410,-0.541054,0.797360,0.165521,-1.124792,1.001685,1.066343,-0.823733,0.036516,-0.137769
32.800000,1.611535,-0.669463,1.130721,-0.196732,-0.659293,-0.238373,0.531449,-0.744082,1.117573,0.458396,-0.530201,-0.202792,0.350225,-1.067822,1.122017,-0.689696,0.124693,-0.248998,-0.669155,-0.590820,1.033090,-0.184344,-0.858680,-0.067468,-1.336611,-1.303946,1.188280,-0.318233,0.497873,-0.320767,1.227197,1.233007,1.121072,0.577684,-0.468229,-0.275915,0.361925,0.894830,1.124317,0.827334,0.219310,-0.248853,-0.251698,0.781974,1.121543,0.547459,0.449669,-0.231171,-0.569470,0.689139,0.917713,-0.530142,0.782500,0.164732,-1.141094,1.002387,1.063628,-0.806328,0.033791,-0.133758
32.820000,1.607647,-0.682490,1.126024,-0.191984,-0.643401,-0.231275,0.540498,-0.754552,1.113571,0.446517,-0.516794,-0.197407,0.336588,-1.065365,1.117109,-0.673920,0.121021,-0.241752,-0.672785,-0.607773,1.031773,-0.178704,-0.836598,-0.064249,-1.342901,-1.294094,1.181949,-0.310688,0.487342,-0.312265,1.238616,1.223742,1.115624,0.564202,-0.458139,-0.268819,0.378276,0.899183,1.119395,0.807726,0.216016,-0.243367,-0.240890,0.790882,1.116978,0.533309,0.441075,-0.225354,-0.579961,0.704635,0.920998,-0.518950,0.767020,0.163689,-1.157043,1.003038,1.060993,-0.788549,0.031261,-0.129692
32.840000,1.603857,-0.695198,1.121470,-0.187014,-0.627308,-0.224126,0.549309,-0.764753,1.109678,0.434548,-0.503275,-0.191922,0.323270,-1.062982,1.112347,-0.657765,0.117270,-0.234402,-0.676304,-0.624283,1.030520,-0.173140,-0.814314,-0.061059,-1.349039,-1.284456,1.175790,-0.303125,0.476397,-0.303606,1.249764,1.214683,1.110320,0.550574,-0.447749,-0.261597,0.394232,0.903469,1.114584,0.787829,0.212545,-0.237708,-0.230367,0.799615,1.112530,0.518917,0.432146,-0.219376,-0.590226,0.719817,0.924260,-0.507494,0.751002,0.162426,-1.172634,1.003639,1.058441,-0.770468,0.028909,-0.125587
32.860000,1.600168,-0.707581,1.117060,-0.181823,-0.611014,-0.216928,0.557880,-0.774683,1.105895,0.422488,-0.489644,-0.186336,0.310280,-1.060675,1.107734,-0.641232,0.113440,-0.226948,-0.679711,-0.640345,1.029331,-0.167653,-0.791828,-0.057899,-1.355025,-1.275040,1.169806,-0.295545,0.465040,-0.294791,1.260638,1.205834,1.105161,0.536800,-0.437058,-0.254246,0.409787,0.907684,1.109888,0.767643,0.208895,-0.231876,-0.220135,0.808166,1.108204,0.504283,0.422883,-0.213237,-0.600259,0.734672,0.927494,-0.495772,0.734448,0.160943,-1.187860,1.004195,1.055970,-0.752086,0.026737,-0.121442
32.880000,1.596585,-0.719637,1.112794,-0.176410,-0.594519,-0.209680,0.566208,-0.784338,1.102225,0.410337,-0.475900,-0.180649,0.297624,-1.058445,1.103270,-0.624320,0.109532,-0.219391,-0.683010,-0.655955,1.028204,-0.162243,-0.769141,-0.054767,-1.360860,-1.265857,1.163999,-0.287949,0.453269,-0.285818,1.271235,1.197203,1.100151,0.522879,-0.426066,-0.246767,0.424936,0.911824,1.105310,0.747168,0.205067,-0.225871,-0.210198,0.816528,1.104002,0.489408,0.413286,-0.206937,-0.610055,0.749191,0.930696,-0.483786,0.717356,0.159239,-1.202715,1.004710,1.053583,-0.733402,0.024742,-0.117258
32.900000,1.593113,-0.731361,1.108673,-0.170776,-0.577823,-0.202382,0.574293,-0.793718,1.098670,0.398096,-0.462044,-0.174862,0.285309,-1.056294,1.098959,-0.607030,0.105545,-0.211729,-0.686202,-0.671109,1.027140,-0.156909,-0.746252,-0.051664,-1.366543,-1.256912,1.158374,-0.280335,0.441085,-0.276690,1.281552,1.188794,1.095291,0.508812,-0.414774,-0.239161,0.439672,0.915885,1.100854,0.726404,0.201062,-0.219692,-0.200560,0.824695,1.099927,0.474291,0.403354,-0.200476,-0.619609,0.763363,0.933862,-0.471535,0.699727,0.157315,-1.217194,1.005186,1.051280,-0.714416,0.022927,-0.113033
32.920000,1.589755,-0.742749,1.104698,-0.164975,-0.561035,-0.195070,0.582132,-0.802820,1.095231,0.385838,-0.448160,-0.169007,0.273344,-1.054223,1.094801,-0.589496,0.101504,-0.204010,-0.689287,-0.685804,1.026137,-0.151668,-0.723307,-0.048594,-1.372074,-1.248215,1.152932,-0.272757,0.428626,-0.267476,1.291587,1.180613,1.090585,0.494679,-0.403259,-0.231462,0.453991,0.919865,1.096523,0.705476,0.196921,-0.213376,-0.191227,0.832661,1.095983,0.459043,0.393188,-0.193899,-0.628915,0.777177,0.936987,-0.459062,0.681680,0.155208,-1.231290,1.005628,1.049062,-0.695225,0.021271,-0.108788
32.940000,1.586515,-0.753802,1.100870,-0.159064,-0.544264,-0.187778,0.589726,-0.811645,1.091910,0.373635,-0.434333,-0.163116,0.261730,-1.052234,1.090799,-0.571849,0.097435,-0.196281,-0.692269,-0.700042,1.025196,-0.146536,-0.700451,-0.045560,-1.377454,-1.239768,1.147675,-0.265264,0.416028,-0.258249,1.301339,1.172664,1.086033,0.480564,-0.391601,-0.223706,0.467891,0.923762,1.092320,0.684511,0.192690,-0.206959,-0.182199,0.840422,1.092172,0.443776,0.382886,-0.187249,-0.637970,0.790628,0.940069,-0.446412,0.663336,0.152957,-1.245002,1.006038,1.046929,-0.675926,0.019758,-0.104542
32.960000,1.583394,-0.764520,1.097187,-0.153042,-0.527509,-0.180508,0.597078,-0.820193,1.088707,0.361487,-0.420563,-0.157189,0.250471,-1.050326,1.086950,-0.554092,0.093337,-0.188540,-0.695149,-0.713823,1.024315,-0.141512,-0.677686,-0.042563,-1.382685,-1.231575,1.142602,-0.257858,0.403291,-0.249010,1.310810,1.164950,1.081637,0.466464,-0.379798,-0.215893,0.481371,0.927572,1.088246,0.663509,0.188367,-0.200440,-0.173476,0.847975,1.088494,0.428491,0.372450,-0.180526,-0.646770,0.803709,0.943104,-0.433584,0.644694,0.150560,-1.258327,1.006419,1.044880,-0.656517,0.018386,-0.100293
32.980000,1.580394,-0.774903,1.093649,-0.146910,-0.510771,-0.173259,0.604186,-0.828467,1.085622,0.349395,-0.406849,-0.151225,0.239567,-1.048501,1.083257,-0.536222,0.089211,-0.180788,-0.697930,-0.727150,1.023493,-0.136597,-0.655010,-0.039602,-1.387769,-1.223638,1.137715,-0.250538,0.390416,-0.239757,1.319998,1.157473,1.077398,0.452382,-0.367852,-0.208023,0.494431,0.931296,1.084303,0.642469,0.183953,-0.193820,-0.165059,0.855319,1.084951,0.413186,0.361879,-0.173731,-0.655312,0.816414,0.946090,-0.420578,0.625755,0.148019,-1.271262,1.006774,1.042917,-0.637000,0.017155,-0.096043
33.000000,1.577518,-0.784951,1.090257,-0.140667,-0.494050,-0.166031,0.611054,-0.836468,1.082658,0.337359,-0.393192,-0.145226,0.229023,-1.046758,1.079719,-0.518242,0.085056,-0.173026,-0.700614,-0.740024,1.022730,-0.131792,-0.632425,-0.036677,-1.392707,-1.215959,1.133012,-0.243304,0.377403,-0.230492,1.328905,1.150237,1.073316,0.438316,-0.355761,-0.200095,0.507070,0.934930,1.080493,0.621391,0.179447,-0.187099,-0.156949,0.862450,1.081545,0.397862,0.351173,-0.166864,-0.663592,0.828737,0.949024,-0.407394,0.606518,0.145333,-1.283806,1.007106,1.041039,-0.617374,0.016066,-0.091792
33.020000,1.574768,-0.794666,1.087008,-0.134372,-0.477453,-0.158858,0.617681,-0.844196,1.079813,0.325449,-0.379674,-0.139227,0.218838,-1.045098,1.076336,-0.500279,0.080901,-0.165298,-0.703203,-0.752448,1.022026,-0.127107,-0.610059,-0.033795,-1.397502,-1.208542,1.128495,-0.236197,0.364371,-0.221280,1.337531,1.143243,1.069394,0.424353,-0.343599,-0.192147,0.519287,0.938473,1.076819,0.600404,0.174895,-0.180318,-0.149144,0.869366,1.078277,0.382626,0.340431,-0.159972,-0.671607,0.840673,0.951903,-0.394096,0.587122,0.142533,-1.295957,1.007418,1.039245,-0.597745,0.015102,-0.087560
33.040000,1.572143,-0.804051,1.083902,-0.128082,-0.461087,-0.151776,0.624073,-0.851656,1.077089,0.313737,-0.366379,-0.133264,0.209010,-1.043522,1.073106,-0.482462,0.076772,-0.157648,-0.705699,-0.764429,1.021378,-0.122558,-0.588045,-0.030961,-1.402156,-1.201384,1.124160,-0.229256,0.351442,-0.212188,1.345880,1.136493,1.065631,0.410579,-0.331438,-0.184213,0.531087,0.941926,1.073281,0.579636,0.170338,-0.173521,-0.141642,0.876067,1.075146,0.367585,0.329754,-0.153105,-0.679356,0.852222,0.954725,-0.380746,0.567705,0.139653,-1.307716,1.007711,1.037536,-0.578221,0.014246,-0.083370
33.060000,1.569644,-0.813111,1.080936,-0.121799,-0.444952,-0.144785,0.630232,-0.858853,1.074483,0.302223,-0.353306,-0.127337,0.199538,-1.042027,1.070029,-0.464792,0.072669,-0.150077,-0.708106,-0.775972,1.020787,-0.118143,-0.566382,-0.028176,-1.406673,-1.194483,1.120006,-0.222481,0.338615,-0.203216,1.353956,1.129986,1.062025,0.396995,-0.319278,-0.176294,0.542474,0.945287,1.069879,0.559087,0.165778,-0.166706,-0.134439,0.882556,1.072152,0.352738,0.319139,-0.146262,-0.686837,0.863381,0.957489,-0.367347,0.548266,0.136692,-1.319086,1.007988,1.035910,-0.558801,0.013498,-0.079223
33.080000,1.567271,-0.821850,1.078110,-0.115521,-0.429048,-0.137885,0.636163,-0.865790,1.071995,0.290907,-0.340455,-0.121446,0.190418,-1.040615,1.067103,-0.447269,0.068593,-0.142584,-0.710426,-0.787086,1.020251,-0.113863,-0.545071,-0.025439,-1.411057,-1.187838,1.116031,-0.215873,0.325890,-0.194364,1.361761,1.123722,1.058579,0.383601,-0.307118,-0.168389,0.553452,0.948557,1.066613,0.538757,0.161213,-0.159875,-0.127531,0.888833,1.069295,0.338086,0.308589,-0.139444,-0.694049,0.874152,0.960192,-0.353896,0.528806,0.133651,-1.330069,1.008252,1.034367,-0.539484,0.012857,-0.075117
33.100000,1.565023,-0.830274,1.075420,-0.109249,-0.413376,-0.131075,0.641870,-0.872472,1.069624,0.279789,-0.327826,-0.115592,0.181646,-1.039284,1.064325,-0.429892,0.064544,-0.135170,-0.712661,-0.797778,1.019769,-0.109718,-0.524110,-0.022751,-1.415309,-1.181447,1.112231,-0.209431,0.313268,-0.185632,1.369301,1.117701,1.055290,0.370396,-0.294959,-0.160500,0.564026,0.951735,1.063484,0.518645,0.156645,-0.153026,-0.120915,0.894900,1.066574,0.323629,0.298102,-0.132650,-0.700992,0.884533,0.962834,-0.340394,0.509325,0.130528,-1.340666,1.008503,1.032905,-0.520272,0.012325,-0.071054
33.120000,1.562901,-0.838387,1.072866,-0.103029,-0.398018,-0.124386,0.647356,-0.878905,1.067371,0.268922,-0.315482,-0.109806,0.173220,-1.038033,1.061695,-0.412770,0.060545,-0.127874,-0.714815,-0.808054,1.019340,-0.105716,-0.503601,-0.020117,-1.419435,-1.175306,1.108604,-0.203181,0.300832,-0.177068,1.376579,1.111923,1.052158,0.357452,-0.282870,-0.152666,0.574200,0.954823,1.060491,0.498862,0.152114,-0.146204,-0.114584,0.900758,1.063989,0.309448,0.287756,-0.125929,-0.707665,0.894526,0.965413,-0.326929,0.489954,0.127354,-1.350881,1.008745,1.031524,-0.501277,0.011885,-0.067049
33.140000,1.560902,-0.846198,1.070444,-0.096906,-0.383059,-0.117845,0.652629,-0.885094,1.065232,0.258362,-0.303485,-0.104122,0.165133,-1.036861,1.059209,-0.396012,0.056619,-0.120733,-0.716891,-0.817925,1.018964,-0.101867,-0.483643,-0.017542,-1.423438,-1.169412,1.105147,-0.197146,0.288667,-0.168720,1.383601,1.106385,1.049183,0.344841,-0.270921,-0.144927,0.583983,0.957820,1.057635,0.479515,0.147659,-0.139452,-0.108534,0.906412,1.061537,0.295628,0.277625,-0.119329,-0.714070,0.904133,0.967928,-0.313588,0.470823,0.124160,-1.360720,1.008979,1.030223,-0.482612,0.011525,-0.063121
33.160000,1.559024,-0.853712,1.068151,-0.090880,-0.368498,-0.111453,0.657693,-0.891047,1.063205,0.248108,-0.291834,-0.098538,0.157377,-1.035768,1.056865,-0.379616,0.052766,-0.113749,-0.718891,-0.827403,1.018638,-0.098169,-0.464236,-0.015025,-1.427322,-1.163758,1.101854,-0.191328,0.276775,-0.160589,1.390375,1.101085,1.046361,0.332563,-0.259111,-0.137285,0.593384,0.960730,1.054913,0.460606,0.143280,-0.132769,-0.102757,0.911865,1.059215,0.282167,0.267711,-0.112850,-0.720210,0.913360,0.970379,-0.300372,0.451933,0.120944,-1.370188,1.009207,1.028999,-0.464277,0.011245,-0.059268
33.180000,1.557266,-0.860940,1.065985,-0.084952,-0.354335,-0.105211,0.662555,-0.896770,1.061289,0.238160,-0.280529,-0.093054,0.149946,-1.034750,1.054658,-0.363584,0.048987,-0.106921,-0.720819,-0.836498,1.018363,-0.094624,-0.445381,-0.012568,-1.431093,-1.158339,1.098722,-0.185725,0.265153,-0.152674,1.396906,1.096020,1.043691,0.320618,-0.247441,-0.129738,0.602411,0.963552,1.052324,0.442133,0.138978,-0.126155,-0.097245,0.917122,1.057022,0.269066,0.258013,-0.106493,-0.726086,0.922212,0.972766,-0.287279,0.433283,0.117708,-1.379293,1.009430,1.027851,-0.446272,0.011043,-0.055491
33.200000,1.555625,-0.867889,1.063942,-0.079121,-0.340571,-0.099118,0.667221,-0.902270,1.059482,0.228517,-0.269572,-0.087672,0.142832,-1.033808,1.052587,-0.347914,0.045281,-0.100250,-0.722677,-0.845222,1.018135,-0.091231,-0.427076,-0.010169,-1.434753,-1.153150,1.095746,-0.180339,0.253803,-0.144975,1.403202,1.091187,1.041170,0.309006,-0.235911,-0.122287,0.611072,0.966289,1.049866,0.424097,0.134753,-0.119610,-0.091992,0.922187,1.054954,0.256324,0.248531,-0.100256,-0.731702,0.930693,0.975087,-0.274310,0.414874,0.114451,-1.388041,1.009649,1.026779,-0.428597,0.010920,-0.051790
33.220000,1.554100,-0.874566,1.062019,-0.073420,-0.327254,-0.093196,0.671698,-0.907555,1.057782,0.219211,-0.258994,-0.082416,0.136027,-1.032938,1.050647,-0.332681,0.041667,-0.093763,-0.724469,-0.853586,1.017955,-0.087993,-0.409384,-0.007835,-1.438308,-1.148185,1.092921,-0.175177,0.242774,-0.137519,1.409269,1.086582,1.038798,0.297775,-0.224588,-0.114973,0.619378,0.968943,1.047539,0.406575,0.130634,-0.113174,-0.086990,0.927065,1.053010,0.243989,0.239312,-0.094174,-0.737060,0.938809,0.977344,-0.261557,0.396825,0.111203,-1.396440,1.009867,1.025779,-0.411339,0.010865,-0.048175
33.240000,1.552687,-0.880982,1.060212,-0.067882,-0.314435,-0.087469,0.675992,-0.912633,1.056185,0.210269,-0.248831,-0.077313,0.129521,-1.032140,1.048835,-0.317957,0.038163,-0.087490,-0.726198,-0.861602,1.017821,-0.084910,-0.392364,-0.005572,-1.441762,-1.143437,1.090243,-0.170244,0.232115,-0.130333,1.415116,1.082201,1.036570,0.286973,-0.213541,-0.107835,0.627339,0.971515,1.045338,0.389646,0.126650,-0.106883,-0.082229,0.931761,1.051186,0.232109,0.230401,-0.088279,-0.742166,0.946569,0.979536,-0.249108,0.379254,0.107994,-1.404498,1.010084,1.024851,-0.394585,0.010866,-0.044656
33.260000,1.551384,-0.887147,1.058519,-0.062507,-0.302112,-0.081936,0.680111,-0.917511,1.054688,0.201692,-0.239080,-0.072361,0.123305,-1.031411,1.047146,-0.303743,0.034770,-0.081430,-0.727867,-0.869285,1.017732,-0.081984,-0.376017,-0.003379,-1.445119,-1.138898,1.087706,-0.165542,0.221825,-0.123416,1.420751,1.078039,1.034484,0.276601,-0.202770,-0.100875,0.634968,0.974010,1.043262,0.373308,0.122802,-0.100740,-0.077702,0.936283,1.049478,0.220682,0.221798,-0.082571,-0.747026,0.953983,0.981664,-0.236965,0.362162,0.104824,-1.412226,1.010302,1.023992,-0.378335,0.010923,-0.041234
33.280000,1.550186,-0.893070,1.056934,-0.057295,-0.290287,-0.076598,0.684062,-0.922199,1.053289,0.193480,-0.229744,-0.067562,0.117368,-1.030749,1.045576,-0.290037,0.031486,-0.075584,-0.729478,-0.876647,1.017686,-0.079214,-0.360343,-0.001256,-1.448385,-1.134561,1.085305,-0.161070,0.211906,-0.116769,1.426183,1.074089,1.032534,0.266658,-0.192274,-0.094091,0.642275,0.976428,1.041308,0.357562,0.119090,-0.094743,-0.073399,0.940635,1.047882,0.209710,0.213504,-0.077050,-0.751647,0.961059,0.983729,-0.225128,0.345548,0.101693,-1.419635,1.010521,1.023201,-0.362590,0.011035,-0.037908
33.300000,1.549091,-0.898761,1.055454,-0.052246,-0.278959,-0.071454,0.687853,-0.926704,1.051985,0.185632,-0.220821,-0.062914,0.111700,-1.030151,1.044121,-0.276841,0.028312,-0.069951,-0.731036,-0.883703,1.017681,-0.076601,-0.345341,0.000797,-1.451563,-1.130419,1.083034,-0.156828,0.202356,-0.110391,1.431420,1.070346,1.030719,0.257145,-0.182054,-0.087483,0.649274,0.978774,1.039472,0.342408,0.115513,-0.088892,-0.069311,0.944825,1.046395,0.199192,0.205519,-0.071717,-0.756033,0.967808,0.985732,-0.213595,0.329413,0.098602,-1.426733,1.010744,1.022475,-0.347348,0.011204,-0.034679
33.320000,1.548095,-0.904232,1.054074,-0.047379,-0.268141,-0.066517,0.691490,-0.931034,1.050771,0.178155,-0.212318,-0.058435,0.106291,-1.029615,1.042777,-0.264185,0.025260,-0.064547,-0.732543,-0.890465,1.017717,-0.074138,-0.331027,0.002775,-1.454659,-1.126464,1.080887,-0.152811,0.193195,-0.104292,1.436471,1.066804,1.029033,0.248072,-0.172159,-0.081084,0.655976,0.981050,1.037751,0.327884,0.112084,-0.083218,-0.065428,0.948858,1.045012,0.189139,0.197852,-0.066594,-0.760193,0.974239,0.987674,-0.202438,0.313835,0.095579,-1.433533,1.010970,1.021813,-0.332665,0.011418,-0.031553
33.340000,1.547194,-0.909491,1.052791,-0.042714,-0.257849,-0.061800,0.694982,-0.935199,1.049646,0.171052,-0.204240,-0.054139,0.101129,-1.029140,1.041538,-0.252099,0.022339,-0.059385,-0.734003,-0.896949,1.017792,-0.071819,-0.317416,0.004674,-1.457677,-1.122689,1.078860,-0.149012,0.184444,-0.098477,1.441346,1.063457,1.027474,0.239452,-0.162640,-0.074923,0.662394,0.983259,1.036142,0.314027,0.108818,-0.077752,-0.061742,0.952741,1.043729,0.179561,0.190512,-0.061704,-0.764134,0.980366,0.989556,-0.191725,0.298892,0.092657,-1.440044,1.011201,1.021212,-0.318595,0.011666,-0.028538
33.360000,1.546385,-0.914549,1.051601,-0.038252,-0.248081,-0.057303,0.698335,-0.939207,1.048605,0.164324,-0.196587,-0.050028,0.096203,-1.028721,1.040400,-0.240585,0.019549,-0.054466,-0.735417,-0.903167,1.017904,-0.069646,-0.304507,0.006493,-1.460621,-1.119084,1.076946,-0.145431,0.176102,-0.092948,1.446052,1.060296,1.026035,0.231286,-0.153497,-0.069001,0.668541,0.985404,1.034639,0.300838,0.105712,-0.072493,-0.058243,0.956481,1.042542,0.170460,0.183500,-0.057048,-0.767865,0.986199,0.991380,-0.181456,0.284585,0.089835,-1.446280,1.011437,1.020671,-0.305138,0.011949,-0.025635
33.380000,1.545663,-0.919417,1.050498,-0.033992,-0.238838,-0.053026,0.701557,-0.943065,1.047644,0.157970,-0.189359,-0.046100,0.091502,-1.028357,1.039358,-0.229640,0.016892,-0.049789,-0.736789,-0.909134,1.018051,-0.067616,-0.292301,0.008234,-1.463496,-1.115642,1.075140,-0.142070,0.168169,-0.087705,1.450600,1.057315,1.024712,0.223572,-0.144728,-0.063317,0.674432,0.987488,1.033240,0.288315,0.102769,-0.067441,-0.054920,0.960084,1.041446,0.161835,0.176816,-0.052624,-0.771395,0.991753,0.993150,-0.171632,0.270914,0.087113,-1.452254,1.011679,1.020186,-0.292294,0.012267,-0.022842
33.400000,1.545024,-0.924106,1.049478,-0.029934,-0.230121,-0.048970,0.704656,-0.946784,1.046759,0.151991,-0.182557,-0.042356,0.087014,-1.028044,1.038407,-0.219267,0.014366,-0.045356,-0.738123,-0.914863,1.018232,-0.065732,-0.280798,0.009896,-1.466306,-1.112354,1.073436,-0.138926,0.160645,-0.082747,1.454998,1.054505,1.023501,0.216311,-0.136336,-0.057871,0.680079,0.989516,1.031940,0.276460,0.099987,-0.062597,-0.051766,0.963556,1.040436,0.153686,0.170460,-0.048434,-0.774733,0.997040,0.994866,-0.162252,0.257879,0.084491,-1.457976,1.011928,1.019756,-0.280063,0.012620,-0.020160
33.420000,1.544464,-0.928626,1.048538,-0.026087,-0.221916,-0.045137,0.707639,-0.950370,1.045948,0.146375,-0.176165,-0.038803,0.082727,-1.027781,1.037542,-0.209464,0.011976,-0.041167,-0.739420,-0.920370,1.018446,-0.063982,-0.269977,0.011477,-1.469054,-1.109213,1.071829,-0.135988,0.153534,-0.078074,1.459256,1.051859,1.022396,0.209489,-0.128340,-0.052679,0.685495,0.991489,1.030735,0.265269,0.097366,-0.057974,-0.048770,0.966904,1.039507,0.146000,0.164429,-0.044480,-0.777888,1.002073,0.996530,-0.153349,0.245509,0.081978,-1.463460,1.012184,1.019379,-0.268462,0.012996,-0.017594
33.440000,1.543979,-0.932986,1.047671,-0.022459,-0.214213,-0.041532,0.710513,-0.953833,1.045206,0.141109,-0.170172,-0.035448,0.078631,-1.027564,1.036758,-0.200231,0.009726,-0.037227,-0.740683,-0.925667,1.018691,-0.062356,-0.259819,0.012978,-1.471746,-1.106210,1.070311,-0.133240,0.146840,-0.073684,1.463381,1.049368,1.021392,0.203092,-0.120765,-0.047756,0.690694,0.993411,1.029620,0.254737,0.094905,-0.053588,-0.045923,0.970135,1.038655,0.138767,0.158720,-0.040763,-0.780870,1.006865,0.998146,-0.144952,0.233833,0.079581,-1.468719,1.012447,1.019052,-0.257509,0.013385,-0.015148
33.460000,1.543564,-0.937197,1.046875,-0.019051,-0.207012,-0.038154,0.713286,-0.957180,1.044529,0.136194,-0.164577,-0.032290,0.074714,-1.027391,1.036051,-0.191567,0.007616,-0.033536,-0.741915,-0.930767,1.018965,-0.060853,-0.250324,0.014399,-1.474385,-1.103337,1.068879,-0.130683,0.140562,-0.069578,1.467382,1.047025,1.020484,0.197120,-0.113610,-0.043102,0.695689,0.995286,1.028590,0.244865,0.092604,-0.049438,-0.043216,0.973255,1.037875,0.131987,0.153333,-0.037285,-0.783690,1.011431,0.999714,-0.137063,0.222851,0.077300,-1.473765,1.012719,1.018772,-0.247203,0.013787,-0.012822
33.480000,1.543216,-0.941270,1.046144,-0.015862,-0.200312,-0.035004,0.715963,-0.960419,1.043913,0.131630,-0.159379,-0.029330,0.070965,-1.027259,1.035415,-0.183474,0.005646,-0.030093,-0.743118,-0.935684,1.019266,-0.059474,-0.241491,0.015738,-1.476975,-1.100585,1.067526,-0.128317,0.134700,-0.065756,1.471268,1.044821,1.019666,0.191574,-0.106875,-0.038716,0.700493,0.997117,1.027641,0.235653,0.090463,-0.045524,-0.040640,0.976270,1.037162,0.125658,0.148267,-0.034045,-0.786356,1.015784,1.001238,-0.129680,0.212563,0.075136,-1.478611,1.012999,1.018538,-0.237545,0.014202,-0.010616
33.500000,1.542928,-0.945213,1.045473,-0.012892,-0.194114,-0.032081,0.718553,-0.963558,1.043354,0.127415,-0.154580,-0.026568,0.067371,-1.027164,1.034846,-0.175950,0.003816,-0.026899,-0.744294,-0.940431,1.019594,-0.058220,-0.233321,0.016997,-1.479519,-1.097946,1.066247,-0.126141,0.129255,-0.062217,1.475048,1.042747,1.018933,0.186453,-0.100560,-0.034598,0.705119,0.998906,1.026767,0.227101,0.088482,-0.041847,-0.038187,0.979188,1.036512,0.119782,0.143524,-0.031042,-0.788880,1.019938,1.002720,-0.122805,0.202969,0.073089,-1.483271,1.013287,1.018347,-0.228534,0.014630,-0.008531
33.520000,1.542698,-0.949038,1.044859,-0.010135,-0.188387,-0.029375,0.721062,-0.966605,1.042849,0.123528,-0.150152,-0.023998,0.063923,-1.027105,1.034338,-0.168969,0.002122,-0.023942,-0.745447,-0.945021,1.019946,-0.057076,-0.225773,0.018175,-1.482022,-1.095412,1.065036,-0.124141,0.124209,-0.058946,1.478729,1.040796,1.018280,0.181728,-0.094664,-0.030750,0.709581,1.000657,1.025965,0.219177,0.086652,-0.038407,-0.035846,0.982014,1.035919,0.114332,0.139092,-0.028267,-0.791272,1.023907,1.004163,-0.116426,0.194052,0.071162,-1.487757,1.013584,1.018196,-0.220155,0.015059,-0.006568
33.540000,1.542522,-0.952752,1.044297,-0.007585,-0.183100,-0.026877,0.723496,-0.969566,1.042393,0.119944,-0.146069,-0.021614,0.060609,-1.027079,1.033886,-0.162504,0.000557,-0.021211,-0.746578,-0.949466,1.020320,-0.056029,-0.218807,0.019271,-1.484486,-1.092975,1.063888,-0.122298,0.119543,-0.055930,1.482320,1.038958,1.017701,0.177370,-0.089186,-0.027173,0.713890,1.002373,1.025230,0.211850,0.084962,-0.035207,-0.033611,0.984754,1.035379,0.109284,0.134960,-0.025708,-0.793541,1.027704,1.005568,-0.110530,0.185795,0.069359,-1.492082,1.013890,1.018083,-0.212392,0.015480,-0.004730
33.560000,1.542394,-0.956364,1.043782,-0.005242,-0.178254,-0.024587,0.725862,-0.972450,1.041983,0.116663,-0.142330,-0.019417,0.057419,-1.027082,1.033488,-0.156557,-0.000877,-0.018707,-0.747689,-0.953777,1.020716,-0.055080,-0.212423,0.020285,-1.486915,-1.090628,1.062797,-0.120613,0.115258,-0.053167,1.485826,1.037226,1.017191,0.173380,-0.084126,-0.023866,0.718059,1.004056,1.024555,0.205120,0.083413,-0.032246,-0.031472,0.987414,1.034889,0.104638,0.131128,-0.023366,-0.795696,1.031343,1.006938,-0.105117,0.178197,0.067682,-1.496257,1.014203,1.018006,-0.205243,0.015893,-0.003017
33.580000,1.542311,-0.959885,1.043312,-0.003105,-0.173849,-0.022505,0.728165,-0.975262,1.041615,0.113685,-0.138936,-0.017405,0.054343,-1.027113,1.033137,-0.151125,-0.002182,-0.016429,-0.748782,-0.957967,1.021131,-0.054229,-0.206622,0.021218,-1.489311,-1.088362,1.061759,-0.119087,0.111354,-0.050659,1.489257,1.035590,1.016745,0.169758,-0.079484,-0.020830,0.722099,1.005710,1.023938,0.198987,0.082005,-0.029525,-0.029423,0.990001,1.034443,0.100393,0.127596,-0.021239,-0.797749,1.034837,1.008276,-0.100189,0.171258,0.066128,-1.500295,1.014525,1.017962,-0.198710,0.016296,-0.001429
33.600000,1.542268,-0.963321,1.042881,-0.001175,-0.169884,-0.020630,0.730411,-0.978009,1.041286,0.111011,-0.135887,-0.015580,0.051371,-1.027169,1.032829,-0.146210,-0.003356,-0.014378,-0.749859,-0.962046,1.021564,-0.053475,-0.201403,0.022069,-1.491679,-1.086171,1.060769,-0.117719,0.107831,-0.048403,1.492619,1.034043,1.016356,0.166503,-0.075260,-0.018064,0.726022,1.007337,1.023373,0.193450,0.080738,-0.027044,-0.027454,0.992520,1.034038,0.096549,0.124364,-0.019329,-0.799707,1.038198,1.009584,-0.095744,0.164979,0.064699,-1.504209,1.014855,1.017948,-0.192792,0.016691,0.000034
33.620000,1.542262,-0.966683,1.042485,0.000565,-0.166318,-0.018945,0.732607,-0.980699,1.040991,0.108609,-0.133149,-0.013927,0.048492,-1.027246,1.032560,-0.141769,-0.004411,-0.012533,-0.750922,-0.966026,1.022013,-0.052806,-0.196709,0.022843,-1.494021,-1.084047,1.059822,-0.116491,0.104656,-0.046378,1.495919,1.032577,1.016021,0.163578,-0.071428,-0.015553,0.729841,1.008941,1.022855,0.188459,0.079599,-0.024789,-0.025558,0.994977,1.033669,0.093073,0.121414,-0.017616,-0.801581,1.041440,1.010865,-0.091740,0.159308,0.063393,-1.508011,1.015193,1.017962,-0.187444,0.017068,0.001373
33.640000,1.542290,-0.969976,1.042122,0.002130,-0.163109,-0.017431,0.734757,-0.983337,1.040728,0.106450,-0.130686,-0.012432,0.045697,-1.027344,1.032326,-0.137757,-0.005358,-0.010875,-0.751972,-0.969918,1.022477,-0.052209,-0.192486,0.023545,-1.496340,-1.081983,1.058912,-0.115387,0.101798,-0.044560,1.499164,1.031184,1.015733,0.160949,-0.067963,-0.013281,0.733564,1.010522,1.022380,0.183962,0.078574,-0.022747,-0.023729,0.997378,1.033332,0.089930,0.118730,-0.016078,-0.803379,1.044574,1.012120,-0.088134,0.154192,0.062205,-1.511711,1.015538,1.018002,-0.182621,0.017420,0.002591
33.660000,1.542346,-0.973210,1.041787,0.003521,-0.160256,-0.016088,0.736867,-0.985929,1.040493,0.104532,-0.128500,-0.011096,0.042979,-1.027460,1.032124,-0.134175,-0.006197,-0.009403,-0.753010,-0.973729,1.022955,-0.051684,-0.188734,0.024174,-1.498637,-1.079973,1.058038,-0.114405,0.099257,-0.042948,1.502359,1.029856,1.015488,0.158615,-0.064864,-0.011248,0.737202,1.012084,1.021944,0.179959,0.077664,-0.020918,-0.021959,0.999728,1.033025,0.087122,0.116312,-0.014717,-0.805109,1.047611,1.013354,-0.084927,0.149632,0.061136,-1.515319,1.015889,1.018065,-0.178323,0.017746,0.003687
33.680000,1.542429,-0.976389,1.041477,0.004738,-0.157760,-0.014916,0.738940,-0.988479,1.040283,0.102857,-0.126589,-0.009919,0.040327,-1.027591,1.031949,-0.131023,-0.006928,-0.008118,-0.754039,-0.977470,1.023444,-0.051230,-0.185452,0.024730,-1.500917,-1.078010,1.057193,-0.113547,0.097032,-0.041543,1.505511,1.028587,1.015281,0.156575,-0.062131,-0.009454,0.740766,1.013629,1.021542,0.176449,0.076868,-0.019303,-0.020242,1.002032,1.032742,0.084646,0.114159,-0.013532,-0.806779,1.050563,1.014567,-0.082119,0.145628,0.060187,-1.518847,1.016247,1.018149,-0.174549,0.018046,0.004661
33.700000,1.542535,-0.979522,1.041189,0.005780,-0.155620,-0.013915,0.740983,-0.990994,1.040095,0.101425,-0.124954,-0.008900,0.037735,-1.027736,1.031798,-0.128301,-0.007551,-0.007020,-0.755060,-0.981150,1.023943,-0.050848,-0.182640,0.025215,-1.503180,-1.076089,1.056375,-0.112812,0.095124,-0.040344,1.508624,1.027369,1.015108,0.154830,-0.059765,-0.007899,0.744264,1.015160,1.021170,0.173432,0.076187,-0.017901,-0.018571,1.004296,1.032482,0.082505,0.112271,-0.012523,-0.808397,1.053440,1.015762,-0.079708,0.142179,0.059357,-1.522305,1.016611,1.018251,-0.171301,0.018320,0.005514
33.720000,1.542659,-0.982616,1.040920,0.006671,-0.153786,-0.013061,0.742999,-0.993479,1.039926,0.100199,-0.123555,-0.008021,0.035193,-1.027893,1.031667,-0.125954,-0.008082,-0.006081,-0.756074,-0.984778,1.024452,-0.050526,-0.180231,0.025634,-1.505430,-1.074204,1.055578,-0.112182,0.093490,-0.039322,1.511706,1.026194,1.014964,0.153337,-0.057722,-0.006556,0.747706,1.016678,1.020824,0.170843,0.075604,-0.016688,-0.016940,1.006525,1.032240,0.080657,0.110626,-0.011663,-0.809970,1.056253,1.016942,-0.077641,0.139214,0.058636,-1.525702,1.016980,1.018369,-0.168508,0.018566,0.006256
33.740000,1.542801,-0.985675,1.040666,0.007436,-0.152208,-0.012329,0.744992,-0.995937,1.039773,0.099144,-0.122352,-0.007260,0.032695,-1.028059,1.031554,-0.123924,-0.008535,-0.005276,-0.757081,-0.988362,1.024968,-0.050250,-0.178158,0.025998,-1.507668,-1.072348,1.054801,-0.111638,0.092086,-0.038447,1.514759,1.025058,1.014845,0.152053,-0.055957,-0.005395,0.751100,1.018184,1.020501,0.168612,0.075103,-0.015640,-0.015343,1.008723,1.032015,0.079062,0.109201,-0.010925,-0.811504,1.059011,1.018108,-0.075863,0.136658,0.058011,-1.529047,1.017354,1.018501,-0.166102,0.018781,0.006899
33.760000,1.542956,-0.988706,1.040426,0.008074,-0.150884,-0.011720,0.746966,-0.998374,1.039635,0.098261,-0.121344,-0.006620,0.030234,-1.028234,1.031455,-0.122214,-0.008911,-0.004605,-0.758084,-0.991907,1.025492,-0.050021,-0.176420,0.026305,-1.509896,-1.070519,1.054039,-0.111180,0.090912,-0.037718,1.517789,1.023954,1.014747,0.150978,-0.054471,-0.004416,0.754453,1.019682,1.020198,0.166740,0.074684,-0.014756,-0.013775,1.010894,1.031803,0.077721,0.107996,-0.010308,-0.813006,1.061722,1.019263,-0.074372,0.134512,0.057483,-1.532349,1.017731,1.018644,-0.164082,0.018967,0.007443
33.780000,1.543123,-0.991712,1.040196,0.008584,-0.149816,-0.011233,0.748923,-1.000793,1.039508,0.097549,-0.120531,-0.006098,0.027804,-1.028415,1.031369,-0.120821,-0.009210,-0.004067,-0.759083,-0.995421,1.026020,-0.049839,-0.175018,0.026556,-1.512116,-1.068710,1.053291,-0.110809,0.089969,-0.037135,1.520800,1.022877,1.014667,0.150113,-0.053263,-0.003621,0.757772,1.021172,1.019910,0.165226,0.074347,-0.014037,-0.012232,1.013044,1.031602,0.076633,0.107011,-0.009813,-0.814481,1.064395,1.020408,-0.073170,0.132777,0.057052,-1.535613,1.018112,1.018798,-0.162449,0.019123,0.007888
33.800000,1.543299,-0.994700,1.039976,0.008968,-0.149004,-0.010868,0.750869,-1.003197,1.039390,0.097008,-0.119914,-0.005697,0.025399,-1.028602,1.031292,-0.119748,-0.009431,-0.003663,-0.760078,-0.998910,1.026553,-0.049703,-0.173952,0.026750,-1.514329,-1.066918,1.052553,-0.110524,0.089256,-0.036700,1.523795,1.021822,1.014601,0.149456,-0.052335,-0.003009,0.761064,1.022657,1.019635,0.164072,0.074091,-0.013482,-0.010708,1.015176,1.031409,0.075798,0.106246,-0.009440,-0.815935,1.067036,1.021545,-0.072256,0.131452,0.056718,-1.538849,1.018496,1.018959,-0.161203,0.019249,0.008234
33.820000,1.543481,-0.997674,1.039761,0.009256,-0.148387,-0.010595,0.752805,-1.005590,1.039279,0.096599,-0.119447,-0.005389,0.023012,-1.028792,1.031222,-0.118925,-0.009596,-0.003360,-0.761071,-1.002381,1.027090,-0.049602,-0.173144,0.026900,-1.516537,-1.065139,1.051822,-0.110307,0.088717,-0.036373,1.526779,1.020782,1.014545,0.148959,-0.051624,-0.002540,0.764336,1.024136,1.019370,0.163195,0.073898,-0.013056,-0.009199,1.017295,1.031223,0.075161,0.105656,-0.009158,-0.817373,1.069655,1.022677,-0.071562,0.130444,0.056461,-1.542063,1.018882,1.019126,-0.160256,0.019348,0.008501
33.840000,1.543668,-1.000637,1.039551,0.009480,-0.147908,-0.010383,0.754733,-1.007975,1.039174,0.096280,-0.119083,-0.005149,0.020641,-1.028985,1.031157,-0.118285,-0.009724,-0.003124,-0.762062,-1.005837,1.027629,-0.049523,-0.172515,0.027017,-1.518742,-1.063369,1.051098,-0.110138,0.088299,-0.036120,1.529754,1.019756,1.014498,0.148572,-0.051071,-0.002175,0.767593,1.025613,1.019112,0.162513,0.073748,-0.012725,-0.007701,1.019403,1.031043,0.074666,0.105198,-0.008939,-0.818798,1.072255,1.023804,-0.071023,0.129660,0.056261,-1.545261,1.019270,1.019299,-0.159519,0.019425,0.008708
33.860000,1.543860,-1.003591,1.039345,0.009640,-0.147565,-0.010231,0.756657,-1.010354,1.039073,0.096053,-0.118824,-0.004978,0.018280,-1.029181,1.031096,-0.117827,-0.009816,-0.002955,-0.763052,-1.009282,1.028170,-0.049467,-0.172066,0.027100,-1.520943,-1.061606,1.050377,-0.110017,0.088000,-0.035938,1.532723,1.018738,1.014458,0.148296,-0.050677,-0.001915,0.770838,1.027087,1.018860,0.162026,0.073641,-0.012489,-0.006211,1.021504,1.030865,0.074312,0.104870,-0.008783,-0.820215,1.074843,1.024928,-0.070638,0.129100,0.056118,-1.548446,1.019659,1.019474,-0.158993,0.019481,0.008856
33.880000,1.544053,-1.006540,1.039142,0.009736,-0.147359,-0.010140,0.758576,-1.012729,1.038974,0.095917,-0.118668,-0.004876,0.015926,-1.029378,1.031038,-0.117553,-0.009871,-0.002854,-0.764041,-1.012721,1.028713,-0.049433,-0.171796,0.027150,-1.523143,-1.059848,1.049660,-0.109944,0.087820,-0.035830,1.535687,1.017728,1.014421,0.148130,-0.050440,-0.001759,0.774075,1.028559,1.018612,0.161733,0.073576,-0.012347,-0.004728,1.023599,1.030691,0.074099,0.104674,-0.008689,-0.821625,1.077421,1.026049,-0.070407,0.128764,0.056033,-1.551622,1.020049,1.019652,-0.158677,0.019514,0.008945
33.900000,1.544249,-1.009486,1.038939,0.009768,-0.147291,-0.010110,0.760494,-1.015102,1.038877,0.095871,-0.118616,-0.004842,0.013577,-1.029575,1.030981,-0.117461,-0.009889,-0.002821,-0.765029,-1.016155,1.029256,-0.049422,-0.171706,0.027167,-1.525341,-1.058092,1.048943,-0.109920,0.087761,-0.035793,1.538649,1.016720,1.014387,0.148075,-0.050361,-0.001707,0.777309,1.030030,1.018366,0.161636,0.073555,-0.012300,-0.003247,1.025692,1.030517,0.074028,0.104608,-0.008658,-0.823032,1.079995,1.027170,-0.070330,0.128652,0.056004,-1.554794,1.020439,1.019832,-0.158572,0.019525,0.008975
33.920000,1.544444,-1.012433,1.038737,0.009736,-0.147359,-0.010140,0.762411,-1.017474,1.038780,0.095917,-0.118668,-0.004876,0.011227,-1.029773,1.030925,-0.117553,-0.009871,-0.002854,-0.766018,-1.019590,1.029799,-0.049433,-0.171796,0.027150,-1.527540,-1.056337,1.048227,-0.109944,0.087820,-0.035830,1.541611,1.015712,1.014352,0.148130,-0.050440,-0.001759,0.780542,1.031501,1.018119,0.161733,0.073576,-0.012347,-0.001766,1.027784,1.030344,0.074099,0.104674,-0.008689,-0.824439,1.082569,1.028290,-0.070407,0.128764,0.056033,-1.557966,1.020829,1.020011,-0.158677,0.019514,0.008945
33.940000,1.544638,-1.015382,1.038533,0.009640,-0.147565,-0.010231,0.764331,-1.019849,1.038682,0.096053,-0.118824,-0.004978,0.008873,-1.029970,1.030867,-0.117827,-0.009816,-0.002955,-0.767007,-1.023028,1.030342,-0.049467,-0.172066,0.027100,-1.529739,-1.054579,1.047510,-0.110017,0.088000,-0.035938,1.544575,1.014701,1.014316,0.148296,-0.050677,-0.001915,0.783779,1.032973,1.017871,0.162026,0.073641,-0.012489,-0.000282,1.029879,1.030169,0.074312,0.104870,-0.008783,-0.825849,1.085147,1.029411,-0.070638,0.129100,0.056118,-1.561143,1.021219,1.020189,-0.158993,0.019481,0.008856
33.960000,1.544829,-1.018336,1.038327,0.009480,-0.147908,-0.010383,0.766254,-1.022228,1.038581,0.096280,-0.119083,-0.005149,0.006512,-1.030165,1.030806,-0.118285,-0.009724,-0.003124,-0.767997,-1.026474,1.030883,-0.049523,-0.172515,0.027017,-1.531941,-1.052816,1.046789,-0.110138,0.088299,-0.036120,1.547543,1.013684,1.014275,0.148572,-0.051071,-0.002175,0.787025,1.034447,1.017619,0.162513,0.073748,-0.012725,0.001208,1.031980,1.029992,0.074666,0.105198,-0.008939,-0.827266,1.087734,1.030535,-0.071023,0.129660,0.056261,-1.564327,1.021609,1.020365,-0.159519,0.019425,0.008708
33.980000,1.545016,-1.021299,1.038118,0.009256,-0.148387,-0.010595,0.768183,-1.024613,1.038475,0.096599,-0.119447,-0.005389,0.004141,-1.030359,1.030741,-0.118925,-0.009596,-0.003360,-0.768988,-1.029930,1.031422,-0.049602,-0.173144,0.026900,-1.534145,-1.051046,1.046065,-0.110307,0.088717,-0.036373,1.550518,1.012657,1.014228,0.148959,-0.051624,-0.002540,0.790281,1.035924,1.017362,0.163195,0.073898,-0.013056,0.002706,1.034088,1.029811,0.075161,0.105656,-0.009158,-0.828691,1.090335,1.031662,-0.071562,0.130444,0.056461,-1.567525,1.021996,1.020537,-0.160256,0.019348,0.008501
