time[s],drone0_posx[m],drone0_posy[m],drone0_posz[m],drone0_velx[m/s],drone0_vely[m/s],drone0_velz[m/s],drone1_posx[m],drone1_posy[m],drone1_posz[m],drone1_velx[m/s],drone1_vely[m/s],drone1_velz[m/s],drone2_posx[m],drone2_posy[m],drone2_posz[m],drone2_velx[m/s],drone2_vely[m/s],drone2_velz[m/s],drone3_posx[m],drone3_posy[m],drone3_posz[m],drone3_velx[m/s],drone3_vely[m/s],drone3_velz[m/s],drone4_posx[m],drone4_posy[m],drone4_posz[m],drone4_velx[m/s],drone4_vely[m/s],drone4_velz[m/s]
0.000000,0.034004,0.003471,1.002004,-0.099425,0.108868,0.003911,0.739887,0.342713,0.998560,-0.278740,0.046716,0.004511,0.711359,-0.380179,1.004284,0.020747,0.292399,0.003706,-0.707204,0.403608,1.004708,0.054046,-0.315991,-0.002860,-0.760110,-0.348542,0.997862,0.378279,-0.031261,0.001664
0.020000,0.032015,0.005649,1.002082,-0.099506,0.108860,0.003910,0.734312,0.343648,0.998650,-0.278820,0.046734,0.004513,0.711773,-0.374331,1.004358,0.020733,0.292465,0.003704,-0.706123,0.397288,1.004650,0.054063,-0.316092,-0.002862,-0.752544,-0.349167,0.997896,0.378390,-0.031264,0.001665
0.040000,0.030023,0.007826,1.002160,-0.099750,0.108835,0.003907,0.728733,0.344583,0.998741,-0.279058,0.046788,0.004519,0.712188,-0.368480,1.004432,0.020688,0.292664,0.003699,-0.705041,0.390963,1.004593,0.054114,-0.316393,-0.002870,-0.744973,-0.349793,0.997929,0.378723,-0.031272,0.001668
0.060000,0.028024,0.010002,1.002238,-0.100156,0.108794,0.003902,0.723148,0.345519,0.998831,-0.279455,0.046878,0.004530,0.712601,-0.362623,1.004506,0.020614,0.292995,0.003691,-0.703958,0.384631,1.004536,0.054199,-0.316895,-0.002882,-0.737393,-0.350418,0.997962,0.379279,-0.031286,0.001672
0.080000,0.026015,0.012177,1.002316,-0.100724,0.108736,0.003896,0.717554,0.346458,0.998922,-0.280010,0.047004,0.004545,0.713012,-0.356759,1.004580,0.020511,0.293459,0.003679,-0.702873,0.378286,1.004478,0.054318,-0.317598,-0.002900,-0.729800,-0.351044,0.997996,0.380056,-0.031306,0.001679
0.100000,0.023994,0.014351,1.002394,-0.101454,0.108662,0.003888,0.711947,0.347400,0.999013,-0.280724,0.047166,0.004565,0.713421,-0.350884,1.004653,0.020378,0.294055,0.003665,-0.701785,0.371926,1.004420,0.054471,-0.318502,-0.002922,-0.722190,-0.351671,0.998030,0.381056,-0.031331,0.001686
0.120000,0.021956,0.016523,1.002472,-0.102409,0.108545,0.003877,0.706324,0.348345,0.999105,-0.281629,0.047369,0.004591,0.713827,-0.344996,1.004726,0.020204,0.294811,0.003646,-0.700694,0.365544,1.004361,0.054670,-0.319650,-0.002950,-0.714556,-0.352298,0.998063,0.382339,-0.031365,0.001696
0.140000,0.019896,0.018693,1.002549,-0.103650,0.108358,0.003863,0.700680,0.349295,0.999197,-0.282756,0.047619,0.004624,0.714229,-0.339090,1.004799,0.019976,0.295753,0.003623,-0.699598,0.359138,1.004302,0.054926,-0.321088,-0.002985,-0.706894,-0.352925,0.998097,0.383964,-0.031408,0.001708
0.160000,0.017808,0.020857,1.002626,-0.105177,0.108103,0.003845,0.695012,0.350250,0.999290,-0.284105,0.047915,0.004666,0.714626,-0.333164,1.004871,0.019694,0.296881,0.003596,-0.698496,0.352699,1.004241,0.055239,-0.322816,-0.003025,-0.699195,-0.353554,0.998132,0.385933,-0.031462,0.001721
0.180000,0.015687,0.023016,1.002703,-0.106991,0.107779,0.003824,0.689314,0.351212,0.999383,-0.285677,0.048258,0.004716,0.715016,-0.327214,1.004943,0.019358,0.298196,0.003564,-0.697388,0.346223,1.004180,0.055609,-0.324832,-0.003072,-0.691454,-0.354184,0.998166,0.388244,-0.031526,0.001737
0.200000,0.013526,0.025168,1.002779,-0.109091,0.107386,0.003800,0.683583,0.352181,0.999478,-0.287471,0.048647,0.004774,0.715400,-0.321235,1.005014,0.018969,0.299697,0.003528,-0.696272,0.339704,1.004119,0.056037,-0.327138,-0.003126,-0.683663,-0.354815,0.998201,0.390898,-0.031601,0.001754
0.220000,0.011321,0.027311,1.002855,-0.111510,0.106899,0.003772,0.677814,0.353158,0.999574,-0.289488,0.049088,0.004840,0.715775,-0.315225,1.005084,0.018521,0.301385,0.003487,-0.695146,0.333136,1.004055,0.056535,-0.329726,-0.003185,-0.675816,-0.355448,0.998236,0.393902,-0.031684,0.001773
0.240000,0.009064,0.029443,1.002930,-0.114283,0.106294,0.003740,0.672002,0.354145,0.999672,-0.291727,0.049583,0.004917,0.716140,-0.309178,1.005153,0.018009,0.303262,0.003443,-0.694010,0.326513,1.003991,0.057115,-0.332593,-0.003248,-0.667905,-0.356083,0.998272,0.397264,-0.031776,0.001794
0.260000,0.006747,0.031562,1.003005,-0.117409,0.105571,0.003704,0.666143,0.355142,0.999771,-0.294189,0.050135,0.005003,0.716495,-0.303093,1.005222,0.017434,0.305327,0.003393,-0.692861,0.319830,1.003925,0.057777,-0.335736,-0.003316,-0.659923,-0.356719,0.998308,0.400982,-0.031876,0.001816
0.280000,0.004365,0.033665,1.003078,-0.120888,0.104730,0.003665,0.660233,0.356150,0.999872,-0.296874,0.050741,0.005099,0.716837,-0.296964,1.005289,0.016795,0.307580,0.003340,-0.691698,0.313082,1.003858,0.058522,-0.339158,-0.003388,-0.651863,-0.357358,0.998345,0.405057,-0.031985,0.001840
0.300000,0.001909,0.035750,1.003151,-0.124720,0.103771,0.003621,0.654267,0.357172,0.999975,-0.299782,0.051404,0.005205,0.717166,-0.290788,1.005355,0.016092,0.310022,0.003282,-0.690520,0.306262,1.003790,0.059348,-0.342856,-0.003464,-0.643718,-0.357998,0.998382,0.409490,-0.032101,0.001865
0.320000,-0.000626,0.037815,1.003223,-0.128894,0.102690,0.003574,0.648241,0.358207,1.000080,-0.302895,0.052128,0.005321,0.717480,-0.284562,1.005420,0.015327,0.312636,0.003220,-0.689323,0.299366,1.003720,0.060272,-0.346807,-0.003543,-0.635481,-0.358642,0.998419,0.414251,-0.032223,0.001891
0.340000,-0.003249,0.039857,1.003294,-0.133401,0.101482,0.003524,0.642150,0.359257,1.000188,-0.306196,0.052923,0.005446,0.717779,-0.278282,1.005484,0.014499,0.315407,0.003154,-0.688108,0.292388,1.003648,0.061307,-0.350985,-0.003622,-0.627146,-0.359287,0.998457,0.419315,-0.032349,0.001918
0.360000,-0.005965,0.041874,1.003364,-0.138240,0.100148,0.003471,0.635991,0.360324,1.000298,-0.309684,0.053788,0.005581,0.718060,-0.271945,1.005546,0.013609,0.318335,0.003084,-0.686870,0.285325,1.003575,0.062453,-0.355390,-0.003702,-0.618707,-0.359936,0.998496,0.424679,-0.032477,0.001945
0.380000,-0.008780,0.043862,1.003433,-0.143410,0.098687,0.003415,0.629761,0.361409,1.000411,-0.313360,0.054723,0.005726,0.718323,-0.265548,1.005607,0.012657,0.321420,0.003010,-0.685609,0.278171,1.003500,0.063710,-0.360022,-0.003783,-0.610157,-0.360587,0.998535,0.430345,-0.032608,0.001973
0.400000,-0.011703,0.045820,1.003501,-0.148912,0.097099,0.003355,0.623456,0.362514,1.000527,-0.317223,0.055728,0.005880,0.718566,-0.259087,1.005667,0.011643,0.324663,0.002932,-0.684321,0.270922,1.003424,0.065078,-0.364881,-0.003864,-0.601491,-0.361240,0.998575,0.436313,-0.032742,0.002002
0.420000,-0.014739,0.047745,1.003567,-0.154715,0.095390,0.003293,0.617071,0.363639,1.000647,-0.321251,0.056812,0.006042,0.718788,-0.252560,1.005725,0.010570,0.328038,0.002851,-0.683005,0.263574,1.003346,0.066569,-0.369932,-0.003943,-0.592703,-0.361896,0.998615,0.442539,-0.032875,0.002032
0.440000,-0.017894,0.049635,1.003632,-0.160787,0.093562,0.003229,0.610605,0.364787,1.000769,-0.325417,0.057983,0.006213,0.718988,-0.245965,1.005781,0.009442,0.331521,0.002766,-0.681658,0.256124,1.003266,0.068194,-0.375141,-0.004019,-0.583788,-0.362555,0.998656,0.448979,-0.033005,0.002061
0.460000,-0.021172,0.051487,1.003696,-0.167129,0.091617,0.003163,0.604054,0.365959,1.000895,-0.329723,0.059240,0.006390,0.719165,-0.239299,1.005835,0.008261,0.335113,0.002678,-0.680276,0.248568,1.003185,0.069954,-0.380508,-0.004091,-0.574742,-0.363216,0.998698,0.455635,-0.033131,0.002090
0.480000,-0.024580,0.053299,1.003759,-0.173739,0.089554,0.003094,0.597415,0.367157,1.001025,-0.334169,0.060586,0.006575,0.719318,-0.232559,1.005888,0.007024,0.338813,0.002586,-0.678859,0.240903,1.003102,0.071847,-0.386032,-0.004160,-0.565561,-0.363880,0.998740,0.462506,-0.033253,0.002118
0.500000,-0.028124,0.055069,1.003820,-0.180619,0.087373,0.003024,0.590686,0.368383,1.001158,-0.338754,0.062018,0.006767,0.719446,-0.225745,1.005939,0.005733,0.342622,0.002491,-0.677402,0.233125,1.003018,0.073875,-0.391715,-0.004226,-0.556241,-0.364546,0.998782,0.469592,-0.033372,0.002147
0.520000,-0.031807,0.056793,1.003880,-0.187722,0.085083,0.002951,0.583864,0.369638,1.001296,-0.343452,0.063546,0.006965,0.719547,-0.218854,1.005988,0.004391,0.346512,0.002392,-0.675903,0.225233,1.002933,0.076046,-0.397517,-0.004286,-0.546776,-0.365215,0.998826,0.476839,-0.033486,0.002174
0.540000,-0.035634,0.058471,1.003938,-0.195004,0.082694,0.002877,0.576947,0.370925,1.001437,-0.348233,0.065180,0.007166,0.719621,-0.211884,1.006034,0.003003,0.350455,0.002290,-0.674359,0.217224,1.002847,0.078368,-0.403401,-0.004340,-0.537166,-0.365886,0.998869,0.484194,-0.033593,0.002201
0.560000,-0.039608,0.060100,1.003995,-0.202465,0.080205,0.002802,0.569934,0.372246,1.001582,-0.353099,0.066918,0.007371,0.719667,-0.204836,1.006079,0.001567,0.354451,0.002185,-0.672767,0.209097,1.002760,0.080840,-0.409368,-0.004388,-0.527408,-0.366559,0.998914,0.491657,-0.033695,0.002227
0.580000,-0.043733,0.061679,1.004050,-0.210104,0.077617,0.002726,0.562823,0.373603,1.001732,-0.358050,0.068762,0.007579,0.719683,-0.197706,1.006122,0.000085,0.358500,0.002076,-0.671124,0.200849,1.002672,0.083463,-0.415417,-0.004429,-0.517499,-0.367234,0.998959,0.499228,-0.033791,0.002251
0.600000,-0.048013,0.063204,1.004104,-0.217921,0.074929,0.002648,0.555612,0.374997,1.001885,-0.363085,0.070710,0.007791,0.719670,-0.190495,1.006162,-0.001445,0.362603,0.001964,-0.669427,0.192479,1.002583,0.086237,-0.421548,-0.004464,-0.507438,-0.367910,0.999004,0.506906,-0.033881,0.002275
0.620000,-0.052451,0.064675,1.004156,-0.225867,0.072150,0.002568,0.548299,0.376432,1.002043,-0.368177,0.072767,0.008004,0.719625,-0.183202,1.006200,-0.003018,0.366729,0.001849,-0.667674,0.183987,1.002493,0.089165,-0.427719,-0.004491,-0.497223,-0.368589,0.999050,0.514643,-0.033960,0.002297
0.640000,-0.057049,0.066090,1.004207,-0.233890,0.069290,0.002488,0.540884,0.377909,1.002206,-0.373300,0.074934,0.008213,0.719549,-0.175826,1.006236,-0.004634,0.370848,0.001733,-0.665860,0.175371,1.002403,0.092249,-0.433886,-0.004510,-0.486852,-0.369269,0.999096,0.522387,-0.034023,0.002318
0.660000,-0.061807,0.067446,1.004256,-0.241992,0.066348,0.002408,0.533367,0.379430,1.002372,-0.378453,0.077211,0.008421,0.719440,-0.168368,1.006270,-0.006291,0.374960,0.001614,-0.663983,0.166631,1.002313,0.095489,-0.440049,-0.004521,-0.476327,-0.369950,0.999142,0.530138,-0.034070,0.002337
0.680000,-0.066729,0.068743,1.004303,-0.250171,0.063324,0.002326,0.525746,0.380998,1.002542,-0.383636,0.079599,0.008626,0.719297,-0.160828,1.006301,-0.007989,0.379066,0.001494,-0.662039,0.157769,1.002222,0.098886,-0.446209,-0.004524,-0.465647,-0.370631,0.999189,0.537898,-0.034100,0.002354
0.700000,-0.071815,0.069979,1.004349,-0.258429,0.060219,0.002243,0.518021,0.382615,1.002717,-0.388850,0.082097,0.008828,0.719120,-0.153205,1.006329,-0.009729,0.383164,0.001371,-0.660026,0.148783,1.002132,0.102439,-0.452365,-0.004519,-0.454811,-0.371314,0.999236,0.545664,-0.034115,0.002370
0.720000,-0.077066,0.071151,1.004393,-0.266716,0.057035,0.002160,0.510192,0.384282,1.002895,-0.394069,0.084691,0.009024,0.718908,-0.145501,1.006356,-0.011511,0.387228,0.001248,-0.657941,0.139674,1.002042,0.106148,-0.458472,-0.004505,-0.443821,-0.371996,0.999284,0.553387,-0.034105,0.002383
0.740000,-0.082483,0.072260,1.004435,-0.274987,0.053779,0.002076,0.502259,0.386003,1.003078,-0.399266,0.087367,0.009209,0.718659,-0.137717,1.006379,-0.013336,0.391230,0.001123,-0.655779,0.130445,1.001952,0.110010,-0.464482,-0.004482,-0.432676,-0.372678,0.999332,0.561014,-0.034062,0.002395
0.760000,-0.088066,0.073302,1.004476,-0.283241,0.050449,0.001991,0.494221,0.387778,1.003264,-0.404444,0.090124,0.009383,0.718374,-0.129853,1.006400,-0.015203,0.395171,0.000998,-0.653539,0.121096,1.001862,0.114027,-0.470395,-0.004450,-0.421381,-0.373358,0.999380,0.568544,-0.033986,0.002404
0.780000,-0.093813,0.074277,1.004515,-0.291478,0.047046,0.001905,0.486081,0.389608,1.003453,-0.409600,0.092962,0.009546,0.718051,-0.121910,1.006419,-0.017112,0.399051,0.000871,-0.651217,0.111630,1.001774,0.118197,-0.476212,-0.004409,-0.409935,-0.374037,0.999428,0.575978,-0.033878,0.002411
0.800000,-0.099725,0.075183,1.004552,-0.299697,0.043569,0.001819,0.477838,0.391497,1.003645,-0.414736,0.095882,0.009699,0.717689,-0.113891,1.006435,-0.019063,0.402869,0.000744,-0.648810,0.102048,1.001686,0.122522,-0.481933,-0.004359,-0.398342,-0.374713,0.999476,0.583316,-0.033736,0.002416
0.820000,-0.105800,0.076019,1.004587,-0.307838,0.040023,0.001732,0.469492,0.393444,1.003841,-0.419826,0.098859,0.009835,0.717288,-0.105796,1.006449,-0.021068,0.406590,0.000617,-0.646315,0.092353,1.001599,0.126998,-0.487526,-0.004300,-0.386604,-0.375386,0.999524,0.590513,-0.033548,0.002419
0.840000,-0.112037,0.076784,1.004621,-0.315838,0.036409,0.001644,0.461045,0.395451,1.004039,-0.424843,0.101869,0.009952,0.716846,-0.097628,1.006460,-0.023140,0.410178,0.000490,-0.643729,0.082548,1.001514,0.131623,-0.492958,-0.004231,-0.374723,-0.376054,0.999573,0.597524,-0.033297,0.002419
0.860000,-0.118433,0.077475,1.004653,-0.323696,0.032728,0.001556,0.452499,0.397519,1.004239,-0.429787,0.104912,0.010048,0.716362,-0.089390,1.006468,-0.025279,0.413633,0.000364,-0.641049,0.072636,1.001430,0.136399,-0.498230,-0.004153,-0.362704,-0.376717,0.999621,0.604351,-0.032983,0.002417
0.880000,-0.124984,0.078093,1.004683,-0.331414,0.028981,0.001468,0.443854,0.399648,1.004441,-0.434659,0.107988,0.010123,0.715834,-0.081084,1.006475,-0.027484,0.416956,0.000238,-0.638272,0.062620,1.001348,0.141323,-0.503341,-0.004065,-0.350550,-0.377373,0.999670,0.610992,-0.032607,0.002412
0.900000,-0.131688,0.078634,1.004712,-0.338991,0.025166,0.001379,0.435113,0.401839,1.004644,-0.439458,0.111096,0.010178,0.715262,-0.072713,1.006478,-0.029756,0.420145,0.000112,-0.635395,0.052503,1.001268,0.146398,-0.508292,-0.003967,-0.338265,-0.378021,0.999718,0.617447,-0.032169,0.002405
0.920000,-0.138542,0.079099,1.004738,-0.346377,0.021282,0.001289,0.426276,0.404092,1.004847,-0.444174,0.114216,0.010207,0.714644,-0.064279,1.006479,-0.032106,0.423173,-0.000012,-0.632416,0.042290,1.001189,0.151616,-0.513050,-0.003860,-0.325854,-0.378660,0.999766,0.623692,-0.031659,0.002395
0.940000,-0.145542,0.079485,1.004763,-0.353520,0.017326,0.001198,0.417346,0.406407,1.005052,-0.448798,0.117326,0.010205,0.713977,-0.055787,1.006478,-0.034546,0.426011,-0.000136,-0.629330,0.031983,1.001113,0.156972,-0.517582,-0.003745,-0.313319,-0.379287,0.999814,0.629703,-0.031067,0.002383
0.960000,-0.152682,0.079791,1.004786,-0.360421,0.013297,0.001107,0.408325,0.408785,1.005255,-0.453329,0.120425,0.010173,0.713261,-0.047240,1.006474,-0.037078,0.428658,-0.000258,-0.626136,0.021588,1.001040,0.162467,-0.521888,-0.003620,-0.300667,-0.379902,0.999861,0.635478,-0.030392,0.002367
0.980000,-0.159957,0.080016,1.004808,-0.367080,0.009196,0.001015,0.399214,0.411224,1.005458,-0.457768,0.123515,0.010110,0.712494,-0.038642,1.006467,-0.039700,0.431114,-0.000378,-0.622830,0.011109,1.000969,0.168100,-0.525968,-0.003487,-0.287902,-0.380502,0.999908,0.641018,-0.029636,0.002348
1.000000,-0.167363,0.080159,1.004827,-0.373497,0.005023,0.000923,0.390015,0.413725,1.005660,-0.462114,0.126594,0.010017,0.711673,-0.029997,1.006458,-0.042413,0.433381,-0.000498,-0.619411,0.000551,1.000900,0.173872,-0.529822,-0.003345,-0.275028,-0.381087,0.999955,0.646324,-0.028798,0.002326
1.020000,-0.174895,0.080217,1.004844,-0.379638,0.000769,0.000829,0.380730,0.416288,1.005859,-0.466361,0.129635,0.009889,0.710796,-0.021308,1.006447,-0.045225,0.435438,-0.000616,-0.615875,-0.010082,1.000835,0.179772,-0.533413,-0.003196,-0.262050,-0.381653,1.000001,0.651380,-0.027865,0.002302
1.040000,-0.182547,0.080189,1.004860,-0.385470,-0.003574,0.000733,0.371361,0.418910,1.006055,-0.470503,0.132607,0.009726,0.709863,-0.012581,1.006434,-0.048145,0.437267,-0.000733,-0.612219,-0.020784,1.000772,0.185791,-0.536704,-0.003040,-0.248974,-0.382201,1.000047,0.656174,-0.026824,0.002274
1.060000,-0.190312,0.080073,1.004874,-0.390994,-0.008006,0.000636,0.361911,0.421592,1.006248,-0.474539,0.135512,0.009526,0.708870,-0.003819,1.006418,-0.051173,0.438869,-0.000848,-0.608442,-0.031548,1.000713,0.191929,-0.539695,-0.002878,-0.235805,-0.382726,1.000092,0.660704,-0.025675,0.002243
1.080000,-0.198184,0.079868,1.004886,-0.396208,-0.012526,0.000538,0.352380,0.424330,1.006436,-0.478470,0.138348,0.009290,0.707815,0.004973,1.006400,-0.054309,0.440243,-0.000961,-0.604541,-0.042370,1.000657,0.198185,-0.542387,-0.002710,-0.222548,-0.383227,1.000137,0.664973,-0.024418,0.002209
1.100000,-0.206158,0.079572,1.004895,-0.401113,-0.017136,0.000438,0.342772,0.427125,1.006619,-0.482295,0.141117,0.009018,0.706697,0.013789,1.006380,-0.057553,0.441390,-0.001073,-0.600514,-0.053242,1.000605,0.204561,-0.544778,-0.002535,-0.209208,-0.383702,1.000180,0.668978,-0.023053,0.002171
1.120000,-0.214227,0.079182,1.004903,-0.405696,-0.021849,0.000336,0.333089,0.429974,1.006796,-0.486015,0.143786,0.008709,0.705512,0.022627,1.006357,-0.060908,0.442304,-0.001183,-0.596358,-0.064159,1.000556,0.211044,-0.546835,-0.002356,-0.195791,-0.384148,1.000223,0.672701,-0.021565,0.002131
1.140000,-0.222384,0.078697,1.004909,-0.409942,-0.026680,0.000232,0.323333,0.432876,1.006967,-0.489629,0.146323,0.008364,0.704260,0.031480,1.006332,-0.064378,0.442980,-0.001292,-0.592072,-0.075113,1.000511,0.217623,-0.548526,-0.002175,-0.182302,-0.384563,1.000266,0.676124,-0.019942,0.002089
1.160000,-0.230622,0.078114,1.004912,-0.413852,-0.031628,0.000124,0.313505,0.435826,1.007131,-0.493139,0.148728,0.007982,0.702936,0.040344,1.006305,-0.067961,0.443420,-0.001399,-0.587652,-0.086097,1.000469,0.224299,-0.549851,-0.001990,-0.168748,-0.384945,1.000307,0.679247,-0.018183,0.002045
1.180000,-0.238935,0.077431,1.004914,-0.417424,-0.036695,0.000014,0.303608,0.438824,1.007286,-0.496544,0.151002,0.007563,0.701540,0.049215,1.006276,-0.071658,0.443621,-0.001505,-0.583099,-0.097104,1.000431,0.231071,-0.550808,-0.001804,-0.155134,-0.385290,1.000347,0.682069,-0.016288,0.001998
1.200000,-0.247317,0.076645,1.004913,-0.420660,-0.041879,-0.000099,0.293644,0.441866,1.007433,-0.499843,0.153144,0.007107,0.700069,0.058088,1.006245,-0.075469,0.443585,-0.001609,-0.578409,-0.108127,1.000397,0.237939,-0.551399,-0.001615,-0.141467,-0.385595,1.000387,0.684590,-0.014257,0.001948
1.220000,-0.255760,0.075755,1.004910,-0.423542,-0.047175,-0.000215,0.283615,0.444949,1.007570,-0.503033,0.155122,0.006618,0.698521,0.066957,1.006212,-0.079404,0.443298,-0.001711,-0.573581,-0.119158,1.000366,0.244887,-0.551617,-0.001426,-0.127753,-0.385859,1.000425,0.686794,-0.012075,0.001897
1.240000,-0.264256,0.074758,1.004904,-0.426050,-0.052577,-0.000335,0.273523,0.448069,1.007697,-0.506109,0.156904,0.006100,0.696892,0.075818,1.006177,-0.083471,0.442744,-0.001812,-0.568613,-0.130189,1.000340,0.251896,-0.551454,-0.001239,-0.113998,-0.386077,1.000463,0.688664,-0.009731,0.001845
1.260000,-0.272799,0.073651,1.004896,-0.428184,-0.058086,-0.000458,0.263371,0.451223,1.007814,-0.509072,0.158490,0.005553,0.695181,0.084665,1.006140,-0.087671,0.441924,-0.001910,-0.563505,-0.141214,1.000317,0.258967,-0.550912,-0.001055,-0.100208,-0.386247,1.000499,0.690199,-0.007222,0.001792
1.280000,-0.281381,0.072434,1.004886,-0.429946,-0.063702,-0.000584,0.253161,0.454407,1.007919,-0.511920,0.159881,0.004977,0.693385,0.093493,1.006100,-0.092003,0.440839,-0.002007,-0.558254,-0.152223,1.000298,0.266100,-0.549989,-0.000874,-0.086392,-0.386365,1.000534,0.691400,-0.004550,0.001737
1.300000,-0.289994,0.071102,1.004873,-0.431334,-0.069423,-0.000714,0.242895,0.457617,1.008013,-0.514654,0.161076,0.004372,0.691500,0.102297,1.006059,-0.096468,0.439487,-0.002101,-0.552860,-0.163211,1.000282,0.273295,-0.548687,-0.000695,-0.072555,-0.386428,1.000569,0.692267,-0.001714,0.001682
1.320000,-0.298632,0.069656,1.004857,-0.432322,-0.075231,-0.000847,0.232576,0.460849,1.008094,-0.517260,0.162039,0.003745,0.689525,0.111071,1.006016,-0.101071,0.437868,-0.002194,-0.547322,-0.174168,1.000270,0.280535,-0.547006,-0.000521,-0.058704,-0.386433,1.000602,0.692774,0.001295,0.001626
1.340000,-0.307284,0.068093,1.004839,-0.432883,-0.081106,-0.000983,0.222206,0.464097,1.008163,-0.519723,0.162734,0.003103,0.687456,0.119810,1.005972,-0.105814,0.435980,-0.002285,-0.541639,-0.185088,1.000261,0.287802,-0.544950,-0.000353,-0.044846,-0.386375,1.000634,0.692895,0.004489,0.001571
1.360000,-0.315944,0.066411,1.004818,-0.433016,-0.087047,-0.001121,0.211788,0.467357,1.008218,-0.522044,0.163161,0.002447,0.685291,0.128508,1.005925,-0.110700,0.433823,-0.002374,-0.535810,-0.195964,1.000256,0.295098,-0.542517,-0.000192,-0.030990,-0.386252,1.000665,0.692631,0.007866,0.001517
1.380000,-0.324602,0.064610,1.004794,-0.432722,-0.093055,-0.001261,0.201325,0.470622,1.008260,-0.524222,0.163319,0.001777,0.683027,0.137161,1.005877,-0.115727,0.431398,-0.002461,-0.529834,-0.206787,1.000253,0.302422,-0.539709,-0.000038,-0.017144,-0.386059,1.000694,0.691982,0.011428,0.001463
1.400000,-0.333250,0.062689,1.004768,-0.432001,-0.099129,-0.001404,0.190820,0.473888,1.008289,-0.526257,0.163209,0.001092,0.680661,0.145762,1.005826,-0.120896,0.428703,-0.002547,-0.523713,-0.217550,1.000254,0.309774,-0.536525,0.000109,-0.003314,-0.385793,1.000723,0.690947,0.015173,0.001409
1.420000,-0.341879,0.060645,1.004738,-0.430837,-0.105246,-0.001548,0.180276,0.477148,1.008304,-0.528130,0.162801,0.000401,0.678191,0.154307,1.005775,-0.126205,0.425753,-0.002630,-0.517443,-0.228245,1.000258,0.317135,-0.532982,0.000249,0.010492,-0.385451,1.000751,0.689509,0.019106,0.001357
1.440000,-0.350481,0.058479,1.004706,-0.429211,-0.111379,-0.001692,0.169696,0.480397,1.008305,-0.529819,0.162066,-0.000286,0.675612,0.162791,1.005721,-0.131654,0.422559,-0.002713,-0.511027,-0.238867,1.000264,0.324486,-0.529095,0.000379,0.024264,-0.385028,1.000777,0.687648,0.023232,0.001307
1.460000,-0.359045,0.056190,1.004670,-0.427126,-0.117530,-0.001838,0.159084,0.483629,1.008293,-0.531326,0.161004,-0.000970,0.672924,0.171208,1.005666,-0.137243,0.419121,-0.002794,-0.504464,-0.249407,1.000273,0.331827,-0.524867,0.000501,0.037995,-0.384520,1.000803,0.685364,0.027549,0.001260
1.480000,-0.367563,0.053777,1.004632,-0.424580,-0.123698,-0.001983,0.148444,0.486835,1.008266,-0.532650,0.159615,-0.001651,0.670122,0.179554,1.005609,-0.142971,0.415441,-0.002875,-0.497754,-0.259859,1.000284,0.339157,-0.520295,0.000613,0.051676,-0.383925,1.000828,0.682658,0.032058,0.001214
1.500000,-0.376025,0.051242,1.004591,-0.421573,-0.129884,-0.002129,0.137779,0.490011,1.008227,-0.533791,0.157899,-0.002329,0.667204,0.187824,1.005551,-0.148839,0.411516,-0.002953,-0.490898,-0.270216,1.000297,0.346477,-0.515381,0.000716,0.065298,-0.383237,1.000852,0.679529,0.036759,0.001170
1.520000,-0.384422,0.048582,1.004547,-0.418101,-0.136058,-0.002275,0.127094,0.493149,1.008173,-0.534732,0.155840,-0.002997,0.664167,0.196013,1.005491,-0.154838,0.407376,-0.003032,-0.483895,-0.280472,1.000312,0.353767,-0.510143,0.000810,0.078854,-0.382453,1.000875,0.675971,0.041645,0.001129
1.540000,-0.392746,0.045800,1.004500,-0.414158,-0.142192,-0.002418,0.116391,0.496242,1.008107,-0.535453,0.153419,-0.003647,0.661009,0.204118,1.005430,-0.160959,0.403047,-0.003110,-0.476747,-0.290620,1.000330,0.361006,-0.504602,0.000894,0.092334,-0.381570,1.000897,0.671978,0.046709,0.001091
1.560000,-0.400986,0.042895,1.004450,-0.409745,-0.148287,-0.002559,0.105677,0.499283,1.008028,-0.535955,0.150639,-0.004279,0.657728,0.212134,1.005367,-0.167203,0.398530,-0.003188,-0.469455,-0.300654,1.000348,0.368195,-0.498758,0.000968,0.105730,-0.380584,1.000918,0.667548,0.051951,0.001057
1.580000,-0.409132,0.039868,1.004398,-0.404862,-0.154343,-0.002698,0.094955,0.502265,1.007936,-0.536239,0.147498,-0.004894,0.654321,0.220058,1.005302,-0.173568,0.393824,-0.003265,-0.462020,-0.310568,1.000368,0.375334,-0.492611,0.001033,0.119033,-0.379491,1.000939,0.662683,0.057372,0.001026
1.600000,-0.417177,0.036721,1.004342,-0.399507,-0.160358,-0.002835,0.084229,0.505181,1.007832,-0.536304,0.143996,-0.005492,0.650784,0.227885,1.005236,-0.180056,0.388930,-0.003343,-0.454442,-0.320356,1.000389,0.382422,-0.486160,0.001088,0.132235,-0.378288,1.000959,0.657382,0.062970,0.000997
1.620000,-0.425110,0.033454,1.004284,-0.393691,-0.166307,-0.002968,0.073504,0.508023,1.007716,-0.536139,0.140132,-0.006068,0.647118,0.235614,1.005169,-0.186650,0.383886,-0.003421,-0.446724,-0.330013,1.000412,0.389443,-0.479422,0.001134,0.145326,-0.376971,1.000979,0.651655,0.068728,0.000973
1.640000,-0.432921,0.030070,1.004224,-0.387422,-0.172160,-0.003097,0.062785,0.510784,1.007589,-0.535734,0.135903,-0.006617,0.643318,0.243240,1.005100,-0.193335,0.378731,-0.003501,-0.438865,-0.339532,1.000435,0.396382,-0.472416,0.001172,0.158298,-0.375537,1.000998,0.645513,0.074627,0.000952
1.660000,-0.440603,0.026569,1.004160,-0.380699,-0.177919,-0.003221,0.052076,0.513457,1.007452,-0.535089,0.131310,-0.007140,0.639384,0.250762,1.005029,-0.200111,0.373466,-0.003582,-0.430869,-0.348908,1.000458,0.403237,-0.465141,0.001201,0.171143,-0.373985,1.001017,0.638955,0.080666,0.000935
1.680000,-0.448146,0.022954,1.004095,-0.373522,-0.183582,-0.003340,0.041383,0.516034,1.007304,-0.534204,0.126352,-0.007637,0.635313,0.258178,1.004956,-0.206979,0.368090,-0.003665,-0.422736,-0.358135,1.000483,0.410008,-0.457597,0.001222,0.183853,-0.372310,1.001036,0.631980,0.086845,0.000922
1.700000,-0.455541,0.019226,1.004027,-0.365893,-0.189151,-0.003454,0.030710,0.518508,1.007146,-0.533080,0.121029,-0.008107,0.631104,0.265485,1.004882,-0.213937,0.362603,-0.003749,-0.414469,-0.367210,1.000507,0.416697,-0.449784,0.001234,0.196420,-0.370510,1.001054,0.624590,0.093165,0.000913
1.720000,-0.462779,0.015388,1.003957,-0.357830,-0.194602,-0.003563,0.020061,0.520873,1.006980,-0.531713,0.115353,-0.008549,0.626755,0.272682,1.004806,-0.220973,0.357036,-0.003836,-0.406069,-0.376125,1.000532,0.423292,-0.441715,0.001239,0.208835,-0.368583,1.001072,0.616815,0.099598,0.000907
1.740000,-0.469852,0.011443,1.003884,-0.349354,-0.199916,-0.003664,0.009443,0.523120,1.006805,-0.530103,0.109333,-0.008960,0.622264,0.279766,1.004729,-0.228073,0.351418,-0.003925,-0.397538,-0.384877,1.000557,0.429785,-0.433403,0.001239,0.221090,-0.366526,1.001090,0.608685,0.106115,0.000905
1.760000,-0.476751,0.007393,1.003810,-0.340466,-0.205091,-0.003759,-0.001141,0.525244,1.006622,-0.528249,0.102971,-0.009341,0.617631,0.286738,1.004649,-0.235237,0.345748,-0.004016,-0.388878,-0.393460,1.000582,0.436175,-0.424847,0.001232,0.233180,-0.364337,1.001108,0.600201,0.112716,0.000908
1.780000,-0.483468,0.003240,1.003734,-0.331165,-0.210128,-0.003848,-0.011685,0.527237,1.006431,-0.526151,0.096266,-0.009692,0.612855,0.293596,1.004568,-0.242464,0.340028,-0.004110,-0.380092,-0.401869,1.000606,0.442463,-0.416049,0.001219,0.245096,-0.362016,1.001127,0.591362,0.119402,0.000913
1.800000,-0.489994,-0.001012,1.003656,-0.321451,-0.215027,-0.003929,-0.022185,0.529092,1.006234,-0.523810,0.089217,-0.010012,0.607932,0.300339,1.004485,-0.249756,0.334256,-0.004207,-0.371181,-0.410100,1.000630,0.448648,-0.407007,0.001201,0.256832,-0.359561,1.001145,0.582168,0.126172,0.000923
1.820000,-0.496323,-0.005360,1.003577,-0.311355,-0.219773,-0.004004,-0.032636,0.530803,1.006031,-0.521232,0.081848,-0.010301,0.602864,0.306966,1.004400,-0.257101,0.328451,-0.004306,-0.362147,-0.418148,1.000654,0.454725,-0.397731,0.001178,0.268380,-0.356969,1.001164,0.572650,0.132998,0.000936
1.840000,-0.502446,-0.009801,1.003496,-0.300908,-0.224352,-0.004070,-0.043033,0.532364,1.005822,-0.518427,0.074180,-0.010560,0.597648,0.313477,1.004313,-0.264487,0.322629,-0.004409,-0.352992,-0.426008,1.000677,0.460690,-0.388228,0.001152,0.279736,-0.354241,1.001183,0.562839,0.139851,0.000954
1.860000,-0.508357,-0.014333,1.003414,-0.290110,-0.228766,-0.004129,-0.053372,0.533768,1.005609,-0.515393,0.066214,-0.010787,0.592284,0.319871,1.004223,-0.271916,0.316791,-0.004515,-0.343720,-0.433675,1.000700,0.466542,-0.378498,0.001123,0.290892,-0.351375,1.001202,0.552735,0.146732,0.000976
1.880000,-0.514048,-0.018951,1.003331,-0.278961,-0.233013,-0.004181,-0.063647,0.535010,1.005391,-0.512130,0.057948,-0.010984,0.586771,0.326148,1.004132,-0.279387,0.310938,-0.004624,-0.334331,-0.441146,1.000722,0.472282,-0.368543,0.001091,0.301843,-0.348371,1.001222,0.542338,0.153639,0.001003
1.900000,-0.519513,-0.023652,1.003247,-0.267462,-0.237093,-0.004225,-0.073856,0.536084,1.005170,-0.508639,0.049384,-0.011149,0.581108,0.332308,1.004038,-0.286900,0.305068,-0.004736,-0.324829,-0.448415,1.000744,0.477909,-0.358360,0.001057,0.312584,-0.345229,1.001242,0.531647,0.160574,0.001033
1.920000,-0.524745,-0.028434,1.003162,-0.255655,-0.240999,-0.004261,-0.083992,0.536984,1.004945,-0.504940,0.040553,-0.011285,0.575295,0.338351,1.003942,-0.294446,0.299184,-0.004852,-0.315216,-0.455479,1.000764,0.483418,-0.347957,0.001021,0.323107,-0.341948,1.001263,0.520691,0.167507,0.001069
1.940000,-0.529738,-0.033291,1.003077,-0.243587,-0.244722,-0.004290,-0.094052,0.537705,1.004718,-0.501052,0.031488,-0.011392,0.569330,0.344276,1.003844,-0.302020,0.293288,-0.004972,-0.305493,-0.462332,1.000785,0.488806,-0.337338,0.000985,0.333410,-0.338529,1.001285,0.509495,0.174410,0.001109
1.960000,-0.534487,-0.038221,1.002991,-0.231257,-0.248262,-0.004311,-0.104032,0.538242,1.004490,-0.496975,0.022188,-0.011470,0.563214,0.350082,1.003744,-0.309619,0.287381,-0.005096,-0.295664,-0.468971,1.000804,0.494072,-0.326504,0.000950,0.343485,-0.334972,1.001307,0.498060,0.181284,0.001155
1.980000,-0.538986,-0.043220,1.002904,-0.218665,-0.251620,-0.004324,-0.113930,0.538591,1.004260,-0.492709,0.012653,-0.011520,0.556945,0.355771,1.003640,-0.317245,0.281462,-0.005225,-0.285731,-0.475391,1.000823,0.499216,-0.315455,0.000914,0.353330,-0.331278,1.001331,0.486386,0.188127,0.001205
2.000000,-0.543231,-0.048285,1.002818,-0.205812,-0.254794,-0.004331,-0.123740,0.538747,1.004029,-0.488254,0.002884,-0.011540,0.550524,0.361341,1.003535,-0.324898,0.275532,-0.005357,-0.275696,-0.481588,1.000840,0.504238,-0.304190,0.000879,0.362939,-0.327447,1.001356,0.474472,0.194941,0.001261
2.020000,-0.547217,-0.053411,1.002731,-0.192731,-0.257774,-0.004329,-0.133459,0.538705,1.003798,-0.483637,-0.007085,-0.011534,0.543949,0.366792,1.003426,-0.332573,0.269578,-0.005496,-0.265563,-0.487557,1.000858,0.509128,-0.292711,0.000845,0.372308,-0.323481,1.001381,0.462341,0.201698,0.001322
2.040000,-0.550939,-0.058594,1.002645,-0.179459,-0.260547,-0.004320,-0.143084,0.538462,1.003568,-0.478885,-0.017219,-0.011503,0.537221,0.372124,1.003315,-0.340267,0.263590,-0.005641,-0.255332,-0.493295,1.000874,0.513877,-0.281020,0.000814,0.381432,-0.319380,1.001409,0.450014,0.208369,0.001388
2.060000,-0.554394,-0.063831,1.002558,-0.165996,-0.263114,-0.004303,-0.152613,0.538015,1.003338,-0.473998,-0.027518,-0.011448,0.530339,0.377335,1.003200,-0.347981,0.257568,-0.005793,-0.245008,-0.498797,1.000890,0.518483,-0.269117,0.000786,0.390307,-0.315146,1.001437,0.437492,0.214956,0.001460
2.080000,-0.557578,-0.069118,1.002473,-0.152341,-0.265473,-0.004278,-0.162043,0.537360,1.003110,-0.468976,-0.037982,-0.011368,0.523302,0.382426,1.003083,-0.355713,0.251511,-0.005952,-0.234594,-0.504058,1.000906,0.522949,-0.257001,0.000761,0.398930,-0.310782,1.001467,0.424773,0.221458,0.001537
2.100000,-0.560487,-0.074449,1.002387,-0.138495,-0.267626,-0.004245,-0.171371,0.536495,1.002884,-0.463819,-0.048610,-0.011263,0.516110,0.387395,1.002962,-0.363465,0.245420,-0.006118,-0.224091,-0.509075,1.000921,0.527272,-0.244673,0.000738,0.407297,-0.306289,1.001499,0.411858,0.227875,0.001620
2.120000,-0.563117,-0.079821,1.002303,-0.124494,-0.269561,-0.004205,-0.180595,0.535415,1.002660,-0.458557,-0.059364,-0.011135,0.508763,0.392243,1.002838,-0.371227,0.239291,-0.006293,-0.213504,-0.513844,1.000935,0.531449,-0.232155,0.000718,0.415403,-0.301668,1.001532,0.398778,0.234182,0.001709
2.140000,-0.565466,-0.085230,1.002219,-0.110377,-0.271269,-0.004158,-0.189713,0.534119,1.002439,-0.453219,-0.070203,-0.010986,0.501261,0.396967,1.002710,-0.378993,0.233123,-0.006478,-0.202835,-0.518360,1.000950,0.535474,-0.219466,0.000702,0.423247,-0.296922,1.001567,0.385564,0.240351,0.001803
2.160000,-0.567531,-0.090670,1.002137,-0.096142,-0.272750,-0.004103,-0.198723,0.532606,1.002221,-0.447805,-0.081128,-0.010815,0.493603,0.401567,1.002579,-0.386761,0.226916,-0.006674,-0.192086,-0.522621,1.000963,0.539346,-0.206607,0.000690,0.430825,-0.292055,1.001604,0.372216,0.246382,0.001902
2.180000,-0.569311,-0.096138,1.002055,-0.081790,-0.274003,-0.004042,-0.207625,0.530874,1.002006,-0.442316,-0.092139,-0.010623,0.485790,0.406043,1.002443,-0.394532,0.220669,-0.006879,-0.181262,-0.526623,1.000977,0.543067,-0.193577,0.000681,0.438135,-0.287068,1.001643,0.358734,0.252277,0.002008
2.200000,-0.570802,-0.101629,1.001975,-0.067321,-0.275029,-0.003974,-0.216416,0.528920,1.001796,-0.436751,-0.103235,-0.010411,0.477822,0.410394,1.002304,-0.402306,0.214383,-0.007095,-0.170364,-0.530363,1.000991,0.546636,-0.180378,0.000677,0.445173,-0.281965,1.001684,0.345117,0.258034,0.002119
2.220000,-0.572003,-0.107138,1.001896,-0.052781,-0.275818,-0.003900,-0.225095,0.526744,1.001590,-0.431147,-0.114377,-0.010178,0.469698,0.414618,1.002160,-0.410076,0.208065,-0.007323,-0.159397,-0.533838,1.001004,0.550053,-0.167044,0.000676,0.451939,-0.276748,1.001728,0.331407,0.263635,0.002235
2.240000,-0.572913,-0.112660,1.001819,-0.038218,-0.276360,-0.003821,-0.233661,0.524345,1.001389,-0.425542,-0.125524,-0.009927,0.461419,0.418716,1.002011,-0.417837,0.201724,-0.007565,-0.148363,-0.537044,1.001018,0.553318,-0.153609,0.000678,0.458429,-0.271420,1.001774,0.317643,0.269057,0.002357
2.260000,-0.573531,-0.118191,1.001743,-0.023631,-0.276657,-0.003737,-0.242116,0.521723,1.001193,-0.419935,-0.136675,-0.009658,0.452985,0.422687,1.001857,-0.425588,0.195360,-0.007820,-0.137266,-0.539981,1.001031,0.556432,-0.140075,0.000684,0.464644,-0.265987,1.001822,0.303826,0.274303,0.002484
2.280000,-0.573858,-0.123725,1.001670,-0.009020,-0.276707,-0.003648,-0.250459,0.518878,1.001003,-0.414326,-0.147832,-0.009370,0.444396,0.426530,1.001698,-0.433328,0.188972,-0.008089,-0.126107,-0.542647,1.001045,0.559393,-0.126440,0.000693,0.470582,-0.260449,1.001873,0.289957,0.279371,0.002617
2.300000,-0.573892,-0.129257,1.001598,0.005615,-0.276511,-0.003554,-0.258689,0.515810,1.000818,-0.408715,-0.158994,-0.009065,0.435652,0.430246,1.001533,-0.441059,0.182562,-0.008372,-0.114891,-0.545038,1.001059,0.562202,-0.112704,0.000706,0.476242,-0.254813,1.001927,0.276033,0.284261,0.002754
2.320000,-0.573634,-0.134783,1.001527,0.020228,-0.276072,-0.003457,-0.266808,0.512518,1.000640,-0.403122,-0.170140,-0.008741,0.426753,0.433833,1.001363,-0.448783,0.176140,-0.008669,-0.103620,-0.547154,1.001073,0.564854,-0.098909,0.000722,0.481623,-0.249080,1.001983,0.262100,0.288963,0.002896
2.340000,-0.573083,-0.140299,1.001459,0.034774,-0.275392,-0.003360,-0.274814,0.509004,1.000469,-0.397565,-0.181251,-0.008402,0.417700,0.437291,1.001186,-0.456500,0.169718,-0.008983,-0.092298,-0.548994,1.001088,0.567341,-0.085093,0.000740,0.486726,-0.243256,1.002043,0.248201,0.293466,0.003042
2.360000,-0.572243,-0.145798,1.001393,0.049253,-0.274472,-0.003261,-0.282710,0.505269,1.000304,-0.392045,-0.192326,-0.008045,0.408493,0.440622,1.001003,-0.464212,0.163297,-0.009313,-0.080927,-0.550558,1.001103,0.569665,-0.071256,0.000761,0.491552,-0.237343,1.002105,0.234335,0.297770,0.003192
2.380000,-0.571114,-0.151276,1.001329,0.063664,-0.273311,-0.003162,-0.290496,0.501312,1.000147,-0.386562,-0.203365,-0.007672,0.399132,0.443823,1.000814,-0.471918,0.156876,-0.009660,-0.069512,-0.551845,1.001118,0.571825,-0.057399,0.000784,0.496100,-0.231346,1.002170,0.220502,0.301874,0.003345
2.400000,-0.569697,-0.156728,1.001267,0.078009,-0.271910,-0.003062,-0.298173,0.497134,0.999997,-0.381116,-0.214368,-0.007283,0.389617,0.446897,1.000617,-0.479619,0.150456,-0.010022,-0.058056,-0.552854,1.001134,0.573821,-0.043522,0.000809,0.500372,-0.225269,1.002239,0.206702,0.305780,0.003502
2.420000,-0.567994,-0.162151,1.001206,0.092253,-0.270287,-0.002964,-0.305741,0.492737,0.999856,-0.375707,-0.225321,-0.006879,0.379947,0.449842,1.000413,-0.487325,0.144050,-0.010402,-0.046561,-0.553586,1.001151,0.575651,-0.029661,0.000837,0.504368,-0.219116,1.002311,0.192969,0.309487,0.003662
2.440000,-0.566008,-0.167539,1.001148,0.106362,-0.268460,-0.002871,-0.313202,0.488122,0.999722,-0.370338,-0.236208,-0.006461,0.370123,0.452659,1.000201,-0.495049,0.137673,-0.010798,-0.035031,-0.554041,1.001168,0.577314,-0.015856,0.000865,0.508091,-0.212891,1.002385,0.179335,0.312998,0.003823
2.460000,-0.563740,-0.172888,1.001091,0.120337,-0.266430,-0.002782,-0.320555,0.483289,0.999597,-0.365008,-0.247029,-0.006031,0.360145,0.455349,0.999981,-0.502790,0.131324,-0.011213,-0.023469,-0.554220,1.001185,0.578809,-0.002105,0.000895,0.511542,-0.206598,1.002463,0.165801,0.316313,0.003987
2.480000,-0.561195,-0.178194,1.001037,0.134178,-0.264196,-0.002698,-0.327802,0.478241,0.999481,-0.359717,-0.257784,-0.005587,0.350012,0.457912,0.999752,-0.510548,0.125004,-0.011644,-0.011879,-0.554125,1.001204,0.580137,0.011592,0.000927,0.514724,-0.200240,1.002545,0.152367,0.319431,0.004152
2.500000,-0.558374,-0.183454,1.000984,0.147884,-0.261759,-0.002618,-0.334944,0.472978,0.999374,-0.354465,-0.268473,-0.005130,0.339723,0.460349,0.999515,-0.518324,0.118712,-0.012093,-0.000265,-0.553757,1.001223,0.581298,0.025234,0.000959,0.517638,-0.193822,1.002630,0.139032,0.322353,0.004320
2.520000,-0.555281,-0.188664,1.000932,0.161431,-0.259147,-0.002547,-0.341981,0.467503,0.999276,-0.349255,-0.279087,-0.004661,0.329279,0.462661,0.999268,-0.526122,0.112465,-0.012558,0.011371,-0.553116,1.001242,0.582294,0.038789,0.000992,0.520286,-0.187347,1.002718,0.125818,0.325090,0.004488
2.540000,-0.551918,-0.193819,1.000882,0.174794,-0.256388,-0.002488,-0.348914,0.461815,0.999188,-0.344087,-0.289617,-0.004183,0.318678,0.464848,0.999012,-0.533947,0.106277,-0.013039,0.023026,-0.552206,1.001262,0.583130,0.052225,0.001026,0.522671,-0.180819,1.002809,0.112747,0.327653,0.004656
2.560000,-0.548290,-0.198918,1.000832,0.187973,-0.253481,-0.002439,-0.355745,0.455919,0.999109,-0.338962,-0.300062,-0.003696,0.307921,0.466912,0.998747,-0.541799,0.100150,-0.013535,0.034696,-0.551028,1.001283,0.583805,0.065543,0.001059,0.524797,-0.174242,1.002904,0.099819,0.330042,0.004824
2.580000,-0.544401,-0.203957,1.000784,0.200968,-0.250428,-0.002403,-0.362473,0.449814,0.999040,-0.333880,-0.310424,-0.003199,0.297006,0.468854,0.998471,-0.549679,0.094083,-0.014047,0.046377,-0.549585,1.001305,0.584320,0.078742,0.001093,0.526665,-0.167619,1.003002,0.087034,0.332257,0.004992
2.600000,-0.540253,-0.208934,1.000736,0.213780,-0.247227,-0.002378,-0.369100,0.443502,0.998981,-0.328841,-0.320701,-0.002692,0.285933,0.470676,0.998185,-0.557585,0.088076,-0.014575,0.058067,-0.547879,1.001327,0.584673,0.091823,0.001127,0.528279,-0.160953,1.003104,0.074393,0.334298,0.005159
2.620000,-0.535851,-0.213846,1.000689,0.226393,-0.243917,-0.002368,-0.375627,0.436986,0.998932,-0.323848,-0.330886,-0.002178,0.274702,0.472378,0.997888,-0.565518,0.082147,-0.015114,0.069763,-0.545913,1.001350,0.584875,0.104761,0.001161,0.529642,-0.154248,1.003208,0.061911,0.336198,0.005326
2.640000,-0.531198,-0.218690,1.000641,0.238795,-0.240533,-0.002378,-0.382055,0.430267,0.998894,-0.318903,-0.340970,-0.001658,0.263312,0.473962,0.997580,-0.573474,0.076314,-0.015664,0.081461,-0.543690,1.001373,0.584932,0.117532,0.001195,0.530757,-0.147506,1.003317,0.049606,0.337989,0.005490
2.660000,-0.526300,-0.223467,1.000593,0.250984,-0.237078,-0.002407,-0.388384,0.423348,0.998866,-0.314007,-0.350953,-0.001133,0.251763,0.475431,0.997261,-0.581454,0.070576,-0.016223,0.093159,-0.541213,1.001397,0.584846,0.130137,0.001228,0.531627,-0.140729,1.003428,0.037478,0.339672,0.005652
2.680000,-0.521160,-0.228173,1.000545,0.262962,-0.233549,-0.002455,-0.394615,0.416230,0.998849,-0.309159,-0.360836,-0.000602,0.240054,0.476786,0.996931,-0.589458,0.064933,-0.016792,0.104854,-0.538486,1.001422,0.584616,0.142575,0.001260,0.532257,-0.133920,1.003543,0.025527,0.341245,0.005813
2.700000,-0.515783,-0.232808,1.000495,0.274728,-0.229949,-0.002523,-0.400750,0.408915,0.998842,-0.304360,-0.370617,-0.000066,0.228185,0.478029,0.996589,-0.597487,0.059386,-0.017370,0.116543,-0.535511,1.001448,0.584242,0.154846,0.001292,0.532650,-0.127080,1.003660,0.013753,0.342710,0.005971
2.720000,-0.510173,-0.237371,1.000444,0.286280,-0.226317,-0.002614,-0.406790,0.401406,0.998846,-0.299614,-0.380286,0.000473,0.216155,0.479162,0.996236,-0.605530,0.053950,-0.017952,0.128223,-0.532293,1.001474,0.583734,0.166935,0.001322,0.532808,-0.120212,1.003781,0.002168,0.344104,0.006125
2.740000,-0.504333,-0.241861,1.000390,0.297616,-0.222697,-0.002733,-0.412735,0.393705,0.998861,-0.294925,-0.389831,0.001012,0.203963,0.480188,0.995871,-0.613578,0.048640,-0.018531,0.139892,-0.528835,1.001501,0.583101,0.178826,0.001352,0.532738,-0.113316,1.003905,-0.009215,0.345466,0.006274
2.760000,-0.498270,-0.246279,1.000334,0.308736,-0.219089,-0.002880,-0.418587,0.385814,0.998886,-0.290293,-0.399251,0.001551,0.191611,0.481109,0.995495,-0.621631,0.043456,-0.019109,0.151546,-0.525141,1.001528,0.582344,0.190518,0.001380,0.532441,-0.106393,1.004032,-0.020396,0.346796,0.006417
2.780000,-0.491985,-0.250625,1.000275,0.319640,-0.215493,-0.003053,-0.424347,0.377735,0.998923,-0.285718,-0.408546,0.002090,0.179098,0.481927,0.995107,-0.629689,0.038398,-0.019684,0.163184,-0.521216,1.001556,0.581461,0.202013,0.001407,0.531923,-0.099444,1.004162,-0.031376,0.348094,0.006553
2.800000,-0.485485,-0.254899,1.000212,0.330327,-0.211908,-0.003255,-0.430016,0.369473,0.998970,-0.281200,-0.417717,0.002630,0.166424,0.482646,0.994708,-0.637752,0.033465,-0.020258,0.174804,-0.517062,1.001584,0.580455,0.213309,0.001433,0.531188,-0.092470,1.004294,-0.042155,0.349361,0.006684
2.820000,-0.478774,-0.259101,1.000145,0.340800,-0.208387,-0.003488,-0.435596,0.361028,0.999028,-0.276738,-0.426759,0.003167,0.153588,0.483267,0.994297,-0.645793,0.028667,-0.020820,0.186402,-0.512685,1.001613,0.579332,0.224399,0.001457,0.530238,-0.085470,1.004429,-0.052725,0.350627,0.006806
2.840000,-0.471855,-0.263235,1.000072,0.351056,-0.204984,-0.003756,-0.441086,0.352403,0.999097,-0.272334,-0.435665,0.003696,0.140592,0.483793,0.993875,-0.653782,0.024012,-0.021363,0.197976,-0.508087,1.001643,0.578103,0.235278,0.001479,0.529080,-0.078444,1.004567,-0.063078,0.351926,0.006913
2.860000,-0.464733,-0.267301,0.999994,0.361097,-0.201697,-0.004061,-0.446489,0.343602,0.999176,-0.267986,-0.444435,0.004219,0.127437,0.484228,0.993442,-0.661721,0.019499,-0.021886,0.209525,-0.503275,1.001672,0.576767,0.245943,0.001499,0.527717,-0.071393,1.004706,-0.073215,0.353258,0.007006
2.880000,-0.457412,-0.271303,0.999910,0.370923,-0.198528,-0.004401,-0.451806,0.334627,0.999265,-0.263696,-0.453071,0.004735,0.114124,0.484574,0.993000,-0.669609,0.015129,-0.022389,0.221046,-0.498251,1.001703,0.575324,0.256396,0.001517,0.526153,-0.064314,1.004847,-0.083136,0.354622,0.007085
2.900000,-0.449898,-0.275243,0.999818,0.380533,-0.195476,-0.004776,-0.457038,0.325480,0.999365,-0.259462,-0.461571,0.005245,0.100653,0.484834,0.992547,-0.677446,0.010902,-0.022872,0.232538,-0.493021,1.001733,0.573775,0.266636,0.001533,0.524393,-0.057208,1.004989,-0.092841,0.356020,0.007151
2.920000,-0.442193,-0.279124,0.999718,0.389927,-0.192586,-0.005190,-0.462185,0.316165,0.999475,-0.255286,-0.469923,0.005743,0.087027,0.485011,0.992085,-0.685186,0.006816,-0.023325,0.243997,-0.487587,1.001764,0.572126,0.276665,0.001546,0.522441,-0.050073,1.005133,-0.102328,0.357478,0.007193
2.940000,-0.434302,-0.282948,0.999610,0.399106,-0.189904,-0.005644,-0.467250,0.306684,0.999595,-0.251168,-0.478112,0.006226,0.073247,0.485108,0.991614,-0.692782,0.002869,-0.023737,0.255422,-0.481955,1.001795,0.570384,0.286484,0.001557,0.520301,-0.042908,1.005277,-0.111594,0.359027,0.007203
2.960000,-0.426230,-0.286721,0.999492,0.408068,-0.187430,-0.006138,-0.472232,0.297041,0.999724,-0.247108,-0.486140,0.006692,0.059316,0.485127,0.991136,-0.700234,-0.000939,-0.024108,0.266811,-0.476129,1.001826,0.568550,0.296092,0.001565,0.517978,-0.035711,1.005421,-0.120639,0.360666,0.007181
2.980000,-0.417981,-0.290447,0.999364,0.416815,-0.185163,-0.006672,-0.477134,0.287240,0.999862,-0.243105,-0.494005,0.007143,0.045238,0.485071,0.990650,-0.707542,-0.004608,-0.024437,0.278163,-0.470113,1.001857,0.566624,0.305490,0.001570,0.515477,-0.028481,1.005564,-0.129464,0.362395,0.007127
3.000000,-0.409559,-0.294129,0.999225,0.425345,-0.183104,-0.007247,-0.481957,0.277282,1.000010,-0.239161,-0.501708,0.007578,0.031016,0.484943,0.990158,-0.714706,-0.008137,-0.024725,0.289476,-0.463911,1.001889,0.564605,0.314677,0.001572,0.512801,-0.021215,1.005705,-0.138069,0.364214,0.007041
3.020000,-0.400968,-0.297772,0.999074,0.433659,-0.181281,-0.007861,-0.486701,0.267172,1.000165,-0.235261,-0.509237,0.007993,0.016651,0.484746,0.989662,-0.721674,-0.011539,-0.024964,0.300747,-0.457527,1.001920,0.562493,0.323652,0.001572,0.509956,-0.013911,1.005845,-0.146452,0.366136,0.006910
3.040000,-0.392214,-0.301382,0.998910,0.441753,-0.179721,-0.008512,-0.491367,0.256914,1.000329,-0.231393,-0.516582,0.008381,0.002150,0.484483,0.989160,-0.728394,-0.014823,-0.025146,0.311975,-0.450966,1.001952,0.560289,0.332413,0.001568,0.506945,-0.006568,1.005981,-0.154612,0.368173,0.006721
3.060000,-0.383300,-0.304963,0.998733,0.449629,-0.178423,-0.009201,-0.495957,0.246510,1.000500,-0.227556,-0.523742,0.008745,-0.012483,0.484154,0.988656,-0.734864,-0.017991,-0.025272,0.323158,-0.444232,1.001983,0.557990,0.340960,0.001560,0.503773,0.000816,1.006113,-0.162550,0.370326,0.006473
3.080000,-0.374230,-0.308521,0.998542,0.457287,-0.177388,-0.009927,-0.500470,0.235966,1.000679,-0.223751,-0.530717,0.009083,-0.027243,0.483764,0.988150,-0.741087,-0.021042,-0.025341,0.334294,-0.437329,1.002014,0.555599,0.349292,0.001550,0.500444,0.008245,1.006240,-0.170266,0.372594,0.006168
3.100000,-0.365010,-0.312060,0.998336,0.464726,-0.176616,-0.010692,-0.504907,0.225283,1.000864,-0.219978,-0.537508,0.009395,-0.042124,0.483313,0.987643,-0.747061,-0.023976,-0.025354,0.345381,-0.430262,1.002045,0.553114,0.357411,0.001537,0.496963,0.015721,1.006360,-0.177758,0.374978,0.005805
3.120000,-0.355643,-0.315587,0.998114,0.471935,-0.176113,-0.011488,-0.509269,0.214467,1.001054,-0.216222,-0.544097,0.009678,-0.057123,0.482805,0.987136,-0.752733,-0.026812,-0.025307,0.356418,-0.423034,1.002076,0.550521,0.365310,0.001520,0.493335,0.023245,1.006472,-0.185044,0.377470,0.005377
3.140000,-0.346134,-0.319107,0.997876,0.478905,-0.175884,-0.012311,-0.513556,0.203521,1.001250,-0.212469,-0.550467,0.009928,-0.072231,0.482241,0.986631,-0.758050,-0.029571,-0.025198,0.367401,-0.415651,1.002106,0.547807,0.372986,0.001500,0.489563,0.030820,1.006574,-0.192139,0.380064,0.004876
3.160000,-0.336488,-0.322624,0.997622,0.485634,-0.175931,-0.013162,-0.517768,0.192449,1.001451,-0.208721,-0.556619,0.010146,-0.087443,0.481623,0.986129,-0.763013,-0.032251,-0.025025,0.378329,-0.408116,1.002136,0.544972,0.380438,0.001478,0.485651,0.038448,1.006666,-0.199042,0.382761,0.004304
3.180000,-0.326710,-0.326146,0.997350,0.492123,-0.176253,-0.014039,-0.521905,0.181257,1.001656,-0.204976,-0.562552,0.010330,-0.102750,0.480952,0.985630,-0.767621,-0.034853,-0.024789,0.389199,-0.400435,1.002165,0.542015,0.387666,0.001452,0.481603,0.046132,1.006746,-0.205754,0.385560,0.003658
3.200000,-0.316805,-0.329676,0.997060,0.498372,-0.176849,-0.014942,-0.525967,0.169949,1.001864,-0.201235,-0.568266,0.010482,-0.118145,0.480229,0.985137,-0.771874,-0.037377,-0.024490,0.400009,-0.392611,1.002194,0.538937,0.394670,0.001422,0.477422,0.053872,1.006812,-0.212274,0.388462,0.002941
3.220000,-0.306777,-0.333221,0.996752,0.504368,-0.177710,-0.015863,-0.529954,0.158528,1.002075,-0.197471,-0.573740,0.010600,-0.133622,0.479457,0.984651,-0.775721,-0.039846,-0.024128,0.410756,-0.384650,1.002222,0.535723,0.401451,0.001390,0.473113,0.061670,1.006863,-0.218619,0.391441,0.002154
3.240000,-0.296632,-0.336786,0.996425,0.510098,-0.178826,-0.016791,-0.533866,0.147001,1.002288,-0.193659,-0.578952,0.010685,-0.149171,0.478636,0.984173,-0.779113,-0.042284,-0.023704,0.421437,-0.376555,1.002249,0.532359,0.408009,0.001355,0.468678,0.069530,1.006898,-0.224802,0.394473,0.001298
3.260000,-0.286375,-0.340376,0.996080,0.515561,-0.180196,-0.017725,-0.537700,0.135372,1.002502,-0.189797,-0.583903,0.010737,-0.164783,0.477766,0.983703,-0.782050,-0.044689,-0.023218,0.432049,-0.368331,1.002276,0.528846,0.414345,0.001316,0.464122,0.077450,1.006915,-0.230825,0.397559,0.000375
3.280000,-0.276011,-0.343996,0.995716,0.520757,-0.181821,-0.018667,-0.541457,0.123646,1.002717,-0.185887,-0.588592,0.010754,-0.180450,0.476848,0.983244,-0.784531,-0.047063,-0.022669,0.442590,-0.359983,1.002302,0.525183,0.420458,0.001274,0.459446,0.085432,1.006912,-0.236687,0.400699,-0.000616
3.300000,-0.265546,-0.347651,0.995333,0.525687,-0.183699,-0.019615,-0.545135,0.111830,1.002932,-0.181927,-0.593019,0.010738,-0.196161,0.475884,0.982797,-0.786556,-0.049406,-0.022057,0.453055,-0.351514,1.002327,0.521370,0.426348,0.001229,0.454655,0.093478,1.006890,-0.242388,0.403892,-0.001676
3.320000,-0.254985,-0.351345,0.994932,0.530341,-0.185797,-0.020555,-0.548734,0.099928,1.003147,-0.177886,-0.597173,0.010690,-0.211909,0.474872,0.982363,-0.788067,-0.051745,-0.021389,0.463443,-0.342930,1.002351,0.517377,0.432009,0.001181,0.449752,0.101588,1.006845,-0.247939,0.407101,-0.002791
3.340000,-0.244334,-0.355084,0.994511,0.534707,-0.188077,-0.021472,-0.552250,0.087945,1.003360,-0.173730,-0.601039,0.010613,-0.227680,0.473814,0.981942,-0.789005,-0.054110,-0.020669,0.473749,-0.334235,1.002374,0.513171,0.437436,0.001129,0.444739,0.109762,1.006778,-0.253353,0.410290,-0.003951
3.360000,-0.233599,-0.358870,0.994073,0.538787,-0.190539,-0.022365,-0.555682,0.075888,1.003571,-0.169459,-0.604618,0.010505,-0.243465,0.472708,0.981536,-0.789371,-0.056501,-0.019899,0.483969,-0.325434,1.002396,0.508753,0.442627,0.001075,0.439619,0.117999,1.006687,-0.258629,0.413458,-0.005155
3.380000,-0.222785,-0.362707,0.993617,0.542579,-0.193184,-0.023235,-0.559028,0.063762,1.003780,-0.165074,-0.607909,0.010368,-0.259251,0.471554,0.981146,-0.789163,-0.058918,-0.019077,0.494098,-0.316532,1.002417,0.504124,0.447583,0.001017,0.434394,0.126300,1.006571,-0.263767,0.416606,-0.006403
3.400000,-0.211898,-0.366598,0.993144,0.546085,-0.196011,-0.024081,-0.562284,0.051573,1.003985,-0.160574,-0.610914,0.010201,-0.275028,0.470351,0.980773,-0.788383,-0.061360,-0.018205,0.504132,-0.307533,1.002437,0.499282,0.452304,0.000956,0.429069,0.134664,1.006430,-0.268767,0.419734,-0.007696
3.420000,-0.200943,-0.370548,0.992654,0.549306,-0.198955,-0.024883,-0.565450,0.039328,1.004188,-0.155925,-0.613614,0.010006,-0.290782,0.469099,0.980418,-0.786979,-0.063855,-0.017289,0.514068,-0.298441,1.002455,0.494203,0.456788,0.000892,0.423645,0.143089,1.006263,-0.273644,0.422800,-0.009014
3.440000,-0.189927,-0.374557,0.992149,0.552242,-0.201951,-0.025621,-0.568520,0.027031,1.004386,-0.151094,-0.615991,0.009787,-0.306502,0.467796,0.980082,-0.784897,-0.066430,-0.016336,0.523899,-0.289263,1.002472,0.488861,0.461032,0.000825,0.418124,0.151575,1.006070,-0.278415,0.425763,-0.010337
3.460000,-0.178856,-0.378626,0.991630,0.554895,-0.204998,-0.026293,-0.571492,0.014690,1.004579,-0.146081,-0.618046,0.009542,-0.322174,0.466441,0.979765,-0.782138,-0.069085,-0.015348,0.533620,-0.280002,1.002488,0.483256,0.465035,0.000754,0.412509,0.160119,1.005850,-0.283079,0.428624,-0.011668
3.480000,-0.167734,-0.382757,0.991097,0.557264,-0.208097,-0.026901,-0.574362,0.002311,1.004767,-0.140886,-0.619777,0.009273,-0.337783,0.465032,0.979468,-0.778701,-0.071820,-0.014324,0.543227,-0.270663,1.002503,0.477389,0.468799,0.000681,0.406801,0.168719,1.005603,-0.287635,0.431383,-0.013004
3.500000,-0.156567,-0.386950,0.990554,0.559349,-0.211248,-0.027444,-0.577126,-0.010099,1.004950,-0.135509,-0.621186,0.008978,-0.353317,0.463568,0.979192,-0.774588,-0.074635,-0.013264,0.552714,-0.261251,1.002515,0.471259,0.472323,0.000604,0.401004,0.177374,1.005329,-0.292084,0.434039,-0.014346
3.520000,-0.145361,-0.391207,0.990000,0.561160,-0.214366,-0.027903,-0.579781,-0.022534,1.005126,-0.129932,-0.622257,0.008662,-0.368762,0.462046,0.978938,-0.769745,-0.077549,-0.012176,0.562076,-0.251771,1.002527,0.464851,0.475609,0.000524,0.395119,0.186080,1.005029,-0.296435,0.436545,-0.015667
3.540000,-0.134122,-0.395524,0.989438,0.562706,-0.217369,-0.028261,-0.582322,-0.034987,1.005296,-0.124136,-0.622974,0.008326,-0.384102,0.460465,0.978705,-0.764118,-0.080581,-0.011068,0.571306,-0.242228,1.002536,0.458149,0.478660,0.000440,0.389147,0.194834,1.004703,-0.300695,0.438852,-0.016940
3.560000,-0.122855,-0.399901,0.988871,0.563989,-0.220256,-0.028518,-0.584745,-0.047450,1.005459,-0.118122,-0.623339,0.007971,-0.399321,0.458822,0.978495,-0.757707,-0.083731,-0.009940,0.580400,-0.232627,1.002544,0.451154,0.481474,0.000354,0.383092,0.203633,1.004352,-0.304863,0.440961,-0.018165
3.580000,-0.111565,-0.404334,0.988298,0.565007,-0.223028,-0.028673,-0.587046,-0.059918,1.005615,-0.111890,-0.623350,0.007597,-0.414405,0.457115,0.978308,-0.750513,-0.086999,-0.008793,0.589350,-0.222971,1.002550,0.443866,0.484053,0.000264,0.376953,0.212471,1.003977,-0.308941,0.442872,-0.019342
3.600000,-0.100256,-0.408821,0.987724,0.565760,-0.225685,-0.028726,-0.589219,-0.072382,1.005763,-0.105439,-0.623009,0.007204,-0.429337,0.455341,0.978144,-0.742535,-0.090385,-0.007625,0.598152,-0.213266,1.002555,0.436284,0.486396,0.000171,0.370734,0.221346,1.003579,-0.312928,0.444584,-0.020471
3.620000,-0.088936,-0.413360,0.987150,0.566266,-0.228137,-0.028667,-0.591262,-0.084836,1.005903,-0.098761,-0.622310,0.006795,-0.444101,0.453499,0.978003,-0.733752,-0.093902,-0.006447,0.606800,-0.203517,1.002557,0.428406,0.488509,0.000074,0.364437,0.230253,1.003158,-0.316833,0.446046,-0.021524
3.640000,-0.077607,-0.417945,0.986578,0.566539,-0.230296,-0.028485,-0.593168,-0.097272,1.006034,-0.091849,-0.621249,0.006373,-0.458681,0.451584,0.977886,-0.724144,-0.097564,-0.005267,0.615287,-0.193727,1.002558,0.420227,0.490400,-0.000025,0.358062,0.239186,1.002718,-0.320662,0.447203,-0.022474
3.660000,-0.066276,-0.422570,0.986012,0.566581,-0.232160,-0.028181,-0.594934,-0.109683,1.006158,-0.084702,-0.619826,0.005939,-0.473061,0.449595,0.977792,-0.713711,-0.101370,-0.004085,0.623607,-0.183902,1.002556,0.411748,0.492067,-0.000128,0.351611,0.248139,1.002260,-0.324418,0.448056,-0.023322
3.680000,-0.054946,-0.427229,0.985452,0.566391,-0.233731,-0.027753,-0.596555,-0.122063,1.006272,-0.077320,-0.618041,0.005493,-0.487224,0.447528,0.977723,-0.702452,-0.105321,-0.002902,0.631754,-0.174046,1.002553,0.402968,0.493511,-0.000234,0.345085,0.257106,1.001786,-0.328099,0.448606,-0.024066
3.700000,-0.043622,-0.431917,0.984902,0.565969,-0.235008,-0.027203,-0.598025,-0.134403,1.006377,-0.069703,-0.615894,0.005035,-0.501154,0.445381,0.977676,-0.690367,-0.109416,-0.001717,0.639723,-0.164163,1.002547,0.393888,0.494733,-0.000344,0.338487,0.266081,1.001298,-0.331705,0.448852,-0.024708
3.720000,-0.032308,-0.436627,0.984365,0.565336,-0.235928,-0.026533,-0.599341,-0.146696,1.006473,-0.061853,-0.613398,0.004570,-0.514834,0.443151,0.977654,-0.677489,-0.113658,-0.000540,0.647508,-0.154258,1.002539,0.384508,0.495732,-0.000456,0.331818,0.275058,1.000799,-0.335236,0.448753,-0.025233
3.740000,-0.021009,-0.441351,0.983842,0.564513,-0.236427,-0.025746,-0.600498,-0.158936,1.006560,-0.053773,-0.610566,0.004102,-0.528248,0.440834,0.977655,-0.663847,-0.118052,0.000620,0.655102,-0.144335,1.002529,0.374828,0.496511,-0.000571,0.325078,0.284029,1.000290,-0.338689,0.448268,-0.025629
3.760000,-0.009729,-0.446081,0.983336,0.563500,-0.236503,-0.024842,-0.601491,-0.171117,1.006637,-0.045461,-0.607397,0.003633,-0.541382,0.438428,0.977678,-0.649443,-0.122597,0.001761,0.662499,-0.134399,1.002516,0.364849,0.497069,-0.000687,0.318271,0.292986,0.999774,-0.342066,0.447397,-0.025895
3.780000,0.001529,-0.450809,0.982849,0.562297,-0.236159,-0.023822,-0.602315,-0.183230,1.006705,-0.036919,-0.603892,0.003162,-0.554221,0.435929,0.977725,-0.634276,-0.127292,0.002885,0.669694,-0.124454,1.002501,0.354570,0.497406,-0.000807,0.311396,0.301922,0.999255,-0.345365,0.446141,-0.026032
3.800000,0.012762,-0.455525,0.982384,0.560905,-0.235393,-0.022684,-0.602966,-0.195270,1.006764,-0.028146,-0.600050,0.002689,-0.566748,0.433335,0.977794,-0.618346,-0.132139,0.003991,0.676680,-0.114504,1.002484,0.343992,0.497523,-0.000928,0.304457,0.310829,0.998734,-0.348587,0.444499,-0.026039
3.820000,0.023964,-0.460221,0.981942,0.559335,-0.234176,-0.021448,-0.603439,-0.207230,1.006813,-0.019161,-0.595884,0.002219,-0.578950,0.430643,0.977884,-0.601733,-0.137121,0.005071,0.683451,-0.104555,1.002464,0.333122,0.497423,-0.001052,0.297453,0.319699,0.998214,-0.351724,0.442450,-0.025924
3.840000,0.035134,-0.464889,0.981526,0.557600,-0.232480,-0.020132,-0.603731,-0.219103,1.006853,-0.009982,-0.591405,0.001756,-0.590814,0.427849,0.977996,-0.584515,-0.142224,0.006114,0.690003,-0.094609,1.002442,0.321971,0.497108,-0.001177,0.290388,0.328524,0.997698,-0.354770,0.439971,-0.025692
3.860000,0.046267,-0.469517,0.981137,0.555701,-0.230303,-0.018735,-0.603837,-0.230884,1.006883,-0.000611,-0.586615,0.001301,-0.602327,0.424953,0.978129,-0.566693,-0.147447,0.007122,0.696328,-0.084672,1.002417,0.310538,0.496580,-0.001303,0.283263,0.337295,0.997187,-0.357724,0.437063,-0.025343
3.880000,0.057361,-0.474098,0.980777,0.553637,-0.227646,-0.017259,-0.603754,-0.242566,1.006905,0.008954,-0.581513,0.000853,-0.613477,0.421951,0.978281,-0.548266,-0.152790,0.008093,0.702423,-0.074747,1.002390,0.298823,0.495838,-0.001431,0.276080,0.346004,0.996685,-0.360587,0.433725,-0.024878
3.900000,0.068412,-0.478620,0.980448,0.551408,-0.224508,-0.015703,-0.603478,-0.254142,1.006917,0.018711,-0.576098,0.000413,-0.624253,0.418840,0.978452,-0.529235,-0.158253,0.009028,0.708280,-0.064840,1.002360,0.286826,0.494882,-0.001561,0.268840,0.354641,0.996193,-0.363358,0.429958,-0.024297
3.920000,0.079416,-0.483075,0.980150,0.549021,-0.220895,-0.014092,-0.603005,-0.265608,1.006921,0.028633,-0.570383,-0.000015,-0.634643,0.415620,0.978642,-0.509699,-0.163810,0.009922,0.713894,-0.054953,1.002327,0.274561,0.493716,-0.001691,0.261546,0.363199,0.995714,-0.366030,0.425748,-0.023616
3.940000,0.090371,-0.487453,0.979884,0.546483,-0.216811,-0.012452,-0.602332,-0.276956,1.006917,0.038688,-0.564376,-0.000428,-0.644639,0.412288,0.978849,-0.489758,-0.169436,0.010769,0.719260,-0.045092,1.002292,0.262042,0.492343,-0.001822,0.254200,0.371668,0.995249,-0.368594,0.421080,-0.022852
3.960000,0.101274,-0.491744,0.979652,0.543793,-0.212255,-0.010782,-0.601456,-0.288181,1.006904,0.048878,-0.558080,-0.000825,-0.654231,0.408842,0.979072,-0.469412,-0.175130,0.011568,0.724374,-0.035261,1.002254,0.249269,0.490764,-0.001954,0.246803,0.380039,0.994800,-0.371052,0.415956,-0.022006
3.980000,0.112122,-0.495940,0.979453,0.540952,-0.207227,-0.009083,-0.600376,-0.299277,1.006884,0.059201,-0.551492,-0.001207,-0.663412,0.405282,0.979311,-0.448660,-0.180892,0.012320,0.729229,-0.025463,1.002214,0.236241,0.488978,-0.002087,0.239358,0.388303,0.994369,-0.373403,0.410374,-0.021078
4.000000,0.122911,-0.500030,0.979289,0.537959,-0.201728,-0.007355,-0.599087,-0.310239,1.006856,0.069659,-0.544615,-0.001572,-0.672175,0.401606,0.979565,-0.427502,-0.186722,0.013024,0.733822,-0.015703,1.002171,0.222959,0.486986,-0.002220,0.231868,0.396451,0.993957,-0.375646,0.404335,-0.020067
4.020000,0.133639,-0.504006,0.979159,0.534817,-0.195782,-0.005620,-0.597589,-0.321060,1.006821,0.080215,-0.537459,-0.001920,-0.680511,0.397813,0.979832,-0.406046,-0.192595,0.013680,0.738146,-0.005985,1.002125,0.209443,0.484792,-0.002354,0.224333,0.404474,0.993567,-0.377780,0.397841,-0.018991
4.040000,0.144303,-0.507858,0.979064,0.531527,-0.189411,-0.003901,-0.595878,-0.331735,1.006779,0.090836,-0.530038,-0.002246,-0.688415,0.393902,0.980112,-0.384397,-0.198486,0.014284,0.742198,0.003687,1.002077,0.195710,0.482402,-0.002488,0.216757,0.412362,0.993198,-0.379801,0.390892,-0.017869
4.060000,0.154900,-0.511579,0.979003,0.528091,-0.182618,-0.002199,-0.593955,-0.342259,1.006731,0.101520,-0.522353,-0.002550,-0.695885,0.389873,0.980403,-0.362554,-0.204396,0.014837,0.745973,0.013310,1.002025,0.181761,0.479816,-0.002622,0.209142,0.420106,0.992852,-0.381709,0.383489,-0.016700
4.080000,0.165426,-0.515160,0.978976,0.524508,-0.175400,-0.000514,-0.591817,-0.352627,1.006678,0.112268,-0.514402,-0.002833,-0.702916,0.385726,0.980705,-0.340519,-0.210323,0.015338,0.749467,0.022879,1.001972,0.167597,0.477032,-0.002756,0.201490,0.427698,0.992530,-0.383505,0.375631,-0.015484
4.100000,0.175879,-0.518593,0.978982,0.520777,-0.167759,0.001155,-0.589464,-0.362834,1.006618,0.123079,-0.506186,-0.003095,-0.709505,0.381460,0.981016,-0.318291,-0.216269,0.015788,0.752676,0.032390,1.001915,0.153217,0.474053,-0.002890,0.193803,0.435129,0.992233,-0.385188,0.367320,-0.014221
4.120000,0.186256,-0.521868,0.979022,0.516900,-0.159726,0.002792,-0.586894,-0.372873,1.006554,0.133920,-0.497724,-0.003333,-0.715647,0.377075,0.981336,-0.295961,-0.222214,0.016188,0.755594,0.041839,1.001856,0.138644,0.470885,-0.003023,0.186083,0.442388,0.991962,-0.386759,0.358566,-0.012927
4.140000,0.196554,-0.524979,0.979093,0.512878,-0.151331,0.004383,-0.584107,-0.382741,1.006485,0.144756,-0.489035,-0.003547,-0.721343,0.372572,0.981663,-0.273621,-0.228140,0.016539,0.758220,0.051224,1.001794,0.123901,0.467536,-0.003157,0.178333,0.449469,0.991716,-0.388219,0.349383,-0.011616
4.160000,0.206770,-0.527919,0.979197,0.508710,-0.142576,0.005927,-0.581103,-0.392433,1.006412,0.155587,-0.480118,-0.003737,-0.726592,0.367950,0.981997,-0.251270,-0.234047,0.016841,0.760549,0.060540,1.001730,0.108990,0.464007,-0.003290,0.170555,0.456361,0.991497,-0.389568,0.339772,-0.010288
4.180000,0.216901,-0.530680,0.979330,0.504396,-0.133459,0.007425,-0.577883,-0.401944,1.006336,0.166413,-0.470973,-0.003902,-0.731394,0.363210,0.982337,-0.228909,-0.239936,0.017093,0.762579,0.069783,1.001663,0.093909,0.460298,-0.003422,0.162751,0.463057,0.991305,-0.390806,0.329731,-0.008943
4.200000,0.226945,-0.533255,0.979493,0.499937,-0.123980,0.008876,-0.574447,-0.411271,1.006256,0.177234,-0.461602,-0.004043,-0.735748,0.358353,0.982681,-0.206538,-0.245806,0.017297,0.764305,0.078950,1.001593,0.078659,0.456408,-0.003554,0.154923,0.469547,0.991140,-0.391933,0.319260,-0.007581
4.220000,0.236898,-0.535637,0.979685,0.495336,-0.114176,0.010273,-0.570794,-0.420407,1.006174,0.188020,-0.452030,-0.004159,-0.739656,0.353378,0.983028,-0.184215,-0.251643,0.017454,0.765724,0.088038,1.001521,0.063269,0.452351,-0.003685,0.147074,0.475824,0.991002,-0.392951,0.308384,-0.006214
4.240000,0.246757,-0.537820,0.979904,0.490595,-0.104082,0.011610,-0.566926,-0.429351,1.006090,0.198741,-0.442287,-0.004250,-0.743118,0.348287,0.983378,-0.161997,-0.257435,0.017570,0.766835,0.097043,1.001446,0.047768,0.448140,-0.003815,0.139206,0.481880,0.990891,-0.393864,0.297125,-0.004854
4.260000,0.256521,-0.539798,0.980149,0.485714,-0.093697,0.012887,-0.562845,-0.438098,1.006004,0.209398,-0.432371,-0.004317,-0.746136,0.343081,0.983731,-0.139885,-0.263180,0.017644,0.767634,0.105963,1.001368,0.032157,0.443776,-0.003944,0.131321,0.487707,0.990808,-0.394672,0.285482,-0.003500
4.280000,0.266185,-0.541566,0.980419,0.480694,-0.083022,0.014104,-0.558551,-0.446644,1.005918,0.219991,-0.422283,-0.004359,-0.748714,0.337760,0.984084,-0.117878,-0.268880,0.017675,0.768120,0.114793,1.001288,0.016434,0.439259,-0.004072,0.123420,0.493297,0.990751,-0.395374,0.273457,-0.002153
4.300000,0.275748,-0.543117,0.980713,0.475534,-0.072056,0.015259,-0.554046,-0.454988,1.005830,0.230519,-0.412023,-0.004377,-0.750852,0.332326,0.984437,-0.095977,-0.274533,0.017664,0.768291,0.123532,1.001205,0.000601,0.434588,-0.004198,0.115506,0.498642,0.990721,-0.395971,0.261048,-0.000813
4.320000,0.285206,-0.544446,0.981029,0.470241,-0.060839,0.016354,-0.549331,-0.463124,1.005743,0.240960,-0.401631,-0.004371,-0.752554,0.326779,0.984790,-0.074211,-0.280131,0.017616,0.768144,0.132176,1.001120,-0.015306,0.429785,-0.004323,0.107582,0.503736,0.990718,-0.396467,0.248286,0.000512
4.340000,0.294556,-0.545549,0.981366,0.464822,-0.049409,0.017387,-0.544408,-0.471052,1.005656,0.251291,-0.391147,-0.004342,-0.753822,0.321121,0.985142,-0.052613,-0.285662,0.017534,0.767678,0.140723,1.001032,-0.031250,0.424870,-0.004445,0.099648,0.508572,0.990742,-0.396867,0.235199,0.001813
4.360000,0.303798,-0.546421,0.981724,0.459275,-0.037767,0.018358,-0.539280,-0.478770,1.005569,0.261511,-0.380570,-0.004292,-0.754659,0.315353,0.985491,-0.031181,-0.291127,0.017418,0.766893,0.149170,1.000942,-0.047230,0.419845,-0.004564,0.091708,0.513142,0.990791,-0.397170,0.221789,0.003090
4.380000,0.312927,-0.547058,0.982100,0.453602,-0.025913,0.019268,-0.533948,-0.486275,1.005484,0.271622,-0.369902,-0.004219,-0.755070,0.309477,0.985838,-0.009916,-0.296526,0.017269,0.765789,0.157516,1.000850,-0.063248,0.414708,-0.004681,0.083762,0.517441,0.990865,-0.397377,0.208055,0.004342
4.400000,0.321941,-0.547456,0.982494,0.447801,-0.013846,0.020115,-0.528416,-0.493565,1.005401,0.281622,-0.359140,-0.004124,-0.755057,0.303493,0.986182,0.011183,-0.301859,0.017086,0.764363,0.165758,1.000755,-0.079303,0.409460,-0.004796,0.075813,0.521462,0.990964,-0.397488,0.193997,0.005570
4.420000,0.330838,-0.547611,0.982905,0.441881,-0.001605,0.020905,-0.522684,-0.500640,1.005319,0.291498,-0.348316,-0.004008,-0.754624,0.297403,0.986522,0.032095,-0.307118,0.016873,0.762617,0.173894,1.000658,-0.095347,0.404132,-0.004908,0.067863,0.525199,0.991088,-0.397510,0.179651,0.006768
4.440000,0.339615,-0.547520,0.983330,0.435849,0.010771,0.021640,-0.516757,-0.507498,1.005240,0.301236,-0.337458,-0.003874,-0.753775,0.291208,0.986857,0.052802,-0.312299,0.016636,0.760550,0.181923,1.000559,-0.111335,0.398757,-0.005015,0.059913,0.528646,0.991235,-0.397449,0.165056,0.007928
4.460000,0.348271,-0.547179,0.983770,0.429704,0.023283,0.022320,-0.510636,-0.514138,1.005164,0.310836,-0.326565,-0.003722,-0.752513,0.284911,0.987187,0.073305,-0.317400,0.016373,0.758164,0.189844,1.000457,-0.127265,0.393334,-0.005118,0.051966,0.531800,0.991405,-0.397305,0.150210,0.009051
4.480000,0.356803,-0.546587,0.984222,0.423446,0.035929,0.022946,-0.504324,-0.520560,1.005092,0.320298,-0.315638,-0.003551,-0.750844,0.278513,0.987511,0.093602,-0.322422,0.016085,0.755460,0.197656,1.000354,-0.143138,0.387864,-0.005217,0.044022,0.534653,0.991597,-0.397080,0.135114,0.010136
4.500000,0.365208,-0.545741,0.984687,0.417076,0.048710,0.023517,-0.497825,-0.526763,1.005022,0.329621,-0.304677,-0.003361,-0.748770,0.272015,0.987830,0.113694,-0.327364,0.015771,0.752439,0.205358,1.000249,-0.158954,0.382346,-0.005311,0.036083,0.537202,0.991810,-0.396771,0.119768,0.011184
4.520000,0.373485,-0.544638,0.985163,0.410598,0.061590,0.024038,-0.491140,-0.532747,1.004957,0.338802,-0.293694,-0.003157,-0.746297,0.265419,0.988142,0.133557,-0.332223,0.015437,0.749102,0.212949,1.000142,-0.174678,0.376801,-0.005400,0.028151,0.539443,0.992044,-0.396389,0.104217,0.012190
4.540000,0.381631,-0.543277,0.985648,0.404017,0.074534,0.024512,-0.484274,-0.538511,1.004896,0.347835,-0.282701,-0.002941,-0.743430,0.258727,0.988447,0.153168,-0.336995,0.015085,0.745452,0.220430,1.000033,-0.190277,0.371247,-0.005484,0.020228,0.541370,0.992297,-0.395943,0.088506,0.013148
4.560000,0.389645,-0.541657,0.986143,0.397334,0.087540,0.024940,-0.477228,-0.544055,1.004840,0.356719,-0.271698,-0.002713,-0.740172,0.251940,0.988745,0.172528,-0.341679,0.014716,0.741492,0.227799,0.999922,-0.205750,0.365685,-0.005562,0.012314,0.542982,0.992569,-0.395431,0.072635,0.014058
4.580000,0.397524,-0.539775,0.986646,0.390549,0.100609,0.025322,-0.470006,-0.549379,1.004788,0.365455,-0.260685,-0.002473,-0.736530,0.245060,0.989036,0.191635,-0.346277,0.014330,0.737223,0.235057,0.999810,-0.221097,0.360116,-0.005634,0.004411,0.544274,0.992859,-0.394855,0.056604,0.014919
4.600000,0.405266,-0.537632,0.987156,0.383660,0.113741,0.025658,-0.462611,-0.554482,1.004741,0.374042,-0.249661,-0.002221,-0.732509,0.238089,0.989318,0.210490,-0.350786,0.013927,0.732649,0.242204,0.999697,-0.236319,0.354539,-0.005701,-0.003480,0.545245,0.993166,-0.394213,0.040413,0.015733
4.620000,0.412870,-0.535225,0.987672,0.376674,0.126902,0.025951,-0.455045,-0.559365,1.004699,0.382486,-0.238645,-0.001962,-0.728113,0.231029,0.989593,0.229055,-0.355205,0.013510,0.727771,0.249239,0.999582,-0.251387,0.348963,-0.005761,-0.011357,0.545890,0.993488,-0.393519,0.024123,0.016496
4.640000,0.420333,-0.532556,0.988193,0.369594,0.140056,0.026204,-0.447312,-0.564028,1.004662,0.390790,-0.227652,-0.001701,-0.723349,0.223882,0.989859,0.247290,-0.359529,0.013084,0.722594,0.256162,0.999466,-0.266272,0.343396,-0.005814,-0.019220,0.546209,0.993825,-0.392784,0.007795,0.017203
4.660000,0.427653,-0.529623,0.988720,0.362420,0.153205,0.026418,-0.439415,-0.568471,1.004631,0.398954,-0.216682,-0.001437,-0.718223,0.216649,0.990116,0.265196,-0.363758,0.012647,0.717122,0.262975,0.999350,-0.280977,0.337838,-0.005859,-0.027068,0.546202,0.994176,-0.392008,-0.008572,0.017855
4.680000,0.434829,-0.526428,0.989250,0.355153,0.166349,0.026592,-0.431355,-0.572696,1.004605,0.406979,-0.205737,-0.001170,-0.712743,0.209332,0.990365,0.282773,-0.367892,0.012201,0.711357,0.269676,0.999232,-0.295499,0.332291,-0.005898,-0.034900,0.545866,0.994539,-0.391191,-0.024977,0.018453
4.700000,0.441858,-0.522969,0.989783,0.347792,0.179486,0.026727,-0.423136,-0.576701,1.004584,0.414863,-0.194815,-0.000901,-0.706915,0.201934,0.990604,0.300021,-0.371931,0.011744,0.705303,0.276266,0.999114,-0.309839,0.326752,-0.005929,-0.042715,0.545202,0.994914,-0.390334,-0.041421,0.018995
4.720000,0.448740,-0.519248,0.990319,0.340338,0.192588,0.026825,-0.414761,-0.580488,1.004569,0.422628,-0.183924,-0.000635,-0.700745,0.194455,0.990834,0.316879,-0.375865,0.011282,0.698964,0.282746,0.998995,-0.323963,0.321233,-0.005953,-0.050513,0.544210,0.995298,-0.389447,-0.057844,0.019480
4.740000,0.455471,-0.515266,0.990856,0.332789,0.205626,0.026889,-0.406232,-0.584058,1.004559,0.430293,-0.173073,-0.000375,-0.694242,0.186900,0.991055,0.333287,-0.379681,0.010818,0.692346,0.289116,0.998876,-0.337836,0.315742,-0.005970,-0.058293,0.542889,0.995692,-0.388544,-0.074189,0.019904
4.760000,0.462051,-0.511024,0.991394,0.325146,0.218599,0.026919,-0.397550,-0.587412,1.004554,0.437857,-0.162261,-0.000123,-0.687416,0.179269,0.991267,0.349245,-0.383380,0.010351,0.685453,0.295376,0.998756,-0.351457,0.310279,-0.005979,-0.066055,0.541243,0.996094,-0.387624,-0.090455,0.020268
4.780000,0.468476,-0.506523,0.991932,0.317409,0.231508,0.026914,-0.388718,-0.590549,1.004554,0.445321,-0.151488,0.000121,-0.680276,0.171565,0.991469,0.364753,-0.386961,0.009883,0.678289,0.301527,0.998637,-0.364827,0.304844,-0.005980,-0.073798,0.539272,0.996503,-0.386687,-0.106642,0.020572
4.800000,0.474746,-0.501764,0.992470,0.309577,0.244352,0.026876,-0.379738,-0.593471,1.004559,0.452685,-0.140755,0.000359,-0.672829,0.163791,0.991662,0.379811,-0.390426,0.009413,0.670861,0.307570,0.998517,-0.377945,0.299438,-0.005974,-0.081522,0.536977,0.996917,-0.385734,-0.122751,0.020816
4.820000,0.480859,-0.496749,0.993007,0.301641,0.257113,0.026803,-0.370611,-0.596179,1.004568,0.459982,-0.130067,0.000585,-0.665087,0.155949,0.991846,0.394361,-0.393767,0.008945,0.663173,0.313505,0.998398,-0.390787,0.294069,-0.005960,-0.089227,0.534362,0.997335,-0.384781,-0.138739,0.021000
4.840000,0.486811,-0.491480,0.993542,0.293588,0.269774,0.026697,-0.361339,-0.598674,1.004582,0.467246,-0.119428,0.000796,-0.657059,0.148042,0.992020,0.408348,-0.396978,0.008481,0.655232,0.319333,0.998279,-0.403327,0.288746,-0.005939,-0.096914,0.531429,0.997756,-0.383844,-0.154566,0.021123
4.860000,0.492602,-0.485959,0.994075,0.285420,0.282335,0.026556,-0.351922,-0.600957,1.004600,0.474476,-0.108840,0.000991,-0.648756,0.140071,0.992185,0.421771,-0.400059,0.008024,0.647042,0.325055,0.998160,-0.415566,0.283468,-0.005910,-0.104581,0.528181,0.998179,-0.382925,-0.170230,0.021187
4.880000,0.498227,-0.480187,0.994604,0.277135,0.294794,0.026382,-0.342360,-0.603028,1.004621,0.481672,-0.098303,0.001171,-0.640191,0.132040,0.992341,0.434631,-0.403009,0.007571,0.638611,0.330672,0.998042,-0.427503,0.278237,-0.005874,-0.112231,0.524621,0.998603,-0.382022,-0.185733,0.021190
4.900000,0.503686,-0.474168,0.995130,0.268735,0.307153,0.026174,-0.332655,-0.604889,1.004647,0.488835,-0.087815,0.001336,-0.631375,0.123951,0.992488,0.446927,-0.405830,0.007123,0.629944,0.336185,0.997925,-0.439140,0.273052,-0.005831,-0.119862,0.520753,0.999027,-0.381136,-0.201074,0.021133
4.920000,0.508976,-0.467902,0.995651,0.260212,0.319400,0.025936,-0.322807,-0.606541,1.004675,0.495976,-0.077386,0.001485,-0.622318,0.115808,0.992626,0.458637,-0.408527,0.006683,0.621048,0.341594,0.997809,-0.450461,0.267919,-0.005780,-0.127476,0.516579,0.999448,-0.380285,-0.216231,0.021019
4.940000,0.514094,-0.461393,0.996167,0.251563,0.331522,0.025674,-0.312816,-0.607985,1.004706,0.503106,-0.067024,0.001617,-0.613033,0.107611,0.992755,0.469739,-0.411110,0.006251,0.611928,0.346902,0.997694,-0.461455,0.262848,-0.005723,-0.135074,0.512105,0.999867,-0.379485,-0.231180,0.020851
4.960000,0.519038,-0.454642,0.996678,0.242786,0.343520,0.025386,-0.302683,-0.609223,1.004739,0.510225,-0.056728,0.001731,-0.603533,0.099364,0.992876,0.480234,-0.413577,0.005828,0.602592,0.352109,0.997580,-0.472120,0.257837,-0.005658,-0.142656,0.507333,1.000282,-0.378738,-0.245923,0.020628
4.980000,0.523804,-0.447653,0.997182,0.233881,0.355394,0.025074,-0.292407,-0.610255,1.004775,0.517334,-0.046499,0.001829,-0.593828,0.091069,0.992989,0.490120,-0.415929,0.005415,0.593045,0.357216,0.997468,-0.482458,0.252886,-0.005587,-0.150224,0.502269,1.000692,-0.378041,-0.260459,0.020350
5.000000,0.528392,-0.440427,0.997681,0.224849,0.367144,0.024737,-0.281989,-0.611083,1.004812,0.524432,-0.036337,0.001910,-0.583932,0.082728,0.993093,0.499398,-0.418165,0.005009,0.583296,0.362225,0.997357,-0.492467,0.247997,-0.005509,-0.157778,0.496916,1.001096,-0.377397,-0.274788,0.020019
5.020000,0.532798,-0.432968,0.998172,0.215699,0.378764,0.024379,-0.271430,-0.611709,1.004851,0.531496,-0.026249,0.001975,-0.573856,0.074343,0.993189,0.508078,-0.420297,0.004617,0.573349,0.367136,0.997248,-0.502148,0.243173,-0.005425,-0.165320,0.491279,1.001492,-0.376808,-0.288902,0.019637
5.040000,0.537019,-0.425277,0.998656,0.206438,0.390247,0.024002,-0.260730,-0.612134,1.004891,0.538503,-0.016244,0.002023,-0.563613,0.065916,0.993278,0.516166,-0.422335,0.004242,0.563212,0.371952,0.997140,-0.511497,0.238420,-0.005335,-0.172851,0.485362,1.001881,-0.376280,-0.302793,0.019210
5.060000,0.541054,-0.417359,0.999132,0.197069,0.401594,0.023608,-0.249890,-0.612359,1.004932,0.545453,-0.006322,0.002055,-0.553214,0.057450,0.993359,0.523664,-0.424280,0.003883,0.552891,0.376673,0.997034,-0.520515,0.233738,-0.005239,-0.180372,0.479169,1.002260,-0.375812,-0.316461,0.018738
5.080000,0.544901,-0.409215,0.999600,0.187590,0.412805,0.023197,-0.238912,-0.612387,1.004973,0.552345,0.003517,0.002071,-0.542670,0.048946,0.993433,0.530571,-0.426131,0.003542,0.542393,0.381302,0.996930,-0.529202,0.229127,-0.005137,-0.187884,0.472705,1.002630,-0.375405,-0.329907,0.018221
5.100000,0.548557,-0.400848,1.000059,0.178001,0.423879,0.022767,-0.227797,-0.612219,1.005015,0.559180,0.013274,0.002071,-0.531995,0.040405,0.993501,0.536887,-0.427888,0.003217,0.531725,0.385839,0.996829,-0.537559,0.224588,-0.005030,-0.195388,0.465974,1.002989,-0.375058,-0.343129,0.017658
5.120000,0.552021,-0.392260,1.000510,0.168324,0.434808,0.022323,-0.216546,-0.611857,1.005056,0.565933,0.022953,0.002052,-0.521199,0.031831,0.993562,0.542627,-0.429561,0.002914,0.520893,0.390286,0.996729,-0.545596,0.220123,-0.004917,-0.202886,0.458981,1.003336,-0.374759,-0.356129,0.017057
5.140000,0.555290,-0.383456,1.000952,0.158581,0.445582,0.021868,-0.205160,-0.611301,1.005097,0.572577,0.032560,0.002015,-0.510293,0.023224,0.993617,0.547808,-0.431160,0.002635,0.509904,0.394644,0.996632,-0.553325,0.215735,-0.004801,-0.210379,0.451730,1.003671,-0.374496,-0.368907,0.016422
5.160000,0.558363,-0.374438,1.001385,0.148772,0.456200,0.021401,-0.193643,-0.610555,1.005137,0.579112,0.042094,0.001959,-0.499290,0.014585,0.993668,0.552428,-0.432685,0.002380,0.498762,0.398916,0.996537,-0.560747,0.211426,-0.004680,-0.217867,0.444226,1.003993,-0.374269,-0.381463,0.015755
5.180000,0.561240,-0.365209,1.001808,0.138896,0.466663,0.020923,-0.181997,-0.609618,1.005175,0.585539,0.051555,0.001884,-0.488200,0.005917,0.993713,0.556488,-0.434136,0.002151,0.487476,0.403102,0.996445,-0.567861,0.207193,-0.004555,-0.225350,0.436473,1.004301,-0.374078,-0.393797,0.015054
5.200000,0.563919,-0.355773,1.002222,0.128954,0.476971,0.020433,-0.170222,-0.608493,1.005212,0.591858,0.060943,0.001790,-0.477034,-0.002780,0.993754,0.559987,-0.435513,0.001946,0.476050,0.407204,0.996355,-0.574668,0.203039,-0.004427,-0.232830,0.428476,1.004595,-0.373923,-0.405909,0.014321
5.220000,0.566398,-0.346132,1.002626,0.118980,0.487107,0.019935,-0.158323,-0.607181,1.005247,0.598053,0.070269,0.001677,-0.465804,-0.011503,0.993791,0.562956,-0.436817,0.001769,0.464491,0.411224,0.996268,-0.581190,0.198963,-0.004294,-0.240307,0.420238,1.004874,-0.373797,-0.417786,0.013561
5.240000,0.568678,-0.336290,1.003019,0.109006,0.497054,0.019434,-0.146301,-0.605683,1.005279,0.604110,0.079540,0.001546,-0.454519,-0.020252,0.993825,0.565425,-0.438051,0.001622,0.452804,0.415163,0.996183,-0.587450,0.194967,-0.004160,-0.247782,0.411766,1.005137,-0.373692,-0.429416,0.012781
5.260000,0.570758,-0.326251,1.003403,0.099033,0.506813,0.018929,-0.134160,-0.604000,1.005308,0.610027,0.088758,0.001397,-0.443190,-0.029025,0.993856,0.567393,-0.439215,0.001505,0.440995,0.419023,0.996102,-0.593449,0.191050,-0.004023,-0.255255,0.403064,1.005385,-0.373609,-0.440798,0.011982
5.280000,0.572639,-0.316018,1.003776,0.089062,0.516382,0.018420,-0.121901,-0.602133,1.005335,0.615806,0.097923,0.001229,-0.431827,-0.037820,0.993885,0.568860,-0.440308,0.001419,0.429068,0.422806,0.996022,-0.599186,0.187213,-0.003884,-0.262726,0.394136,1.005616,-0.373547,-0.451932,0.011162
5.300000,0.574321,-0.305597,1.004140,0.079091,0.525763,0.017908,-0.109528,-0.600083,1.005357,0.621446,0.107034,0.001043,-0.420439,-0.046637,0.993913,0.569827,-0.441331,0.001362,0.417029,0.426512,0.995946,-0.604661,0.183455,-0.003743,-0.270197,0.384988,1.005831,-0.373506,-0.462819,0.010323
5.320000,0.575803,-0.294989,1.004493,0.069160,0.534933,0.017386,-0.097044,-0.597852,1.005376,0.626934,0.116097,0.000841,-0.409037,-0.055473,0.993940,0.570329,-0.442277,0.001338,0.404883,0.430145,0.995873,-0.609910,0.179776,-0.003601,-0.277667,0.375625,1.006029,-0.373464,-0.473444,0.009472
5.340000,0.577088,-0.284201,1.004835,0.059307,0.543871,0.016848,-0.084452,-0.595439,1.005391,0.632260,0.125117,0.000624,-0.397629,-0.064327,0.993967,0.570405,-0.443137,0.001346,0.392634,0.433704,0.995802,-0.614967,0.176175,-0.003459,-0.285135,0.366052,1.006210,-0.373397,-0.483794,0.008616
5.360000,0.578176,-0.273236,1.005166,0.049531,0.552576,0.016295,-0.071755,-0.592847,1.005401,0.637423,0.134095,0.000394,-0.386224,-0.073198,0.993994,0.570052,-0.443913,0.001388,0.380286,0.437192,0.995734,-0.619831,0.172650,-0.003316,-0.292602,0.356275,1.006374,-0.373304,-0.493869,0.007757
5.380000,0.579070,-0.262099,1.005487,0.039833,0.561049,0.015727,-0.058956,-0.590076,1.005407,0.642424,0.143030,0.000150,-0.374830,-0.082083,0.994022,0.569273,-0.444603,0.001463,0.367842,0.440610,0.995669,-0.624504,0.169203,-0.003173,-0.300067,0.346299,1.006520,-0.373186,-0.503668,0.006893
5.400000,0.579770,-0.250796,1.005795,0.030213,0.569290,0.015144,-0.046059,-0.587126,1.005407,0.647261,0.151923,-0.000107,-0.363456,-0.090982,0.994053,0.568066,-0.445209,0.001571,0.355307,0.443961,0.995607,-0.628985,0.165833,-0.003031,-0.307530,0.336130,1.006649,-0.373043,-0.513192,0.006025
5.420000,0.580279,-0.239329,1.006092,0.020694,0.577268,0.014545,-0.033067,-0.583999,1.005402,0.651930,0.160773,-0.000376,-0.352110,-0.099891,0.994085,0.566469,-0.445713,0.001712,0.342684,0.447244,0.995548,-0.633301,0.162538,-0.002889,-0.314989,0.325773,1.006761,-0.372856,-0.522421,0.005160
5.440000,0.580599,-0.227707,1.006377,0.011300,0.584953,0.013930,-0.019983,-0.580696,1.005392,0.656425,0.169581,-0.000653,-0.340799,-0.108809,0.994121,0.564519,-0.446100,0.001886,0.329976,0.450463,0.995492,-0.637479,0.159316,-0.002748,-0.322444,0.315235,1.006856,-0.372608,-0.531335,0.004306
5.460000,0.580732,-0.215933,1.006649,0.002031,0.592346,0.013299,-0.006811,-0.577216,1.005376,0.660746,0.178347,-0.000938,-0.329531,-0.117734,0.994161,0.562217,-0.446369,0.002093,0.317185,0.453617,0.995438,-0.641519,0.156167,-0.002609,-0.329893,0.304522,1.006933,-0.372299,-0.539935,0.003462
5.480000,0.580681,-0.204015,1.006909,-0.007114,0.599445,0.012652,0.006446,-0.573562,1.005354,0.664894,0.187070,-0.001232,-0.318313,-0.126663,0.994205,0.559562,-0.446520,0.002333,0.304316,0.456710,0.995388,-0.645422,0.153091,-0.002471,-0.337335,0.293640,1.006994,-0.371928,-0.548220,0.002628
5.500000,0.580448,-0.191957,1.007155,-0.016134,0.606252,0.011990,0.019784,-0.569734,1.005327,0.668867,0.195752,-0.001533,-0.307151,-0.135594,0.994255,0.556554,-0.446553,0.002606,0.291369,0.459742,0.995339,-0.649187,0.150087,-0.002334,-0.344769,0.282595,1.007039,-0.371495,-0.556191,0.001805
5.520000,0.580036,-0.179767,1.007388,-0.025006,0.612733,0.011314,0.033199,-0.565732,1.005293,0.672663,0.204382,-0.001840,-0.296053,-0.144524,0.994310,0.553235,-0.446450,0.002910,0.278349,0.462714,0.995294,-0.652838,0.147154,-0.002199,-0.352194,0.271395,1.007067,-0.370987,-0.563821,0.000998
5.540000,0.579449,-0.167451,1.007608,-0.033708,0.618857,0.010627,0.046689,-0.561559,1.005253,0.676276,0.212951,-0.002148,-0.285024,-0.153451,0.994371,0.549643,-0.446191,0.003242,0.265257,0.465628,0.995252,-0.656396,0.144288,-0.002066,-0.359608,0.260045,1.007079,-0.370389,-0.571086,0.000213
5.560000,0.578689,-0.155015,1.007813,-0.042239,0.624624,0.009930,0.060249,-0.557215,1.005207,0.679707,0.221461,-0.002457,-0.274069,-0.162371,0.994440,0.545779,-0.445777,0.003603,0.252094,0.468486,0.995212,-0.659863,0.141491,-0.001935,-0.367009,0.248554,1.007075,-0.369701,-0.577986,-0.000548
5.580000,0.577760,-0.142468,1.008005,-0.050599,0.630032,0.009221,0.073876,-0.552701,1.005155,0.682955,0.229909,-0.002768,-0.263194,-0.171281,0.994515,0.541644,-0.445206,0.003993,0.238863,0.471288,0.995174,-0.663237,0.138761,-0.001807,-0.374396,0.236928,1.007057,-0.368923,-0.584521,-0.001287
5.600000,0.576666,-0.129816,1.008182,-0.058789,0.635083,0.008502,0.087566,-0.548019,1.005096,0.686021,0.238297,-0.003081,-0.252405,-0.180178,0.994599,0.537236,-0.444480,0.004412,0.225565,0.474037,0.995139,-0.666519,0.136100,-0.001680,-0.381766,0.225175,1.007024,-0.368056,-0.590690,-0.002003
5.620000,0.575410,-0.117067,1.008345,-0.066789,0.639749,0.007777,0.101316,-0.543169,1.005032,0.688902,0.246606,-0.003392,-0.241706,-0.189059,0.994692,0.532598,-0.443585,0.004855,0.212202,0.476733,0.995107,-0.669725,0.133504,-0.001556,-0.389117,0.213303,1.006977,-0.367092,-0.596470,-0.002693
5.640000,0.573996,-0.104229,1.008493,-0.074580,0.644000,0.007048,0.115121,-0.538155,1.004961,0.691597,0.254816,-0.003697,-0.231102,-0.197920,0.994794,0.527771,-0.442506,0.005317,0.198776,0.479377,0.995077,-0.672870,0.130971,-0.001434,-0.396449,0.201319,1.006916,-0.366022,-0.601839,-0.003350
5.660000,0.572428,-0.091310,1.008627,-0.082164,0.647838,0.006317,0.128978,-0.532977,1.004884,0.694106,0.262928,-0.003998,-0.220597,-0.206758,0.994905,0.522755,-0.441243,0.005798,0.185288,0.481972,0.995049,-0.675954,0.128501,-0.001314,-0.403757,0.189232,1.006843,-0.364847,-0.606794,-0.003976
5.680000,0.570711,-0.078318,1.008746,-0.089538,0.651261,0.005584,0.142884,-0.527639,1.004801,0.696428,0.270942,-0.004294,-0.210193,-0.215569,0.995026,0.517550,-0.439797,0.006298,0.171739,0.484518,0.995024,-0.678977,0.126094,-0.001196,-0.411042,0.177050,1.006758,-0.363568,-0.611338,-0.004571
5.700000,0.568848,-0.065262,1.008850,-0.096704,0.654271,0.004848,0.156834,-0.522140,1.004712,0.698565,0.278858,-0.004584,-0.199896,-0.224349,0.995157,0.512155,-0.438167,0.006818,0.158129,0.487016,0.995002,-0.681939,0.123751,-0.001080,-0.418299,0.164781,1.006660,-0.362183,-0.615469,-0.005133
5.720000,0.566844,-0.052150,1.008940,-0.103648,0.656850,0.004114,0.170825,-0.516485,1.004617,0.700497,0.286640,-0.004866,-0.189708,-0.233094,0.995299,0.506613,-0.436348,0.007350,0.144461,0.489468,0.994981,-0.684845,0.121468,-0.000965,-0.425528,0.152434,1.006552,-0.360694,-0.619178,-0.005662
5.740000,0.564704,-0.038991,1.009015,-0.110357,0.658982,0.003387,0.184852,-0.510676,1.004517,0.702207,0.294254,-0.005134,-0.179632,-0.241802,0.995451,0.500964,-0.434334,0.007885,0.130736,0.491875,0.994963,-0.687700,0.119244,-0.000852,-0.432727,0.140017,1.006434,-0.359101,-0.622453,-0.006154
5.760000,0.562432,-0.025794,1.009075,-0.116831,0.660667,0.002667,0.198912,-0.504716,1.004412,0.703694,0.301700,-0.005389,-0.169670,-0.250466,0.995614,0.495208,-0.432124,0.008424,0.116954,0.494238,0.994947,-0.690504,0.117079,-0.000740,-0.439892,0.127539,1.006307,-0.357404,-0.625295,-0.006610
5.780000,0.560032,-0.012568,1.009122,-0.123070,0.661905,0.001953,0.212999,-0.498609,1.004302,0.704959,0.308978,-0.005630,-0.159824,-0.259085,0.995788,0.489345,-0.429718,0.008968,0.103116,0.496559,0.994933,-0.693258,0.114974,-0.000629,-0.447022,0.115008,1.006170,-0.355604,-0.627704,-0.007030
5.800000,0.557510,0.000679,1.009154,-0.129074,0.662695,0.001245,0.227109,-0.492358,1.004187,0.706002,0.316088,-0.005858,-0.150097,-0.267654,0.995973,0.483375,-0.427117,0.009515,0.089224,0.498838,0.994922,-0.695962,0.112926,-0.000519,-0.454115,0.102434,1.006026,-0.353700,-0.629679,-0.007413
5.820000,0.554871,0.013937,1.009172,-0.134835,0.663034,0.000549,0.241237,-0.485967,1.004068,0.706802,0.322991,-0.006068,-0.140490,-0.276169,0.996168,0.477333,-0.424323,0.010054,0.075278,0.501076,0.994913,-0.698600,0.110936,-0.000408,-0.461169,0.089824,1.005874,-0.351696,-0.631219,-0.007759
5.840000,0.552119,0.027198,1.009176,-0.140343,0.662916,-0.000133,0.255379,-0.479440,1.003944,0.707338,0.329649,-0.006259,-0.131004,-0.284625,0.996375,0.471252,-0.421341,0.010576,0.061280,0.503275,0.994906,-0.701161,0.109000,-0.000296,-0.468182,0.077188,1.005715,-0.349597,-0.632322,-0.008068
5.860000,0.549259,0.040451,1.009166,-0.145600,0.662341,-0.000800,0.269529,-0.472783,1.003818,0.707611,0.336063,-0.006428,-0.121640,-0.293021,0.996591,0.465133,-0.418169,0.011080,0.047232,0.505437,0.994901,-0.703644,0.107117,-0.000183,-0.475153,0.064534,1.005551,-0.347403,-0.632988,-0.008339
5.880000,0.546296,0.053688,1.009144,-0.150605,0.661310,-0.001453,0.283682,-0.465999,1.003687,0.707620,0.342232,-0.006577,-0.112399,-0.301351,0.996818,0.458975,-0.414808,0.011565,0.033135,0.507561,0.994898,-0.706049,0.105290,-0.000069,-0.482078,0.051871,1.005382,-0.345113,-0.633216,-0.008572
5.900000,0.543236,0.066900,1.009108,-0.155358,0.659823,-0.002090,0.297832,-0.459095,1.003555,0.707366,0.348156,-0.006706,-0.103281,-0.309612,0.997054,0.452779,-0.411258,0.012032,0.018991,0.509649,0.994898,-0.708376,0.103516,0.000047,-0.488956,0.039208,1.005209,-0.342729,-0.633007,-0.008768
5.920000,0.540084,0.080078,1.009060,-0.159856,0.657885,-0.002710,0.311974,-0.452075,1.003419,0.706830,0.353801,-0.006812,-0.094288,-0.317800,0.997299,0.446562,-0.407529,0.012474,0.004801,0.511702,0.994900,-0.710591,0.101794,0.000167,-0.495786,0.026554,1.005032,-0.340256,-0.632370,-0.008928
5.940000,0.536844,0.093213,1.009000,-0.164097,0.655504,-0.003309,0.326103,-0.444945,1.003282,0.705993,0.359134,-0.006892,-0.085419,-0.325912,0.997553,0.440344,-0.403630,0.012884,-0.009432,0.513721,0.994905,-0.712661,0.100121,0.000291,-0.502566,0.013916,1.004852,-0.337701,-0.631318,-0.009053
5.960000,0.533522,0.106295,1.008928,-0.168081,0.652678,-0.003886,0.340212,-0.437712,1.003144,0.704855,0.364154,-0.006948,-0.076674,-0.333944,0.997814,0.434123,-0.399562,0.013261,-0.023705,0.515707,0.994912,-0.714586,0.098498,0.000421,-0.509294,0.001304,1.004670,-0.335064,-0.629848,-0.009144
5.980000,0.530122,0.119317,1.008845,-0.171807,0.649408,-0.004442,0.354295,-0.430381,1.003005,0.703417,0.368861,-0.006978,-0.068054,-0.341893,0.998083,0.427900,-0.395324,0.013606,-0.038015,0.517661,0.994922,-0.716366,0.096923,0.000557,-0.515968,-0.011275,1.004486,-0.332345,-0.627962,-0.009199
6.000000,0.526651,0.132269,1.008751,-0.175277,0.645693,-0.004977,0.368347,-0.422959,1.002865,0.701678,0.373255,-0.006984,-0.059558,-0.349756,0.998358,0.421676,-0.390917,0.013918,-0.052359,0.519584,0.994934,-0.718001,0.095398,0.000697,-0.522587,-0.023812,1.004302,-0.329544,-0.625659,-0.009220
6.020000,0.523113,0.145142,1.008646,-0.178491,0.641553,-0.005489,0.382360,-0.415453,1.002725,0.699623,0.377313,-0.006964,-0.051187,-0.357529,0.998639,0.415457,-0.386353,0.014194,-0.066733,0.521477,0.994950,-0.719457,0.093919,0.000844,-0.529149,-0.036299,1.004118,-0.326668,-0.622955,-0.009209
6.040000,0.519513,0.157928,1.008531,-0.181452,0.637003,-0.005976,0.396330,-0.407869,1.002587,0.697236,0.381010,-0.006917,-0.042940,-0.365209,0.998926,0.409251,-0.381645,0.014429,-0.081135,0.523341,0.994968,-0.720703,0.092483,0.000998,-0.535654,-0.048728,1.003934,-0.323723,-0.619866,-0.009169
6.060000,0.515856,0.170619,1.008407,-0.184161,0.632045,-0.006438,0.410248,-0.400215,1.002449,0.694517,0.384346,-0.006845,-0.034817,-0.372794,0.999216,0.403059,-0.376794,0.014624,-0.095560,0.525177,0.994990,-0.721736,0.091091,0.001159,-0.542098,-0.061091,1.003751,-0.320709,-0.616391,-0.009100
6.080000,0.512148,0.183207,1.008274,-0.186617,0.626677,-0.006875,0.424108,-0.392498,1.002313,0.691467,0.387321,-0.006746,-0.026817,-0.380280,0.999510,0.396880,-0.371799,0.014778,-0.110003,0.526985,0.995014,-0.722559,0.089743,0.001327,-0.548481,-0.073381,1.003570,-0.317627,-0.612530,-0.009003
6.100000,0.508393,0.195683,1.008132,-0.188821,0.620901,-0.007287,0.437904,-0.384725,1.002179,0.688084,0.389936,-0.006622,-0.018941,-0.387665,0.999807,0.390715,-0.366660,0.014893,-0.124461,0.528767,0.995043,-0.723171,0.088438,0.001502,-0.554803,-0.085589,1.003391,-0.314475,-0.608284,-0.008877
6.120000,0.504597,0.208041,1.007982,-0.190781,0.614747,-0.007674,0.451629,-0.376903,1.002048,0.684368,0.392183,-0.006473,-0.011189,-0.394946,1.000106,0.384566,-0.361399,0.014965,-0.138929,0.530523,0.995075,-0.723536,0.087173,0.001685,-0.561060,-0.097710,1.003215,-0.311260,-0.603674,-0.008727
6.140000,0.500764,0.220271,1.007825,-0.192507,0.608247,-0.008036,0.465277,-0.369040,1.001920,0.680315,0.394059,-0.006301,-0.003559,-0.402120,1.000405,0.378438,-0.356035,0.014993,-0.153401,0.532254,0.995110,-0.723619,0.085942,0.001873,-0.567253,-0.109734,1.003042,-0.307985,-0.598722,-0.008557
6.160000,0.496898,0.232368,1.007661,-0.193998,0.601401,-0.008372,0.478840,-0.361143,1.001796,0.675925,0.395561,-0.006107,0.003949,-0.409186,1.000705,0.372329,-0.350569,0.014977,-0.167872,0.533961,0.995150,-0.723422,0.084746,0.002068,-0.573379,-0.121656,1.002873,-0.304650,-0.593428,-0.008367
6.180000,0.493005,0.244325,1.007491,-0.195254,0.594208,-0.008683,0.492311,-0.353220,1.001676,0.671199,0.396691,-0.005891,0.011335,-0.416142,1.001004,0.366240,-0.345001,0.014918,-0.182336,0.535644,0.995193,-0.722943,0.083584,0.002270,-0.579438,-0.133469,1.002708,-0.301256,-0.587791,-0.008156
6.200000,0.489090,0.256134,1.007314,-0.196276,0.586668,-0.008968,0.505685,-0.345278,1.001561,0.666137,0.397448,-0.005652,0.018599,-0.422986,1.001302,0.360171,-0.339331,0.014814,-0.196787,0.537304,0.995240,-0.722183,0.082457,0.002478,-0.585429,-0.145166,1.002547,-0.297802,-0.581813,-0.007927
6.220000,0.485156,0.267789,1.007132,-0.197077,0.578822,-0.009230,0.518955,-0.337324,1.001450,0.660752,0.397841,-0.005394,0.025742,-0.429715,1.001596,0.354126,-0.333585,0.014667,-0.211221,0.538942,0.995292,-0.721112,0.081359,0.002692,-0.591350,-0.156739,1.002391,-0.294290,-0.575520,-0.007682
6.240000,0.481208,0.279285,1.006945,-0.197670,0.570709,-0.009469,0.532113,-0.329366,1.001345,0.655056,0.397879,-0.005122,0.032764,-0.436329,1.001888,0.348111,-0.327788,0.014475,-0.225630,0.540559,0.995348,-0.719702,0.080283,0.002908,-0.597200,-0.168184,1.002240,-0.290721,-0.568941,-0.007428
6.260000,0.477250,0.290616,1.006753,-0.198055,0.562328,-0.009685,0.545155,-0.321411,1.001246,0.649051,0.397561,-0.004835,0.039666,-0.442826,1.002175,0.342124,-0.321941,0.014238,-0.240007,0.542154,0.995408,-0.717953,0.079230,0.003129,-0.602978,-0.179495,1.002094,-0.287096,-0.562077,-0.007165
6.280000,0.473287,0.301777,1.006558,-0.198231,0.553680,-0.009880,0.558073,-0.313466,1.001152,0.642736,0.396889,-0.004533,0.046449,-0.449206,1.002457,0.336166,-0.316044,0.013957,-0.254345,0.543728,0.995473,-0.715865,0.078199,0.003352,-0.608683,-0.190666,1.001953,-0.283414,-0.554928,-0.006893
6.300000,0.469323,0.312761,1.006358,-0.198200,0.544765,-0.010052,0.570862,-0.305538,1.001064,0.636111,0.395861,-0.004216,0.053113,-0.455467,1.002733,0.330237,-0.310097,0.013631,-0.268639,0.545282,0.995543,-0.713437,0.077191,0.003579,-0.614314,-0.201690,1.001818,-0.279676,-0.547493,-0.006611
6.320000,0.465360,0.323566,1.006156,-0.197975,0.535625,-0.010204,0.583516,-0.297634,1.000983,0.629194,0.394494,-0.003889,0.059659,-0.461610,1.003002,0.324332,-0.304114,0.013264,-0.282881,0.546816,0.995616,-0.710650,0.076199,0.003806,-0.619870,-0.212564,1.001689,-0.275885,-0.539804,-0.006327
6.340000,0.461405,0.334185,1.005950,-0.197571,0.526304,-0.010339,0.596028,-0.289761,1.000909,0.622003,0.392804,-0.003557,0.066086,-0.467632,1.003263,0.318444,-0.298112,0.012860,-0.297063,0.548330,0.995695,-0.707485,0.075215,0.004032,-0.625350,-0.223281,1.001565,-0.272045,-0.531896,-0.006045
6.360000,0.457459,0.344617,1.005742,-0.196987,0.516801,-0.010458,0.608394,-0.281924,1.000841,0.614538,0.390791,-0.003220,0.072397,-0.473534,1.003516,0.312574,-0.292089,0.012418,-0.311177,0.549824,0.995778,-0.703942,0.074239,0.004255,-0.630752,-0.233838,1.001447,-0.268154,-0.523768,-0.005765
6.380000,0.453526,0.354856,1.005532,-0.196225,0.507116,-0.010559,0.620608,-0.274131,1.000780,0.606799,0.388454,-0.002879,0.078590,-0.479315,1.003760,0.306721,-0.286047,0.011940,-0.325218,0.551300,0.995865,-0.700020,0.073271,0.004476,-0.636075,-0.244230,1.001334,-0.264214,-0.515419,-0.005489
6.400000,0.449611,0.364900,1.005320,-0.195284,0.497250,-0.010644,0.632664,-0.266388,1.000726,0.598786,0.385795,-0.002533,0.084666,-0.484976,1.003994,0.300887,-0.279984,0.011424,-0.339176,0.552755,0.995957,-0.695720,0.072312,0.004695,-0.641320,-0.254453,1.001227,-0.260225,-0.506850,-0.005215
6.420000,0.445716,0.374745,1.005106,-0.194178,0.487246,-0.010716,0.644558,-0.258701,1.000679,0.590523,0.382835,-0.002187,0.090625,-0.490515,1.004217,0.295062,-0.273911,0.010878,-0.353044,0.554192,0.996053,-0.691047,0.071356,0.004907,-0.646484,-0.264503,1.001126,-0.256190,-0.498100,-0.004951
6.440000,0.441845,0.384389,1.004892,-0.192922,0.477149,-0.010777,0.656284,-0.251077,1.000638,0.582035,0.379597,-0.001849,0.096468,-0.495932,1.004429,0.289240,-0.267835,0.010310,-0.366815,0.555610,0.996153,-0.686004,0.070397,0.005110,-0.651567,-0.274376,1.001029,-0.252114,-0.489207,-0.004701
6.460000,0.438000,0.393830,1.004675,-0.191516,0.466957,-0.010829,0.667838,-0.243519,1.000605,0.573321,0.376083,-0.001517,0.102195,-0.501228,1.004629,0.283421,-0.261758,0.009718,-0.380482,0.557008,0.996257,-0.680593,0.069434,0.005303,-0.656568,-0.284070,1.000937,-0.247997,-0.480172,-0.004467
6.480000,0.434185,0.403067,1.004458,-0.189960,0.456672,-0.010872,0.679215,-0.236035,1.000578,0.564382,0.372291,-0.001193,0.107805,-0.506402,1.004817,0.277604,-0.255678,0.009104,-0.394036,0.558387,0.996365,-0.674813,0.068469,0.005486,-0.661487,-0.293582,1.000850,-0.243838,-0.470994,-0.004247
6.500000,0.430403,0.412097,1.004241,-0.188254,0.446292,-0.010904,0.690411,-0.228630,1.000557,0.555217,0.368222,-0.000875,0.113299,-0.511455,1.004993,0.271789,-0.249596,0.008467,-0.407472,0.559747,0.996476,-0.668663,0.067500,0.005659,-0.666322,-0.302909,1.000768,-0.239639,-0.461673,-0.004042
6.520000,0.426656,0.420918,1.004022,-0.186404,0.435843,-0.010929,0.701422,-0.221308,1.000543,0.545844,0.363895,-0.000570,0.118676,-0.516386,1.005156,0.265967,-0.243519,0.007813,-0.420781,0.561087,0.996591,-0.662153,0.066524,0.005818,-0.671072,-0.312048,1.000689,-0.235400,-0.452241,-0.003857
6.540000,0.422948,0.429530,1.003804,-0.184414,0.425348,-0.010947,0.712244,-0.214075,1.000534,0.536282,0.359327,-0.000282,0.123937,-0.521196,1.005305,0.260126,-0.237452,0.007146,-0.433956,0.562408,0.996709,-0.655289,0.065535,0.005959,-0.675737,-0.320998,1.000613,-0.231126,-0.442730,-0.003696
6.560000,0.419280,0.437932,1.003584,-0.182284,0.414807,-0.010959,0.722872,-0.206936,1.000531,0.526531,0.354519,-0.000012,0.129081,-0.525884,1.005442,0.254266,-0.231396,0.006467,-0.446990,0.563708,0.996829,-0.648072,0.064534,0.006084,-0.680317,-0.329757,1.000541,-0.226815,-0.433140,-0.003558
6.580000,0.415657,0.446122,1.003365,-0.180015,0.404221,-0.010965,0.733304,-0.199896,1.000533,0.516589,0.349472,0.000241,0.134108,-0.530452,1.005564,0.248388,-0.225351,0.005776,-0.459876,0.564989,0.996952,-0.640501,0.063520,0.006191,-0.684810,-0.338323,1.000471,-0.222468,-0.423470,-0.003445
6.600000,0.412081,0.454100,1.003146,-0.177606,0.393589,-0.010965,0.743535,-0.192959,1.000541,0.506458,0.344184,0.000476,0.139017,-0.534899,1.005673,0.242492,-0.219317,0.005073,-0.472607,0.566249,0.997077,-0.632576,0.062493,0.006281,-0.689215,-0.346695,1.000403,-0.218085,-0.413721,-0.003355
6.620000,0.408554,0.461866,1.002927,-0.175065,0.382936,-0.010961,0.753561,-0.186130,1.000552,0.496160,0.338680,0.000688,0.143807,-0.539225,1.005767,0.236583,-0.213307,0.004359,-0.485177,0.567488,0.997203,-0.624318,0.061450,0.006349,-0.693533,-0.354872,1.000336,-0.213664,-0.403910,-0.003289
6.640000,0.405079,0.469418,1.002707,-0.172400,0.372287,-0.010956,0.763380,-0.179413,1.000568,0.485716,0.332983,0.000871,0.148480,-0.543431,1.005847,0.230668,-0.207332,0.003633,-0.497578,0.568707,0.997331,-0.615748,0.060389,0.006391,-0.697762,-0.362851,1.000271,-0.209201,-0.394053,-0.003247
6.660000,0.401659,0.476757,1.002488,-0.169611,0.361642,-0.010948,0.772989,-0.172812,1.000587,0.475126,0.327093,0.001025,0.153034,-0.547518,1.005912,0.224748,-0.201394,0.002897,-0.509805,0.569904,0.997459,-0.606864,0.059310,0.006406,-0.701901,-0.370634,1.000206,-0.204697,-0.384150,-0.003229
6.680000,0.398295,0.483883,1.002270,-0.166697,0.351001,-0.010939,0.782384,-0.166331,1.000609,0.464391,0.321010,0.001149,0.157470,-0.551487,1.005963,0.218821,-0.195491,0.002150,-0.521851,0.571079,0.997587,-0.597669,0.058211,0.006395,-0.705949,-0.378217,1.000142,-0.200151,-0.374202,-0.003235
6.700000,0.394992,0.490797,1.002051,-0.163660,0.340364,-0.010928,0.791563,-0.159973,1.000633,0.453511,0.314734,0.001244,0.161787,-0.555338,1.005998,0.212888,-0.189625,0.001391,-0.533709,0.572232,0.997714,-0.588160,0.057094,0.006358,-0.709906,-0.385601,1.000077,-0.195565,-0.364208,-0.003265
6.720000,0.391750,0.497498,1.001832,-0.160505,0.329758,-0.010919,0.800524,-0.153743,1.000658,0.442513,0.308296,0.001302,0.165985,-0.559072,1.006018,0.206957,-0.183810,0.000624,-0.545375,0.573363,0.997841,-0.578373,0.055958,0.006287,-0.713772,-0.392785,1.000011,-0.190943,-0.354195,-0.003323
6.740000,0.388572,0.503988,1.001614,-0.157240,0.319211,-0.010918,0.809263,-0.147642,1.000685,0.431424,0.301724,0.001314,0.170065,-0.562691,1.006023,0.201035,-0.178063,-0.000150,-0.556843,0.574470,0.997966,-0.568343,0.054800,0.006175,-0.717544,-0.399769,0.999943,-0.186293,-0.344190,-0.003411
6.760000,0.385461,0.510267,1.001396,-0.153865,0.308723,-0.010925,0.817780,-0.141674,1.000711,0.420246,0.295020,0.001280,0.174027,-0.566195,1.006012,0.195123,-0.172383,-0.000931,-0.568107,0.575555,0.998088,-0.558070,0.053621,0.006023,-0.721223,-0.406553,0.999874,-0.181615,-0.334192,-0.003530
6.780000,0.382418,0.516337,1.001177,-0.150379,0.298295,-0.010939,0.826072,-0.135842,1.000735,0.408977,0.288184,0.001200,0.177870,-0.569587,1.005986,0.189221,-0.166770,-0.001719,-0.579164,0.576615,0.998206,-0.547553,0.052421,0.005830,-0.724808,-0.413137,0.999802,-0.176909,-0.324201,-0.003679
6.800000,0.379447,0.522199,1.000958,-0.146784,0.287926,-0.010961,0.834139,-0.130148,1.000758,0.397617,0.281214,0.001074,0.181596,-0.572867,1.005943,0.183328,-0.161224,-0.002514,-0.590008,0.577651,0.998321,-0.536793,0.051199,0.005596,-0.728299,-0.419521,0.999727,-0.172174,-0.314217,-0.003858
6.820000,0.376548,0.527855,1.000738,-0.143092,0.277645,-0.010996,0.841977,-0.124594,1.000778,0.386202,0.274143,0.000900,0.185204,-0.576036,1.005885,0.177454,-0.155760,-0.003314,-0.600634,0.578663,0.998430,-0.525829,0.049959,0.005321,-0.731695,-0.425706,0.999648,-0.167413,-0.304254,-0.004069
6.840000,0.373723,0.533306,1.000518,-0.139318,0.267483,-0.011053,0.849587,-0.119183,1.000794,0.374767,0.267002,0.000677,0.188694,-0.579098,1.005811,0.171610,-0.150391,-0.004117,-0.611040,0.579650,0.998533,-0.514702,0.048701,0.005004,-0.734996,-0.431691,0.999564,-0.162628,-0.294326,-0.004309
6.860000,0.370975,0.538555,1.000296,-0.135460,0.257440,-0.011131,0.856967,-0.113915,1.000805,0.363310,0.259791,0.000403,0.192068,-0.582053,1.005720,0.165795,-0.145117,-0.004923,-0.621221,0.580611,0.998630,-0.503413,0.047425,0.004644,-0.738200,-0.437479,0.999475,-0.157818,-0.284432,-0.004581
6.880000,0.368306,0.543604,1.000073,-0.131519,0.247515,-0.011230,0.864119,-0.108792,1.000810,0.351832,0.252510,0.000080,0.195326,-0.584903,1.005614,0.160009,-0.139938,-0.005733,-0.631175,0.581546,0.998719,-0.491960,0.046132,0.004241,-0.741308,-0.443069,0.999380,-0.152983,-0.274572,-0.004882
6.900000,0.365715,0.548456,0.999847,-0.127495,0.237708,-0.011350,0.871040,-0.103815,1.000808,0.340333,0.245158,-0.000294,0.198469,-0.587651,1.005491,0.154252,-0.134855,-0.006545,-0.640898,0.582456,0.998799,-0.480344,0.044822,0.003797,-0.744319,-0.448462,0.999279,-0.148124,-0.264747,-0.005215
6.920000,0.363206,0.553114,0.999619,-0.123407,0.228052,-0.011490,0.877732,-0.098986,1.000798,0.328849,0.237767,-0.000715,0.201496,-0.590298,1.005352,0.148534,-0.129877,-0.007360,-0.650388,0.583339,0.998870,-0.468602,0.043498,0.003314,-0.747233,-0.453659,0.999172,-0.143249,-0.254976,-0.005573
6.940000,0.360779,0.557580,0.999387,-0.119275,0.218579,-0.011648,0.884195,-0.094304,1.000779,0.317417,0.230367,-0.001181,0.204410,-0.592847,1.005197,0.142863,-0.125015,-0.008174,-0.659642,0.584196,0.998931,-0.456774,0.042163,0.002795,-0.750049,-0.458662,0.999056,-0.138369,-0.245279,-0.005952
6.960000,0.358435,0.561858,0.999152,-0.115099,0.209289,-0.011824,0.890429,-0.089771,1.000750,0.306037,0.222957,-0.001692,0.207211,-0.595299,1.005025,0.137240,-0.120268,-0.008989,-0.668658,0.585026,0.998982,-0.444858,0.040818,0.002241,-0.752768,-0.463471,0.998933,-0.133484,-0.235656,-0.006353
6.980000,0.356176,0.565952,0.998914,-0.110878,0.200182,-0.012018,0.896437,-0.085386,1.000711,0.294708,0.215538,-0.002249,0.209900,-0.597658,1.004837,0.131663,-0.115637,-0.009804,-0.677436,0.585828,0.999021,-0.432855,0.039462,0.001652,-0.755389,-0.468088,0.998802,-0.128594,-0.226107,-0.006775
7.000000,0.354001,0.569866,0.998672,-0.106612,0.191257,-0.012230,0.902218,-0.081149,1.000660,0.283431,0.208109,-0.002851,0.212478,-0.599925,1.004633,0.126135,-0.111122,-0.010619,-0.685972,0.586604,0.999048,-0.420765,0.038096,0.001028,-0.757912,-0.472516,0.998662,-0.123698,-0.216633,-0.007217
7.020000,0.351911,0.573604,0.998425,-0.102327,0.182542,-0.012461,0.907774,-0.077061,1.000597,0.272236,0.200697,-0.003492,0.214946,-0.602104,1.004412,0.120669,-0.106731,-0.011431,-0.694266,0.587352,0.999062,-0.408632,0.036724,0.000370,-0.760337,-0.476754,0.998513,-0.118814,-0.207260,-0.007679
7.040000,0.349908,0.577170,0.998173,-0.098046,0.174060,-0.012709,0.913108,-0.073121,1.000520,0.261155,0.193327,-0.004167,0.217305,-0.604196,1.004176,0.115284,-0.102470,-0.012236,-0.702317,0.588073,0.999062,-0.396501,0.035350,-0.000322,-0.762664,-0.480807,0.998355,-0.113957,-0.198016,-0.008157
7.060000,0.347989,0.580568,0.997916,-0.093771,0.165812,-0.012975,0.918221,-0.069328,1.000430,0.250188,0.185999,-0.004877,0.219558,-0.606203,1.003923,0.109979,-0.098339,-0.013035,-0.710126,0.588766,0.999049,-0.384372,0.033974,-0.001046,-0.764895,-0.484676,0.998187,-0.109129,-0.188900,-0.008652
7.080000,0.346157,0.583804,0.997654,-0.089500,0.157798,-0.013258,0.923116,-0.065681,1.000325,0.239334,0.178713,-0.005620,0.221705,-0.608130,1.003654,0.104754,-0.094340,-0.013827,-0.717692,0.589432,0.999020,-0.372244,0.032595,-0.001802,-0.767030,-0.488364,0.998009,-0.104329,-0.179913,-0.009163
7.100000,0.344409,0.586881,0.997386,-0.085234,0.150018,-0.013560,0.927795,-0.062179,1.000205,0.228594,0.171469,-0.006397,0.223749,-0.609978,1.003370,0.099609,-0.090472,-0.014613,-0.725016,0.590070,0.998976,-0.360119,0.031215,-0.002592,-0.769068,-0.491873,0.997820,-0.099558,-0.171055,-0.009690
7.120000,0.342747,0.589806,0.997111,-0.080998,0.142489,-0.013875,0.932261,-0.058822,1.000069,0.217996,0.164290,-0.007201,0.225690,-0.611750,1.003070,0.094556,-0.086736,-0.015389,-0.732097,0.590681,0.998916,-0.348030,0.029836,-0.003411,-0.771012,-0.495207,0.997621,-0.094833,-0.162352,-0.010229
7.140000,0.341169,0.592583,0.996831,-0.076817,0.135227,-0.014200,0.936516,-0.055607,0.999916,0.207567,0.157199,-0.008022,0.227532,-0.613448,1.002754,0.089608,-0.083135,-0.016153,-0.738938,0.591264,0.998840,-0.336012,0.028464,-0.004254,-0.772862,-0.498369,0.997411,-0.090176,-0.153832,-0.010774
7.160000,0.339674,0.595217,0.996543,-0.072691,0.128234,-0.014535,0.940565,-0.052533,0.999748,0.197309,0.150196,-0.008862,0.229275,-0.615076,1.002424,0.084764,-0.079668,-0.016905,-0.745538,0.591819,0.998746,-0.324064,0.027099,-0.005123,-0.774620,-0.501362,0.997190,-0.085587,-0.145496,-0.011325
7.180000,0.338261,0.597714,0.996249,-0.068619,0.121509,-0.014879,0.944410,-0.049599,0.999562,0.187221,0.143280,-0.009719,0.230923,-0.616636,1.002078,0.080024,-0.076335,-0.017645,-0.751901,0.592348,0.998635,-0.312188,0.025740,-0.006016,-0.776286,-0.504190,0.996958,-0.081064,-0.137342,-0.011882
7.200000,0.336929,0.600079,0.995948,-0.064603,0.115051,-0.015233,0.948055,-0.046802,0.999359,0.177302,0.136453,-0.010595,0.232477,-0.618130,1.001718,0.075389,-0.073137,-0.018373,-0.758026,0.592849,0.998505,-0.300382,0.024388,-0.006935,-0.777863,-0.506856,0.996715,-0.076608,-0.129372,-0.012445
7.220000,0.335676,0.602318,0.995640,-0.060661,0.108865,-0.015592,0.951503,-0.044140,0.999138,0.167582,0.129735,-0.011479,0.233939,-0.619562,1.001343,0.070869,-0.070071,-0.019087,-0.763917,0.593323,0.998357,-0.288675,0.023047,-0.007872,-0.779351,-0.509366,0.996460,-0.072233,-0.121600,-0.013009
7.240000,0.334502,0.604435,0.995325,-0.056816,0.102951,-0.015952,0.954760,-0.041611,0.998900,0.158087,0.123148,-0.012363,0.235312,-0.620934,1.000955,0.066474,-0.067135,-0.019785,-0.769574,0.593771,0.998190,-0.277096,0.021721,-0.008821,-0.780753,-0.511722,0.996194,-0.067954,-0.114042,-0.013571
7.260000,0.333403,0.606438,0.995002,-0.053067,0.097310,-0.016313,0.957828,-0.039213,0.998643,0.148818,0.116694,-0.013247,0.236599,-0.622248,1.000552,0.062204,-0.064330,-0.020467,-0.775001,0.594192,0.998004,-0.265644,0.020411,-0.009782,-0.782070,-0.513929,0.995917,-0.063768,-0.106699,-0.014129
7.280000,0.332379,0.608330,0.994672,-0.049414,0.091943,-0.016675,0.960714,-0.036943,0.998370,0.139775,0.110372,-0.014131,0.237801,-0.623508,1.000136,0.058059,-0.061656,-0.021133,-0.780201,0.594587,0.997799,-0.254319,0.019116,-0.010756,-0.783304,-0.515991,0.995629,-0.059678,-0.099570,-0.014684
7.300000,0.331426,0.610117,0.994335,-0.045858,0.086848,-0.017038,0.963421,-0.034797,0.998078,0.130957,0.104181,-0.015014,0.238922,-0.624716,0.999707,0.054040,-0.059112,-0.021784,-0.785175,0.594957,0.997574,-0.243121,0.017838,-0.011742,-0.784458,-0.517913,0.995330,-0.055682,-0.092656,-0.015235
7.320000,0.330543,0.611805,0.993990,-0.042407,0.082017,-0.017400,0.965954,-0.032774,0.997769,0.122381,0.098136,-0.015889,0.239964,-0.625873,0.999265,0.050156,-0.056695,-0.022418,-0.789926,0.595301,0.997329,-0.232074,0.016579,-0.012732,-0.785532,-0.519699,0.995020,-0.051791,-0.085964,-0.015780
7.340000,0.329729,0.613400,0.993639,-0.039074,0.077440,-0.017757,0.968318,-0.030871,0.997443,0.114061,0.092248,-0.016749,0.240929,-0.626984,0.998810,0.046417,-0.054401,-0.023036,-0.794459,0.595620,0.997065,-0.221202,0.015345,-0.013719,-0.786530,-0.521353,0.994699,-0.048015,-0.079505,-0.016315
7.360000,0.328980,0.614905,0.993280,-0.035857,0.073117,-0.018111,0.970518,-0.029083,0.997099,0.105998,0.086519,-0.017594,0.241822,-0.628050,0.998344,0.042825,-0.052229,-0.023638,-0.798776,0.595915,0.996780,-0.210505,0.014136,-0.014703,-0.787453,-0.522881,0.994367,-0.044354,-0.073278,-0.016840
7.380000,0.328294,0.616326,0.992914,-0.032757,0.069047,-0.018461,0.972559,-0.027409,0.996739,0.098191,0.080948,-0.018424,0.242643,-0.629074,0.997865,0.039379,-0.050180,-0.024223,-0.802880,0.596186,0.996477,-0.199982,0.012951,-0.015684,-0.788305,-0.524286,0.994025,-0.040808,-0.067282,-0.017354
7.400000,0.327669,0.617668,0.992542,-0.029773,0.065230,-0.018807,0.974447,-0.025844,0.996362,0.090641,0.075536,-0.019238,0.243398,-0.630058,0.997375,0.036078,-0.048254,-0.024792,-0.806776,0.596433,0.996153,-0.189635,0.011792,-0.016661,-0.789087,-0.525574,0.993673,-0.037377,-0.061519,-0.017858
7.420000,0.327102,0.618937,0.992162,-0.026910,0.061651,-0.019149,0.976187,-0.024386,0.995970,0.083355,0.070289,-0.020032,0.244087,-0.631005,0.996873,0.032926,-0.046443,-0.025345,-0.810467,0.596658,0.995810,-0.179482,0.010661,-0.017627,-0.789801,-0.526748,0.993311,-0.034068,-0.055992,-0.018351
7.440000,0.326591,0.620136,0.991776,-0.024172,0.058291,-0.019485,0.977783,-0.023032,0.995561,0.076340,0.065215,-0.020800,0.244716,-0.631917,0.996361,0.029926,-0.044740,-0.025884,-0.813957,0.596860,0.995448,-0.169547,0.009563,-0.018575,-0.790450,-0.527815,0.992939,-0.030890,-0.050708,-0.018832
7.460000,0.326134,0.621270,0.991383,-0.021557,0.055151,-0.019817,0.979242,-0.021777,0.995138,0.069597,0.060315,-0.021542,0.245285,-0.632795,0.995838,0.027076,-0.043146,-0.026409,-0.817250,0.597040,0.995067,-0.159829,0.008498,-0.019503,-0.791037,-0.528778,0.992558,-0.027842,-0.045667,-0.019299
7.480000,0.325728,0.622343,0.990983,-0.019066,0.052231,-0.020143,0.980569,-0.020618,0.994700,0.063124,0.055589,-0.022259,0.245800,-0.633643,0.995305,0.024378,-0.041660,-0.026919,-0.820352,0.597200,0.994668,-0.150328,0.007467,-0.020413,-0.791565,-0.529643,0.992167,-0.024924,-0.040869,-0.019754
7.500000,0.325371,0.623360,0.990577,-0.016699,0.049531,-0.020463,0.981769,-0.019552,0.994248,0.056923,0.051037,-0.022951,0.246262,-0.634463,0.994761,0.021831,-0.040282,-0.027415,-0.823265,0.597339,0.994251,-0.141043,0.006468,-0.021304,-0.792035,-0.530415,0.991768,-0.022137,-0.036313,-0.020197
7.520000,0.325060,0.624326,0.990165,-0.014457,0.047031,-0.020781,0.982848,-0.018575,0.993782,0.050995,0.046663,-0.023615,0.246674,-0.635255,0.994208,0.019433,-0.039003,-0.027899,-0.825995,0.597459,0.993816,-0.131996,0.005506,-0.022169,-0.792451,-0.531097,0.991360,-0.019481,-0.031996,-0.020628
7.540000,0.324792,0.625243,0.989746,-0.012338,0.044710,-0.021095,0.983811,-0.017684,0.993303,0.045344,0.042473,-0.024249,0.247040,-0.636023,0.993646,0.017183,-0.037815,-0.028372,-0.828546,0.597560,0.993364,-0.123206,0.004584,-0.023001,-0.792815,-0.531696,0.990943,-0.016955,-0.027913,-0.021050
7.560000,0.324565,0.626115,0.989321,-0.010343,0.042568,-0.021407,0.984663,-0.016875,0.992812,0.039969,0.038468,-0.024853,0.247362,-0.636768,0.993073,0.015081,-0.036717,-0.028836,-0.830925,0.597643,0.992896,-0.114674,0.003702,-0.023801,-0.793130,-0.532215,0.990518,-0.014562,-0.024064,-0.021462
7.580000,0.324377,0.626947,0.988890,-0.008472,0.040605,-0.021717,0.985411,-0.016144,0.992309,0.034870,0.034646,-0.025428,0.247644,-0.637493,0.992492,0.013126,-0.035710,-0.029290,-0.833135,0.597708,0.992413,-0.106400,0.002859,-0.024568,-0.793399,-0.532660,0.990084,-0.012299,-0.020450,-0.021864
7.600000,0.324226,0.627741,0.988452,-0.006724,0.038821,-0.022025,0.986060,-0.015488,0.991795,0.030046,0.031009,-0.025973,0.247888,-0.638197,0.991902,0.011319,-0.034794,-0.029734,-0.835182,0.597757,0.991914,-0.098383,0.002057,-0.025302,-0.793623,-0.533035,0.989643,-0.010168,-0.017070,-0.022257
7.620000,0.324108,0.628501,0.988009,-0.005099,0.037195,-0.022334,0.986615,-0.014903,0.991271,0.025491,0.027552,-0.026489,0.248098,-0.638885,0.991303,0.009647,-0.033959,-0.030164,-0.837072,0.597791,0.991401,-0.090632,0.001296,-0.026000,-0.793806,-0.533344,0.989194,-0.008164,-0.013915,-0.022644
7.640000,0.324021,0.629229,0.987559,-0.003596,0.035705,-0.022648,0.987081,-0.014385,0.990736,0.021193,0.024274,-0.026975,0.248275,-0.639556,0.990695,0.008099,-0.033196,-0.030578,-0.838810,0.597809,0.990874,-0.083156,0.000577,-0.026657,-0.793950,-0.533593,0.988737,-0.006283,-0.010977,-0.023030
7.660000,0.323963,0.629930,0.987103,-0.002212,0.034352,-0.022967,0.987464,-0.013931,0.990192,0.017155,0.021174,-0.027433,0.248423,-0.640213,0.990080,0.006673,-0.032506,-0.030975,-0.840400,0.597814,0.990335,-0.075955,-0.000099,-0.027274,-0.794058,-0.533785,0.988273,-0.004525,-0.008254,-0.023414
7.680000,0.323931,0.630604,0.986640,-0.000950,0.033135,-0.023292,0.987769,-0.013537,0.989639,0.013375,0.018252,-0.027862,0.248543,-0.640857,0.989457,0.005371,-0.031888,-0.031355,-0.841850,0.597806,0.989783,-0.069029,-0.000732,-0.027850,-0.794132,-0.533925,0.987801,-0.002890,-0.005748,-0.023797
7.700000,0.323924,0.631256,0.986171,0.000191,0.032054,-0.023622,0.988001,-0.013199,0.989078,0.009853,0.015508,-0.028262,0.248638,-0.641489,0.988826,0.004192,-0.031343,-0.031719,-0.843163,0.597785,0.989221,-0.062378,-0.001324,-0.028385,-0.794175,-0.534016,0.987321,-0.001379,-0.003457,-0.024178
7.720000,0.323938,0.631887,0.985695,0.001221,0.031091,-0.023958,0.988165,-0.012915,0.988508,0.006575,0.012934,-0.028636,0.248711,-0.642111,0.988188,0.003124,-0.030861,-0.032063,-0.844347,0.597753,0.988648,-0.056003,-0.001873,-0.028880,-0.794188,-0.534064,0.986834,0.000018,-0.001365,-0.024559
7.740000,0.323972,0.632500,0.985213,0.002147,0.030228,-0.024298,0.988266,-0.012681,0.987932,0.003524,0.010523,-0.028987,0.248764,-0.642724,0.987543,0.002154,-0.030434,-0.032387,-0.845405,0.597710,0.988066,-0.049904,-0.002382,-0.029333,-0.794175,-0.534072,0.986339,0.001310,0.000547,-0.024939
7.760000,0.324024,0.633097,0.984723,0.002971,0.029464,-0.024644,0.988307,-0.012493,0.987349,0.000701,0.008275,-0.029314,0.248798,-0.643329,0.986893,0.001282,-0.030062,-0.032691,-0.846345,0.597658,0.987475,-0.044082,-0.002849,-0.029745,-0.794136,-0.534043,0.985836,0.002497,0.002278,-0.025319
7.780000,0.324090,0.633680,0.984227,0.003692,0.028799,-0.024995,0.988295,-0.012349,0.986760,-0.001894,0.006189,-0.029617,0.248816,-0.643927,0.986236,0.000508,-0.029746,-0.032973,-0.847170,0.597597,0.986877,-0.038537,-0.003276,-0.030115,-0.794075,-0.533982,0.985326,0.003579,0.003828,-0.025698
7.800000,0.324171,0.634250,0.983723,0.004310,0.028233,-0.025350,0.988233,-0.012245,0.986165,-0.004261,0.004267,-0.029897,0.248819,-0.644519,0.985574,-0.000168,-0.029485,-0.033235,-0.847888,0.597527,0.986271,-0.033268,-0.003663,-0.030444,-0.793994,-0.533892,0.984808,0.004555,0.005197,-0.026077
7.820000,0.324262,0.634810,0.983213,0.004840,0.027754,-0.025706,0.988126,-0.012177,0.985564,-0.006420,0.002497,-0.030158,0.248810,-0.645107,0.984907,-0.000757,-0.029271,-0.033475,-0.848503,0.597450,0.985659,-0.028273,-0.004011,-0.030735,-0.793894,-0.533775,0.984283,0.005435,0.006407,-0.026451
7.840000,0.324364,0.635360,0.982695,0.005296,0.027346,-0.026055,0.987978,-0.012144,0.984958,-0.008387,0.000872,-0.030406,0.248789,-0.645690,0.984235,-0.001272,-0.029097,-0.033694,-0.849021,0.597367,0.985042,-0.023547,-0.004324,-0.030992,-0.793777,-0.533636,0.983750,0.006230,0.007479,-0.026814
7.860000,0.324474,0.635904,0.982171,0.005678,0.027010,-0.026397,0.987792,-0.012141,0.984348,-0.010165,-0.000611,-0.030640,0.248759,-0.646271,0.983559,-0.001713,-0.028962,-0.033891,-0.849447,0.597278,0.984420,-0.019091,-0.004603,-0.031215,-0.793645,-0.533477,0.983211,0.006939,0.008412,-0.027168
7.880000,0.324590,0.636441,0.981639,0.005987,0.026747,-0.026734,0.987572,-0.012167,0.983733,-0.011751,-0.001949,-0.030861,0.248721,-0.646849,0.982879,-0.002079,-0.028868,-0.034066,-0.849786,0.597183,0.983793,-0.014905,-0.004846,-0.031403,-0.793500,-0.533301,0.982664,0.007563,0.009207,-0.027512
7.900000,0.324712,0.636974,0.981101,0.006221,0.026555,-0.027065,0.987323,-0.012218,0.983114,-0.013148,-0.003144,-0.031068,0.248677,-0.647426,0.982197,-0.002371,-0.028813,-0.034219,-0.850045,0.597084,0.983164,-0.010989,-0.005055,-0.031557,-0.793343,-0.533110,0.982110,0.008101,0.009863,-0.027845
7.920000,0.324839,0.637504,0.980557,0.006394,0.026424,-0.027386,0.987048,-0.012292,0.982490,-0.014375,-0.004212,-0.031261,0.248627,-0.648002,0.981511,-0.002600,-0.028791,-0.034352,-0.850227,0.596981,0.982531,-0.007330,-0.005233,-0.031683,-0.793177,-0.532907,0.981550,0.008563,0.010400,-0.028166
7.940000,0.324968,0.638032,0.980006,0.006517,0.026341,-0.027695,0.986749,-0.012386,0.981863,-0.015456,-0.005170,-0.031439,0.248573,-0.648577,0.980823,-0.002776,-0.028796,-0.034465,-0.850339,0.596875,0.981896,-0.003914,-0.005386,-0.031786,-0.793001,-0.532694,0.980984,0.008958,0.010837,-0.028473
7.960000,0.325099,0.638558,0.979449,0.006591,0.026307,-0.027992,0.986430,-0.012498,0.981233,-0.016390,-0.006017,-0.031603,0.248516,-0.649154,0.980132,-0.002899,-0.028827,-0.034559,-0.850386,0.596766,0.981260,-0.000740,-0.005512,-0.031867,-0.792819,-0.532474,0.980411,0.009289,0.011174,-0.028764
7.980000,0.325231,0.639084,0.978886,0.006616,0.026322,-0.028277,0.986094,-0.012626,0.980599,-0.017177,-0.006754,-0.031752,0.248457,-0.649731,0.979440,-0.002969,-0.028885,-0.034633,-0.850371,0.596655,0.980622,0.002190,-0.005612,-0.031926,-0.792630,-0.532248,0.979833,0.009553,0.011411,-0.029041
8.000000,0.325363,0.639611,0.978318,0.006591,0.026386,-0.028550,0.985744,-0.012768,0.979963,-0.017817,-0.007381,-0.031885,0.248398,-0.650309,0.978747,-0.002986,-0.028969,-0.034688,-0.850300,0.596542,0.979983,0.004876,-0.005687,-0.031963,-0.792437,-0.532018,0.979250,0.009751,0.011548,-0.029304
8.020000,0.325495,0.640140,0.977745,0.006526,0.026488,-0.028811,0.985383,-0.012921,0.979324,-0.018331,-0.007912,-0.032006,0.248338,-0.650890,0.978053,-0.002960,-0.029074,-0.034725,-0.850177,0.596427,0.979344,0.007339,-0.005741,-0.031985,-0.792240,-0.531787,0.978661,0.009893,0.011602,-0.029552
8.040000,0.325624,0.640671,0.977166,0.006431,0.026621,-0.029058,0.985012,-0.013084,0.978683,-0.018740,-0.008364,-0.032113,0.248280,-0.651472,0.977358,-0.002899,-0.029195,-0.034748,-0.850007,0.596312,0.978704,0.009595,-0.005780,-0.032001,-0.792042,-0.531555,0.978068,0.009988,0.011589,-0.029785
8.060000,0.325752,0.641205,0.976582,0.006305,0.026782,-0.029293,0.984634,-0.013255,0.978039,-0.019043,-0.008735,-0.032209,0.248222,-0.652058,0.976663,-0.002805,-0.029330,-0.034757,-0.849795,0.596196,0.978064,0.011645,-0.005805,-0.032012,-0.791841,-0.531324,0.977470,0.010037,0.011509,-0.030005
8.080000,0.325876,0.641742,0.975994,0.006149,0.026974,-0.029514,0.984251,-0.013432,0.977394,-0.019241,-0.009026,-0.032292,0.248168,-0.652646,0.975968,-0.002676,-0.029482,-0.034751,-0.849543,0.596080,0.977423,0.013490,-0.005815,-0.032016,-0.791640,-0.531095,0.976868,0.010039,0.011364,-0.030209
8.100000,0.325997,0.642284,0.975402,0.005963,0.027195,-0.029723,0.983865,-0.013615,0.976748,-0.019334,-0.009237,-0.032362,0.248116,-0.653237,0.975273,-0.002512,-0.029649,-0.034731,-0.849256,0.595964,0.976783,0.015128,-0.005810,-0.032014,-0.791440,-0.530869,0.976261,0.009995,0.011151,-0.030400
8.120000,0.326115,0.642830,0.974805,0.005753,0.027438,-0.029920,0.983478,-0.013801,0.976100,-0.019340,-0.009381,-0.032423,0.248067,-0.653832,0.974579,-0.002322,-0.029826,-0.034700,-0.848939,0.595848,0.976143,0.016586,-0.005794,-0.032008,-0.791241,-0.530649,0.975652,0.009913,0.010886,-0.030578
8.140000,0.326227,0.643382,0.974205,0.005527,0.027696,-0.030108,0.983092,-0.013990,0.975451,-0.019278,-0.009471,-0.032477,0.248023,-0.654430,0.973885,-0.002113,-0.030010,-0.034662,-0.848594,0.595732,0.975503,0.017887,-0.005769,-0.032000,-0.791044,-0.530434,0.975038,0.009803,0.010583,-0.030745
8.160000,0.326336,0.643938,0.973601,0.005284,0.027968,-0.030287,0.982707,-0.014180,0.974801,-0.019149,-0.009507,-0.032524,0.247983,-0.655032,0.973193,-0.001885,-0.030201,-0.034617,-0.848225,0.595617,0.974863,0.019034,-0.005735,-0.031991,-0.790849,-0.530226,0.974422,0.009664,0.010241,-0.030903
8.180000,0.326439,0.644500,0.972994,0.005024,0.028254,-0.030456,0.982326,-0.014370,0.974150,-0.018953,-0.009489,-0.032564,0.247948,-0.655638,0.972501,-0.001638,-0.030398,-0.034565,-0.847834,0.595503,0.974223,0.020024,-0.005693,-0.031980,-0.790657,-0.530025,0.973802,0.009497,0.009861,-0.031051
8.200000,0.326536,0.645068,0.972383,0.004749,0.028556,-0.030616,0.981950,-0.014559,0.973498,-0.018689,-0.009417,-0.032597,0.247917,-0.656248,0.971810,-0.001372,-0.030601,-0.034506,-0.847425,0.595389,0.973584,0.020858,-0.005642,-0.031968,-0.790469,-0.529832,0.973180,0.009302,0.009443,-0.031188
8.220000,0.326629,0.645643,0.971769,0.004461,0.028866,-0.030769,0.981579,-0.014746,0.972846,-0.018373,-0.009301,-0.032627,0.247893,-0.656862,0.971120,-0.001093,-0.030808,-0.034444,-0.847000,0.595277,0.972944,0.021561,-0.005585,-0.031958,-0.790285,-0.529647,0.972555,0.009087,0.008997,-0.031319
8.240000,0.326715,0.646223,0.971152,0.004166,0.029179,-0.030919,0.981215,-0.014931,0.972193,-0.018023,-0.009152,-0.032658,0.247874,-0.657480,0.970432,-0.000807,-0.031014,-0.034384,-0.846563,0.595166,0.972305,0.022156,-0.005527,-0.031952,-0.790106,-0.529472,0.971927,0.008860,0.008536,-0.031447
8.260000,0.326795,0.646810,0.970532,0.003864,0.029495,-0.031067,0.980858,-0.015112,0.971540,-0.017638,-0.008971,-0.032689,0.247861,-0.658103,0.969745,-0.000513,-0.031219,-0.034326,-0.846115,0.595056,0.971666,0.022643,-0.005466,-0.031952,-0.789931,-0.529306,0.971297,0.008621,0.008059,-0.031571
8.280000,0.326869,0.647403,0.969910,0.003554,0.029814,-0.031212,0.980510,-0.015290,0.970886,-0.017219,-0.008756,-0.032721,0.247853,-0.658729,0.969059,-0.000213,-0.031424,-0.034270,-0.845658,0.594947,0.971027,0.023022,-0.005403,-0.031957,-0.789761,-0.529150,0.970664,0.008370,0.007567,-0.031693
8.300000,0.326937,0.648002,0.969284,0.003237,0.030137,-0.031353,0.980170,-0.015462,0.970231,-0.016765,-0.008508,-0.032754,0.247852,-0.659360,0.968374,0.000095,-0.031628,-0.034216,-0.845195,0.594840,0.970388,0.023293,-0.005337,-0.031967,-0.789596,-0.529003,0.970029,0.008108,0.007058,-0.031811
8.320000,0.326999,0.648608,0.968655,0.002916,0.030459,-0.031496,0.979839,-0.015630,0.969576,-0.016290,-0.008235,-0.032791,0.247857,-0.659994,0.967690,0.000405,-0.031829,-0.034168,-0.844727,0.594734,0.969748,0.023478,-0.005273,-0.031986,-0.789437,-0.528867,0.969392,0.007841,0.006543,-0.031931
8.340000,0.327054,0.649221,0.968024,0.002593,0.030775,-0.031644,0.979518,-0.015792,0.968919,-0.015808,-0.007946,-0.032838,0.247868,-0.660633,0.967007,0.000713,-0.032023,-0.034132,-0.844256,0.594629,0.969108,0.023598,-0.005214,-0.032018,-0.789283,-0.528742,0.968752,0.007576,0.006030,-0.032057
8.360000,0.327102,0.649839,0.967390,0.002268,0.031086,-0.031798,0.979207,-0.015947,0.968262,-0.015318,-0.007639,-0.032895,0.247886,-0.661275,0.966325,0.001019,-0.032213,-0.034108,-0.843783,0.594525,0.968468,0.023652,-0.005158,-0.032063,-0.789134,-0.528626,0.968110,0.007314,0.005519,-0.032189
8.380000,0.327145,0.650464,0.966752,0.001941,0.031393,-0.031957,0.978905,-0.016097,0.967603,-0.014821,-0.007316,-0.032961,0.247909,-0.661921,0.965643,0.001323,-0.032396,-0.034094,-0.843310,0.594422,0.967826,0.023642,-0.005107,-0.032120,-0.788990,-0.528521,0.967464,0.007054,0.005009,-0.032326
8.400000,0.327180,0.651095,0.966111,0.001612,0.031694,-0.032122,0.978614,-0.016240,0.966943,-0.014318,-0.006975,-0.033037,0.247939,-0.662571,0.964961,0.001626,-0.032573,-0.034092,-0.842838,0.594321,0.967183,0.023567,-0.005060,-0.032191,-0.788852,-0.528426,0.966817,0.006797,0.004502,-0.032468
8.420000,0.327209,0.651732,0.965467,0.001282,0.031987,-0.032297,0.978333,-0.016376,0.966282,-0.013817,-0.006624,-0.033127,0.247974,-0.663224,0.964279,0.001923,-0.032743,-0.034106,-0.842368,0.594220,0.966538,0.023444,-0.005021,-0.032279,-0.788718,-0.528341,0.966166,0.006548,0.004002,-0.032622
8.440000,0.327231,0.652374,0.964819,0.000953,0.032269,-0.032486,0.978061,-0.016505,0.965618,-0.013332,-0.006268,-0.033235,0.248015,-0.663881,0.963597,0.002212,-0.032902,-0.034141,-0.841901,0.594120,0.965891,0.023293,-0.004992,-0.032387,-0.788590,-0.528266,0.965512,0.006314,0.003518,-0.032790
8.460000,0.327247,0.653023,0.964168,0.000624,0.032540,-0.032689,0.977799,-0.016627,0.964952,-0.012860,-0.005906,-0.033362,0.248062,-0.664540,0.962914,0.002493,-0.033052,-0.034197,-0.841436,0.594020,0.965242,0.023113,-0.004973,-0.032517,-0.788465,-0.528200,0.964854,0.006094,0.003047,-0.032973
8.480000,0.327256,0.653676,0.963512,0.000295,0.032800,-0.032907,0.977547,-0.016741,0.964284,-0.012404,-0.005539,-0.033507,0.248115,-0.665203,0.962229,0.002766,-0.033192,-0.034273,-0.840976,0.593921,0.964591,0.022904,-0.004965,-0.032667,-0.788346,-0.528144,0.964193,0.005889,0.002592,-0.033171
8.500000,0.327259,0.654335,0.962851,-0.000033,0.033050,-0.033139,0.977303,-0.016848,0.963612,-0.011962,-0.005167,-0.033670,0.248173,-0.665868,0.961542,0.003031,-0.033322,-0.034369,-0.840520,0.593822,0.963936,0.022666,-0.004968,-0.032839,-0.788230,-0.528096,0.963527,0.005697,0.002151,-0.033384
8.520000,0.327255,0.654998,0.962186,-0.000360,0.033287,-0.033390,0.977068,-0.016948,0.962937,-0.011543,-0.004793,-0.033857,0.248236,-0.666535,0.960854,0.003286,-0.033442,-0.034491,-0.840070,0.593722,0.963277,0.022413,-0.004983,-0.033035,-0.788118,-0.528057,0.962857,0.005525,0.001729,-0.033616
8.540000,0.327245,0.655666,0.961515,-0.000687,0.033509,-0.033664,0.976841,-0.017040,0.962257,-0.011154,-0.004422,-0.034070,0.248304,-0.667205,0.960163,0.003528,-0.033548,-0.034641,-0.839624,0.593622,0.962614,0.022160,-0.005014,-0.033260,-0.788009,-0.528027,0.962182,0.005376,0.001331,-0.033872
8.560000,0.327228,0.656338,0.960839,-0.001014,0.033717,-0.033960,0.976622,-0.017125,0.961574,-0.010796,-0.004054,-0.034309,0.248377,-0.667877,0.959468,0.003759,-0.033642,-0.034821,-0.839183,0.593521,0.961946,0.021906,-0.005060,-0.033513,-0.787902,-0.528004,0.961502,0.005251,0.000955,-0.034152
8.580000,0.327204,0.657014,0.960157,-0.001339,0.033910,-0.034280,0.976409,-0.017202,0.960885,-0.010469,-0.003688,-0.034576,0.248455,-0.668551,0.958770,0.003977,-0.033724,-0.035029,-0.838748,0.593420,0.961273,0.021653,-0.005122,-0.033795,-0.787798,-0.527989,0.960816,0.005149,0.000603,-0.034455
8.600000,0.327174,0.657694,0.959468,-0.001664,0.034089,-0.034622,0.976203,-0.017272,0.960191,-0.010173,-0.003324,-0.034869,0.248536,-0.669226,0.958067,0.004183,-0.033793,-0.035266,-0.838317,0.593316,0.960594,0.021398,-0.005200,-0.034105,-0.787696,-0.527980,0.960124,0.005071,0.000274,-0.034782
8.620000,0.327137,0.658378,0.958772,-0.001989,0.034251,-0.034991,0.976002,-0.017335,0.959490,-0.009913,-0.002965,-0.035193,0.248622,-0.669903,0.957359,0.004376,-0.033849,-0.035536,-0.837892,0.593212,0.959909,0.021154,-0.005296,-0.034446,-0.787595,-0.527977,0.959424,0.005019,-0.000029,-0.035136
8.640000,0.327094,0.659064,0.958068,-0.002315,0.034398,-0.035390,0.975806,-0.017391,0.958783,-0.009695,-0.002614,-0.035549,0.248711,-0.670580,0.956645,0.004555,-0.033891,-0.035841,-0.837471,0.593104,0.959216,0.020931,-0.005411,-0.034823,-0.787495,-0.527981,0.958718,0.004998,-0.000303,-0.035522
8.660000,0.327045,0.659754,0.957356,-0.002641,0.034527,-0.035819,0.975614,-0.017440,0.958068,-0.009519,-0.002269,-0.035940,0.248804,-0.671258,0.955925,0.004720,-0.033918,-0.036181,-0.837054,0.592995,0.958516,0.020728,-0.005545,-0.035234,-0.787395,-0.527989,0.958003,0.005007,-0.000549,-0.035938
8.680000,0.326989,0.660445,0.956635,-0.002967,0.034640,-0.036278,0.975425,-0.017482,0.957345,-0.009384,-0.001931,-0.036364,0.248900,-0.671937,0.955198,0.004871,-0.033931,-0.036557,-0.836642,0.592883,0.957807,0.020547,-0.005700,-0.035679,-0.787295,-0.528003,0.957280,0.005045,-0.000767,-0.036385
8.700000,0.326926,0.661139,0.955905,-0.003294,0.034736,-0.036768,0.975238,-0.017517,0.956613,-0.009292,-0.001601,-0.036822,0.248999,-0.672615,0.954462,0.005007,-0.033930,-0.036968,-0.836232,0.592767,0.957088,0.020385,-0.005874,-0.036159,-0.787193,-0.528020,0.956548,0.005114,-0.000957,-0.036863
8.720000,0.326857,0.661835,0.955164,-0.003622,0.034814,-0.037290,0.975053,-0.017546,0.955872,-0.009244,-0.001278,-0.037316,0.249100,-0.673294,0.953719,0.005128,-0.033914,-0.037418,-0.835826,0.592647,0.956360,0.020252,-0.006069,-0.036676,-0.787090,-0.528041,0.955805,0.005214,-0.001116,-0.037375
8.740000,0.326781,0.662532,0.954413,-0.003953,0.034875,-0.037848,0.974868,-0.017568,0.955120,-0.009245,-0.000965,-0.037849,0.249204,-0.673972,0.952965,0.005235,-0.033882,-0.037908,-0.835422,0.592524,0.955621,0.020154,-0.006286,-0.037233,-0.786985,-0.528064,0.955053,0.005349,-0.001246,-0.037924
8.760000,0.326699,0.663230,0.953650,-0.004285,0.034918,-0.038442,0.974683,-0.017584,0.954357,-0.009294,-0.000661,-0.038420,0.249309,-0.674649,0.952202,0.005327,-0.033836,-0.038438,-0.835020,0.592396,0.954870,0.020090,-0.006526,-0.037828,-0.786876,-0.528090,0.954288,0.005517,-0.001344,-0.038509
8.780000,0.326610,0.663928,0.952875,-0.004620,0.034944,-0.039072,0.974496,-0.017595,0.953583,-0.009391,-0.000366,-0.039030,0.249417,-0.675325,0.951428,0.005404,-0.033774,-0.039008,-0.834618,0.592263,0.954108,0.020062,-0.006788,-0.038463,-0.786764,-0.528118,0.953512,0.005720,-0.001412,-0.039130
8.800000,0.326514,0.664627,0.952087,-0.004957,0.034951,-0.039737,0.974307,-0.017599,0.952796,-0.009537,-0.000080,-0.039679,0.249526,-0.676000,0.950641,0.005466,-0.033696,-0.039619,-0.834217,0.592124,0.953332,0.020068,-0.007073,-0.039138,-0.786647,-0.528146,0.952723,0.005957,-0.001449,-0.039789
8.820000,0.326412,0.665326,0.951285,-0.005298,0.034941,-0.040440,0.974114,-0.017598,0.951996,-0.009732,0.000196,-0.040369,0.249635,-0.676673,0.949843,0.005513,-0.033604,-0.040272,-0.833815,0.591980,0.952542,0.020114,-0.007381,-0.039853,-0.786525,-0.528176,0.951920,0.006228,-0.001455,-0.040486
8.840000,0.326302,0.666025,0.950469,-0.005642,0.034912,-0.041182,0.973917,-0.017591,0.951181,-0.009979,0.000463,-0.041101,0.249746,-0.677344,0.949030,0.005546,-0.033495,-0.040969,-0.833412,0.591829,0.951737,0.020203,-0.007713,-0.040610,-0.786398,-0.528204,0.951103,0.006536,-0.001430,-0.041223
8.860000,0.326186,0.666723,0.949638,-0.005991,0.034865,-0.041964,0.973715,-0.017579,0.950351,-0.010276,0.000720,-0.041875,0.249857,-0.678012,0.948204,0.005564,-0.033370,-0.041708,-0.833007,0.591671,0.950917,0.020335,-0.008069,-0.041410,-0.786263,-0.528233,0.950271,0.006879,-0.001375,-0.042002
8.880000,0.326062,0.667419,0.948790,-0.006344,0.034800,-0.042786,0.973506,-0.017563,0.949506,-0.010625,0.000967,-0.042691,0.249968,-0.678678,0.947362,0.005567,-0.033230,-0.042492,-0.832598,0.591506,0.950081,0.020511,-0.008449,-0.042252,-0.786122,-0.528259,0.949423,0.007258,-0.001288,-0.042820
8.900000,0.325932,0.668114,0.947926,-0.006701,0.034717,-0.043648,0.973289,-0.017541,0.948643,-0.011025,0.001205,-0.043549,0.250080,-0.679342,0.946504,0.005556,-0.033074,-0.043319,-0.832186,0.591333,0.949227,0.020730,-0.008853,-0.043137,-0.785973,-0.528284,0.948558,0.007674,-0.001171,-0.043680
8.920000,0.325794,0.668808,0.947044,-0.007063,0.034616,-0.044550,0.973064,-0.017514,0.947763,-0.011477,0.001433,-0.044451,0.250191,-0.680001,0.945629,0.005530,-0.032901,-0.044190,-0.831769,0.591152,0.948355,0.020994,-0.009281,-0.044065,-0.785815,-0.528306,0.947675,0.008125,-0.001023,-0.044581
8.940000,0.325649,0.669499,0.946144,-0.007431,0.034497,-0.045495,0.972830,-0.017484,0.946865,-0.011980,0.001652,-0.045398,0.250301,-0.680657,0.944736,0.005491,-0.032713,-0.045107,-0.831346,0.590962,0.947464,0.021305,-0.009734,-0.045037,-0.785648,-0.528325,0.946774,0.008613,-0.000845,-0.045525
8.960000,0.325497,0.670188,0.945224,-0.007805,0.034360,-0.046481,0.972585,-0.017448,0.945947,-0.012534,0.001863,-0.046389,0.250410,-0.681310,0.943824,0.005438,-0.032508,-0.046068,-0.830916,0.590762,0.946553,0.021664,-0.010211,-0.046053,-0.785470,-0.528340,0.945854,0.009137,-0.000638,-0.046513
8.980000,0.325337,0.670873,0.944284,-0.008185,0.034204,-0.047510,0.972328,-0.017409,0.945009,-0.013140,0.002064,-0.047424,0.250518,-0.681958,0.942893,0.005371,-0.032288,-0.047076,-0.830479,0.590553,0.945621,0.022070,-0.010713,-0.047114,-0.785282,-0.528350,0.944914,0.009697,-0.000400,-0.047544
9.000000,0.325170,0.671556,0.943323,-0.008571,0.034031,-0.048581,0.972059,-0.017366,0.944050,-0.013797,0.002256,-0.048504,0.250625,-0.682601,0.941941,0.005290,-0.032051,-0.048128,-0.830033,0.590333,0.944668,0.022524,-0.011240,-0.048220,-0.785082,-0.528355,0.943952,0.010294,-0.000133,-0.048618
9.020000,0.324994,0.672234,0.942341,-0.008964,0.033839,-0.049696,0.971776,-0.017319,0.943069,-0.014504,0.002440,-0.049629,0.250730,-0.683240,0.940967,0.005196,-0.031797,-0.049227,-0.829578,0.590103,0.943692,0.023024,-0.011791,-0.049370,-0.784870,-0.528355,0.942969,0.010927,0.000163,-0.049736
9.040000,0.324811,0.672909,0.941335,-0.009365,0.033630,-0.050854,0.971479,-0.017268,0.942065,-0.015262,0.002617,-0.050799,0.250833,-0.683873,0.939971,0.005089,-0.031527,-0.050372,-0.829112,0.589862,0.942693,0.023574,-0.012367,-0.050566,-0.784645,-0.528349,0.941962,0.011596,0.000486,-0.050899
9.060000,0.324620,0.673579,0.940306,-0.009773,0.033402,-0.052056,0.971165,-0.017214,0.941036,-0.016070,0.002785,-0.052016,0.250933,-0.684501,0.938952,0.004969,-0.031241,-0.051563,-0.828635,0.589608,0.941669,0.024171,-0.012967,-0.051807,-0.784406,-0.528335,0.940932,0.012300,0.000838,-0.052106
9.080000,0.324420,0.674245,0.939253,-0.010189,0.033157,-0.053301,0.970835,-0.017157,0.939984,-0.016928,0.002946,-0.053279,0.251031,-0.685122,0.937908,0.004837,-0.030938,-0.052801,-0.828145,0.589343,0.940620,0.024816,-0.013592,-0.053094,-0.784152,-0.528315,0.939878,0.013041,0.001218,-0.053359
9.100000,0.324212,0.674906,0.938174,-0.010613,0.032893,-0.054591,0.970488,-0.017097,0.938905,-0.017837,0.003099,-0.054588,0.251127,-0.685738,0.936840,0.004692,-0.030619,-0.054085,-0.827642,0.589064,0.939545,0.025509,-0.014242,-0.054427,-0.783884,-0.528287,0.938798,0.013817,0.001626,-0.054657
9.120000,0.323996,0.675561,0.937069,-0.011045,0.032612,-0.055926,0.970122,-0.017033,0.937800,-0.018794,0.003246,-0.055943,0.251219,-0.686347,0.935745,0.004535,-0.030283,-0.055416,-0.827124,0.588773,0.938443,0.026250,-0.014916,-0.055806,-0.783600,-0.528250,0.937691,0.014629,0.002060,-0.056001
9.140000,0.323770,0.676210,0.935936,-0.011487,0.032313,-0.057306,0.969736,-0.016967,0.936667,-0.019800,0.003386,-0.057345,0.251308,-0.686949,0.934623,0.004367,-0.029930,-0.056795,-0.826591,0.588468,0.937313,0.027038,-0.015614,-0.057233,-0.783299,-0.528204,0.936557,0.015476,0.002521,-0.057391
9.160000,0.323536,0.676853,0.934776,-0.011938,0.031996,-0.058731,0.969329,-0.016898,0.935506,-0.020854,0.003520,-0.058795,0.251393,-0.687544,0.933473,0.004186,-0.029560,-0.058221,-0.826042,0.588148,0.936153,0.027873,-0.016336,-0.058706,-0.782980,-0.528149,0.935395,0.016358,0.003007,-0.058828
9.180000,0.323293,0.677490,0.933587,-0.012398,0.031660,-0.060202,0.968901,-0.016826,0.934315,-0.021956,0.003648,-0.060293,0.251475,-0.688131,0.932294,0.003994,-0.029173,-0.059695,-0.825476,0.587814,0.934964,0.028756,-0.017083,-0.060226,-0.782644,-0.528083,0.934204,0.017275,0.003520,-0.060311
9.200000,0.323040,0.678119,0.932368,-0.012867,0.031307,-0.061719,0.968451,-0.016752,0.933094,-0.023106,0.003770,-0.061837,0.251553,-0.688711,0.931084,0.003791,-0.028769,-0.061217,-0.824892,0.587465,0.933744,0.029685,-0.017854,-0.061793,-0.782289,-0.528008,0.932982,0.018228,0.004058,-0.061842
9.220000,0.322778,0.678742,0.931118,-0.013346,0.030936,-0.063282,0.967977,-0.016675,0.931841,-0.024304,0.003887,-0.063430,0.251627,-0.689282,0.929845,0.003576,-0.028348,-0.062787,-0.824288,0.587100,0.932492,0.030661,-0.018650,-0.063408,-0.781915,-0.527921,0.931730,0.019215,0.004622,-0.063419
9.240000,0.322506,0.679357,0.929836,-0.013836,0.030546,-0.064893,0.967478,-0.016596,0.930556,-0.025548,0.003999,-0.065072,0.251696,-0.689845,0.928573,0.003350,-0.027909,-0.064406,-0.823665,0.586719,0.931207,0.031682,-0.019469,-0.065072,-0.781520,-0.527823,0.930445,0.020238,0.005209,-0.065046
9.260000,0.322224,0.679963,0.928522,-0.014337,0.030139,-0.066551,0.966954,-0.016515,0.929238,-0.026839,0.004106,-0.066763,0.251761,-0.690398,0.927268,0.003114,-0.027453,-0.066074,-0.823021,0.586321,0.929889,0.032749,-0.020313,-0.066785,-0.781105,-0.527712,0.929128,0.021295,0.005821,-0.066721
9.280000,0.321933,0.680562,0.927174,-0.014848,0.029713,-0.068256,0.966404,-0.016432,0.927885,-0.028177,0.004209,-0.068504,0.251821,-0.690943,0.925929,0.002867,-0.026979,-0.067791,-0.822355,0.585906,0.928536,0.033861,-0.021181,-0.068547,-0.780668,-0.527590,0.927776,0.022386,0.006457,-0.068445
9.300000,0.321630,0.681152,0.925791,-0.015370,0.029269,-0.070009,0.965827,-0.016347,0.926497,-0.029561,0.004308,-0.070293,0.251875,-0.691477,0.924556,0.002609,-0.026487,-0.069558,-0.821666,0.585473,0.927147,0.035019,-0.022073,-0.070357,-0.780209,-0.527454,0.926390,0.023513,0.007118,-0.070217
9.320000,0.321318,0.681733,0.924373,-0.015904,0.028806,-0.071810,0.965222,-0.016260,0.925073,-0.030991,0.004403,-0.072132,0.251925,-0.692002,0.923147,0.002341,-0.025978,-0.071374,-0.820954,0.585023,0.925721,0.036221,-0.022989,-0.072217,-0.779727,-0.527305,0.924967,0.024674,0.007802,-0.072039
9.340000,0.320994,0.682304,0.922919,-0.016449,0.028325,-0.073662,0.964587,-0.016171,0.923612,-0.032467,0.004495,-0.074023,0.251969,-0.692516,0.921701,0.002063,-0.025450,-0.073242,-0.820217,0.584554,0.924258,0.037467,-0.023929,-0.074128,-0.779222,-0.527142,0.923508,0.025870,0.008508,-0.073912
9.360000,0.320660,0.682866,0.921426,-0.017007,0.027825,-0.075563,0.963923,-0.016080,0.922112,-0.033988,0.004584,-0.075966,0.252007,-0.693020,0.920217,0.001775,-0.024903,-0.075161,-0.819455,0.584065,0.922756,0.038757,-0.024893,-0.076090,-0.778692,-0.526964,0.922010,0.027101,0.009238,-0.075837
9.380000,0.320314,0.683417,0.919896,-0.017577,0.027307,-0.077513,0.963227,-0.015988,0.920573,-0.035555,0.004670,-0.077959,0.252040,-0.693512,0.918694,0.001476,-0.024338,-0.077131,-0.818666,0.583558,0.921214,0.040091,-0.025882,-0.078103,-0.778138,-0.526772,0.920474,0.028367,0.009991,-0.077812
9.400000,0.319956,0.683958,0.918325,-0.018158,0.026770,-0.079514,0.962500,-0.015893,0.918993,-0.037167,0.004753,-0.080004,0.252066,-0.693993,0.917131,0.001168,-0.023755,-0.079153,-0.817851,0.583030,0.919631,0.041469,-0.026894,-0.080167,-0.777557,-0.526565,0.918897,0.029668,0.010766,-0.079839
9.420000,0.319587,0.684488,0.916715,-0.018753,0.026214,-0.081566,0.961740,-0.015797,0.917372,-0.038824,0.004834,-0.082101,0.252087,-0.694462,0.915527,0.000849,-0.023152,-0.081227,-0.817007,0.582482,0.918007,0.042889,-0.027931,-0.082284,-0.776951,-0.526341,0.917280,0.031003,0.011564,-0.081918
9.440000,0.319206,0.685006,0.915062,-0.019361,0.025639,-0.083670,0.960947,-0.015700,0.915709,-0.040527,0.004913,-0.084252,0.252100,-0.694919,0.913882,0.000521,-0.022531,-0.083355,-0.816135,0.581913,0.916339,0.044352,-0.028992,-0.084453,-0.776317,-0.526102,0.915620,0.032374,0.012384,-0.084051
9.460000,0.318813,0.685513,0.913368,-0.019982,0.025045,-0.085826,0.960119,-0.015601,0.914002,-0.042273,0.004990,-0.086457,0.252107,-0.695364,0.912193,0.000184,-0.021891,-0.085536,-0.815233,0.581322,0.914628,0.045856,-0.030077,-0.086676,-0.775656,-0.525846,0.913918,0.033779,0.013226,-0.086237
9.480000,0.318407,0.686008,0.911629,-0.020616,0.024432,-0.088035,0.959256,-0.015500,0.912250,-0.044065,0.005066,-0.088715,0.252108,-0.695795,0.910460,-0.000164,-0.021231,-0.087771,-0.814300,0.580709,0.912872,0.047403,-0.031186,-0.088953,-0.774966,-0.525573,0.912171,0.035220,0.014089,-0.088477
9.500000,0.317988,0.686490,0.909846,-0.021263,0.023800,-0.090296,0.958356,-0.015398,0.910453,-0.045902,0.005140,-0.091027,0.252101,-0.696213,0.908682,-0.000521,-0.020552,-0.090059,-0.813336,0.580074,0.911070,0.048992,-0.032320,-0.091282,-0.774247,-0.525282,0.910378,0.036696,0.014975,-0.090771
9.520000,0.317556,0.686960,0.908017,-0.021925,0.023149,-0.092610,0.957419,-0.015295,0.908609,-0.047782,0.005213,-0.093393,0.252087,-0.696617,0.906857,-0.000887,-0.019855,-0.092401,-0.812340,0.579416,0.909220,0.050622,-0.033477,-0.093666,-0.773498,-0.524974,0.908539,0.038207,0.015882,-0.093119
9.540000,0.317111,0.687416,0.906141,-0.022600,0.022479,-0.094978,0.956444,-0.015190,0.906717,-0.049706,0.005285,-0.095814,0.252065,-0.697007,0.904985,-0.001263,-0.019137,-0.094799,-0.811311,0.578735,0.907323,0.052292,-0.034658,-0.096104,-0.772718,-0.524647,0.906653,0.039753,0.016810,-0.095523
9.560000,0.316652,0.687859,0.904217,-0.023289,0.021790,-0.097400,0.955431,-0.015083,0.904776,-0.051674,0.005357,-0.098289,0.252036,-0.697382,0.903065,-0.001647,-0.018401,-0.097251,-0.810248,0.578030,0.905376,0.054002,-0.035863,-0.098597,-0.771907,-0.524301,0.904718,0.041335,0.017759,-0.097981
9.580000,0.316179,0.688287,0.902245,-0.023993,0.021082,-0.099876,0.954377,-0.014975,0.902785,-0.053686,0.005428,-0.100819,0.251999,-0.697743,0.901095,-0.002041,-0.017645,-0.099759,-0.809151,0.577300,0.903379,0.055752,-0.037092,-0.101144,-0.771064,-0.523936,0.902733,0.042951,0.018729,-0.100495
9.600000,0.315692,0.688702,0.900222,-0.024711,0.020355,-0.102405,0.953283,-0.014866,0.900743,-0.055741,0.005498,-0.103404,0.251954,-0.698088,0.899074,-0.002444,-0.016869,-0.102321,-0.808018,0.576546,0.901330,0.057542,-0.038345,-0.103746,-0.770189,-0.523552,0.900698,0.044603,0.019720,-0.103064
9.620000,0.315191,0.689101,0.898148,-0.025442,0.019609,-0.104988,0.952147,-0.014756,0.898648,-0.057838,0.005568,-0.106043,0.251901,-0.698417,0.897002,-0.002856,-0.016075,-0.104937,-0.806849,0.575767,0.899228,0.059370,-0.039621,-0.106401,-0.769280,-0.523147,0.898610,0.046288,0.020730,-0.105687
9.640000,0.314675,0.689486,0.896022,-0.026188,0.018846,-0.107623,0.950969,-0.014644,0.896501,-0.059975,0.005638,-0.108735,0.251840,-0.698731,0.894876,-0.003277,-0.015262,-0.107607,-0.805643,0.574961,0.897073,0.061234,-0.040918,-0.109109,-0.768337,-0.522722,0.896470,0.048008,0.021760,-0.108364
9.660000,0.314143,0.689855,0.893843,-0.026947,0.018064,-0.110311,0.949748,-0.014530,0.894298,-0.062153,0.005709,-0.111479,0.251770,-0.699028,0.892697,-0.003706,-0.014431,-0.110331,-0.804399,0.574130,0.894864,0.063135,-0.042238,-0.111869,-0.767360,-0.522277,0.894276,0.049760,0.022809,-0.111094
9.680000,0.313597,0.690209,0.891609,-0.027720,0.017265,-0.113051,0.948483,-0.014415,0.892041,-0.064371,0.005779,-0.114276,0.251692,-0.699308,0.890463,-0.004143,-0.013581,-0.113107,-0.803117,0.573272,0.892598,0.065071,-0.043580,-0.114682,-0.766347,-0.521810,0.892026,0.051546,0.023877,-0.113878
9.700000,0.313034,0.690546,0.889320,-0.028508,0.016447,-0.115844,0.947173,-0.014299,0.889727,-0.066630,0.005849,-0.117126,0.251604,-0.699571,0.888172,-0.004588,-0.012713,-0.115937,-0.801796,0.572386,0.890276,0.067043,-0.044944,-0.117547,-0.765298,-0.521322,0.889720,0.053365,0.024963,-0.116716
9.720000,0.312456,0.690866,0.886975,-0.029308,0.015613,-0.118686,0.945817,-0.014181,0.887356,-0.068925,0.005920,-0.120025,0.251508,-0.699816,0.885825,-0.005042,-0.011828,-0.118817,-0.800435,0.571474,0.887896,0.069048,-0.046327,-0.120461,-0.764212,-0.520811,0.887357,0.055216,0.026067,-0.119603
9.740000,0.311862,0.691170,0.884573,-0.030120,0.014764,-0.121574,0.944416,-0.014062,0.884926,-0.071253,0.005991,-0.122968,0.251403,-0.700044,0.883419,-0.005502,-0.010927,-0.121743,-0.799034,0.570533,0.885457,0.071081,-0.047728,-0.123420,-0.763089,-0.520279,0.884936,0.057094,0.027186,-0.122537
9.760000,0.311251,0.691457,0.882112,-0.030944,0.013899,-0.124507,0.942967,-0.013942,0.882437,-0.073614,0.006063,-0.125956,0.251288,-0.700253,0.880955,-0.005969,-0.010011,-0.124714,-0.797592,0.569564,0.882959,0.073142,-0.049147,-0.126423,-0.761928,-0.519724,0.882455,0.059000,0.028321,-0.125517
9.780000,0.310624,0.691726,0.879592,-0.031781,0.013019,-0.127486,0.941471,-0.013820,0.879887,-0.076007,0.006134,-0.128989,0.251164,-0.700444,0.878431,-0.006442,-0.009079,-0.127732,-0.796108,0.568567,0.880400,0.075232,-0.050583,-0.129470,-0.760729,-0.519146,0.879915,0.060935,0.029470,-0.128544
9.800000,0.309980,0.691977,0.877012,-0.032629,0.012124,-0.130511,0.939927,-0.013696,0.877277,-0.078434,0.006207,-0.132067,0.251030,-0.700616,0.875845,-0.006923,-0.008131,-0.130796,-0.794583,0.567541,0.877780,0.077351,-0.052037,-0.132562,-0.759490,-0.518545,0.877313,0.062898,0.030635,-0.131616
9.820000,0.309319,0.692211,0.874371,-0.033486,0.011217,-0.133573,0.938333,-0.013571,0.874604,-0.080885,0.006279,-0.135181,0.250887,-0.700769,0.873198,-0.007409,-0.007171,-0.133897,-0.793014,0.566486,0.875097,0.079490,-0.053504,-0.135690,-0.758212,-0.517920,0.874650,0.064883,0.031811,-0.134726
9.840000,0.308641,0.692426,0.871669,-0.034351,0.010300,-0.136664,0.936691,-0.013445,0.871869,-0.083354,0.006352,-0.138322,0.250734,-0.700903,0.870489,-0.007899,-0.006201,-0.137028,-0.791403,0.565401,0.872352,0.081644,-0.054979,-0.138844,-0.756895,-0.517272,0.871924,0.066885,0.032995,-0.137866
9.860000,0.307945,0.692623,0.868905,-0.035224,0.009373,-0.139785,0.934999,-0.013317,0.869071,-0.085840,0.006425,-0.141491,0.250571,-0.701017,0.867717,-0.008392,-0.005221,-0.140188,-0.789748,0.564286,0.869543,0.083811,-0.056462,-0.142025,-0.755537,-0.516600,0.869135,0.068903,0.034186,-0.141035
9.880000,0.307232,0.692801,0.866078,-0.036103,0.008436,-0.142936,0.933257,-0.013188,0.866210,-0.088343,0.006498,-0.144686,0.250398,-0.701112,0.864881,-0.008890,-0.004232,-0.143378,-0.788050,0.563142,0.866671,0.085993,-0.057953,-0.145233,-0.754139,-0.515905,0.866282,0.070939,0.035386,-0.144233
9.900000,0.306501,0.692960,0.863187,-0.036989,0.007490,-0.146116,0.931465,-0.013057,0.863284,-0.090864,0.006572,-0.147908,0.250215,-0.701187,0.861982,-0.009391,-0.003233,-0.146596,-0.786309,0.561968,0.863734,0.088189,-0.059453,-0.148467,-0.752699,-0.515185,0.863365,0.072991,0.036593,-0.147460
9.920000,0.305752,0.693100,0.860233,-0.037879,0.006539,-0.149311,0.929623,-0.012925,0.860293,-0.093388,0.006645,-0.151142,0.250023,-0.701241,0.859018,-0.009893,-0.002230,-0.149829,-0.784523,0.560764,0.860732,0.090387,-0.060953,-0.151712,-0.751219,-0.514441,0.860384,0.075049,0.037801,-0.150702
9.940000,0.304985,0.693222,0.857215,-0.038766,0.005588,-0.152506,0.927730,-0.012791,0.857238,-0.095904,0.006718,-0.154372,0.249820,-0.701276,0.855989,-0.010394,-0.001227,-0.153061,-0.782693,0.559530,0.857665,0.092574,-0.062445,-0.154952,-0.749697,-0.513673,0.857337,0.077103,0.039005,-0.153942
9.960000,0.304201,0.693324,0.854133,-0.039652,0.004636,-0.155701,0.925787,-0.012656,0.854118,-0.098410,0.006791,-0.157597,0.249607,-0.701290,0.852895,-0.010894,-0.000225,-0.156291,-0.780820,0.558266,0.854534,0.094752,-0.063929,-0.158187,-0.748135,-0.512881,0.854226,0.079153,0.040204,-0.157181
9.980000,0.303399,0.693407,0.850987,-0.040536,0.003685,-0.158896,0.923794,-0.012520,0.850934,-0.100906,0.006863,-0.160817,0.249384,-0.701285,0.849737,-0.011392,0.000777,-0.159521,-0.778903,0.556973,0.851338,0.096920,-0.065405,-0.161416,-0.746531,-0.512065,0.851050,0.081200,0.041398,-0.160418
10.000000,0.302580,0.693471,0.847777,-0.041418,0.002733,-0.162091,0.921751,-0.012382,0.847686,-0.103393,0.006934,-0.164033,0.249151,-0.701259,0.846514,-0.011889,0.001778,-0.162749,-0.776943,0.555650,0.848078,0.099077,-0.066873,-0.164640,-0.744887,-0.511225,0.847809,0.083242,0.042587,-0.163654
10.020000,0.301743,0.693517,0.844503,-0.042292,0.001789,-0.165262,0.919658,-0.012243,0.844373,-0.105850,0.007005,-0.167220,0.248908,-0.701214,0.843227,-0.012381,0.002770,-0.165952,-0.774940,0.554298,0.844753,0.101206,-0.068321,-0.167834,-0.743202,-0.510361,0.844504,0.085264,0.043761,-0.166864
10.040000,0.300888,0.693543,0.841167,-0.043149,0.000859,-0.168387,0.917517,-0.012102,0.840997,-0.108255,0.007073,-0.170353,0.248656,-0.701148,0.839877,-0.012863,0.003746,-0.169105,-0.772895,0.552918,0.841365,0.103287,-0.069736,-0.170973,-0.741477,-0.509475,0.841135,0.087249,0.044910,-0.170024
10.060000,0.300017,0.693551,0.837768,-0.043990,-0.000056,-0.171464,0.915328,-0.011960,0.837559,-0.110609,0.007140,-0.173431,0.248394,-0.701064,0.836463,-0.013336,0.004705,-0.172209,-0.770809,0.551509,0.837914,0.105321,-0.071117,-0.174055,-0.739712,-0.508565,0.837704,0.089198,0.046035,-0.173134
10.080000,0.299129,0.693541,0.834308,-0.044815,-0.000956,-0.174494,0.913093,-0.011816,0.834060,-0.112912,0.007205,-0.176455,0.248123,-0.700960,0.832989,-0.013799,0.005648,-0.175264,-0.768683,0.550073,0.834403,0.107307,-0.072466,-0.177083,-0.737909,-0.507634,0.834210,0.091109,0.047135,-0.176193
10.100000,0.298224,0.693513,0.830789,-0.045624,-0.001842,-0.177477,0.910812,-0.011671,0.830501,-0.115163,0.007268,-0.179424,0.247842,-0.700838,0.829453,-0.014253,0.006575,-0.178269,-0.766517,0.548611,0.830831,0.109246,-0.073781,-0.180054,-0.736068,-0.506680,0.830656,0.092983,0.048211,-0.179202
10.120000,0.297304,0.693467,0.827210,-0.046415,-0.002713,-0.180403,0.908487,-0.011525,0.826884,-0.117357,0.007329,-0.182328,0.247553,-0.700698,0.825858,-0.014697,0.007484,-0.181213,-0.764313,0.547122,0.827201,0.111134,-0.075061,-0.182958,-0.734190,-0.505705,0.827042,0.094817,0.049260,-0.182150
10.140000,0.296368,0.693404,0.823573,-0.047187,-0.003570,-0.183261,0.906118,-0.011378,0.823209,-0.119491,0.007388,-0.185153,0.247254,-0.700539,0.822205,-0.015130,0.008377,-0.184085,-0.762072,0.545608,0.823513,0.112966,-0.076303,-0.185782,-0.732275,-0.504710,0.823371,0.096607,0.050282,-0.185024
10.160000,0.295417,0.693325,0.819880,-0.047940,-0.004413,-0.186052,0.903707,-0.011230,0.819478,-0.121563,0.007444,-0.187900,0.246947,-0.700363,0.818495,-0.015553,0.009253,-0.186886,-0.759795,0.544070,0.819770,0.114742,-0.077507,-0.188526,-0.730326,-0.503694,0.819642,0.098353,0.051277,-0.187826
10.180000,0.294450,0.693228,0.816131,-0.048674,-0.005241,-0.188775,0.901256,-0.011081,0.815693,-0.123574,0.007499,-0.190569,0.246632,-0.700169,0.814730,-0.015966,0.010112,-0.189615,-0.757483,0.542508,0.815973,0.116464,-0.078673,-0.191190,-0.728342,-0.502659,0.815858,0.100055,0.052244,-0.190555
10.200000,0.293470,0.693115,0.812329,-0.049389,-0.006055,-0.191431,0.898765,-0.010930,0.811856,-0.125524,0.007551,-0.193160,0.246309,-0.699958,0.810911,-0.016368,0.010954,-0.192272,-0.755137,0.540924,0.812123,0.118129,-0.079802,-0.193774,-0.726324,-0.501605,0.812020,0.101713,0.053183,-0.193211
10.220000,0.292475,0.692986,0.808475,-0.050083,-0.006854,-0.194011,0.896235,-0.010778,0.807968,-0.127407,0.007601,-0.195662,0.245978,-0.699731,0.807040,-0.016760,0.011779,-0.194848,-0.752758,0.539317,0.808223,0.119735,-0.080891,-0.196268,-0.724273,-0.500532,0.808130,0.103322,0.054094,-0.195784
10.240000,0.291467,0.692841,0.804569,-0.050754,-0.007640,-0.196506,0.893669,-0.010626,0.804030,-0.129217,0.007648,-0.198066,0.245639,-0.699487,0.803118,-0.017140,0.012586,-0.197333,-0.750348,0.537688,0.804273,0.121277,-0.081937,-0.198660,-0.722191,-0.499441,0.804190,0.104879,0.054974,-0.198265
10.260000,0.290445,0.692680,0.800615,-0.051403,-0.008411,-0.198918,0.891067,-0.010473,0.800046,-0.130954,0.007693,-0.200371,0.245292,-0.699227,0.799147,-0.017509,0.013376,-0.199727,-0.747907,0.536039,0.800277,0.122754,-0.082940,-0.200951,-0.720079,-0.498333,0.800200,0.106383,0.055823,-0.200653
10.280000,0.289411,0.692505,0.796613,-0.052030,-0.009168,-0.201245,0.888431,-0.010318,0.796016,-0.132618,0.007735,-0.202577,0.244938,-0.698952,0.795129,-0.017866,0.014149,-0.202031,-0.745438,0.534371,0.796236,0.124168,-0.083901,-0.203140,-0.717936,-0.497208,0.796164,0.107834,0.056642,-0.202949
10.300000,0.288364,0.692314,0.792566,-0.052634,-0.009910,-0.203488,0.885763,-0.010163,0.791943,-0.134209,0.007774,-0.204685,0.244577,-0.698662,0.791066,-0.018212,0.014904,-0.204244,-0.742941,0.532684,0.792152,0.125516,-0.084819,-0.205228,-0.715766,-0.496068,0.792083,0.109232,0.057430,-0.205152
10.320000,0.287305,0.692108,0.788474,-0.053213,-0.010639,-0.205642,0.883064,-0.010007,0.787829,-0.135722,0.007810,-0.206686,0.244210,-0.698356,0.786960,-0.018545,0.015642,-0.206359,-0.740418,0.530978,0.788027,0.126797,-0.085692,-0.207208,-0.713568,-0.494911,0.787959,0.110572,0.058187,-0.207257
10.340000,0.286236,0.691888,0.784341,-0.053767,-0.011354,-0.207702,0.880335,-0.009851,0.783676,-0.137150,0.007844,-0.208575,0.243836,-0.698036,0.782813,-0.018867,0.016361,-0.208371,-0.737870,0.529256,0.783864,0.128006,-0.086519,-0.209070,-0.711343,-0.493740,0.783793,0.111851,0.058911,-0.209255
10.360000,0.285155,0.691654,0.780167,-0.054294,-0.012055,-0.209668,0.877578,-0.009694,0.779487,-0.138494,0.007874,-0.210350,0.243455,-0.697702,0.778626,-0.019176,0.017063,-0.210279,-0.735298,0.527518,0.779665,0.129144,-0.087300,-0.210817,-0.709094,-0.492555,0.779589,0.113068,0.059602,-0.211148
10.380000,0.284064,0.691406,0.775954,-0.054796,-0.012741,-0.211539,0.874796,-0.009536,0.775263,-0.139754,0.007901,-0.212012,0.243069,-0.697354,0.774402,-0.019473,0.017747,-0.212084,-0.732704,0.525765,0.775432,0.130209,-0.088035,-0.212446,-0.706821,-0.491356,0.775348,0.114223,0.060260,-0.212935
10.400000,0.282963,0.691145,0.771706,-0.055272,-0.013414,-0.213316,0.871989,-0.009378,0.771007,-0.140929,0.007925,-0.213561,0.242676,-0.696992,0.770143,-0.019757,0.018413,-0.213784,-0.730090,0.523997,0.771168,0.131203,-0.088723,-0.213960,-0.704525,-0.490145,0.771072,0.115316,0.060885,-0.214615
10.420000,0.281853,0.690870,0.767422,-0.055720,-0.014073,-0.214996,0.869159,-0.009219,0.766722,-0.142014,0.007946,-0.214992,0.242279,-0.696617,0.765852,-0.020029,0.019060,-0.215377,-0.727457,0.522216,0.766875,0.132122,-0.089363,-0.215350,-0.702209,-0.488921,0.766764,0.116342,0.061476,-0.216185
10.440000,0.280735,0.690582,0.763107,-0.056138,-0.014718,-0.216576,0.866309,-0.009060,0.762408,-0.143003,0.007964,-0.216298,0.241875,-0.696230,0.761529,-0.020287,0.019689,-0.216855,-0.724806,0.520423,0.762555,0.132962,-0.089953,-0.216613,-0.699872,-0.487686,0.762426,0.117296,0.062032,-0.217639
10.460000,0.279608,0.690281,0.758760,-0.056527,-0.015349,-0.218054,0.863439,-0.008900,0.758070,-0.143894,0.007978,-0.217480,0.241467,-0.695830,0.757178,-0.020532,0.020299,-0.218221,-0.722139,0.518618,0.758211,0.133724,-0.090494,-0.217747,-0.697517,-0.486440,0.758059,0.118177,0.062554,-0.218977
10.480000,0.278474,0.689968,0.754385,-0.056886,-0.015966,-0.219433,0.860553,-0.008741,0.753710,-0.144689,0.007988,-0.218538,0.241054,-0.695418,0.752801,-0.020764,0.020890,-0.219472,-0.719457,0.516803,0.753846,0.134407,-0.090985,-0.218752,-0.695146,-0.485184,0.753667,0.118986,0.063040,-0.220198
10.500000,0.277333,0.689643,0.749983,-0.057215,-0.016569,-0.220710,0.857653,-0.008581,0.749330,-0.145388,0.007995,-0.219473,0.240637,-0.694994,0.748400,-0.020982,0.021463,-0.220610,-0.716763,0.514979,0.749462,0.135011,-0.091427,-0.219630,-0.692758,-0.483919,0.749252,0.119723,0.063492,-0.221303
10.520000,0.276185,0.689305,0.745557,-0.057512,-0.017157,-0.221885,0.854739,-0.008421,0.744932,-0.145983,0.007998,-0.220278,0.240215,-0.694560,0.743977,-0.021187,0.022016,-0.221630,-0.714058,0.513147,0.745062,0.135532,-0.091818,-0.220373,-0.690357,-0.482645,0.744816,0.120381,0.063908,-0.222287
10.540000,0.275033,0.688956,0.741109,-0.057775,-0.017731,-0.222953,0.851814,-0.008261,0.740519,-0.146467,0.007998,-0.220949,0.239789,-0.694114,0.739536,-0.021377,0.022549,-0.222528,-0.711342,0.511307,0.740648,0.135968,-0.092156,-0.220978,-0.687944,-0.481363,0.740362,0.120954,0.064286,-0.223146
10.560000,0.273875,0.688596,0.736640,-0.058004,-0.018291,-0.223915,0.848881,-0.008101,0.736095,-0.146841,0.007993,-0.221487,0.239360,-0.693658,0.735077,-0.021553,0.023063,-0.223303,-0.708619,0.509461,0.736223,0.136319,-0.092442,-0.221444,-0.685520,-0.480074,0.735891,0.121442,0.064628,-0.223879
10.580000,0.272713,0.688225,0.732153,-0.058199,-0.018836,-0.224772,0.845941,-0.007941,0.731661,-0.147105,0.007985,-0.221891,0.238927,-0.693191,0.730604,-0.021714,0.023556,-0.223955,-0.705890,0.507609,0.731791,0.136583,-0.092676,-0.221771,-0.683087,-0.478778,0.731407,0.121845,0.064932,-0.224485
10.600000,0.271547,0.687843,0.727650,-0.058359,-0.019366,-0.225522,0.842997,-0.007782,0.727220,-0.147258,0.007973,-0.222161,0.238492,-0.692716,0.726120,-0.021861,0.024029,-0.224484,-0.703157,0.505754,0.727354,0.136761,-0.092856,-0.221959,-0.680646,-0.477476,0.726913,0.122163,0.065200,-0.224967
10.620000,0.270378,0.687450,0.723133,-0.058483,-0.019881,-0.226163,0.840052,-0.007622,0.722775,-0.147293,0.007957,-0.222293,0.238053,-0.692230,0.721626,-0.021993,0.024481,-0.224885,-0.700420,0.503895,0.722914,0.136851,-0.092984,-0.222004,-0.678201,-0.476170,0.722410,0.122388,0.065429,-0.225317
10.640000,0.269208,0.687048,0.718604,-0.058567,-0.020381,-0.226693,0.837106,-0.007463,0.718329,-0.147203,0.007936,-0.222281,0.237612,-0.691736,0.717125,-0.022110,0.024912,-0.225155,-0.697683,0.502035,0.718474,0.136847,-0.093056,-0.221899,-0.675752,-0.474860,0.717901,0.122514,0.065620,-0.225531
10.660000,0.268036,0.686635,0.714066,-0.058612,-0.020865,-0.227110,0.834164,-0.007305,0.713885,-0.146988,0.007911,-0.222127,0.237169,-0.691234,0.712621,-0.022211,0.025322,-0.225291,-0.694947,0.500174,0.714039,0.136751,-0.093073,-0.221646,-0.673301,-0.473546,0.713389,0.122540,0.065771,-0.225609
10.680000,0.266864,0.686213,0.709520,-0.058618,-0.021334,-0.227415,0.831228,-0.007147,0.709445,-0.146648,0.007882,-0.221830,0.236724,-0.690724,0.708114,-0.022296,0.025710,-0.225295,-0.692214,0.498312,0.709610,0.136563,-0.093036,-0.221244,-0.670851,-0.472229,0.708877,0.122467,0.065883,-0.225552
10.700000,0.265692,0.685782,0.704970,-0.058584,-0.021788,-0.227608,0.828299,-0.006990,0.705013,-0.146182,0.007849,-0.221390,0.236277,-0.690206,0.703610,-0.022366,0.026077,-0.225167,-0.689485,0.496453,0.705190,0.136281,-0.092944,-0.220693,-0.668403,-0.470911,0.704368,0.122294,0.065955,-0.225358
10.720000,0.264521,0.685342,0.700417,-0.058507,-0.022225,-0.227685,0.825381,-0.006833,0.700591,-0.145584,0.007812,-0.220803,0.235829,-0.689681,0.699109,-0.022419,0.026421,-0.224901,-0.686763,0.494595,0.700783,0.135905,-0.092796,-0.219989,-0.665960,-0.469591,0.699864,0.122013,0.065988,-0.225023
10.740000,0.263352,0.684893,0.695863,-0.058386,-0.022646,-0.227643,0.822477,-0.006677,0.696182,-0.144846,0.007769,-0.220064,0.235380,-0.689149,0.694615,-0.022455,0.026743,-0.224491,-0.684050,0.492741,0.696391,0.135430,-0.092592,-0.219127,-0.663523,-0.468271,0.695368,0.121616,0.065980,-0.224542
10.760000,0.262185,0.684436,0.691312,-0.058220,-0.023049,-0.227481,0.819588,-0.006522,0.691789,-0.143968,0.007723,-0.219174,0.234931,-0.688611,0.690130,-0.022475,0.027041,-0.223938,-0.681347,0.490892,0.692019,0.134858,-0.092331,-0.218107,-0.661096,-0.466952,0.690883,0.121103,0.065931,-0.223913
10.780000,0.261023,0.683971,0.686765,-0.058008,-0.023437,-0.227200,0.816719,-0.006368,0.687416,-0.142951,0.007671,-0.218132,0.234481,-0.688068,0.685658,-0.022478,0.027317,-0.223241,-0.678656,0.489048,0.687668,0.134187,-0.092015,-0.216930,-0.658680,-0.465634,0.686413,0.120474,0.065842,-0.223138
10.800000,0.259865,0.683499,0.682225,-0.057751,-0.023807,-0.226799,0.813871,-0.006216,0.683065,-0.141794,0.007615,-0.216939,0.234032,-0.687519,0.681201,-0.022464,0.027569,-0.222402,-0.675980,0.487212,0.683343,0.133418,-0.091643,-0.215594,-0.656277,-0.464319,0.681959,0.119730,0.065711,-0.222215
10.820000,0.258713,0.683019,0.677694,-0.057446,-0.024161,-0.226274,0.811048,-0.006064,0.678739,-0.140505,0.007555,-0.215598,0.233583,-0.686965,0.676763,-0.022432,0.027798,-0.221413,-0.673320,0.485383,0.679045,0.132563,-0.091223,-0.214105,-0.653891,-0.463006,0.677525,0.118875,0.065548,-0.221151
10.840000,0.257568,0.682532,0.673175,-0.057090,-0.024496,-0.225620,0.808252,-0.005913,0.674442,-0.139092,0.007491,-0.214112,0.233135,-0.686407,0.672346,-0.022382,0.028003,-0.220269,-0.670678,0.483563,0.674780,0.131631,-0.090765,-0.212465,-0.651523,-0.461697,0.673114,0.117917,0.065362,-0.219951
10.860000,0.256430,0.682039,0.668670,-0.056682,-0.024813,-0.224838,0.805485,-0.005764,0.670176,-0.137555,0.007423,-0.212482,0.232688,-0.685845,0.667953,-0.022315,0.028184,-0.218971,-0.668055,0.481752,0.670548,0.130622,-0.090269,-0.210675,-0.649175,-0.460392,0.668728,0.116855,0.065151,-0.218614
10.880000,0.255301,0.681540,0.664182,-0.056224,-0.025111,-0.223927,0.802750,-0.005616,0.665944,-0.135894,0.007352,-0.210708,0.232242,-0.685280,0.663588,-0.022229,0.028340,-0.217518,-0.665453,0.479952,0.666354,0.129538,-0.089734,-0.208734,-0.646850,-0.459091,0.664370,0.115690,0.064917,-0.217141
10.900000,0.254182,0.681035,0.659714,-0.055714,-0.025392,-0.222887,0.800050,-0.005470,0.661748,-0.134110,0.007276,-0.208789,0.231799,-0.684712,0.659253,-0.022126,0.028472,-0.215910,-0.662874,0.478163,0.662200,0.128377,-0.089162,-0.206643,-0.644548,-0.457795,0.660043,0.114421,0.064660,-0.215531
10.920000,0.253073,0.680524,0.655267,-0.055157,-0.025663,-0.221727,0.797387,-0.005325,0.657593,-0.132206,0.007196,-0.206729,0.231357,-0.684141,0.654953,-0.022008,0.028589,-0.214155,-0.660319,0.476386,0.658089,0.127148,-0.088557,-0.204404,-0.642273,-0.456505,0.655750,0.113050,0.064384,-0.213786
10.940000,0.251976,0.680008,0.650845,-0.054558,-0.025933,-0.220453,0.794763,-0.005182,0.653480,-0.130187,0.007114,-0.204530,0.230919,-0.683568,0.650688,-0.021881,0.028701,-0.212261,-0.657789,0.474621,0.654024,0.125859,-0.087928,-0.202021,-0.640027,-0.455220,0.651492,0.111578,0.064097,-0.211910
10.960000,0.250891,0.679487,0.646450,-0.053917,-0.026201,-0.219067,0.792180,-0.005041,0.649413,-0.128053,0.007027,-0.202192,0.230482,-0.682993,0.646463,-0.021743,0.028806,-0.210227,-0.655285,0.472869,0.650009,0.124510,-0.087274,-0.199494,-0.637811,-0.453941,0.647274,0.110005,0.063798,-0.209901
10.980000,0.249819,0.678960,0.642083,-0.053232,-0.026469,-0.217567,0.789641,-0.004901,0.645393,-0.125805,0.006937,-0.199714,0.230049,-0.682416,0.642280,-0.021595,0.028906,-0.208054,-0.652809,0.471130,0.646046,0.123100,-0.086596,-0.196823,-0.635627,-0.452668,0.643097,0.108332,0.063487,-0.207760
11.000000,0.248762,0.678428,0.637748,-0.052506,-0.026734,-0.215954,0.787149,-0.004763,0.641425,-0.123442,0.006844,-0.197098,0.229619,-0.681837,0.638142,-0.021437,0.029001,-0.205741,-0.650361,0.469405,0.642137,0.121630,-0.085892,-0.194008,-0.633478,-0.451402,0.638965,0.106558,0.063163,-0.205487
11.020000,0.247719,0.677891,0.633446,-0.051739,-0.027004,-0.214230,0.784704,-0.004627,0.637510,-0.120969,0.006748,-0.194346,0.229191,-0.681256,0.634051,-0.021272,0.029096,-0.203292,-0.647944,0.467695,0.638286,0.120107,-0.085169,-0.191053,-0.631366,-0.450142,0.634879,0.104683,0.062833,-0.203082
11.040000,0.246692,0.677348,0.629179,-0.050933,-0.027284,-0.212400,0.782311,-0.004494,0.633652,-0.118389,0.006648,-0.191462,0.228768,-0.680673,0.630011,-0.021102,0.029198,-0.200714,-0.645557,0.465999,0.634496,0.118538,-0.084433,-0.187962,-0.629292,-0.448888,0.630842,0.102705,0.062498,-0.200547
11.060000,0.245682,0.676800,0.624951,-0.050090,-0.027573,-0.210463,0.779970,-0.004362,0.629853,-0.115703,0.006546,-0.188445,0.228347,-0.680088,0.626024,-0.020928,0.029307,-0.198004,-0.643203,0.464318,0.630769,0.116923,-0.083684,-0.184736,-0.627258,-0.447642,0.626858,0.100626,0.062160,-0.197881
11.080000,0.244689,0.676245,0.620762,-0.049208,-0.027871,-0.208418,0.777683,-0.004232,0.626115,-0.112911,0.006441,-0.185296,0.227931,-0.679501,0.622092,-0.020749,0.029424,-0.195164,-0.640881,0.462652,0.627107,0.115262,-0.082921,-0.181375,-0.625267,-0.446402,0.622928,0.098444,0.061819,-0.195084
11.100000,0.243714,0.675685,0.616615,-0.048289,-0.028179,-0.206266,0.775454,-0.004104,0.622442,-0.110013,0.006332,-0.182014,0.227517,-0.678911,0.618218,-0.020566,0.029548,-0.192194,-0.638592,0.461001,0.623514,0.113555,-0.082145,-0.177879,-0.623321,-0.445169,0.619055,0.096161,0.061475,-0.192156
11.120000,0.242758,0.675118,0.612512,-0.047332,-0.028498,-0.204006,0.773283,-0.003978,0.618835,-0.107014,0.006221,-0.178605,0.227108,-0.678319,0.614405,-0.020379,0.029683,-0.189095,-0.636339,0.459366,0.619993,0.111808,-0.081360,-0.174253,-0.621422,-0.443943,0.615242,0.093774,0.061129,-0.189098
11.140000,0.241821,0.674545,0.608455,-0.046339,-0.028833,-0.201637,0.771174,-0.003855,0.615298,-0.103919,0.006108,-0.175072,0.226702,-0.677723,0.610655,-0.020192,0.029833,-0.185871,-0.634120,0.457746,0.616545,0.110030,-0.080572,-0.170505,-0.619571,-0.442724,0.611492,0.091282,0.060785,-0.185908
11.160000,0.240904,0.673965,0.604447,-0.045310,-0.029182,-0.199158,0.769127,-0.003734,0.611833,-0.100730,0.005992,-0.171417,0.226300,-0.677125,0.606971,-0.020004,0.029999,-0.182522,-0.631938,0.456143,0.613174,0.108218,-0.079779,-0.166634,-0.617771,-0.441512,0.607807,0.088684,0.060443,-0.182587
11.180000,0.240009,0.673377,0.600490,-0.044244,-0.029545,-0.196570,0.767145,-0.003615,0.608443,-0.097444,0.005874,-0.167638,0.225902,-0.676523,0.603355,-0.019814,0.030180,-0.179047,-0.629792,0.454555,0.609881,0.106375,-0.078983,-0.162641,-0.616024,-0.440306,0.604190,0.085982,0.060103,-0.179134
11.200000,0.239135,0.672783,0.596585,-0.043143,-0.029924,-0.193872,0.765230,-0.003499,0.605129,-0.094064,0.005753,-0.163736,0.225508,-0.675918,0.599810,-0.019624,0.030377,-0.175447,-0.627683,0.452984,0.606669,0.104499,-0.078184,-0.158526,-0.614333,-0.439107,0.600643,0.083174,0.059765,-0.175551
11.220000,0.238283,0.672180,0.592735,-0.042005,-0.030315,-0.191058,0.763383,-0.003385,0.601894,-0.090594,0.005630,-0.159717,0.225117,-0.675308,0.596338,-0.019434,0.030590,-0.171721,-0.625612,0.451428,0.603540,0.102596,-0.077383,-0.154296,-0.612698,-0.437915,0.597168,0.080258,0.059428,-0.171834
11.240000,0.237455,0.671570,0.588943,-0.040830,-0.030720,-0.188122,0.761607,-0.003274,0.598741,-0.087041,0.005505,-0.155584,0.224730,-0.674694,0.592942,-0.019244,0.030820,-0.167871,-0.623579,0.449888,0.600498,0.100671,-0.076584,-0.149960,-0.611123,-0.436730,0.593770,0.077233,0.059093,-0.167981
11.260000,0.236650,0.670951,0.585211,-0.039619,-0.031137,-0.185062,0.759902,-0.003165,0.595671,-0.083406,0.005379,-0.151339,0.224347,-0.674075,0.589624,-0.019054,0.031068,-0.163895,-0.621585,0.448365,0.597543,0.098724,-0.075786,-0.145517,-0.609609,-0.435552,0.590450,0.074096,0.058759,-0.163993
11.280000,0.235870,0.670324,0.581542,-0.038371,-0.031567,-0.181880,0.758271,-0.003059,0.592688,-0.079687,0.005250,-0.146981,0.223968,-0.673451,0.586387,-0.018865,0.031333,-0.159795,-0.619630,0.446857,0.594678,0.096755,-0.074989,-0.140968,-0.608160,-0.434380,0.587211,0.070849,0.058427,-0.159869
11.300000,0.235116,0.669689,0.577937,-0.037087,-0.032009,-0.178574,0.756715,-0.002955,0.589793,-0.075885,0.005120,-0.142510,0.223593,-0.672822,0.583233,-0.018677,0.031616,-0.155569,-0.617715,0.445365,0.591905,0.094764,-0.074194,-0.136312,-0.606776,-0.433215,0.584056,0.067492,0.058096,-0.155610
11.320000,0.234387,0.669044,0.574400,-0.035767,-0.032464,-0.175142,0.755236,-0.002854,0.586988,-0.072017,0.004988,-0.137941,0.223221,-0.672187,0.580165,-0.018490,0.031918,-0.151226,-0.615840,0.443889,0.589226,0.092762,-0.073405,-0.131569,-0.605461,-0.432056,0.580988,0.064029,0.057768,-0.151220
11.340000,0.233685,0.668390,0.570932,-0.034415,-0.032930,-0.171578,0.753835,-0.002756,0.584276,-0.068101,0.004855,-0.133288,0.222853,-0.671545,0.577185,-0.018306,0.032243,-0.146770,-0.614005,0.442429,0.586642,0.090760,-0.072628,-0.126756,-0.604216,-0.430904,0.578008,0.060465,0.057442,-0.146704
11.360000,0.233011,0.667727,0.567537,-0.033030,-0.033409,-0.167883,0.752513,-0.002660,0.581657,-0.064135,0.004721,-0.128551,0.222489,-0.670897,0.574295,-0.018126,0.032591,-0.142203,-0.612209,0.440984,0.584156,0.088757,-0.071861,-0.121874,-0.603043,-0.429758,0.575120,0.056800,0.057121,-0.142061
11.380000,0.232364,0.667054,0.564218,-0.031611,-0.033900,-0.164056,0.751270,-0.002567,0.579134,-0.060121,0.004586,-0.123731,0.222128,-0.670241,0.571497,-0.017950,0.032960,-0.137524,-0.610454,0.439554,0.581768,0.086753,-0.071106,-0.116922,-0.601944,-0.428619,0.572327,0.053034,0.056802,-0.137291
11.400000,0.231747,0.666371,0.560976,-0.030160,-0.034403,-0.160098,0.750108,-0.002476,0.576709,-0.056058,0.004451,-0.118827,0.221771,-0.669578,0.568795,-0.017776,0.033353,-0.132734,-0.608739,0.438140,0.579480,0.084749,-0.070362,-0.111901,-0.600922,-0.427486,0.569630,0.049167,0.056487,-0.132395
11.420000,0.231158,0.665677,0.557815,-0.028680,-0.034920,-0.156011,0.749028,-0.002389,0.574382,-0.051963,0.004314,-0.113855,0.221417,-0.668907,0.566189,-0.017608,0.033770,-0.127845,-0.607064,0.436740,0.577292,0.082754,-0.069632,-0.106832,-0.599978,-0.426360,0.567032,0.045221,0.056177,-0.127394
11.440000,0.230600,0.664974,0.554736,-0.027173,-0.035455,-0.151797,0.748030,-0.002304,0.572155,-0.047851,0.004178,-0.108830,0.221067,-0.668227,0.563681,-0.017446,0.034215,-0.122871,-0.605429,0.435354,0.575206,0.080777,-0.068919,-0.101735,-0.599114,-0.425239,0.564534,0.041221,0.055875,-0.122308
11.460000,0.230071,0.664259,0.551744,-0.025641,-0.036006,-0.147456,0.747114,-0.002222,0.570029,-0.043724,0.004041,-0.103753,0.220719,-0.667538,0.561274,-0.017291,0.034688,-0.117811,-0.603833,0.433983,0.573223,0.078818,-0.068224,-0.096611,-0.598330,-0.424125,0.562140,0.037166,0.055581,-0.117139
11.480000,0.229574,0.663533,0.548839,-0.024083,-0.036575,-0.142989,0.746281,-0.002142,0.568005,-0.039580,0.003905,-0.098624,0.220375,-0.666839,0.558969,-0.017143,0.035189,-0.112666,-0.602276,0.432625,0.571342,0.076877,-0.067546,-0.091460,-0.597627,-0.423016,0.559849,0.033056,0.055294,-0.111884
11.500000,0.229108,0.662796,0.546025,-0.022499,-0.037161,-0.138395,0.745531,-0.002066,0.566084,-0.035420,0.003768,-0.093442,0.220033,-0.666130,0.556768,-0.017002,0.035717,-0.107436,-0.600758,0.431281,0.569565,0.074954,-0.066885,-0.086281,-0.597008,-0.421913,0.557665,0.028891,0.055015,-0.106546
11.520000,0.228674,0.662047,0.543304,-0.020896,-0.037767,-0.133693,0.744864,-0.001992,0.564267,-0.031260,0.003631,-0.088226,0.219695,-0.665411,0.554672,-0.016870,0.036275,-0.102142,-0.599278,0.429950,0.567891,0.073055,-0.066243,-0.081095,-0.596472,-0.420815,0.555588,0.024694,0.054744,-0.101147
11.540000,0.228273,0.661285,0.540678,-0.019279,-0.038397,-0.128899,0.744280,-0.001920,0.562555,-0.027117,0.003495,-0.082994,0.219359,-0.664679,0.552683,-0.016748,0.036864,-0.096805,-0.597836,0.428631,0.566321,0.071188,-0.065622,-0.075920,-0.596020,-0.419723,0.553619,0.020487,0.054483,-0.095711
11.560000,0.227903,0.660511,0.538149,-0.017649,-0.039049,-0.124015,0.743779,-0.001852,0.560948,-0.022989,0.003360,-0.077747,0.219025,-0.663936,0.550800,-0.016637,0.037484,-0.091427,-0.596430,0.427325,0.564854,0.069352,-0.065021,-0.070758,-0.595653,-0.418636,0.551760,0.016272,0.054230,-0.090238
11.580000,0.227567,0.659723,0.535718,-0.016007,-0.039724,-0.119040,0.743361,-0.001786,0.559445,-0.018879,0.003225,-0.072484,0.218693,-0.663180,0.549026,-0.016537,0.038136,-0.086006,-0.595061,0.426030,0.563490,0.067548,-0.064440,-0.065607,-0.595369,-0.417554,0.550010,0.012047,0.053987,-0.084728
11.600000,0.227263,0.658921,0.533388,-0.014351,-0.040423,-0.113973,0.743024,-0.001723,0.558049,-0.014784,0.003091,-0.067205,0.218363,-0.662410,0.547361,-0.016448,0.038818,-0.080543,-0.593728,0.424747,0.562230,0.065774,-0.063880,-0.060468,-0.595171,-0.416476,0.548371,0.007812,0.053753,-0.079181
11.620000,0.226993,0.658106,0.531159,-0.012691,-0.041144,-0.108844,0.742769,-0.001662,0.556757,-0.010723,0.002959,-0.061934,0.218035,-0.661627,0.545804,-0.016371,0.039530,-0.075068,-0.592430,0.423475,0.561072,0.064034,-0.063340,-0.055353,-0.595057,-0.415403,0.546843,0.003593,0.053527,-0.073625
11.640000,0.226755,0.657276,0.529034,-0.011037,-0.041889,-0.103677,0.742595,-0.001604,0.555571,-0.006714,0.002827,-0.056695,0.217708,-0.660829,0.544358,-0.016308,0.040268,-0.069609,-0.591166,0.422213,0.560015,0.062329,-0.062818,-0.050275,-0.595027,-0.414335,0.545426,-0.000589,0.053309,-0.068088
11.660000,0.226551,0.656430,0.527012,-0.009389,-0.042657,-0.098475,0.742500,-0.001549,0.554489,-0.002757,0.002698,-0.051487,0.217383,-0.660016,0.543020,-0.016259,0.041032,-0.064167,-0.589937,0.420962,0.559060,0.060658,-0.062315,-0.045232,-0.595080,-0.413271,0.544119,-0.004734,0.053099,-0.062570
11.680000,0.226380,0.655569,0.525095,-0.007747,-0.043448,-0.093237,0.742484,-0.001496,0.553511,0.001148,0.002569,-0.046310,0.217058,-0.659187,0.541791,-0.016224,0.041823,-0.058742,-0.588740,0.419720,0.558206,0.059023,-0.061830,-0.040226,-0.595216,-0.412211,0.542923,-0.008840,0.052896,-0.057071
11.700000,0.226241,0.654692,0.523283,-0.006110,-0.044263,-0.087962,0.742546,-0.001446,0.552637,0.005002,0.002443,-0.041165,0.216734,-0.658343,0.540670,-0.016203,0.042641,-0.053334,-0.587576,0.418489,0.557451,0.057422,-0.061364,-0.035256,-0.595434,-0.411155,0.541836,-0.012908,0.052701,-0.051592
11.720000,0.226135,0.653798,0.521577,-0.004484,-0.045101,-0.082666,0.742684,-0.001399,0.551864,0.008792,0.002318,-0.036069,0.216410,-0.657482,0.539657,-0.016196,0.043479,-0.047981,-0.586443,0.417266,0.556795,0.055857,-0.060915,-0.030337,-0.595732,-0.410103,0.540859,-0.016923,0.052512,-0.046151
11.740000,0.226062,0.652888,0.519977,-0.002877,-0.045966,-0.077363,0.742897,-0.001354,0.551193,0.012509,0.002195,-0.031037,0.216086,-0.656603,0.538750,-0.016206,0.044333,-0.042721,-0.585341,0.416052,0.556237,0.054330,-0.060482,-0.025484,-0.596110,-0.409055,0.539990,-0.020870,0.052328,-0.040770
11.760000,0.226020,0.651960,0.518483,-0.001286,-0.046855,-0.072052,0.743184,-0.001311,0.550622,0.016152,0.002074,-0.026070,0.215761,-0.655708,0.537948,-0.016232,0.045202,-0.037555,-0.584269,0.414846,0.555775,0.052840,-0.060065,-0.020696,-0.596566,-0.408010,0.539228,-0.024747,0.052148,-0.035447
11.780000,0.226010,0.651013,0.517095,0.000286,-0.047771,-0.066734,0.743542,-0.001271,0.550150,0.019720,0.001955,-0.021169,0.215436,-0.654795,0.537247,-0.016273,0.046085,-0.032482,-0.583227,0.413649,0.555409,0.051387,-0.059664,-0.015974,-0.597099,-0.406969,0.538572,-0.028555,0.051973,-0.030183
11.800000,0.226031,0.650049,0.515813,0.001842,-0.048711,-0.061410,0.743972,-0.001233,0.549775,0.023214,0.001839,-0.016332,0.215110,-0.653865,0.536648,-0.016331,0.046985,-0.027502,-0.582214,0.412460,0.555136,0.049972,-0.059278,-0.011318,-0.597708,-0.405931,0.538020,-0.032295,0.051803,-0.024978
11.820000,0.226084,0.649065,0.514638,0.003369,-0.049675,-0.056100,0.744470,-0.001197,0.549496,0.026628,0.001724,-0.011573,0.214783,-0.652916,0.536147,-0.016405,0.047896,-0.022637,-0.581228,0.411278,0.554956,0.048593,-0.058906,-0.006739,-0.598391,-0.404897,0.537572,-0.035955,0.051635,-0.019847
11.840000,0.226166,0.648062,0.513569,0.004858,-0.050660,-0.050827,0.745036,-0.001164,0.549312,0.029953,0.001612,-0.006903,0.214454,-0.651949,0.535741,-0.016495,0.048817,-0.017908,-0.580270,0.410103,0.554866,0.047248,-0.058542,-0.002249,-0.599146,-0.403866,0.537226,-0.039527,0.051467,-0.014802
11.860000,0.226278,0.647038,0.512605,0.006309,-0.051666,-0.045591,0.745668,-0.001133,0.549220,0.033189,0.001503,-0.002323,0.214123,-0.650963,0.535429,-0.016601,0.049747,-0.013314,-0.579338,0.408936,0.554865,0.045937,-0.058187,0.002151,-0.599971,-0.402838,0.536979,-0.043009,0.051299,-0.009845
11.880000,0.226418,0.645995,0.511745,0.007722,-0.052692,-0.040392,0.746363,-0.001104,0.549218,0.036338,0.001395,0.002167,0.213790,-0.649959,0.535208,-0.016724,0.050686,-0.008857,-0.578432,0.407776,0.554951,0.044661,-0.057842,0.006461,-0.600865,-0.401814,0.536831,-0.046402,0.051130,-0.004976
11.900000,0.226586,0.644930,0.510989,0.009096,-0.053740,-0.035229,0.747121,-0.001077,0.549306,0.039399,0.001291,0.006568,0.213454,-0.648936,0.535074,-0.016863,0.051635,-0.004535,-0.577551,0.406622,0.555123,0.043420,-0.057505,0.010682,-0.601827,-0.400793,0.536780,-0.049706,0.050962,-0.000194
11.920000,0.226782,0.643845,0.510336,0.010430,-0.054806,-0.030116,0.747939,-0.001052,0.549480,0.042366,0.001188,0.010869,0.213115,-0.647893,0.535026,-0.017019,0.052593,-0.000356,-0.576695,0.405476,0.555378,0.042210,-0.057175,0.014806,-0.602853,-0.399775,0.536823,-0.052913,0.050791,0.004489
11.940000,0.227003,0.642738,0.509784,0.011724,-0.055886,-0.025065,0.748815,-0.001029,0.549740,0.045236,0.001089,0.015061,0.212773,-0.646832,0.535059,-0.017192,0.053564,0.003674,-0.575863,0.404335,0.555714,0.041031,-0.056847,0.018826,-0.603943,-0.398761,0.536958,-0.056018,0.050614,0.009064
11.960000,0.227250,0.641609,0.509333,0.012977,-0.056981,-0.020074,0.749748,-0.001008,0.550082,0.048007,0.000992,0.019144,0.212427,-0.645751,0.535172,-0.017382,0.054545,0.007555,-0.575054,0.403202,0.556130,0.039882,-0.056521,0.022741,-0.605093,-0.397751,0.537185,-0.059020,0.050431,0.013529
11.980000,0.227522,0.640459,0.508980,0.014189,-0.058092,-0.015146,0.750735,-0.000989,0.550505,0.050680,0.000897,0.023118,0.212078,-0.644650,0.535360,-0.017590,0.055537,0.011286,-0.574267,0.402075,0.556623,0.038763,-0.056198,0.026552,-0.606303,-0.396744,0.537499,-0.061919,0.050243,0.017885
12.000000,0.227818,0.639286,0.508726,0.015360,-0.059217,-0.010279,0.751774,-0.000972,0.551006,0.053256,0.000806,0.026983,0.211724,-0.643529,0.535622,-0.017815,0.056541,0.014868,-0.573503,0.400954,0.557192,0.037674,-0.055878,0.030259,-0.607569,-0.395741,0.537899,-0.064715,0.050049,0.022132
12.020000,0.228136,0.638090,0.508569,0.016486,-0.060350,-0.005491,0.752864,-0.000957,0.551583,0.055728,0.000717,0.030730,0.211365,-0.642388,0.535954,-0.018056,0.057553,0.018294,-0.572760,0.399839,0.557833,0.036612,-0.055556,0.033854,-0.608890,-0.394742,0.538383,-0.067402,0.049846,0.026261
12.040000,0.228477,0.636872,0.508506,0.017563,-0.061482,-0.000800,0.754003,-0.000944,0.552234,0.058095,0.000631,0.034350,0.211001,-0.641227,0.536353,-0.018312,0.058571,0.021560,-0.572038,0.398732,0.558545,0.035573,-0.055227,0.037329,-0.610264,-0.393747,0.538949,-0.069976,0.049631,0.030263
12.060000,0.228838,0.635631,0.508536,0.018591,-0.062615,0.003794,0.755187,-0.000932,0.552956,0.060354,0.000549,0.037844,0.210632,-0.640045,0.536815,-0.018582,0.059595,0.024665,-0.571337,0.397630,0.559325,0.034559,-0.054892,0.040684,-0.611689,-0.392757,0.539593,-0.072437,0.049405,0.034137
12.080000,0.229220,0.634367,0.508657,0.019570,-0.063747,0.008292,0.756416,-0.000922,0.553747,0.062506,0.000469,0.041211,0.210258,-0.638843,0.537338,-0.018867,0.060624,0.027608,-0.570656,0.396536,0.560172,0.033569,-0.054551,0.043919,-0.613161,-0.391771,0.540314,-0.074784,0.049167,0.037884
12.100000,0.229621,0.633081,0.508867,0.020500,-0.064878,0.012692,0.757687,-0.000913,0.554604,0.064552,0.000393,0.044451,0.209878,-0.637620,0.537918,-0.019167,0.061660,0.030391,-0.569994,0.395448,0.561081,0.032602,-0.054203,0.047034,-0.614679,-0.390790,0.541108,-0.077018,0.048918,0.041503
12.120000,0.230040,0.631772,0.509164,0.021384,-0.066003,0.016985,0.758997,-0.000906,0.555524,0.066486,0.000320,0.047557,0.209491,-0.636377,0.538553,-0.019478,0.062701,0.033023,-0.569351,0.394368,0.562052,0.031657,-0.053844,0.050020,-0.616241,-0.389814,0.541973,-0.079134,0.048654,0.044987
12.140000,0.230476,0.630441,0.509546,0.022223,-0.067113,0.021158,0.760345,-0.000900,0.556505,0.068304,0.000250,0.050518,0.209098,-0.635112,0.539238,-0.019799,0.063748,0.035515,-0.568728,0.393295,0.563081,0.030730,-0.053469,0.052868,-0.617844,-0.388844,0.542906,-0.081126,0.048374,0.048326
12.160000,0.230928,0.629088,0.510010,0.023019,-0.068210,0.025213,0.761729,-0.000896,0.557544,0.070005,0.000184,0.053335,0.208699,-0.633827,0.539972,-0.020128,0.064799,0.037867,-0.568122,0.392229,0.564166,0.029822,-0.053079,0.055579,-0.619485,-0.387880,0.543905,-0.082997,0.048077,0.051520
12.180000,0.231396,0.627713,0.510553,0.023772,-0.069293,0.029148,0.763145,-0.000893,0.558638,0.071589,0.000121,0.056008,0.208293,-0.632520,0.540752,-0.020466,0.065857,0.040079,-0.567535,0.391172,0.565303,0.028932,-0.052672,0.058152,-0.621163,-0.386921,0.544966,-0.084744,0.047765,0.054569
12.200000,0.231879,0.626316,0.511175,0.024480,-0.070362,0.032964,0.764591,-0.000891,0.559783,0.073057,0.000062,0.058537,0.207880,-0.631193,0.541575,-0.020814,0.066919,0.042151,-0.566965,0.390123,0.566491,0.028060,-0.052250,0.060587,-0.622874,-0.385969,0.546087,-0.086368,0.047435,0.057474
12.220000,0.232375,0.624898,0.511871,0.025142,-0.071405,0.036646,0.766066,-0.000890,0.560978,0.074403,0.000007,0.060913,0.207461,-0.629844,0.542437,-0.021166,0.067982,0.044089,-0.566412,0.389082,0.567726,0.027207,-0.051809,0.062877,-0.624617,-0.385024,0.547264,-0.087865,0.047088,0.060224
12.240000,0.232884,0.623460,0.512640,0.025753,-0.072411,0.040179,0.767567,-0.000891,0.562219,0.075620,-0.000043,0.063125,0.207034,-0.628473,0.543337,-0.021521,0.069041,0.045901,-0.565876,0.388050,0.569005,0.026371,-0.051348,0.065012,-0.626388,-0.384086,0.548494,-0.089231,0.046723,0.062812
12.260000,0.233405,0.622002,0.513477,0.026315,-0.073380,0.043563,0.769090,-0.000892,0.563502,0.076708,-0.000089,0.065175,0.206600,-0.627082,0.544272,-0.021878,0.070096,0.047586,-0.565357,0.387028,0.570325,0.025553,-0.050865,0.066993,-0.628185,-0.383155,0.549775,-0.090464,0.046340,0.065236
12.280000,0.233937,0.620525,0.514381,0.026827,-0.074312,0.046797,0.770634,-0.000894,0.564825,0.077668,-0.000131,0.067061,0.206159,-0.625669,0.545240,-0.022236,0.071147,0.049144,-0.564854,0.386016,0.571684,0.024753,-0.050362,0.068820,-0.630006,-0.382232,0.551103,-0.091565,0.045938,0.067497
12.300000,0.234478,0.619030,0.515348,0.027290,-0.075207,0.049883,0.772196,-0.000897,0.566184,0.078500,-0.000169,0.068785,0.205710,-0.624236,0.546237,-0.022597,0.072194,0.050576,-0.564367,0.385014,0.573077,0.023971,-0.049838,0.070492,-0.631847,-0.381318,0.552474,-0.092535,0.045517,0.069595
12.320000,0.235028,0.617517,0.516375,0.027707,-0.076059,0.052821,0.773773,-0.000901,0.567575,0.079203,-0.000202,0.070344,0.205255,-0.622782,0.547262,-0.022955,0.073235,0.051899,-0.563895,0.384022,0.574502,0.023204,-0.049290,0.072010,-0.633706,-0.380412,0.553886,-0.093374,0.045079,0.071529
12.340000,0.235586,0.615988,0.517460,0.028085,-0.076864,0.055611,0.775363,-0.000905,0.568996,0.079776,-0.000229,0.071739,0.204792,-0.621307,0.548313,-0.023306,0.074266,0.053135,-0.563439,0.383042,0.575957,0.022452,-0.048716,0.073370,-0.635581,-0.379515,0.555334,-0.094085,0.044622,0.073299
12.360000,0.236151,0.614443,0.518599,0.028423,-0.077622,0.058254,0.776964,-0.000910,0.570444,0.080219,-0.000251,0.072969,0.204323,-0.619811,0.549387,-0.023649,0.075288,0.054282,-0.562997,0.382074,0.577436,0.021715,-0.048117,0.074575,-0.637469,-0.378627,0.556816,-0.094669,0.044147,0.074905
12.380000,0.236723,0.612883,0.519789,0.028722,-0.078332,0.060750,0.778571,-0.000915,0.571914,0.080533,-0.000269,0.074033,0.203846,-0.618295,0.550484,-0.023985,0.076301,0.055341,-0.562570,0.381118,0.578938,0.020992,-0.047492,0.075624,-0.639367,-0.377749,0.558329,-0.095124,0.043655,0.076347
12.400000,0.237300,0.611310,0.521028,0.028981,-0.078994,0.063099,0.780184,-0.000921,0.573404,0.080717,-0.000281,0.074933,0.203363,-0.616759,0.551600,-0.024313,0.077304,0.056312,-0.562157,0.380174,0.580460,0.020283,-0.046840,0.076516,-0.641273,-0.376881,0.559869,-0.095451,0.043144,0.077624
12.420000,0.237882,0.609724,0.522312,0.029210,-0.079612,0.065315,0.781799,-0.000927,0.574910,0.080776,-0.000287,0.075674,0.202874,-0.615203,0.552735,-0.024633,0.078293,0.057208,-0.561758,0.379244,0.581998,0.019589,-0.046164,0.077258,-0.643184,-0.376023,0.561433,-0.095659,0.042618,0.078745
12.440000,0.238468,0.608126,0.523640,0.029417,-0.080190,0.067414,0.783414,-0.000932,0.576430,0.080714,-0.000287,0.076263,0.202378,-0.613628,0.553888,-0.024945,0.079262,0.058045,-0.561374,0.378328,0.583550,0.018909,-0.045462,0.077858,-0.645098,-0.375176,0.563018,-0.095753,0.042078,0.079714
12.460000,0.239058,0.606516,0.525008,0.029604,-0.080727,0.069396,0.785027,-0.000938,0.577960,0.080530,-0.000281,0.076699,0.201876,-0.612033,0.555057,-0.025249,0.080212,0.058823,-0.561002,0.377426,0.585112,0.018243,-0.044736,0.078315,-0.647014,-0.374340,0.564621,-0.095735,0.041523,0.080533
12.480000,0.239652,0.604897,0.526415,0.029769,-0.081222,0.071261,0.786635,-0.000944,0.579497,0.080226,-0.000269,0.076983,0.201368,-0.610419,0.556241,-0.025545,0.081142,0.059541,-0.560644,0.376539,0.586681,0.017592,-0.043984,0.078629,-0.648927,-0.373515,0.566238,-0.095605,0.040955,0.081201
12.500000,0.240249,0.603268,0.527858,0.029913,-0.081677,0.073008,0.788235,-0.000949,0.581038,0.079800,-0.000250,0.077115,0.200854,-0.608787,0.557438,-0.025832,0.082053,0.060200,-0.560298,0.375667,0.588256,0.016954,-0.043207,0.078801,-0.650837,-0.372702,0.567868,-0.095362,0.040373,0.081719
12.520000,0.240848,0.601630,0.529334,0.030041,-0.082096,0.074652,0.789826,-0.000954,0.582580,0.079262,-0.000225,0.077107,0.200335,-0.607137,0.558648,-0.026113,0.082941,0.060815,-0.559965,0.374811,0.589832,0.016332,-0.042408,0.078842,-0.652741,-0.371900,0.569506,-0.095020,0.039782,0.082099
12.540000,0.241450,0.599984,0.530843,0.030158,-0.082485,0.076207,0.791405,-0.000958,0.584121,0.078620,-0.000193,0.076973,0.199810,-0.605470,0.559871,-0.026389,0.083806,0.061399,-0.559645,0.373971,0.591409,0.015725,-0.041588,0.078765,-0.654637,-0.371111,0.571151,-0.094592,0.039185,0.082355
12.560000,0.242055,0.598331,0.532382,0.030266,-0.082842,0.077674,0.792970,-0.000961,0.585658,0.077876,-0.000153,0.076714,0.199279,-0.603785,0.561104,-0.026659,0.084646,0.061955,-0.559336,0.373147,0.592982,0.015133,-0.040747,0.078572,-0.656524,-0.370333,0.572800,-0.094079,0.038584,0.082487
12.580000,0.242661,0.596671,0.533950,0.030363,-0.083168,0.079051,0.794519,-0.000964,0.587189,0.077028,-0.000107,0.076329,0.198743,-0.602084,0.562349,-0.026925,0.085462,0.062480,-0.559039,0.372341,0.594551,0.014556,-0.039885,0.078260,-0.658400,-0.369567,0.574450,-0.093480,0.037979,0.082495
12.600000,0.243269,0.595004,0.535544,0.030450,-0.083464,0.080340,0.796050,-0.000965,0.588711,0.076077,-0.000052,0.075818,0.198202,-0.600367,0.563603,-0.027186,0.086254,0.062977,-0.558754,0.371552,0.596112,0.013995,-0.039003,0.077832,-0.660263,-0.368814,0.576098,-0.092795,0.037369,0.082379
12.620000,0.243879,0.593332,0.537163,0.030529,-0.083736,0.081553,0.797562,-0.000966,0.590221,0.075036,0.000010,0.075201,0.197656,-0.598634,0.564867,-0.027445,0.087018,0.063454,-0.558480,0.370781,0.597663,0.013452,-0.038107,0.077306,-0.662111,-0.368073,0.577744,-0.092045,0.036762,0.082159
12.640000,0.244490,0.591655,0.538805,0.030602,-0.083993,0.082703,0.799051,-0.000965,0.591718,0.073921,0.000080,0.074500,0.197104,-0.596886,0.566141,-0.027706,0.087753,0.063922,-0.558216,0.370028,0.599204,0.012933,-0.037205,0.076702,-0.663944,-0.367343,0.579384,-0.091248,0.036166,0.081854
12.660000,0.245103,0.589973,0.540470,0.030668,-0.084235,0.083791,0.800518,-0.000963,0.593201,0.072732,0.000159,0.073714,0.196548,-0.595124,0.567424,-0.027967,0.088458,0.064381,-0.557962,0.369293,0.600731,0.012437,-0.036298,0.076022,-0.665761,-0.366626,0.581018,-0.090405,0.035582,0.081464
12.680000,0.245717,0.588286,0.542156,0.030728,-0.084462,0.084816,0.801960,-0.000959,0.594666,0.071467,0.000246,0.072843,0.195986,-0.593348,0.568716,-0.028231,0.089133,0.064832,-0.557718,0.368576,0.602244,0.011963,-0.035384,0.075264,-0.667560,-0.365920,0.582642,-0.089516,0.035009,0.080990
12.700000,0.246332,0.586594,0.543863,0.030782,-0.084673,0.085778,0.803376,-0.000953,0.596114,0.070128,0.000342,0.071887,0.195418,-0.591559,0.570017,-0.028496,0.089778,0.065273,-0.557483,0.367877,0.603741,0.011513,-0.034463,0.074428,-0.669341,-0.365226,0.584257,-0.088581,0.034448,0.080431
12.720000,0.246948,0.584899,0.545587,0.030828,-0.084879,0.086688,0.804765,-0.000945,0.597541,0.068735,0.000447,0.070874,0.194846,-0.589757,0.571327,-0.028767,0.090392,0.065715,-0.557257,0.367197,0.605221,0.011092,-0.033548,0.073543,-0.671103,-0.364542,0.585859,-0.087626,0.033910,0.079814
12.740000,0.247565,0.583199,0.547330,0.030865,-0.085090,0.087555,0.806125,-0.000935,0.598948,0.067308,0.000561,0.069834,0.194268,-0.587944,0.572646,-0.029049,0.090973,0.066166,-0.557040,0.366535,0.606682,0.010706,-0.032649,0.072634,-0.672846,-0.363869,0.587449,-0.086679,0.033408,0.079165
12.760000,0.248183,0.581495,0.549089,0.030892,-0.085306,0.088378,0.807457,-0.000922,0.600334,0.065847,0.000685,0.068766,0.193684,-0.586119,0.573974,-0.029343,0.091522,0.066627,-0.556829,0.365891,0.608126,0.010354,-0.031765,0.071702,-0.674570,-0.363205,0.589026,-0.085738,0.032942,0.078486
12.780000,0.248801,0.579787,0.550865,0.030910,-0.085527,0.089159,0.808759,-0.000907,0.601699,0.064353,0.000819,0.067670,0.193094,-0.584283,0.575311,-0.029647,0.092039,0.067097,-0.556625,0.365265,0.609550,0.010037,-0.030897,0.070746,-0.676276,-0.362551,0.590588,-0.084804,0.032511,0.077774
12.800000,0.249419,0.578074,0.552655,0.030918,-0.085752,0.089898,0.810031,-0.000889,0.603041,0.062826,0.000962,0.066546,0.192498,-0.582437,0.576658,-0.029963,0.092523,0.067576,-0.556427,0.364655,0.610956,0.009755,-0.030045,0.069767,-0.677963,-0.361905,0.592136,-0.083877,0.032116,0.077031
12.820000,0.250037,0.576357,0.554460,0.030913,-0.085995,0.090598,0.811272,-0.000869,0.604361,0.061293,0.001116,0.065431,0.191895,-0.580582,0.578014,-0.030296,0.092975,0.068072,-0.556235,0.364063,0.612341,0.009516,-0.029224,0.068799,-0.679631,-0.361266,0.593669,-0.082992,0.031774,0.076291
12.840000,0.250655,0.574634,0.556279,0.030889,-0.086268,0.091268,0.812483,-0.000845,0.605659,0.059782,0.001280,0.064363,0.191286,-0.578718,0.579381,-0.030651,0.093394,0.068594,-0.556046,0.363486,0.613708,0.009329,-0.028451,0.067878,-0.681283,-0.360633,0.595188,-0.082182,0.031500,0.075587
12.860000,0.251273,0.572906,0.558111,0.030846,-0.086570,0.091906,0.813663,-0.000817,0.606936,0.058294,0.001455,0.063343,0.190669,-0.576847,0.580758,-0.031029,0.093781,0.069140,-0.555861,0.362924,0.615057,0.009193,-0.027724,0.067003,-0.682919,-0.360005,0.596693,-0.081447,0.031297,0.074920
12.880000,0.251889,0.571171,0.559955,0.030786,-0.086902,0.092513,0.814815,-0.000787,0.608193,0.056829,0.001640,0.062369,0.190045,-0.574967,0.582147,-0.031430,0.094135,0.069713,-0.555678,0.362377,0.616388,0.009108,-0.027044,0.066174,-0.684541,-0.359381,0.598185,-0.080789,0.031162,0.074288
12.900000,0.252504,0.569429,0.561811,0.030707,-0.087264,0.093088,0.815937,-0.000752,0.609431,0.055386,0.001836,0.061442,0.189412,-0.573082,0.583547,-0.031854,0.094456,0.070310,-0.555496,0.361842,0.617704,0.009075,-0.026412,0.065392,-0.686151,-0.358759,0.599665,-0.080205,0.031096,0.073694
12.920000,0.253117,0.567680,0.563678,0.030608,-0.087668,0.093644,0.817030,-0.000713,0.610651,0.053981,0.002042,0.060586,0.188770,-0.571189,0.584959,-0.032306,0.094745,0.070939,-0.555315,0.361320,0.619004,0.009100,-0.025836,0.064678,-0.687750,-0.358137,0.601133,-0.079715,0.031111,0.073154
12.940000,0.253728,0.565922,0.565557,0.030485,-0.088129,0.094193,0.818096,-0.000670,0.611855,0.052632,0.002260,0.059827,0.188119,-0.569292,0.586385,-0.032794,0.095002,0.071608,-0.555132,0.360808,0.620292,0.009189,-0.025327,0.064052,-0.689340,-0.357514,0.602592,-0.079336,0.031215,0.072689
12.960000,0.254337,0.564155,0.567446,0.030340,-0.088646,0.094736,0.819136,-0.000623,0.613044,0.051338,0.002488,0.059163,0.187458,-0.567390,0.587824,-0.033316,0.095228,0.072315,-0.554947,0.360306,0.621567,0.009342,-0.024886,0.063516,-0.690924,-0.356887,0.604041,-0.079069,0.031410,0.072297
12.980000,0.254942,0.562376,0.569346,0.030172,-0.089220,0.095271,0.820150,-0.000570,0.614222,0.050098,0.002728,0.058596,0.186786,-0.565483,0.589278,-0.033873,0.095421,0.073062,-0.554758,0.359813,0.622833,0.009560,-0.024511,0.063069,-0.692504,-0.356257,0.605484,-0.078913,0.031694,0.071980
13.000000,0.255543,0.560586,0.571257,0.029982,-0.089850,0.095800,0.821140,-0.000513,0.615389,0.048914,0.002979,0.058125,0.186103,-0.563573,0.590747,-0.034465,0.095582,0.073847,-0.554564,0.359326,0.624090,0.009842,-0.024203,0.062710,-0.694081,-0.355619,0.606921,-0.078868,0.032069,0.071737
13.020000,0.256141,0.558782,0.573178,0.029764,-0.090550,0.096330,0.822107,-0.000451,0.616548,0.047790,0.003240,0.057763,0.185408,-0.561660,0.592232,-0.035097,0.095710,0.074675,-0.554364,0.358844,0.625342,0.010193,-0.023968,0.062450,-0.695659,-0.354973,0.608354,-0.078936,0.032538,0.071573
13.040000,0.256734,0.556963,0.575110,0.029514,-0.091335,0.096868,0.823052,-0.000384,0.617700,0.046734,0.003512,0.057523,0.184699,-0.559745,0.593734,-0.035774,0.095802,0.075550,-0.554156,0.358366,0.626589,0.010617,-0.023809,0.062295,-0.697240,-0.354317,0.609784,-0.079120,0.033106,0.071491
13.060000,0.257321,0.555128,0.577053,0.029232,-0.092204,0.097414,0.823977,-0.000311,0.618849,0.045743,0.003794,0.057404,0.183976,-0.557828,0.595254,-0.036496,0.095859,0.076473,-0.553939,0.357891,0.627834,0.011115,-0.023727,0.062247,-0.698825,-0.353648,0.611214,-0.079419,0.033773,0.071493
13.080000,0.257903,0.553274,0.579007,0.028918,-0.093158,0.097969,0.824883,-0.000232,0.619997,0.044819,0.004086,0.057406,0.183239,-0.555911,0.596793,-0.037263,0.095881,0.077442,-0.553711,0.357417,0.629080,0.011686,-0.023722,0.062305,-0.700417,-0.352965,0.612645,-0.079833,0.034538,0.071577
13.100000,0.258478,0.551401,0.580972,0.028572,-0.094196,0.098533,0.825770,-0.000147,0.621146,0.043962,0.004389,0.057530,0.182485,-0.553993,0.598352,-0.038075,0.095866,0.078458,-0.553471,0.356942,0.630327,0.012331,-0.023794,0.062470,-0.702019,-0.352266,0.614078,-0.080363,0.035401,0.071744
13.120000,0.259045,0.549506,0.582948,0.028195,-0.095331,0.099117,0.826641,-0.000056,0.622299,0.043168,0.004702,0.057777,0.181715,-0.552076,0.599932,-0.038934,0.095813,0.079534,-0.553217,0.356464,0.631579,0.013052,-0.023943,0.062736,-0.703632,-0.351549,0.615515,-0.080993,0.036361,0.071984
13.140000,0.259605,0.547587,0.584937,0.027786,-0.096575,0.099735,0.827497,0.000041,0.623458,0.042434,0.005023,0.058148,0.180928,-0.550161,0.601534,-0.039842,0.095717,0.080684,-0.552948,0.355983,0.632837,0.013851,-0.024170,0.063102,-0.705259,-0.350811,0.616958,-0.081712,0.037414,0.072287
13.160000,0.260157,0.545642,0.586938,0.027345,-0.097929,0.100386,0.828339,0.000145,0.624626,0.041760,0.005352,0.058642,0.180121,-0.548248,0.603160,-0.040799,0.095578,0.081906,-0.552662,0.355497,0.634104,0.014729,-0.024473,0.063565,-0.706901,-0.350051,0.618407,-0.082518,0.038560,0.072653
13.180000,0.260699,0.543669,0.588952,0.026873,-0.099391,0.101070,0.829168,0.000255,0.625805,0.041145,0.005690,0.059261,0.179296,-0.546338,0.604811,-0.041805,0.095396,0.083202,-0.552358,0.355004,0.635381,0.015684,-0.024855,0.064127,-0.708561,-0.349268,0.619864,-0.083412,0.039800,0.073082
13.200000,0.261231,0.541666,0.590981,0.026369,-0.100962,0.101787,0.829985,0.000372,0.626997,0.040590,0.006036,0.060004,0.178449,-0.544432,0.606488,-0.042859,0.095171,0.084571,-0.552035,0.354502,0.636670,0.016718,-0.025313,0.064788,-0.710238,-0.348459,0.621331,-0.084393,0.041134,0.073574
13.220000,0.261753,0.539630,0.593024,0.025835,-0.102646,0.102542,0.830792,0.000497,0.628206,0.040083,0.006389,0.060860,0.177581,-0.542532,0.608194,-0.043961,0.094895,0.086022,-0.551689,0.353991,0.637973,0.017830,-0.025844,0.065530,-0.711937,-0.347622,0.622807,-0.085431,0.042551,0.074104
13.240000,0.262264,0.537559,0.595083,0.025271,-0.104447,0.103337,0.831589,0.000628,0.629432,0.039612,0.006746,0.061819,0.176690,-0.540637,0.609930,-0.045108,0.094563,0.087564,-0.551321,0.353468,0.639291,0.019020,-0.026443,0.066338,-0.713656,-0.346756,0.624295,-0.086497,0.044041,0.074649
13.260000,0.262764,0.535451,0.597158,0.024678,-0.106366,0.104174,0.832377,0.000766,0.630679,0.039177,0.007107,0.062880,0.175776,-0.538749,0.611697,-0.046301,0.094172,0.089196,-0.550928,0.352933,0.640627,0.020286,-0.027110,0.067211,-0.715397,-0.345860,0.625793,-0.087589,0.045604,0.075208
13.280000,0.263251,0.533304,0.599250,0.024055,-0.108401,0.105052,0.833156,0.000912,0.631948,0.038778,0.007473,0.064045,0.174838,-0.536870,0.613498,-0.047540,0.093725,0.090919,-0.550509,0.352383,0.641980,0.021630,-0.027845,0.068149,-0.717160,-0.344932,0.627303,-0.088708,0.047241,0.075780
13.300000,0.263726,0.531114,0.601360,0.023403,-0.110554,0.105971,0.833928,0.001065,0.633242,0.038415,0.007842,0.065313,0.173874,-0.535001,0.615335,-0.048823,0.093219,0.092733,-0.550062,0.351819,0.643353,0.023052,-0.028648,0.069153,-0.718945,-0.343970,0.628825,-0.089854,0.048951,0.076367
13.320000,0.264187,0.528881,0.603489,0.022721,-0.112818,0.106924,0.834693,0.001226,0.634561,0.038068,0.008213,0.066660,0.172885,-0.533142,0.617208,-0.050146,0.092646,0.094641,-0.549586,0.351237,0.644747,0.024546,-0.029509,0.070192,-0.720754,-0.342973,0.630358,-0.091011,0.050722,0.076959
13.340000,0.264635,0.526601,0.605637,0.022011,-0.115185,0.107905,0.835451,0.001394,0.635908,0.037718,0.008582,0.068065,0.171868,-0.531296,0.619121,-0.051500,0.091996,0.096649,-0.549080,0.350638,0.646161,0.026109,-0.030417,0.071237,-0.722586,-0.341941,0.631903,-0.092160,0.052541,0.077546
13.360000,0.265068,0.524273,0.607806,0.021272,-0.117657,0.108915,0.836202,0.001569,0.637284,0.037364,0.008947,0.069526,0.170824,-0.529463,0.621075,-0.052886,0.091267,0.098755,-0.548541,0.350020,0.647596,0.027741,-0.031374,0.072286,-0.724440,-0.340871,0.633460,-0.093301,0.054409,0.078130
13.380000,0.265485,0.521894,0.609994,0.020504,-0.120234,0.109952,0.836945,0.001752,0.638690,0.037007,0.009311,0.071045,0.169753,-0.527645,0.623072,-0.054304,0.090460,0.100961,-0.547970,0.349383,0.649052,0.029441,-0.032378,0.073342,-0.726318,-0.339764,0.635028,-0.094436,0.056325,0.078709
13.400000,0.265887,0.519463,0.612204,0.019707,-0.122914,0.111017,0.837682,0.001942,0.640126,0.036646,0.009671,0.072620,0.168652,-0.525845,0.625114,-0.055754,0.089575,0.103265,-0.547363,0.348725,0.650530,0.031209,-0.033430,0.074403,-0.728218,-0.338618,0.636608,-0.095563,0.058290,0.079284
13.420000,0.266273,0.516977,0.614435,0.018884,-0.125689,0.112100,0.838411,0.002139,0.641595,0.036282,0.010024,0.074246,0.167522,-0.524063,0.627203,-0.057222,0.088601,0.105667,-0.546721,0.348045,0.652028,0.033034,-0.034520,0.075454,-0.730140,-0.337432,0.638200,-0.096677,0.060285,0.079859
13.440000,0.266643,0.514434,0.616688,0.018039,-0.128549,0.113190,0.839133,0.002343,0.643097,0.035917,0.010364,0.075914,0.166363,-0.522302,0.629341,-0.058698,0.087524,0.108166,-0.546042,0.347344,0.653548,0.034905,-0.035639,0.076482,-0.732084,-0.336206,0.639803,-0.097771,0.062294,0.080439
13.460000,0.266995,0.511834,0.618963,0.017170,-0.131493,0.114288,0.839848,0.002553,0.644632,0.035550,0.010691,0.077626,0.165174,-0.520563,0.631530,-0.060180,0.086345,0.110760,-0.545324,0.346619,0.655087,0.036820,-0.036785,0.077486,-0.734051,-0.334940,0.641417,-0.098845,0.064315,0.081023
13.480000,0.267329,0.509174,0.621259,0.016278,-0.134521,0.115393,0.840555,0.002770,0.646202,0.035181,0.011005,0.079380,0.163956,-0.518848,0.633772,-0.061669,0.085064,0.113450,-0.544569,0.345872,0.656647,0.038780,-0.037960,0.078467,-0.736038,-0.333634,0.643043,-0.099899,0.066349,0.081612
13.500000,0.267646,0.506453,0.623578,0.015363,-0.137634,0.116507,0.841255,0.002993,0.647807,0.034810,0.011306,0.081178,0.162708,-0.517161,0.636069,-0.063165,0.083680,0.116237,-0.543773,0.345101,0.658226,0.040784,-0.039163,0.079423,-0.738047,-0.332286,0.644682,-0.100933,0.068397,0.082205
13.520000,0.267944,0.503668,0.625920,0.014433,-0.140811,0.117619,0.841948,0.003222,0.649449,0.034457,0.011587,0.083025,0.161429,-0.515502,0.638423,-0.064644,0.082174,0.119125,-0.542937,0.344305,0.659824,0.042813,-0.040383,0.080355,-0.740075,-0.330898,0.646332,-0.101938,0.070443,0.082806
13.540000,0.268223,0.500820,0.628283,0.013496,-0.144029,0.118723,0.842634,0.003456,0.651129,0.034141,0.011840,0.084929,0.160122,-0.513875,0.640835,-0.066084,0.080525,0.122123,-0.542060,0.343486,0.661440,0.044843,-0.041606,0.081260,-0.742124,-0.329469,0.647994,-0.102904,0.072476,0.083418
13.560000,0.268484,0.497907,0.630669,0.012553,-0.147290,0.119819,0.843314,0.003696,0.652847,0.033862,0.012065,0.086888,0.158786,-0.512282,0.643308,-0.067483,0.078732,0.125228,-0.541143,0.342641,0.663074,0.046876,-0.042833,0.082139,-0.744191,-0.327999,0.649669,-0.103831,0.074495,0.084041
13.580000,0.268725,0.494928,0.633076,0.011603,-0.150593,0.120907,0.843988,0.003939,0.654605,0.033620,0.012262,0.088904,0.157423,-0.510726,0.645845,-0.068843,0.076796,0.128443,-0.540185,0.341772,0.664725,0.048912,-0.044064,0.082991,-0.746277,-0.326489,0.651356,-0.104720,0.076500,0.084675
13.600000,0.268948,0.491883,0.635505,0.010646,-0.153938,0.121986,0.844659,0.004186,0.656403,0.033416,0.012432,0.090976,0.156033,-0.509211,0.648447,-0.070163,0.074716,0.131766,-0.539187,0.340879,0.666394,0.050949,-0.045300,0.083817,-0.748380,-0.324939,0.653056,-0.105570,0.078490,0.085320
13.620000,0.269151,0.488771,0.637955,0.009690,-0.157301,0.123045,0.845325,0.004436,0.658244,0.033271,0.012565,0.093107,0.154617,-0.507739,0.651116,-0.071422,0.072483,0.135199,-0.538148,0.339960,0.668078,0.052968,-0.046538,0.084614,-0.750499,-0.323349,0.654769,-0.106371,0.080460,0.085977
13.640000,0.269335,0.485591,0.640426,0.008745,-0.160660,0.124075,0.845990,0.004688,0.660128,0.033206,0.012651,0.095302,0.153176,-0.506313,0.653855,-0.072598,0.070086,0.138744,-0.537068,0.339017,0.669778,0.054949,-0.047781,0.085380,-0.752634,-0.321721,0.656495,-0.107111,0.082401,0.086646
13.660000,0.269501,0.482344,0.642918,0.007809,-0.164015,0.125075,0.846654,0.004942,0.662057,0.033223,0.012691,0.097561,0.151713,-0.504936,0.656667,-0.073690,0.067525,0.142400,-0.535950,0.338049,0.671493,0.056890,-0.049027,0.086114,-0.754783,-0.320054,0.658235,-0.107791,0.084313,0.087328
13.680000,0.269648,0.479030,0.645429,0.006883,-0.167364,0.126045,0.847319,0.005195,0.664031,0.033320,0.012685,0.099883,0.150229,-0.503613,0.659552,-0.074699,0.064800,0.146169,-0.534793,0.337056,0.673222,0.058793,-0.050277,0.086817,-0.756945,-0.318349,0.659988,-0.108411,0.086196,0.088022
13.700000,0.269776,0.475650,0.647959,0.005966,-0.170710,0.126985,0.847988,0.005449,0.666052,0.033499,0.012633,0.102268,0.148726,-0.502346,0.662514,-0.075626,0.061911,0.150049,-0.533598,0.336038,0.674965,0.060657,-0.051530,0.087488,-0.759119,-0.316606,0.661755,-0.108970,0.088051,0.088729
13.720000,0.269886,0.472202,0.650508,0.005064,-0.174027,0.127887,0.848660,0.005700,0.668122,0.033784,0.012525,0.104718,0.147205,-0.501138,0.665555,-0.076457,0.058863,0.154035,-0.532367,0.334995,0.676722,0.062475,-0.052778,0.088133,-0.761304,-0.314827,0.663537,-0.109465,0.089876,0.089447
13.740000,0.269979,0.468689,0.653075,0.004182,-0.177292,0.128744,0.849340,0.005949,0.670242,0.034202,0.012353,0.107234,0.145668,-0.499992,0.668676,-0.077181,0.055657,0.158124,-0.531100,0.333927,0.678491,0.064240,-0.054015,0.088759,-0.763497,-0.313011,0.665333,-0.109890,0.091670,0.090176
13.760000,0.270054,0.465111,0.655658,0.003321,-0.180506,0.129554,0.850029,0.006194,0.672412,0.034753,0.012117,0.109815,0.144118,-0.498912,0.671880,-0.077798,0.052295,0.162313,-0.529798,0.332834,0.680272,0.065953,-0.055238,0.089366,-0.765699,-0.311160,0.667144,-0.110247,0.093434,0.090916
13.780000,0.270112,0.461469,0.658257,0.002479,-0.183668,0.130319,0.850731,0.006434,0.674635,0.035436,0.011817,0.112463,0.142557,-0.497901,0.675169,-0.078308,0.048777,0.166605,-0.528462,0.331717,0.682065,0.067613,-0.056449,0.089952,-0.767907,-0.309274,0.668970,-0.110535,0.095168,0.091666
13.800000,0.270153,0.457764,0.660870,0.001658,-0.186779,0.131038,0.851447,0.006666,0.676911,0.036251,0.011453,0.115177,0.140987,-0.496962,0.678545,-0.078711,0.045103,0.170998,-0.527094,0.330576,0.683870,0.069220,-0.057648,0.090519,-0.770120,-0.307354,0.670811,-0.110753,0.096870,0.092427
13.820000,0.270178,0.453998,0.663498,0.000860,-0.189809,0.131706,0.852182,0.006891,0.679242,0.037214,0.011022,0.117952,0.139410,-0.496098,0.682010,-0.079004,0.041293,0.175477,-0.525694,0.329411,0.685686,0.070773,-0.058829,0.091067,-0.772336,-0.305399,0.672667,-0.110897,0.098544,0.093196
13.840000,0.270188,0.450173,0.666138,0.000090,-0.192732,0.132314,0.852937,0.007107,0.681629,0.038336,0.010521,0.120784,0.137827,-0.495311,0.685565,-0.079184,0.037370,0.180026,-0.524263,0.328223,0.687512,0.072270,-0.059989,0.091598,-0.774555,-0.303412,0.674539,-0.110959,0.100190,0.093973
13.860000,0.270182,0.446290,0.668790,-0.000652,-0.195546,0.132864,0.853716,0.007312,0.684074,0.039619,0.009950,0.123674,0.136243,-0.494604,0.689211,-0.079253,0.033334,0.184646,-0.522803,0.327012,0.689349,0.073710,-0.061127,0.092111,-0.776774,-0.301392,0.676426,-0.110939,0.101809,0.094757
13.880000,0.270162,0.442352,0.671452,-0.001366,-0.198252,0.133355,0.854523,0.007504,0.686577,0.041063,0.009309,0.126620,0.134658,-0.493979,0.692951,-0.079209,0.029184,0.189337,-0.521315,0.325778,0.691197,0.075093,-0.062244,0.092607,-0.778992,-0.299340,0.678329,-0.110838,0.103400,0.095548
13.900000,0.270128,0.438360,0.674124,-0.002053,-0.200850,0.133788,0.855360,0.007684,0.689139,0.042667,0.008598,0.129624,0.133075,-0.493437,0.696785,-0.079053,0.024921,0.194098,-0.519800,0.324522,0.693054,0.076420,-0.063339,0.093084,-0.781207,-0.297256,0.680248,-0.110656,0.104964,0.096346
13.920000,0.270080,0.434319,0.676803,-0.002708,-0.203305,0.134155,0.856231,0.007848,0.691762,0.044440,0.007823,0.132673,0.131497,-0.492982,0.700715,-0.078804,0.020598,0.198903,-0.518259,0.323245,0.694920,0.077696,-0.064401,0.093555,-0.783418,-0.295141,0.682183,-0.110396,0.106504,0.097150
13.940000,0.270020,0.430229,0.679489,-0.003328,-0.205579,0.134450,0.857139,0.007996,0.694446,0.046387,0.006988,0.135756,0.129924,-0.492614,0.704742,-0.078482,0.016266,0.203723,-0.516692,0.321947,0.696796,0.078925,-0.065420,0.094028,-0.785623,-0.292996,0.684134,-0.110062,0.108023,0.097957
13.960000,0.269947,0.426097,0.682181,-0.003914,-0.207675,0.134671,0.858087,0.008127,0.697192,0.048510,0.006094,0.138873,0.128358,-0.492332,0.708864,-0.078086,0.011927,0.208560,-0.515102,0.320629,0.698681,0.080107,-0.066395,0.094505,-0.787820,-0.290821,0.686101,-0.109654,0.109522,0.098767
13.980000,0.269863,0.421924,0.684876,-0.004464,-0.209591,0.134819,0.859080,0.008239,0.700001,0.050809,0.005141,0.142023,0.126801,-0.492137,0.713084,-0.077617,0.007581,0.213412,-0.513488,0.319291,0.700576,0.081242,-0.067327,0.094984,-0.790008,-0.288615,0.688085,-0.109172,0.110999,0.099581
14.000000,0.269769,0.417714,0.687573,-0.004980,-0.211328,0.134895,0.860121,0.008332,0.702874,0.053284,0.004128,0.145207,0.125254,-0.492028,0.717401,-0.077075,0.003226,0.218280,-0.511853,0.317936,0.702481,0.082330,-0.068216,0.095467,-0.792186,-0.286381,0.690085,-0.108617,0.112456,0.100399
14.020000,0.269664,0.413472,0.690271,-0.005451,-0.212860,0.134890,0.861213,0.008404,0.705810,0.055938,0.003071,0.148404,0.123718,-0.492007,0.721815,-0.076488,-0.001050,0.223122,-0.510195,0.316563,0.704395,0.083375,-0.069057,0.095959,-0.794353,-0.284117,0.692101,-0.108005,0.113899,0.101219
14.040000,0.269551,0.409201,0.692968,-0.005869,-0.214159,0.134796,0.862360,0.008455,0.708810,0.058777,0.001984,0.151593,0.122194,-0.492069,0.726325,-0.075883,-0.005160,0.227898,-0.508518,0.315174,0.706319,0.084380,-0.069848,0.096471,-0.796506,-0.281825,0.694133,-0.107356,0.115338,0.102040
14.060000,0.269430,0.404907,0.695662,-0.006233,-0.215226,0.134613,0.863565,0.008483,0.711873,0.061800,0.000865,0.154773,0.120683,-0.492212,0.730931,-0.075261,-0.009105,0.232607,-0.506820,0.313769,0.708254,0.085345,-0.070589,0.097000,-0.798647,-0.279504,0.696183,-0.106669,0.116771,0.102863
14.080000,0.269302,0.400594,0.698352,-0.006543,-0.216061,0.134341,0.864833,0.008489,0.715001,0.065009,-0.000284,0.157946,0.119184,-0.492432,0.735629,-0.074622,-0.012885,0.237250,-0.505104,0.312351,0.710199,0.086270,-0.071279,0.097548,-0.800773,-0.277154,0.698248,-0.105944,0.118199,0.103687
14.100000,0.269169,0.396266,0.701035,-0.006799,-0.216664,0.133981,0.866167,0.008472,0.718191,0.068401,-0.001463,0.161110,0.117698,-0.492727,0.740420,-0.073965,-0.016499,0.241827,-0.503370,0.310918,0.712156,0.087156,-0.071918,0.098113,-0.802884,-0.274776,0.700330,-0.105181,0.119622,0.104512
14.120000,0.269031,0.391929,0.703711,-0.006996,-0.217023,0.133529,0.867570,0.008431,0.721445,0.071966,-0.002655,0.164238,0.116225,-0.493091,0.745301,-0.073318,-0.019847,0.246280,-0.501618,0.309474,0.714124,0.088001,-0.072507,0.098703,-0.804980,-0.272369,0.702429,-0.104395,0.121040,0.105339
14.140000,0.268889,0.387587,0.706376,-0.007129,-0.217127,0.132982,0.869046,0.008366,0.724760,0.075690,-0.003842,0.167303,0.114765,-0.493518,0.750270,-0.072708,-0.022829,0.250555,-0.499850,0.308019,0.716104,0.088808,-0.073047,0.099321,-0.807060,-0.269934,0.704544,-0.103599,0.122455,0.106166
14.160000,0.268746,0.383245,0.709029,-0.007197,-0.216974,0.132341,0.870599,0.008277,0.728136,0.079574,-0.005024,0.170305,0.113317,-0.494001,0.755322,-0.072134,-0.025443,0.254651,-0.498066,0.306553,0.718097,0.089577,-0.073537,0.099968,-0.809124,-0.267471,0.706675,-0.102794,0.123866,0.106994
14.180000,0.268602,0.378910,0.711669,-0.007201,-0.216566,0.131605,0.872230,0.008165,0.731572,0.083617,-0.006201,0.173243,0.111879,-0.494533,0.760455,-0.071596,-0.027690,0.258568,-0.496267,0.305077,0.720103,0.090307,-0.073977,0.100644,-0.811171,-0.264980,0.708823,-0.101979,0.125273,0.107822
14.200000,0.268458,0.374585,0.714293,-0.007140,-0.215903,0.130774,0.873945,0.008029,0.735066,0.087820,-0.007372,0.176118,0.110453,-0.495107,0.765664,-0.071095,-0.029571,0.262307,-0.494454,0.303594,0.722123,0.090999,-0.074368,0.101348,-0.813203,-0.262460,0.710988,-0.101155,0.126676,0.108651
14.220000,0.268317,0.370275,0.716899,-0.007008,-0.214995,0.129852,0.875744,0.007870,0.738616,0.092158,-0.008521,0.178900,0.109035,-0.495713,0.770946,-0.070657,-0.031003,0.265807,-0.492628,0.302103,0.724157,0.091648,-0.074717,0.102084,-0.815218,-0.259913,0.713169,-0.100347,0.128074,0.109480
14.240000,0.268178,0.365986,0.719486,-0.006798,-0.213858,0.128843,0.877632,0.007688,0.742221,0.096607,-0.009632,0.181560,0.107626,-0.496343,0.776294,-0.070312,-0.031907,0.269007,-0.490789,0.300605,0.726206,0.092252,-0.075033,0.102853,-0.817217,-0.257337,0.715367,-0.099583,0.129467,0.110307
14.260000,0.268045,0.361722,0.722052,-0.006509,-0.212489,0.127747,0.879609,0.007485,0.745878,0.101168,-0.010703,0.184096,0.106222,-0.496986,0.781704,-0.070059,-0.032281,0.271909,-0.488938,0.299102,0.728271,0.092809,-0.075315,0.103655,-0.819201,-0.254734,0.717582,-0.098862,0.130853,0.111133
14.280000,0.267919,0.357488,0.724596,-0.006142,-0.210889,0.126565,0.881679,0.007261,0.749584,0.105839,-0.011736,0.186511,0.104823,-0.497631,0.787169,-0.069898,-0.032126,0.274511,-0.487076,0.297593,0.730353,0.093322,-0.075564,0.104491,-0.821172,-0.252103,0.719813,-0.098184,0.132233,0.111958
14.300000,0.267800,0.353288,0.727114,-0.005696,-0.209058,0.125295,0.883843,0.007016,0.753337,0.110622,-0.012729,0.188803,0.103426,-0.498267,0.792682,-0.069828,-0.031442,0.276815,-0.485205,0.296080,0.732451,0.093788,-0.075780,0.105360,-0.823129,-0.249445,0.722060,-0.097550,0.133607,0.112781
14.320000,0.267691,0.349127,0.729607,-0.005168,-0.207027,0.123950,0.886104,0.006752,0.757135,0.115483,-0.013669,0.190948,0.102029,-0.498885,0.798239,-0.069875,-0.030198,0.278778,-0.483325,0.294562,0.734567,0.094203,-0.075978,0.106262,-0.825074,-0.246759,0.724324,-0.096980,0.134969,0.113600
14.340000,0.267594,0.345008,0.732072,-0.004555,-0.204826,0.122541,0.888463,0.006470,0.760974,0.120391,-0.014539,0.192924,0.100630,-0.499471,0.803831,-0.070062,-0.028362,0.280358,-0.481438,0.293040,0.736702,0.094559,-0.076173,0.107197,-0.827009,-0.244046,0.726604,-0.096496,0.136315,0.114413
14.360000,0.267510,0.340935,0.734508,-0.003855,-0.202454,0.121068,0.890920,0.006171,0.764851,0.125343,-0.015340,0.194729,0.099225,-0.500015,0.809451,-0.070389,-0.025933,0.281555,-0.479543,0.291515,0.738856,0.094858,-0.076364,0.108164,-0.828935,-0.241306,0.728900,-0.096098,0.137643,0.115220
14.380000,0.267440,0.336911,0.736914,-0.003070,-0.199913,0.119530,0.893477,0.005856,0.768762,0.130342,-0.016072,0.196365,0.097813,-0.500505,0.815091,-0.070857,-0.022913,0.282371,-0.477644,0.289986,0.741029,0.095098,-0.076553,0.109165,-0.830853,-0.238540,0.731213,-0.095786,0.138954,0.116021
14.400000,0.267387,0.332940,0.739289,-0.002199,-0.197201,0.117928,0.896134,0.005528,0.772704,0.135386,-0.016734,0.197830,0.096390,-0.500928,0.820743,-0.071465,-0.019300,0.282804,-0.475740,0.288453,0.743222,0.095280,-0.076738,0.110198,-0.832767,-0.235748,0.733541,-0.095561,0.140248,0.116816
14.420000,0.267353,0.329024,0.741631,-0.001245,-0.194360,0.116283,0.898893,0.005188,0.776674,0.140437,-0.017316,0.199113,0.094954,-0.501273,0.826400,-0.072224,-0.015138,0.282838,-0.473833,0.286916,0.745437,0.095400,-0.076938,0.111261,-0.834676,-0.232931,0.735885,-0.095448,0.141523,0.117603
14.440000,0.267338,0.325166,0.743940,-0.000211,-0.191431,0.114613,0.901752,0.004836,0.780668,0.145455,-0.017805,0.200199,0.093500,-0.501530,0.832054,-0.073143,-0.010469,0.282459,-0.471924,0.285375,0.747673,0.095454,-0.077170,0.112353,-0.836585,-0.230088,0.738245,-0.095473,0.142778,0.118380
14.460000,0.267345,0.321368,0.746215,0.000903,-0.188415,0.112920,0.904711,0.004476,0.784681,0.150439,-0.018201,0.201089,0.092027,-0.501688,0.837696,-0.074222,-0.005292,0.281665,-0.470015,0.283829,0.749931,0.095442,-0.077436,0.113474,-0.838496,-0.227220,0.740620,-0.095638,0.144011,0.119149
14.480000,0.267375,0.317630,0.748457,0.002097,-0.185310,0.111204,0.907769,0.004109,0.788710,0.155391,-0.018505,0.201783,0.090530,-0.501738,0.843318,-0.075462,0.000392,0.280458,-0.468107,0.282278,0.752212,0.095365,-0.077734,0.114623,-0.840412,-0.224327,0.743011,-0.095942,0.145224,0.119907
14.500000,0.267429,0.313956,0.750663,0.003371,-0.182118,0.109463,0.910926,0.003736,0.792751,0.160309,-0.018716,0.202281,0.089007,-0.501669,0.848911,-0.076862,0.006583,0.278836,-0.466201,0.280720,0.754516,0.095222,-0.078064,0.115801,-0.842335,-0.221411,0.745417,-0.096385,0.146415,0.120656
14.520000,0.267510,0.310346,0.752835,0.004713,-0.178883,0.107731,0.914181,0.003361,0.796800,0.165155,-0.018830,0.202581,0.087455,-0.501472,0.854468,-0.078412,0.013187,0.276811,-0.464299,0.279155,0.756844,0.095013,-0.078444,0.117002,-0.844268,-0.218471,0.747837,-0.096971,0.147577,0.121395
14.540000,0.267618,0.306800,0.754973,0.006111,-0.175650,0.106037,0.917531,0.002984,0.800853,0.169888,-0.018846,0.202679,0.085870,-0.501140,0.859981,-0.080102,0.020111,0.274392,-0.462401,0.277581,0.759197,0.094735,-0.078890,0.118222,-0.846215,-0.215508,0.750272,-0.097707,0.148700,0.122120
14.560000,0.267755,0.303320,0.757077,0.007565,-0.172419,0.104383,0.920976,0.002608,0.804906,0.174510,-0.018761,0.202575,0.084250,-0.500666,0.865441,-0.081931,0.027354,0.271580,-0.460510,0.275999,0.761573,0.094388,-0.079401,0.119461,-0.848178,-0.212523,0.752722,-0.098592,0.149784,0.122833
14.580000,0.267921,0.299904,0.759148,0.009075,-0.169190,0.102767,0.924511,0.002234,0.808954,0.179019,-0.018576,0.202270,0.082592,-0.500043,0.870842,-0.083900,0.034916,0.268374,-0.458626,0.274405,0.763975,0.093974,-0.079978,0.120719,-0.850159,-0.209517,0.755186,-0.099627,0.150829,0.123534
14.600000,0.268118,0.296552,0.761188,0.010641,-0.165964,0.101191,0.928136,0.001865,0.812995,0.183416,-0.018292,0.201763,0.080893,-0.499267,0.876174,-0.086009,0.042797,0.264775,-0.456751,0.272799,0.766402,0.093491,-0.080620,0.121997,-0.852164,-0.206490,0.757663,-0.100810,0.151835,0.124221
14.620000,0.268347,0.293265,0.763197,0.012244,-0.162780,0.099690,0.931847,0.001503,0.817024,0.187661,-0.017905,0.201061,0.079151,-0.498330,0.881430,-0.088222,0.050886,0.260815,-0.454887,0.271180,0.768855,0.092948,-0.081341,0.123286,-0.854193,-0.203444,0.760154,-0.102143,0.152795,0.124895
14.640000,0.268608,0.290040,0.765176,0.013863,-0.159678,0.098299,0.935641,0.001150,0.821036,0.191712,-0.017411,0.200171,0.077363,-0.497231,0.886604,-0.090503,0.059069,0.256527,-0.453034,0.269545,0.771334,0.092354,-0.082152,0.124582,-0.856250,-0.200379,0.762659,-0.103625,0.153704,0.125555
14.660000,0.268902,0.286877,0.767129,0.015500,-0.156659,0.097020,0.939514,0.000807,0.825029,0.195569,-0.016810,0.199091,0.075530,-0.495967,0.891689,-0.092853,0.067347,0.251910,-0.451193,0.267893,0.773838,0.091707,-0.083054,0.125884,-0.858339,-0.197296,0.765176,-0.105257,0.154560,0.126199
14.680000,0.269228,0.283773,0.769058,0.017153,-0.153723,0.095851,0.943462,0.000478,0.828999,0.199234,-0.016104,0.197824,0.073649,-0.494536,0.896678,-0.095272,0.075720,0.246966,-0.449366,0.266222,0.776369,0.091008,-0.084047,0.127191,-0.860462,-0.194197,0.767707,-0.107039,0.155364,0.126829
14.700000,0.269588,0.280728,0.770964,0.018823,-0.150869,0.094793,0.947482,0.000164,0.832941,0.202705,-0.015290,0.196367,0.071719,-0.492937,0.901566,-0.097760,0.084187,0.241693,-0.447553,0.264531,0.778926,0.090257,-0.085130,0.128505,-0.862621,-0.191082,0.770249,-0.108971,0.156117,0.127444
14.720000,0.269981,0.277738,0.772851,0.020490,-0.148127,0.093881,0.951569,-0.000133,0.836852,0.205953,-0.014378,0.194734,0.069738,-0.491169,0.906344,-0.100257,0.092657,0.236135,-0.445756,0.262816,0.781509,0.089463,-0.086309,0.129814,-0.864821,-0.187953,0.772804,-0.111028,0.156806,0.128044
14.740000,0.270408,0.274802,0.774721,0.022133,-0.145526,0.093147,0.955718,-0.000411,0.840729,0.208950,-0.013375,0.192936,0.067709,-0.489232,0.911009,-0.102705,0.101035,0.230333,-0.443975,0.261077,0.784119,0.088634,-0.087587,0.131107,-0.867063,-0.184810,0.775371,-0.113188,0.157422,0.128628
14.760000,0.270866,0.271916,0.776578,0.023752,-0.143067,0.092592,0.959925,-0.000667,0.844568,0.211694,-0.012281,0.190973,0.065631,-0.487128,0.915556,-0.105104,0.109322,0.224289,-0.442210,0.259312,0.786754,0.087771,-0.088964,0.132384,-0.869349,-0.181656,0.777949,-0.115451,0.157964,0.129197
14.780000,0.271357,0.269078,0.778425,0.025346,-0.140749,0.092216,0.964184,-0.000901,0.848367,0.214186,-0.011096,0.188845,0.063505,-0.484859,0.919979,-0.107454,0.117519,0.218001,-0.440464,0.257518,0.789414,0.086873,-0.090440,0.133645,-0.871682,-0.178492,0.780539,-0.117816,0.158432,0.129750
14.800000,0.271880,0.266285,0.780267,0.026918,-0.138572,0.092020,0.968491,-0.001111,0.852121,0.216426,-0.009820,0.186552,0.061333,-0.482428,0.924274,-0.109755,0.125624,0.211471,-0.438736,0.255694,0.792099,0.085941,-0.092015,0.134891,-0.874063,-0.175319,0.783139,-0.120283,0.158826,0.130288
14.820000,0.272434,0.263534,0.782108,0.028458,-0.136560,0.092017,0.972840,-0.001293,0.855828,0.218392,-0.008464,0.184116,0.059115,-0.479835,0.928437,-0.111948,0.133587,0.204761,-0.437027,0.253837,0.794809,0.084985,-0.093689,0.136107,-0.876494,-0.172140,0.785750,-0.122828,0.159140,0.130811
14.840000,0.273018,0.260821,0.783950,0.029959,-0.134738,0.092222,0.977225,-0.001449,0.859485,0.220062,-0.007037,0.181557,0.056856,-0.477086,0.932464,-0.113977,0.141354,0.197935,-0.435336,0.251946,0.797543,0.084016,-0.095462,0.137282,-0.878976,-0.168954,0.788372,-0.125426,0.159365,0.131319
14.860000,0.273632,0.258143,0.785798,0.031423,-0.133105,0.092637,0.981640,-0.001575,0.863089,0.221436,-0.005541,0.178876,0.054557,-0.474183,0.936353,-0.115840,0.148925,0.190993,-0.433666,0.250018,0.800300,0.083035,-0.097334,0.138414,-0.881511,-0.165766,0.791003,-0.128078,0.159502,0.131811
14.880000,0.274275,0.255496,0.787656,0.032848,-0.131662,0.093260,0.986080,-0.001670,0.866639,0.222514,-0.003974,0.176073,0.052223,-0.471130,0.940103,-0.117538,0.156300,0.183935,-0.432015,0.248052,0.803080,0.082041,-0.099304,0.139505,-0.884100,-0.162575,0.793644,-0.130783,0.159552,0.132289
14.900000,0.274946,0.252876,0.789530,0.034235,-0.130407,0.094091,0.990539,-0.001733,0.870132,0.223296,-0.002338,0.173147,0.049857,-0.467932,0.943710,-0.119071,0.163480,0.176760,-0.430384,0.246045,0.805880,0.081033,-0.101373,0.140554,-0.886743,-0.159384,0.796294,-0.133541,0.159513,0.132752
14.920000,0.275644,0.250278,0.791421,0.035590,-0.129350,0.095122,0.995010,-0.001763,0.873564,0.223776,-0.000658,0.170126,0.047462,-0.464592,0.947173,-0.120381,0.170469,0.169538,-0.428774,0.243996,0.808701,0.080016,-0.103541,0.141548,-0.889442,-0.156195,0.798954,-0.136327,0.159385,0.133204
14.940000,0.276369,0.247700,0.793336,0.036918,-0.128498,0.096342,0.999488,-0.001759,0.876936,0.223946,0.001040,0.167036,0.045044,-0.461114,0.950492,-0.121410,0.177269,0.162334,-0.427184,0.241903,0.811542,0.078993,-0.105809,0.142472,-0.892196,-0.153009,0.801623,-0.139115,0.159166,0.133648
14.960000,0.277121,0.245137,0.795276,0.038220,-0.127850,0.097752,1.003966,-0.001721,0.880245,0.223806,0.002754,0.163878,0.042608,-0.457503,0.953667,-0.122160,0.183882,0.155150,-0.425614,0.239763,0.814400,0.077963,-0.108177,0.143327,-0.895006,-0.149829,0.804300,-0.141906,0.158857,0.134084
14.980000,0.277898,0.242585,0.797247,0.039495,-0.127408,0.099351,1.008438,-0.001649,0.883491,0.223357,0.004486,0.160651,0.040159,-0.453760,0.956698,-0.122628,0.190307,0.147985,-0.424065,0.237575,0.817274,0.076926,-0.110645,0.144112,-0.897872,-0.146656,0.806986,-0.144699,0.158457,0.134513
15.000000,0.278700,0.240039,0.799252,0.040743,-0.127170,0.101140,1.012898,-0.001542,0.886671,0.222599,0.006236,0.157356,0.037704,-0.449892,0.959586,-0.122816,0.196545,0.140838,-0.422537,0.235337,0.820164,0.075883,-0.113213,0.144829,-0.900794,-0.143491,0.809680,-0.147494,0.157967,0.134934
15.020000,0.279527,0.237497,0.801294,0.041980,-0.127139,0.103096,1.017340,-0.001400,0.889785,0.221529,0.007967,0.154023,0.035249,-0.445900,0.962332,-0.122700,0.202636,0.133771,-0.421030,0.233046,0.823067,0.074844,-0.115870,0.145458,-0.903772,-0.140338,0.812383,-0.150276,0.157389,0.135352
15.040000,0.280379,0.234952,0.803376,0.043223,-0.127316,0.105198,1.021757,-0.001223,0.892832,0.220144,0.009645,0.150683,0.032798,-0.441787,0.964938,-0.122254,0.208623,0.126842,-0.419543,0.230701,0.825981,0.073820,-0.118604,0.145981,-0.906805,-0.137196,0.815094,-0.153028,0.156726,0.135772
15.060000,0.281256,0.232403,0.805503,0.044471,-0.127703,0.107445,1.026143,-0.001014,0.895812,0.218446,0.011269,0.147336,0.030361,-0.437555,0.967407,-0.121481,0.214504,0.120052,-0.418077,0.228301,0.828905,0.072810,-0.121417,0.146400,-0.909893,-0.134069,0.817814,-0.155751,0.155978,0.136192
15.080000,0.282158,0.229843,0.807675,0.045724,-0.128299,0.109839,1.030493,-0.000773,0.898725,0.216435,0.012840,0.143981,0.027941,-0.433207,0.969741,-0.120378,0.220281,0.113400,-0.416631,0.225844,0.831837,0.071815,-0.124307,0.146713,-0.913035,-0.130958,0.820542,-0.158444,0.155145,0.136614
15.100000,0.283085,0.227269,0.809897,0.046983,-0.129103,0.112377,1.034799,-0.000501,0.901571,0.214109,0.014357,0.140619,0.025548,-0.428745,0.971943,-0.118948,0.225953,0.106887,-0.415204,0.223328,0.834773,0.070834,-0.127274,0.146922,-0.916230,-0.127864,0.823279,-0.161108,0.154226,0.137037
15.120000,0.284038,0.224677,0.812171,0.048251,-0.130107,0.115037,1.039055,-0.000199,0.904350,0.211476,0.015773,0.137277,0.023186,-0.424170,0.974017,-0.117195,0.231564,0.100559,-0.413797,0.220753,0.837713,0.069875,-0.130293,0.147003,-0.919479,-0.124789,0.826024,-0.163718,0.153218,0.137465
15.140000,0.285015,0.222064,0.814499,0.049530,-0.131298,0.117792,1.043256,0.000129,0.907063,0.208545,0.017041,0.133979,0.020862,-0.419482,0.975967,-0.115129,0.237157,0.094461,-0.412409,0.218117,0.840652,0.068944,-0.133339,0.146936,-0.922779,-0.121736,0.828777,-0.166250,0.152116,0.137902
15.160000,0.286019,0.219424,0.816883,0.050821,-0.132679,0.120643,1.047395,0.000481,0.909710,0.205315,0.018159,0.130727,0.018583,-0.414683,0.977797,-0.112749,0.242733,0.088595,-0.411039,0.215419,0.843589,0.068040,-0.136410,0.146721,-0.926128,-0.118705,0.831540,-0.168704,0.150921,0.138348
15.180000,0.287048,0.216755,0.819326,0.052124,-0.134247,0.123589,1.051466,0.000854,0.912292,0.201786,0.019128,0.127520,0.016354,-0.409773,0.979513,-0.110055,0.248291,0.082960,-0.409687,0.212660,0.846520,0.067164,-0.139507,0.146358,-0.929526,-0.115700,0.834311,-0.171079,0.149632,0.138804
15.200000,0.288104,0.214053,0.821828,0.053439,-0.136004,0.126631,1.055464,0.001245,0.914811,0.197959,0.019948,0.124358,0.014182,-0.404752,0.981117,-0.107047,0.253831,0.077557,-0.408353,0.209839,0.849442,0.066316,-0.142630,0.145846,-0.932971,-0.112721,0.837092,-0.173375,0.148250,0.139269
15.220000,0.289186,0.211314,0.824391,0.054766,-0.137927,0.129732,1.059383,0.001651,0.917267,0.193849,0.020585,0.121261,0.012074,-0.399620,0.982617,-0.103779,0.259364,0.072406,-0.407035,0.206955,0.852353,0.065502,-0.145762,0.145158,-0.936460,-0.109770,0.839882,-0.175558,0.146765,0.139747
15.240000,0.290295,0.208535,0.827017,0.056107,-0.139993,0.132855,1.063217,0.002067,0.919662,0.189473,0.021006,0.118248,0.010033,-0.394377,0.984016,-0.100305,0.264897,0.067531,-0.405732,0.204008,0.855247,0.064727,-0.148884,0.144264,-0.939992,-0.106851,0.842682,-0.177590,0.145168,0.140242
15.260000,0.291430,0.205713,0.829706,0.057460,-0.142203,0.136000,1.066960,0.002490,0.921997,0.184832,0.021209,0.115318,0.008063,-0.389024,0.985320,-0.096626,0.270431,0.062930,-0.404445,0.200999,0.858122,0.063993,-0.151997,0.143165,-0.943563,-0.103964,0.845492,-0.179473,0.143459,0.140754
15.280000,0.292593,0.202846,0.832457,0.058826,-0.144556,0.139168,1.070608,0.002914,0.924275,0.179925,0.021196,0.112473,0.006169,-0.383560,0.986535,-0.092741,0.275966,0.058605,-0.403172,0.197928,0.860973,0.063298,-0.155100,0.141861,-0.947170,-0.101113,0.848312,-0.181205,0.141638,0.141284
15.300000,0.293784,0.199930,0.835272,0.060205,-0.147052,0.142358,1.074155,0.003336,0.926497,0.174752,0.020965,0.109712,0.004355,-0.377985,0.987666,-0.088651,0.281503,0.054555,-0.401913,0.194795,0.863795,0.062644,-0.158194,0.140351,-0.950810,-0.098299,0.851143,-0.182787,0.139706,0.141830
15.320000,0.295001,0.196963,0.838151,0.061587,-0.149660,0.145547,1.077597,0.003751,0.928664,0.169340,0.020502,0.107044,0.002624,-0.372300,0.988719,-0.084430,0.287018,0.050786,-0.400666,0.191601,0.866585,0.062040,-0.161261,0.138610,-0.954480,-0.095526,0.853986,-0.184170,0.137648,0.142397
15.340000,0.296247,0.193943,0.841094,0.062965,-0.152347,0.148711,1.080927,0.004155,0.930779,0.163714,0.019790,0.104476,0.000978,-0.366505,0.989699,-0.080156,0.292489,0.047307,-0.399431,0.188345,0.869338,0.061497,-0.164283,0.136612,-0.958175,-0.092794,0.856839,-0.185304,0.135451,0.142986
15.360000,0.297520,0.190869,0.844100,0.064337,-0.155114,0.151851,1.084144,0.004541,0.932844,0.157876,0.018829,0.102010,-0.000582,-0.360601,0.990613,-0.075829,0.297916,0.044115,-0.398206,0.185030,0.872048,0.061015,-0.167260,0.134356,-0.961891,-0.090109,0.859705,-0.186188,0.133114,0.143598
15.380000,0.298820,0.187738,0.847168,0.065703,-0.157961,0.154966,1.087241,0.004906,0.934860,0.151824,0.017619,0.099644,-0.002055,-0.354589,0.991466,-0.071447,0.303300,0.041213,-0.396990,0.181655,0.874710,0.060594,-0.170192,0.131844,-0.965621,-0.087471,0.862584,-0.186824,0.130638,0.144233
15.400000,0.300148,0.184550,0.850298,0.067064,-0.160886,0.158057,1.090215,0.005244,0.936830,0.145560,0.016161,0.097380,-0.003440,-0.348469,0.992263,-0.067012,0.308640,0.038599,-0.395782,0.178222,0.877320,0.060234,-0.173079,0.129074,-0.969362,-0.084884,0.865475,-0.187210,0.128023,0.144890
15.420000,0.301503,0.181302,0.853490,0.068397,-0.163855,0.161105,1.093062,0.005551,0.938756,0.139107,0.014475,0.095220,-0.004735,-0.342244,0.993012,-0.062599,0.313898,0.036285,-0.394580,0.174732,0.879871,0.059947,-0.175913,0.126018,-0.973108,-0.082351,0.868379,-0.187308,0.125256,0.145572
15.440000,0.302884,0.177995,0.856742,0.069679,-0.166831,0.164092,1.095778,0.005822,0.940640,0.132491,0.012583,0.093169,-0.005944,-0.335914,0.993717,-0.058283,0.319036,0.034284,-0.393383,0.171186,0.882359,0.059742,-0.178686,0.122647,-0.976852,-0.079875,0.871298,-0.187077,0.122324,0.146281
15.460000,0.304290,0.174629,0.860053,0.070909,-0.169815,0.167019,1.098361,0.006053,0.942484,0.125711,0.010486,0.091226,-0.007067,-0.329483,0.994385,-0.054064,0.324053,0.032595,-0.392190,0.167585,0.884775,0.059621,-0.181397,0.118962,-0.980589,-0.077459,0.874231,-0.186519,0.119227,0.147017
15.480000,0.305720,0.171203,0.863422,0.072088,-0.172805,0.169885,1.100806,0.006240,0.944290,0.118768,0.008183,0.089392,-0.008107,-0.322953,0.995023,-0.049943,0.328950,0.031219,-0.390998,0.163931,0.887115,0.059582,-0.184047,0.114962,-0.984311,-0.075107,0.877179,-0.185633,0.115966,0.147780
15.500000,0.307173,0.167717,0.866848,0.073216,-0.175802,0.172691,1.103110,0.006379,0.946060,0.111662,0.005674,0.087666,-0.009066,-0.316326,0.995636,-0.045919,0.333726,0.030156,-0.389806,0.160224,0.889372,0.059627,-0.186635,0.110648,-0.988012,-0.072822,0.880142,-0.184419,0.112540,0.148569
15.520000,0.308648,0.164171,0.870330,0.074259,-0.178767,0.175419,1.105271,0.006466,0.947797,0.104408,0.003004,0.086052,-0.009945,-0.309605,0.996231,-0.042052,0.338350,0.029421,-0.388612,0.156466,0.891539,0.059765,-0.189167,0.105993,-0.991685,-0.070606,0.883122,-0.182849,0.108940,0.149386
15.540000,0.310142,0.160567,0.873864,0.075185,-0.181662,0.178055,1.107286,0.006498,0.949503,0.097021,0.000216,0.084551,-0.010749,-0.302793,0.996815,-0.038402,0.342792,0.029032,-0.387415,0.152658,0.893609,0.060007,-0.191649,0.100970,-0.995323,-0.068465,0.886118,-0.180896,0.105154,0.150233
15.560000,0.311654,0.156905,0.877451,0.075994,-0.184487,0.180597,1.109151,0.006474,0.951180,0.089501,-0.002689,0.083163,-0.011483,-0.295894,0.997395,-0.034970,0.347050,0.028989,-0.386211,0.148800,0.895575,0.060354,-0.194080,0.095581,-0.998918,-0.066401,0.889131,-0.178561,0.101183,0.151109
15.580000,0.313181,0.153188,0.881088,0.076686,-0.187242,0.183045,1.110865,0.006390,0.952830,0.081849,-0.005712,0.081889,-0.012150,-0.288912,0.997977,-0.031755,0.351126,0.029292,-0.385000,0.144895,0.897430,0.060805,-0.196461,0.089824,-1.002463,-0.064419,0.892162,-0.175843,0.097026,0.152015
15.600000,0.314721,0.149416,0.884772,0.077261,-0.189926,0.185401,1.112424,0.006245,0.954456,0.074064,-0.008852,0.080729,-0.012754,-0.281850,0.998569,-0.028758,0.355018,0.029940,-0.383779,0.140942,0.899165,0.061360,-0.198792,0.083701,-1.005950,-0.062522,0.895212,-0.172742,0.092684,0.152949
15.620000,0.316271,0.145591,0.888503,0.077683,-0.192502,0.187645,1.113827,0.006035,0.956060,0.066138,-0.012060,0.079684,-0.013302,-0.274713,0.999177,-0.026015,0.358712,0.030936,-0.382545,0.136943,0.900775,0.062045,-0.201077,0.077200,-1.009370,-0.060713,0.898280,-0.169240,0.088148,0.153912
15.640000,0.317827,0.141717,0.892277,0.077920,-0.194933,0.189761,1.115069,0.005762,0.957644,0.058060,-0.015286,0.078755,-0.013797,-0.267503,0.999808,-0.023565,0.362195,0.032283,-0.381296,0.132899,0.902251,0.062887,-0.203321,0.070312,-1.012716,-0.058997,0.901369,-0.165321,0.083410,0.154903
15.660000,0.319386,0.137795,0.896093,0.077970,-0.197219,0.191747,1.116148,0.005424,0.959211,0.049833,-0.018531,0.077941,-0.014246,-0.260226,1.000471,-0.021407,0.365465,0.033981,-0.380028,0.128811,0.903585,0.063884,-0.205525,0.063037,-1.015980,-0.057378,0.904477,-0.160982,0.078469,0.155921
15.680000,0.320945,0.133829,0.899946,0.077834,-0.199360,0.193604,1.117061,0.005021,0.960763,0.041454,-0.021793,0.077244,-0.014655,-0.252886,1.001170,-0.019542,0.368523,0.036029,-0.378739,0.124679,0.904770,0.065038,-0.207687,0.055374,-1.019153,-0.055860,0.907606,-0.156226,0.073325,0.156966
15.700000,0.322498,0.129821,0.903836,0.077512,-0.201355,0.195332,1.117805,0.004552,0.962302,0.032925,-0.025074,0.076663,-0.015030,-0.245487,1.001914,-0.017969,0.371368,0.038427,-0.377426,0.120504,0.905797,0.066348,-0.209809,0.047325,-1.022226,-0.054446,0.910756,-0.151051,0.067978,0.158039
15.720000,0.324044,0.125776,0.907758,0.076969,-0.203171,0.196908,1.118377,0.004018,0.963830,0.024229,-0.028337,0.076199,-0.015376,-0.238033,1.002709,-0.016701,0.373999,0.041158,-0.376084,0.116286,0.906660,0.067837,-0.211891,0.038908,-1.025192,-0.053142,0.913927,-0.145447,0.062423,0.159136
15.740000,0.325575,0.121696,0.911711,0.076170,-0.204773,0.198312,1.118773,0.003419,0.965350,0.015350,-0.031548,0.075855,-0.015700,-0.230528,1.003562,-0.015751,0.376413,0.044200,-0.374711,0.112028,0.907351,0.069529,-0.213934,0.030144,-1.028041,-0.051951,0.917121,-0.139404,0.056652,0.160254
15.760000,0.327089,0.117586,0.915690,0.075117,-0.206160,0.199542,1.118990,0.002756,0.966865,0.006287,-0.034706,0.075630,-0.016008,-0.222978,1.004479,-0.015117,0.378610,0.047556,-0.373302,0.107729,0.907864,0.071424,-0.215938,0.021033,-1.030765,-0.050877,0.920338,-0.132921,0.050665,0.161392
15.780000,0.328578,0.113451,0.919692,0.073809,-0.207334,0.200600,1.119023,0.002031,0.968376,-0.002959,-0.037811,0.075524,-0.016307,-0.215385,1.005467,-0.014800,0.380590,0.051223,-0.371853,0.103391,0.908190,0.073522,-0.217902,0.011574,-1.033355,-0.049926,0.923577,-0.125999,0.044463,0.162552
15.800000,0.330039,0.109294,0.923713,0.072246,-0.208293,0.201484,1.118870,0.001244,0.969887,-0.012389,-0.040864,0.075537,-0.016602,-0.207756,1.006530,-0.014800,0.382353,0.055204,-0.370359,0.099014,0.908324,0.075822,-0.219826,0.001768,-1.035802,-0.049100,0.926840,-0.118637,0.038045,0.163731
15.820000,0.331466,0.105121,0.927750,0.070405,-0.209007,0.202170,1.118527,0.000397,0.971399,-0.022012,-0.043843,0.075681,-0.016901,-0.200093,1.007677,-0.015113,0.383908,0.059465,-0.368818,0.094598,0.908259,0.078334,-0.221699,-0.008325,-1.038098,-0.048405,0.930126,-0.110842,0.031417,0.164926
15.840000,0.332854,0.100936,0.931798,0.068264,-0.209446,0.202633,1.117988,-0.000509,0.972915,-0.031842,-0.046730,0.075966,-0.017209,-0.192401,1.008911,-0.015732,0.385262,0.063976,-0.367225,0.090146,0.907990,0.081063,-0.223505,-0.018646,-1.040233,-0.047845,0.933437,-0.102621,0.024584,0.166129
15.860000,0.334195,0.096745,0.935853,0.065823,-0.209610,0.202873,1.117251,-0.001472,0.974438,-0.041877,-0.049523,0.076393,-0.017532,-0.184684,1.010237,-0.016657,0.386417,0.068737,-0.365574,0.085658,0.907512,0.084011,-0.225244,-0.029194,-1.042200,-0.047423,0.936772,-0.093973,0.017545,0.167341
15.880000,0.335485,0.092553,0.939911,0.063082,-0.209497,0.202889,1.116312,-0.002489,0.975972,-0.052117,-0.052223,0.076961,-0.017877,-0.176945,1.011662,-0.017889,0.387373,0.073748,-0.363863,0.081137,0.906821,0.087177,-0.226918,-0.039969,-1.043989,-0.047144,0.940131,-0.084898,0.010301,0.168562
15.900000,0.336716,0.088367,0.943967,0.060041,-0.209109,0.202682,1.115165,-0.003560,0.977518,-0.062564,-0.054830,0.077671,-0.018250,-0.169190,1.013189,-0.019428,0.388128,0.079008,-0.362086,0.076582,0.905912,0.090561,-0.228526,-0.050972,-1.045593,-0.047013,0.943514,-0.075397,0.002852,0.169792
15.920000,0.337884,0.084191,0.948017,0.056668,-0.208423,0.202223,1.113808,-0.004682,0.979079,-0.073217,-0.057325,0.078529,-0.018656,-0.161421,1.014824,-0.021259,0.388700,0.084477,-0.360239,0.071996,0.904781,0.094172,-0.230054,-0.062113,-1.047002,-0.047032,0.946922,-0.065486,-0.004777,0.171022
15.940000,0.338981,0.080032,0.952055,0.052931,-0.207414,0.201483,1.112235,-0.005852,0.980660,-0.084079,-0.059690,0.079538,-0.019102,-0.153643,1.016569,-0.023368,0.389105,0.090112,-0.358317,0.067381,0.903427,0.098017,-0.231489,-0.073301,-1.048210,-0.047205,0.950355,-0.055182,-0.012562,0.172244
15.960000,0.339999,0.075897,0.956074,0.048831,-0.206084,0.200462,1.110443,-0.007068,0.982262,-0.095150,-0.061925,0.080701,-0.019593,-0.145858,1.018429,-0.025753,0.389343,0.095913,-0.356317,0.062737,0.901848,0.102096,-0.232831,-0.084538,-1.049207,-0.047535,0.953812,-0.044484,-0.020501,0.173458
15.980000,0.340931,0.071791,0.960071,0.044368,-0.204432,0.199161,1.108428,-0.008328,0.983889,-0.106430,-0.064029,0.082016,-0.020134,-0.138070,1.020407,-0.028415,0.389413,0.101882,-0.354232,0.058068,0.900045,0.106410,-0.234080,-0.095823,-1.049986,-0.048026,0.957293,-0.033393,-0.028596,0.174663
16.000000,0.341771,0.067722,0.964039,0.039540,-0.202458,0.197578,1.106185,-0.009629,0.985544,-0.117919,-0.066004,0.083484,-0.020731,-0.130283,1.022506,-0.031355,0.389316,0.108017,-0.352059,0.053375,0.898015,0.110957,-0.235236,-0.107156,-1.050540,-0.048680,0.960799,-0.021909,-0.036845,0.175861
16.020000,0.342510,0.063695,0.967972,0.034325,-0.200154,0.195679,1.103710,-0.010967,0.987229,-0.129614,-0.067824,0.085100,-0.021390,-0.122499,1.024728,-0.034542,0.389070,0.114267,-0.349792,0.048659,0.895759,0.115732,-0.236291,-0.118420,-1.050860,-0.049500,0.964328,-0.010055,-0.045207,0.177041
16.040000,0.343141,0.059718,0.971864,0.028696,-0.197512,0.193430,1.100999,-0.012341,0.988949,-0.141513,-0.069468,0.086860,-0.022114,-0.114721,1.027077,-0.037946,0.388694,0.120581,-0.347428,0.043924,0.893280,0.120726,-0.237237,-0.129500,-1.050940,-0.050489,0.967880,0.002143,-0.053637,0.178195
16.060000,0.343656,0.055797,0.975707,0.022653,-0.194532,0.190831,1.098048,-0.013745,0.990705,-0.153615,-0.070934,0.088765,-0.022909,-0.106952,1.029552,-0.041566,0.388187,0.126958,-0.344962,0.039171,0.890580,0.125939,-0.238076,-0.140394,-1.050772,-0.051646,0.971455,0.014686,-0.062137,0.179323
16.080000,0.344045,0.051939,0.979495,0.016198,-0.191214,0.187881,1.094853,-0.015177,0.992500,-0.165922,-0.072224,0.090813,-0.023778,-0.099194,1.032155,-0.045403,0.387550,0.133398,-0.342389,0.034402,0.887665,0.131371,-0.238806,-0.151104,-1.050350,-0.052975,0.975053,0.027575,-0.070705,0.180425
16.100000,0.344301,0.048150,0.983220,0.009329,-0.187558,0.184581,1.091410,-0.016633,0.994338,-0.178432,-0.073336,0.093006,-0.024727,-0.091451,1.034888,-0.049456,0.386783,0.139902,-0.339705,0.029619,0.884537,0.137023,-0.239428,-0.161628,-1.049667,-0.054475,0.978672,0.040808,-0.079342,0.181500
16.120000,0.344415,0.044438,0.986875,0.002031,-0.183582,0.180898,1.087714,-0.018109,0.996221,-0.191139,-0.074238,0.095334,-0.025758,-0.083724,1.037751,-0.053669,0.385910,0.146410,-0.336907,0.024825,0.881202,0.142881,-0.239936,-0.171854,-1.048716,-0.056148,0.982312,0.054363,-0.087991,0.182536
16.140000,0.344379,0.040809,0.990453,-0.005710,-0.179305,0.176801,1.083763,-0.019600,0.998152,-0.204033,-0.074894,0.097789,-0.026874,-0.076015,1.040744,-0.057985,0.384955,0.152864,-0.333989,0.020022,0.877666,0.148934,-0.240328,-0.181667,-1.047491,-0.057994,0.985973,0.068218,-0.096593,0.183520
16.160000,0.344184,0.037268,0.993945,-0.013896,-0.174725,0.172289,1.079552,-0.021103,1.000134,-0.217115,-0.075305,0.100371,-0.028078,-0.068326,1.043866,-0.062403,0.383918,0.159263,-0.330948,0.015213,0.873938,0.155180,-0.240602,-0.191068,-1.045985,-0.060012,0.989653,0.082373,-0.105149,0.184450
16.180000,0.343820,0.033822,0.997342,-0.022525,-0.169843,0.167363,1.075077,-0.022611,1.002168,-0.230384,-0.075471,0.103079,-0.029371,-0.060659,1.047114,-0.066923,0.382800,0.165606,-0.327780,0.010399,0.870026,0.161621,-0.240759,-0.200055,-1.044194,-0.062200,0.993351,0.096827,-0.113659,0.185328
16.200000,0.343280,0.030476,1.000636,-0.031599,-0.164660,0.162022,1.070335,-0.024120,1.004258,-0.243842,-0.075392,0.105915,-0.030755,-0.053015,1.050490,-0.071546,0.381600,0.171896,-0.324482,0.005583,0.865939,0.168255,-0.240799,-0.208630,-1.042110,-0.064558,0.997066,0.111581,-0.122122,0.186153
16.220000,0.342553,0.027237,1.003820,-0.041089,-0.159216,0.156260,1.065322,-0.025625,1.006405,-0.257483,-0.075040,0.108874,-0.032233,-0.045395,1.053990,-0.076211,0.380354,0.178072,-0.321049,0.000768,0.861684,0.175066,-0.240708,-0.216714,-1.039728,-0.067084,1.000796,0.126617,-0.130477,0.186909
16.240000,0.341634,0.024109,1.006884,-0.050970,-0.153552,0.150067,1.060035,-0.027120,1.008613,-0.271303,-0.074387,0.111953,-0.033804,-0.037801,1.057611,-0.080860,0.379096,0.184077,-0.317478,-0.004044,0.857274,0.182036,-0.240475,-0.224230,-1.037044,-0.069776,1.004541,0.141916,-0.138663,0.187580
16.260000,0.340512,0.021097,1.009820,-0.061241,-0.147670,0.143444,1.054469,-0.028598,1.010884,-0.285301,-0.073434,0.115152,-0.035467,-0.030231,1.061351,-0.085492,0.377828,0.189911,-0.313766,-0.008850,0.852719,0.189164,-0.240100,-0.231177,-1.034050,-0.072630,1.008299,0.157478,-0.146680,0.188167
16.280000,0.339181,0.018204,1.012619,-0.071901,-0.141568,0.136392,1.048621,-0.030055,1.013220,-0.299479,-0.072181,0.118471,-0.037223,-0.022688,1.065207,-0.090108,0.376549,0.195573,-0.309910,-0.013647,0.848030,0.196450,-0.239581,-0.237556,-1.030743,-0.075642,1.012068,0.173304,-0.154528,0.188668
16.300000,0.337633,0.015436,1.015273,-0.082952,-0.135246,0.128910,1.042489,-0.031484,1.015624,-0.313835,-0.070627,0.121910,-0.039071,-0.015169,1.069173,-0.094707,0.375258,0.201065,-0.305907,-0.018432,0.843220,0.203896,-0.238920,-0.243367,-1.027116,-0.078810,1.015845,0.189393,-0.162206,0.189085
16.320000,0.335861,0.012795,1.017773,-0.094336,-0.128747,0.121023,1.036067,-0.032878,1.018097,-0.328354,-0.068765,0.125471,-0.041011,-0.007677,1.073248,-0.099238,0.374004,0.206337,-0.301754,-0.023203,0.838300,0.211470,-0.238098,-0.248568,-1.023165,-0.082129,1.019630,0.205713,-0.169665,0.189405
16.340000,0.333858,0.010287,1.020111,-0.105996,-0.122111,0.112755,1.029353,-0.034232,1.020644,-0.343019,-0.066586,0.129156,-0.043040,-0.000209,1.077425,-0.103650,0.372833,0.211340,-0.297448,-0.027955,0.833282,0.219145,-0.237097,-0.253117,-1.018886,-0.085594,1.023421,0.222233,-0.176851,0.189616
16.360000,0.331619,0.007912,1.022280,-0.117933,-0.115337,0.104107,1.022345,-0.035539,1.023265,-0.357830,-0.064091,0.132965,-0.045156,0.007237,1.081700,-0.107943,0.371744,0.216074,-0.292987,-0.032686,0.828180,0.226921,-0.235916,-0.257013,-1.014275,-0.089201,1.027214,0.238952,-0.183766,0.189718
16.380000,0.329139,0.005674,1.024273,-0.130145,-0.108427,0.095078,1.015039,-0.036794,1.025963,-0.372787,-0.061281,0.136897,-0.047357,0.014662,1.086066,-0.112116,0.370739,0.220539,-0.288370,-0.037391,0.823006,0.234797,-0.234557,-0.260258,-1.009327,-0.092943,1.031009,0.255871,-0.190409,0.189710
16.400000,0.326412,0.003576,1.026081,-0.142634,-0.101380,0.085668,1.007433,-0.037989,1.028741,-0.387890,-0.058153,0.140954,-0.049640,0.022067,1.090519,-0.116170,0.369817,0.224735,-0.283595,-0.042067,0.817774,0.242773,-0.233018,-0.262851,-1.004039,-0.096815,1.034802,0.272989,-0.196781,0.189594
16.420000,0.323432,0.001619,1.027697,-0.155308,-0.094265,0.075942,0.999523,-0.039118,1.031602,-0.403093,-0.054726,0.145125,-0.052003,0.029455,1.095054,-0.120073,0.369014,0.228631,-0.278659,-0.046710,0.812496,0.250813,-0.231272,-0.264783,-0.998406,-0.100812,1.038592,0.290249,-0.202842,0.189367
16.440000,0.320199,-0.000195,1.029117,-0.168077,-0.087149,0.065962,0.991309,-0.040176,1.034547,-0.418349,-0.051015,0.149403,-0.054442,0.036829,1.099662,-0.123795,0.368365,0.232193,-0.273562,-0.051316,0.807187,0.258879,-0.229291,-0.266047,-0.992428,-0.104927,1.042376,0.307594,-0.208555,0.189029
16.460000,0.316709,-0.001867,1.030334,-0.180940,-0.080034,0.055729,0.982789,-0.041156,1.037579,-0.433660,-0.047020,0.153787,-0.056953,0.044191,1.104339,-0.127336,0.367872,0.235422,-0.268304,-0.055880,0.801859,0.266971,-0.227075,-0.266640,-0.986102,-0.109152,1.046152,0.325024,-0.213919,0.188579
16.480000,0.312960,-0.003396,1.031344,-0.193899,-0.072919,0.045244,0.973962,-0.042055,1.040699,-0.449025,-0.042741,0.158278,-0.059534,0.051545,1.109077,-0.130695,0.367533,0.238318,-0.262883,-0.060397,0.796526,0.275089,-0.224624,-0.266565,-0.979427,-0.113481,1.049918,0.342539,-0.218934,0.188017
16.500000,0.308952,-0.004784,1.032142,-0.206952,-0.065804,0.034505,0.964827,-0.042864,1.043911,-0.464443,-0.038178,0.162875,-0.062180,0.058893,1.113870,-0.133872,0.367348,0.240881,-0.257300,-0.064863,0.791201,0.283233,-0.221938,-0.265820,-0.972400,-0.117907,1.053672,0.360139,-0.223600,0.187344
16.520000,0.304682,-0.006029,1.032723,-0.220008,-0.058776,0.023608,0.955384,-0.043580,1.047215,-0.479850,-0.033372,0.167552,-0.064888,0.066240,1.118710,-0.136858,0.367331,0.243094,-0.251554,-0.069273,0.785897,0.291365,-0.218983,-0.264417,-0.965021,-0.122423,1.057411,0.377757,-0.227889,0.186570
16.540000,0.300152,-0.007136,1.033086,-0.232975,-0.051923,0.012651,0.945634,-0.044198,1.050613,-0.495177,-0.028364,0.172282,-0.067653,0.073587,1.123591,-0.139641,0.367491,0.244943,-0.245646,-0.073621,0.780628,0.299446,-0.215726,-0.262365,-0.957290,-0.127020,1.061134,0.395329,-0.231774,0.185705
16.560000,0.295364,-0.008107,1.033229,-0.245855,-0.045244,0.001631,0.935578,-0.044713,1.054106,-0.510426,-0.023152,0.177066,-0.070472,0.080940,1.128505,-0.142221,0.367831,0.246426,-0.239576,-0.077900,0.775407,0.307476,-0.212166,-0.259664,-0.949208,-0.131691,1.064839,0.412852,-0.235255,0.184750
16.580000,0.290319,-0.008947,1.033151,-0.258646,-0.038739,-0.009449,0.925217,-0.045123,1.057696,-0.525597,-0.017738,0.181904,-0.073341,0.088302,1.133445,-0.144599,0.368349,0.247544,-0.233347,-0.082105,0.770246,0.315455,-0.208304,-0.256315,-0.940776,-0.136428,1.068524,0.430328,-0.238331,0.183704
16.600000,0.285019,-0.009658,1.032851,-0.271348,-0.032410,-0.020591,0.914554,-0.045421,1.061383,-0.540689,-0.012122,0.186795,-0.076255,0.095676,1.138404,-0.146774,0.369045,0.248297,-0.226958,-0.086230,0.765159,0.323384,-0.204139,-0.252317,-0.931995,-0.141222,1.072186,0.447757,-0.241002,0.182567
16.620000,0.279466,-0.010245,1.032328,-0.283874,-0.026348,-0.031690,0.903591,-0.045606,1.065168,-0.555623,-0.006364,0.191697,-0.079210,0.103065,1.143375,-0.148748,0.369906,0.248683,-0.220412,-0.090269,0.760158,0.331225,-0.199645,-0.247686,-0.922867,-0.146065,1.075826,0.465076,-0.243262,0.181354
16.640000,0.273666,-0.010714,1.031584,-0.296134,-0.020651,-0.042641,0.892331,-0.045675,1.069051,-0.570318,-0.000525,0.196567,-0.082203,0.110473,1.148349,-0.150523,0.370917,0.248699,-0.213710,-0.094214,0.755255,0.338944,-0.194796,-0.242438,-0.913393,-0.150949,1.079440,0.482223,-0.245102,0.180076
16.660000,0.267622,-0.011073,1.030623,-0.308128,-0.015316,-0.053444,0.880780,-0.045627,1.073030,-0.584776,0.005394,0.201403,-0.085230,0.117902,1.153320,-0.152100,0.372079,0.248346,-0.206855,-0.098058,0.750464,0.346540,-0.189592,-0.236571,-0.903579,-0.155866,1.083028,0.499199,-0.246523,0.178733
16.680000,0.261342,-0.011329,1.029447,-0.319857,-0.010345,-0.064099,0.868942,-0.045459,1.077106,-0.598995,0.011394,0.206208,-0.088286,0.125357,1.158281,-0.153477,0.373391,0.247624,-0.199849,-0.101795,0.745797,0.354014,-0.184033,-0.230087,-0.893427,-0.160807,1.086589,0.516003,-0.247524,0.177327
16.700000,0.254830,-0.011489,1.028060,-0.331321,-0.005736,-0.074607,0.856821,-0.045171,1.081278,-0.612976,0.017474,0.210980,-0.091367,0.132839,1.163223,-0.154656,0.374854,0.246532,-0.192695,-0.105417,0.741265,0.361365,-0.178119,-0.222985,-0.882940,-0.165764,1.090121,0.532634,-0.248106,0.175856
16.720000,0.248092,-0.011562,1.026465,-0.342446,-0.001588,-0.084861,0.844425,-0.044760,1.085545,-0.626651,0.023566,0.215668,-0.094471,0.140352,1.168140,-0.155642,0.376426,0.245080,-0.185396,-0.108917,0.736881,0.368560,-0.171838,-0.215289,-0.872123,-0.170729,1.093623,0.549035,-0.248291,0.174337
16.740000,0.241135,-0.011557,1.024668,-0.353161,0.002004,-0.094757,0.831758,-0.044228,1.089904,-0.639951,0.029601,0.220222,-0.097592,0.147897,1.173024,-0.156440,0.378067,0.243276,-0.177954,-0.112288,0.732657,0.375565,-0.165179,-0.207025,-0.860980,-0.175693,1.097094,0.565147,-0.248099,0.172787
16.760000,0.233968,-0.011485,1.022677,-0.363466,0.005040,-0.104294,0.818829,-0.043576,1.094353,-0.652876,0.035579,0.224640,-0.100727,0.155475,1.177868,-0.157051,0.379777,0.241120,-0.170374,-0.115522,0.728604,0.382380,-0.158143,-0.198191,-0.849519,-0.180650,1.100534,0.580968,-0.247532,0.171206
16.780000,0.226599,-0.011359,1.020499,-0.373361,0.007519,-0.113472,0.805645,-0.042806,1.098889,-0.665427,0.041500,0.228924,-0.103873,0.163088,1.182666,-0.157475,0.381555,0.238612,-0.162660,-0.118611,0.724733,0.389005,-0.150730,-0.188788,-0.837744,-0.185592,1.103942,0.596500,-0.246590,0.169594
16.800000,0.219036,-0.011188,1.018140,-0.382846,0.009442,-0.122292,0.792214,-0.041917,1.103509,-0.677602,0.047365,0.233072,-0.107025,0.170738,1.187410,-0.157711,0.383403,0.235751,-0.154816,-0.121549,0.721056,0.395440,-0.142938,-0.178817,-0.825661,-0.190511,1.107318,0.611743,-0.245271,0.167951
16.820000,0.211288,-0.010985,1.015610,-0.391845,0.010728,-0.130658,0.778544,-0.040912,1.108210,-0.689346,0.053111,0.237021,-0.110180,0.178424,1.192094,-0.157752,0.385254,0.232554,-0.146844,-0.124326,0.717584,0.401642,-0.134785,-0.168318,-0.813276,-0.195401,1.110660,0.626652,-0.243620,0.166285
16.840000,0.203366,-0.010764,1.012918,-0.400284,0.011298,-0.138474,0.764644,-0.039794,1.112988,-0.700603,0.058675,0.240703,-0.113334,0.186147,1.196710,-0.157593,0.387046,0.229034,-0.138752,-0.126938,0.714327,0.407570,-0.126287,-0.157335,-0.800597,-0.200254,1.113969,0.641186,-0.241679,0.164606
16.860000,0.195281,-0.010538,1.010075,-0.408161,0.011149,-0.145742,0.750523,-0.038566,1.117837,-0.711372,0.064058,0.244120,-0.116482,0.193906,1.201253,-0.157233,0.388777,0.225192,-0.130543,-0.129376,0.711294,0.413224,-0.117443,-0.145868,-0.787631,-0.205066,1.117244,0.655344,-0.239449,0.162914
16.880000,0.187043,-0.010323,1.007092,-0.415477,0.010284,-0.152462,0.736192,-0.037233,1.122751,-0.721654,0.069261,0.247271,-0.119622,0.201698,1.205716,-0.156671,0.390448,0.221027,-0.122225,-0.131633,0.708495,0.418604,-0.108253,-0.133916,-0.774386,-0.209830,1.120486,0.669127,-0.236929,0.161209
16.900000,0.178665,-0.010132,1.003980,-0.422233,0.008701,-0.158632,0.721660,-0.035797,1.127726,-0.731448,0.074282,0.250156,-0.122748,0.209523,1.210092,-0.155909,0.392058,0.216540,-0.113801,-0.133703,0.705940,0.423710,-0.098718,-0.121480,-0.760869,-0.214541,1.123693,0.682534,-0.234120,0.159491
16.920000,0.170158,-0.009979,1.000750,-0.428419,0.006441,-0.164186,0.706938,-0.034263,1.132755,-0.740746,0.079071,0.252709,-0.125856,0.217379,1.214375,-0.154924,0.393517,0.211752,-0.105278,-0.135580,0.703639,0.428492,-0.088874,-0.108614,-0.747087,-0.219194,1.126865,0.695524,-0.231069,0.157771
16.940000,0.161532,-0.009878,0.997417,-0.434029,0.003545,-0.169055,0.692034,-0.032636,1.137832,-0.749539,0.083580,0.254865,-0.128943,0.225262,1.218560,-0.153695,0.394734,0.206683,-0.096664,-0.137257,0.701598,0.432900,-0.078759,-0.095372,-0.733051,-0.223783,1.130004,0.708056,-0.227824,0.156062
16.960000,0.152801,-0.009842,0.993993,-0.439062,0.000013,-0.173239,0.676959,-0.030921,1.142947,-0.757827,0.087807,0.256622,-0.132003,0.233167,1.222641,-0.152223,0.395709,0.201334,-0.087965,-0.138728,0.699827,0.436935,-0.068371,-0.081756,-0.718768,-0.228305,1.133108,0.720130,-0.224385,0.154363
16.980000,0.143974,-0.009882,0.990492,-0.443519,-0.004155,-0.176739,0.661724,-0.029125,1.148094,-0.765610,0.091752,0.257982,-0.135030,0.241089,1.226612,-0.150507,0.396442,0.195704,-0.079189,-0.139990,0.698331,0.440597,-0.057712,-0.067765,-0.704249,-0.232757,1.136178,0.731746,-0.220753,0.152675
17.000000,0.135064,-0.010012,0.986928,-0.447399,-0.008959,-0.179555,0.646338,-0.027253,1.153264,-0.772889,0.095417,0.258944,-0.138021,0.249023,1.230467,-0.148547,0.396933,0.189793,-0.070343,-0.141035,0.697118,0.443886,-0.046781,-0.053398,-0.689501,-0.237134,1.139215,0.742904,-0.216928,0.150998
17.020000,0.126082,-0.010244,0.983314,-0.450643,-0.014384,-0.181658,0.630812,-0.025311,1.158449,-0.779677,0.098765,0.259472,-0.140971,0.256964,1.234202,-0.146359,0.397130,0.183646,-0.061436,-0.141859,0.696197,0.446758,-0.035610,-0.038724,-0.674536,-0.241433,1.142218,0.753564,-0.212952,0.149338
17.040000,0.117043,-0.010591,0.979666,-0.453192,-0.020412,-0.183021,0.615154,-0.023305,1.163640,-0.785990,0.101763,0.259527,-0.143874,0.264906,1.237812,-0.143958,0.396982,0.177306,-0.052476,-0.142458,0.695571,0.449170,-0.024233,-0.023808,-0.659362,-0.245651,1.145189,0.763690,-0.208872,0.147700
17.060000,0.107959,-0.011065,0.975999,-0.455045,-0.027045,-0.183642,0.599375,-0.021243,1.168827,-0.791827,0.104410,0.259110,-0.146728,0.272841,1.241293,-0.141344,0.396489,0.170773,-0.043472,-0.142827,0.695246,0.451124,-0.012649,-0.008650,-0.643992,-0.249787,1.148126,0.773279,-0.204685,0.146086
17.080000,0.098845,-0.011677,0.972326,-0.456203,-0.034282,-0.183524,0.583484,-0.019131,1.174001,-0.797188,0.106707,0.258221,-0.149527,0.280763,1.244641,-0.138518,0.395652,0.164046,-0.034434,-0.142963,0.695227,0.452618,-0.000858,0.006749,-0.628435,-0.253838,1.151032,0.782333,-0.200393,0.144494
17.100000,0.089716,-0.012440,0.968663,-0.456666,-0.042124,-0.182665,0.567491,-0.016977,1.179152,-0.802074,0.108653,0.256861,-0.152267,0.288665,1.247853,-0.135478,0.394469,0.157127,-0.025371,-0.142860,0.695518,0.453652,0.011140,0.022389,-0.612702,-0.257802,1.153906,0.790852,-0.195996,0.142925
17.120000,0.080584,-0.013366,0.965024,-0.456387,-0.050526,-0.181053,0.551405,-0.014787,1.184272,-0.806508,0.110236,0.255025,-0.154944,0.296540,1.250926,-0.132247,0.392901,0.150066,-0.016291,-0.142516,0.696123,0.454199,0.023322,0.038196,-0.596804,-0.261678,1.156749,0.798806,-0.191529,0.141377
17.140000,0.071465,-0.014465,0.961426,-0.455318,-0.059448,-0.178677,0.535234,-0.012570,1.189350,-0.810518,0.111443,0.252710,-0.157556,0.304378,1.253856,-0.128846,0.390910,0.142917,-0.007206,-0.141926,0.697046,0.454231,0.035666,0.054096,-0.580754,-0.265463,1.159561,0.806168,-0.187027,0.139847
17.160000,0.062376,-0.015747,0.957882,-0.453460,-0.068888,-0.175536,0.518987,-0.010332,1.194377,-0.814102,0.112275,0.249917,-0.160097,0.312173,1.256642,-0.125275,0.388493,0.135678,0.001874,-0.141088,0.698288,0.453747,0.048171,0.070088,-0.564562,-0.269158,1.162343,0.812937,-0.182490,0.138334
17.180000,0.053332,-0.017224,0.954409,-0.450813,-0.078847,-0.171630,0.502672,-0.008081,1.199344,-0.817261,0.112731,0.246645,-0.162566,0.319915,1.259282,-0.121534,0.385653,0.128350,0.010940,-0.139998,0.699850,0.452747,0.060838,0.086174,-0.548240,-0.272763,1.165095,0.819115,-0.177918,0.136838
17.200000,0.044349,-0.018905,0.951022,-0.447376,-0.089325,-0.166960,0.486299,-0.005825,1.204240,-0.819995,0.112810,0.242895,-0.164957,0.327596,1.261775,-0.117623,0.382388,0.120932,0.019981,-0.138654,0.701735,0.451231,0.073666,0.102352,-0.531801,-0.276275,1.167817,0.824700,-0.173312,0.135361
17.220000,0.035442,-0.020799,0.947736,-0.443211,-0.100202,-0.161520,0.469875,-0.003571,1.209057,-0.822345,0.112528,0.238704,-0.167270,0.335208,1.264119,-0.113584,0.378678,0.113474,0.028986,-0.137051,0.703944,0.449255,0.086577,0.118522,-0.515256,-0.279695,1.170509,0.829691,-0.168693,0.133890
17.240000,0.026625,-0.022915,0.944566,-0.438378,-0.111361,-0.155307,0.453407,-0.001327,1.213785,-0.824356,0.111896,0.234111,-0.169500,0.342740,1.266314,-0.109459,0.374502,0.106026,0.037948,-0.135190,0.706476,0.446873,0.099493,0.134582,-0.498617,-0.283023,1.173172,0.834088,-0.164083,0.132416
17.260000,0.017911,-0.025256,0.941529,-0.432878,-0.122801,-0.148319,0.436903,0.000902,1.218418,-0.826026,0.110914,0.229114,-0.171647,0.350185,1.268360,-0.105249,0.369861,0.098586,0.046859,-0.133071,0.709327,0.444085,0.112412,0.150534,-0.481897,-0.286258,1.175806,0.837890,-0.159482,0.130938
17.280000,0.009314,-0.027829,0.938639,-0.426710,-0.134523,-0.140556,0.420369,0.003108,1.222947,-0.827356,0.109584,0.223715,-0.173710,0.357532,1.270258,-0.100953,0.364754,0.091155,0.055709,-0.130694,0.712496,0.440892,0.125336,0.166376,-0.465106,-0.289402,1.178410,0.841097,-0.154890,0.129457
17.300000,0.000847,-0.030639,0.935912,-0.419875,-0.146525,-0.132020,0.403811,0.005283,1.227364,-0.828345,0.107904,0.217913,-0.175685,0.364772,1.272006,-0.096571,0.359181,0.083734,0.064492,-0.128058,0.715981,0.437293,0.138264,0.182109,-0.448257,-0.292454,1.180984,0.843710,-0.150306,0.127972
17.320000,-0.007477,-0.033691,0.933363,-0.412469,-0.158698,-0.122749,0.387237,0.007422,1.231661,-0.829035,0.105901,0.211769,-0.177572,0.371896,1.273607,-0.092149,0.353143,0.076380,0.073198,-0.125164,0.719779,0.433359,0.151119,0.197638,-0.431361,-0.295414,1.183529,0.845750,-0.145736,0.126469
17.340000,-0.015648,-0.036987,0.931006,-0.404592,-0.170929,-0.112782,0.370651,0.009517,1.235833,-0.829468,0.103599,0.205344,-0.179371,0.378894,1.275062,-0.087733,0.346642,0.069154,0.081824,-0.122014,0.723885,0.429161,0.163823,0.212867,-0.414430,-0.298284,1.186043,0.847239,-0.141181,0.124935
17.360000,-0.023657,-0.040528,0.928856,-0.396243,-0.183219,-0.102120,0.354060,0.011564,1.239873,-0.829642,0.101000,0.198638,-0.181081,0.385758,1.276374,-0.083323,0.339678,0.062056,0.090363,-0.118612,0.728292,0.424699,0.176375,0.227796,-0.397475,-0.301062,1.188526,0.848178,-0.136642,0.123369
17.380000,-0.031495,-0.044316,0.926926,-0.387421,-0.195567,-0.090762,0.337467,0.013555,1.243777,-0.829559,0.098102,0.191650,-0.182704,0.392479,1.277546,-0.078919,0.332250,0.055086,0.098810,-0.114960,0.732995,0.419972,0.188777,0.242425,-0.380507,-0.303749,1.190977,0.848567,-0.132120,0.121772
17.400000,-0.039151,-0.048351,0.925230,-0.378128,-0.207974,-0.078709,0.320879,0.015486,1.247538,-0.829218,0.094906,0.184382,-0.184238,0.399045,1.278579,-0.074521,0.324358,0.048243,0.107160,-0.111062,0.737987,0.414980,0.201027,0.256755,-0.363536,-0.306347,1.193397,0.848404,-0.127614,0.120144
17.420000,-0.046618,-0.052635,0.923782,-0.368478,-0.220347,-0.066050,0.304300,0.017350,1.251151,-0.828660,0.091435,0.176892,-0.185685,0.405450,1.279476,-0.070161,0.316034,0.041573,0.115408,-0.106921,0.743262,0.409796,0.213050,0.270705,-0.346574,-0.308854,1.195783,0.847705,-0.123101,0.118466
17.440000,-0.053889,-0.057164,0.922592,-0.358587,-0.232593,-0.052876,0.287734,0.019142,1.254612,-0.827929,0.087715,0.169240,-0.187045,0.411684,1.280243,-0.065873,0.307312,0.035123,0.123551,-0.102542,0.748812,0.404492,0.224769,0.284199,-0.329632,-0.311270,1.198135,0.846480,-0.118559,0.116721
17.460000,-0.060959,-0.061938,0.921670,-0.348455,-0.244711,-0.039186,0.271184,0.020857,1.257919,-0.827024,0.083743,0.161426,-0.188320,0.417740,1.280883,-0.061655,0.298191,0.028892,0.131587,-0.097932,0.754627,0.399067,0.236184,0.297234,-0.312719,-0.313596,1.200451,0.844731,-0.113987,0.114907
17.480000,-0.067825,-0.066952,0.921028,-0.338082,-0.256703,-0.024980,0.254654,0.022490,1.261068,-0.825946,0.079522,0.153451,-0.189512,0.423609,1.281400,-0.057509,0.288671,0.022880,0.139513,-0.093097,0.760698,0.393522,0.247296,0.309812,-0.295846,-0.315830,1.202731,0.842457,-0.109387,0.113026
17.500000,-0.074481,-0.072205,0.920675,-0.327468,-0.268567,-0.010259,0.238148,0.024036,1.264056,-0.824693,0.075050,0.145313,-0.190621,0.429284,1.281799,-0.053434,0.278752,0.017087,0.147327,-0.088042,0.767017,0.387856,0.258103,0.321933,-0.279024,-0.317971,1.204972,0.839659,-0.104757,0.111078
17.520000,-0.080923,-0.077693,0.920620,-0.316726,-0.280227,0.004850,0.221667,0.025490,1.266880,-0.823292,0.070350,0.137067,-0.191650,0.434757,1.282085,-0.049442,0.268491,0.011551,0.155027,-0.082775,0.773572,0.382125,0.268534,0.333542,-0.262263,-0.320020,1.207173,0.836341,-0.100073,0.109046
17.540000,-0.087150,-0.083412,0.920870,-0.305971,-0.291609,0.020217,0.205217,0.026848,1.269538,-0.821767,0.065446,0.128765,-0.192599,0.440022,1.282263,-0.045545,0.257947,0.006308,0.162612,-0.077304,0.780354,0.376383,0.278517,0.344588,-0.245574,-0.321974,1.209333,0.832510,-0.095310,0.106916
17.560000,-0.093162,-0.089356,0.921430,-0.295202,-0.302712,0.035843,0.188798,0.028107,1.272030,-0.820119,0.060337,0.120408,-0.193472,0.445073,1.282340,-0.041743,0.247118,0.001359,0.170082,-0.071637,0.787352,0.370631,0.288051,0.355069,-0.228966,-0.323832,1.211449,0.828166,-0.090467,0.104688
17.580000,-0.098958,-0.095519,0.922306,-0.284419,-0.313535,0.051729,0.172413,0.029261,1.274354,-0.818347,0.055023,0.111995,-0.194270,0.449905,1.282320,-0.038036,0.236006,-0.003297,0.177437,-0.065785,0.794553,0.364867,0.297136,0.364987,-0.212450,-0.325592,1.213520,0.823308,-0.085546,0.102362
17.600000,-0.104539,-0.101895,0.923501,-0.273622,-0.324079,0.067873,0.156065,0.030306,1.276510,-0.816452,0.049504,0.103526,-0.194994,0.454511,1.282210,-0.034423,0.224610,-0.007659,0.184677,-0.059755,0.801948,0.359093,0.305774,0.374340,-0.196037,-0.327253,1.215543,0.817937,-0.080545,0.099938
17.620000,-0.109904,-0.108480,0.925021,-0.262919,-0.334270,0.084118,0.139755,0.031240,1.278495,-0.814435,0.043824,0.095043,-0.195647,0.458888,1.282015,-0.030909,0.213009,-0.011721,0.191801,-0.053557,0.809523,0.353347,0.313912,0.383101,-0.179736,-0.328813,1.217517,0.812054,-0.075459,0.097420
17.640000,-0.115057,-0.115263,0.926866,-0.252418,-0.344032,0.100305,0.123488,0.032058,1.280311,-0.812296,0.038025,0.086588,-0.196231,0.463031,1.281743,-0.027496,0.201279,-0.015475,0.198811,-0.047202,0.817268,0.347665,0.321502,0.391240,-0.163558,-0.330271,1.219439,0.805659,-0.070280,0.094812
17.660000,-0.120002,-0.122238,0.929033,-0.242118,-0.353365,0.116433,0.107264,0.032760,1.281959,-0.810037,0.032106,0.078161,-0.196748,0.466938,1.281398,-0.024185,0.189421,-0.018921,0.205708,-0.040701,0.825169,0.342049,0.328544,0.398759,-0.147513,-0.331624,1.221309,0.798753,-0.065008,0.092114
17.680000,-0.124743,-0.129395,0.931523,-0.232021,-0.362271,0.132504,0.091087,0.033342,1.283438,-0.807658,0.026069,0.069761,-0.197199,0.470607,1.280988,-0.020974,0.177434,-0.022058,0.212494,-0.034064,0.833214,0.336499,0.335036,0.405656,-0.131612,-0.332870,1.223123,0.791336,-0.059644,0.089325
17.700000,-0.129284,-0.136726,0.934333,-0.222125,-0.370748,0.148516,0.074959,0.033802,1.284750,-0.805157,0.019913,0.061389,-0.197588,0.474034,1.280518,-0.017865,0.165320,-0.024888,0.219169,-0.027303,0.841391,0.331014,0.340980,0.411932,-0.115863,-0.334009,1.224881,0.783407,-0.054188,0.086447
17.720000,-0.133630,-0.144222,0.937462,-0.212522,-0.378732,0.164313,0.058882,0.034138,1.285894,-0.802528,0.013690,0.053068,-0.197915,0.477219,1.279995,-0.014860,0.153167,-0.027417,0.225735,-0.020429,0.849687,0.325606,0.346341,0.417585,-0.100279,-0.335037,1.226581,0.774960,-0.048645,0.083501
17.740000,-0.137787,-0.151872,0.940903,-0.203303,-0.386161,0.179736,0.042859,0.034349,1.286873,-0.799761,0.007450,0.044824,-0.198183,0.480161,1.279423,-0.011963,0.141064,-0.029653,0.232193,-0.013453,0.858090,0.320289,0.351083,0.422614,-0.084868,-0.335954,1.228221,0.765987,-0.043022,0.080510
17.760000,-0.141764,-0.159664,0.944649,-0.194468,-0.393034,0.194787,0.026892,0.034436,1.287687,-0.796858,0.001194,0.036656,-0.198394,0.482862,1.278810,-0.009172,0.129010,-0.031595,0.238547,-0.006389,0.866587,0.315062,0.355208,0.427019,-0.069643,-0.336758,1.229801,0.756488,-0.037320,0.077474
17.780000,-0.145569,-0.167589,0.948692,-0.186017,-0.399351,0.209466,0.010985,0.034397,1.288340,-0.793818,-0.005078,0.028565,-0.198550,0.485322,1.278162,-0.006489,0.117007,-0.033244,0.244797,0.000751,0.875166,0.309925,0.358714,0.430800,-0.054612,-0.337446,1.231319,0.746462,-0.031538,0.074392
17.800000,-0.149208,-0.175635,0.953025,-0.177951,-0.405113,0.223771,-0.004859,0.034232,1.288831,-0.790641,-0.011367,0.020550,-0.198654,0.487543,1.277483,-0.003913,0.105054,-0.034599,0.250944,0.007955,0.883815,0.304878,0.361603,0.433956,-0.039788,-0.338019,1.232776,0.735911,-0.025675,0.071265
17.820000,-0.152690,-0.183790,0.957639,-0.170339,-0.410278,0.237585,-0.020639,0.033942,1.289162,-0.787317,-0.017618,0.012606,-0.198708,0.489525,1.276779,-0.001452,0.093242,-0.035676,0.256992,0.015211,0.892521,0.299914,0.363857,0.436511,-0.025180,-0.338473,1.234170,0.724825,-0.019748,0.068126
17.840000,-0.156025,-0.192042,0.962524,-0.163254,-0.414808,0.250790,-0.036351,0.033528,1.289335,-0.783836,-0.023777,0.004728,-0.198713,0.491274,1.276057,0.000885,0.081661,-0.036490,0.262941,0.022505,0.901272,0.295024,0.365459,0.438486,-0.010798,-0.338808,1.235501,0.713198,-0.013769,0.065008
17.860000,-0.159223,-0.200378,0.967667,-0.156695,-0.418703,0.263385,-0.051992,0.032992,1.289352,-0.780199,-0.029844,-0.003083,-0.198673,0.492793,1.275322,0.003098,0.070312,-0.037041,0.268794,0.029825,0.910056,0.290209,0.366409,0.439880,0.003345,-0.339023,1.236770,0.701030,-0.007739,0.061909
17.880000,-0.162296,-0.208786,0.973056,-0.150661,-0.421962,0.275370,-0.067558,0.032335,1.289212,-0.776406,-0.035820,-0.010829,-0.198590,0.494088,1.274577,0.005187,0.059194,-0.037330,0.274550,0.037157,0.918863,0.285469,0.366706,0.440694,0.017239,-0.339117,1.237978,0.688321,-0.001659,0.058831
17.900000,-0.165253,-0.217252,0.978678,-0.145154,-0.424585,0.286746,-0.083047,0.031560,1.288919,-0.772455,-0.041705,-0.018507,-0.198466,0.495163,1.273830,0.007153,0.048308,-0.037356,0.280213,0.044489,0.927680,0.280803,0.366352,0.440928,0.030874,-0.339089,1.239124,0.675070,0.004473,0.055774
17.920000,-0.168106,-0.225765,0.984521,-0.140213,-0.426556,0.297454,-0.098455,0.030668,1.288472,-0.768331,-0.047454,-0.026142,-0.198305,0.496022,1.273085,0.009000,0.037730,-0.037141,0.285783,0.051807,0.936496,0.276202,0.365353,0.440615,0.044238,-0.338938,1.240209,0.661276,0.010646,0.052764
17.940000,-0.170866,-0.234310,0.990571,-0.135880,-0.427859,0.307435,-0.113779,0.029663,1.287873,-0.764013,-0.053023,-0.033755,-0.198107,0.496674,1.272346,0.010736,0.027537,-0.036707,0.291261,0.059099,0.945301,0.271655,0.363716,0.439787,0.057321,-0.338663,1.241235,0.646938,0.016848,0.049832
17.960000,-0.173545,-0.242874,0.996814,-0.132154,-0.428494,0.316691,-0.129014,0.028548,1.287122,-0.759503,-0.058413,-0.041347,-0.197876,0.497126,1.271618,0.012359,0.017727,-0.036054,0.296649,0.066351,0.954085,0.267163,0.361441,0.438445,0.070112,-0.338264,1.242203,0.632057,0.023081,0.046976
17.980000,-0.176156,-0.251445,1.003234,-0.129035,-0.428461,0.325221,-0.144158,0.027328,1.286220,-0.754801,-0.063623,-0.048917,-0.197614,0.497386,1.270905,0.013869,0.008302,-0.035182,0.301948,0.073552,0.962836,0.262724,0.358528,0.436589,0.082600,-0.337740,1.243114,0.616632,0.029344,0.044196
18.000000,-0.178711,-0.260008,1.009818,-0.126524,-0.427759,0.333024,-0.159205,0.026004,1.285166,-0.749906,-0.068654,-0.056465,-0.197322,0.497461,1.270212,0.015268,-0.000738,-0.034091,0.307159,0.080688,0.971545,0.258340,0.354977,0.434218,0.094774,-0.337090,1.243971,0.600663,0.035636,0.041493
18.020000,-0.181221,-0.268551,1.016550,-0.124630,-0.426401,0.340079,-0.174152,0.024583,1.283961,-0.744792,-0.073467,-0.064022,-0.197003,0.497359,1.269543,0.016591,-0.009339,-0.032807,0.312282,0.087747,0.980201,0.254000,0.350820,0.431379,0.106623,-0.336314,1.244775,0.584162,0.041960,0.038883
18.040000,-0.183700,-0.277060,1.023416,-0.123361,-0.424397,0.346360,-0.188995,0.023068,1.282605,-0.739433,-0.078020,-0.071618,-0.196659,0.497091,1.268901,0.017878,-0.017444,-0.031357,0.317319,0.094717,0.988797,0.249694,0.346085,0.428118,0.118137,-0.335411,1.245527,0.567141,0.048314,0.036383
18.060000,-0.186160,-0.285523,1.030399,-0.122719,-0.421749,0.351868,-0.203728,0.021464,1.281096,-0.733828,-0.082315,-0.079253,-0.196288,0.496665,1.268290,0.019127,-0.025053,-0.029740,0.322270,0.101587,0.997323,0.245421,0.340775,0.424434,0.129305,-0.334381,1.246231,0.549600,0.054699,0.033993
18.080000,-0.188613,-0.293926,1.037485,-0.122702,-0.418454,0.356604,-0.218347,0.019777,1.279434,-0.727978,-0.086352,-0.086928,-0.195894,0.496092,1.267713,0.020339,-0.032166,-0.027957,0.327136,0.108344,1.005772,0.241183,0.334888,0.420329,0.140117,-0.333223,1.246888,0.531539,0.061114,0.031712
18.100000,-0.191072,-0.302257,1.044658,-0.123312,-0.414515,0.360566,-0.232846,0.018011,1.277619,-0.721883,-0.090130,-0.094642,-0.195475,0.495382,1.267173,0.021514,-0.038784,-0.026008,0.331918,0.114978,1.014134,0.236978,0.328425,0.415801,0.150563,-0.331937,1.247500,0.512958,0.067561,0.029541
18.120000,-0.193549,-0.310502,1.051903,-0.124521,-0.409946,0.363792,-0.247220,0.016173,1.275648,-0.715516,-0.093616,-0.102421,-0.195033,0.494544,1.266673,0.022694,-0.044870,-0.023918,0.336615,0.121478,1.022401,0.232804,0.321435,0.410911,0.160632,-0.330521,1.248070,0.493889,0.074045,0.027487
18.140000,-0.196057,-0.318650,1.059205,-0.126305,-0.404762,0.366318,-0.261464,0.014269,1.273521,-0.708850,-0.096776,-0.110290,-0.194567,0.493591,1.266217,0.023923,-0.050389,-0.021712,0.341230,0.127832,1.030568,0.228656,0.313965,0.405718,0.170316,-0.328975,1.248600,0.474365,0.080572,0.025558
18.160000,-0.198605,-0.326689,1.066551,-0.128662,-0.398965,0.368144,-0.275572,0.012305,1.271236,-0.701884,-0.099611,-0.118249,-0.194076,0.492532,1.265805,0.025200,-0.055342,-0.019390,0.345762,0.134033,1.038628,0.224534,0.306017,0.400223,0.179604,-0.327297,1.249093,0.454385,0.087143,0.023752
18.180000,-0.201207,-0.334605,1.073926,-0.131594,-0.392554,0.369269,-0.289538,0.010287,1.268791,-0.694620,-0.102120,-0.126299,-0.193559,0.491381,1.265442,0.026526,-0.059728,-0.016952,0.350212,0.140070,1.046575,0.220438,0.297590,0.394426,0.188488,-0.325489,1.249551,0.433949,0.093757,0.022070
18.200000,-0.203873,-0.342387,1.081317,-0.135099,-0.385528,0.369695,-0.303355,0.008222,1.266183,-0.687057,-0.104304,-0.134439,-0.193015,0.490147,1.265128,0.027901,-0.063546,-0.014399,0.354580,0.145933,1.054403,0.216368,0.288685,0.388326,0.196959,-0.323547,1.249977,0.413057,0.100415,0.020513
18.220000,-0.206614,-0.350022,1.088710,-0.139114,-0.377912,0.369493,-0.317018,0.006117,1.263412,-0.679163,-0.106125,-0.142678,-0.192442,0.488843,1.264867,0.029369,-0.066777,-0.011747,0.358866,0.151615,1.062106,0.212314,0.279371,0.382001,0.205008,-0.321472,1.250373,0.391773,0.107127,0.019080
18.240000,-0.209440,-0.357499,1.096093,-0.143575,-0.369729,0.368739,-0.330519,0.003980,1.260475,-0.670910,-0.107549,-0.151026,-0.191839,0.487480,1.264659,0.030975,-0.069398,-0.009014,0.363072,0.157106,1.069682,0.208264,0.269721,0.375525,0.212628,-0.319261,1.250741,0.370158,0.113901,0.017773
18.260000,-0.212360,-0.364807,1.103456,-0.148481,-0.360979,0.367432,-0.343852,0.001818,1.257371,-0.662296,-0.108575,-0.159482,-0.191202,0.486071,1.264507,0.032720,-0.071410,-0.006198,0.367197,0.162401,1.077126,0.204220,0.259733,0.368900,0.219812,-0.316915,1.251084,0.348214,0.120740,0.016592
18.280000,-0.215383,-0.371935,1.110787,-0.153832,-0.351661,0.365572,-0.357008,-0.000361,1.254096,-0.653322,-0.109202,-0.168046,-0.190529,0.484628,1.264411,0.034604,-0.072813,-0.003301,0.371241,0.167493,1.084437,0.200181,0.249409,0.362124,0.226554,-0.314431,1.251405,0.325941,0.127641,0.015535
18.300000,-0.218517,-0.378870,1.118075,-0.159629,-0.341776,0.363160,-0.369982,-0.002548,1.250648,-0.643987,-0.109432,-0.176719,-0.189817,0.483162,1.264375,0.036626,-0.073606,-0.000322,0.375204,0.172375,1.091610,0.196146,0.238747,0.355199,0.232847,-0.311809,1.251707,0.303337,0.134606,0.014605
18.320000,-0.221770,-0.385602,1.125310,-0.165780,-0.331361,0.360293,-0.382765,-0.004735,1.247026,-0.634258,-0.109244,-0.185487,-0.189063,0.481687,1.264399,0.038820,-0.073808,0.002725,0.379087,0.177041,1.098644,0.192093,0.227834,0.348206,0.238686,-0.309047,1.251990,0.280476,0.141646,0.013799
18.340000,-0.225149,-0.392121,1.132484,-0.172194,-0.320452,0.357073,-0.395350,-0.006915,1.243228,-0.624102,-0.108617,-0.194336,-0.188263,0.480214,1.264484,0.041220,-0.073438,0.005829,0.382888,0.181488,1.105539,0.187998,0.216757,0.341224,0.244065,-0.306143,1.252259,0.257428,0.148770,0.013116
18.360000,-0.228660,-0.398417,1.139591,-0.178869,-0.309051,0.353499,-0.407727,-0.009077,1.239252,-0.613519,-0.107552,-0.203265,-0.187413,0.478754,1.264633,0.043826,-0.072496,0.008988,0.386606,0.185711,1.112293,0.183860,0.205515,0.334255,0.248982,-0.303095,1.252516,0.234194,0.155980,0.012556
18.380000,-0.232306,-0.404480,1.146622,-0.185808,-0.297156,0.349570,-0.419888,-0.011214,1.235097,-0.602508,-0.106048,-0.212276,-0.186509,0.477318,1.264844,0.046637,-0.070982,0.012204,0.390242,0.189707,1.118909,0.179679,0.194108,0.327298,0.253432,-0.299903,1.252762,0.210775,0.163275,0.012119
18.400000,-0.236094,-0.410300,1.153571,-0.193008,-0.284768,0.345287,-0.431824,-0.013316,1.230761,-0.591070,-0.104106,-0.221367,-0.185546,0.475918,1.265121,0.049655,-0.068896,0.015475,0.393793,0.193474,1.125385,0.175457,0.182537,0.320353,0.257411,-0.296564,1.253002,0.187169,0.170655,0.011805
18.420000,-0.240027,-0.415868,1.160432,-0.200347,-0.271938,0.340760,-0.443527,-0.015375,1.226242,-0.579174,-0.101731,-0.230496,-0.184521,0.474565,1.265464,0.052909,-0.066303,0.018790,0.397260,0.197008,1.131724,0.171169,0.170888,0.313487,0.260918,-0.293076,1.253236,0.163446,0.178128,0.011615
18.440000,-0.244108,-0.421175,1.167200,-0.207698,-0.258718,0.336095,-0.454988,-0.017382,1.221541,-0.566787,-0.098927,-0.239620,-0.183428,0.473269,1.265873,0.056427,-0.063267,0.022138,0.400639,0.200309,1.137926,0.166795,0.159251,0.306766,0.263949,-0.289438,1.253467,0.139676,0.185703,0.011548
18.460000,-0.248335,-0.426214,1.173875,-0.215062,-0.245107,0.331295,-0.466196,-0.019329,1.216657,-0.553910,-0.095694,-0.248738,-0.182262,0.472038,1.266349,0.060211,-0.059790,0.025519,0.403931,0.203378,1.143995,0.162334,0.147623,0.300189,0.266504,-0.285647,1.253698,0.115859,0.193379,0.011603
18.480000,-0.252710,-0.430977,1.180451,-0.222439,-0.231107,0.326358,-0.477141,-0.021207,1.211591,-0.540543,-0.092033,-0.257851,-0.181018,0.470880,1.266894,0.064260,-0.055870,0.028932,0.407132,0.206214,1.149934,0.157787,0.136007,0.293757,0.268583,-0.281702,1.253932,0.091994,0.201156,0.011782
18.500000,-0.257233,-0.435456,1.186928,-0.229828,-0.216716,0.321285,-0.487814,-0.023008,1.206343,-0.526685,-0.087943,-0.266958,-0.179690,0.469806,1.267507,0.068574,-0.051508,0.032377,0.410242,0.208818,1.155746,0.153152,0.124400,0.287470,0.270184,-0.277600,1.254170,0.068082,0.209035,0.012084
18.520000,-0.261903,-0.439643,1.193303,-0.237103,-0.201998,0.316176,-0.498205,-0.024722,1.200913,-0.512315,-0.083444,-0.275990,-0.178273,0.468822,1.268189,0.073177,-0.046823,0.035844,0.413258,0.211191,1.161434,0.148414,0.112863,0.281363,0.271306,-0.273340,1.254416,0.044196,0.217007,0.012510
18.540000,-0.266715,-0.443534,1.199576,-0.244135,-0.187018,0.311131,-0.508303,-0.026343,1.195305,-0.497409,-0.078554,-0.284878,-0.176761,0.467934,1.268941,0.078092,-0.041934,0.039320,0.416177,0.213334,1.167002,0.143556,0.101454,0.275470,0.271952,-0.268919,1.254672,0.020407,0.225064,0.013063
18.560000,-0.271666,-0.447122,1.205748,-0.250924,-0.171774,0.306151,-0.518098,-0.027862,1.189519,-0.481967,-0.073274,-0.293623,-0.175147,0.467146,1.269762,0.083319,-0.036842,0.042807,0.418999,0.215250,1.172455,0.138578,0.090173,0.269791,0.272123,-0.264337,1.254939,-0.003283,0.233206,0.013741
18.580000,-0.276751,-0.450403,1.211822,-0.257471,-0.156266,0.301235,-0.527578,-0.029271,1.183561,-0.465990,-0.067603,-0.302223,-0.173426,0.466462,1.270653,0.088858,-0.031546,0.046303,0.421720,0.216942,1.177795,0.133479,0.079020,0.264327,0.271822,-0.259591,1.255222,-0.026874,0.241433,0.014546
18.600000,-0.281964,-0.453371,1.217798,-0.263775,-0.140496,0.296384,-0.536734,-0.030563,1.177431,-0.449476,-0.061542,-0.310679,-0.171591,0.465886,1.271614,0.094709,-0.026047,0.049810,0.424337,0.218411,1.183029,0.128260,0.067994,0.259077,0.271049,-0.254679,1.255522,-0.050368,0.249746,0.015476
18.620000,-0.287299,-0.456021,1.223678,-0.269729,-0.124529,0.291667,-0.545554,-0.031731,1.171135,-0.432434,-0.055125,-0.318905,-0.169635,0.465421,1.272645,0.100854,-0.020487,0.053315,0.426849,0.219662,1.188160,0.122898,0.057128,0.254047,0.269808,-0.249600,1.255842,-0.073693,0.258121,0.016534
18.640000,-0.292750,-0.458351,1.229466,-0.275226,-0.108433,0.287153,-0.554028,-0.032766,1.164677,-0.414869,-0.048383,-0.326817,-0.167555,0.465066,1.273747,0.107274,-0.015012,0.056808,0.429252,0.220698,1.193193,0.117370,0.046454,0.249242,0.268103,-0.244354,1.256184,-0.096782,0.266536,0.017720
18.660000,-0.298305,-0.460358,1.235166,-0.280267,-0.092206,0.282843,-0.562145,-0.033664,1.158064,-0.396782,-0.041317,-0.334414,-0.165343,0.464820,1.274918,0.113970,-0.009619,0.060288,0.431543,0.221522,1.198131,0.111677,0.035972,0.244662,0.265938,-0.238939,1.256552,-0.119632,0.274992,0.019035
18.680000,-0.303957,-0.462039,1.240781,-0.284851,-0.075850,0.278737,-0.569895,-0.034417,1.151303,-0.378172,-0.033927,-0.341695,-0.162994,0.464680,1.276158,0.120942,-0.004311,0.063755,0.433718,0.222138,1.202981,0.105819,0.025681,0.240308,0.263319,-0.233354,1.256947,-0.142245,0.283489,0.020479
18.700000,-0.309696,-0.463391,1.246317,-0.288978,-0.059365,0.274835,-0.577268,-0.035019,1.144399,-0.359041,-0.026213,-0.348662,-0.160503,0.464647,1.277468,0.128190,0.000915,0.067211,0.435775,0.222550,1.207745,0.099795,0.015583,0.236179,0.260250,-0.227599,1.257372,-0.164621,0.292026,0.022052
18.720000,-0.315513,-0.464413,1.251776,-0.292569,-0.042817,0.271167,-0.584254,-0.035463,1.137359,-0.339425,-0.018233,-0.355214,-0.157865,0.464716,1.278846,0.135672,0.005924,0.070646,0.437709,0.222763,1.212429,0.093571,0.005688,0.232260,0.256736,-0.221673,1.257830,-0.186685,0.300572,0.023755
18.740000,-0.321395,-0.465104,1.257165,-0.295541,-0.026274,0.267764,-0.590842,-0.035747,1.130194,-0.319365,-0.010042,-0.361253,-0.155075,0.464881,1.280293,0.143347,0.010587,0.074053,0.439516,0.222779,1.217037,0.087114,-0.003989,0.228536,0.252785,-0.215576,1.258323,-0.208363,0.309097,0.025590
18.760000,-0.327330,-0.465464,1.262488,-0.297896,-0.009737,0.264624,-0.597025,-0.035864,1.122912,-0.298859,-0.001642,-0.366780,-0.152130,0.465137,1.281808,0.151215,0.014901,0.077433,0.441192,0.222605,1.221572,0.080424,-0.013450,0.225008,0.248404,-0.209309,1.258854,-0.229655,0.317601,0.027556
18.780000,-0.333307,-0.465493,1.267752,-0.299634,0.006796,0.261750,-0.602794,-0.035811,1.115526,-0.277908,0.006967,-0.371793,-0.149025,0.465475,1.283391,0.159277,0.018869,0.080784,0.442731,0.222243,1.226038,0.073500,-0.022694,0.221676,0.243602,-0.202872,1.259426,-0.250561,0.326083,0.029655
18.800000,-0.339312,-0.465192,1.272960,-0.300754,0.023323,0.259140,-0.608139,-0.035584,1.108044,-0.256513,0.015787,-0.376293,-0.145757,0.465889,1.285039,0.167532,0.022489,0.084108,0.444130,0.221698,1.230440,0.066342,-0.031722,0.218539,0.238385,-0.196266,1.260041,-0.271081,0.334543,0.031886
18.820000,-0.345332,-0.464561,1.278119,-0.301200,0.039797,0.256789,-0.613052,-0.035179,1.100478,-0.234731,0.024740,-0.380188,-0.142323,0.466372,1.286755,0.175911,0.025657,0.087404,0.445383,0.220975,1.234781,0.058908,-0.040565,0.215574,0.232762,-0.189491,1.260702,-0.291121,0.342948,0.034250
18.840000,-0.351355,-0.463601,1.283233,-0.300918,0.056172,0.254692,-0.617526,-0.034594,1.092841,-0.212624,0.033750,-0.383386,-0.138720,0.466912,1.288535,0.184344,0.028266,0.090672,0.446484,0.220077,1.239064,0.051153,-0.049255,0.212758,0.226744,-0.182549,1.261412,-0.310584,0.351263,0.036750
18.860000,-0.357364,-0.462314,1.288308,-0.299907,0.072446,0.252849,-0.621555,-0.033828,1.085147,-0.190190,0.042818,-0.385887,-0.134949,0.467498,1.290381,0.192832,0.030319,0.093911,0.447427,0.219006,1.243292,0.043077,-0.057793,0.210089,0.220342,-0.175441,1.262173,-0.329472,0.359487,0.039386
18.880000,-0.363346,-0.460704,1.293349,-0.298167,0.088621,0.251260,-0.625131,-0.032881,1.077410,-0.167430,0.051944,-0.387692,-0.131007,0.468121,1.292292,0.201373,0.031813,0.097121,0.448205,0.217766,1.247469,0.034680,-0.066179,0.207569,0.213569,-0.168170,1.262988,-0.347785,0.367621,0.042157
18.900000,-0.369286,-0.458770,1.298361,-0.295699,0.104695,0.249926,-0.628250,-0.031750,1.069644,-0.144344,0.061127,-0.388799,-0.126893,0.468767,1.294266,0.209969,0.032750,0.100303,0.448812,0.216360,1.251596,0.025962,-0.074412,0.205198,0.206435,-0.160737,1.263860,-0.365521,0.375665,0.045064
18.920000,-0.375169,-0.456517,1.303348,-0.292469,0.120636,0.248817,-0.630903,-0.030436,1.061863,-0.120992,0.070280,-0.389142,-0.122608,0.469426,1.296304,0.218550,0.033049,0.103456,0.449241,0.214790,1.255677,0.016912,-0.082526,0.202955,0.198952,-0.153144,1.264792,-0.382597,0.383557,0.048107
18.940000,-0.380980,-0.453946,1.308315,-0.288446,0.136409,0.247906,-0.633088,-0.028940,1.054084,-0.097433,0.079318,-0.388651,-0.118152,0.470084,1.298404,0.227050,0.032630,0.106580,0.449486,0.213059,1.259715,0.007519,-0.090553,0.200822,0.191136,-0.145396,1.265785,-0.398927,0.391236,0.051286
18.960000,-0.386702,-0.451061,1.313265,-0.283630,0.152015,0.247193,-0.634799,-0.027264,1.046323,-0.073667,0.088240,-0.387327,-0.113527,0.470727,1.300567,0.235468,0.031492,0.109676,0.449540,0.211169,1.263711,-0.002218,-0.098492,0.198800,0.183000,-0.137496,1.266844,-0.414510,0.398702,0.054602
18.980000,-0.392320,-0.447867,1.318204,-0.278020,0.167453,0.246678,-0.636033,-0.025411,1.038597,-0.049695,0.097046,-0.385169,-0.108734,0.471339,1.302791,0.243804,0.029637,0.112742,0.449395,0.209120,1.267668,-0.012299,-0.106344,0.196887,0.174560,-0.129449,1.267970,-0.429346,0.405954,0.058054
19.000000,-0.397817,-0.444364,1.323134,-0.271618,0.182724,0.246361,-0.636786,-0.023383,1.030922,-0.025516,0.105737,-0.382178,-0.103775,0.471908,1.305076,0.252058,0.027063,0.115780,0.449046,0.206916,1.271587,-0.022723,-0.114108,0.195085,0.165831,-0.121259,1.269167,-0.443437,0.412994,0.061642
19.020000,-0.403179,-0.440559,1.328059,-0.264405,0.197804,0.246211,-0.637053,-0.021183,1.023315,-0.001191,0.114224,-0.378323,-0.098652,0.472417,1.307422,0.260165,0.023733,0.118784,0.448484,0.204556,1.275472,-0.033490,-0.121818,0.193373,0.156828,-0.112931,1.270437,-0.456724,0.419760,0.065358
19.040000,-0.408388,-0.436454,1.332983,-0.256365,0.212667,0.246196,-0.636833,-0.018816,1.015795,0.023220,0.122422,-0.373575,-0.093370,0.472852,1.309827,0.268058,0.019610,0.121749,0.447704,0.202043,1.279323,-0.044598,-0.129506,0.191734,0.147568,-0.104471,1.271782,-0.469154,0.426193,0.069191
19.060000,-0.413428,-0.432054,1.337908,-0.247499,0.227315,0.246318,-0.636123,-0.016288,1.008378,0.047718,0.130330,-0.367934,-0.087932,0.473196,1.312292,0.275738,0.014693,0.124676,0.446698,0.199376,1.283142,-0.056049,-0.137173,0.190167,0.138068,-0.095886,1.273205,-0.480725,0.432293,0.073143
19.080000,-0.418282,-0.427363,1.342837,-0.237805,0.241747,0.246577,-0.634923,-0.013604,1.001083,0.072301,0.137948,-0.361400,-0.082342,0.473434,1.314814,0.283204,0.008982,0.127563,0.445460,0.196556,1.286930,-0.067842,-0.144819,0.188671,0.128345,-0.087182,1.274709,-0.491437,0.438059,0.077213
19.100000,-0.422935,-0.422385,1.347772,-0.227285,0.255963,0.246971,-0.633231,-0.010772,0.993928,0.096970,0.145277,-0.353973,-0.076605,0.473550,1.317394,0.290456,0.002478,0.130412,0.443982,0.193584,1.290689,-0.079976,-0.152442,0.187248,0.118416,-0.078366,1.276295,-0.501291,0.443492,0.081402
19.120000,-0.427368,-0.417126,1.352716,-0.215966,0.269947,0.247461,-0.631044,-0.007796,0.986930,0.121656,0.152249,-0.345666,-0.070725,0.473528,1.320030,0.297441,-0.004822,0.133208,0.442258,0.190459,1.294420,-0.092432,-0.160066,0.185881,0.108299,-0.069445,1.277966,-0.510261,0.448529,0.085693
19.140000,-0.431568,-0.411589,1.357671,-0.203878,0.283679,0.248005,-0.628365,-0.004685,0.980107,0.146289,0.158799,-0.336492,-0.064709,0.473352,1.322722,0.304106,-0.012918,0.135939,0.440283,0.187181,1.298124,-0.105188,-0.167710,0.184556,0.098012,-0.060427,1.279723,-0.518320,0.453107,0.090075
19.160000,-0.435518,-0.405780,1.362637,-0.191019,0.297160,0.248605,-0.625193,-0.001447,0.973476,0.170868,0.164928,-0.326451,-0.058563,0.473006,1.325467,0.310449,-0.021811,0.138603,0.438049,0.183750,1.301803,-0.118244,-0.175376,0.183273,0.087572,-0.051323,1.281569,-0.525468,0.457226,0.094546
19.180000,-0.439204,-0.399704,1.367615,-0.177391,0.310391,0.249259,-0.621531,0.001910,0.967055,0.195395,0.170634,-0.315543,-0.052294,0.472474,1.328265,0.316472,-0.031500,0.141202,0.435551,0.180166,1.305456,-0.131601,-0.183063,0.182031,0.076999,-0.042142,1.283505,-0.531705,0.460886,0.099106
19.200000,-0.442609,-0.393366,1.372607,-0.162993,0.323371,0.249968,-0.617378,0.005376,0.960860,0.219868,0.175917,-0.303769,-0.045907,0.471740,1.331115,0.322173,-0.041987,0.143734,0.432783,0.176427,1.309084,-0.145257,-0.190771,0.180831,0.066310,-0.032891,1.285534,-0.537032,0.464087,0.103755
19.220000,-0.445719,-0.386771,1.377614,-0.147907,0.336094,0.250679,-0.612737,0.008943,0.954910,0.244222,0.180742,-0.291175,-0.039409,0.470789,1.334014,0.327503,-0.053234,0.146184,0.429739,0.172535,1.312689,-0.159161,-0.198494,0.179661,0.055524,-0.023581,1.287656,-0.541474,0.466802,0.108468
19.240000,-0.448521,-0.379924,1.382634,-0.132216,0.348553,0.251336,-0.607610,0.012602,0.949219,0.268388,0.185069,-0.277809,-0.032809,0.469606,1.336962,0.332411,-0.065208,0.148534,0.426415,0.168488,1.316271,-0.173258,-0.206224,0.178510,0.044657,-0.014222,1.289873,-0.545057,0.469005,0.113217
19.260000,-0.451004,-0.372831,1.387667,-0.115919,0.360750,0.251941,-0.602002,0.016343,0.943803,0.292368,0.188899,-0.263672,-0.026115,0.468176,1.339955,0.336897,-0.077908,0.150783,0.422807,0.164286,1.319830,-0.187549,-0.213963,0.177377,0.033727,-0.004824,1.292185,-0.547780,0.470696,0.118003
19.280000,-0.453154,-0.365496,1.392711,-0.099016,0.372683,0.252493,-0.595917,0.020155,0.938677,0.316161,0.192233,-0.248763,-0.019336,0.466485,1.342992,0.340960,-0.091334,0.152933,0.418912,0.159929,1.323366,-0.202034,-0.221710,0.176262,0.022751,0.004602,1.294593,-0.549644,0.471873,0.122825
19.300000,-0.454960,-0.357925,1.397766,-0.081508,0.384353,0.252993,-0.589357,0.024029,0.933857,0.339767,0.195069,-0.233082,-0.012480,0.464518,1.346072,0.344601,-0.105486,0.154982,0.414725,0.155417,1.326880,-0.216712,-0.229464,0.175165,0.011747,0.014047,1.297098,-0.550649,0.472539,0.127684
19.320000,-0.456411,-0.350124,1.402830,-0.063504,0.395763,0.253374,-0.582328,0.027954,0.929358,0.363123,0.197403,-0.216695,-0.005555,0.462261,1.349191,0.347773,-0.120307,0.156915,0.410242,0.150751,1.330373,-0.231523,-0.237202,0.174077,0.000731,0.023500,1.299700,-0.550855,0.472686,0.132525
19.340000,-0.457498,-0.342096,1.407900,-0.045112,0.406913,0.253570,-0.574834,0.031922,0.925194,0.386168,0.199230,-0.199668,0.001428,0.459702,1.352347,0.350430,-0.135743,0.158714,0.405463,0.145929,1.333843,-0.246406,-0.244896,0.172989,-0.010282,0.032951,1.302399,-0.550324,0.472309,0.137291
19.360000,-0.458213,-0.333849,1.412972,-0.026334,0.417805,0.253582,-0.566883,0.035920,0.921376,0.408900,0.200550,-0.182002,0.008458,0.456827,1.355538,0.352571,-0.151792,0.160379,0.400386,0.140955,1.337292,-0.261361,-0.252549,0.171900,-0.021277,0.042389,1.305192,-0.549054,0.471408,0.141984
19.380000,-0.458548,-0.325386,1.418042,-0.007169,0.428439,0.253410,-0.558480,0.039940,0.917918,0.431320,0.201363,-0.163695,0.015527,0.453626,1.358761,0.354197,-0.168455,0.161910,0.395008,0.135828,1.340719,-0.276387,-0.260158,0.170810,-0.032240,0.051804,1.308078,-0.547046,0.469982,0.146603
19.400000,-0.458497,-0.316713,1.423107,0.012383,0.438813,0.253052,-0.549632,0.043971,0.914832,0.453428,0.201668,-0.144748,0.022623,0.450085,1.362014,0.355307,-0.185731,0.163309,0.389330,0.130549,1.344125,-0.291486,-0.267726,0.169719,-0.043154,0.061185,1.311055,-0.544301,0.468033,0.151148
19.420000,-0.458051,-0.307835,1.428163,0.032208,0.448942,0.252454,-0.540346,0.048004,0.912132,0.475172,0.201480,-0.125235,0.029736,0.446193,1.365293,0.355870,-0.203538,0.164563,0.383349,0.125119,1.347508,-0.306601,-0.275210,0.168620,-0.054007,0.070522,1.314123,-0.540906,0.465571,0.155544
19.440000,-0.457208,-0.298757,1.433203,0.052192,0.458836,0.251556,-0.530628,0.052027,0.909826,0.496500,0.200814,-0.105230,0.036854,0.441941,1.368595,0.355853,-0.221792,0.165666,0.377066,0.119541,1.350869,-0.321678,-0.282571,0.167504,-0.064787,0.079804,1.317276,-0.536950,0.462609,0.159715
19.460000,-0.455963,-0.289483,1.438223,0.072335,0.468495,0.250360,-0.520488,0.056033,0.907926,0.517411,0.199669,-0.084732,0.043966,0.437319,1.371918,0.355258,-0.240492,0.166615,0.370482,0.113817,1.354208,-0.336715,-0.289809,0.166373,-0.075482,0.089023,1.320510,-0.532435,0.459147,0.163663
19.480000,-0.454313,-0.280019,1.443216,0.092637,0.477921,0.248866,-0.509935,0.060011,0.906440,0.537906,0.198045,-0.063741,0.051060,0.432318,1.375259,0.354083,-0.259639,0.167412,0.363598,0.107950,1.357524,-0.351713,-0.296924,0.165225,-0.086080,0.098167,1.323821,-0.527358,0.455183,0.167387
19.500000,-0.452256,-0.270368,1.448176,0.113098,0.487112,0.247072,-0.498975,0.063952,0.905379,0.557985,0.195942,-0.042258,0.058125,0.426930,1.378614,0.352328,-0.279232,0.168056,0.356414,0.101941,1.360817,-0.366673,-0.303915,0.164061,-0.096572,0.107227,1.327204,-0.521721,0.450720,0.170886
19.520000,-0.449789,-0.260536,1.453096,0.133601,0.496081,0.244939,-0.487618,0.067845,0.904752,0.577602,0.193350,-0.020416,0.065150,0.421146,1.381980,0.349988,-0.299201,0.168545,0.348931,0.095794,1.364086,-0.381547,-0.310736,0.162872,-0.106946,0.116193,1.330654,-0.515606,0.445785,0.174110
19.540000,-0.446913,-0.250526,1.457971,0.154029,0.504842,0.242424,-0.475874,0.071682,0.904564,0.596712,0.190258,0.001651,0.072121,0.414960,1.385355,0.347053,-0.319474,0.168876,0.341153,0.089513,1.367332,-0.396290,-0.317337,0.161650,-0.117194,0.125055,1.334166,-0.509094,0.440407,0.177007
19.560000,-0.443628,-0.240343,1.462791,0.174383,0.513394,0.239527,-0.463753,0.075452,0.904820,0.615316,0.186666,0.023943,0.079028,0.408365,1.388734,0.343525,-0.340051,0.169049,0.333081,0.083102,1.370552,-0.410902,-0.323718,0.160394,-0.127307,0.133806,1.337732,-0.502186,0.434586,0.179577
19.580000,-0.439938,-0.229992,1.467549,0.194663,0.521738,0.236248,-0.451265,0.079146,0.905524,0.633412,0.182575,0.046460,0.085858,0.401356,1.392116,0.339403,-0.360932,0.169064,0.324718,0.076566,1.373747,-0.425382,-0.329879,0.159105,-0.137279,0.142436,1.341347,-0.494882,0.428322,0.181820
19.600000,-0.435842,-0.219475,1.472238,0.214868,0.529873,0.232587,-0.438420,0.082752,0.906680,0.651002,0.177983,0.069202,0.092600,0.393926,1.395496,0.334687,-0.382117,0.168921,0.316066,0.069909,1.376916,-0.439731,-0.335822,0.157782,-0.147100,0.150936,1.345003,-0.487181,0.421615,0.183735
19.620000,-0.431344,-0.208798,1.476850,0.234890,0.537796,0.228530,-0.425229,0.086262,0.908292,0.668062,0.172888,0.092020,0.099242,0.386070,1.398871,0.329397,-0.403439,0.168622,0.307129,0.063135,1.380058,-0.453909,-0.341504,0.156417,-0.156764,0.159297,1.348694,-0.479149,0.414491,0.185305
19.640000,-0.426449,-0.197965,1.481377,0.254621,0.545504,0.224061,-0.411701,0.089664,0.910360,0.684568,0.167287,0.114763,0.105772,0.377788,1.402240,0.323553,-0.424732,0.168168,0.297911,0.056250,1.383172,-0.467874,-0.346887,0.154999,-0.166264,0.167513,1.352413,-0.470852,0.406974,0.186511
19.660000,-0.421161,-0.186979,1.485810,0.274062,0.552996,0.219180,-0.397850,0.092950,0.912882,0.700520,0.161179,0.137431,0.112180,0.369081,1.405597,0.317154,-0.445997,0.167560,0.288416,0.049261,1.386258,-0.481626,-0.351971,0.153528,-0.175596,0.175574,1.356152,-0.462288,0.399063,0.187352
19.680000,-0.415488,-0.175846,1.490141,0.293211,0.560273,0.213886,-0.383684,0.096108,0.915857,0.715918,0.154565,0.160025,0.118455,0.359949,1.408941,0.310201,-0.467232,0.166797,0.278648,0.042174,1.389313,-0.495166,-0.356755,0.152005,-0.184754,0.183473,1.359904,-0.453458,0.390760,0.187829
19.700000,-0.409435,-0.164570,1.494362,0.312070,0.567335,0.208181,-0.369216,0.099129,0.919283,0.730762,0.147444,0.182544,0.124584,0.350392,1.412268,0.302693,-0.488439,0.165879,0.268611,0.034993,1.392338,-0.508494,-0.361240,0.150430,-0.193732,0.191202,1.363663,-0.444362,0.382064,0.187942
19.720000,-0.403008,-0.153155,1.498466,0.330571,0.574144,0.202079,-0.354457,0.102002,0.923157,0.745055,0.139827,0.204847,0.130559,0.340413,1.415575,0.294669,-0.509448,0.164811,0.258310,0.027726,1.395330,-0.521569,-0.365386,0.148800,-0.202527,0.198753,1.367420,-0.435042,0.373005,0.187707
19.740000,-0.396215,-0.141606,1.502443,0.348647,0.580662,0.195594,-0.339418,0.104719,0.927474,0.758797,0.131724,0.226792,0.136368,0.330017,1.418859,0.286165,-0.530088,0.163598,0.247750,0.020380,1.398289,-0.534352,-0.369154,0.147113,-0.211133,0.206120,1.371169,-0.425540,0.363613,0.187141
19.760000,-0.389065,-0.129930,1.506287,0.366299,0.586891,0.188727,-0.324109,0.107268,0.932226,0.771990,0.123136,0.248378,0.142002,0.319211,1.422118,0.277183,-0.550361,0.162238,0.236937,0.012963,1.401214,-0.546843,-0.372543,0.145369,-0.219547,0.213295,1.374903,-0.415856,0.353887,0.186243
19.780000,-0.381566,-0.118132,1.509990,0.383526,0.592830,0.181477,-0.308542,0.109641,0.937407,0.784633,0.114063,0.269606,0.147452,0.308005,1.425348,0.267722,-0.570266,0.160732,0.225878,0.005481,1.404104,-0.559042,-0.375553,0.143568,-0.227766,0.220273,1.378616,-0.405989,0.343828,0.185014
19.800000,-0.373726,-0.106219,1.513543,0.400329,0.598479,0.173845,-0.292728,0.111827,0.943008,0.796726,0.104504,0.290475,0.152708,0.296403,1.428546,0.257782,-0.589803,0.159081,0.214578,-0.002057,1.406956,-0.570949,-0.378185,0.141710,-0.235786,0.227046,1.382301,-0.395939,0.333436,0.183454
19.820000,-0.365556,-0.094195,1.516941,0.416660,0.603820,0.165880,-0.276677,0.113818,0.949023,0.808281,0.094495,0.310865,0.157760,0.284416,1.431710,0.247410,-0.608821,0.157291,0.203042,-0.009644,1.409772,-0.582517,-0.380424,0.139797,-0.243602,0.233608,1.385952,-0.385738,0.322763,0.181597
19.840000,-0.357063,-0.082068,1.520177,0.432474,0.608837,0.157633,-0.260400,0.115604,0.955439,0.819310,0.084069,0.330655,0.162602,0.272055,1.434837,0.236656,-0.627169,0.155369,0.191280,-0.017271,1.412548,-0.593696,-0.382253,0.137830,-0.251214,0.239955,1.389564,-0.375415,0.311860,0.179479
19.860000,-0.348260,-0.069844,1.523245,0.447771,0.613528,0.149102,-0.243908,0.117178,0.962245,0.829814,0.073228,0.349846,0.167224,0.259334,1.437924,0.225519,-0.644845,0.153317,0.179297,-0.024931,1.415284,-0.604488,-0.383674,0.135811,-0.258618,0.246081,1.393130,-0.364971,0.300729,0.177099
19.880000,-0.339156,-0.057529,1.526139,0.462550,0.617894,0.140289,-0.227211,0.118531,0.969429,0.839791,0.061972,0.368436,0.171620,0.246266,1.440969,0.214000,-0.661851,0.151133,0.167103,-0.032615,1.417980,-0.614892,-0.384685,0.133739,-0.265812,0.251983,1.396646,-0.354406,0.289369,0.174457
19.900000,-0.329762,-0.045130,1.528854,0.476812,0.621935,0.131193,-0.210320,0.119654,0.976978,0.849244,0.050299,0.386427,0.175782,0.232864,1.443969,0.202097,-0.678187,0.148819,0.154704,-0.040316,1.420634,-0.624908,-0.385288,0.131614,-0.272794,0.257655,1.400106,-0.343719,0.277780,0.171554
19.920000,-0.320087,-0.032654,1.531385,0.490554,0.625611,0.121885,-0.193244,0.120540,0.984881,0.858184,0.038262,0.403735,0.179702,0.219143,1.446921,0.189855,-0.693741,0.146383,0.142109,-0.048024,1.423244,-0.634477,-0.385479,0.129447,-0.279560,0.263093,1.403506,-0.332942,0.266044,0.168425
19.940000,-0.310143,-0.020109,1.533729,0.503772,0.628881,0.112437,-0.175995,0.121183,0.993123,0.866627,0.025912,0.420279,0.183374,0.205120,1.449823,0.177318,-0.708405,0.143835,0.129328,-0.055732,1.425811,-0.643540,-0.385256,0.127252,-0.286111,0.268296,1.406842,-0.322106,0.254241,0.165106
19.960000,-0.299940,-0.007502,1.535882,0.516467,0.631745,0.102848,-0.158583,0.121575,1.001687,0.874572,0.013249,0.436059,0.186792,0.190813,1.452674,0.164484,-0.722178,0.141177,0.116371,-0.063432,1.428334,-0.652097,-0.384620,0.125027,-0.292444,0.273262,1.410109,-0.311211,0.242371,0.161598
19.980000,-0.289488,0.005158,1.537842,0.528638,0.634204,0.093119,-0.141016,0.121710,1.010560,0.882019,0.000273,0.451075,0.189951,0.176239,1.455470,0.151354,-0.735060,0.138407,0.103248,-0.071114,1.430812,-0.660147,-0.383569,0.122773,-0.298559,0.277990,1.413305,-0.300258,0.230434,0.157900
20.000000,-0.278798,0.017864,1.539606,0.540286,0.636258,0.083249,-0.123305,0.121584,1.019725,0.888968,-0.013016,0.465326,0.192845,0.161417,1.458209,0.137929,-0.747052,0.135525,0.089969,-0.078772,1.433245,-0.667691,-0.382104,0.120491,-0.304454,0.282479,1.416424,-0.289246,0.218432,0.154012
20.020000,-0.267880,0.030606,1.541171,0.551420,0.637883,0.073311,-0.105460,0.121188,1.029168,0.895433,-0.026541,0.478756,0.195467,0.146364,1.460890,0.124316,-0.758065,0.132552,0.076544,-0.086396,1.435632,-0.674721,-0.380282,0.118193,-0.310129,0.286728,1.419464,-0.278209,0.206450,0.149966
20.040000,-0.256744,0.043376,1.542538,0.562050,0.639055,0.063378,-0.087491,0.120521,1.038870,0.901427,-0.040226,0.491308,0.197817,0.131101,1.463511,0.110625,-0.768012,0.129506,0.062983,-0.093981,1.437973,-0.681228,-0.378157,0.115893,-0.315583,0.290738,1.422422,-0.267181,0.194579,0.145790
20.060000,-0.245401,0.056165,1.543706,0.572175,0.639776,0.053448,-0.069406,0.119578,1.048814,0.906950,-0.054071,0.502981,0.199892,0.115650,1.466070,0.096856,-0.776894,0.126387,0.049298,-0.101520,1.440268,-0.687213,-0.375730,0.113593,-0.320816,0.294512,1.425295,-0.256164,0.182817,0.141485
20.080000,-0.233861,0.068964,1.544676,0.581796,0.640044,0.043523,-0.051216,0.118357,1.058983,0.912001,-0.068076,0.513776,0.201690,0.100032,1.468566,0.083007,-0.784711,0.123196,0.035498,-0.109008,1.442516,-0.692675,-0.373001,0.111292,-0.325829,0.298051,1.428080,-0.245156,0.171165,0.137051
20.100000,-0.222133,0.081764,1.545447,0.590912,0.639860,0.033603,-0.032930,0.116854,1.069359,0.916582,-0.082241,0.523693,0.203211,0.084269,1.470997,0.069081,-0.791461,0.119933,0.021594,-0.116438,1.444719,-0.697615,-0.369970,0.108989,-0.330622,0.301359,1.430776,-0.234157,0.159623,0.132488
20.120000,-0.210227,0.094555,1.546021,0.599524,0.639217,0.023750,-0.014556,0.115067,1.079925,0.920700,-0.096486,0.532705,0.204454,0.068381,1.473363,0.055179,-0.797126,0.116620,0.007597,-0.123805,1.446876,-0.702035,-0.366689,0.106700,-0.335196,0.304437,1.433379,-0.223215,0.148273,0.127817
20.140000,-0.198155,0.107329,1.546398,0.607634,0.638106,0.014027,0.003895,0.112995,1.090661,0.924366,-0.110732,0.540788,0.205419,0.052391,1.475662,0.041406,-0.801686,0.113283,-0.006483,-0.131105,1.448987,-0.705936,-0.363209,0.104442,-0.339552,0.307292,1.435888,-0.212376,0.137199,0.123060
20.160000,-0.185925,0.120077,1.546583,0.615240,0.636528,0.004434,0.022416,0.110637,1.101550,0.927578,-0.124978,0.547940,0.206111,0.036321,1.477894,0.027761,-0.805142,0.109921,-0.020637,-0.138332,1.451054,-0.709319,-0.359530,0.102213,-0.343692,0.309927,1.438301,-0.201641,0.126401,0.118216
20.180000,-0.173549,0.132787,1.546576,0.622344,0.634483,-0.005029,0.040996,0.107995,1.112573,0.930338,-0.139225,0.554162,0.206531,0.020193,1.480058,0.014244,-0.807492,0.106533,-0.034853,-0.145484,1.453076,-0.712184,-0.355652,0.100014,-0.347618,0.312350,1.440616,-0.191009,0.115878,0.113286
20.200000,-0.161035,0.145453,1.546382,0.628944,0.631970,-0.014361,0.059626,0.105068,1.123710,0.932645,-0.153473,0.559453,0.206681,0.004029,1.482155,0.000856,-0.808737,0.103120,-0.049121,-0.152557,1.455055,-0.714531,-0.351575,0.097845,-0.351333,0.314564,1.442832,-0.180481,0.105631,0.108269
20.220000,-0.148394,0.158063,1.546003,0.635039,0.628995,-0.023522,0.078298,0.101857,1.134945,0.934499,-0.167651,0.563825,0.206566,-0.012149,1.484183,-0.012326,-0.808925,0.099702,-0.063431,-0.159546,1.456990,-0.716367,-0.347336,0.095718,-0.354838,0.316577,1.444947,-0.170099,0.095711,0.103182
20.240000,-0.135637,0.170610,1.545443,0.640624,0.625564,-0.032472,0.097003,0.098363,1.146257,0.935900,-0.181686,0.567287,0.206190,-0.028321,1.486143,-0.025224,-0.808105,0.096300,-0.077772,-0.166450,1.458884,-0.717702,-0.342971,0.093647,-0.358138,0.318395,1.446959,-0.159907,0.086171,0.098039
20.260000,-0.122773,0.183083,1.544706,0.645700,0.621676,-0.041210,0.115731,0.094591,1.157630,0.936848,-0.195580,0.569840,0.205559,-0.044467,1.488035,-0.037836,-0.806276,0.092913,-0.092135,-0.173264,1.460736,-0.718536,-0.338480,0.091630,-0.361236,0.320026,1.448868,-0.149905,0.077009,0.092841
20.280000,-0.109812,0.195473,1.543796,0.650267,0.617331,-0.049737,0.134474,0.090541,1.169045,0.937342,-0.209331,0.571482,0.204679,-0.060566,1.489860,-0.050164,-0.803439,0.089541,-0.106510,-0.179988,1.462549,-0.718869,-0.333864,0.089669,-0.364135,0.321478,1.450672,-0.140092,0.068226,0.087589
20.300000,-0.096765,0.207773,1.542717,0.654325,0.612529,-0.058053,0.153222,0.086218,1.180483,0.937384,-0.222941,0.572215,0.203555,-0.076598,1.491617,-0.062208,-0.799593,0.086185,-0.120887,-0.186618,1.464324,-0.718700,-0.329121,0.087763,-0.366841,0.322758,1.452371,-0.130468,0.059822,0.082281
20.320000,-0.083643,0.219972,1.541475,0.657872,0.607292,-0.066138,0.171966,0.081625,1.191928,0.936970,-0.236360,0.572086,0.202193,-0.092543,1.493307,-0.073921,-0.794823,0.082848,-0.135255,-0.193152,1.466060,-0.718042,-0.324271,0.085920,-0.369356,0.323874,1.453963,-0.121062,0.051812,0.076934
20.340000,-0.070454,0.232062,1.540074,0.660907,0.601639,-0.073973,0.190698,0.076765,1.203361,0.936095,-0.249539,0.571143,0.200600,-0.108385,1.494931,-0.085258,-0.789213,0.079537,-0.149605,-0.199588,1.467761,-0.716907,-0.319335,0.084150,-0.371685,0.324833,1.455448,-0.111901,0.044211,0.071566
20.360000,-0.057210,0.244035,1.538518,0.663431,0.595571,-0.081559,0.209407,0.071645,1.214768,0.934762,-0.262477,0.569385,0.198785,-0.124106,1.496489,-0.096218,-0.782761,0.076252,-0.163928,-0.205925,1.469427,-0.715296,-0.314310,0.082453,-0.373833,0.325645,1.456826,-0.102984,0.037020,0.066176
20.380000,-0.043920,0.255882,1.536813,0.665443,0.589088,-0.088895,0.228085,0.066268,1.226131,0.932969,-0.275174,0.566813,0.196754,-0.139690,1.497981,-0.106803,-0.775469,0.072991,-0.178214,-0.212160,1.471059,-0.713208,-0.309199,0.080828,-0.375806,0.326317,1.458095,-0.094312,0.030237,0.060763
20.400000,-0.030595,0.267595,1.534964,0.666943,0.582189,-0.095982,0.246723,0.060639,1.237435,0.930716,-0.287632,0.563427,0.194515,-0.155119,1.499409,-0.117012,-0.767337,0.069756,-0.192453,-0.218292,1.472660,-0.710643,-0.304000,0.079275,-0.377607,0.326857,1.459256,-0.085884,0.023864,0.055328
20.420000,-0.017246,0.279167,1.532975,0.667937,0.574912,-0.102813,0.265311,0.054765,1.248663,0.928007,-0.299812,0.559311,0.192076,-0.170379,1.500772,-0.126822,-0.758475,0.066536,-0.206637,-0.224320,1.474231,-0.707623,-0.298724,0.077803,-0.379243,0.327274,1.460308,-0.077721,0.017890,0.049894
20.440000,-0.003881,0.290590,1.530853,0.668430,0.567295,-0.109379,0.283840,0.048649,1.259803,0.924847,-0.311678,0.554549,0.189445,-0.185454,1.502070,-0.136209,-0.748996,0.063321,-0.220755,-0.230241,1.475773,-0.704168,-0.293381,0.076419,-0.380718,0.327575,1.461252,-0.069839,0.012302,0.044484
20.460000,0.009488,0.301856,1.528602,0.668422,0.559337,-0.115682,0.302302,0.042299,1.270841,0.921234,-0.323231,0.549142,0.186631,-0.200334,1.503304,-0.145175,-0.738900,0.060111,-0.234800,-0.236055,1.477288,-0.700280,-0.287972,0.075124,-0.382038,0.327769,1.462088,-0.062241,0.007103,0.039098
20.480000,0.022852,0.312961,1.526227,0.667913,0.551039,-0.121721,0.320686,0.035722,1.281765,0.917169,-0.334471,0.543088,0.183641,-0.215006,1.504475,-0.153719,-0.728186,0.056907,-0.248764,-0.241759,1.478779,-0.695957,-0.282497,0.073917,-0.383210,0.327862,1.462816,-0.054924,0.002291,0.033736
20.500000,0.036201,0.323896,1.523735,0.666904,0.542400,-0.127496,0.338985,0.028923,1.292560,0.912652,-0.345397,0.536388,0.180485,-0.229458,1.505581,-0.161840,-0.716855,0.053708,-0.262636,-0.247354,1.480246,-0.691201,-0.276955,0.072799,-0.384237,0.327863,1.463437,-0.047890,-0.002133,0.028398
20.520000,0.049525,0.334655,1.521129,0.665404,0.533466,-0.133006,0.357189,0.021908,1.303216,0.907698,-0.355978,0.529149,0.177170,-0.243677,1.506623,-0.169532,-0.705029,0.050493,-0.276409,-0.252837,1.481691,-0.686045,-0.271355,0.071768,-0.385127,0.327779,1.463952,-0.041141,-0.006196,0.023102
20.540000,0.062814,0.345233,1.518416,0.663425,0.524284,-0.138252,0.375290,0.014686,1.313723,0.902323,-0.366184,0.521478,0.173706,-0.257656,1.507600,-0.176788,-0.692832,0.047239,-0.290075,-0.258208,1.483117,-0.680528,-0.265708,0.070823,-0.385885,0.327617,1.464362,-0.034676,-0.009924,0.017867
20.560000,0.076059,0.355624,1.515601,0.660967,0.514854,-0.143234,0.393280,0.007263,1.324073,0.896527,-0.376015,0.513373,0.170102,-0.271388,1.508512,-0.183607,-0.680264,0.043948,-0.303628,-0.263465,1.484525,-0.674647,-0.260012,0.069965,-0.386516,0.327384,1.464667,-0.028497,-0.013319,0.012692
20.580000,0.089250,0.365825,1.512689,0.658029,0.505175,-0.147951,0.411149,-0.000352,1.334256,0.890308,-0.385471,0.504835,0.166365,-0.284864,1.509358,-0.189988,-0.667324,0.040620,-0.317059,-0.268608,1.485916,-0.668403,-0.254267,0.069194,-0.387027,0.327087,1.464870,-0.022604,-0.016379,0.007578
20.600000,0.102377,0.375830,1.509685,0.654612,0.495248,-0.152403,0.428889,-0.008153,1.344263,0.883669,-0.394552,0.495865,0.162505,-0.298078,1.510137,-0.195933,-0.654012,0.037253,-0.330361,-0.273635,1.487293,-0.661797,-0.248474,0.068508,-0.387422,0.326731,1.464971,-0.016996,-0.019105,0.002524
20.620000,0.115431,0.385634,1.506594,0.650729,0.485115,-0.156593,0.446493,-0.016131,1.354088,0.876629,-0.403229,0.486567,0.158531,-0.311023,1.510848,-0.201445,-0.640432,0.033820,-0.343528,-0.278547,1.488657,-0.654868,-0.242639,0.067907,-0.387708,0.326324,1.464971,-0.011664,-0.021532,-0.002448
20.640000,0.128403,0.395233,1.503423,0.646392,0.474818,-0.160525,0.463952,-0.024279,1.363724,0.869213,-0.411474,0.477048,0.154450,-0.323695,1.511489,-0.206524,-0.626688,0.030291,-0.356554,-0.283341,1.490010,-0.647657,-0.236767,0.067388,-0.387890,0.325872,1.464874,-0.006600,-0.023696,-0.007317
20.660000,0.141284,0.404625,1.500175,0.641603,0.464357,-0.164198,0.481259,-0.032587,1.373168,0.861419,-0.419287,0.467306,0.150272,-0.336089,1.512059,-0.211173,-0.612778,0.026667,-0.369433,-0.288017,1.491353,-0.640164,-0.230858,0.066951,-0.387974,0.325378,1.464679,-0.001803,-0.025597,-0.012083
20.680000,0.154064,0.413807,1.496857,0.636360,0.453731,-0.167612,0.498406,-0.041048,1.382415,0.853248,-0.426669,0.457343,0.146006,-0.348205,1.512555,-0.215391,-0.598703,0.022947,-0.382159,-0.292575,1.492688,-0.632388,-0.224913,0.066596,-0.387964,0.324850,1.464391,0.002726,-0.027235,-0.016745
20.700000,0.166735,0.422774,1.493472,0.630664,0.442942,-0.170767,0.515386,-0.049651,1.391461,0.844700,-0.433618,0.447158,0.141660,-0.360037,1.512976,-0.219177,-0.584464,0.019131,-0.394726,-0.297013,1.494017,-0.624331,-0.218932,0.066323,-0.387867,0.324291,1.464010,0.006987,-0.028610,-0.021305
20.720000,0.179288,0.431523,1.490028,0.624529,0.432022,-0.173670,0.532192,-0.058389,1.400301,0.835796,-0.440112,0.436839,0.137242,-0.371583,1.513319,-0.222542,-0.570139,0.015206,-0.407131,-0.301332,1.495342,-0.616043,-0.212924,0.066115,-0.387686,0.323707,1.463539,0.010998,-0.029758,-0.025756
20.740000,0.191713,0.440054,1.486527,0.617967,0.421003,-0.176327,0.548816,-0.067253,1.408934,0.826558,-0.446127,0.426472,0.132761,-0.382842,1.513583,-0.225495,-0.555810,0.011158,-0.419367,-0.305530,1.496662,-0.607575,-0.206900,0.065954,-0.387428,0.323102,1.462981,0.014774,-0.030715,-0.030092
20.760000,0.204004,0.448363,1.482976,0.610978,0.409886,-0.178739,0.565252,-0.076231,1.417359,0.816987,-0.451663,0.416058,0.128225,-0.393815,1.513765,-0.228036,-0.541476,0.006986,-0.431432,-0.309608,1.497980,-0.598926,-0.200861,0.065840,-0.387097,0.322479,1.462337,0.018316,-0.031481,-0.034313
20.780000,0.216150,0.456449,1.479379,0.603563,0.398671,-0.180905,0.581493,-0.085316,1.425576,0.807081,-0.456719,0.405597,0.123642,-0.404501,1.513862,-0.230164,-0.527138,0.002691,-0.443323,-0.313565,1.499296,-0.590098,-0.194806,0.065772,-0.386697,0.321844,1.461609,0.021623,-0.032055,-0.038420
20.800000,0.228143,0.464309,1.475742,0.595722,0.387358,-0.182826,0.597533,-0.094497,1.433583,0.796841,-0.461296,0.395088,0.119021,-0.414900,1.513872,-0.231881,-0.512795,-0.001727,-0.455035,-0.317400,1.500611,-0.581090,-0.188735,0.065752,-0.386234,0.321198,1.460801,0.024696,-0.032438,-0.042412
20.820000,0.239976,0.471942,1.472068,0.587476,0.375974,-0.184512,0.613365,-0.103765,1.441379,0.786286,-0.465383,0.384594,0.114369,-0.425013,1.513792,-0.233203,-0.498500,-0.006276,-0.466565,-0.321114,1.501927,-0.571937,-0.182651,0.065764,-0.385711,0.320547,1.459913,0.027555,-0.032661,-0.046287
20.840000,0.251640,0.479348,1.468363,0.578847,0.364549,-0.185976,0.628982,-0.113109,1.448967,0.775438,-0.468972,0.374178,0.109695,-0.434841,1.513620,-0.234147,-0.484306,-0.010961,-0.477912,-0.324706,1.503242,-0.562674,-0.176556,0.065796,-0.385133,0.319893,1.458950,0.030220,-0.032756,-0.050044
20.860000,0.263127,0.486524,1.464630,0.569835,0.353081,-0.187217,0.644380,-0.122520,1.456347,0.764295,-0.472062,0.363839,0.105006,-0.444386,1.513353,-0.234712,-0.470214,-0.015783,-0.489072,-0.328176,1.504558,-0.553300,-0.170449,0.065846,-0.384503,0.319238,1.457912,0.032692,-0.032724,-0.053681
20.880000,0.274431,0.493471,1.460875,0.560439,0.341572,-0.188235,0.659552,-0.131988,1.463521,0.752857,-0.474653,0.353578,0.100309,-0.453650,1.512988,-0.234899,-0.456223,-0.020742,-0.500043,-0.331524,1.505876,-0.543816,-0.164331,0.065915,-0.383826,0.318585,1.456803,0.034971,-0.032563,-0.057200
20.900000,0.285542,0.500187,1.457102,0.550661,0.330022,-0.189031,0.674492,-0.141503,1.470491,0.741125,-0.476745,0.343394,0.095613,-0.462636,1.512522,-0.234708,-0.442334,-0.025838,-0.510824,-0.334749,1.507195,-0.534223,-0.158202,0.066003,-0.383106,0.317936,1.455625,0.037056,-0.032275,-0.060600
20.920000,0.296455,0.506671,1.453316,0.540531,0.318453,-0.189621,0.689195,-0.151055,1.477258,0.729121,-0.478345,0.333324,0.090923,-0.471345,1.511953,-0.234160,-0.428575,-0.031061,-0.521411,-0.337852,1.508516,-0.524546,-0.152062,0.066087,-0.382345,0.317294,1.454380,0.038971,-0.031886,-0.063889
20.940000,0.307161,0.512925,1.449519,0.530083,0.306890,-0.190019,0.703656,-0.160633,1.483825,0.716868,-0.479461,0.323407,0.086249,-0.479780,1.511279,-0.233276,-0.414977,-0.036402,-0.531805,-0.340832,1.509839,-0.514815,-0.145912,0.066147,-0.381548,0.316661,1.453070,0.040737,-0.031423,-0.067074
20.960000,0.317656,0.518947,1.445716,0.519316,0.295333,-0.190226,0.717868,-0.170230,1.490195,0.704366,-0.480092,0.313643,0.081595,-0.487945,1.510496,-0.232058,-0.401539,-0.041861,-0.542004,-0.343688,1.511162,-0.505030,-0.139751,0.066182,-0.380717,0.316038,1.451698,0.042356,-0.030886,-0.070156
20.980000,0.327932,0.524738,1.441911,0.508231,0.283782,-0.190242,0.731829,-0.179834,1.496371,0.691614,-0.480239,0.304030,0.076968,-0.495842,1.509604,-0.230504,-0.388261,-0.047437,-0.552006,-0.346422,1.512486,-0.495190,-0.133580,0.066192,-0.379855,0.315426,1.450265,0.043828,-0.030275,-0.073135
21.000000,0.337983,0.530298,1.438108,0.496827,0.272237,-0.190067,0.745531,-0.189436,1.502357,0.678614,-0.479902,0.294570,0.072377,-0.503476,1.508598,-0.228614,-0.375145,-0.053132,-0.561811,-0.349031,1.513809,-0.485295,-0.127398,0.066177,-0.378965,0.314828,1.448773,0.045151,-0.029590,-0.076010
21.020000,0.347803,0.535628,1.434310,0.485147,0.260717,-0.189721,0.758972,-0.199027,1.508155,0.665384,-0.479103,0.285279,0.067826,-0.510849,1.507478,-0.226419,-0.362203,-0.058926,-0.571417,-0.351517,1.515132,-0.475364,-0.121207,0.066122,-0.378050,0.314243,1.447225,0.046346,-0.028852,-0.078791
21.040000,0.357387,0.540727,1.430520,0.473232,0.249243,-0.189222,0.772145,-0.208597,1.513770,0.651948,-0.477862,0.276175,0.063322,-0.517966,1.506240,-0.223946,-0.349453,-0.064800,-0.580825,-0.353880,1.516454,-0.465415,-0.115009,0.066011,-0.377112,0.313674,1.445622,0.047431,-0.028081,-0.081490
21.060000,0.366731,0.545598,1.426742,0.461084,0.237815,-0.188570,0.785048,-0.218138,1.519204,0.638305,-0.476180,0.267257,0.058870,-0.524829,1.504885,-0.221195,-0.336893,-0.070754,-0.590034,-0.356118,1.517773,-0.455449,-0.108804,0.065844,-0.376153,0.313120,1.443966,0.048407,-0.027276,-0.084105
21.080000,0.375829,0.550240,1.422978,0.448702,0.226432,-0.187766,0.797676,-0.227642,1.524461,0.624454,-0.474058,0.258527,0.054476,-0.531443,1.503410,-0.218167,-0.324525,-0.076789,-0.599043,-0.358232,1.519087,-0.445464,-0.102592,0.065622,-0.375176,0.312583,1.442258,0.049273,-0.026439,-0.086637
21.100000,0.384677,0.554655,1.419232,0.436086,0.215095,-0.186809,0.810025,-0.237098,1.529546,0.610397,-0.471494,0.249983,0.050145,-0.537811,1.501813,-0.214862,-0.312347,-0.082904,-0.607852,-0.360221,1.520397,-0.435462,-0.096373,0.065345,-0.374183,0.312063,1.440501,0.050029,-0.025569,-0.089085
21.120000,0.393271,0.558844,1.415507,0.423279,0.203817,-0.185723,0.822091,-0.246499,1.534462,0.596157,-0.468520,0.241628,0.045883,-0.543938,1.500093,-0.211311,-0.300362,-0.089073,-0.616462,-0.362087,1.521701,-0.425454,-0.090147,0.064995,-0.373176,0.311560,1.438695,0.050690,-0.024679,-0.091460
21.140000,0.401608,0.562809,1.411804,0.410325,0.192609,-0.184530,0.833870,-0.255836,1.539212,0.581759,-0.465164,0.233466,0.041694,-0.549827,1.498250,-0.207548,-0.288575,-0.095273,-0.624871,-0.363827,1.522996,-0.415453,-0.083915,0.064559,-0.372156,0.311076,1.436843,0.051270,-0.023784,-0.093772
21.160000,0.409683,0.566549,1.408126,0.397223,0.181471,-0.183231,0.845360,-0.265103,1.543802,0.567204,-0.461428,0.225496,0.037583,-0.555482,1.496282,-0.203571,-0.276984,-0.101501,-0.633080,-0.365443,1.524282,-0.405459,-0.077677,0.064034,-0.371125,0.310609,1.434945,0.051770,-0.022884,-0.096021
21.180000,0.417495,0.570068,1.404475,0.383974,0.170405,-0.181826,0.856557,-0.274291,1.548233,0.552491,-0.457310,0.217719,0.033553,-0.560907,1.494190,-0.199381,-0.265590,-0.107760,-0.641089,-0.366934,1.525557,-0.395472,-0.071432,0.063423,-0.370086,0.310160,1.433003,0.052188,-0.021978,-0.098206
21.200000,0.425041,0.573366,1.400854,0.370578,0.159409,-0.180313,0.867459,-0.283393,1.552512,0.537620,-0.452812,0.210134,0.029609,-0.566107,1.491972,-0.194977,-0.254392,-0.114047,-0.648899,-0.368300,1.526819,-0.385493,-0.065181,0.062723,-0.369038,0.309730,1.431017,0.052526,-0.021068,-0.100328
21.220000,0.432318,0.576445,1.397263,0.357076,0.148495,-0.178721,0.878061,-0.292401,1.556640,0.522617,-0.447965,0.202737,0.025755,-0.571084,1.489628,-0.190391,-0.243384,-0.120339,-0.656509,-0.369542,1.528065,-0.375530,-0.058930,0.061937,-0.367985,0.309317,1.428990,0.052796,-0.020162,-0.102397
21.240000,0.439324,0.579306,1.393705,0.343510,0.137672,-0.177075,0.888363,-0.301309,1.560622,0.507505,-0.442804,0.195523,0.021994,-0.575843,1.487158,-0.185652,-0.232556,-0.126611,-0.663920,-0.370658,1.529296,-0.365593,-0.052683,0.061064,-0.366927,0.308923,1.426922,0.053011,-0.019270,-0.104425
21.260000,0.446058,0.581952,1.390181,0.329881,0.126942,-0.175376,0.898361,-0.310111,1.564462,0.492286,-0.437328,0.188493,0.018330,-0.580388,1.484563,-0.180759,-0.221909,-0.132862,-0.671133,-0.371649,1.530507,-0.355683,-0.046441,0.060104,-0.365865,0.308547,1.424813,0.053171,-0.018392,-0.106411
21.280000,0.452519,0.584385,1.386691,0.316188,0.116304,-0.173623,0.908053,-0.318800,1.568163,0.476959,-0.431537,0.181646,0.014765,-0.584721,1.481844,-0.175713,-0.211444,-0.139093,-0.678148,-0.372515,1.531699,-0.345800,-0.040203,0.059057,-0.364800,0.308187,1.422665,0.053276,-0.017529,-0.108355
21.300000,0.458705,0.586605,1.383236,0.302432,0.105757,-0.171816,0.917438,-0.327370,1.571729,0.461525,-0.425432,0.174982,0.011302,-0.588847,1.479000,-0.170515,-0.201160,-0.145304,-0.684965,-0.373257,1.532869,-0.335943,-0.033971,0.057924,-0.363734,0.307845,1.420479,0.053327,-0.016681,-0.110258
21.320000,0.464616,0.588616,1.379818,0.288659,0.095320,-0.169974,0.926514,-0.335815,1.575164,0.446006,-0.419045,0.168494,0.007945,-0.592769,1.476032,-0.165198,-0.191053,-0.151471,-0.691586,-0.373874,1.534016,-0.326121,-0.027748,0.056709,-0.362668,0.307520,1.418255,0.053333,-0.015852,-0.112127
21.340000,0.470252,0.590419,1.376437,0.274917,0.085008,-0.168116,0.935278,-0.344130,1.578470,0.430429,-0.412411,0.162172,0.004695,-0.596490,1.472941,-0.159797,-0.181121,-0.157572,-0.698010,-0.374367,1.535137,-0.316344,-0.021541,0.055417,-0.361601,0.307211,1.415994,0.053307,-0.015048,-0.113970
21.360000,0.475613,0.592017,1.373094,0.261206,0.074821,-0.166243,0.943730,-0.352310,1.581652,0.414791,-0.405530,0.156018,0.001554,-0.600015,1.469729,-0.154311,-0.171363,-0.163606,-0.704240,-0.374736,1.536232,-0.306610,-0.015350,0.054049,-0.360535,0.306918,1.413697,0.053247,-0.014270,-0.115787
21.380000,0.480700,0.593412,1.369788,0.247526,0.064759,-0.164353,0.951869,-0.360350,1.584712,0.399094,-0.398402,0.150032,-0.001477,-0.603346,1.466398,-0.148742,-0.161779,-0.169574,-0.710275,-0.374981,1.537298,-0.296921,-0.009174,0.052603,-0.359471,0.306640,1.411363,0.053155,-0.013517,-0.117578
21.400000,0.485514,0.594608,1.366520,0.233878,0.054822,-0.162447,0.959694,-0.368245,1.587654,0.383337,-0.391026,0.144212,-0.004395,-0.606487,1.462947,-0.143089,-0.152370,-0.175476,-0.716117,-0.375103,1.538335,-0.287276,-0.003015,0.051080,-0.358410,0.306377,1.408994,0.053030,-0.012790,-0.119343
21.420000,0.490056,0.595606,1.363290,0.220303,0.045031,-0.160537,0.967203,-0.375990,1.590482,0.367549,-0.383439,0.138549,-0.007200,-0.609442,1.459379,-0.137386,-0.143135,-0.181293,-0.721766,-0.375102,1.539341,-0.277686,0.003119,0.049502,-0.357350,0.306128,1.406589,0.052880,-0.012090,-0.121089
21.440000,0.494327,0.596410,1.360098,0.206846,0.035403,-0.158632,0.974396,-0.383581,1.593197,0.351759,-0.375674,0.133033,-0.009891,-0.612214,1.455696,-0.131668,-0.134074,-0.187005,-0.727225,-0.374979,1.540315,-0.268164,0.009216,0.047888,-0.356294,0.305893,1.404150,0.052714,-0.011422,-0.122822
21.460000,0.498330,0.597023,1.356944,0.193507,0.025939,-0.156735,0.981273,-0.391015,1.595804,0.335966,-0.367732,0.127662,-0.012467,-0.614806,1.451900,-0.125935,-0.125187,-0.192614,-0.732493,-0.374734,1.541256,-0.258708,0.015276,0.046239,-0.355242,0.305671,1.401677,0.052533,-0.010784,-0.124543
21.480000,0.502068,0.597449,1.353829,0.180284,0.016639,-0.154843,0.987834,-0.398289,1.598305,0.320172,-0.359613,0.122438,-0.014928,-0.617222,1.447992,-0.120186,-0.116474,-0.198119,-0.737573,-0.374368,1.542164,-0.249320,0.021299,0.044555,-0.354193,0.305462,1.399169,0.052337,-0.010178,-0.126251
21.500000,0.505542,0.597690,1.350751,0.167179,0.007504,-0.152958,0.994080,-0.405399,1.600702,0.304375,-0.351317,0.117359,-0.017274,-0.619466,1.443975,-0.114422,-0.107936,-0.203520,-0.742466,-0.373882,1.543038,-0.239999,0.027286,0.042835,-0.353149,0.305264,1.396627,0.052125,-0.009602,-0.127947
21.520000,0.508756,0.597750,1.347710,0.154227,-0.001448,-0.151085,1.000010,-0.412341,1.603000,0.288609,-0.342883,0.112406,-0.019505,-0.621541,1.439852,-0.108674,-0.099578,-0.208812,-0.747174,-0.373277,1.543878,-0.230758,0.033224,0.041102,-0.352108,0.305077,1.394051,0.051905,-0.009058,-0.129634
21.540000,0.511713,0.597634,1.344707,0.141461,-0.010196,-0.149227,1.005625,-0.419113,1.605199,0.272907,-0.334348,0.107555,-0.021622,-0.623450,1.435624,-0.102973,-0.091406,-0.213991,-0.751697,-0.372553,1.544683,-0.221609,0.039106,0.039378,-0.351072,0.304901,1.391441,0.051685,-0.008545,-0.131316
21.560000,0.514416,0.597344,1.341741,0.128883,-0.018740,-0.147387,1.010926,-0.425714,1.607303,0.257268,-0.325713,0.102808,-0.023624,-0.625198,1.431293,-0.097318,-0.083422,-0.219056,-0.756039,-0.371713,1.545453,-0.212553,0.044929,0.037661,-0.350041,0.304735,1.388798,0.051465,-0.008062,-0.132992
21.580000,0.516869,0.596885,1.338812,0.116492,-0.027081,-0.145563,1.015916,-0.432141,1.609312,0.241692,-0.316977,0.098164,-0.025515,-0.626788,1.426862,-0.091709,-0.075625,-0.224008,-0.760200,-0.370756,1.546189,-0.203589,0.050695,0.035953,-0.349014,0.304579,1.386122,0.051245,-0.007611,-0.134663
21.600000,0.519077,0.596262,1.335918,0.104289,-0.035218,-0.143755,1.020594,-0.438393,1.611230,0.226180,-0.308141,0.093623,-0.027293,-0.628225,1.422334,-0.086148,-0.068014,-0.228847,-0.764183,-0.369685,1.546891,-0.194717,0.056402,0.034254,-0.347991,0.304431,1.383412,0.051025,-0.007192,-0.136329
21.620000,0.521042,0.595478,1.333061,0.092289,-0.043143,-0.141958,1.024964,-0.444466,1.613058,0.210767,-0.299242,0.089176,-0.028961,-0.629510,1.417709,-0.080656,-0.060593,-0.233565,-0.767990,-0.368501,1.547560,-0.185955,0.062039,0.032590,-0.346973,0.304291,1.380669,0.050811,-0.006801,-0.137992
21.640000,0.522770,0.594538,1.330240,0.080508,-0.050851,-0.140166,1.029026,-0.450362,1.614798,0.195489,-0.290319,0.084814,-0.030520,-0.630650,1.412992,-0.075258,-0.053365,-0.238156,-0.771622,-0.367204,1.548195,-0.177318,0.067593,0.030991,-0.345959,0.304159,1.377892,0.050610,-0.006440,-0.139655
21.660000,0.524264,0.593445,1.327455,0.068948,-0.058340,-0.138379,1.032784,-0.456079,1.616451,0.180347,-0.281372,0.080537,-0.031972,-0.631646,1.408184,-0.069952,-0.046329,-0.242619,-0.775083,-0.365798,1.548800,-0.168807,0.073063,0.029456,-0.344948,0.304033,1.375082,0.050421,-0.006106,-0.141319
21.680000,0.525529,0.592206,1.324705,0.057607,-0.065611,-0.136598,1.036241,-0.461617,1.618020,0.165340,-0.272400,0.076346,-0.033319,-0.632504,1.403288,-0.064739,-0.039485,-0.246955,-0.778375,-0.364282,1.549374,-0.160421,0.078450,0.027985,-0.343942,0.303914,1.372239,0.050245,-0.005801,-0.142983
21.700000,0.526570,0.590822,1.321991,0.046486,-0.072664,-0.134821,1.039399,-0.466975,1.619505,0.150468,-0.263403,0.072239,-0.034562,-0.633227,1.398307,-0.059619,-0.032834,-0.251163,-0.781501,-0.362660,1.549919,-0.152160,0.083753,0.026578,-0.342938,0.303801,1.369363,0.050081,-0.005524,-0.144647
21.720000,0.527390,0.589300,1.319312,0.035594,-0.079497,-0.133043,1.042261,-0.472153,1.620910,0.135762,-0.254416,0.068208,-0.035704,-0.633819,1.393242,-0.054607,-0.026373,-0.255255,-0.784462,-0.360933,1.550438,-0.144041,0.088960,0.025259,-0.341938,0.303693,1.366453,0.049935,-0.005273,-0.146314
21.740000,0.527995,0.587644,1.316669,0.024941,-0.086112,-0.131256,1.044830,-0.477152,1.622234,0.121253,-0.245473,0.064244,-0.036747,-0.634283,1.388097,-0.049718,-0.020098,-0.259242,-0.787263,-0.359103,1.550930,-0.136079,0.094060,0.024050,-0.340941,0.303590,1.363510,0.049813,-0.005044,-0.147984
21.760000,0.528389,0.585857,1.314062,0.014526,-0.092507,-0.129460,1.047112,-0.481972,1.623480,0.106940,-0.236573,0.060346,-0.037694,-0.634624,1.382873,-0.044951,-0.014011,-0.263123,-0.789907,-0.357171,1.551400,-0.128276,0.099051,0.022953,-0.339946,0.303491,1.360534,0.049713,-0.004838,-0.149658
21.780000,0.528578,0.583945,1.311491,0.004350,-0.098682,-0.127655,1.049109,-0.486615,1.624648,0.092823,-0.227716,0.056515,-0.038546,-0.634845,1.377573,-0.040307,-0.008111,-0.266899,-0.792395,-0.355141,1.551849,-0.120630,0.103935,0.021965,-0.338952,0.303396,1.357524,0.049637,-0.004655,-0.151336
21.800000,0.528565,0.581912,1.308956,-0.005587,-0.104639,-0.125842,1.050826,-0.491081,1.625741,0.078903,-0.218903,0.052750,-0.039307,-0.634950,1.372198,-0.035786,-0.002398,-0.270570,-0.794733,-0.353015,1.552280,-0.113141,0.108711,0.021089,-0.337960,0.303305,1.354481,0.049583,-0.004495,-0.153017
21.820000,0.528356,0.579761,1.306457,-0.015278,-0.110375,-0.124011,1.052267,-0.495372,1.626759,0.065199,-0.210158,0.049045,-0.039978,-0.634942,1.366751,-0.031387,0.003145,-0.274139,-0.796922,-0.350794,1.552694,-0.105813,0.113376,0.020331,-0.336969,0.303216,1.351403,0.049556,-0.004355,-0.154703
21.840000,0.527956,0.577498,1.303995,-0.024715,-0.115888,-0.122156,1.053436,-0.499488,1.627703,0.051731,-0.201506,0.045393,-0.040563,-0.634825,1.361233,-0.027108,0.008536,-0.277609,-0.798967,-0.348480,1.553094,-0.098646,0.117928,0.019700,-0.335978,0.303130,1.348292,0.049560,-0.004233,-0.156393
21.860000,0.527369,0.575127,1.301571,-0.033897,-0.121179,-0.120274,1.054338,-0.503432,1.628575,0.038499,-0.192945,0.041794,-0.041063,-0.634601,1.355647,-0.022951,0.013775,-0.280981,-0.800869,-0.346077,1.553482,-0.091641,0.122368,0.019194,-0.334986,0.303047,1.345148,0.049593,-0.004128,-0.158089
21.880000,0.526601,0.572652,1.299185,-0.042825,-0.126247,-0.118367,1.054977,-0.507207,1.629375,0.025503,-0.184477,0.038248,-0.041482,-0.634275,1.349994,-0.018915,0.018860,-0.284255,-0.802633,-0.343586,1.553862,-0.084799,0.126694,0.018815,-0.333994,0.302965,1.341969,0.049656,-0.004040,-0.159789
21.900000,0.525658,0.570079,1.296837,-0.051498,-0.131094,-0.116435,1.055359,-0.510812,1.630105,0.012742,-0.176102,0.034756,-0.041821,-0.633848,1.344277,-0.015000,0.023794,-0.287430,-0.804262,-0.341010,1.554236,-0.078118,0.130908,0.018561,-0.333000,0.302885,1.338756,0.049750,-0.003970,-0.161494
21.920000,0.524543,0.567410,1.294527,-0.059915,-0.135725,-0.114475,1.055489,-0.514251,1.630766,0.000224,-0.167833,0.031318,-0.042083,-0.633324,1.338498,-0.011207,0.028583,-0.290518,-0.805759,-0.338351,1.554606,-0.071599,0.135006,0.018430,-0.332003,0.302806,1.335509,0.049875,-0.003915,-0.163207
21.940000,0.523263,0.564651,1.292258,-0.068075,-0.140150,-0.112485,1.055370,-0.517526,1.631358,-0.012047,-0.159685,0.027935,-0.042270,-0.632706,1.332657,-0.007537,0.033236,-0.293529,-0.807127,-0.335611,1.554974,-0.065242,0.138986,0.018418,-0.331004,0.302728,1.332228,0.050033,-0.003873,-0.164930
21.960000,0.521822,0.561806,1.290028,-0.075979,-0.144367,-0.110465,1.055008,-0.520640,1.631884,-0.024071,-0.151659,0.024608,-0.042385,-0.631995,1.326757,-0.003990,0.037752,-0.296465,-0.808370,-0.332792,1.555343,-0.059048,0.142848,0.018525,-0.330002,0.302651,1.328912,0.050225,-0.003844,-0.166663
21.980000,0.520225,0.558878,1.287839,-0.083626,-0.148377,-0.108415,1.054409,-0.523593,1.632343,-0.035847,-0.143754,0.021338,-0.042430,-0.631196,1.320799,-0.000566,0.042132,-0.299325,-0.809490,-0.329898,1.555716,-0.053015,0.146592,0.018750,-0.328995,0.302575,1.325561,0.050449,-0.003827,-0.168406
22.000000,0.518479,0.555872,1.285692,-0.091015,-0.152180,-0.106335,1.053576,-0.526390,1.632737,-0.047376,-0.135971,0.018123,-0.042408,-0.630311,1.314785,0.002734,0.046376,-0.302109,-0.810492,-0.326929,1.556094,-0.047145,0.150217,0.019095,-0.327984,0.302498,1.322176,0.050708,-0.003822,-0.170159
22.020000,0.516586,0.552792,1.283586,-0.098159,-0.155797,-0.104224,1.052515,-0.529033,1.633068,-0.058663,-0.128314,0.014965,-0.042322,-0.629342,1.308715,0.005921,0.050501,-0.304830,-0.811377,-0.323890,1.556480,-0.041416,0.153730,0.019544,-0.326967,0.302422,1.318755,0.051002,-0.003828,-0.171925
22.040000,0.514554,0.549641,1.281523,-0.105067,-0.159249,-0.102083,1.051231,-0.531524,1.633336,-0.069716,-0.120789,0.011867,-0.042172,-0.628292,1.302592,0.009002,0.054524,-0.307502,-0.812149,-0.320781,1.556876,-0.035808,0.157135,0.020085,-0.325943,0.302345,1.315298,0.051336,-0.003840,-0.173709
22.060000,0.512385,0.546423,1.279503,-0.111739,-0.162536,-0.099911,1.049728,-0.533866,1.633543,-0.080533,-0.113396,0.008827,-0.041962,-0.627162,1.296415,0.011978,0.058445,-0.310125,-0.812810,-0.317605,1.557284,-0.030320,0.160431,0.020717,-0.324913,0.302268,1.311806,0.051709,-0.003859,-0.175510
22.080000,0.510086,0.543141,1.277527,-0.118176,-0.165658,-0.097709,1.048011,-0.536061,1.633690,-0.091114,-0.106135,0.005847,-0.041694,-0.625955,1.290187,0.014849,0.062264,-0.312699,-0.813363,-0.314364,1.557706,-0.024953,0.163620,0.021440,-0.323875,0.302190,1.308278,0.052122,-0.003884,-0.177328
22.100000,0.507660,0.539798,1.275595,-0.124378,-0.168616,-0.095476,1.046085,-0.538112,1.633778,-0.101461,-0.099006,0.002926,-0.041369,-0.624672,1.283908,0.017614,0.065982,-0.315223,-0.813809,-0.311061,1.558142,-0.019707,0.166702,0.022255,-0.322828,0.302112,1.304713,0.052574,-0.003917,-0.179163
22.120000,0.505112,0.536397,1.273708,-0.130354,-0.171439,-0.093217,1.043954,-0.540022,1.633807,-0.111580,-0.092014,0.000065,-0.040990,-0.623316,1.277578,0.020283,0.069611,-0.317718,-0.814152,-0.307697,1.558596,-0.014555,0.169680,0.023133,-0.321771,0.302034,1.301111,0.053067,-0.003953,-0.181025
22.140000,0.502447,0.532941,1.271866,-0.136117,-0.174159,-0.090939,1.041624,-0.541793,1.633781,-0.121481,-0.085165,-0.002733,-0.040558,-0.621888,1.271199,0.022866,0.073165,-0.320200,-0.814392,-0.304274,1.559068,-0.009471,0.172560,0.024044,-0.320705,0.301954,1.297472,0.053602,-0.003993,-0.182921
22.160000,0.499669,0.529431,1.270071,-0.141665,-0.176775,-0.088642,1.039097,-0.543429,1.633698,-0.131162,-0.078459,-0.005470,-0.040076,-0.620390,1.264770,0.025362,0.076644,-0.322671,-0.814531,-0.300795,1.559558,-0.004454,0.175343,0.024989,-0.319627,0.301874,1.293794,0.054179,-0.004035,-0.184853
22.180000,0.496782,0.525871,1.268321,-0.147000,-0.179289,-0.086326,1.036379,-0.544933,1.633562,-0.140623,-0.071896,-0.008146,-0.039544,-0.618823,1.258292,0.027771,0.080049,-0.325130,-0.814570,-0.297261,1.560068,0.000495,0.178027,0.025968,-0.318537,0.301793,1.290077,0.054799,-0.004080,-0.186820
22.200000,0.493790,0.522260,1.266618,-0.152121,-0.181699,-0.083990,1.033473,-0.546306,1.633373,-0.149866,-0.065476,-0.010759,-0.038966,-0.617188,1.251765,0.030093,0.083379,-0.327578,-0.814511,-0.293675,1.560597,0.005376,0.180614,0.026981,-0.317435,0.301711,1.286321,0.055461,-0.004128,-0.188822
22.220000,0.490698,0.518603,1.264961,-0.157036,-0.184036,-0.081650,1.030385,-0.547553,1.633132,-0.158914,-0.059191,-0.013308,-0.038341,-0.615488,1.245189,0.032333,0.086637,-0.330027,-0.814356,-0.290037,1.561147,0.010210,0.183115,0.027988,-0.316319,0.301628,1.282524,0.056165,-0.004176,-0.190863
22.240000,0.487510,0.514899,1.263352,-0.161752,-0.186329,-0.079322,1.027118,-0.548675,1.632841,-0.167791,-0.053036,-0.015791,-0.037673,-0.613723,1.238564,0.034494,0.089826,-0.332489,-0.814103,-0.286351,1.561716,0.015019,0.185544,0.028950,-0.315188,0.301544,1.278686,0.056910,-0.004224,-0.192947
22.260000,0.484230,0.511150,1.261788,-0.166270,-0.188579,-0.077006,1.023675,-0.549675,1.632501,-0.176498,-0.047010,-0.018208,-0.036962,-0.611895,1.231890,0.036577,0.092947,-0.334966,-0.813755,-0.282616,1.562305,0.019802,0.187900,0.029866,-0.314042,0.301459,1.274806,0.057695,-0.004271,-0.195075
22.280000,0.480861,0.507356,1.260271,-0.170590,-0.190785,-0.074702,1.020059,-0.550556,1.632113,-0.185034,-0.041113,-0.020559,-0.036210,-0.610006,1.225165,0.038580,0.096000,-0.337457,-0.813311,-0.278835,1.562911,0.024559,0.190184,0.030736,-0.312880,0.301373,1.270883,0.058522,-0.004317,-0.197247
22.300000,0.477407,0.503519,1.258800,-0.174711,-0.192947,-0.072410,1.016274,-0.551320,1.631679,-0.193401,-0.035345,-0.022844,-0.035419,-0.608056,1.218391,0.040505,0.098983,-0.339961,-0.812773,-0.275009,1.563534,0.029290,0.192395,0.031560,-0.311701,0.301286,1.266916,0.059390,-0.004362,-0.199462
22.320000,0.473874,0.499639,1.257375,-0.178634,-0.195084,-0.070147,1.012324,-0.551971,1.631200,-0.201617,-0.029700,-0.025066,-0.034591,-0.606047,1.211567,0.042360,0.101901,-0.342499,-0.812140,-0.271140,1.564173,0.034020,0.194547,0.032291,-0.310504,0.301198,1.262904,0.060293,-0.004406,-0.201729
22.340000,0.470263,0.495716,1.255994,-0.182359,-0.197211,-0.067930,1.008211,-0.552509,1.630677,-0.209706,-0.024172,-0.027227,-0.033725,-0.603980,1.204691,0.044151,0.104758,-0.345092,-0.811412,-0.267228,1.564824,0.038774,0.196650,0.032880,-0.309289,0.301110,1.258846,0.061226,-0.004447,-0.204055
22.360000,0.466581,0.491750,1.254657,-0.185884,-0.199330,-0.065760,1.003937,-0.552938,1.630111,-0.217665,-0.018760,-0.029327,-0.032825,-0.601857,1.197763,0.045879,0.107552,-0.347738,-0.810589,-0.263274,1.565487,0.043553,0.198705,0.033327,-0.308055,0.301021,1.254742,0.062188,-0.004486,-0.206440
22.380000,0.462829,0.487743,1.253363,-0.189212,-0.201440,-0.063637,0.999505,-0.553260,1.629504,-0.225497,-0.013466,-0.031367,-0.031891,-0.599679,1.190781,0.047545,0.110285,-0.350438,-0.809670,-0.259280,1.566157,0.048355,0.200713,0.033632,-0.306801,0.300930,1.250588,0.063180,-0.004524,-0.208885
22.400000,0.459013,0.483693,1.252111,-0.192341,-0.203541,-0.061560,0.994918,-0.553478,1.628857,-0.233199,-0.008288,-0.033347,-0.030924,-0.597446,1.183745,0.049147,0.112955,-0.353193,-0.808654,-0.255246,1.566831,0.053182,0.202672,0.033794,-0.305527,0.300840,1.246386,0.064202,-0.004559,-0.211389
22.420000,0.455137,0.479601,1.250900,-0.195265,-0.205654,-0.059552,0.990178,-0.553593,1.628171,-0.240787,-0.003219,-0.035267,-0.029925,-0.595161,1.176653,0.050688,0.115561,-0.356010,-0.807542,-0.251173,1.567507,0.058056,0.204604,0.033779,-0.304233,0.300748,1.242132,0.065250,-0.004591,-0.213960
22.440000,0.451204,0.475466,1.249729,-0.197978,-0.207802,-0.057637,0.985287,-0.553607,1.627447,-0.248272,0.001750,-0.037126,-0.028896,-0.592824,1.169504,0.052168,0.118098,-0.358900,-0.806332,-0.247062,1.568181,0.063001,0.206530,0.033551,-0.302917,0.300656,1.237827,0.066321,-0.004618,-0.216604
22.460000,0.447219,0.471289,1.248594,-0.200481,-0.209985,-0.055813,0.980247,-0.553523,1.626686,-0.255654,0.006619,-0.038926,-0.027839,-0.590437,1.162296,0.053587,0.120568,-0.361862,-0.805021,-0.242912,1.568848,0.068015,0.208448,0.033109,-0.301580,0.300563,1.233468,0.067415,-0.004641,-0.219323
22.480000,0.443186,0.467067,1.247496,-0.202773,-0.212201,-0.054082,0.975061,-0.553343,1.625890,-0.262935,0.011388,-0.040666,-0.026753,-0.588002,1.155029,0.054945,0.122969,-0.364897,-0.803610,-0.238724,1.569504,0.073100,0.210360,0.032454,-0.300221,0.300470,1.229053,0.068532,-0.004659,-0.222115
22.500000,0.439110,0.462800,1.246430,-0.204855,-0.214452,-0.052442,0.969731,-0.553068,1.625060,-0.270113,0.016056,-0.042346,-0.025641,-0.585519,1.147700,0.056242,0.125302,-0.368005,-0.802097,-0.234497,1.570145,0.078256,0.212265,0.031585,-0.298839,0.300377,1.224583,0.069672,-0.004672,-0.224982
22.520000,0.434994,0.458488,1.245397,-0.206711,-0.216757,-0.050920,0.964257,-0.552701,1.624197,-0.277206,0.020631,-0.043963,-0.024504,-0.582990,1.140308,0.057484,0.127570,-0.371183,-0.800480,-0.230233,1.570766,0.083507,0.214183,0.030470,-0.297433,0.300284,1.220054,0.070835,-0.004681,-0.227924
22.540000,0.430843,0.454130,1.244393,-0.208327,-0.219136,-0.049541,0.958643,-0.552244,1.623302,-0.284232,0.025122,-0.045514,-0.023342,-0.580417,1.132852,0.058673,0.129776,-0.374430,-0.798756,-0.225930,1.571361,0.088880,0.216134,0.029076,-0.296005,0.300190,1.215465,0.072022,-0.004688,-0.230942
22.560000,0.426662,0.449722,1.243414,-0.209703,-0.221588,-0.048305,0.952889,-0.551697,1.622376,-0.291189,0.029527,-0.046999,-0.022158,-0.577800,1.125331,0.059810,0.131919,-0.377745,-0.796924,-0.221587,1.571927,0.094374,0.218118,0.027403,-0.294552,0.300096,1.210816,0.073232,-0.004691,-0.234037
22.580000,0.422456,0.445266,1.242460,-0.210839,-0.224115,-0.047212,0.946996,-0.551063,1.621422,-0.298080,0.033846,-0.048417,-0.020950,-0.575140,1.117742,0.060896,0.133999,-0.381130,-0.794980,-0.217205,1.572456,0.099989,0.220136,0.025451,-0.293076,0.300002,1.206103,0.074465,-0.004692,-0.237209
22.600000,0.418230,0.440757,1.241525,-0.211736,-0.226715,-0.046262,0.940966,-0.550344,1.620440,-0.304902,0.038081,-0.049770,-0.019722,-0.572440,1.110085,0.061930,0.136017,-0.384584,-0.792923,-0.212782,1.572943,0.105726,0.222186,0.023219,-0.291574,0.299908,1.201327,0.075723,-0.004689,-0.240458
22.620000,0.413989,0.436196,1.240608,-0.212385,-0.229406,-0.045479,0.934800,-0.549540,1.619432,-0.311663,0.042236,-0.051054,-0.018473,-0.569700,1.102358,0.062922,0.137980,-0.388091,-0.790750,-0.208317,1.573383,0.111607,0.224278,0.020693,-0.290047,0.299815,1.196484,0.076997,-0.004684,-0.243770
22.640000,0.409737,0.431580,1.239705,-0.212780,-0.232208,-0.044887,0.928500,-0.548655,1.618399,-0.318370,0.046318,-0.052269,-0.017205,-0.566921,1.094561,0.063883,0.139897,-0.391637,-0.788458,-0.203810,1.573769,0.117655,0.226420,0.017858,-0.288494,0.299721,1.191575,0.078282,-0.004677,-0.247132
22.660000,0.405479,0.426907,1.238811,-0.212921,-0.235121,-0.044487,0.922066,-0.547688,1.617342,-0.325021,0.050326,-0.053415,-0.015918,-0.564104,1.086693,0.064813,0.141766,-0.395220,-0.786043,-0.199260,1.574095,0.123870,0.228614,0.014713,-0.286915,0.299628,1.186599,0.079579,-0.004668,-0.250543
22.680000,0.401221,0.422175,1.237924,-0.212808,-0.238143,-0.044278,0.915499,-0.546642,1.616262,-0.331617,0.054261,-0.054491,-0.014613,-0.561251,1.078752,0.065713,0.143588,-0.398841,-0.783502,-0.194665,1.574355,0.130253,0.230858,0.011259,-0.285311,0.299534,1.181553,0.080886,-0.004657,-0.254004
22.700000,0.396969,0.417381,1.237039,-0.212440,-0.241276,-0.044261,0.908801,-0.545518,1.615162,-0.338159,0.058123,-0.055498,-0.013290,-0.558361,1.070739,0.066581,0.145363,-0.402501,-0.780832,-0.190025,1.574543,0.136802,0.233154,0.007495,-0.283680,0.299441,1.176438,0.082204,-0.004644,-0.257515
22.720000,0.392725,0.412523,1.236152,-0.211834,-0.244548,-0.044451,0.901973,-0.544318,1.614043,-0.344639,0.061916,-0.056433,-0.011950,-0.555437,1.062652,0.067430,0.147100,-0.406180,-0.778029,-0.185339,1.574653,0.143535,0.235508,0.003420,-0.282022,0.299349,1.171253,0.083524,-0.004633,-0.261064
22.740000,0.388497,0.407598,1.235259,-0.211003,-0.247990,-0.044864,0.895016,-0.543042,1.612906,-0.351054,0.065643,-0.057294,-0.010593,-0.552477,1.054491,0.068272,0.148806,-0.409860,-0.775089,-0.180605,1.574678,0.150469,0.237929,-0.000967,-0.280339,0.299256,1.165996,0.084840,-0.004625,-0.264642
22.760000,0.384287,0.402602,1.234356,-0.209949,-0.251600,-0.045501,0.887932,-0.541692,1.611752,-0.357401,0.069306,-0.058080,-0.009219,-0.549485,1.046257,0.069107,0.150482,-0.413541,-0.772008,-0.175821,1.574612,0.157603,0.240418,-0.005666,-0.278629,0.299164,1.160667,0.086149,-0.004621,-0.268248
22.780000,0.380100,0.397533,1.233438,-0.208670,-0.255380,-0.046360,0.880721,-0.540270,1.610583,-0.363682,0.072902,-0.058793,-0.007829,-0.546458,1.037950,0.069935,0.152127,-0.417222,-0.768783,-0.170988,1.574449,0.164939,0.242974,-0.010677,-0.276893,0.299071,1.155265,0.087453,-0.004621,-0.271882
22.800000,0.375941,0.392386,1.232500,-0.207168,-0.259329,-0.047443,0.873385,-0.538777,1.609400,-0.369897,0.076434,-0.059432,-0.006422,-0.543400,1.029569,0.070755,0.153741,-0.420904,-0.765410,-0.166102,1.574183,0.172475,0.245597,-0.016001,-0.275131,0.298979,1.149791,0.088752,-0.004625,-0.275545
22.820000,0.371815,0.387158,1.231538,-0.205480,-0.263477,-0.048755,0.865925,-0.537213,1.608206,-0.376038,0.079903,-0.060000,-0.004998,-0.540309,1.021114,0.071583,0.155333,-0.424564,-0.761883,-0.161163,1.573807,0.180215,0.248293,-0.021617,-0.273343,0.298886,1.144244,0.090031,-0.004639,-0.279218
22.840000,0.367723,0.381845,1.230548,-0.203646,-0.267853,-0.050304,0.858344,-0.535581,1.607001,-0.382098,0.083310,-0.060498,-0.003558,-0.537186,1.012586,0.072431,0.156911,-0.428179,-0.758200,-0.156170,1.573316,0.188161,0.251068,-0.027507,-0.271530,0.298793,1.138623,0.091280,-0.004670,-0.282885
22.860000,0.363670,0.376442,1.229525,-0.201665,-0.272457,-0.052089,0.850642,-0.533881,1.605787,-0.388077,0.086657,-0.060928,-0.002101,-0.534033,1.003987,0.073300,0.158474,-0.431748,-0.754355,-0.151120,1.572705,0.196314,0.253923,-0.033671,-0.269692,0.298699,1.132928,0.092497,-0.004717,-0.286546
22.880000,0.359658,0.370945,1.228463,-0.199537,-0.277289,-0.054111,0.842821,-0.532115,1.604564,-0.393976,0.089942,-0.061290,-0.000626,-0.530848,0.995317,0.074189,0.160022,-0.435272,-0.750346,-0.146012,1.571968,0.204672,0.256856,-0.040108,-0.267830,0.298604,1.127161,0.093682,-0.004781,-0.290201
22.900000,0.355689,0.365349,1.227359,-0.197262,-0.282348,-0.056369,0.834883,-0.530284,1.603335,-0.399793,0.093166,-0.061583,0.000867,-0.527632,0.986576,0.075099,0.161555,-0.438751,-0.746167,-0.140845,1.571099,0.213237,0.259869,-0.046819,-0.265945,0.298508,1.121320,0.094836,-0.004861,-0.293849
22.920000,0.351768,0.359650,1.226207,-0.194890,-0.287648,-0.058862,0.826830,-0.528389,1.602101,-0.405522,0.096333,-0.061813,0.002378,-0.524385,0.977767,0.076044,0.163081,-0.442157,-0.741815,-0.135617,1.570093,0.221990,0.262962,-0.053764,-0.264037,0.298410,1.115407,0.095949,-0.004964,-0.297472
22.940000,0.347894,0.353842,1.225003,-0.192469,-0.293199,-0.061588,0.818663,-0.526431,1.600863,-0.411154,0.099446,-0.061984,0.003909,-0.521109,0.968891,0.077039,0.164607,-0.445464,-0.737286,-0.130326,1.568947,0.230916,0.266135,-0.060903,-0.262107,0.298309,1.109422,0.097015,-0.005095,-0.301048
22.960000,0.344069,0.347920,1.223742,-0.190000,-0.299002,-0.064548,0.810385,-0.524411,1.599622,-0.416688,0.102505,-0.062099,0.005460,-0.517801,0.959949,0.078083,0.166133,-0.448672,-0.732577,-0.124971,1.567656,0.240014,0.269389,-0.068236,-0.260157,0.298206,1.103365,0.098032,-0.005254,-0.304579
22.980000,0.340294,0.341880,1.222419,-0.187482,-0.305056,-0.067740,0.801996,-0.522331,1.598380,-0.422124,0.105510,-0.062155,0.007032,-0.514463,0.950945,0.079176,0.167658,-0.451781,-0.727684,-0.119550,1.566216,0.249284,0.272723,-0.075764,-0.258186,0.298099,1.097239,0.099000,-0.005442,-0.308064
23.000000,0.336570,0.335716,1.221031,-0.184916,-0.311362,-0.071166,0.793500,-0.520191,1.597137,-0.427464,0.108461,-0.062154,0.008627,-0.511095,0.941879,0.080319,0.169183,-0.454790,-0.722605,-0.114062,1.564624,0.258726,0.276138,-0.083486,-0.256197,0.297988,1.091043,0.099920,-0.005658,-0.311503
23.020000,0.332898,0.329424,1.219571,-0.182350,-0.317906,-0.074810,0.784898,-0.517993,1.595894,-0.432698,0.111361,-0.062102,0.010246,-0.507696,0.932754,0.081523,0.170713,-0.457673,-0.717335,-0.108504,1.562876,0.268293,0.279620,-0.091347,-0.254190,0.297872,1.084779,0.100782,-0.005909,-0.314878
23.040000,0.329276,0.322999,1.218037,-0.179834,-0.324676,-0.078659,0.776193,-0.515737,1.594653,-0.437817,0.114213,-0.062009,0.011889,-0.504266,0.923573,0.082801,0.172253,-0.460401,-0.711872,-0.102876,1.560970,0.277936,0.283155,-0.099292,-0.252166,0.297751,1.078448,0.101578,-0.006202,-0.318172
23.060000,0.325704,0.316435,1.216423,-0.177368,-0.331671,-0.082711,0.767387,-0.513425,1.593414,-0.442822,0.117017,-0.061872,0.013558,-0.500806,0.914339,0.084153,0.173803,-0.462973,-0.706217,-0.097178,1.558904,0.287656,0.286743,-0.107321,-0.250127,0.297624,1.072053,0.102306,-0.006539,-0.321383
23.080000,0.322181,0.309730,1.214727,-0.174953,-0.338893,-0.086967,0.758481,-0.511057,1.592178,-0.447713,0.119774,-0.061694,0.015255,-0.497314,0.905055,0.085578,0.175363,-0.465391,-0.700366,-0.091406,1.556676,0.297453,0.290384,-0.115434,-0.248074,0.297489,1.065594,0.102966,-0.006917,-0.324512
23.100000,0.318706,0.302878,1.212943,-0.172587,-0.346339,-0.091428,0.749479,-0.508634,1.590946,-0.452490,0.122483,-0.061472,0.016982,-0.493791,0.895724,0.087076,0.176934,-0.467653,-0.694318,-0.085562,1.554286,0.307326,0.294078,-0.123632,-0.246009,0.297347,1.059073,0.103560,-0.007338,-0.327559
23.120000,0.315277,0.295875,1.211069,-0.170315,-0.353973,-0.096065,0.740382,-0.506158,1.589719,-0.457144,0.125146,-0.061217,0.018739,-0.490237,0.886350,0.088654,0.178516,-0.469738,-0.688072,-0.079643,1.551731,0.317214,0.297797,-0.131856,-0.243932,0.297196,1.052492,0.104082,-0.007804,-0.330509
23.140000,0.311892,0.288718,1.209100,-0.168178,-0.361753,-0.100854,0.731194,-0.503629,1.588498,-0.461668,0.127764,-0.060935,0.020528,-0.486650,0.876936,0.090317,0.180108,-0.471622,-0.681630,-0.073650,1.549012,0.327054,0.301510,-0.140050,-0.241846,0.297034,1.045853,0.104528,-0.008319,-0.333346
23.160000,0.308549,0.281404,1.207034,-0.166176,-0.369680,-0.105793,0.721916,-0.501048,1.587282,-0.466061,0.130339,-0.060628,0.022352,-0.483032,0.867486,0.092066,0.181712,-0.473305,-0.674991,-0.067583,1.546129,0.336846,0.305218,-0.148213,-0.239752,0.296862,1.039159,0.104899,-0.008882,-0.336071
23.180000,0.305244,0.273930,1.204867,-0.164309,-0.377754,-0.110883,0.712552,-0.498415,1.586073,-0.470323,0.132869,-0.060294,0.024212,-0.479382,0.858005,0.093900,0.183326,-0.474787,-0.668156,-0.061441,1.543083,0.346591,0.308922,-0.156345,-0.237651,0.296679,1.032411,0.105193,-0.009493,-0.338683
23.200000,0.301976,0.266293,1.202597,-0.162578,-0.385975,-0.116124,0.703104,-0.495733,1.584871,-0.474454,0.135354,-0.059934,0.026109,-0.475699,0.848496,0.095819,0.184952,-0.476068,-0.661127,-0.055226,1.539875,0.356288,0.312620,-0.164447,-0.235545,0.296482,1.025612,0.105411,-0.010153,-0.341183
23.220000,0.298740,0.258491,1.200221,-0.161015,-0.394283,-0.121482,0.693575,-0.493002,1.583676,-0.478447,0.137796,-0.059555,0.028045,-0.471984,0.838964,0.097821,0.186583,-0.477135,-0.653905,-0.048937,1.536506,0.365879,0.316284,-0.172465,-0.233435,0.296272,1.018765,0.105555,-0.010858,-0.343559
23.240000,0.295534,0.250522,1.197737,-0.159651,-0.402619,-0.126926,0.683967,-0.490222,1.582488,-0.482294,0.140195,-0.059164,0.030022,-0.468236,0.829412,0.099903,0.188215,-0.477973,-0.646493,-0.042575,1.532978,0.375305,0.319887,-0.180348,-0.231323,0.296048,1.011871,0.105626,-0.011608,-0.345801
23.260000,0.292353,0.242386,1.195144,-0.158487,-0.410984,-0.132454,0.674284,-0.487394,1.581309,-0.485993,0.142550,-0.058760,0.032042,-0.464455,0.819846,0.102066,0.189846,-0.478583,-0.638894,-0.036142,1.529293,0.384567,0.323427,-0.188095,-0.229210,0.295808,1.004934,0.105624,-0.012401,-0.347908
23.280000,0.289193,0.234082,1.192439,-0.157522,-0.419376,-0.138067,0.664529,-0.484520,1.580138,-0.489546,0.144863,-0.058344,0.034105,-0.460642,0.810271,0.104309,0.191478,-0.478964,-0.631112,-0.029638,1.525455,0.393665,0.326905,-0.195706,-0.227098,0.295551,0.997955,0.105550,-0.013238,-0.349880
23.300000,0.286050,0.225610,1.189620,-0.156758,-0.427796,-0.143765,0.654703,-0.481600,1.578976,-0.492953,0.147132,-0.057915,0.036214,-0.456796,0.800689,0.106632,0.193109,-0.479116,-0.623149,-0.023066,1.521466,0.402599,0.330321,-0.203182,-0.224989,0.295278,0.990939,0.105402,-0.014119,-0.351718
23.320000,0.282921,0.216971,1.186688,-0.156213,-0.436174,-0.149514,0.644812,-0.478635,1.577822,-0.496204,0.149357,-0.057479,0.038371,-0.452918,0.791108,0.109025,0.194731,-0.479036,-0.615009,-0.016426,1.517329,0.411321,0.333650,-0.210483,-0.222883,0.294986,0.983888,0.105189,-0.015038,-0.353415
23.340000,0.279800,0.208164,1.183640,-0.155909,-0.444442,-0.155281,0.634856,-0.475626,1.576676,-0.499292,0.151537,-0.057038,0.040576,-0.449007,0.781530,0.111478,0.196335,-0.478720,-0.606698,-0.009721,1.513048,0.419787,0.336867,-0.217572,-0.220782,0.294676,0.976804,0.104916,-0.015986,-0.354966
23.360000,0.276683,0.199194,1.180476,-0.155846,-0.452599,-0.161066,0.624841,-0.472574,1.575540,-0.502216,0.153672,-0.056593,0.042830,-0.445064,0.771960,0.113989,0.197920,-0.478166,-0.598219,-0.002952,1.508627,0.427996,0.339973,-0.224447,-0.218686,0.294347,0.969690,0.104584,-0.016966,-0.356371
23.380000,0.273565,0.190061,1.177197,-0.156023,-0.460645,-0.166869,0.614769,-0.469479,1.574413,-0.504977,0.155761,-0.056143,0.045136,-0.441090,0.762404,0.116559,0.199486,-0.477377,-0.589579,0.003878,1.504071,0.435948,0.342968,-0.231109,-0.216599,0.293997,0.962550,0.104193,-0.017976,-0.357629
23.400000,0.270441,0.180769,1.173801,-0.156441,-0.468580,-0.172689,0.604643,-0.466344,1.573294,-0.507574,0.157806,-0.055690,0.047493,-0.437085,0.752867,0.119188,0.201033,-0.476350,-0.580783,0.010766,1.499384,0.443642,0.345851,-0.237559,-0.214519,0.293628,0.955386,0.103742,-0.019017,-0.358741
23.420000,0.267306,0.171319,1.170290,-0.157105,-0.476341,-0.178495,0.594467,-0.463167,1.572185,-0.509999,0.159803,-0.055234,0.049904,-0.433049,0.743352,0.121860,0.202550,-0.475089,-0.571836,0.017711,1.494571,0.451047,0.348602,-0.243773,-0.212449,0.293237,0.948201,0.103241,-0.020080,-0.359704
23.440000,0.264155,0.161716,1.166662,-0.158019,-0.483864,-0.184256,0.584244,-0.459952,1.571085,-0.512242,0.161749,-0.054776,0.052368,-0.428983,0.733865,0.124557,0.204027,-0.473596,-0.562743,0.024709,1.489635,0.458128,0.351199,-0.249729,-0.210390,0.292824,0.940999,0.102699,-0.021154,-0.360516
23.460000,0.260983,0.151966,1.162920,-0.159184,-0.491148,-0.189972,0.573979,-0.456698,1.569994,-0.514302,0.163644,-0.054317,0.054886,-0.424888,0.724410,0.127280,0.205463,-0.471871,-0.553513,0.031758,1.484583,0.464885,0.353642,-0.255429,-0.208342,0.292390,0.933782,0.102117,-0.022241,-0.361176
23.480000,0.257786,0.142072,1.159063,-0.160600,-0.498194,-0.195642,0.563673,-0.453406,1.568912,-0.516180,0.165488,-0.053857,0.057459,-0.420765,0.714991,0.130029,0.206859,-0.469914,-0.544150,0.038854,1.479420,0.471319,0.355931,-0.260870,-0.206305,0.291935,0.926553,0.101493,-0.023340,-0.361686
23.500000,0.254557,0.132040,1.155094,-0.162266,-0.505001,-0.201266,0.553333,-0.450079,1.567840,-0.517876,0.167281,-0.053395,0.060087,-0.416614,0.705615,0.132803,0.208213,-0.467724,-0.534662,0.045994,1.474150,0.477430,0.358067,-0.266054,-0.204282,0.291457,0.919315,0.100829,-0.024451,-0.362045
23.520000,0.251293,0.121874,1.151013,-0.164169,-0.511523,-0.206821,0.542960,-0.446716,1.566777,-0.519379,0.169017,-0.052931,0.062771,-0.412437,0.696284,0.135584,0.209517,-0.465305,-0.525055,0.053175,1.468779,0.483194,0.360029,-0.270971,-0.202272,0.290956,0.912072,0.100134,-0.025564,-0.362250
23.540000,0.247989,0.111581,1.146822,-0.166298,-0.517710,-0.212283,0.532559,-0.443318,1.565723,-0.520678,0.170690,-0.052463,0.065511,-0.408234,0.687004,0.138351,0.210758,-0.462661,-0.515337,0.060394,1.463313,0.488588,0.361800,-0.275610,-0.200277,0.290434,0.904826,0.099417,-0.026670,-0.362302
23.560000,0.244640,0.101168,1.142523,-0.168651,-0.523563,-0.217650,0.522134,-0.439888,1.564678,-0.521772,0.172301,-0.051992,0.068305,-0.404007,0.677779,0.141106,0.211937,-0.459792,-0.505514,0.067646,1.457757,0.493613,0.363379,-0.279971,-0.198296,0.289890,0.897581,0.098679,-0.027767,-0.362199
23.580000,0.241242,0.090641,1.138117,-0.171228,-0.529081,-0.222923,0.511689,-0.436427,1.563643,-0.522662,0.173849,-0.051517,0.071155,-0.399757,0.668614,0.143846,0.213053,-0.456697,-0.495595,0.074928,1.452116,0.498269,0.364766,-0.284055,-0.196330,0.289324,0.890339,0.097918,-0.028856,-0.361943
23.600000,0.237789,0.080007,1.133606,-0.174030,-0.534265,-0.228103,0.501229,-0.432935,1.562617,-0.523347,0.175334,-0.051039,0.074059,-0.395485,0.659513,0.146574,0.214107,-0.453376,-0.485586,0.082235,1.446396,0.502555,0.365962,-0.287861,-0.194379,0.288736,0.883104,0.097136,-0.029937,-0.361532
23.620000,0.234279,0.069273,1.128993,-0.177031,-0.539084,-0.233168,0.490757,-0.429414,1.561602,-0.523816,0.176749,-0.050555,0.077018,-0.391193,0.650480,0.149267,0.215088,-0.449833,-0.475495,0.089565,1.440603,0.506456,0.366948,-0.291385,-0.192444,0.288126,0.875879,0.096341,-0.031000,-0.360963
23.640000,0.230707,0.058446,1.124280,-0.180202,-0.543509,-0.238096,0.480278,-0.425865,1.560595,-0.524055,0.178083,-0.050064,0.080029,-0.386882,0.641521,0.151905,0.215984,-0.446073,-0.465330,0.096912,1.434743,0.509955,0.367707,-0.294624,-0.190526,0.287496,0.868667,0.095539,-0.032035,-0.360233
23.660000,0.227070,0.047535,1.119470,-0.183546,-0.547539,-0.242889,0.469796,-0.422291,1.559599,-0.524064,0.179339,-0.049567,0.083093,-0.382554,0.632639,0.154488,0.216796,-0.442094,-0.455100,0.104271,1.428820,0.513051,0.368239,-0.297577,-0.188623,0.286845,0.861471,0.094732,-0.033042,-0.359341
23.680000,0.223364,0.036547,1.114566,-0.187060,-0.551175,-0.247547,0.459317,-0.418692,1.558613,-0.523844,0.180515,-0.049062,0.086209,-0.378211,0.623839,0.157017,0.217522,-0.437896,-0.444811,0.111640,1.422842,0.515746,0.368545,-0.300244,-0.186736,0.286174,0.854294,0.093918,-0.034022,-0.358289
23.700000,0.219586,0.025491,1.109569,-0.190746,-0.554415,-0.252068,0.448844,-0.415071,1.557637,-0.523394,0.181612,-0.048550,0.089374,-0.373854,0.615124,0.159490,0.218164,-0.433480,-0.434473,0.119012,1.416813,0.518039,0.368623,-0.302625,-0.184866,0.285484,0.847140,0.093099,-0.034974,-0.357075
23.720000,0.215733,0.014373,1.104484,-0.194573,-0.557247,-0.256435,0.438383,-0.411429,1.556671,-0.522701,0.182619,-0.048029,0.092588,-0.369485,0.606501,0.161886,0.218709,-0.428849,-0.424092,0.126383,1.410739,0.519918,0.368460,-0.304717,-0.183013,0.284776,0.840012,0.092279,-0.035889,-0.355692
23.740000,0.211803,0.003204,1.099313,-0.198512,-0.559653,-0.260628,0.427938,-0.407767,1.555715,-0.521754,0.183528,-0.047500,0.095848,-0.365106,0.597972,0.164183,0.219145,-0.424005,-0.413679,0.133748,1.404626,0.521371,0.368040,-0.306517,-0.181175,0.284049,0.832914,0.091464,-0.036758,-0.354133
23.760000,0.207792,-0.008010,1.094060,-0.202562,-0.561634,-0.264649,0.417514,-0.404088,1.554771,-0.520551,0.184339,-0.046960,0.099154,-0.360720,0.589542,0.166379,0.219471,-0.418948,-0.403240,0.141103,1.398480,0.522398,0.367362,-0.308025,-0.179354,0.283306,0.825848,0.090654,-0.037582,-0.352398
23.780000,0.203699,-0.019259,1.088728,-0.206724,-0.563191,-0.268497,0.407117,-0.400394,1.553837,-0.519093,0.185050,-0.046412,0.102503,-0.356328,0.581215,0.168476,0.219688,-0.413679,-0.392786,0.148441,1.392307,0.523000,0.366428,-0.309240,-0.177549,0.282546,0.818819,0.089849,-0.038360,-0.350486
23.800000,0.199522,-0.030535,1.083321,-0.210996,-0.564322,-0.272172,0.396752,-0.396687,1.552914,-0.517380,0.185663,-0.045854,0.105893,-0.351933,0.572996,0.170474,0.219795,-0.408196,-0.382323,0.155758,1.386112,0.523176,0.365236,-0.310162,-0.175760,0.281771,0.811830,0.089048,-0.039092,-0.348398
23.820000,0.195259,-0.041829,1.077843,-0.215354,-0.565024,-0.275655,0.386424,-0.392968,1.552003,-0.515403,0.186168,-0.045285,0.109321,-0.347537,0.564889,0.172346,0.219781,-0.402506,-0.371861,0.163049,1.379902,0.522920,0.363778,-0.310788,-0.173987,0.280983,0.804884,0.088255,-0.039771,-0.346122
23.840000,0.190908,-0.053133,1.072297,-0.219771,-0.565291,-0.278927,0.376138,-0.389241,1.551103,-0.513154,0.186557,-0.044704,0.112785,-0.343143,0.556897,0.174068,0.219631,-0.396611,-0.361409,0.170308,1.373683,0.522228,0.362044,-0.311112,-0.172230,0.280181,0.797986,0.087472,-0.040390,-0.343647
23.860000,0.186468,-0.064438,1.066687,-0.224246,-0.565123,-0.281987,0.365899,-0.385507,1.550215,-0.510632,0.186828,-0.044111,0.116283,-0.338753,0.549026,0.175640,0.219346,-0.390513,-0.350975,0.177529,1.367460,0.521100,0.360034,-0.311135,-0.170488,0.279368,0.791140,0.086699,-0.040947,-0.340973
23.880000,0.181938,-0.075735,1.061018,-0.228780,-0.564520,-0.284837,0.355714,-0.381768,1.549339,-0.507839,0.186982,-0.043506,0.119810,-0.334370,0.541278,0.177062,0.218926,-0.384211,-0.340568,0.184707,1.361239,0.519535,0.357748,-0.310857,-0.168762,0.278544,0.784349,0.085936,-0.041443,-0.338100
23.900000,0.177316,-0.087016,1.055295,-0.233373,-0.563482,-0.287476,0.345588,-0.378028,1.548475,-0.504772,0.187020,-0.042889,0.123364,-0.329997,0.533659,0.178333,0.218372,-0.377705,-0.330197,0.191837,1.355028,0.517534,0.355187,-0.310278,-0.167050,0.277710,0.777617,0.085183,-0.041878,-0.335028
23.920000,0.172602,-0.098271,1.049521,-0.238002,-0.562017,-0.289886,0.335525,-0.374288,1.547623,-0.501437,0.186935,-0.042260,0.126942,-0.325636,0.526171,0.179427,0.217672,-0.371009,-0.319870,0.198913,1.348830,0.515103,0.352351,-0.309398,-0.165354,0.276869,0.770949,0.084442,-0.042247,-0.331747
23.940000,0.167796,-0.109493,1.043701,-0.242643,-0.560132,-0.292050,0.325532,-0.370552,1.546784,-0.497836,0.186724,-0.041621,0.130540,-0.321291,0.518820,0.180319,0.216820,-0.364134,-0.309595,0.205929,1.342654,0.512252,0.349243,-0.308218,-0.163673,0.276021,0.764349,0.083713,-0.042543,-0.328249
23.960000,0.162897,-0.120674,1.037841,-0.247296,-0.557827,-0.293968,0.315614,-0.366820,1.545958,-0.493970,0.186386,-0.040973,0.134154,-0.316964,0.511607,0.181008,0.215813,-0.357082,-0.299382,0.212881,1.336504,0.508980,0.345862,-0.306738,-0.162006,0.275168,0.757820,0.082997,-0.042766,-0.324535
23.980000,0.157904,-0.131804,1.031944,-0.251961,-0.555101,-0.295641,0.305775,-0.363097,1.545146,-0.489837,0.185921,-0.040314,0.137779,-0.312659,0.504538,0.181494,0.214652,-0.349851,-0.289239,0.219762,1.330386,0.505286,0.342209,-0.304958,-0.160353,0.274311,0.751369,0.082293,-0.042918,-0.320603
24.000000,0.152818,-0.142875,1.026017,-0.256639,-0.551956,-0.297068,0.296022,-0.359384,1.544346,-0.485439,0.185329,-0.039645,0.141412,-0.308379,0.497614,0.181777,0.213338,-0.342443,-0.279174,0.226567,1.324307,0.501171,0.338283,-0.302877,-0.158714,0.273451,0.744998,0.081602,-0.042996,-0.316453
24.020000,0.147639,-0.153879,1.020063,-0.261308,-0.548409,-0.298238,0.286359,-0.355685,1.543560,-0.480793,0.184612,-0.038970,0.145049,-0.304127,0.490841,0.181838,0.211866,-0.334884,-0.269195,0.233291,1.318273,0.496659,0.334100,-0.300503,-0.157089,0.272591,0.738712,0.080924,-0.043000,-0.312086
24.040000,0.142366,-0.164809,1.014089,-0.265949,-0.544479,-0.299142,0.276792,-0.352001,1.542787,-0.475917,0.183770,-0.038294,0.148684,-0.299906,0.484220,0.181659,0.210233,-0.327201,-0.259310,0.239930,1.312289,0.491774,0.329673,-0.297843,-0.155477,0.271732,0.732516,0.080260,-0.042925,-0.307501
24.060000,0.137001,-0.175656,1.008099,-0.270562,-0.540166,-0.299779,0.267324,-0.348335,1.542028,-0.470811,0.182803,-0.037616,0.152313,-0.295719,0.477754,0.181238,0.208438,-0.319394,-0.249526,0.246477,1.306361,0.486516,0.325004,-0.294896,-0.153878,0.270875,0.726413,0.079609,-0.042773,-0.302696
24.080000,0.131544,-0.186413,1.002100,-0.275146,-0.535469,-0.300150,0.257961,-0.344689,1.541283,-0.465475,0.181712,-0.036937,0.155932,-0.291569,0.471445,0.180577,0.206481,-0.311464,-0.239852,0.252928,1.300495,0.480884,0.320093,-0.291664,-0.152292,0.270022,0.720409,0.078972,-0.042542,-0.297673
24.100000,0.125995,-0.197072,0.996095,-0.279702,-0.530389,-0.300253,0.248707,-0.341067,1.540551,-0.459910,0.180497,-0.036256,0.159535,-0.287461,0.465296,0.179674,0.204363,-0.303409,-0.230293,0.259279,1.294697,0.474878,0.314939,-0.288145,-0.150719,0.269174,0.714508,0.078349,-0.042233,-0.292432
24.120000,0.120356,-0.207626,0.990091,-0.284213,-0.524951,-0.300091,0.239566,-0.337470,1.539832,-0.454143,0.179165,-0.035579,0.163117,-0.283396,0.459309,0.178525,0.202086,-0.295267,-0.220859,0.265524,1.288971,0.468540,0.309569,-0.284352,-0.149158,0.268333,0.708713,0.077739,-0.041848,-0.286983
24.140000,0.114627,-0.218068,0.984093,-0.288662,-0.519178,-0.299664,0.230542,-0.333901,1.539127,-0.448203,0.177722,-0.034908,0.166674,-0.279378,0.453485,0.177122,0.199653,-0.287074,-0.211554,0.271660,1.283324,0.461908,0.304012,-0.280298,-0.147609,0.267500,0.703030,0.077142,-0.041387,-0.281336
24.160000,0.108810,-0.228391,0.978106,-0.293049,-0.513071,-0.298970,0.221639,-0.330362,1.538436,-0.442090,0.176169,-0.034246,0.170200,-0.275411,0.447826,0.175467,0.197065,-0.278829,-0.202384,0.277683,1.277761,0.454982,0.298268,-0.275982,-0.146072,0.266678,0.697461,0.076558,-0.040850,-0.275491
24.180000,0.102906,-0.238589,0.972136,-0.297374,-0.506630,-0.298011,0.212860,-0.326855,1.537758,-0.435805,0.174506,-0.033591,0.173691,-0.271497,0.442333,0.173560,0.194321,-0.270533,-0.193357,0.283590,1.272287,0.447763,0.292336,-0.271406,-0.144547,0.265867,0.692012,0.075987,-0.040239,-0.269449
24.200000,0.096915,-0.248654,0.966188,-0.301637,-0.499854,-0.296787,0.204208,-0.323383,1.537092,-0.429346,0.172732,-0.032943,0.177141,-0.267639,0.437005,0.171399,0.191422,-0.262185,-0.184476,0.289376,1.266906,0.440250,0.286217,-0.266568,-0.143033,0.265069,0.686685,0.075429,-0.039551,-0.263210
24.220000,0.090841,-0.258581,0.960266,-0.305824,-0.492771,-0.295308,0.195687,-0.319947,1.536440,-0.422752,0.170863,-0.032308,0.180545,-0.263841,0.431845,0.168990,0.188374,-0.253821,-0.175748,0.295037,1.261626,0.432486,0.279939,-0.261490,-0.141530,0.264285,0.681484,0.074881,-0.038794,-0.256795
24.240000,0.084683,-0.268363,0.954377,-0.309917,-0.485406,-0.293587,0.187298,-0.316549,1.535800,-0.416058,0.168911,-0.031690,0.183899,-0.260105,0.426852,0.166337,0.185186,-0.245475,-0.167178,0.300572,1.256448,0.424514,0.273534,-0.256193,-0.140038,0.263517,0.676414,0.074344,-0.037973,-0.250225
24.260000,0.078444,-0.277995,0.948524,-0.313919,-0.477760,-0.291623,0.179045,-0.313191,1.535172,-0.409264,0.166876,-0.031090,0.187197,-0.256434,0.422026,0.163441,0.181858,-0.237147,-0.158769,0.305978,1.251379,0.416334,0.267001,-0.250677,-0.138556,0.262767,0.671476,0.073817,-0.037088,-0.243502
24.280000,0.072127,-0.287471,0.942714,-0.317828,-0.469833,-0.289417,0.170928,-0.309874,1.534556,-0.402371,0.164759,-0.030507,0.190435,-0.252832,0.417366,0.160300,0.178389,-0.228837,-0.150526,0.311252,1.246423,0.407946,0.260340,-0.244942,-0.137085,0.262034,0.666675,0.073300,-0.036139,-0.236624
24.300000,0.065732,-0.296786,0.936949,-0.321645,-0.461624,-0.286967,0.162951,-0.306601,1.533952,-0.395377,0.162559,-0.029942,0.193608,-0.249300,0.412873,0.156915,0.174780,-0.220546,-0.142453,0.316391,1.241583,0.399350,0.253550,-0.238988,-0.135624,0.261322,0.662013,0.072793,-0.035125,-0.229593
24.320000,0.059262,-0.305935,0.931236,-0.325355,-0.453160,-0.284295,0.155114,-0.303372,1.533358,-0.388322,0.160289,-0.029392,0.196710,-0.245841,0.408544,0.153300,0.171043,-0.212300,-0.134553,0.321393,1.236864,0.390590,0.246664,-0.232843,-0.134173,0.260630,0.657492,0.072293,-0.034059,-0.222440
24.340000,0.052719,-0.314911,0.925579,-0.328943,-0.444467,-0.281421,0.147418,-0.300190,1.532776,-0.381242,0.157960,-0.028856,0.199738,-0.242459,0.404380,0.149467,0.167188,-0.204129,-0.126830,0.326257,1.232270,0.381712,0.239713,-0.226538,-0.132732,0.259960,0.653115,0.071798,-0.032950,-0.215198
24.360000,0.046105,-0.323712,0.919981,-0.332408,-0.435545,-0.278344,0.139864,-0.297054,1.532204,-0.374138,0.155572,-0.028332,0.202687,-0.239154,0.400379,0.145417,0.163216,-0.196032,-0.119285,0.330981,1.227804,0.372715,0.232697,-0.220072,-0.131301,0.259312,0.648885,0.071307,-0.031800,-0.207867
24.380000,0.039423,-0.332332,0.914447,-0.335752,-0.426393,-0.275064,0.132453,-0.293967,1.531643,-0.367008,0.153126,-0.027821,0.205553,-0.235931,0.396538,0.141149,0.159127,-0.188009,-0.111922,0.335564,1.223469,0.363600,0.225615,-0.213444,-0.129880,0.258688,0.644801,0.070822,-0.030607,-0.200448
24.400000,0.032676,-0.340766,0.908980,-0.338974,-0.417011,-0.271582,0.125184,-0.290930,1.531091,-0.359854,0.150621,-0.027322,0.208332,-0.232790,0.392858,0.136664,0.154921,-0.180060,-0.104742,0.340005,1.219267,0.354366,0.218468,-0.206656,-0.128468,0.258088,0.640867,0.070341,-0.029372,-0.192939
24.420000,0.025865,-0.349011,0.903584,-0.342064,-0.407436,-0.267914,0.118059,-0.287943,1.530550,-0.352699,0.148063,-0.026829,0.211019,-0.229735,0.389335,0.131983,0.150614,-0.172206,-0.097748,0.344303,1.215203,0.345061,0.211288,-0.199743,-0.127066,0.257513,0.637084,0.069862,-0.028103,-0.185372
24.440000,0.018994,-0.357062,0.898264,-0.345009,-0.397701,-0.264077,0.111076,-0.285007,1.530018,-0.345565,0.145455,-0.026331,0.213610,-0.226766,0.385969,0.127128,0.146221,-0.164466,-0.090940,0.348457,1.211278,0.335731,0.204110,-0.192744,-0.125674,0.256964,0.633453,0.069384,-0.026809,-0.177775
24.460000,0.012066,-0.364918,0.893023,-0.347810,-0.387807,-0.260070,0.104236,-0.282125,1.529496,-0.338451,0.142798,-0.025830,0.216103,-0.223886,0.382756,0.122099,0.141743,-0.156841,-0.084319,0.352467,1.207494,0.326376,0.196932,-0.185658,-0.124291,0.256441,0.629973,0.068906,-0.025490,-0.170150
24.480000,0.005083,-0.372574,0.887863,-0.350468,-0.377754,-0.255895,0.097538,-0.279296,1.528985,-0.331360,0.140092,-0.025324,0.218493,-0.221097,0.379694,0.116895,0.137180,-0.149330,-0.077885,0.356334,1.203852,0.316997,0.189756,-0.178486,-0.122917,0.255945,0.626647,0.068428,-0.024145,-0.162495
24.500000,-0.001952,-0.380027,0.882788,-0.352982,-0.367542,-0.251551,0.090981,-0.276521,1.528483,-0.324289,0.137337,-0.024815,0.220777,-0.218400,0.376782,0.111517,0.132531,-0.141934,-0.071639,0.360057,1.200355,0.307594,0.182579,-0.171226,-0.121554,0.255475,0.623474,0.067950,-0.022776,-0.154812
24.520000,-0.009036,-0.387274,0.877802,-0.355337,-0.357206,-0.247056,0.084566,-0.273803,1.527992,-0.317245,0.134530,-0.024290,0.222953,-0.215796,0.374016,0.106006,0.127825,-0.134663,-0.065581,0.363637,1.197004,0.298204,0.175432,-0.163909,-0.120200,0.255034,0.620454,0.067470,-0.021391,-0.147132
24.540000,-0.016165,-0.394315,0.872906,-0.357522,-0.346783,-0.242431,0.078291,-0.271141,1.527512,-0.310233,0.131668,-0.023738,0.225017,-0.213287,0.371395,0.100406,0.123092,-0.127529,-0.059710,0.367075,1.193799,0.288869,0.168340,-0.156564,-0.118855,0.254620,0.617588,0.066983,-0.020000,-0.139487
24.560000,-0.023335,-0.401145,0.868105,-0.359534,-0.336272,-0.237675,0.072156,-0.268536,1.527043,-0.303252,0.128751,-0.023160,0.226968,-0.210873,0.368914,0.094715,0.118330,-0.120532,-0.054026,0.370371,1.190741,0.279586,0.161305,-0.149190,-0.117520,0.254234,0.614875,0.066491,-0.018603,-0.131879
24.580000,-0.030545,-0.407765,0.863400,-0.361375,-0.325673,-0.232789,0.066161,-0.265991,1.526586,-0.296304,0.125778,-0.022554,0.228805,-0.208554,0.366572,0.088934,0.113541,-0.113672,-0.048527,0.373528,1.187832,0.270357,0.154326,-0.141788,-0.116195,0.253876,0.612313,0.065993,-0.017200,-0.124306
24.600000,-0.037789,-0.414172,0.858795,-0.363044,-0.314987,-0.227772,0.060304,-0.263506,1.526141,-0.289387,0.122750,-0.021922,0.230525,-0.206331,0.364366,0.083063,0.108723,-0.106948,-0.043211,0.376545,1.185070,0.261181,0.147403,-0.134358,-0.114881,0.253546,0.609902,0.065489,-0.015790,-0.116769
24.620000,-0.045065,-0.420364,0.854290,-0.364521,-0.304254,-0.222646,0.054585,-0.261081,1.525709,-0.282511,0.119672,-0.021257,0.232127,-0.204205,0.362293,0.077142,0.103903,-0.100366,-0.038079,0.379424,1.182457,0.252093,0.140559,-0.126931,-0.113576,0.253244,0.607642,0.064978,-0.014383,-0.109297
24.640000,-0.052369,-0.426342,0.849889,-0.365787,-0.293513,-0.217433,0.049003,-0.258719,1.525291,-0.275685,0.116549,-0.020552,0.233611,-0.202175,0.360351,0.071210,0.099106,-0.093931,-0.033127,0.382168,1.179993,0.243127,0.133819,-0.119539,-0.112281,0.252970,0.605530,0.064458,-0.012984,-0.101916
24.660000,-0.059695,-0.432104,0.845593,-0.366841,-0.282765,-0.212134,0.043557,-0.256420,1.524887,-0.268907,0.113381,-0.019808,0.234975,-0.200241,0.358535,0.065268,0.094332,-0.087643,-0.028353,0.384778,1.177675,0.234282,0.127182,-0.112182,-0.110998,0.252725,0.603564,0.063929,-0.011595,-0.094629
24.680000,-0.067041,-0.437652,0.841404,-0.367684,-0.272010,-0.206747,0.038247,-0.254184,1.524499,-0.262178,0.110167,-0.019024,0.236221,-0.198401,0.356844,0.059315,0.089581,-0.081501,-0.023755,0.387256,1.175505,0.225560,0.120648,-0.104861,-0.109724,0.252507,0.601744,0.063391,-0.010214,-0.087433
24.700000,-0.074401,-0.442985,0.837324,-0.368314,-0.261248,-0.201273,0.033070,-0.252013,1.524127,-0.255498,0.106909,-0.018200,0.237348,-0.196657,0.355274,0.053352,0.084853,-0.075505,-0.019330,0.389604,1.173481,0.216959,0.114217,-0.097575,-0.108462,0.252316,0.600066,0.062844,-0.008843,-0.080330
24.720000,-0.081772,-0.448102,0.833354,-0.368712,-0.250523,-0.195738,0.028026,-0.249908,1.523771,-0.248871,0.103610,-0.017334,0.238356,-0.195007,0.353823,0.047414,0.080171,-0.069663,-0.015075,0.391825,1.171602,0.208510,0.107911,-0.090351,-0.107211,0.252153,0.598530,0.062287,-0.007487,-0.073339
24.740000,-0.089148,-0.453006,0.829495,-0.368854,-0.239877,-0.190166,0.023115,-0.247869,1.523434,-0.242301,0.100276,-0.016423,0.239245,-0.193450,0.352487,0.041539,0.075559,-0.063978,-0.010988,0.393922,1.169866,0.200242,0.101749,-0.083217,-0.105971,0.252016,0.597132,0.061718,-0.006151,-0.066480
24.760000,-0.096524,-0.457698,0.825748,-0.368741,-0.229312,-0.184559,0.018334,-0.245897,1.523115,-0.235787,0.096907,-0.015467,0.240018,-0.191984,0.351263,0.035727,0.071017,-0.058453,-0.007064,0.395896,1.168272,0.192156,0.095731,-0.076172,-0.104742,0.251907,0.595870,0.061137,-0.004836,-0.059753
24.780000,-0.103896,-0.462179,0.822113,-0.368372,-0.218826,-0.178916,0.013683,-0.243993,1.522815,-0.229330,0.093503,-0.014466,0.240674,-0.190609,0.350147,0.029977,0.066543,-0.053086,-0.003301,0.397752,1.166819,0.184251,0.089859,-0.069217,-0.103525,0.251823,0.594741,0.060543,-0.003541,-0.053158
24.800000,-0.111258,-0.466452,0.818591,-0.367748,-0.208421,-0.173236,0.009160,-0.242157,1.522536,-0.222930,0.090063,-0.013420,0.241217,-0.189322,0.349138,0.024290,0.062140,-0.047878,0.000307,0.399491,1.165503,0.176528,0.084131,-0.062352,-0.102320,0.251765,0.593743,0.059938,-0.002267,-0.046695
24.820000,-0.118604,-0.470517,0.815183,-0.366858,-0.198142,-0.167538,0.004765,-0.240391,1.522279,-0.216597,0.086600,-0.012331,0.241647,-0.188123,0.348231,0.018687,0.057819,-0.042827,0.003762,0.401118,1.164324,0.169004,0.078560,-0.055599,-0.101128,0.251732,0.592872,0.059321,-0.001017,-0.040376
24.840000,-0.125930,-0.474378,0.811890,-0.365693,-0.188036,-0.161840,0.000496,-0.238693,1.522043,-0.210342,0.083125,-0.011200,0.241965,-0.187009,0.347424,0.013193,0.053593,-0.037931,0.007068,0.402635,1.163278,0.161698,0.073157,-0.048980,-0.099948,0.251724,0.592127,0.058690,0.000205,-0.034215
24.860000,-0.133230,-0.478040,0.808710,-0.364252,-0.178103,-0.156140,-0.003649,-0.237066,1.521831,-0.204165,0.079638,-0.010028,0.242175,-0.185978,0.346713,0.007807,0.049463,-0.033190,0.010231,0.404046,1.162364,0.154610,0.067922,-0.042495,-0.098780,0.251740,0.591503,0.058046,0.001398,-0.028211
24.880000,-0.140498,-0.481504,0.805644,-0.362535,-0.168342,-0.150440,-0.007671,-0.235508,1.521643,-0.198066,0.076138,-0.008814,0.242278,-0.185029,0.346095,0.002529,0.045428,-0.028605,0.013254,0.405353,1.161578,0.147740,0.062854,-0.036144,-0.097626,0.251780,0.590997,0.057390,0.002564,-0.022365
24.900000,-0.147730,-0.484774,0.802692,-0.360543,-0.158755,-0.144740,-0.011572,-0.234020,1.521479,-0.192045,0.072626,-0.007559,0.242277,-0.184160,0.345568,-0.002641,0.041489,-0.024174,0.016142,0.406561,1.160917,0.141089,0.057955,-0.029928,-0.096485,0.251842,0.590607,0.056720,0.003701,-0.016677
24.920000,-0.154918,-0.487855,0.799854,-0.358272,-0.149378,-0.139056,-0.015353,-0.232603,1.521340,-0.186112,0.069113,-0.006269,0.242173,-0.183369,0.345127,-0.007689,0.037653,-0.019897,0.018899,0.407672,1.160379,0.134662,0.053228,-0.023857,-0.095357,0.251927,0.590329,0.056038,0.004806,-0.011156
24.940000,-0.162059,-0.490751,0.797130,-0.355719,-0.140251,-0.133405,-0.019017,-0.231256,1.521228,-0.180277,0.065611,-0.004949,0.241970,-0.182654,0.344771,-0.012600,0.033928,-0.015772,0.021530,0.408691,1.159962,0.128469,0.048678,-0.017944,-0.094243,0.252034,0.590160,0.055344,0.005876,-0.005813
24.960000,-0.169145,-0.493467,0.794518,-0.352886,-0.131372,-0.127789,-0.022565,-0.229978,1.521143,-0.174539,0.062119,-0.003598,0.241670,-0.182011,0.344495,-0.017375,0.030314,-0.011798,0.024040,0.409621,1.159661,0.122508,0.044305,-0.012189,-0.093144,0.252162,0.590095,0.054637,0.006910,-0.000647
24.980000,-0.176172,-0.496008,0.792018,-0.349771,-0.122743,-0.122207,-0.025999,-0.228771,1.521084,-0.168900,0.058639,-0.002218,0.241276,-0.181440,0.344298,-0.022013,0.026812,-0.007976,0.026432,0.410464,1.159473,0.116780,0.040109,-0.006590,-0.092058,0.252310,0.590132,0.053918,0.007909,0.004341
25.000000,-0.183134,-0.498378,0.789629,-0.346374,-0.114363,-0.116659,-0.029322,-0.227633,1.521054,-0.163357,0.055168,-0.000809,0.240791,-0.180938,0.344175,-0.026515,0.023421,-0.004305,0.028712,0.411226,1.159396,0.111285,0.036090,-0.001149,-0.090987,0.252478,0.590268,0.053187,0.008873,0.009151
25.020000,-0.190025,-0.500584,0.787351,-0.342706,-0.106258,-0.111161,-0.032534,-0.226564,1.521052,-0.157923,0.051721,0.000621,0.240217,-0.180503,0.344125,-0.030874,0.020143,-0.000780,0.030885,0.411909,1.159426,0.106019,0.032243,0.004130,-0.089931,0.252665,0.590497,0.052447,0.009797,0.013773
25.040000,-0.196840,-0.502631,0.785183,-0.338774,-0.098453,-0.105730,-0.035640,-0.225564,1.521079,-0.152607,0.048308,0.002061,0.239557,-0.180132,0.344143,-0.035085,0.016981,0.002603,0.032955,0.412517,1.159560,0.100976,0.028563,0.009244,-0.088889,0.252870,0.590817,0.051698,0.010679,0.018199
25.060000,-0.203574,-0.504524,0.783122,-0.334580,-0.090949,-0.100367,-0.038640,-0.224631,1.521135,-0.147409,0.044930,0.003510,0.238814,-0.179823,0.344228,-0.039148,0.013935,0.005844,0.034926,0.413053,1.159795,0.096157,0.025052,0.014191,-0.087863,0.253092,0.591224,0.050941,0.011518,0.022427
25.080000,-0.210222,-0.506271,0.781167,-0.330123,-0.083745,-0.095071,-0.041537,-0.223766,1.521219,-0.142329,0.041587,0.004969,0.237992,-0.179573,0.344376,-0.043062,0.011004,0.008945,0.036802,0.413520,1.160127,0.091562,0.021707,0.018972,-0.086851,0.253330,0.591713,0.050177,0.012314,0.026458
25.100000,-0.216778,-0.507876,0.779318,-0.325403,-0.076841,-0.089842,-0.044333,-0.222968,1.521333,-0.137366,0.038279,0.006437,0.237093,-0.179382,0.344585,-0.046829,0.008189,0.011904,0.038590,0.413922,1.160552,0.087190,0.018530,0.023588,-0.085856,0.253584,0.592281,0.049405,0.013067,0.030292
25.120000,-0.223236,-0.509346,0.777573,-0.320441,-0.070250,-0.084694,-0.047032,-0.222235,1.521477,-0.132534,0.035019,0.007901,0.236120,-0.179245,0.344851,-0.050446,0.005490,0.014725,0.040291,0.414262,1.161069,0.083034,0.015512,0.028037,-0.084875,0.253853,0.592923,0.048627,0.013775,0.033927
25.140000,-0.229594,-0.510688,0.775930,-0.315257,-0.063984,-0.079644,-0.049636,-0.221567,1.521649,-0.127842,0.031822,0.009347,0.235076,-0.179161,0.345173,-0.053914,0.002907,0.017411,0.041912,0.414544,1.161673,0.079084,0.012646,0.032320,-0.083911,0.254135,0.593637,0.047848,0.014435,0.037359
25.160000,-0.235845,-0.511908,0.774387,-0.309852,-0.058043,-0.074690,-0.052147,-0.220962,1.521851,-0.123292,0.028687,0.010773,0.233964,-0.179128,0.345547,-0.057231,0.000441,0.019962,0.043456,0.414769,1.162361,0.075341,0.009931,0.036436,-0.082961,0.254430,0.594416,0.047067,0.015048,0.040590
25.180000,-0.241986,-0.513012,0.772942,-0.304225,-0.052426,-0.069833,-0.054568,-0.220419,1.522080,-0.118882,0.025616,0.012181,0.232788,-0.179143,0.345970,-0.060398,-0.001908,0.022377,0.044927,0.414942,1.163129,0.071805,0.007366,0.040386,-0.082028,0.254737,0.595259,0.046284,0.015614,0.043618
25.200000,-0.248013,-0.514007,0.771593,-0.298376,-0.047134,-0.065072,-0.056903,-0.219936,1.522338,-0.114614,0.022607,0.013570,0.231549,-0.179204,0.346441,-0.063415,-0.004141,0.024657,0.046330,0.415065,1.163975,0.068475,0.004954,0.044170,-0.081110,0.255054,0.596160,0.045498,0.016132,0.046445
25.220000,-0.253920,-0.514900,0.770338,-0.292338,-0.042169,-0.060416,-0.059154,-0.219514,1.522623,-0.110483,0.019661,0.014932,0.230252,-0.179308,0.346956,-0.066288,-0.006264,0.026810,0.047668,0.415141,1.164895,0.065339,0.002680,0.047789,-0.080208,0.255382,0.597115,0.044715,0.016600,0.049071
25.240000,-0.259705,-0.515696,0.769175,-0.286139,-0.037533,-0.055874,-0.061323,-0.219150,1.522935,-0.106486,0.016778,0.016259,0.228899,-0.179453,0.347513,-0.069024,-0.008283,0.028846,0.048945,0.415173,1.165885,0.062384,0.000534,0.051244,-0.079321,0.255718,0.598121,0.043939,0.017016,0.051496
25.260000,-0.265365,-0.516403,0.768102,-0.279782,-0.033227,-0.051446,-0.063414,-0.218842,1.523273,-0.102623,0.013957,0.017552,0.227492,-0.179638,0.348109,-0.071623,-0.010198,0.030763,0.050164,0.415163,1.166944,0.059611,-0.001484,0.054536,-0.078450,0.256062,0.599174,0.043170,0.017381,0.053722
25.280000,-0.270895,-0.517027,0.767117,-0.273265,-0.029251,-0.047131,-0.065429,-0.218591,1.523637,-0.098893,0.011199,0.018811,0.226035,-0.179861,0.348742,-0.074085,-0.012010,0.032563,0.051330,0.415114,1.168066,0.057019,-0.003375,0.057664,-0.077595,0.256413,0.600269,0.042407,0.017695,0.055748
25.300000,-0.276294,-0.517575,0.766216,-0.266589,-0.025604,-0.042929,-0.067371,-0.218394,1.524025,-0.095297,0.008504,0.020034,0.224529,-0.180118,0.349411,-0.076410,-0.013719,0.034245,0.052446,0.415029,1.169249,0.054608,-0.005139,0.060629,-0.076754,0.256769,0.601402,0.041651,0.017956,0.057574
25.320000,-0.281558,-0.518054,0.765399,-0.259789,-0.022279,-0.038846,-0.069242,-0.218250,1.524438,-0.091832,0.005874,0.021212,0.222979,-0.180409,0.350111,-0.078607,-0.015330,0.035815,0.053516,0.414910,1.170490,0.052367,-0.006789,0.063430,-0.075928,0.257131,0.602571,0.040909,0.018164,0.059203
25.340000,-0.286685,-0.518469,0.764662,-0.252897,-0.019270,-0.034887,-0.071045,-0.218159,1.524873,-0.088497,0.003313,0.022331,0.221386,-0.180731,0.350843,-0.080686,-0.016849,0.037279,0.054542,0.414758,1.171785,0.050282,-0.008339,0.066068,-0.075117,0.257495,0.603769,0.040190,0.018317,0.060640
25.360000,-0.291673,-0.518827,0.764003,-0.245916,-0.016576,-0.031052,-0.072783,-0.218117,1.525331,-0.085291,0.000820,0.023392,0.219752,-0.181082,0.351602,-0.082647,-0.018276,0.038638,0.055528,0.414577,1.173132,0.048354,-0.009789,0.068543,-0.074321,0.257863,0.604995,0.039492,0.018414,0.061885
25.380000,-0.296521,-0.519134,0.763419,-0.238844,-0.014198,-0.027342,-0.074457,-0.218125,1.525809,-0.082214,-0.001605,0.024395,0.218081,-0.181461,0.352387,-0.084490,-0.019612,0.039890,0.056477,0.414367,1.174526,0.046583,-0.011139,0.070856,-0.073538,0.258232,0.606243,0.038816,0.018456,0.062936
25.400000,-0.301227,-0.519397,0.762908,-0.231682,-0.012134,-0.023755,-0.076072,-0.218181,1.526306,-0.079266,-0.003961,0.025340,0.216374,-0.181866,0.353197,-0.086215,-0.020856,0.041037,0.057392,0.414132,1.175965,0.044970,-0.012389,0.073005,-0.072768,0.258601,0.607511,0.038162,0.018442,0.063795
25.420000,-0.305788,-0.519621,0.762468,-0.224450,-0.010368,-0.020295,-0.077629,-0.218283,1.526822,-0.076456,-0.006237,0.026218,0.214633,-0.182295,0.354028,-0.087833,-0.022012,0.042080,0.058277,0.413872,1.177445,0.043501,-0.013554,0.074991,-0.072011,0.258969,0.608794,0.037537,0.018373,0.064473
25.440000,-0.310204,-0.519813,0.762095,-0.217168,-0.008881,-0.016962,-0.079131,-0.218430,1.527354,-0.073789,-0.008420,0.027020,0.212861,-0.182746,0.354879,-0.089357,-0.023084,0.043021,0.059133,0.413590,1.178963,0.042167,-0.014647,0.076814,-0.071266,0.259335,0.610089,0.036946,0.018249,0.064981
25.460000,-0.314474,-0.519978,0.761788,-0.209836,-0.007673,-0.013759,-0.080581,-0.218619,1.527902,-0.071267,-0.010512,0.027747,0.211059,-0.183218,0.355748,-0.090785,-0.024072,0.043860,0.059964,0.413287,1.180516,0.040968,-0.015669,0.078473,-0.070533,0.259699,0.611392,0.036390,0.018070,0.065320
25.480000,-0.318597,-0.520122,0.761544,-0.202454,-0.006743,-0.010684,-0.081983,-0.218850,1.528464,-0.068888,-0.012512,0.028399,0.209230,-0.183708,0.356633,-0.092119,-0.024975,0.044598,0.060773,0.412964,1.182101,0.039903,-0.016620,0.079970,-0.069810,0.260058,0.612700,0.035870,0.017836,0.065490
25.500000,-0.322572,-0.520250,0.761360,-0.195023,-0.006092,-0.007737,-0.083338,-0.219119,1.529037,-0.066654,-0.014420,0.028975,0.207375,-0.184216,0.357532,-0.093359,-0.025793,0.045234,0.061561,0.412623,1.183714,0.038972,-0.017499,0.081303,-0.069098,0.260412,0.614011,0.035384,0.017546,0.065490
25.520000,-0.326398,-0.520367,0.761234,-0.187565,-0.005696,-0.004916,-0.084650,-0.219426,1.529622,-0.064560,-0.016236,0.029474,0.205496,-0.184739,0.358442,-0.094513,-0.026537,0.045777,0.062333,0.412264,1.185352,0.038164,-0.018321,0.082475,-0.068395,0.260759,0.615319,0.034940,0.017205,0.065341
25.540000,-0.330075,-0.520479,0.761163,-0.180106,-0.005531,-0.002219,-0.085921,-0.219768,1.530216,-0.062601,-0.017960,0.029897,0.203595,-0.185277,0.359362,-0.095594,-0.027214,0.046237,0.063089,0.411890,1.187012,0.037466,-0.019100,0.083491,-0.067700,0.261100,0.616623,0.034545,0.016814,0.065062
25.560000,-0.333602,-0.520590,0.761144,-0.172644,-0.005597,0.000355,-0.087155,-0.220144,1.530817,-0.060779,-0.019593,0.030242,0.201673,-0.185828,0.360291,-0.096599,-0.027825,0.046613,0.063832,0.411501,1.188691,0.036879,-0.019835,0.084349,-0.067013,0.261431,0.617921,0.034199,0.016374,0.064654
25.580000,-0.336981,-0.520705,0.761176,-0.165179,-0.005893,0.002805,-0.088353,-0.220551,1.531425,-0.059092,-0.021134,0.030511,0.199732,-0.186390,0.361226,-0.097530,-0.028369,0.046907,0.064565,0.411097,1.190385,0.036403,-0.020528,0.085049,-0.066332,0.261754,0.619209,0.033901,0.015885,0.064117
25.600000,-0.340209,-0.520827,0.761256,-0.157713,-0.006420,0.005131,-0.089519,-0.220988,1.532037,-0.057541,-0.022583,0.030702,0.197772,-0.186962,0.362166,-0.098387,-0.028848,0.047117,0.065289,0.410680,1.192092,0.036038,-0.021178,0.085592,-0.065656,0.262067,0.620484,0.033653,0.015346,0.063450
25.620000,-0.343289,-0.520963,0.761381,-0.150261,-0.007146,0.007343,-0.090656,-0.221454,1.532653,-0.056116,-0.023949,0.030824,0.195797,-0.187543,0.363110,-0.099182,-0.029264,0.047246,0.066007,0.410250,1.193808,0.035771,-0.021795,0.085986,-0.064985,0.262368,0.621746,0.033460,0.014763,0.062680
25.640000,-0.346220,-0.521114,0.761549,-0.142841,-0.008038,0.009448,-0.091765,-0.221946,1.533270,-0.054807,-0.025240,0.030884,0.193805,-0.188132,0.364056,-0.099926,-0.029622,0.047298,0.066720,0.409808,1.195530,0.035593,-0.022391,0.086239,-0.064317,0.262657,0.622991,0.033328,0.014141,0.061831
25.660000,-0.349003,-0.521285,0.761758,-0.135453,-0.009096,0.011447,-0.092849,-0.222463,1.533888,-0.053613,-0.026455,0.030883,0.191800,-0.188728,0.365002,-0.100621,-0.029922,0.047273,0.067431,0.409355,1.197256,0.035502,-0.022967,0.086351,-0.063652,0.262933,0.624219,0.033258,0.013479,0.060905
25.680000,-0.351638,-0.521479,0.762006,-0.128097,-0.010320,0.013340,-0.093910,-0.223004,1.534505,-0.052536,-0.027595,0.030820,0.189781,-0.189329,0.365946,-0.101266,-0.030165,0.047170,0.068141,0.408890,1.198983,0.035499,-0.023521,0.086323,-0.062987,0.263196,0.625427,0.033250,0.012778,0.059901
25.700000,-0.354127,-0.521699,0.762291,-0.120773,-0.011711,0.015126,-0.094951,-0.223566,1.535120,-0.051573,-0.028660,0.030696,0.187750,-0.189934,0.366888,-0.101861,-0.030349,0.046989,0.068852,0.408414,1.200708,0.035584,-0.024054,0.086153,-0.062321,0.263444,0.626614,0.033304,0.012037,0.058818
25.720000,-0.356470,-0.521948,0.762610,-0.113492,-0.013225,0.016821,-0.095974,-0.224150,1.535732,-0.050719,-0.029653,0.030511,0.185707,-0.190542,0.367825,-0.102420,-0.030479,0.046733,0.069565,0.407928,1.202428,0.035747,-0.024577,0.085852,-0.061654,0.263677,0.627779,0.033428,0.011265,0.057692
25.740000,-0.358667,-0.522229,0.762963,-0.106268,-0.014822,0.018438,-0.096980,-0.224752,1.536340,-0.049965,-0.030580,0.030267,0.183653,-0.191153,0.368757,-0.102956,-0.030556,0.046404,0.070282,0.407431,1.204141,0.035979,-0.025100,0.085426,-0.060984,0.263894,0.628922,0.033632,0.010470,0.056556
25.760000,-0.360721,-0.522542,0.763347,-0.099101,-0.016501,0.019977,-0.097973,-0.225372,1.536943,-0.049311,-0.031440,0.029964,0.181589,-0.191764,0.369681,-0.103471,-0.030581,0.046002,0.071004,0.406924,1.205845,0.036278,-0.025623,0.084877,-0.060308,0.264096,0.630041,0.033916,0.009652,0.055410
25.780000,-0.362632,-0.522889,0.763762,-0.091989,-0.018261,0.021439,-0.098954,-0.226009,1.537538,-0.048758,-0.032233,0.029601,0.179514,-0.192375,0.370596,-0.103962,-0.030554,0.045526,0.071734,0.406406,1.207536,0.036645,-0.026147,0.084204,-0.059626,0.264280,0.631138,0.034280,0.008812,0.054254
25.800000,-0.364401,-0.523273,0.764204,-0.084934,-0.020104,0.022824,-0.099924,-0.226661,1.538126,-0.048304,-0.032960,0.029179,0.177430,-0.192986,0.371501,-0.104432,-0.030474,0.044978,0.072471,0.405878,1.209212,0.037080,-0.026671,0.083406,-0.058936,0.264448,0.632212,0.034724,0.007948,0.053089
25.820000,-0.366029,-0.523694,0.764674,-0.077942,-0.021990,0.024142,-0.100886,-0.227327,1.538705,-0.047939,-0.033628,0.028705,0.175337,-0.193594,0.372395,-0.104890,-0.030349,0.044364,0.073217,0.405339,1.210871,0.037575,-0.027200,0.082500,-0.058237,0.264598,0.633262,0.035250,0.007068,0.051936
25.840000,-0.367519,-0.524153,0.765170,-0.071019,-0.023885,0.025408,-0.101842,-0.228006,1.539274,-0.047647,-0.034247,0.028185,0.173235,-0.194200,0.373276,-0.105348,-0.030183,0.043695,0.073974,0.404790,1.212511,0.038121,-0.027741,0.081500,-0.057526,0.264731,0.634289,0.035860,0.006177,0.050819
25.860000,-0.368871,-0.524649,0.765690,-0.064164,-0.025786,0.026620,-0.102793,-0.228697,1.539832,-0.047431,-0.034816,0.027621,0.171123,-0.194801,0.374142,-0.105806,-0.029977,0.042969,0.074742,0.404229,1.214131,0.038717,-0.028293,0.080407,-0.056802,0.264845,0.635295,0.036555,0.005275,0.049738
25.880000,-0.370086,-0.525184,0.766234,-0.057378,-0.027694,0.027779,-0.103740,-0.229398,1.540379,-0.047289,-0.035336,0.027011,0.169002,-0.195398,0.374994,-0.106263,-0.029730,0.042187,0.075523,0.403658,1.215727,0.039365,-0.028856,0.079220,-0.056063,0.264942,0.636279,0.037334,0.004363,0.048693
25.900000,-0.371166,-0.525757,0.766801,-0.050661,-0.029610,0.028885,-0.104685,-0.230110,1.540912,-0.047221,-0.035806,0.026356,0.166873,-0.195990,0.375829,-0.106719,-0.029444,0.041349,0.076317,0.403075,1.217299,0.040063,-0.029431,0.077939,-0.055308,0.265020,0.637243,0.038198,0.003440,0.047684
25.920000,-0.372113,-0.526368,0.767389,-0.044019,-0.031500,0.029955,-0.105629,-0.230830,1.541433,-0.047214,-0.036238,0.025671,0.164734,-0.196576,0.376648,-0.107187,-0.029121,0.040463,0.077126,0.402480,1.218844,0.040805,-0.030022,0.076579,-0.054535,0.265079,0.638187,0.039142,0.002512,0.046723
25.940000,-0.372927,-0.527017,0.767999,-0.037459,-0.033334,0.031007,-0.106574,-0.231559,1.541939,-0.047252,-0.036643,0.024968,0.162585,-0.197155,0.377448,-0.107677,-0.028765,0.039539,0.077950,0.401874,1.220361,0.041584,-0.030634,0.075154,-0.053742,0.265120,0.639112,0.040160,0.001584,0.045824
25.960000,-0.373612,-0.527701,0.768629,-0.030980,-0.035111,0.032041,-0.107519,-0.232296,1.542431,-0.047336,-0.037022,0.024249,0.160426,-0.197726,0.378229,-0.108189,-0.028377,0.038575,0.078790,0.401255,1.221850,0.042399,-0.031268,0.073663,-0.052928,0.265142,0.640020,0.041252,0.000655,0.044986
25.980000,-0.374167,-0.528421,0.769280,-0.024583,-0.036831,0.033056,-0.108467,-0.233040,1.542909,-0.047466,-0.037374,0.023513,0.158257,-0.198290,0.378991,-0.108724,-0.027957,0.037573,0.079646,0.400623,1.223308,0.043252,-0.031924,0.072108,-0.052091,0.265146,0.640912,0.042420,-0.000274,0.044209
26.000000,-0.374596,-0.529174,0.769952,-0.018267,-0.038494,0.034054,-0.109418,-0.233791,1.543372,-0.047642,-0.037699,0.022760,0.156077,-0.198844,0.379732,-0.109281,-0.027503,0.036531,0.080520,0.399978,1.224734,0.044141,-0.032602,0.070487,-0.051231,0.265131,0.641789,0.043662,-0.001203,0.043494
26.020000,-0.374898,-0.529960,0.770643,-0.012040,-0.040064,0.035054,-0.110373,-0.234548,1.543819,-0.047850,-0.038006,0.021997,0.153886,-0.199390,0.380452,-0.109872,-0.027018,0.035457,0.081412,0.399319,1.226127,0.045060,-0.033300,0.068819,-0.050344,0.265098,0.642652,0.044965,-0.002128,0.042845
26.040000,-0.375078,-0.530776,0.771354,-0.005912,-0.041504,0.036075,-0.111333,-0.235311,1.544252,-0.048076,-0.038304,0.021234,0.151682,-0.199925,0.381150,-0.110510,-0.026500,0.034358,0.082322,0.398646,1.227486,0.046000,-0.034018,0.067123,-0.049432,0.265046,0.643503,0.046317,-0.003044,0.042264
26.060000,-0.375136,-0.531619,0.772086,0.000118,-0.042814,0.037119,-0.112296,-0.236080,1.544669,-0.048321,-0.038592,0.020469,0.149465,-0.200449,0.381826,-0.111195,-0.025949,0.033234,0.083252,0.397958,1.228811,0.046960,-0.034756,0.065398,-0.048491,0.264976,0.644343,0.047718,-0.003951,0.041751
26.080000,-0.375074,-0.532488,0.772839,0.006050,-0.043994,0.038184,-0.113265,-0.236854,1.545070,-0.048584,-0.038870,0.019702,0.147234,-0.200963,0.382479,-0.111926,-0.025366,0.032084,0.084201,0.397255,1.230102,0.047942,-0.035514,0.063645,-0.047523,0.264888,0.645174,0.049166,-0.004848,0.041308
26.100000,-0.374894,-0.533378,0.773613,0.011885,-0.045044,0.039271,-0.114240,-0.237634,1.545457,-0.048865,-0.039138,0.018934,0.144988,-0.201464,0.383109,-0.112704,-0.024750,0.030909,0.085170,0.396537,1.231357,0.048945,-0.036291,0.061862,-0.046524,0.264783,0.645996,0.050664,-0.005735,0.040933
26.120000,-0.374599,-0.534288,0.774410,0.017611,-0.045925,0.040398,-0.115220,-0.238420,1.545828,-0.049154,-0.039401,0.018171,0.142725,-0.201952,0.383715,-0.113534,-0.024110,0.029716,0.086159,0.395803,1.232576,0.049962,-0.037087,0.060071,-0.045496,0.264659,0.646811,0.052187,-0.006608,0.040623
26.140000,-0.374191,-0.535214,0.775230,0.023220,-0.046595,0.041583,-0.116206,-0.239211,1.546184,-0.049438,-0.039663,0.017420,0.140446,-0.202428,0.384297,-0.114421,-0.023452,0.028512,0.087168,0.395054,1.233760,0.050987,-0.037899,0.058289,-0.044437,0.264518,0.647621,0.053714,-0.007461,0.040372
26.160000,-0.373671,-0.536151,0.776074,0.028711,-0.047055,0.042827,-0.117198,-0.240006,1.546525,-0.049719,-0.039923,0.016682,0.138148,-0.202890,0.384856,-0.115364,-0.022777,0.027297,0.088198,0.394287,1.234908,0.052018,-0.038727,0.056518,-0.043347,0.264361,0.648427,0.055244,-0.008293,0.040180
26.180000,-0.373043,-0.537094,0.776943,0.034084,-0.047304,0.044129,-0.118195,-0.240807,1.546851,-0.049996,-0.040182,0.015956,0.135831,-0.203339,0.385389,-0.116364,-0.022085,0.026072,0.089249,0.393504,1.236021,0.053057,-0.039572,0.054756,-0.042227,0.264187,0.649229,0.056778,-0.009104,0.040048
26.200000,-0.372308,-0.538041,0.777839,0.039340,-0.047344,0.045489,-0.119197,-0.241614,1.547163,-0.050268,-0.040440,0.015242,0.133493,-0.203774,0.385898,-0.117421,-0.021376,0.024836,0.090321,0.392704,1.237098,0.054103,-0.040433,0.053004,-0.041076,0.263997,0.650029,0.058315,-0.009896,0.039975
26.220000,-0.371470,-0.538987,0.778763,0.044469,-0.047140,0.046918,-0.120205,-0.242425,1.547461,-0.050528,-0.040700,0.014541,0.131134,-0.204194,0.386383,-0.118532,-0.020665,0.023602,0.091413,0.391887,1.238141,0.055150,-0.041308,0.051275,-0.039895,0.263791,0.650828,0.059842,-0.010660,0.039953
26.240000,-0.370531,-0.539925,0.779716,0.049462,-0.046660,0.048426,-0.121218,-0.243242,1.547745,-0.050765,-0.040966,0.013855,0.128752,-0.204600,0.386843,-0.119695,-0.019969,0.022384,0.092527,0.391052,1.239149,0.056192,-0.042194,0.049582,-0.038683,0.263571,0.651627,0.061344,-0.011391,0.039972
26.260000,-0.369493,-0.540851,0.780701,0.054319,-0.045902,0.050014,-0.122236,-0.244064,1.548015,-0.050980,-0.041236,0.013182,0.126346,-0.204993,0.387278,-0.120910,-0.019287,0.021183,0.093661,0.390199,1.240125,0.057229,-0.043092,0.047925,-0.037441,0.263336,0.652427,0.062823,-0.012088,0.040032
26.280000,-0.368359,-0.541759,0.781717,0.059040,-0.044868,0.051681,-0.123257,-0.244891,1.548272,-0.051173,-0.041513,0.012523,0.123915,-0.205372,0.387690,-0.122176,-0.018621,0.019997,0.094816,0.389328,1.241067,0.058261,-0.044000,0.046303,-0.036170,0.263087,0.653229,0.064278,-0.012752,0.040134
26.300000,-0.367132,-0.542644,0.782768,0.063625,-0.043558,0.053427,-0.124283,-0.245724,1.548516,-0.051343,-0.041794,0.011878,0.121458,-0.205738,0.388078,-0.123495,-0.017969,0.018827,0.095991,0.388439,1.241977,0.059289,-0.044920,0.044718,-0.034870,0.262826,0.654033,0.065708,-0.013382,0.040277
26.320000,-0.365815,-0.543500,0.783855,0.068070,-0.041937,0.055261,-0.125311,-0.246563,1.548747,-0.051483,-0.042083,0.011243,0.118975,-0.206091,0.388443,-0.124865,-0.017345,0.017688,0.097187,0.387531,1.242856,0.060305,-0.045849,0.043175,-0.033542,0.262552,0.654840,0.067117,-0.013976,0.040445
26.340000,-0.364410,-0.544319,0.784979,0.072370,-0.039975,0.057189,-0.126342,-0.247408,1.548966,-0.051584,-0.042379,0.010614,0.116463,-0.206432,0.388786,-0.126289,-0.016764,0.016594,0.098403,0.386605,1.243704,0.061303,-0.046785,0.041682,-0.032185,0.262267,0.655651,0.068507,-0.014531,0.040622
26.360000,-0.362921,-0.545096,0.786143,0.076526,-0.037670,0.059213,-0.127374,-0.248258,1.549172,-0.051646,-0.042683,0.009990,0.113923,-0.206762,0.389107,-0.127765,-0.016225,0.015545,0.099639,0.385660,1.244523,0.062284,-0.047727,0.040238,-0.030802,0.261971,0.656465,0.069878,-0.015047,0.040807
26.380000,-0.361350,-0.545824,0.787349,0.080536,-0.035024,0.061332,-0.128407,-0.249115,1.549365,-0.051668,-0.042996,0.009372,0.111352,-0.207081,0.389408,-0.129294,-0.015728,0.014542,0.100895,0.384696,1.245314,0.063246,-0.048676,0.038843,-0.029390,0.261666,0.657283,0.071229,-0.015524,0.041002
26.400000,-0.359700,-0.546495,0.788597,0.084402,-0.032035,0.063546,-0.129441,-0.249978,1.549547,-0.051652,-0.043316,0.008759,0.108751,-0.207391,0.389689,-0.130876,-0.015274,0.013585,0.102169,0.383713,1.246077,0.064191,-0.049631,0.037498,-0.027953,0.261351,0.658105,0.072561,-0.015962,0.041204
26.420000,-0.357975,-0.547103,0.789891,0.088115,-0.028680,0.065852,-0.130473,-0.250848,1.549716,-0.051588,-0.043644,0.008143,0.106117,-0.207692,0.389952,-0.132512,-0.014873,0.012685,0.103462,0.382711,1.246814,0.065110,-0.050592,0.036203,-0.026488,0.261027,0.658931,0.073892,-0.016361,0.041397
26.440000,-0.356177,-0.547640,0.791232,0.091667,-0.024937,0.068249,-0.131504,-0.251724,1.549872,-0.051469,-0.043980,0.007517,0.103450,-0.207986,0.390197,-0.134200,-0.014539,0.011858,0.104773,0.381689,1.247526,0.065997,-0.051556,0.034962,-0.024997,0.260696,0.659761,0.075242,-0.016720,0.041560
26.460000,-0.354309,-0.548098,0.792622,0.095058,-0.020804,0.070737,-0.132531,-0.252607,1.550016,-0.051296,-0.044323,0.006880,0.100749,-0.208274,0.390427,-0.135943,-0.014270,0.011102,0.106102,0.380648,1.248213,0.066850,-0.052523,0.033772,-0.023478,0.260359,0.660593,0.076609,-0.017039,0.041693
26.480000,-0.352376,-0.548469,0.794062,0.098289,-0.016283,0.073316,-0.133555,-0.253497,1.550147,-0.051066,-0.044673,0.006231,0.098012,-0.208558,0.390642,-0.137738,-0.014067,0.010417,0.107447,0.379588,1.248877,0.067671,-0.053494,0.032635,-0.021932,0.260015,0.661428,0.077995,-0.017319,0.041797
26.500000,-0.350379,-0.548746,0.795555,0.101359,-0.011372,0.075986,-0.134574,-0.254394,1.550266,-0.050782,-0.045031,0.005572,0.095239,-0.208838,0.390844,-0.139588,-0.013930,0.009804,0.108808,0.378509,1.249519,0.068459,-0.054469,0.031551,-0.020358,0.259666,0.662265,0.079399,-0.017559,0.041872
26.520000,-0.348322,-0.548921,0.797102,0.104251,-0.006069,0.078729,-0.135586,-0.255298,1.550370,-0.050448,-0.045398,0.004897,0.092428,-0.209115,0.391034,-0.141487,-0.013868,0.009269,0.110185,0.377410,1.250139,0.069206,-0.055445,0.030521,-0.018756,0.259313,0.663103,0.080834,-0.017759,0.041901
26.540000,-0.346210,-0.548986,0.798704,0.106950,-0.000368,0.081531,-0.136591,-0.256210,1.550461,-0.050067,-0.045776,0.004199,0.089579,-0.209393,0.391215,-0.143434,-0.013891,0.008820,0.111576,0.376291,1.250740,0.069904,-0.056420,0.029548,-0.017125,0.258956,0.663941,0.082310,-0.017921,0.041871
26.560000,-0.344046,-0.548933,0.800364,0.109453,0.005731,0.084391,-0.137589,-0.257129,1.550538,-0.049641,-0.046166,0.003479,0.086690,-0.209672,0.391388,-0.145428,-0.013997,0.008455,0.112981,0.375153,1.251322,0.070552,-0.057395,0.028632,-0.015463,0.258596,0.664777,0.083830,-0.018044,0.041779
26.580000,-0.341833,-0.548755,0.802081,0.111763,0.012227,0.087309,-0.138577,-0.258057,1.550600,-0.049170,-0.046567,0.002737,0.083761,-0.209953,0.391554,-0.147468,-0.014188,0.008176,0.114398,0.373995,1.251886,0.071150,-0.058369,0.027772,-0.013771,0.258235,0.665612,0.085391,-0.018128,0.041628
26.600000,-0.339577,-0.548442,0.803856,0.113879,0.019121,0.090286,-0.139555,-0.258992,1.550647,-0.048652,-0.046979,0.001973,0.080791,-0.210240,0.391715,-0.149556,-0.014464,0.007982,0.115827,0.372818,1.252433,0.071699,-0.059343,0.026970,-0.012047,0.257872,0.666442,0.086995,-0.018174,0.041416
26.620000,-0.337280,-0.547987,0.805692,0.115786,0.026391,0.093291,-0.140523,-0.259936,1.550679,-0.048094,-0.047401,0.001181,0.077779,-0.210532,0.391874,-0.151681,-0.014829,0.007870,0.117266,0.371621,1.252965,0.072186,-0.060313,0.026238,-0.010291,0.257508,0.667268,0.088650,-0.018180,0.041137
26.640000,-0.334947,-0.547384,0.807588,0.117469,0.034017,0.096298,-0.141479,-0.260888,1.550694,-0.047501,-0.047833,0.000354,0.074724,-0.210834,0.392031,-0.153837,-0.015289,0.007837,0.118714,0.370405,1.253483,0.072598,-0.061276,0.025591,-0.008501,0.257145,0.668087,0.090363,-0.018148,0.040784
26.660000,-0.332582,-0.546624,0.809544,0.118930,0.041998,0.099305,-0.142422,-0.261849,1.550693,-0.046873,-0.048273,-0.000506,0.071625,-0.211145,0.392188,-0.156021,-0.015844,0.007883,0.120169,0.369170,1.253989,0.072936,-0.062233,0.025030,-0.006676,0.256782,0.668899,0.092134,-0.018075,0.040356
26.680000,-0.330191,-0.545701,0.811560,0.120168,0.050334,0.102313,-0.143353,-0.262819,1.550674,-0.046210,-0.048723,-0.001400,0.068483,-0.211468,0.392347,-0.158236,-0.016495,0.008009,0.121630,0.367916,1.254485,0.073199,-0.063183,0.024554,-0.004815,0.256422,0.669701,0.093964,-0.017964,0.039853
26.700000,-0.327777,-0.544608,0.813637,0.121182,0.059025,0.105321,-0.144271,-0.263798,1.550637,-0.045511,-0.049182,-0.002329,0.065296,-0.211805,0.392509,-0.160479,-0.017240,0.008214,0.123096,0.366643,1.254972,0.073388,-0.064126,0.024163,-0.002917,0.256064,0.670492,0.095852,-0.017813,0.039277
26.720000,-0.325345,-0.543338,0.815773,0.121964,0.068032,0.108295,-0.145173,-0.264786,1.550580,-0.044783,-0.049648,-0.003297,0.062063,-0.212158,0.392676,-0.162739,-0.018079,0.008488,0.124565,0.365351,1.255452,0.073493,-0.065058,0.023878,-0.000981,0.255710,0.671271,0.097801,-0.017624,0.038624
26.740000,-0.322900,-0.541885,0.817968,0.122503,0.077314,0.111199,-0.146062,-0.265784,1.550504,-0.044030,-0.050121,-0.004312,0.058786,-0.212529,0.392849,-0.165003,-0.019011,0.008819,0.126036,0.364041,1.255928,0.073507,-0.065971,0.023718,0.000995,0.255359,0.672037,0.099816,-0.017398,0.037892
26.760000,-0.320447,-0.540244,0.820220,0.122801,0.086871,0.114033,-0.146935,-0.266791,1.550408,-0.043252,-0.050601,-0.005374,0.055463,-0.212919,0.393029,-0.167270,-0.020036,0.009208,0.127505,0.362712,1.256402,0.073430,-0.066868,0.023684,0.003012,0.255014,0.672786,0.101894,-0.017135,0.037083
26.780000,-0.317990,-0.538409,0.822529,0.122856,0.096704,0.116796,-0.147792,-0.267808,1.550289,-0.042449,-0.051088,-0.006482,0.052095,-0.213331,0.393217,-0.169540,-0.021154,0.009654,0.128972,0.361366,1.256876,0.073261,-0.067746,0.023775,0.005071,0.254674,0.673519,0.104037,-0.016836,0.036195
26.800000,-0.315534,-0.536374,0.824892,0.122668,0.106811,0.119490,-0.148632,-0.268835,1.550148,-0.041621,-0.051581,-0.007636,0.048682,-0.213766,0.393415,-0.171814,-0.022365,0.010157,0.130435,0.360003,1.257354,0.073000,-0.068608,0.023991,0.007174,0.254341,0.674234,0.106245,-0.016500,0.035230
26.820000,-0.313084,-0.534135,0.827308,0.122245,0.117139,0.122077,-0.149456,-0.269872,1.549983,-0.040772,-0.052079,-0.008843,0.045223,-0.214226,0.393624,-0.174077,-0.023660,0.010704,0.131892,0.358622,1.257837,0.072646,-0.069449,0.024347,0.009322,0.254014,0.674928,0.108506,-0.016133,0.034188
26.840000,-0.310646,-0.531687,0.829774,0.121593,0.127633,0.124523,-0.150263,-0.270918,1.549794,-0.039906,-0.052579,-0.010111,0.041719,-0.214713,0.393844,-0.176313,-0.025031,0.011279,0.133340,0.357225,1.258328,0.072194,-0.070267,0.024855,0.011515,0.253696,0.675601,0.110807,-0.015742,0.033073
26.860000,-0.308222,-0.529028,0.832288,0.120710,0.138292,0.126826,-0.151052,-0.271975,1.549579,-0.039024,-0.053083,-0.011440,0.038170,-0.215228,0.394075,-0.178525,-0.026479,0.011883,0.134779,0.355812,1.258832,0.071645,-0.071062,0.025515,0.013754,0.253385,0.676251,0.113150,-0.015325,0.031885
26.880000,-0.305819,-0.526154,0.834846,0.119598,0.149116,0.128987,-0.151824,-0.273041,1.549336,-0.038124,-0.053588,-0.012829,0.034578,-0.215773,0.394319,-0.180710,-0.028004,0.012515,0.136205,0.354383,1.259350,0.070999,-0.071834,0.026328,0.016041,0.253083,0.676876,0.115534,-0.014884,0.030624
26.900000,-0.303440,-0.523063,0.837446,0.118257,0.160106,0.131006,-0.152577,-0.274118,1.549065,-0.037208,-0.054097,-0.014278,0.030942,-0.216349,0.394576,-0.182870,-0.029604,0.013176,0.137618,0.352938,1.259886,0.070256,-0.072584,0.027294,0.018376,0.252790,0.677475,0.117959,-0.014419,0.029290
26.920000,-0.301090,-0.519750,0.840085,0.116710,0.171197,0.132850,-0.153312,-0.275205,1.548764,-0.036277,-0.054605,-0.015796,0.027263,-0.216957,0.394846,-0.184990,-0.031267,0.013853,0.139015,0.351479,1.260443,0.069419,-0.073310,0.028415,0.020759,0.252506,0.678047,0.120399,-0.013937,0.027890
26.940000,-0.298773,-0.516214,0.842759,0.114980,0.182324,0.134488,-0.154028,-0.276302,1.548433,-0.035333,-0.055109,-0.017389,0.023543,-0.217600,0.395130,-0.187056,-0.032979,0.014532,0.140394,0.350006,1.261024,0.068488,-0.074013,0.029696,0.023192,0.252232,0.678590,0.122831,-0.013448,0.026434
26.960000,-0.296492,-0.512456,0.845463,0.113069,0.193488,0.135918,-0.154725,-0.277410,1.548068,-0.034376,-0.055608,-0.019059,0.019782,-0.218277,0.395428,-0.189069,-0.034738,0.015214,0.141754,0.348519,1.261632,0.067464,-0.074692,0.031136,0.025673,0.251968,0.679104,0.125255,-0.012951,0.024922
26.980000,-0.294251,-0.508475,0.848194,0.110976,0.204687,0.137141,-0.155403,-0.278527,1.547670,-0.033407,-0.056103,-0.020805,0.015981,-0.218989,0.395739,-0.191029,-0.036547,0.015898,0.143092,0.347019,1.262270,0.066348,-0.075349,0.032735,0.028202,0.251714,0.679587,0.127669,-0.012447,0.023353
27.000000,-0.292054,-0.504269,0.850947,0.108701,0.215923,0.138157,-0.156062,-0.279654,1.547236,-0.032425,-0.056594,-0.022626,0.012141,-0.219739,0.396064,-0.192935,-0.038403,0.016585,0.144407,0.345505,1.262942,0.065139,-0.075982,0.034493,0.030779,0.251470,0.680038,0.130075,-0.011936,0.021727
27.020000,-0.289904,-0.499838,0.853719,0.106277,0.227129,0.138940,-0.156700,-0.280790,1.546764,-0.031430,-0.057076,-0.024531,0.008264,-0.220526,0.396402,-0.194774,-0.040291,0.017265,0.145697,0.343979,1.263651,0.063839,-0.076594,0.036397,0.033405,0.251237,0.680455,0.132456,-0.011422,0.020053
27.040000,-0.287804,-0.495184,0.856503,0.103739,0.238236,0.139462,-0.157319,-0.281937,1.546254,-0.030422,-0.057542,-0.026524,0.004350,-0.221351,0.396754,-0.196536,-0.042191,0.017931,0.146960,0.342442,1.264399,0.062449,-0.077190,0.038432,0.036077,0.251013,0.680840,0.134798,-0.010910,0.018342
27.060000,-0.285755,-0.490309,0.859296,0.101086,0.249246,0.139723,-0.157917,-0.283092,1.545703,-0.029400,-0.057992,-0.028607,0.000403,-0.222213,0.397119,-0.198218,-0.044104,0.018580,0.148194,0.340892,1.265189,0.060971,-0.077768,0.040598,0.038796,0.250800,0.681189,0.137100,-0.010401,0.016593
27.080000,-0.283761,-0.485215,0.862090,0.098318,0.260158,0.139725,-0.158495,-0.284256,1.545109,-0.028364,-0.058428,-0.030779,-0.003578,-0.223115,0.397497,-0.199822,-0.046029,0.019215,0.149398,0.339331,1.266024,0.059403,-0.078329,0.042895,0.041561,0.250597,0.681503,0.139363,-0.009894,0.014806
27.100000,-0.281823,-0.479903,0.864883,0.095435,0.270973,0.139466,-0.159051,-0.285429,1.544471,-0.027315,-0.058848,-0.033040,-0.007590,-0.224055,0.397888,-0.201348,-0.047968,0.019835,0.150570,0.337759,1.266906,0.057746,-0.078873,0.045323,0.044371,0.250405,0.681781,0.141586,-0.009389,0.012981
27.120000,-0.279944,-0.474377,0.867667,0.092469,0.281628,0.138929,-0.159587,-0.286610,1.543787,-0.026250,-0.059245,-0.035393,-0.011631,-0.225033,0.398290,-0.202783,-0.049898,0.020434,0.151708,0.336176,1.267837,0.056010,-0.079395,0.047872,0.047224,0.250222,0.682022,0.143755,-0.008894,0.011123
27.140000,-0.278125,-0.468640,0.870438,0.089453,0.292064,0.138094,-0.160101,-0.287799,1.543055,-0.025166,-0.059611,-0.037841,-0.015700,-0.226050,0.398705,-0.204115,-0.051802,0.021010,0.152810,0.334583,1.268821,0.054204,-0.079891,0.050531,0.050120,0.250049,0.682226,0.145854,-0.008412,0.009236
27.160000,-0.276367,-0.462696,0.873189,0.086388,0.302279,0.136962,-0.160594,-0.288994,1.542272,-0.024062,-0.059946,-0.040382,-0.019795,-0.227105,0.399131,-0.205344,-0.053677,0.021560,0.153875,0.332981,1.269859,0.052328,-0.080360,0.053301,0.053058,0.249885,0.682391,0.147883,-0.007946,0.007321
27.180000,-0.274670,-0.456550,0.875914,0.083272,0.312274,0.135532,-0.161064,-0.290196,1.541439,-0.022940,-0.060250,-0.043017,-0.023913,-0.228197,0.399567,-0.206471,-0.055525,0.022087,0.154902,0.331369,1.270954,0.050382,-0.080803,0.056182,0.056035,0.249731,0.682518,0.149842,-0.007494,0.005377
27.200000,-0.273036,-0.450206,0.878608,0.080105,0.322049,0.133804,-0.161511,-0.291404,1.540551,-0.021798,-0.060522,-0.045747,-0.028053,-0.229326,0.400014,-0.207496,-0.057344,0.022589,0.155890,0.329749,1.272107,0.048367,-0.081220,0.059173,0.059051,0.249585,0.682606,0.151732,-0.007056,0.003404
27.220000,-0.271466,-0.443670,0.881265,0.076912,0.331556,0.131773,-0.161935,-0.292617,1.539608,-0.020634,-0.060754,-0.048567,-0.032212,-0.230491,0.400471,-0.208406,-0.059115,0.023065,0.156837,0.328121,1.273322,0.046298,-0.081608,0.062255,0.062104,0.249448,0.682654,0.153532,-0.006641,0.001420
27.240000,-0.269960,-0.436946,0.883877,0.073716,0.340749,0.129430,-0.162336,-0.293834,1.538608,-0.019443,-0.060935,-0.051474,-0.036389,-0.231690,0.400936,-0.209189,-0.060817,0.023513,0.157742,0.326485,1.274598,0.044191,-0.081966,0.065410,0.065192,0.249320,0.682663,0.155223,-0.006253,-0.000559
27.260000,-0.268517,-0.430042,0.886440,0.070516,0.349627,0.126777,-0.162713,-0.295054,1.537549,-0.018226,-0.061065,-0.054469,-0.040579,-0.232923,0.401411,-0.209845,-0.062448,0.023934,0.158604,0.324842,1.275938,0.042048,-0.082292,0.068637,0.068312,0.249198,0.682632,0.156804,-0.005895,-0.002533
27.280000,-0.267139,-0.422963,0.888946,0.067313,0.358191,0.123814,-0.163065,-0.296276,1.536429,-0.016982,-0.061146,-0.057550,-0.044782,-0.234188,0.401894,-0.210375,-0.064009,0.024327,0.159423,0.323193,1.277344,0.039868,-0.082588,0.071937,0.071463,0.249084,0.682562,0.158276,-0.005564,-0.004501
27.300000,-0.265825,-0.415716,0.891390,0.064106,0.366440,0.120539,-0.163392,-0.297499,1.535246,-0.015713,-0.061176,-0.060719,-0.048993,-0.235483,0.402384,-0.210778,-0.065501,0.024692,0.160199,0.321539,1.278816,0.037650,-0.082852,0.075310,0.074642,0.248975,0.682452,0.159639,-0.005262,-0.006464
27.320000,-0.264575,-0.408308,0.893766,0.060915,0.374349,0.116964,-0.163693,-0.298723,1.533999,-0.014415,-0.061146,-0.063964,-0.053212,-0.236807,0.402881,-0.211044,-0.066903,0.025030,0.160929,0.319879,1.280357,0.035415,-0.083084,0.078719,0.077848,0.248873,0.682303,0.160860,-0.005000,-0.008390
27.340000,-0.263388,-0.400745,0.896067,0.057760,0.381895,0.113098,-0.163968,-0.299945,1.532687,-0.013089,-0.061046,-0.067277,-0.057434,-0.238158,0.403385,-0.211164,-0.068199,0.025342,0.161615,0.318216,1.281965,0.033182,-0.083281,0.082129,0.081076,0.248775,0.682117,0.161909,-0.004789,-0.010248
27.360000,-0.262264,-0.393035,0.898288,0.054641,0.389075,0.108940,-0.164217,-0.301164,1.531308,-0.011734,-0.060877,-0.070658,-0.061657,-0.239534,0.403895,-0.211137,-0.069386,0.025628,0.162257,0.316548,1.283642,0.030951,-0.083443,0.085539,0.084323,0.248681,0.681894,0.162785,-0.004628,-0.012038
27.380000,-0.261202,-0.385184,0.900423,0.051558,0.395892,0.104492,-0.164438,-0.302379,1.529860,-0.010349,-0.060639,-0.074106,-0.065879,-0.240933,0.404410,-0.210963,-0.070466,0.025887,0.162853,0.314878,1.285387,0.028723,-0.083571,0.088951,0.087586,0.248590,0.681636,0.163488,-0.004518,-0.013760
27.400000,-0.260201,-0.377201,0.902465,0.048510,0.402344,0.099753,-0.164630,-0.303589,1.528343,-0.008936,-0.060331,-0.077622,-0.070095,-0.242352,0.404930,-0.210642,-0.071438,0.026119,0.163405,0.313206,1.287200,0.026496,-0.083663,0.092364,0.090861,0.248500,0.681344,0.164019,-0.004458,-0.015413
27.420000,-0.259261,-0.369093,0.904411,0.045521,0.408434,0.094755,-0.164795,-0.304792,1.526755,-0.007498,-0.059947,-0.081189,-0.074303,-0.243790,0.405454,-0.210170,-0.072289,0.026328,0.163913,0.311532,1.289081,0.024303,-0.083716,0.095738,0.094145,0.248411,0.681020,0.164355,-0.004457,-0.016973
27.440000,-0.258380,-0.360866,0.906254,0.042612,0.414161,0.089528,-0.164930,-0.305987,1.525095,-0.006039,-0.059481,-0.084791,-0.078501,-0.245243,0.405983,-0.209539,-0.073004,0.026514,0.164378,0.309857,1.291029,0.022174,-0.083723,0.099037,0.097434,0.248321,0.680666,0.164475,-0.004521,-0.018414
27.460000,-0.257556,-0.352529,0.907991,0.039782,0.419526,0.084074,-0.165036,-0.307171,1.523363,-0.004561,-0.058933,-0.088429,-0.082684,-0.246709,0.406515,-0.208751,-0.073583,0.026679,0.164801,0.308183,1.293042,0.020109,-0.083686,0.102259,0.100723,0.248230,0.680284,0.164380,-0.004652,-0.019736
27.480000,-0.256788,-0.344088,0.909616,0.037033,0.424530,0.078392,-0.165113,-0.308343,1.521558,-0.003061,-0.058303,-0.092102,-0.086850,-0.248185,0.407050,-0.207804,-0.074027,0.026821,0.165183,0.306510,1.295119,0.018108,-0.083603,0.105406,0.104008,0.248135,0.679877,0.164070,-0.004848,-0.020939
27.500000,-0.256074,-0.335550,0.911125,0.034364,0.429172,0.072483,-0.165159,-0.309502,1.519679,-0.001542,-0.057591,-0.095811,-0.090995,-0.249669,0.407587,-0.206701,-0.074335,0.026942,0.165525,0.304839,1.297258,0.016170,-0.083475,0.108476,0.107284,0.248035,0.679447,0.163544,-0.005110,-0.022023
27.520000,-0.255413,-0.326923,0.912514,0.031794,0.433469,0.066398,-0.165174,-0.310646,1.517725,-0.000013,-0.056795,-0.099529,-0.095117,-0.251158,0.408127,-0.205439,-0.074499,0.027045,0.165830,0.303172,1.299457,0.014326,-0.083300,0.111431,0.110548,0.247930,0.678997,0.162803,-0.005436,-0.022969
27.540000,-0.254802,-0.318214,0.913780,0.029343,0.437441,0.060189,-0.165159,-0.311774,1.515698,0.001513,-0.055916,-0.103230,-0.099211,-0.252648,0.408669,-0.204021,-0.074512,0.027135,0.166099,0.301508,1.301714,0.012602,-0.083080,0.114232,0.113795,0.247817,0.678530,0.161847,-0.005824,-0.023757
27.560000,-0.254238,-0.309428,0.914920,0.027011,0.441087,0.053858,-0.165114,-0.312882,1.513596,0.003037,-0.054952,-0.106914,-0.103276,-0.254137,0.409213,-0.202445,-0.074373,0.027212,0.166335,0.299849,1.304025,0.011000,-0.082812,0.116880,0.117021,0.247696,0.678048,0.160676,-0.006274,-0.024388
27.580000,-0.253721,-0.300572,0.915933,0.024798,0.444407,0.047402,-0.165038,-0.313971,1.511421,0.004559,-0.053905,-0.110581,-0.107308,-0.255622,0.409758,-0.200712,-0.074082,0.027275,0.166540,0.298196,1.306388,0.009519,-0.082497,0.119374,0.120221,0.247566,0.677555,0.159289,-0.006786,-0.024862
27.600000,-0.253246,-0.291654,0.916816,0.022703,0.447400,0.040824,-0.164931,-0.315038,1.509173,0.006078,-0.052774,-0.114231,-0.111304,-0.257099,0.410304,-0.198823,-0.073640,0.027325,0.166717,0.296549,1.308799,0.008159,-0.082136,0.121714,0.123391,0.247425,0.677055,0.157687,-0.007359,-0.025179
27.620000,-0.252812,-0.282678,0.917566,0.020735,0.450095,0.034190,-0.164795,-0.316082,1.506852,0.007577,-0.051564,-0.117825,-0.115260,-0.258567,0.410851,-0.196780,-0.073045,0.027366,0.166867,0.294910,1.311256,0.006935,-0.081731,0.123879,0.126527,0.247271,0.676549,0.155883,-0.007989,-0.025333
27.640000,-0.252415,-0.273652,0.918183,0.018904,0.452518,0.027566,-0.164629,-0.317100,1.504461,0.009037,-0.050278,-0.121322,-0.119174,-0.260020,0.411398,-0.194588,-0.072295,0.027401,0.166995,0.293280,1.313753,0.005865,-0.081288,0.125849,0.129625,0.247105,0.676042,0.153886,-0.008669,-0.025317
27.660000,-0.252055,-0.264579,0.918669,0.017209,0.454670,0.020955,-0.164434,-0.318092,1.502000,0.010458,-0.048918,-0.124724,-0.123043,-0.261457,0.411947,-0.192248,-0.071391,0.027431,0.167103,0.291659,1.316288,0.004947,-0.080805,0.127622,0.132681,0.246924,0.675538,0.151699,-0.009398,-0.025134
27.680000,-0.251726,-0.255467,0.919022,0.015650,0.456549,0.014354,-0.164210,-0.319056,1.499472,0.011841,-0.047482,-0.128030,-0.126863,-0.262875,0.412495,-0.189759,-0.070332,0.027456,0.167194,0.290048,1.318857,0.004182,-0.080283,0.129199,0.135691,0.246728,0.675038,0.149320,-0.010177,-0.024782
27.700000,-0.251428,-0.246319,0.919243,0.014227,0.458157,0.007765,-0.163960,-0.319991,1.496880,0.013186,-0.045971,-0.131240,-0.130632,-0.264270,0.413045,-0.187121,-0.069118,0.027476,0.167271,0.288448,1.321455,0.003569,-0.079721,0.130581,0.138652,0.246517,0.674547,0.146751,-0.011007,-0.024261
27.720000,-0.251156,-0.237142,0.919333,0.012948,0.459517,0.001256,-0.163683,-0.320895,1.494224,0.014470,-0.044392,-0.134304,-0.134347,-0.265639,0.413594,-0.184342,-0.067755,0.027493,0.167338,0.286860,1.324079,0.003103,-0.079118,0.131759,0.141560,0.246288,0.674069,0.144025,-0.011870,-0.023581
27.740000,-0.250909,-0.227940,0.919294,0.011821,0.460653,-0.005105,-0.163382,-0.321766,1.491509,0.015671,-0.042752,-0.137174,-0.138005,-0.266979,0.414145,-0.181431,-0.066247,0.027512,0.167396,0.285284,1.326724,0.002775,-0.078472,0.132726,0.144413,0.246042,0.673605,0.141180,-0.012753,-0.022753
27.760000,-0.250682,-0.218717,0.919130,0.010846,0.461565,-0.011317,-0.163057,-0.322604,1.488738,0.016789,-0.041051,-0.139848,-0.141603,-0.268287,0.414695,-0.178388,-0.064594,0.027533,0.167450,0.283721,1.329386,0.002585,-0.077782,0.133483,0.147207,0.245778,0.673160,0.138214,-0.013654,-0.021776
27.780000,-0.250474,-0.209479,0.918842,0.010023,0.462253,-0.017381,-0.162711,-0.323408,1.485916,0.017824,-0.039290,-0.142328,-0.145139,-0.269562,0.415246,-0.175212,-0.062796,0.027555,0.167501,0.282173,1.332062,0.002534,-0.077049,0.134029,0.149940,0.245496,0.672735,0.135128,-0.014574,-0.020651
27.800000,-0.250280,-0.200229,0.918435,0.009352,0.462718,-0.023296,-0.162345,-0.324176,1.483046,0.018776,-0.037467,-0.144612,-0.148611,-0.270798,0.415797,-0.171903,-0.060853,0.027578,0.167552,0.280639,1.334746,0.002622,-0.076273,0.134365,0.152611,0.245195,0.672335,0.131923,-0.015514,-0.019377
27.820000,-0.250099,-0.190972,0.917912,0.008847,0.462973,-0.028999,-0.161960,-0.324906,1.480133,0.019631,-0.035589,-0.146662,-0.152015,-0.271995,0.416349,-0.168475,-0.058777,0.027604,0.167606,0.279122,1.337435,0.002832,-0.075462,0.134500,0.155217,0.244875,0.671961,0.128632,-0.016459,-0.017977
27.840000,-0.249925,-0.181711,0.917277,0.008521,0.463033,-0.034426,-0.161560,-0.325599,1.477182,0.020374,-0.033663,-0.148436,-0.155349,-0.273149,0.416901,-0.164937,-0.056578,0.027636,0.167666,0.277621,1.340125,0.003147,-0.074624,0.134444,0.157756,0.244536,0.671616,0.125293,-0.017397,-0.016475
27.860000,-0.249757,-0.172452,0.916537,0.008374,0.462897,-0.039577,-0.161146,-0.326252,1.474198,0.021005,-0.031687,-0.149934,-0.158612,-0.274257,0.417454,-0.161292,-0.054256,0.027672,0.167733,0.276137,1.342811,0.003568,-0.073759,0.134197,0.160228,0.244179,0.671303,0.121903,-0.018328,-0.014872
27.880000,-0.249589,-0.163197,0.915696,0.008407,0.462567,-0.044452,-0.160721,-0.326866,1.471186,0.021524,-0.029662,-0.151156,-0.161800,-0.275318,0.418008,-0.157538,-0.051812,0.027714,0.167809,0.274671,1.345491,0.004094,-0.072869,0.133760,0.162632,0.243803,0.671022,0.118465,-0.019252,-0.013166
27.900000,-0.249419,-0.153950,0.914761,0.008619,0.462042,-0.049050,-0.160286,-0.327439,1.468153,0.021931,-0.027587,-0.152103,-0.164912,-0.276329,0.418563,-0.153676,-0.049245,0.027760,0.167897,0.273223,1.348161,0.004726,-0.071951,0.133132,0.164966,0.243409,0.670777,0.114978,-0.020169,-0.011357
27.920000,-0.249243,-0.144716,0.913736,0.009014,0.461331,-0.053340,-0.159844,-0.327969,1.465104,0.022225,-0.025470,-0.152761,-0.167946,-0.277287,0.419119,-0.149722,-0.046571,0.027813,0.167999,0.271793,1.350815,0.005445,-0.071018,0.132332,0.167231,0.242997,0.670568,0.111469,-0.021070,-0.009470
27.940000,-0.249057,-0.135498,0.912629,0.009595,0.460443,-0.057288,-0.159398,-0.328457,1.462045,0.022403,-0.023316,-0.153117,-0.170901,-0.278191,0.419676,-0.145692,-0.043809,0.027872,0.168116,0.270382,1.353453,0.006232,-0.070082,0.131378,0.169425,0.242566,0.670398,0.107967,-0.021947,-0.007527
27.960000,-0.248858,-0.126300,0.911447,0.010362,0.459378,-0.060895,-0.158949,-0.328902,1.458981,0.022466,-0.021125,-0.153171,-0.173774,-0.279039,0.420234,-0.141587,-0.040956,0.027938,0.168249,0.268990,1.356070,0.007087,-0.069142,0.130270,0.171550,0.242119,0.670268,0.104473,-0.022798,-0.005528
27.980000,-0.248642,-0.117124,0.910196,0.011316,0.458137,-0.064159,-0.158500,-0.329302,1.455920,0.022415,-0.018897,-0.152923,-0.176564,-0.279829,0.420793,-0.137407,-0.038015,0.028010,0.168400,0.267616,1.358663,0.008010,-0.068197,0.129009,0.173604,0.241655,0.670177,0.100986,-0.023624,-0.003473
28.000000,-0.248404,-0.107975,0.908883,0.012456,0.456718,-0.067082,-0.158053,-0.329657,1.452866,0.022247,-0.016632,-0.152373,-0.179269,-0.280559,0.421354,-0.133151,-0.034984,0.028089,0.168570,0.266262,1.361229,0.009001,-0.067249,0.127595,0.175589,0.241174,0.670129,0.097506,-0.024425,-0.001362
28.020000,-0.248142,-0.098857,0.907515,0.013769,0.455132,-0.069665,-0.157611,-0.329967,1.449827,0.021966,-0.014336,-0.151526,-0.181889,-0.281228,0.421917,-0.128841,-0.031885,0.028175,0.168760,0.264926,1.363765,0.010042,-0.066308,0.126047,0.177505,0.240678,0.670123,0.094056,-0.025196,0.000782
28.040000,-0.247852,-0.089771,0.906098,0.015240,0.453387,-0.071909,-0.157175,-0.330230,1.446807,0.021571,-0.012013,-0.150386,-0.184423,-0.281834,0.422481,-0.124500,-0.028742,0.028267,0.168971,0.263609,1.366270,0.011117,-0.065383,0.124385,0.179352,0.240167,0.670160,0.090659,-0.025929,0.002934
28.060000,-0.247532,-0.080722,0.904641,0.016870,0.451483,-0.073813,-0.156749,-0.330447,1.443813,0.021063,-0.009663,-0.148954,-0.186869,-0.282377,0.423047,-0.120127,-0.025554,0.028367,0.169205,0.262311,1.368740,0.012226,-0.064474,0.122610,0.181131,0.239641,0.670241,0.087316,-0.026625,0.005096
28.080000,-0.247176,-0.071713,0.903148,0.018659,0.449420,-0.075379,-0.156334,-0.330617,1.440851,0.020441,-0.007286,-0.147229,-0.189228,-0.282856,0.423616,-0.115723,-0.022321,0.028474,0.169461,0.261030,1.371174,0.013367,-0.063582,0.120722,0.182845,0.239102,0.670364,0.084026,-0.027285,0.007267
28.100000,-0.246784,-0.062746,0.901628,0.020606,0.447198,-0.076606,-0.155932,-0.330739,1.437926,0.019705,-0.004882,-0.145212,-0.191498,-0.283270,0.424186,-0.111288,-0.019044,0.028587,0.169740,0.259767,1.373568,0.014542,-0.062707,0.118720,0.184493,0.238550,0.670531,0.080789,-0.027907,0.009446
28.120000,-0.246351,-0.053826,0.900086,0.022682,0.444829,-0.077521,-0.155546,-0.330812,1.435044,0.018859,-0.002456,-0.142929,-0.193679,-0.283617,0.424759,-0.106850,-0.015750,0.028707,0.170043,0.258522,1.375922,0.015739,-0.061856,0.116620,0.186077,0.237986,0.670742,0.077621,-0.028492,0.011612
28.140000,-0.245876,-0.044954,0.898529,0.024858,0.442322,-0.078150,-0.155178,-0.330837,1.432211,0.017906,-0.000010,-0.140408,-0.195772,-0.283900,0.425335,-0.102442,-0.012472,0.028833,0.170369,0.257293,1.378232,0.016947,-0.061038,0.114436,0.187598,0.237410,0.670996,0.074537,-0.029038,0.013739
28.160000,-0.245356,-0.036134,0.896962,0.027133,0.439679,-0.078495,-0.154831,-0.330812,1.429430,0.016846,0.002456,-0.137650,-0.197777,-0.284116,0.425913,-0.098061,-0.009207,0.028964,0.170721,0.256080,1.380499,0.018165,-0.060252,0.112168,0.189059,0.236825,0.671291,0.071538,-0.029545,0.015828
28.180000,-0.244790,-0.027368,0.895391,0.029507,0.436900,-0.078555,-0.154505,-0.330738,1.426706,0.015678,0.004940,-0.134654,-0.199695,-0.284268,0.426493,-0.093709,-0.005956,0.029102,0.171096,0.254883,1.382719,0.019395,-0.059499,0.109817,0.190460,0.236229,0.671628,0.068622,-0.030014,0.017879
28.200000,-0.244175,-0.018659,0.893822,0.031981,0.433983,-0.078330,-0.154204,-0.330614,1.424045,0.014404,0.007445,-0.131419,-0.201526,-0.284355,0.427077,-0.089386,-0.002720,0.029246,0.171496,0.253700,1.384891,0.020635,-0.058779,0.107382,0.191804,0.235624,0.672006,0.065790,-0.030445,0.019893
28.220000,-0.243510,-0.010009,0.892259,0.034528,0.430933,-0.077849,-0.153930,-0.330440,1.421451,0.013027,0.009963,-0.127982,-0.203271,-0.284377,0.427663,-0.085114,0.000480,0.029392,0.171921,0.252531,1.387013,0.021875,-0.058099,0.104876,0.193092,0.235011,0.672424,0.063050,-0.030839,0.021851
28.240000,-0.242794,-0.001422,0.890709,0.037124,0.427751,-0.077141,-0.153684,-0.330216,1.418927,0.011553,0.012488,-0.124377,-0.204931,-0.284336,0.428253,-0.080919,0.003622,0.029538,0.172371,0.251376,1.389085,0.023103,-0.057470,0.102315,0.194327,0.234391,0.672880,0.060409,-0.031199,0.023737
28.260000,-0.242025,0.007100,0.889175,0.039769,0.424438,-0.076205,-0.153468,-0.329941,1.416477,0.009983,0.015022,-0.120603,-0.206508,-0.284233,0.428845,-0.076799,0.006705,0.029684,0.172846,0.250232,1.391106,0.024321,-0.056891,0.099697,0.195509,0.233764,0.673373,0.057867,-0.031524,0.025551
28.280000,-0.241203,0.015554,0.887662,0.042461,0.420995,-0.075043,-0.153285,-0.329615,1.414104,0.008315,0.017564,-0.116662,-0.208003,-0.284068,0.429440,-0.072756,0.009729,0.029830,0.173344,0.249100,1.393073,0.025528,-0.056362,0.097022,0.196642,0.233130,0.673901,0.055423,-0.031814,0.027292
28.300000,-0.240326,0.023939,0.886175,0.045203,0.417420,-0.073653,-0.153136,-0.329238,1.411812,0.006551,0.020113,-0.112552,-0.209419,-0.283844,0.430038,-0.068788,0.012695,0.029975,0.173867,0.247977,1.394986,0.026723,-0.055882,0.094292,0.197727,0.232491,0.674464,0.053079,-0.032070,0.028962
28.320000,-0.239395,0.032250,0.884718,0.047967,0.413720,-0.072069,-0.153024,-0.328810,1.409603,0.004702,0.022659,-0.108311,-0.210755,-0.283561,0.430639,-0.064914,0.015586,0.030116,0.174413,0.246864,1.396844,0.027900,-0.055462,0.091514,0.198766,0.231848,0.675059,0.050833,-0.032298,0.030546
28.340000,-0.238408,0.040487,0.883293,0.050729,0.409900,-0.070322,-0.152949,-0.328332,1.407480,0.002783,0.025191,-0.103976,-0.212016,-0.283221,0.431243,-0.061151,0.018386,0.030249,0.174982,0.245758,1.398646,0.029048,-0.055108,0.088697,0.199761,0.231199,0.675685,0.048687,-0.032502,0.032033
28.360000,-0.237366,0.048645,0.881906,0.053490,0.405961,-0.068413,-0.152913,-0.327803,1.405444,0.000794,0.027708,-0.099546,-0.213202,-0.282826,0.431849,-0.057499,0.021095,0.030373,0.175575,0.244659,1.400392,0.030170,-0.054821,0.085843,0.200714,0.230548,0.676340,0.046641,-0.032683,0.033423
28.380000,-0.236268,0.056724,0.880558,0.056249,0.401903,-0.066341,-0.152917,-0.327224,1.403498,-0.001267,0.030211,-0.095022,-0.214317,-0.282378,0.432457,-0.053959,0.023713,0.030489,0.176189,0.243565,1.402080,0.031264,-0.054602,0.082950,0.201627,0.229892,0.677021,0.044694,-0.032841,0.034715
28.400000,-0.235116,0.064721,0.879253,0.059005,0.397725,-0.064108,-0.152964,-0.326595,1.401644,-0.003398,0.032700,-0.090403,-0.215361,-0.281878,0.433068,-0.050529,0.026239,0.030597,0.176825,0.242475,1.403710,0.032330,-0.054449,0.080019,0.202503,0.229234,0.677728,0.042847,-0.032976,0.035910
28.420000,-0.233908,0.072633,0.877995,0.061742,0.393435,-0.061746,-0.153054,-0.325916,1.399883,-0.005587,0.035161,-0.085729,-0.216339,-0.281329,0.433681,-0.047221,0.028668,0.030691,0.177482,0.241387,1.405281,0.033365,-0.054367,0.077057,0.203342,0.228573,0.678457,0.041098,-0.033094,0.036997
28.440000,-0.232646,0.080457,0.876784,0.064442,0.389042,-0.059291,-0.153188,-0.325188,1.398215,-0.007820,0.037584,-0.081036,-0.217251,-0.280732,0.434296,-0.044043,0.030991,0.030763,0.178159,0.240300,1.406792,0.034367,-0.054358,0.074070,0.204147,0.227910,0.679207,0.039444,-0.033203,0.037968
28.460000,-0.231331,0.088194,0.875624,0.067104,0.384546,-0.056742,-0.153367,-0.324413,1.396641,-0.010097,0.039968,-0.076327,-0.218101,-0.280090,0.434912,-0.040997,0.033209,0.030815,0.178856,0.239212,1.408243,0.035335,-0.054422,0.071059,0.204920,0.227245,0.679975,0.037885,-0.033302,0.038822
28.480000,-0.229962,0.095839,0.874515,0.069728,0.379946,-0.054100,-0.153592,-0.323590,1.395162,-0.012419,0.042313,-0.071599,-0.218892,-0.279404,0.435528,-0.038081,0.035321,0.030847,0.179573,0.238122,1.409634,0.036269,-0.054560,0.068024,0.205663,0.226578,0.680759,0.036423,-0.033393,0.039560
28.500000,-0.228542,0.103391,0.873460,0.072314,0.375242,-0.051365,-0.153864,-0.322721,1.393778,-0.014785,0.044619,-0.066855,-0.219625,-0.278678,0.436145,-0.035296,0.037327,0.030858,0.180307,0.237029,1.410964,0.037169,-0.054771,0.064963,0.206378,0.225910,0.681557,0.035055,-0.033473,0.040181
28.520000,-0.227070,0.110848,0.872461,0.074851,0.370448,-0.048564,-0.154183,-0.321805,1.392488,-0.017187,0.046878,-0.062130,-0.220304,-0.277912,0.436762,-0.032644,0.039228,0.030840,0.181059,0.235931,1.412232,0.038036,-0.055054,0.061883,0.207066,0.225239,0.682365,0.033780,-0.033553,0.040677
28.540000,-0.225548,0.118208,0.871518,0.077326,0.365573,-0.045727,-0.154551,-0.320846,1.391292,-0.019615,0.049082,-0.057462,-0.220932,-0.277109,0.437379,-0.030127,0.041024,0.030787,0.181828,0.234826,1.413439,0.038872,-0.055409,0.058788,0.207730,0.224568,0.683183,0.032593,-0.033641,0.041041
28.560000,-0.223977,0.125470,0.870632,0.079739,0.360619,-0.042854,-0.154968,-0.319843,1.390189,-0.022070,0.051231,-0.052853,-0.221510,-0.276272,0.437994,-0.027744,0.042714,0.030698,0.182614,0.233714,1.414584,0.039675,-0.055834,0.055678,0.208370,0.223894,0.684006,0.031493,-0.033737,0.041272
28.580000,-0.222359,0.132632,0.869804,0.082089,0.355586,-0.039944,-0.155434,-0.318797,1.389177,-0.024550,0.053324,-0.048300,-0.222043,-0.275402,0.438606,-0.025495,0.044299,0.030574,0.183415,0.232593,1.415666,0.040446,-0.056330,0.052552,0.208990,0.223218,0.684833,0.030482,-0.033842,0.041371
28.600000,-0.220694,0.139693,0.869034,0.084378,0.350473,-0.036997,-0.155950,-0.317710,1.388256,-0.027057,0.055363,-0.043805,-0.222531,-0.274501,0.439216,-0.023381,0.045779,0.030413,0.184231,0.231460,1.416686,0.041185,-0.056896,0.049412,0.209590,0.222540,0.685660,0.029558,-0.033954,0.041337
28.620000,-0.218984,0.146651,0.868324,0.086604,0.345293,-0.034037,-0.156517,-0.316583,1.387425,-0.029587,0.057341,-0.039391,-0.222979,-0.273571,0.439823,-0.021397,0.047160,0.030208,0.185062,0.230316,1.417643,0.041896,-0.057529,0.046262,0.210173,0.221860,0.686485,0.028720,-0.034085,0.041164
28.640000,-0.217231,0.153504,0.867673,0.088767,0.340059,-0.031086,-0.157134,-0.315417,1.386680,-0.032134,0.059253,-0.035082,-0.223388,-0.272615,0.440424,-0.019539,0.048449,0.029947,0.185907,0.229159,1.418536,0.042581,-0.058222,0.043109,0.210739,0.221176,0.687306,0.027963,-0.034244,0.040846
28.660000,-0.215434,0.160253,0.867081,0.090868,0.334771,-0.028144,-0.157802,-0.314213,1.386021,-0.034699,0.061100,-0.030877,-0.223761,-0.271634,0.441020,-0.017807,0.049646,0.029633,0.186765,0.227987,1.419367,0.043240,-0.058975,0.039954,0.211292,0.220490,0.688118,0.027289,-0.034431,0.040383
28.680000,-0.213596,0.166895,0.866547,0.092906,0.329428,-0.025211,-0.158522,-0.312973,1.385444,-0.037283,0.062882,-0.026776,-0.224101,-0.270630,0.441609,-0.016200,0.050751,0.029263,0.187636,0.226800,1.420134,0.043874,-0.059789,0.036795,0.211832,0.219799,0.688920,0.026698,-0.034647,0.039775
28.700000,-0.211718,0.173430,0.866072,0.094880,0.324031,-0.022286,-0.159294,-0.311698,1.384949,-0.039884,0.064599,-0.022780,-0.224410,-0.269604,0.442190,-0.014719,0.051764,0.028839,0.188520,0.225595,1.420839,0.044482,-0.060664,0.033634,0.212360,0.219104,0.689708,0.026188,-0.034891,0.039023
28.720000,-0.209801,0.179856,0.865655,0.096796,0.318593,-0.019385,-0.160118,-0.310390,1.384532,-0.042502,0.066248,-0.018899,-0.224690,-0.268560,0.442762,-0.013352,0.052694,0.028353,0.189416,0.224373,1.421480,0.045070,-0.061591,0.030477,0.212880,0.218403,0.690480,0.025757,-0.035172,0.038129
28.740000,-0.207847,0.186173,0.865296,0.098656,0.313128,-0.016521,-0.160994,-0.309049,1.384192,-0.045139,0.067829,-0.015144,-0.224945,-0.267497,0.443324,-0.012089,0.053549,0.027796,0.190323,0.223131,1.422058,0.045642,-0.062563,0.027331,0.213391,0.217696,0.691233,0.025400,-0.035499,0.037096
28.760000,-0.205856,0.192381,0.864994,0.100460,0.307636,-0.013694,-0.161923,-0.307677,1.383926,-0.047792,0.069340,-0.011515,-0.225175,-0.266418,0.443874,-0.010929,0.054330,0.027169,0.191241,0.221870,1.422573,0.046199,-0.063578,0.024195,0.213896,0.216983,0.691963,0.025117,-0.035873,0.035924
28.780000,-0.203829,0.198478,0.864748,0.102208,0.302116,-0.010903,-0.162906,-0.306276,1.383731,-0.050463,0.070783,-0.008011,-0.225383,-0.265324,0.444410,-0.009871,0.055036,0.026471,0.192171,0.220588,1.423026,0.046740,-0.064638,0.021071,0.214396,0.216261,0.692669,0.024909,-0.036294,0.034614
28.800000,-0.201768,0.204465,0.864558,0.103901,0.296569,-0.008150,-0.163942,-0.304846,1.383605,-0.053151,0.072157,-0.004634,-0.225570,-0.264217,0.444932,-0.008917,0.055668,0.025703,0.193111,0.219284,1.423416,0.047265,-0.065743,0.017958,0.214893,0.215531,0.693347,0.024774,-0.036760,0.033166
28.820000,-0.199673,0.210341,0.864422,0.105544,0.291006,-0.005437,-0.165032,-0.303390,1.383545,-0.055859,0.073465,-0.001381,-0.225740,-0.263098,0.445438,-0.008052,0.056233,0.024859,0.194061,0.217958,1.423744,0.047782,-0.066880,0.014867,0.215388,0.214790,0.693994,0.024712,-0.037279,0.031593
28.840000,-0.197546,0.216105,0.864340,0.107145,0.285435,-0.002770,-0.166176,-0.301908,1.383548,-0.058588,0.074707,0.001750,-0.225893,-0.261968,0.445926,-0.007259,0.056740,0.023933,0.195022,0.216609,1.424011,0.048295,-0.068038,0.011810,0.215882,0.214039,0.694610,0.024718,-0.037854,0.029910
28.860000,-0.195388,0.221758,0.864311,0.108704,0.279858,-0.000148,-0.167376,-0.300402,1.383614,-0.061339,0.075884,0.004757,-0.226031,-0.260829,0.446395,-0.006541,0.057190,0.022925,0.195993,0.215236,1.424217,0.048805,-0.069217,0.008788,0.216377,0.213276,0.695190,0.024793,-0.038486,0.028118
28.880000,-0.193198,0.227300,0.864334,0.110220,0.274273,0.002428,-0.168630,-0.298873,1.383738,-0.064113,0.076997,0.007642,-0.226155,-0.259681,0.446842,-0.005895,0.057581,0.021835,0.196974,0.213840,1.424363,0.049312,-0.070416,0.005799,0.216874,0.212499,0.695734,0.024937,-0.039175,0.026216
28.900000,-0.190979,0.232729,0.864408,0.111694,0.268682,0.004959,-0.169940,-0.297322,1.383919,-0.066908,0.078044,0.010404,-0.226267,-0.258526,0.447267,-0.005323,0.057914,0.020663,0.197965,0.212419,1.424449,0.049816,-0.071637,0.002845,0.217375,0.211709,0.696238,0.025150,-0.039921,0.024204
28.920000,-0.188731,0.238047,0.864532,0.113133,0.263090,0.007449,-0.171307,-0.295752,1.384153,-0.069726,0.079030,0.013055,-0.226368,-0.257365,0.447668,-0.004807,0.058186,0.019414,0.198967,0.210974,1.424477,0.050319,-0.072872,-0.000069,0.217881,0.210902,0.696701,0.025430,-0.040725,0.022108
28.940000,-0.186454,0.243253,0.864706,0.114542,0.257502,0.009902,-0.172729,-0.294162,1.384440,-0.072569,0.079957,0.015607,-0.226459,-0.256199,0.448044,-0.004327,0.058393,0.018094,0.199978,0.209504,1.424447,0.050824,-0.074114,-0.002937,0.218392,0.210079,0.697122,0.025776,-0.041590,0.019952
28.960000,-0.184149,0.248347,0.864928,0.115921,0.251917,0.012317,-0.174209,-0.292554,1.384777,-0.075438,0.080826,0.018061,-0.226542,-0.255030,0.448392,-0.003884,0.058535,0.016704,0.201000,0.208010,1.424360,0.051330,-0.075362,-0.005760,0.218912,0.209238,0.697499,0.026188,-0.042515,0.017736
28.980000,-0.181817,0.253330,0.865198,0.117271,0.246336,0.014696,-0.175747,-0.290929,1.385162,-0.078331,0.081637,0.020416,-0.226615,-0.253858,0.448711,-0.003477,0.058612,0.015242,0.202031,0.206490,1.424217,0.051838,-0.076618,-0.008536,0.219440,0.208378,0.697831,0.026664,-0.043500,0.015461
29.000000,-0.179459,0.258201,0.865515,0.118591,0.240759,0.017037,-0.177343,-0.289289,1.385593,-0.081250,0.082390,0.022673,-0.226681,-0.252686,0.449001,-0.003107,0.058625,0.013709,0.203073,0.204945,1.424018,0.052347,-0.077880,-0.011268,0.219979,0.207498,0.698117,0.027207,-0.044546,0.013127
29.020000,-0.177074,0.262960,0.865879,0.119889,0.235195,0.019349,-0.178997,-0.287634,1.386068,-0.084189,0.083091,0.024835,-0.226740,-0.251514,0.449259,-0.002758,0.058564,0.012116,0.204125,0.203375,1.423766,0.052857,-0.079145,-0.013951,0.220529,0.206596,0.698356,0.027808,-0.045646,0.010755
29.040000,-0.174663,0.267608,0.866289,0.121172,0.229654,0.021636,-0.180711,-0.285965,1.386586,-0.087147,0.083746,0.026907,-0.226791,-0.250344,0.449485,-0.002413,0.058421,0.010475,0.205187,0.201779,1.423461,0.053366,-0.080410,-0.016584,0.221092,0.205672,0.698547,0.028462,-0.046793,0.008366
29.060000,-0.172227,0.272146,0.866745,0.122441,0.224135,0.023900,-0.182483,-0.284284,1.387144,-0.090122,0.084357,0.028889,-0.226836,-0.249177,0.449678,-0.002072,0.058196,0.008786,0.206260,0.200158,1.423103,0.053874,-0.081673,-0.019167,0.221668,0.204724,0.698690,0.029167,-0.047987,0.005960
29.080000,-0.169766,0.276574,0.867245,0.123694,0.218638,0.026139,-0.184316,-0.282591,1.387741,-0.093114,0.084922,0.030781,-0.226874,-0.248016,0.449836,-0.001736,0.057889,0.007048,0.207342,0.198512,1.422694,0.054382,-0.082935,-0.021701,0.222259,0.203752,0.698785,0.029924,-0.049228,0.003538
29.100000,-0.167279,0.280892,0.867790,0.124933,0.213165,0.028355,-0.186208,-0.280888,1.388375,-0.096124,0.085442,0.032584,-0.226906,-0.246862,0.449959,-0.001404,0.057500,0.005263,0.208435,0.196841,1.422235,0.054889,-0.084195,-0.024184,0.222865,0.202755,0.698832,0.030733,-0.050517,0.001099
29.120000,-0.164768,0.285101,0.868379,0.126156,0.207714,0.030546,-0.188161,-0.279174,1.389044,-0.099143,0.085923,0.034310,-0.226930,-0.245717,0.450047,-0.001065,0.057017,0.003449,0.209538,0.195144,1.421727,0.055391,-0.085452,-0.026615,0.223488,0.201731,0.698829,0.031581,-0.051837,-0.001336
29.140000,-0.162233,0.289201,0.869012,0.127362,0.202289,0.032711,-0.190174,-0.277451,1.389746,-0.102159,0.086372,0.035974,-0.226948,-0.244582,0.450097,-0.000708,0.056427,0.001627,0.210651,0.193423,1.421171,0.055882,-0.086702,-0.028991,0.224129,0.200681,0.698778,0.032456,-0.053171,-0.003749
29.160000,-0.159674,0.293192,0.869687,0.128552,0.196888,0.034848,-0.192247,-0.275719,1.390482,-0.105174,0.086787,0.037576,-0.226958,-0.243460,0.450112,-0.000334,0.055732,-0.000202,0.211773,0.191676,1.420568,0.056362,-0.087944,-0.031313,0.224787,0.199604,0.698680,0.033358,-0.054521,-0.006137
29.180000,-0.157091,0.297076,0.870405,0.129725,0.191511,0.036959,-0.194381,-0.273980,1.391249,-0.108188,0.087170,0.039116,-0.226961,-0.242354,0.450089,0.000058,0.054932,-0.002039,0.212905,0.189905,1.419919,0.056832,-0.089180,-0.033579,0.225463,0.198500,0.698533,0.034287,-0.055886,-0.008503
29.200000,-0.154485,0.300853,0.871166,0.130882,0.186160,0.039044,-0.196574,-0.272233,1.392046,-0.111200,0.087520,0.040594,-0.226956,-0.241264,0.450030,0.000468,0.054025,-0.003883,0.214046,0.188109,1.419225,0.057291,-0.090409,-0.035792,0.226158,0.197369,0.698340,0.035242,-0.057265,-0.010845
29.220000,-0.151856,0.304523,0.871967,0.132012,0.180825,0.041089,-0.198828,-0.270479,1.392873,-0.114191,0.087845,0.042017,-0.226942,-0.240193,0.449934,0.000900,0.053008,-0.005716,0.215197,0.186289,1.418488,0.057737,-0.091628,-0.037948,0.226873,0.196209,0.698100,0.036210,-0.058652,-0.013144
29.240000,-0.149205,0.308086,0.872809,0.133105,0.175499,0.043083,-0.201142,-0.268719,1.393727,-0.117143,0.088153,0.043395,-0.226920,-0.239144,0.449802,0.001357,0.051876,-0.007515,0.216356,0.184444,1.417708,0.058166,-0.092838,-0.040049,0.227607,0.195022,0.697814,0.037177,-0.060040,-0.015381
29.260000,-0.146532,0.311543,0.873690,0.134161,0.170182,0.045026,-0.203514,-0.266953,1.394608,-0.120054,0.088445,0.044726,-0.226888,-0.238119,0.449634,0.001840,0.050629,-0.009282,0.217523,0.182575,1.416886,0.058578,-0.094037,-0.042093,0.228360,0.193808,0.697485,0.038143,-0.061427,-0.017556
29.280000,-0.143839,0.314893,0.874609,0.135180,0.164873,0.046916,-0.205944,-0.265181,1.395515,-0.122927,0.088720,0.046011,-0.226846,-0.237120,0.449431,0.002349,0.049267,-0.011016,0.218699,0.180683,1.416024,0.058974,-0.095226,-0.044081,0.229132,0.192565,0.697112,0.039107,-0.062814,-0.019668
29.300000,-0.141125,0.318138,0.875566,0.136162,0.159574,0.048756,-0.208431,-0.263404,1.396448,-0.125759,0.088978,0.047250,-0.226794,-0.236149,0.449193,0.002884,0.047790,-0.012718,0.219882,0.178766,1.415123,0.059353,-0.096404,-0.046012,0.229924,0.191295,0.696698,0.040071,-0.064201,-0.021719
29.320000,-0.138393,0.321276,0.876559,0.137098,0.154269,0.050525,-0.210974,-0.261622,1.397405,-0.128522,0.089228,0.048443,-0.226730,-0.235209,0.448922,0.003446,0.046202,-0.014368,0.221073,0.176827,1.414184,0.059717,-0.097574,-0.047890,0.230735,0.189997,0.696244,0.041025,-0.065585,-0.023687
29.340000,-0.135642,0.324309,0.877587,0.137980,0.148944,0.052206,-0.213571,-0.259835,1.398386,-0.131184,0.089482,0.049591,-0.226656,-0.234302,0.448619,0.004036,0.044506,-0.015948,0.222271,0.174863,1.413208,0.060069,-0.098737,-0.049714,0.231565,0.188672,0.695752,0.041962,-0.066964,-0.025554
29.360000,-0.132874,0.327234,0.878647,0.138807,0.143599,0.053799,-0.216220,-0.258043,1.399388,-0.133748,0.089738,0.050693,-0.226569,-0.233430,0.448285,0.004655,0.042702,-0.017459,0.223475,0.172877,1.412196,0.060409,-0.099892,-0.051487,0.232414,0.187319,0.695223,0.042882,-0.068336,-0.027320
29.380000,-0.130090,0.330052,0.879738,0.139580,0.138235,0.055303,-0.218920,-0.256246,1.400413,-0.136211,0.089997,0.051750,-0.226469,-0.232594,0.447921,0.005302,0.040791,-0.018900,0.224687,0.170868,1.411149,0.060736,-0.101040,-0.053206,0.233280,0.185938,0.694660,0.043784,-0.069704,-0.028984
29.400000,-0.127291,0.332763,0.880858,0.140299,0.132850,0.056720,-0.221668,-0.254443,1.401458,-0.138575,0.090258,0.052761,-0.226357,-0.231799,0.447529,0.005979,0.038772,-0.020271,0.225905,0.168836,1.410068,0.061050,-0.102180,-0.054874,0.234165,0.184531,0.694064,0.044668,-0.071065,-0.030547
29.420000,-0.124478,0.335366,0.882006,0.140947,0.127424,0.058033,-0.224462,-0.252635,1.402523,-0.140815,0.090526,0.053723,-0.226230,-0.231044,0.447111,0.006677,0.036668,-0.021558,0.227129,0.166781,1.408954,0.061355,-0.103315,-0.056491,0.235067,0.183096,0.693438,0.045532,-0.072420,-0.031988
29.440000,-0.121654,0.337860,0.883179,0.141510,0.121934,0.059230,-0.227300,-0.250822,1.403607,-0.142911,0.090805,0.054632,-0.226089,-0.230332,0.446668,0.007390,0.034503,-0.022750,0.228359,0.164703,1.407809,0.061654,-0.104443,-0.058061,0.235986,0.181634,0.692785,0.046369,-0.073765,-0.033290
29.460000,-0.118818,0.340243,0.884375,0.141989,0.116379,0.060309,-0.230178,-0.249003,1.404708,-0.144860,0.091096,0.055487,-0.225934,-0.229664,0.446201,0.008118,0.032277,-0.023846,0.229595,0.162603,1.406632,0.061945,-0.105567,-0.059583,0.236922,0.180145,0.692108,0.047182,-0.075102,-0.034450
29.480000,-0.115975,0.342515,0.885591,0.142381,0.110761,0.061270,-0.233093,-0.247178,1.405826,-0.146664,0.091399,0.056290,-0.225765,-0.229042,0.445714,0.008862,0.029989,-0.024845,0.230837,0.160480,1.405426,0.062230,-0.106685,-0.061057,0.237873,0.178630,0.691408,0.047969,-0.076431,-0.035470
29.500000,-0.113124,0.344673,0.886825,0.142689,0.105078,0.062115,-0.236043,-0.245347,1.406959,-0.148322,0.091712,0.057040,-0.225580,-0.228465,0.445208,0.009620,0.027640,-0.025748,0.232084,0.158336,1.404190,0.062508,-0.107798,-0.062484,0.238840,0.177088,0.690690,0.048731,-0.077750,-0.036349
29.520000,-0.110268,0.346717,0.888074,0.142877,0.099308,0.062847,-0.239025,-0.243509,1.408107,-0.149815,0.092040,0.057740,-0.225380,-0.227936,0.444685,0.010377,0.025278,-0.026551,0.233337,0.156169,1.402927,0.062777,-0.108901,-0.063856,0.239822,0.175520,0.689955,0.049459,-0.079062,-0.037077
29.540000,-0.107410,0.348645,0.889338,0.142913,0.093428,0.063473,-0.242035,-0.241665,1.409269,-0.151125,0.092385,0.058394,-0.225165,-0.227454,0.444147,0.011116,0.022952,-0.027250,0.234595,0.153980,1.401636,0.063033,-0.109992,-0.065169,0.240818,0.173926,0.689208,0.050148,-0.080365,-0.037642
29.560000,-0.104552,0.350453,0.890613,0.142797,0.087436,0.063992,-0.245069,-0.239814,1.410443,-0.152250,0.092747,0.059003,-0.224935,-0.227018,0.443596,0.011837,0.020662,-0.027845,0.235858,0.151769,1.400320,0.063277,-0.111071,-0.066422,0.241828,0.172305,0.688451,0.050796,-0.081660,-0.038045
29.580000,-0.101699,0.352141,0.891897,0.142528,0.081334,0.064404,-0.248123,-0.237955,1.411628,-0.153191,0.093126,0.059566,-0.224691,-0.226627,0.443034,0.012540,0.018407,-0.028335,0.237126,0.149537,1.398980,0.063508,-0.112137,-0.067616,0.242850,0.170659,0.687687,0.051403,-0.082947,-0.038285
29.600000,-0.098852,0.353706,0.893188,0.142107,0.075122,0.064710,-0.251195,-0.236089,1.412825,-0.153948,0.093522,0.060084,-0.224434,-0.226281,0.442463,0.013224,0.016187,-0.028721,0.238399,0.147284,1.397616,0.063727,-0.113191,-0.068749,0.243884,0.168988,0.686920,0.051971,-0.084226,-0.038362
29.620000,-0.096016,0.355145,0.894485,0.141494,0.068782,0.064933,-0.254280,-0.234214,1.414031,-0.154523,0.093945,0.060554,-0.224163,-0.225979,0.441886,0.013867,0.014069,-0.029007,0.239675,0.145009,1.396230,0.063932,-0.114228,-0.069818,0.244928,0.167290,0.686154,0.052496,-0.085496,-0.038281
29.640000,-0.093194,0.356456,0.895785,0.140650,0.062300,0.065098,-0.257375,-0.232331,1.415247,-0.154921,0.094407,0.060976,-0.223880,-0.225717,0.441303,0.014445,0.012118,-0.029197,0.240956,0.142715,1.394824,0.064122,-0.115246,-0.070818,0.245983,0.165568,0.685390,0.052978,-0.086759,-0.038044
29.660000,-0.090391,0.357636,0.897088,0.139574,0.055675,0.065204,-0.260476,-0.230438,1.416470,-0.155140,0.094907,0.061348,-0.223585,-0.225493,0.440718,0.014959,0.010334,-0.029292,0.242240,0.140400,1.393398,0.064297,-0.116244,-0.071749,0.247047,0.163820,0.684633,0.053418,-0.088014,-0.037652
29.680000,-0.087613,0.358682,0.898393,0.138268,0.048906,0.065253,-0.263579,-0.228534,1.417700,-0.155182,0.095446,0.061672,-0.223282,-0.225303,0.440132,0.015408,0.008717,-0.029291,0.243527,0.138065,1.391954,0.064456,-0.117223,-0.072610,0.248120,0.162047,0.683885,0.053814,-0.089261,-0.037104
29.700000,-0.084862,0.359592,0.899698,0.136730,0.041995,0.065243,-0.266682,-0.226620,1.418937,-0.155045,0.096023,0.061946,-0.222970,-0.225143,0.439547,0.015792,0.007267,-0.029195,0.244818,0.135711,1.390494,0.064600,-0.118182,-0.073403,0.249199,0.160250,0.683150,0.054166,-0.090500,-0.036402
29.720000,-0.082145,0.360361,0.901002,0.134921,0.034939,0.065201,-0.269780,-0.224693,1.420178,-0.154737,0.096650,0.062184,-0.222651,-0.225011,0.438965,0.016085,0.006048,-0.029014,0.246111,0.133338,1.389019,0.064740,-0.119126,-0.074123,0.250286,0.158427,0.682430,0.054485,-0.091731,-0.035560
29.740000,-0.079467,0.360988,0.902306,0.132799,0.027737,0.065152,-0.272870,-0.222753,1.421424,-0.154266,0.097337,0.062396,-0.222327,-0.224900,0.438387,0.016260,0.005125,-0.028762,0.247408,0.130946,1.387530,0.064886,-0.120061,-0.074764,0.251379,0.156581,0.681728,0.054777,-0.092955,-0.034596
29.760000,-0.076835,0.361470,0.903608,0.130366,0.020389,0.065097,-0.275950,-0.220799,1.422674,-0.153632,0.098085,0.062582,-0.222001,-0.224804,0.437815,0.016319,0.004498,-0.028437,0.248707,0.128535,1.386029,0.065039,-0.120987,-0.075327,0.252477,0.154709,0.681047,0.055043,-0.094170,-0.033509
29.780000,-0.074255,0.361803,0.904910,0.127620,0.012895,0.065036,-0.279014,-0.218829,1.423927,-0.152834,0.098893,0.062742,-0.221675,-0.224718,0.437250,0.016259,0.004167,-0.028041,0.250009,0.126107,1.384517,0.065198,-0.121903,-0.075811,0.253580,0.152814,0.680389,0.055284,-0.095377,-0.032299
29.800000,-0.071733,0.361985,0.906210,0.124562,0.005255,0.064969,-0.282062,-0.216843,1.425183,-0.151873,0.099762,0.062878,-0.221351,-0.224635,0.436694,0.016083,0.004131,-0.027572,0.251315,0.123659,1.382997,0.065364,-0.122809,-0.076218,0.254688,0.150894,0.679756,0.055499,-0.096577,-0.030966
29.820000,-0.069275,0.362012,0.907508,0.121160,-0.002522,0.064912,-0.285088,-0.214838,1.426442,-0.150767,0.100701,0.063000,-0.221033,-0.224550,0.436148,0.015765,0.004432,-0.027050,0.252624,0.121194,1.381469,0.065541,-0.123700,-0.076552,0.255800,0.148951,0.679151,0.055691,-0.097768,-0.029530
29.840000,-0.066889,0.361883,0.908806,0.117383,-0.010428,0.064879,-0.288092,-0.212814,1.427703,-0.149532,0.101720,0.063122,-0.220722,-0.224455,0.435612,0.015284,0.005112,-0.026492,0.253937,0.118712,1.379935,0.065734,-0.124568,-0.076821,0.256916,0.146984,0.678575,0.055864,-0.098949,-0.028011
29.860000,-0.064582,0.361594,0.910104,0.113229,-0.018461,0.064872,-0.291069,-0.210769,1.428967,-0.148170,0.102820,0.063243,-0.220422,-0.224343,0.435088,0.014639,0.006169,-0.025900,0.255253,0.116212,1.378397,0.065942,-0.125413,-0.077023,0.258034,0.144993,0.678031,0.056017,-0.100121,-0.026409
29.880000,-0.062362,0.361144,0.911401,0.108701,-0.026623,0.064890,-0.294018,-0.208701,1.430233,-0.146679,0.104000,0.063365,-0.220137,-0.224206,0.434576,0.013830,0.007605,-0.025272,0.256574,0.113695,1.376855,0.066167,-0.126235,-0.077160,0.259156,0.142979,0.677520,0.056152,-0.101283,-0.024723
29.900000,-0.060236,0.360528,0.912700,0.103796,-0.034913,0.064933,-0.296935,-0.206609,1.431501,-0.145060,0.105261,0.063486,-0.219870,-0.224036,0.434078,0.012857,0.009419,-0.024609,0.257900,0.111162,1.375311,0.066407,-0.127034,-0.077231,0.260280,0.140942,0.677043,0.056267,-0.102436,-0.022954
29.920000,-0.058213,0.359746,0.913999,0.098512,-0.043316,0.065004,-0.299819,-0.204490,1.432772,-0.143332,0.106611,0.063618,-0.219624,-0.223827,0.433592,0.011707,0.011623,-0.023932,0.259231,0.108614,1.373766,0.066661,-0.127792,-0.077244,0.261407,0.138881,0.676602,0.056373,-0.103577,-0.021130
29.940000,-0.056298,0.358795,0.915300,0.092843,-0.051817,0.065108,-0.302668,-0.202343,1.434046,-0.141513,0.108059,0.063774,-0.219403,-0.223569,0.433120,0.010365,0.014229,-0.023262,0.260567,0.106051,1.372221,0.066927,-0.128489,-0.077207,0.262535,0.136799,0.676198,0.056479,-0.104707,-0.019278
29.960000,-0.054501,0.357673,0.916603,0.086790,-0.060417,0.065244,-0.305479,-0.200167,1.435323,-0.139604,0.109605,0.063951,-0.219211,-0.223255,0.432662,0.008831,0.017236,-0.022598,0.261908,0.103475,1.370678,0.067205,-0.129125,-0.077119,0.263666,0.134693,0.675831,0.056586,-0.105823,-0.017400
29.980000,-0.052829,0.356378,0.917910,0.080352,-0.069114,0.065411,-0.308251,-0.197959,1.436604,-0.137603,0.111250,0.064152,-0.219051,-0.222877,0.432216,0.007106,0.020645,-0.021942,0.263255,0.100887,1.369137,0.067496,-0.129701,-0.076982,0.264799,0.132566,0.675502,0.056694,-0.106927,-0.015494
30.000000,-0.051290,0.354908,0.919220,0.073531,-0.077910,0.065611,-0.310983,-0.195716,1.437890,-0.135512,0.112993,0.064375,-0.218928,-0.222426,0.431784,0.005190,0.024456,-0.021292,0.264608,0.098287,1.367599,0.067799,-0.130216,-0.076793,0.265934,0.130416,0.675211,0.056802,-0.108019,-0.013562
30.020000,-0.049891,0.353261,0.920535,0.066352,-0.086781,0.065836,-0.313671,-0.193438,1.439180,-0.133346,0.114840,0.064628,-0.218845,-0.221896,0.431364,0.003094,0.028648,-0.020664,0.265967,0.095679,1.366065,0.068113,-0.130649,-0.076564,0.267071,0.128245,0.674959,0.056915,-0.109095,-0.011628
30.040000,-0.048638,0.351436,0.921854,0.058843,-0.095706,0.066077,-0.316316,-0.191122,1.440475,-0.131119,0.116800,0.064917,-0.218805,-0.221278,0.430957,0.000828,0.033200,-0.020074,0.267332,0.093062,1.364537,0.068436,-0.130979,-0.076300,0.268210,0.126053,0.674746,0.057039,-0.110155,-0.009722
30.060000,-0.047539,0.349432,0.923178,0.051004,-0.104684,0.066335,-0.318916,-0.188765,1.441777,-0.128833,0.118872,0.065242,-0.218813,-0.220566,0.430561,-0.001606,0.038112,-0.019521,0.268704,0.090440,1.363014,0.068768,-0.131207,-0.076004,0.269352,0.123839,0.674570,0.057173,-0.111197,-0.007842
30.080000,-0.046600,0.347248,0.924507,0.042835,-0.113715,0.066610,-0.321469,-0.186366,1.443085,-0.126487,0.121055,0.065604,-0.218871,-0.219751,0.430176,-0.004209,0.043386,-0.019005,0.270083,0.087814,1.361497,0.069109,-0.131331,-0.075673,0.270497,0.121605,0.674432,0.057317,-0.112223,-0.005988
30.100000,-0.045828,0.344883,0.925842,0.034337,-0.122800,0.066902,-0.323975,-0.183922,1.444401,-0.124080,0.123351,0.066003,-0.218982,-0.218828,0.429801,-0.006981,0.049019,-0.018526,0.271469,0.085187,1.359987,0.069459,-0.131353,-0.075310,0.271645,0.119350,0.674331,0.057472,-0.113231,-0.004160
30.120000,-0.045229,0.342336,0.927183,0.025557,-0.131909,0.067195,-0.326432,-0.181432,1.445725,-0.121625,0.125762,0.066436,-0.219151,-0.217788,0.429435,-0.009891,0.054961,-0.018092,0.272862,0.082561,1.358485,0.069813,-0.131258,-0.074916,0.272796,0.117076,0.674265,0.057617,-0.114220,-0.002370
30.140000,-0.044807,0.339607,0.928530,0.016544,-0.141014,0.067472,-0.328840,-0.178891,1.447059,-0.119133,0.128291,0.066903,-0.219379,-0.216628,0.429077,-0.012910,0.061157,-0.017711,0.274261,0.079938,1.356990,0.070166,-0.131032,-0.074497,0.273950,0.114782,0.674236,0.057730,-0.115190,-0.000628
30.160000,-0.044568,0.336696,0.929882,0.007299,-0.150115,0.067734,-0.331197,-0.176299,1.448402,-0.116603,0.130939,0.067404,-0.219668,-0.215340,0.428726,-0.016038,0.067608,-0.017381,0.275668,0.077321,1.355505,0.070517,-0.130674,-0.074051,0.275105,0.112468,0.674240,0.057811,-0.116140,0.001066
30.180000,-0.044517,0.333602,0.931239,-0.002179,-0.159211,0.067980,-0.333503,-0.173653,1.449755,-0.114036,0.133706,0.067938,-0.220021,-0.213922,0.428381,-0.019274,0.074313,-0.017103,0.277082,0.074712,1.354028,0.070866,-0.130186,-0.073580,0.276262,0.110136,0.674278,0.057862,-0.117071,0.002711
30.200000,-0.044657,0.330327,0.932601,-0.011889,-0.168303,0.068210,-0.335758,-0.170950,1.451119,-0.111431,0.136592,0.068506,-0.220440,-0.212366,0.428041,-0.022618,0.081273,-0.016878,0.278503,0.072114,1.352562,0.071214,-0.129567,-0.073082,0.277419,0.107786,0.674348,0.057881,-0.117982,0.004308
30.220000,-0.044993,0.326871,0.933967,-0.021775,-0.177361,0.068406,-0.337960,-0.168188,1.452495,-0.108795,0.139596,0.069093,-0.220926,-0.210669,0.427706,-0.026035,0.088414,-0.016705,0.279931,0.069530,1.351105,0.071562,-0.128816,-0.072559,0.278577,0.105417,0.674450,0.057833,-0.118869,0.005854
30.240000,-0.045529,0.323233,0.935337,-0.031778,-0.186353,0.068551,-0.340110,-0.165365,1.453883,-0.106135,0.142719,0.069684,-0.221481,-0.208829,0.427373,-0.029487,0.095661,-0.016586,0.281365,0.066962,1.349660,0.071914,-0.127933,-0.072010,0.279732,0.103031,0.674582,0.057683,-0.119728,0.007345
30.260000,-0.046265,0.319417,0.936709,-0.041898,-0.195279,0.068643,-0.342206,-0.162479,1.455283,-0.103450,0.145960,0.070281,-0.222106,-0.206842,0.427042,-0.032975,0.103014,-0.016519,0.282807,0.064414,1.348225,0.072267,-0.126917,-0.071436,0.280883,0.100628,0.674743,0.057430,-0.120559,0.008781
30.280000,-0.047205,0.315423,0.938082,-0.052135,-0.204140,0.068684,-0.344248,-0.159526,1.456694,-0.100740,0.149320,0.070883,-0.222801,-0.204708,0.426712,-0.036498,0.110473,-0.016506,0.284256,0.061887,1.346802,0.072624,-0.125770,-0.070837,0.282029,0.098209,0.674933,0.057075,-0.121362,0.010163
30.300000,-0.048351,0.311252,0.939456,-0.062490,-0.212935,0.068673,-0.346235,-0.156505,1.458118,-0.098005,0.152798,0.071489,-0.223566,-0.202423,0.426381,-0.040057,0.118038,-0.016546,0.285712,0.059384,1.345392,0.072982,-0.124490,-0.070212,0.283166,0.095774,0.675149,0.056618,-0.122138,0.011490
30.320000,-0.049705,0.306906,0.940829,-0.072902,-0.221636,0.068599,-0.348168,-0.153414,1.459554,-0.095248,0.156389,0.072077,-0.224403,-0.199986,0.426050,-0.043615,0.125631,-0.016634,0.287175,0.056908,1.343994,0.073344,-0.123087,-0.069561,0.284292,0.093323,0.675392,0.056031,-0.122882,0.012763
30.340000,-0.051268,0.302387,0.942200,-0.083313,-0.230212,0.068451,-0.350045,-0.150249,1.461001,-0.092469,0.160087,0.072621,-0.225310,-0.197398,0.425716,-0.047137,0.133173,-0.016769,0.288646,0.054461,1.342610,0.073708,-0.121569,-0.068882,0.285406,0.090859,0.675660,0.055288,-0.123592,0.013985
30.360000,-0.053038,0.297698,0.943566,-0.093722,-0.238665,0.068228,-0.351866,-0.147009,1.462458,-0.089669,0.163892,0.073121,-0.226288,-0.194659,0.425379,-0.050623,0.140664,-0.016948,0.290124,0.052046,1.341239,0.074074,-0.119936,-0.068175,0.286503,0.088380,0.675951,0.054388,-0.124267,0.015154
30.380000,-0.055016,0.292841,0.944928,-0.104129,-0.246994,0.067930,-0.353632,-0.143693,1.463925,-0.086847,0.167804,0.073578,-0.227335,-0.191772,0.425037,-0.054072,0.148104,-0.017172,0.291609,0.049664,1.339883,0.074442,-0.118188,-0.067439,0.287580,0.085888,0.676265,0.053332,-0.124908,0.016272
30.400000,-0.057203,0.287819,0.946283,-0.114534,-0.255198,0.067558,-0.355340,-0.140297,1.465401,-0.084005,0.171822,0.073992,-0.228451,-0.188735,0.424691,-0.057484,0.155493,-0.017442,0.293101,0.047319,1.338542,0.074813,-0.116325,-0.066676,0.288635,0.083384,0.676602,0.052119,-0.125515,0.017337
30.420000,-0.059597,0.282634,0.947630,-0.124883,-0.263247,0.067106,-0.356992,-0.136819,1.466885,-0.081140,0.175933,0.074339,-0.229634,-0.185553,0.424340,-0.060822,0.162765,-0.017750,0.294601,0.045012,1.337216,0.075178,-0.114356,-0.065880,0.289664,0.080868,0.676959,0.050735,-0.126085,0.018359
30.440000,-0.062198,0.277291,0.948967,-0.135120,-0.271108,0.066568,-0.358586,-0.133259,1.468374,-0.078254,0.180124,0.074594,-0.230883,-0.182226,0.423981,-0.064046,0.169856,-0.018091,0.296109,0.042746,1.335907,0.075532,-0.112289,-0.065045,0.290663,0.078341,0.677336,0.049166,-0.126617,0.019345
30.460000,-0.065001,0.271791,0.950292,-0.145245,-0.278782,0.065945,-0.360122,-0.129614,1.469868,-0.075345,0.184393,0.074757,-0.232195,-0.178760,0.423616,-0.067157,0.176764,-0.018464,0.297623,0.040521,1.334614,0.075874,-0.110126,-0.064173,0.291629,0.075803,0.677732,0.047412,-0.127111,0.020296
30.480000,-0.068007,0.266141,0.951604,-0.155259,-0.286268,0.065236,-0.361599,-0.125882,1.471364,-0.072413,0.188741,0.074829,-0.233568,-0.175157,0.423242,-0.070154,0.183491,-0.018870,0.299143,0.038341,1.333340,0.076203,-0.107865,-0.063263,0.292559,0.073257,0.678147,0.045472,-0.127567,0.021211
30.500000,-0.071211,0.260342,0.952901,-0.165161,-0.293566,0.064442,-0.363018,-0.122063,1.472860,-0.069459,0.193169,0.074810,-0.235000,-0.171421,0.422861,-0.073038,0.190036,-0.019309,0.300671,0.036207,1.332084,0.076521,-0.105506,-0.062315,0.293447,0.070701,0.678580,0.043348,-0.127985,0.022091
30.520000,-0.074612,0.254399,0.954181,-0.174908,-0.300646,0.063565,-0.364377,-0.118155,1.474356,-0.066481,0.197654,0.074681,-0.236489,-0.167557,0.422470,-0.075773,0.196355,-0.019770,0.302204,0.034122,1.330848,0.076811,-0.103056,-0.061322,0.294291,0.068137,0.679031,0.041045,-0.128364,0.022946
30.540000,-0.078206,0.248318,0.955443,-0.184455,-0.307476,0.062607,-0.365677,-0.114157,1.475847,-0.063477,0.202177,0.074426,-0.238030,-0.163569,0.422070,-0.078322,0.202402,-0.020245,0.303743,0.032086,1.329632,0.077059,-0.100519,-0.060277,0.295088,0.065567,0.679498,0.038570,-0.128705,0.023789
30.560000,-0.081989,0.242102,0.956685,-0.193802,-0.314056,0.061568,-0.366916,-0.110068,1.477332,-0.060445,0.206737,0.074044,-0.239621,-0.159463,0.421660,-0.080687,0.208177,-0.020733,0.305286,0.030101,1.328437,0.077265,-0.097895,-0.059181,0.295833,0.062990,0.679982,0.035922,-0.129007,0.024619
30.580000,-0.085957,0.235757,0.957905,-0.202950,-0.320386,0.060448,-0.368095,-0.105887,1.478808,-0.057388,0.211335,0.073536,-0.241256,-0.155244,0.421240,-0.082866,0.213681,-0.021234,0.306833,0.028170,1.327265,0.077428,-0.095184,-0.058034,0.296523,0.060407,0.680483,0.033102,-0.129272,0.025436
30.600000,-0.090106,0.229288,0.959102,-0.211899,-0.326467,0.059248,-0.369212,-0.101614,1.480272,-0.054303,0.215970,0.072901,-0.242934,-0.150917,0.420811,-0.084860,0.218914,-0.021749,0.308383,0.026295,1.326116,0.077549,-0.092386,-0.056834,0.297156,0.057819,0.681000,0.030109,-0.129497,0.026240
30.620000,-0.094431,0.222700,0.960275,-0.220614,-0.332282,0.057980,-0.370267,-0.097248,1.481723,-0.051180,0.220620,0.072130,-0.244649,-0.146489,0.420370,-0.086643,0.223852,-0.022262,0.309935,0.024476,1.324992,0.077608,-0.089504,-0.055580,0.297727,0.055227,0.681532,0.026953,-0.129685,0.027041
30.640000,-0.098928,0.215999,0.961421,-0.229062,-0.337815,0.056655,-0.371258,-0.092790,1.483157,-0.048006,0.225263,0.071211,-0.246398,-0.141965,0.419920,-0.088188,0.228473,-0.022761,0.311487,0.022715,1.323893,0.077585,-0.086541,-0.054269,0.298233,0.052632,0.682081,0.023640,-0.129836,0.027848
30.660000,-0.103592,0.209190,0.962540,-0.237243,-0.343066,0.055274,-0.372186,-0.088238,1.484570,-0.044781,0.229900,0.070145,-0.248175,-0.137352,0.419460,-0.089495,0.232776,-0.023245,0.313038,0.021014,1.322821,0.077479,-0.083497,-0.052900,0.298671,0.050034,0.682646,0.020172,-0.129950,0.028662
30.680000,-0.108416,0.202278,0.963632,-0.245157,-0.348036,0.053837,-0.373049,-0.083594,1.485961,-0.041505,0.234530,0.068932,-0.249976,-0.132656,0.418990,-0.090565,0.236761,-0.023714,0.314585,0.019376,1.321777,0.077291,-0.080371,-0.051474,0.299039,0.047434,0.683228,0.016548,-0.130027,0.029482
30.700000,-0.113396,0.195270,0.964694,-0.252804,-0.352724,0.052343,-0.373846,-0.078857,1.487327,-0.038177,0.239153,0.067572,-0.251796,-0.127884,0.418512,-0.091396,0.240429,-0.024169,0.316129,0.017800,1.320763,0.077021,-0.077165,-0.049990,0.299332,0.044833,0.683826,0.012767,-0.130066,0.030308
30.720000,-0.118527,0.188171,0.965725,-0.260162,-0.357121,0.050807,-0.374576,-0.074028,1.488663,-0.034782,0.243746,0.066067,-0.253630,-0.123041,0.418024,-0.091977,0.243775,-0.024592,0.317665,0.016290,1.319778,0.076646,-0.073881,-0.048452,0.299548,0.042232,0.684440,0.008847,-0.130068,0.031145
30.740000,-0.123801,0.180987,0.966726,-0.267211,-0.361218,0.049240,-0.375237,-0.069107,1.489968,-0.031303,0.248287,0.064418,-0.255474,-0.118135,0.417528,-0.092293,0.246794,-0.024969,0.319194,0.014845,1.318825,0.076145,-0.070523,-0.046866,0.299685,0.039631,0.685072,0.004804,-0.130031,0.031998
30.760000,-0.129213,0.173724,0.967695,-0.273950,-0.365015,0.047643,-0.375828,-0.064097,1.491239,-0.027738,0.252776,0.062626,-0.257320,-0.113172,0.417025,-0.092346,0.249485,-0.025300,0.320710,0.013469,1.317904,0.075517,-0.067092,-0.045231,0.299740,0.037031,0.685720,0.000638,-0.129956,0.032865
30.780000,-0.134757,0.166389,0.968631,-0.280380,-0.368512,0.046016,-0.376346,-0.058997,1.492472,-0.024089,0.257213,0.060691,-0.259166,-0.108158,0.416517,-0.092134,0.251849,-0.025584,0.322213,0.012162,1.317016,0.074763,-0.063588,-0.043547,0.299710,0.034433,0.686386,-0.003652,-0.129843,0.033749
30.800000,-0.140426,0.158986,0.969535,-0.286501,-0.371709,0.044359,-0.376791,-0.053808,1.493666,-0.020356,0.261597,0.058613,-0.261004,-0.103100,0.416002,-0.091658,0.253886,-0.025822,0.323700,0.010926,1.316162,0.073882,-0.060010,-0.041814,0.299593,0.031837,0.687070,-0.008066,-0.129691,0.034648
30.820000,-0.146215,0.151522,0.970405,-0.292305,-0.374607,0.042691,-0.377160,-0.048533,1.494816,-0.016525,0.265911,0.056402,-0.262830,-0.098004,0.415484,-0.090915,0.255607,-0.025998,0.325168,0.009762,1.315344,0.072855,-0.056367,-0.040046,0.299386,0.029245,0.687772,-0.012594,-0.129502,0.035564
30.840000,-0.152116,0.144004,0.971243,-0.297786,-0.377206,0.041032,-0.377451,-0.043173,1.495921,-0.012585,0.270135,0.054069,-0.264639,-0.092878,0.414963,-0.089901,0.257022,-0.026097,0.326613,0.008672,1.314561,0.071661,-0.052664,-0.038256,0.299088,0.026657,0.688493,-0.017228,-0.129277,0.036499
30.860000,-0.158124,0.136436,0.972047,-0.302943,-0.379505,0.039382,-0.377662,-0.037728,1.496978,-0.008536,0.274269,0.051615,-0.266424,-0.087726,0.414441,-0.088617,0.258130,-0.026120,0.328033,0.007656,1.313814,0.070301,-0.048903,-0.036443,0.298697,0.024074,0.689232,-0.021968,-0.129017,0.037455
30.880000,-0.164232,0.128825,0.972818,-0.307777,-0.381506,0.037741,-0.377792,-0.032202,1.497985,-0.004377,0.278314,0.049039,-0.268182,-0.082554,0.413919,-0.087061,0.258933,-0.026067,0.329424,0.006716,1.313103,0.068774,-0.045084,-0.034609,0.298209,0.021497,0.689991,-0.026815,-0.128721,0.038429
30.900000,-0.170433,0.121178,0.973556,-0.312288,-0.383208,0.036109,-0.377837,-0.026596,1.498939,-0.000109,0.282270,0.046341,-0.269905,-0.077370,0.413399,-0.085236,0.259430,-0.025937,0.330783,0.005853,1.312429,0.067081,-0.041206,-0.032752,0.297623,0.018926,0.690770,-0.031768,-0.128389,0.039423
30.920000,-0.176721,0.113499,0.974263,-0.316493,-0.384624,0.034505,-0.377795,-0.020912,1.499838,0.004273,0.286122,0.043541,-0.271589,-0.072179,0.412882,-0.083141,0.259646,-0.025720,0.332106,0.005068,1.311793,0.065197,-0.037286,-0.030901,0.296938,0.016362,0.691568,-0.036813,-0.128024,0.040440
30.940000,-0.183091,0.105795,0.974937,-0.320408,-0.385766,0.032948,-0.377665,-0.015152,1.500680,0.008773,0.289855,0.040658,-0.273229,-0.066986,0.412370,-0.080781,0.259604,-0.025403,0.333389,0.004362,1.311193,0.063097,-0.033344,-0.029083,0.296150,0.013805,0.692387,-0.041936,-0.127631,0.041483
30.960000,-0.189536,0.098070,0.975581,-0.324033,-0.386635,0.031436,-0.377443,-0.009319,1.501464,0.013392,0.293470,0.037693,-0.274819,-0.061797,0.411866,-0.078154,0.259306,-0.024987,0.334629,0.003734,1.310629,0.060780,-0.029378,-0.027299,0.295260,0.011257,0.693228,-0.047138,-0.127208,0.042552
30.980000,-0.196050,0.090331,0.976195,-0.327368,-0.387231,0.029971,-0.377128,-0.003414,1.502187,0.018130,0.296967,0.034646,-0.276353,-0.056616,0.411372,-0.075261,0.258750,-0.024472,0.335819,0.003187,1.310101,0.058247,-0.025389,-0.025548,0.294264,0.008717,0.694090,-0.052419,-0.126756,0.043648
31.000000,-0.202628,0.082583,0.976780,-0.330414,-0.387553,0.028552,-0.376717,0.002559,1.502849,0.022986,0.300345,0.031515,-0.277827,-0.051448,0.410888,-0.072101,0.257937,-0.023858,0.336957,0.002719,1.309607,0.055498,-0.021376,-0.023830,0.293162,0.006186,0.694974,-0.057777,-0.126275,0.044770
31.020000,-0.209265,0.074831,0.977337,-0.333209,-0.387620,0.027191,-0.376208,0.008599,1.503447,0.027964,0.303597,0.028329,-0.279236,-0.046300,0.410418,-0.068684,0.256899,-0.023143,0.338038,0.002332,1.309147,0.052524,-0.017358,-0.022173,0.291953,0.003666,0.695881,-0.063196,-0.125770,0.045922
31.040000,-0.215955,0.067079,0.977868,-0.335792,-0.387451,0.025900,-0.375598,0.014702,1.503982,0.033065,0.306714,0.025112,-0.280573,-0.041174,0.409963,-0.065016,0.255668,-0.022325,0.339056,0.002025,1.308720,0.049316,-0.013351,-0.020601,0.290634,0.001156,0.696811,-0.068657,-0.125248,0.047108
31.060000,-0.222695,0.059334,0.978374,-0.338164,-0.387044,0.024679,-0.374885,0.020866,1.504452,0.038290,0.309697,0.021865,-0.281835,-0.036074,0.409526,-0.061099,0.254244,-0.021404,0.340009,0.001798,1.308323,0.045875,-0.009355,-0.019116,0.289206,-0.001344,0.697765,-0.074159,-0.124707,0.048328
31.080000,-0.229480,0.051599,0.978856,-0.340323,-0.386401,0.023528,-0.374066,0.027089,1.504856,0.043638,0.312547,0.018587,-0.283015,-0.031005,0.409108,-0.056932,0.252626,-0.020380,0.340890,0.001650,1.307955,0.042200,-0.005370,-0.017717,0.287668,-0.003832,0.698744,-0.079703,-0.124149,0.049582
31.100000,-0.236307,0.043880,0.979315,-0.342271,-0.385521,0.022446,-0.373138,0.033367,1.505195,0.049109,0.315261,0.015280,-0.284110,-0.025970,0.408711,-0.052515,0.250815,-0.019254,0.341695,0.001583,1.307614,0.038292,-0.001397,-0.016404,0.286018,-0.006310,0.699749,-0.085289,-0.123573,0.050870
31.120000,-0.243170,0.036180,0.979754,-0.344053,-0.384422,0.021439,-0.372100,0.039699,1.505467,0.054706,0.317841,0.011974,-0.285114,-0.020974,0.408338,-0.047860,0.248841,-0.018033,0.342420,0.001594,1.307298,0.034160,0.002548,-0.015202,0.284256,-0.008775,0.700779,-0.090897,-0.122985,0.052186
31.140000,-0.250068,0.028504,0.980173,-0.345717,-0.383122,0.020510,-0.370949,0.046080,1.505674,0.060427,0.320287,0.008704,-0.286023,-0.016018,0.407990,-0.042982,0.246737,-0.016724,0.343060,0.001684,1.307005,0.029816,0.006450,-0.014133,0.282382,-0.011229,0.701836,-0.096509,-0.122391,0.053526
31.160000,-0.256998,0.020856,0.980575,-0.347262,-0.381622,0.019659,-0.369683,0.052509,1.505816,0.066274,0.322597,0.005468,-0.286832,-0.011105,0.407670,-0.037879,0.244502,-0.015329,0.343611,0.001852,1.306731,0.025258,0.010308,-0.013198,0.280396,-0.013671,0.702920,-0.102123,-0.121791,0.054890
31.180000,-0.263958,0.013241,0.980960,-0.348688,-0.379921,0.018887,-0.368297,0.058983,1.505893,0.072247,0.324771,0.002267,-0.287537,-0.006238,0.407378,-0.032552,0.242136,-0.013846,0.344069,0.002096,1.306476,0.020487,0.014122,-0.012396,0.278297,-0.016101,0.704032,-0.107741,-0.121184,0.056277
31.200000,-0.270945,0.005661,0.981331,-0.349996,-0.378020,0.018193,-0.366792,0.065499,1.505907,0.078345,0.326811,-0.000900,-0.288133,-0.001420,0.407116,-0.027000,0.239639,-0.012277,0.344429,0.002417,1.306235,0.015504,0.017892,-0.011729,0.276086,-0.018518,0.705172,-0.113362,-0.120572,0.057687
31.220000,-0.277957,-0.001879,0.981688,-0.351217,-0.375928,0.017572,-0.365163,0.072055,1.505857,0.084558,0.328717,-0.004011,-0.288615,0.003346,0.406887,-0.021243,0.237036,-0.010628,0.344688,0.002812,1.306006,0.010327,0.021607,-0.011202,0.273763,-0.020923,0.706340,-0.118973,-0.119956,0.059116
31.240000,-0.284993,-0.009375,0.982034,-0.352383,-0.373655,0.017020,-0.363409,0.078647,1.505747,0.090876,0.330489,-0.007046,-0.288981,0.008060,0.406692,-0.015301,0.234349,-0.008908,0.344841,0.003280,1.305786,0.004978,0.025255,-0.010821,0.271327,-0.023316,0.707536,-0.124563,-0.119341,0.060557
31.260000,-0.292052,-0.016824,0.982370,-0.353493,-0.371202,0.016537,-0.361527,0.085273,1.505576,0.097299,0.332127,-0.010004,-0.289226,0.012720,0.406531,-0.009174,0.231580,-0.007117,0.344886,0.003822,1.305572,-0.000544,0.028837,-0.010586,0.268780,-0.025697,0.708762,-0.130130,-0.118727,0.062010
31.280000,-0.299132,-0.024222,0.982696,-0.354548,-0.368568,0.016122,-0.359516,0.091931,1.505347,0.103827,0.333632,-0.012887,-0.289347,0.017323,0.406408,-0.002860,0.228729,-0.005255,0.344818,0.004434,1.305361,-0.006238,0.032352,-0.010498,0.266122,-0.028065,0.710017,-0.135676,-0.118113,0.063476
31.300000,-0.306234,-0.031565,0.983015,-0.355548,-0.365753,0.015776,-0.357373,0.098618,1.505061,0.110459,0.335004,-0.015693,-0.289339,0.021868,0.406322,0.003638,0.225794,-0.003322,0.344635,0.005115,1.305151,-0.012104,0.035800,-0.010556,0.263353,-0.030422,0.711301,-0.141199,-0.117499,0.064954
31.320000,-0.313354,-0.038851,0.983328,-0.356498,-0.362758,0.015486,-0.355097,0.105330,1.504720,0.117173,0.336242,-0.018420,-0.289200,0.026354,0.406275,0.010297,0.222789,-0.001322,0.344333,0.005865,1.304938,-0.018108,0.039175,-0.010764,0.260474,-0.032765,0.712615,-0.146685,-0.116892,0.066437
31.340000,-0.320493,-0.046075,0.983635,-0.357404,-0.359584,0.015240,-0.352686,0.112066,1.504325,0.123946,0.337344,-0.021064,-0.288927,0.030780,0.406269,0.017093,0.219726,0.000744,0.343910,0.006682,1.304719,-0.024215,0.042467,-0.011123,0.257486,-0.035097,0.713959,-0.152116,-0.116299,0.067918
31.360000,-0.327650,-0.053233,0.983938,-0.358268,-0.356231,0.015038,-0.350139,0.118823,1.503878,0.130777,0.338311,-0.023625,-0.288516,0.035143,0.406305,0.024024,0.216604,0.002874,0.343364,0.007563,1.304492,-0.030425,0.045677,-0.011635,0.254390,-0.037417,0.715332,-0.157492,-0.115718,0.069397
31.380000,-0.334824,-0.060323,0.984237,-0.359088,-0.352698,0.014879,-0.347455,0.125598,1.503380,0.137667,0.339143,-0.026104,-0.287965,0.039443,0.406385,0.031091,0.213424,0.005069,0.342692,0.008508,1.304253,-0.036738,0.048806,-0.012298,0.251187,-0.039726,0.716735,-0.162815,-0.115150,0.070873
31.400000,-0.342013,-0.067340,0.984533,-0.359864,-0.348987,0.014764,-0.344632,0.132388,1.502834,0.144616,0.339840,-0.028501,-0.287271,0.043680,0.406509,0.038295,0.210186,0.007329,0.341894,0.009515,1.303999,-0.043154,0.051852,-0.013114,0.247878,-0.042024,0.718167,-0.168083,-0.114596,0.072347
31.420000,-0.349218,-0.074281,0.984827,-0.360592,-0.345093,0.014687,-0.341670,0.139191,1.502241,0.151598,0.340402,-0.030825,-0.286432,0.047850,0.406678,0.045607,0.206887,0.009655,0.340966,0.010582,1.303728,-0.049646,0.054814,-0.014067,0.244464,-0.044310,0.719628,-0.173289,-0.114056,0.073814
31.440000,-0.356436,-0.081142,0.985121,-0.361266,-0.341016,0.014641,-0.338568,0.146003,1.501602,0.158590,0.340829,-0.033086,-0.285446,0.051955,0.406895,0.053001,0.203526,0.012049,0.339908,0.011707,1.303436,-0.056186,0.057687,-0.015143,0.240947,-0.046586,0.721119,-0.178426,-0.113531,0.075269
31.460000,-0.363668,-0.087920,0.985413,-0.361885,-0.336755,0.014627,-0.335326,0.152823,1.500918,0.165590,0.341122,-0.035285,-0.284312,0.055991,0.407161,0.060476,0.200102,0.014511,0.338718,0.012889,1.303121,-0.062774,0.060471,-0.016342,0.237327,-0.048851,0.722639,-0.183492,-0.113021,0.076713
31.480000,-0.370912,-0.094611,0.985706,-0.362451,-0.332309,0.014644,-0.331944,0.159647,1.500191,0.172600,0.341280,-0.037422,-0.283027,0.059958,0.407476,0.068034,0.196616,0.017042,0.337396,0.014125,1.302781,-0.069410,0.063167,-0.017664,0.233608,-0.051107,0.724188,-0.188489,-0.112527,0.078145
31.500000,-0.378166,-0.101211,0.985999,-0.362963,-0.327679,0.014692,-0.328422,0.166473,1.499421,0.179618,0.341303,-0.039495,-0.281590,0.063855,0.407843,0.075673,0.193067,0.019640,0.335941,0.015415,1.302414,-0.076094,0.065775,-0.019109,0.229788,-0.053353,0.725765,-0.193416,-0.112048,0.079565
31.520000,-0.385430,-0.107717,0.986294,-0.363401,-0.322862,0.014771,-0.324760,0.173298,1.498611,0.186615,0.341179,-0.041527,-0.280000,0.067680,0.408262,0.083365,0.189432,0.022316,0.334352,0.016756,1.302016,-0.082811,0.068297,-0.020655,0.225871,-0.055589,0.727370,-0.198263,-0.111590,0.080967
31.540000,-0.392701,-0.114125,0.986590,-0.363745,-0.317854,0.014880,-0.320958,0.180119,1.497760,0.193559,0.340898,-0.043537,-0.278255,0.071432,0.408736,0.091081,0.185685,0.025077,0.332629,0.018146,1.301587,-0.089545,0.070734,-0.022282,0.221858,-0.057816,0.729003,-0.203020,-0.111158,0.082345
31.560000,-0.399979,-0.120430,0.986889,-0.363996,-0.312655,0.015019,-0.317018,0.186933,1.496870,0.200450,0.340458,-0.045524,-0.276356,0.075107,0.409266,0.098821,0.181826,0.027924,0.330770,0.019584,1.301124,-0.096296,0.073087,-0.023988,0.217751,-0.060035,0.730664,-0.207688,-0.110752,0.083699
31.580000,-0.407260,-0.126630,0.987191,-0.364153,-0.307265,0.015188,-0.312940,0.193737,1.495940,0.207289,0.339861,-0.047490,-0.274302,0.078704,0.409854,0.106586,0.177856,0.030857,0.328777,0.021069,1.300627,-0.103065,0.075355,-0.025774,0.213552,-0.062247,0.732351,-0.212267,-0.110372,0.085029
31.600000,-0.414544,-0.132719,0.987497,-0.364216,-0.301684,0.015387,-0.308726,0.200527,1.494970,0.214074,0.339105,-0.049434,-0.272093,0.082221,0.410501,0.114374,0.173775,0.033875,0.326648,0.022598,1.300093,-0.109850,0.077539,-0.027640,0.209261,-0.064450,0.734065,-0.216756,-0.110018,0.086335
31.620000,-0.421828,-0.138696,0.987807,-0.364161,-0.295906,0.015621,-0.304378,0.207300,1.493962,0.220781,0.338189,-0.051369,-0.269727,0.085654,0.411209,0.122159,0.169562,0.036982,0.324383,0.024170,1.299521,-0.116640,0.079644,-0.029567,0.204882,-0.066648,0.735804,-0.221151,-0.109692,0.087613
31.640000,-0.429110,-0.144554,0.988122,-0.363963,-0.289925,0.015895,-0.299896,0.214053,1.492916,0.227382,0.337110,-0.053308,-0.267206,0.089002,0.411981,0.129913,0.165197,0.040180,0.321982,0.025783,1.298910,-0.123422,0.081675,-0.031537,0.200416,-0.068838,0.737569,-0.225447,-0.109394,0.088858
31.660000,-0.436386,-0.150291,0.988443,-0.363622,-0.283741,0.016210,-0.295283,0.220783,1.491830,0.233877,0.335868,-0.055251,-0.264531,0.092261,0.412817,0.137636,0.160680,0.043469,0.319446,0.027436,1.298259,-0.130196,0.083632,-0.033548,0.195865,-0.071023,0.739358,-0.229646,-0.109126,0.090072
31.680000,-0.443654,-0.155903,0.988771,-0.363139,-0.277353,0.016566,-0.290542,0.227487,1.490705,0.240267,0.334463,-0.057197,-0.261701,0.095428,0.413720,0.145329,0.156012,0.046849,0.316774,0.029128,1.297568,-0.136961,0.085515,-0.035600,0.191231,-0.073204,0.741172,-0.233746,-0.108888,0.091254
31.700000,-0.450910,-0.161384,0.989106,-0.362512,-0.270763,0.016963,-0.285673,0.234160,1.489542,0.246551,0.332894,-0.059148,-0.258718,0.098501,0.414692,0.152990,0.151191,0.050321,0.313968,0.030857,1.296835,-0.143718,0.087324,-0.037695,0.186515,-0.075379,0.743008,-0.237748,-0.108678,0.092404
31.720000,-0.458153,-0.166732,0.989450,-0.361702,-0.263962,0.017404,-0.280680,0.240801,1.488339,0.252717,0.331166,-0.061115,-0.255582,0.101475,0.415733,0.160605,0.146209,0.053878,0.311026,0.032621,1.296060,-0.150457,0.089066,-0.039817,0.181721,-0.077551,0.744868,-0.241649,-0.108503,0.093519
31.740000,-0.465377,-0.171941,0.989803,-0.360669,-0.256940,0.017897,-0.275565,0.247406,1.487097,0.258752,0.329282,-0.063113,-0.252294,0.104348,0.416847,0.168158,0.141059,0.057512,0.307949,0.034419,1.295242,-0.157169,0.090747,-0.041950,0.176850,-0.079720,0.746749,-0.245446,-0.108366,0.094594
31.760000,-0.472578,-0.177008,0.990166,-0.359414,-0.249699,0.018440,-0.270331,0.253972,1.485815,0.264657,0.327241,-0.065141,-0.248856,0.107116,0.418034,0.175649,0.135739,0.061225,0.304739,0.036250,1.294382,-0.163854,0.092367,-0.044094,0.171904,-0.081886,0.748651,-0.249140,-0.108269,0.095630
31.780000,-0.479752,-0.181928,0.990540,-0.357936,-0.242239,0.019033,-0.264980,0.260495,1.484491,0.270431,0.325044,-0.067199,-0.245268,0.109776,0.419297,0.183078,0.130251,0.065016,0.301395,0.038113,1.293478,-0.170510,0.093927,-0.046250,0.166885,-0.084051,0.750574,-0.252731,-0.108211,0.096627
31.800000,-0.486894,-0.186696,0.990927,-0.356235,-0.234558,0.019677,-0.259515,0.266972,1.483127,0.276074,0.322692,-0.069288,-0.241533,0.112325,0.420636,0.190445,0.124593,0.068886,0.297919,0.040007,1.292532,-0.177140,0.095426,-0.048417,0.161796,-0.086215,0.752516,-0.256218,-0.108192,0.097584
31.820000,-0.494000,-0.191308,0.991328,-0.354273,-0.226650,0.020371,-0.253938,0.273401,1.481720,0.281583,0.320172,-0.071414,-0.237651,0.114759,0.422053,0.197750,0.118761,0.072823,0.294310,0.041930,1.291541,-0.183738,0.096873,-0.050586,0.156637,-0.088379,0.754477,-0.259603,-0.108214,0.098502
31.840000,-0.501063,-0.195760,0.991743,-0.352013,-0.218503,0.021115,-0.248252,0.279778,1.480270,0.286958,0.317475,-0.073586,-0.233624,0.117074,0.423549,0.204995,0.112749,0.076816,0.290570,0.043881,1.290508,-0.190300,0.098278,-0.052746,0.151412,-0.090543,0.756456,-0.262889,-0.108281,0.099377
31.860000,-0.508078,-0.200047,0.992173,-0.349453,-0.210120,0.021909,-0.242461,0.286099,1.478776,0.292196,0.314602,-0.075803,-0.229452,0.119268,0.425126,0.212180,0.106557,0.080867,0.286698,0.045861,1.289432,-0.196826,0.099640,-0.054897,0.146122,-0.092710,0.758452,-0.266076,-0.108391,0.100211
31.880000,-0.515039,-0.204163,0.992619,-0.346595,-0.201499,0.022754,-0.236565,0.292361,1.477237,0.297298,0.311551,-0.078066,-0.225137,0.121335,0.426784,0.219304,0.100184,0.084974,0.282697,0.047867,1.288312,-0.203315,0.100958,-0.057039,0.140770,-0.094879,0.760464,-0.269164,-0.108546,0.101002
31.900000,-0.521940,-0.208105,0.993083,-0.343437,-0.192641,0.023648,-0.230569,0.298560,1.475653,0.302265,0.308323,-0.080374,-0.220680,0.123274,0.428525,0.226368,0.093632,0.089139,0.278566,0.049899,1.287150,-0.209769,0.102234,-0.059172,0.135356,-0.097052,0.762492,-0.272152,-0.108744,0.101753
31.920000,-0.528775,-0.211868,0.993566,-0.339962,-0.183542,0.024589,-0.224476,0.304693,1.474022,0.307107,0.304903,-0.082730,-0.216082,0.125079,0.430350,0.233377,0.086907,0.093349,0.274306,0.051956,1.285946,-0.216186,0.103477,-0.061292,0.129884,-0.099229,0.764534,-0.275046,-0.108991,0.102461
31.940000,-0.535536,-0.215445,0.994067,-0.336150,-0.174200,0.025573,-0.218286,0.310755,1.472343,0.311835,0.301276,-0.085138,-0.211345,0.126749,0.432259,0.240337,0.080018,0.097595,0.269919,0.054038,1.284699,-0.222563,0.104697,-0.063392,0.124355,-0.101412,0.766590,-0.277851,-0.109292,0.103129
31.960000,-0.542218,-0.218834,0.994589,-0.332001,-0.164614,0.026601,-0.212003,0.316742,1.470616,0.316449,0.297443,-0.087597,-0.206469,0.128279,0.434254,0.247248,0.072965,0.101876,0.265404,0.056143,1.283410,-0.228900,0.105894,-0.065474,0.118771,-0.103601,0.768659,-0.280567,-0.109645,0.103755
31.980000,-0.548814,-0.222028,0.995131,-0.327515,-0.154784,0.027671,-0.205629,0.322651,1.468839,0.320949,0.293403,-0.090106,-0.201456,0.129666,0.436334,0.254109,0.065747,0.106193,0.260763,0.058273,1.282080,-0.235198,0.107068,-0.067536,0.113133,-0.105798,0.770740,-0.283193,-0.110052,0.104339
32.000000,-0.555317,-0.225024,0.995696,-0.322693,-0.144710,0.028785,-0.199166,0.328477,1.467012,0.325335,0.289156,-0.092667,-0.196305,0.130908,0.438502,0.260921,0.058365,0.110545,0.255996,0.060426,1.280709,-0.241457,0.108219,-0.069580,0.107444,-0.108004,0.772832,-0.285730,-0.110511,0.104883
32.020000,-0.561720,-0.227815,0.996283,-0.317536,-0.134400,0.029940,-0.192616,0.334216,1.465132,0.329622,0.284707,-0.095278,-0.191019,0.132000,0.440756,0.267692,0.050838,0.114922,0.251105,0.062602,1.279297,-0.247680,0.109358,-0.071603,0.101704,-0.110219,0.774935,-0.288187,-0.111027,0.105388
32.040000,-0.568016,-0.230398,0.996894,-0.312047,-0.123861,0.031134,-0.185981,0.339864,1.463200,0.333827,0.280058,-0.097938,-0.185598,0.132940,0.443099,0.274428,0.043183,0.119314,0.246089,0.064800,1.277845,-0.253870,0.110494,-0.073605,0.095917,-0.112445,0.777047,-0.290575,-0.111601,0.105857
32.060000,-0.574199,-0.232768,0.997529,-0.306225,-0.113093,0.032368,-0.179263,0.345417,1.461214,0.337948,0.275210,-0.100648,-0.180042,0.133727,0.445529,0.281130,0.035401,0.123722,0.240950,0.067022,1.276353,-0.260028,0.111628,-0.075587,0.090082,-0.114684,0.779169,-0.292892,-0.112234,0.106290
32.080000,-0.580263,-0.234920,0.998189,-0.300070,-0.102097,0.033642,-0.172464,0.350871,1.459174,0.341986,0.270163,-0.103406,-0.174353,0.134356,0.448048,0.287799,0.027493,0.128144,0.235689,0.069265,1.274821,-0.266153,0.112759,-0.077547,0.084202,-0.116935,0.781299,-0.295140,-0.112925,0.106688
32.100000,-0.586200,-0.236850,0.998875,-0.293583,-0.090871,0.034955,-0.165585,0.356222,1.457078,0.345941,0.264917,-0.106214,-0.168530,0.134825,0.450655,0.294433,0.019457,0.132581,0.230304,0.071532,1.273251,-0.272245,0.113888,-0.079486,0.078277,-0.119201,0.783436,-0.297318,-0.113675,0.107050
32.120000,-0.592004,-0.238554,0.999587,-0.286774,-0.079444,0.036305,-0.158627,0.361467,1.454925,0.349828,0.259499,-0.109065,-0.162576,0.135133,0.453351,0.301038,0.011320,0.137023,0.224799,0.073821,1.271642,-0.278309,0.115024,-0.081406,0.072309,-0.121482,0.785580,-0.299437,-0.114486,0.107381
32.140000,-0.597669,-0.240027,1.000327,-0.279655,-0.067844,0.037690,-0.151592,0.366601,1.452715,0.353663,0.253935,-0.111954,-0.156489,0.135278,0.456136,0.307616,0.003111,0.141458,0.219172,0.076133,1.269995,-0.284351,0.116176,-0.083310,0.066300,-0.123781,0.787731,-0.301509,-0.115362,0.107686
32.160000,-0.603188,-0.241266,1.001095,-0.272226,-0.056069,0.039109,-0.144481,0.371623,1.450447,0.357444,0.248226,-0.114882,-0.150271,0.135257,0.459009,0.314169,-0.005172,0.145888,0.213425,0.078468,1.268310,-0.290369,0.117344,-0.085196,0.060249,-0.126097,0.789888,-0.303532,-0.116302,0.107966
32.180000,-0.608556,-0.242269,1.001892,-0.264486,-0.044121,0.040563,-0.137294,0.376529,1.448119,0.361173,0.242372,-0.117848,-0.143923,0.135070,0.461971,0.320696,-0.013528,0.150311,0.207558,0.080827,1.266587,-0.296365,0.118528,-0.087065,0.054159,-0.128433,0.792050,-0.305508,-0.117307,0.108219
32.200000,-0.613765,-0.243030,1.002718,-0.256435,-0.032000,0.042051,-0.130034,0.381317,1.445732,0.364848,0.236373,-0.120853,-0.137444,0.134716,0.465022,0.327197,-0.021957,0.154728,0.201571,0.083209,1.264827,-0.302337,0.119729,-0.088917,0.048029,-0.130790,0.794216,-0.307436,-0.118376,0.108447
32.220000,-0.618811,-0.243548,1.003574,-0.248096,-0.019760,0.043574,-0.122701,0.385983,1.443285,0.368481,0.230255,-0.123887,-0.130835,0.134192,0.468160,0.333669,-0.030437,0.159129,0.195464,0.085616,1.263031,-0.308290,0.120955,-0.090753,0.041862,-0.133169,0.796387,-0.309321,-0.119509,0.108650
32.240000,-0.623687,-0.243820,1.004461,-0.239488,-0.007456,0.045130,-0.115295,0.390526,1.440777,0.372082,0.224045,-0.126941,-0.124097,0.133498,0.471387,0.340109,-0.038944,0.163504,0.189239,0.088048,1.261197,-0.314224,0.122215,-0.092572,0.035657,-0.135571,0.798562,-0.311170,-0.120708,0.108829
32.260000,-0.628389,-0.243846,1.005379,-0.230612,0.004912,0.046720,-0.107818,0.394945,1.438207,0.375650,0.217743,-0.130017,-0.117231,0.132634,0.474700,0.346517,-0.047478,0.167852,0.182895,0.090505,1.259328,-0.320140,0.123509,-0.094374,0.029415,-0.137998,0.800740,-0.312983,-0.121970,0.108985
32.280000,-0.632910,-0.243623,1.006330,-0.221467,0.017343,0.048344,-0.100269,0.399236,1.435576,0.379185,0.211349,-0.133113,-0.110237,0.131599,0.478101,0.352893,-0.056040,0.172174,0.176434,0.092988,1.257422,-0.326039,0.124837,-0.096160,0.023138,-0.140450,0.802921,-0.314758,-0.123297,0.109116
32.300000,-0.637246,-0.243151,1.007313,-0.212054,0.029837,0.050001,-0.092651,0.403398,1.432883,0.382688,0.204863,-0.136230,-0.103115,0.130392,0.481587,0.359237,-0.064629,0.176470,0.169854,0.095499,1.255481,-0.331919,0.126200,-0.097929,0.016825,-0.142930,0.805105,-0.316497,-0.124688,0.109223
32.320000,-0.641391,-0.242430,1.008330,-0.202394,0.042310,0.051693,-0.084962,0.407430,1.430127,0.386163,0.198308,-0.139358,-0.095867,0.129013,0.485159,0.365535,-0.073224,0.180731,0.163157,0.098037,1.253505,-0.337779,0.127603,-0.099683,0.010478,-0.145438,0.807290,-0.318199,-0.126138,0.109307
32.340000,-0.645340,-0.241460,1.009381,-0.192507,0.054673,0.053418,-0.077204,0.411330,1.427308,0.389614,0.191708,-0.142488,-0.088494,0.127463,0.488816,0.371774,-0.081806,0.184948,0.156343,0.100603,1.251494,-0.343615,0.129054,-0.101421,0.004097,-0.147976,0.809477,-0.319862,-0.127641,0.109369
32.360000,-0.649089,-0.240244,1.010467,-0.182394,0.066928,0.055177,-0.069378,0.415098,1.424427,0.393041,0.185062,-0.145618,-0.080997,0.125741,0.492557,0.377954,-0.090375,0.189121,0.149413,0.103199,1.249449,-0.349428,0.130551,-0.103144,-0.002316,-0.150544,0.811665,-0.321487,-0.129196,0.109407
32.380000,-0.652634,-0.238783,1.011589,-0.172054,0.079075,0.056970,-0.061483,0.418732,1.421483,0.396445,0.178372,-0.148750,-0.073376,0.123848,0.496381,0.384076,-0.098929,0.193250,0.142366,0.105825,1.247369,-0.355217,0.132094,-0.104851,-0.008762,-0.153144,0.813853,-0.323073,-0.130805,0.109423
32.400000,-0.655970,-0.237081,1.012746,-0.161488,0.091112,0.058797,-0.053520,0.422232,1.418477,0.399825,0.171636,-0.151884,-0.065634,0.121784,0.500286,0.390138,-0.107471,0.197335,0.135204,0.108483,1.245255,-0.360982,0.133685,-0.106543,-0.015239,-0.155777,0.816041,-0.324621,-0.132466,0.109416
32.420000,-0.659092,-0.235140,1.013941,-0.150726,0.102950,0.060655,-0.045490,0.425597,1.415408,0.403177,0.164874,-0.155008,-0.057771,0.119550,0.504274,0.396127,-0.115971,0.201367,0.127927,0.111173,1.243107,-0.366716,0.135327,-0.108220,-0.021747,-0.158443,0.818230,-0.326128,-0.134180,0.109386
32.440000,-0.661998,-0.232965,1.015173,-0.139801,0.114497,0.062543,-0.037393,0.428827,1.412277,0.406495,0.158103,-0.158114,-0.049790,0.117146,0.508341,0.402028,-0.124403,0.205339,0.120536,0.113897,1.240926,-0.372410,0.137024,-0.109880,-0.028284,-0.161144,0.820417,-0.327591,-0.135946,0.109335
32.460000,-0.664683,-0.230562,1.016443,-0.128712,0.125753,0.064459,-0.029230,0.431921,1.409084,0.409781,0.151322,-0.161202,-0.041691,0.114574,0.512487,0.407840,-0.132767,0.209251,0.113031,0.116655,1.238712,-0.378065,0.138777,-0.111524,-0.034850,-0.163881,0.822603,-0.329010,-0.137764,0.109262
32.480000,-0.667145,-0.227937,1.017751,-0.117460,0.136718,0.066405,-0.021002,0.434880,1.405829,0.413033,0.144533,-0.164272,-0.033477,0.111836,0.516710,0.413563,-0.141062,0.213102,0.105413,0.119448,1.236465,-0.383680,0.140586,-0.113152,-0.041444,-0.166655,0.824787,-0.330386,-0.139634,0.109167
32.500000,-0.669381,-0.225095,1.019099,-0.106044,0.147392,0.068379,-0.012709,0.437703,1.402513,0.416253,0.137735,-0.167323,-0.025149,0.108932,0.521010,0.419198,-0.149290,0.216892,0.097684,0.122278,1.234186,-0.389256,0.142450,-0.114763,-0.048065,-0.169467,0.826969,-0.331718,-0.141557,0.109050
32.520000,-0.671386,-0.222044,1.020487,-0.094491,0.157698,0.070375,-0.004352,0.440389,1.399136,0.419422,0.130940,-0.170346,-0.016709,0.105865,0.525386,0.424725,-0.157423,0.220617,0.089844,0.125146,1.231875,-0.394769,0.144368,-0.116356,-0.054712,-0.172318,0.829149,-0.333002,-0.143526,0.108910
32.540000,-0.673160,-0.218791,1.021914,-0.082830,0.167557,0.072383,0.004067,0.442940,1.395699,0.422525,0.124160,-0.173333,-0.008161,0.102636,0.529835,0.430126,-0.165434,0.224272,0.081894,0.128053,1.229532,-0.400199,0.146338,-0.117927,-0.061385,-0.175208,0.831326,-0.334234,-0.145536,0.108745
32.560000,-0.674699,-0.215345,1.023382,-0.071061,0.176972,0.074404,0.012548,0.445356,1.392203,0.425559,0.117394,-0.176282,0.000495,0.099248,0.534356,0.435400,-0.173324,0.227857,0.073836,0.131000,1.227158,-0.405544,0.148360,-0.119475,-0.068081,-0.178139,0.833499,-0.335415,-0.147586,0.108556
32.580000,-0.676001,-0.211715,1.024890,-0.059183,0.185940,0.076437,0.021089,0.447636,1.388648,0.428527,0.110642,-0.179195,0.009254,0.095704,0.538948,0.440548,-0.181093,0.231371,0.065673,0.133988,1.224753,-0.410805,0.150433,-0.121002,-0.074801,-0.181112,0.835668,-0.336543,-0.149677,0.108342
32.600000,-0.677065,-0.207910,1.026439,-0.047196,0.194463,0.078483,0.029689,0.449782,1.385036,0.431427,0.103905,-0.182071,0.018116,0.092005,0.543610,0.445569,-0.188741,0.234815,0.057405,0.137018,1.222318,-0.415982,0.152558,-0.122507,-0.081543,-0.184127,0.837832,-0.337620,-0.151809,0.108103
32.620000,-0.677889,-0.203939,1.028030,-0.035126,0.202485,0.080525,0.038346,0.451793,1.381366,0.434240,0.097199,-0.184900,0.027076,0.088155,0.548341,0.450438,-0.196240,0.238188,0.049034,0.140091,1.219853,-0.421050,0.154722,-0.123987,-0.088305,-0.187184,0.839992,-0.338642,-0.153967,0.107838
32.640000,-0.678470,-0.199814,1.029660,-0.022997,0.209949,0.082549,0.047058,0.453670,1.377640,0.436945,0.090544,-0.187673,0.036132,0.084157,0.553137,0.455132,-0.203564,0.241488,0.040563,0.143207,1.217359,-0.425988,0.156909,-0.125440,-0.095088,-0.190285,0.842145,-0.339606,-0.156140,0.107544
32.660000,-0.678808,-0.195545,1.031331,-0.010809,0.216856,0.084553,0.055823,0.455415,1.373859,0.439543,0.083939,-0.190390,0.045280,0.080014,0.558000,0.459649,-0.210714,0.244716,0.031995,0.146367,1.214835,-0.430793,0.159121,-0.126866,-0.101889,-0.193430,0.844293,-0.340514,-0.158328,0.107221
32.680000,-0.678902,-0.191144,1.033042,0.001437,0.223206,0.086539,0.064639,0.457028,1.370025,0.442033,0.077383,-0.193052,0.054517,0.075729,0.562926,0.463990,-0.217689,0.247872,0.023333,0.149572,1.212284,-0.435467,0.161357,-0.128264,-0.108708,-0.196619,0.846434,-0.341364,-0.160529,0.106870
32.700000,-0.678750,-0.186621,1.034793,0.013743,0.228999,0.088506,0.073503,0.458510,1.366138,0.444415,0.070878,-0.195657,0.063839,0.071307,0.567914,0.468154,-0.224489,0.250955,0.014578,0.152822,1.209705,-0.440009,0.163617,-0.129634,-0.115543,-0.199851,0.848568,-0.342156,-0.162745,0.106490
32.720000,-0.678352,-0.181988,1.036582,0.026093,0.234210,0.090428,0.082414,0.459863,1.362199,0.446666,0.064437,-0.198198,0.073242,0.066751,0.572963,0.472105,-0.231086,0.253959,0.005733,0.156117,1.207099,-0.444395,0.165881,-0.130973,-0.122394,-0.203128,0.850693,-0.342894,-0.164953,0.106080
32.740000,-0.677706,-0.177256,1.038409,0.038475,0.238818,0.092279,0.091369,0.461088,1.358210,0.448759,0.058077,-0.200664,0.082721,0.062065,0.578072,0.475806,-0.237455,0.256875,-0.003197,0.159457,1.204466,-0.448601,0.168127,-0.132275,-0.129259,-0.206449,0.852811,-0.343577,-0.167131,0.105639
32.760000,-0.676813,-0.172439,1.040273,0.050889,0.242821,0.094059,0.100364,0.462187,1.354173,0.450697,0.051798,-0.203056,0.092272,0.057254,0.583238,0.479256,-0.243593,0.259703,-0.012210,0.162842,1.201808,-0.452627,0.170357,-0.133540,-0.136137,-0.209813,0.854919,-0.344206,-0.169278,0.105168
32.780000,-0.675671,-0.167547,1.042171,0.063333,0.246221,0.095769,0.109396,0.463161,1.350088,0.452477,0.045599,-0.205374,0.101890,0.052323,0.588459,0.482455,-0.249503,0.262445,-0.021301,0.166271,1.199125,-0.456474,0.172568,-0.134768,-0.143027,-0.213220,0.857017,-0.344781,-0.171395,0.104667
32.800000,-0.674279,-0.162594,1.044103,0.075810,0.249016,0.097409,0.118462,0.464012,1.345958,0.454101,0.039480,-0.207618,0.111569,0.047276,0.593735,0.485403,-0.255182,0.265099,-0.030467,0.169744,1.196418,-0.460140,0.174763,-0.135960,-0.149928,-0.216669,0.859105,-0.345303,-0.173482,0.104134
32.820000,-0.672638,-0.157591,1.046067,0.088323,0.251217,0.098938,0.127559,0.464741,1.341784,0.455541,0.033452,-0.209778,0.121304,0.042118,0.599063,0.488069,-0.260608,0.267656,-0.039705,0.173261,1.193687,-0.463605,0.176912,-0.137108,-0.156839,-0.220159,0.861182,-0.345785,-0.175508,0.103572
32.840000,-0.670746,-0.152549,1.048060,0.100879,0.252836,0.100320,0.136682,0.465350,1.337568,0.456767,0.027527,-0.211847,0.131089,0.036853,0.604440,0.490421,-0.265754,0.270106,-0.049010,0.176820,1.190934,-0.466846,0.178987,-0.138203,-0.163759,-0.223689,0.863248,-0.346243,-0.177442,0.102979
32.860000,-0.668602,-0.147481,1.050079,0.113479,0.253873,0.101554,0.145828,0.465842,1.333311,0.457781,0.021705,-0.213824,0.140919,0.031489,0.609866,0.492458,-0.270622,0.272450,-0.058378,0.180420,1.188159,-0.469863,0.180989,-0.139246,-0.170688,-0.227256,0.865301,-0.346676,-0.179284,0.102356
32.880000,-0.666207,-0.142398,1.052121,0.126121,0.254327,0.102639,0.154992,0.466219,1.329016,0.458582,0.015985,-0.215710,0.150786,0.026030,0.615338,0.494182,-0.275210,0.274688,-0.067803,0.184059,1.185364,-0.472656,0.182916,-0.140237,-0.177626,-0.230859,0.867342,-0.347084,-0.181033,0.101704
32.900000,-0.663557,-0.137312,1.054183,0.138806,0.254198,0.103577,0.164170,0.466483,1.324683,0.459170,0.010368,-0.217503,0.160684,0.020483,0.620853,0.495591,-0.279520,0.276818,-0.077282,0.187736,1.182550,-0.475226,0.184770,-0.141176,-0.184571,-0.234497,0.869369,-0.347468,-0.182691,0.101021
32.920000,-0.660654,-0.132234,1.056263,0.151545,0.253517,0.104312,0.173357,0.466635,1.320316,0.459523,0.004869,-0.219193,0.170607,0.014852,0.626410,0.496660,-0.283529,0.278830,-0.086811,0.191449,1.179718,-0.477563,0.186516,-0.142050,-0.191524,-0.238166,0.871383,-0.347840,-0.184210,0.100318
32.940000,-0.657495,-0.127175,1.058354,0.164348,0.252312,0.104792,0.182549,0.466678,1.315916,0.459619,-0.000498,-0.220767,0.180548,0.009144,0.632005,0.497364,-0.287217,0.280710,-0.096383,0.195196,1.176869,-0.479658,0.188120,-0.142848,-0.198485,-0.241864,0.873382,-0.348214,-0.185543,0.099606
32.960000,-0.654080,-0.122145,1.060453,0.177215,0.250585,0.105016,0.191740,0.466616,1.311486,0.459458,-0.005731,-0.222225,0.190499,0.003365,0.637637,0.497701,-0.290583,0.282459,-0.105995,0.198973,1.174004,-0.481512,0.189581,-0.143568,-0.205453,-0.245587,0.875367,-0.348588,-0.186690,0.098884
32.980000,-0.650406,-0.117155,1.062553,0.190146,0.248335,0.104985,0.200926,0.466450,1.307028,0.459040,-0.010832,-0.223568,0.200454,-0.002477,0.643303,0.497674,-0.293628,0.284076,-0.115642,0.202778,1.171126,-0.483123,0.190900,-0.144211,-0.212429,-0.249330,0.877337,-0.348964,-0.187652,0.098152
33.000000,-0.646473,-0.112215,1.064650,0.203142,0.245562,0.104698,0.210100,0.466183,1.302544,0.458365,-0.015801,-0.224795,0.210404,-0.008378,0.648999,0.497280,-0.296352,0.285562,-0.125319,0.206608,1.168236,-0.484494,0.192076,-0.144777,-0.219412,-0.253091,0.879293,-0.349341,-0.188427,0.097411
33.020000,-0.642280,-0.107336,1.066739,0.216226,0.242281,0.104083,0.219258,0.465819,1.298037,0.457419,-0.020619,-0.225892,0.220342,-0.014329,0.654724,0.496510,-0.298743,0.286904,-0.135020,0.210460,1.165336,-0.485622,0.193071,-0.145257,-0.226402,-0.256866,0.881234,-0.349738,-0.188955,0.096676
33.040000,-0.637824,-0.102527,1.068811,0.229421,0.238508,0.103065,0.228395,0.465360,1.293510,0.456188,-0.025273,-0.226844,0.230262,-0.020325,0.660474,0.495352,-0.300790,0.288091,-0.144742,0.214330,1.162427,-0.486507,0.193846,-0.145642,-0.233401,-0.260648,0.883160,-0.350176,-0.189173,0.095964
33.060000,-0.633102,-0.097799,1.070859,0.242728,0.234242,0.101645,0.237504,0.464809,1.288964,0.454672,-0.029760,-0.227652,0.240154,-0.026359,0.666247,0.493806,-0.302492,0.289122,-0.154479,0.218213,1.159511,-0.487150,0.194399,-0.145933,-0.240410,-0.264431,0.885072,-0.350654,-0.189080,0.095274
33.080000,-0.628114,-0.093161,1.072874,0.256147,0.229484,0.099824,0.246580,0.464170,1.284404,0.452871,-0.034082,-0.228314,0.250011,-0.032423,0.672038,0.491873,-0.303850,0.289998,-0.164226,0.222104,1.156590,-0.487551,0.194731,-0.146129,-0.247428,-0.268209,0.886971,-0.351173,-0.188677,0.094607
33.100000,-0.622856,-0.088623,1.074849,0.269677,0.224234,0.097601,0.255617,0.463447,1.279833,0.450786,-0.038238,-0.228832,0.259826,-0.038510,0.677846,0.489551,-0.304865,0.290718,-0.173979,0.226000,1.153666,-0.487709,0.194843,-0.146231,-0.254457,-0.271976,0.888857,-0.351732,-0.187964,0.093962
33.120000,-0.617327,-0.084194,1.076776,0.283197,0.218619,0.095004,0.264609,0.462642,1.275252,0.448420,-0.042215,-0.229193,0.269591,-0.044615,0.683666,0.486844,-0.305533,0.291271,-0.183733,0.229896,1.150741,-0.487624,0.194706,-0.146230,-0.261497,-0.275725,0.890730,-0.352311,-0.186934,0.093346
33.140000,-0.611529,-0.079880,1.078647,0.296582,0.212771,0.092062,0.273552,0.461759,1.270666,0.445778,-0.046000,-0.229383,0.279297,-0.050729,0.689495,0.483755,-0.305854,0.291644,-0.193483,0.233787,1.147818,-0.487298,0.194294,-0.146118,-0.268549,-0.279451,0.892591,-0.352889,-0.185580,0.092764
33.160000,-0.605464,-0.075685,1.080456,0.309832,0.206687,0.088775,0.282439,0.460803,1.266078,0.442859,-0.049592,-0.229404,0.288938,-0.056847,0.695330,0.480284,-0.305828,0.291838,-0.203223,0.237666,1.144897,-0.486729,0.193606,-0.145895,-0.275613,-0.283146,0.894441,-0.353466,-0.183903,0.092218
33.180000,-0.599136,-0.071614,1.082196,0.322949,0.200369,0.085142,0.291264,0.459777,1.261491,0.439664,-0.052992,-0.229254,0.298506,-0.062960,0.701168,0.476430,-0.305455,0.291854,-0.212950,0.241529,1.141983,-0.485919,0.192642,-0.145561,-0.282688,-0.286805,0.896280,-0.354042,-0.181901,0.091707
33.200000,-0.592547,-0.067671,1.083859,0.335931,0.193816,0.081165,0.300023,0.458685,1.256909,0.436193,-0.056200,-0.228935,0.307993,-0.069063,0.707003,0.472194,-0.304735,0.291689,-0.222658,0.245370,1.139076,-0.484867,0.191403,-0.145116,-0.289774,-0.290420,0.898109,-0.354618,-0.179576,0.091231
33.220000,-0.585701,-0.063862,1.085440,0.348658,0.187126,0.076892,0.308710,0.457530,1.252335,0.432469,-0.059207,-0.228436,0.317391,-0.075147,0.712834,0.467597,-0.303680,0.291338,-0.232343,0.249183,1.136179,-0.483566,0.189888,-0.144554,-0.296872,-0.293986,0.899929,-0.355152,-0.176948,0.090793
33.240000,-0.578603,-0.060187,1.086933,0.361012,0.180398,0.072374,0.317321,0.456318,1.247773,0.428514,-0.062005,-0.227749,0.326695,-0.081208,0.718656,0.462659,-0.302302,0.290790,-0.241999,0.252964,1.133294,-0.482010,0.188097,-0.143866,-0.303980,-0.297496,0.901741,-0.355606,-0.174038,0.090397
33.260000,-0.571263,-0.056646,1.088334,0.372992,0.173632,0.067611,0.325849,0.455052,1.243226,0.424329,-0.064596,-0.226873,0.335896,-0.087237,0.724464,0.457380,-0.300601,0.290047,-0.251622,0.256705,1.130425,-0.480200,0.186028,-0.143054,-0.311096,-0.300946,0.903546,-0.355978,-0.170845,0.090043
33.280000,-0.563686,-0.053242,1.089636,0.384598,0.166828,0.062602,0.334292,0.453736,1.238699,0.419913,-0.066978,-0.225808,0.344987,-0.093230,0.730256,0.451761,-0.298577,0.289108,-0.261206,0.260403,1.127573,-0.478135,0.183684,-0.142117,-0.318219,-0.304328,0.905343,-0.356269,-0.167370,0.089730
33.300000,-0.555881,-0.049973,1.090836,0.395831,0.159986,0.057348,0.342644,0.452374,1.234195,0.415267,-0.069151,-0.224555,0.353964,-0.099178,0.736027,0.445801,-0.296230,0.287973,-0.270746,0.264051,1.124741,-0.475816,0.181062,-0.141056,-0.325346,-0.307638,0.907135,-0.356478,-0.163612,0.089460
33.320000,-0.547856,-0.046842,1.091929,0.406590,0.153171,0.051914,0.350902,0.450971,1.229718,0.410418,-0.071122,-0.223119,0.362818,-0.105077,0.741774,0.439541,-0.293587,0.286641,-0.280237,0.267644,1.121932,-0.473225,0.178191,-0.139869,-0.332477,-0.310871,0.908922,-0.356553,-0.159615,0.089229
33.340000,-0.539622,-0.043846,1.092912,0.416776,0.146447,0.046367,0.359060,0.449530,1.225272,0.405395,-0.072896,-0.221508,0.371544,-0.110920,0.747492,0.433021,-0.290676,0.285110,-0.289673,0.271177,1.119147,-0.470347,0.175098,-0.138555,-0.339607,-0.314022,0.910704,-0.356438,-0.155420,0.089035
33.360000,-0.531189,-0.040983,1.093783,0.426390,0.139814,0.040705,0.367116,0.448056,1.220859,0.400197,-0.074473,-0.219721,0.380137,-0.116702,0.753177,0.426240,-0.287498,0.283380,-0.299048,0.274646,1.116390,-0.467181,0.171781,-0.137116,-0.346733,-0.317087,0.912483,-0.356134,-0.151029,0.088877
33.380000,-0.522570,-0.038253,1.094539,0.435432,0.133273,0.034930,0.375067,0.446553,1.216484,0.394824,-0.075853,-0.217758,0.388591,-0.122418,0.758826,0.419199,-0.284051,0.281451,-0.308358,0.278047,1.113663,-0.463727,0.168242,-0.135551,-0.353851,-0.320062,0.914260,-0.355641,-0.146441,0.088756
33.400000,-0.513775,-0.035652,1.095179,0.443901,0.126824,0.029041,0.382908,0.445024,1.212150,0.389277,-0.077035,-0.215620,0.396903,-0.128062,0.764434,0.411897,-0.280336,0.279323,-0.317596,0.281374,1.110969,-0.459985,0.164481,-0.133859,-0.360957,-0.322943,0.916034,-0.354959,-0.141656,0.088671
33.420000,-0.504818,-0.033179,1.095701,0.451731,0.120501,0.023108,0.390637,0.443473,1.207860,0.383584,-0.078035,-0.213322,0.405066,-0.133630,0.769997,0.404393,-0.276394,0.277004,-0.326755,0.284625,1.108310,-0.455952,0.160543,-0.132047,-0.368048,-0.325727,0.917807,-0.354049,-0.136735,0.088612
33.440000,-0.495711,-0.030831,1.096104,0.458852,0.114341,0.017202,0.398251,0.441903,1.203618,0.377772,-0.078865,-0.210881,0.413078,-0.139117,0.775512,0.396742,-0.272269,0.274500,-0.335832,0.287795,1.105688,-0.451625,0.156475,-0.130120,-0.375118,-0.328412,0.919579,-0.352874,-0.131739,0.088565
33.460000,-0.486469,-0.028604,1.096389,0.465266,0.108343,0.011324,0.405747,0.440319,1.199426,0.371842,-0.079525,-0.208296,0.420935,-0.144519,0.780976,0.388945,-0.267959,0.271812,-0.344819,0.290883,1.103106,-0.447005,0.152278,-0.128078,-0.382161,-0.330996,0.921349,-0.351433,-0.126667,0.088531
33.480000,-0.477105,-0.026496,1.096557,0.470973,0.102506,0.005473,0.413123,0.438723,1.195287,0.365794,-0.080015,-0.205568,0.428634,-0.149834,0.786384,0.381003,-0.263466,0.268939,-0.353710,0.293886,1.100566,-0.442091,0.147950,-0.125921,-0.389173,-0.333478,0.923120,-0.349726,-0.121520,0.088510
33.500000,-0.467634,-0.024503,1.096608,0.475972,0.096832,-0.000351,0.420378,0.437120,1.191204,0.359627,-0.080336,-0.202697,0.436174,-0.155057,0.791732,0.372914,-0.258788,0.265882,-0.362500,0.296800,1.098070,-0.436884,0.143493,-0.123650,-0.396148,-0.335856,0.924890,-0.347754,-0.116297,0.088502
33.520000,-0.458071,-0.022622,1.096543,0.480233,0.091333,-0.006087,0.427508,0.435511,1.187180,0.353374,-0.080506,-0.199706,0.443550,-0.160185,0.797018,0.364729,-0.253965,0.262665,-0.371183,0.299625,1.095620,-0.431397,0.138956,-0.121274,-0.403082,-0.338130,0.926660,-0.345506,-0.111055,0.088492
33.540000,-0.448430,-0.020848,1.096365,0.483725,0.086022,-0.011674,0.434512,0.433900,1.183217,0.347066,-0.080543,-0.196620,0.450763,-0.165215,0.802238,0.356496,-0.249036,0.259313,-0.379754,0.302358,1.093219,-0.425646,0.134388,-0.118806,-0.409967,-0.340299,0.928429,-0.342972,-0.105851,0.088465
33.560000,-0.438727,-0.019179,1.096077,0.486448,0.080900,-0.017111,0.441390,0.432290,1.179316,0.340703,-0.080448,-0.193438,0.457810,-0.170145,0.807390,0.348215,-0.244002,0.255826,-0.388208,0.305000,1.090869,-0.419631,0.129789,-0.116245,-0.416798,-0.342364,0.930198,-0.340153,-0.100685,0.088421
33.580000,-0.428977,-0.017611,1.095682,0.488401,0.075965,-0.022399,0.448140,0.430683,1.175480,0.334285,-0.080220,-0.190161,0.464691,-0.174974,0.812470,0.339886,-0.238862,0.252203,-0.396538,0.307550,1.088570,-0.413352,0.125159,-0.113590,-0.423571,-0.344326,0.931966,-0.337049,-0.095556,0.088361
33.600000,-0.419196,-0.016140,1.095182,0.489586,0.071220,-0.027537,0.454761,0.429082,1.171710,0.327812,-0.079861,-0.186788,0.471405,-0.179699,0.817477,0.331510,-0.233617,0.248445,-0.404740,0.310006,1.086326,-0.406808,0.120499,-0.110843,-0.430279,-0.346186,0.933733,-0.333660,-0.090465,0.088284
33.620000,-0.409399,-0.014761,1.094582,0.490023,0.066661,-0.032478,0.461252,0.427490,1.168009,0.321303,-0.079383,-0.183335,0.477951,-0.184318,0.822407,0.323129,-0.228303,0.244585,-0.412809,0.312370,1.084137,-0.400040,0.115850,-0.108020,-0.436916,-0.347945,0.935497,-0.330006,-0.085454,0.088177
33.640000,-0.399600,-0.013472,1.093885,0.489733,0.062290,-0.037173,0.467613,0.425908,1.164377,0.314776,-0.078803,-0.179816,0.484330,-0.188831,0.827260,0.314788,-0.222958,0.240655,-0.420740,0.314641,1.082005,-0.393086,0.111257,-0.105138,-0.443477,-0.349605,0.937259,-0.326107,-0.080565,0.088025
33.660000,-0.389814,-0.012268,1.093097,0.488717,0.058105,-0.041622,0.473843,0.424338,1.160816,0.308230,-0.078120,-0.176232,0.490543,-0.193236,0.832033,0.306486,-0.217582,0.236654,-0.428531,0.316820,1.079932,-0.385945,0.106718,-0.102197,-0.449958,-0.351169,0.939018,-0.321965,-0.075798,0.087828
33.680000,-0.380056,-0.011146,1.092222,0.486974,0.054107,-0.045825,0.479942,0.422783,1.157328,0.301668,-0.077335,-0.172582,0.496590,-0.197534,0.836725,0.298223,-0.212173,0.232584,-0.436177,0.318910,1.077918,-0.378619,0.102234,-0.099198,-0.456354,-0.352638,0.940772,-0.317579,-0.071154,0.087587
33.700000,-0.370340,-0.010103,1.091265,0.484505,0.050295,-0.049782,0.485910,0.421245,1.153914,0.295087,-0.076447,-0.168867,0.502472,-0.201723,0.841336,0.290000,-0.206734,0.228444,-0.443674,0.320910,1.075964,-0.371107,0.097805,-0.096139,-0.462660,-0.354016,0.942521,-0.312949,-0.066632,0.087302
33.720000,-0.360681,-0.009133,1.090232,0.481373,0.046662,-0.053463,0.491746,0.419726,1.150574,0.288503,-0.075470,-0.165097,0.508191,-0.205803,0.845863,0.281844,-0.201289,0.224261,-0.451020,0.322822,1.074073,-0.363457,0.093456,-0.093038,-0.468871,-0.355304,0.944264,-0.308112,-0.062251,0.086974
33.740000,-0.351089,-0.008235,1.089129,0.477642,0.043197,-0.056838,0.497450,0.418227,1.147310,0.281930,-0.074416,-0.161284,0.513747,-0.209775,0.850306,0.273784,-0.195863,0.220062,-0.458212,0.324649,1.072243,-0.355717,0.089209,-0.089910,-0.474983,-0.356507,0.946000,-0.303108,-0.058032,0.086604
33.760000,-0.341579,-0.007404,1.087961,0.473313,0.039901,-0.059907,0.503023,0.416750,1.144123,0.275368,-0.073285,-0.157428,0.519143,-0.213638,0.854665,0.265819,-0.190459,0.215848,-0.465248,0.326392,1.070476,-0.347886,0.085066,-0.086754,-0.480994,-0.357627,0.947728,-0.297936,-0.053973,0.086192
33.780000,-0.332161,-0.006638,1.086734,0.468386,0.036775,-0.062669,0.508465,0.415296,1.141013,0.268818,-0.072079,-0.153529,0.524380,-0.217393,0.858940,0.257949,-0.185074,0.211617,-0.472127,0.328052,1.068773,-0.339964,0.081027,-0.083571,-0.486900,-0.358667,0.949447,-0.292596,-0.050075,0.085739
33.800000,-0.322847,-0.005932,1.085456,0.462860,0.033817,-0.065126,0.513776,0.413867,1.137982,0.262278,-0.070795,-0.149588,0.529461,-0.221041,0.863130,0.250174,-0.179710,0.207371,-0.478846,0.329633,1.067134,-0.331952,0.077090,-0.080362,-0.492697,-0.359631,0.951157,-0.287087,-0.046338,0.085245
33.820000,-0.313650,-0.005284,1.084132,0.456808,0.031016,-0.067272,0.518956,0.412465,1.135030,0.255763,-0.069447,-0.145612,0.534388,-0.224582,0.867235,0.242516,-0.174386,0.203133,-0.485405,0.331137,1.065559,-0.323898,0.073270,-0.077139,-0.498382,-0.360522,0.952857,-0.281455,-0.042766,0.084717
33.840000,-0.304578,-0.004691,1.082767,0.450303,0.028360,-0.069103,0.524007,0.411090,1.132158,0.249285,-0.068046,-0.141613,0.539163,-0.228017,0.871255,0.234994,-0.169124,0.198926,-0.491802,0.332565,1.064048,-0.315850,0.069576,-0.073919,-0.503954,-0.361343,0.954546,-0.275744,-0.039365,0.084164
33.860000,-0.295641,-0.004149,1.081370,0.443343,0.025849,-0.070620,0.528928,0.409743,1.129365,0.242845,-0.066592,-0.137589,0.543789,-0.231347,0.875192,0.227610,-0.163923,0.194751,-0.498039,0.333921,1.062602,-0.307808,0.066009,-0.070701,-0.509411,-0.362097,0.956223,-0.269954,-0.036133,0.083587
33.880000,-0.286847,-0.003656,1.079945,0.435930,0.023483,-0.071823,0.533721,0.408427,1.126654,0.236442,-0.065084,-0.133541,0.548268,-0.234574,0.879046,0.220362,-0.158783,0.190608,-0.504115,0.335206,1.061220,-0.299771,0.062570,-0.067484,-0.514752,-0.362789,0.957889,-0.264085,-0.033072,0.082984
33.900000,-0.278207,-0.003209,1.078499,0.428063,0.021262,-0.072711,0.538386,0.407140,1.124024,0.230076,-0.063523,-0.129469,0.552604,-0.237699,0.882817,0.213251,-0.153704,0.186496,-0.510030,0.336424,1.059903,-0.291741,0.059258,-0.064270,-0.519974,-0.363421,0.959543,-0.258136,-0.030181,0.082357
33.920000,-0.269727,-0.002804,1.077038,0.419824,0.019173,-0.073303,0.542924,0.405886,1.121476,0.223757,-0.061918,-0.125379,0.556799,-0.240723,0.886506,0.206292,-0.148702,0.182435,-0.515784,0.337577,1.058649,-0.283760,0.056077,-0.061070,-0.525077,-0.363997,0.961183,-0.252153,-0.027455,0.081714
33.940000,-0.261416,-0.002441,1.075568,0.411293,0.017203,-0.073616,0.547336,0.404664,1.119009,0.217493,-0.060278,-0.121276,0.560857,-0.243648,0.890115,0.199500,-0.143794,0.178444,-0.521381,0.338668,1.057460,-0.275872,0.053029,-0.057899,-0.530060,-0.364521,0.962811,-0.246178,-0.024890,0.081065
33.960000,-0.253278,-0.002115,1.074095,0.402471,0.015354,-0.073652,0.551624,0.403475,1.116625,0.211284,-0.058603,-0.117162,0.564780,-0.246475,0.893644,0.192874,-0.138978,0.174522,-0.526820,0.339699,1.056333,-0.268077,0.050116,-0.054757,-0.534924,-0.364994,0.964426,-0.240213,-0.022485,0.080411
33.980000,-0.245319,-0.001826,1.072624,0.393358,0.013623,-0.073410,0.555788,0.402320,1.114323,0.205131,-0.056893,-0.113035,0.568573,-0.249208,0.897096,0.186414,-0.134255,0.170669,-0.532104,0.340674,1.055269,-0.260375,0.047337,-0.051642,-0.539669,-0.365421,0.966028,-0.234256,-0.020241,0.079752
34.000000,-0.237545,-0.001570,1.071161,0.383954,0.012013,-0.072890,0.559830,0.401200,1.112103,0.199033,-0.055148,-0.108895,0.572238,-0.251846,0.900471,0.180120,-0.129626,0.166886,-0.537236,0.341594,1.054267,-0.252767,0.044691,-0.048556,-0.544295,-0.365805,0.967616,-0.228309,-0.018158,0.079087
34.020000,-0.229962,-0.001345,1.069710,0.374355,0.010510,-0.072126,0.563750,0.400114,1.109967,0.193008,-0.053381,-0.104762,0.575779,-0.254393,0.903772,0.173998,-0.125097,0.163183,-0.542216,0.342462,1.053327,-0.245282,0.042177,-0.045508,-0.548802,-0.366148,0.969191,-0.222404,-0.016224,0.078424
34.040000,-0.222572,-0.001149,1.068277,0.364657,0.009103,-0.071155,0.567551,0.399064,1.107913,0.187070,-0.051607,-0.100654,0.579199,-0.256851,0.906999,0.168053,-0.120679,0.159568,-0.547048,0.343282,1.052446,-0.237950,0.039791,-0.042509,-0.553191,-0.366455,0.970753,-0.216577,-0.014430,0.077768
34.060000,-0.215376,-0.000980,1.066865,0.354860,0.007793,-0.069976,0.571233,0.398050,1.105940,0.181221,-0.049825,-0.096572,0.582502,-0.259221,0.910155,0.162284,-0.116370,0.156042,-0.551735,0.344055,1.051626,-0.230772,0.037533,-0.039559,-0.557465,-0.366726,0.972302,-0.210827,-0.012776,0.077120
34.080000,-0.208378,-0.000836,1.065479,0.344966,0.006579,-0.068588,0.574800,0.397071,1.104050,0.175460,-0.048036,-0.092515,0.585692,-0.261506,0.913241,0.156692,-0.112171,0.152604,-0.556280,0.344784,1.050864,-0.223747,0.035403,-0.036657,-0.561625,-0.366967,0.973838,-0.205154,-0.011261,0.076480
34.100000,-0.201578,-0.000716,1.064123,0.334972,0.005461,-0.066993,0.578252,0.396129,1.102240,0.169788,-0.046239,-0.088483,0.588771,-0.263709,0.916260,0.151277,-0.108082,0.149256,-0.560686,0.345472,1.050159,-0.216876,0.033401,-0.033804,-0.565672,-0.367178,0.975361,-0.199559,-0.009886,0.075848
34.120000,-0.194979,-0.000617,1.062801,0.324970,0.004429,-0.065233,0.581592,0.395222,1.100510,0.164220,-0.044449,-0.084502,0.591744,-0.265830,0.919212,0.146041,-0.104111,0.145999,-0.564956,0.346121,1.049511,-0.210184,0.031518,-0.031013,-0.569608,-0.367363,0.976872,-0.194071,-0.008633,0.075226
34.140000,-0.188579,-0.000538,1.061515,0.315047,0.003473,-0.063353,0.584822,0.394351,1.098859,0.158772,-0.042681,-0.080597,0.594614,-0.267874,0.922101,0.140989,-0.100266,0.142837,-0.569094,0.346733,1.048918,-0.203695,0.029745,-0.028299,-0.573436,-0.367524,0.978370,-0.188724,-0.007484,0.074616
34.160000,-0.182377,-0.000478,1.060268,0.305204,0.002592,-0.061351,0.587944,0.393514,1.097285,0.153443,-0.040936,-0.076769,0.597385,-0.269842,0.924926,0.136120,-0.096547,0.139770,-0.573105,0.347311,1.048379,-0.197411,0.028081,-0.025662,-0.577158,-0.367663,0.979856,-0.183517,-0.006440,0.074018
34.180000,-0.176370,-0.000434,1.059062,0.295442,0.001787,-0.059228,0.590960,0.392713,1.095788,0.148234,-0.039213,-0.073018,0.600060,-0.271737,0.927692,0.131434,-0.092953,0.136798,-0.576992,0.347857,1.047891,-0.191330,0.026526,-0.023101,-0.580777,-0.367782,0.981331,-0.178449,-0.005500,0.073432
34.200000,-0.170558,-0.000406,1.057899,0.285759,0.001058,-0.056985,0.593874,0.391946,1.094364,0.143144,-0.037512,-0.069343,0.602643,-0.273561,0.930399,0.126933,-0.089485,0.133920,-0.580760,0.348373,1.047454,-0.185454,0.025081,-0.020616,-0.584297,-0.367884,0.982794,-0.173522,-0.004666,0.072858
34.220000,-0.164939,-0.000392,1.056783,0.276222,0.000395,-0.054661,0.596687,0.391212,1.093013,0.138180,-0.035842,-0.065759,0.605138,-0.275317,0.933049,0.122606,-0.086141,0.131132,-0.584412,0.348861,1.047066,-0.179788,0.023735,-0.018215,-0.587719,-0.367969,0.984245,-0.168749,-0.003919,0.072294
34.240000,-0.159508,-0.000390,1.055713,0.266896,-0.000211,-0.052298,0.599402,0.390512,1.091733,0.133345,-0.034212,-0.062281,0.607549,-0.277007,0.935645,0.118448,-0.082921,0.128427,-0.587953,0.349323,1.046725,-0.174340,0.022477,-0.015903,-0.591048,-0.368041,0.985686,-0.164146,-0.003243,0.071740
34.260000,-0.154262,-0.000400,1.054691,0.257782,-0.000760,-0.049895,0.602022,0.389844,1.090521,0.128640,-0.032622,-0.058907,0.609877,-0.278635,0.938187,0.114457,-0.079823,0.125807,-0.591387,0.349761,1.046429,-0.169110,0.021307,-0.013681,-0.594286,-0.368100,0.987115,-0.159713,-0.002638,0.071194
34.280000,-0.149195,-0.000420,1.053718,0.248880,-0.001253,-0.047452,0.604549,0.389207,1.089376,0.124065,-0.031072,-0.055640,0.612128,-0.280201,0.940678,0.110634,-0.076848,0.123271,-0.594719,0.350176,1.046177,-0.164099,0.020226,-0.011548,-0.597438,-0.368147,0.988534,-0.155449,-0.002104,0.070658
34.300000,-0.144305,-0.000449,1.052793,0.240189,-0.001688,-0.044969,0.606985,0.388600,1.088295,0.119620,-0.029563,-0.052477,0.614304,-0.281709,0.943118,0.106978,-0.073997,0.120819,-0.597952,0.350570,1.045967,-0.159305,0.019232,-0.009505,-0.600505,-0.368184,0.989941,-0.151355,-0.001641,0.070131
34.320000,-0.139586,-0.000487,1.051919,0.231748,-0.002074,-0.042479,0.609334,0.388024,1.087276,0.115304,-0.028099,-0.049428,0.616408,-0.283162,0.945511,0.103479,-0.071263,0.118441,-0.601092,0.350946,1.045796,-0.154726,0.018316,-0.007555,-0.603493,-0.368213,0.991339,-0.147432,-0.001236,0.069611
34.340000,-0.135033,-0.000532,1.051094,0.223597,-0.002420,-0.040015,0.611598,0.387476,1.086317,0.111120,-0.026686,-0.046502,0.618444,-0.284561,0.947856,0.100124,-0.068642,0.116126,-0.604143,0.351303,1.045664,-0.150357,0.017466,-0.005701,-0.606404,-0.368234,0.992726,-0.143679,-0.000876,0.069095
34.360000,-0.130640,-0.000584,1.050318,0.215736,-0.002726,-0.037577,0.613780,0.386956,1.085415,0.107066,-0.025325,-0.043699,0.620414,-0.285908,0.950156,0.096914,-0.066135,0.113875,-0.607108,0.351645,1.045568,-0.146198,0.016682,-0.003943,-0.609241,-0.368248,0.994103,-0.140098,-0.000559,0.068584
34.380000,-0.126402,-0.000641,1.049591,0.208163,-0.002991,-0.035165,0.615882,0.386463,1.084568,0.103143,-0.024016,-0.041018,0.622321,-0.287207,0.952412,0.093848,-0.063740,0.111688,-0.609992,0.351971,1.045506,-0.142250,0.015965,-0.002282,-0.612009,-0.368257,0.995469,-0.136686,-0.000287,0.068077
34.400000,-0.122312,-0.000703,1.048911,0.200880,-0.003216,-0.032778,0.617906,0.385995,1.083774,0.099351,-0.022758,-0.038460,0.624169,-0.288459,0.954624,0.090927,-0.061459,0.109564,-0.612799,0.352284,1.045476,-0.138512,0.015313,-0.000717,-0.614710,-0.368260,0.996826,-0.133446,-0.000058,0.067575
34.420000,-0.118365,-0.000769,1.048279,0.193904,-0.003409,-0.030441,0.619857,0.385552,1.083029,0.095689,-0.021552,-0.036024,0.625959,-0.289666,0.956795,0.088137,-0.059283,0.107498,-0.615534,0.352584,1.045476,-0.134973,0.014719,0.000756,-0.617348,-0.368259,0.998172,-0.130371,0.000137,0.067074
34.440000,-0.114554,-0.000839,1.047693,0.187250,-0.003575,-0.028176,0.621735,0.385133,1.082332,0.092155,-0.020401,-0.033708,0.627695,-0.290831,0.958925,0.085467,-0.057206,0.105482,-0.618200,0.352873,1.045505,-0.131622,0.014171,0.002139,-0.619926,-0.368255,0.999509,-0.127454,0.000309,0.066571
34.460000,-0.110872,-0.000912,1.047152,0.180919,-0.003715,-0.025985,0.623544,0.384736,1.081680,0.088750,-0.019303,-0.031513,0.629379,-0.291955,0.961014,0.082916,-0.055225,0.103517,-0.620800,0.353151,1.045561,-0.128457,0.013672,0.003433,-0.622447,-0.368247,1.000835,-0.124695,0.000459,0.066067
34.480000,-0.107315,-0.000987,1.046653,0.174910,-0.003829,-0.023866,0.625286,0.384360,1.081071,0.085473,-0.018259,-0.029439,0.631013,-0.293040,0.963066,0.080484,-0.053343,0.101603,-0.623339,0.353420,1.045642,-0.125480,0.013219,0.004638,-0.624915,-0.368236,1.002151,-0.122094,0.000587,0.065562
34.500000,-0.103874,-0.001065,1.046197,0.169225,-0.003916,-0.021820,0.626963,0.384005,1.080502,0.082325,-0.017270,-0.027486,0.632599,-0.294089,0.965079,0.078172,-0.051559,0.099739,-0.625820,0.353680,1.045746,-0.122690,0.012814,0.005755,-0.627332,-0.368224,1.003458,-0.119653,0.000693,0.065055
34.520000,-0.100544,-0.001144,1.045780,0.163858,-0.003984,-0.019858,0.628580,0.383669,1.079971,0.079309,-0.016333,-0.025649,0.634140,-0.295103,0.967056,0.075970,-0.049866,0.097927,-0.628248,0.353933,1.045872,-0.120072,0.012449,0.006789,-0.629702,-0.368209,1.004754,-0.117357,0.000780,0.064554
34.540000,-0.097317,-0.001224,1.045402,0.158807,-0.004038,-0.017990,0.630137,0.383351,1.079475,0.076426,-0.015448,-0.023922,0.635638,-0.296084,0.968996,0.073869,-0.048258,0.096164,-0.630624,0.354178,1.046017,-0.117614,0.012115,0.007748,-0.632027,-0.368192,1.006040,-0.115196,0.000854,0.064063
34.560000,-0.094189,-0.001305,1.045060,0.154070,-0.004077,-0.016217,0.631638,0.383051,1.079013,0.073677,-0.014616,-0.022305,0.637096,-0.297034,0.970902,0.071869,-0.046734,0.094451,-0.632953,0.354418,1.046181,-0.115315,0.011814,0.008632,-0.634310,-0.368175,1.007316,-0.113170,0.000914,0.063583
34.580000,-0.091153,-0.001387,1.044752,0.149648,-0.004102,-0.014537,0.633085,0.382766,1.078582,0.071062,-0.013836,-0.020800,0.638514,-0.297954,0.972775,0.069971,-0.045295,0.092789,-0.635238,0.354651,1.046362,-0.113174,0.011545,0.009441,-0.636555,-0.368156,1.008583,-0.111278,0.000961,0.063114
34.600000,-0.088201,-0.001469,1.044478,0.145541,-0.004112,-0.012952,0.634481,0.382497,1.078180,0.068581,-0.013108,-0.019404,0.639895,-0.298846,0.974614,0.068175,-0.043940,0.091176,-0.637481,0.354880,1.046558,-0.111193,0.011309,0.010175,-0.638762,-0.368136,1.009841,-0.109521,0.000994,0.062656
34.620000,-0.085329,-0.001552,1.044234,0.141733,-0.004113,-0.011463,0.635829,0.382242,1.077805,0.066243,-0.012430,-0.018114,0.641242,-0.299712,0.976422,0.066476,-0.042667,0.089621,-0.639687,0.355104,1.046769,-0.109356,0.011098,0.010843,-0.640936,-0.368116,1.011090,-0.107887,0.001017,0.062214
34.640000,-0.082530,-0.001634,1.044018,0.138207,-0.004108,-0.010072,0.637132,0.381999,1.077455,0.064057,-0.011803,-0.016923,0.642555,-0.300554,0.978200,0.064874,-0.041471,0.088131,-0.641857,0.355324,1.046992,-0.107651,0.010908,0.011451,-0.643079,-0.368096,1.012330,-0.106366,0.001034,0.061790
34.660000,-0.079799,-0.001716,1.043830,0.134964,-0.004097,-0.008780,0.638392,0.381769,1.077128,0.062023,-0.011225,-0.015830,0.643837,-0.301372,0.979948,0.063368,-0.040353,0.086705,-0.643994,0.355540,1.047226,-0.106076,0.010738,0.012002,-0.645192,-0.368075,1.013561,-0.104957,0.001044,0.061386
34.680000,-0.077130,-0.001798,1.043667,0.132004,-0.004080,-0.007586,0.639614,0.381550,1.076821,0.060142,-0.010696,-0.014837,0.645090,-0.302168,0.981668,0.061957,-0.039313,0.085344,-0.646101,0.355753,1.047471,-0.104633,0.010588,0.012493,-0.647278,-0.368054,1.014785,-0.103661,0.001048,0.061000
34.700000,-0.074517,-0.001879,1.043526,0.129327,-0.004058,-0.006491,0.640799,0.381341,1.076534,0.058414,-0.010218,-0.013942,0.646316,-0.302945,0.983362,0.060642,-0.038350,0.084047,-0.648180,0.355964,1.047726,-0.103320,0.010458,0.012926,-0.649339,-0.368033,1.016001,-0.102478,0.001045,0.060634
34.720000,-0.071955,-0.001960,1.043406,0.126908,-0.004034,-0.005490,0.641951,0.381141,1.076263,0.056834,-0.009785,-0.013137,0.647517,-0.303703,0.985031,0.059428,-0.037466,0.082831,-0.650234,0.356172,1.047988,-0.102126,0.010345,0.013309,-0.651377,-0.368012,1.017211,-0.101398,0.001038,0.060289
34.740000,-0.069439,-0.002040,1.043306,0.124724,-0.004009,-0.004580,0.643073,0.380949,1.076007,0.055400,-0.009394,-0.012413,0.648694,-0.304444,0.986676,0.058319,-0.036661,0.081710,-0.652266,0.356378,1.048258,-0.101038,0.010243,0.013649,-0.653395,-0.367992,1.018413,-0.100410,0.001030,0.059968
34.760000,-0.066964,-0.002120,1.043223,0.122775,-0.003984,-0.003760,0.644168,0.380765,1.075766,0.054111,-0.009046,-0.011770,0.649850,-0.305170,0.988300,0.057315,-0.035935,0.080685,-0.654276,0.356582,1.048534,-0.100056,0.010154,0.013946,-0.655395,-0.367971,1.019609,-0.099516,0.001021,0.059670
34.780000,-0.064526,-0.002200,1.043155,0.121060,-0.003959,-0.003032,0.645239,0.380587,1.075536,0.052968,-0.008740,-0.011208,0.650987,-0.305882,0.989904,0.056417,-0.035288,0.079756,-0.656269,0.356784,1.048815,-0.099179,0.010076,0.014201,-0.657377,-0.367951,1.020800,-0.098716,0.001010,0.059395
34.800000,-0.062120,-0.002279,1.043101,0.119581,-0.003933,-0.002394,0.646288,0.380415,1.075317,0.051970,-0.008476,-0.010726,0.652107,-0.306582,0.991491,0.055624,-0.034720,0.078923,-0.658244,0.356985,1.049101,-0.098408,0.010010,0.014413,-0.659344,-0.367931,1.021985,-0.098008,0.000998,0.059144
34.820000,-0.059742,-0.002357,1.043058,0.118306,-0.003910,-0.001838,0.647318,0.380248,1.075107,0.051104,-0.008249,-0.010313,0.653213,-0.307271,0.993062,0.054930,-0.034225,0.078185,-0.660205,0.357184,1.049392,-0.097732,0.009953,0.014590,-0.661298,-0.367911,1.023166,-0.097385,0.000986,0.058916
34.840000,-0.057387,-0.002435,1.043027,0.117205,-0.003888,-0.001356,0.648333,0.380085,1.074904,0.050355,-0.008054,-0.009958,0.654305,-0.307951,0.994619,0.054327,-0.033796,0.077542,-0.662154,0.357383,1.049685,-0.097138,0.009903,0.014739,-0.663240,-0.367891,1.024342,-0.096837,0.000976,0.058713
34.860000,-0.055052,-0.002513,1.043004,0.116278,-0.003870,-0.000947,0.649333,0.379926,1.074708,0.049722,-0.007890,-0.009661,0.655387,-0.308623,0.996164,0.053816,-0.033433,0.076993,-0.664092,0.357581,1.049981,-0.096628,0.009860,0.014862,-0.665172,-0.367872,1.025515,-0.096365,0.000967,0.058533
34.880000,-0.052735,-0.002590,1.042988,0.115526,-0.003853,-0.000611,0.650322,0.379769,1.074517,0.049207,-0.007757,-0.009422,0.656459,-0.309289,0.997699,0.053397,-0.033136,0.076539,-0.666020,0.357777,1.050279,-0.096201,0.009823,0.014956,-0.667095,-0.367852,1.026684,-0.095968,0.000960,0.058379
34.900000,-0.050430,-0.002667,1.042979,0.114947,-0.003840,-0.000349,0.651302,0.379615,1.074331,0.048808,-0.007655,-0.009240,0.657523,-0.309949,0.999226,0.053069,-0.032905,0.076180,-0.667940,0.357974,1.050579,-0.095856,0.009793,0.015024,-0.669011,-0.367833,1.027850,-0.095647,0.000954,0.058248
34.920000,-0.048136,-0.002744,1.042974,0.114505,-0.003829,-0.000147,0.652275,0.379463,1.074147,0.048501,-0.007578,-0.009102,0.658582,-0.310606,1.000747,0.052816,-0.032727,0.075899,-0.669854,0.358169,1.050880,-0.095584,0.009769,0.015072,-0.670921,-0.367814,1.029014,-0.095392,0.000950,0.058141
34.940000,-0.045849,-0.002820,1.042973,0.114161,-0.003820,0.000011,0.653243,0.379312,1.073966,0.048263,-0.007518,-0.008995,0.659636,-0.311259,1.002262,0.052618,-0.032589,0.075680,-0.671764,0.358364,1.051182,-0.095372,0.009751,0.015109,-0.672827,-0.367795,1.030176,-0.095193,0.000947,0.058058
34.960000,-0.043569,-0.002896,1.042974,0.113916,-0.003814,0.000123,0.654206,0.379162,1.073787,0.048093,-0.007475,-0.008918,0.660687,-0.311909,1.003774,0.052478,-0.032490,0.075524,-0.673670,0.358559,1.051484,-0.095220,0.009738,0.015136,-0.674729,-0.367776,1.031336,-0.095051,0.000944,0.057999
34.980000,-0.041292,-0.002973,1.042977,0.113768,-0.003810,0.000191,0.655167,0.379013,1.073609,0.047991,-0.007449,-0.008872,0.661736,-0.312559,1.005284,0.052393,-0.032431,0.075430,-0.675573,0.358754,1.051787,-0.095129,0.009730,0.015152,-0.676629,-0.367758,1.032496,-0.094966,0.000943,0.057963
35.000000,-0.039017,-0.003049,1.042981,0.113719,-0.003809,0.000214,0.656126,0.378864,1.073432,0.047957,-0.007440,-0.008857,0.662783,-0.313207,1.006792,0.052365,-0.032411,0.075399,-0.677475,0.358949,1.052090,-0.095099,0.009727,0.015157,-0.678528,-0.367739,1.033655,-0.094938,0.000942,0.057951
35.020000,-0.036743,-0.003125,1.042985,0.113768,-0.003810,0.000191,0.657086,0.378715,1.073255,0.047991,-0.007449,-0.008872,0.663831,-0.313855,1.008300,0.052393,-0.032431,0.075430,-0.679377,0.359143,1.052393,-0.095129,0.009730,0.015152,-0.680427,-0.367720,1.034814,-0.094966,0.000943,0.057963
35.040000,-0.034466,-0.003201,1.042989,0.113916,-0.003814,0.000123,0.658046,0.378566,1.073077,0.048093,-0.007475,-0.008918,0.664879,-0.314504,1.009810,0.052478,-0.032490,0.075524,-0.681281,0.359338,1.052696,-0.095220,0.009738,0.015136,-0.682327,-0.367701,1.035974,-0.095051,0.000944,0.057999
